0 15 20 7885
2 15 0 7920
4 15 10 7923
6 15 4 7978
28 15 24 7703
30 15 2 7881
32 15 4 7922
34 15 14 7924
56 15 10 7203
58 15 20 7725
72 15 10 8059
74 15 20 7325
76 15 20 7541
78 15 2 7545
80 15 10 7915
82 15 0 7992
86 15 24 7887
90 15 24 7927
114 15 22 7902
118 15 22 7926
120 15 14 7980
142 15 22 7918
144 15 20 7997
146 15 24 7871
148 15 0 7912
150 15 2 7921
152 15 14 7972
174 15 4 7858
178 15 2 7977
180 15 20 7917
182 15 22 7974
186 15 0 8000
188 15 22 7270
190 15 14 7604
192 15 20 7621
194 15 22 8006
196 15 20 8125
222 15 2 7745
224 15 24 7903
228 15 2 7929
250 15 10 7787
252 15 0 7840
268 15 20 7685
270 15 20 7413
272 15 4 7722
274 15 20 7909
278 15 0 7928
280 15 24 7983
310 15 20 7661
312 15 22 7702
334 15 10 7731
336 15 22 7886
338 15 4 7698
342 15 10 7907
346 15 24 7935
378 15 2 7657
390 15 4 7402
392 15 0 7408
394 15 24 7631
396 15 14 7892
420 15 22 7910
426 15 4 7690
430 15 4 7914
434 15 4 7938
462 15 14 7636
464 15 24 7735
466 15 4 7738
468 15 0 7872
490 15 10 7883
494 15 20 7925
496 15 4 7970
518 15 24 7919
522 15 0 7936
524 15 0 7984
554 15 4 7882
556 15 14 7916
572 15 14 7692
574 15 0 7880
584 15 14 7500
594 15 20 7933
598 15 14 7940
632 15 24 7215
644 15 22 7614
652 15 4 8122
654 15 10 7899
656 15 4 7930
672 15 0 7704
674 15 10 7707
676 15 2 8057
690 15 10 7419
692 15 10 7931
696 15 20 7989
720 15 20 7301
722 15 2 7305
726 15 0 7968
728 15 24 8015
730 15 2 8017
756 15 22 8174
758 15 0 8176
760 15 4 8178
762 15 10 8179
764 15 22 8182
766 15 0 8184
768 15 2 8129
770 15 4 8130
772 15 20 8133
774 15 22 8134
776 15 2 8137
778 15 4 8138
780 15 20 8141
782 15 22 8142
784 15 2 8145
786 15 10 8147
788 15 20 8149
790 15 22 8150
792 15 2 8153
794 15 4 8154
796 15 20 8157
798 15 24 8159
800 15 2 8161
802 15 4 8162
804 15 20 8165
806 15 22 8166
808 15 2 8169
810 15 4 8170
812 15 10 8187
814 15 14 8188
818 15 20 7309
822 15 22 7966
824 15 20 8013
856 15 24 8191
860 15 14 7932
878 15 22 7694
880 15 24 7711
882 15 24 7943
884 15 20 7949
886 15 22 7950
920 15 10 7675
924 15 0 7944
926 15 4 7946
956 15 2 7473
958 15 20 7477
960 15 20 7941
962 15 2 7945
990 15 24 7951
992 15 0 7952
1018 15 22 7942
1058 15 10 7955
1072 15 14 7948
1078 15 24 7959
1080 15 0 7960
1124 15 10 7947
1128 15 14 7956
1160 15 2 7905
1184 15 22 7638
1190 15 10 7963
1192 15 22 7998
1216 15 4 7386
1224 15 24 7991
1226 15 2 8041
1228 15 24 8047
1260 15 22 7854
1262 15 10 8019
1264 15 4 8058
1266 15 0 8120
1272 15 22 8038
1282 15 0 7832
1284 15 20 8117
1286 15 2 7313
1288 15 10 8011
1300 15 20 7317
1302 15 14 7964
1306 15 14 8012
1340 15 2 7321
1342 15 20 7965
1346 15 22 8014
1388 15 24 7967
1392 15 0 8016
1432 15 2 7329
1434 15 2 7969
1438 15 4 8018
1466 15 2 7297
1474 15 24 8023
1504 15 20 7333
1506 15 10 7971
1510 15 0 8024
1538 15 20 7293
1546 15 2 8025
1576 15 2 7337
1578 15 20 7973
1582 15 4 8026
1610 15 2 7289
1618 15 10 8027
1648 15 20 7341
1650 15 24 7975
1654 15 14 8028
1682 15 20 7285
1690 15 20 8029
1720 15 2 7353
1722 15 0 7976
1726 15 22 8030
1756 15 20 7357
1758 15 10 7979
1762 15 0 8032
1792 15 20 7349
1798 15 24 8031
1826 15 2 7345
1834 15 2 8033
1864 15 2 7361
1866 15 20 7981
1870 15 4 8034
1900 15 0 8112
1904 15 20 7365
1906 15 22 7982
1910 15 10 8035
1940 15 2 7369
1942 15 2 7985
1946 15 14 8036
1976 15 20 7373
1982 15 20 8037
2014 15 2 7377
2020 15 24 8039
2050 15 2 8065
2052 15 4 8066
2054 15 0 8096
2116 15 22 7382
2118 15 4 7986
2122 15 0 8040
2152 15 20 7397
2158 15 20 8045
2200 15 4 7242
2202 15 10 8043
2206 15 10 7427
2212 15 4 8050
2246 15 14 8044
2278 15 0 8104
2292 15 4 7874
2296 15 14 8020
2412 15 20 7469
2418 15 20 8053
2522 15 22 7662
2550 15 14 7716
2552 15 2 7993
2554 15 10 7995
2562 15 14 7708
2564 15 10 7715
2568 15 10 7283
2570 15 24 7687
2572 15 24 7423
2574 15 24 7463
2578 15 0 7848
2606 15 24 7279
2610 15 0 7712
2612 15 24 8111
2620 15 14 7860
2636 15 24 7175
2638 15 10 7179
2640 15 20 7573
2642 15 2 7577
2666 15 22 7990
2678 15 0 8080
2694 15 22 8126
2708 15 2 7521
2710 15 20 7525
2736 15 20 7493
2738 15 2 7529
2760 15 2 7553
2762 15 20 7557
2792 15 2 7569
2822 15 20 7581
2846 15 2 7937
2858 15 10 7595
2860 15 2 7609
2884 15 4 7842
2902 15 14 8124
2936 15 20 7381
2942 15 10 7987
2978 15 22 8054
2986 15 0 8048
3008 15 2 8073
3016 15 0 8056
3024 15 4 8074
3032 15 10 8075
3040 15 14 8076
3048 15 20 8077
3056 15 22 8078
3064 15 10 8067
3072 15 14 8068
3080 15 20 8069
3088 15 22 8070
3096 15 24 8071
3104 15 0 8072
3116 15 2 8081
3124 15 24 8079
3132 15 14 8084
3140 15 10 8083
3148 15 20 8085
3156 15 22 8086
3164 15 24 8087
3172 15 0 8088
3180 15 2 8089
3188 15 4 8090
3196 15 10 8091
3204 15 14 8092
3212 15 20 8093
3220 15 22 8094
3228 15 24 8095
3238 15 14 7676
3240 15 22 8102
3252 15 2 8001
3254 15 2 8105
3268 15 0 8064
3270 15 24 8103
3290 15 22 7262
3292 15 20 7669
3320 15 10 7187
3322 15 14 7236
3324 15 4 7258
3326 15 2 7585
3328 15 0 7600
3330 15 4 7626
3364 15 20 7549
3390 15 20 7509
3392 15 2 7513
3408 15 20 7517
3454 15 20 7533
3456 15 2 7537
3472 15 20 7541
3502 15 2 7561
3504 15 20 7565
3518 15 20 7501
3534 15 10 7171
3590 15 24 7183
3650 15 24 8055
3658 15 24 7191
3662 15 20 7589
3686 15 14 7220
3714 15 22 8110
3722 15 0 7688
3774 15 0 7248
3906 15 10 8099
3916 15 10 7275
3972 15 4 8098
3988 15 24 8127
3998 15 14 7700
4032 15 2 7505
4070 15 22 7782
4078 15 20 7709
4082 15 22 7390
4086 15 2 7641
4116 15 20 7253
4118 15 10 7939
4154 15 0 7800
4168 15 14 8116
4176 15 20 8101
4244 15 4 8186
4252 15 4 8010
4292 15 2 7777
4370 15 24 7679
4390 15 2 8049
4400 15 0 7888
4420 15 4 8114
4422 15 2 7889
4444 15 10 7891
4454 15 20 4037
4456 15 22 3678
4460 15 0 14808
4462 15 22 14790
4464 15 22 14350
4466 15 24 14351
4468 15 0 14352
4470 15 2 14353
4472 15 0 14400
4474 15 4 14402
4476 15 22 14558
4478 15 24 14559
4480 15 0 14560
4482 15 2 14561
4484 15 10 14739
4486 15 22 14846
4488 15 20 14997
4490 15 0 15328
4492 15 2 14809
4494 15 14 14836
4496 15 4 15026
4498 15 20 14405
4500 15 14 14492
4502 15 22 14542
4504 15 2 14545
4506 15 22 14606
4508 15 24 14607
4510 15 10 14803
4512 15 10 15355
4514 15 0 14816
4516 15 4 14498
4518 15 10 14499
4520 15 14 14500
4522 15 20 14501
4524 15 14 14748
4526 15 2 15073
4528 15 4 15074
4530 15 10 15075
4532 15 14 15076
4534 15 14 15212
4536 15 14 14852
4538 15 4 14490
4542 15 0 14504
4544 15 20 15109
4546 15 2 14849
4548 15 4 14378
4550 15 2 14441
4552 15 0 14528
4554 15 4 15066
4556 15 2 15305
4558 15 2 15313
4560 15 24 14895
4562 15 24 14415
4564 15 0 14416
4566 15 2 14417
4568 15 4 14418
4570 15 2 14473
4572 15 4 14826
4574 15 10 14827
4576 15 14 14828
4578 15 20 14829
4580 15 14 14908
4582 15 22 15302
4584 15 0 15064
4586 15 24 15191
4588 15 10 14883
4590 15 0 14392
4592 15 2 14393
4594 15 4 14394
4596 15 10 14395
4598 15 0 14880
4600 15 10 14851
4602 15 10 14379
4604 15 24 15079
4606 15 22 15190
4608 15 2 14361
4610 15 10 14435
4612 15 4 14890
4614 15 24 14583
4616 15 14 14588
4622 15 24 15263
4624 15 4 14578
4630 15 24 15215
4632 15 20 15261
4642 15 4 14570
4644 15 10 14571
4646 15 14 14572
4648 15 20 14573
4652 15 24 14791
4656 15 22 15334
4658 15 0 14904
4660 15 20 14373
4662 15 22 14374
4664 15 24 14375
4666 15 0 14376
4668 15 4 15082
4670 15 22 15222
4672 15 14 14876
4674 15 2 14881
4676 15 4 14770
4678 15 0 14784
4680 15 22 14894
4682 15 20 14885
4684 15 14 14892
4698 15 4 14762
4700 15 10 14763
4702 15 14 14764
4704 15 20 14765
4706 15 0 14792
4708 15 4 14674
4710 15 10 14675
4712 15 14 14676
4714 15 20 14677
4716 15 4 14682
4718 15 10 14683
4720 15 14 14684
4722 15 20 14685
4726 15 4 15050
4728 15 10 15051
4730 15 0 15296
4732 15 22 14470
4734 15 22 14566
4736 15 24 14567
4738 15 0 14568
4740 15 2 14569
4752 15 2 14841
4754 15 10 15259
4756 15 2 14489
4766 15 22 14574
4768 15 24 14575
4770 15 0 14576
4772 15 2 14577
4774 15 22 14838
4778 15 4 15258
4780 15 10 14459
4790 15 10 14579
4792 15 14 14580
4794 15 20 14581
4796 15 22 14582
4798 15 10 14811
4802 15 14 15260
4804 15 14 14356
4814 15 0 14584
4816 15 2 14585
4818 15 4 14586
4820 15 10 14587
4822 15 14 14692
4826 15 22 15262
4828 15 10 14403
4838 15 20 14589
4840 15 22 14590
4842 15 24 14591
4844 15 0 14592
4848 15 20 14853
4850 15 0 15264
4854 15 2 14593
4856 15 4 14594
4858 15 10 14595
4860 15 14 14596
4864 15 4 15194
4866 15 2 15265
4876 15 20 14597
4878 15 14 14844
4882 15 20 15133
4884 15 4 15266
4894 15 22 14598
4896 15 24 14599
4898 15 0 14600
4900 15 2 14601
4904 15 22 15062
4908 15 10 15267
4912 15 4 14602
4914 15 10 14603
4916 15 14 14604
4918 15 20 14605
4920 15 0 14848
4922 15 20 14901
4924 15 14 15268
4934 15 0 14608
4936 15 2 14609
4938 15 4 14610
4940 15 10 14611
4942 15 22 14830
4944 15 10 14907
4948 15 20 15269
4958 15 14 14612
4960 15 20 14613
4962 15 22 14614
4964 15 24 14615
4966 15 20 14749
4970 15 2 14921
4972 15 22 15270
4982 15 0 14616
4984 15 2 14617
4986 15 4 14618
4988 15 10 14619
4990 15 4 14778
4994 15 2 14929
4996 15 24 15271
5006 15 14 14620
5008 15 20 14621
5010 15 22 14622
5012 15 24 14623
5014 15 24 14767
5018 15 10 14931
5020 15 0 15272
5030 15 0 14632
5032 15 2 14633
5034 15 4 14634
5036 15 10 14635
5038 15 22 14766
5040 15 4 14906
5044 15 4 15274
5054 15 14 14628
5056 15 20 14629
5058 15 22 14630
5060 15 24 14631
5066 15 20 14989
5068 15 2 15273
5078 15 14 14636
5080 15 20 14637
5082 15 22 14638
5084 15 24 14639
5090 15 4 15018
5092 15 10 15275
5102 15 0 14640
5104 15 2 14641
5106 15 4 14642
5108 15 10 14643
5110 15 10 14755
5112 15 24 14903
5116 15 20 15277
5126 15 0 14656
5128 15 2 14657
5130 15 4 14658
5132 15 10 14659
5134 15 24 14711
5136 15 14 14884
5140 15 24 15279
5150 15 14 14660
5152 15 20 14661
5154 15 22 14662
5156 15 24 14663
5158 15 24 14703
5162 15 0 14896
5164 15 2 15281
5174 15 14 14652
5176 15 20 14653
5178 15 22 14654
5180 15 24 14655
5186 15 22 15054
5188 15 22 15278
5198 15 0 14664
5200 15 2 14665
5202 15 4 14666
5204 15 10 14667
5208 15 20 15053
5212 15 0 15280
5214 15 10 14691
5216 15 10 14779
5218 15 14 15300
5242 15 14 15284
5252 15 20 14669
5254 15 22 14670
5256 15 24 14671
5258 15 0 14672
5260 15 4 14730
5264 15 22 14902
5266 15 10 15283
5276 15 22 14678
5278 15 24 14679
5280 15 0 14680
5282 15 2 14681
5284 15 10 14747
5288 15 2 14905
5290 15 20 15285
5300 15 24 14687
5302 15 0 14688
5304 15 2 14689
5306 15 4 14690
5308 15 0 14760
5312 15 14 14916
5314 15 20 15301
5324 15 0 14720
5326 15 2 14721
5328 15 4 14722
5330 15 10 14723
5336 15 24 15063
5338 15 22 15310
5348 15 0 14712
5350 15 2 14713
5352 15 4 14714
5354 15 10 14715
5356 15 24 14775
5360 15 4 14930
5362 15 0 15312
5364 15 4 14362
5366 15 2 14433
5368 15 4 14434
5370 15 4 14474
5374 15 10 14731
5376 15 14 14732
5378 15 20 14733
5380 15 22 14734
5382 15 2 14777
5384 15 2 14369
5386 15 4 14370
5388 15 10 14371
5390 15 14 14372
5392 15 20 14381
5394 15 10 14835
5396 15 10 14859
5398 15 14 14860
5400 15 20 14861
5402 15 22 14862
5404 15 24 14863
5406 15 0 14864
5408 15 2 14865
5410 15 4 14866
5412 15 22 14878
5414 15 20 14893
5416 15 14 14668
5426 15 14 15292
5428 15 4 14466
5430 15 22 14494
5432 15 24 14495
5434 15 4 15354
5436 15 14 14460
5438 15 24 14471
5440 15 14 14484
5442 15 10 14491
5444 15 0 14496
5446 15 10 15331
5448 15 4 14450
5450 15 10 14451
5452 15 14 14452
5454 15 20 14453
5456 15 2 14497
5458 15 20 14821
5460 15 4 14850
5462 15 20 14869
5464 15 14 15356
5474 15 10 14467
5476 15 22 14502
5480 15 20 15357
5482 15 14 14468
5484 15 2 14505
5486 15 4 14506
5488 15 22 14478
5490 15 0 14512
5492 15 22 14518
5494 15 10 14531
5496 15 20 14845
5498 15 20 14493
5500 15 14 14716
5502 15 20 14717
5504 15 22 14718
5506 15 24 14719
5512 15 14 15332
5514 15 20 14357
5516 15 22 14358
5518 15 24 14359
5520 15 0 14360
5522 15 4 14458
5524 15 22 14686
5526 15 10 14771
5528 15 14 14772
5530 15 20 14773
5532 15 22 14774
5534 15 4 14882
5536 15 4 15298
5546 15 20 14469
5550 15 2 15017
5552 15 0 15024
5564 15 14 14804
5566 15 20 14805
5568 15 22 14806
5570 15 24 14807
5572 15 2 14409
5574 15 4 14410
5576 15 10 14411
5578 15 14 14412
5580 15 10 14475
5582 15 22 14694
5584 15 24 14695
5586 15 0 14696
5588 15 2 14697
5590 15 14 14756
5592 15 20 14757
5594 15 24 15207
5596 15 0 15208
5598 15 2 15209
5600 15 4 15210
5602 15 24 14519
5604 15 0 14520
5606 15 4 14706
5608 15 10 14707
5610 15 14 14708
5612 15 20 14709
5614 15 4 15002
5616 15 10 15003
5618 15 0 15048
5620 15 2 15049
5622 15 24 15143
5624 15 4 14522
5626 15 20 14549
5628 15 22 14550
5630 15 24 14551
5632 15 0 14552
5634 15 10 14699
5636 15 14 14700
5638 15 20 14701
5640 15 22 14702
5642 15 0 15144
5644 15 24 15087
5646 15 0 15088
5648 15 2 15089
5650 15 4 15090
5652 15 4 15146
5654 15 4 15234
5656 15 10 15235
5658 15 14 15236
5660 15 20 15237
5662 15 2 15257
5672 15 10 15091
5674 15 14 15092
5676 15 20 15093
5678 15 22 15094
5680 15 4 15138
5682 15 10 15171
5694 15 24 15095
5696 15 0 15096
5698 15 2 15097
5700 15 4 15098
5702 15 10 15139
5704 15 14 15172
5716 15 20 15173
5718 15 22 15174
5720 15 24 15175
5722 15 0 15176
5724 15 22 15182
5726 15 10 15099
5728 15 14 15100
5730 15 20 15101
5732 15 22 15102
5734 15 14 15140
5736 15 2 15177
5738 15 4 15178
5740 15 10 15179
5742 15 14 15180
5744 15 10 15195
5754 15 24 15103
5756 15 0 15104
5758 15 2 15105
5760 15 4 15106
5762 15 20 15141
5764 15 20 15181
5776 15 22 15142
5778 15 2 15233
5780 15 22 15110
5782 15 24 15111
5784 15 0 15112
5786 15 2 15113
5788 15 4 15114
5790 15 10 15115
5792 15 14 15116
5794 15 20 15117
5796 15 22 15150
5798 15 4 15186
5800 15 4 14562
5802 15 14 14644
5804 15 20 14645
5806 15 22 14646
5808 15 24 14647
5818 15 10 15147
5820 15 20 15189
5832 15 0 14648
5834 15 2 14649
5836 15 4 14650
5838 15 10 14651
5842 15 14 15052
5844 15 22 15118
5846 15 24 15119
5848 15 0 15120
5850 15 2 15121
5870 15 24 15151
5872 15 10 15187
5884 15 4 15122
5886 15 10 15123
5888 15 14 15124
5890 15 20 15125
5892 15 14 15188
5906 15 0 15152
5908 15 20 15221
5918 15 22 15126
5920 15 24 15127
5922 15 0 15128
5924 15 2 15129
5926 15 20 15149
5928 15 2 15185
5938 15 22 15134
5940 15 24 15135
5942 15 0 15136
5944 15 2 15137
5946 15 2 15153
5948 15 0 15192
5950 15 4 14354
5952 15 20 14397
5954 15 2 14401
5956 15 0 14480
5958 15 2 14481
5960 15 4 14482
5962 15 10 14483
5964 15 14 14548
5966 15 24 14839
5968 15 2 15329
5972 15 14 14396
5984 15 2 14817
5986 15 4 14818
5988 15 10 14819
5990 15 14 14820
5992 15 24 14879
5994 15 0 15304
5996 15 10 15315
6008 15 14 15164
6010 15 20 15165
6012 15 22 15166
6014 15 24 15167
6016 15 10 15211
6026 15 20 14693
6030 15 14 14932
6032 15 22 14934
6034 15 20 15077
6036 15 22 15078
6038 15 4 15170
6050 15 22 15206
6052 15 10 15227
6054 15 14 15228
6056 15 20 15229
6058 15 22 15230
6060 15 14 15244
6064 15 4 15130
6066 15 0 15160
6068 15 2 15161
6070 15 4 15162
6072 15 10 15163
6082 15 20 14349
6084 15 24 14391
6094 15 0 14424
6098 15 4 15282
6100 15 0 14336
6102 15 2 14337
6104 15 20 14389
6106 15 4 14698
6108 15 20 14741
6110 15 22 14742
6112 15 24 14743
6114 15 0 14744
6116 15 2 14945
6118 15 10 14947
6120 15 22 15214
6122 15 0 15232
6132 15 10 15243
6136 15 10 15083
6146 15 2 15249
6148 15 4 15250
6150 15 10 15251
6152 15 14 15252
6154 15 2 14385
6156 15 4 14386
6158 15 24 14399
6160 15 2 14529
6162 15 20 14565
6164 15 24 14735
6166 15 0 14736
6168 15 2 14737
6170 15 4 14738
6172 15 10 15107
6174 15 24 15223
6176 15 0 15224
6178 15 2 15225
6180 15 4 15226
6182 15 22 15238
6184 15 22 14822
6186 15 24 14823
6188 15 0 14824
6190 15 2 14825
6192 15 24 15183
6194 15 0 15184
6196 15 24 15359
6198 15 22 14870
6200 15 24 14871
6202 15 0 14872
6204 15 2 14873
6206 15 14 14404
6208 15 4 14490
6210 15 10 14523
6212 15 2 14553
6214 15 4 14554
6216 15 10 14555
6218 15 14 14556
6220 15 20 14557
6222 15 10 14875
6224 15 20 15245
6226 15 22 15246
6228 15 24 15247
6230 15 0 15248
6232 15 24 14799
6234 15 0 14800
6236 15 2 14801
6238 15 4 14802
6240 15 22 15006
6242 15 0 15008
6244 15 2 15009
6246 15 4 15010
6248 15 10 15011
6250 15 0 15080
6252 15 24 15311
6254 15 20 14365
6256 15 22 14366
6258 15 24 14367
6260 15 0 14368
6262 15 14 14380
6276 15 2 15313
6278 15 20 15317
6280 15 0 14456
6282 15 14 15012
6284 15 20 15013
6286 15 22 15014
6288 15 24 15015
6290 15 22 15086
6292 15 24 15303
6306 15 14 15068
6308 15 22 15286
6310 15 24 15287
6312 15 0 15288
6314 15 2 15289
6318 15 14 14364
6320 15 2 14513
6322 15 20 14877
6324 15 20 15061
6338 15 22 14854
6340 15 24 14855
6342 15 0 14856
6344 15 2 14857
6346 15 22 14886
6348 15 24 14887
6350 15 0 14888
6352 15 2 14889
6354 15 0 14384
6356 15 0 14504
6362 15 2 14897
6368 15 10 15355
6372 15 4 14746
6374 15 22 14814
6388 15 4 15034
6390 15 10 15035
6392 15 14 15036
6394 15 20 15037
6396 15 14 15132
6398 15 2 14377
6400 15 14 14428
6402 15 14 14436
6404 15 20 14437
6406 15 24 14439
6408 15 2 14465
6410 15 0 14472
6412 15 0 15168
6418 15 4 14338
6420 15 10 14339
6424 15 14 14340
6426 15 20 14341
6428 15 22 14406
6430 15 22 14342
6432 15 24 14343
6434 15 2 14345
6436 15 4 14346
6438 15 0 14344
6440 15 10 14347
6442 15 22 14542
6444 15 2 14545
6446 15 22 14606
6448 15 24 14607
6450 15 10 14803
6452 15 4 14546
6464 15 2 15217
6466 15 4 15218
6468 15 10 15219
6470 15 14 15220
6472 15 14 14524
6474 15 20 14525
6476 15 22 14526
6478 15 24 14527
6480 15 22 14710
6482 15 0 14840
6484 15 0 15216
6486 15 10 14363
6488 15 4 14378
6494 15 10 14387
6496 15 14 14388
6502 15 24 14543
6504 15 0 14544
6512 15 20 14805
6534 15 14 14940
6536 15 20 14941
6538 15 22 14942
6540 15 24 14943
6542 15 0 14944
6552 15 4 15186
6554 15 20 15341
6556 15 22 6374
6558 15 22 6390
6560 15 20 6557
6562 15 20 6565
6586 15 0 6360
6588 15 14 6380
6590 15 0 6640
6610 15 2 6777
6618 15 24 6991
6620 15 24 6327
6622 15 2 6601
6624 15 24 6615
6628 15 4 6394
6630 15 10 6491
6650 15 24 6407
6654 15 20 6573
6678 15 10 6339
6682 15 2 6633
6684 15 10 6331
6686 15 24 6343
6688 15 20 6533
6690 15 20 6541
6714 15 20 6957
6718 15 20 6549
6722 15 0 6352
6734 15 20 6981
6744 15 4 6402
6766 15 24 6999
6780 15 20 6581
6784 15 22 6430
6788 15 2 6585
6816 15 14 7004
6820 15 2 6417
6840 15 0 6208
6852 15 22 6366
6854 15 4 6970
6868 15 10 6435
6882 15 10 6995
6884 15 14 7092
6898 15 14 6348
6900 15 20 6525
6928 15 22 6446
6932 15 2 6593
6966 15 2 6305
6968 15 14 6356
6970 15 14 7076
6992 15 22 6750
7010 15 22 6454
7026 15 24 6167
7044 15 4 6426
7048 15 4 6370
7050 15 20 6517
7074 15 2 6625
7092 15 4 6610
7136 15 2 6513
7166 15 10 6675
7190 15 14 6476
7192 15 4 6482
7208 15 24 6471
7224 15 24 6463
7226 15 20 6605
7240 15 4 6442
7282 15 10 6467
7304 15 4 6458
7350 15 20 6629
7368 15 0 7008
7386 15 22 7014
7396 15 22 7070
7398 15 20 6501
7424 15 2 6505
7446 15 20 6509
7466 15 2 6521
7486 15 2 6529
7518 15 2 6537
7550 15 2 6545
7582 15 2 6553
7614 15 2 6561
7630 15 2 6569
7678 15 2 6577
7694 15 20 6589
7710 15 20 6597
7756 15 0 6288
7760 15 2 6497
7868 15 10 6619
7968 15 0 6720
7994 15 2 6193
8000 15 14 6316
8008 15 10 6171
8010 15 22 6310
8026 15 24 6183
8072 15 4 6978
8080 15 0 7096
8082 15 10 7139
8094 15 22 6686
8116 15 10 6731
8118 15 10 7027
8128 15 22 7046
8146 15 20 6965
8156 15 24 6743
8158 15 0 6904
8214 15 10 6203
8238 15 0 6760
8240 15 20 7037
8256 15 14 6764
8272 15 0 6816
8288 15 14 6820
8304 15 0 6824
8320 15 14 6828
8334 15 24 6807
8350 15 24 6783
8368 15 10 6787
8384 15 24 6791
8400 15 10 6795
8416 15 24 6799
8432 15 10 6803
8450 15 14 6836
8468 15 0 6832
8482 15 0 6840
8484 15 14 6844
8516 15 0 6848
8532 15 14 6852
8548 15 0 6856
8564 15 14 6860
8580 15 0 6864
8596 15 14 6868
8612 15 0 6872
8628 15 14 6876
8644 15 0 6880
8660 15 14 6884
8676 15 22 6894
8708 15 10 6915
8724 15 10 6755
8726 15 4 6890
8728 15 20 7085
8782 15 10 7155
8784 15 24 7159
8786 15 10 7163
8808 15 24 7119
8810 15 10 7123
8824 15 24 7127
8838 15 10 7131
8852 15 24 7135
8864 15 24 7143
8866 15 10 7147
8880 15 24 7151
8906 15 24 7103
8908 15 10 7107
8922 15 24 7111
8934 15 24 7167
8946 15 22 6910
8966 15 4 6898
9058 15 24 6727
9156 15 10 6811
9208 15 4 6986
9240 15 10 7115
9280 15 0 6176
9284 15 2 7009
9294 15 10 7019
9338 15 14 6772
9418 15 14 6212
9492 15 22 6238
9502 15 22 6246
9528 15 4 6258
9604 15 4 11506
9606 15 10 11515
9608 15 0 11608
9610 15 22 11614
9612 15 24 11743
9626 15 20 11509
9628 15 22 11526
9630 15 10 11619
9632 15 2 11633
9634 15 20 11765
9648 15 24 11399
9650 15 24 11511
9652 15 22 11582
9654 15 10 11659
9656 15 14 11660
9658 15 2 11801
9660 15 4 11802
9662 15 14 11804
9664 15 10 12139
9666 15 4 12154
9696 15 10 11803
9698 15 4 12122
9700 15 2 11657
9702 15 14 12180
9704 15 2 11489
9706 15 4 11602
9710 15 10 11539
9714 15 22 11646
9716 15 24 11647
9718 15 0 11648
9720 15 2 11649
9740 15 2 11537
9744 15 4 11626
9746 15 2 11745
9760 15 24 11503
9762 15 10 11611
9764 15 14 11532
9766 15 4 11610
9768 15 0 11616
9770 15 0 11672
9772 15 2 11697
9774 15 2 11737
9776 15 10 11739
9790 15 20 11861
9796 15 0 11504
9804 15 14 11420
9806 15 0 11832
9808 15 0 11864
9810 15 2 11865
9812 15 2 11929
9814 15 24 12127
9816 15 4 12170
9818 15 22 12246
9832 15 4 11554
9840 15 14 11668
9842 15 20 12253
9860 15 14 11340
9862 15 20 11341
9864 15 24 11343
9866 15 22 11422
9868 15 10 11675
9870 15 2 11689
9872 15 4 11690
9874 15 10 11691
9876 15 0 11768
9878 15 24 11911
9880 15 4 12146
9882 15 10 12147
9912 15 14 11820
9914 15 22 12086
9916 15 0 12088
9918 15 2 12089
9920 15 24 11615
9922 15 24 11855
9924 15 0 11856
9926 15 24 12167
9930 15 24 11559
9934 15 10 11635
9936 15 10 11747
9954 15 2 11521
9956 15 4 11522
9958 15 10 11523
9960 15 4 11538
9962 15 20 11773
9964 15 22 11774
9972 15 4 11866
10002 15 22 11702
10004 15 4 11922
10006 15 10 11923
10008 15 14 11924
10012 15 20 11581
10016 15 2 11681
10032 15 24 11607
10034 15 20 11821
10036 15 22 11822
10038 15 24 11823
10040 15 0 11824
10060 15 4 11354
10062 15 14 11356
10064 15 20 11357
10066 15 14 11764
10068 15 14 11916
10070 15 14 12028
10072 15 2 12033
10074 15 4 12034
10076 15 14 12036
10078 15 4 12074
10080 15 10 12075
10082 15 14 12076
10084 15 20 12077
10120 15 24 11335
10124 15 22 11814
10126 15 14 12060
10138 15 20 11589
10142 15 14 11756
10152 15 4 11362
10154 15 10 11363
10156 15 20 11365
10158 15 22 11830
10160 15 10 11835
10162 15 14 11836
10164 15 20 11837
10166 15 22 11838
10168 15 24 11847
10170 15 10 11915
10172 15 24 12071
10174 15 20 12117
10210 15 22 11662
10212 15 0 11680
10216 15 24 11735
10232 15 14 11612
10236 15 4 11666
10238 15 0 11752
10260 15 20 11525
10262 15 10 11555
10264 15 22 11686
10266 15 10 11715
10268 15 2 11729
10284 15 2 11497
10286 15 10 11499
10288 15 2 11561
10290 15 24 11839
10292 15 2 11873
10294 15 22 12150
10296 15 2 12153
10300 15 2 11609
10302 15 10 11627
10304 15 14 11628
10306 15 24 11775
10308 15 14 11892
10310 15 24 12239
10328 15 0 11392
10330 15 4 11810
10332 15 10 11811
10334 15 10 11931
10336 15 20 12149
10342 15 20 11533
10346 15 24 11695
10368 15 20 11373
10370 15 10 11411
10372 15 20 11413
10374 15 22 11414
10376 15 22 12126
10394 15 10 11907
10396 15 14 11908
10402 15 24 11479
10410 15 22 11694
10412 15 4 11714
10414 15 20 11733
10436 15 4 11658
10438 15 22 11870
10440 15 0 11384
10442 15 22 11534
10454 15 2 11937
10456 15 22 11942
10458 15 24 11943
10460 15 2 11945
10462 15 20 12037
10466 15 10 12163
10468 15 4 12226
10506 15 22 11678
10508 15 0 11688
10510 15 2 11753
10536 15 24 11967
10538 15 0 11968
10540 15 2 11969
10542 15 14 12188
10544 15 20 12189
10546 15 24 12191
10548 15 2 12193
10566 15 22 12254
10568 15 24 12255
10570 15 0 12256
10572 15 4 12258
10574 15 14 12260
10576 15 20 12261
10578 15 22 12262
10580 15 24 12263
10582 15 0 12264
10584 15 4 12266
10586 15 10 12267
10588 15 14 12268
10590 15 22 12270
10592 15 24 12271
10594 15 0 12272
10596 15 4 12274
10598 15 14 12276
10600 15 20 12277
10602 15 22 12278
10604 15 24 12279
10606 15 0 12280
10608 15 4 12282
10610 15 10 12283
10612 15 14 12284
10614 15 22 12286
10616 15 24 12287
10626 15 10 11731
10630 15 10 11971
10632 15 22 11974
10634 15 4 12186
10640 15 22 12190
10676 15 20 11973
10696 15 20 11669
10698 15 20 11677
10700 15 24 11727
10702 15 4 11770
10718 15 0 11488
10722 15 10 11683
10724 15 20 11717
10736 15 14 11684
10738 15 20 11685
10740 15 24 11703
10742 15 0 11704
10744 15 2 11705
10746 15 4 11706
10748 15 20 11709
10768 15 24 11687
10770 15 14 11700
10828 15 10 11707
10830 15 14 11708
10832 15 4 11754
10850 15 20 11693
10852 15 10 11699
10886 15 20 11701
10892 15 22 11758
10894 15 2 11761
10940 15 4 11834
10942 15 4 11594
10944 15 0 11640
10964 15 10 11507
10968 15 2 11617
10970 15 10 11827
10984 15 10 12035
10988 15 10 12227
10990 15 14 12228
10992 15 22 12230
10994 15 2 12233
11010 15 10 11603
11012 15 14 11604
11014 15 20 11605
11016 15 10 11819
11018 15 24 11831
11020 15 10 12171
11030 15 14 11788
11032 15 20 11789
11034 15 24 11791
11042 15 0 11728
11050 15 20 12181
11052 15 22 12182
11054 15 24 12183
11056 15 0 12184
11088 15 24 11383
11090 15 24 11535
11096 15 4 11730
11098 15 24 11975
11100 15 2 11977
11102 15 4 11978
11110 15 2 12185
11144 15 4 11514
11150 15 14 11732
11156 15 10 11979
11158 15 14 11980
11160 15 22 11982
11164 15 10 12187
11166 15 10 12243
11200 15 10 11491
11202 15 22 11502
11208 15 22 11734
11214 15 24 11983
11216 15 2 11985
11218 15 4 11986
11222 15 0 12192
11224 15 14 12236
11264 15 22 11334
11268 15 20 11597
11272 15 0 11736
11278 15 10 11987
11280 15 14 11988
11282 15 20 11989
11286 15 4 12194
11326 15 10 11963
11328 15 14 11964
11330 15 20 11965
11338 15 10 12195
11364 15 10 11443
11366 15 14 11596
11372 15 4 11738
11378 15 24 11991
11380 15 0 11992
11382 15 4 11994
11386 15 14 12196
11416 15 24 11959
11418 15 2 11961
11420 15 4 11962
11428 15 20 12197
11448 15 20 11429
11450 15 2 11553
11456 15 14 11740
11462 15 10 11995
11464 15 20 11997
11466 15 22 11998
11470 15 22 12198
11506 15 20 11741
11508 15 10 11955
11510 15 14 11956
11512 15 22 11958
11520 15 24 12199
11548 15 2 11409
11552 15 22 11558
11556 15 22 11742
11564 15 0 12200
11566 15 2 12201
11568 15 4 12202
11570 15 10 12203
11598 15 22 11614
11604 15 24 11951
11606 15 2 11953
11608 15 4 11954
11616 15 14 12204
11640 15 20 11421
11644 15 14 11580
11648 15 0 11744
11656 15 20 12205
11658 15 22 12206
11660 15 24 12207
11662 15 0 12208
11686 15 2 11433
11690 15 22 11590
11694 15 4 11746
11696 15 14 12004
11698 15 22 12006
11700 15 24 12007
11708 15 10 12211
11742 15 10 11947
11744 15 20 11949
11746 15 22 11950
11754 15 2 12209
11792 15 0 12000
11794 15 4 12002
11796 15 10 12003
11800 15 14 12212
11824 15 22 11430
11826 15 20 11557
11832 15 14 11748
11838 15 0 12008
11840 15 4 12010
11842 15 10 12011
11846 15 20 12213
11870 15 14 11428
11874 15 4 11578
11878 15 22 11750
11886 15 22 12214
11888 15 24 12215
11890 15 0 12216
11892 15 2 12217
11916 15 4 11434
11920 15 0 11592
11924 15 24 11751
11926 15 14 12012
11928 15 22 12014
11930 15 24 12015
11938 15 4 12218
11976 15 14 12020
11978 15 22 12022
11980 15 24 12023
11984 15 14 12220
12024 15 0 12024
12026 15 2 12025
12028 15 10 12027
12032 15 24 12223
12058 15 24 11671
12062 15 0 12128
12064 15 2 12129
12066 15 4 12130
12068 15 24 12159
12108 15 20 12229
12134 15 0 11480
12142 15 10 11755
12148 15 0 12016
12150 15 4 12018
12152 15 10 12019
12156 15 22 12222
12180 15 2 11489
12188 15 20 11757
12194 15 20 12029
12196 15 24 12031
12198 15 0 12032
12202 15 0 12232
12240 15 20 11397
12242 15 14 11852
12248 15 10 11619
12252 15 0 11760
12258 15 10 12051
12260 15 14 12052
12262 15 22 12054
12266 15 20 12237
12310 15 20 12245
12332 15 14 11508
12346 15 24 12135
12348 15 0 12136
12350 15 0 12160
12352 15 20 12165
12378 15 22 11606
12380 15 14 11636
12382 15 22 11638
12384 15 2 11825
12386 15 24 12231
12392 15 20 11797
12394 15 22 11798
12396 15 0 11800
12688 15 0 11512
12866 15 20 11749
12868 15 2 11833
12870 15 2 12121
12930 15 22 11390
12936 15 14 11524
12938 15 0 11792
12976 15 0 11768
12988 15 10 11723
12990 15 20 11725
12992 15 20 11869
12994 15 24 11927
13014 15 4 11778
13016 15 10 12067
13022 15 10 11691
13026 15 10 12147
13032 15 22 12110
13034 15 0 12112
13036 15 2 12113
13038 15 14 12252
13042 15 20 11501
13046 15 24 11783
13048 15 0 11784
13050 15 4 11786
13056 15 20 11909
13062 15 14 12244
13082 15 14 11796
13084 15 0 12248
13086 15 2 12249
13088 15 10 12251
13090 15 20 11853
13092 15 14 12172
13100 15 20 11549
13102 15 24 11551
13104 15 0 11552
13106 15 24 11759
13120 15 0 12088
13124 15 4 11490
13126 15 22 11702
13128 15 4 11906
13130 15 22 11830
13140 15 22 11318
13142 15 24 11319
13144 15 2 11321
13146 15 4 11322
13148 15 20 11325
13150 15 14 11444
13152 15 0 11664
13154 15 2 11841
13156 15 4 11842
13158 15 10 11891
13160 15 4 12090
13162 15 24 12103
13192 15 10 11419
13198 15 2 11769
13200 15 14 11892
13218 15 2 11641
13220 15 4 11642
13222 15 10 11643
13224 15 10 11779
13226 15 14 11780
13228 15 20 11781
13230 15 22 11782
13232 15 2 11817
13242 15 2 12137
13268 15 24 11423
13270 15 4 11426
13272 15 14 11620
13274 15 4 11378
13288 15 4 11362
13290 15 10 11363
13296 15 24 12071
13304 15 14 11540
13306 15 20 11541
13308 15 22 11654
13310 15 22 11918
13314 15 14 11972
13318 15 4 12042
13356 15 14 11348
13358 15 22 11350
13360 15 2 11353
13362 15 22 11374
13364 15 24 11375
13366 15 22 11542
13368 15 24 11543
13370 15 24 11711
13372 15 2 11713
13380 15 20 12045
13382 15 24 12063
13384 15 2 12081
13386 15 2 12145
13388 15 20 12157
13424 15 0 11544
13426 15 22 11854
13428 15 0 11920
13430 15 0 11928
13434 15 14 11996
13472 15 2 11545
13480 15 2 12049
13520 15 4 11546
13522 15 10 11547
13524 15 2 11665
13526 15 2 11921
13530 15 2 12009
13534 15 4 12050
13572 15 22 11366
13576 15 22 11718
13578 15 24 11719
13580 15 0 11720
13584 15 4 11850
13586 15 22 11862
13608 15 2 11793
13610 15 22 12078
13612 15 14 11556
13614 15 2 11577
13616 15 0 11696
13618 15 22 11926
13622 15 2 12025
13624 15 4 12026
13626 15 14 12068
13674 15 2 11833
13680 15 22 12150
13682 15 2 12153
13706 15 0 11400
13708 15 2 11401
13710 15 10 11403
13712 15 4 12114
13718 15 4 12138
13750 15 2 11393
13752 15 4 11394
13754 15 14 11396
13760 15 14 11364
13774 15 0 11840
13778 15 0 11848
13780 15 14 11868
13782 15 24 11871
13784 15 20 11941
13788 15 10 12115
13790 15 20 12117
13792 15 2 12169
13844 15 14 11788
13846 15 22 11790
13848 15 4 11930
13860 15 2 12089
13864 15 14 11420
13866 15 0 11832
13868 15 0 11864
13870 15 2 11865
13874 15 0 11432
13876 15 14 11484
13878 15 20 11517
13880 15 22 11518
13882 15 0 11520
13884 15 10 11843
13886 15 14 11844
13888 15 22 11846
13890 15 20 11917
13892 15 14 11940
13894 15 24 12119
13934 15 4 11402
13952 15 10 12131
14000 15 2 11513
14004 15 22 11814
14008 15 14 12060
14022 15 2 11481
14032 15 4 12242
14050 15 20 11445
14052 15 22 11446
14054 15 4 11874
14056 15 10 11875
14068 15 24 11447
14070 15 0 11448
14072 15 14 11876
14074 15 20 11877
14088 15 2 11449
14092 15 22 11878
14106 15 4 11450
14110 15 24 11879
14124 15 10 11451
14128 15 0 11880
14142 15 14 11452
14146 15 2 11881
14160 15 20 11453
14164 15 4 11882
14178 15 22 11454
14182 15 10 11883
14196 15 24 11455
14200 15 14 11884
14214 15 0 11456
14218 15 22 11886
14232 15 2 11457
14236 15 24 11887
14250 15 4 11458
14254 15 0 11888
14268 15 10 11459
14272 15 2 11889
14298 15 10 11467
14302 15 24 11895
14316 15 20 11477
14320 15 2 11905
14332 15 0 11464
14334 15 2 11465
14336 15 20 11893
14338 15 22 11894
14370 15 4 11466
14374 15 0 11896
14388 15 14 11468
14392 15 2 11897
14406 15 20 11469
14410 15 4 11898
14424 15 22 11470
14428 15 10 11899
14442 15 24 11471
14446 15 14 11900
14460 15 0 11472
14464 15 20 11901
14478 15 2 11473
14482 15 22 11902
14496 15 4 11474
14500 15 24 11903
14514 15 10 11475
14518 15 0 11904
14532 15 14 11476
14534 15 20 11885
14550 15 22 11478
14552 15 4 11890
14566 15 20 11389
14570 15 14 11412
14572 15 22 11414
14574 15 0 11912
14584 15 20 11845
14612 15 24 11439
14614 15 0 11440
14616 15 2 11441
14618 15 2 11641
14622 15 14 11644
14624 15 4 11698
14626 15 24 12055
14628 15 0 12056
14630 15 2 12057
14632 15 4 12058
14636 15 22 11486
14638 15 2 11857
14640 15 4 11858
14642 15 14 11860
14646 15 24 11999
14676 15 20 11773
14678 15 22 11774
14684 15 4 11866
14688 15 0 11424
14690 15 2 11425
14692 15 10 11483
14694 15 2 11913
14696 15 14 11932
14698 15 22 11934
14700 15 24 11935
14702 15 4 11938
14704 15 4 12106
14706 15 10 12107
14708 15 14 12108
14740 15 4 11826
14766 15 2 11849
14770 15 10 11939
14772 15 10 12235
14800 15 2 11801
14802 15 10 11803
14804 15 20 11821
14806 15 22 11822
14808 15 24 11823
14810 15 2 11937
14812 15 4 12122
14830 15 22 11358
14832 15 24 11359
14834 15 0 11360
14836 15 0 11368
14838 15 2 11369
14840 15 10 11371
14842 15 20 11645
14846 15 14 11676
14848 15 22 12038
14850 15 22 12118
14852 15 20 12125
14854 15 22 12174
14890 15 4 11306
14892 15 14 11308
14894 15 20 11309
14896 15 2 11385
14898 15 4 11386
14900 15 10 11387
14902 15 4 11650
14904 15 10 11651
14908 15 24 12039
14910 15 0 12064
14912 15 10 12091
14914 15 22 12134
14916 15 24 12175
14960 15 4 11274
14962 15 10 11275
14964 15 20 11277
14966 15 24 11415
14968 15 0 11416
14970 15 14 11652
14972 15 20 11653
14974 15 0 12040
14976 15 2 12073
14978 15 14 12092
14980 15 4 12162
14982 15 0 12176
14984 15 2 12241
15020 15 22 11278
15022 15 24 11279
15024 15 0 11280
15032 15 2 12041
15036 15 20 12093
15040 15 2 12177
15076 15 4 11282
15078 15 10 11283
15080 15 20 11285
15094 15 22 12094
15132 15 22 11286
15134 15 0 11288
15136 15 2 11289
15146 15 22 12070
15150 15 24 12095
15180 15 4 11290
15182 15 10 11291
15184 15 20 11293
15186 15 22 11294
15188 15 24 11295
15190 15 24 11655
15194 15 10 12043
15196 15 0 12080
15198 15 0 12096
15200 15 2 12097
15202 15 4 12178
15204 15 10 12179
15240 15 2 11297
15242 15 4 11298
15244 15 14 11300
15248 15 0 11656
15252 15 14 12044
15256 15 4 12098
15260 15 14 12180
15296 15 20 11301
15348 15 0 11264
15350 15 2 11265
15352 15 22 11302
15354 15 0 11304
15356 15 20 11661
15358 15 24 11663
15360 15 24 12047
15362 15 0 12048
15364 15 10 12099
15366 15 2 12105
15368 15 10 12219
15370 15 20 12221
15402 15 4 11266
15404 15 10 11267
15406 15 14 11268
15408 15 24 11527
15410 15 0 11528
15412 15 4 11530
15420 15 14 12100
15422 15 20 12133
15424 15 4 12210
15460 15 22 11310
15462 15 24 11311
15464 15 0 11312
15466 15 4 11314
15468 15 20 11317
15476 15 20 12101
15478 15 22 12102
15506 15 14 11316
15514 15 2 11545
15562 15 10 11323
15564 15 20 11325
15566 15 22 11326
15568 15 0 11328
15582 15 0 12104
15616 15 2 11329
15680 15 24 11487
15682 15 20 11517
15686 15 24 11519
15690 15 10 12059
15692 15 4 12066
15732 15 2 11305
15734 15 4 11330
15736 15 10 11331
15740 15 10 11667
15744 15 20 12061
15748 15 14 12116
15752 15 0 12224
15788 15 14 11332
15790 15 0 11344
15792 15 2 11345
15796 15 22 11670
15800 15 22 12062
15804 15 0 12120
15836 15 4 11410
15838 15 20 11485
15842 15 24 11815
15848 15 10 11859
15850 15 4 11946
15888 15 2 11705
15890 15 4 11762
15894 15 24 11919
15898 15 20 12085
15936 15 24 11367
15940 15 10 11627
15942 15 22 11630
15944 15 2 11777
15946 15 14 11852
15950 15 0 12168
15952 15 22 12238
15980 15 4 11346
15982 15 10 11379
15984 15 14 11380
15998 15 14 12132
16032 15 0 11336
16034 15 2 11337
16036 15 4 11338
16048 15 14 12124
16106 15 20 11453
16130 15 2 11457
16150 15 22 11870
16152 15 14 12252
16156 15 0 11872
16164 15 10 12155
16178 15 22 11582
16180 15 4 12154
16182 15 0 11464
16234 15 20 11901
16258 15 2 11905
16358 15 4 11482
16362 15 20 11829
16366 15 20 11933
16370 15 0 11936
16402 15 22 11382
16404 15 10 11435
16406 15 20 11437
16408 15 2 11577
16416 15 10 12083
16420 15 2 12161
16566 15 14 11372
16568 15 4 11538
16570 15 0 11816
16572 15 24 12127
16588 15 2 11497
16590 15 4 11498
16592 15 14 11500
16608 15 24 11351
16610 15 22 11542
16654 15 22 11702
16660 15 4 11914
16662 15 4 11922
16664 15 14 11924
16668 15 20 12173
16708 15 22 11270
16710 15 2 11273
16716 15 2 11417
16720 15 2 11529
16722 15 14 11548
16726 15 0 11712
16788 15 0 11376
16792 15 2 11713
16800 15 20 12157
16802 15 4 12178
16834 15 4 12082
16874 15 0 11824
16876 15 10 12163
16878 15 14 11404
16880 15 20 11405
16882 15 22 11406
16884 15 14 11492
16886 15 22 11494
16888 15 20 11621
16890 15 24 11623
16892 15 0 11624
16894 15 14 11716
16896 15 14 12148
16898 15 0 12240
16942 15 22 11710
16944 15 10 11771
16946 15 4 12234
16958 15 10 11507
16960 15 2 11617
16962 15 14 12140
16964 15 22 12142
16992 15 22 12166
17008 15 0 11784
17010 15 4 11786
17012 15 10 11907
17014 15 14 11908
17016 15 20 11909
17018 15 14 12244
17028 15 4 11810
17030 15 10 11811
17032 15 20 11813
17034 15 0 12144
17046 15 24 11391
17048 15 24 11511
17052 15 2 11721
17054 15 22 11862
17056 15 24 11863
17076 15 24 12143
17078 15 22 11942
17080 15 24 11943
17082 15 2 11945
17084 15 20 12037
17086 15 4 12226
17098 15 22 11510
17100 15 10 11531
17106 15 14 12084
17126 15 14 11460
17128 15 24 11463
17130 15 2 11673
17132 15 10 11843
17196 15 0 11720
17198 15 4 11850
17220 15 22 11438
17224 15 14 11764
17280 15 10 11835
17282 15 20 11837
17286 15 0 11848
17294 15 22 12246
17306 15 0 11400
17308 15 4 11402
17312 15 0 11536
17318 15 24 11871
17320 15 2 12121
17322 15 22 12150
17324 15 0 12152
17326 15 2 12153
17356 15 0 11384
17358 15 22 11534
17360 15 20 11861
17396 15 24 11615
17408 15 24 12167
17410 15 2 12225
17440 15 2 11929
17442 15 22 12110
17444 15 24 12111
17446 15 2 12113
17476 15 4 11354
17478 15 14 11356
17480 15 20 11357
17486 15 10 11603
17488 15 20 11605
17490 15 22 11606
17492 15 10 11819
17494 15 24 11831
17498 15 0 12168
17500 15 10 12171
17528 15 10 11659
17532 15 20 11461
17540 15 22 12046
17546 15 2 11521
17548 15 4 11522
17554 15 22 12086
17556 15 24 12087
17558 15 2 12089
17562 15 20 12069
17566 15 0 11392
17568 15 2 11641
17574 15 2 11817
17576 15 24 11855
17578 15 0 11856
17580 15 10 11931
17582 15 22 12158
17614 15 24 11951
17616 15 0 11952
17618 15 4 11954
17628 15 14 11956
17630 15 20 11957
17632 15 20 12133
17636 15 24 11959
17638 15 0 11960
17640 15 4 11962
17646 15 10 11963
17648 15 20 11965
17650 15 22 11966
17652 15 0 12176
17656 15 24 11967
17658 15 2 11969
17660 15 4 11970
17662 15 2 12177
17664 15 24 11655
17666 15 24 11975
17668 15 0 11976
17670 15 2 11977
17674 15 0 11656
17676 15 10 11979
17678 15 20 11981
17680 15 22 11982
17684 15 2 11657
17686 15 24 11983
17688 15 0 11984
17690 15 2 11985
17694 15 4 11650
17696 15 10 11987
17698 15 14 11988
17700 15 22 11990
17702 15 24 12175
17708 15 24 11991
17710 15 2 11993
17712 15 4 11994
17714 15 4 11378
17718 15 10 11923
17722 15 24 11663
17724 15 10 11947
17726 15 14 11948
17728 15 22 11950
17730 15 10 12219
17732 15 20 11645
17734 15 14 12012
17736 15 20 12013
17738 15 22 12014
17740 15 22 12174
17744 15 24 11551
17746 15 24 11759
17752 15 22 12078
17756 15 14 11628
17758 15 24 11775
17760 15 24 12239
17762 15 2 11609
17764 15 10 11667
17768 15 2 12001
17772 15 20 12221
17776 15 14 12004
17778 15 20 12005
17780 15 22 12006
17782 15 4 12090
17784 15 22 11670
17786 15 14 12020
17788 15 20 12021
17790 15 24 12023
17792 15 0 12224
17798 15 0 12016
17800 15 2 12017
17802 15 4 12018
17804 15 2 11393
17806 15 10 11395
17808 15 14 11396
17810 15 4 11818
17820 15 14 11892
17822 15 24 11431
17826 15 22 11790
17828 15 24 11791
17830 15 4 11794
17856 15 4 11562
17858 15 20 11565
17860 15 22 11766
17862 15 4 12106
17864 15 20 12109
17872 15 20 12029
17874 15 22 12030
17876 15 24 12031
17880 15 10 11491
17882 15 14 12236
17900 15 2 12033
17902 15 4 12034
17904 15 14 12036
17928 15 10 12243
17934 15 10 12051
17936 15 20 12053
17938 15 22 12054
17940 15 14 12164
17948 15 22 11646
17964 15 2 11865
17968 15 2 11481
17976 15 4 12242
17994 15 2 11769
17998 15 22 11630
18000 15 2 11777
18004 15 22 12238
18006 15 4 11514
18010 15 22 11446
18030 15 20 11877
18048 15 22 11886
18052 15 0 11888
18058 15 22 11894
18066 15 2 11897
18070 15 10 11899
18074 15 20 11901
18082 15 2 11905
18086 15 2 11265
18088 15 4 11266
18090 15 14 11268
18092 15 20 11269
18098 15 22 11566
18100 15 24 11567
18106 15 14 12100
18108 15 22 12262
18110 15 0 12264
18112 15 2 12265
18114 15 4 12266
18116 15 20 12269
18136 15 0 10240
18138 15 2 10241
18140 15 4 10242
18142 15 10 10243
18144 15 10 10259
18146 15 14 10260
18148 15 22 10262
18150 15 20 10269
18152 15 14 10284
18154 15 24 10511
18156 15 4 10514
18158 15 10 10523
18160 15 14 10524
18162 15 22 10526
18212 15 14 10244
18214 15 20 10245
18216 15 22 10246
18218 15 24 10247
18220 15 24 10255
18222 15 2 10257
18224 15 4 10258
18226 15 24 10271
18228 15 10 10291
18230 15 20 10605
18232 15 24 10607
18276 15 0 10248
18278 15 2 10249
18280 15 4 10250
18282 15 10 10251
18284 15 4 10354
18286 15 22 11006
18288 15 22 11102
18290 15 14 11164
18326 15 14 10252
18328 15 20 10877
18330 15 20 10253
18332 15 10 10923
18334 15 14 10924
18336 15 22 10926
18338 15 22 11182
18340 15 22 10254
18342 15 20 10565
18344 15 24 10567
18346 15 0 10568
18354 15 0 10256
18360 15 14 10276
18362 15 20 10277
18364 15 22 10278
18368 15 24 10303
18424 15 20 10261
18430 15 24 10287
18432 15 0 10288
18434 15 4 10290
18436 15 20 10301
18442 15 24 10527
18444 15 0 10528
18446 15 4 10530
18504 15 24 10263
18506 15 14 10572
18508 15 22 10574
18510 15 24 10575
18512 15 0 10264
18514 15 2 10265
18516 15 4 10266
18518 15 10 10267
18520 15 0 10304
18522 15 2 10321
18524 15 10 10323
18526 15 2 10353
18528 15 24 10487
18530 15 4 10490
18532 15 24 10495
18534 15 0 10496
18536 15 4 10498
18538 15 24 10503
18540 15 2 10505
18592 15 14 10268
18594 15 20 11141
18596 15 22 11142
18598 15 0 11144
18610 15 2 10513
18614 15 22 10270
18620 15 4 10506
18634 15 0 10608
18636 15 0 10272
18638 15 2 10273
18640 15 4 10274
18642 15 10 10275
18644 15 14 10292
18646 15 24 10295
18648 15 2 10729
18650 15 24 11135
18652 15 4 11154
18654 15 14 11156
18656 15 0 11168
18658 15 14 11196
18660 15 20 11221
18720 15 24 10279
18722 15 2 10297
18724 15 10 10299
18726 15 14 10300
18730 15 4 10330
18778 15 0 10280
18780 15 2 10281
18782 15 4 10282
18784 15 10 10283
18786 15 20 10309
18788 15 22 10310
18790 15 0 10312
18792 15 24 10351
18794 15 20 10629
18796 15 4 10634
18798 15 4 10738
18862 15 20 10285
18864 15 14 10580
18866 15 20 10581
18868 15 14 10652
18870 15 0 10728
18872 15 22 10286
18874 15 10 11171
18876 15 20 11173
18878 15 22 11222
18880 15 0 11224
18890 15 2 10289
18896 15 20 10325
18898 15 22 10326
18900 15 0 10328
18902 15 2 10329
18908 15 0 10544
18910 15 2 10545
18912 15 10 10547
18990 15 20 10293
18992 15 22 10294
18998 15 0 10872
19000 15 10 11051
19046 15 0 10296
19048 15 10 11059
19050 15 20 11061
19052 15 22 11062
19054 15 2 11185
19062 15 4 10298
19068 15 2 10313
19070 15 10 10315
19074 15 20 10341
19076 15 10 10347
19144 15 22 10302
19178 15 2 10305
19180 15 4 10306
19182 15 10 10307
19184 15 14 10308
19186 15 4 10346
19188 15 14 10636
19190 15 22 10638
19192 15 22 11126
19194 15 24 11127
19196 15 0 11128
19198 15 22 11158
19200 15 4 11202
19202 15 10 11211
19258 15 24 10311
19262 15 0 10336
19264 15 2 10337
19266 15 4 10338
19270 15 4 10570
19276 15 10 10739
19278 15 14 10740
19280 15 20 10885
19282 15 20 11069
19284 15 22 11118
19286 15 24 11119
19288 15 0 11120
19290 15 20 11197
19292 15 22 11214
19362 15 4 10314
19366 15 14 10316
19370 15 22 10342
19372 15 0 10344
19376 15 22 10350
19424 15 20 10317
19426 15 22 10318
19428 15 24 10319
19430 15 0 10320
19432 15 22 10654
19434 15 24 10671
19436 15 0 10720
19438 15 4 10722
19440 15 24 10743
19442 15 0 10744
19444 15 4 10746
19446 15 22 11134
19500 15 4 10322
19504 15 14 10324
19508 15 10 10355
19510 15 20 10357
19512 15 0 10368
19514 15 4 10370
19516 15 10 10371
19520 15 2 10489
19588 15 24 10327
19594 15 20 10349
19596 15 14 10364
19598 15 22 10366
19600 15 24 10367
19606 15 20 10549
19608 15 22 10550
19610 15 0 10552
19702 15 10 10331
19704 15 14 10332
19706 15 20 10333
19708 15 22 10334
19710 15 0 10400
19712 15 4 10402
19714 15 10 10403
19716 15 20 10445
19718 15 0 10448
19720 15 0 10464
19722 15 2 10465
19768 15 24 10335
19770 15 10 10707
19772 15 14 10708
19774 15 20 10709
19784 15 10 10339
19788 15 10 10659
19790 15 14 10660
19792 15 22 10662
19798 15 20 10741
19802 15 20 11189
19804 15 22 11190
19876 15 14 10340
19904 15 24 10343
19908 15 2 10345
19912 15 2 10553
19914 15 4 10554
19916 15 14 10556
19922 15 22 10710
20006 15 14 10348
20068 15 0 10352
20096 15 22 10694
20098 15 24 10695
20100 15 10 11123
20110 15 14 10356
20114 15 22 10358
20118 15 2 10369
20122 15 10 10387
20124 15 20 10389
20126 15 22 10390
20130 15 22 10446
20188 15 24 10359
20190 15 0 10360
20192 15 2 10361
20194 15 4 10362
20196 15 10 10363
20198 15 22 10886
20200 15 2 11105
20206 15 24 11143
20254 15 20 10365
20260 15 24 10391
20262 15 20 10429
20264 15 24 10431
20266 15 0 10432
20272 15 20 10557
20274 15 24 10559
20276 15 0 10560
20358 15 20 10477
20360 15 4 10482
20366 15 2 10593
20368 15 10 10595
20436 15 14 10372
20438 15 20 10373
20440 15 22 10374
20442 15 24 10375
20444 15 0 10376
20446 15 2 10377
20448 15 4 10378
20450 15 10 10379
20452 15 14 10380
20454 15 20 10381
20456 15 22 10382
20458 15 24 10383
20460 15 0 10384
20462 15 2 10385
20464 15 4 10386
20478 15 14 10388
20486 15 2 10401
20492 15 24 10447
20494 15 0 10472
20498 15 24 10591
20588 15 0 10392
20590 15 2 10393
20592 15 4 10394
20594 15 10 10395
20596 15 14 10396
20598 15 20 10397
20600 15 22 10398
20602 15 24 10399
20632 15 4 10466
20636 15 20 10589
20706 15 14 10404
20708 15 20 10405
20710 15 22 10406
20712 15 24 10407
20714 15 2 10409
20716 15 10 10411
20718 15 22 10414
20720 15 22 10438
20722 15 10 10451
20724 15 20 10453
20726 15 22 10454
20774 15 0 10408
20790 15 4 10410
20800 15 14 10412
20802 15 20 10413
20806 15 24 10423
20808 15 2 10425
20810 15 4 10426
20860 15 24 10415
20862 15 0 10416
20864 15 2 10417
20866 15 4 10418
20868 15 10 10419
20870 15 20 10421
20872 15 22 10422
20876 15 0 10424
20878 15 14 10428
20880 15 24 10439
20934 15 14 10420
20940 15 10 10427
20944 15 4 10434
20946 15 14 10436
20948 15 20 10437
21100 15 22 10430
21106 15 2 10441
21108 15 2 10449
21110 15 0 10456
21112 15 2 10457
21114 15 4 10458
21176 15 2 10433
21186 15 10 10435
21192 15 0 10440
21196 15 4 10442
21198 15 14 10444
21302 15 10 10443
21312 15 10 10459
21314 15 0 10576
21316 15 2 10577
21318 15 10 10579
21480 15 4 10450
21482 15 14 10548
21492 15 14 10452
21498 15 22 10462
21504 15 24 10583
21506 15 0 10664
21508 15 10 10667
21556 15 24 10455
21558 15 0 11088
21560 15 0 11104
21584 15 22 10558
21588 15 2 10569
21594 15 22 10622
21596 15 14 10628
21664 15 14 10460
21666 15 20 10461
21668 15 4 10586
21670 15 24 11159
21672 15 0 11160
21674 15 4 11162
21704 15 24 10463
21720 15 10 10467
21722 15 14 10468
21724 15 24 10471
21726 15 10 10587
21728 15 14 10588
21788 15 20 10469
21790 15 22 10470
21794 15 2 10473
21796 15 14 10476
21802 15 22 10590
21874 15 4 10474
21876 15 10 10475
21880 15 22 10478
21882 15 24 10479
21886 15 0 10592
21888 15 20 11229
21964 15 0 10480
21966 15 2 10481
21968 15 10 10483
21970 15 22 10486
21974 15 4 10594
21976 15 0 11208
21978 15 0 11216
22054 15 14 10484
22056 15 20 10485
22060 15 10 10491
22062 15 22 10494
22066 15 14 10596
22132 15 0 10488
22144 15 20 10597
22216 15 14 10492
22218 15 20 10493
22222 15 10 10499
22224 15 14 10500
22228 15 22 10598
22292 15 2 10497
22302 15 24 10599
22372 15 20 10501
22374 15 22 10502
22376 15 10 10507
22378 15 22 10510
22382 15 0 10600
22444 15 0 10504
22456 15 2 10601
22520 15 14 10508
22522 15 20 10509
22526 15 10 10515
22528 15 22 10518
22532 15 4 10602
22594 15 0 10512
22606 15 10 10603
22670 15 14 10516
22672 15 20 10517
22676 15 24 10519
22678 15 4 10522
22682 15 14 10604
22738 15 0 10520
22740 15 2 10521
22744 15 10 10531
22746 15 22 10534
22750 15 4 10610
22818 15 20 10525
22828 15 2 10609
22912 15 2 10529
22922 15 20 10613
22994 15 14 10532
22996 15 20 10533
23000 15 0 10536
23002 15 10 10539
23006 15 10 10611
23054 15 24 10535
23056 15 24 10719
23058 15 10 11219
23068 15 2 10537
23070 15 4 10538
23074 15 14 10540
23076 15 24 10543
23080 15 14 10612
23136 15 20 10541
23138 15 22 10542
23142 15 2 10561
23144 15 4 10562
23148 15 22 10614
23216 15 4 10546
23226 15 24 10615
23294 15 14 11116
23316 15 24 10551
23326 15 0 10616
23400 15 10 10555
23404 15 4 10618
23406 15 14 10620
23408 15 20 10621
23410 15 10 10651
23576 15 10 10563
23578 15 14 10564
23580 15 20 10565
23586 15 2 10617
23644 15 22 10566
23656 15 24 10623
23750 15 10 10571
23752 15 2 10977
23754 15 4 10978
23766 15 20 10573
23778 15 22 10630
23846 15 4 10578
23910 15 22 10582
23916 15 4 10666
23976 15 0 10584
23978 15 2 10585
23984 15 2 10673
24246 15 22 10246
24258 15 22 10606
24442 15 10 10619
24452 15 22 10734
24454 15 24 10735
24456 15 24 11063
24458 15 2 11137
24460 15 4 11138
24462 15 10 11139
24556 15 0 10624
24558 15 2 10625
24560 15 4 10626
24562 15 10 10627
24564 15 0 10632
24566 15 10 11163
24568 15 24 11167
24570 15 20 11213
24650 15 24 10631
24658 15 2 10633
24670 15 10 10635
24672 15 4 11002
24680 15 20 10637
24684 15 24 10639
24686 15 4 11098
24688 15 20 11125
24694 15 2 11129
24752 15 0 10640
24754 15 2 10641
24756 15 4 10642
24758 15 10 10643
24760 15 14 10644
24762 15 20 10645
24764 15 24 10703
24766 15 4 10706
24768 15 0 10712
24770 15 24 10871
24772 15 10 11099
24816 15 22 10646
24818 15 24 10647
24820 15 0 10648
24822 15 2 10649
24824 15 2 11145
24826 15 4 11146
24858 15 4 10650
24872 15 20 10653
24892 15 24 10655
24894 15 0 10656
24896 15 2 10657
24898 15 4 10658
24900 15 22 10670
24902 15 10 10939
24904 15 20 10941
24906 15 22 10942
24908 15 24 10943
24910 15 0 10944
24912 15 4 11042
24914 15 0 11192
24972 15 20 10661
24976 15 22 10694
24980 15 24 10727
24986 15 22 10742
24988 15 22 11190
24992 15 4 11226
25052 15 24 10663
25066 15 2 10665
25112 15 14 10668
25114 15 2 10713
25116 15 20 10669
25140 15 24 10671
25142 15 24 10743
25148 15 0 10672
25154 15 4 10674
25156 15 10 10675
25158 15 14 10676
25160 15 20 10677
25162 15 4 10714
25164 15 10 10907
25166 15 14 10908
25168 15 24 10911
25170 15 0 10912
25172 15 2 10913
25212 15 22 10678
25214 15 24 10679
25216 15 0 10680
25218 15 2 10681
25220 15 10 10715
25222 15 24 10799
25224 15 24 10887
25226 15 24 11055
25228 15 0 11056
25230 15 22 11070
25232 15 2 11073
25234 15 14 11092
25236 15 24 11103
25274 15 4 10682
25276 15 10 10683
25278 15 14 10684
25280 15 20 10685
25282 15 22 10686
25284 15 2 10689
25286 15 14 10716
25288 15 20 10717
25290 15 24 10935
25292 15 2 10937
25294 15 2 10985
25296 15 4 10986
25298 15 10 10987
25358 15 24 10687
25360 15 0 10688
25368 15 0 10936
25374 15 14 10940
25420 15 4 10690
25422 15 10 10691
25424 15 14 10692
25426 15 20 10693
25428 15 22 10718
25434 15 4 10946
25436 15 10 10947
25438 15 20 10949
25490 15 0 10696
25492 15 2 10697
25496 15 10 11123
25542 15 4 10698
25544 15 10 10699
25546 15 14 10700
25548 15 20 10701
25550 15 22 10702
25552 15 20 10725
25554 15 20 10981
25556 15 22 10982
25558 15 0 10984
25560 15 4 11034
25562 15 10 11035
25610 15 0 10704
25612 15 2 10705
25618 15 0 10960
25620 15 20 11093
25662 15 24 10335
25690 15 14 11140
25752 15 24 10711
25754 15 24 10879
25756 15 10 11227
25852 15 24 10719
25864 15 2 10721
25868 15 10 10723
25870 15 14 10724
25874 15 0 10736
25876 15 2 10737
25952 15 22 10726
25980 15 0 10272
25982 15 2 10273
25984 15 4 10274
25988 15 24 10295
25990 15 2 10729
25992 15 20 11221
25994 15 4 10730
25996 15 10 10731
25998 15 14 10732
26000 15 20 10733
26002 15 20 10861
26004 15 22 10862
26006 15 14 10892
26008 15 0 10952
26010 15 2 10953
26012 15 10 10955
26148 15 2 10337
26166 15 14 10884
26170 15 22 11118
26172 15 0 11120
26250 15 2 10745
26254 15 22 11222
26256 15 24 11223
26258 15 0 11224
26302 15 10 10747
26304 15 14 10748
26306 15 20 10749
26308 15 22 10750
26310 15 0 10800
26312 15 4 10802
26314 15 10 10803
26316 15 20 10989
26318 15 14 11004
26320 15 22 11230
26322 15 24 11231
26324 15 2 11233
26326 15 4 11234
26380 15 24 10751
26382 15 0 10752
26384 15 2 10753
26386 15 4 10754
26388 15 10 10755
26390 15 14 10756
26392 15 20 10757
26394 15 22 10990
26396 15 24 10991
26400 15 0 11232
26404 15 10 11235
26468 15 22 10758
26470 15 24 10759
26472 15 2 10761
26474 15 4 10762
26478 15 0 10992
26482 15 14 11236
26542 15 0 10760
26548 15 10 10763
26550 15 14 10764
26552 15 22 10766
26556 15 2 10993
26560 15 20 11237
26622 15 20 10765
26626 15 24 10767
26628 15 0 10768
26630 15 4 10770
26634 15 4 10994
26638 15 22 11238
26700 15 2 10769
26704 15 10 10771
26706 15 14 10772
26708 15 20 10773
26712 15 10 10995
26716 15 24 11239
26780 15 22 10774
26782 15 24 10775
26784 15 0 10776
26786 15 2 10777
26790 15 14 10996
26794 15 0 11240
26858 15 4 10778
26860 15 10 10779
26862 15 20 10781
26864 15 22 10782
26868 15 20 10997
26872 15 2 11241
26932 15 14 10780
26938 15 24 10783
26940 15 0 10784
26942 15 2 10785
26946 15 22 10998
26950 15 4 11242
27014 15 4 10786
27016 15 10 10787
27018 15 20 10789
27020 15 22 10790
27024 15 24 10999
27028 15 14 11244
27088 15 14 10788
27094 15 24 10791
27096 15 0 10792
27098 15 2 10793
27102 15 0 11000
27106 15 20 11245
27170 15 4 10794
27172 15 10 10795
27174 15 20 10797
27176 15 22 10798
27180 15 2 11001
27184 15 22 11246
27244 15 14 10796
27250 15 14 10804
27252 15 22 10806
27254 15 24 10807
27258 15 20 11005
27262 15 24 11247
27338 15 2 10801
27344 15 14 10812
27346 15 20 10813
27348 15 22 10814
27352 15 0 11008
27356 15 14 11252
27416 15 20 10805
27422 15 0 10856
27424 15 4 10858
27426 15 10 10859
27430 15 10 11019
27434 15 20 11261
27488 15 0 10808
27490 15 2 10809
27492 15 4 10810
27494 15 10 10811
27498 15 24 10815
27500 15 0 10816
27502 15 2 10817
27504 15 10 10819
27506 15 24 11007
27508 15 2 11009
27510 15 2 11249
27512 15 4 11250
27652 15 4 10818
27656 15 14 10820
27658 15 20 10821
27660 15 22 10822
27664 15 4 11010
27668 15 10 11251
27732 15 24 10823
27734 15 0 10824
27736 15 4 10826
27738 15 10 10827
27742 15 10 11011
27746 15 20 11253
27806 15 2 10825
27812 15 14 10828
27814 15 22 10830
27816 15 24 10831
27820 15 14 11012
27824 15 22 11254
27884 15 20 10829
27890 15 0 10832
27892 15 4 10834
27894 15 10 10835
27898 15 20 11013
27902 15 24 11255
27962 15 2 10833
27968 15 14 10836
27970 15 20 10837
27972 15 22 10838
27976 15 22 11014
27980 15 0 11256
28044 15 24 10839
28046 15 0 10840
28048 15 2 10841
28050 15 10 10843
28054 15 24 11015
28058 15 2 11257
28120 15 4 10842
28124 15 14 10844
28126 15 20 10845
28128 15 24 10847
28132 15 0 11016
28136 15 4 11258
28198 15 22 10846
28202 15 0 10848
28204 15 2 10849
28206 15 10 10851
28210 15 2 11017
28214 15 10 11259
28276 15 4 10850
28280 15 14 10852
28282 15 22 10854
28284 15 24 10855
28288 15 4 11018
28292 15 14 11260
28352 15 20 10853
28360 15 24 10863
28362 15 0 10864
28366 15 20 11029
28368 15 10 11243
28430 15 2 10857
28436 15 10 10867
28438 15 14 10868
28440 15 20 10869
28444 15 14 11044
28446 15 0 11248
28502 15 14 10860
28504 15 4 10970
28506 15 14 10972
28576 15 2 10865
28578 15 20 11053
28580 15 4 10866
28592 15 22 10870
28594 15 22 10966
28596 15 0 10968
28600 15 22 11054
28662 15 24 10871
28668 15 20 10293
28672 15 0 10872
28676 15 2 10873
28678 15 4 10874
28680 15 10 10875
28682 15 14 10876
28684 15 24 10951
28686 15 0 10976
28688 15 22 11030
28690 15 24 11031
28692 15 2 11049
28728 15 14 10252
28730 15 20 10877
28732 15 22 10878
28742 15 0 10880
28744 15 2 10881
28746 15 4 10882
28748 15 10 10883
28750 15 2 10977
28752 15 10 10979
28754 15 14 10980
28760 15 20 11077
28762 15 20 11149
28764 15 14 11212
28850 15 0 10360
28852 15 2 10361
28854 15 4 10362
28856 15 22 10886
28872 15 0 10888
28874 15 2 10889
28876 15 4 10890
28878 15 10 10891
28882 15 14 10948
28884 15 22 10950
28886 15 22 10974
28888 15 24 10975
28890 15 14 11020
28892 15 10 11187
28894 15 4 11194
28952 15 20 10893
28954 15 22 10894
28956 15 24 10895
28958 15 0 10896
28960 15 2 10897
28962 15 4 10898
28964 15 10 10923
28966 15 14 10924
28968 15 20 10925
28974 15 20 11021
28976 15 10 11075
28978 15 24 11183
28980 15 0 11184
29056 15 10 10899
29058 15 14 10900
29060 15 20 10901
29062 15 22 10902
29064 15 24 10903
29066 15 0 10904
29068 15 4 10906
29070 15 22 11022
29072 15 0 11064
29074 15 10 11067
29076 15 20 11101
29078 15 4 11178
29136 15 2 10905
29142 15 20 10909
29144 15 22 10910
29148 15 24 11023
29150 15 10 11179
29220 15 4 10914
29224 15 0 11024
29296 15 2 11025
29300 15 2 11057
29302 15 4 11058
29362 15 10 10915
29364 15 14 10916
29366 15 20 10917
29368 15 22 10918
29370 15 24 10919
29372 15 0 10920
29374 15 4 11026
29376 15 10 11027
29380 15 24 11071
29382 15 0 11072
29384 15 14 11180
29444 15 2 10921
29446 15 4 10922
29450 15 22 10926
29454 15 14 11028
29456 15 20 11181
29506 15 20 10253
29530 15 22 11182
29584 15 24 10927
29586 15 0 10928
29588 15 2 10929
29590 15 4 10930
29592 15 10 10931
29594 15 20 10933
29596 15 22 10934
29598 15 14 10956
29600 15 22 10958
29602 15 22 11038
29604 15 4 11050
29606 15 4 11186
29608 15 22 11262
29666 15 14 10932
29674 15 24 11039
29676 15 24 11175
29736 15 0 10936
29740 15 4 10938
29746 15 0 11040
29748 15 2 11041
29806 15 24 10655
29810 15 22 10670
29826 15 20 10941
29884 15 0 10656
29886 15 2 10657
29898 15 2 10945
29908 15 10 11043
30066 15 4 10954
30070 15 10 11107
30072 15 20 11109
30074 15 22 11110
30076 15 14 11124
30126 15 20 10957
30130 15 24 10959
30132 15 4 10962
30134 15 14 10964
30138 15 14 11052
30140 15 24 11191
30200 15 2 10961
30210 15 10 10963
30214 15 20 10965
30222 15 14 11068
30224 15 2 11193
30280 15 24 10967
30284 15 2 10969
30286 15 20 11045
30288 15 24 11047
30290 15 0 11048
30336 15 10 10971
30340 15 20 10973
30396 15 10 10571
30404 15 4 10978
30412 15 24 11159
30414 15 0 11160
30416 15 2 11161
30420 15 14 11228
30476 15 20 10725
30488 15 24 10983
30498 15 10 11083
30576 15 14 10988
30644 15 22 10990
30778 15 22 10798
30782 15 10 10635
30784 15 4 11002
30788 15 10 11003
30790 15 22 11150
30792 15 24 11151
30794 15 0 11152
30820 15 0 10248
30822 15 10 10251
30824 15 4 10586
30826 15 22 11006
30982 15 10 11019
31130 15 0 11032
31132 15 2 11033
31136 15 22 11046
31140 15 14 11076
31198 15 14 11036
31200 15 20 11037
31204 15 22 11126
31206 15 0 11128
31208 15 0 11136
31434 15 10 11051
31436 15 22 11094
31438 15 24 11095
31472 15 0 10680
31538 15 0 10296
31550 15 14 11060
31552 15 20 11061
31602 15 4 10618
31604 15 10 10619
31608 15 22 10734
31610 15 24 10735
31614 15 24 11063
31624 15 2 11065
31626 15 4 11066
31632 15 2 11177
31692 15 4 10338
31696 15 20 11069
31766 15 4 11074
31804 15 22 11078
31806 15 24 11079
31808 15 0 11080
31810 15 2 11081
31812 15 4 11082
31814 15 4 11106
31816 15 24 11207
31862 15 14 11084
31864 15 20 11085
31866 15 22 11086
31868 15 24 11087
31872 15 2 11097
31874 15 4 11154
31876 15 10 11155
31878 15 20 11157
31880 15 22 11166
31882 15 0 11168
31924 15 24 10455
31926 15 0 11088
31928 15 2 11089
31930 15 4 11090
31932 15 10 11091
31934 15 0 11104
31994 15 0 11096
32000 15 22 11198
32002 15 24 11199
32004 15 0 11200
32050 15 14 10636
32052 15 20 10637
32054 15 24 10639
32056 15 4 11098
32058 15 20 11125
32064 15 20 10645
32066 15 0 10712
32070 15 14 11100
32088 15 2 10249
32090 15 22 11102
32092 15 14 11164
32118 15 10 10363
32120 15 2 11105
32122 15 20 11141
32124 15 22 11142
32126 15 24 11143
32142 15 14 11108
32148 15 22 11118
32150 15 24 11119
32152 15 2 11121
32154 15 4 11122
32202 15 24 11111
32204 15 0 11112
32206 15 2 11113
32208 15 4 11114
32210 15 10 11115
32212 15 20 11117
32256 15 14 10548
32258 15 14 11116
32272 15 24 10311
32274 15 24 10351
32280 15 20 10885
32366 15 4 10354
32368 15 22 10694
32370 15 24 10695
32372 15 0 10696
32374 15 10 11123
32396 15 2 10305
32398 15 10 10307
32400 15 4 10346
32404 15 22 10638
32416 15 24 11127
32420 15 2 11129
32424 15 10 11211
32486 15 4 11130
32488 15 10 11131
32490 15 14 11132
32492 15 20 11133
32494 15 10 11147
32496 15 14 11148
32530 15 20 10317
32532 15 22 10318
32534 15 22 10654
32536 15 0 10720
32538 15 4 10722
32540 15 10 10723
32542 15 22 11134
32544 15 0 10272
32546 15 4 10274
32548 15 10 10275
32554 15 24 11135
32558 15 14 11156
32580 15 20 10621
32582 15 10 10707
32584 15 20 10709
32586 15 22 10710
32652 15 14 10268
32666 15 0 11144
32708 15 22 10646
32710 15 24 10647
32712 15 2 11145
32714 15 4 11146
32720 15 0 10648
32758 15 20 11149
32762 15 22 11150
32768 15 2 11153
32770 15 22 11222
32772 15 2 11225
32832 15 14 11196
32882 15 4 10306
32890 15 22 11158
32892 15 4 11202
32894 15 14 10460
32896 15 20 10461
32900 15 4 10978
32908 15 4 11162
32910 15 14 11228
32956 15 0 10624
32958 15 2 10625
32960 15 10 11163
32962 15 24 11167
32964 15 20 11213
32970 15 4 10250
32978 15 20 11165
33002 15 4 10626
33030 15 2 11169
33032 15 4 11170
33034 15 22 10286
33036 15 14 10340
33038 15 10 11171
33040 15 14 11172
33042 15 20 11173
33044 15 22 11174
33080 15 0 11176
33112 15 20 10253
33118 15 22 11182
33124 15 24 11183
33134 15 20 10669
33136 15 2 11185
33150 15 14 11188
33156 15 10 10339
33158 15 20 11189
33160 15 22 11190
33166 15 10 10659
33168 15 14 10660
33170 15 22 10662
33184 15 4 10658
33186 15 0 11192
33200 15 10 11195
33204 15 2 10273
33230 15 14 10740
33232 15 20 10741
33234 15 20 11197
33250 15 2 11201
33302 15 10 11203
33304 15 14 11204
33306 15 20 11205
33308 15 22 11206
33310 15 2 11209
33312 15 4 11210
33314 15 4 11218
33356 15 22 10478
33358 15 2 10481
33360 15 0 11208
33384 15 14 10308
33414 15 10 10627
33446 15 24 11215
33448 15 14 11220
33452 15 24 10479
33454 15 0 11216
33456 15 2 11217
33468 15 24 10535
33470 15 24 10719
33488 15 2 10729
33490 15 0 10872
33492 15 20 11221
33496 15 24 10743
33498 15 2 10745
33508 15 24 11223
33510 15 0 11224
33556 15 20 10661
33562 15 2 10697
33564 15 24 10727
33566 15 4 11226
33568 15 24 10711
33570 15 22 10726
33572 15 10 11227
33588 15 2 10473
33590 15 14 10476
33592 15 20 11229
33594 15 10 10747
33596 15 14 10748
33604 15 10 10803
33606 15 22 11230
33616 15 0 10752
33618 15 2 10753
33622 15 22 10990
33624 15 24 11231
33626 15 0 11232
33628 15 2 11233
33630 15 4 11234
33688 15 4 10754
33690 15 10 10755
33692 15 14 10756
33694 15 20 10757
33696 15 10 11235
33704 15 24 10759
33706 15 2 10761
33708 15 4 10762
33710 15 14 11236
33714 15 0 10760
33718 15 10 10763
33720 15 14 10764
33722 15 22 10766
33724 15 20 11237
33728 15 20 10765
33732 15 24 10767
33736 15 4 10770
33738 15 22 11238
33748 15 14 10772
33750 15 20 10773
33752 15 24 11239
33758 15 22 10774
33760 15 24 10775
33762 15 0 10776
33776 15 20 10781
33780 15 2 11241
33784 15 14 10780
33788 15 24 10783
33790 15 0 10784
33792 15 2 10785
33794 15 4 11242
33800 15 24 10855
33804 15 24 10863
33808 15 10 11243
33814 15 4 10786
33816 15 10 10787
33818 15 20 10789
33820 15 22 10790
33822 15 14 11244
33826 15 14 10788
33830 15 24 10791
33834 15 2 10793
33836 15 20 11245
33846 15 20 10797
33848 15 22 10798
33850 15 22 11246
33860 15 22 10806
33864 15 24 11247
33868 15 2 10857
33870 15 4 10858
33874 15 14 10868
33880 15 0 10808
33882 15 4 10810
33884 15 10 10811
33888 15 2 10817
33890 15 10 10819
33892 15 2 11249
33902 15 22 10814
33906 15 4 11250
33912 15 4 10818
33914 15 14 10820
33916 15 20 10821
33918 15 22 10822
33920 15 10 11251
33924 15 2 10801
33934 15 14 11252
33940 15 24 10823
33942 15 0 10824
33944 15 4 10826
33946 15 10 10827
33948 15 20 11253
33952 15 2 10825
33956 15 14 10828
33958 15 22 10830
33960 15 24 10831
33962 15 22 11254
33966 15 20 10829
33972 15 4 10834
33974 15 10 10835
33976 15 24 11255
33984 15 14 10836
33986 15 20 10837
33988 15 22 10838
33990 15 0 11256
33996 15 24 10839
33998 15 0 10840
34004 15 2 11257
34012 15 14 10844
34014 15 20 10845
34016 15 24 10847
34018 15 4 11258
34026 15 0 10848
34028 15 2 10849
34030 15 10 10851
34032 15 10 11259
34038 15 4 10850
34042 15 22 10854
34046 15 14 11260
34060 15 20 11261
34064 15 2 10929
34074 15 24 11263
34080 15 10 9043
34088 15 14 8700
34090 15 22 9038
34102 15 10 8227
34104 15 2 8425
34106 15 4 8546
34108 15 10 9147
34110 15 24 9215
34134 15 10 8611
34136 15 4 8874
34138 15 4 9026
34140 15 0 9128
34142 15 4 9130
34144 15 22 8590
34146 15 2 8865
34148 15 2 9025
34150 15 22 8702
34152 15 2 9049
34164 15 10 9051
34172 15 14 9028
34174 15 24 9031
34182 15 4 9138
34184 15 20 9141
34186 15 0 9032
34188 15 10 9027
34190 15 2 9033
34192 15 4 8266
34194 15 2 8625
34196 15 10 8787
34198 15 14 8884
34200 15 10 9107
34222 15 24 8687
34224 15 14 9052
34236 15 20 8461
34238 15 24 8607
34240 15 2 8609
34242 15 0 8672
34244 15 10 8675
34246 15 24 8695
34248 15 4 8698
34250 15 22 9214
34288 15 24 8279
34290 15 22 8470
34292 15 20 9021
34294 15 2 9201
34296 15 20 9205
34298 15 2 9209
34300 15 4 9210
34302 15 22 9054
34314 15 20 8509
34316 15 4 8602
34320 15 4 9114
34322 15 24 9143
34324 15 0 9144
34350 15 22 8558
34352 15 24 9127
34354 15 14 8692
34356 15 24 9055
34370 15 24 9079
34378 15 4 8562
34380 15 4 8658
34382 15 4 8994
34384 15 0 9024
34406 15 2 8449
34408 15 2 8529
34418 15 10 8707
34450 15 22 8694
34452 15 20 9061
34464 15 14 8276
34466 15 20 8549
34468 15 2 8705
34470 15 0 9152
34492 15 0 9048
34500 15 14 9060
34514 15 4 9050
34522 15 10 8619
34524 15 22 8622
34526 15 4 9018
34532 15 20 8701
34536 15 4 9194
34564 15 24 8567
34566 15 2 8569
34572 15 24 9063
34574 15 4 9066
34594 15 22 8438
34606 15 14 8612
34608 15 20 9165
34610 15 0 9168
34614 15 20 9053
34624 15 20 8429
34650 15 14 8548
34652 15 0 9064
34664 15 20 8517
34668 15 20 9085
34682 15 2 8297
34684 15 4 8298
34686 15 22 8886
34688 15 0 8888
34690 15 22 8894
34692 15 2 8897
34694 15 20 8301
34696 15 24 8303
34700 15 24 8887
34702 15 4 8890
34704 15 14 8892
34706 15 2 8305
34708 15 4 8306
34712 15 10 8891
34714 15 4 8898
34716 15 10 8899
34718 15 2 8313
34720 15 4 8314
34722 15 22 8902
34724 15 2 8905
34726 15 4 8906
34728 15 10 8907
34730 15 20 8317
34732 15 22 8318
34736 15 20 8909
34738 15 22 8910
34740 15 24 8911
34742 15 2 8321
34744 15 4 8322
34748 15 2 8913
34750 15 4 8914
34752 15 14 8916
34754 15 20 8325
34756 15 22 8326
34760 15 10 8915
34762 15 22 8918
34764 15 0 8920
34766 15 2 8329
34768 15 4 8330
34772 15 24 8919
34774 15 4 8922
34776 15 10 8923
34778 15 20 8333
34780 15 22 8334
34784 15 20 8925
34786 15 22 8926
34788 15 0 8928
34790 15 2 8337
34792 15 4 8338
34796 15 24 8927
34798 15 4 8930
34800 15 14 8932
34802 15 20 8341
34804 15 22 8342
34808 15 10 8931
34810 15 22 8934
34812 15 24 8935
34814 15 2 8345
34816 15 4 8346
34820 15 2 8937
34822 15 4 8938
34824 15 14 8940
34826 15 20 8349
34828 15 22 8350
34832 15 10 8939
34834 15 22 8942
34836 15 2 8945
34838 15 2 8353
34840 15 4 8354
34842 15 4 8826
34844 15 14 8828
34848 15 0 8944
34850 15 20 8357
34852 15 24 8359
34854 15 22 8830
34856 15 2 8833
34860 15 0 8896
34862 15 22 8518
34864 15 10 9059
34866 15 10 9083
34884 15 0 8192
34886 15 2 8361
34888 15 4 8362
34892 15 20 8901
34894 15 4 8946
34896 15 10 8947
34898 15 10 8195
34900 15 14 8196
34902 15 20 8365
34904 15 22 8366
34908 15 14 8948
34910 15 22 8950
34912 15 24 8951
34914 15 24 8199
34916 15 2 8201
34918 15 2 8369
34920 15 4 8370
34924 15 2 8953
34926 15 4 8954
34928 15 14 8956
34930 15 10 8203
34932 15 14 8204
34934 15 20 8373
34936 15 22 8374
34940 15 10 8955
34942 15 22 8958
34944 15 0 8960
34946 15 24 8207
34948 15 2 8209
34950 15 2 8377
34952 15 4 8378
34956 15 24 8959
34958 15 4 8962
34960 15 20 8965
34962 15 10 8211
34964 15 14 8212
34966 15 20 8381
34968 15 24 8383
34972 15 14 8964
34974 15 22 8966
34976 15 2 8969
34978 15 24 8215
34980 15 0 8216
34982 15 2 8385
34984 15 4 8386
34988 15 24 8967
34990 15 4 8970
34992 15 20 8973
34994 15 10 8219
34996 15 14 8220
34998 15 20 8389
35000 15 24 8391
35004 15 10 8971
35006 15 22 8974
35008 15 2 8977
35010 15 0 8448
35012 15 2 8505
35030 15 0 8712
35032 15 24 9071
35044 15 24 8223
35046 15 2 8225
35048 15 2 8393
35050 15 10 8395
35054 15 0 8976
35056 15 14 8980
35058 15 24 8983
35064 15 20 8229
35066 15 22 8230
35068 15 20 8309
35070 15 22 8310
35074 15 24 8903
35076 15 10 8995
35078 15 20 8997
35080 15 20 8693
35082 15 22 9070
35094 15 24 8559
35096 15 4 8706
35098 15 10 9067
35116 15 2 8561
35118 15 10 8563
35136 15 0 8688
35138 15 20 9069
35160 15 0 8552
35174 15 4 8234
35176 15 14 8236
35178 15 20 8397
35180 15 24 8399
35184 15 20 8981
35186 15 2 9001
35188 15 4 9002
35190 15 0 9072
35192 15 2 9073
35216 15 4 9074
35218 15 14 9076
35242 15 20 8293
35244 15 2 8793
35246 15 14 8684
35248 15 22 9078
35260 15 14 9044
35262 15 20 9045
35264 15 24 8543
35266 15 4 9106
35274 15 22 8286
35276 15 20 9117
35280 15 4 8754
35286 15 24 8447
35288 15 10 8467
35290 15 24 8519
35308 15 0 8520
35310 15 2 9081
35326 15 2 8521
35328 15 4 9082
35344 15 4 8522
35346 15 14 9084
35362 15 10 8523
35364 15 22 9086
35376 15 14 8516
35378 15 24 9087
35390 15 14 8524
35392 15 0 9088
35404 15 10 8515
35406 15 2 9089
35418 15 20 8525
35420 15 4 9090
35432 15 4 8514
35434 15 10 9091
35446 15 22 8526
35448 15 14 9092
35460 15 2 8513
35462 15 22 9094
35474 15 24 8527
35476 15 20 9093
35488 15 10 8531
35490 15 24 9095
35502 15 0 8512
35504 15 0 9096
35516 15 4 8530
35518 15 2 9097
35530 15 14 8532
35532 15 4 9098
35544 15 20 8533
35546 15 10 9099
35558 15 22 8534
35560 15 14 9100
35572 15 24 8535
35574 15 20 9101
35588 15 14 8436
35590 15 4 8794
35592 15 2 8537
35594 15 22 9102
35606 15 2 9153
35612 15 4 8538
35614 15 0 9104
35626 15 0 8536
35628 15 24 9103
35640 15 14 8540
35642 15 2 9105
35664 15 10 8547
35666 15 22 9110
35680 15 24 9111
35694 15 14 9020
35698 15 2 9137
35718 15 0 8544
35796 15 22 8566
35798 15 0 9112
35846 15 2 8689
35848 15 14 8716
35870 15 10 8403
35872 15 24 8615
35874 15 0 8616
35876 15 4 8666
35878 15 10 9115
35916 15 20 8285
35920 15 10 8667
35934 15 2 8233
35936 15 10 8283
35938 15 14 8564
35940 15 14 8844
35942 15 10 8987
35944 15 4 9162
35978 15 24 8295
35980 15 4 8834
35982 15 20 8837
35992 15 24 8415
35994 15 2 8417
35996 15 14 8420
36000 15 22 8838
36028 15 24 8455
36030 15 2 8657
36032 15 0 9056
36034 15 20 9133
36036 15 24 9135
36042 15 4 8466
36046 15 2 9201
36050 15 4 8690
36052 15 2 8705
36054 15 22 8262
36056 15 24 8263
36058 15 10 8499
36060 15 20 8597
36062 15 14 9188
36090 15 2 8681
36092 15 0 8752
36100 15 0 8664
36102 15 14 9164
36110 15 24 8807
36112 15 10 9075
36114 15 0 9080
36128 15 14 8668
36130 15 20 8677
36132 15 22 8678
36134 15 14 9148
36136 15 24 9151
36142 15 10 9203
36146 15 0 8584
36148 15 10 8859
36150 15 14 8860
36172 15 4 8242
36174 15 20 8253
36176 15 2 8489
36180 15 4 8586
36182 15 20 8861
36184 15 22 8862
36186 15 4 9178
36214 15 2 8593
36216 15 14 8868
36218 15 20 8869
36242 15 4 8594
36246 15 0 8872
36270 15 22 8598
36272 15 20 8877
36274 15 22 8878
36296 15 20 8613
36298 15 14 8676
36316 15 10 8659
36318 15 20 8661
36322 15 0 8680
36326 15 22 9150
36330 15 22 8614
36332 15 4 8882
36334 15 20 8885
36356 15 2 8553
36358 15 24 8671
36360 15 4 9034
36378 15 2 9009
36408 15 0 8472
36410 15 24 9119
36412 15 2 9121
36414 15 22 8238
36418 15 10 8835
36420 15 20 8541
36456 15 14 8284
36458 15 22 8462
36460 15 14 9012
36462 15 22 9118
36464 15 24 9159
36466 15 0 9160
36506 15 24 8271
36520 15 2 8625
36524 15 10 9107
36526 15 14 8572
36528 15 22 8686
36530 15 22 8710
36532 15 20 8789
36556 15 24 9015
36588 15 10 8699
36602 15 10 8435
36604 15 4 9146
36618 15 24 8719
36620 15 0 8720
36622 15 14 8756
36624 15 20 8757
36640 15 2 8297
36644 15 10 8723
36646 15 14 8724
36648 15 22 8758
36680 15 20 8725
36682 15 24 8759
36710 15 2 8305
36714 15 22 8726
36716 15 0 8760
36748 15 24 8727
36750 15 2 8761
36782 15 0 8728
36784 15 4 8762
36812 15 2 8369
36816 15 2 8729
36818 15 10 8763
36850 15 4 8730
36852 15 14 8764
36884 15 10 8731
36886 15 20 8765
36918 15 14 8732
36920 15 22 8766
36952 15 20 8733
36954 15 24 8767
36986 15 22 8734
36988 15 0 8768
37020 15 24 8735
37022 15 2 8769
37064 15 10 8747
37098 15 14 8748
37100 15 24 8783
37130 15 2 8745
37132 15 4 8746
37134 15 10 8771
37168 15 4 8770
37198 15 0 8744
37202 15 14 8772
37232 15 24 8743
37236 15 20 8773
37266 15 22 8742
37270 15 22 8774
37300 15 20 8741
37304 15 24 8775
37334 15 14 8740
37338 15 0 8776
37364 15 2 8321
37368 15 10 8739
37372 15 2 8777
37402 15 4 8738
37406 15 4 8778
37436 15 2 8737
37440 15 10 8779
37470 15 0 8736
37474 15 14 8780
37502 15 24 8407
37504 15 4 8714
37508 15 20 8781
37510 15 22 8782
37540 15 10 8411
37542 15 10 8715
37546 15 0 8784
37548 15 2 8785
37578 15 2 8713
37610 15 10 8539
37612 15 14 9132
37618 15 20 8709
37624 15 24 8791
37654 15 4 8602
37658 15 4 9114
37664 15 22 8750
37666 15 10 8755
37668 15 14 8788
37690 15 10 8843
37694 15 4 9130
37700 15 22 9006
37710 15 20 8437
37712 15 22 8670
37714 15 24 8703
37716 15 20 8749
37742 15 4 8874
37752 15 2 8265
37754 15 20 8269
37756 15 14 8292
37758 15 22 8502
37760 15 14 8508
37762 15 0 8600
37764 15 24 8623
37766 15 24 9191
37768 15 24 9199
37812 15 2 8257
37814 15 4 8258
37816 15 10 8259
37818 15 22 8494
37820 15 24 8495
37822 15 24 8591
37824 15 0 8592
37826 15 24 9183
37828 15 0 9184
37884 15 0 8248
37886 15 2 8249
37888 15 14 8484
37890 15 20 8581
37892 15 20 9173
37922 15 4 8250
37924 15 20 8485
37926 15 22 8582
37928 15 22 9174
37958 15 10 8251
37960 15 22 8486
37962 15 24 8583
37964 15 24 9175
37994 15 14 8252
37996 15 24 8487
38000 15 0 9176
38028 15 22 8254
38030 15 24 8255
38032 15 10 8491
38034 15 14 8588
38036 15 14 9180
38066 15 0 8256
38068 15 14 8492
38070 15 20 8589
38072 15 20 9181
38104 15 20 8493
38106 15 22 8590
38108 15 22 9182
38136 15 14 8244
38138 15 20 8245
38140 15 0 8480
38142 15 10 8595
38144 15 2 9169
38174 15 22 8246
38176 15 2 8481
38178 15 4 8578
38180 15 4 9170
38208 15 14 8260
38210 15 20 8261
38212 15 2 8497
38216 15 4 9186
38248 15 4 8498
38250 15 14 8596
38252 15 10 9187
38282 15 0 8264
38284 15 14 8500
38288 15 20 9189
38320 15 20 8501
38322 15 24 8599
38324 15 22 9190
38360 15 0 8792
38362 15 4 8850
38364 15 14 8852
38382 15 10 8267
38384 15 24 8503
38386 15 2 8601
38388 15 0 9192
38422 15 14 9204
38426 15 22 8270
38428 15 0 8504
38430 15 22 8606
38432 15 2 9193
38462 15 22 8790
38466 15 22 8846
38512 15 14 8460
38516 15 4 9154
38536 15 22 8278
38538 15 4 8506
38542 15 14 9196
38574 15 0 8496
38578 15 2 9185
38634 15 22 9142
38644 15 10 8443
38736 15 4 8786
38738 15 4 8842
38742 15 20 9149
38764 15 0 8416
38766 15 22 8510
38768 15 0 8624
38770 15 0 9200
38886 15 0 8488
38888 15 2 8585
38890 15 2 9177
38918 15 22 8558
38924 15 14 9036
38954 15 24 8247
38958 15 10 8483
38960 15 14 8580
38962 15 14 9172
38996 15 2 8449
39006 15 4 8490
39008 15 10 8587
39010 15 10 9179
39058 15 22 8446
39060 15 22 8542
39062 15 10 8627
39064 15 20 9213
39098 15 20 8629
39122 15 2 8241
39124 15 22 8430
39126 15 24 8847
39128 15 2 9161
39166 15 20 8557
39168 15 24 8567
39186 15 10 9195
39188 15 4 9138
39200 15 10 8811
39206 15 22 8870
39232 15 20 8421
39234 15 24 8439
39236 15 2 8441
39240 15 10 9123
39242 15 14 9124
39288 15 20 8293
39290 15 2 8401
39346 15 20 8565
39348 15 4 8658
39374 15 24 8423
39378 15 2 8457
39380 15 2 9001
39384 15 22 9134
39426 15 10 8787
39434 15 2 8689
39436 15 2 9009
39464 15 22 9206
39514 15 14 9212
39528 15 0 9024
39530 15 14 8444
39542 15 22 9030
39544 15 10 9115
39546 15 10 8227
39550 15 22 8574
39554 15 20 9125
39566 15 24 9167
39568 15 10 8979
39576 15 22 8854
39578 15 24 8855
39580 15 0 8856
39582 15 2 8857
39584 15 4 8858
39586 15 24 8863
39588 15 0 8864
39590 15 2 8865
39592 15 4 8866
39594 15 10 8867
39596 15 24 9127
39598 15 24 8871
39600 15 24 8879
39604 15 14 8660
39610 15 2 8425
39614 15 20 8701
39616 15 4 9194
39622 15 10 8875
39624 15 14 8876
39626 15 0 8880
39628 15 10 8883
39630 15 4 9058
39632 15 10 9155
39634 15 14 9156
39636 15 4 8266
39640 15 0 8464
39672 15 0 9008
39674 15 22 9022
39704 15 2 8985
39726 15 20 8989
39728 15 10 9011
39742 15 10 8683
39764 15 2 8681
39796 15 2 8297
39816 15 2 8361
39884 15 2 8745
39960 15 10 8795
39962 15 14 8796
39970 15 2 12593
39972 15 0 12608
39976 15 24 12607
39978 15 14 12612
39982 15 2 12825
39984 15 4 12826
39986 15 10 12827
39988 15 4 12858
39990 15 24 13015
39992 15 0 13016
39994 15 4 13018
39996 15 24 13031
39998 15 0 13032
40000 15 4 13034
40002 15 20 13045
40004 15 10 13115
40008 15 10 12603
40010 15 14 12604
40012 15 20 12605
40014 15 22 12606
40016 15 22 13262
40018 15 10 12579
40022 15 2 12649
40024 15 2 12737
40032 15 10 12619
40036 15 20 12597
40038 15 0 12648
40040 15 2 12753
40044 15 24 12967
40046 15 0 12968
40048 15 4 12970
40050 15 10 12979
40054 15 14 12596
40058 15 2 12609
40060 15 22 12614
40062 15 0 12616
40064 15 2 12617
40066 15 24 12671
40068 15 22 12846
40070 15 2 12985
40084 15 22 12662
40088 15 24 12863
40090 15 0 12864
40092 15 4 12866
40094 15 4 12874
40096 15 2 13129
40098 15 4 13130
40100 15 10 13131
40102 15 14 13132
40104 15 20 13189
40106 15 24 13207
40108 15 4 13258
40110 15 10 13259
40116 15 24 12663
40118 15 4 12674
40120 15 14 13252
40122 15 20 13253
40124 15 22 13254
40126 15 24 13255
40128 15 4 13306
40132 15 0 12656
40140 15 20 12613
40146 15 24 12775
40148 15 2 13025
40152 15 22 12670
40154 15 4 12762
40162 15 0 12872
40168 15 22 12318
40170 15 4 12402
40172 15 2 12849
40174 15 24 13247
40186 15 2 12865
40190 15 20 13061
40202 15 0 13248
40216 15 20 12781
40218 15 22 12806
40222 15 14 12580
40224 15 20 12581
40226 15 22 12870
40228 15 14 12972
40230 15 2 13001
40232 15 22 13142
40234 15 22 13206
40240 15 24 12759
40246 15 2 12673
40254 15 4 12618
40256 15 10 12795
40262 15 20 13125
40264 15 10 13179
40266 15 14 13180
40274 15 14 12828
40282 15 14 13060
40286 15 4 13114
40288 15 2 13169
40290 15 4 13170
40292 15 10 13171
40294 15 14 13172
40306 15 0 12400
40310 15 20 12589
40322 15 4 13218
40324 15 10 13219
40326 15 14 13220
40328 15 20 13221
40344 15 14 12540
40346 15 20 12541
40348 15 20 13133
40350 15 24 13135
40352 15 0 13136
40354 15 0 13224
40362 15 2 13033
40370 15 14 12796
40378 15 14 12468
40380 15 14 13156
40382 15 4 13194
40384 15 24 13263
40392 15 10 12763
40398 15 14 13148
40400 15 22 13150
40404 15 4 12306
40406 15 10 12307
40408 15 20 12309
40410 15 10 12635
40412 15 2 12697
40414 15 4 12698
40416 15 10 12699
40418 15 14 12700
40420 15 22 12310
40422 15 24 12311
40424 15 0 12312
40426 15 14 12636
40428 15 20 12701
40430 15 22 12702
40432 15 24 12703
40434 15 0 12704
40436 15 4 12314
40438 15 10 12315
40440 15 20 12317
40442 15 24 12455
40444 15 2 12457
40446 15 4 12458
40448 15 20 12637
40450 15 2 12705
40452 15 24 12319
40454 15 0 12320
40456 15 2 12321
40458 15 2 12409
40460 15 4 12410
40462 15 10 12411
40464 15 22 12638
40466 15 10 12675
40468 15 22 12622
40470 15 14 12676
40472 15 20 12677
40474 15 22 12678
40476 15 24 12679
40478 15 24 12623
40480 15 0 12680
40482 15 2 12681
40484 15 4 12682
40486 15 10 12683
40488 15 20 12413
40490 15 22 12414
40492 15 24 12415
40494 15 0 12624
40496 15 14 12684
40498 15 2 12417
40500 15 4 12418
40502 15 10 12419
40504 15 2 12625
40506 15 20 12685
40508 15 20 12421
40510 15 22 12422
40512 15 24 12423
40514 15 4 12626
40516 15 22 12686
40518 15 2 12425
40520 15 4 12426
40522 15 10 12427
40524 15 10 12627
40526 15 24 12687
40528 15 20 12429
40530 15 22 12430
40532 15 24 12431
40534 15 14 12628
40536 15 0 12688
40538 15 2 12433
40540 15 4 12434
40542 15 10 12435
40544 15 20 12629
40546 15 2 12689
40548 15 0 12288
40550 15 20 12437
40552 15 22 12438
40554 15 24 12439
40556 15 22 12630
40558 15 4 12690
40560 15 4 12290
40562 15 10 12291
40564 15 14 12292
40566 15 2 12441
40568 15 4 12442
40570 15 10 12443
40572 15 24 12631
40574 15 10 12691
40576 15 22 12302
40578 15 24 12303
40580 15 2 12305
40582 15 4 12634
40584 15 20 12693
40586 15 22 12694
40588 15 24 12695
40590 15 0 12696
40594 15 4 13146
40602 15 10 12323
40604 15 14 12324
40606 15 22 12326
40608 15 10 12459
40610 15 14 12460
40612 15 22 12462
40614 15 24 12639
40616 15 4 12706
40618 15 24 12327
40620 15 0 12328
40622 15 2 12329
40624 15 0 12640
40626 15 10 12707
40628 15 14 12708
40630 15 20 12709
40632 15 22 12710
40634 15 10 12331
40636 15 14 12332
40638 15 22 12334
40640 15 2 12641
40642 15 24 12711
40644 15 0 12712
40646 15 2 12713
40648 15 4 12714
40650 15 24 12335
40652 15 0 12336
40654 15 4 12338
40656 15 4 12642
40658 15 10 12715
40660 15 14 12716
40662 15 20 12717
40664 15 22 12718
40666 15 10 12339
40668 15 14 12340
40670 15 20 12341
40672 15 24 12463
40674 15 2 12465
40676 15 4 12466
40678 15 10 12643
40680 15 24 12719
40682 15 24 12343
40684 15 0 12344
40686 15 4 12346
40688 15 14 12644
40690 15 0 12720
40692 15 2 12721
40694 15 4 12722
40696 15 10 12723
40698 15 10 12347
40700 15 14 12348
40702 15 20 12349
40704 15 20 12645
40706 15 14 12724
40708 15 20 12725
40710 15 22 12726
40712 15 24 12727
40714 15 24 12351
40716 15 0 12352
40718 15 4 12354
40720 15 22 12646
40722 15 0 12728
40724 15 2 12729
40726 15 4 12730
40728 15 10 12731
40734 15 0 13144
40742 15 20 12405
40744 15 4 12786
40746 15 14 12844
40752 15 10 12355
40754 15 14 12356
40756 15 20 12357
40758 15 24 12647
40760 15 14 12732
40762 15 20 12733
40764 15 22 12734
40766 15 24 12735
40770 15 22 12366
40772 15 24 12367
40774 15 0 12368
40776 15 24 12655
40778 15 2 12745
40780 15 4 12746
40782 15 10 12747
40784 15 14 12748
40786 15 24 12791
40792 15 0 12768
40794 15 2 12769
40796 15 20 12789
40804 15 4 12770
40806 15 14 12788
40816 15 24 12799
40828 15 22 12774
40834 15 14 12372
40836 15 20 12373
40838 15 24 12375
40840 15 4 12658
40842 15 10 12739
40844 15 14 12740
40846 15 20 12741
40848 15 22 12742
40852 15 20 12773
40854 15 10 12787
40882 15 4 12754
40884 15 10 12755
40886 15 4 13066
40888 15 10 13067
40890 15 0 12552
40896 15 2 12793
40902 15 4 13178
40904 15 10 13187
40914 15 2 13017
40920 15 4 12370
40922 15 10 12547
40924 15 14 12548
40926 15 20 12549
40928 15 22 12550
40930 15 4 12474
40934 15 24 13143
40944 15 0 12392
40950 15 2 13145
40964 15 10 13147
40974 15 20 13149
40980 15 10 12403
40984 15 24 13151
40994 15 0 13152
41002 15 0 12576
41006 15 2 13153
41020 15 4 13154
41028 15 2 12553
41034 15 10 13155
41048 15 20 13157
41056 15 4 12538
41062 15 22 13158
41076 15 24 13159
41086 15 4 12546
41090 15 0 13160
41100 15 4 12554
41104 15 14 13164
41118 15 4 13162
41132 15 20 13165
41140 15 2 12545
41146 15 22 13166
41156 15 24 12615
41162 15 24 12543
41168 15 24 13167
41178 15 24 12559
41182 15 0 13168
41196 15 20 13173
41208 15 14 12756
41220 15 24 13175
41230 15 22 12590
41232 15 10 12963
41234 15 20 12965
41236 15 2 13041
41238 15 20 13301
41262 15 10 12571
41266 15 0 13176
41280 15 4 13186
41290 15 14 12980
41292 15 20 12981
41294 15 22 12982
41296 15 24 12983
41298 15 0 13192
41304 15 0 13040
41318 15 2 13201
41324 15 20 12389
41332 15 2 12801
41340 15 10 12611
41342 15 4 13202
41344 15 14 13204
41346 15 24 12551
41348 15 20 12661
41352 15 10 13203
41356 15 20 13205
41394 15 0 12544
41398 15 24 12607
41400 15 14 12852
41432 15 24 12871
41434 15 22 13022
41452 15 10 12595
41454 15 20 12613
41456 15 0 12832
41458 15 2 12833
41460 15 4 12834
41462 15 10 12835
41464 15 24 12839
41466 15 0 12840
41468 15 2 12841
41470 15 4 12842
41472 15 10 13027
41474 15 14 13028
41476 15 22 13030
41478 15 0 13064
41510 15 24 13207
41516 15 10 12859
41518 15 14 12860
41520 15 20 12861
41522 15 22 12862
41524 15 2 13265
41530 15 4 12578
41532 15 22 12406
41536 15 10 13059
41538 15 4 13266
41544 15 4 12802
41546 15 20 13077
41548 15 22 13078
41550 15 24 13079
41558 15 20 12757
41560 15 10 12395
41562 15 20 12397
41564 15 22 12398
41566 15 0 12808
41568 15 4 13082
41570 15 10 13083
41572 15 14 13084
41574 15 20 13085
41576 15 20 13181
41578 15 22 13182
41580 15 24 13183
41582 15 0 13184
41584 15 24 13215
41604 15 20 12749
41606 15 22 12750
41608 15 24 12751
41610 15 0 12752
41612 15 24 12975
41614 15 0 12976
41616 15 2 12977
41618 15 4 12978
41626 15 0 13104
41652 15 22 12854
41654 15 24 12855
41656 15 0 12856
41658 15 2 12857
41674 15 0 13080
41678 15 10 13219
41682 15 2 13225
41684 15 4 13226
41686 15 10 13227
41688 15 14 13228
41690 15 10 13267
41694 15 10 12387
41696 15 22 12566
41698 15 24 12999
41700 15 0 13000
41710 15 10 12827
41716 15 22 13190
41728 15 0 12848
41738 15 0 13304
41750 15 2 12577
41754 15 22 13134
41756 15 24 13135
41758 15 22 13302
41772 15 2 13137
41774 15 4 13138
41776 15 10 13139
41778 15 14 13140
41782 15 22 13118
41784 15 24 13119
41786 15 0 13120
41788 15 2 13121
41790 15 24 12359
41792 15 0 12760
41794 15 2 12761
41796 15 22 13046
41798 15 24 13047
41810 15 0 12360
41812 15 0 12520
41814 15 0 13048
41816 15 2 13049
41818 15 14 13116
41828 15 2 12361
41830 15 24 12567
41832 15 0 12568
41834 15 4 12570
41836 15 14 12588
41838 15 0 12776
41840 15 22 13014
41842 15 4 13050
41844 15 22 13246
41846 15 2 13305
41870 15 4 12362
41872 15 14 12764
41876 15 10 13051
41892 15 10 12363
41896 15 20 12765
41898 15 14 13052
41900 15 20 13053
41918 15 0 13032
41928 15 0 13072
41930 15 14 13108
41932 15 20 13109
41934 15 22 13110
41936 15 24 13111
41938 15 20 12365
41940 15 14 12772
41942 15 22 12790
41944 15 24 13055
41946 15 2 13057
41960 15 14 12396
41966 15 24 12599
41968 15 2 12601
41970 15 4 12602
41972 15 10 12803
41974 15 14 12804
41986 15 0 13208
41988 15 2 13209
41990 15 4 13210
41992 15 10 13211
42026 15 22 12950
42044 15 14 13068
42046 15 20 13069
42048 15 22 13070
42050 15 24 13071
42052 15 22 12390
42070 15 22 12974
42084 15 0 12664
42088 15 22 12598
42092 15 24 13303
42098 15 10 12371
42100 15 2 12809
42102 15 10 12811
42104 15 14 12812
42106 15 22 12958
42112 15 2 12609
42114 15 24 12671
42116 15 0 12560
42118 15 2 12561
42120 15 4 12562
42132 15 22 12758
42144 15 24 12863
42150 15 20 13189
42162 15 24 12583
42166 15 2 13001
42182 15 22 12894
42184 15 24 12895
42186 15 0 12896
42188 15 2 12897
42190 15 4 13274
42192 15 14 13276
42194 15 20 13277
42196 15 22 13278
42198 15 24 13279
42216 15 10 12475
42218 15 14 12476
42220 15 22 12478
42222 15 4 12906
42224 15 14 12908
42226 15 20 12909
42228 15 4 12914
42230 15 2 13281
42232 15 10 13283
42254 15 24 12479
42256 15 0 12480
42258 15 2 12481
42262 15 24 12919
42266 15 14 13284
42288 15 10 12483
42290 15 20 12485
42292 15 22 12486
42296 15 0 12920
42300 15 22 13286
42324 15 20 12925
42326 15 22 12926
42328 15 24 12927
42330 15 0 12928
42334 15 0 13288
42358 15 4 12930
42360 15 10 12931
42362 15 14 12932
42364 15 20 12933
42368 15 4 13290
42386 15 24 12495
42388 15 0 12496
42390 15 4 12498
42398 15 24 12935
42402 15 14 13292
42424 15 10 12499
42426 15 14 12500
42428 15 22 12502
42432 15 0 12936
42436 15 20 13293
42458 15 24 12503
42460 15 2 12505
42462 15 4 12506
42466 15 20 12941
42470 15 24 13295
42494 15 22 12942
42496 15 24 12943
42498 15 0 12944
42500 15 2 12945
42504 15 0 13296
42522 15 10 12507
42524 15 20 12509
42526 15 22 12510
42534 15 4 12946
42538 15 2 13297
42560 15 24 12511
42562 15 0 12512
42564 15 4 12514
42568 15 10 12947
42572 15 4 13298
42594 15 10 12515
42596 15 20 12517
42598 15 22 12518
42602 15 14 12948
42606 15 10 13299
42624 15 4 12890
42626 15 10 12891
42628 15 14 12892
42630 15 20 12893
42638 15 0 13272
42662 15 2 12521
42664 15 4 12522
42666 15 14 12524
42670 15 20 12949
42674 15 14 13300
42692 15 22 12878
42694 15 24 12879
42696 15 0 12880
42698 15 2 12881
42700 15 4 12882
42702 15 14 12884
42704 15 20 12885
42706 15 22 13270
42708 15 24 13271
42728 15 10 12883
42766 15 22 12886
42768 15 24 12887
42770 15 0 12888
42772 15 2 12889
42776 15 2 13273
42800 15 4 12898
42802 15 10 12899
42804 15 14 12900
42806 15 20 12901
42810 15 10 13275
42834 15 22 12902
42836 15 24 12903
42838 15 0 12904
42840 15 2 12905
42844 15 0 13280
42868 15 22 12910
42870 15 24 12911
42872 15 0 12912
42874 15 2 12913
42878 15 4 13282
42902 15 10 12915
42904 15 14 12916
42906 15 20 12917
42908 15 22 12918
42912 15 20 13285
42936 15 2 12921
42938 15 4 12922
42940 15 10 12923
42942 15 14 12924
42946 15 24 13287
42964 15 24 12487
42966 15 0 12488
42968 15 2 12489
42976 15 2 12929
42980 15 2 13289
43002 15 10 12491
43004 15 14 12492
43006 15 20 12493
43010 15 22 12934
43014 15 10 13291
43038 15 2 12937
43040 15 4 12938
43042 15 10 12939
43044 15 14 12940
43048 15 22 13294
43066 15 22 12526
43068 15 24 12527
43070 15 2 12529
43072 15 14 12876
43080 15 14 13268
43104 15 4 12530
43106 15 14 12532
43108 15 20 12533
43110 15 20 12877
43114 15 20 13269
43134 15 10 12843
43162 15 0 12800
43164 15 22 13222
43166 15 24 12823
43172 15 10 12563
43174 15 0 12592
43212 15 22 12542
43214 15 4 12594
43216 15 2 12657
43218 15 4 12794
43228 15 24 12519
43230 15 10 12603
43232 15 14 12604
43234 15 20 12605
43236 15 22 12606
43238 15 20 13245
43240 15 0 12584
43242 15 2 12585
43244 15 4 12586
43246 15 10 12587
43248 15 10 12555
43250 15 14 12556
43252 15 20 12557
43254 15 22 12558
43256 15 24 12767
43260 15 22 12982
43262 15 24 13103
43266 15 0 13216
43286 15 14 12468
43288 15 24 13263
43294 15 24 12471
43296 15 14 12572
43298 15 20 12573
43300 15 22 12574
43302 15 24 12575
43304 15 14 13092
43306 15 2 13105
43310 15 0 12472
43314 15 22 13102
43316 15 0 13112
43324 15 0 12536
43326 15 22 13086
43328 15 20 13141
43334 15 10 12379
43338 15 24 13087
43344 15 14 12380
43350 15 0 13088
43358 15 20 12381
43366 15 2 13113
43376 15 22 12382
43378 15 2 13089
43380 15 20 13117
43386 15 24 12383
43390 15 4 13090
43396 15 22 12470
43406 15 0 12376
43408 15 20 13093
43410 15 22 13094
43416 15 2 12377
43418 15 4 12650
43428 15 2 12385
43434 15 2 12569
43442 15 24 13095
43464 15 4 12386
43478 15 14 12388
43486 15 0 13096
43496 15 14 12404
43514 15 0 12408
43518 15 24 12959
43520 15 0 12960
43522 15 24 13063
43528 15 0 12384
43532 15 2 13097
43548 15 4 12666
43550 15 10 12667
43552 15 14 12668
43554 15 20 12669
43556 15 10 12971
43558 15 24 12391
43564 15 20 13101
43582 15 24 13223
43598 15 20 12789
43602 15 4 13042
43634 15 20 12981
43640 15 20 13197
43642 15 24 13199
43644 15 0 13200
43648 15 2 13217
43660 15 2 12401
43668 15 4 13106
43678 15 2 12393
43714 15 2 13009
43718 15 10 13203
43752 15 2 13249
43758 15 22 12318
43760 15 2 12473
43766 15 10 13123
43812 15 10 12867
43816 15 24 12399
43828 15 24 12775
43830 15 4 12874
43832 15 2 13025
43854 15 24 12535
43856 15 4 12738
43858 15 10 12771
43860 15 20 12869
43864 15 2 13193
43884 15 2 12865
43890 15 10 12467
43900 15 20 12845
43906 15 0 13136
43924 15 10 12539
43932 15 24 12591
43934 15 14 12660
43936 15 14 12836
43938 15 2 12873
43942 15 2 13161
43968 15 20 12469
43970 15 10 12651
43972 15 14 12652
43974 15 20 12653
43976 15 22 12654
43980 15 4 12810
43984 15 22 13062
43986 15 14 13100
44018 15 14 12396
44020 15 22 12398
44022 15 2 12665
44024 15 0 12736
44026 15 2 12793
44028 15 4 12850
44030 15 10 12851
44076 15 24 12807
44078 15 10 13027
44080 15 20 13029
44104 15 22 12406
44116 15 0 12400
44120 15 22 12998
44122 15 24 13031
44126 15 10 13115
44136 15 14 13156
44150 15 4 12962
44158 15 0 13248
44162 15 0 12528
44166 15 22 12534
44168 15 2 12745
44170 15 4 12746
44172 15 2 12777
44174 15 4 12778
44176 15 10 12779
44178 15 20 12853
44180 15 22 13038
44182 15 10 13043
44184 15 10 13163
44230 15 10 12755
44236 15 14 12964
44240 15 22 12966
44274 15 2 13033
44292 15 4 12610
44306 15 10 12531
44310 15 20 12565
44312 15 10 12739
44316 15 22 12782
44318 15 0 12784
44320 15 2 12785
44322 15 22 12854
44324 15 24 12855
44326 15 0 12856
44328 15 14 13044
44330 15 22 13054
44332 15 22 13174
44334 15 20 13213
44368 15 22 12598
44370 15 14 12972
44374 15 22 12590
44398 15 24 12967
44400 15 0 12968
44402 15 2 12969
44404 15 4 12970
44406 15 10 12979
44410 15 14 13308
44412 15 24 13311
44434 15 2 12977
44452 15 0 13104
44492 15 0 12984
44496 15 14 13252
44498 15 24 13255
44500 15 4 13306
44506 15 10 12875
44510 15 4 12402
44512 15 24 13015
44514 15 2 13017
44534 15 14 13028
44550 15 0 12952
44566 15 0 12600
44576 15 0 13224
44578 15 10 12547
44584 15 20 12797
44586 15 22 12798
44590 15 20 13253
44592 15 22 13254
44614 15 20 12813
44616 15 22 12814
44620 15 24 12815
44622 15 0 12816
44624 15 2 12817
44626 15 4 12818
44628 15 10 12819
44630 15 14 12820
44632 15 20 12821
44634 15 22 12822
44644 15 22 13302
44646 15 0 12824
44648 15 20 12829
44652 15 20 12973
44654 15 2 12825
44656 15 4 12826
44662 15 2 13169
44664 15 4 13170
44666 15 10 13171
44668 15 14 13172
44680 15 22 12830
44682 15 24 12831
44684 15 20 12837
44686 15 22 12838
44688 15 20 12525
44690 15 2 12953
44692 15 4 12954
44694 15 14 12956
44696 15 10 13091
44700 15 2 12617
44702 15 22 12846
44704 15 2 12985
44712 15 10 12371
44720 15 0 12672
44732 15 2 13073
44734 15 10 13075
44736 15 14 13076
44740 15 10 13195
44768 15 24 12743
44770 15 0 12744
44772 15 20 12805
44780 15 2 13065
44784 15 4 13074
44790 15 14 13124
44820 15 24 12847
44836 15 2 12849
44840 15 22 12982
44850 15 24 12839
44852 15 0 12840
44854 15 2 12841
44856 15 4 12842
44870 15 20 12621
44872 15 4 13098
44874 15 10 13099
44876 15 14 12852
44892 15 24 12615
44904 15 14 12580
44906 15 24 12583
44940 15 22 12958
44956 15 0 12392
44960 15 24 12895
44968 15 4 12906
44970 15 10 12907
44972 15 14 12908
44978 15 20 13277
44980 15 22 13278
44982 15 24 13279
45018 15 4 12914
45030 15 14 13284
45050 15 0 13288
45060 15 4 13290
45066 15 4 12498
45068 15 24 12935
45070 15 14 13292
45072 15 10 12499
45074 15 14 12500
45084 15 2 12505
45086 15 4 12506
45088 15 20 12941
45114 15 20 12509
45116 15 22 12510
45118 15 4 12946
45120 15 2 13297
45122 15 24 12511
45128 15 10 12947
45130 15 4 13298
45138 15 14 12948
45140 15 10 13299
45144 15 14 12532
45162 15 4 12882
45164 15 10 12883
45166 15 14 12884
45178 15 2 12889
45180 15 2 13273
45182 15 4 12890
45188 15 20 12893
45196 15 14 12900
45204 15 24 12903
45206 15 0 12904
45208 15 2 12905
45212 15 22 12910
45218 15 2 12913
45222 15 10 12915
45224 15 14 12916
45228 15 22 12918
45240 15 24 13287
45242 15 24 12487
45246 15 2 12489
45250 15 2 13289
45256 15 20 12493
45260 15 10 13291
45262 15 2 12937
45270 15 22 13294
45272 15 2 12521
45274 15 4 12522
45276 15 14 12524
45280 15 14 13300
45284 15 2 12377
45286 15 14 12988
45288 15 20 12989
45298 15 14 10220
45300 15 20 10221
45310 15 24 10055
45312 15 2 10057
45314 15 4 10058
45316 15 4 10226
45318 15 20 10229
45334 15 10 9267
45336 15 20 9317
45338 15 14 9668
45340 15 2 9905
45342 15 14 9908
45344 15 0 9920
45346 15 2 9921
45348 15 20 9925
45350 15 4 10082
45352 15 10 10083
45354 15 20 10085
45356 15 22 10182
45358 15 2 10185
45360 15 20 10237
45408 15 24 9663
45412 15 4 9922
45414 15 0 9992
45416 15 24 9327
45418 15 22 9742
45420 15 24 9743
45422 15 20 9821
45424 15 0 10208
45426 15 4 10210
45428 15 10 10211
45430 15 20 10197
45432 15 22 10198
45434 15 0 10200
45436 15 14 10204
45438 15 22 10206
45440 15 24 10207
45452 15 20 10205
45458 15 10 10227
45460 15 14 10228
45462 15 24 10215
45464 15 0 10216
45466 15 4 10218
45474 15 24 9295
45476 15 2 9985
45478 15 14 9988
45480 15 10 10003
45486 15 22 10222
45490 15 2 10217
45498 15 24 10223
45506 15 2 9233
45508 15 20 9309
45510 15 10 9427
45512 15 2 9561
45514 15 2 9793
45516 15 10 9795
45518 15 14 9924
45548 15 22 9950
45550 15 2 9953
45552 15 0 10032
45560 15 14 9316
45562 15 22 9358
45564 15 2 9377
45566 15 22 9926
45568 15 24 9927
45570 15 0 9928
45594 15 10 9579
45596 15 10 10043
45598 15 14 10044
45600 15 22 10046
45602 15 20 9229
45604 15 22 9230
45606 15 0 9536
45608 15 24 9991
45610 15 10 10051
45612 15 14 10052
45614 15 20 10053
45616 15 22 10054
45624 15 0 9424
45630 15 2 9993
45632 15 4 9994
45634 15 20 10125
45656 15 22 9686
45658 15 24 9687
45660 15 14 9980
45662 15 20 9981
45664 15 24 9983
45666 15 22 10238
45672 15 24 10047
45674 15 2 10049
45676 15 4 10050
45688 15 14 9556
45690 15 24 9943
45692 15 0 9944
45694 15 2 9945
45696 15 22 10126
45698 15 0 10128
45700 15 2 10129
45708 15 2 9401
45710 15 4 9530
45712 15 20 9533
45714 15 20 9669
45716 15 20 9789
45718 15 24 9791
45720 15 4 9858
45746 15 2 9313
45748 15 20 9437
45750 15 20 9549
45752 15 0 9696
45774 15 2 10089
45776 15 4 10090
45778 15 14 10092
45786 15 14 9332
45798 15 2 10169
45800 15 4 10170
45802 15 24 10231
45818 15 10 10091
45824 15 20 9269
45826 15 24 9319
45840 15 24 9583
45842 15 2 9585
45844 15 2 9673
45846 15 4 9674
45848 15 14 9676
45850 15 20 9677
45852 15 20 9797
45854 15 22 10174
45884 15 2 9225
45886 15 14 9228
45888 15 22 9422
45890 15 10 9523
45892 15 14 9524
45894 15 22 9526
45896 15 2 9545
45898 15 2 9569
45900 15 22 9910
45908 15 4 9274
45910 15 20 9277
45914 15 0 9688
45916 15 2 9689
45918 15 0 9904
45920 15 24 9975
45922 15 0 9976
45926 15 22 9270
45932 15 4 9906
45936 15 24 10007
45938 15 2 10009
45940 15 4 10010
45944 15 0 10056
45948 15 22 9238
45950 15 20 9373
45952 15 22 9870
45954 15 0 10016
45956 15 2 10017
45958 15 4 10018
45986 15 24 9439
45988 15 0 9440
45990 15 24 9639
45992 15 4 10106
45994 15 2 9441
45996 15 4 9442
45998 15 20 9637
46000 15 10 10107
46002 15 10 9443
46004 15 14 9444
46006 15 22 9638
46008 15 10 10123
46010 15 22 9446
46012 15 24 9447
46014 15 0 9640
46016 15 14 10124
46018 15 0 9448
46020 15 2 9449
46022 15 2 9641
46024 15 0 10112
46026 15 4 9450
46028 15 10 9451
46030 15 4 9642
46032 15 2 10113
46034 15 14 9452
46036 15 20 9453
46038 15 10 9643
46040 15 4 10114
46042 15 22 9454
46044 15 24 9455
46046 15 14 9644
46048 15 10 10115
46050 15 0 9456
46052 15 2 9457
46054 15 20 9645
46056 15 14 10116
46058 15 4 9458
46060 15 10 9459
46062 15 22 9646
46064 15 20 10117
46066 15 14 9460
46068 15 20 9461
46070 15 24 9647
46072 15 22 10118
46074 15 22 9462
46076 15 24 9463
46078 15 0 9648
46080 15 24 10119
46082 15 0 9464
46084 15 2 9465
46086 15 2 9649
46088 15 0 10120
46090 15 4 9466
46092 15 10 9467
46094 15 2 9625
46096 15 2 10121
46098 15 14 9468
46100 15 20 9469
46102 15 4 9626
46104 15 4 10122
46106 15 22 9470
46108 15 24 9471
46110 15 4 9650
46112 15 4 10130
46114 15 0 9472
46116 15 2 9473
46118 15 14 9652
46120 15 10 10131
46122 15 4 9474
46124 15 10 9475
46126 15 20 9653
46128 15 14 10132
46130 15 14 9476
46132 15 20 9477
46134 15 22 9654
46136 15 20 10133
46138 15 22 9478
46140 15 24 9479
46142 15 24 9655
46144 15 22 10134
46146 15 0 9480
46148 15 2 9481
46150 15 0 9656
46152 15 24 10135
46154 15 4 9482
46156 15 10 9483
46158 15 2 9657
46160 15 0 10136
46162 15 14 9484
46164 15 20 9485
46166 15 4 9658
46168 15 2 10137
46170 15 4 9234
46172 15 10 9235
46180 15 10 9971
46182 15 20 9973
46186 15 20 10045
46188 15 14 10180
46200 15 22 9486
46202 15 24 9487
46204 15 10 9659
46206 15 10 10139
46214 15 20 9445
46216 15 2 9489
46218 15 10 9651
46220 15 4 10162
46226 15 20 10069
46228 15 24 10071
46230 15 0 10072
46238 15 14 9916
46240 15 2 10033
46246 15 14 9324
46248 15 10 10059
46250 15 20 10061
46252 15 22 10062
46268 15 24 9919
46294 15 22 9318
46302 15 0 9488
46304 15 4 9490
46306 15 14 9660
46308 15 20 10173
46310 15 24 10039
46312 15 0 10040
46314 15 4 10042
46360 15 22 9574
46362 15 10 9827
46364 15 22 9902
46366 15 10 10011
46368 15 14 10012
46370 15 20 10013
46390 15 22 9630
46392 15 24 9631
46394 15 2 9633
46400 15 2 10001
46404 15 24 10127
46416 15 2 9289
46420 15 14 10084
46424 15 4 9978
46432 15 24 9287
46436 15 0 9584
46438 15 4 9586
46440 15 22 9702
46442 15 0 9704
46444 15 2 9705
46446 15 0 10000
46448 15 4 10034
46454 15 10 10171
46476 15 14 10076
46478 15 22 10078
46484 15 20 10181
46506 15 0 10064
46508 15 10 10067
46514 15 24 10167
46532 15 14 10020
46534 15 22 10022
46536 15 0 10024
46538 15 10 10027
46544 15 0 10080
46570 15 24 10087
46572 15 2 10153
46574 15 14 10156
46596 15 10 10163
46598 15 22 10166
46600 15 2 10225
46618 15 22 10094
46620 15 0 10096
46626 15 14 10212
46668 15 14 10108
46670 15 24 10111
46672 15 4 10194
46706 15 14 10140
46708 15 22 10142
46710 15 2 10201
46732 15 22 10158
46734 15 2 10161
46736 15 10 10203
46754 15 20 10149
46756 15 0 10152
46762 15 20 10213
46782 15 22 9310
46784 15 2 9537
46786 15 20 9557
46790 15 0 9680
46794 15 0 10008
46800 15 24 10175
46802 15 2 10177
46804 15 4 10202
46826 15 10 10187
46828 15 22 10190
46830 15 0 10224
46852 15 20 9829
46854 15 24 9879
46856 15 2 9881
46860 15 10 9955
46874 15 24 10239
46918 15 24 9431
46928 15 22 9622
46930 15 24 9623
46932 15 10 9979
46934 15 22 9998
46960 15 2 10081
46974 15 4 9218
46976 15 14 9580
46978 15 2 9969
46996 15 20 9589
46998 15 14 9620
47000 15 22 10006
47002 15 22 10102
47004 15 0 10104
47006 15 22 10230
47008 15 20 9541
47010 15 22 9542
47012 15 24 9543
47022 15 10 9923
47024 15 2 10073
47034 15 4 9874
47036 15 10 9875
47038 15 14 9876
47044 15 20 10093
47076 15 24 9271
47078 15 22 9334
47080 15 14 9628
47082 15 20 9661
47084 15 20 9885
47086 15 22 9886
47092 15 10 9995
47136 15 4 9690
47138 15 10 9691
47140 15 20 9693
47142 15 4 9866
47144 15 10 9867
47146 15 0 9896
47148 15 0 9912
47150 15 0 9968
47158 15 24 9887
47162 15 14 10060
47166 15 2 10145
47168 15 4 10146
47170 15 10 10147
47172 15 22 9358
47174 15 2 9377
47180 15 0 9312
47184 15 24 9951
47186 15 0 9952
47190 15 10 9355
47192 15 0 9384
47198 15 22 9670
47202 15 10 9947
47226 15 24 9263
47228 15 4 9266
47230 15 2 9273
47234 15 14 9972
47236 15 22 9974
47244 15 4 10186
47246 15 2 9297
47248 15 10 9299
47250 15 14 9300
47254 15 4 9882
47258 15 0 9304
47260 15 4 9338
47262 15 20 9629
47264 15 2 9865
47266 15 10 9891
47268 15 10 9963
47296 15 4 9314
47300 15 14 9892
47302 15 22 9894
47326 15 0 9560
47328 15 24 9911
47332 15 24 9575
47336 15 4 9970
47348 15 10 9323
47352 15 10 9547
47354 15 22 9910
47356 15 10 9915
47360 15 22 9982
47364 15 22 9758
47366 15 4 9762
47368 15 10 9835
47370 15 14 9836
47372 15 20 9837
47394 15 22 9270
47396 15 4 9322
47420 15 22 9798
47422 15 0 9800
47424 15 2 9801
47428 15 14 9868
47434 15 14 9692
47436 15 0 9960
47438 15 4 10138
47444 15 20 9565
47446 15 0 9568
47448 15 0 9664
47460 15 22 10086
47464 15 0 9576
47470 15 0 9888
47472 15 22 9934
47474 15 20 9941
47482 15 0 9784
47486 15 24 10103
47490 15 20 9325
47492 15 22 9726
47494 15 24 9727
47496 15 4 9730
47498 15 20 9733
47500 15 20 9813
47502 15 22 9814
47528 15 22 9326
47532 15 14 9732
47534 15 22 9734
47536 15 2 9737
47538 15 24 9815
47540 15 0 9816
47566 15 0 9328
47568 15 22 9750
47570 15 24 9751
47572 15 2 9825
47586 15 2 9329
47590 15 2 9761
47592 15 4 9834
47612 15 10 9331
47616 15 10 9763
47618 15 22 9766
47620 15 2 9769
47624 15 22 9838
47654 15 10 9315
47658 15 4 9906
47660 15 10 9907
47686 15 14 9860
47688 15 20 9861
47690 15 22 9862
47692 15 14 9940
47694 15 20 9949
47696 15 24 9335
47698 15 10 9779
47700 15 20 9781
47704 15 22 9790
47706 15 22 9846
47708 15 4 9850
47738 15 0 9624
47742 15 24 9783
47744 15 10 9851
47746 15 14 9852
47748 15 24 9855
47750 15 10 9883
47752 15 2 9937
47754 15 14 10004
47810 15 24 9279
47812 15 2 9281
47814 15 4 9426
47816 15 22 9494
47818 15 24 9959
47820 15 0 10232
47822 15 4 10234
47824 15 10 10235
47828 15 10 9307
47830 15 10 9635
47836 15 20 9893
47840 15 4 10074
47842 15 0 9224
47892 15 4 9538
47910 15 2 10193
47930 15 0 9552
47932 15 2 9553
47934 15 10 9555
47936 15 4 9890
47940 15 2 10233
47958 15 2 9321
47960 15 24 9375
47972 15 22 9662
47976 15 22 9830
47992 15 0 9336
47994 15 0 9376
48008 15 14 9588
48010 15 4 9938
48030 15 10 9339
48032 15 14 9340
48034 15 20 9341
48036 15 4 9386
48038 15 0 9592
48066 15 24 9343
48068 15 10 9387
48070 15 14 9388
48072 15 4 9594
48090 15 0 9344
48094 15 20 9389
48096 15 10 9595
48114 15 2 9345
48118 15 22 9390
48120 15 14 9596
48138 15 4 9346
48142 15 24 9391
48144 15 20 9597
48162 15 10 9347
48166 15 0 9392
48168 15 22 9598
48186 15 14 9348
48190 15 2 9393
48192 15 24 9599
48210 15 20 9349
48214 15 4 9394
48216 15 0 9600
48234 15 22 9350
48238 15 10 9395
48240 15 2 9601
48258 15 24 9351
48262 15 14 9396
48264 15 4 9602
48282 15 0 9352
48286 15 20 9397
48288 15 10 9603
48306 15 2 9353
48310 15 22 9398
48312 15 14 9604
48330 15 4 9354
48334 15 0 9400
48336 15 20 9605
48354 15 14 9356
48356 15 24 9399
48358 15 4 9402
48360 15 4 9618
48378 15 20 9357
48382 15 22 9414
48384 15 10 9619
48402 15 2 9369
48404 15 10 9403
48406 15 14 9404
48408 15 0 9616
48426 15 4 9370
48432 15 2 9617
48450 15 0 9368
48454 15 20 9405
48456 15 24 9615
48474 15 24 9367
48478 15 22 9406
48480 15 22 9614
48498 15 22 9366
48502 15 24 9407
48504 15 20 9613
48522 15 20 9365
48526 15 0 9408
48528 15 14 9612
48546 15 14 9364
48550 15 2 9409
48552 15 10 9611
48570 15 10 9363
48574 15 4 9410
48576 15 4 9610
48594 15 4 9362
48598 15 10 9411
48600 15 2 9609
48618 15 2 9361
48622 15 14 9412
48624 15 0 9608
48642 15 0 9360
48646 15 20 9413
48648 15 24 9607
48666 15 24 9359
48670 15 24 9591
48686 15 10 9371
48690 15 22 9606
48708 15 4 9226
48710 15 14 9636
48714 15 20 9917
48716 15 24 9919
48718 15 24 9415
48724 15 10 9283
48726 15 20 9285
48728 15 10 9291
48730 15 14 9292
48732 15 14 9684
48734 15 24 10047
48736 15 0 10048
48738 15 4 10050
48740 15 10 10179
48742 15 2 9217
48744 15 4 9578
48746 15 10 10051
48748 15 20 10053
48750 15 22 10054
48752 15 4 9418
48770 15 0 9424
48772 15 22 9374
48774 15 14 9380
48776 15 24 9383
48778 15 14 9420
48796 15 24 9663
48800 15 4 9922
48802 15 24 10063
48818 15 14 9372
48822 15 4 9546
48850 15 22 9238
48854 15 4 9770
48856 15 2 9785
48858 15 4 9826
48860 15 24 9839
48862 15 0 9840
48864 15 2 9849
48866 15 2 9857
48892 15 4 9746
48896 15 22 9822
48898 15 24 9823
48900 15 0 9824
48904 15 0 10208
48906 15 10 10211
48936 15 22 9718
48938 15 4 9722
48940 15 0 9808
48942 15 2 9809
48944 15 4 9810
48968 15 10 9811
48970 15 14 9812
49016 15 4 9738
49018 15 2 9817
49020 15 4 9818
49022 15 10 9819
49042 15 22 9742
49046 15 14 9820
49048 15 20 9821
49086 15 4 9706
49088 15 4 9754
49090 15 4 9802
49092 15 0 9832
49094 15 2 9833
49114 15 22 9710
49118 15 10 9803
49120 15 14 9804
49186 15 4 9378
49196 15 24 9775
49198 15 24 9831
49202 15 0 9848
49234 15 0 9264
49238 15 2 9433
49240 15 14 9884
49248 15 2 10105
49250 15 22 10230
49258 15 24 9847
49278 15 22 9382
49280 15 20 9421
49282 15 24 9671
49310 15 22 9566
49312 15 24 9567
49318 15 22 9918
49328 15 14 10148
49392 15 20 9301
49396 15 14 9436
49510 15 2 10009
49514 15 2 9417
49518 15 14 10028
49520 15 20 10029
49522 15 22 10030
49534 15 2 9921
49596 15 0 9416
49600 15 20 9429
49624 15 4 9858
49640 15 10 9419
49658 15 2 9793
49660 15 14 9796
49662 15 14 9924
49664 15 2 9993
49666 15 14 9996
49668 15 20 10125
49678 15 4 9682
49684 15 2 10049
49710 15 14 9492
49716 15 22 9926
49718 15 24 9927
49722 15 24 9983
49724 15 20 9989
49768 15 4 9714
49772 15 22 9806
49774 15 24 9807
49816 15 4 9274
49818 15 10 9275
49820 15 14 9276
49826 15 4 10098
49828 15 10 10099
49836 15 0 10168
49846 15 24 9943
49848 15 0 9944
49850 15 4 9946
49852 15 0 10016
49854 15 4 10018
49856 15 10 10019
49860 15 2 9841
49864 15 10 9859
49866 15 24 9871
49888 15 4 9330
49890 15 2 9385
49894 15 10 9563
49898 15 4 9794
49900 15 24 9935
49902 15 14 9948
49904 15 2 9977
49956 15 22 9534
49958 15 22 9630
49960 15 0 9632
49964 15 24 9855
49966 15 0 9856
49968 15 2 10001
49970 15 24 10015
49972 15 22 10126
50028 15 22 10214
50066 15 14 9308
50068 15 2 9665
50070 15 4 9674
50072 15 14 9676
50074 15 20 10157
50080 15 14 9908
50082 15 14 9964
50084 15 24 9967
50086 15 22 10182
50088 15 24 10183
50090 15 2 10185
50092 15 10 9571
50104 15 2 10129
50106 15 20 9373
50108 15 22 9870
50110 15 14 9428
50112 15 22 9438
50114 15 10 9683
50128 15 10 9491
50130 15 24 9495
50132 15 24 9679
50134 15 2 9681
50136 15 24 9903
50170 15 24 9879
50172 15 0 9880
50176 15 10 9955
50178 15 14 10068
50184 15 2 9313
50188 15 22 9430
50226 15 20 9237
50242 15 20 9493
50244 15 4 9506
50246 15 20 9685
50248 15 24 9695
50286 15 10 9795
50292 15 0 9216
50294 15 10 9587
50296 15 14 9900
50312 15 24 9295
50316 15 2 9985
50318 15 10 10003
50322 15 2 10017
50324 15 0 10088
50418 15 20 9381
50420 15 10 9427
50428 15 10 10219
50474 15 20 9533
50476 15 20 9669
50478 15 2 9289
50482 15 4 9434
50518 15 2 9873
50522 15 10 9995
50528 15 20 9317
50534 15 20 9925
50540 15 20 9621
50542 15 4 9698
50544 15 10 9699
50546 15 14 9700
50556 15 4 9994
50568 15 0 9296
50570 15 20 9541
50574 15 22 9878
50576 15 22 9942
50584 15 2 9425
50588 15 10 9531
50592 15 24 9975
50598 15 14 10100
50602 15 0 9536
50606 15 4 9586
50610 15 20 9797
50612 15 4 9866
50616 15 20 9869
50618 15 10 9939
50624 15 22 10174
50672 15 10 9707
50676 15 2 9713
50684 15 24 9711
50688 15 20 9717
50690 15 20 9805
50696 15 14 9716
50700 15 0 9720
50708 15 24 9719
50712 15 10 9723
50720 15 20 9725
50724 15 0 9728
50732 15 24 9735
50736 15 10 9739
50744 15 20 9741
50748 15 2 9745
50756 15 24 9743
50762 15 4 10210
50766 15 10 9747
50772 15 2 10209
50778 15 20 9749
50782 15 0 9752
50790 15 0 9664
50792 15 22 9686
50794 15 24 9687
50800 15 22 10238
50804 15 20 9709
50808 15 10 9755
50816 15 24 9767
50820 15 14 9772
50822 15 4 9826
50826 15 4 9634
50830 15 20 9861
50832 15 24 9863
50838 15 24 9319
50840 15 14 9668
50850 15 20 9757
50854 15 2 9777
50862 15 24 9759
50864 15 4 9762
50866 15 14 9764
50874 15 4 9778
50878 15 14 9780
50886 15 20 9773
50890 15 4 9786
50896 15 2 9537
50898 15 10 9539
50900 15 20 9845
50904 15 10 9875
50906 15 4 9914
50908 15 0 10144
50916 15 14 9236
50920 15 2 9553
50922 15 22 9702
50924 15 0 9864
50928 15 24 10191
50966 15 22 9670
50970 15 22 9222
50974 15 0 9496
50978 15 24 9703
50982 15 22 10038
51018 15 10 9787
51022 15 4 9842
51028 15 14 10020
51030 15 22 10022
51032 15 24 10023
51036 15 4 10026
51058 15 24 9791
51074 15 4 9930
51076 15 20 9933
51078 15 0 9984
51080 15 20 9997
51086 15 24 10031
51090 15 20 10021
51094 15 2 10065
51096 15 10 10067
51098 15 0 10080
51102 15 14 9844
51108 15 14 9876
51110 15 24 9895
51150 15 0 9872
51152 15 24 9991
51184 15 24 9279
51186 15 2 9281
51190 15 10 9555
51192 15 4 9890
51198 15 4 10234
51206 15 4 10066
51208 15 14 10076
51210 15 22 10078
51212 15 24 10079
51214 15 24 10167
51216 15 10 9339
51228 15 2 9593
51250 15 24 9343
51252 15 4 9594
51254 15 0 9344
51256 15 10 9595
51258 15 2 9345
51262 15 4 9346
51266 15 10 9347
51272 15 24 9599
51274 15 20 9349
51276 15 0 9600
51278 15 22 9350
51280 15 2 9601
51282 15 24 9359
51284 15 24 9591
51286 15 24 9351
51288 15 4 9602
51292 15 10 9603
51294 15 2 9353
51298 15 4 9354
51300 15 20 9605
51304 15 22 9606
51308 15 0 9616
51312 15 2 9617
51314 15 0 9368
51316 15 24 9615
51322 15 24 9367
51326 15 22 9366
51328 15 20 9613
51330 15 20 9365
51334 15 14 9364
51338 15 10 9363
51340 15 4 9610
51344 15 2 9609
51346 15 2 9361
51350 15 0 9360
51352 15 24 9607
51354 15 20 9357
51356 15 10 9619
51358 15 10 9243
51360 15 2 9497
51366 15 2 13953
51368 15 4 13954
51370 15 10 13955
51372 15 14 13956
51374 15 0 13984
51376 15 2 13985
51378 15 4 13986
51380 15 10 13987
51382 15 4 14010
51384 15 22 13958
51386 15 24 13959
51388 15 0 13960
51390 15 2 13961
51392 15 22 13974
51394 15 24 13975
51396 15 0 13976
51398 15 2 13977
51400 15 10 14011
51402 15 4 13474
51404 15 10 13547
51406 15 22 13582
51408 15 4 13602
51410 15 10 13603
51412 15 14 13604
51414 15 20 13605
51416 15 2 13969
51418 15 20 14277
51420 15 22 14278
51422 15 24 14279
51424 15 0 14280
51434 15 0 13992
51436 15 2 13993
51438 15 4 13994
51440 15 10 13995
51442 15 20 14037
51452 15 22 14006
51454 15 24 14007
51456 15 0 14008
51458 15 2 14009
51460 15 24 14039
51462 15 4 14050
51464 15 10 14051
51466 15 14 14052
51468 15 20 14053
51470 15 4 14114
51472 15 0 14208
51474 15 2 14209
51476 15 4 14210
51478 15 10 14211
51480 15 14 14220
51482 15 4 13962
51484 15 10 13963
51486 15 14 13964
51488 15 20 13965
51490 15 14 13980
51492 15 20 13981
51494 15 22 13982
51496 15 24 13983
51498 15 20 13997
51500 15 22 13998
51502 15 24 13999
51504 15 0 14000
51506 15 0 14272
51516 15 14 14028
51518 15 20 14029
51520 15 22 14030
51522 15 24 14031
51524 15 0 14040
51526 15 14 13532
51528 15 20 13565
51530 15 24 13671
51532 15 10 13947
51534 15 22 13990
51544 15 22 14046
51546 15 24 14047
51548 15 0 14048
51550 15 2 14049
51552 15 2 14065
51554 15 22 13518
51556 15 24 13519
51558 15 0 13520
51560 15 14 13524
51562 15 20 13525
51564 15 22 13526
51566 15 24 13527
51568 15 14 13724
51570 15 20 13773
51580 15 0 14200
51582 15 2 14201
51584 15 4 14202
51586 15 10 14203
51596 15 14 14060
51598 15 20 14061
51600 15 22 14062
51602 15 24 14063
51604 15 4 14066
51606 15 10 13451
51608 15 14 13452
51610 15 20 13453
51612 15 22 13454
51614 15 24 13455
51616 15 2 13681
51618 15 14 13932
51620 15 20 13933
51622 15 22 13934
51624 15 24 13935
51626 15 24 14183
51628 15 0 14184
51630 15 2 14185
51632 15 4 14186
51636 15 4 13482
51638 15 0 13672
51650 15 22 14070
51652 15 24 14071
51654 15 0 14072
51656 15 2 14073
51658 15 10 14147
51660 15 22 14110
51662 15 24 14111
51664 15 0 14112
51666 15 2 14113
51668 15 10 14139
51670 15 20 14141
51672 15 22 14142
51674 15 24 14143
51676 15 0 14144
51686 15 10 14251
51688 15 14 14252
51690 15 20 14253
51692 15 22 14254
51702 15 4 14074
51704 15 10 14075
51706 15 14 14076
51708 15 20 14077
51710 15 24 14087
51712 15 4 13786
51714 15 10 13787
51716 15 14 13788
51718 15 20 13789
51720 15 24 13879
51722 15 10 13467
51724 15 22 13478
51726 15 24 13479
51728 15 0 13480
51730 15 2 13481
51734 15 4 13722
51736 15 10 13723
51738 15 24 13759
51740 15 20 13957
51742 15 14 13460
51744 15 20 13461
51746 15 22 13462
51748 15 0 13552
51750 15 24 13791
51752 15 4 14002
51754 15 10 14003
51756 15 14 14004
51758 15 20 14005
51768 15 10 14131
51770 15 14 13780
51772 15 20 13909
51774 15 22 13910
51776 15 24 13911
51778 15 0 13912
51788 15 14 14268
51790 15 20 14269
51792 15 22 14270
51794 15 24 14271
51796 15 14 14292
51798 15 20 14293
51800 15 22 14294
51802 15 24 14295
51804 15 20 13885
51806 15 22 13886
51808 15 24 13887
51810 15 0 13888
51812 15 20 13949
51822 15 2 14097
51824 15 4 14098
51826 15 10 14099
51828 15 14 14100
51830 15 0 14120
51832 15 24 13359
51858 15 10 13499
51860 15 14 13500
51862 15 20 13501
51864 15 22 13510
51866 15 22 13486
51868 15 24 13487
51870 15 0 13488
51872 15 2 13489
51874 15 4 13490
51876 15 10 13491
51878 15 14 13492
51880 15 20 13493
51882 15 22 13494
51884 15 24 13495
51886 15 4 13498
51888 15 20 13573
51906 15 2 14297
51908 15 4 14298
51910 15 10 14299
51912 15 14 14300
51914 15 22 13502
51916 15 24 13503
51918 15 0 13504
51920 15 2 13505
51922 15 4 13506
51924 15 10 13507
51926 15 14 13508
51928 15 20 13509
51946 15 4 14042
51948 15 10 14043
51950 15 14 14044
51952 15 20 14045
51954 15 2 14145
51956 15 0 14216
51958 15 2 14217
51960 15 4 14218
51962 15 10 14219
51964 15 24 13511
51966 15 2 13513
51968 15 4 14122
51970 15 10 14123
51972 15 14 14124
51974 15 20 14125
51984 15 10 14083
51986 15 14 14084
51988 15 20 14085
51990 15 22 14086
51992 15 14 14092
51994 15 20 14093
51996 15 22 14094
51998 15 24 14095
52000 15 20 14109
52010 15 20 14101
52012 15 22 14102
52014 15 24 14103
52016 15 0 14104
52018 15 24 14119
52020 15 4 13970
52022 15 10 13971
52024 15 14 13972
52026 15 20 13973
52052 15 10 14115
52054 15 14 14116
52056 15 20 14117
52058 15 22 14118
52060 15 22 14126
52062 15 0 13512
52072 15 2 14105
52074 15 4 14106
52076 15 10 14107
52078 15 14 14108
52080 15 2 14121
52098 15 24 14127
52100 15 0 14128
52118 15 10 13795
52120 15 14 13796
52122 15 20 13797
52124 15 22 13798
52126 15 4 13946
52136 15 0 13312
52138 15 2 13313
52140 15 4 13314
52142 15 10 13315
52144 15 14 13476
52146 15 22 13406
52166 15 20 13341
52168 15 0 13744
52170 15 2 13745
52172 15 4 13746
52174 15 10 13747
52176 15 22 13966
52178 15 14 13572
52180 15 2 13769
52182 15 10 13771
52184 15 14 13772
52194 15 14 13860
52200 15 0 13360
52202 15 14 13740
52204 15 20 13741
52206 15 22 13742
52210 15 4 13770
52216 15 2 13793
52220 15 2 13361
52222 15 0 13696
52224 15 2 13697
52226 15 4 13698
52234 15 24 13743
52236 15 20 13781
52240 15 4 13362
52242 15 2 13609
52244 15 4 13610
52246 15 10 13611
52248 15 14 13612
52250 15 14 13692
52258 15 10 13699
52262 15 10 13363
52272 15 24 13775
52274 15 0 13776
52276 15 2 13777
52278 15 4 13778
52280 15 4 13930
52282 15 22 13358
52302 15 14 13364
52312 15 0 14088
52314 15 2 14089
52316 15 4 14090
52318 15 10 14091
52320 15 24 14135
52322 15 0 14136
52324 15 2 14137
52326 15 4 14138
52328 15 20 13357
52346 15 20 13365
52348 15 4 13874
52350 15 10 13875
52352 15 14 13876
52354 15 20 13877
52356 15 22 13950
52366 15 14 13356
52368 15 22 13942
52370 15 24 13943
52372 15 0 13944
52374 15 2 13945
52376 15 24 13991
52388 15 22 13574
52396 15 0 13880
52398 15 2 13881
52400 15 4 13882
52402 15 10 13883
52406 15 4 13978
52408 15 10 13355
52428 15 24 13575
52436 15 20 13917
52438 15 22 13918
52440 15 24 13919
52442 15 0 13920
52446 15 20 13989
52448 15 4 13370
52450 15 20 13893
52452 15 22 13894
52454 15 24 13895
52456 15 0 13896
52464 15 10 13979
52468 15 4 13354
52488 15 2 13369
52508 15 14 13372
52510 15 10 13867
52512 15 14 13868
52514 15 20 13869
52516 15 22 13870
52524 15 24 13951
52528 15 4 13618
52530 15 14 13580
52532 15 0 13800
52534 15 2 13801
52536 15 4 13802
52538 15 10 13803
52546 15 2 13937
52550 15 20 13373
52558 15 20 13861
52560 15 22 13862
52562 15 24 13863
52564 15 0 13864
52568 15 0 13952
52570 15 10 13371
52590 15 24 13375
52610 15 24 13367
52612 15 20 13901
52614 15 22 13902
52616 15 24 13903
52618 15 0 13904
52628 15 24 14319
52630 15 20 13581
52650 15 0 13368
52658 15 2 13889
52660 15 4 13890
52662 15 10 13891
52664 15 14 13892
52668 15 0 13968
52670 15 4 13378
52678 15 20 13925
52680 15 22 13926
52682 15 24 13927
52684 15 0 13928
52688 15 14 13988
52690 15 2 13409
52698 15 4 13938
52700 15 10 13939
52702 15 14 13940
52704 15 20 13941
52708 15 2 14001
52728 15 0 13560
52740 15 24 14199
52742 15 10 14291
52744 15 10 13459
52746 15 10 13523
52748 15 24 13567
52784 15 22 13638
52786 15 24 13639
52788 15 0 13640
52790 15 2 13641
52810 15 14 14068
52838 15 4 14234
52840 15 10 14235
52848 15 2 13345
52850 15 22 13366
52852 15 24 13599
52854 15 0 13632
52856 15 14 13764
52858 15 20 13765
52860 15 22 13766
52862 15 24 13767
52864 15 2 14225
52866 15 2 14313
52872 15 4 13514
52882 15 4 13458
52892 15 14 14212
52894 15 20 14213
52896 15 22 14214
52898 15 24 14215
52900 15 10 13515
52902 15 24 13799
52904 15 2 13553
52906 15 4 13554
52908 15 10 13555
52910 15 14 13556
52912 15 22 13686
52914 15 0 13752
52916 15 20 13549
52920 15 2 13473
52924 15 10 13483
52926 15 10 13763
52928 15 2 13729
52930 15 4 13730
52932 15 10 13731
52934 15 14 13732
52936 15 24 14055
52938 15 0 14056
52940 15 2 14057
52942 15 4 14058
52944 15 10 14059
52956 15 22 13374
52970 15 22 13350
52972 15 24 13351
52974 15 0 13352
52976 15 2 13353
52978 15 4 14130
52980 15 10 13379
52982 15 14 13380
52984 15 20 13381
52986 15 22 13382
52988 15 14 13996
52990 15 22 13702
52994 15 4 14226
52996 15 10 14227
52998 15 14 14228
53000 15 20 14229
53002 15 22 14230
53004 15 24 14231
53006 15 0 14232
53008 15 2 14233
53014 15 4 14178
53016 15 10 14179
53018 15 14 14180
53020 15 20 14181
53022 15 14 14204
53024 15 20 14205
53026 15 22 14206
53028 15 24 14207
53034 15 14 14260
53036 15 20 14261
53038 15 22 14262
53040 15 24 14263
53046 15 20 14237
53048 15 22 14238
53050 15 24 14239
53052 15 0 14240
53064 15 2 14241
53066 15 4 14242
53068 15 10 14243
53070 15 14 14244
53072 15 20 14245
53076 15 0 13464
53080 15 20 13685
53084 15 24 14247
53086 15 0 14248
53088 15 2 14249
53090 15 4 14250
53092 15 2 14273
53094 15 4 14274
53096 15 10 14275
53098 15 14 14276
53104 15 4 13714
53106 15 22 13782
53108 15 24 13783
53110 15 22 13790
53112 15 2 13849
53114 15 4 13850
53116 15 20 14013
53154 15 24 13583
53156 15 14 13620
53158 15 0 13384
53160 15 2 13385
53162 15 4 13386
53164 15 10 13387
53166 15 20 13701
53170 15 0 14096
53172 15 0 13688
53174 15 2 13689
53176 15 4 13690
53178 15 10 13691
53180 15 24 13751
53188 15 2 14113
53192 15 20 14173
53194 15 22 14174
53196 15 24 14175
53198 15 0 14176
53200 15 4 13754
53202 15 10 13755
53204 15 14 13756
53206 15 20 13757
53208 15 22 13758
53210 15 0 13600
53226 15 2 14129
53234 15 20 13565
53244 15 4 13482
53246 15 0 13672
53248 15 20 13957
53250 15 10 13475
53252 15 24 13647
53256 15 10 13651
53260 15 20 13653
53264 15 22 13654
53268 15 0 13656
53272 15 4 13658
53276 15 14 13660
53280 15 20 13661
53284 15 24 13663
53288 15 2 13665
53292 15 4 13666
53296 15 10 13667
53300 15 14 13668
53304 15 20 13645
53308 15 20 13669
53312 15 4 13642
53316 15 10 13643
53320 15 14 13644
53324 15 22 13646
53328 15 0 13648
53332 15 4 13650
53336 15 14 13652
53340 15 24 13655
53344 15 2 13657
53348 15 10 13659
53352 15 22 13662
53356 15 0 13664
53360 15 22 13670
53364 15 22 13694
53366 15 4 13634
53370 15 14 13636
53386 15 2 13673
53390 15 0 13472
53392 15 2 13441
53394 15 2 13561
53396 15 14 13700
53398 15 14 13444
53400 15 14 13828
53402 15 20 13829
53404 15 22 13830
53406 15 24 13831
53408 15 20 13845
53410 15 22 13846
53412 15 24 13847
53414 15 0 13848
53416 15 22 14286
53418 15 14 13804
53420 15 20 13805
53422 15 22 13806
53424 15 24 13807
53426 15 0 13832
53428 15 2 13833
53430 15 4 13834
53432 15 10 13835
53434 15 2 14281
53436 15 22 14310
53438 15 0 13808
53440 15 2 13809
53442 15 4 13810
53444 15 10 13811
53446 15 2 13897
53448 15 10 13899
53450 15 14 13900
53452 15 4 14282
53454 15 20 14317
53462 15 14 13812
53464 15 20 13813
53466 15 22 13814
53468 15 24 13815
53472 15 10 14283
53504 15 4 14314
53506 15 0 13816
53508 15 2 13817
53510 15 4 13818
53512 15 10 13819
53514 15 14 13820
53516 15 22 13822
53518 15 24 13823
53520 15 14 14284
53522 15 22 14318
53526 15 20 13821
53532 15 0 13824
53534 15 2 13825
53536 15 4 13826
53540 15 20 14285
53554 15 10 13827
53560 15 2 13841
53562 15 4 13842
53564 15 10 13843
53566 15 14 13844
53568 15 0 13856
53570 15 2 13857
53572 15 10 13859
53574 15 24 14287
53576 15 2 14289
53578 15 24 13471
53580 15 20 13837
53582 15 22 13838
53584 15 24 13839
53586 15 0 13840
53596 15 4 13442
53652 15 14 13468
53654 15 24 13679
53656 15 14 13852
53658 15 22 13854
53660 15 24 13855
53666 15 4 13858
53670 15 0 14288
53676 15 20 13853
53690 15 20 14301
53692 15 24 13607
53694 15 20 13621
53704 15 14 13684
53714 15 10 14259
53728 15 10 13587
53730 15 20 13589
53732 15 22 13590
53734 15 24 13591
53736 15 0 13592
53738 15 10 13627
53740 15 14 13836
53758 15 0 13456
53778 15 4 13602
53780 15 10 13603
53782 15 14 13604
53784 15 20 13605
53786 15 14 14140
53788 15 0 13624
53790 15 10 13715
53792 15 14 13932
53794 15 22 13934
53796 15 24 13935
53806 15 22 14334
53816 15 14 14012
53818 15 14 13524
53820 15 20 13525
53822 15 22 13526
53824 15 24 13527
53826 15 14 13596
53828 15 14 13748
53848 15 2 14033
53850 15 4 14034
53852 15 10 14035
53854 15 0 14264
53856 15 2 14265
53858 15 4 14266
53860 15 10 14267
53864 15 4 13898
53888 15 4 13674
53890 15 0 13704
53894 15 10 13707
53896 15 14 13708
53898 15 20 13709
53900 15 22 13710
53902 15 2 13457
53904 15 2 13905
53906 15 4 13906
53908 15 10 13907
53910 15 14 13908
53912 15 4 13522
53918 15 0 13528
53920 15 2 13529
53922 15 4 13530
53924 15 10 13531
53928 15 10 13635
53930 15 2 13713
53932 15 4 13794
53934 15 10 13931
53936 15 14 14236
53944 15 4 13314
53946 15 14 13476
53948 15 2 13753
53954 15 0 13784
53956 15 2 13785
53972 15 24 13383
53980 15 2 13585
53986 15 14 13764
53990 15 0 14200
53992 15 2 14201
54002 15 24 13343
54006 15 10 13547
54012 15 14 13484
54014 15 20 13693
54016 15 0 13440
54018 15 20 13517
54020 15 22 13622
54024 15 20 13725
54026 15 14 13884
54046 15 22 13990
54056 15 20 13933
54070 15 14 14212
54076 15 24 13439
54080 15 24 13727
54082 15 0 13872
54084 15 24 13967
54086 15 4 14330
54088 15 10 14331
54090 15 14 14332
54092 15 20 14333
54102 15 20 13997
54104 15 22 13998
54106 15 24 13999
54110 15 0 14272
54112 15 4 13410
54116 15 0 13760
54128 15 22 13470
54130 15 20 13485
54132 15 14 13564
54134 15 20 13885
54136 15 22 13886
54138 15 24 13887
54140 15 0 13888
54142 15 24 14255
54144 15 0 14256
54146 15 2 14257
54148 15 4 14258
54166 15 2 13633
54168 15 22 13726
54170 15 0 14320
54172 15 2 14321
54174 15 4 14322
54176 15 10 14323
54178 15 10 13443
54194 15 20 13749
54196 15 0 13792
54200 15 4 13962
54202 15 10 13963
54204 15 14 13964
54206 15 20 13965
54232 15 20 13453
54238 15 2 13681
54240 15 20 13341
54244 15 14 13588
54254 15 2 13601
54258 15 20 14221
54260 15 22 14222
54262 15 24 14223
54264 15 0 14224
54318 15 2 13449
54324 15 4 13458
54326 15 24 13687
54330 15 14 13460
54332 15 20 13461
54334 15 22 13462
54336 15 24 13463
54338 15 4 13466
54340 15 0 13552
54342 15 0 13608
54344 15 0 13744
54346 15 2 13745
54348 15 2 13929
54350 15 22 13966
54362 15 24 14335
54380 15 14 14324
54390 15 20 14325
54400 15 22 14326
54410 15 24 14327
54420 15 0 14328
54430 15 2 14329
54446 15 14 14036
54464 15 2 13913
54466 15 4 13914
54468 15 10 13915
54470 15 14 13916
54472 15 14 14132
54474 15 10 13467
54508 15 22 13598
54536 15 22 13606
54538 15 0 13712
54548 15 4 13762
54550 15 0 13936
54572 15 0 13568
54574 15 2 13569
54576 15 24 13623
54578 15 24 13711
54582 15 24 14079
54584 15 0 14080
54586 15 2 14081
54588 15 4 14082
54590 15 0 14312
54612 15 2 13609
54614 15 4 13610
54616 15 10 13611
54646 15 0 13632
54652 15 2 13921
54654 15 4 13922
54656 15 10 13923
54658 15 14 13924
54660 15 24 14311
54662 15 0 13696
54664 15 2 13697
54666 15 4 13698
54668 15 10 13699
54676 15 20 13637
54682 15 0 13728
54688 15 2 13625
54694 15 14 13740
54696 15 20 13741
54698 15 22 13742
54700 15 24 13743
54702 15 2 13649
54706 15 22 13318
54708 15 22 13534
54710 15 24 13535
54714 15 14 16556
54716 15 20 16517
54718 15 10 16619
54720 15 22 16694
54722 15 0 16960
54724 15 4 16618
54726 15 20 16693
54728 15 22 16958
54730 15 14 16628
54732 15 24 16623
54734 15 0 16624
54736 15 2 16625
54738 15 4 16626
54740 15 10 16627
54742 15 22 16630
54744 15 24 16631
54746 15 4 16970
54748 15 0 16632
54750 15 10 16971
54752 15 2 16633
54754 15 4 16634
54756 15 20 16629
54758 15 10 16635
54760 15 10 16531
54762 15 0 16800
54764 15 0 16640
54766 15 24 16639
54768 15 14 16700
54770 15 14 16980
54772 15 0 16648
54774 15 20 16605
54776 15 20 16637
54778 15 20 16701
54780 15 24 16975
54782 15 10 16611
54784 15 4 16650
54786 15 4 16754
54788 15 10 17027
54790 15 22 16518
54792 15 0 16672
54794 15 4 16682
54796 15 24 16519
54798 15 0 16520
54800 15 2 16521
54802 15 4 16522
54804 15 14 16580
54806 15 14 16532
54808 15 22 16502
54810 15 0 4680
54812 15 22 15638
54814 15 20 15725
54816 15 10 15435
54818 15 2 15785
54820 15 22 16118
54822 15 4 15410
54824 15 0 15632
54826 15 2 15369
54828 15 22 16086
54830 15 24 16087
54832 15 0 16088
54834 15 2 16089
54836 15 22 16150
54838 15 10 16155
54840 15 20 15629
54842 15 22 15990
54844 15 20 15989
54846 15 4 15658
54848 15 0 15656
54850 15 22 15654
54852 15 24 15783
54854 15 24 15799
54856 15 24 15687
54858 15 0 16128
54860 15 20 15693
54862 15 4 15682
54864 15 20 15797
54866 15 0 15624
54868 15 14 15652
54870 15 2 15641
54872 15 20 15653
54874 15 4 15634
54876 15 24 15655
54878 15 2 15401
54880 15 2 15657
54882 15 22 15430
54884 15 10 15659
54886 15 14 15660
54888 15 20 15661
54890 15 4 15786
54892 15 22 15662
54894 15 14 15988
54896 15 24 15663
54898 15 0 15664
54900 15 20 15765
54902 15 2 15665
54904 15 20 15741
54906 15 4 15666
54908 15 14 15748
54910 15 10 15667
54912 15 24 15751
54914 15 20 15669
54916 15 20 15749
54918 15 14 15668
54920 15 22 15758
54922 15 22 15670
54924 15 22 15766
54926 15 24 15671
54928 15 14 15732
54930 15 2 15673
54932 15 24 15719
54934 15 4 15674
54936 15 24 15711
54938 15 0 15672
54940 15 24 15791
54942 15 10 15675
54944 15 4 15802
54946 15 22 15678
54948 15 22 15798
54950 15 14 15676
54952 15 14 15724
54954 15 24 15679
54956 15 24 15727
54958 15 14 15684
54960 15 4 15738
54962 15 10 15691
54964 15 0 15800
54966 15 0 15688
54968 15 4 15746
54970 15 20 15365
54972 15 22 15742
54974 15 24 15743
54976 15 24 16159
54978 15 2 15409
54980 15 0 15384
54982 15 10 15747
54984 15 10 15411
54986 15 4 15362
54988 15 14 15412
54990 15 24 15367
54992 15 4 15418
54994 15 2 15425
54996 15 22 16038
54998 15 0 15408
55000 15 2 15753
55002 15 10 15787
55004 15 14 15788
55006 15 20 15789
55008 15 22 15790
55010 15 20 15805
55012 15 4 16090
55014 15 22 15686
55016 15 10 15587
55018 15 2 15681
55020 15 2 16097
55022 15 4 16098
55024 15 10 16099
55026 15 14 16100
55028 15 4 16138
55030 15 10 15651
55032 15 2 15865
55034 15 4 15866
55036 15 10 15867
55038 15 14 15868
55040 15 4 16050
55042 15 20 16165
55044 15 22 16166
55046 15 24 16167
55048 15 0 16168
55050 15 14 16212
55052 15 22 15646
55054 15 0 15840
55056 15 2 15841
55058 15 4 15842
55060 15 10 15843
55062 15 24 15967
55064 15 0 15968
55066 15 2 15969
55068 15 4 15970
55070 15 14 16044
55072 15 2 16049
55074 15 14 15812
55076 15 22 15838
55078 15 4 16338
55082 15 22 15814
55084 15 20 16261
55088 15 0 15816
55090 15 22 16262
55096 15 14 15860
55098 15 24 16263
55100 15 20 15821
55102 15 22 15966
55104 15 0 16264
55108 15 24 15823
55110 15 2 16265
55114 15 0 16032
55116 15 22 15830
55118 15 24 15831
55120 15 4 16266
55124 15 10 16051
55126 15 22 16214
55128 15 24 16215
55130 15 0 16216
55132 15 2 16217
55134 15 20 16269
55138 15 0 15832
55140 15 14 16052
55142 15 2 16177
55144 15 4 16178
55146 15 10 16179
55148 15 14 16180
55150 15 14 16220
55156 15 10 16267
55162 15 2 15833
55164 15 14 16268
55168 15 24 15999
55172 15 4 15834
55174 15 22 16270
55178 15 20 15837
55180 15 0 16272
55182 15 0 15712
55184 15 2 15713
55186 15 4 15714
55188 15 10 15715
55190 15 0 15720
55192 15 22 16046
55194 15 20 16157
55196 15 24 16191
55198 15 0 16192
55200 15 2 16193
55202 15 4 16194
55204 15 10 15731
55210 15 14 15852
55212 15 22 16334
55214 15 0 15680
55226 15 2 16185
55228 15 4 16186
55230 15 10 16187
55232 15 14 16188
55234 15 20 16221
55238 15 24 16015
55240 15 24 16351
55242 15 14 15804
55246 15 10 16251
55248 15 10 15371
55250 15 14 15420
55252 15 20 15677
55256 15 14 16076
55258 15 10 16243
55260 15 14 16244
55262 15 20 16245
55264 15 22 16246
55266 15 2 16345
55268 15 20 15845
55272 15 22 16326
55274 15 0 15696
55276 15 20 16197
55278 15 22 16198
55280 15 24 16199
55282 15 0 16200
55284 15 22 16222
55286 15 24 16223
55288 15 0 16224
55290 15 2 16225
55292 15 0 16240
55294 15 10 16339
55296 15 22 15398
55298 15 22 15414
55300 15 24 15415
55302 15 0 15416
55304 15 2 15417
55306 15 0 15728
55308 15 2 15729
55310 15 2 15545
55312 15 4 15546
55314 15 24 15631
55316 15 20 15717
55318 15 22 15630
55324 15 0 16056
55326 15 2 16057
55328 15 4 16058
55330 15 10 16059
55332 15 14 15444
55334 15 20 15637
55336 15 24 15423
55338 15 24 15703
55340 15 2 15385
55342 15 2 15737
55344 15 0 15392
55346 15 24 16055
55348 15 2 16129
55350 15 22 15422
55352 15 14 15764
55354 15 2 15393
55356 15 4 15402
55358 15 10 15419
55360 15 0 15768
55362 15 4 15778
55364 15 10 15779
55366 15 14 15780
55368 15 20 15781
55370 15 22 16054
55372 15 24 15391
55374 15 4 15394
55376 15 10 15395
55378 15 14 15396
55380 15 20 15397
55382 15 10 15859
55384 15 10 16043
55386 15 4 15810
55390 15 2 16065
55392 15 14 6012
55394 15 24 5871
55396 15 22 5934
55404 15 4 5138
55406 15 4 6058
55408 15 2 6041
55416 15 20 6029
55418 15 24 6071
55428 15 20 6093
55436 15 4 6138
55438 15 14 5916
55440 15 22 6118
55452 15 10 5851
55454 15 10 6131
55464 15 4 5370
55466 15 22 5374
55468 15 4 5378
55470 15 4 5386
55472 15 22 5390
55474 15 4 5394
55476 15 22 5398
55478 15 4 5402
55480 15 22 5406
55482 15 4 5410
55484 15 22 5414
55486 15 4 5418
55488 15 22 5422
55490 15 2 6097
55492 15 22 5366
55494 15 4 5426
55496 15 22 5430
55498 15 4 5434
55500 15 22 5438
55502 15 4 5442
55504 15 22 5446
55506 15 4 5450
55508 15 22 5454
55510 15 4 5458
55512 15 22 5382
55514 15 22 5462
55516 15 2 5857
55518 15 2 5889
55522 15 0 6088
55526 15 22 6046
55528 15 20 6101
55530 15 24 5911
55540 15 22 5926
55554 15 14 6020
55564 15 2 5905
55568 15 4 6114
55574 15 0 6080
55576 15 14 5876
55578 15 24 5847
55586 15 22 5830
55606 15 10 5867
55624 15 20 5133
55626 15 14 6124
55632 15 2 6105
55636 15 10 5595
55638 15 14 5836
55674 15 4 5490
55688 15 24 5567
55712 15 20 5821
55716 15 20 6109
55724 15 14 6076
55738 15 2 5921
55746 15 14 26708
55748 15 0 26736
55750 15 4 26738
55752 15 0 27088
55754 15 4 27170
55756 15 4 27298
55758 15 14 27324
55760 15 10 27603
55762 15 20 27605
55764 15 22 27606
55766 15 10 26643
55770 15 20 26829
55774 15 10 27171
55776 15 14 27172
55780 15 14 27588
55782 15 20 27589
55784 15 24 27591
55786 15 14 26732
55788 15 2 26745
55790 15 20 26949
55792 15 2 27001
55794 15 4 27002
55796 15 20 27117
55798 15 2 27137
55800 15 24 27495
55802 15 0 27496
55804 15 4 27498
55806 15 22 27510
55856 15 2 26657
55858 15 22 26862
55860 15 24 26863
55862 15 22 27014
55864 15 24 27303
55866 15 0 27304
55868 15 24 27367
55870 15 10 27579
55914 15 0 26784
55916 15 22 26790
55918 15 20 26925
55920 15 0 27016
55922 15 20 27149
55924 15 0 27504
55926 15 2 27505
55928 15 14 27516
55930 15 20 26757
55932 15 14 26844
55934 15 24 26855
55936 15 2 27017
55938 15 0 27168
55940 15 2 27353
55942 15 10 27355
55944 15 20 27357
55946 15 22 27438
55948 15 0 27440
55950 15 2 27441
55952 15 0 26696
55954 15 4 26714
55958 15 0 26880
55960 15 14 27212
55962 15 20 27213
55964 15 24 27215
55966 15 14 27228
55970 15 4 27354
55974 15 10 27499
55976 15 10 26747
55978 15 0 27280
55980 15 2 27281
55982 15 22 27318
55984 15 24 27319
55986 15 2 27321
55988 15 24 27351
55990 15 22 27398
55992 15 24 27399
55994 15 2 27401
55996 15 24 26983
55998 15 0 26984
56000 15 4 27314
56002 15 10 27315
56004 15 14 27316
56006 15 4 27362
56008 15 10 27363
56010 15 20 27365
56016 15 24 27471
56018 15 24 26679
56020 15 0 26776
56022 15 4 26922
56024 15 2 26993
56026 15 20 27061
56028 15 24 27183
56030 15 0 27184
56032 15 14 27372
56034 15 0 27480
56036 15 4 27482
56038 15 0 27592
56050 15 10 27459
56052 15 20 27461
56054 15 0 27464
56060 15 24 26647
56064 15 10 26715
56066 15 4 27050
56068 15 14 27052
56070 15 24 27079
56072 15 0 27080
56074 15 2 27081
56076 15 4 27162
56078 15 10 27163
56084 15 4 27330
56086 15 14 27340
56088 15 0 27344
56090 15 14 27412
56148 15 0 26656
56150 15 10 27155
56152 15 14 27156
56154 15 22 27158
56156 15 20 27581
56158 15 22 27582
56160 15 0 27584
56162 15 20 26661
56164 15 14 26788
56166 15 2 27129
56168 15 14 27132
56170 15 4 27266
56172 15 10 27267
56174 15 20 27269
56176 15 24 27511
56178 15 2 27513
56180 15 4 27514
56182 15 14 27564
56184 15 0 26768
56186 15 4 26770
56188 15 0 26800
56190 15 2 26801
56192 15 10 27099
56194 15 10 27547
56196 15 14 27548
56232 15 20 26821
56234 15 24 26823
56236 15 24 27007
56238 15 10 27083
56240 15 22 27174
56242 15 20 27485
56244 15 0 27488
56246 15 22 27542
56248 15 4 26690
56250 15 20 26701
56252 15 14 26804
56254 15 14 26900
56256 15 24 27095
56258 15 0 27096
56260 15 4 27210
56262 15 22 27326
56264 15 24 27327
56266 15 24 27343
56268 15 10 27467
56270 15 4 27594
56272 15 14 26796
56274 15 24 26895
56276 15 2 26897
56278 15 24 26911
56280 15 0 27208
56282 15 14 27308
56284 15 20 27309
56286 15 24 27311
56288 15 24 27543
56290 15 0 27544
56292 15 2 27545
56294 15 14 26740
56300 15 0 27040
56302 15 0 27136
56308 15 22 27550
56352 15 24 26639
56354 15 24 26831
56364 15 20 27349
56370 15 0 27400
56374 15 22 26806
56378 15 14 27004
56382 15 2 27097
56384 15 4 27154
56390 15 2 27497
56408 15 20 26725
56410 15 20 26885
56412 15 20 27005
56414 15 14 27076
56416 15 10 27555
56418 15 22 27558
56420 15 20 27597
56422 15 2 26761
56424 15 20 26853
56426 15 10 27139
56428 15 14 27140
56430 15 2 27209
56432 15 2 27345
56434 15 10 27347
56436 15 0 27424
56438 15 22 27446
56440 15 0 27448
56442 15 14 27580
56444 15 14 26988
56446 15 2 27049
56448 15 2 27169
56454 15 24 27583
56494 15 14 27364
56504 15 2 26825
56510 15 22 27166
56512 15 24 27551
56514 15 2 27553
56516 15 4 27554
56518 15 24 26703
56520 15 4 26810
56522 15 24 26943
56524 15 0 26944
56526 15 4 27018
56528 15 14 27020
56530 15 2 27145
56534 15 0 27176
56536 15 2 27177
56538 15 14 27332
56588 15 0 26744
56596 15 4 27346
56598 15 14 27348
56606 15 4 27442
56608 15 24 27447
56610 15 20 27469
56612 15 14 26780
56616 15 4 27010
56618 15 14 27236
56620 15 22 27238
56622 15 24 27239
56624 15 0 27352
56626 15 14 27628
56628 15 22 27630
56630 15 24 27631
56632 15 14 26652
56634 15 10 26859
56636 15 14 26868
56638 15 22 26870
56640 15 22 27054
56642 15 0 27064
56644 15 24 27119
56646 15 0 27160
56648 15 10 27187
56650 15 10 27195
56652 15 2 27201
56654 15 4 27202
56656 15 14 27380
56658 15 22 27534
56720 15 24 26791
56722 15 24 27191
56724 15 0 27192
56726 15 4 27194
56728 15 0 27536
56730 15 2 27537
56732 15 10 27539
56734 15 2 26665
56736 15 24 26767
56738 15 14 26820
56740 15 2 27489
56742 15 4 27490
56744 15 10 27491
56746 15 22 27494
56800 15 20 26709
56802 15 2 26881
56804 15 20 27285
56806 15 24 27287
56808 15 2 27289
56810 15 14 27388
56812 15 22 27390
56814 15 24 27391
56838 15 22 26886
56840 15 10 26907
56844 15 24 27063
56846 15 20 27077
56848 15 2 27233
56850 15 0 27472
56852 15 2 27641
56854 15 4 27642
56856 15 10 27643
56858 15 22 26726
56860 15 10 26995
56870 15 4 27386
56872 15 0 27392
56878 15 14 26716
56880 15 2 26809
56882 15 4 26874
56884 15 2 26913
56886 15 14 27148
56888 15 24 27199
56922 15 0 26808
56924 15 4 26914
56926 15 14 26916
56928 15 0 27032
56930 15 22 27086
56932 15 10 27123
56936 15 20 27197
56938 15 20 27301
56940 15 22 27302
56998 15 10 27067
57004 15 22 27270
57006 15 10 27419
57008 15 20 27421
57010 15 14 27508
57014 15 14 26884
57016 15 4 26890
57020 15 14 26964
57022 15 24 27031
57024 15 2 27241
57026 15 24 27519
57028 15 0 27520
57030 15 2 27521
57032 15 14 27596
57036 15 10 26867
57066 15 4 27506
57068 15 10 27507
57088 15 10 26979
57090 15 20 27101
57096 15 14 27492
57136 15 20 27381
57138 15 22 27382
57142 15 24 27559
57148 15 0 26816
57150 15 22 26838
57152 15 14 27124
57154 15 22 27126
57156 15 22 27198
57160 15 4 27322
57162 15 10 27323
57164 15 2 27449
57166 15 10 27451
57168 15 24 27623
57184 15 0 26928
57192 15 14 27356
57200 15 22 27646
57204 15 4 26842
57208 15 24 26991
57214 15 0 27200
57216 15 0 27224
57218 15 14 27300
57220 15 0 27312
57222 15 22 27350
57300 15 2 26953
57302 15 14 26956
57304 15 24 26959
57306 15 2 26961
57308 15 14 27204
57310 15 22 27206
57312 15 20 27229
57314 15 2 27385
57316 15 10 27387
57318 15 20 27493
57320 15 10 27587
57372 15 20 27013
57376 15 22 27286
57380 15 22 27414
57382 15 0 27416
57384 15 2 27417
57404 15 2 27161
57408 15 14 27164
57412 15 24 27207
57416 15 4 27242
57420 15 2 27465
57422 15 2 27561
57442 15 0 26720
57444 15 20 26837
57448 15 14 27036
57450 15 4 27082
57452 15 22 27134
57454 15 24 27143
57458 15 14 27452
57462 15 22 27486
57464 15 24 27487
57468 15 22 27622
57470 15 14 27636
57472 15 22 27638
57474 15 24 27639
57544 15 14 26812
57546 15 22 26894
57548 15 10 26899
57554 15 0 27264
57558 15 20 27325
57560 15 10 27331
57566 15 20 27509
57570 15 4 27522
57572 15 0 27640
57574 15 20 27645
57642 15 0 26776
57644 15 10 26779
57646 15 24 26999
57650 15 4 27186
57654 15 14 27188
57656 15 20 27189
57662 15 20 27397
57722 15 2 27153
57734 15 24 27535
57784 15 0 27256
57786 15 2 27257
57788 15 24 27263
57790 15 14 27404
57792 15 20 27405
57794 15 22 27406
57796 15 20 27573
57798 15 22 27574
57800 15 0 27576
57850 15 22 27254
57854 15 20 27261
57860 15 24 27407
57902 15 20 26861
57906 15 24 27159
57938 15 14 26852
57948 15 0 27384
57956 15 14 27644
57962 15 22 26806
57964 15 2 26873
57982 15 14 26828
57984 15 24 26847
57988 15 2 27073
57990 15 14 27100
57992 15 4 27178
57996 15 0 27368
57998 15 2 27369
58000 15 4 27418
58058 15 0 26912
58062 15 0 27328
58064 15 2 27329
58068 15 24 27607
58070 15 0 27608
58072 15 2 27609
58114 15 22 26902
58116 15 0 26904
58118 15 24 27103
58120 15 2 27105
58122 15 0 27240
58126 15 0 27552
58128 15 0 27560
58134 15 4 27610
58154 15 14 27324
58170 15 2 27265
58172 15 0 27408
58184 15 14 26908
58186 15 10 27179
58188 15 20 27181
58190 15 22 27366
58192 15 24 27455
58194 15 0 27456
58196 15 14 27476
58198 15 22 27478
58200 15 2 27593
58202 15 24 27647
58208 15 24 27303
58214 15 4 26650
58216 15 20 26685
58226 15 2 27081
58230 15 4 27226
58234 15 14 27572
58238 15 24 27583
58240 15 0 27584
58294 15 22 27022
58312 15 20 26957
58314 15 24 27247
58316 15 2 27249
58318 15 2 27409
58320 15 0 27432
58322 15 2 27433
58324 15 10 27595
58326 15 20 26757
58328 15 24 26759
58332 15 0 27248
58334 15 4 27410
58338 15 4 27434
58342 15 4 27618
58344 15 10 27619
58346 15 20 27621
58350 15 4 27290
58352 15 20 27293
58354 15 20 27333
58356 15 0 27336
58358 15 20 27533
58364 15 22 27598
58366 15 24 27599
58368 15 2 27601
58382 15 22 27294
58384 15 0 27296
58388 15 24 27335
58396 15 24 27575
58404 15 2 27185
58406 15 10 27379
58408 15 0 27480
58410 15 10 27483
58416 15 22 27182
58418 15 4 27378
58422 15 24 27479
58426 15 22 26686
58432 15 22 27062
58434 15 10 27211
58438 15 2 27305
58440 15 22 27470
58484 15 20 26669
58488 15 20 26877
58492 15 4 27058
58496 15 2 27121
58498 15 22 27150
58502 15 10 27403
58506 15 4 27538
58510 15 4 27602
58572 15 24 26983
58574 15 4 27138
58586 15 10 27443
58588 15 22 27446
58604 15 0 27072
58610 15 10 27371
58614 15 24 27391
58616 15 22 27454
58618 15 20 26749
58620 15 22 26750
58622 15 10 26939
58624 15 22 26942
58628 15 2 27425
58630 15 10 27427
58632 15 20 27437
58634 15 14 27612
58636 15 20 27613
58638 15 22 27614
58640 15 4 26930
58642 15 14 26932
58644 15 24 26935
58646 15 4 26938
58648 15 14 27428
58650 15 22 27430
58652 15 24 27431
58654 15 14 27436
58658 15 14 27620
58676 15 10 27435
58716 15 24 26855
58720 15 0 27000
58722 15 0 27128
58726 15 22 27230
58730 15 4 27250
58734 15 20 27413
58738 15 2 27617
58740 15 14 27124
58742 15 20 27125
58746 15 4 27450
58750 15 24 27623
58754 15 20 27637
58758 15 14 26740
58760 15 20 26741
58762 15 10 27243
58764 15 20 27245
58766 15 14 27484
58768 15 10 27547
58770 15 20 27549
58776 15 20 26765
58778 15 0 26784
58780 15 22 26958
58784 15 24 27439
58788 15 20 27453
58790 15 0 27624
58792 15 4 27626
58794 15 10 27627
58798 15 10 26947
58812 15 20 27445
58816 15 14 26772
58818 15 24 26895
58820 15 2 27089
58822 15 0 27144
58824 15 14 27540
58826 15 24 27543
58828 15 0 27544
58830 15 4 27546
58876 15 22 26766
58878 15 20 26949
58880 15 24 26951
58886 15 22 27422
58888 15 24 27423
58890 15 0 27632
58892 15 4 27634
58894 15 10 27635
58972 15 20 26901
58974 15 0 27048
58980 15 0 27176
59058 15 24 26679
59060 15 24 26967
59066 15 20 27461
59068 15 22 27462
59074 15 2 27481
59076 15 4 27482
59082 15 2 26969
59088 15 24 27463
59092 15 20 27477
59100 15 0 26984
59102 15 4 27314
59104 15 10 27315
59120 15 24 27471
59122 15 24 26767
59124 15 0 27216
59126 15 4 27218
59128 15 14 27220
59130 15 24 27223
59132 15 14 27284
59134 15 4 27578
59174 15 22 26878
59176 15 20 26997
59182 15 2 27393
59232 15 14 27508
59236 15 22 26974
59238 15 0 26976
59242 15 14 27316
59250 15 2 27401
59252 15 4 27466
59254 15 2 27577
59258 15 4 26994
59260 15 22 27070
59264 15 4 27234
59268 15 10 27515
59350 15 24 26639
59352 15 4 26746
59356 15 2 27065
59358 15 14 27276
59360 15 22 27278
59364 15 20 27341
59368 15 14 27396
59374 15 10 27563
59438 15 20 26965
59442 15 14 27108
59446 15 14 27172
59448 15 0 27240
59452 15 22 27590
59454 15 24 27591
59504 15 2 26745
59506 15 2 27001
59508 15 4 27002
59512 15 0 27496
59516 15 22 27510
59520 15 14 26996
59524 15 24 27039
59528 15 22 27246
59530 15 14 27468
59588 15 14 27044
59590 15 20 27045
59596 15 22 27374
59598 15 4 27394
59600 15 10 27395
59606 15 20 27541
59680 15 22 27334
59682 15 10 27339
59684 15 14 27524
59686 15 20 27525
59688 15 22 27526
59690 15 24 27527
59692 15 0 27528
59696 15 0 27600
59700 15 10 27611
59758 15 10 26715
59766 15 14 27228
59774 15 22 27078
59778 15 22 27142
59780 15 22 27318
59782 15 24 27319
59788 15 14 27348
59792 15 14 27364
59796 15 10 27523
59878 15 20 26821
59884 15 24 27015
59888 15 4 27506
59892 15 14 27516
59896 15 20 27629
59904 15 4 27090
59906 15 10 27251
59908 15 14 27252
59940 15 10 26627
59944 15 2 26833
59948 15 4 26906
59950 15 10 27147
59952 15 14 27196
59954 15 24 27271
59956 15 14 27500
59960 15 10 27571
59962 15 4 27586
60026 15 20 26837
60056 15 20 26893
60058 15 14 27012
60060 15 2 27041
60064 15 0 27160
60070 15 4 27282
60072 15 0 27392
60074 15 4 27402
60078 15 14 27532
60140 15 24 27263
60182 15 14 26924
60186 15 10 27187
60188 15 20 27189
60190 15 20 27253
60200 15 10 27411
60202 15 10 27531
60206 15 22 27534
60344 15 22 26670
60346 15 14 26972
60350 15 20 27093
60384 15 20 26885
60386 15 10 27075
60390 15 14 27556
60392 15 20 27597
60396 15 4 27642
60400 15 14 26804
60414 15 2 27553
60434 15 0 27560
60446 15 20 27565
60448 15 22 27566
60450 15 24 27567
60506 15 14 27548
60516 15 0 27368
60520 15 4 27418
60544 15 24 26959
60546 15 10 27059
60550 15 24 27175
60554 15 20 27381
60560 15 20 27517
60566 15 20 27557
60570 15 4 27562
60662 15 4 26978
60664 15 0 26992
60670 15 10 27203
60672 15 10 27235
60748 15 20 27029
60754 15 0 27192
60816 15 14 26716
60862 15 0 27032
60864 15 4 27034
60868 15 0 27104
60874 15 22 27518
60878 15 0 27608
60880 15 4 27610
60938 15 20 26661
60940 15 24 27023
60942 15 0 27024
60946 15 20 27501
60948 15 24 27503
60950 15 24 27511
60952 15 0 27512
60954 15 2 27513
61096 15 22 26998
61098 15 24 27071
61102 15 14 27236
61104 15 24 27239
61108 15 14 27356
61110 15 10 27475
61114 15 24 27535
61116 15 14 27572
61122 15 22 27630
61220 15 14 27636
61224 15 14 27124
61226 15 20 27125
61236 15 20 27637
61242 15 0 27152
61246 15 24 27215
61250 15 0 27344
61252 15 20 27413
61282 15 22 27134
61290 15 22 27638
61332 15 14 27380
61386 15 0 27088
61390 15 22 27606
61444 15 4 26650
61452 15 24 27583
61484 15 4 27226
61528 15 0 27280
61530 15 20 27349
61578 15 0 26768
61582 15 10 27099
61590 15 14 27084
61598 15 4 27386
61602 15 24 27519
61604 15 0 27520
61674 15 24 27135
61676 15 4 27266
61678 15 10 27267
61736 15 22 26862
61738 15 24 27367
61752 15 20 27005
61754 15 4 27146
61756 15 2 27233
61758 15 24 27455
61760 15 2 27457
61768 15 24 27647
61824 15 2 26809
61826 15 24 27199
61830 15 14 27604
61876 15 24 27079
61926 15 22 27086
61930 15 10 27123
61936 15 0 27408
62030 15 24 27151
62076 15 24 27071
62090 15 14 26796
62092 15 22 27094
62094 15 14 27308
62096 15 24 27311
62098 15 2 27473
62146 15 4 27474
62198 15 22 27198
62206 15 14 27404
62258 15 2 27385
62262 15 10 27587
62280 15 0 27536
62304 15 24 26703
62316 15 2 27569
62318 15 4 27570
62378 15 4 27114
62380 15 0 27168
62382 15 24 27247
62386 15 22 27438
62396 15 14 27620
62400 15 2 27625
62480 15 24 27143
62490 15 2 27585
62544 15 20 26749
62546 15 20 27109
62548 15 22 27110
62556 15 20 27445
62558 15 14 27612
62562 15 24 27615
62612 15 2 26753
62614 15 4 26930
62616 15 2 27113
62618 15 14 27428
62620 15 24 27431
62622 15 0 27616
62698 15 10 27115
62702 15 2 27209
62714 15 0 27448
62720 15 2 27633
62722 15 10 27635
62840 15 20 27117
62892 15 24 26943
62902 15 24 27559
62956 15 14 27484
62968 15 0 26784
62972 15 20 27149
62976 15 20 27453
62984 15 22 27646
63104 15 20 27061
63108 15 14 27372
63166 15 20 26709
63170 15 24 27287
63174 15 22 27390
63178 15 0 27416
63342 15 0 27472
63424 15 24 27007
63544 15 22 27342
63658 15 20 27189
63670 15 14 27228
63726 15 2 27001
63728 15 4 27154
63730 15 24 27495
63920 15 10 27331
64112 15 0 27208
64170 15 14 27300
64298 15 14 27412
64420 15 22 27454
64516 15 0 27432
64694 15 14 27436
64780 15 10 27379
64836 15 24 27471
64954 15 10 27459
64976 15 20 27477
65232 15 0 27352
65544 15 24 27343
65682 15 0 27216
66938 15 0 27648
66940 15 10 27787
66942 15 0 27992
66944 15 2 27993
66946 15 4 27994
66948 15 10 27995
66950 15 4 28218
66952 15 10 28219
66954 15 20 28221
66956 15 20 28237
66958 15 24 28431
66960 15 2 27649
66962 15 20 27725
66964 15 2 27865
66966 15 14 27868
66968 15 4 28002
66970 15 4 28018
66976 15 14 28220
66980 15 14 28596
66982 15 20 28597
66984 15 22 28598
66986 15 24 28599
66988 15 4 27650
66990 15 10 27651
66992 15 14 27652
66994 15 20 27653
66996 15 20 27869
66998 15 22 27878
67000 15 10 28099
67002 15 14 28100
67004 15 22 28102
67006 15 14 28108
67008 15 22 28182
67010 15 0 28184
67012 15 24 28191
67014 15 24 28207
67016 15 4 28210
67018 15 0 28256
67020 15 14 28364
67022 15 14 28404
67024 15 14 28524
67082 15 22 27654
67084 15 24 27655
67086 15 0 27656
67088 15 2 27657
67090 15 2 27777
67092 15 4 27778
67094 15 4 27786
67096 15 22 27790
67098 15 2 28017
67100 15 0 28040
67102 15 2 28041
67104 15 4 28042
67106 15 22 28150
67108 15 24 28151
67110 15 2 28153
67112 15 14 28236
67114 15 24 28263
67116 15 14 28532
67118 15 20 28533
67120 15 22 28534
67122 15 24 28535
67124 15 14 28628
67126 15 0 28648
67128 15 2 28649
67130 15 4 28650
67132 15 10 28651
67204 15 4 27658
67206 15 20 28109
67208 15 24 28111
67210 15 0 28112
67212 15 2 28113
67214 15 10 27659
67216 15 20 27733
67218 15 24 28071
67220 15 2 28073
67222 15 4 28074
67224 15 10 28115
67226 15 4 28170
67228 15 10 28171
67230 15 20 28173
67232 15 22 28238
67234 15 20 28525
67236 15 14 27660
67242 15 14 28172
67246 15 2 28177
67248 15 4 28178
67250 15 10 28179
67252 15 14 28180
67254 15 10 28611
67256 15 14 28612
67258 15 20 28613
67260 15 22 28614
67262 15 24 28615
67264 15 20 27661
67266 15 4 27682
67268 15 4 27690
67270 15 0 27712
67272 15 20 27885
67274 15 24 27887
67276 15 20 27957
67278 15 2 28057
67280 15 10 28475
67282 15 14 28476
67284 15 20 28477
67286 15 22 28478
67288 15 0 28600
67290 15 4 28602
67292 15 24 28639
67294 15 0 28640
67296 15 22 27662
67298 15 10 27707
67300 15 4 27842
67302 15 14 27852
67304 15 4 28306
67306 15 10 28307
67308 15 14 28308
67310 15 22 28310
67314 15 2 28601
67318 15 10 28603
67320 15 24 27663
67322 15 0 27664
67324 15 24 28119
67326 15 0 28120
67328 15 2 28121
67330 15 4 28122
67332 15 14 28268
67338 15 0 27840
67348 15 20 28325
67350 15 22 28326
67352 15 24 28327
67354 15 0 28328
67356 15 22 28518
67358 15 2 27665
67360 15 4 27666
67362 15 10 27667
67364 15 14 27668
67366 15 2 27689
67368 15 22 27782
67370 15 24 27791
67372 15 0 27792
67374 15 4 27794
67376 15 24 27839
67378 15 14 27884
67380 15 2 28001
67382 15 14 28028
67384 15 4 28066
67386 15 14 28068
67388 15 0 28144
67390 15 0 28176
67398 15 0 28248
67400 15 4 28250
67402 15 10 28251
67404 15 2 28273
67406 15 10 28299
67408 15 24 28343
67410 15 24 28423
67412 15 20 28445
67414 15 4 28458
67416 15 14 28460
67418 15 14 28556
67420 15 24 28575
67422 15 4 28594
67488 15 20 27669
67490 15 4 27834
67492 15 20 27837
67494 15 24 27879
67496 15 0 28032
67498 15 24 28519
67500 15 0 28520
67502 15 2 28521
67504 15 4 28522
67506 15 22 27670
67508 15 14 27684
67510 15 20 28013
67512 15 22 28014
67514 15 0 28064
67516 15 2 28065
67518 15 24 27671
67520 15 0 27672
67522 15 2 27673
67524 15 4 27674
67526 15 22 27678
67528 15 24 27679
67530 15 0 27680
67532 15 10 27771
67534 15 20 27773
67536 15 22 27774
67538 15 10 27891
67540 15 20 27893
67542 15 10 27931
67544 15 22 27934
67546 15 0 28008
67548 15 4 28058
67550 15 4 28114
67552 15 10 28243
67554 15 24 28367
67626 15 10 27675
67628 15 14 28156
67630 15 20 28157
67632 15 22 28158
67634 15 24 28159
67636 15 14 27676
67638 15 2 28033
67640 15 10 28035
67642 15 14 28036
67644 15 22 28118
67646 15 10 28395
67648 15 20 28397
67650 15 22 28398
67652 15 10 28403
67654 15 20 28653
67656 15 20 27677
67658 15 0 27688
67660 15 4 28226
67662 15 10 28227
67664 15 14 28228
67666 15 20 28229
67668 15 14 28244
67670 15 20 28245
67672 15 22 28246
67674 15 24 28247
67676 15 22 28582
67690 15 2 27681
67706 15 4 28378
67708 15 10 28379
67710 15 20 28381
67712 15 4 28394
67782 15 20 27861
67784 15 24 27863
67786 15 0 27864
67788 15 14 28004
67798 15 20 28565
67800 15 10 27683
67802 15 0 27776
67806 15 24 28183
67814 15 14 28396
67820 15 2 28441
67822 15 4 28442
67824 15 14 28580
67826 15 0 28584
67828 15 4 28642
67834 15 20 27685
67836 15 10 28019
67838 15 20 28021
67840 15 22 28022
67842 15 20 28165
67844 15 22 27686
67846 15 2 27889
67848 15 10 28091
67850 15 20 28093
67852 15 22 28094
67854 15 10 28163
67856 15 24 28383
67858 15 24 27687
67864 15 22 27998
67866 15 24 28007
67868 15 2 28385
67870 15 10 28387
67872 15 22 28454
67874 15 4 28538
67930 15 10 28059
67932 15 10 27691
67940 15 2 28185
67942 15 14 27692
67944 15 20 27693
67946 15 22 27694
67948 15 24 27695
67950 15 4 27746
67952 15 0 27784
67954 15 24 28103
67956 15 2 28105
67958 15 4 28106
67960 15 14 28116
67962 15 0 28136
67964 15 2 28137
67966 15 4 28138
67968 15 10 28139
67970 15 4 28154
67972 15 20 28421
67974 15 10 28491
67976 15 14 28492
67978 15 20 28493
67980 15 22 28494
67986 15 14 28548
67988 15 20 28549
68054 15 0 27696
68056 15 10 27811
68064 15 22 27982
68068 15 0 28080
68070 15 0 28624
68072 15 2 28625
68074 15 10 28627
68076 15 20 28629
68078 15 4 28666
68080 15 2 27697
68082 15 10 27723
68084 15 4 27970
68086 15 14 27972
68088 15 22 28038
68090 15 14 28044
68092 15 14 28356
68094 15 20 28357
68096 15 22 28358
68098 15 24 28359
68100 15 4 27698
68102 15 10 27699
68104 15 14 27700
68106 15 20 27701
68108 15 22 27710
68110 15 4 27738
68112 15 0 27984
68114 15 4 28146
68116 15 10 28147
68118 15 14 28148
68120 15 20 28149
68122 15 2 28161
68124 15 24 28295
68126 15 0 28296
68128 15 2 28297
68130 15 4 28298
68132 15 24 28311
68134 15 0 28312
68136 15 2 28313
68138 15 4 28314
68140 15 24 28527
68142 15 4 28530
68144 15 10 28555
68146 15 22 28566
68148 15 24 28567
68150 15 10 28643
68214 15 22 27702
68216 15 2 27945
68218 15 4 27946
68220 15 14 27948
68222 15 24 28063
68224 15 22 28542
68226 15 24 28543
68228 15 0 28544
68230 15 2 28545
68232 15 24 27703
68234 15 0 27704
68236 15 2 27705
68238 15 4 27706
68240 15 20 27709
68242 15 22 27726
68244 15 0 27728
68246 15 2 27729
68248 15 10 27843
68250 15 14 27844
68252 15 22 27846
68254 15 10 27939
68256 15 10 27963
68258 15 10 28123
68260 15 20 28125
68262 15 22 28126
68264 15 20 28141
68266 15 22 28142
68364 15 14 27708
68366 15 20 27965
68368 15 22 27966
68370 15 24 27967
68372 15 0 27968
68374 15 24 28127
68376 15 0 28128
68378 15 2 28129
68380 15 4 28130
68382 15 0 28432
68416 15 24 27711
68418 15 4 27730
68420 15 20 27941
68422 15 24 27943
68424 15 0 27944
68426 15 14 28132
68428 15 20 28133
68430 15 22 28134
68432 15 24 28135
68434 15 2 28145
68436 15 10 28483
68444 15 2 28009
68446 15 14 28012
68448 15 20 28037
68450 15 22 28070
68460 15 10 28539
68462 15 2 27713
68464 15 4 27714
68466 15 10 27715
68468 15 14 27716
68470 15 10 27803
68472 15 14 27804
68474 15 22 27806
68476 15 14 27812
68482 15 24 28023
68484 15 2 28025
68486 15 4 28026
68488 15 22 28030
68490 15 24 28039
68492 15 2 28097
68494 15 14 28276
68496 15 20 28333
68498 15 22 28334
68500 15 0 28336
68502 15 10 28347
68504 15 14 28484
68506 15 22 28550
68570 15 20 27717
68572 15 22 27718
68574 15 24 27719
68576 15 0 27720
68578 15 14 27732
68580 15 24 27799
68584 15 4 28034
68588 15 20 28117
68590 15 10 28131
68592 15 20 28389
68594 15 22 28390
68596 15 24 28391
68598 15 0 28392
68600 15 24 28479
68602 15 4 28482
68608 15 4 28546
68610 15 14 28564
68612 15 10 28579
68674 15 2 27721
68676 15 24 27751
68678 15 0 27752
68680 15 4 27754
68682 15 10 27851
68690 15 14 28164
68692 15 10 28187
68694 15 20 28189
68696 15 22 28190
68698 15 22 28366
68700 15 20 28541
68702 15 4 27722
68704 15 14 27788
68708 15 4 28010
68712 15 20 28053
68714 15 0 28192
68716 15 2 28193
68718 15 4 28194
68720 15 10 28195
68722 15 22 28462
68728 15 14 27724
68736 15 20 28181
68746 15 0 28568
68752 15 4 27890
68762 15 10 28363
68770 15 10 28219
68774 15 20 28221
68784 15 24 27727
68852 15 24 27775
68862 15 0 28104
68868 15 22 28262
68870 15 20 28365
68872 15 10 27731
68874 15 22 27734
68876 15 24 27735
68878 15 0 27736
68880 15 10 27795
68882 15 22 28054
68884 15 0 28232
68886 15 2 28233
68888 15 10 28235
68890 15 22 28382
68892 15 2 28417
68918 15 10 27659
68920 15 20 27733
68924 15 10 28171
68928 15 22 28222
68930 15 24 28223
68932 15 0 28224
68934 15 2 28225
68940 15 14 28612
68944 15 22 28662
68946 15 24 28663
68956 15 2 27737
68958 15 22 27838
68960 15 14 27900
68966 15 4 28234
68974 15 4 28386
68978 15 14 28388
68982 15 22 28486
68984 15 24 28487
68986 15 0 28488
68988 15 2 28489
69064 15 10 27739
69066 15 14 27740
69068 15 20 27741
69070 15 22 27742
69072 15 0 27744
69074 15 20 28061
69076 15 20 28213
69078 15 22 28214
69080 15 24 28215
69082 15 0 28216
69084 15 20 28269
69086 15 0 28272
69088 15 22 28278
69090 15 4 28346
69092 15 24 28551
69094 15 0 28552
69096 15 2 28553
69098 15 4 28554
69100 15 14 28668
69158 15 24 27743
69160 15 4 27874
69162 15 10 27875
69164 15 22 27974
69166 15 24 27975
69174 15 10 28155
69176 15 4 28434
69178 15 10 28435
69180 15 14 28436
69182 15 20 28437
69184 15 4 28570
69204 15 2 27745
69208 15 2 28249
69212 15 10 28251
69214 15 2 28369
69236 15 10 27747
69238 15 14 27748
69240 15 20 27749
69242 15 22 27750
69244 15 14 27820
69246 15 10 27899
69248 15 14 27940
69250 15 0 27976
69252 15 20 27981
69254 15 14 28076
69256 15 22 28078
69258 15 24 28079
69260 15 4 28162
69262 15 20 28341
69268 15 0 28368
69270 15 10 28427
69272 15 20 28429
69274 15 4 28450
69276 15 10 28451
69278 15 14 28500
69280 15 20 28501
69282 15 14 28540
69356 15 2 27753
69360 15 0 27760
69362 15 2 27761
69364 15 22 27830
69370 15 14 28188
69378 15 0 28208
69380 15 2 28209
69384 15 10 28275
69386 15 0 28352
69388 15 2 28353
69390 15 10 28355
69394 15 24 28399
69396 15 0 28400
69398 15 2 28401
69400 15 4 28402
69402 15 24 28463
69404 15 20 28605
69406 15 0 28664
69476 15 10 27755
69478 15 14 27756
69480 15 20 27757
69482 15 22 27758
69484 15 4 27762
69486 15 24 27783
69488 15 24 27847
69490 15 0 27848
69492 15 4 27858
69494 15 14 27908
69496 15 20 27909
69498 15 22 27910
69500 15 24 28119
69502 15 0 28120
69504 15 24 28143
69506 15 24 28175
69508 15 14 28268
69516 15 14 28340
69518 15 2 28345
69520 15 2 28433
69522 15 20 28453
69524 15 10 28571
69526 15 14 28572
69528 15 4 28586
69530 15 10 28587
69532 15 14 28588
69534 15 20 28589
69536 15 22 28622
69538 15 24 28623
69614 15 24 27759
69620 15 22 28006
69622 15 22 28038
69632 15 0 28576
69710 15 10 27763
69712 15 14 27764
69714 15 20 27765
69716 15 22 27766
69718 15 24 27767
69720 15 0 27768
69722 15 2 27769
69724 15 2 27905
69726 15 24 28055
69728 15 14 28316
69730 15 20 28317
69732 15 24 28319
69734 15 2 28377
69736 15 4 28418
69738 15 4 28658
69740 15 20 28661
69808 15 4 27770
69868 15 24 27671
69870 15 0 27672
69878 15 10 27771
69880 15 14 27772
69882 15 20 27773
69884 15 22 27774
69888 15 20 27893
69890 15 22 27894
69892 15 20 27917
69894 15 24 27919
69902 15 0 28160
69908 15 22 28438
69988 15 24 27935
69990 15 0 27936
69992 15 20 28029
69994 15 22 28062
69998 15 0 28104
70004 15 14 28644
70006 15 20 28645
70008 15 22 28646
70010 15 24 28647
70012 15 10 27683
70022 15 0 28256
70030 15 14 28396
70038 15 22 27654
70040 15 24 27655
70042 15 0 27656
70044 15 2 27777
70046 15 4 27778
70048 15 10 27779
70050 15 14 27780
70052 15 4 27786
70054 15 14 27932
70058 15 22 28150
70062 15 0 28152
70066 15 4 28258
70068 15 10 28259
70070 15 20 28261
70072 15 24 28263
70074 15 4 28362
70078 15 20 28533
70080 15 22 28534
70084 15 22 28606
70144 15 20 27781
70146 15 4 27922
70148 15 2 27953
70150 15 4 27954
70152 15 10 27955
70154 15 10 27979
70160 15 10 28443
70162 15 14 28452
70170 15 22 27782
70174 15 4 28066
70176 15 14 28068
70188 15 2 28273
70190 15 4 28458
70192 15 14 28460
70196 15 24 28575
70198 15 4 28594
70250 15 10 28491
70258 15 2 27785
70260 15 10 27923
70262 15 10 28203
70264 15 14 28204
70266 15 20 28205
70268 15 22 28206
70270 15 2 28393
70296 15 0 27648
70298 15 10 27787
70306 15 20 28237
70310 15 24 28599
70322 15 10 28195
70328 15 4 28354
70332 15 2 28577
70334 15 20 27789
70336 15 2 27841
70340 15 14 28020
70342 15 4 28098
70348 15 2 28265
70350 15 4 28266
70352 15 10 28339
70354 15 24 28415
70364 15 0 28040
70366 15 2 28041
70368 15 4 28042
70370 15 14 28236
70372 15 0 28648
70374 15 2 28649
70376 15 4 28650
70386 15 24 27687
70394 15 2 27793
70398 15 4 27834
70400 15 10 27835
70402 15 20 27837
70404 15 22 27998
70406 15 0 28000
70410 15 24 28007
70412 15 14 28028
70414 15 0 28032
70416 15 14 28060
70422 15 22 28174
70430 15 10 28299
70438 15 24 28423
70440 15 0 28424
70446 15 4 28538
70542 15 22 28358
70550 15 14 27796
70554 15 22 28270
70556 15 24 28271
70560 15 20 27797
70562 15 2 27817
70564 15 24 28071
70566 15 0 28072
70568 15 4 28074
70570 15 4 28090
70572 15 24 28607
70574 15 0 28608
70576 15 2 28609
70578 15 4 28610
70580 15 22 27798
70582 15 0 27800
70584 15 24 28031
70590 15 22 28318
70596 15 22 27718
70598 15 24 27719
70620 15 14 28252
70622 15 20 28253
70624 15 22 28254
70626 15 24 28255
70628 15 2 27801
70630 15 14 27860
70632 15 22 28294
70638 15 20 28573
70640 15 22 28574
70642 15 4 27802
70644 15 10 27859
70646 15 10 28315
70648 15 24 28631
70650 15 0 28632
70652 15 2 28633
70654 15 4 28634
70656 15 2 27713
70664 15 20 27805
70666 15 22 27806
70670 15 20 27949
70678 15 10 28043
70680 15 2 28217
70682 15 20 28333
70684 15 22 28334
70686 15 24 28335
70692 15 22 28630
70756 15 24 27807
70758 15 0 27808
70760 15 2 27809
70762 15 4 27810
70764 15 0 27832
70766 15 2 27833
70768 15 20 27901
70770 15 24 27903
70772 15 10 27907
70774 15 20 27933
70778 15 4 27946
70780 15 22 27990
70782 15 24 28063
70784 15 4 28146
70788 15 2 28161
70790 15 4 28186
70792 15 22 28230
70794 15 20 28301
70796 15 4 28338
70798 15 24 28527
70800 15 0 28528
70802 15 2 28529
70804 15 4 28530
70808 15 14 28604
70880 15 0 27696
70882 15 10 27811
70884 15 24 27823
70886 15 4 27842
70888 15 2 27889
70890 15 0 28080
70896 15 4 28626
70904 15 4 27714
70922 15 24 28039
70924 15 2 28097
70934 15 22 28550
70936 15 20 27813
70938 15 20 27965
70940 15 22 27966
70942 15 0 27968
70944 15 10 28003
70950 15 14 28260
70954 15 4 28490
70956 15 22 27814
70958 15 4 27818
70960 15 2 28081
70962 15 4 28082
70964 15 10 28083
70966 15 24 28279
70968 15 4 28290
70970 15 10 28291
70972 15 14 28292
70974 15 20 28293
70976 15 24 27815
70978 15 0 27816
70980 15 2 28281
70982 15 10 28283
70984 15 14 28284
70986 15 20 28285
70988 15 22 28286
70990 15 24 28287
70992 15 0 28288
70994 15 2 28289
71004 15 4 28282
71046 15 10 27819
71048 15 4 28170
71050 15 10 28171
71058 15 4 28274
71062 15 2 28361
71072 15 14 27820
71074 15 0 27976
71076 15 2 27977
71080 15 22 28486
71082 15 24 28487
71084 15 2 28489
71086 15 24 28495
71088 15 20 27821
71090 15 22 27870
71092 15 24 27871
71094 15 2 27873
71096 15 10 28107
71098 15 10 28635
71100 15 14 28636
71102 15 20 28637
71104 15 22 28638
71106 15 22 27822
71108 15 20 27829
71114 15 24 28095
71116 15 20 28109
71118 15 22 28110
71120 15 0 28112
71122 15 10 28115
71124 15 14 28300
71138 15 0 28280
71148 15 0 27824
71150 15 2 27825
71152 15 4 27826
71154 15 10 27827
71156 15 24 27895
71158 15 2 27897
71160 15 14 27916
71162 15 22 27950
71164 15 14 28140
71166 15 4 28226
71168 15 14 28228
71170 15 20 28229
71172 15 14 28348
71174 15 20 28349
71176 15 24 28351
71178 15 24 28439
71180 15 2 28457
71182 15 22 28654
71184 15 24 28655
71186 15 0 28656
71188 15 2 28657
71258 15 14 27828
71260 15 24 27831
71264 15 20 28093
71266 15 0 28096
71268 15 10 28099
71270 15 20 28101
71272 15 22 28102
71274 15 14 28164
71276 15 0 28320
71296 15 2 27761
71306 15 24 28399
71308 15 0 28400
71310 15 2 28401
71312 15 4 28402
71314 15 24 28463
71376 15 20 27669
71388 15 14 27836
71392 15 24 27879
71402 15 10 28067
71408 15 2 28137
71414 15 10 28211
71418 15 4 28474
71420 15 24 28519
71422 15 0 28520
71424 15 2 28521
71426 15 4 28522
71428 15 14 28548
71516 15 14 27900
71530 15 14 28388
71532 15 2 28417
71538 15 22 27782
71542 15 14 27884
71550 15 2 28273
71552 15 24 28343
71554 15 0 27664
71556 15 0 27840
71558 15 2 28321
71560 15 4 28322
71562 15 20 28325
71564 15 22 28326
71566 15 24 28327
71568 15 0 28328
71580 15 10 28323
71582 15 14 28324
71586 15 22 27662
71596 15 4 28306
71598 15 10 28307
71600 15 14 28308
71602 15 20 28309
71604 15 22 28310
71606 15 24 27703
71608 15 2 27705
71610 15 4 27706
71612 15 10 27843
71614 15 14 27844
71616 15 20 27845
71618 15 22 27846
71620 15 10 27939
71622 15 0 27952
71624 15 10 28123
71626 15 14 28124
71628 15 20 28125
71630 15 22 28126
71632 15 22 28142
71634 15 10 28411
71636 15 14 28412
71638 15 20 28413
71640 15 22 28414
71642 15 22 28590
71644 15 24 28591
71646 15 0 28592
71648 15 2 28593
71650 15 20 28669
71718 15 24 27783
71720 15 24 27847
71724 15 2 27849
71726 15 4 27850
71730 15 24 28143
71734 15 24 28295
71736 15 4 28298
71738 15 22 28342
71740 15 2 28345
71804 15 2 27721
71810 15 4 27754
71812 15 0 27760
71814 15 10 27851
71818 15 20 28189
71820 15 22 28190
71822 15 24 28207
71824 15 2 28209
71826 15 4 28210
71828 15 10 28275
71836 15 20 28605
71840 15 10 27707
71844 15 2 28329
71846 15 4 28330
71848 15 10 28331
71850 15 14 28332
71854 15 2 28601
71856 15 4 28602
71858 15 10 28603
71860 15 20 27853
71862 15 22 27854
71864 15 24 27855
71866 15 0 27856
71868 15 2 27857
71872 15 24 27951
71874 15 20 27997
71878 15 2 28337
71880 15 0 28344
71886 15 20 28557
71888 15 22 28558
72018 15 4 27682
72020 15 20 27861
72022 15 22 27862
72024 15 24 27863
72026 15 0 27864
72028 15 14 27908
72030 15 24 27911
72032 15 0 27912
72034 15 10 27915
72036 15 14 27964
72038 15 24 27999
72040 15 14 28004
72042 15 10 28075
72044 15 22 28166
72046 15 24 28167
72054 15 2 28425
72056 15 4 28426
72058 15 24 28455
72060 15 10 28475
72062 15 20 28477
72064 15 22 28478
72066 15 20 28565
72072 15 2 28665
72138 15 2 27649
72140 15 2 27865
72142 15 4 27866
72144 15 10 27867
72146 15 14 27868
72148 15 4 28002
72150 15 4 28018
72158 15 14 28212
72160 15 0 28496
72162 15 2 28497
72164 15 22 28502
72166 15 24 28503
72168 15 4 28578
72172 15 20 28597
72174 15 22 28598
72236 15 4 27650
72238 15 10 27651
72240 15 14 27652
72242 15 20 27869
72244 15 22 27878
72246 15 22 28182
72248 15 0 28184
72250 15 24 28191
72258 15 14 28364
72260 15 14 28404
72268 15 0 27872
72272 15 4 27906
72276 15 4 28378
72278 15 10 28379
72280 15 14 28380
72282 15 20 28381
72284 15 10 28427
72286 15 14 28428
72288 15 20 28429
72290 15 22 28430
72296 15 20 28637
72360 15 24 27743
72362 15 4 27874
72364 15 10 27875
72366 15 14 27876
72368 15 20 27877
72370 15 22 27974
72372 15 24 27975
72376 15 10 28435
72460 15 0 27880
72462 15 2 27881
72464 15 4 27882
72466 15 10 27883
72468 15 14 27924
72470 15 0 27928
72472 15 2 27969
72474 15 14 27996
72476 15 20 28005
72478 15 14 28252
72480 15 20 28253
72484 15 0 28264
72486 15 4 28370
72488 15 10 28371
72490 15 20 28621
72552 15 2 27689
72560 15 10 28179
72570 15 10 28299
72574 15 20 27661
72576 15 4 27690
72582 15 20 27885
72584 15 22 27886
72586 15 24 27887
72588 15 0 27888
72590 15 20 27957
72592 15 22 27982
72594 15 2 28057
72596 15 10 28059
72600 15 14 28188
72604 15 20 28277
72606 15 0 28440
72608 15 22 28446
72610 15 24 28447
72612 15 0 28448
72614 15 2 28449
72622 15 14 28620
72630 15 24 28639
72632 15 0 28640
72634 15 4 28666
72708 15 22 27686
72712 15 24 27823
72714 15 2 27889
72718 15 22 28094
72720 15 10 28163
72722 15 24 28383
72732 15 14 27724
72734 15 4 27890
72736 15 14 28156
72738 15 24 28159
72740 15 20 28181
72742 15 22 28222
72744 15 0 28224
72746 15 10 28363
72748 15 24 28375
72750 15 0 28376
72752 15 24 27671
72754 15 0 27672
72756 15 10 27771
72758 15 14 27772
72760 15 20 27773
72764 15 14 27892
72770 15 20 27917
72772 15 22 27918
72776 15 0 28008
72778 15 2 28049
72780 15 14 28052
72782 15 4 28058
72784 15 0 28160
72786 15 2 28257
72790 15 22 28438
72792 15 2 28569
72876 15 0 27896
72880 15 4 27898
72884 15 10 28027
72890 15 20 28349
72892 15 22 28350
72898 15 4 28514
72900 15 10 28515
72902 15 14 28516
72904 15 20 28517
72908 15 24 28655
72910 15 0 28656
72912 15 2 28657
72976 15 20 27749
72978 15 10 27899
72980 15 14 27940
72982 15 14 28076
72984 15 22 28078
72986 15 4 28162
72988 15 20 28341
72990 15 14 28356
72992 15 24 28359
72994 15 4 28450
72996 15 10 28451
73014 15 24 27807
73016 15 4 27810
73022 15 22 27902
73026 15 0 27904
73030 15 2 27913
73036 15 2 28009
73038 15 14 28012
73040 15 20 28053
73042 15 0 28056
73044 15 22 28070
73046 15 4 28146
73048 15 14 28148
73054 15 22 28230
73056 15 10 28267
73058 15 20 28301
73060 15 24 28311
73062 15 2 28313
73064 15 4 28338
73066 15 22 28374
73068 15 0 28472
73074 15 10 28539
73076 15 10 28555
73146 15 10 27763
73148 15 20 27765
73152 15 2 27905
73154 15 14 28316
73156 15 20 28317
73158 15 24 28319
73160 15 2 28377
73162 15 4 28658
73164 15 20 28661
73168 15 24 27871
73214 15 14 27756
73228 15 22 27910
73234 15 4 27914
73242 15 24 28119
73244 15 0 28120
73250 15 0 28168
73256 15 0 28312
73260 15 14 28340
73262 15 20 28373
73266 15 0 28384
73268 15 20 28453
73272 15 4 28586
73274 15 10 28587
73276 15 14 28588
73278 15 20 28589
73390 15 24 27999
73528 15 0 27920
73530 15 20 28045
73532 15 24 28047
73536 15 4 28050
73546 15 22 28406
73552 15 24 28583
73628 15 2 27921
73630 15 24 27935
73632 15 0 27936
73634 15 24 27991
73636 15 22 28062
73638 15 24 28407
73640 15 0 28408
73642 15 2 28409
73644 15 4 28410
73646 15 20 28581
73650 15 4 27922
73652 15 10 27923
73654 15 2 28441
73658 15 10 28443
73660 15 14 28444
73662 15 14 28452
73664 15 2 27785
73676 15 2 28393
73694 15 20 27925
73696 15 22 27926
73698 15 24 27927
73700 15 0 27928
73702 15 2 27929
73704 15 4 27930
73706 15 4 27986
73708 15 10 27987
73710 15 14 27988
73712 15 20 27989
73716 15 14 28196
73718 15 22 28198
73720 15 24 28199
73722 15 24 28239
73724 15 0 28240
73726 15 2 28241
73728 15 4 28242
73738 15 14 28372
73740 15 24 28471
73742 15 0 28616
73744 15 2 28617
73746 15 10 28619
73750 15 10 28667
73776 15 20 28197
73782 15 0 28200
73784 15 2 28201
73786 15 4 28202
73916 15 2 27673
73918 15 22 27678
73920 15 0 27680
73922 15 2 27681
73924 15 10 27931
73926 15 22 27934
73928 15 4 28114
73936 15 4 28394
73938 15 2 27777
73940 15 4 27778
73942 15 10 27779
73944 15 14 27932
73946 15 22 28150
73948 15 24 28151
73952 15 2 28153
73954 15 4 28258
73956 15 10 28259
73958 15 20 28261
73960 15 4 28362
73962 15 22 28606
73972 15 20 27933
73976 15 4 27946
73978 15 24 28063
73982 15 24 28527
73984 15 0 28528
73986 15 2 28529
73988 15 4 28530
73994 15 4 27674
73998 15 24 27679
74004 15 22 27774
74014 15 10 28243
74016 15 24 27775
74024 15 2 27937
74026 15 4 27938
74028 15 24 27983
74032 15 20 28029
74036 15 20 28213
74038 15 22 28214
74040 15 0 28216
74042 15 0 28360
74050 15 14 28420
74052 15 4 28458
74054 15 10 28459
74056 15 14 28460
74058 15 20 28461
74060 15 10 28531
74062 15 24 28551
74064 15 4 28554
74068 15 14 28644
74070 15 20 28645
74072 15 22 28646
74074 15 24 28647
74076 15 14 28668
74164 15 10 28123
74166 15 20 28125
74168 15 22 28126
74186 15 0 28368
74192 15 24 27711
74194 15 4 27730
74196 15 20 27853
74200 15 2 27857
74202 15 20 27941
74204 15 22 27942
74206 15 24 27943
74208 15 0 27944
74212 15 20 27997
74214 15 24 28103
74216 15 2 28105
74218 15 14 28132
74220 15 22 28134
74222 15 24 28135
74224 15 2 28145
74226 15 4 28154
74228 15 22 28262
74230 15 4 28266
74234 15 20 28365
74236 15 10 28483
74240 15 14 28492
74242 15 20 28493
74244 15 20 28557
74248 15 24 28631
74250 15 2 28633
74320 15 22 27702
74338 15 10 27947
74340 15 14 27948
74348 15 0 28192
74350 15 2 28193
74352 15 4 28194
74356 15 20 28389
74358 15 24 28391
74360 15 0 28392
74362 15 0 28416
74364 15 0 28456
74366 15 22 28542
74368 15 24 28543
74370 15 0 28544
74372 15 2 28545
74454 15 10 27803
74456 15 14 27804
74458 15 20 27805
74460 15 20 27949
74464 15 4 28042
74466 15 10 28043
74468 15 2 28217
74470 15 20 28333
74472 15 22 28334
74474 15 24 28335
74476 15 0 28336
74478 15 22 28630
74486 15 22 27950
74494 15 2 28457
74542 15 14 28124
74548 15 10 28411
74550 15 14 28412
74554 15 22 28414
74558 15 24 28591
74560 15 0 28592
74562 15 2 28593
74564 15 20 28669
74568 15 2 27953
74570 15 4 27954
74572 15 10 27955
74574 15 14 27956
74576 15 10 27979
74578 15 14 27980
74580 15 24 28479
74582 15 0 28480
74584 15 2 28481
74586 15 4 28482
74592 15 4 28498
74594 15 10 28499
74646 15 20 27661
74658 15 2 28057
74662 15 24 28447
74672 15 24 28639
74676 15 22 27958
74678 15 24 27959
74680 15 0 27960
74682 15 2 27961
74684 15 4 27962
74686 15 20 28013
74688 15 22 28014
74690 15 24 28015
74692 15 0 28064
74694 15 24 28231
74698 15 20 28517
74700 15 10 28523
74772 15 0 27704
74776 15 22 27726
74778 15 0 27728
74780 15 2 27729
74782 15 10 27963
74788 15 20 28141
74818 15 14 27708
74820 15 20 27813
74822 15 20 27965
74824 15 22 27966
74826 15 24 27967
74828 15 0 27968
74830 15 10 28003
74832 15 24 28127
74834 15 2 28129
74836 15 4 28130
74842 15 14 28260
74844 15 0 28432
74846 15 4 28434
74850 15 4 28490
74852 15 4 28570
74854 15 2 28585
74856 15 22 28670
74858 15 24 28671
74934 15 10 27883
74944 15 24 28255
74950 15 2 27697
74952 15 24 27759
74954 15 4 27970
74956 15 10 27971
74958 15 14 27972
74960 15 20 27973
74962 15 2 27985
74964 15 22 28006
74966 15 22 28038
74968 15 14 28044
74970 15 2 28177
74972 15 4 28178
74976 15 22 28222
74978 15 24 28223
74984 15 2 28233
74986 15 4 28234
74990 15 20 28405
74992 15 10 28419
74994 15 0 28424
74996 15 0 28576
74998 15 10 28611
75000 15 22 28614
75002 15 24 28615
75004 15 24 28663
75080 15 24 27743
75082 15 4 27874
75084 15 10 27875
75096 15 20 28437
75104 15 20 27877
75122 15 14 27820
75128 15 20 27981
75140 15 2 27977
75142 15 22 28486
75144 15 24 28487
75146 15 2 28489
75148 15 24 28495
75150 15 4 27978
75152 15 4 28170
75154 15 10 28171
75156 15 14 28172
75158 15 0 28248
75160 15 2 28249
75164 15 4 28274
75168 15 2 28641
75210 15 22 27750
75220 15 20 28429
75222 15 14 28500
75224 15 20 28501
75242 15 20 28277
75244 15 0 28440
75250 15 20 28629
75274 15 4 27698
75276 15 14 27700
75278 15 4 27738
75280 15 0 27984
75282 15 24 28295
75284 15 0 28296
75286 15 2 28297
75288 15 4 28298
75296 15 4 28314
75298 15 10 28643
75340 15 20 28197
75360 15 22 28302
75362 15 24 28303
75364 15 0 28304
75366 15 2 28305
75370 15 0 28616
75374 15 4 28618
75526 15 0 28360
75538 15 0 27648
75540 15 2 27713
75542 15 14 27716
75544 15 0 27992
75546 15 2 27993
75548 15 4 27994
75550 15 10 27995
75552 15 24 28023
75554 15 0 28024
75556 15 4 28026
75558 15 24 28039
75560 15 4 28218
75562 15 20 28221
75564 15 20 28237
75566 15 14 28276
75568 15 10 28347
75570 15 24 28431
75658 15 20 27853
75688 15 24 27687
75690 15 24 27791
75692 15 2 27793
75694 15 4 27794
75696 15 4 27834
75698 15 20 27837
75700 15 22 27998
75702 15 24 28007
75704 15 0 28032
75706 15 14 28060
75708 15 2 28385
75712 15 22 28454
75714 15 4 28538
75722 15 24 27999
75724 15 14 28004
75728 15 4 28330
75732 15 2 28425
75734 15 4 28426
75740 15 0 28000
75742 15 2 28001
75752 15 4 28386
75756 15 24 28423
75762 15 2 27665
75764 15 14 27668
75766 15 2 27689
75776 15 14 28028
75782 15 10 28299
75790 15 2 27865
75792 15 4 27866
75794 15 14 27868
75796 15 4 28002
75798 15 4 28018
75802 15 2 28497
75804 15 22 28502
75806 15 24 28503
75808 15 14 28596
75810 15 20 28597
75814 15 24 28599
75838 15 4 27682
75862 15 22 28478
75864 15 20 28565
75868 15 4 28602
75882 15 20 28005
75900 15 20 28621
75910 15 2 27985
75956 15 0 27672
75962 15 24 27679
75966 15 20 27773
75972 15 20 27893
75978 15 4 28058
75982 15 24 28367
75984 15 0 27712
75986 15 4 27722
75990 15 22 27902
75994 15 2 27913
75996 15 2 28009
75998 15 4 28010
76000 15 10 28011
76004 15 20 28037
76006 15 20 28053
76008 15 22 28070
76014 15 10 28195
76016 15 10 28267
76018 15 24 28399
76020 15 0 28400
76022 15 4 28402
76026 15 24 28447
76030 15 22 28462
76032 15 2 28473
76036 15 14 28476
76040 15 2 28513
76126 15 22 27670
76134 15 4 27962
76142 15 0 28016
76146 15 2 28065
76148 15 24 28231
76150 15 4 28514
76152 15 10 28515
76222 15 22 27654
76224 15 24 27655
76226 15 0 27656
76232 15 4 27786
76234 15 2 28017
76238 15 24 28151
76242 15 24 28263
76244 15 14 28532
76246 15 20 28533
76248 15 22 28534
76250 15 24 28535
76270 15 20 27685
76272 15 20 27789
76276 15 10 28019
76278 15 14 28020
76280 15 20 28021
76282 15 22 28022
76284 15 4 28098
76288 15 20 28133
76292 15 20 28165
76294 15 2 28265
76296 15 10 28339
76304 15 24 28415
76306 15 10 28563
76308 15 10 28595
76382 15 4 27714
76386 15 14 27812
76398 15 2 28025
76404 15 2 28097
76414 15 14 28484
76416 15 22 28550
76480 15 24 27895
76482 15 2 27897
76484 15 4 27898
76486 15 10 28027
76488 15 14 28348
76490 15 20 28349
76492 15 22 28350
76494 15 24 28351
76500 15 14 28516
76506 15 10 27667
76514 15 0 27792
76522 15 4 28066
76524 15 14 28068
76526 15 0 28176
76536 15 20 28445
76538 15 24 27775
76558 15 14 28644
76560 15 20 28645
76562 15 22 28646
76564 15 24 28647
76568 15 10 27715
76574 15 22 27806
76578 15 22 28030
76588 15 22 27798
76590 15 0 27800
76592 15 24 28031
76598 15 22 28254
76602 15 14 28316
76604 15 20 28317
76606 15 22 28318
76608 15 24 28319
76610 15 4 28658
76612 15 10 28659
76614 15 14 28660
76616 15 20 28661
76618 15 20 27669
76628 15 24 27879
76636 15 24 28519
76640 15 2 28521
76642 15 4 28522
76644 15 14 27676
76646 15 20 27717
76648 15 24 27719
76650 15 0 27720
76652 15 14 27732
76654 15 2 28033
76656 15 4 28034
76658 15 10 28035
76660 15 14 28036
76662 15 20 28117
76664 15 22 28118
76666 15 10 28131
76668 15 20 28389
76670 15 22 28390
76672 15 24 28391
76674 15 10 28395
76676 15 22 28398
76678 15 10 28403
76680 15 24 28479
76686 15 4 28546
76688 15 10 28547
76690 15 14 28564
76692 15 10 28579
76694 15 20 28653
76862 15 22 27790
76870 15 0 28040
76872 15 2 28041
76874 15 4 28042
76878 15 2 28217
76880 15 14 28236
76894 15 14 28628
76898 15 0 28648
76900 15 2 28649
76902 15 4 28650
76904 15 10 28651
77002 15 0 28376
77006 15 20 27917
77008 15 0 27920
77010 15 20 28045
77012 15 22 28046
77016 15 0 28048
77018 15 2 28049
77020 15 4 28050
77022 15 10 28051
77026 15 10 28227
77028 15 14 28244
77030 15 20 28245
77032 15 24 28247
77034 15 2 28257
77038 15 20 28485
77040 15 22 28582
77042 15 24 28583
77136 15 14 28052
77138 15 0 28160
77150 15 2 28569
77252 15 10 27731
77254 15 22 27734
77256 15 24 27735
77258 15 0 27736
77260 15 22 28054
77264 15 10 28235
77266 15 22 28382
77268 15 2 28417
77274 15 0 28488
77278 15 10 27763
77280 15 14 27764
77282 15 20 27765
77284 15 24 27767
77286 15 0 27768
77288 15 2 27769
77290 15 24 28055
77296 15 2 28377
77298 15 4 28418
77302 15 10 27907
77306 15 0 28056
77308 15 4 28146
77310 15 14 28148
77312 15 20 28149
77314 15 24 28311
77318 15 4 28338
77320 15 22 28374
77322 15 0 28472
77324 15 10 28555
77326 15 20 27661
77328 15 4 27690
77330 15 10 27707
77336 15 20 27957
77338 15 2 28057
77344 15 2 28601
77348 15 24 28639
77358 15 14 27772
77364 15 20 27893
77366 15 22 27894
77370 15 24 27919
77380 15 22 28438
77404 15 0 28624
77408 15 20 28629
77412 15 4 28666
77422 15 10 27835
77436 15 22 28174
77440 15 10 27739
77442 15 14 27740
77444 15 0 27744
77446 15 20 28061
77448 15 20 28269
77450 15 0 28272
77452 15 22 28278
77454 15 4 28346
77456 15 24 28551
77458 15 0 28552
77460 15 2 28553
77462 15 4 28554
77472 15 24 27991
77480 15 2 28409
77484 15 20 28581
77494 15 22 27702
77498 15 2 27833
77500 15 20 27933
77504 15 4 27946
77508 15 24 28063
77512 15 22 28542
77514 15 24 28543
77516 15 0 28544
77518 15 2 28545
77522 15 22 27958
77526 15 2 27961
77552 15 22 27782
77562 15 14 27836
77570 15 10 28067
77574 15 20 28069
77576 15 0 28136
77578 15 2 28137
77580 15 0 28144
77586 15 10 28211
77588 15 22 28422
77596 15 4 28474
77600 15 24 28575
77602 15 4 28594
77718 15 10 27659
77720 15 20 27797
77722 15 22 27822
77724 15 24 28071
77726 15 0 28072
77728 15 2 28073
77730 15 4 28074
77732 15 2 28089
77734 15 4 28090
77736 15 24 28095
77738 15 10 28115
77740 15 4 28170
77742 15 10 28171
77744 15 22 28238
77746 15 22 28286
77748 15 24 28287
77750 15 0 28288
77752 15 2 28361
77754 15 20 28509
77756 15 24 28511
77758 15 20 28525
77760 15 24 28607
77762 15 0 28608
77764 15 4 28610
77838 15 22 27862
77844 15 24 27911
77848 15 10 27915
77852 15 10 28075
77854 15 22 28166
77856 15 24 28167
77858 15 24 28455
77860 15 2 28665
77862 15 10 27747
77864 15 20 27749
77866 15 22 27750
77868 15 10 27899
77872 15 20 28077
77874 15 22 28078
77876 15 24 28079
77878 15 4 28162
77880 15 20 28341
77882 15 10 28427
77886 15 20 28429
77888 15 20 28501
77890 15 14 28540
77956 15 10 27811
77958 15 4 27842
77960 15 0 28080
77962 15 4 28306
77964 15 10 28307
77966 15 14 28308
77968 15 20 28309
77972 15 2 28625
77978 15 22 27814
77980 15 24 27823
77982 15 2 28081
77984 15 4 28082
77986 15 10 28083
77988 15 14 28084
77990 15 24 28279
77992 15 0 28280
77994 15 0 28504
77996 15 2 28505
77998 15 4 28506
78000 15 10 28507
78054 15 20 28085
78056 15 22 28086
78058 15 24 28087
78060 15 0 28088
78062 15 2 28281
78064 15 14 28284
78066 15 20 28285
78068 15 14 28508
78156 15 22 27686
78158 15 2 27721
78160 15 14 27828
78162 15 2 27889
78164 15 10 28091
78166 15 14 28092
78168 15 20 28093
78170 15 22 28094
78172 15 0 28096
78174 15 10 28163
78176 15 14 28164
78180 15 20 28189
78182 15 4 28290
78184 15 10 28291
78186 15 14 28292
78188 15 22 28366
78190 15 24 28383
78192 15 0 28440
78194 15 22 28510
78196 15 0 28512
78198 15 20 28541
78202 15 4 28626
78324 15 2 28025
78344 15 14 28020
78348 15 4 28098
78350 15 10 28339
78352 15 4 27650
78354 15 14 27652
78356 15 20 27653
78360 15 24 27831
78362 15 10 28099
78364 15 14 28100
78366 15 20 28101
78368 15 22 28102
78370 15 14 28108
78372 15 24 28207
78374 15 4 28210
78376 15 10 28275
78378 15 0 28320
78380 15 14 28364
78382 15 14 28524
78454 15 14 27692
78456 15 20 27693
78458 15 4 27730
78460 15 4 27746
78464 15 0 27784
78466 15 20 27941
78468 15 0 27944
78470 15 24 27951
78472 15 24 28103
78474 15 0 28104
78476 15 2 28105
78478 15 4 28106
78480 15 14 28116
78486 15 4 28138
78488 15 2 28145
78490 15 4 28154
78492 15 22 28262
78494 15 20 28365
78496 15 20 28421
78500 15 10 28491
78504 15 20 28493
78506 15 22 28494
78508 15 20 28557
78594 15 20 27821
78596 15 22 27870
78598 15 24 27871
78600 15 2 27873
78602 15 10 28107
78604 15 4 28378
78606 15 10 28379
78608 15 14 28380
78610 15 20 28381
78612 15 10 28635
78614 15 14 28636
78616 15 20 28637
78618 15 22 28638
78642 15 4 27658
78646 15 20 27829
78648 15 20 28109
78650 15 22 28110
78652 15 24 28111
78654 15 0 28112
78656 15 2 28113
78662 15 2 28225
78664 15 14 28300
78666 15 24 28375
78668 15 22 28526
78752 15 2 27673
78754 15 22 27678
78756 15 0 27680
78758 15 10 27931
78760 15 22 27934
78762 15 4 28114
78822 15 0 27720
78838 15 0 28480
78840 15 4 28482
78852 15 14 28036
78862 15 10 28403
78872 15 20 28653
78874 15 24 27663
78876 15 0 27664
78878 15 10 27755
78880 15 14 27756
78882 15 24 27783
78886 15 22 27910
78888 15 24 28119
78890 15 0 28120
78892 15 2 28121
78894 15 4 28122
78898 15 0 28168
78900 15 2 28169
78902 15 24 28175
78904 15 14 28268
78906 15 20 28325
78908 15 22 28326
78910 15 24 28327
78912 15 14 28340
78914 15 0 28384
78916 15 20 28453
78920 15 22 28518
78922 15 0 28536
78924 15 10 28571
78926 15 14 28572
78928 15 22 28574
78930 15 4 28586
78932 15 14 28588
78934 15 20 28589
78936 15 22 28622
79036 15 24 27703
79038 15 4 27706
79040 15 22 27726
79042 15 0 27728
79044 15 10 27843
79046 15 14 27844
79048 15 10 27939
79050 15 0 27952
79052 15 10 27963
79054 15 10 28123
79056 15 14 28124
79058 15 20 28125
79060 15 22 28126
79062 15 20 28141
79066 15 22 28590
79068 15 24 28591
79070 15 0 28592
79156 15 14 27708
79158 15 24 27743
79160 15 20 27965
79162 15 22 27966
79164 15 24 27967
79166 15 24 28127
79168 15 0 28128
79170 15 2 28129
79172 15 4 28130
79174 15 10 28155
79176 15 0 28432
79178 15 4 28434
79180 15 10 28435
79182 15 20 28437
79184 15 4 28570
79186 15 2 28585
79254 15 24 27719
79262 15 4 28034
79272 15 22 28390
79280 15 4 28546
79286 15 24 27711
79292 15 24 27943
79294 15 20 27997
79300 15 20 28021
79304 15 20 28133
79306 15 22 28134
79308 15 24 28135
79312 15 2 28265
79314 15 4 28266
79320 15 0 28408
79324 15 24 28415
79326 15 10 28483
79330 15 10 28595
79332 15 24 28631
79334 15 0 28632
79336 15 2 28633
79440 15 24 27695
79446 15 24 27879
79468 15 10 28139
79480 15 24 28519
79484 15 4 28522
79486 15 14 28548
79488 15 20 28549
79596 15 0 27824
79598 15 2 27825
79600 15 4 27826
79604 15 2 27897
79606 15 14 27916
79608 15 14 28140
79610 15 14 28348
79612 15 20 28349
79614 15 24 28351
79616 15 24 28439
79618 15 22 28654
79620 15 24 28655
79622 15 0 28656
79624 15 2 28657
79672 15 4 27762
79676 15 24 27847
79678 15 0 27848
79680 15 4 27858
79682 15 24 28143
79684 15 24 28295
79686 15 4 28298
79688 15 2 28345
79690 15 2 28433
79698 15 24 28623
79718 15 14 28460
79758 15 4 27698
79760 15 14 27700
79762 15 20 27701
79764 15 22 27710
79768 15 2 27809
79770 15 4 27810
79780 15 10 28147
79786 15 2 28161
79788 15 22 28230
79790 15 20 28301
79796 15 4 28314
79802 15 24 28527
79804 15 0 28528
79806 15 4 28530
79810 15 22 28566
79812 15 24 28567
79916 15 22 27654
79918 15 24 27655
79920 15 2 27777
79922 15 4 27778
79924 15 14 27932
79928 15 22 28150
79930 15 24 28151
79932 15 0 28152
79934 15 2 28153
79936 15 4 28258
79938 15 10 28259
79940 15 24 28263
79942 15 4 28362
79944 15 14 28532
79946 15 20 28533
79948 15 24 28535
79950 15 22 28606
79952 15 22 28670
79954 15 24 28671
80090 15 10 27675
80092 15 10 27723
80094 15 14 27724
80096 15 4 27890
80098 15 14 28156
80100 15 20 28157
80102 15 22 28158
80104 15 24 28159
80106 15 20 28181
80108 15 14 28356
80110 15 20 28357
80112 15 24 28359
80114 15 10 28363
80116 15 4 28450
80118 15 0 28568
80184 15 10 27771
80186 15 14 27772
80188 15 10 27891
80190 15 14 27892
80196 15 22 27918
80206 15 0 28160
80258 15 24 28079
80260 15 4 28162
80286 15 14 28164
80322 15 20 27685
80330 15 20 28165
80348 15 14 27964
80360 15 24 28167
80372 15 20 28453
80380 15 2 28537
80382 15 2 28665
80470 15 14 27660
80472 15 20 27733
80474 15 10 27819
80476 15 4 27978
80478 15 24 28071
80490 15 14 28172
80492 15 20 28173
80496 15 0 28248
80498 15 2 28249
80500 15 4 28274
80502 15 24 28343
80508 15 24 28607
80510 15 4 28610
80512 15 10 28611
80514 15 14 28612
80516 15 20 28613
80518 15 22 28614
80520 15 2 28641
80522 15 22 28662
80648 15 20 27757
80652 15 20 27909
80668 15 10 28587
80684 15 14 28028
80708 15 2 27689
80712 15 14 27884
80714 15 4 27970
80716 15 20 27973
80718 15 2 27985
80720 15 0 28000
80724 15 22 28006
80728 15 2 28177
80730 15 4 28178
80732 15 10 28179
80736 15 10 28299
80738 15 10 28419
80740 15 24 28423
80742 15 0 28424
80750 15 24 28615
80870 15 10 27683
80872 15 10 27691
80874 15 20 27869
80876 15 22 27878
80878 15 22 28182
80880 15 24 28183
80882 15 0 28184
80884 15 2 28185
80886 15 24 28191
80888 15 14 28404
80890 15 2 28441
80892 15 4 28442
80894 15 14 28444
80896 15 14 28580
80898 15 0 28584
80966 15 0 27832
80968 15 2 27833
80972 15 24 27903
80974 15 20 27933
80980 15 22 27990
80982 15 24 28063
80988 15 14 28604
80992 15 24 27751
80994 15 2 27753
80996 15 4 27754
80998 15 10 27851
81000 15 20 27885
81002 15 22 27886
81004 15 0 27888
81006 15 22 27982
81016 15 14 28188
81020 15 22 28190
81022 15 20 28277
81028 15 24 28399
81030 15 0 28400
81032 15 2 28401
81036 15 22 28446
81038 15 24 28447
81040 15 0 28448
81044 15 20 28605
81046 15 14 28620
81190 15 14 27788
81194 15 10 27947
81198 15 2 28009
81200 15 4 28010
81202 15 20 28053
81204 15 0 28192
81206 15 2 28193
81210 15 10 28195
81212 15 0 28352
81214 15 4 28354
81216 15 10 28355
81218 15 20 28389
81220 15 24 28391
81224 15 4 28402
81226 15 0 28416
81228 15 0 28456
81230 15 22 28462
81232 15 2 28513
81234 15 2 28577
81236 15 14 28652
81336 15 14 27924
81338 15 20 27925
81340 15 22 27926
81342 15 4 27986
81344 15 10 27987
81346 15 14 27988
81348 15 14 28196
81350 15 20 28197
81352 15 22 28198
81354 15 24 28199
81356 15 0 28200
81358 15 2 28201
81360 15 4 28202
81362 15 22 28302
81364 15 24 28303
81366 15 0 28304
81368 15 2 28305
81370 15 24 28471
81372 15 0 28616
81374 15 2 28617
81376 15 4 28618
81378 15 10 28619
81408 15 0 28464
81410 15 2 28465
81412 15 4 28466
81414 15 10 28467
81416 15 14 28468
81418 15 20 28469
81420 15 22 28470
81570 15 2 27785
81572 15 2 27865
81574 15 4 27866
81576 15 10 27867
81578 15 10 27923
81580 15 10 28203
81582 15 14 28204
81584 15 20 28205
81586 15 22 28206
81588 15 14 28212
81590 15 2 28393
81592 15 0 28496
81594 15 2 28497
81596 15 10 28499
81598 15 24 28503
81600 15 4 28578
81676 15 14 27652
81680 15 0 27760
81682 15 2 27761
81684 15 0 27776
81690 15 10 28099
81692 15 14 28100
81694 15 20 28101
81696 15 14 28108
81698 15 24 28207
81700 15 0 28208
81702 15 2 28209
81704 15 4 28210
81706 15 0 28256
81708 15 10 28275
81712 15 2 28353
81714 15 14 28364
81716 15 24 28463
81718 15 14 28524
81720 15 0 28664
81818 15 24 27879
81836 15 24 28519
81838 15 2 28521
81866 15 10 27739
81868 15 14 27740
81870 15 22 27742
81872 15 24 27935
81874 15 2 27937
81876 15 4 27938
81878 15 24 27991
81880 15 20 28213
81882 15 22 28214
81884 15 24 28215
81886 15 0 28216
81888 15 0 28360
81890 15 14 28420
81892 15 24 28551
81896 15 4 28554
81898 15 14 28668
81978 15 10 27803
81980 15 20 27805
81982 15 20 27949
81984 15 0 28040
81986 15 4 28042
81988 15 10 28043
81990 15 2 28217
81992 15 20 28333
81994 15 24 28335
81996 15 0 28336
81998 15 22 28630
82000 15 0 27648
82002 15 2 27649
82004 15 20 27725
82006 15 10 27787
82008 15 0 27992
82010 15 4 27994
82012 15 10 27995
82014 15 4 28218
82016 15 10 28219
82018 15 14 28220
82020 15 20 28221
82022 15 20 28237
82024 15 24 28431
82026 15 14 28596
82028 15 20 28597
82030 15 24 28599
82106 15 10 27971
82110 15 14 28044
82112 15 20 28109
82114 15 22 28110
82122 15 24 28223
82128 15 24 28375
82130 15 0 28376
82132 15 20 28405
82134 15 22 28526
82142 15 24 28663
82232 15 20 27677
82234 15 0 27824
82236 15 2 27825
82238 15 22 27950
82240 15 20 28045
82242 15 0 28048
82244 15 4 28226
82246 15 10 28227
82248 15 14 28228
82250 15 20 28229
82252 15 14 28244
82254 15 20 28245
82256 15 22 28246
82258 15 2 28457
82260 15 20 28485
82262 15 22 28582
82266 15 0 28656
82268 15 2 28657
82364 15 4 28338
82368 15 0 28528
82370 15 4 28530
82376 15 0 27960
82378 15 2 27961
82380 15 4 27962
82382 15 20 28013
82384 15 22 28014
82386 15 24 28015
82388 15 0 28064
82390 15 24 28231
82392 15 4 28514
82394 15 20 28517
82396 15 10 28523
82398 15 10 27731
82400 15 22 27734
82402 15 0 27736
82404 15 24 27759
82406 15 10 27795
82408 15 22 27838
82414 15 22 28038
82416 15 22 28054
82418 15 0 28232
82420 15 2 28233
82422 15 4 28234
82424 15 10 28235
82428 15 22 28358
82430 15 0 28368
82432 15 22 28382
82434 15 2 28417
82436 15 22 28486
82438 15 24 28487
82440 15 0 28488
82442 15 0 28576
82526 15 22 27654
82528 15 0 27656
82530 15 22 27790
82534 15 2 28041
82538 15 14 28236
82542 15 20 28533
82544 15 22 28534
82546 15 14 28628
82550 15 2 28649
82552 15 4 28650
82554 15 10 28651
82580 15 10 27659
82586 15 2 28073
82588 15 10 28115
82592 15 10 28171
82602 15 14 28612
82610 15 2 27929
82616 15 20 27989
82618 15 20 28005
82620 15 24 28239
82622 15 0 28240
82624 15 2 28241
82626 15 4 28242
82628 15 14 28252
82630 15 4 28370
82632 15 14 28372
82638 15 20 28621
82640 15 10 28667
82720 15 24 27671
82722 15 4 27674
82726 15 24 27679
82730 15 22 27774
82736 15 10 28243
82740 15 0 27688
82744 15 22 28046
82750 15 10 28051
82764 15 24 28247
82766 15 22 28406
82848 15 2 27745
82852 15 24 27839
82860 15 14 28172
82866 15 4 28250
82868 15 10 28251
82870 15 2 28273
82872 15 4 28274
82876 15 2 28369
82882 15 20 28461
82886 15 0 28552
82890 15 14 28556
82892 15 4 28594
82980 15 0 27800
82982 15 0 27880
82984 15 4 27882
82988 15 2 27969
82990 15 14 27996
82994 15 24 28031
83002 15 20 28253
83004 15 22 28254
83006 15 24 28255
83008 15 0 28264
83012 15 10 28371
83018 15 4 28658
83020 15 10 28659
83022 15 14 28660
83024 15 20 28661
83126 15 14 27892
83128 15 20 27917
83130 15 22 27918
83132 15 0 27920
83136 15 24 28047
83140 15 4 28050
83146 15 2 28257
83152 15 24 28583
83156 15 10 27779
83158 15 20 27813
83164 15 22 27966
83166 15 10 28003
83168 15 22 28150
83174 15 4 28258
83178 15 14 28260
83180 15 20 28261
83184 15 4 28490
83188 15 22 28670
83268 15 24 27775
83270 15 20 27941
83272 15 0 27944
83276 15 0 28104
83278 15 2 28105
83280 15 2 28145
83282 15 22 28262
83284 15 20 28365
83288 15 24 27655
83294 15 2 28017
83302 15 24 28263
83312 15 2 27881
83318 15 0 27928
83332 15 20 27789
83336 15 14 28020
83340 15 22 28134
83342 15 2 28265
83344 15 4 28266
83346 15 10 28339
83348 15 24 28415
83350 15 24 28631
83352 15 0 28632
83354 15 2 28633
83360 15 24 27943
83362 15 20 27997
83372 15 10 28483
83382 15 22 27902
83386 15 2 27913
83388 15 2 28009
83390 15 14 28012
83394 15 22 28070
83396 15 10 28267
83398 15 10 28475
83400 15 20 28477
83402 15 10 28539
83404 15 24 27663
83406 15 10 27755
83410 15 24 27783
83412 15 24 28119
83414 15 0 28120
83416 15 4 28122
83418 15 14 28268
83420 15 14 28340
83426 15 22 28574
83428 15 22 28622
83432 15 0 27744
83434 15 14 27796
83436 15 10 27819
83438 15 20 28061
83440 15 20 28269
83442 15 22 28270
83444 15 24 28271
83446 15 0 28272
83448 15 22 28278
83450 15 4 28346
83458 15 24 28607
83460 15 2 28609
83566 15 2 28361
83596 15 2 27713
83598 15 14 27716
83602 15 2 27993
83606 15 24 28023
83608 15 0 28024
83610 15 4 28026
83612 15 24 28039
83614 15 14 28276
83616 15 10 28347
83622 15 0 27888
83624 15 22 27982
83634 15 0 28440
83646 15 10 28627
83678 15 22 27814
83680 15 24 27823
83682 15 2 28081
83684 15 4 28082
83686 15 10 28083
83688 15 24 28279
83690 15 0 28280
83702 15 24 27815
83704 15 0 27816
83706 15 2 27817
83708 15 20 28085
83710 15 22 28086
83712 15 24 28087
83714 15 2 28281
83716 15 4 28282
83718 15 10 28283
83720 15 14 28284
83722 15 20 28285
83724 15 14 28508
83728 15 0 28608
83820 15 2 28089
83822 15 4 28090
83824 15 24 28095
83826 15 22 28286
83828 15 24 28287
83830 15 0 28288
83832 15 2 28289
83834 15 20 28509
83836 15 24 28511
83890 15 4 27818
83894 15 14 28092
83896 15 22 28094
83898 15 0 28096
83900 15 4 28290
83902 15 10 28291
83904 15 14 28292
83906 15 20 28293
83908 15 22 28510
83910 15 0 28512
83968 15 2 27801
83970 15 24 27847
83972 15 0 27848
83974 15 4 27850
83976 15 22 28294
83978 15 22 28342
83984 15 20 28573
83986 15 24 28623
83988 15 4 27698
83990 15 4 27738
83994 15 20 27757
83996 15 4 27762
84002 15 0 27984
84004 15 24 28143
84006 15 24 28295
84008 15 0 28296
84010 15 2 28297
84012 15 4 28298
84014 15 24 28311
84016 15 0 28312
84018 15 4 28314
84020 15 2 28345
84022 15 2 28433
84026 15 4 28586
84028 15 10 28587
84030 15 20 28589
84036 15 10 28643
84128 15 2 27689
84134 15 2 28001
84138 15 2 28177
84140 15 10 28179
84144 15 10 28299
84146 15 24 28423
84148 15 22 27822
84150 15 20 27829
84152 15 20 28109
84156 15 0 28112
84158 15 14 28300
84172 15 2 27945
84176 15 4 28146
84180 15 4 28186
84184 15 20 28301
84186 15 4 28338
84196 15 24 28199
84198 15 0 28200
84202 15 22 28302
84206 15 0 28304
84208 15 2 28305
84210 15 0 28464
84212 15 2 28465
84214 15 4 28466
84218 15 14 28468
84220 15 20 28469
84222 15 22 28470
84224 15 24 28559
84226 15 0 28560
84228 15 2 28561
84230 15 4 28562
84236 15 4 28618
84330 15 22 27662
84332 15 4 27842
84334 15 0 28080
84336 15 4 28306
84338 15 10 28307
84340 15 14 28308
84342 15 20 28309
84344 15 22 28310
84346 15 0 28600
84348 15 2 28601
84350 15 10 28603
84354 15 2 28625
84356 15 20 28629
84440 15 14 27700
84444 15 14 27908
84450 15 4 27914
84452 15 10 27915
84456 15 0 28056
84460 15 10 28147
84462 15 14 28148
84474 15 2 28313
84480 15 20 28373
84482 15 22 28374
84484 15 0 28472
84486 15 10 28555
84492 15 14 28588
84606 15 4 27802
84608 15 20 27853
84610 15 22 27854
84612 15 24 27855
84614 15 10 28315
84616 15 0 28344
84622 15 4 28634
84624 15 10 27763
84626 15 20 27765
84628 15 24 27767
84630 15 0 27768
84632 15 22 27798
84634 15 2 27905
84636 15 24 28031
84638 15 24 28055
84640 15 14 28316
84642 15 20 28317
84644 15 22 28318
84646 15 24 28319
84648 15 2 28377
84650 15 4 28418
84652 15 4 28658
84654 15 10 28659
84730 15 14 27828
84732 15 24 27831
84738 15 22 28102
84740 15 0 28320
84742 15 0 27840
84744 15 2 28321
84746 15 4 28322
84750 15 14 27860
84756 15 2 27841
84758 15 10 28323
84760 15 14 28324
84764 15 10 27859
84770 15 0 27664
84776 15 2 28121
84780 15 22 28166
84782 15 24 28167
84784 15 2 28169
84786 15 20 28325
84788 15 22 28326
84790 15 24 28327
84792 15 0 28328
84794 15 0 28384
84796 15 22 28518
84798 15 0 28536
84800 15 2 28537
84866 15 14 27852
84868 15 20 27861
84870 15 0 27912
84872 15 24 27999
84874 15 14 28004
84876 15 2 28329
84878 15 4 28330
84880 15 10 28331
84882 15 14 28332
84884 15 2 28425
84886 15 4 28426
84890 15 4 28602
84960 15 14 27804
84962 15 14 27812
84964 15 20 27949
84968 15 22 28030
84974 15 4 28042
84976 15 2 28097
84980 15 20 28333
84982 15 22 28334
84986 15 0 28336
84988 15 14 28484
84990 15 22 28550
84994 15 0 28648
84996 15 2 28649
85092 15 2 27857
85096 15 24 27951
85100 15 2 28337
85102 15 10 28491
85104 15 20 28493
85106 15 20 28557
85108 15 22 28558
85152 15 4 28098
85172 15 22 27910
85178 15 24 28175
85184 15 20 28453
85200 15 20 27749
85202 15 10 27899
85204 15 14 28076
85206 15 22 28078
85208 15 4 28162
85210 15 20 28341
85248 15 4 28274
85340 15 0 27824
85342 15 4 27826
85344 15 24 27895
85346 15 2 27897
85348 15 10 28027
85350 15 14 28140
85352 15 14 28348
85354 15 20 28349
85356 15 22 28350
85358 15 24 28351
85360 15 24 28439
85364 15 14 28516
85366 15 20 28517
85370 15 24 28655
85452 15 2 27761
85456 15 14 27788
85458 15 22 27830
85460 15 0 28192
85462 15 2 28193
85478 15 4 28354
85480 15 10 28355
85482 15 20 28389
85484 15 24 28391
85486 15 10 28395
85488 15 14 28396
85490 15 22 28398
85492 15 24 28463
85494 15 10 28547
85496 15 2 28577
85498 15 14 28652
85500 15 0 28664
85598 15 2 27697
85600 15 10 27723
85604 15 10 27795
85608 15 14 27940
85610 15 0 27976
85612 15 14 28156
85614 15 20 28157
85616 15 22 28158
85618 15 20 28181
85620 15 0 28232
85622 15 2 28233
85624 15 14 28356
85628 15 22 28358
85630 15 24 28359
85632 15 0 28368
85636 15 4 28450
85638 15 10 28451
85640 15 0 28568
85724 15 2 27937
85728 15 24 27991
85730 15 20 28213
85732 15 22 28214
85734 15 0 28216
85736 15 0 28360
85738 15 14 28420
85742 15 4 28554
85750 15 0 28072
85752 15 2 28073
85776 15 0 28152
85784 15 20 28261
85786 15 4 28362
85788 15 22 28606
85790 15 14 27724
85792 15 4 27890
85796 15 24 28159
85800 15 10 28363
85802 15 4 27650
85812 15 14 28108
85816 15 4 28210
85820 15 14 28364
85822 15 14 28524
85832 15 24 28103
85834 15 2 28105
85836 15 2 28145
85838 15 4 28154
85846 15 14 28492
85852 15 2 27721
85856 15 4 27754
85858 15 10 27851
85862 15 10 28163
85864 15 14 28164
85870 15 22 28190
85872 15 22 28366
85874 15 24 28399
85876 15 2 28401
85878 15 20 28541
85880 15 20 28605
85884 15 0 27672
85886 15 10 27771
85888 15 20 27773
85890 15 10 27891
85892 15 20 27893
85894 15 0 28008
85896 15 4 28058
85898 15 24 28367
85932 15 2 28369
85936 15 14 28460
85946 15 14 28556
85948 15 0 27880
85950 15 4 27882
85954 15 2 27969
85956 15 20 28005
85958 15 24 28239
85966 15 0 28264
85976 15 10 28667
86006 15 2 27929
86012 15 0 28240
86030 15 4 27914
86054 15 2 27913
86076 15 24 28111
86078 15 2 28113
86080 15 22 28222
86082 15 0 28224
86084 15 24 28375
86086 15 0 28376
86088 15 22 28526
86092 15 4 27970
86094 15 10 27971
86096 15 14 28044
86106 15 20 28405
86134 15 22 27678
86136 15 2 27681
86138 15 22 27870
86140 15 2 27873
86142 15 10 27931
86144 15 10 28107
86146 15 4 28378
86148 15 10 28379
86150 15 14 28380
86152 15 20 28381
86154 15 4 28394
86156 15 10 28635
86158 15 14 28636
86160 15 22 28638
86232 15 10 27731
86236 15 0 27736
86246 15 10 28235
86256 15 2 28417
86258 15 22 28486
86260 15 24 28487
86262 15 0 28488
86264 15 22 27686
86266 15 2 27889
86278 15 24 28383
86280 15 0 28440
86286 15 4 28626
86296 15 0 28120
86302 15 0 28168
86314 15 24 28455
86320 15 24 27687
86324 15 24 27791
86326 15 22 27838
86328 15 14 27900
86330 15 22 27998
86332 15 0 28000
86334 15 24 28007
86336 15 2 28385
86338 15 4 28386
86340 15 10 28387
86342 15 14 28388
86344 15 22 28454
86346 15 4 28538
86412 15 20 27717
86414 15 24 27719
86416 15 24 27799
86420 15 10 27947
86422 15 14 27948
86424 15 2 28033
86426 15 4 28034
86428 15 14 28036
86430 15 10 28131
86444 15 22 28390
86448 15 0 28392
86454 15 0 28416
86456 15 0 28456
86458 15 22 28542
86460 15 24 28543
86462 15 0 28544
86464 15 4 28546
86472 15 20 28653
86578 15 2 27785
86580 15 10 27923
86582 15 10 28203
86584 15 20 28205
86586 15 22 28206
86588 15 2 28393
86604 15 14 27676
86606 15 10 27683
86614 15 22 28118
86626 15 20 28397
86630 15 10 28403
86632 15 2 28441
86634 15 4 28442
86636 15 14 28452
86638 15 24 28479
86640 15 0 28480
86646 15 14 28564
86648 15 0 28584
86650 15 4 28642
86744 15 2 27753
86750 15 2 28009
86752 15 4 28010
86754 15 10 28011
86758 15 14 28188
86770 15 0 28400
86774 15 4 28402
86776 15 22 28446
86780 15 22 28462
86782 15 2 28473
86784 15 2 28513
86788 15 14 28620
86918 15 22 27878
86920 15 22 28182
86922 15 0 28184
86924 15 24 28191
86926 15 14 28404
86938 15 24 28223
86946 15 10 28611
86948 15 22 28614
86950 15 24 28663
86952 15 20 27917
86954 15 0 27920
86956 15 20 28045
86958 15 22 28046
86960 15 24 28047
86962 15 2 28049
86964 15 4 28050
86966 15 10 28051
86968 15 14 28244
86970 15 24 28247
86972 15 2 28257
86978 15 24 28583
86980 15 2 27921
86988 15 20 28021
86990 15 22 28062
86994 15 20 28133
86996 15 24 28135
86998 15 20 28165
87000 15 24 28407
87002 15 0 28408
87004 15 2 28409
87006 15 4 28410
87010 15 10 28563
87012 15 20 28581
87014 15 10 28595
87016 15 14 28644
87018 15 20 28645
87020 15 22 28646
87108 15 10 27843
87110 15 20 27845
87112 15 0 27952
87114 15 10 28411
87116 15 14 28412
87118 15 20 28413
87120 15 22 28414
87122 15 22 28590
87124 15 24 28591
87126 15 2 28593
87128 15 20 28669
87188 15 20 27789
87200 15 22 28134
87220 15 22 27990
87226 15 4 28194
87248 15 4 28234
87284 15 2 27985
87286 15 22 28006
87288 15 2 28177
87290 15 4 28178
87294 15 10 28419
87296 15 0 28424
87302 15 24 28615
87306 15 2 27937
87318 15 14 27692
87320 15 20 27693
87324 15 0 28104
87326 15 4 28106
87328 15 14 28116
87330 15 0 28136
87332 15 2 28137
87334 15 4 28138
87336 15 20 28421
87338 15 22 28422
87340 15 4 28066
87342 15 10 28067
87344 15 20 28069
87360 15 4 28474
87364 15 2 27689
87370 15 2 28001
87378 15 10 28299
87380 15 24 28423
87408 15 0 27912
87414 15 2 28329
87416 15 4 28330
87420 15 2 28425
87422 15 4 28426
87424 15 0 28600
87444 15 22 27750
87448 15 24 27871
87450 15 4 27906
87452 15 20 27981
87454 15 14 28076
87456 15 20 28077
87458 15 24 28079
87460 15 4 28162
87462 15 10 28427
87464 15 14 28428
87466 15 20 28429
87468 15 22 28430
87470 15 14 28500
87472 15 20 28501
87474 15 14 28540
87546 15 0 27648
87548 15 0 27992
87550 15 4 27994
87552 15 10 27995
87554 15 4 28218
87556 15 20 28221
87558 15 20 28237
87560 15 24 28431
87562 15 14 27708
87564 15 20 27965
87566 15 22 27966
87568 15 24 27967
87570 15 24 28127
87572 15 2 28129
87574 15 4 28130
87576 15 0 28432
87578 15 4 28434
87580 15 10 28435
87582 15 4 28570
87584 15 2 28585
87590 15 24 27847
87596 15 24 28295
87610 15 24 27743
87612 15 4 27874
87618 15 22 27974
87620 15 24 27975
87626 15 10 28155
87634 15 14 28436
87636 15 20 28437
87716 15 14 27772
87720 15 22 27894
87724 15 24 27919
87728 15 0 28160
87730 15 22 28438
87740 15 14 28140
87742 15 14 28348
87744 15 20 28349
87748 15 24 28439
87756 15 20 27885
87758 15 0 27888
87760 15 22 27982
87770 15 20 28277
87782 15 4 28666
87786 15 20 27781
87788 15 4 27922
87794 15 24 28183
87796 15 2 28185
87812 15 10 28443
87814 15 14 28444
87822 15 14 28580
87906 15 10 27667
87910 15 0 27792
87912 15 4 27834
87914 15 10 27835
87918 15 14 28060
87922 15 14 28068
87924 15 22 28174
87926 15 0 28176
87928 15 20 28445
87932 15 22 27886
87934 15 20 27957
87940 15 20 28037
87958 15 2 28449
87962 15 10 28475
87964 15 14 28476
87968 15 10 28539
87976 15 24 28639
87978 15 0 28640
88082 15 10 27899
88086 15 14 28156
88088 15 20 28157
88094 15 24 28359
88096 15 4 28450
88100 15 0 28568
88108 15 0 27976
88146 15 14 27756
88160 15 24 28175
88174 15 20 28589
88186 15 2 28385
88204 15 14 27964
88206 15 10 28075
88214 15 24 28167
88224 15 2 28665
88254 15 2 27825
88256 15 22 27950
88258 15 4 28226
88260 15 14 28228
88262 15 20 28229
88264 15 2 28457
88268 15 0 28656
88274 15 22 27782
88276 15 24 27935
88278 15 4 27938
88280 15 24 27983
88282 15 20 28029
88288 15 0 28144
88292 15 0 28248
88296 15 2 28273
88302 15 10 28459
88304 15 14 28460
88308 15 10 28531
88310 15 24 28551
88316 15 24 28575
88318 15 4 28594
88412 15 4 27722
88436 15 2 27761
88444 15 2 28209
88450 15 10 28355
88456 15 20 28197
88458 15 22 28302
88460 15 2 28305
88462 15 0 28464
88464 15 2 28465
88466 15 4 28466
88468 15 10 28467
88472 15 20 28469
88476 15 24 28559
88478 15 0 28560
88480 15 2 28561
88482 15 4 28562
88638 15 20 27925
88640 15 22 27926
88642 15 4 27986
88644 15 10 27987
88646 15 14 27988
88648 15 14 28196
88650 15 22 28198
88652 15 24 28199
88654 15 24 28471
88656 15 0 28616
88658 15 2 28617
88660 15 10 28619
88662 15 20 27901
88666 15 0 28056
88668 15 4 28146
88672 15 24 28311
88676 15 4 28338
88682 15 10 28555
88712 15 14 27836
88726 15 10 28211
88732 15 20 27661
88734 15 4 27682
88736 15 0 27712
88740 15 0 27864
88752 15 22 28070
88754 15 10 28267
88766 15 20 28477
88768 15 22 28478
88772 15 20 28565
88878 15 20 27717
88880 15 14 27732
88882 15 2 27953
88884 15 4 27954
88886 15 14 27956
88890 15 20 28117
88908 15 2 28481
88910 15 4 28482
88912 15 14 28564
88914 15 10 28579
88998 15 24 27711
89000 15 20 27941
89002 15 24 27943
89012 15 2 28145
89014 15 4 28266
89016 15 10 28483
89018 15 24 28631
89020 15 2 28633
89028 15 10 27803
89030 15 14 27804
89032 15 14 27812
89036 15 22 28030
89038 15 24 28039
89040 15 2 28097
89042 15 20 28333
89044 15 22 28334
89046 15 0 28336
89048 15 14 28484
89050 15 22 28550
89056 15 0 28048
89058 15 2 28049
89064 15 10 28227
89066 15 14 28244
89068 15 20 28245
89074 15 20 28485
89076 15 22 28582
89080 15 24 27735
89082 15 14 27820
89084 15 2 27977
89088 15 0 28232
89096 15 24 28487
89098 15 0 28488
89100 15 2 28489
89102 15 24 28495
89170 15 20 27813
89176 15 10 28003
89178 15 4 28258
89180 15 10 28259
89182 15 14 28260
89184 15 4 28490
89186 15 22 28670
89188 15 24 28671
89190 15 14 27692
89192 15 0 27784
89194 15 20 27853
89196 15 2 27857
89202 15 24 28103
89204 15 14 28116
89208 15 2 28337
89210 15 20 28365
89212 15 10 28491
89216 15 20 28493
89218 15 22 28494
89220 15 20 28557
89222 15 22 28558
89314 15 2 27865
89316 15 4 27866
89320 15 10 27979
89322 15 14 27980
89324 15 4 28002
89326 15 10 28203
89328 15 14 28204
89330 15 20 28205
89332 15 14 28212
89334 15 0 28496
89336 15 2 28497
89338 15 4 28498
89340 15 10 28499
89342 15 22 28502
89344 15 24 28503
89346 15 4 28578
89418 15 10 27747
89422 15 20 27981
89426 15 20 28429
89438 15 14 28076
89452 15 14 28540
89490 15 2 28081
89492 15 4 28082
89494 15 14 28084
89496 15 0 28504
89498 15 2 28505
89500 15 4 28506
89502 15 10 28507
89546 15 20 28085
89548 15 22 28086
89550 15 24 28087
89552 15 2 28281
89554 15 14 28284
89556 15 20 28285
89558 15 14 28508
89560 15 24 28071
89562 15 2 28089
89564 15 4 28090
89566 15 24 28095
89568 15 22 28286
89570 15 24 28287
89572 15 0 28288
89574 15 20 28509
89576 15 24 28511
89580 15 14 28092
89582 15 22 28094
89584 15 0 28096
89586 15 4 28290
89588 15 10 28291
89590 15 14 28292
89592 15 22 28510
89594 15 0 28512
89652 15 4 27898
89654 15 22 27958
89656 15 4 27962
89658 15 20 28013
89660 15 24 28015
89662 15 0 28016
89664 15 10 28027
89666 15 24 28231
89668 15 14 28348
89670 15 20 28349
89672 15 22 28350
89674 15 4 28514
89676 15 10 28515
89678 15 14 28516
89680 15 20 28517
89682 15 10 28523
89760 15 0 27664
89766 15 4 28122
89772 15 20 28325
89774 15 22 28326
89776 15 24 28327
89780 15 22 28518
89784 15 20 27669
89788 15 24 27695
89792 15 24 27879
89794 15 0 28032
89800 15 10 28139
89804 15 24 28519
89806 15 0 28520
89808 15 2 28521
89810 15 4 28522
89812 15 14 28548
89814 15 20 28549
89910 15 14 27652
89912 15 10 28099
89914 15 14 28100
89916 15 20 28101
89922 15 4 28210
89924 15 10 28275
89928 15 14 28524
89930 15 10 27659
89934 15 0 28072
89936 15 2 28073
89938 15 10 28115
89940 15 4 28170
89942 15 10 28171
89944 15 22 28238
89946 15 2 28361
89948 15 20 28525
89950 15 24 28607
89952 15 4 28610
89954 15 20 28109
89956 15 22 28110
89958 15 24 28111
89960 15 2 28113
89962 15 22 28222
89964 15 0 28224
89966 15 2 28225
89968 15 24 28375
89970 15 22 28526
89972 15 4 27698
89974 15 22 27710
89976 15 24 27807
89978 15 2 27809
89980 15 20 27933
89984 15 10 28147
89986 15 2 28161
89988 15 22 28230
89990 15 24 28527
89992 15 0 28528
89994 15 2 28529
89996 15 4 28530
89998 15 22 28566
90000 15 24 28567
90090 15 22 27654
90092 15 0 27656
90094 15 2 27777
90096 15 4 27786
90098 15 2 28017
90100 15 0 28040
90102 15 2 28041
90108 15 14 28236
90110 15 24 28263
90112 15 14 28532
90114 15 20 28533
90116 15 22 28534
90118 15 24 28535
90120 15 14 28628
90122 15 0 28648
90124 15 2 28649
90126 15 10 28651
90236 15 2 28537
90252 15 24 27687
90258 15 24 28007
90262 15 10 28387
90302 15 20 28077
90318 15 2 27721
90324 15 14 28164
90330 15 22 28366
90336 15 20 28541
90342 15 22 27702
90346 15 24 27799
90352 15 24 28063
90356 15 22 28390
90362 15 22 28542
90368 15 2 28545
90438 15 24 27719
90440 15 2 28033
90442 15 4 28034
90444 15 14 28036
90452 15 24 28391
90458 15 4 28546
90460 15 10 28547
90472 15 2 28353
90474 15 4 28354
90488 15 14 28652
90536 15 2 27713
90544 15 2 28097
90554 15 10 27739
90556 15 14 27740
90560 15 4 27938
90562 15 20 28061
90566 15 22 28214
90568 15 24 28215
90572 15 2 28249
90574 15 20 28269
90576 15 22 28278
90578 15 4 28346
90580 15 0 28360
90592 15 0 28552
90594 15 2 28553
90600 15 14 28668
90700 15 14 27700
90712 15 24 28311
90716 15 4 28314
90732 15 2 28273
90748 15 4 28594
90804 15 22 28470
90874 15 10 28019
90880 15 20 28133
90882 15 24 28135
90888 15 2 28409
90890 15 24 28415
90892 15 10 28563
90894 15 10 28595
90920 15 4 28482
90940 15 22 28478
90992 15 10 27723
90994 15 14 28156
90998 15 22 28158
91000 15 20 28181
91002 15 14 28356
91004 15 20 28357
91008 15 4 28450
91012 15 10 27891
91014 15 14 27892
91016 15 20 27917
91018 15 22 27918
91022 15 14 28052
91024 15 0 28160
91026 15 2 28257
91028 15 2 28569
91030 15 24 27743
91034 15 24 27967
91036 15 24 28127
91038 15 4 28130
91042 15 0 28432
91046 15 10 28435
91048 15 20 28437
91054 15 10 27755
91056 15 24 27783
91058 15 2 27801
91060 15 24 27847
91062 15 0 27848
91064 15 14 27860
91070 15 24 28143
91072 15 14 28268
91074 15 22 28294
91076 15 24 28295
91078 15 14 28340
91080 15 22 28342
91082 15 2 28345
91084 15 2 28433
91088 15 14 28572
91090 15 20 28573
91092 15 22 28574
91094 15 22 28622
91190 15 24 27759
91192 15 4 27970
91194 15 22 28006
91196 15 22 28038
91200 15 2 28233
91202 15 4 28234
91204 15 0 28576
91206 15 14 27788
91224 15 2 28577
91232 15 10 28203
91268 15 10 27683
91272 15 24 28183
91274 15 2 28185
91276 15 24 28191
91278 15 2 28441
91284 15 14 28580
91288 15 2 27921
91292 15 24 27991
91300 15 4 28410
91302 15 20 28581
91308 15 22 28646
91310 15 20 27677
91312 15 20 28045
91316 15 4 28226
91320 15 14 28228
91326 15 22 28246
91330 15 22 28582
91334 15 0 27920
91338 15 24 28047
91346 15 22 28406
91348 15 24 28583
91360 15 14 28396
91362 15 20 28397
91372 15 4 28642
91394 15 20 27757
91396 15 14 27908
91398 15 20 27909
91406 15 0 28296
91410 15 0 28312
91416 15 20 28373
91418 15 20 28453
91422 15 10 28587
91424 15 14 28588
91426 15 20 28589
91428 15 10 28643
91522 15 10 27843
91524 15 0 27952
91526 15 10 28123
91528 15 14 28124
91530 15 20 28125
91532 15 10 28411
91534 15 20 28413
91536 15 22 28414
91540 15 24 28591
91542 15 0 28592
91544 15 2 28593
91546 15 20 28669
91652 15 20 28165
91666 15 2 27649
91668 15 10 27787
91672 15 4 28002
91674 15 4 28018
91676 15 4 28218
91678 15 10 28219
91680 15 14 28220
91682 15 20 28237
91684 15 14 28596
91686 15 20 28597
91688 15 22 28598
91690 15 24 28599
91756 15 20 27661
91758 15 22 27662
91760 15 10 27707
91762 15 14 27852
91766 15 20 27885
91772 15 2 28057
91774 15 10 28059
91776 15 4 28306
91778 15 10 28307
91780 15 22 28310
91782 15 2 28329
91786 15 14 28332
91788 15 2 28425
91806 15 2 28601
91810 15 10 28603
91812 15 24 28639
91920 15 0 27832
91924 15 24 27903
91928 15 22 27990
91930 15 4 28186
91932 15 20 28301
91934 15 14 28604
91936 15 24 27751
91938 15 2 27753
91940 15 10 27851
91950 15 24 28399
91954 15 2 28401
91958 15 24 28447
91960 15 20 28605
91962 15 14 28620
91966 15 14 27932
91968 15 22 28150
91970 15 0 28152
91974 15 4 28258
91976 15 10 28259
91978 15 4 28362
91980 15 22 28606
91982 15 22 28670
91984 15 24 28671
91986 15 20 27797
91988 15 2 27817
91990 15 10 27819
91992 15 24 28071
91996 15 4 28090
92002 15 22 28270
92004 15 24 28271
92006 15 4 28274
92012 15 4 28282
92014 15 10 28283
92018 15 20 28525
92022 15 0 28608
92024 15 2 28609
92112 15 14 27660
92114 15 20 27733
92118 15 20 27973
92122 15 14 28172
92124 15 20 28173
92126 15 2 28177
92128 15 4 28178
92130 15 10 28179
92134 15 24 28223
92136 15 2 28225
92140 15 20 28405
92142 15 10 28419
92144 15 10 28611
92146 15 14 28612
92148 15 20 28613
92150 15 22 28614
92152 15 24 28615
92154 15 22 28662
92156 15 24 28663
92272 15 14 27924
92276 15 10 27987
92278 15 14 28196
92280 15 24 28199
92282 15 24 28239
92284 15 2 28241
92286 15 4 28242
92290 15 24 28303
92292 15 0 28304
92294 15 24 28471
92296 15 0 28616
92298 15 2 28617
92300 15 4 28618
92302 15 10 28619
92384 15 22 27886
92390 15 20 28277
92406 15 0 27880
92408 15 4 27882
92412 15 20 28005
92418 15 14 28252
92420 15 0 28264
92422 15 4 28370
92424 15 10 28371
92426 15 14 28372
92428 15 20 28621
92430 15 10 28667
92490 15 0 27696
92492 15 10 27811
92494 15 24 27823
92498 15 2 27889
92500 15 22 27982
92504 15 0 28080
92506 15 10 28091
92508 15 22 28094
92518 15 20 28309
92520 15 24 28383
92528 15 2 28625
92530 15 4 28626
92534 15 20 28629
92536 15 4 28666
92632 15 2 28041
92634 15 14 28236
92640 15 22 28534
92648 15 10 28651
92680 15 20 27949
92684 15 4 28042
92686 15 2 28217
92688 15 20 28333
92690 15 24 28335
92692 15 0 28336
92694 15 22 28630
92700 15 4 28650
92702 15 4 27802
92704 15 20 27853
92706 15 22 27854
92708 15 10 27859
92716 15 2 28265
92718 15 4 28266
92720 15 10 28315
92724 15 0 28344
92726 15 10 28483
92728 15 24 28631
92730 15 0 28632
92732 15 2 28633
92734 15 4 28634
92802 15 20 27821
92806 15 24 27871
92808 15 10 28107
92810 15 4 28378
92812 15 10 28379
92814 15 14 28380
92816 15 10 28635
92818 15 14 28636
92820 15 20 28637
92822 15 22 28638
92940 15 4 27978
92948 15 2 28249
92952 15 24 28343
92954 15 2 28641
92962 15 20 28397
92970 15 14 28452
92982 15 0 27984
92988 15 2 28297
92994 15 4 28314
93002 15 24 27775
93004 15 24 27935
93008 15 20 28029
93016 15 2 28145
93034 15 24 28647
93110 15 22 27790
93222 15 2 28353
93240 15 14 27676
93266 15 20 28653
93268 15 0 27824
93270 15 2 27825
93272 15 24 27895
93274 15 14 27916
93276 15 14 28140
93280 15 20 28229
93284 15 20 28349
93286 15 24 28439
93288 15 2 28457
93292 15 24 28655
93294 15 0 28656
93296 15 2 28657
93376 15 10 27763
93378 15 2 27905
93380 15 24 28031
93384 15 20 28253
93386 15 22 28254
93388 15 14 28316
93390 15 22 28318
93392 15 24 28319
93394 15 2 28377
93396 15 4 28658
93398 15 10 28659
93400 15 14 28660
93402 15 20 28661
93518 15 2 27761
93520 15 0 27776
93522 15 24 28207
93524 15 0 28208
93526 15 2 28209
93534 15 24 28463
93542 15 0 27912
93544 15 14 27964
93546 15 10 28075
93550 15 24 28167
93552 15 24 28455
93554 15 2 28665
93596 15 10 27739
93598 15 14 27740
93602 15 4 27938
93604 15 20 28213
93606 15 22 28214
93610 15 0 28360
93622 15 0 27952
93632 15 24 28591
93634 15 2 28593
93640 15 10 28003
93650 15 4 28490
93678 15 2 28697
93680 15 22 28870
93682 15 24 28871
93684 15 0 28872
93686 15 2 28873
93688 15 4 28890
93690 15 20 29037
93692 15 4 28730
93694 15 14 29036
93696 15 14 29044
93698 15 20 29045
93700 15 22 29046
93702 15 24 29047
93704 15 10 29219
93706 15 24 28767
93708 15 10 28723
93710 15 20 28685
93712 15 22 28686
93714 15 24 28687
93716 15 0 28688
93718 15 0 28704
93720 15 20 28965
93722 15 22 28966
93724 15 24 28967
93726 15 0 28968
93728 15 2 29025
93730 15 4 29090
93732 15 2 29137
93734 15 10 29187
93736 15 2 28713
93738 15 4 28714
93740 15 10 28715
93742 15 14 28716
93744 15 2 28777
93746 15 4 28778
93748 15 10 28779
93750 15 14 28780
93752 15 20 28933
93754 15 22 28934
93756 15 24 28935
93758 15 0 28936
93760 15 0 29072
93762 15 2 29161
93764 15 0 29352
93782 15 24 28895
93786 15 22 29222
93788 15 10 28947
93790 15 14 28948
93792 15 20 28949
93794 15 22 28950
93796 15 24 28975
93798 15 4 29042
93800 15 4 28698
93802 15 10 28699
93804 15 14 28700
93806 15 20 28701
93808 15 14 28820
93810 15 10 29051
93812 15 14 29052
93814 15 20 29053
93816 15 22 29054
93818 15 10 29067
93820 15 4 29082
93822 15 10 28731
93824 15 14 28732
93826 15 20 28733
93828 15 22 28734
93830 15 24 28735
93832 15 0 28736
93834 15 2 28737
93836 15 24 28743
93838 15 0 28744
93840 15 2 28745
93842 15 4 28746
93844 15 20 28877
93846 15 10 28891
93848 15 14 28892
93850 15 20 28893
93852 15 22 28894
93854 15 24 29095
93856 15 24 29167
93858 15 0 29168
93860 15 2 29169
93862 15 4 29170
93864 15 0 29408
93866 15 20 28941
93868 15 22 28942
93870 15 24 28943
93872 15 0 28944
93874 15 10 29011
93876 15 14 29012
93878 15 20 29013
93880 15 22 29014
93882 15 4 29154
93884 15 10 29155
93886 15 14 29156
93888 15 20 29157
93890 15 24 29319
93892 15 20 29365
93894 15 14 29580
93896 15 20 28677
93898 15 22 28678
93900 15 22 29086
93902 15 24 29087
93904 15 0 29088
93906 15 2 29089
93908 15 20 29173
93910 15 24 29239
93934 15 10 28883
93936 15 14 28884
93938 15 20 28885
93940 15 22 28886
93942 15 24 28887
93944 15 0 28888
93946 15 2 28889
93950 15 20 29221
93952 15 4 29466
93954 15 4 28738
93956 15 10 28739
93958 15 14 28740
93960 15 20 28741
93962 15 10 28867
93964 15 4 28882
93966 15 22 29230
93968 15 24 29231
93970 15 0 29232
93972 15 2 29233
93974 15 10 29243
93976 15 14 29244
93978 15 22 28742
93980 15 14 29100
93982 15 20 29101
93984 15 22 29102
93986 15 24 29103
93988 15 0 29104
93990 15 14 28772
93992 15 20 28773
93994 15 22 28774
93996 15 24 28775
93998 15 20 28845
94000 15 22 28846
94002 15 24 28847
94004 15 0 28848
94006 15 14 28900
94008 15 4 28970
94010 15 10 28971
94012 15 14 28972
94014 15 20 28973
94016 15 2 28977
94018 15 22 29110
94020 15 24 29111
94022 15 20 29165
94024 15 4 29242
94026 15 2 28681
94028 15 4 28682
94030 15 10 28683
94032 15 14 28684
94034 15 2 28689
94036 15 22 28726
94038 15 24 28727
94040 15 2 28729
94042 15 14 28676
94044 15 0 28696
94046 15 10 28827
94048 15 20 28861
94050 15 22 29270
94052 15 24 29271
94054 15 0 29272
94056 15 2 29273
94058 15 10 29283
94060 15 10 29315
94064 15 10 28675
94066 15 0 28712
94068 15 14 28804
94070 15 20 28805
94072 15 22 28806
94074 15 24 28807
94076 15 14 29124
94078 15 24 29279
94080 15 0 29280
94082 15 2 29281
94084 15 4 29282
94110 15 24 29031
94112 15 0 29032
94114 15 2 29033
94116 15 4 29034
94120 15 24 29263
94122 15 10 29427
94124 15 4 28690
94126 15 10 28691
94128 15 14 28692
94130 15 20 28693
94132 15 14 28932
94134 15 24 28679
94136 15 20 28765
94140 15 0 29120
94142 15 2 29121
94144 15 4 29122
94146 15 10 29123
94148 15 2 29217
94150 15 14 28756
94152 15 20 28757
94154 15 22 28758
94156 15 24 28759
94158 15 2 28953
94164 15 22 28710
94172 15 14 28828
94174 15 20 28829
94176 15 0 28912
94178 15 2 28913
94180 15 4 28914
94182 15 10 28915
94194 15 10 29035
94196 15 0 29096
94198 15 2 29097
94200 15 4 29098
94202 15 10 29099
94204 15 14 29292
94206 15 20 29309
94208 15 22 29310
94210 15 24 29311
94212 15 0 29312
94214 15 0 29320
94216 15 22 29342
94218 15 24 29343
94220 15 20 29381
94222 15 2 29393
94224 15 4 28722
94226 15 20 28749
94232 15 2 28721
94234 15 20 28781
94244 15 0 29112
94246 15 0 28928
94248 15 2 28929
94250 15 4 28930
94252 15 10 28931
94254 15 4 29018
94256 15 14 29132
94258 15 20 29133
94260 15 22 29134
94262 15 24 29135
94264 15 24 29183
94266 15 0 29184
94268 15 2 29185
94270 15 4 29186
94272 15 24 29223
94274 15 2 29313
94276 15 4 29354
94278 15 0 29392
94280 15 22 28782
94282 15 24 28783
94284 15 0 28784
94286 15 2 28785
94288 15 10 28795
94290 15 22 28790
94292 15 24 28791
94294 15 0 28792
94296 15 2 28793
94298 15 4 28794
94300 15 14 28764
94302 15 22 28750
94304 15 2 28761
94306 15 0 28776
94316 15 22 28974
94318 15 14 28796
94320 15 20 28797
94322 15 22 28798
94324 15 24 28799
94326 15 22 28814
94328 15 4 28786
94330 15 10 28787
94332 15 14 28788
94334 15 20 28789
94336 15 20 28957
94338 15 10 28763
94340 15 0 28808
94342 15 2 28809
94344 15 4 28810
94346 15 10 28811
94348 15 24 28927
94350 15 14 29204
94352 15 20 29205
94354 15 22 29206
94356 15 24 29207
94358 15 22 29214
94360 15 22 29294
94364 15 0 28800
94366 15 2 28801
94368 15 4 28802
94370 15 10 28803
94372 15 24 28815
94392 15 24 29007
94402 15 22 29158
94404 15 20 29213
94418 15 20 28821
94420 15 22 28822
94422 15 24 28823
94424 15 0 28824
94426 15 4 28826
94428 15 0 28816
94430 15 2 28817
94432 15 4 28818
94434 15 10 28819
94436 15 2 28825
94446 15 4 29074
94448 15 10 29075
94450 15 14 29076
94452 15 20 29077
94462 15 2 29193
94464 15 4 29194
94466 15 10 29195
94468 15 14 29196
94470 15 22 29254
94472 15 10 29307
94474 15 4 29442
94476 15 10 29443
94482 15 22 29198
94484 15 24 29199
94486 15 0 29200
94488 15 2 29201
94490 15 4 29202
94506 15 14 28724
94510 15 14 28812
94512 15 20 28813
94514 15 24 29063
94516 15 0 29064
94518 15 2 29065
94520 15 4 29066
94522 15 20 29245
94524 15 4 29250
94532 15 0 28832
94534 15 2 28833
94536 15 4 28834
94538 15 10 28835
94540 15 22 29038
94542 15 14 28836
94544 15 20 28837
94546 15 22 28838
94548 15 24 28839
94550 15 10 28955
94552 15 20 28717
94554 15 22 28718
94556 15 24 28719
94558 15 0 28720
94564 15 14 28868
94566 15 24 28911
94568 15 4 28922
94570 15 10 28923
94572 15 14 28924
94574 15 20 28925
94576 15 24 28951
94578 15 0 28960
94580 15 2 28961
94582 15 4 28962
94584 15 10 28963
94586 15 20 29125
94588 15 0 29256
94590 15 4 29274
94592 15 10 29275
94594 15 14 29276
94596 15 20 29277
94598 15 4 29314
94600 15 2 29321
94602 15 14 29364
94604 15 24 29407
94616 15 0 28984
94618 15 2 28985
94620 15 4 28986
94622 15 10 28987
94624 15 2 29073
94626 15 24 29127
94628 15 0 29128
94630 15 2 29129
94632 15 4 29130
94634 15 22 29326
94636 15 4 29386
94648 15 2 28841
94650 15 4 28842
94652 15 10 28843
94654 15 14 28844
94656 15 22 28854
94658 15 4 28938
94660 15 0 29224
94662 15 2 29225
94664 15 4 29226
94666 15 10 29227
94668 15 10 29251
94670 15 14 29252
94682 15 24 28751
94684 15 0 28752
94686 15 2 28753
94688 15 4 28754
94690 15 14 29188
94692 15 20 29189
94694 15 22 29190
94696 15 24 29191
94698 15 14 29284
94710 15 24 28831
94712 15 4 28866
94714 15 10 29027
94716 15 14 29028
94718 15 20 29029
94720 15 22 29030
94722 15 4 29050
94724 15 20 29117
94726 15 22 29118
94728 15 0 28760
94730 15 22 28862
94732 15 24 28863
94734 15 0 28864
94736 15 2 28865
94738 15 20 28869
94756 15 14 29140
94758 15 20 29141
94760 15 22 29142
94762 15 24 29143
94766 15 0 29328
94768 15 10 29587
94770 15 20 28725
94774 15 4 29258
94776 15 10 29259
94778 15 14 29260
94780 15 20 29261
94782 15 24 29295
94794 15 4 28674
94800 15 4 28850
94802 15 10 28851
94804 15 14 28852
94806 15 20 28853
94808 15 24 28855
94810 15 14 28876
94814 15 4 28946
94824 15 0 29160
94834 15 22 29302
94836 15 24 29303
94838 15 0 29304
94840 15 2 29305
94842 15 10 29355
94846 15 2 29465
94848 15 4 29498
94850 15 10 29531
94852 15 22 29550
94868 15 24 28703
94890 15 2 29049
94892 15 10 29083
94896 15 4 29178
94948 15 10 29235
94950 15 14 29236
94952 15 20 29237
94954 15 22 29238
94958 15 0 29416
94960 15 22 29694
94962 15 10 28907
94964 15 14 28908
94966 15 20 28909
94968 15 22 28910
94970 15 22 28958
94972 15 22 28694
94974 15 24 28695
94984 15 24 29255
94986 15 22 29382
94988 15 24 29383
94990 15 0 29384
94992 15 2 29385
94994 15 0 29504
94996 15 2 29505
94998 15 4 29506
95000 15 10 29507
95002 15 22 29598
95004 15 24 29599
95006 15 0 29600
95008 15 2 29601
95014 15 10 28715
95018 15 24 28895
95024 15 4 28930
95048 15 10 28755
95050 15 22 28830
95052 15 10 28875
95054 15 14 28916
95056 15 20 28917
95058 15 22 28918
95060 15 24 28919
95062 15 14 28956
95064 15 4 28978
95066 15 10 28979
95068 15 14 28980
95070 15 20 28981
95072 15 22 29062
95074 15 22 29262
95076 15 4 29266
95078 15 10 29267
95080 15 14 29268
95082 15 20 29269
95084 15 14 29308
95086 15 22 29318
95088 15 2 29353
95090 15 4 29402
95118 15 2 28769
95124 15 4 28906
95126 15 0 28920
95128 15 2 28921
95140 15 0 29144
95144 15 14 29412
95146 15 20 29413
95148 15 22 29414
95150 15 24 29415
95152 15 10 29499
95154 15 14 29532
95156 15 20 29533
95158 15 22 29534
95160 15 24 29535
95162 15 14 29548
95164 15 10 29627
95168 15 24 28711
95176 15 4 28874
95188 15 0 29040
95200 15 14 29316
95202 15 20 29317
95204 15 24 29327
95214 15 2 28809
95216 15 4 28810
95228 15 4 28954
95230 15 0 28976
95232 15 0 29296
95234 15 2 29297
95236 15 4 29298
95238 15 10 29299
95240 15 14 29300
95254 15 0 28680
95256 15 0 28896
95258 15 2 28897
95260 15 4 28898
95262 15 10 28899
95290 15 0 28744
95298 15 0 28672
95300 15 2 28673
95302 15 22 28878
95304 15 24 28879
95306 15 0 28880
95308 15 2 28881
95310 15 22 28926
95312 15 14 29068
95314 15 20 29069
95316 15 22 29070
95318 15 24 29071
95320 15 24 29159
95322 15 20 29253
95324 15 22 29278
95336 15 4 28698
95344 15 4 28738
95348 15 0 28768
95352 15 2 28849
95356 15 2 29009
95358 15 0 29016
95360 15 0 29344
95362 15 2 29345
95364 15 4 29346
95366 15 10 29347
95368 15 0 29360
95370 15 2 29361
95372 15 4 29362
95374 15 10 29363
95376 15 4 29370
95378 15 20 29429
95380 15 22 29430
95382 15 24 29431
95384 15 0 29432
95386 15 2 29433
95388 15 14 29660
95390 15 20 29661
95392 15 22 29662
95394 15 24 29663
95406 15 4 28970
95408 15 10 28971
95466 15 22 28902
95468 15 24 28903
95470 15 0 28904
95472 15 2 28905
95476 15 22 28942
95478 15 24 28943
95480 15 0 28944
95482 15 14 28964
95484 15 2 29257
95486 15 4 29306
95520 15 10 29035
95578 15 2 29161
95582 15 22 28702
95584 15 4 28762
95586 15 22 28766
95600 15 14 29220
95602 15 22 29246
95612 15 4 28730
95614 15 0 28816
95628 15 2 29017
95630 15 0 29048
95632 15 14 29348
95634 15 20 29349
95636 15 22 29350
95638 15 24 29351
95640 15 0 29464
95642 15 0 29536
95664 15 14 29156
95670 15 24 29319
95672 15 2 29625
95688 15 24 28967
95690 15 0 28968
95722 15 24 29007
95724 15 2 28937
95726 15 2 28945
95728 15 22 29086
95730 15 24 29087
95732 15 0 29088
95734 15 2 29089
95738 15 14 29356
95740 15 20 29357
95742 15 22 29358
95744 15 24 29359
95746 15 2 29417
95748 15 0 29488
95782 15 0 28840
95790 15 14 29036
95794 15 20 29293
95796 15 14 29500
95798 15 20 29501
95800 15 22 29502
95802 15 24 29503
95804 15 10 29611
95818 15 10 28747
95820 15 14 28748
95830 15 4 29322
95832 15 10 29323
95834 15 14 29324
95836 15 20 29325
95838 15 22 29366
95840 15 24 29367
95842 15 0 29368
95844 15 2 29369
95846 15 20 29565
95848 15 14 29676
95900 15 20 28805
95902 15 22 28806
95904 15 24 28807
95914 15 24 29031
95942 15 0 29096
95944 15 2 29097
95948 15 10 29099
95950 15 14 29292
95952 15 22 28742
95980 15 22 28982
95982 15 24 28983
95996 15 20 29309
96000 15 22 29342
96002 15 24 29343
96004 15 2 29393
96006 15 4 29394
96008 15 10 29395
96010 15 14 29396
96012 15 20 29397
96014 15 10 29483
96016 15 14 29484
96018 15 20 29485
96020 15 22 29486
96022 15 10 29491
96024 15 2 29513
96038 15 20 28749
96040 15 0 28776
96044 15 20 28797
96050 15 2 28993
96052 15 4 28994
96054 15 10 28995
96056 15 14 28996
96058 15 22 28998
96060 15 24 28999
96062 15 0 29000
96064 15 2 29001
96066 15 22 29022
96068 15 2 29145
96070 15 10 29179
96072 15 4 29434
96074 15 10 29435
96076 15 14 29436
96078 15 20 29437
96080 15 2 29457
96082 15 4 29458
96084 15 20 29461
96086 15 24 29471
96110 15 2 28841
96114 15 10 28843
96122 15 0 28848
96124 15 24 28959
96130 15 22 29110
96132 15 24 29111
96134 15 4 29242
96136 15 10 29403
96138 15 14 29404
96140 15 20 29405
96142 15 22 29406
96144 15 0 29496
96146 15 2 29633
96156 15 4 28770
96158 15 22 28782
96162 15 0 28784
96174 15 14 28988
96176 15 20 28989
96178 15 22 28990
96180 15 24 28991
96182 15 22 29174
96184 15 24 29175
96186 15 2 29449
96188 15 4 29450
96190 15 10 29451
96192 15 14 29452
96194 15 10 29643
96196 15 14 29644
96216 15 22 28790
96218 15 24 28791
96220 15 2 28793
96222 15 0 28992
96224 15 20 29453
96226 15 22 29454
96228 15 24 29455
96230 15 0 29456
96258 15 10 28795
96260 15 0 28800
96262 15 2 28801
96264 15 4 28802
96266 15 10 28803
96270 15 20 28997
96272 15 4 29002
96274 15 10 29003
96276 15 14 29004
96278 15 20 29005
96280 15 22 29006
96282 15 2 29153
96284 15 20 29181
96286 15 22 29422
96288 15 24 29423
96290 15 0 29424
96292 15 2 29425
96294 15 10 29459
96296 15 14 29460
96298 15 22 29462
96300 15 24 29463
96364 15 24 28815
96366 15 22 28870
96368 15 24 28871
96370 15 2 28873
96376 15 4 29010
96378 15 20 29037
96382 15 22 29182
96384 15 10 29467
96386 15 14 29468
96388 15 20 29469
96390 15 22 29470
96392 15 2 29489
96394 15 2 29673
96410 15 14 28692
96416 15 10 28939
96418 15 10 28947
96420 15 14 28948
96422 15 20 28949
96424 15 22 28950
96426 15 24 28975
96430 15 14 29372
96432 15 20 29373
96434 15 22 29374
96436 15 24 29375
96438 15 0 29376
96440 15 2 29401
96452 15 22 28854
96468 15 22 28814
96470 15 22 28862
96474 15 20 28869
96480 15 24 29015
96482 15 4 29026
96486 15 14 29180
96488 15 0 29472
96490 15 2 29473
96492 15 4 29474
96494 15 10 29475
96496 15 4 29482
96498 15 0 29672
96518 15 2 28713
96522 15 10 28715
96524 15 14 28716
96550 15 20 28821
96558 15 14 28836
96570 15 0 29008
96576 15 0 29136
96578 15 0 29192
96580 15 22 29270
96582 15 24 29271
96586 15 2 29273
96588 15 10 29315
96590 15 2 29329
96592 15 4 29330
96594 15 10 29331
96596 15 14 29332
96598 15 22 29438
96600 15 24 29439
96602 15 0 29440
96604 15 2 29441
96606 15 14 29444
96608 15 4 29490
96610 15 14 29596
96612 15 20 29597
96614 15 0 29664
96644 15 20 28877
96646 15 4 29074
96648 15 10 29075
96650 15 14 29076
96652 15 20 29077
96654 15 22 29254
96680 15 2 28881
96720 15 0 28832
96722 15 2 28833
96732 15 22 29038
96734 15 20 29197
96736 15 0 29208
96752 15 24 29415
96756 15 2 29481
96760 15 10 29675
96762 15 14 29692
96794 15 4 29042
96804 15 20 29213
96806 15 4 29218
96826 15 0 29480
96830 15 22 29558
96832 15 2 29609
96834 15 4 29626
96846 15 24 28927
96866 15 20 28861
96882 15 10 29051
96884 15 14 29052
96886 15 20 29053
96888 15 22 29054
96890 15 10 29067
96892 15 24 29183
96894 15 0 29184
96896 15 2 29185
96900 15 24 29223
96902 15 22 29302
96904 15 24 29303
96910 15 14 29476
96912 15 20 29477
96914 15 22 29478
96916 15 24 29479
96918 15 24 29487
96920 15 22 29550
96922 15 0 29568
96924 15 14 29628
96938 15 0 28728
96942 15 14 29044
96944 15 20 29045
96946 15 22 29046
96948 15 24 29047
96950 15 0 29120
96952 15 2 29121
96954 15 4 29122
96956 15 10 29123
96958 15 2 29217
96960 15 2 29265
96962 15 22 29398
96964 15 20 29445
96966 15 22 29446
96968 15 24 29447
96970 15 0 29448
96972 15 20 29573
96994 15 14 28820
97004 15 0 28864
97006 15 2 28865
97008 15 14 28900
97010 15 24 29039
97012 15 20 29085
97014 15 0 29240
97016 15 20 29509
97018 15 22 29510
97020 15 24 29511
97022 15 0 29512
97024 15 24 29559
97050 15 0 29328
97088 15 4 28922
97090 15 14 28924
97092 15 20 28925
97104 15 2 29041
97108 15 0 29256
97126 15 14 29508
97138 15 20 28685
97140 15 24 28687
97142 15 0 28704
97156 15 20 28901
97158 15 0 28952
97162 15 22 29078
97164 15 24 29079
97166 15 0 29080
97168 15 2 29081
97170 15 20 29093
97172 15 10 29203
97174 15 20 29301
97180 15 14 29436
97186 15 24 29527
97188 15 0 29528
97190 15 2 29529
97192 15 4 29530
97194 15 20 29589
97196 15 4 29610
97198 15 14 29684
97234 15 22 28686
97238 15 0 28688
97262 15 10 29187
97264 15 20 29309
97266 15 22 29310
97268 15 24 29311
97270 15 0 29312
97274 15 0 29360
97282 15 4 29370
97284 15 22 29526
97286 15 22 29638
97322 15 0 28872
97326 15 10 28907
97328 15 22 28910
97330 15 22 28958
97332 15 2 29113
97334 15 4 29114
97336 15 10 29115
97338 15 14 29116
97340 15 10 29131
97342 15 24 29247
97344 15 24 29591
97346 15 0 29592
97348 15 2 29593
97350 15 4 29594
97352 15 24 29639
97362 15 0 28928
97364 15 2 28929
97370 15 14 29132
97372 15 20 29133
97376 15 24 29135
97378 15 2 29313
97380 15 2 28689
97384 15 0 28760
97402 15 22 29094
97404 15 20 29117
97406 15 22 29118
97408 15 4 29418
97410 15 10 29419
97412 15 14 29420
97414 15 20 29421
97426 15 2 29553
97428 15 14 29588
97430 15 20 29677
97454 15 2 28681
97456 15 24 28711
97458 15 22 28726
97460 15 24 28727
97462 15 2 28729
97474 15 14 28876
97476 15 2 28969
97482 15 22 29246
97486 15 20 29317
97488 15 10 29355
97490 15 0 29544
97492 15 2 29545
97494 15 4 29546
97496 15 10 29547
97498 15 20 29549
97500 15 22 29566
97502 15 2 29641
97528 15 24 28695
97530 15 4 28706
97532 15 10 28707
97534 15 20 28709
97536 15 10 28771
97538 15 2 28857
97540 15 14 28860
97542 15 24 29119
97544 15 10 29171
97546 15 4 29234
97548 15 0 29504
97550 15 2 29505
97552 15 4 29506
97554 15 10 29507
97560 15 14 28708
97568 15 4 28858
97570 15 10 28859
97596 15 14 28756
97598 15 22 28758
97602 15 14 28908
97604 15 20 28909
97608 15 0 28976
97610 15 10 29091
97612 15 24 29127
97614 15 0 29128
97616 15 2 29129
97618 15 4 29130
97620 15 0 29264
97622 15 24 29391
97624 15 22 29590
97644 15 24 28679
97648 15 4 28682
97650 15 10 28683
97652 15 14 28684
97674 15 14 29092
97680 15 4 29162
97682 15 10 29163
97696 15 4 29514
97698 15 10 29515
97700 15 14 29516
97702 15 20 29517
97704 15 2 29585
97706 15 0 29608
97738 15 10 28755
97744 15 22 28918
97746 15 24 28919
97748 15 14 29100
97750 15 20 29101
97752 15 22 29102
97754 15 24 29103
97756 15 4 29266
97758 15 10 29267
97760 15 14 29268
97762 15 20 29269
97764 15 22 29318
97766 15 0 29576
97768 15 2 29577
97770 15 4 29578
97772 15 10 29579
97774 15 22 29686
97786 15 10 29011
97788 15 20 29013
97790 15 22 29014
97794 15 2 28697
97796 15 22 28710
97798 15 22 28902
97802 15 0 28904
97804 15 20 28941
97808 15 14 28964
97810 15 0 28984
97812 15 2 28985
97814 15 2 29073
97816 15 20 29229
97818 15 2 29241
97820 15 2 29257
97822 15 4 29306
97860 15 24 29015
97862 15 0 29016
97870 15 0 29344
97872 15 2 29345
97874 15 4 29346
97878 15 2 29433
97888 15 4 29482
97890 15 4 29586
97904 15 10 28747
97906 15 10 28763
97908 15 0 28808
97910 15 2 28809
97912 15 4 28810
97914 15 10 28811
97916 15 10 29019
97918 15 22 29214
97920 15 22 29366
97922 15 24 29367
97924 15 0 29368
97926 15 2 29369
97928 15 4 29554
97930 15 10 29555
97932 15 14 29556
97934 15 20 29557
97952 15 0 29184
97954 15 2 29185
97960 15 0 28680
97968 15 4 28722
97974 15 20 28741
97976 15 14 28772
97978 15 20 28773
97984 15 10 28867
97986 15 4 28882
97990 15 10 28971
97992 15 20 28973
97994 15 22 28974
97996 15 2 29009
97998 15 20 29165
98000 15 22 29230
98002 15 24 29231
98004 15 2 29233
98006 15 10 29243
98008 15 14 29244
98010 15 0 29248
98012 15 2 29249
98014 15 20 29429
98016 15 22 29430
98018 15 24 29431
98020 15 0 29432
98026 15 22 29662
98052 15 14 29036
98078 15 22 28694
98082 15 14 29188
98084 15 20 29189
98086 15 24 29191
98088 15 24 29255
98090 15 22 29382
98092 15 24 29383
98094 15 0 29384
98096 15 2 29385
98098 15 14 29492
98100 15 20 29493
98102 15 24 29551
98104 15 0 29552
98106 15 22 29598
98108 15 24 29599
98110 15 0 29600
98112 15 2 29601
98146 15 2 28777
98148 15 4 28778
98150 15 10 28779
98152 15 14 28780
98156 15 14 28748
98166 15 4 29322
98168 15 10 29323
98170 15 14 29324
98172 15 20 29325
98190 15 14 29676
98212 15 2 28705
98214 15 22 28830
98232 15 2 29137
98234 15 10 29139
98240 15 22 29518
98242 15 24 29519
98244 15 0 29520
98246 15 2 29521
98248 15 4 29602
98250 15 4 29666
98252 15 10 29667
98266 15 24 28751
98268 15 0 28752
98270 15 2 28753
98272 15 4 28754
98274 15 0 29024
98280 15 22 29190
98286 15 14 29284
98292 15 22 29494
98294 15 24 29495
98340 15 14 29236
98342 15 20 29237
98344 15 22 29238
98346 15 0 29416
98348 15 0 28672
98350 15 2 28673
98360 15 22 28926
98362 15 0 29120
98364 15 2 29121
98370 15 24 29159
98372 15 2 29265
98374 15 10 29603
98376 15 14 29604
98378 15 20 29605
98380 15 22 29606
98400 15 14 28692
98404 15 4 28906
98406 15 4 28730
98412 15 22 29046
98424 15 2 28769
98428 15 4 28818
98430 15 10 28819
98434 15 2 28833
98448 15 4 28674
98456 15 20 28853
98458 15 0 29160
98460 15 0 28696
98462 15 22 28742
98464 15 22 28750
98478 15 0 29104
98480 15 4 29138
98484 15 10 29147
98486 15 14 29148
98488 15 22 29150
98490 15 24 29151
98494 15 24 29399
98496 15 2 29617
98498 15 4 29618
98500 15 10 29619
98502 15 14 29620
98504 15 0 29640
98506 15 0 29680
98578 15 2 28905
98584 15 24 28943
98586 15 0 28944
98618 15 22 28782
98620 15 24 28783
98624 15 2 28785
98626 15 4 28786
98630 15 14 28788
98632 15 20 28789
98634 15 24 29175
98644 15 14 28764
98646 15 22 28790
98648 15 24 28791
98650 15 0 28792
98652 15 2 28793
98654 15 0 28992
98656 15 2 28993
98658 15 10 28995
98660 15 2 29145
98662 15 4 29146
98668 15 20 29149
98672 15 0 29176
98674 15 20 29453
98676 15 22 29454
98678 15 24 29455
98680 15 0 29456
98682 15 14 29612
98684 15 20 29613
98686 15 22 29614
98688 15 24 29615
98690 15 0 29616
98692 15 20 29645
98740 15 4 28794
98744 15 4 28994
98750 15 22 28998
98752 15 24 28999
98754 15 0 29000
98756 15 2 29001
98764 15 2 29457
98766 15 4 29458
98768 15 20 29461
98770 15 22 29646
98772 15 24 29647
98774 15 0 29648
98776 15 2 29649
98812 15 14 28988
98814 15 20 28989
98816 15 20 28997
98818 15 4 29002
98820 15 10 29003
98822 15 14 29004
98824 15 20 29005
98826 15 22 29174
98828 15 2 29177
98834 15 10 29459
98836 15 14 29460
98838 15 22 29462
98840 15 10 29651
98842 15 14 29652
98844 15 20 29653
98846 15 22 29654
98874 15 2 28721
98876 15 14 28676
98878 15 24 28703
98888 15 4 29082
98890 15 22 29198
98892 15 24 29199
98894 15 0 29200
98896 15 4 29202
98898 15 22 29270
98900 15 24 29271
98904 15 10 29283
98906 15 10 29315
98908 15 20 29333
98910 15 22 29334
98912 15 24 29335
98914 15 0 29336
98916 15 14 29428
98918 15 2 29665
98920 15 20 29693
98936 15 22 28686
98954 15 22 28798
98958 15 22 28814
98966 15 14 29180
98970 15 20 29133
98972 15 22 29134
98974 15 24 29135
98984 15 0 29392
98988 15 10 28707
98994 15 10 28771
98996 15 0 28856
99020 15 10 28723
99022 15 4 28770
99028 15 20 28957
99032 15 14 29028
99034 15 20 29029
99038 15 2 29105
99040 15 4 29106
99042 15 10 29107
99044 15 14 29108
99046 15 22 29126
99048 15 0 29152
99050 15 0 29400
99052 15 20 29621
99054 15 22 29622
99056 15 24 29623
99058 15 0 29624
99060 15 4 29642
99062 15 24 29679
99102 15 20 28717
99104 15 22 28718
99106 15 0 28720
99108 15 24 28855
99110 15 4 28946
99118 15 22 29054
99122 15 4 29178
99124 15 22 29302
99126 15 24 29303
99128 15 0 29304
99130 15 2 29305
99142 15 2 29465
99144 15 14 29476
99152 15 2 29497
99154 15 14 29628
99170 15 20 28781
99172 15 20 28813
99174 15 10 28675
99176 15 0 28712
99178 15 24 28751
99184 15 20 28805
99186 15 22 28806
99188 15 24 28807
99192 15 10 29043
99194 15 14 29124
99196 15 2 29561
99198 15 4 29562
99200 15 10 29563
99202 15 14 29564
99204 15 22 29574
99224 15 10 28803
99232 15 20 29181
99234 15 22 29182
99236 15 20 28821
99238 15 22 28822
99240 15 24 28823
99242 15 0 28824
99252 15 14 28836
99254 15 20 28837
99256 15 22 28838
99258 15 24 28839
99260 15 0 29192
99264 15 2 28817
99268 15 2 28825
99282 15 4 28834
99284 15 10 28835
99296 15 4 28922
99298 15 20 28925
99300 15 24 28951
99302 15 0 29008
99304 15 2 29041
99306 15 2 29329
99308 15 4 29330
99310 15 10 29331
99312 15 14 29332
99314 15 14 29444
99336 15 14 28724
99338 15 14 28868
99342 15 10 28923
99344 15 14 28924
99354 15 20 29109
99356 15 4 29274
99358 15 10 29275
99360 15 14 29276
99362 15 20 29277
99364 15 2 29321
99366 15 20 29581
99368 15 22 29582
99370 15 24 29583
99372 15 0 29584
99374 15 10 29691
99390 15 0 28840
99394 15 14 29012
99398 15 22 29014
99400 15 0 29112
99402 15 4 29154
99404 15 10 29155
99406 15 14 29156
99408 15 20 29157
99410 15 20 29293
99412 15 20 29365
99414 15 20 29629
99416 15 22 29630
99418 15 24 29631
99420 15 0 29632
99438 15 24 29063
99440 15 0 29064
99442 15 2 29065
99444 15 4 29066
99446 15 20 29245
99464 15 22 29550
99484 15 0 29272
99490 15 20 28845
99492 15 22 28846
99496 15 0 28848
99506 15 2 29201
99528 15 4 29250
99554 15 20 28941
99556 15 22 28942
99558 15 24 28943
99560 15 0 28944
99562 15 20 28725
99564 15 0 28896
99566 15 4 28898
99568 15 10 28899
99570 15 24 28927
99572 15 14 28940
99574 15 14 29204
99576 15 20 29205
99578 15 22 29206
99580 15 24 29207
99582 15 4 29258
99584 15 10 29259
99586 15 14 29260
99588 15 20 29261
99590 15 24 29295
99592 15 10 29371
99594 15 0 29560
99596 15 2 29569
99598 15 4 29570
99600 15 10 29571
99602 15 14 29572
99604 15 4 29682
99640 15 22 28726
99642 15 2 28729
99644 15 20 28765
99646 15 2 28937
99658 15 14 29172
99660 15 14 29356
99662 15 22 29358
99664 15 2 29417
99666 15 4 29514
99670 15 14 29516
99672 15 20 29517
99674 15 0 29544
99680 15 20 29549
99684 15 24 29575
99686 15 0 29608
99722 15 14 28900
99728 15 14 28972
99730 15 20 28973
99732 15 2 29009
99734 15 24 29039
99736 15 20 29085
99738 15 4 29242
99744 15 22 29510
99746 15 24 29511
99748 15 0 29512
99750 15 24 29559
99780 15 10 28755
99782 15 14 28916
99784 15 20 28917
99786 15 22 28918
99788 15 24 28919
99790 15 4 29266
99792 15 10 29267
99794 15 14 29268
99796 15 20 29269
99798 15 22 29318
99800 15 20 28749
99820 15 2 28865
99822 15 22 28870
99830 15 20 29037
99832 15 4 28690
99834 15 10 28691
99840 15 0 29144
99842 15 2 28689
99848 15 4 28802
99850 15 22 29006
99852 15 22 29094
99854 15 20 28933
99856 15 22 28934
99858 15 24 28935
99860 15 0 28936
99880 15 0 28752
99882 15 2 28753
99886 15 14 29188
99890 15 22 29190
99892 15 24 29191
99894 15 14 29284
99926 15 4 29026
99942 15 0 29016
99944 15 0 29240
99960 15 2 28713
99962 15 4 28714
99964 15 10 28715
99970 15 22 28854
99972 15 24 28895
99974 15 0 29072
99976 15 14 29164
99978 15 22 29222
99980 15 0 29224
99982 15 2 29225
99984 15 4 29226
99986 15 10 29227
99988 15 0 29656
99990 15 2 29657
99992 15 4 29658
99994 15 10 29659
99996 15 20 29685
100022 15 14 28772
100024 15 20 28773
100026 15 4 28882
100034 15 22 28974
100036 15 20 29165
100042 15 0 28760
100046 15 0 28960
100048 15 4 28962
100050 15 10 28963
100052 15 2 29049
100062 15 22 29438
100064 15 24 29439
100066 15 0 29440
100068 15 2 29441
100070 15 4 28738
100072 15 10 28739
100074 15 14 28740
100080 15 0 28912
100082 15 2 28913
100084 15 10 28915
100086 15 10 29035
100088 15 22 29230
100092 15 0 29232
100094 15 2 29233
100096 15 20 29309
100098 15 22 29310
100100 15 0 29312
100102 15 0 29320
100104 15 20 29381
100132 15 20 28677
100134 15 22 28678
100142 15 22 29086
100146 15 0 29088
100150 15 20 29133
100152 15 20 29173
100154 15 24 29239
100156 15 14 29316
100158 15 20 29317
100160 15 24 29327
100164 15 20 29357
100170 15 0 29488
100202 15 10 28907
100204 15 14 28908
100206 15 20 28909
100208 15 22 28910
100232 15 2 28945
100234 15 24 29023
100238 15 4 29114
100252 15 24 29359
100254 15 2 29409
100260 15 24 29591
100262 15 0 29592
100264 15 2 29593
100266 15 22 29678
100296 15 22 28702
100300 15 24 28727
100312 15 4 28874
100318 15 14 29092
100322 15 14 29220
100324 15 22 29246
100326 15 4 29418
100328 15 10 29419
100330 15 14 29420
100332 15 20 29421
100334 15 4 29522
100336 15 20 29525
100346 15 14 29588
100348 15 24 29607
100350 15 2 29641
100352 15 10 29683
100398 15 0 28768
100402 15 0 29344
100404 15 2 29345
100406 15 4 29346
100408 15 10 29347
100410 15 2 29433
100414 15 10 29235
100416 15 14 29236
100418 15 20 29237
100420 15 22 29238
100426 15 14 29324
100428 15 20 29325
100430 15 20 29565
100432 15 10 28875
100440 15 2 28921
100444 15 0 29048
100446 15 22 29262
100448 15 14 29348
100450 15 20 29349
100452 15 22 29350
100454 15 24 29351
100456 15 14 29412
100458 15 22 29414
100460 15 24 29415
100462 15 2 29481
100464 15 0 29536
100480 15 2 29193
100482 15 4 29194
100484 15 10 29195
100486 15 14 29196
100488 15 2 29377
100490 15 4 29378
100492 15 10 29379
100494 15 14 29380
100520 15 0 29464
100526 15 14 28852
100530 15 14 28876
100540 15 10 29355
100548 15 10 28867
100558 15 10 29243
100560 15 14 29244
100576 15 20 28829
100578 15 2 28849
100580 15 0 29360
100582 15 2 29361
100584 15 4 29362
100586 15 10 29363
100588 15 4 29370
100602 15 14 28692
100604 15 10 28939
100606 15 10 28947
100608 15 14 28948
100610 15 20 28949
100612 15 22 28950
100614 15 14 29372
100616 15 20 29373
100618 15 22 29374
100620 15 24 29375
100622 15 0 29376
100632 15 4 28978
100634 15 14 28980
100636 15 22 28982
100638 15 24 28983
100640 15 4 29218
100650 15 20 28965
100662 15 24 29311
100666 15 22 29342
100680 15 14 28868
100710 15 22 28774
100712 15 24 28775
100714 15 2 28841
100716 15 4 28842
100718 15 10 28843
100720 15 14 28844
100722 15 24 28959
100728 15 2 28977
100730 15 22 29110
100732 15 24 29111
100740 15 10 29251
100742 15 14 29252
100744 15 10 29403
100746 15 14 29404
100748 15 20 29405
100750 15 22 29406
100752 15 0 29496
100780 15 22 28902
100782 15 24 28903
100790 15 14 28964
100792 15 2 29257
100794 15 4 29306
100796 15 22 28878
100798 15 24 28879
100800 15 0 28880
100802 15 2 28881
100804 15 14 29068
100806 15 20 29069
100808 15 22 29070
100810 15 24 29071
100812 15 20 29253
100822 15 4 29202
100832 15 24 29031
100834 15 0 29032
100836 15 2 29033
100838 15 4 29034
100854 15 14 28756
100856 15 20 28757
100858 15 22 28758
100868 15 2 28953
100870 15 4 28954
100872 15 22 28958
100882 15 14 29116
100884 15 10 29131
100888 15 0 29264
100904 15 4 29594
100906 15 4 29634
100908 15 10 29635
100910 15 14 29636
100912 15 20 29637
100914 15 24 29639
100952 15 0 28968
100954 15 0 29096
100956 15 2 29097
100958 15 4 29098
100960 15 10 29099
100968 15 24 29343
100970 15 2 29393
100974 15 22 28766
100976 15 24 28767
100978 15 24 28831
100988 15 22 29030
100990 15 20 29117
100992 15 22 29118
100994 15 0 29160
101010 15 10 29523
101012 15 14 29524
101016 15 2 29553
101020 15 2 29681
101044 15 20 28845
101064 15 10 28971
101096 15 10 29083
101112 15 10 29035
101126 15 2 28961
101148 15 10 28763
101150 15 0 28808
101152 15 2 28809
101154 15 4 28810
101156 15 10 28811
101158 15 22 29214
101174 15 10 28979
101178 15 20 28981
101182 15 4 29090
101184 15 2 29137
101186 15 4 29266
101192 15 14 29308
101194 15 2 29353
101196 15 10 29483
101198 15 14 29484
101200 15 20 29485
101202 15 22 29486
101204 15 2 29513
101206 15 22 29518
101208 15 24 29519
101210 15 0 29520
101212 15 2 29521
101214 15 4 29602
101266 15 4 28706
101268 15 10 28707
101270 15 14 28708
101272 15 20 28709
101276 15 2 28857
101278 15 4 28858
101280 15 10 28859
101282 15 14 28860
101284 15 24 29055
101286 15 2 29057
101288 15 4 29058
101290 15 14 29084
101292 15 10 29171
101294 15 2 29337
101296 15 4 29338
101298 15 10 29339
101300 15 14 29340
101302 15 20 29341
101304 15 4 29410
101306 15 24 29655
101318 15 0 29056
101324 15 10 29059
101326 15 14 29060
101328 15 20 29061
101388 15 24 28695
101390 15 0 29504
101392 15 2 29505
101394 15 4 29506
101396 15 10 29507
101398 15 20 28717
101414 15 2 29465
101444 15 22 29158
101446 15 4 29394
101448 15 10 29395
101450 15 14 29396
101452 15 20 29397
101454 15 10 29491
101456 15 4 28674
101460 15 24 28719
101474 15 20 28853
101478 15 24 28911
101496 15 4 29314
101498 15 14 29364
101502 15 4 29498
101512 15 10 29531
101542 15 24 28759
101558 15 2 29089
101560 15 0 29296
101562 15 2 29297
101564 15 4 29298
101566 15 10 29299
101618 15 2 28769
101620 15 14 28812
101622 15 0 28920
101628 15 20 29413
101634 15 10 29499
101636 15 10 29011
101638 15 14 29012
101644 15 4 29154
101648 15 14 29156
101654 15 10 28747
101666 15 22 29366
101668 15 24 29367
101670 15 0 29368
101672 15 2 29369
101674 15 14 29676
101718 15 0 28672
101720 15 2 28673
101728 15 22 28926
101730 15 24 29159
101736 15 4 28906
101744 15 24 28975
101746 15 24 29063
101750 15 2 29065
101764 15 2 29401
101766 15 14 29532
101768 15 20 29533
101770 15 22 29534
101772 15 24 29535
101774 15 14 29548
101824 15 0 28976
101826 15 0 28984
101828 15 2 28985
101830 15 4 28986
101832 15 10 28987
101834 15 10 29091
101836 15 24 29127
101838 15 0 29128
101840 15 2 29129
101842 15 4 29130
101850 15 14 29300
101852 15 22 29326
101854 15 24 29391
101934 15 14 28988
101936 15 20 28989
101938 15 22 28990
101940 15 24 28991
101942 15 2 29449
101944 15 4 29450
101946 15 10 29451
101948 15 14 29452
101974 15 22 28790
101976 15 24 28791
101978 15 2 28793
101980 15 0 28992
101982 15 20 29453
101984 15 22 29454
101986 15 24 29455
101988 15 0 29456
101990 15 2 28993
101992 15 4 28994
101994 15 10 28995
101996 15 14 28996
101998 15 22 28998
102000 15 24 28999
102002 15 0 29000
102004 15 2 29001
102006 15 4 29434
102008 15 14 29436
102010 15 2 29457
102012 15 4 29458
102014 15 20 29461
102016 15 22 28782
102018 15 0 28784
102020 15 10 28795
102022 15 20 28997
102024 15 4 29002
102026 15 10 29003
102028 15 14 29004
102030 15 20 29005
102032 15 22 29422
102034 15 2 29425
102036 15 10 29459
102038 15 14 29460
102040 15 22 29462
102072 15 0 28680
102078 15 2 28897
102080 15 4 28898
102084 15 14 28940
102086 15 4 29258
102088 15 10 29259
102090 15 14 29260
102092 15 20 29261
102120 15 20 28821
102124 15 4 28826
102126 15 0 29008
102130 15 4 29330
102132 15 10 29331
102134 15 14 29332
102136 15 14 29444
102140 15 4 28914
102150 15 24 29007
102152 15 4 29042
102160 15 20 29213
102162 15 14 29292
102174 15 0 29480
102178 15 22 29558
102180 15 2 29609
102214 15 24 28815
102220 15 2 28873
102222 15 4 29010
102224 15 20 29037
102226 15 10 29467
102228 15 14 29468
102230 15 20 29469
102232 15 22 29470
102234 15 2 29489
102238 15 0 28776
102240 15 14 28796
102242 15 20 28797
102244 15 24 28799
102246 15 22 29022
102250 15 10 29435
102254 15 20 29437
102256 15 24 29471
102262 15 22 28814
102264 15 22 28862
102268 15 20 28869
102270 15 24 29015
102272 15 4 29026
102274 15 0 29472
102276 15 2 29473
102278 15 4 29474
102280 15 10 29475
102282 15 4 29482
102284 15 0 28928
102286 15 4 28930
102288 15 10 28931
102290 15 4 29018
102292 15 10 29051
102294 15 14 29052
102296 15 22 29054
102298 15 10 29067
102300 15 24 29183
102302 15 0 29184
102304 15 2 29185
102306 15 24 29223
102308 15 4 29354
102310 15 14 29476
102312 15 20 29477
102314 15 24 29479
102316 15 24 29487
102318 15 0 29568
102356 15 4 28730
102358 15 14 29036
102360 15 14 29044
102362 15 20 29045
102364 15 22 29046
102366 15 24 29047
102368 15 0 29120
102370 15 4 29122
102372 15 10 29123
102374 15 2 29217
102376 15 10 29219
102378 15 22 29398
102380 15 14 29500
102382 15 20 29501
102384 15 22 29502
102386 15 24 29503
102388 15 24 29695
102414 15 4 28922
102416 15 20 28925
102420 15 2 29041
102430 15 14 29508
102484 15 22 29406
102494 15 4 28802
102496 15 4 28866
102498 15 22 29006
102502 15 24 29423
102504 15 0 29424
102508 15 24 29463
102516 15 2 28929
102520 15 0 29040
102532 15 24 29239
102534 15 2 29313
102572 15 2 28937
102588 15 2 29417
102592 15 20 28765
102648 15 22 28742
102654 15 22 29078
102656 15 24 29079
102658 15 2 29081
102660 15 14 29100
102662 15 20 29101
102664 15 22 29102
102666 15 24 29103
102668 15 0 29104
102670 15 4 29138
102672 15 10 29139
102674 15 4 29266
102676 15 10 29267
102682 15 14 29308
102684 15 24 29399
102694 15 0 29576
102696 15 2 29577
102698 15 4 29578
102700 15 10 29579
102702 15 10 29667
102704 15 22 29686
102742 15 20 29053
102758 15 22 29478
102762 15 14 29628
102830 15 0 29056
102832 15 2 29057
102834 15 4 29058
102844 15 2 29209
102846 15 4 29210
102848 15 10 29211
102850 15 14 29212
102862 15 10 29411
102914 15 10 28875
102918 15 14 29348
102924 15 24 29351
102958 15 0 28720
102972 15 4 29314
103010 15 4 28698
103012 15 14 28700
103014 15 14 28820
103022 15 24 29039
103024 15 20 29085
103026 15 20 29509
103028 15 22 29510
103030 15 24 29511
103032 15 0 29512
103034 15 24 29559
103036 15 14 29140
103038 15 20 29141
103040 15 22 29142
103042 15 24 29143
103044 15 14 29068
103054 15 2 28721
103056 15 14 28836
103058 15 20 28837
103060 15 24 28839
103062 15 20 28861
103064 15 10 28955
103066 15 0 29136
103068 15 22 29166
103072 15 24 29199
103076 15 2 29201
103078 15 4 29202
103080 15 0 29216
103082 15 22 29270
103084 15 24 29271
103088 15 10 29283
103090 15 10 29315
103092 15 22 29438
103094 15 0 29440
103096 15 14 29596
103098 15 20 29597
103100 15 4 29650
103102 15 2 29665
103104 15 4 29674
103158 15 22 29486
103160 15 2 29513
103164 15 10 28699
103166 15 20 28701
103168 15 4 28738
103172 15 2 28849
103174 15 10 28867
103176 15 2 29009
103178 15 20 29429
103180 15 22 29430
103182 15 24 29431
103184 15 0 29432
103186 15 14 29660
103188 15 20 29661
103190 15 22 29662
103192 15 24 29663
103194 15 2 28681
103196 15 24 28711
103198 15 22 28726
103202 15 2 28969
103204 15 0 29544
103206 15 4 29546
103208 15 10 29547
103210 15 20 29549
103212 15 22 29566
103226 15 2 29129
103242 15 22 28910
103244 15 22 28958
103246 15 2 29113
103250 15 10 29115
103252 15 14 29116
103254 15 10 29131
103256 15 24 29591
103262 15 4 29594
103272 15 22 28918
103274 15 14 28956
103276 15 22 29262
103278 15 10 28747
103282 15 2 28809
103284 15 10 28811
103286 15 10 29019
103288 15 22 29366
103296 15 4 29554
103298 15 10 29555
103300 15 14 29556
103302 15 20 29557
103304 15 10 29235
103306 15 14 29236
103308 15 20 29237
103310 15 22 29238
103320 15 14 29172
103330 15 14 28676
103332 15 24 28703
103336 15 22 28718
103338 15 10 28827
103340 15 24 28855
103344 15 10 28963
103346 15 2 29049
103348 15 10 29083
103350 15 20 29125
103352 15 4 29178
103360 15 2 29273
103364 15 20 29333
103366 15 22 29334
103368 15 24 29335
103370 15 0 29336
103372 15 4 29490
103374 15 2 29497
103376 15 10 29595
103378 15 20 29693
103420 15 4 29074
103422 15 10 29075
103424 15 14 29076
103426 15 20 29077
103428 15 2 29193
103430 15 4 29194
103432 15 10 29195
103434 15 14 29196
103436 15 10 29307
103438 15 2 29377
103440 15 4 29378
103442 15 10 29379
103444 15 14 29380
103446 15 24 29567
103502 15 2 28697
103504 15 22 28710
103506 15 22 28902
103510 15 14 28964
103514 15 2 28985
103518 15 2 29073
103524 15 20 29229
103526 15 2 29241
103530 15 4 29386
103564 15 10 28723
103566 15 14 28724
103572 15 24 28831
103576 15 10 29027
103578 15 14 29028
103580 15 20 29029
103582 15 22 29030
103584 15 2 29105
103586 15 4 29106
103588 15 10 29107
103590 15 14 29108
103592 15 20 29109
103594 15 20 29117
103596 15 22 29126
103604 15 20 29277
103608 15 0 29400
103610 15 4 29522
103612 15 10 29523
103614 15 14 29524
103616 15 20 29525
103618 15 20 29581
103620 15 22 29582
103622 15 24 29583
103624 15 0 29584
103626 15 2 29681
103628 15 10 29691
103664 15 14 28852
103668 15 14 28876
103674 15 22 29134
103676 15 24 29135
103678 15 10 29355
103680 15 2 28689
103682 15 22 28702
103690 15 22 29094
103694 15 10 29419
103696 15 14 29420
103698 15 20 29421
103700 15 14 29588
103704 15 0 28728
103708 15 2 29121
103710 15 4 29122
103714 15 2 29265
103718 15 22 28750
103720 15 2 28761
103722 15 14 28764
103726 15 2 28993
103734 15 0 29080
103740 15 2 29145
103742 15 4 29146
103744 15 10 29147
103746 15 14 29148
103748 15 20 29149
103750 15 22 29150
103752 15 24 29151
103754 15 10 29203
103764 15 4 29458
103766 15 24 29527
103768 15 0 29528
103770 15 4 29610
103772 15 14 29612
103774 15 20 29613
103776 15 22 29614
103778 15 24 29615
103780 15 0 29616
103782 15 2 29617
103784 15 4 29618
103786 15 10 29619
103788 15 14 29620
103790 15 0 29640
103792 15 14 29684
103830 15 20 28685
103832 15 22 28686
103834 15 24 28687
103842 15 20 28901
103844 15 0 28952
103846 15 24 29015
103848 15 22 29022
103850 15 20 29093
103854 15 2 29345
103856 15 4 29346
103858 15 10 29347
103860 15 0 29360
103862 15 2 29361
103864 15 4 29362
103866 15 10 29363
103868 15 22 29526
103874 15 2 29529
103876 15 4 29530
103878 15 4 29586
103880 15 20 29589
103940 15 22 28694
103942 15 24 28695
103948 15 10 28771
103950 15 24 29119
103952 15 22 29382
103954 15 24 29383
103956 15 0 29384
103958 15 2 29385
103960 15 0 29504
103962 15 2 29505
103964 15 4 29506
103966 15 10 29507
104006 15 22 29118
104016 15 2 29553
104018 15 14 29188
104020 15 20 29189
104022 15 22 29190
104024 15 24 29191
104026 15 24 29255
104046 15 22 29198
104056 15 0 28760
104058 15 4 28770
104060 15 22 28782
104062 15 0 28784
104064 15 4 28786
104066 15 10 28787
104068 15 20 28789
104072 15 20 28957
104082 15 4 29050
104088 15 0 29152
104090 15 2 29153
104092 15 24 29175
104098 15 22 29422
104102 15 0 29424
104106 15 10 29459
104110 15 20 29621
104112 15 22 29622
104114 15 24 29623
104116 15 0 29624
104118 15 4 29642
104120 15 20 29677
104180 15 0 28840
104182 15 10 29011
104184 15 20 29013
104186 15 22 29014
104188 15 0 29112
104190 15 20 29293
104192 15 2 28769
104194 15 20 28781
104196 15 14 28812
104198 15 20 28813
104200 15 0 28832
104202 15 2 28833
104204 15 10 28835
104206 15 22 29038
104214 15 0 29208
104216 15 24 29215
104218 15 14 29228
104220 15 20 29245
104222 15 4 29250
104226 15 20 29413
104230 15 10 29499
104232 15 14 29532
104238 15 14 29692
104274 15 2 28713
104276 15 4 28714
104282 15 14 28844
104284 15 22 28854
104286 15 24 28895
104288 15 4 28938
104290 15 14 29164
104292 15 0 29224
104294 15 2 29225
104296 15 4 29226
104298 15 10 29227
104300 15 14 29252
104302 15 0 29656
104304 15 2 29657
104306 15 4 29658
104308 15 10 29659
104370 15 0 28704
104382 15 20 29301
104386 15 24 29023
104396 15 14 29356
104398 15 22 29358
104402 15 2 29409
104406 15 0 29592
104410 15 22 29678
104422 15 4 29082
104430 15 0 29336
104432 15 14 29428
104436 15 14 28692
104438 15 20 28693
104448 15 0 28920
104452 15 14 28932
104458 15 10 28979
104460 15 14 28980
104462 15 22 29062
104464 15 4 29218
104466 15 22 29262
104468 15 4 29266
104472 15 22 29318
104474 15 2 29353
104476 15 4 29402
104488 15 10 29627
104560 15 14 29044
104562 15 20 29045
104564 15 22 29046
104568 15 10 29219
104580 15 10 29611
104582 15 20 29629
104584 15 22 29630
104586 15 24 29631
104588 15 0 29632
104628 15 20 28765
104630 15 2 28937
104646 15 24 29575
104654 15 20 29357
104662 15 10 28763
104668 15 4 28810
104670 15 24 28927
104672 15 14 29204
104674 15 20 29205
104676 15 22 29206
104678 15 24 29207
104680 15 22 29214
104682 15 4 29258
104688 15 22 29294
104690 15 24 29295
104692 15 0 29560
104728 15 10 28675
104730 15 0 28712
104732 15 24 28751
104734 15 2 28753
104736 15 4 28754
104738 15 14 28804
104740 15 20 28805
104742 15 22 28806
104744 15 0 29024
104746 15 10 29043
104748 15 14 29124
104750 15 24 29279
104752 15 0 29280
104754 15 2 29281
104756 15 4 29282
104758 15 14 29492
104760 15 20 29493
104762 15 22 29494
104764 15 24 29495
104766 15 2 29561
104768 15 4 29562
104770 15 10 29563
104772 15 14 29564
104774 15 22 29574
104838 15 24 28679
104842 15 4 28682
104844 15 10 28683
104846 15 2 28729
104852 15 4 29162
104854 15 10 29163
104856 15 4 29514
104858 15 10 29515
104860 15 14 29516
104862 15 20 29517
104864 15 0 29608
104868 15 14 28924
104870 15 20 28925
104872 15 24 28951
104874 15 0 28960
104876 15 2 28961
104878 15 4 28962
104882 15 0 29256
104908 15 24 29551
104910 15 0 29552
104914 15 14 29100
104916 15 20 29101
104918 15 22 29102
104920 15 24 29103
104924 15 10 29267
104928 15 20 29269
104932 15 2 29577
104934 15 4 29578
104936 15 10 29579
104938 15 22 29686
104942 15 4 29194
104954 15 14 29380
104956 15 0 28672
104962 15 22 28878
104966 15 22 28926
104980 15 20 29253
104984 15 22 29278
104986 15 20 29445
104988 15 22 29446
104990 15 24 29447
104992 15 0 29448
104994 15 10 29603
104996 15 14 29604
104998 15 20 29605
105000 15 22 29606
105032 15 14 26372
105034 15 20 26557
105036 15 22 26270
105038 15 0 26528
105040 15 22 26286
105048 15 4 26330
105056 15 14 26164
105058 15 4 26098
105060 15 20 26053
105062 15 20 26069
105064 15 0 26368
105066 15 14 26452
105068 15 0 26616
105070 15 10 26059
105074 15 22 26414
105076 15 24 26151
105080 15 4 26210
105082 15 14 26292
105084 15 0 26592
105104 15 10 26155
105106 15 14 26260
105108 15 4 26338
105110 15 20 26389
105118 15 24 26159
105120 15 2 25769
105122 15 0 26176
105134 15 4 26002
105138 15 22 26198
105140 15 22 26606
105142 15 24 26031
105148 15 22 26566
105160 15 14 26348
105162 15 24 26383
105174 15 10 26403
105176 15 10 26483
105178 15 4 26378
105186 15 24 26255
105188 15 2 26537
105190 15 4 26466
105192 15 20 26533
105210 15 10 26547
105216 15 20 26205
105222 15 14 26572
105224 15 20 26597
105244 15 24 26431
105252 15 10 26435
105254 15 20 26357
105272 15 10 26427
105278 15 10 26443
105288 15 24 26119
105296 15 2 26601
105300 15 2 26065
105304 15 22 26326
105320 15 4 25906
105336 15 2 26585
105346 15 0 26568
105350 15 14 26580
105358 15 24 26183
105360 15 2 26561
105362 15 14 26620
105380 15 10 26147
105410 15 24 26103
105412 15 14 26108
105424 15 0 26296
105444 15 14 26300
105454 15 24 26215
105456 15 22 26142
105460 15 24 26503
105462 15 14 26228
105464 15 14 26308
105468 15 4 26458
105476 15 2 26313
105534 15 22 26398
105546 15 0 26504
105558 15 10 26523
105576 15 24 26543
105622 15 0 26192
105686 15 0 26416
105894 15 20 29773
105896 15 14 29700
105898 15 2 29857
105900 15 10 30011
105902 15 14 30012
105904 15 0 29720
105906 15 2 29873
105908 15 14 29796
105910 15 24 29807
105912 15 0 29808
105914 15 2 29809
105916 15 4 29810
105918 15 10 29819
105920 15 14 29820
105922 15 20 29829
105924 15 4 29906
105926 15 14 29980
105928 15 10 29899
105930 15 20 29837
105932 15 2 29761
105934 15 22 29782
105936 15 22 29830
105938 15 14 29708
105940 15 22 29798
105942 15 20 29741
105944 15 4 29706
105948 15 10 29715
105950 15 14 29716
105952 15 20 29717
105954 15 22 29718
105956 15 4 29882
105958 15 20 29909
105960 15 10 29859
105962 15 22 29742
105964 15 10 29763
105966 15 14 29764
105968 15 20 29765
105970 15 22 29766
105972 15 24 29935
105974 15 22 29982
105976 15 14 29836
105978 15 14 29756
105980 15 24 29799
105982 15 0 29800
105984 15 2 29801
105986 15 4 29802
105988 15 20 29901
105990 15 24 29991
105992 15 24 29719
105994 15 4 29866
105996 15 20 29757
105998 15 22 29726
106000 15 24 29727
106002 15 0 29728
106004 15 2 29729
106006 15 22 29734
106008 15 10 29811
106010 15 4 29714
106012 15 20 29869
106014 15 0 29696
106016 15 2 29697
106018 15 4 29698
106020 15 10 29699
106022 15 10 29787
106024 15 14 29900
106026 15 20 30085
106028 15 4 29730
106030 15 10 29731
106032 15 14 29732
106034 15 20 29733
106036 15 24 29735
106038 15 0 29736
106040 15 2 29737
106042 15 4 29738
106044 15 10 29739
106046 15 24 29743
106048 15 24 29759
106052 15 2 29913
106054 15 22 29990
106056 15 24 30031
106058 15 0 30032
106060 15 2 30033
106062 15 4 30034
106064 15 14 30204
106066 15 20 30205
106068 15 24 30343
106070 15 2 30393
106074 15 14 29916
106076 15 14 29996
106082 15 24 30015
106084 15 2 29705
106086 15 2 29849
106088 15 4 29850
106090 15 14 29852
106092 15 10 29851
106094 15 20 29853
106096 15 20 29821
106098 15 22 29822
106100 15 24 29823
106102 15 0 29824
106104 15 2 29897
106106 15 4 29898
106108 15 22 29774
106110 15 24 29775
106112 15 22 29758
106114 15 20 29861
106116 15 4 29778
106118 15 20 29781
106120 15 14 29788
106122 15 20 29789
106124 15 22 29790
106126 15 24 29791
106128 15 22 29902
106130 15 20 29917
106132 15 22 29918
106134 15 24 29919
106136 15 0 29920
106138 15 0 29936
106140 15 2 29937
106142 15 22 29942
106144 15 24 29983
106146 15 0 30048
106148 15 2 30049
106150 15 20 30101
106152 15 10 30275
106164 15 14 29772
106166 15 24 29903
106170 15 10 29915
106172 15 2 29713
106176 15 20 29701
106178 15 22 29702
106180 15 24 29703
106182 15 0 29704
106184 15 4 29762
106186 15 14 29868
106188 15 20 29709
106190 15 22 29710
106192 15 24 29711
106194 15 0 29712
106198 15 2 29777
106210 15 0 30040
106212 15 2 30041
106214 15 4 30042
106216 15 10 30043
106218 15 14 30084
106220 15 2 30145
106222 15 4 30146
106224 15 20 30269
106234 15 20 29797
106238 15 22 30030
106242 15 10 29779
106244 15 14 29780
106248 15 4 29858
106252 15 22 30014
106254 15 4 30058
106256 15 10 30059
106258 15 14 30060
106260 15 20 30061
106262 15 0 30072
106264 15 22 30222
106266 15 0 30272
106270 15 10 29803
106272 15 14 29804
106274 15 20 29805
106276 15 22 29806
106278 15 14 29956
106280 15 24 29999
106282 15 14 29748
106284 15 20 29749
106286 15 22 29750
106288 15 24 29751
106290 15 0 29752
106292 15 2 29753
106294 15 4 29754
106296 15 10 29755
106298 15 2 29817
106300 15 4 29818
106302 15 14 29860
106304 15 0 29760
106308 15 0 29856
106310 15 4 29978
106314 15 24 29783
106316 15 0 29784
106318 15 2 29785
106320 15 4 29786
106322 15 10 29867
106324 15 14 29884
106326 15 0 29904
106328 15 0 29912
106330 15 0 29792
106332 15 2 29793
106334 15 4 29794
106336 15 10 29795
106338 15 22 29870
106340 15 20 29893
106342 15 10 29907
106344 15 4 29914
106348 15 14 29812
106350 15 14 29908
106362 15 0 29872
106364 15 14 29876
106366 15 20 29877
106368 15 22 29878
106370 15 24 29879
106372 15 24 29895
106374 15 0 29896
106376 15 20 29813
106378 15 22 29814
106380 15 24 29815
106382 15 0 29816
106384 15 22 29854
106386 15 24 29855
106388 15 20 29845
106390 15 22 29846
106392 15 24 29847
106394 15 0 29848
106396 15 2 29825
106398 15 4 29826
106400 15 10 29827
106402 15 14 29828
106404 15 0 29880
106406 15 2 29881
106408 15 24 29911
106410 15 24 29831
106412 15 0 29832
106414 15 2 29833
106416 15 4 29834
106418 15 4 29874
106420 15 10 29875
106422 15 24 29943
106424 15 0 29944
106426 15 2 29945
106428 15 4 29946
106430 15 22 30062
106442 15 24 29871
106454 15 20 29885
106456 15 22 29886
106458 15 24 29887
106460 15 0 29888
106462 15 0 30016
106464 15 2 30073
106466 15 4 30098
106468 15 20 30165
106474 15 2 29961
106476 15 4 29962
106478 15 10 29963
106480 15 14 29964
106482 15 4 30106
106484 15 24 30119
106486 15 20 30125
106488 15 22 30126
106494 15 0 29744
106496 15 2 29745
106498 15 4 29746
106500 15 10 29747
106512 15 0 29984
106514 15 2 29985
106516 15 4 29986
106518 15 10 29987
106520 15 20 30077
106522 15 22 30078
106524 15 24 30079
106526 15 0 30080
106528 15 10 30107
106530 15 20 30357
106540 15 2 29889
106542 15 4 29890
106544 15 10 29891
106546 15 14 29892
106550 15 2 30017
106552 15 4 30074
106554 15 10 30099
106556 15 24 30167
106560 15 2 30089
106562 15 4 30090
106564 15 10 30091
106566 15 14 30092
106568 15 20 30093
106570 15 22 30094
106572 15 24 30095
106574 15 22 30102
106576 15 14 30116
106588 15 22 29926
106590 15 24 29927
106592 15 0 29928
106594 15 2 29929
106596 15 4 29930
106598 15 0 30000
106600 15 2 30001
106602 15 14 30268
106616 15 22 30174
106618 15 24 30175
106620 15 0 30176
106622 15 2 30177
106624 15 2 30273
106626 15 4 30274
106640 15 10 29931
106642 15 14 29932
106644 15 20 29933
106646 15 22 29934
106648 15 0 30096
106650 15 2 30097
106652 15 24 30103
106654 15 20 30117
106658 15 20 29725
106660 15 14 29740
106664 15 22 30006
106666 15 24 30007
106668 15 0 30008
106670 15 2 30009
106672 15 14 30180
106674 15 2 30185
106676 15 0 30200
106678 15 2 30201
106680 15 4 30202
106682 15 10 30203
106684 15 10 30211
106686 15 2 30377
106688 15 0 30384
106690 15 4 30570
106692 15 10 30579
106696 15 22 29862
106698 15 24 29863
106700 15 0 29864
106702 15 2 29865
106704 15 24 30063
106706 15 0 30064
106708 15 2 30065
106710 15 4 30066
106712 15 0 30088
106714 15 0 30104
106728 15 22 29974
106730 15 24 29975
106732 15 0 29976
106734 15 2 29977
106736 15 20 29989
106738 15 10 30035
106740 15 14 30076
106742 15 4 30250
106744 15 20 29965
106746 15 22 29966
106748 15 24 29967
106750 15 0 29968
106752 15 2 29969
106754 15 0 30120
106774 15 10 29835
106776 15 14 30036
106778 15 20 30037
106780 15 22 30038
106782 15 24 30039
106784 15 0 30168
106786 15 24 29767
106788 15 14 29948
106790 15 20 29949
106792 15 22 29950
106794 15 24 29951
106796 15 4 30002
106798 15 10 30003
106800 15 14 30004
106802 15 20 30005
106804 15 4 30010
106806 15 0 30248
106810 15 0 29768
106812 15 2 29769
106814 15 4 29770
106816 15 10 29771
106818 15 2 29905
106820 15 20 29925
106822 15 20 30013
106826 15 24 44095
106828 15 2 44105
106830 15 10 44675
106832 15 24 45055
106838 15 14 44380
106840 15 20 44477
106842 15 22 44678
106850 15 20 44309
106854 15 22 44470
106862 15 0 44752
106866 15 0 44096
106868 15 4 44106
106870 15 2 44313
106872 15 2 44385
106874 15 24 44471
106876 15 22 44478
106878 15 2 44673
106880 15 24 44679
106882 15 2 44753
106918 15 4 44186
106920 15 14 44356
106922 15 10 44483
106924 15 10 44803
106926 15 22 44974
106928 15 0 44976
106930 15 24 45023
106932 15 22 44142
106934 15 2 44145
106936 15 22 44326
106938 15 20 44429
106940 15 24 44575
106942 15 2 44953
106944 15 4 44954
106946 15 10 44955
106948 15 24 44967
106950 15 0 44968
106952 15 4 44970
106954 15 24 44039
106956 15 14 44484
106958 15 20 44485
106960 15 10 44539
106962 15 0 44760
106964 15 2 44761
106966 15 10 44763
106968 15 4 44906
106970 15 10 44907
106984 15 4 44986
106986 15 14 44988
106988 15 20 44989
106990 15 2 44233
106992 15 20 44397
106994 15 22 44398
106996 15 2 44561
106998 15 0 44688
107000 15 2 44689
107002 15 22 44702
107004 15 24 44719
107006 15 0 44720
107008 15 4 44722
107010 15 20 44805
107012 15 22 44806
107014 15 4 44114
107016 15 2 44417
107018 15 10 44419
107020 15 14 44716
107022 15 2 44769
107024 15 14 44772
107026 15 2 44961
107028 15 14 44964
107030 15 24 45015
107032 15 4 45018
107034 15 4 44074
107042 15 4 44578
107052 15 10 44963
107056 15 10 44115
107058 15 14 44116
107060 15 0 44440
107062 15 4 44442
107064 15 10 44443
107068 15 4 44770
107072 15 0 45016
107074 15 2 45017
107076 15 14 44148
107078 15 20 44149
107080 15 4 44178
107082 15 14 44180
107084 15 10 44619
107086 15 14 44620
107088 15 20 44621
107090 15 20 44677
107092 15 4 44706
107094 15 14 44708
107096 15 20 44709
107150 15 2 44497
107152 15 22 44646
107156 15 24 44975
107212 15 20 44037
107214 15 0 44488
107216 15 2 44489
107218 15 22 44598
107220 15 4 44754
107222 15 14 44756
107224 15 20 44757
107226 15 10 44939
107228 15 14 44940
107242 15 22 44990
107244 15 24 44991
107246 15 2 44993
107248 15 10 44123
107250 15 22 44206
107252 15 22 44654
107254 15 0 44656
107256 15 2 44657
107258 15 2 44921
107260 15 10 44923
107262 15 14 44924
107266 15 14 44956
107270 15 14 44420
107276 15 10 44771
107282 15 22 44174
107284 15 2 44177
107286 15 20 44581
107288 15 22 44582
107290 15 24 44583
107292 15 4 44690
107294 15 22 44910
107296 15 0 44912
107298 15 2 44913
107300 15 2 44129
107302 15 4 44330
107304 15 20 44549
107306 15 0 44552
107308 15 24 44559
107310 15 0 44880
107312 15 2 44881
107314 15 4 44882
107316 15 22 44182
107318 15 24 44183
107320 15 20 44589
107322 15 22 44590
107324 15 0 44592
107326 15 10 44699
107328 15 4 44914
107330 15 10 44915
107332 15 20 44917
107334 15 24 44191
107336 15 2 44193
107338 15 0 44608
107340 15 2 44609
107342 15 4 44610
107344 15 4 44714
107346 15 4 45042
107348 15 10 45043
107350 15 20 45045
107352 15 22 44406
107354 15 24 44407
107356 15 10 44515
107358 15 10 44523
107360 15 20 44525
107362 15 2 44601
107364 15 22 44606
107366 15 22 44662
107368 15 14 44820
107372 15 4 44994
107374 15 20 44997
107376 15 4 45002
107428 15 4 44146
107430 15 10 44275
107432 15 20 44277
107434 15 22 44502
107436 15 24 44519
107438 15 14 44524
107440 15 20 44533
107442 15 14 44556
107444 15 24 44607
107448 15 10 44995
107450 15 22 44998
107452 15 10 45003
107454 15 20 45029
107514 15 4 44130
107518 15 22 44550
107522 15 10 44571
107524 15 22 44574
107526 15 14 44884
107528 15 20 44885
107530 15 22 44886
107532 15 24 45039
107534 15 2 44201
107536 15 4 44202
107538 15 14 44612
107540 15 20 44613
107542 15 22 44614
107544 15 10 44715
107546 15 4 45034
107548 15 14 45036
107550 15 20 45037
107578 15 22 44166
107580 15 14 44540
107582 15 24 44543
107584 15 22 44718
107586 15 2 44889
107588 15 10 44891
107590 15 4 45010
107592 15 14 45012
107594 15 22 45054
107638 15 0 44160
107644 15 24 44623
107646 15 4 44826
107648 15 14 44828
107650 15 20 44829
107654 15 22 44366
107656 15 24 44367
107670 15 10 44723
107674 15 22 44862
107676 15 0 44136
107678 15 14 44140
107680 15 20 44421
107682 15 4 44730
107684 15 14 44732
107686 15 20 44733
107688 15 4 44738
107690 15 10 44739
107728 15 2 44137
107730 15 20 44141
107732 15 22 44734
107734 15 24 44735
107736 15 2 44737
107738 15 14 44740
107740 15 20 44741
107742 15 24 44743
107780 15 22 44070
107782 15 22 44270
107784 15 4 44394
107786 15 0 44560
107788 15 2 44865
107790 15 10 44867
107792 15 20 45005
107794 15 24 45007
107796 15 0 45008
107850 15 14 44044
107854 15 22 44382
107856 15 4 44506
107858 15 14 44604
107860 15 0 44744
107862 15 2 44745
107864 15 10 44835
107866 15 24 44863
107868 15 20 44933
107870 15 24 44943
107872 15 2 44945
107874 15 4 44946
107890 15 20 44045
107894 15 4 44386
107896 15 24 44511
107898 15 20 44605
107900 15 14 44748
107902 15 22 44750
107904 15 20 44837
107906 15 0 44864
107908 15 4 44938
107910 15 10 44947
107912 15 14 44948
107914 15 20 44949
107916 15 2 44041
107918 15 2 44321
107920 15 10 44323
107922 15 24 44375
107924 15 2 44377
107928 15 4 44570
107930 15 2 44585
107932 15 14 44588
107936 15 2 44617
107938 15 24 44807
107940 15 0 44920
107996 15 22 44142
107998 15 4 44546
108004 15 24 44727
108016 15 24 44047
108020 15 0 44528
108022 15 0 44664
108024 15 2 44777
108026 15 10 44779
108028 15 20 44893
108032 15 24 44911
108036 15 2 44049
108040 15 24 44503
108042 15 22 44686
108044 15 20 44781
108046 15 22 44782
108048 15 22 44894
108052 15 14 44916
108056 15 0 44128
108058 15 4 44402
108060 15 10 44403
108062 15 14 44660
108064 15 22 44822
108066 15 24 44823
108068 15 2 44825
108070 15 2 44929
108072 15 14 44932
108076 15 10 45011
108078 15 20 45013
108136 15 22 44558
108190 15 20 44037
108192 15 10 44331
108194 15 20 44333
108202 15 20 44861
108208 15 22 44942
108212 15 0 44328
108214 15 2 44457
108216 15 20 44557
108218 15 24 44647
108222 15 2 44969
108226 15 10 44979
108228 15 14 44980
108230 15 20 44981
108232 15 0 44680
108234 15 2 44681
108236 15 10 44683
108238 15 20 44925
108240 15 22 44926
108242 15 14 44972
108246 15 2 44305
108248 15 4 44306
108256 15 4 44850
108262 15 20 44909
108266 15 10 45035
108276 15 0 44704
108336 15 22 44974
108344 15 20 44357
108346 15 10 44363
108350 15 20 44845
108352 15 0 44848
108354 15 14 44876
108356 15 24 44879
108360 15 24 44983
108412 15 0 44288
108416 15 4 44562
108418 15 0 44728
108420 15 24 44895
108422 15 0 44896
108424 15 20 44957
108426 15 24 44959
108428 15 22 45014
108470 15 20 44085
108472 15 0 44088
108476 15 22 44846
108478 15 24 44847
108480 15 22 44934
108482 15 0 44936
108484 15 20 45021
108486 15 4 44338
108488 15 2 44593
108490 15 0 44712
108492 15 2 44713
108494 15 0 44808
108496 15 2 44809
108498 15 10 44811
108520 15 10 44531
108526 15 22 44710
108546 15 20 44941
108548 15 2 45001
108554 15 10 44371
108556 15 0 44624
108558 15 4 44658
108560 15 14 44684
108570 15 14 44124
108574 15 24 44703
108580 15 4 44922
108584 15 20 44373
108586 15 0 44640
108588 15 10 44659
108590 15 20 44685
108604 15 14 44532
108610 15 24 44711
108630 15 14 44908
108632 15 24 44999
108652 15 14 44780
108658 15 10 44299
108662 15 10 44499
108668 15 10 45051
108706 15 0 44072
108710 15 0 44384
108712 15 2 44425
108714 15 4 44426
108718 15 2 44577
108720 15 4 44618
108722 15 14 44636
108724 15 20 44653
108728 15 24 44831
108730 15 0 44832
108786 15 0 44056
108788 15 2 44057
108790 15 4 44066
108792 15 2 44089
108796 15 14 44436
108798 15 20 44437
108800 15 20 44453
108802 15 2 44553
108806 15 4 44626
108808 15 10 44627
108810 15 24 44631
108812 15 0 44632
108814 15 4 44634
108816 15 10 44635
108820 15 24 44687
108822 15 2 44849
108892 15 14 44060
108894 15 20 44061
108896 15 24 44063
108900 15 10 44339
108902 15 20 44445
108904 15 4 44538
108906 15 14 44628
108908 15 20 44629
108910 15 22 44630
108914 15 22 44638
108916 15 24 44639
108920 15 2 44641
108922 15 10 44643
108926 15 20 44821
109080 15 20 44589
109082 15 22 44590
109090 15 24 44783
109096 15 14 44156
109098 15 20 44229
109100 15 22 44390
109102 15 24 44415
109104 15 2 44785
109106 15 4 44794
109108 15 22 44814
109110 15 24 44815
109112 15 2 44161
109114 15 0 44240
109116 15 24 44391
109118 15 0 44416
109120 15 20 44789
109122 15 10 44795
109124 15 0 44816
109126 15 2 44817
109128 15 14 44036
109150 15 4 44250
109152 15 2 44257
109154 15 24 44431
109162 15 10 44827
109166 15 2 45009
109244 15 22 44054
109250 15 22 44294
109252 15 20 44341
109254 15 0 44344
109256 15 2 44465
109258 15 14 44468
109260 15 24 44775
109266 15 14 44836
109268 15 22 44918
109272 15 0 44944
109276 15 22 45038
109340 15 24 44055
109346 15 0 44296
109348 15 0 44336
109350 15 22 44342
109352 15 0 44432
109354 15 4 44434
109356 15 22 44766
109362 15 22 44838
109364 15 24 44919
109370 15 22 44950
109372 15 0 45040
109452 15 4 44866
109458 15 22 45006
109462 15 24 45047
109464 15 2 45049
109492 15 0 44208
109494 15 4 44210
109496 15 20 44317
109498 15 0 44320
109504 15 0 44776
109510 15 24 44927
109556 15 4 44178
109558 15 4 44258
109560 15 0 44352
109562 15 10 44355
109568 15 20 44765
109570 15 2 44793
109574 15 24 44935
109576 15 2 44937
109638 15 22 44270
109640 15 0 44272
109644 15 20 44573
109646 15 22 44774
109650 15 24 44887
109654 15 0 44216
109664 15 20 44725
109716 15 22 44094
109722 15 0 44472
109724 15 14 44476
109728 15 24 44535
109730 15 4 44602
109732 15 2 44665
109734 15 24 44695
109736 15 0 44696
109738 15 4 44698
109740 15 14 44844
109744 15 10 44859
109746 15 20 44869
109754 15 14 45052
109830 15 0 44528
109838 15 20 44893
109864 15 14 44076
109868 15 14 44444
109872 15 22 44446
109876 15 20 44661
109878 15 24 44839
109880 15 2 44841
109882 15 4 44842
109926 15 2 44249
109932 15 4 44898
109936 15 20 44957
109938 15 22 44958
109942 15 20 44965
109968 15 14 44212
109972 15 10 44931
110010 15 20 44549
110038 15 20 44077
110040 15 2 44449
110042 15 4 44450
110048 15 24 44663
110052 15 4 44666
110054 15 10 44667
110056 15 10 44843
110114 15 2 44169
110116 15 14 44172
110118 15 20 44421
110120 15 0 44424
110122 15 24 44479
110124 15 0 44480
110126 15 14 44724
110128 15 22 44830
110172 15 14 44084
110174 15 20 44309
110178 15 22 44670
110180 15 4 44674
110182 15 10 44675
110184 15 24 45055
110222 15 22 44078
110224 15 24 44079
110226 15 2 44313
110230 15 0 44672
110234 15 14 44676
110314 15 14 44868
110320 15 2 45025
110322 15 14 45028
110328 15 4 45050
110350 15 24 44095
110362 15 0 44752
110366 15 0 44168
110370 15 24 44295
110374 15 10 44475
110382 15 14 44580
110384 15 24 44607
110388 15 20 44717
110396 15 0 44952
110458 15 0 44096
110462 15 2 44385
110466 15 22 44478
110470 15 2 44753
110472 15 10 44195
110476 15 22 44758
110478 15 24 44759
110480 15 22 45030
110482 15 0 45032
110484 15 2 45033
110486 15 2 44105
110488 15 14 44692
110494 15 22 44694
110496 15 4 44154
110500 15 10 44291
110510 15 22 44790
110512 15 24 44791
110514 15 2 44801
110564 15 0 44152
110568 15 2 44297
110570 15 4 44346
110578 15 4 44786
110580 15 14 44788
110582 15 4 44802
110632 15 22 44142
110638 15 4 44954
110662 15 14 44108
110668 15 4 44506
110670 15 14 44508
110672 15 10 44691
110676 15 14 44700
110728 15 20 44109
110734 15 24 44511
110736 15 2 44513
110738 15 20 44693
110742 15 20 44701
110804 15 14 44548
110808 15 24 44559
110810 15 0 44880
110812 15 4 44882
110814 15 10 44971
110854 15 20 44469
110858 15 22 44846
110864 15 20 44877
110870 15 10 44547
110874 15 10 44883
110880 15 14 44980
110882 15 22 44982
110894 15 0 44960
110914 15 4 44370
110918 15 22 44382
110922 15 2 44745
110928 15 2 44945
110930 15 20 44973
110936 15 22 44374
110950 15 20 44949
110952 15 4 44978
110958 15 10 44211
110964 15 0 44928
110996 15 22 44214
111000 15 4 44930
111004 15 4 45010
111010 15 4 44090
111012 15 20 44293
111014 15 14 44492
111016 15 0 44616
111018 15 14 44644
111022 15 2 44977
111024 15 24 45023
111074 15 0 44720
111076 15 10 44723
111080 15 22 44654
111096 15 14 44340
111100 15 14 44532
111110 15 20 44909
111124 15 2 44217
111130 15 2 44537
111134 15 24 44599
111138 15 2 44729
111142 15 20 44773
111194 15 2 44137
111196 15 14 44260
111198 15 4 44554
111202 15 0 44600
111204 15 2 44713
111214 15 10 44875
111216 15 0 45024
111262 15 4 44730
111280 15 10 44739
111282 15 20 44141
111286 15 20 44741
111292 15 24 44407
111296 15 22 44662
111302 15 20 44997
111308 15 20 44277
111332 15 0 44128
111342 15 20 45013
111368 15 14 44396
111376 15 10 45027
111382 15 0 45048
111388 15 24 44351
111392 15 10 44531
111400 15 2 45001
111404 15 10 45043
111406 15 14 45044
111412 15 24 44543
111414 15 24 44567
111416 15 14 45020
111448 15 14 44220
111454 15 14 44892
111462 15 4 44402
111464 15 14 44660
111466 15 22 44822
111468 15 24 44823
111474 15 14 44372
111478 15 4 44578
111484 15 10 44819
111520 15 22 44070
111534 15 24 44255
111538 15 0 44544
111542 15 4 44690
111546 15 4 44746
111548 15 24 44767
111554 15 0 45000
111612 15 0 44256
111616 15 2 44545
111618 15 20 44589
111624 15 24 44751
111626 15 0 44768
111632 15 14 45004
111694 15 20 44725
111700 15 20 44485
111704 15 14 44516
111712 15 14 44988
111736 15 0 44488
111738 15 2 44489
111742 15 2 44521
111746 15 14 44940
111750 15 24 44991
111752 15 2 44993
111754 15 10 44995
111794 15 4 44962
111838 15 2 44289
111842 15 20 44501
111848 15 2 44601
111850 15 22 44606
111854 15 14 44764
111856 15 2 44777
111862 15 24 44951
111940 15 14 44468
111966 15 2 44161
111974 15 22 44766
112004 15 14 44524
112032 15 2 44801
112046 15 20 44229
112048 15 20 44341
112050 15 10 44411
112054 15 20 44669
112056 15 4 44794
112116 15 14 44412
112120 15 24 44671
112126 15 24 44855
112128 15 2 44857
112130 15 2 44873
112192 15 14 44604
112202 15 22 44054
112230 15 24 44055
112234 15 0 44296
112240 15 22 44950
112246 15 0 44424
112248 15 24 44479
112254 15 2 44345
112258 15 24 45031
112296 15 14 44780
112350 15 20 44245
112352 15 24 44247
112360 15 14 44596
112366 15 4 44818
112370 15 10 45019
112372 15 22 45046
112440 15 2 44921
112446 15 14 44956
112448 15 2 44321
112452 15 2 44577
112526 15 14 44348
112530 15 20 44613
112534 15 14 44812
112536 15 20 44813
112542 15 20 45037
112594 15 4 44570
112596 15 22 44598
112602 15 20 44357
112604 15 20 44845
112612 15 24 44983
112616 15 10 44803
112622 15 2 44425
112624 15 14 44636
112626 15 20 44653
112628 15 24 44831
112634 15 0 44616
112644 15 24 44535
112646 15 24 44695
112650 15 20 44869
112656 15 14 45052
112660 15 2 44361
112668 15 2 44833
112670 15 4 44834
112676 15 20 45045
112726 15 4 44362
112734 15 14 44732
112736 15 4 44754
112742 15 2 44985
112744 15 2 45041
112796 15 14 44444
112804 15 24 44639
112844 15 10 44379
112850 15 0 44808
112852 15 2 44809
112934 15 2 44841
112938 15 2 44449
112942 15 24 44631
112944 15 24 44663
112956 15 2 44665
112996 15 14 44148
113014 15 0 44728
113022 15 24 44959
113024 15 22 45014
113028 15 24 44415
113034 15 10 44851
113036 15 14 44852
113038 15 22 44854
113080 15 0 44416
113090 15 4 44858
113160 15 22 44470
113166 15 24 45055
113172 15 24 44471
113178 15 14 44540
113180 15 22 44718
113190 15 22 45054
113192 15 2 44105
113200 15 14 44716
113208 15 24 45015
113218 15 10 44579
113232 15 20 45053
113286 15 14 44476
113288 15 4 44602
113322 15 20 44253
113326 15 14 44860
113332 15 4 45026
113386 15 22 44726
113462 15 14 44508
113464 15 14 44700
113468 15 22 44870
113470 15 24 44871
113506 15 2 44513
113512 15 0 44872
113564 15 10 44187
113566 15 22 44222
113568 15 0 44576
113578 15 10 44603
113580 15 4 44874
113628 15 24 44727
113634 15 10 44955
113674 15 14 44588
113676 15 2 44617
113680 15 10 44123
113684 15 0 44656
113688 15 0 44704
113692 15 14 44924
113732 15 14 44156
113736 15 4 44346
113738 15 22 44430
113750 15 14 44804
113752 15 22 44814
113856 15 2 44601
113868 15 14 44796
113870 15 10 44899
113872 15 20 44901
113874 15 22 44902
113876 15 24 44903
113916 15 2 44649
113918 15 4 44706
113920 15 2 44793
113922 15 0 44904
113924 15 2 44905
113982 15 22 44350
113990 15 24 44735
113998 15 0 44984
114060 15 14 44348
114076 15 2 44553
114082 15 0 44664
114086 15 22 44910
114136 15 24 44503
114138 15 4 44538
114140 15 0 44640
114142 15 10 44659
114146 15 14 44916
114196 15 22 44270
114200 15 10 44571
114204 15 0 44888
114248 15 24 44575
114318 15 24 45047
114320 15 4 45050
114338 15 24 44543
114354 15 4 44530
114368 15 20 45021
114440 15 24 44983
114506 15 24 44191
114508 15 2 44401
114520 15 22 44790
114574 15 24 44535
114614 15 24 44703
114618 15 4 44922
114630 15 20 44757
114680 15 2 44713
114688 15 10 44115
114692 15 10 44443
114696 15 2 45017
114742 15 10 44763
114750 15 24 44583
114754 15 14 44684
114758 15 0 44912
114824 15 0 44592
114832 15 10 44915
114886 15 2 44457
114888 15 24 44647
114892 15 20 44797
114900 15 10 44979
114902 15 14 44980
114952 15 20 44461
114956 15 4 44650
114960 15 0 44800
115028 15 22 44510
115032 15 24 44759
115080 15 24 44519
115088 15 4 44898
115090 15 20 44925
115160 15 24 44927
115214 15 24 44823
115218 15 14 44892
115320 15 2 45049
115322 15 0 44680
115330 15 0 44960
115332 15 14 44972
115392 15 22 44342
115416 15 4 44634
115456 15 20 44061
115460 15 22 44630
115516 15 4 44178
115520 15 20 44677
115670 15 24 44671
115688 15 14 44996
115746 15 2 44673
115808 15 22 44694
115856 15 20 44909
115868 15 2 44129
115870 15 20 44549
115872 15 0 44552
115876 15 2 44881
115880 15 20 44885
115968 15 24 45023
115994 15 4 44730
115996 15 14 44732
115998 15 2 44169
116076 15 22 45022
116186 15 4 44794
116284 15 20 44973
116292 15 20 44805
116434 15 10 44699
116436 15 20 44781
116626 15 10 44571
116684 15 0 45048
116898 15 10 45019
116988 15 20 44933
117134 15 2 44833
117552 15 2 44321
117722 15 24 44831
117924 15 2 44449
118162 15 14 46276
118164 15 20 46277
118166 15 0 46280
118168 15 0 46296
118170 15 14 46388
118172 15 20 46749
118174 15 22 46750
118176 15 24 46751
118178 15 0 46752
118180 15 4 46978
118182 15 10 46979
118184 15 14 46980
118186 15 20 46981
118188 15 24 46983
118190 15 2 46985
118192 15 24 46991
118194 15 2 46169
118196 15 22 46142
118198 15 24 46551
118200 15 0 46552
118202 15 2 46553
118204 15 4 46554
118206 15 14 46604
118208 15 20 46605
118212 15 0 46080
118214 15 24 46175
118216 15 14 46316
118218 15 20 46317
118220 15 22 46318
118222 15 24 46319
118224 15 10 46171
118226 15 14 46172
118228 15 20 46173
118230 15 22 46174
118232 15 22 46310
118234 15 14 46180
118236 15 20 46181
118238 15 22 46182
118240 15 24 46183
118242 15 2 46313
118244 15 20 46189
118246 15 22 46190
118248 15 24 46191
118250 15 0 46192
118252 15 14 46324
118254 15 4 46098
118256 15 14 46100
118258 15 22 46102
118260 15 10 46115
118262 15 14 46116
118264 15 20 46117
118266 15 22 46118
118268 15 2 46185
118270 15 20 46197
118272 15 20 46213
118274 15 24 46247
118276 15 0 46248
118278 15 4 46658
118280 15 10 46659
118282 15 0 46672
118284 15 22 46678
118286 15 10 46683
118288 15 14 46708
118290 15 14 46780
118292 15 20 46781
118294 15 22 46782
118296 15 24 46783
118298 15 4 46810
118300 15 20 47037
118302 15 24 47095
118308 15 4 46090
118310 15 10 46091
118312 15 20 46093
118314 15 10 46099
118316 15 0 46104
118318 15 10 46107
118320 15 24 46119
118322 15 0 46120
118324 15 2 46121
118326 15 4 46122
118328 15 2 46153
118330 15 20 46165
118332 15 22 46214
118334 15 24 46215
118336 15 2 46249
118338 15 2 46673
118340 15 14 46676
118342 15 20 46677
118344 15 24 46679
118346 15 14 46684
118348 15 20 46709
118350 15 2 46753
118352 15 4 46754
118354 15 10 46755
118356 15 14 46756
118358 15 2 46769
118360 15 22 47038
118362 15 0 47096
118374 15 10 46203
118376 15 0 46208
118378 15 2 46209
118380 15 4 46210
118382 15 10 46211
118384 15 4 46330
118386 15 24 46151
118388 15 14 46156
118390 15 20 46157
118392 15 22 46158
118394 15 24 46159
118396 15 0 46160
118398 15 2 46161
118400 15 4 46162
118402 15 10 46163
118404 15 14 46164
118406 15 20 46221
118408 15 22 46222
118410 15 24 46223
118412 15 0 46224
118414 15 20 46349
118416 15 22 46350
118418 15 24 46351
118420 15 0 46352
118422 15 2 46353
118424 15 4 46354
118426 15 10 46355
118428 15 10 46491
118430 15 14 46492
118432 15 20 46493
118434 15 0 46576
118436 15 2 46577
118438 15 20 46597
118440 15 10 46723
118442 15 2 46929
118446 15 0 46264
118448 15 4 46266
118450 15 10 46267
118452 15 2 46337
118454 15 14 46340
118456 15 20 46341
118458 15 22 46342
118460 15 24 46343
118462 15 0 46784
118464 15 2 46785
118466 15 4 46786
118468 15 10 46787
118470 15 20 47021
118472 15 22 47030
118474 15 10 46331
118476 15 14 46332
118478 15 4 46338
118480 15 10 46339
118482 15 2 46473
118484 15 4 46474
118486 15 14 46476
118488 15 20 46477
118490 15 22 46902
118492 15 24 46903
118494 15 0 46904
118496 15 2 46905
118498 15 22 47022
118500 15 24 47023
118502 15 0 47024
118504 15 2 47025
118506 15 14 46204
118508 15 20 46205
118510 15 22 46206
118512 15 24 46207
118514 15 22 46510
118516 15 24 46511
118518 15 0 46512
118520 15 2 46513
118522 15 10 46643
118524 15 0 46656
118546 15 22 46110
118548 15 24 46111
118550 15 0 46112
118552 15 2 46113
118554 15 0 46168
118556 15 10 46251
118558 15 2 46625
118560 15 4 46626
118562 15 10 46627
118564 15 14 46628
118566 15 14 46804
118568 15 24 46951
118570 15 0 46952
118572 15 2 46953
118574 15 4 46954
118576 15 14 47036
118580 15 20 46101
118584 15 24 46103
118590 15 2 46105
118592 15 4 46106
118598 15 20 46293
118600 15 10 46395
118602 15 14 46396
118604 15 20 46397
118606 15 22 46398
118608 15 22 46414
118610 15 4 46514
118612 15 10 46515
118614 15 14 46516
118616 15 20 46517
118618 15 0 46688
118620 15 2 46689
118622 15 4 46690
118624 15 10 46691
118626 15 2 46761
118628 15 4 46762
118630 15 10 46763
118632 15 14 46764
118634 15 20 46789
118636 15 4 46858
118638 15 20 46269
118640 15 0 46344
118642 15 22 46374
118644 15 24 46375
118646 15 0 46376
118648 15 2 46377
118650 15 4 46378
118652 15 2 46457
118654 15 14 46556
118656 15 20 46557
118658 15 22 46558
118660 15 24 46559
118662 15 24 46743
118664 15 4 46826
118666 15 10 46827
118668 15 14 46828
118670 15 20 46829
118672 15 14 47084
118674 15 10 46363
118676 15 14 46364
118678 15 20 46365
118680 15 22 46366
118682 15 14 46548
118684 15 2 46289
118686 15 4 46290
118688 15 10 46291
118690 15 14 46292
118692 15 0 46416
118694 15 2 46129
118696 15 22 46254
118698 15 24 46255
118700 15 0 46256
118702 15 2 46257
118704 15 2 46369
118706 15 4 46586
118708 15 10 46587
118710 15 14 46588
118712 15 20 46589
118714 15 10 46635
118716 15 14 46700
118718 15 20 46701
118720 15 22 46702
118722 15 24 46703
118724 15 24 46767
118726 15 14 46924
118728 15 20 46925
118730 15 22 46926
118732 15 24 46927
118734 15 2 46217
118736 15 10 46219
118738 15 14 46220
118740 15 10 46315
118742 15 2 46505
118744 15 4 46506
118746 15 10 46507
118748 15 2 46585
118750 15 0 46600
118752 15 2 46601
118754 15 4 46602
118756 15 10 46603
118758 15 22 46726
118760 15 24 46727
118762 15 0 46728
118764 15 2 46729
118766 15 0 46768
118768 15 0 46984
118770 15 22 46326
118772 15 24 46327
118774 15 0 46328
118776 15 2 46329
118778 15 0 46176
118780 15 4 46178
118782 15 10 46195
118784 15 14 46196
118786 15 4 46250
118806 15 14 46092
118810 15 14 46108
118812 15 0 46320
118814 15 20 46109
118816 15 10 46323
118818 15 10 46243
118820 15 20 46245
118822 15 24 46919
118824 15 0 46920
118826 15 2 46921
118828 15 4 46922
118830 15 0 46928
118838 15 4 46226
118840 15 10 46227
118842 15 14 46228
118844 15 20 46229
118846 15 2 46233
118848 15 4 46234
118850 15 10 46235
118852 15 14 46236
118854 15 20 46237
118856 15 14 46252
118858 15 10 46307
118860 15 22 46550
118862 15 10 46883
118864 15 14 46884
118866 15 20 46885
118868 15 22 46886
118870 15 14 46892
118872 15 20 46893
118874 15 24 46895
118876 15 0 46912
118878 15 2 46937
118896 15 22 46230
118898 15 24 46231
118900 15 0 46232
118902 15 22 46238
118904 15 24 46239
118906 15 0 46240
118908 15 2 46241
118910 15 4 46242
118912 15 20 46253
118914 15 14 46308
118916 15 20 46549
118918 15 24 46887
118920 15 0 46888
118922 15 2 46889
118924 15 4 46890
118926 15 10 46891
118928 15 22 46894
118930 15 0 46896
118932 15 20 46917
118934 15 4 46938
118970 15 22 46422
118972 15 4 46482
118974 15 10 46483
118976 15 14 46484
118978 15 20 46485
118980 15 4 46698
118982 15 22 46478
118984 15 24 46479
118986 15 0 46480
118988 15 2 46481
118998 15 0 46584
119000 15 10 46939
119002 15 14 46940
119004 15 20 46941
119006 15 22 46942
119008 15 24 47031
119010 15 24 47039
119022 15 10 46403
119024 15 24 46431
119026 15 0 46432
119028 15 4 46434
119030 15 10 46531
119032 15 24 46599
119034 15 20 46629
119036 15 22 46630
119038 15 24 46631
119040 15 0 46632
119042 15 22 46718
119044 15 14 46908
119046 15 20 46909
119048 15 22 46910
119050 15 24 46911
119052 15 14 47092
119054 15 14 46404
119056 15 10 46435
119058 15 14 46436
119060 15 22 46438
119062 15 20 46533
119064 15 14 46596
119066 15 14 46636
119068 15 20 46637
119070 15 22 46638
119072 15 24 46639
119074 15 14 46724
119076 15 2 46913
119078 15 4 46914
119080 15 10 46915
119082 15 14 46916
119084 15 22 47094
119094 15 2 46225
119116 15 10 46147
119118 15 14 46148
119120 15 20 46149
119122 15 22 46150
119124 15 14 46188
119126 15 24 46391
119128 15 0 46392
119130 15 2 46393
119132 15 4 46394
119134 15 4 46410
119136 15 10 46411
119138 15 14 46412
119140 15 20 46413
119142 15 24 46527
119144 15 0 46704
119146 15 2 46705
119148 15 4 46706
119150 15 10 46707
119152 15 24 46759
119154 15 0 46760
119156 15 10 46779
119158 15 14 46788
119160 15 22 47070
119172 15 4 46114
119174 15 14 46124
119176 15 4 46458
119178 15 10 46459
119180 15 14 46460
119182 15 20 46461
119184 15 10 46667
119186 15 14 46668
119188 15 20 46669
119190 15 22 46670
119192 15 0 46680
119194 15 22 46830
119200 15 22 46198
119202 15 24 46199
119204 15 0 46200
119206 15 2 46201
119208 15 22 46246
119218 15 20 46621
119220 15 22 46622
119222 15 24 46623
119224 15 0 46624
119226 15 4 46730
119228 15 0 46808
119230 15 0 47056
119248 15 10 46187
119250 15 14 46244
119252 15 10 46259
119254 15 14 46260
119256 15 20 46261
119258 15 22 46262
119260 15 10 46547
119266 15 10 46659
119268 15 20 46661
119272 15 0 46744
119274 15 24 46959
119276 15 0 46960
119278 15 2 46961
119280 15 4 46962
119282 15 20 46973
119298 15 2 46433
119302 15 2 46593
119316 15 20 46437
119320 15 4 46594
119324 15 4 46258
119326 15 22 46534
119328 15 24 46535
119330 15 0 46536
119332 15 2 46537
119334 15 10 46955
119336 15 14 46956
119338 15 20 46957
119340 15 22 46958
119342 15 24 46967
119348 15 4 46218
119380 15 14 46764
119402 15 14 46268
119404 15 2 46273
119406 15 4 46274
119408 15 4 46538
119410 15 0 46968
119412 15 2 46969
119414 15 4 46970
119416 15 10 46971
119418 15 14 46972
119440 15 2 46265
119446 15 0 46336
119448 15 22 46406
119450 15 24 46407
119452 15 0 46408
119454 15 2 46409
119456 15 4 46770
119458 15 10 46771
119460 15 14 46772
119462 15 20 46773
119464 15 4 46818
119466 15 4 46906
119478 15 10 46275
119480 15 22 46278
119482 15 24 46279
119484 15 22 46974
119486 15 24 46975
119488 15 0 46976
119490 15 2 46977
119492 15 22 46982
119496 15 14 46276
119498 15 20 46277
119504 15 10 46979
119506 15 14 46980
119508 15 20 46981
119510 15 24 46983
119522 15 22 46094
119524 15 24 46095
119526 15 0 46096
119528 15 2 46097
119538 15 14 46468
119548 15 2 46297
119550 15 4 46298
119552 15 10 46299
119554 15 14 46300
119556 15 24 46295
119558 15 10 46387
119572 15 0 46152
119580 15 22 46294
119590 15 10 46595
119604 15 10 46963
119606 15 14 46964
119608 15 20 46965
119610 15 22 46966
119612 15 10 47035
119614 15 22 47086
119620 15 14 46388
119624 15 14 46332
119626 15 20 46333
119628 15 22 46334
119632 15 20 46189
119634 15 0 46192
119636 15 14 46324
119638 15 10 46427
119640 15 14 46428
119642 15 20 46429
119644 15 22 46430
119646 15 22 46454
119648 15 14 46996
119650 15 20 46997
119652 15 22 46998
119654 15 24 46999
119656 15 2 47081
119662 15 10 46211
119666 15 24 46423
119668 15 0 46424
119670 15 2 46425
119672 15 4 46426
119674 15 24 46455
119676 15 0 46992
119678 15 2 46993
119680 15 4 46994
119682 15 10 46995
119684 15 0 47080
119686 15 2 46345
119688 15 4 46346
119690 15 10 46347
119692 15 14 46348
119694 15 20 46085
119696 15 22 46086
119698 15 24 46087
119702 15 24 46303
119704 15 2 46305
119706 15 24 46311
119708 15 2 46561
119710 15 4 46746
119712 15 10 46747
119714 15 10 46987
119716 15 14 46988
119718 15 20 46989
119720 15 22 46990
119722 15 4 47002
119724 15 10 47003
119726 15 14 47004
119728 15 20 47005
119730 15 10 47011
119742 15 2 46081
119744 15 4 46082
119746 15 2 46089
119750 15 0 46304
119752 15 4 46306
119754 15 0 46312
119756 15 4 46562
119758 15 20 46749
119760 15 22 46750
119768 15 2 47001
119770 15 22 47006
119772 15 24 47007
119774 15 0 47008
119776 15 2 47009
119778 15 14 47012
119798 15 4 46202
119800 15 10 46203
119802 15 20 46389
119804 15 10 46731
119826 15 24 46335
119828 15 2 46633
119830 15 24 46399
119832 15 0 46400
119834 15 2 46401
119836 15 4 46402
119846 15 20 46405
119848 15 10 46379
119850 15 14 46380
119852 15 20 46381
119854 15 22 46382
119856 15 4 46618
119858 15 24 46383
119860 15 0 46384
119862 15 2 46385
119864 15 4 46386
119866 15 10 46619
119904 15 24 46143
119906 15 4 46322
119910 15 10 46587
119916 15 4 46802
119918 15 2 46897
119920 15 4 46898
119922 15 10 46899
119924 15 14 46900
119946 15 4 46682
119954 15 10 46131
119956 15 4 46170
119968 15 22 46462
119982 15 4 46786
119984 15 10 46787
119988 15 20 47021
119990 15 4 47026
119992 15 10 47027
119994 15 14 47028
119996 15 20 47029
119998 15 4 47098
120010 15 4 46154
120014 15 4 46178
120016 15 10 46195
120018 15 14 46196
120020 15 4 46314
120026 15 4 46338
120028 15 10 46339
120030 15 22 46590
120032 15 22 46798
120034 15 24 46799
120036 15 0 46800
120038 15 2 46801
120040 15 24 46807
120050 15 22 47022
120052 15 24 47023
120054 15 0 47024
120056 15 2 47025
120068 15 14 46340
120070 15 20 46341
120072 15 22 46342
120074 15 24 46343
120076 15 2 46473
120078 15 4 46474
120112 15 0 46120
120116 15 4 46122
120128 15 4 46514
120130 15 10 46515
120132 15 14 46516
120136 15 20 46789
120148 15 2 46321
120158 15 22 46614
120160 15 24 46615
120162 15 0 46616
120164 15 2 46617
120166 15 2 46681
120170 15 2 46145
120172 15 24 46151
120174 15 2 46281
120186 15 14 46492
120188 15 20 46493
120190 15 24 46495
120192 15 14 46500
120194 15 14 46644
120196 15 20 46645
120198 15 24 46711
120200 15 0 46712
120202 15 2 46713
120204 15 4 46714
120206 15 10 46715
120208 15 14 46716
120210 15 20 46717
120212 15 10 46723
120214 15 14 46812
120216 15 20 46813
120218 15 22 46822
120220 15 24 46823
120222 15 10 46867
120234 15 22 46222
120238 15 0 46224
120240 15 20 46469
120242 15 22 46470
120244 15 24 46471
120246 15 0 46472
120248 15 20 46693
120250 15 10 46147
120254 15 22 46150
120256 15 0 46184
120258 15 24 46663
120260 15 0 46664
120262 15 2 46665
120264 15 4 46666
120266 15 0 47048
120268 15 2 47049
120270 15 4 47050
120272 15 10 47051
120290 15 22 46510
120292 15 24 46511
120294 15 0 46512
120296 15 2 46513
120298 15 10 46643
120300 15 20 46141
120302 15 10 46171
120304 15 22 46174
120306 15 22 46310
120316 15 24 46415
120318 15 2 46649
120320 15 20 46685
120322 15 4 47066
120324 15 10 47067
120326 15 14 47068
120328 15 20 47069
120338 15 0 46144
120340 15 14 46180
120342 15 22 46182
120344 15 2 46313
120354 15 20 46421
120356 15 10 46651
120358 15 22 46686
120360 15 0 47072
120362 15 2 47073
120364 15 4 47074
120366 15 10 47075
120378 15 10 46659
120380 15 14 46660
120382 15 20 46661
120384 15 0 46672
120402 15 0 46080
120406 15 10 46091
120412 15 2 46673
120414 15 4 46674
120416 15 10 46675
120418 15 14 46676
120420 15 20 46677
120432 15 4 46098
120440 15 2 46185
120442 15 20 46197
120444 15 0 46248
120446 15 10 46323
120448 15 24 46367
120456 15 24 46599
120458 15 0 46640
120460 15 14 46780
120462 15 20 46781
120464 15 22 46782
120466 15 24 46783
120468 15 4 46810
120470 15 0 47088
120472 15 2 47089
120474 15 4 47090
120476 15 10 47091
120490 15 10 46403
120502 15 14 46404
120522 15 10 46683
120546 15 24 46679
120548 15 14 46684
120550 15 4 46458
120552 15 10 46459
120556 15 20 46461
120570 15 4 46330
120578 15 2 46193
120580 15 24 46263
120582 15 0 46440
120584 15 2 46529
120596 15 2 46809
120598 15 14 46908
120600 15 20 46909
120612 15 10 46083
120614 15 14 46084
120616 15 4 46194
120618 15 2 46441
120620 15 14 46532
120632 15 10 46811
120634 15 2 46913
120636 15 4 46914
120638 15 10 46915
120640 15 14 46916
120654 15 22 46718
120666 15 14 46724
120670 15 24 46407
120674 15 2 46409
120676 15 14 46652
120678 15 20 46653
120680 15 22 46654
120682 15 24 46655
120684 15 14 47052
120686 15 20 47053
120688 15 22 47054
120690 15 24 47055
120706 15 10 46531
120716 15 20 46533
120718 15 14 46596
120720 15 2 46169
120724 15 2 46177
120728 15 10 46179
120730 15 14 46212
120732 15 0 46216
120742 15 0 46416
120744 15 22 46758
120746 15 22 46854
120748 15 24 46855
120750 15 0 46856
120752 15 2 46857
120754 15 4 46986
120756 15 22 47014
120758 15 24 47015
120766 15 20 46269
120768 15 22 46270
120770 15 24 46271
120772 15 0 46272
120774 15 2 46737
120776 15 4 46738
120778 15 10 46739
120780 15 14 46740
120782 15 10 46243
120826 15 2 46209
120828 15 4 46210
120836 15 10 46475
120840 15 14 46572
120842 15 20 46573
120844 15 22 46574
120846 15 14 46692
120848 15 4 46778
120858 15 10 46251
120866 15 2 46257
120868 15 2 46369
120870 15 2 46129
120880 15 22 46190
120882 15 24 46191
120886 15 14 46340
120890 15 22 46518
120892 15 24 46519
120894 15 24 46719
120896 15 0 46720
120898 15 2 46721
120900 15 4 46722
120902 15 22 46774
120918 15 24 46167
120930 15 10 46363
120932 15 20 46365
120938 15 22 46662
120940 15 22 46710
120944 15 2 46785
120948 15 10 46787
120958 15 22 47030
120972 15 24 46231
120974 15 22 46238
120976 15 4 46258
120978 15 4 46530
120982 15 0 46888
120988 15 22 46894
120996 15 22 46958
121024 15 20 46853
121072 15 22 46534
121074 15 24 46535
121076 15 0 46536
121078 15 2 46537
121080 15 2 46233
121082 15 4 46234
121084 15 10 46235
121086 15 20 46237
121088 15 10 46259
121090 15 14 46260
121092 15 14 46268
121094 15 2 46273
121096 15 4 46274
121100 15 10 46883
121104 15 14 46892
121106 15 20 46893
121108 15 24 46895
121114 15 4 46970
121116 15 10 46971
121118 15 14 46972
121130 15 24 46551
121134 15 2 46553
121136 15 4 46554
121146 15 2 46505
121150 15 10 46507
121152 15 2 46585
121154 15 0 46768
121162 15 24 46487
121164 15 0 46488
121166 15 10 46539
121168 15 14 46540
121170 15 20 46541
121172 15 22 46542
121174 15 2 46881
121192 15 2 46489
121194 15 4 46490
121196 15 24 46543
121198 15 0 46544
121200 15 2 46545
121202 15 4 46546
121204 15 4 46882
121238 15 22 46262
121242 15 10 46275
121244 15 0 46280
121254 15 10 46491
121256 15 22 46278
121258 15 4 46746
121260 15 10 46747
121262 15 20 46277
121264 15 20 46749
121272 15 2 46985
121282 15 22 46166
121284 15 4 46186
121290 15 0 46528
121304 15 2 46745
121306 15 24 46919
121308 15 0 46920
121310 15 2 46921
121312 15 4 46922
121314 15 0 46928
121340 15 24 46295
121350 15 24 46439
121352 15 22 46478
121354 15 0 46480
121356 15 2 46481
121358 15 2 46641
121360 15 14 47076
121362 15 20 47077
121364 15 22 47078
121366 15 24 47079
121378 15 2 46145
121380 15 24 46151
121382 15 2 46281
121388 15 10 46723
121394 15 2 46897
121396 15 4 46898
121398 15 10 46899
121412 15 14 46332
121414 15 4 46338
121416 15 10 46339
121424 15 22 46086
121428 15 0 46088
121440 15 14 46564
121442 15 20 46565
121444 15 4 47002
121446 15 10 47003
121450 15 20 47005
121486 15 2 46089
121498 15 22 46566
121500 15 24 46567
121540 15 2 46105
121542 15 10 46107
121544 15 2 46153
121550 15 4 46594
121552 15 10 46595
121556 15 20 46309
121564 15 22 46582
121566 15 24 46583
121568 15 14 46620
121580 15 0 46344
121582 15 2 46345
121584 15 10 46347
121586 15 14 46348
121588 15 22 46374
121590 15 22 46390
121592 15 0 46648
121594 15 14 46836
121596 15 20 46837
121598 15 22 46838
121600 15 24 46839
121602 15 20 47093
121628 15 2 46113
121630 15 0 46168
121642 15 2 46457
121644 15 14 46556
121646 15 20 46557
121648 15 22 46558
121650 15 24 46559
121652 15 0 46568
121654 15 2 46569
121656 15 4 46570
121658 15 10 46571
121660 15 14 46748
121662 15 2 46825
121684 15 10 46403
121694 15 20 46453
121698 15 0 46992
121706 15 0 47080
121738 15 2 46337
121758 15 22 46902
121766 15 22 47022
121770 15 0 47024
121772 15 2 47025
121796 15 2 46593
121802 15 22 46790
121804 15 24 46791
121806 15 0 46792
121808 15 2 46793
121810 15 0 46840
121812 15 2 46841
121814 15 4 46842
121816 15 10 46843
121818 15 4 46114
121820 15 10 46123
121832 15 0 46560
121834 15 10 46667
121836 15 14 46668
121838 15 22 46670
121840 15 0 46680
121842 15 4 46794
121844 15 10 46795
121846 15 14 46796
121848 15 20 46797
121850 15 22 46830
121852 15 14 46844
121854 15 20 46845
121856 15 22 46846
121858 15 24 46847
121860 15 24 47047
121876 15 10 46195
121884 15 2 46473
121900 15 24 46575
121904 15 20 46757
121908 15 24 46855
121910 15 0 46856
121922 15 0 47000
121924 15 4 47010
121938 15 2 46209
121958 15 24 46103
121966 15 20 46213
121968 15 4 46226
121970 15 10 46227
121974 15 24 46247
121978 15 14 46252
121980 15 20 46301
121982 15 10 46307
121984 15 22 46606
121986 15 24 46607
121988 15 0 46608
121990 15 2 46609
121992 15 14 46708
121994 15 14 46820
121996 15 0 46872
122002 15 22 46886
122004 15 0 46912
122006 15 2 46937
122030 15 4 46106
122040 15 22 46214
122042 15 24 46215
122044 15 24 46239
122046 15 0 46240
122048 15 2 46241
122050 15 2 46249
122052 15 20 46253
122054 15 22 46302
122056 15 14 46308
122058 15 4 46610
122060 15 10 46611
122062 15 14 46612
122064 15 20 46613
122066 15 20 46709
122068 15 20 46821
122070 15 10 46875
122076 15 0 46896
122078 15 20 46917
122080 15 4 46938
122102 15 0 46600
122104 15 2 46601
122106 15 4 46602
122108 15 10 46603
122110 15 24 46463
122112 15 0 46464
122114 15 4 46466
122116 15 22 46510
122120 15 0 46512
122122 15 2 46513
122124 15 0 46656
122126 15 2 46657
122128 15 14 46868
122130 15 20 46869
122132 15 22 46870
122134 15 24 46871
122144 15 2 46297
122146 15 4 46298
122148 15 10 46299
122152 15 4 46346
122160 15 22 46486
122162 15 24 46687
122188 15 4 47018
122190 15 10 47099
122192 15 14 47100
122232 15 0 46096
122246 15 0 46720
122248 15 2 46721
122250 15 4 46722
122252 15 22 46774
122258 15 22 46350
122264 15 10 46355
122266 15 14 46492
122282 15 22 46326
122284 15 24 46327
122286 15 0 46328
122288 15 2 46329
122290 15 24 46335
122300 15 0 46736
122310 15 0 46848
122312 15 2 46849
122314 15 4 46850
122316 15 10 46851
122320 15 20 47101
122322 15 22 47102
122324 15 24 47103
122344 15 2 46417
122346 15 4 46418
122348 15 10 46419
122350 15 14 46420
122354 15 0 46368
122358 15 4 46370
122360 15 10 46371
122362 15 14 46372
122364 15 20 46373
122366 15 0 46456
122368 15 14 46732
122370 15 20 46733
122372 15 22 46734
122374 15 24 46735
122376 15 22 46742
122378 15 4 47042
122380 15 10 47043
122382 15 14 47044
122384 15 20 47045
122386 15 20 47085
122388 15 0 46152
122390 15 22 46294
122392 15 14 46404
122398 15 20 46429
122404 15 10 46963
122406 15 14 46964
122408 15 20 46965
122410 15 22 46966
122412 15 14 46996
122416 15 22 46998
122418 15 24 46999
122420 15 10 47035
122422 15 2 47081
122436 15 4 46658
122438 15 10 46659
122440 15 20 46661
122442 15 10 46683
122444 15 0 46744
122446 15 0 46080
122474 15 0 46528
122476 15 20 46621
122478 15 22 46622
122480 15 24 46623
122482 15 0 46624
122494 15 24 46175
122500 15 14 46364
122504 15 22 46366
122508 15 22 46614
122510 15 24 46615
122512 15 2 46625
122514 15 4 46626
122516 15 10 46627
122520 15 20 46765
122522 15 22 46766
122524 15 14 46804
122526 15 24 46831
122528 15 24 46951
122530 15 0 46952
122532 15 2 46953
122534 15 4 46954
122536 15 14 47036
122576 15 22 46798
122578 15 24 46799
122580 15 0 46800
122582 15 2 46801
122584 15 24 46807
122586 15 4 46482
122588 15 10 46483
122590 15 20 46485
122592 15 24 46671
122594 15 10 46947
122596 15 14 46948
122598 15 20 46949
122600 15 22 46950
122626 15 14 46700
122628 15 20 46701
122630 15 22 46702
122632 15 24 46703
122640 15 10 46179
122646 15 14 46292
122648 15 0 46416
122656 15 2 46857
122660 15 10 46171
122662 15 14 46172
122664 15 20 46173
122666 15 22 46174
122684 15 0 46776
122730 15 2 46169
122742 15 14 46180
122744 15 20 46181
122746 15 22 46182
122748 15 24 46183
122766 15 2 46777
122814 15 4 46146
122822 15 14 46300
122824 15 24 46399
122826 15 2 46401
122828 15 4 46402
122832 15 4 46634
122834 15 4 46650
122896 15 4 46130
122902 15 20 46333
122904 15 22 46334
122914 15 24 46655
122916 15 22 46918
122922 15 22 47054
122924 15 24 47055
122944 15 10 46099
122956 15 2 46753
122958 15 4 46754
122960 15 10 46755
122962 15 14 46756
122964 15 2 46769
122966 15 2 46217
122968 15 4 46218
122974 15 14 46204
122976 15 20 46205
122978 15 22 46206
122980 15 24 46207
122984 15 22 46222
122986 15 24 46223
122988 15 0 46224
123044 15 24 46391
123046 15 0 46392
123048 15 2 46393
123050 15 4 46394
123052 15 0 46704
123054 15 10 46707
123056 15 24 46759
123058 15 0 46760
123068 15 4 46410
123070 15 10 46411
123072 15 14 46412
123074 15 20 46413
123076 15 14 46788
123102 15 10 46395
123104 15 14 46396
123106 15 20 46397
123108 15 22 46398
123110 15 22 46414
123120 15 2 46761
123122 15 4 46762
123124 15 10 46763
123126 15 14 46764
123128 15 10 46155
123130 15 20 46325
123142 15 20 46629
123144 15 22 46630
123146 15 24 46631
123148 15 0 46632
123150 15 2 46809
123154 15 14 46636
123156 15 20 46637
123158 15 22 46638
123160 15 24 46639
123162 15 10 46811
123172 15 20 46125
123174 15 22 46126
123176 15 24 46127
123178 15 0 46128
123180 15 20 46293
123182 15 20 46469
123184 15 22 46470
123186 15 24 46471
123188 15 0 46472
123190 15 4 46514
123192 15 10 46515
123194 15 14 46516
123196 15 20 46517
123198 15 10 46555
123200 15 0 46688
123202 15 2 46689
123204 15 4 46690
123206 15 10 46691
123208 15 4 46858
123210 15 20 46877
123212 15 20 46901
123264 15 14 46228
123272 15 20 46309
123328 15 2 46225
123330 15 22 46694
123332 15 24 46695
123334 15 0 46696
123336 15 2 46697
123338 15 10 46147
123340 15 14 46148
123342 15 20 46149
123344 15 14 46188
123352 15 20 46405
123360 15 24 46527
123362 15 22 46726
123364 15 24 46727
123366 15 0 46728
123368 15 20 46741
123370 15 10 46779
123372 15 0 46824
123406 15 4 46250
123414 15 20 46853
123424 15 14 46908
123426 15 20 46909
123428 15 22 46910
123430 15 24 46911
123432 15 4 46098
123440 15 20 46197
123444 15 14 46780
123446 15 20 46781
123448 15 22 46782
123450 15 24 46783
123452 15 4 46810
123462 15 2 46913
123464 15 4 46914
123466 15 10 46915
123468 15 14 46916
123486 15 20 46229
123488 15 2 46233
123490 15 4 46234
123492 15 10 46235
123494 15 14 46236
123496 15 10 46883
123498 15 14 46884
123500 15 20 46885
123540 15 22 46230
123542 15 24 46231
123544 15 22 46238
123550 15 2 46889
123552 15 4 46890
123554 15 22 46894
123562 15 0 46232
123570 15 4 46242
123578 15 10 46891
123614 15 20 46237
123622 15 20 46893
123624 15 24 46895
123634 15 14 46268
123654 15 22 46142
123656 15 24 46551
123658 15 2 46553
123660 15 4 46554
123662 15 14 46604
123664 15 20 46605
123668 15 14 46668
123670 15 20 46669
123672 15 22 46670
123694 15 22 46150
123696 15 0 46184
123698 15 24 46663
123700 15 0 46664
123702 15 2 46665
123704 15 4 46666
123708 15 2 46705
123710 15 4 46706
123714 15 20 47013
123744 15 14 46212
123746 15 14 46244
123752 15 20 46261
123754 15 22 46262
123756 15 10 46467
123758 15 24 46959
123760 15 0 46960
123762 15 2 46961
123764 15 4 46962
123766 15 20 46973
123796 15 20 46245
123798 15 24 46919
123800 15 0 46920
123802 15 2 46921
123804 15 4 46922
123806 15 0 46928
123834 15 10 46955
123836 15 14 46956
123838 15 20 46957
123840 15 22 46958
123852 15 2 46081
123854 15 4 46082
123856 15 10 46083
123860 15 14 46532
123864 15 2 46265
123870 15 0 46336
123878 15 2 46409
123882 15 4 46818
123916 15 2 46273
123918 15 4 46274
123920 15 0 46968
123922 15 2 46969
123926 15 10 46971
123928 15 14 46972
123930 15 10 46275
123932 15 22 46278
123934 15 24 46279
123936 15 22 46974
123938 15 24 46975
123940 15 0 46976
123942 15 2 46977
123944 15 22 46982
123946 15 14 46276
123948 15 20 46277
123950 15 0 46280
123952 15 4 46978
123954 15 10 46979
123956 15 14 46980
123958 15 20 46981
123960 15 24 46983
123966 15 20 46213
123976 15 10 46307
123984 15 0 46912
123986 15 2 46937
123992 15 22 46214
124002 15 14 46308
124010 15 20 46917
124020 15 10 46315
124028 15 2 46729
124044 15 10 46627
124056 15 14 47036
124078 15 24 46295
124080 15 4 46746
124082 15 10 46747
124084 15 10 46987
124086 15 14 46988
124088 15 20 46989
124090 15 22 46990
124092 15 0 46296
124094 15 20 46749
124096 15 22 46750
124098 15 24 46751
124100 15 0 46752
124102 15 24 46991
124104 15 2 46305
124110 15 4 46306
124120 15 2 47001
124122 15 20 46085
124124 15 22 46086
124126 15 24 46087
124128 15 24 46303
124132 15 24 46311
124134 15 4 47002
124136 15 10 47003
124138 15 14 47004
124140 15 20 47005
124142 15 10 47011
124148 15 2 46089
124150 15 0 46304
124154 15 0 46312
124156 15 22 47006
124158 15 24 47007
124160 15 0 47008
124162 15 2 47009
124164 15 14 47012
124174 15 24 46143
124176 15 2 46897
124212 15 4 46290
124238 15 4 46202
124240 15 10 46203
124242 15 20 46389
124246 15 0 46400
124250 15 10 46699
124252 15 10 46731
124254 15 10 46859
124256 15 14 46860
124258 15 20 46861
124260 15 22 46862
124276 15 20 46269
124278 15 22 46270
124280 15 24 46271
124282 15 0 46344
124286 15 24 46375
124288 15 0 46376
124290 15 2 46377
124292 15 4 46378
124302 15 22 46254
124308 15 0 46368
124310 15 2 46369
124314 15 4 46586
124316 15 10 46587
124318 15 14 46588
124320 15 20 46589
124324 15 20 46733
124326 15 22 46734
124330 15 24 46767
124332 15 2 47041
124344 15 4 46370
124346 15 10 46371
124348 15 14 46372
124350 15 20 46373
124360 15 2 46129
124368 15 10 46635
124370 15 14 46924
124372 15 20 46925
124374 15 22 46926
124376 15 24 46927
124384 15 4 46170
124386 15 0 46784
124388 15 2 46785
124390 15 4 46786
124392 15 10 46787
124400 15 20 47029
124402 15 14 46340
124404 15 20 46341
124406 15 22 46342
124408 15 24 46343
124418 15 22 47030
124424 15 4 46266
124428 15 4 46770
124430 15 10 46771
124432 15 14 46772
124434 15 20 46773
124436 15 4 46906
124446 15 24 46335
124454 15 20 46405
124474 15 0 46152
124478 15 10 46963
124482 15 20 46965
124486 15 10 47035
124498 15 0 46848
124500 15 2 46849
124502 15 4 46850
124504 15 10 46851
124506 15 2 46345
124508 15 4 46346
124510 15 10 46347
124512 15 14 46348
124514 15 22 46390
124526 15 2 46169
124530 15 0 46216
124536 15 22 46854
124538 15 2 46857
124546 15 22 47014
124548 15 24 47015
124564 15 14 46124
124566 15 4 46458
124568 15 10 46459
124570 15 14 46460
124572 15 20 46461
124580 15 0 46680
124582 15 22 46830
124588 15 2 46425
124590 15 4 46426
124592 15 0 46992
124594 15 2 46993
124596 15 4 46994
124600 15 0 47080
124618 15 24 46999
124620 15 2 47081
124622 15 22 46790
124624 15 24 46791
124626 15 0 46792
124628 15 2 46793
124634 15 4 46842
124636 15 10 46843
124640 15 4 46794
124642 15 10 46795
124644 15 14 46796
124646 15 20 46797
124648 15 14 46844
124650 15 20 46845
124652 15 22 46846
124654 15 24 46847
124656 15 20 47101
124658 15 22 47102
124660 15 24 47103
124682 15 10 46403
124690 15 0 46440
124692 15 20 46453
124696 15 0 46488
124698 15 2 46881
124706 15 24 46911
124708 15 14 47092
124724 15 14 46404
124732 15 2 46441
124734 15 2 46489
124736 15 4 46490
124738 15 4 46882
124744 15 10 46915
124746 15 14 46916
124748 15 22 47094
124770 15 14 46836
124772 15 20 46837
124774 15 22 46838
124778 15 10 46379
124780 15 14 46380
124782 15 20 46381
124784 15 22 46382
124786 15 2 46649
124788 15 22 46198
124790 15 24 46199
124792 15 0 46200
124794 15 2 46201
124796 15 20 46357
124798 15 0 46360
124800 15 20 46501
124802 15 22 46502
124804 15 2 46505
124806 15 4 46506
124808 15 10 46507
124810 15 14 46508
124812 15 20 46509
124814 15 2 46585
124816 15 0 46600
124818 15 2 46601
124820 15 4 46602
124822 15 10 46603
124824 15 22 46646
124826 15 24 46647
124828 15 4 46730
124830 15 14 46932
124832 15 20 46933
124834 15 22 46934
124836 15 24 46935
124838 15 0 46936
124840 15 0 46984
124842 15 2 47057
124844 15 4 47058
124846 15 10 47059
124848 15 14 47060
124876 15 10 46331
124878 15 14 46332
124880 15 20 46333
124882 15 22 46334
124884 15 14 46652
124886 15 20 46653
124888 15 22 46654
124890 15 24 46655
124892 15 22 46918
124894 15 24 46383
124896 15 0 46384
124898 15 2 46385
124900 15 4 46386
124902 15 10 46651
124904 15 20 46269
124910 15 0 46272
124914 15 20 46469
124916 15 22 46470
124918 15 24 46471
124920 15 0 46472
124924 15 10 46515
124926 15 14 46516
124928 15 20 46517
124954 15 20 46589
124974 15 10 46171
124980 15 22 46310
124988 15 24 46415
124990 15 24 46431
124992 15 0 46432
124994 15 2 46433
124996 15 4 46434
124998 15 10 46531
125008 15 0 46632
125012 15 22 46718
125016 15 22 46878
125022 15 24 46943
125024 15 0 47016
125026 15 4 47066
125028 15 10 47067
125030 15 14 47068
125032 15 20 47069
125080 15 14 46180
125082 15 20 46181
125086 15 2 46313
125094 15 20 46421
125096 15 10 46435
125098 15 14 46436
125100 15 20 46437
125102 15 22 46438
125104 15 20 46533
125118 15 14 46724
125120 15 2 46777
125122 15 0 46880
125128 15 0 46944
125130 15 2 47017
125132 15 0 47072
125134 15 2 47073
125136 15 4 47074
125138 15 10 47075
125180 15 14 46484
125182 15 20 46485
125204 15 4 46090
125206 15 20 46093
125208 15 14 46108
125212 15 20 46165
125214 15 20 46189
125216 15 22 46190
125220 15 0 46320
125222 15 14 46324
125224 15 22 46454
125226 15 24 46719
125228 15 4 46722
125230 15 22 46774
125232 15 24 46863
125234 15 0 46864
125242 15 22 46966
125252 15 22 47086
125302 15 20 46109
125304 15 20 46197
125306 15 0 46208
125308 15 4 46210
125310 15 10 46211
125312 15 10 46323
125314 15 4 46330
125316 15 24 46367
125320 15 24 46455
125326 15 4 46778
125328 15 2 46873
125330 15 4 46874
125340 15 0 47088
125342 15 2 47089
125344 15 4 47090
125346 15 10 47091
125376 15 24 46143
125378 15 2 46145
125380 15 24 46151
125382 15 2 46281
125384 15 20 46349
125386 15 20 46493
125388 15 10 46723
125390 15 14 46812
125392 15 20 46813
125404 15 24 46463
125406 15 0 46464
125408 15 2 46465
125410 15 4 46466
125412 15 22 46510
125414 15 0 46512
125418 15 0 46656
125420 15 2 46657
125426 15 2 46945
125428 15 4 46946
125464 15 22 46902
125466 15 24 46903
125468 15 0 46904
125470 15 2 46905
125472 15 2 46473
125474 15 4 46474
125476 15 14 46476
125478 15 20 46477
125488 15 22 46094
125490 15 0 46096
125492 15 2 46097
125494 15 2 46321
125496 15 24 46439
125498 15 22 46478
125500 15 24 46479
125502 15 0 46480
125504 15 2 46481
125506 15 2 46641
125508 15 0 46832
125510 15 2 46833
125512 15 4 46834
125514 15 10 46835
125516 15 10 46939
125518 15 14 46940
125520 15 20 46941
125522 15 22 46942
125524 15 14 47076
125526 15 20 47077
125528 15 22 47078
125530 15 24 47079
125594 15 14 46100
125602 15 22 46118
125606 15 24 46247
125608 15 0 46248
125610 15 14 46708
125612 15 0 46104
125614 15 10 46107
125616 15 24 46119
125618 15 0 46120
125622 15 22 46214
125624 15 24 46215
125626 15 2 46249
125628 15 20 46709
125644 15 0 46088
125646 15 24 46263
125656 15 2 46529
125658 15 10 46539
125660 15 14 46540
125662 15 20 46541
125664 15 22 46542
125666 15 14 46564
125732 15 14 46868
125734 15 20 46869
125736 15 22 46870
125738 15 24 46871
125784 15 24 46111
125786 15 10 46131
125788 15 22 46462
125790 15 2 46625
125792 15 4 46626
125794 15 14 46628
125796 15 20 46725
125810 15 20 47029
125812 15 4 47098
125896 15 10 46179
125904 15 0 46856
125920 15 0 46560
125956 15 4 46202
125960 15 20 46389
125962 15 10 46731
126006 15 14 47052
126008 15 20 47053
126010 15 22 47054
126012 15 24 47055
126022 15 14 46692
126066 15 22 46126
126070 15 0 46128
126072 15 20 46293
126074 15 10 46555
126100 15 20 46141
126102 15 10 46275
126112 15 10 46387
126114 15 4 46618
126116 15 20 46685
126118 15 22 46974
126120 15 24 46975
126122 15 0 46976
126124 15 2 46977
126126 15 10 46987
126128 15 20 46989
126130 15 22 46990
126158 15 0 46144
126160 15 0 46280
126170 15 14 46388
126172 15 10 46619
126174 15 22 46686
126176 15 4 46978
126178 15 10 46979
126180 15 20 46981
126182 15 24 46983
126214 15 10 46475
126226 15 14 46316
126228 15 20 46317
126230 15 22 46318
126232 15 24 46319
126234 15 2 46417
126236 15 4 46418
126240 15 14 46420
126242 15 22 46422
126244 15 10 46803
126290 15 10 46363
126292 15 14 46364
126294 15 20 46365
126296 15 22 46518
126298 15 24 46519
126300 15 14 46548
126302 15 22 46614
126304 15 24 46615
126306 15 0 46616
126308 15 2 46617
126310 15 22 46662
126314 15 0 46720
126316 15 2 46721
126320 15 24 46831
126322 15 0 47040
126368 15 4 47018
126376 15 0 46336
126378 15 22 46406
126380 15 24 46407
126382 15 0 46408
126384 15 2 46409
126386 15 4 46818
126408 15 22 46598
126416 15 20 46861
126418 15 22 46862
126468 15 14 47092
126470 15 10 46155
126472 15 10 46283
126474 15 0 46288
126476 15 20 46325
126478 15 24 46447
126480 15 14 46452
126482 15 22 46526
126484 15 22 46582
126486 15 4 46642
126488 15 24 46775
126490 15 10 46819
126492 15 4 46282
126496 15 14 46284
126498 15 20 46285
126500 15 22 46286
126502 15 24 46287
126508 15 22 46446
126512 15 0 46448
126514 15 2 46449
126516 15 4 46450
126518 15 10 46451
126568 15 22 47094
126574 15 2 46129
126580 15 4 46322
126586 15 22 46494
126594 15 24 46711
126596 15 0 46712
126598 15 4 46714
126600 15 10 46715
126602 15 20 46717
126604 15 4 46802
126606 15 20 46805
126612 15 22 46822
126614 15 24 46823
126616 15 10 46867
126618 15 2 46897
126620 15 4 46898
126622 15 10 46899
126624 15 14 46900
126626 15 14 46924
126628 15 20 46925
126630 15 22 46926
126632 15 0 47032
126634 15 2 47033
126682 15 10 46795
126684 15 14 46796
126686 15 20 46797
126688 15 24 47047
126690 15 10 46147
126694 15 20 46149
126696 15 14 46188
126698 15 4 46410
126700 15 14 46412
126702 15 20 46413
126704 15 24 46527
126706 15 10 46779
126708 15 20 46309
126712 15 24 46583
126714 15 4 46146
126722 15 24 46399
126724 15 0 46400
126726 15 2 46401
126728 15 4 46402
126826 15 0 46656
126838 15 14 46620
126890 15 22 46142
126900 15 0 46552
126902 15 2 46553
126904 15 4 46554
126906 15 0 46584
126908 15 20 46605
126916 15 24 47031
126918 15 24 47039
126960 15 22 46254
126962 15 0 46256
126968 15 4 46370
126972 15 14 46372
126978 15 22 46742
127008 15 24 46271
127010 15 0 46344
127012 15 22 46374
127022 15 2 46457
127024 15 24 46743
127076 15 20 46301
127078 15 22 46606
127080 15 24 46607
127086 15 0 46872
127108 15 2 46241
127112 15 22 46302
127116 15 10 46611
127120 15 20 46613
127122 15 10 46875
127128 15 2 46193
127144 15 2 46561
127150 15 22 46630
127156 15 2 46809
127160 15 14 46988
127166 15 4 47002
127168 15 14 47004
127170 15 20 47005
127210 15 2 46081
127212 15 4 46082
127214 15 10 46083
127216 15 4 46194
127220 15 0 46304
127230 15 4 46562
127238 15 22 46638
127242 15 20 46749
127244 15 22 46750
127248 15 10 46811
127256 15 24 46991
127258 15 22 47006
127262 15 2 47009
127302 15 4 46770
127320 15 0 46688
127322 15 2 46689
127324 15 4 46690
127326 15 10 46691
127328 15 20 46901
127350 15 22 46166
127352 15 24 46175
127354 15 10 46243
127358 15 0 46528
127360 15 24 46919
127362 15 0 46920
127364 15 2 46921
127366 15 4 46922
127368 15 24 46951
127370 15 0 46952
127372 15 2 46953
127406 15 2 46881
127426 15 10 46427
127428 15 22 46430
127436 15 4 46882
127460 15 0 46424
127474 15 14 46428
127490 15 10 46595
127492 15 14 46596
127506 15 10 47035
127542 15 4 46114
127550 15 14 46604
127554 15 10 46667
127556 15 14 46668
127558 15 20 46669
127560 15 22 46670
127562 15 0 46680
127606 15 20 46221
127608 15 24 46223
127610 15 0 46224
127616 15 4 46354
127620 15 0 46472
127622 15 10 46491
127626 15 20 46693
127628 15 10 46723
127636 15 10 46907
127638 15 2 46929
127684 15 14 46084
127694 15 14 46532
127696 15 24 46543
127698 15 0 46544
127700 15 2 46545
127702 15 4 46546
127704 15 24 46567
127746 15 10 46539
127748 15 14 46540
127750 15 20 46541
127752 15 22 46542
127774 15 22 46238
127776 15 20 46245
127778 15 4 46258
127780 15 4 46530
127788 15 0 46928
127792 15 14 46956
127794 15 20 46957
127796 15 22 46958
127826 15 10 46531
127828 15 24 46599
127830 15 0 46640
127838 15 0 47088
127840 15 2 47089
127842 15 4 47090
127902 15 24 46199
127904 15 0 46200
127906 15 22 46246
127908 15 0 46568
127910 15 2 46569
127912 15 4 46570
127914 15 10 46571
127916 15 20 46621
127918 15 22 46622
127920 15 24 46623
127922 15 0 46624
127924 15 0 46808
127926 15 10 46923
127978 15 20 46285
127986 15 4 46442
127988 15 10 46443
127990 15 14 46444
127992 15 20 46445
128058 15 24 46119
128060 15 2 46121
128062 15 4 46186
128068 15 14 46308
128072 15 20 46549
128074 15 24 46887
128076 15 0 46888
128078 15 4 46890
128080 15 22 46894
128088 15 4 46938
128128 15 14 46116
128130 15 10 46187
128132 15 10 46259
128134 15 14 46260
128136 15 20 46261
128138 15 4 46274
128140 15 10 46307
128142 15 10 46547
128144 15 22 46550
128146 15 10 46883
128148 15 20 46885
128150 15 20 46893
128152 15 24 46895
128154 15 2 46937
128202 15 14 46244
128204 15 2 46289
128206 15 14 46292
128208 15 0 46416
128210 15 10 46467
128212 15 4 46658
128214 15 10 46659
128216 15 14 46660
128218 15 20 46661
128220 15 0 46744
128222 15 22 46758
128228 15 24 46959
128230 15 0 46960
128232 15 2 46961
128234 15 20 46973
128236 15 4 46986
128240 15 4 47082
128272 15 24 46791
128274 15 0 46792
128278 15 14 46836
128280 15 22 46838
128282 15 10 47099
128284 15 14 47100
128316 15 20 46797
128318 15 20 47101
128320 15 22 47102
128322 15 24 47103
128324 15 22 46230
128326 15 24 46231
128328 15 0 46232
128330 15 22 46534
128332 15 24 46535
128334 15 0 46536
128336 15 2 46537
128342 15 2 46889
128346 15 10 46891
128354 15 24 46967
128388 15 2 46233
128390 15 10 46235
128392 15 14 46268
128394 15 4 46538
128396 15 0 46968
128398 15 2 46969
128400 15 10 46971
128510 15 10 46275
128518 15 24 46975
128520 15 0 46976
128522 15 2 46977
128546 15 10 46979
128552 15 4 46130
128554 15 4 46154
128556 15 10 46331
128560 15 22 46334
128562 15 4 46338
128564 15 22 46590
128566 15 22 46798
128568 15 24 46799
128570 15 0 46800
128572 15 2 46801
128656 15 10 46587
128660 15 20 46589
128662 15 10 46635
128786 15 4 46098
128788 15 20 46109
128794 15 4 46290
128800 15 14 46572
128802 15 22 46574
128810 15 0 46672
128812 15 22 46678
128814 15 4 46682
128816 15 20 46757
128818 15 14 46780
128820 15 20 46781
128822 15 22 46782
128824 15 24 46783
128826 15 2 46873
128828 15 4 46874
128838 15 24 47095
128880 15 0 46080
128896 15 2 46673
128898 15 4 46674
128900 15 10 46675
128902 15 14 46676
128904 15 2 46745
128906 15 20 46765
128908 15 22 46766
128922 15 24 47087
128958 15 20 43421
128960 15 10 43651
128962 15 10 43875
128976 15 2 43425
128978 15 10 43659
128980 15 0 43880
129000 15 14 43828
129002 15 2 43881
129004 15 10 43507
129006 15 10 43315
129008 15 10 43683
129014 15 2 43409
129016 15 24 43687
129022 15 2 43897
129024 15 20 43693
129026 15 0 43472
129048 15 10 43307
129050 15 2 44001
129056 15 10 43643
129058 15 14 43364
129062 15 2 43921
129064 15 0 43272
129066 15 2 44017
129068 15 4 44018
129070 15 14 43580
129072 15 20 43277
129074 15 22 44022
129076 15 24 44023
129078 15 20 43397
129080 15 22 43846
129082 15 22 43982
129084 15 0 43416
129086 15 24 43751
129088 15 20 44029
129108 15 4 43378
129110 15 14 43628
129124 15 22 43486
129126 15 4 43402
129128 15 4 43850
129130 15 24 43983
129136 15 0 43704
129138 15 2 43817
129152 15 24 43351
129154 15 14 43460
129156 15 24 43719
129158 15 20 43741
129160 15 22 43966
129186 15 0 43464
129188 15 10 43723
129190 15 24 43967
129192 15 20 44005
129218 15 24 43567
129220 15 14 44012
129240 15 24 43311
129242 15 14 43780
129248 15 24 43319
129250 15 0 43784
129252 15 10 43187
129272 15 22 43974
129276 15 14 43868
129278 15 0 43728
129280 15 10 43915
129298 15 2 43673
129300 15 0 43392
129302 15 4 43450
129304 15 2 43833
129312 15 20 43637
129328 15 22 43710
129330 15 20 43949
129344 15 0 43296
129346 15 0 43520
129362 15 24 43679
129374 15 22 43550
129376 15 0 43984
129390 15 22 43374
129392 15 2 43841
129408 15 22 43438
129410 15 10 43595
129414 15 24 43999
129458 15 4 43858
129460 15 22 43862
129466 15 24 43543
129484 15 22 43558
129500 15 4 43562
129522 15 20 43573
129524 15 10 44011
129544 15 10 43771
129556 15 4 43370
129574 15 0 43616
129576 15 14 43876
129596 15 10 43835
129610 15 0 43512
129618 15 24 43887
129642 15 0 43600
129662 15 20 43621
129672 15 20 43605
129706 15 0 43632
129708 15 4 43978
129726 15 14 43988
129744 15 22 43454
129746 15 22 44030
129752 15 24 43655
129768 15 24 43647
129770 15 4 43970
129790 15 20 43901
129806 15 22 43910
129838 15 10 43291
129844 15 4 43954
129852 15 2 43497
129970 15 2 43737
129978 15 2 43745
130068 15 10 43923
130230 15 20 43893
130556 15 20 48189
130558 15 20 48237
130560 15 20 48253
130562 15 22 48254
130564 15 22 48158
130566 15 0 48176
130568 15 14 48252
130570 15 10 48283
130572 15 22 48430
130574 15 24 48191
130576 15 2 48273
130578 15 24 48183
130580 15 10 48131
130582 15 24 48151
130584 15 2 48177
130586 15 14 48140
130588 15 20 48181
130590 15 14 48244
130592 15 20 48285
130594 15 4 48274
130596 15 24 48343
130598 15 4 48242
130600 15 0 45056
130602 15 2 45057
130604 15 4 45058
130606 15 14 45268
130608 15 22 45278
130610 15 0 45472
130618 15 24 45271
130622 15 4 45290
130624 15 10 45291
130628 15 0 45480
130630 15 0 45728
130632 15 4 45730
130640 15 0 45256
130642 15 4 45258
130644 15 10 45259
130646 15 0 45264
130652 15 20 45469
130654 15 2 45721
130656 15 10 45059
130658 15 14 45060
130660 15 20 45061
130662 15 22 45062
130664 15 14 45260
130666 15 20 45261
130668 15 22 45262
130670 15 2 45265
130672 15 20 45269
130674 15 14 45276
130676 15 24 45279
130678 15 22 45294
130680 15 24 45295
130682 15 22 45470
130684 15 2 45473
130686 15 2 45481
130688 15 4 45722
130690 15 2 45729
130692 15 10 45731
130694 15 4 45890
130696 15 14 45892
130698 15 20 45893
130700 15 10 45963
130702 15 14 45964
130704 15 0 46056
130706 15 24 46071
130770 15 24 45063
130772 15 10 45075
130774 15 0 45080
130776 15 14 45148
130778 15 20 45149
130780 15 24 45151
130782 15 0 45152
130784 15 20 45221
130786 15 10 45427
130788 15 0 45752
130790 15 2 45753
130792 15 4 45762
130794 15 10 45763
130796 15 10 45811
130798 15 0 45064
130800 15 0 45288
130802 15 10 45555
130804 15 14 45556
130806 15 20 45557
130808 15 22 45558
130810 15 2 45777
130812 15 2 45065
130814 15 4 45066
130816 15 24 45143
130818 15 4 45410
130820 15 14 45412
130822 15 20 45413
130824 15 10 45603
130826 15 4 45610
130832 15 22 45366
130842 15 24 46031
130844 15 2 46033
130846 15 14 46068
130848 15 20 46069
130850 15 10 45067
130852 15 10 45107
130854 15 14 45068
130856 15 20 45069
130858 15 20 45085
130860 15 2 45193
130862 15 4 45474
130864 15 0 45568
130872 15 14 45372
130874 15 22 45374
130876 15 24 45375
130880 15 24 45583
130882 15 24 45895
130884 15 0 45896
130886 15 2 45897
130888 15 4 45898
130890 15 22 45070
130894 15 10 45307
130896 15 22 45598
130898 15 24 45599
130900 15 0 45600
130902 15 2 45601
130904 15 22 45822
130906 15 24 45823
130908 15 0 45824
130910 15 2 45825
130912 15 4 45906
130914 15 24 45071
130916 15 0 45072
130918 15 2 45073
130920 15 4 45074
130922 15 14 45100
130924 15 20 45101
130926 15 4 45194
130928 15 20 45197
130930 15 24 45455
130932 15 0 45456
130934 15 22 45694
130936 15 24 45695
130938 15 0 45696
130940 15 2 45697
130942 15 22 45702
130944 15 24 45943
130946 15 0 45944
130948 15 2 45945
130950 15 4 45946
130952 15 10 45987
130954 15 14 45988
130956 15 20 45989
130958 15 22 45990
131026 15 14 45076
131028 15 20 45077
131030 15 22 45078
131032 15 24 45079
131036 15 2 45081
131040 15 0 45168
131042 15 2 45169
131044 15 10 45171
131046 15 14 45220
131050 15 22 45342
131052 15 24 45343
131054 15 22 45574
131056 15 0 45576
131058 15 10 45579
131060 15 22 45678
131070 15 14 45764
131072 15 14 45812
131100 15 20 45573
131104 15 24 45575
131108 15 2 45577
131110 15 4 45578
131116 15 20 45757
131118 15 22 45758
131120 15 24 45759
131122 15 0 45760
131250 15 4 45082
131252 15 10 45083
131254 15 14 45140
131256 15 2 45593
131258 15 10 45595
131260 15 14 45596
131262 15 4 45626
131264 15 10 45627
131270 15 2 45369
131280 15 20 46077
131282 15 22 46078
131284 15 24 46079
131286 15 14 45084
131288 15 0 45128
131290 15 24 45415
131292 15 20 45509
131294 15 22 45510
131296 15 24 45511
131298 15 4 45514
131300 15 10 45515
131302 15 14 45516
131304 15 20 45517
131306 15 10 45747
131308 15 0 45808
131326 15 22 45086
131328 15 24 45167
131330 15 14 45604
131332 15 20 45605
131334 15 22 45606
131336 15 24 45607
131338 15 20 45813
131340 15 22 45814
131342 15 24 45815
131344 15 0 45816
131346 15 24 45087
131348 15 14 45300
131350 15 20 45301
131352 15 22 45302
131354 15 24 45303
131356 15 20 45741
131358 15 22 45742
131360 15 24 45743
131362 15 0 45744
131364 15 20 45877
131366 15 0 45088
131368 15 22 45190
131370 15 10 45611
131372 15 20 45613
131374 15 22 45614
131376 15 24 45615
131378 15 4 45818
131380 15 10 45819
131382 15 14 45820
131384 15 20 45821
131386 15 2 45089
131388 15 0 45160
131390 15 24 45431
131392 15 4 45434
131394 15 2 45561
131396 15 14 45652
131398 15 4 45826
131400 15 10 45827
131402 15 14 45828
131404 15 22 45830
131406 15 4 45090
131408 15 10 45091
131410 15 14 45092
131412 15 20 45093
131414 15 0 45120
131416 15 2 45337
131418 15 0 45376
131420 15 2 45377
131422 15 0 45384
131424 15 4 45418
131426 15 22 45542
131428 15 24 45543
131430 15 2 45545
131432 15 2 45625
131434 15 14 45676
131436 15 4 45850
131438 15 2 46073
131440 15 10 46075
131442 15 14 46076
131502 15 22 45094
131504 15 24 45095
131506 15 0 45096
131508 15 2 45097
131510 15 4 45122
131512 15 0 45272
131514 15 4 45274
131516 15 4 45338
131518 15 14 45380
131520 15 2 45385
131522 15 4 45546
131524 15 10 45547
131526 15 14 45548
131528 15 10 45563
131530 15 0 45632
131532 15 10 45851
131586 15 4 45098
131588 15 20 45245
131596 15 4 45778
131598 15 10 45907
131600 15 14 45908
131602 15 20 45909
131604 15 22 45910
131606 15 10 45099
131608 15 20 45165
131610 15 20 45421
131612 15 0 45424
131614 15 20 45541
131616 15 14 45668
131618 15 24 45831
131620 15 0 45832
131622 15 4 45834
131624 15 14 45836
131670 15 22 45102
131672 15 24 45103
131674 15 0 45104
131676 15 2 45105
131678 15 4 45346
131680 15 10 45347
131682 15 14 45348
131684 15 22 45350
131686 15 24 45471
131688 15 4 45562
131690 15 10 45635
131692 15 0 45992
131694 15 2 45993
131696 15 4 45994
131698 15 10 45995
131756 15 4 45106
131760 15 14 45196
131772 15 14 45980
131778 15 0 45144
131780 15 2 45145
131782 15 10 45147
131784 15 22 45414
131786 15 14 45108
131788 15 20 45109
131790 15 22 45110
131792 15 24 45111
131794 15 20 45325
131796 15 22 45326
131798 15 0 45328
131800 15 20 45333
131802 15 24 45335
131804 15 10 45371
131806 15 10 45435
131808 15 14 45436
131810 15 20 45437
131812 15 10 45523
131814 15 24 45767
131816 15 0 45768
131878 15 0 45112
131880 15 2 45113
131882 15 4 45114
131884 15 10 45115
131886 15 2 45329
131888 15 4 45330
131890 15 10 45331
131892 15 22 45334
131894 15 0 45336
131896 15 10 45491
131898 15 14 45524
131900 15 2 45537
131902 15 4 45538
131904 15 14 45540
131906 15 2 45841
131908 15 4 45842
131970 15 14 45116
131972 15 20 45117
131974 15 22 45118
131976 15 24 45119
131978 15 2 45209
131980 15 14 45356
131982 15 24 45551
131984 15 2 45553
131986 15 4 45554
131988 15 4 45634
131990 15 24 45679
131992 15 20 45837
131994 15 0 45840
131996 15 4 45858
131998 15 2 45937
132000 15 24 46055
132086 15 2 45121
132088 15 14 45308
132090 15 20 45397
132092 15 24 45959
132094 15 0 45960
132096 15 2 45961
132098 15 4 45962
132100 15 20 46061
132128 15 10 45123
132130 15 20 45309
132132 15 24 45399
132138 15 20 45965
132140 15 22 45966
132142 15 24 46063
132144 15 14 45124
132146 15 20 45125
132148 15 22 45126
132150 15 24 45127
132152 15 24 45159
132154 15 2 45425
132156 15 2 45513
132160 15 4 45594
132166 15 22 45726
132168 15 14 45972
132170 15 22 45974
132172 15 24 45975
132174 15 10 45979
132240 15 0 45512
132244 15 2 45129
132246 15 24 45231
132252 15 0 45544
132254 15 2 45657
132256 15 4 45130
132258 15 0 45232
132264 15 20 45549
132266 15 4 45666
132268 15 10 45131
132270 15 14 45132
132272 15 20 45133
132274 15 22 45134
132276 15 0 45240
132278 15 2 45241
132280 15 4 45242
132282 15 4 45314
132284 15 14 45340
132286 15 24 45351
132288 15 14 45644
132290 15 20 45645
132292 15 20 45653
132294 15 22 45654
132296 15 24 45655
132298 15 0 45656
132300 15 14 45708
132302 15 20 45709
132304 15 22 45710
132306 15 24 45711
132308 15 2 45809
132310 15 14 45884
132312 15 0 45968
132314 15 2 45969
132316 15 4 45970
132318 15 10 45971
132390 15 24 45135
132392 15 0 45136
132394 15 2 45137
132396 15 4 45138
132398 15 10 45139
132402 15 4 45146
132406 15 24 45319
132408 15 0 45320
132410 15 2 45321
132412 15 4 45322
132414 15 10 45323
132422 15 20 45517
132424 15 24 45559
132426 15 2 45569
132428 15 4 45570
132430 15 10 45571
132432 15 14 45572
132434 15 14 45580
132436 15 20 45581
132438 15 4 45746
132440 15 14 45748
132442 15 20 45749
132444 15 22 45750
132446 15 24 45751
132448 15 4 45866
132450 15 24 45951
132452 15 0 45952
132454 15 4 45954
132456 15 20 46053
132582 15 14 45900
132584 15 20 45901
132586 15 22 45902
132588 15 24 45903
132590 15 20 45141
132592 15 22 45270
132594 15 2 45617
132596 15 4 45618
132598 15 10 45619
132600 15 24 45727
132602 15 2 45817
132604 15 22 45142
132606 15 14 45212
132608 15 22 45214
132610 15 24 45215
132612 15 22 45238
132614 15 22 45670
132616 15 24 45671
132618 15 0 45672
132620 15 2 45673
132622 15 24 45927
132624 15 2 45065
132628 15 14 45324
132638 15 10 45739
132670 15 22 45582
132762 15 2 45753
132772 15 22 45150
132778 15 0 45304
132780 15 10 45315
132782 15 20 45317
132784 15 4 45426
132788 15 20 45429
132790 15 4 45602
132796 15 14 45756
132798 15 2 45761
132804 15 0 46064
132806 15 2 46065
132808 15 4 46066
132810 15 10 46067
132870 15 2 45153
132872 15 4 45154
132874 15 10 45155
132876 15 14 45156
132878 15 24 45223
132880 15 0 45224
132882 15 20 45237
132884 15 20 45365
132886 15 2 45457
132888 15 22 45550
132890 15 20 45725
132892 15 4 45802
132894 15 10 45803
132896 15 20 45805
132898 15 10 45875
132900 15 14 45876
132960 15 20 45157
132962 15 14 45564
132964 15 22 45566
132966 15 24 45567
132968 15 4 45770
132970 15 22 45158
132976 15 14 45332
132978 15 10 45443
132980 15 14 45444
132982 15 20 45445
132984 15 20 45597
132986 15 4 45674
133002 15 2 45161
133010 15 20 45829
133018 15 2 45345
133028 15 4 45162
133038 15 24 45607
133040 15 0 45608
133044 15 4 45658
133046 15 14 45956
133048 15 10 45163
133052 15 2 45225
133054 15 4 45226
133058 15 14 45516
133064 15 0 45592
133066 15 10 46011
133068 15 14 46012
133070 15 20 46013
133072 15 22 46014
133074 15 10 46051
133076 15 14 45164
133084 15 14 45612
133092 15 10 45667
133094 15 22 45958
133100 15 22 45166
133106 15 2 45833
133110 15 14 45836
133128 15 4 46074
133146 15 24 45847
133164 15 4 45170
133174 15 0 45576
133228 15 14 45172
133230 15 20 45173
133232 15 22 45174
133234 15 24 45175
133236 15 0 45208
133238 15 0 45416
133240 15 14 45428
133242 15 10 45475
133244 15 20 45477
133246 15 22 45478
133248 15 24 45591
133250 15 10 45707
133254 15 20 45973
133260 15 4 46002
133262 15 10 46003
133264 15 14 46004
133266 15 20 46005
133320 15 0 45176
133322 15 2 45177
133324 15 4 45178
133326 15 10 45179
133328 15 2 45185
133330 15 4 45186
133332 15 14 45188
133334 15 22 45198
133336 15 4 45210
133338 15 10 45451
133340 15 14 45452
133342 15 22 45454
133352 15 0 45680
133354 15 2 45681
133356 15 4 45682
133358 15 10 45683
133360 15 4 45690
133362 15 10 45691
133364 15 14 45692
133366 15 10 45723
133368 15 4 46026
133370 15 10 46027
133372 15 14 46028
133374 15 20 46029
133376 15 2 46049
133442 15 14 45180
133444 15 20 45181
133446 15 22 45182
133448 15 24 45183
133450 15 0 45184
133452 15 10 45187
133454 15 20 45189
133456 15 24 45199
133458 15 10 45211
133460 15 24 45439
133462 15 2 45441
133464 15 4 45442
133474 15 14 45684
133476 15 20 45685
133478 15 22 45686
133480 15 24 45687
133482 15 0 45688
133484 15 2 45689
133486 15 20 45693
133488 15 14 45724
133490 15 22 46022
133492 15 24 46023
133494 15 0 46024
133496 15 2 46025
133498 15 0 46040
133500 15 4 46042
133722 15 4 45818
133724 15 10 45819
133726 15 14 45820
133730 15 14 45852
133732 15 24 45191
133734 15 4 45458
133736 15 10 45459
133738 15 14 45460
133740 15 4 45466
133742 15 0 45792
133744 15 2 45793
133746 15 4 45794
133748 15 10 45795
133750 15 0 45976
133752 15 0 45192
133754 15 22 45462
133756 15 24 45463
133758 15 0 45464
133760 15 10 45467
133762 15 14 45796
133764 15 20 45797
133766 15 22 45798
133768 15 24 45799
133770 15 4 45978
133772 15 14 45068
133774 15 22 45070
133776 15 2 45193
133778 15 10 45307
133780 15 4 45474
133782 15 0 45568
133786 15 24 45823
133788 15 0 45824
133792 15 24 45895
133794 15 0 45896
133796 15 2 45897
133798 15 2 45977
133806 15 4 45106
133810 15 10 45195
133812 15 14 45196
133814 15 20 45197
133816 15 14 45244
133822 15 10 45843
133824 15 14 45844
133826 15 20 45845
133828 15 22 45846
133834 15 2 45945
133940 15 0 45200
133942 15 2 45201
133944 15 4 45202
133946 15 10 45203
133948 15 20 45381
133950 15 20 45389
133952 15 22 45390
133954 15 0 45392
133956 15 22 45398
133958 15 22 45406
133960 15 24 45407
133962 15 4 45650
133964 15 10 45675
133976 15 4 45882
133978 15 24 45911
133980 15 0 45912
133982 15 20 45933
133984 15 10 45955
133986 15 22 46006
133988 15 24 46007
133990 15 0 46008
133992 15 2 46009
134058 15 14 45204
134060 15 20 45205
134062 15 22 45206
134064 15 24 45207
134066 15 24 45383
134068 15 2 45393
134070 15 4 45394
134072 15 14 45396
134074 15 0 45400
134076 15 0 45408
134078 15 2 45409
134080 15 10 45651
134082 15 20 45677
134094 15 10 45883
134096 15 0 45920
134098 15 2 45921
134100 15 22 45934
134102 15 20 45957
134104 15 24 45983
134106 15 2 45985
134108 15 4 45986
134110 15 4 46010
134194 15 14 45116
134200 15 10 45267
134204 15 4 45634
134206 15 20 45669
134264 15 20 45213
134272 15 24 45239
134274 15 22 45310
134276 15 24 45311
134278 15 2 45313
134280 15 24 45639
134282 15 0 45640
134284 15 2 45641
134286 15 4 45642
134288 15 10 45643
134296 15 4 45698
134298 15 10 45699
134300 15 14 45700
134302 15 20 45701
134364 15 0 45216
134366 15 2 45217
134368 15 4 45218
134370 15 10 45219
134372 15 2 45289
134374 15 4 45386
134376 15 14 45532
134378 15 20 45533
134380 15 24 45535
134386 15 2 45697
134388 15 14 45740
134390 15 24 45783
134392 15 4 45874
134394 15 10 45987
134398 15 22 45990
134470 15 14 45220
134474 15 20 45573
134478 15 24 45575
134482 15 2 45577
134484 15 4 45578
134486 15 10 45579
134490 15 24 45063
134524 15 14 45812
134526 15 22 45222
134528 15 20 45837
134530 15 22 45838
134532 15 24 45839
134536 15 2 45153
134562 15 14 45804
134636 15 10 45227
134638 15 14 45228
134640 15 20 45229
134642 15 22 45230
134644 15 4 45266
134646 15 22 45430
134648 15 14 45468
134650 15 24 45479
134652 15 20 45589
134654 15 24 45703
134656 15 0 45704
134658 15 2 45705
134660 15 4 45706
134662 15 4 45714
134670 15 24 46031
134672 15 0 46032
134674 15 2 46033
134676 15 4 46034
134678 15 0 46048
134680 15 4 46050
134682 15 20 46069
134748 15 2 45129
134762 15 4 45130
134776 15 2 45233
134778 15 4 45234
134780 15 10 45235
134782 15 14 45236
134784 15 22 45246
134788 15 0 45440
134792 15 2 45449
134796 15 0 45712
134802 15 22 46030
134806 15 2 46041
134810 15 10 46043
134872 15 4 45306
134876 15 2 45633
134932 15 10 45131
134934 15 14 45132
134940 15 4 45242
134942 15 10 45243
134944 15 14 45644
134946 15 20 45645
135004 15 4 45098
135008 15 10 45907
135010 15 14 45908
135012 15 20 45909
135014 15 22 45910
135042 15 24 45247
135044 15 0 45248
135046 15 2 45249
135048 15 4 45250
135050 15 10 45251
135052 15 4 45450
135058 15 20 45453
135062 15 0 45720
135064 15 14 46044
135066 15 20 46045
135068 15 22 46046
135070 15 24 46047
135146 15 14 45252
135148 15 20 45253
135150 15 22 45254
135152 15 24 45255
135154 15 20 45325
135156 15 4 45370
135158 15 10 45371
135160 15 2 45401
135162 15 14 45716
135164 15 22 45718
135166 15 24 45719
135168 15 2 45769
135170 15 22 45862
135172 15 24 45863
135174 15 0 45864
135176 15 2 45905
135178 15 24 45967
135240 15 4 45058
135242 15 0 45256
135244 15 2 45257
135246 15 4 45258
135248 15 10 45259
135250 15 0 45264
135252 15 14 45268
135256 15 2 45721
135258 15 22 45886
135260 15 0 45888
135262 15 22 46054
135312 15 10 45059
135314 15 14 45060
135316 15 14 45260
135318 15 20 45261
135320 15 22 45262
135322 15 24 45263
135324 15 2 45265
135326 15 20 45269
135328 15 22 45470
135330 15 4 45722
135332 15 4 45890
135334 15 20 45893
135336 15 0 46056
135446 15 0 45344
135448 15 0 45560
135452 15 0 45056
135464 15 0 45472
135472 15 22 45062
135482 15 2 45473
135488 15 22 45270
135492 15 4 45618
135498 15 2 45057
135502 15 24 45271
135504 15 4 45290
135506 15 10 45291
135510 15 0 45480
135512 15 0 45728
135518 15 2 45889
135520 15 24 45959
135522 15 0 45960
135526 15 22 46070
135528 15 22 45094
135530 15 24 45095
135534 15 4 45122
135536 15 0 45272
135538 15 2 45273
135540 15 4 45274
135542 15 10 45275
135544 15 20 45341
135546 15 14 45380
135548 15 20 45501
135550 15 10 45563
135552 15 2 45585
135554 15 10 45587
135556 15 14 45588
135558 15 0 45632
135560 15 22 45774
135562 15 24 45775
135564 15 4 45826
135570 15 0 45872
135574 15 0 45984
135656 15 20 45061
135658 15 14 45276
135660 15 22 45294
135662 15 24 45295
135668 15 2 45729
135672 15 14 45892
135676 15 10 45963
135678 15 14 45964
135682 15 24 46071
135684 15 20 45277
135686 15 14 45628
135688 15 20 45629
135690 15 22 45630
135692 15 22 45806
135698 15 22 45278
135704 15 4 45298
135710 15 4 45730
135718 15 24 45279
135724 15 10 45299
135730 15 10 45731
135732 15 0 45280
135734 15 2 45281
135736 15 4 45282
135738 15 10 45283
135740 15 0 45368
135742 15 10 45387
135748 15 20 45637
135752 15 2 45785
135760 15 22 45878
135820 15 14 45284
135822 15 20 45285
135824 15 22 45286
135826 15 24 45287
135828 15 24 45367
135830 15 14 45388
135832 15 22 45518
135834 15 24 45519
135836 15 2 45521
135838 15 14 45636
135840 15 0 45784
135842 15 24 45831
135844 15 4 45834
135846 15 14 45836
135848 15 24 45879
135850 15 10 45899
135912 15 0 45064
135914 15 0 45288
135916 15 10 45555
135918 15 20 45557
135920 15 22 45558
135922 15 2 45777
135932 15 4 45386
135954 15 14 45292
135956 15 20 45293
135964 15 20 45493
135966 15 24 45495
135968 15 0 45496
135974 15 14 45732
135976 15 22 45734
135982 15 2 45961
136068 15 0 45296
136070 15 2 45297
136078 15 2 45497
136080 15 4 45498
136082 15 10 45499
136088 15 20 45733
136090 15 24 45735
136096 15 22 45966
136212 15 24 45087
136214 15 14 45300
136216 15 20 45301
136218 15 22 45302
136220 15 24 45303
136222 15 10 45339
136224 15 20 45741
136228 15 0 45744
136230 15 20 45877
136236 15 2 45929
136238 15 4 45930
136240 15 10 45931
136242 15 20 45941
136306 15 20 45149
136310 15 0 45304
136312 15 4 45426
136314 15 14 45564
136318 15 4 45602
136320 15 4 45770
136322 15 0 45776
136324 15 2 45305
136332 15 14 45932
136342 15 24 45671
136346 15 10 45771
136348 15 22 45070
136350 15 2 45193
136352 15 10 45307
136362 15 2 45121
136364 15 14 45308
136366 15 20 45357
136368 15 24 45359
136370 15 2 45417
136372 15 2 45801
136378 15 4 45962
136380 15 20 46061
136382 15 10 45123
136386 15 2 45361
136388 15 4 45362
136390 15 14 45420
136392 15 24 45807
136398 15 20 45965
136412 15 0 45312
136422 15 4 45642
136424 15 10 45643
136474 15 10 45131
136476 15 14 45132
136478 15 4 45314
136480 15 14 45340
136482 15 14 45644
136486 15 24 45151
136488 15 10 45315
136490 15 14 45316
136492 15 20 45317
136494 15 22 45318
136496 15 10 45427
136498 15 20 45429
136500 15 22 45486
136502 15 24 45487
136504 15 2 45489
136506 15 0 45736
136508 15 2 45761
136510 15 4 45922
136512 15 10 45923
136514 15 14 45924
136516 15 20 45925
136522 15 10 46067
136584 15 24 45135
136586 15 2 45137
136588 15 4 45138
136590 15 0 45144
136596 15 24 45319
136598 15 22 45414
136600 15 4 45514
136602 15 20 45517
136604 15 24 45559
136606 15 14 45580
136608 15 20 45581
136612 15 0 45136
136616 15 10 45139
136618 15 0 45320
136620 15 2 45321
136622 15 4 45322
136624 15 10 45323
136626 15 2 45569
136628 15 4 45570
136630 15 10 45571
136632 15 14 45572
136634 15 14 45748
136636 15 20 45749
136638 15 22 45750
136640 15 24 45751
136714 15 24 45143
136718 15 14 45324
136720 15 10 45739
136722 15 2 46073
136724 15 4 46074
136726 15 14 46076
136728 15 14 45108
136730 15 20 45109
136732 15 22 45110
136742 15 22 45326
136744 15 24 45327
136746 15 0 45328
136748 15 24 45335
136754 15 22 45382
136756 15 10 45435
136758 15 20 45437
136760 15 10 45523
136762 15 0 45616
136764 15 24 45767
136766 15 0 45768
136776 15 2 45865
136848 15 0 45112
136850 15 2 45113
136852 15 10 45115
136854 15 22 45158
136856 15 2 45329
136858 15 4 45330
136860 15 10 45331
136862 15 14 45332
136864 15 0 45336
136866 15 10 45491
136868 15 14 45492
136870 15 14 45524
136872 15 2 45537
136874 15 4 45538
136876 15 20 45597
136878 15 4 45738
136880 15 2 45841
136882 15 4 45842
136884 15 2 46057
136886 15 4 46058
136888 15 10 46059
136890 15 14 46060
136968 15 24 45111
136970 15 20 45333
136974 15 14 45436
136984 15 4 45114
136986 15 22 45334
136992 15 14 45540
137028 15 4 45090
137030 15 20 45093
137032 15 0 45120
137034 15 2 45337
137036 15 0 45384
137038 15 22 45542
137040 15 24 45543
137042 15 2 45545
137044 15 4 45850
137048 15 0 45096
137052 15 4 45338
137054 15 2 45385
137060 15 14 45548
137062 15 10 45851
137084 15 20 45133
137092 15 20 45653
137094 15 22 45654
137096 15 24 45655
137098 15 2 45809
137130 15 20 45077
137134 15 24 45079
137138 15 2 45169
137142 15 24 45343
137146 15 0 45576
137150 15 14 45764
137168 15 10 45171
137192 15 0 45848
137194 15 2 45849
137196 15 2 45161
137198 15 2 45345
137200 15 14 45900
137202 15 20 45901
137204 15 22 45902
137206 15 24 45935
137208 15 22 45102
137210 15 24 45103
137212 15 2 45105
137214 15 4 45346
137216 15 10 45347
137218 15 14 45348
137220 15 20 45349
137224 15 0 45488
137228 15 4 45562
137230 15 10 45835
137236 15 0 45992
137238 15 2 45993
137240 15 10 45995
137310 15 0 45104
137312 15 22 45350
137314 15 24 45471
137316 15 10 45635
137324 15 4 45810
137330 15 22 45134
137332 15 24 45351
137340 15 0 45656
137342 15 14 45708
137344 15 20 45709
137346 15 22 45710
137348 15 24 45711
137350 15 14 45884
137352 15 0 45352
137354 15 2 45353
137356 15 4 45354
137358 15 10 45355
137360 15 14 45372
137362 15 20 45373
137364 15 22 45374
137366 15 4 45490
137368 15 24 45583
137370 15 4 45698
137372 15 14 45700
137376 15 2 45713
137378 15 2 45737
137380 15 22 45766
137444 15 14 45116
137446 15 20 45117
137452 15 14 45356
137454 15 24 45551
137456 15 4 45554
137458 15 4 45634
137460 15 24 45679
137462 15 4 45858
137468 15 22 45358
137472 15 0 45360
137474 15 2 45417
137476 15 22 45526
137478 15 2 45801
137480 15 20 45813
137484 15 24 45815
137486 15 2 45857
137490 15 24 45887
137494 15 10 45955
137554 15 10 45363
137556 15 14 45364
137560 15 0 45536
137566 15 10 45819
137570 15 10 45859
137574 15 10 45891
137578 15 20 45957
137632 15 2 45153
137634 15 4 45154
137638 15 24 45223
137640 15 0 45224
137642 15 4 45226
137644 15 20 45365
137646 15 22 45550
137648 15 4 45802
137650 15 10 45803
137656 15 10 45875
137658 15 4 45066
137660 15 22 45366
137662 15 24 46031
137664 15 2 46033
137666 15 14 46068
137668 15 20 46069
137674 15 10 46075
137680 15 22 45286
137684 15 24 45367
137696 15 2 45281
137710 15 10 45083
137712 15 2 45369
137714 15 20 46077
137716 15 22 46078
137718 15 24 46079
137744 15 2 45865
137772 15 20 45069
137786 15 24 45375
137800 15 20 45765
137874 15 10 45091
137876 15 14 45092
137880 15 0 45376
137882 15 2 45377
137884 15 4 45378
137886 15 10 45379
137888 15 4 45418
137890 15 24 45527
137892 15 2 45625
137894 15 14 45676
137898 15 2 45833
137902 15 22 45870
137904 15 24 45871
137906 15 22 46006
137908 15 24 46007
137910 15 0 46008
137912 15 22 46062
137992 15 2 45097
138000 15 14 45380
138010 15 0 45872
138016 15 10 45203
138018 15 20 45381
138022 15 0 45792
138024 15 10 45795
138026 15 24 45911
138028 15 0 45912
138036 15 2 46009
138056 15 14 45204
138058 15 20 45205
138060 15 24 45207
138062 15 24 45383
138064 15 0 45408
138066 15 14 45796
138068 15 24 45799
138070 15 0 45920
138072 15 2 45921
138080 15 4 46010
138108 15 0 45216
138110 15 2 45217
138112 15 2 45289
138120 15 24 45783
138126 15 4 45282
138138 15 22 45878
138152 15 14 45836
138154 15 24 45879
138158 15 2 45201
138162 15 20 45389
138164 15 22 45390
138166 15 24 45391
138168 15 0 45392
138170 15 20 45397
138172 15 22 45398
138174 15 24 45447
138176 15 4 45650
138178 15 10 45675
138182 15 2 45793
138186 15 20 45853
138188 15 22 45854
138190 15 0 45856
138194 15 20 45933
138202 15 24 45991
138284 15 22 45206
138286 15 2 45393
138288 15 4 45394
138290 15 10 45395
138292 15 14 45396
138294 15 24 45399
138296 15 0 45400
138298 15 0 45448
138300 15 10 45651
138302 15 20 45677
138304 15 10 45715
138308 15 22 45798
138314 15 22 45934
138318 15 20 45965
138320 15 22 45966
138322 15 14 45996
138324 15 20 45997
138326 15 22 45998
138328 15 24 45999
138440 15 24 45407
138450 15 4 45882
138468 15 14 45964
138486 15 2 45409
138496 15 10 45883
138502 15 20 45253
138510 15 22 45718
138512 15 24 45719
138514 15 2 45905
138516 15 4 45402
138518 15 10 45403
138520 15 14 45404
138522 15 20 45405
138528 15 22 45806
138530 15 0 45880
138586 15 24 45847
138632 15 14 45852
138664 15 2 45065
138668 15 24 45143
138670 15 4 45410
138672 15 10 45411
138674 15 14 45412
138676 15 20 45413
138678 15 10 45419
138680 15 10 45443
138682 15 14 45444
138684 15 22 45446
138686 15 10 45603
138688 15 4 45610
138690 15 10 45779
138692 15 14 45780
138694 15 22 45782
138696 15 2 45873
138698 15 0 45936
138780 15 10 45107
138784 15 2 45137
138788 15 2 45145
138796 15 14 45580
138798 15 14 45084
138800 15 0 45128
138802 15 24 45415
138804 15 20 45509
138806 15 22 45510
138808 15 24 45511
138810 15 0 45808
138812 15 14 45172
138814 15 20 45173
138816 15 22 45174
138818 15 0 45416
138820 15 10 45475
138822 15 22 45478
138824 15 24 45591
138826 15 10 45707
138828 15 14 45972
138830 15 20 45973
138832 15 22 45974
138834 15 24 45975
138922 15 10 45099
138924 15 20 45421
138926 15 22 45422
138928 15 24 45423
138930 15 0 45424
138932 15 2 45537
138934 15 10 45539
138938 15 20 45541
138940 15 14 45668
138942 15 2 45881
138944 15 22 45894
138996 15 14 45124
138998 15 20 45125
139000 15 24 45127
139002 15 2 45425
139004 15 2 45593
139006 15 14 45596
139008 15 10 45627
139010 15 22 45726
139018 15 10 45979
139024 15 0 45152
139030 15 4 45602
139032 15 0 45752
139034 15 2 45753
139036 15 14 45756
139038 15 10 45811
139040 15 24 45063
139050 15 20 45317
139054 15 20 45429
139062 15 4 45762
139066 15 0 46064
139070 15 4 46066
139078 15 0 45208
139080 15 14 45428
139084 15 20 45477
139090 15 4 46002
139092 15 10 46003
139094 15 14 46004
139096 15 20 46005
139104 15 14 45316
139116 15 10 45923
139128 15 10 45227
139130 15 20 45229
139132 15 22 45230
139134 15 22 45430
139136 15 20 45589
139148 15 2 45089
139150 15 24 45431
139152 15 0 45432
139154 15 2 45433
139156 15 4 45434
139158 15 2 45561
139160 15 14 45652
139166 15 24 45935
139168 15 10 45939
139170 15 14 45940
139224 15 20 45109
139240 15 22 45438
139242 15 4 45522
139246 15 0 45616
139248 15 24 45767
139256 15 24 45903
139260 15 22 45942
139336 15 14 45180
139338 15 22 45182
139340 15 24 45183
139342 15 10 45187
139344 15 2 45233
139346 15 4 45234
139348 15 10 45235
139350 15 22 45246
139352 15 24 45439
139354 15 0 45440
139356 15 2 45441
139358 15 4 45442
139360 15 14 45684
139362 15 20 45685
139372 15 22 46022
139374 15 0 46024
139376 15 2 46025
139378 15 22 46030
139380 15 0 46040
139382 15 2 46041
139470 15 22 45158
139482 15 20 45445
139486 15 4 45674
139558 15 24 45447
139568 15 24 45959
139598 15 14 45236
139602 15 2 45449
139612 15 24 45247
139614 15 0 45248
139616 15 4 45250
139618 15 4 45450
139620 15 14 46044
139622 15 20 46045
139626 15 24 46047
139628 15 0 45176
139630 15 2 45185
139632 15 4 45186
139634 15 14 45188
139638 15 2 45249
139642 15 10 45251
139644 15 10 45451
139646 15 14 45452
139648 15 20 45453
139650 15 22 45454
139652 15 4 45690
139654 15 10 45691
139656 15 0 45720
139658 15 4 46026
139660 15 10 46027
139662 15 20 46029
139664 15 0 46048
139666 15 2 46049
139748 15 24 45071
139750 15 2 45073
139752 15 4 45074
139754 15 4 45106
139756 15 4 45194
139758 15 14 45196
139760 15 20 45197
139762 15 24 45455
139764 15 0 45456
139766 15 24 45943
139768 15 0 45944
139770 15 2 45945
139772 15 4 45946
139774 15 14 45980
139798 15 2 45153
139800 15 10 45155
139802 15 14 45156
139804 15 20 45237
139806 15 2 45457
139808 15 20 45725
139814 15 10 45875
139816 15 14 45876
139818 15 24 45191
139820 15 4 45458
139822 15 10 45459
139824 15 14 45460
139826 15 20 45461
139828 15 4 45466
139834 15 4 45794
139838 15 24 45855
139842 15 0 45976
139844 15 0 46000
139902 15 0 45192
139904 15 22 45462
139906 15 24 45463
139908 15 0 45464
139910 15 2 45465
139912 15 10 45467
139916 15 20 45797
139920 15 4 45978
139928 15 2 46001
140024 15 14 45228
140026 15 4 45266
140028 15 14 45468
140030 15 24 45703
140032 15 0 45704
140034 15 2 45705
140036 15 4 45714
140044 15 4 46050
140046 15 4 45058
140048 15 0 45256
140050 15 4 45258
140052 15 10 45259
140054 15 24 45271
140056 15 20 45469
140058 15 2 45721
140064 15 2 45889
140066 15 22 46054
140068 15 10 45059
140070 15 14 45060
140072 15 14 45260
140074 15 20 45261
140076 15 2 45265
140078 15 14 45276
140082 15 4 45722
140086 15 14 45892
140090 15 0 46056
140092 15 22 45102
140094 15 24 45103
140096 15 0 45104
140098 15 22 45350
140102 15 10 45635
140108 15 4 45994
140112 15 0 45056
140114 15 2 45057
140116 15 14 45268
140120 15 4 45290
140122 15 10 45291
140124 15 0 45472
140126 15 0 45728
140128 15 4 45730
140132 15 20 45061
140134 15 22 45062
140136 15 20 45269
140138 15 24 45279
140140 15 22 45294
140142 15 24 45295
140144 15 2 45473
140146 15 2 45729
140148 15 10 45731
140150 15 14 45068
140152 15 20 45069
140154 15 20 45085
140156 15 2 45193
140158 15 4 45474
140160 15 0 45568
140162 15 24 45895
140164 15 0 45896
140166 15 2 45897
140168 15 4 45898
140170 15 2 45977
140182 15 14 45476
140188 15 22 45590
140208 15 24 46023
140212 15 0 46072
140294 15 24 45479
140300 15 14 46028
140314 15 14 45292
140316 15 0 45480
140322 15 0 45960
140326 15 22 46070
140338 15 0 45296
140340 15 2 45481
140350 15 24 46071
140352 15 4 45482
140354 15 10 45483
140356 15 14 45484
140358 15 20 45485
140360 15 20 45525
140364 15 20 45845
140366 15 22 45846
140368 15 2 45849
140370 15 20 45885
140422 15 22 45318
140424 15 4 45346
140426 15 10 45347
140430 15 22 45486
140432 15 24 45487
140434 15 0 45488
140438 15 0 45736
140534 15 4 45698
140536 15 14 45700
140538 15 2 45713
140542 15 22 45766
140544 15 0 45112
140548 15 2 45329
140550 15 10 45331
140552 15 0 45336
140554 15 10 45491
140556 15 14 45492
140558 15 14 45524
140560 15 2 46057
140562 15 4 46058
140564 15 10 46059
140566 15 14 46060
140576 15 20 45597
140590 15 20 45293
140592 15 4 45298
140594 15 20 45493
140596 15 22 45494
140598 15 24 45495
140600 15 0 45496
140602 15 14 45732
140604 15 22 45734
140654 15 2 45297
140656 15 10 45299
140658 15 2 45497
140660 15 4 45498
140662 15 10 45499
140664 15 14 45500
140666 15 20 45733
140668 15 24 45735
140714 15 0 45272
140718 15 20 45341
140722 15 10 45563
140726 15 0 45984
140728 15 2 45985
140730 15 4 45986
140732 15 22 45502
140734 15 24 45503
140736 15 0 45504
140738 15 2 45505
140740 15 4 45506
140742 15 10 45507
140744 15 14 45508
140746 15 22 45646
140748 15 24 45647
140750 15 0 45648
140752 15 2 45649
140754 15 10 45659
140756 15 14 45660
140758 15 20 45661
140760 15 22 45662
140762 15 24 45663
140764 15 0 45664
140766 15 2 45665
140768 15 14 45772
140770 15 20 45773
140772 15 0 45928
140788 15 2 45609
140804 15 14 45716
140806 15 20 45717
140814 15 4 45938
140816 15 0 46016
140818 15 20 46021
140962 15 0 45128
140970 15 24 45511
140972 15 0 45512
140974 15 4 45514
140976 15 10 45515
140978 15 14 45516
140980 15 10 45555
140982 15 22 45558
140984 15 2 45569
140986 15 14 45572
140988 15 2 45745
140990 15 4 45746
140992 15 10 45747
140994 15 14 45748
140996 15 20 45749
140998 15 2 45777
141000 15 0 45800
141002 15 0 45808
141004 15 4 45866
141006 15 10 45867
141008 15 24 45951
141010 15 0 45952
141012 15 2 45953
141014 15 4 45954
141090 15 14 45124
141092 15 24 45127
141094 15 24 45159
141096 15 2 45513
141100 15 4 45594
141108 15 24 45135
141110 15 4 45138
141112 15 10 45139
141118 15 4 45146
141120 15 10 45163
141122 15 24 45319
141134 15 20 45517
141136 15 24 45559
141140 15 4 45570
141144 15 20 45581
141146 15 22 45582
141158 15 24 45751
141174 15 10 46011
141176 15 20 46013
141178 15 22 46014
141180 15 10 46051
141182 15 20 46053
141282 15 14 45284
141284 15 20 45285
141286 15 22 45286
141288 15 24 45367
141292 15 24 45519
141294 15 0 45520
141296 15 2 45521
141298 15 0 45584
141300 15 14 45636
141302 15 0 45784
141308 15 10 45795
141310 15 24 45831
141314 15 24 45871
141316 15 24 45879
141318 15 10 45899
141320 15 24 45911
141322 15 20 45981
141326 15 24 46007
141416 15 14 45900
141418 15 20 45901
141424 15 14 45108
141428 15 22 45110
141430 15 20 45325
141434 15 0 45328
141436 15 24 45335
141438 15 10 45371
141444 15 10 45523
141446 15 24 45767
141448 15 0 45768
141452 15 2 45113
141458 15 4 45330
141468 15 2 45537
141470 15 4 45538
141472 15 2 45841
141474 15 4 45842
141506 15 0 45376
141508 15 2 45377
141510 15 4 45378
141512 15 24 45527
141514 15 2 45625
141520 15 0 46008
141522 15 22 46062
141524 15 0 45528
141526 15 2 45529
141528 15 4 45530
141530 15 10 45531
141534 15 14 45556
141536 15 2 45617
141538 15 4 45618
141540 15 14 45620
141542 15 4 45786
141544 15 10 45787
141546 15 14 45860
141548 15 0 45904
141550 15 10 46035
141552 15 14 46036
141554 15 20 46037
141556 15 22 46038
141624 15 0 45216
141626 15 10 45219
141630 15 4 45386
141632 15 14 45532
141634 15 20 45533
141636 15 22 45534
141638 15 24 45535
141640 15 14 45564
141642 15 20 45565
141644 15 22 45566
141646 15 20 45621
141648 15 22 45622
141650 15 0 45624
141652 15 24 45783
141654 15 14 45788
141656 15 20 45789
141658 15 22 45790
141660 15 24 45791
141662 15 20 45861
141664 15 4 45874
141666 15 22 45926
141668 15 10 45987
141670 15 14 45988
141672 15 24 46039
141764 15 2 45361
141766 15 10 45363
141770 15 0 45536
141786 15 14 45332
141788 15 22 45334
141802 15 10 45539
141804 15 14 45540
141806 15 20 45541
141808 15 22 45638
141810 15 4 45738
141812 15 10 45739
141900 15 10 45099
141906 15 0 45424
141914 15 14 45668
141920 15 4 45090
141922 15 0 45120
141924 15 2 45129
141926 15 4 45162
141930 15 10 45179
141932 15 22 45198
141934 15 4 45210
141936 15 2 45337
141938 15 22 45542
141940 15 24 45543
141942 15 0 45544
141944 15 2 45545
141946 15 14 45604
141948 15 22 45606
141950 15 0 45608
141952 15 2 45657
141954 15 4 45658
141956 15 10 45723
141958 15 4 45850
141960 15 14 45956
142032 15 22 45094
142034 15 4 45122
142036 15 4 45130
142038 15 14 45164
142042 15 20 45189
142044 15 24 45199
142046 15 10 45211
142048 15 4 45338
142050 15 4 45546
142052 15 10 45547
142054 15 14 45548
142056 15 20 45549
142058 15 10 45611
142060 15 14 45612
142062 15 20 45613
142064 15 4 45666
142066 15 10 45667
142068 15 14 45724
142070 15 10 45851
142072 15 22 45958
142146 15 4 45154
142148 15 10 45155
142150 15 24 45223
142152 15 0 45224
142154 15 20 45365
142156 15 22 45550
142158 15 4 45802
142160 15 10 45803
142166 15 14 45116
142168 15 20 45117
142170 15 22 45118
142172 15 14 45356
142174 15 24 45551
142176 15 0 45552
142178 15 2 45553
142180 15 4 45554
142182 15 24 45679
142184 15 20 45837
142186 15 22 45838
142188 15 0 45840
142190 15 4 45858
142192 15 2 45937
142194 15 24 46055
142258 15 0 45064
142260 15 0 45288
142278 15 20 45557
142294 15 2 45817
142428 15 10 45267
142430 15 0 45344
142432 15 0 45560
142434 15 2 45089
142436 15 24 45431
142438 15 0 45432
142444 15 14 45652
142452 15 10 45939
142458 15 2 45105
142460 15 4 45346
142462 15 10 45347
142464 15 14 45348
142466 15 4 45562
142468 15 0 45992
142472 15 10 45995
142476 15 24 45095
142482 15 4 45274
142488 15 0 45632
142490 15 20 45157
142492 15 0 45304
142504 15 24 45567
142506 15 4 45770
142508 15 0 45776
142586 15 4 45474
142602 15 0 45320
142604 15 2 45321
142606 15 10 45323
142622 15 10 45571
142636 15 22 45750
142642 15 10 45867
142740 15 14 45076
142742 15 14 45220
142744 15 20 45573
142746 15 22 45574
142748 15 24 45575
142750 15 0 45576
142752 15 2 45577
142754 15 4 45578
142756 15 10 45579
142758 15 0 45752
142760 15 2 45753
142762 15 4 45754
142764 15 10 45755
142768 15 20 45757
142770 15 22 45758
142772 15 24 45759
142774 15 0 45760
142776 15 14 45812
142778 15 14 45868
142780 15 20 45869
142782 15 10 45075
142786 15 22 45078
142788 15 0 45168
142792 15 20 45221
142794 15 22 45342
142796 15 24 45343
142812 15 22 45678
142828 15 10 45763
142830 15 14 45764
142836 15 10 45947
142838 15 14 45948
142840 15 22 45950
142842 15 14 46052
143016 15 2 45137
143020 15 10 45147
143024 15 22 45414
143026 15 14 45580
143056 15 10 45163
143080 15 10 45355
143084 15 22 45374
143086 15 24 45375
143116 15 2 45273
143118 15 10 45275
143120 15 0 45280
143122 15 2 45281
143124 15 4 45282
143128 15 0 45368
143130 15 2 45585
143132 15 4 45586
143134 15 10 45587
143136 15 14 45588
143138 15 20 45637
143140 15 22 45774
143142 15 24 45775
143144 15 2 45785
143146 15 14 45796
143148 15 20 45797
143150 15 24 45799
143152 15 4 45826
143154 15 14 45828
143156 15 0 45872
143158 15 22 45878
143160 15 2 45921
143162 15 22 45982
143252 15 10 45227
143254 15 22 45230
143256 15 22 45430
143258 15 24 45479
143262 15 24 46031
143264 15 0 46032
143266 15 2 46033
143268 15 20 46069
143270 15 10 45475
143272 15 14 45476
143280 15 20 46077
143282 15 22 46078
143286 15 22 45174
143288 15 0 45416
143314 15 2 45225
143316 15 4 45226
143318 15 0 45592
143322 15 14 46012
143328 15 4 45082
143330 15 10 45083
143336 15 14 45140
143338 15 2 45425
143344 15 4 45594
143346 15 10 45595
143350 15 4 45626
143352 15 10 45627
143360 15 10 45979
143366 15 24 46079
143426 15 22 45158
143440 15 10 46059
143444 15 22 45070
143446 15 22 45598
143448 15 24 45599
143450 15 0 45600
143452 15 2 45601
143454 15 22 45822
143456 15 24 45823
143458 15 2 45825
143460 15 4 45906
143508 15 20 45149
143510 15 22 45150
143514 15 4 45426
143516 15 4 45602
143518 15 2 45065
143520 15 24 45143
143522 15 4 45410
143524 15 20 45413
143526 15 10 45419
143528 15 10 45603
143530 15 4 45610
143532 15 22 45086
143540 15 20 45605
143544 15 24 45607
143550 15 4 45658
143626 15 14 45716
143636 15 4 45066
143642 15 14 45412
143654 15 14 46068
143656 15 0 45088
143662 15 10 45611
143668 15 22 45614
143670 15 24 45615
143672 15 4 45666
143746 15 24 45327
143758 15 20 45141
143760 15 22 45270
143766 15 10 45531
143778 15 10 45619
143782 15 24 45727
143792 15 2 45929
143794 15 4 45930
143796 15 14 45932
143876 15 24 45623
143934 15 4 45090
143936 15 10 45091
143948 15 14 45676
144004 15 20 45277
144006 15 4 45402
144008 15 14 45404
144010 15 20 45405
144012 15 14 45628
144014 15 20 45629
144016 15 22 45630
144018 15 24 45631
144020 15 22 45806
144022 15 0 45880
144026 15 4 46058
144086 15 2 45097
144094 15 14 45380
144102 15 4 45306
144104 15 2 45633
144108 15 24 45119
144110 15 2 45209
144114 15 4 45634
144118 15 0 45104
144120 15 22 45350
144122 15 24 45471
144126 15 14 45284
144128 15 22 45286
144176 15 4 45538
144178 15 10 45539
144182 15 4 45738
144184 15 10 45739
144188 15 14 45212
144190 15 24 45239
144192 15 22 45310
144194 15 24 45311
144196 15 24 45639
144198 15 0 45640
144200 15 2 45641
144202 15 4 45642
144204 15 10 45643
144208 15 22 45238
144216 15 2 45313
144282 15 10 45131
144284 15 14 45132
144286 15 0 45240
144288 15 2 45241
144290 15 4 45242
144292 15 4 45314
144294 15 14 45340
144296 15 14 45644
144298 15 20 45645
144314 15 22 45502
144320 15 4 45506
144326 15 24 45647
144330 15 2 45649
144332 15 10 45659
144334 15 14 45660
144336 15 20 45661
144338 15 22 45662
144346 15 2 45913
144348 15 4 45914
144350 15 10 45915
144352 15 14 45916
144354 15 20 45917
144356 15 22 45918
144358 15 24 45919
144360 15 0 45928
144362 15 24 46015
144364 15 0 46016
144366 15 2 46017
144368 15 4 46018
144370 15 10 46019
144372 15 14 46020
144458 15 0 45200
144460 15 2 45201
144462 15 20 45389
144464 15 22 45390
144466 15 20 45397
144468 15 22 45398
144470 15 24 45447
144472 15 4 45650
144474 15 10 45675
144476 15 24 45959
144478 15 2 45961
144480 15 4 45962
144482 15 14 45204
144484 15 22 45206
144486 15 2 45393
144488 15 14 45396
144490 15 24 45399
144492 15 0 45400
144494 15 0 45448
144496 15 10 45651
144498 15 20 45677
144500 15 10 45963
144502 15 20 45965
144504 15 22 45966
144514 15 14 45652
144518 15 20 45133
144524 15 24 45351
144526 15 20 45653
144528 15 22 45654
144530 15 24 45655
144532 15 0 45656
144534 15 14 45708
144536 15 22 45710
144538 15 24 45711
144540 15 2 45809
144542 15 4 45810
144544 15 14 45884
144546 15 0 45968
144548 15 2 45969
144550 15 4 45970
144628 15 2 45129
144636 15 0 45544
144652 15 0 45176
144656 15 22 45198
144672 15 10 45723
144680 15 0 45504
144702 15 0 45664
144936 15 14 45180
144956 15 14 45724
144960 15 10 45099
144968 15 14 45668
144974 15 20 45669
144976 15 22 45142
144980 15 22 45214
144986 15 22 45670
144988 15 24 45671
144990 15 0 45672
144992 15 2 45673
144994 15 10 45771
144996 15 24 45927
145054 15 10 45443
145056 15 14 45444
145060 15 4 45674
145066 15 4 45202
145072 15 0 45392
145084 15 0 45912
145086 15 20 45933
145092 15 14 45092
145100 15 4 45418
145106 15 2 46073
145108 15 14 46076
145112 15 20 45205
145118 15 4 45394
145132 15 0 45920
145134 15 22 45934
145138 15 14 45076
145144 15 14 45220
145148 15 22 45342
145166 15 14 45764
145174 15 22 45118
145186 15 20 45837
145188 15 0 45840
145190 15 4 45858
145194 15 24 46055
145198 15 4 45178
145202 15 2 45185
145204 15 0 45680
145206 15 2 45681
145208 15 4 45682
145210 15 10 45683
145212 15 14 45692
145266 15 22 45182
145268 15 24 45183
145270 15 10 45187
145272 15 24 45439
145274 15 2 45441
145276 15 4 45442
145278 15 14 45684
145280 15 20 45685
145284 15 0 46024
145286 15 2 46025
145288 15 0 46040
145290 15 4 46042
145298 15 2 45233
145300 15 10 45235
145302 15 22 45246
145312 15 0 45712
145316 15 2 46041
145324 15 0 45184
145328 15 22 45686
145330 15 24 45687
145332 15 0 45688
145334 15 2 45689
145336 15 20 45693
145404 15 4 45186
145406 15 14 45188
145408 15 10 45451
145410 15 14 45452
145412 15 22 45454
145414 15 4 45690
145416 15 10 45691
145418 15 4 46026
145420 15 10 46027
145422 15 20 46029
145424 15 2 46049
145432 15 24 45247
145434 15 2 45249
145436 15 4 45250
145446 15 0 45720
145476 15 24 45071
145478 15 4 45074
145480 15 14 45100
145482 15 20 45101
145484 15 0 45216
145486 15 4 45218
145488 15 10 45219
145490 15 22 45694
145492 15 24 45695
145494 15 0 45696
145496 15 2 45697
145498 15 22 45702
145500 15 14 45740
145502 15 24 45943
145504 15 0 45944
145506 15 4 45946
145508 15 10 45987
145510 15 14 45988
145512 15 20 45989
145514 15 22 45990
145606 15 20 45213
145612 15 2 45353
145614 15 4 45354
145618 15 20 45373
145620 15 24 45375
145624 15 4 45698
145626 15 10 45699
145628 15 14 45700
145630 15 20 45701
145632 15 2 45737
145634 15 20 45765
145730 15 14 45228
145732 15 20 45229
145734 15 14 45468
145736 15 24 45703
145738 15 0 45704
145740 15 2 45705
145742 15 4 45706
145744 15 4 45714
145746 15 10 45779
145748 15 20 45781
145752 15 0 46032
145754 15 4 46034
145828 15 14 45428
145832 15 20 45477
145834 15 22 45478
145846 15 4 46002
145848 15 10 46003
145850 15 14 46004
145854 15 22 45134
145866 15 20 45709
145880 15 10 45971
145958 15 4 45234
145966 15 0 45440
145976 15 20 46005
145978 15 22 46030
145988 15 10 45355
145992 15 22 45374
145998 15 2 45713
146016 15 10 45395
146020 15 10 45715
146022 15 14 45996
146024 15 20 45997
146026 15 22 45998
146028 15 24 45999
146030 15 14 45252
146032 15 24 45255
146034 15 2 45401
146052 15 24 45719
146054 15 2 45905
146128 15 10 45251
146134 15 20 45453
146140 15 4 45058
146142 15 0 45256
146144 15 4 45258
146146 15 10 45259
146148 15 0 45264
146150 15 14 45268
146152 15 20 45469
146154 15 2 45721
146156 15 22 45886
146158 15 0 45888
146160 15 22 46054
146162 15 10 45059
146164 15 14 45060
146166 15 14 45260
146168 15 20 45261
146170 15 22 45262
146172 15 2 45265
146174 15 20 45269
146176 15 22 45470
146178 15 4 45722
146180 15 4 45890
146182 15 20 45893
146184 15 0 46056
146192 15 4 45210
146198 15 2 45545
146210 15 10 45211
146214 15 10 45547
146222 15 2 45153
146224 15 14 45156
146228 15 2 45457
146230 15 20 45725
146232 15 14 45124
146242 15 4 45594
146274 15 14 45932
146276 15 2 45057
146278 15 24 45271
146280 15 22 45278
146282 15 4 45290
146284 15 10 45291
146286 15 0 45472
146288 15 0 45480
146290 15 0 45728
146292 15 4 45730
146296 15 0 45960
146298 15 22 46070
146302 15 20 45061
146304 15 14 45276
146306 15 24 45279
146308 15 22 45294
146310 15 24 45295
146312 15 2 45473
146314 15 2 45481
146316 15 2 45729
146318 15 10 45731
146322 15 14 45964
146324 15 24 46071
146334 15 4 45298
146352 15 10 45299
146362 15 14 45292
146364 15 20 45293
146368 15 20 45493
146370 15 24 45495
146372 15 0 45496
146374 15 14 45732
146376 15 22 45734
146380 15 0 45296
146382 15 2 45297
146386 15 2 45497
146388 15 4 45498
146390 15 10 45499
146392 15 20 45733
146394 15 24 45735
146424 15 10 45315
146426 15 14 45316
146428 15 22 45318
146430 15 22 45486
146432 15 24 45487
146434 15 2 45489
146436 15 0 45736
146438 15 4 45922
146440 15 10 45923
146442 15 20 45925
146466 15 2 45329
146468 15 4 45330
146470 15 14 45332
146480 15 2 45841
146484 15 14 45324
146488 15 10 45539
146494 15 2 45881
146516 15 24 45087
146518 15 4 45098
146520 15 14 45300
146522 15 22 45302
146524 15 24 45303
146526 15 20 45741
146528 15 22 45742
146530 15 24 45743
146532 15 0 45744
146534 15 4 45778
146536 15 20 45877
146538 15 10 45907
146540 15 14 45908
146542 15 22 45910
146546 15 10 45931
146548 15 20 45941
146616 15 20 45509
146622 15 10 45515
146624 15 2 45569
146626 15 14 45572
146628 15 2 45745
146630 15 4 45746
146634 15 14 45748
146636 15 20 45749
146638 15 4 45866
146640 15 10 45867
146642 15 24 45135
146644 15 10 45139
146654 15 24 45559
146658 15 4 45570
146672 15 24 45751
146678 15 14 45084
146688 15 14 45516
146704 15 0 45808
146710 15 24 45951
146712 15 0 45952
146714 15 2 45953
146716 15 4 45954
146722 15 10 45323
146734 15 10 45571
146746 15 22 45750
146762 15 20 46053
146856 15 24 45063
146860 15 14 45148
146862 15 20 45149
146864 15 0 45152
146868 15 4 45426
146870 15 10 45427
146872 15 20 45573
146878 15 4 45578
146880 15 10 45579
146888 15 4 45754
146892 15 14 45756
146896 15 22 45758
146898 15 24 45759
146900 15 4 45762
146904 15 10 45811
146908 15 14 45868
146910 15 20 45869
146912 15 10 45947
146914 15 14 45948
146916 15 20 45949
146918 15 22 45950
146920 15 14 46052
146922 15 0 46064
146924 15 2 46065
146926 15 4 46066
146928 15 10 46067
147074 15 24 45575
147094 15 0 45760
147204 15 24 45151
147208 15 20 45317
147212 15 20 45429
147214 15 2 45761
147334 15 14 45108
147336 15 20 45109
147338 15 20 45325
147340 15 22 45326
147348 15 10 45523
147350 15 0 45616
147352 15 24 45767
147354 15 0 45768
147364 15 20 45333
147368 15 14 45436
147380 15 22 45254
147386 15 4 45370
147388 15 10 45371
147390 15 2 45769
147392 15 22 45862
147394 15 24 45863
147396 15 0 45864
147398 15 24 45967
147400 15 20 45157
147402 15 0 45304
147404 15 14 45564
147406 15 22 45566
147408 15 24 45567
147410 15 4 45770
147412 15 0 45776
147422 15 10 45771
147424 15 22 45502
147426 15 22 45646
147428 15 24 45647
147450 15 14 45916
147462 15 4 45506
147468 15 0 45648
147492 15 0 46016
147494 15 20 46021
147498 15 2 45273
147500 15 10 45275
147502 15 20 45341
147504 15 2 45585
147506 15 10 45587
147508 15 14 45588
147510 15 22 45774
147512 15 24 45775
147514 15 4 45826
147516 15 14 45828
147518 15 0 45872
147520 15 24 45983
147522 15 0 45984
147524 15 2 45985
147532 15 0 45280
147534 15 2 45281
147536 15 4 45282
147546 15 2 45785
147554 15 22 45878
147566 15 0 45064
147568 15 0 45288
147572 15 24 45511
147574 15 0 45512
147576 15 10 45555
147578 15 20 45557
147580 15 22 45558
147582 15 2 45777
147584 15 0 45800
147602 15 4 45410
147604 15 10 45411
147606 15 14 45412
147608 15 10 45443
147610 15 22 45446
147616 15 10 45779
147618 15 14 45780
147622 15 22 45782
147624 15 2 45873
147626 15 0 45936
147628 15 24 46031
147630 15 2 46033
147700 15 2 45289
147702 15 4 45386
147704 15 14 45532
147706 15 20 45533
147708 15 24 45535
147710 15 24 45783
147712 15 4 45874
147718 15 14 45284
147720 15 20 45285
147722 15 22 45286
147724 15 24 45367
147726 15 22 45518
147728 15 24 45519
147730 15 2 45521
147732 15 14 45636
147736 15 24 45831
147738 15 4 45834
147740 15 24 45879
147742 15 10 45899
147756 15 20 45637
147770 15 2 45529
147772 15 4 45530
147776 15 14 45556
147782 15 4 45786
147784 15 10 45787
147786 15 14 45860
147788 15 0 45904
147790 15 10 46035
147792 15 14 46036
147794 15 20 46037
147796 15 22 46038
147822 15 22 45534
147828 15 20 45565
147830 15 20 45621
147832 15 22 45622
147834 15 14 45788
147836 15 20 45789
147838 15 22 45790
147840 15 24 45791
147842 15 20 45861
147844 15 22 45926
147846 15 24 46039
147918 15 24 45191
147920 15 0 45200
147922 15 4 45202
147924 15 20 45381
147928 15 24 45391
147930 15 0 45392
147932 15 4 45458
147934 15 14 45460
147936 15 4 45466
147940 15 0 45520
147942 15 0 45584
147948 15 0 45792
147950 15 2 45793
147952 15 4 45794
147954 15 10 45795
147956 15 20 45853
147958 15 0 45856
147960 15 24 45911
147964 15 20 45933
147966 15 0 45976
147968 15 20 45981
147970 15 24 45991
147972 15 0 46000
147974 15 22 46006
147976 15 24 46007
147978 15 2 46009
148080 15 0 45192
148082 15 14 45204
148084 15 20 45205
148086 15 24 45383
148088 15 2 45393
148090 15 4 45394
148092 15 10 45395
148094 15 22 45462
148096 15 24 45463
148098 15 10 45467
148102 15 4 45586
148108 15 20 45677
148110 15 14 45796
148112 15 20 45797
148114 15 22 45798
148118 15 0 45920
148120 15 2 45921
148124 15 4 45978
148126 15 22 45982
148138 15 2 46001
148140 15 4 46010
148256 15 14 45308
148258 15 20 45357
148260 15 24 45359
148262 15 2 45417
148264 15 2 45801
148266 15 20 45813
148268 15 22 45814
148270 15 2 45857
148272 15 10 45955
148274 15 2 45153
148276 15 10 45155
148278 15 24 45223
148280 15 4 45226
148282 15 20 45365
148286 15 22 45550
148288 15 4 45802
148290 15 10 45803
148292 15 14 45804
148294 15 20 45805
148296 15 10 45875
148298 15 14 45876
148362 15 20 45277
148364 15 4 45402
148366 15 14 45404
148368 15 20 45405
148370 15 14 45628
148374 15 22 45630
148376 15 22 45806
148378 15 0 45880
148380 15 20 45309
148382 15 2 45361
148384 15 4 45362
148386 15 14 45420
148388 15 24 45807
148390 15 4 45818
148392 15 20 45821
148394 15 10 45859
148396 15 20 45957
148400 15 0 45128
148402 15 24 45415
148420 15 10 45131
148422 15 20 45133
148424 15 14 45340
148426 15 22 45350
148432 15 24 45655
148434 15 2 45809
148436 15 4 45810
148450 15 20 45149
148518 15 22 45086
148520 15 24 45167
148524 15 24 45231
148530 15 0 45360
148532 15 22 45398
148534 15 22 45406
148536 15 24 45407
148544 15 24 45815
148546 15 0 45816
148548 15 24 45847
148552 15 4 45882
148644 15 24 45727
148650 15 0 45088
148652 15 22 45190
148656 15 0 45232
148662 15 14 45364
148664 15 0 45400
148666 15 0 45408
148668 15 2 45409
148674 15 10 45819
148676 15 14 45820
148680 15 14 45852
148684 15 10 45883
148762 15 22 45070
148764 15 2 45193
148766 15 10 45307
148768 15 22 45598
148770 15 0 45600
148772 15 2 45601
148774 15 22 45822
148776 15 24 45823
148778 15 0 45824
148780 15 2 45825
148782 15 4 45906
148842 15 2 45089
148844 15 0 45160
148846 15 2 45161
148856 15 14 45380
148858 15 10 45387
148870 15 10 45827
148874 15 20 45829
148876 15 22 45830
148978 15 10 45099
148980 15 20 45165
148982 15 22 45166
148988 15 0 45376
148990 15 4 45378
148992 15 10 45379
148994 15 14 45388
148996 15 4 45418
149008 15 0 45832
149010 15 2 45833
149014 15 14 45836
149016 15 22 45870
149018 15 24 45871
149028 15 22 46062
149032 15 14 46076
149124 15 4 45346
149126 15 10 45347
149128 15 20 45349
149130 15 22 45486
149132 15 0 45488
149136 15 10 45835
149140 15 10 45923
149142 15 0 45992
149144 15 2 45993
149166 15 14 45116
149168 15 22 45118
149170 15 22 45222
149172 15 24 45551
149174 15 0 45552
149176 15 2 45553
149178 15 24 45679
149180 15 20 45837
149182 15 22 45838
149184 15 24 45839
149186 15 0 45840
149188 15 2 45937
149190 15 24 46055
149246 15 0 45112
149248 15 2 45113
149256 15 14 45524
149258 15 2 45537
149266 15 4 45842
149276 15 22 45334
149284 15 14 45540
149290 15 4 45194
149292 15 14 45196
149294 15 14 45244
149296 15 0 45344
149298 15 4 45482
149300 15 10 45483
149302 15 14 45484
149304 15 20 45525
149306 15 10 45843
149308 15 14 45844
149310 15 20 45845
149312 15 22 45846
149314 15 0 45848
149316 15 2 45849
149318 15 20 45885
149434 15 4 45090
149436 15 0 45120
149438 15 2 45337
149440 15 22 45542
149442 15 24 45543
149444 15 2 45545
149446 15 4 45850
149448 15 22 45094
149450 15 4 45122
149452 15 4 45338
149454 15 4 45546
149456 15 10 45547
149458 15 14 45548
149460 15 10 45851
149486 15 24 45447
149492 15 20 45461
149496 15 2 45793
149500 15 22 45854
149502 15 24 45855
149504 15 0 45856
149598 15 20 45117
149600 15 14 45356
149604 15 4 45554
149608 15 4 45858
149632 15 10 45531
149642 15 14 45620
149660 15 0 45624
149678 15 22 45382
149682 15 22 45862
149688 15 2 45865
149750 15 24 45135
149762 15 2 45745
149764 15 4 45746
149774 15 4 45866
149846 15 20 45949
149958 15 10 45419
149962 15 14 45444
149970 15 2 45873
149972 15 0 45936
149974 15 0 45216
149984 15 14 45564
150032 15 24 45087
150042 15 24 45743
150044 15 0 45744
150046 15 20 45877
150050 15 22 45910
150052 15 2 45929
150056 15 20 45941
150114 15 20 45421
150116 15 24 45423
150120 15 10 45539
150122 15 20 45541
150124 15 22 45638
150126 15 10 45739
150130 15 22 45894
150170 15 24 45351
150176 15 0 45656
150178 15 14 45708
150180 15 22 45710
150182 15 24 45711
150184 15 14 45884
150186 15 0 45968
150188 15 2 45969
150190 15 4 45970
150210 15 0 45256
150212 15 10 45259
150220 15 20 45469
150222 15 22 45526
150226 15 22 45886
150228 15 24 45887
150232 15 2 45889
150234 15 24 45959
150236 15 0 45960
150238 15 22 46054
150240 15 20 46061
150310 15 14 45260
150312 15 2 45265
150314 15 14 45276
150320 15 22 45470
150322 15 0 45536
150324 15 4 45722
150326 15 4 45890
150328 15 10 45891
150330 15 14 45892
150332 15 20 45893
150334 15 10 45963
150336 15 14 45964
150338 15 0 46056
150340 15 24 46063
150414 15 22 45422
150430 15 20 45069
150432 15 20 45085
150436 15 4 45474
150438 15 0 45568
150440 15 24 45895
150442 15 0 45896
150444 15 2 45897
150446 15 4 45898
150448 15 2 45977
150530 15 14 45140
150532 15 2 45345
150534 15 24 45431
150536 15 0 45432
150538 15 2 45433
150542 15 14 45436
150544 15 22 45438
150546 15 4 45522
150548 15 2 45561
150550 15 14 45900
150552 15 20 45901
150554 15 22 45902
150556 15 24 45903
150558 15 24 45935
150560 15 10 45939
150562 15 14 45940
150564 15 22 45942
150658 15 24 45255
150660 15 2 45401
150662 15 14 45716
150664 15 22 45718
150666 15 24 45719
150668 15 2 45905
150688 15 20 45245
150698 15 4 45778
150704 15 14 45908
150706 15 20 45909
150770 15 4 45202
150788 15 20 45981
150806 15 10 45675
150828 15 14 45660
150830 15 22 45662
150832 15 14 45772
150836 15 2 45913
150838 15 4 45914
150842 15 14 45916
150844 15 20 45917
150846 15 22 45918
150848 15 24 45919
150852 15 14 46020
150876 15 24 46015
150880 15 2 46017
150882 15 4 46018
150884 15 10 46019
151034 15 2 45393
151036 15 4 45394
151038 15 20 45677
151044 15 0 45920
151046 15 2 45921
151048 15 22 45934
151052 15 2 45985
151064 15 4 45586
151076 15 22 45982
151084 15 10 45315
151086 15 14 45316
151092 15 20 45429
151098 15 0 45736
151106 15 14 45924
151108 15 20 45925
151110 15 0 46064
151204 15 22 45142
151206 15 14 45212
151208 15 22 45214
151210 15 22 45238
151212 15 22 45670
151214 15 0 45672
151216 15 2 45673
151218 15 24 45927
151220 15 22 45502
151224 15 0 45504
151226 15 4 45506
151228 15 10 45507
151232 15 24 45647
151234 15 0 45648
151238 15 20 45661
151240 15 0 45664
151244 15 20 45717
151248 15 0 45928
151250 15 4 45938
151260 15 2 45305
151262 15 10 45339
151266 15 10 45619
151280 15 4 45930
151284 15 14 45932
151366 15 2 45793
151370 15 20 45853
151372 15 0 45856
151394 15 22 45798
151404 15 22 45998
151406 15 24 45999
151440 15 22 45782
151446 15 24 46031
151448 15 2 46033
151452 15 22 45118
151454 15 24 45551
151460 15 24 45679
151476 15 2 45609
151572 15 24 45071
151574 15 4 45074
151576 15 4 45106
151582 15 24 45455
151584 15 0 45456
151586 15 22 45694
151588 15 0 45696
151590 15 22 45702
151592 15 24 45943
151594 15 0 45944
151596 15 2 45945
151600 15 14 45980
151702 15 22 45950
151776 15 24 45135
151884 15 24 45359
151896 15 2 45857
151902 15 4 45162
151906 15 14 45604
151908 15 22 45606
151910 15 0 45608
151912 15 2 45657
151914 15 4 45658
151916 15 14 45956
151928 15 24 45807
151940 15 14 45164
151944 15 10 45611
151946 15 14 45612
151948 15 20 45613
151950 15 4 45666
151952 15 10 45667
151954 15 22 45958
151956 15 2 45121
151960 15 4 45290
151962 15 14 45292
151964 15 14 45308
151968 15 20 45397
151972 15 0 45480
151974 15 4 45650
151976 15 0 45728
151988 15 2 45961
151990 15 4 45962
151996 15 22 46070
152084 15 10 45123
152088 15 22 45294
152090 15 0 45296
152096 15 24 45399
152098 15 0 45448
152100 15 2 45481
152102 15 10 45651
152104 15 2 45729
152116 15 20 45965
152118 15 22 45966
152122 15 24 46063
152124 15 24 46071
152214 15 22 45254
152228 15 24 45967
152232 15 22 45134
152240 15 20 45709
152246 15 0 45968
152250 15 4 45970
152252 15 10 45971
152320 15 14 45124
152322 15 20 45125
152324 15 14 45172
152326 15 20 45173
152328 15 0 45416
152330 15 2 45425
152332 15 10 45475
152334 15 24 45591
152336 15 2 45593
152338 15 10 45627
152340 15 10 45707
152342 15 22 45726
152344 15 14 45972
152346 15 20 45973
152348 15 22 45974
152350 15 24 45975
152352 15 10 45979
152354 15 20 46077
152356 15 22 46078
152438 15 24 45191
152440 15 4 45458
152444 15 4 45466
152450 15 4 45794
152476 15 22 45462
152478 15 24 45463
152488 15 4 45978
152494 15 2 46001
152538 15 14 45636
152560 15 20 45637
152580 15 20 45341
152586 15 20 45501
152592 15 22 45774
152604 15 0 45984
152608 15 4 45986
152692 15 20 45101
152694 15 0 45216
152696 15 10 45219
152700 15 20 45533
152704 15 24 45695
152708 15 14 45740
152710 15 24 45783
152712 15 10 45987
152714 15 14 45988
152716 15 20 45989
152718 15 22 45990
152804 15 22 45854
152812 15 22 45102
152814 15 24 45103
152818 15 10 45347
152820 15 24 45471
152824 15 0 45488
152826 15 4 45562
152830 15 0 45992
152832 15 2 45993
152834 15 4 45994
152836 15 10 45995
152906 15 2 45465
152908 15 10 45715
152920 15 20 45997
153004 15 20 45461
153012 15 24 45855
153042 15 0 45208
153044 15 2 45233
153046 15 4 45234
153048 15 14 45428
153050 15 24 45439
153052 15 0 45440
153054 15 2 45441
153058 15 20 45477
153062 15 0 45712
153064 15 4 46002
153066 15 10 46003
153068 15 14 46004
153070 15 20 46005
153072 15 22 46022
153074 15 2 46025
153076 15 22 46030
153078 15 0 46072
153170 15 22 45406
153176 15 24 45527
153182 15 22 45870
153184 15 24 45871
153198 15 0 46008
153202 15 22 46062
153308 15 10 45163
153312 15 4 45226
153316 15 14 45516
153318 15 22 45582
153320 15 0 45592
153322 15 10 46011
153324 15 14 46012
153326 15 20 46013
153328 15 22 46014
153330 15 10 46051
153396 15 22 45646
153420 15 0 45648
153574 15 14 45180
153576 15 10 45187
153578 15 10 45211
153586 15 14 45476
153590 15 14 45684
153598 15 24 46023
153600 15 0 46024
153684 15 0 45176
153686 15 14 45188
153688 15 4 45210
153690 15 10 45227
153692 15 4 45266
153694 15 10 45451
153696 15 20 45453
153698 15 22 45454
153700 15 14 45468
153702 15 24 45479
153704 15 4 45690
153706 15 4 46026
153708 15 10 46027
153710 15 14 46028
153712 15 20 46029
153714 15 0 46048
153716 15 2 46049
153718 15 4 46050
153824 15 4 45066
153828 15 20 45229
153830 15 22 45366
153836 15 22 45430
153838 15 20 45589
153840 15 4 45610
153842 15 24 45703
153844 15 0 45704
153846 15 4 45706
153850 15 20 45781
153858 15 0 46032
153862 15 4 46034
153864 15 14 46068
153866 15 20 46069
153958 15 2 45529
153964 15 10 45787
153966 15 10 46035
153968 15 14 46036
153970 15 20 46037
153972 15 22 46038
154032 15 14 45564
154044 15 24 46039
154048 15 22 45182
154052 15 22 45246
154056 15 2 45449
154060 15 20 45685
154062 15 22 45686
154064 15 24 45687
154066 15 0 45688
154070 15 0 46040
154072 15 2 46041
154074 15 4 46042
154076 15 10 46043
154144 15 24 45247
154146 15 4 45250
154148 15 4 45450
154150 15 14 46044
154152 15 20 46045
154154 15 22 46046
154156 15 24 46047
154322 15 24 45271
154324 15 20 45469
154326 15 2 45721
154340 15 14 45116
154342 15 22 45118
154344 15 24 45551
154348 15 24 45679
154350 15 20 45837
154352 15 0 45840
154366 15 22 45470
154368 15 4 45722
154382 15 2 45329
154384 15 10 45491
154386 15 14 45492
154388 15 20 45597
154390 15 14 45628
154392 15 20 45629
154394 15 24 45631
154396 15 2 46057
154398 15 4 46058
154400 15 10 46059
154402 15 14 46060
154468 15 24 45887
154518 15 20 45149
154520 15 10 45315
154522 15 10 45427
154530 15 4 45762
154532 15 10 45811
154542 15 2 46065
154544 15 4 46066
154546 15 10 46067
154692 15 22 45966
154714 15 4 45090
154716 15 14 45092
154718 15 22 45166
154720 15 14 45324
154726 15 0 45384
154728 15 4 45418
154730 15 14 45676
154734 15 0 45832
154742 15 4 46074
154744 15 10 46075
154746 15 14 46076
154812 15 10 45083
154814 15 2 45369
154818 15 22 45590
154824 15 4 45626
154836 15 24 46079
154880 15 24 47199
154882 15 14 47404
154884 15 10 47131
154886 15 0 47264
154888 15 24 47447
154890 15 0 47168
154892 15 2 47169
154894 15 10 47107
154896 15 24 47247
154898 15 10 47163
154900 15 4 47434
154902 15 10 47435
154904 15 14 47436
154906 15 20 47437
154908 15 14 47452
154910 15 4 47122
154912 15 14 47132
154914 15 20 47133
154916 15 20 47125
154918 15 22 47134
154920 15 24 47135
154922 15 10 47195
154924 15 14 47196
154926 15 20 47197
154928 15 22 47198
154930 15 20 47213
154932 15 22 47318
154934 15 24 47319
154936 15 0 47408
154938 15 20 47189
154940 15 22 47190
154942 15 20 47157
154944 15 22 47214
154946 15 2 47305
154948 15 14 47324
154950 15 2 47105
154952 15 4 47106
154954 15 10 47203
154956 15 24 47207
154958 15 4 47418
154960 15 22 47422
154962 15 22 47206
154964 15 0 47208
154966 15 10 47419
154968 15 24 47423
154970 15 0 47136
154972 15 14 47284
154974 15 4 47266
154976 15 4 47314
154978 15 2 47417
154980 15 4 47130
154982 15 10 47243
154984 15 14 47244
154986 15 20 47245
154988 15 22 47246
154992 15 10 47363
154994 15 4 47386
154996 15 22 47446
154998 15 0 47448
155000 15 24 47143
155002 15 20 47277
155004 15 0 47144
155006 15 22 47278
155008 15 22 47142
155010 15 14 47276
155012 15 4 47338
155014 15 0 47368
155016 15 2 47113
155018 15 4 47114
155020 15 10 47115
155022 15 14 47116
155024 15 2 47121
155028 15 10 47171
155030 15 10 47347
155032 15 22 47366
155034 15 20 47117
155036 15 22 47118
155038 15 24 47119
155040 15 0 47120
155042 15 14 47124
155046 15 14 47172
155048 15 14 47348
155050 15 24 47367
155052 15 14 47156
155054 15 22 47126
155056 15 24 47127
155058 15 0 47128
155060 15 2 47129
155062 15 4 47258
155064 15 4 47346
155066 15 0 47152
155068 15 2 47153
155070 15 4 47154
155072 15 10 47155
155074 15 20 47285
155076 15 2 47345
155078 15 22 47158
155080 15 24 47159
155082 15 0 47160
155084 15 2 47161
155086 15 2 47257
155090 15 10 47323
155092 15 2 47449
155094 15 4 47450
155096 15 24 47175
155098 15 0 47176
155100 15 2 47177
155102 15 4 47178
155104 15 24 47375
155106 15 0 47376
155108 15 14 47396
155110 15 10 47475
155112 15 14 47476
155114 15 20 47477
155116 15 22 47478
155118 15 4 47506
155120 15 10 47507
155122 15 24 47191
155124 15 0 47192
155126 15 2 47193
155128 15 4 47194
155130 15 22 47382
155132 15 24 47383
155134 15 22 47398
155136 15 10 47179
155138 15 14 47180
155140 15 20 47181
155142 15 22 47182
155144 15 10 47187
155146 15 24 47183
155148 15 0 47184
155150 15 2 47185
155152 15 4 47186
155154 15 14 47188
155156 15 4 47162
155158 15 4 47170
155160 15 2 47209
155162 15 4 47210
155164 15 10 47211
155166 15 14 47212
155168 15 0 47320
155170 15 2 47321
155172 15 14 47388
155174 15 14 47236
155176 15 22 47238
155178 15 10 47259
155180 15 14 47220
155182 15 20 47221
155184 15 22 47222
155186 15 24 47223
155188 15 0 47424
155190 15 4 47426
155192 15 0 47224
155194 15 2 47225
155196 15 4 47226
155198 15 10 47227
155200 15 2 47425
155202 15 10 47427
155204 15 24 47279
155206 15 0 47280
155208 15 2 47281
155210 15 4 47282
155212 15 4 47370
155214 15 14 47412
155216 15 20 47413
155218 15 22 47414
155220 15 24 47415
155222 15 10 47675
155224 15 14 47676
155226 15 20 47677
155228 15 22 47678
155230 15 22 47766
155232 15 4 47826
155234 15 10 47827
155236 15 14 47828
155238 15 20 47829
155240 15 14 47260
155242 15 20 47261
155244 15 22 47262
155246 15 24 47263
155248 15 10 47315
155250 15 24 47343
155252 15 2 47473
155256 15 14 47204
155258 15 20 47109
155260 15 22 47110
155262 15 24 47111
155264 15 0 47112
155266 15 20 47205
155268 15 4 47322
155270 15 2 47433
155286 15 2 47601
155288 15 4 47602
155290 15 10 47603
155292 15 14 47604
155294 15 24 47615
155296 15 0 47616
155298 15 2 47617
155300 15 2 47769
155302 15 4 47770
155304 15 10 47771
155306 15 14 47772
155308 15 22 47774
155310 15 20 47893
155312 15 0 48064
155314 15 2 47297
155316 15 4 47298
155318 15 10 47299
155320 15 14 47300
155322 15 4 47354
155324 15 10 47355
155326 15 4 47410
155328 15 20 47301
155330 15 22 47302
155332 15 24 47303
155334 15 0 47304
155336 15 14 47356
155338 15 20 47357
155340 15 10 47411
155342 15 10 47267
155344 15 14 47268
155346 15 20 47269
155348 15 22 47270
155350 15 2 47353
155352 15 24 47463
155354 15 0 47464
155356 15 2 47465
155358 15 4 47466
155360 15 20 47613
155362 15 22 47694
155366 15 20 47237
155368 15 20 47365
155370 15 0 47104
155372 15 10 47283
155374 15 2 47369
155376 15 2 47457
155378 15 22 47310
155380 15 24 47311
155382 15 0 47312
155384 15 2 47313
155386 15 20 47325
155388 15 10 47459
155390 15 14 47460
155392 15 10 47467
155394 15 4 47202
155396 15 4 47306
155398 15 10 47307
155400 15 14 47308
155402 15 20 47309
155404 15 20 47317
155406 15 0 47336
155408 15 2 47337
155410 15 0 47432
155412 15 2 47137
155414 15 4 47138
155416 15 10 47139
155418 15 14 47140
155420 15 0 47440
155422 15 22 47326
155424 15 24 47327
155426 15 0 47328
155428 15 2 47329
155430 15 4 47330
155432 15 10 47331
155434 15 14 47332
155436 15 20 47333
155438 15 22 47334
155440 15 24 47335
155442 15 0 47216
155444 15 2 47217
155446 15 4 47218
155448 15 10 47219
155450 15 0 47256
155452 15 24 47439
155454 15 20 47349
155456 15 22 47350
155458 15 24 47351
155460 15 0 47352
155462 15 14 47468
155464 15 14 47572
155466 15 14 47164
155468 15 20 47165
155470 15 22 47166
155472 15 24 47167
155474 15 14 47228
155476 15 20 47229
155478 15 22 47230
155480 15 24 47231
155482 15 22 47406
155484 15 24 47407
155502 15 20 47445
155514 15 22 47870
155516 15 24 47871
155518 15 0 47872
155520 15 2 47873
155522 15 0 47200
155524 15 22 47358
155526 15 24 47359
155528 15 0 47360
155530 15 2 47361
155532 15 14 47420
155538 15 10 47371
155540 15 14 47372
155542 15 20 47373
155544 15 22 47374
155546 15 20 47381
155548 15 2 47377
155550 15 4 47378
155552 15 10 47379
155554 15 14 47380
155556 15 0 47384
155558 15 0 47232
155560 15 2 47233
155562 15 4 47234
155564 15 10 47235
155566 15 2 47265
155568 15 0 47344
155570 15 10 47147
155572 15 14 47148
155574 15 20 47149
155576 15 22 47150
155578 15 20 47141
155590 15 10 47451
155596 15 24 47399
155598 15 0 47400
155600 15 2 47401
155602 15 4 47402
155604 15 20 47421
155606 15 14 47508
155608 15 20 47509
155610 15 22 47510
155612 15 24 47511
155614 15 2 47649
155630 15 24 47807
155632 15 0 47808
155634 15 2 47809
155636 15 4 47810
155638 15 14 47812
155646 15 4 47474
155670 15 4 47490
155672 15 10 47491
155674 15 14 47492
155676 15 20 47493
155678 15 4 47618
155680 15 10 47619
155682 15 24 47631
155684 15 20 47693
155706 15 24 47495
155708 15 0 47496
155710 15 2 47497
155712 15 4 47498
155714 15 14 47620
155716 15 20 47621
155718 15 0 47632
155720 15 4 47666
155722 15 20 47173
155724 15 24 47239
155726 15 0 47240
155728 15 2 47241
155730 15 4 47242
155732 15 4 47362
155734 15 20 47397
155736 15 20 47461
155746 15 24 47503
155748 15 14 47516
155750 15 20 47517
155752 15 22 47518
155754 15 24 47519
155756 15 14 47548
155758 15 22 47566
155760 15 14 47588
155762 15 10 47651
155772 15 0 47504
155774 15 0 47520
155776 15 2 47521
155778 15 4 47522
155780 15 10 47523
155782 15 24 47551
155784 15 0 47568
155786 15 22 47590
155788 15 14 47652
155798 15 0 47512
155800 15 2 47513
155802 15 4 47514
155804 15 10 47515
155818 15 20 47533
155820 15 22 47534
155822 15 24 47535
155824 15 0 47536
155826 15 2 47537
155828 15 10 47587
155830 15 20 47589
155832 15 2 47897
155834 15 4 47106
155848 15 14 47524
155850 15 20 47525
155852 15 22 47526
155854 15 24 47527
155856 15 0 47528
155858 15 2 47569
155860 15 4 47570
155862 15 4 47578
155864 15 24 47599
155876 15 0 47552
155884 15 10 47387
155886 15 14 47540
155888 15 20 47541
155890 15 22 47542
155892 15 24 47543
155894 15 22 47622
155896 15 20 47661
155918 15 20 47389
155930 15 10 47667
155932 15 10 47699
155934 15 14 47700
155936 15 20 47701
155938 15 22 47702
155940 15 10 47707
155948 15 20 47469
155950 15 22 47470
155952 15 24 47471
155954 15 0 47472
155956 15 4 47586
155958 15 0 47768
155984 15 2 47201
155988 15 10 47403
155990 15 2 47609
155992 15 4 47610
155994 15 10 47611
155996 15 14 47612
155998 15 10 47763
156000 15 2 47865
156002 15 4 47866
156004 15 10 47867
156006 15 14 47868
156008 15 0 48016
156010 15 4 48122
156018 15 20 47605
156020 15 22 47606
156022 15 24 47607
156024 15 0 47608
156026 15 2 47761
156028 15 20 47869
156070 15 10 47595
156072 15 14 47596
156074 15 20 47597
156076 15 22 47598
156078 15 10 47635
156080 15 4 47642
156082 15 10 47643
156084 15 14 47644
156110 15 2 47633
156114 15 24 47903
156116 15 0 47904
156118 15 2 47905
156120 15 4 47906
156122 15 20 48101
156124 15 22 48102
156126 15 24 48103
156128 15 0 48104
156136 15 14 47428
156138 15 20 47429
156140 15 22 47430
156142 15 24 47431
156146 15 4 47458
156148 15 24 47695
156150 15 0 47696
156152 15 2 47697
156154 15 4 47698
156156 15 20 47773
156168 15 4 47146
156174 15 22 47286
156176 15 24 47287
156178 15 0 47288
156180 15 2 47289
156182 15 4 47290
156184 15 10 47291
156186 15 14 47292
156188 15 10 47339
156190 15 14 47340
156192 15 20 47341
156194 15 22 47342
156196 15 24 47391
156198 15 0 47392
156200 15 22 47438
156202 15 22 47494
156204 15 4 47530
156206 15 10 47563
156208 15 0 47576
156258 15 0 47600
156338 15 24 47591
156340 15 0 47592
156342 15 2 47593
156344 15 4 47594
156346 15 22 47614
156348 15 20 47765
156366 15 24 47655
156368 15 0 47656
156372 15 24 47775
156378 15 0 47208
156392 15 2 47657
156394 15 4 47658
156396 15 10 47659
156398 15 14 47660
156402 15 24 47767
156404 15 0 47776
156406 15 20 48021
156408 15 22 48022
156410 15 24 47271
156412 15 0 47272
156414 15 2 47273
156416 15 4 47274
156418 15 22 47582
156420 15 24 47583
156422 15 0 47584
156424 15 2 47585
156430 15 20 47709
156432 15 22 47710
156434 15 24 47711
156436 15 0 47712
156438 15 0 47736
156484 15 2 47737
156486 15 4 47738
156488 15 10 47739
156490 15 14 47740
156492 15 14 47764
156494 15 20 48053
156516 15 10 47531
156518 15 10 47539
156544 15 10 47555
156546 15 14 47556
156548 15 20 47557
156550 15 22 47558
156552 15 10 47571
156554 15 14 47692
156568 15 0 47184
156576 15 22 47390
156588 15 14 47668
156590 15 24 47703
156592 15 0 47704
156594 15 2 47705
156596 15 4 47706
156598 15 14 47708
156630 15 4 47170
156640 15 14 47396
156642 15 14 47724
156644 15 20 47725
156646 15 22 47726
156648 15 24 47727
156650 15 20 47741
156652 15 10 47995
156664 15 14 47276
156688 15 14 47716
156690 15 20 47717
156692 15 22 47718
156694 15 24 47719
156696 15 4 47762
156698 15 20 48117
156704 15 2 47145
156742 15 14 47212
156756 15 0 47728
156758 15 2 47729
156760 15 4 47730
156762 15 10 47731
156766 15 2 47785
156768 15 24 47975
156770 15 24 47991
156774 15 0 47192
156778 15 4 47194
156780 15 10 47195
156782 15 14 47196
156786 15 22 47198
156788 15 20 47213
156792 15 14 47732
156794 15 20 47733
156796 15 22 47734
156798 15 24 47735
156800 15 22 47758
156802 15 24 47759
156804 15 0 47760
156816 15 20 47141
156824 15 22 47318
156828 15 0 47408
156830 15 4 47786
156832 15 10 47787
156834 15 14 47788
156836 15 20 47789
156848 15 10 47899
156850 15 22 47902
156852 15 4 48034
156864 15 20 47453
156866 15 22 47454
156868 15 24 47455
156870 15 0 47456
156878 15 20 47189
156882 15 0 47376
156894 15 2 47713
156896 15 4 47746
156898 15 10 47747
156900 15 14 47748
156902 15 20 47749
156904 15 20 48005
156906 15 22 48006
156910 15 22 47190
156912 15 22 47750
156914 15 24 47751
156916 15 0 47752
156918 15 2 47753
156954 15 22 47246
156964 15 10 47363
156966 15 22 47838
156968 15 24 47839
156970 15 0 47840
156972 15 2 47841
156974 15 22 47886
156976 15 10 47963
156978 15 14 47964
156980 15 20 47965
156982 15 22 47966
157026 15 24 47527
157030 15 20 47813
157032 15 22 47814
157034 15 24 47815
157036 15 0 47816
157038 15 22 47822
157040 15 0 47824
157042 15 4 47946
157044 15 4 48050
157058 15 0 47320
157062 15 0 47336
157072 15 22 47710
157080 15 22 47790
157082 15 24 47791
157084 15 0 47792
157086 15 2 47793
157088 15 14 47900
157090 15 20 47901
157092 15 20 47989
157094 15 20 48045
157096 15 0 61712
157098 15 10 61811
157100 15 22 61926
157102 15 4 62458
157104 15 10 62459
157106 15 20 62461
157108 15 4 61642
157110 15 14 61660
157112 15 4 61666
157114 15 22 61670
157116 15 14 61684
157118 15 0 61928
157120 15 2 61945
157122 15 4 61946
157124 15 2 62137
157126 15 4 62138
157128 15 10 62139
157130 15 20 62149
157132 15 24 62399
157134 15 2 62401
157136 15 4 62402
157138 15 20 62445
157214 15 2 61649
157216 15 10 61675
157218 15 0 61768
157220 15 4 61786
157222 15 24 61927
157224 15 4 62098
157226 15 2 62225
157228 15 14 62228
157230 15 2 62241
157232 15 20 62437
157234 15 24 62439
157236 15 0 62440
157238 15 10 61963
157240 15 14 61964
157242 15 22 61966
157244 15 10 62323
157246 15 14 62324
157248 15 20 62325
157250 15 14 62404
157252 15 20 62405
157254 15 10 61451
157256 15 2 61521
157258 15 22 61526
157260 15 4 61730
157262 15 14 61788
157264 15 0 61832
157266 15 24 61855
157268 15 20 61877
157270 15 4 61938
157272 15 14 62004
157274 15 0 62304
157276 15 2 62305
157278 15 14 62364
157280 15 14 62380
157330 15 2 61497
157332 15 20 61661
157334 15 14 61692
157336 15 24 61711
157338 15 14 62036
157340 15 4 62042
157342 15 4 62194
157380 15 24 61591
157382 15 4 61610
157386 15 20 61669
157388 15 20 61933
157390 15 20 61949
157392 15 20 62005
157394 15 22 62014
157400 15 0 62152
157402 15 10 62179
157404 15 20 62181
157406 15 22 62198
157408 15 22 62222
157410 15 20 62229
157412 15 0 62232
157414 15 0 62240
157416 15 24 62327
157486 15 20 61637
157488 15 2 61681
157490 15 20 61941
157492 15 22 61942
157494 15 24 61943
157496 15 14 62148
157498 15 14 62420
157500 15 20 62421
157502 15 22 62422
157504 15 2 61921
157506 15 14 61924
157508 15 10 62075
157510 15 20 62285
157512 15 22 62286
157514 15 0 62288
157516 15 4 62330
157518 15 10 62331
157520 15 20 62333
157522 15 24 61447
157524 15 20 61525
157526 15 22 61662
157528 15 2 61729
157530 15 10 61787
157532 15 24 61831
157534 15 10 61851
157536 15 10 61875
157538 15 2 61937
157540 15 4 62002
157542 15 14 62300
157544 15 20 62301
157546 15 10 62363
157548 15 10 62379
157598 15 14 61468
157600 15 24 61535
157602 15 4 61578
157604 15 20 61653
157606 15 10 61707
157608 15 20 61869
157610 15 22 61870
157612 15 2 61873
157614 15 10 62035
157616 15 24 62127
157618 15 0 62192
157668 15 20 61893
157670 15 0 61896
157672 15 0 62144
157674 15 20 62381
157676 15 22 62382
157678 15 24 62383
157680 15 2 61897
157682 15 14 61900
157684 15 2 62145
157686 15 2 62385
157688 15 4 62386
157690 15 14 62388
157692 15 14 61548
157694 15 24 61703
157696 15 2 61705
157698 15 22 61710
157700 15 24 62183
157702 15 2 62281
157704 15 4 62282
157706 15 14 62284
157726 15 4 61474
157728 15 14 61492
157730 15 14 61508
157732 15 22 61798
157734 15 4 61842
157736 15 24 61879
157738 15 4 61882
157740 15 24 61967
157742 15 20 62037
157744 15 24 62039
157746 15 24 62055
157748 15 4 62130
157750 15 20 62245
157806 15 22 61510
157808 15 14 61572
157810 15 24 61735
157812 15 22 61782
157814 15 24 61783
157816 15 22 61814
157818 15 24 61815
157820 15 0 62032
157822 15 14 62124
157824 15 14 62132
157826 15 20 62133
157828 15 24 62135
157830 15 24 62167
157832 15 4 62218
157834 15 10 62219
157836 15 14 62220
157838 15 20 62277
157840 15 22 62278
157842 15 20 62309
157844 15 22 62310
157846 15 4 62338
157848 15 10 62339
157850 15 20 62341
157852 15 2 62425
157954 15 0 61792
157958 15 22 62134
157964 15 20 62221
157970 15 14 62340
157972 15 24 61543
157974 15 14 61708
157976 15 14 61716
157978 15 2 61841
157980 15 22 61950
157982 15 14 61956
158014 15 4 61826
158016 15 14 61828
158018 15 24 61951
158020 15 14 62028
158022 15 22 62030
158024 15 10 62083
158026 15 20 62373
158028 15 24 62375
158030 15 0 62376
158038 15 2 61633
158044 15 10 61891
158046 15 0 61936
158050 15 22 62438
158090 15 14 61700
158094 15 2 61985
158096 15 2 61993
158098 15 14 61996
158100 15 2 62001
158104 15 22 62006
158106 15 20 62165
158108 15 0 62200
158112 15 4 62314
158114 15 14 62316
158116 15 2 62321
158178 15 14 61532
158180 15 22 61846
158182 15 10 61859
158186 15 20 61997
158188 15 22 61998
158190 15 2 62009
158192 15 14 62012
158194 15 22 62126
158196 15 10 62163
158200 15 10 62315
158202 15 20 62317
158204 15 4 62322
158206 15 0 62328
158266 15 10 61715
158268 15 2 61977
158270 15 4 61978
158272 15 10 61979
158276 15 4 62162
158280 15 0 62208
158320 15 22 61718
158322 15 20 61981
158324 15 22 61982
158326 15 24 61983
158330 15 14 62164
158334 15 2 62209
158396 15 20 61541
158400 15 4 61546
158408 15 10 62003
158410 15 20 62013
158412 15 0 62048
158414 15 22 62110
158472 15 4 61746
158474 15 10 61747
158476 15 22 62254
158478 15 2 62257
158488 15 14 62332
158504 15 24 61751
158506 15 14 62044
158508 15 22 62046
158510 15 22 62334
158512 15 0 62336
158514 15 2 62337
158516 15 24 62391
158518 15 2 62393
158562 15 20 61493
158566 15 24 61799
158570 15 22 62158
158572 15 2 62161
158574 15 4 62258
158576 15 10 62259
158578 15 14 62260
158580 15 2 62369
158630 15 24 61479
158632 15 20 61701
158636 15 22 61894
158638 15 22 61918
158642 15 22 62246
158644 15 0 62248
158650 15 4 62410
158652 15 22 62414
158654 15 10 62435
158656 15 2 62457
158714 15 10 61483
158716 15 22 61702
158720 15 10 61899
158722 15 24 61919
158726 15 4 62250
158728 15 20 62253
158734 15 24 62415
158736 15 4 62418
158738 15 14 62436
158740 15 24 62463
158826 15 24 61791
158828 15 20 61957
158830 15 22 62054
158836 15 0 62280
158840 15 2 61449
158844 15 0 62024
158846 15 2 62025
158852 15 0 62384
158856 15 14 61452
158860 15 4 62026
158862 15 10 62027
158866 15 10 62387
158870 15 10 61611
158872 15 10 61659
158876 15 24 62159
158880 15 20 62261
158882 15 22 62270
158930 15 10 61827
158936 15 22 62182
158940 15 22 62374
158980 15 24 61743
158984 15 4 61994
158988 15 24 62007
158992 15 20 62029
158994 15 2 62097
158998 15 4 62242
159002 15 10 61803
159004 15 20 61805
159006 15 4 62066
159008 15 14 62068
159010 15 24 62143
159012 15 20 62213
159014 15 22 62214
159016 15 24 62215
159030 15 10 61475
159032 15 14 61476
159036 15 20 61845
159038 15 24 62119
159040 15 22 62262
159042 15 0 62264
159044 15 2 62265
159046 15 0 61752
159048 15 10 61755
159050 15 22 61822
159052 15 24 61935
159054 15 0 62016
159056 15 2 62033
159058 15 4 62122
159060 15 4 62146
159062 15 10 62211
159100 15 10 61763
159102 15 24 61767
159104 15 2 61833
159106 15 10 61939
159108 15 14 62020
159110 15 4 62034
159112 15 10 62123
159114 15 20 62157
159116 15 14 62212
159166 15 2 61609
159168 15 24 62071
159170 15 2 62073
159172 15 10 62091
159174 15 20 62093
159176 15 2 62193
159180 15 24 62335
159184 15 24 62343
159186 15 20 61509
159188 15 14 62084
159190 15 22 62086
159192 15 24 62087
159194 15 20 62365
159196 15 22 62366
159198 15 24 62367
159224 15 20 61973
159226 15 24 61975
159228 15 10 62171
159230 15 20 62173
159232 15 22 62174
159234 15 10 62371
159236 15 2 62441
159238 15 4 62442
159240 15 14 62444
159242 15 20 61989
159244 15 0 61992
159246 15 24 62175
159248 15 0 62176
159250 15 4 62178
159252 15 14 62372
159254 15 4 62426
159256 15 10 62427
159258 15 14 62428
159260 15 22 61542
159264 15 20 61837
159266 15 14 61868
159272 15 10 62403
159284 15 10 61547
159286 15 20 61757
159288 15 20 61925
159290 15 2 62049
159294 15 14 62460
159300 15 22 61550
159306 15 0 61704
159310 15 24 61759
159312 15 20 61781
159314 15 4 62050
159318 15 4 62266
159320 15 14 62268
159322 15 20 62269
159324 15 24 62271
159330 15 2 62297
159398 15 24 61527
159400 15 10 61579
159402 15 22 61582
159404 15 24 61807
159406 15 20 61917
159408 15 0 62040
159410 15 10 62051
159412 15 14 62100
159414 15 2 62153
159416 15 14 62156
159418 15 10 62235
159420 15 10 62243
159422 15 14 62244
159424 15 10 62299
159486 15 24 61615
159492 15 14 61908
159494 15 0 62184
159500 15 24 62311
159502 15 22 61462
159504 15 0 61512
159508 15 14 61812
159510 15 20 61861
159512 15 0 61952
159514 15 4 61954
159516 15 24 62079
159518 15 2 62081
159520 15 20 62197
159522 15 2 62217
159524 15 22 62358
159588 15 10 61539
159590 15 10 62187
159592 15 20 62189
159594 15 22 62190
159598 15 24 62263
159602 15 24 62359
159604 15 0 62360
159634 15 10 61731
159638 15 0 61808
159640 15 24 61887
159642 15 24 62207
159644 15 14 62236
159646 15 20 62237
159648 15 22 62238
159656 15 22 61878
159704 15 22 61886
159706 15 10 62203
159708 15 14 62204
159714 15 0 62216
159716 15 0 62224
159836 15 24 62135
159864 15 4 61818
159866 15 20 61821
159868 15 22 61862
159870 15 24 61863
159872 15 2 62169
159876 15 24 62255
159880 15 2 62361
159882 15 4 62362
159884 15 20 62389
159978 15 24 61583
159980 15 4 61586
159982 15 20 61605
159984 15 14 62076
159992 15 0 61888
159996 15 10 61587
159998 15 14 61588
160000 15 22 61606
160002 15 2 61889
160004 15 20 62077
160016 15 4 61594
160028 15 24 62375
160030 15 4 62378
160046 15 10 61595
160048 15 10 61883
160052 15 22 62246
160054 15 2 62249
160056 15 0 62408
160060 15 10 62411
160062 15 20 62413
160066 15 14 61596
160068 15 14 61884
160074 15 14 62252
160076 15 2 62409
160080 15 0 62416
160082 15 10 62419
160096 15 20 61597
160098 15 24 61599
160102 15 10 61947
160106 15 14 61988
160108 15 0 62128
160110 15 10 62275
160112 15 24 62399
160114 15 0 62400
160116 15 20 62445
160120 15 20 61629
160122 15 20 61677
160124 15 22 61678
160128 15 14 61756
160136 15 20 62141
160138 15 10 62147
160140 15 0 62168
160142 15 10 62195
160206 15 2 61601
160208 15 4 61674
160212 15 20 62021
160214 15 14 62196
160218 15 10 62307
160220 15 20 62397
160224 15 22 61630
160226 15 20 61685
160228 15 4 61690
160232 15 22 61766
160234 15 20 61941
160238 15 2 62129
160240 15 22 62142
160242 15 24 62151
160244 15 4 62170
160320 15 24 61607
160322 15 2 61625
160324 15 14 61628
160326 15 0 61904
160328 15 2 61905
160330 15 0 62088
160332 15 10 62099
160338 15 10 62443
160350 15 14 62412
160358 15 0 61608
160360 15 20 61621
160362 15 22 61622
160364 15 2 62089
160368 15 2 62417
160376 15 20 62429
160396 15 0 61632
160400 15 24 62095
160404 15 14 62108
160408 15 24 61631
160410 15 0 62096
160412 15 0 62104
160414 15 2 62105
160416 15 4 62106
160420 15 0 61768
160422 15 20 61885
160424 15 14 61892
160432 15 24 62423
160434 15 24 62431
160436 15 0 62432
160438 15 2 62433
160464 15 24 61647
160484 15 10 61835
160486 15 20 61901
160492 15 20 62109
160498 15 22 62318
160562 15 0 61648
160576 15 24 62463
160582 15 2 61665
160584 15 0 61672
160590 15 2 62017
160592 15 10 62043
160604 15 22 62302
160606 15 14 62396
160674 15 20 61637
160676 15 24 61639
160678 15 20 61909
160680 15 24 62111
160682 15 0 62112
160686 15 4 62434
160688 15 22 62446
160726 15 2 61641
160730 15 22 61910
160736 15 14 62148
160738 15 22 62150
160740 15 24 62447
160742 15 0 62448
160744 15 2 62449
160748 15 14 61644
160752 15 2 61689
160754 15 2 61913
160756 15 4 61914
160758 15 2 62113
160760 15 10 62131
160762 15 10 62451
160764 15 14 62452
160766 15 20 62453
160834 15 14 61940
160840 15 4 62202
160854 15 10 61675
160858 15 24 61927
160868 15 14 61660
160874 15 2 62121
160876 15 2 62137
160878 15 4 62138
160914 15 2 61497
160916 15 14 61692
160922 15 4 62194
160978 15 14 61516
160982 15 22 61830
160986 15 14 62332
160988 15 22 62390
161026 15 22 61750
161030 15 24 62335
161036 15 2 62393
161038 15 4 62394
161040 15 24 61455
161042 15 2 61561
161044 15 2 61929
161046 15 4 61930
161048 15 14 61972
161050 15 4 62210
161052 15 20 62293
161054 15 22 62294
161056 15 4 62370
161064 15 2 62289
161066 15 4 62290
161068 15 0 62344
161108 15 22 61838
161120 15 24 62319
161138 15 2 61681
161142 15 24 61943
161158 15 14 61684
161162 15 4 61946
161164 15 20 62149
161178 15 0 61688
161228 15 0 61728
161230 15 2 61921
161238 15 22 62166
161240 15 2 62185
161244 15 20 62333
161294 15 20 61949
161300 15 0 62152
161312 15 20 62341
161320 15 4 61794
161324 15 24 62279
161326 15 0 62280
161330 15 14 62340
161336 15 14 61860
161340 15 20 62181
161352 15 24 61799
161360 15 10 62259
161362 15 14 62260
161364 15 2 62369
161374 15 20 62229
161376 15 22 62230
161380 15 4 62314
161408 15 14 61700
161412 15 2 62001
161420 15 2 62321
161424 15 14 61532
161426 15 22 61846
161428 15 10 61859
161430 15 22 62126
161432 15 2 62225
161434 15 10 62315
161436 15 4 62322
161438 15 24 61479
161440 15 2 61969
161446 15 24 62199
161458 15 10 61483
161460 15 10 61971
161462 15 20 61989
161466 15 2 62201
161480 15 14 61964
161484 15 14 62324
161486 15 22 62326
161488 15 14 62404
161490 15 20 62405
161492 15 22 62406
161526 15 14 61772
161548 15 20 61757
161550 15 24 61759
161556 15 14 62268
161558 15 20 62269
161562 15 10 61451
161566 15 22 61526
161620 15 20 61741
161622 15 2 62009
161624 15 24 62015
161626 15 24 62191
161630 15 2 62241
161636 15 22 62438
161638 15 24 62439
161642 15 4 61610
161654 15 24 62327
161666 15 24 61447
161670 15 20 61701
161672 15 2 61729
161676 15 0 61968
161680 15 20 62381
161682 15 22 62382
161732 15 4 61730
161736 15 4 61970
161738 15 14 62004
161740 15 2 62385
161742 15 4 62386
161744 15 10 62387
161806 15 22 62286
161816 15 20 61525
161820 15 2 61937
161822 15 20 61981
161824 15 24 61983
161828 15 0 62024
161872 15 2 61769
161876 15 10 62227
161878 15 14 62228
161882 15 20 62421
161886 15 20 61653
161888 15 4 61658
161892 15 14 62204
161894 15 20 62205
161898 15 0 62216
161940 15 4 61602
161944 15 0 61848
161948 15 22 61942
161956 15 14 62276
162022 15 20 61669
162038 15 4 61786
162056 15 14 62132
162058 15 20 62133
162076 15 4 61722
162078 15 4 61762
162088 15 24 62407
162128 15 0 61512
162130 15 20 61813
162132 15 24 62079
162140 15 4 62234
162146 15 10 62347
162196 15 20 61933
162202 15 22 62198
162206 15 4 61522
162214 15 22 61934
162222 15 2 62305
162344 15 22 61814
162352 15 14 62044
162358 15 2 62073
162362 15 2 62193
162368 15 24 62343
162370 15 20 62357
162440 15 4 61842
162442 15 24 61879
162444 15 4 61882
162448 15 20 62245
162452 15 14 61780
162456 15 10 62283
162458 15 14 62284
162462 15 0 62368
162466 15 10 61611
162468 15 14 61612
162474 15 22 62078
162478 15 0 62160
162480 15 2 62233
162486 15 22 62430
162544 15 24 61823
162548 15 4 61906
162554 15 2 62313
162614 15 20 62197
162616 15 22 62358
162652 15 4 61850
162656 15 20 62101
162658 15 20 62293
162662 15 0 62296
162664 15 24 62455
162726 15 4 62362
162834 15 22 62006
162846 15 22 61998
162850 15 14 62012
162854 15 20 62317
162866 15 10 61891
162928 15 22 61742
162978 15 24 62263
163006 15 10 61811
163008 15 0 61840
163014 15 2 62041
163016 15 0 62064
163026 15 2 62329
163028 15 0 62424
163030 15 4 62458
163034 15 14 62460
163102 15 0 61832
163106 15 20 61877
163112 15 14 62364
163114 15 14 62380
163130 15 20 61973
163162 15 22 61670
163218 15 24 61831
163230 15 10 62379
163238 15 20 62173
163240 15 10 62371
163274 15 14 61892
163284 15 2 62433
163288 15 20 61621
163312 15 24 62391
163346 15 20 62125
163416 15 20 61909
163418 15 24 61911
163422 15 2 62449
163424 15 4 62450
163458 15 4 61914
163464 15 20 62453
163472 15 4 62138
163508 15 2 61841
163518 15 4 62242
163520 15 4 62298
163564 15 22 61774
163566 15 24 61775
163568 15 4 62066
163570 15 20 62069
163572 15 24 62223
163624 15 22 61966
163628 15 20 62325
163638 15 20 61893
163640 15 22 61894
163648 15 10 62435
163650 15 2 62457
163652 15 2 61897
163654 15 10 61899
163658 15 20 62253
163688 15 22 61918
163702 15 24 61919
163714 15 14 61468
163718 15 20 61869
163720 15 22 61870
163722 15 24 62127
163728 15 10 62355
163772 15 4 62194
163794 15 24 61543
163796 15 14 61708
163800 15 24 61951
163806 15 0 62048
163874 15 20 62389
163932 15 24 61703
163934 15 0 61920
163938 15 2 62297
163974 15 22 61854
163982 15 22 62062
163988 15 0 62272
163994 15 22 62342
164002 15 0 62456
164082 15 4 61858
164084 15 10 61939
164090 15 2 62065
164096 15 2 62273
164102 15 2 62345
164108 15 20 62397
164110 15 22 62462
164212 15 10 62195
164236 15 4 62170
164238 15 14 62196
164290 15 10 61803
164294 15 24 62143
164298 15 14 62308
164336 15 24 61959
164338 15 4 61962
164340 15 14 62084
164342 15 24 62087
164344 15 4 62274
164408 15 20 61941
164420 15 10 61475
164426 15 24 62119
164432 15 2 62265
164434 15 0 62320
164486 15 4 61938
164492 15 24 62183
164508 15 20 61525
164512 15 2 61937
164514 15 10 61579
164536 15 2 62049
164538 15 4 62050
164606 15 10 61611
164614 15 20 62357
164656 15 4 61978
164678 15 20 62165
164704 15 10 62051
164740 15 24 62311
164772 15 14 61572
164774 15 22 61782
164782 15 2 62377
164820 15 24 61535
164824 15 2 61737
164826 15 22 62070
164828 15 0 62120
164834 15 14 62356
164836 15 10 62395
164910 15 2 61497
164914 15 10 61731
164916 15 22 62038
164918 15 4 62042
164920 15 0 62056
164922 15 4 62114
164924 15 14 62116
164928 15 22 62238
164930 15 20 62349
164932 15 22 62398
165060 15 2 61625
165062 15 0 61888
165064 15 0 62088
165108 15 2 61889
165110 15 2 62089
165112 15 0 62096
165218 15 22 62190
165276 15 4 62346
165358 15 10 62003
165360 15 22 62110
165402 15 14 62348
165406 15 22 62350
165408 15 24 62351
165446 15 0 61696
165452 15 4 62058
165454 15 10 62059
165456 15 22 62118
165460 15 2 62353
165462 15 4 62354
165534 15 20 61677
165536 15 2 61945
165538 15 10 62131
165638 15 4 61722
165686 15 4 62258
165728 15 14 61492
165730 15 22 61798
165732 15 24 62039
165892 15 2 62201
166026 15 2 61561
166086 15 4 62130
166118 15 24 62215
166154 15 4 62202
166202 15 24 62207
166454 15 0 62224
166496 15 24 61583
166498 15 14 62076
166502 15 0 62408
166534 15 20 62077
166538 15 2 62409
166692 15 0 61768
166694 15 4 62098
166786 15 24 62271
166884 15 2 62097
166894 15 4 62378
166954 15 10 62443
167004 15 2 62129
167058 15 2 62105
167126 15 0 62112
167194 15 2 62113
167278 15 2 62137
167282 15 20 62229
167396 15 2 62305
167426 15 14 62148
167478 15 20 61685
167482 15 24 62151
167570 15 22 62126
167574 15 10 62315
167678 15 24 62343
168344 15 10 62379
168378 15 0 62464
168380 15 10 62859
168382 15 14 62860
168384 15 22 62862
168386 15 14 62964
168388 15 20 63357
168390 15 24 63359
168392 15 4 63442
168394 15 2 62465
168396 15 4 62466
168398 15 10 62467
168400 15 14 62468
168402 15 20 62469
168404 15 22 62686
168406 15 0 62688
168408 15 2 62689
168410 15 22 62694
168412 15 14 62708
168414 15 10 62867
168416 15 4 62898
168418 15 22 62910
168420 15 2 63105
168422 15 4 63106
168424 15 14 63108
168426 15 4 63314
168428 15 14 63316
168430 15 20 63317
168432 15 22 63326
168434 15 4 63338
168436 15 2 63425
168522 15 22 62470
168524 15 20 62685
168526 15 20 62765
168528 15 4 63258
168530 15 10 63259
168532 15 14 63260
168534 15 20 63261
168536 15 24 63431
168538 15 0 63432
168540 15 2 63433
168542 15 4 63434
168544 15 24 62471
168546 15 0 62536
168548 15 4 62538
168550 15 0 62608
168552 15 2 62729
168554 15 0 62864
168556 15 24 62911
168558 15 0 62472
168560 15 2 62473
168562 15 4 62474
168564 15 10 62475
168566 15 22 62534
168568 15 20 62573
168570 15 4 62586
168572 15 22 62734
168574 15 24 62735
168576 15 0 62736
168578 15 2 62745
168580 15 10 62747
168582 15 14 62748
168584 15 0 62776
168586 15 4 62778
168588 15 24 62847
168590 15 24 62863
168592 15 24 62871
168594 15 10 62915
168596 15 22 62982
168598 15 2 62993
168600 15 20 63085
168602 15 22 63086
168604 15 24 63199
168606 15 2 63329
168608 15 22 63382
168610 15 2 63441
168684 15 14 62476
168686 15 20 62477
168688 15 22 62478
168690 15 24 62479
168692 15 4 62690
168694 15 14 62924
168696 15 20 62925
168698 15 22 62926
168700 15 24 62927
168702 15 2 63025
168704 15 4 63026
168706 15 14 63028
168708 15 20 63221
168754 15 0 62480
168756 15 2 62481
168758 15 4 62482
168760 15 10 62483
168762 15 2 62497
168764 15 20 62717
168766 15 10 62739
168768 15 14 62764
168770 15 24 62775
168772 15 20 62941
168774 15 22 62942
168776 15 24 62943
168778 15 0 62944
168780 15 10 62987
168782 15 2 63273
168784 15 4 63274
168786 15 14 63276
168790 15 10 63315
168796 15 24 63375
168798 15 10 63379
168800 15 4 63426
168862 15 14 62484
168864 15 10 62707
168866 15 0 62760
168868 15 2 62761
168870 15 4 62762
168872 15 2 62977
168874 15 22 63334
168876 15 24 63335
168878 15 0 63336
168880 15 2 63337
168882 15 20 62485
168884 15 2 62713
168886 15 10 62715
168888 15 4 62730
168890 15 22 62750
168892 15 14 62916
168894 15 20 63165
168896 15 22 63166
168898 15 0 63168
168900 15 10 63219
168902 15 14 63220
168904 15 22 62486
168906 15 24 62487
168908 15 0 62488
168910 15 2 62489
168912 15 24 62535
168914 15 24 62583
168916 15 10 62587
168918 15 20 62741
168920 15 24 62743
168922 15 0 62744
168924 15 24 62751
168926 15 0 62752
168928 15 2 62753
168930 15 14 62868
168932 15 0 62872
168934 15 0 62928
168936 15 2 62985
168938 15 4 63002
168940 15 0 63072
168942 15 2 63073
168944 15 22 63198
168946 15 22 63310
168948 15 0 63312
168950 15 4 63378
168952 15 10 63387
168954 15 24 63439
168956 15 2 63457
168958 15 10 63483
168960 15 20 63485
169034 15 4 62490
169036 15 10 62491
169038 15 14 62492
169040 15 20 62493
169042 15 14 62564
169044 15 24 62655
169046 15 0 62920
169048 15 2 62921
169050 15 10 62923
169052 15 24 62959
169054 15 14 62988
169056 15 0 63248
169058 15 2 63249
169060 15 4 63250
169062 15 10 63251
169064 15 22 63366
169066 15 24 63367
169068 15 0 63368
169070 15 2 63369
169128 15 22 62494
169130 15 22 62550
169132 15 0 62552
169134 15 2 62553
169136 15 10 62939
169138 15 24 62495
169140 15 4 62554
169142 15 14 62556
169144 15 20 62557
169146 15 14 62940
169148 15 0 62496
169150 15 2 62593
169152 15 14 62596
169154 15 2 62617
169156 15 24 62983
169180 15 4 62498
169182 15 10 62499
169184 15 14 62500
169186 15 20 62501
169188 15 20 62565
169190 15 22 62566
169192 15 10 62803
169194 15 22 63126
169196 15 24 63127
169198 15 0 63128
169200 15 2 63129
169202 15 10 63179
169204 15 14 63180
169206 15 20 63181
169208 15 22 63182
169210 15 22 63318
169212 15 2 63321
169214 15 14 63348
169216 15 20 63349
169218 15 22 63350
169220 15 24 63351
169272 15 22 62502
169274 15 24 62503
169276 15 0 62504
169278 15 2 62505
169280 15 4 62506
169282 15 10 62507
169284 15 0 62560
169286 15 2 62601
169288 15 24 62607
169290 15 24 62623
169292 15 0 62624
169294 15 2 62625
169296 15 4 62626
169298 15 10 62627
169300 15 10 62635
169302 15 22 62718
169304 15 22 62766
169306 15 14 62788
169308 15 22 62790
169310 15 24 62791
169312 15 0 62792
169314 15 2 62793
169316 15 4 62794
169318 15 2 62937
169320 15 4 62938
169322 15 20 63037
169324 15 24 63039
169326 15 0 63040
169328 15 2 63113
169330 15 4 63114
169332 15 10 63115
169334 15 14 63116
169336 15 10 63131
169338 15 14 63132
169340 15 20 63133
169342 15 22 63134
169344 15 10 63139
169346 15 24 63215
169348 15 0 63216
169350 15 2 63217
169352 15 4 63218
169354 15 4 63234
169356 15 22 63398
169358 15 22 63430
169468 15 20 62789
169476 15 14 62508
169478 15 20 62509
169480 15 22 62510
169482 15 24 62511
169484 15 2 62513
169486 15 20 62901
169488 15 22 62902
169490 15 0 62904
169492 15 2 62929
169494 15 4 62930
169496 15 14 62932
169498 15 0 62976
169500 15 24 63111
169502 15 2 63201
169504 15 4 63202
169506 15 14 63356
169508 15 4 63362
169510 15 20 63365
169512 15 10 63443
169514 15 0 63456
169576 15 0 62512
169578 15 0 62640
169584 15 10 62931
169586 15 0 63112
169588 15 2 63233
169612 15 4 62514
169614 15 10 62515
169616 15 14 62516
169618 15 20 62517
169622 15 22 62846
169624 15 4 62850
169626 15 2 62945
169628 15 10 62947
169630 15 14 62948
169632 15 22 63094
169640 15 2 63265
169642 15 14 63268
169644 15 14 63380
169646 15 0 63472
169648 15 2 63481
169706 15 22 62518
169708 15 24 62519
169710 15 0 62520
169712 15 2 62521
169714 15 2 62633
169716 15 20 62725
169722 15 14 62844
169724 15 0 62848
169726 15 2 63001
169730 15 2 63169
169736 15 2 63313
169738 15 4 63346
169802 15 4 62522
169804 15 10 62523
169806 15 14 62524
169808 15 20 62525
169810 15 4 62634
169812 15 22 62726
169818 15 20 62845
169820 15 2 62849
169824 15 4 62994
169826 15 2 63137
169828 15 0 63352
169830 15 2 63353
169832 15 4 63354
169834 15 10 63355
169898 15 22 62526
169900 15 24 62527
169902 15 0 62528
169904 15 2 62529
169906 15 24 62615
169908 15 10 62723
169914 15 2 62737
169916 15 24 62999
169922 15 22 63358
169926 15 0 63360
169976 15 4 62530
169978 15 10 62531
169980 15 14 62532
169982 15 20 62533
169984 15 0 62616
169986 15 14 62724
169992 15 4 62754
169994 15 0 63008
170000 15 10 63363
170002 15 14 63364
170098 15 2 62537
170102 15 10 62539
170104 15 24 62591
170110 15 2 63089
170112 15 4 63090
170114 15 10 63091
170116 15 14 63092
170118 15 24 63183
170124 15 10 63203
170126 15 14 63204
170128 15 24 63487
170194 15 14 62540
170196 15 20 62541
170198 15 2 62705
170202 15 20 62797
170204 15 22 62798
170206 15 24 62799
170208 15 0 62800
170210 15 22 63414
170212 15 24 63415
170214 15 0 63416
170216 15 2 63417
170230 15 22 62542
170232 15 24 62543
170234 15 0 62544
170236 15 2 62545
170238 15 10 62699
170240 15 2 62801
170242 15 4 62802
170244 15 22 62878
170246 15 4 63418
170248 15 10 63419
170250 15 14 63420
170252 15 20 63421
170302 15 4 62546
170304 15 10 62547
170306 15 14 62548
170308 15 20 62549
170310 15 2 62721
170312 15 0 62824
170320 15 14 63164
170324 15 24 63319
170326 15 0 63320
170388 15 24 62551
170394 15 22 62558
170396 15 2 62665
170400 15 22 62742
170404 15 20 62869
170406 15 2 62913
170408 15 22 62918
170412 15 22 62974
170414 15 14 63140
170416 15 22 63142
170418 15 2 63345
170420 15 0 63376
170480 15 10 62555
170486 15 24 62559
170488 15 22 62670
170492 15 4 62746
170496 15 22 62870
170498 15 4 62914
170500 15 24 62919
170504 15 24 62975
170506 15 2 63145
170508 15 4 63146
170510 15 10 63347
170512 15 2 63377
170630 15 2 62561
170634 15 2 63073
170636 15 4 63074
170638 15 10 63075
170640 15 4 62562
170646 15 24 63087
170648 15 0 63088
170650 15 10 62563
170652 15 4 63122
170654 15 10 63123
170656 15 14 63124
170658 15 20 63125
170680 15 2 63249
170732 15 24 62567
170734 15 0 62568
170736 15 2 62569
170738 15 4 62570
170740 15 0 62720
170742 15 10 62843
170744 15 2 62953
170752 15 4 63130
170806 15 10 62571
170812 15 10 63275
170816 15 14 62572
170818 15 0 63184
170820 15 2 63185
170822 15 4 63186
170824 15 10 63187
170828 15 2 62473
170840 15 24 62863
170844 15 22 62574
170846 15 4 62978
170848 15 10 62979
170850 15 20 62981
170852 15 24 63103
170854 15 24 62575
170856 15 0 62576
170858 15 2 62577
170860 15 4 62578
170862 15 2 62641
170864 15 14 62740
170866 15 20 62949
170868 15 22 62950
170870 15 22 62958
170872 15 22 63070
170874 15 0 63104
170876 15 14 63404
170878 15 20 63405
170880 15 22 63406
170882 15 24 63407
170884 15 22 63462
170886 15 0 63464
170940 15 10 62579
170942 15 14 62580
170944 15 20 62581
170946 15 22 62582
170948 15 14 62644
170950 15 20 62749
170952 15 4 62954
170954 15 20 62957
170956 15 10 62963
170958 15 24 63071
170960 15 22 63110
170962 15 2 63409
170964 15 10 63411
170966 15 14 63412
170968 15 20 63413
170970 15 4 63466
170972 15 20 63469
171042 15 0 62928
171048 15 0 62584
171050 15 10 62771
171052 15 20 62773
171054 15 10 62795
171056 15 20 62909
171058 15 0 62984
171060 15 4 63370
171062 15 10 63371
171064 15 14 63372
171066 15 20 63373
171068 15 4 63458
171070 15 14 63460
171072 15 20 63461
171074 15 2 62585
171076 15 4 62970
171078 15 10 62971
171080 15 14 62972
171082 15 4 63170
171100 15 24 62847
171108 15 2 63329
171130 15 0 63312
171134 15 2 63457
171136 15 14 62588
171138 15 2 62809
171140 15 4 62810
171142 15 10 62811
171144 15 2 62873
171146 15 24 62879
171148 15 20 62589
171150 15 4 62666
171152 15 20 62669
171154 15 22 62814
171156 15 4 62874
171158 15 14 62876
171160 15 22 62590
171162 15 20 62989
171164 15 24 62991
171166 15 0 62992
171168 15 0 63200
171186 15 0 62592
171190 15 22 62990
171194 15 20 63205
171200 15 4 62594
171202 15 10 62595
171206 15 2 62617
171208 15 14 62628
171210 15 20 62733
171214 15 4 62946
171220 15 22 63206
171222 15 24 63207
171224 15 0 63208
171226 15 2 63209
171228 15 20 63245
171230 15 2 63265
171232 15 4 63266
171236 15 24 63383
171238 15 0 63384
171240 15 2 63385
171242 15 4 63386
171244 15 22 63422
171246 15 0 63424
171312 15 20 62597
171314 15 22 62598
171316 15 24 62599
171318 15 0 62600
171320 15 4 62610
171322 15 10 62611
171324 15 14 62612
171326 15 4 62618
171328 15 10 62619
171330 15 14 62620
171332 15 20 62621
171334 15 22 62622
171336 15 10 62659
171338 15 20 62701
171340 15 22 62702
171342 15 24 62703
171344 15 0 62712
171346 15 14 62780
171348 15 22 62782
171350 15 4 62786
171352 15 10 62787
171354 15 0 62856
171356 15 2 62857
171358 15 20 62917
171360 15 24 62935
171362 15 4 62986
171364 15 14 63004
171366 15 20 63005
171368 15 22 63006
171370 15 24 63007
171372 15 20 63021
171374 15 22 63022
171376 15 24 63023
171378 15 0 63024
171380 15 24 63031
171382 15 2 63033
171384 15 4 63138
171386 15 0 63232
171388 15 20 63309
171390 15 22 63390
171392 15 24 63391
171394 15 2 63393
171396 15 10 63427
171398 15 24 63479
171490 15 2 63009
171492 15 4 63010
171494 15 10 63011
171496 15 14 63012
171506 15 14 63444
171508 15 4 62602
171510 15 10 62603
171512 15 14 62604
171514 15 20 62605
171516 15 20 62693
171518 15 20 62813
171520 15 10 62835
171522 15 2 62841
171524 15 2 62889
171526 15 4 62890
171528 15 14 62892
171530 15 20 63013
171532 15 24 63015
171534 15 0 63016
171536 15 14 63052
171538 15 20 63053
171540 15 24 63055
171542 15 0 63056
171544 15 4 63058
171546 15 10 63059
171548 15 14 63060
171550 15 0 63080
171552 15 0 63144
171554 15 10 63211
171556 15 2 63225
171558 15 4 63226
171560 15 4 63322
171562 15 10 63323
171564 15 14 63324
171566 15 20 63325
171632 15 22 62606
171634 15 14 62684
171636 15 24 62855
171638 15 14 63076
171640 15 20 63077
171642 15 22 63078
171644 15 24 63079
171646 15 2 63361
171666 15 10 63131
171668 15 14 63132
171670 15 20 63133
171672 15 22 63134
171684 15 0 62608
171696 15 2 62609
171702 15 20 62613
171704 15 0 62816
171706 15 0 63192
171708 15 2 63193
171710 15 4 63194
171712 15 10 63195
171714 15 20 63429
171828 15 22 62614
171830 15 14 62756
171832 15 20 62757
171834 15 24 62759
171836 15 0 62912
171838 15 14 63228
171840 15 20 63229
171842 15 22 63230
171844 15 24 63231
171848 15 24 62527
171852 15 24 62615
171854 15 10 62723
171860 15 24 62999
171862 15 2 63137
171868 15 24 63359
171878 15 0 62616
171892 15 10 63363
171938 15 20 62781
171942 15 24 62783
171944 15 0 62784
171946 15 2 62785
171956 15 0 62936
172076 15 0 62624
172078 15 2 62625
172080 15 4 62626
172100 15 2 62937
172102 15 4 62938
172232 15 20 62629
172234 15 22 62630
172236 15 24 62631
172238 15 0 62632
172240 15 22 62822
172242 15 22 62934
172244 15 14 63188
172246 15 20 63189
172248 15 24 63191
172250 15 20 63213
172252 15 22 63214
172254 15 20 63269
172256 15 22 63270
172258 15 0 63272
172260 15 14 63388
172326 15 2 63001
172334 15 20 62525
172342 15 20 62845
172368 15 14 62636
172370 15 20 62637
172372 15 10 63235
172374 15 14 63236
172376 15 20 63237
172378 15 22 63238
172384 15 22 63062
172386 15 24 63063
172388 15 2 63065
172398 15 14 63252
172400 15 22 62638
172402 15 24 62639
172404 15 4 63066
172406 15 10 63067
172408 15 14 63068
172410 15 24 63239
172412 15 0 63240
172414 15 2 63241
172416 15 4 63242
172418 15 20 63253
172436 15 2 62929
172438 15 4 62930
172440 15 0 63112
172442 15 2 63233
172450 15 22 63374
172462 15 20 62949
172478 15 4 62642
172480 15 2 62665
172488 15 22 63246
172490 15 10 62643
172500 15 24 63247
172528 15 20 62645
172530 15 24 62671
172532 15 4 62674
172534 15 14 62676
172536 15 4 62722
172538 15 20 63109
172540 15 22 63254
172542 15 24 63255
172544 15 0 63256
172546 15 2 63257
172548 15 0 63328
172550 15 22 62646
172552 15 24 62647
172554 15 0 62648
172556 15 2 62649
172558 15 10 62691
172560 15 4 62706
172562 15 0 62960
172570 15 10 63283
172572 15 24 63327
172574 15 4 63330
172576 15 10 63331
172578 15 14 63332
172580 15 20 63333
172588 15 0 63408
172642 15 4 62650
172646 15 10 62779
172648 15 14 62796
172652 15 14 63284
172654 15 22 63286
172656 15 24 63295
172658 15 0 63296
172660 15 22 63454
172662 15 10 62651
172664 15 14 62652
172666 15 20 62653
172668 15 22 62654
172670 15 14 62692
172672 15 24 62711
172674 15 4 62962
172678 15 20 63285
172682 15 24 63287
172686 15 10 63339
172688 15 14 63340
172690 15 20 63341
172692 15 0 63344
172696 15 4 63410
172754 15 4 62490
172756 15 14 62492
172758 15 14 62564
172760 15 24 62655
172770 15 0 62656
172772 15 2 62657
172778 15 0 63064
172780 15 22 63262
172782 15 24 63279
172784 15 0 63280
172786 15 2 63281
172788 15 4 63282
172794 15 2 62865
172804 15 4 62658
172806 15 4 62866
172812 15 20 63069
172814 15 24 63263
172840 15 0 63024
172842 15 14 62660
172844 15 0 62664
172846 15 20 63277
172854 15 20 63293
172856 15 20 62661
172858 15 24 62663
172860 15 22 63278
172862 15 2 63289
172864 15 4 63290
172866 15 10 63291
172868 15 14 63292
172870 15 22 62662
172872 15 10 62875
172874 15 4 63258
172876 15 14 63260
172878 15 20 63261
172880 15 0 63264
172906 15 22 62550
172908 15 24 62551
172916 15 22 62918
172928 15 10 62667
172930 15 14 62668
172936 15 24 62815
172938 15 14 62876
172946 15 22 63294
172950 15 10 63467
172952 15 14 63468
172954 15 20 63469
173006 15 4 62554
173008 15 10 62555
173014 15 4 62914
173016 15 24 62919
173028 15 0 62672
173030 15 2 62673
173036 15 20 62677
173040 15 10 62731
173052 15 24 63311
173056 15 2 63313
173062 15 10 63387
173122 15 10 62675
173124 15 2 63297
173126 15 4 63298
173128 15 10 63299
173130 15 14 63300
173176 15 22 62678
173178 15 20 62709
173186 15 20 63301
173188 15 22 63334
173192 15 2 63337
173194 15 24 63343
173196 15 24 62679
173198 15 0 62680
173200 15 2 62681
173202 15 4 62682
173204 15 10 62683
173206 15 2 62897
173208 15 2 63105
173210 15 10 63107
173212 15 14 63108
173214 15 22 63302
173216 15 24 63303
173218 15 0 63304
173220 15 2 63305
173222 15 4 63306
173306 15 14 62684
173308 15 24 62855
173320 15 22 63190
173324 15 2 63361
173326 15 22 62470
173328 15 4 62514
173332 15 20 62685
173334 15 22 62846
173336 15 4 62850
173340 15 10 63259
173346 15 2 63481
173348 15 2 62465
173350 15 14 62468
173352 15 20 62469
173354 15 22 62686
173356 15 24 62687
173358 15 0 62688
173360 15 2 62689
173362 15 22 62694
173364 15 4 62898
173366 15 22 62910
173378 15 10 63307
173380 15 4 63338
173448 15 14 62476
173450 15 22 62478
173452 15 24 62479
173454 15 4 62690
173456 15 14 62924
173458 15 20 62925
173460 15 22 62926
173462 15 24 62927
173464 15 2 63025
173466 15 4 63026
173468 15 14 63028
173470 15 20 63221
173542 15 10 62467
173556 15 4 63314
173558 15 14 63316
173560 15 20 63317
173562 15 22 63326
173564 15 24 62695
173566 15 0 62696
173568 15 2 62697
173570 15 4 62698
173572 15 20 62797
173574 15 22 62798
173576 15 0 62800
173578 15 20 62877
173632 15 22 62542
173634 15 24 62543
173636 15 2 62545
173640 15 22 62878
173644 15 14 63420
173646 15 20 63421
173648 15 14 62700
173650 15 10 62827
173652 15 24 62831
173654 15 14 62996
173656 15 20 62997
173658 15 10 63171
173660 15 14 63172
173662 15 20 63173
173664 15 22 63174
173678 15 0 62704
173688 15 4 62858
173690 15 20 62917
173750 15 14 62540
173752 15 2 62705
173754 15 22 62750
173760 15 24 63271
173768 15 2 63417
173786 15 14 62484
173788 15 10 62707
173796 15 0 63336
173802 15 4 62466
173806 15 14 62708
173808 15 10 62867
173812 15 4 63106
173822 15 22 62710
173836 15 22 63342
173906 15 0 63232
173908 15 22 63390
173910 15 24 63391
173916 15 20 62485
173918 15 2 62713
173920 15 4 62714
173922 15 10 62715
173924 15 14 62716
173926 15 4 62730
173928 15 2 62825
173932 15 14 62828
173936 15 0 62832
173938 15 14 62916
173942 15 22 63150
173944 15 24 63151
173946 15 0 63152
173948 15 2 63153
173950 15 20 63165
173952 15 22 63166
173954 15 24 63167
173956 15 0 63168
173958 15 10 63219
173960 15 4 63474
173962 15 10 63475
174028 15 0 62480
174030 15 2 62481
174032 15 2 62497
174034 15 20 62717
174036 15 20 62941
174038 15 22 62942
174040 15 24 62943
174042 15 0 62944
174046 15 10 63315
174062 15 22 62766
174064 15 24 62719
174066 15 24 62567
174068 15 0 62568
174070 15 0 62720
174072 15 10 62843
174074 15 2 62953
174080 15 22 63374
174082 15 24 63375
174084 15 4 62546
174086 15 10 62547
174088 15 20 62549
174090 15 2 62721
174092 15 0 62824
174094 15 22 63318
174096 15 24 63319
174098 15 0 63320
174100 15 2 63321
174112 15 14 62732
174116 15 22 62526
174118 15 0 62528
174120 15 24 62615
174122 15 10 62723
174124 15 20 63357
174126 15 22 63358
174130 15 0 63360
174132 15 4 62530
174134 15 20 62533
174138 15 14 62724
174140 15 4 63362
174142 15 10 63363
174144 15 14 63364
174146 15 20 63365
174154 15 20 62725
174156 15 0 62848
174164 15 4 63346
174168 15 14 62524
174170 15 20 62525
174172 15 22 62726
174174 15 2 62849
174178 15 2 63353
174180 15 4 63354
174182 15 10 63355
174184 15 24 62727
174188 15 2 62873
174190 15 14 63140
174192 15 20 63141
174194 15 22 63142
174196 15 0 63376
174198 15 0 62728
174202 15 4 62874
174204 15 2 63145
174206 15 4 63146
174208 15 14 63148
174210 15 2 63377
174212 15 24 62471
174214 15 2 62729
174216 15 24 62767
174218 15 2 62769
174220 15 4 62770
174222 15 0 62864
174224 15 20 63029
174226 15 20 63117
174228 15 22 63118
174230 15 0 63120
174232 15 20 63445
174282 15 2 63425
174284 15 4 63426
174286 15 2 62593
174288 15 4 62594
174290 15 10 62595
174302 15 24 63383
174306 15 2 63385
174308 15 4 63386
174310 15 0 63424
174312 15 0 62472
174314 15 10 62475
174326 15 2 62529
174328 15 22 62534
174330 15 4 62586
174336 15 22 62734
174338 15 24 62735
174340 15 0 62736
174342 15 2 62737
174344 15 22 62982
174346 15 2 62993
174350 15 24 62999
174352 15 20 63085
174354 15 22 63086
174356 15 24 63087
174360 15 24 63199
174362 15 2 63441
174456 15 4 62738
174458 15 20 62765
174462 15 10 63267
174466 15 14 63380
174470 15 4 62482
174472 15 10 62483
174474 15 10 62739
174476 15 14 62764
174480 15 4 63274
174484 15 10 63379
174486 15 24 62575
174488 15 2 62577
174490 15 2 62641
174500 15 24 63407
174502 15 22 62486
174504 15 0 62488
174506 15 2 62489
174510 15 0 62552
174512 15 22 62558
174516 15 20 62741
174518 15 22 62742
174520 15 24 62743
174522 15 0 62744
174524 15 14 62868
174526 15 20 62869
174528 15 0 62928
174530 15 10 62939
174532 15 22 62974
174534 15 0 63072
174536 15 2 63073
174538 15 4 63074
174544 15 24 63143
174546 15 2 63345
174548 15 4 63378
174550 15 24 63439
174552 15 10 63483
174554 15 20 63485
174642 15 2 62473
174648 15 14 62556
174650 15 24 62559
174652 15 20 62573
174654 15 2 62745
174656 15 4 62746
174658 15 10 62747
174660 15 14 62748
174662 15 22 62870
174664 15 24 62871
174666 15 10 62915
174668 15 14 62940
174670 15 24 62975
174676 15 0 63088
174682 15 10 63147
174684 15 10 63347
174686 15 22 63382
174778 15 2 63409
174800 15 14 63220
174820 15 10 62531
174822 15 14 62532
174824 15 24 62535
174826 15 10 62587
174832 15 24 62751
174836 15 2 62753
174838 15 4 62754
174840 15 2 62985
174842 15 2 63001
174844 15 4 63002
174846 15 0 63008
174852 15 10 63075
174854 15 2 63169
174856 15 22 63198
174866 15 2 63457
174960 15 10 62755
174962 15 0 62760
174964 15 2 62761
174966 15 2 62961
174968 15 2 62977
174970 15 24 63431
174972 15 2 63433
174974 15 4 63434
174976 15 0 63440
174978 15 22 62614
174982 15 20 62757
174984 15 22 62758
174986 15 24 62759
174988 15 0 62912
174990 15 0 62920
174992 15 2 62921
174994 15 4 62922
174998 15 20 63229
175000 15 24 63231
175002 15 14 63308
175004 15 22 63366
175006 15 0 63368
175008 15 2 63369
175078 15 4 62762
175080 15 10 62763
175082 15 24 62823
175104 15 14 63428
175112 15 20 63453
175204 15 0 63432
175214 15 4 62506
175216 15 10 62507
175218 15 24 62623
175220 15 2 62625
175230 15 14 62788
175232 15 22 62790
175234 15 24 62791
175236 15 0 62792
175238 15 2 62937
175240 15 20 63037
175242 15 24 63039
175244 15 10 63139
175246 15 24 63215
175248 15 2 63217
175250 15 4 63234
175252 15 22 63398
175258 15 0 62768
175270 15 24 63119
175274 15 24 63175
175276 15 0 63176
175278 15 2 63177
175280 15 4 63178
175344 15 10 62771
175346 15 14 62772
175350 15 22 62774
175352 15 10 62835
175354 15 14 62836
175356 15 22 62838
175358 15 2 62841
175360 15 4 62842
175362 15 20 62909
175364 15 0 62984
175366 15 0 63080
175368 15 20 63157
175370 15 22 63158
175372 15 24 63159
175374 15 0 63160
175376 15 4 63322
175378 15 10 63323
175380 15 4 63458
175382 15 10 63459
175384 15 14 63460
175386 15 20 63461
175388 15 14 63476
175390 15 20 63477
175466 15 24 62775
175474 15 10 62987
175492 15 2 62777
175494 15 4 62778
175496 15 10 62779
175500 15 24 62847
175502 15 24 62863
175508 15 0 63296
175510 15 2 63329
175518 15 22 63446
175522 15 22 63454
175604 15 20 62781
175608 15 24 62783
175610 15 2 62785
175618 15 0 62936
175632 15 0 62784
175644 15 22 63030
175648 15 0 63032
175652 15 4 63034
175654 15 10 63035
175656 15 14 63036
175660 15 4 63394
175662 15 10 63395
175664 15 14 63396
175666 15 20 63397
175668 15 22 63478
175704 15 0 62856
175724 15 0 63232
175908 15 20 62789
175916 15 2 62793
175918 15 4 62794
175922 15 4 62938
175926 15 22 63038
175930 15 0 63040
175932 15 2 63041
175934 15 4 63042
175936 15 10 63043
175942 15 0 63400
175944 15 2 63401
175946 15 4 63402
175948 15 10 63403
175950 15 0 63480
176066 15 0 62504
176070 15 0 62624
176088 15 24 62503
176092 15 2 62601
176122 15 0 63216
176126 15 4 63218
176132 15 10 62795
176134 15 4 62802
176136 15 4 63370
176138 15 10 63371
176140 15 14 63372
176142 15 20 63373
176144 15 10 63435
176146 15 14 63436
176148 15 20 63437
176150 15 22 63438
176176 15 20 62541
176180 15 0 62696
176188 15 24 62799
176190 15 0 62800
176194 15 14 63188
176196 15 22 63214
176202 15 0 63416
176280 15 0 62544
176282 15 2 62545
176284 15 2 62801
176288 15 4 63418
176290 15 10 63419
176294 15 20 63421
176324 15 4 62498
176326 15 14 62500
176328 15 20 62501
176330 15 10 62803
176332 15 14 63348
176334 15 20 63349
176336 15 22 63350
176338 15 24 63351
176340 15 14 62804
176342 15 10 62851
176344 15 14 62852
176346 15 22 62854
176348 15 20 63061
176350 15 22 63206
176352 15 2 63209
176354 15 22 63422
176356 15 24 63423
176358 15 20 62805
176360 15 22 62806
176362 15 24 62807
176364 15 0 62808
176366 15 20 62821
176368 15 10 62995
176370 15 4 63122
176372 15 10 63123
176374 15 14 63124
176376 15 10 63243
176378 15 14 63244
176442 15 14 62588
176444 15 2 62809
176446 15 4 62810
176448 15 10 62811
176450 15 14 62812
176452 15 24 62879
176454 15 0 62880
176456 15 24 63279
176458 15 2 63281
176460 15 4 63282
176462 15 22 63462
176464 15 24 63463
176466 15 0 63464
176468 15 2 63465
176520 15 4 62602
176522 15 10 62603
176526 15 20 62813
176532 15 14 63060
176540 15 14 63324
176542 15 20 63325
176544 15 20 62589
176546 15 4 62666
176548 15 20 62669
176550 15 22 62814
176552 15 24 62815
176554 15 14 62876
176556 15 4 63466
176558 15 10 63467
176580 15 2 62609
176582 15 4 62610
176584 15 14 62612
176586 15 20 62613
176588 15 0 62816
176590 15 0 63192
176592 15 2 63193
176594 15 4 63194
176596 15 20 63429
176598 15 2 62817
176600 15 4 62818
176602 15 10 62819
176604 15 14 62820
176608 15 2 62881
176610 15 4 62882
176612 15 10 62883
176614 15 20 62933
176616 15 20 62997
176618 15 20 63021
176620 15 24 63023
176622 15 20 63149
176624 15 10 63171
176626 15 14 63172
176628 15 22 63174
176630 15 14 63212
176704 15 20 62629
176706 15 22 62630
176708 15 0 62632
176710 15 22 62822
176714 15 20 63189
176716 15 24 63191
176718 15 20 63213
176742 15 4 62546
176746 15 2 62721
176748 15 0 62824
176752 15 4 62714
176754 15 2 62825
176756 15 4 62826
176762 15 20 62829
176764 15 22 62830
176766 15 24 62831
176770 15 2 62833
176772 15 22 63046
176774 15 4 63050
176778 15 24 63151
176782 15 2 63153
176784 15 4 63154
176786 15 10 63155
176788 15 14 63156
176790 15 4 63210
176814 15 20 62885
176816 15 22 62886
176818 15 24 62887
176820 15 0 62888
176822 15 20 63045
176826 15 24 63047
176828 15 0 63048
176830 15 2 63049
176834 15 10 63051
176848 15 14 62700
176886 15 14 62996
176890 15 14 63044
176924 15 20 63173
176930 15 24 63223
176932 15 0 63224
177148 15 4 62834
177154 15 20 62837
177158 15 24 62839
177160 15 0 62840
177166 15 2 62889
177168 15 4 62890
177170 15 10 62891
177172 15 14 62892
177174 15 14 63052
177176 15 20 63053
177178 15 22 63054
177180 15 24 63055
177182 15 0 63056
177184 15 2 63057
177186 15 4 63058
177190 15 0 63160
177192 15 2 63161
177194 15 4 63162
177196 15 10 63163
177198 15 10 63211
177244 15 10 63059
177264 15 4 63226
177538 15 0 62568
177540 15 2 62569
177542 15 0 62720
177544 15 10 62843
177546 15 2 62953
177548 15 24 63487
177550 15 22 62518
177554 15 2 62633
177556 15 14 62844
177558 15 0 62848
177560 15 4 62522
177562 15 20 62525
177564 15 4 62634
177566 15 20 62845
177568 15 2 62849
177570 15 4 62514
177572 15 10 62515
177574 15 20 62517
177576 15 20 62685
177578 15 22 62846
177580 15 4 62850
177582 15 4 63258
177586 15 20 63261
177588 15 2 63265
177592 15 14 63380
177594 15 0 63472
177596 15 2 63481
177600 15 4 62586
177606 15 4 62778
177640 15 22 62726
177650 15 4 63354
177676 15 20 62853
177680 15 4 62970
177682 15 14 62972
177686 15 4 63170
177690 15 20 63389
177750 15 22 62606
177752 15 14 62684
177754 15 24 62855
177756 15 14 63076
177758 15 20 63077
177760 15 24 63079
177762 15 2 63361
177768 15 10 62659
177774 15 24 62703
177822 15 0 62464
177824 15 10 62859
177826 15 14 62860
177828 15 20 62861
177830 15 22 62862
177832 15 10 62899
177834 15 14 62900
177836 15 14 62964
177838 15 20 62965
177840 15 20 63357
177842 15 22 63358
177844 15 24 63359
177850 15 4 63386
177852 15 4 63442
177854 15 22 63470
177914 15 4 62474
177934 15 0 62864
177936 15 2 62657
177940 15 2 62865
177944 15 22 63062
177946 15 24 63063
177950 15 20 63141
177952 15 22 63262
177954 15 0 63376
177956 15 4 62658
177958 15 0 62728
177960 15 4 62866
177962 15 4 62874
177964 15 4 63066
177966 15 14 63068
177968 15 2 63145
177970 15 14 63148
177972 15 24 63263
177974 15 2 63377
177976 15 2 62465
177978 15 4 62466
177980 15 10 62467
177982 15 14 62708
177984 15 10 62867
177986 15 4 63314
177990 15 22 63326
177992 15 2 63425
178000 15 20 62741
178004 15 14 62868
178006 15 20 62869
178008 15 0 62928
178014 15 4 63074
178016 15 4 63378
178020 15 22 62550
178044 15 4 62554
178046 15 14 62556
178050 15 14 62748
178056 15 14 62940
178058 15 24 62975
178060 15 20 63085
178070 15 2 62473
178072 15 10 62475
178096 15 24 62487
178098 15 24 62583
178102 15 0 62872
178106 15 0 63312
178110 15 2 63457
178114 15 20 63485
178144 15 22 62662
178146 15 10 62707
178154 15 0 63264
178158 15 24 63335
178160 15 0 63336
178166 15 10 62667
178174 15 2 63289
178176 15 4 63290
178178 15 22 63294
178182 15 0 62696
178202 15 24 62543
178206 15 10 62699
178208 15 22 62878
178210 15 4 63418
178260 15 14 62884
178262 15 14 63004
178264 15 24 63007
178268 15 22 63022
178280 15 10 63427
178528 15 2 63225
178530 15 4 63226
178628 15 20 62893
178630 15 22 62894
178632 15 24 62895
178634 15 0 62896
178636 15 2 63297
178638 15 14 63300
178640 15 20 63301
178678 15 24 62679
178680 15 4 62682
178682 15 10 62683
178684 15 2 62897
178686 15 24 63303
178688 15 0 63304
178690 15 4 63306
178694 15 14 62468
178696 15 20 62469
178698 15 22 62686
178700 15 0 62688
178702 15 2 62689
178704 15 22 62694
178706 15 4 62898
178708 15 22 62910
178710 15 2 63105
178712 15 14 63108
178714 15 4 63338
178752 15 14 62508
178754 15 20 62509
178756 15 2 62513
178758 15 20 62901
178760 15 22 62902
178762 15 24 62903
178764 15 0 62904
178766 15 2 62929
178768 15 4 62930
178770 15 0 62976
178772 15 0 63000
178774 15 24 63111
178776 15 2 63233
178778 15 14 63356
178780 15 4 63362
178782 15 10 63363
178784 15 20 63365
178786 15 10 63443
178858 15 2 62905
178860 15 4 62906
178862 15 10 62907
178864 15 14 62908
178866 15 22 62966
178868 15 24 62967
178870 15 0 62968
178872 15 0 63184
178874 15 4 63186
178876 15 10 63227
178878 15 20 63381
178926 15 0 62584
178934 15 20 62909
178962 15 0 62536
178964 15 4 62538
178966 15 0 62608
178968 15 24 62911
178972 15 14 62756
178974 15 20 62757
178976 15 24 62759
178978 15 0 62912
178980 15 14 63228
178982 15 20 63229
178984 15 24 63231
178988 15 24 62551
178990 15 2 62553
178992 15 2 62665
178994 15 2 62913
178996 15 22 62918
179000 15 10 62555
179002 15 20 62557
179004 15 22 62670
179006 15 4 62914
179008 15 24 62919
179020 15 10 62747
179036 15 20 62485
179038 15 2 62713
179040 15 10 62715
179042 15 4 62730
179044 15 14 62916
179046 15 20 63165
179050 15 0 63168
179056 15 4 62618
179058 15 10 62619
179060 15 20 62621
179068 15 0 62712
179070 15 14 62780
179074 15 4 62786
179084 15 24 62935
179086 15 24 63031
179088 15 2 63033
179092 15 0 63232
179098 15 24 63479
179104 15 22 62558
179114 15 22 63142
179122 15 24 62559
179132 15 4 63146
179136 15 4 62490
179138 15 10 62491
179140 15 20 62493
179142 15 14 62564
179148 15 22 62758
179150 15 0 62920
179152 15 2 62921
179154 15 4 62922
179156 15 10 62923
179158 15 24 62959
179160 15 14 62988
179162 15 14 63308
179164 15 22 63366
179166 15 24 63367
179168 15 0 63368
179170 15 2 63369
179240 15 14 62476
179242 15 24 62479
179244 15 4 62690
179246 15 14 62924
179248 15 20 62925
179250 15 22 62926
179252 15 24 62927
179254 15 2 63025
179256 15 14 63028
179258 15 20 63221
179326 15 0 62744
179348 15 24 62511
179350 15 0 62512
179352 15 0 62640
179362 15 10 62931
179364 15 14 62932
179372 15 0 63112
179374 15 2 63201
179376 15 4 63202
179378 15 10 63203
179384 15 0 63456
179490 15 24 62631
179492 15 22 62934
179496 15 24 63191
179498 15 20 63213
179502 15 20 63269
179504 15 22 63270
179506 15 0 63272
179508 15 14 63388
179520 15 20 62781
179524 15 24 62783
179526 15 2 62785
179534 15 0 62936
179540 15 14 63036
179564 15 22 63030
179568 15 0 63032
179572 15 4 63034
179574 15 10 63035
179580 15 22 62502
179584 15 4 62626
179586 15 22 62766
179588 15 14 62788
179592 15 24 62791
179594 15 0 62792
179598 15 4 62794
179602 15 4 62938
179604 15 20 63037
179606 15 24 63039
179608 15 0 63040
179634 15 22 63038
179640 15 2 63041
179642 15 4 63042
179644 15 10 63043
179648 15 22 62494
179662 15 10 62939
179666 15 24 62495
179684 15 0 62480
179686 15 2 62481
179688 15 20 62717
179690 15 24 62775
179692 15 20 62941
179694 15 22 62942
179696 15 24 62943
179700 15 10 62987
179704 15 10 63315
179706 15 14 63316
179774 15 14 62516
179776 15 2 62593
179778 15 2 62617
179780 15 14 62628
179782 15 2 62945
179784 15 4 62946
179786 15 10 62947
179788 15 14 62948
179790 15 22 63094
179792 15 20 63245
179794 15 2 63265
179796 15 14 63268
179798 15 0 63424
179866 15 24 62575
179868 15 0 62576
179870 15 4 62578
179872 15 2 62641
179874 15 20 62949
179876 15 22 62950
179878 15 24 62951
179880 15 0 62952
179882 15 22 62958
179884 15 22 62998
179886 15 22 63070
179888 15 0 63104
179890 15 14 63196
179892 15 22 63462
179894 15 24 63463
179896 15 0 63464
179900 15 14 63484
179904 15 22 63486
179968 15 24 62567
179972 15 0 62720
179978 15 10 62579
179980 15 14 62580
179982 15 20 62581
179984 15 14 62644
179986 15 4 62954
179988 15 10 62955
179990 15 14 62956
179992 15 20 62957
179994 15 10 62963
179996 15 10 63003
179998 15 24 63071
180000 15 22 63110
180002 15 20 63197
180004 15 4 63466
180008 15 20 63469
180106 15 22 62646
180108 15 24 62647
180110 15 0 62648
180112 15 0 62960
180114 15 22 63254
180116 15 0 63256
180118 15 10 63283
180120 15 24 63327
180122 15 14 63404
180124 15 20 63405
180126 15 22 63406
180128 15 0 63408
180130 15 10 62755
180132 15 0 62760
180136 15 24 62823
180140 15 2 62977
180142 15 0 63352
180146 15 24 63431
180148 15 2 63433
180150 15 0 63440
180152 15 10 62651
180154 15 14 62652
180156 15 20 62653
180158 15 4 62962
180160 15 14 63284
180164 15 24 63287
180166 15 24 63295
180168 15 2 63409
180170 15 4 63410
180172 15 10 63411
180174 15 14 63412
180200 15 0 62464
180208 15 14 62900
180210 15 14 62964
180212 15 20 63357
180214 15 24 63359
180246 15 2 62969
180252 15 10 63187
180258 15 22 63230
180322 15 2 62585
180324 15 10 62851
180332 15 10 62971
180334 15 14 62972
180336 15 20 62973
180390 15 22 62742
180404 15 2 63345
180414 15 4 62746
180428 15 10 63347
180458 15 14 62484
180466 15 4 62762
180472 15 22 63334
180476 15 2 63337
180484 15 22 62574
180486 15 4 62978
180488 15 10 62979
180490 15 14 62980
180492 15 20 62981
180494 15 14 63076
180498 15 22 63078
180500 15 24 63103
180502 15 0 63288
180504 15 14 63348
180506 15 20 63349
180508 15 24 63351
180510 15 4 63482
180572 15 22 62534
180574 15 4 62586
180576 15 22 62734
180578 15 24 62735
180580 15 0 62736
180582 15 22 62982
180584 15 2 62993
180590 15 24 63199
180594 15 0 62496
180598 15 14 62596
180602 15 24 62983
180604 15 22 63206
180606 15 0 63208
180608 15 2 63209
180610 15 22 63422
180614 15 10 62771
180618 15 20 62909
180632 15 24 62535
180634 15 10 62587
180636 15 24 62751
180638 15 0 62752
180640 15 2 62753
180642 15 2 62985
180644 15 4 63002
180650 15 22 63198
180654 15 0 63312
180658 15 2 63457
180662 15 24 62599
180664 15 4 62610
180666 15 10 62611
180668 15 14 62612
180672 15 4 62986
180676 15 20 63005
180678 15 22 63006
180680 15 20 63309
180684 15 2 63393
180716 15 22 62590
180718 15 0 62592
180720 15 20 62989
180722 15 22 62990
180724 15 24 62991
180726 15 0 62992
180728 15 0 63200
180730 15 20 63205
180734 15 24 63207
180742 15 24 63423
180744 15 24 63455
180810 15 4 62522
180812 15 10 62523
180814 15 14 62524
180828 15 4 62994
180836 15 4 62634
180846 15 2 63137
180848 15 20 62805
180850 15 22 62806
180852 15 24 62807
180854 15 10 62995
180856 15 4 63122
180858 15 10 63123
180860 15 10 63243
180864 15 10 63435
180866 15 20 63437
180868 15 22 63438
180874 15 4 62714
180876 15 14 62716
180882 15 14 62996
180886 15 24 63151
180888 15 20 63165
180892 15 24 63167
180896 15 20 63173
180910 15 22 62886
180920 15 14 63044
180922 15 20 63045
180924 15 0 63048
180932 15 24 63223
180934 15 0 63224
180952 15 22 62526
180954 15 24 62527
180956 15 2 62529
180958 15 24 62615
180964 15 2 62737
180966 15 24 62999
180972 15 24 62903
180988 15 24 62519
180990 15 0 62520
180998 15 2 63001
181002 15 2 63169
181008 15 4 63346
181054 15 0 62600
181060 15 2 62881
181062 15 14 62884
181072 15 24 63007
181074 15 20 63021
181076 15 22 63022
181078 15 0 63024
181080 15 20 63149
181174 15 4 62530
181176 15 10 62531
181178 15 14 62532
181180 15 0 62616
181186 15 4 62754
181188 15 0 63008
181192 15 2 62601
181194 15 2 63009
181196 15 4 63010
181198 15 10 63011
181200 15 14 63012
181202 15 2 63017
181204 15 10 63019
181206 15 20 63093
181208 15 10 63131
181210 15 20 63133
181212 15 24 63215
181214 15 0 63216
181216 15 4 63218
181218 15 14 63444
181220 15 2 63473
181290 15 14 62604
181292 15 20 62693
181294 15 20 63013
181296 15 22 63014
181298 15 24 63015
181300 15 0 63016
181304 15 2 63113
181306 15 4 63114
181308 15 10 63115
181310 15 0 63144
181312 15 22 63222
181380 15 4 63018
181384 15 14 63020
181386 15 2 63081
181388 15 4 63082
181390 15 14 63084
181398 15 0 63248
181400 15 2 63249
181404 15 24 63471
181468 15 10 62659
181472 15 14 62820
181476 15 4 62882
181490 15 24 63023
181582 15 22 62478
181584 15 4 62690
181594 15 4 63026
181596 15 10 63027
181598 15 14 63028
181600 15 24 63095
181602 15 0 63096
181604 15 4 63098
181606 15 2 63121
181608 15 24 63135
181610 15 0 63192
181612 15 2 63193
181614 15 10 63195
181618 15 24 63447
181688 15 2 62729
181690 15 24 62767
181692 15 2 62769
181694 15 4 62770
181696 15 20 63029
181698 15 20 63117
181700 15 22 63118
181702 15 0 63120
181704 15 24 63175
181706 15 0 63176
181708 15 2 63177
181710 15 4 63178
181712 15 20 63445
181714 15 20 62781
181720 15 24 63031
181722 15 0 63032
181730 15 14 63036
181734 15 24 63391
181736 15 0 63392
181740 15 4 63394
181742 15 10 63395
181744 15 14 63396
181746 15 20 63397
181754 15 22 62782
181778 15 4 63138
181798 15 22 63478
181968 15 22 62502
181982 15 20 63037
181984 15 22 63038
182000 15 2 63217
182006 15 22 63398
182008 15 24 63399
182010 15 0 63400
182012 15 2 63401
182014 15 4 63402
182016 15 10 63403
182018 15 0 63480
182240 15 4 62826
182248 15 24 62887
182256 15 22 63046
182258 15 24 63047
182262 15 2 63049
182264 15 4 63050
182266 15 10 63051
182268 15 4 63210
182274 15 2 62825
182280 15 20 62829
182282 15 0 62832
182284 15 2 62833
182306 15 0 63152
182308 15 2 63153
182310 15 4 63154
182312 15 10 63155
182314 15 14 63156
182320 15 4 63474
182480 15 4 62834
182482 15 10 62835
182484 15 14 62836
182486 15 20 62837
182488 15 22 62838
182490 15 24 62839
182492 15 2 62889
182502 15 22 63054
182506 15 0 63056
182508 15 2 63057
182510 15 4 63058
182514 15 14 63060
182516 15 24 63159
182518 15 0 63160
182520 15 2 63161
182522 15 4 63162
182524 15 10 63163
182530 15 4 63226
182532 15 20 63477
182726 15 10 62603
182730 15 2 62841
182734 15 4 62890
182762 15 20 62813
182782 15 0 63080
182788 15 4 63322
182790 15 10 63323
182792 15 20 63325
182794 15 14 62804
182798 15 14 62852
182802 15 20 63061
182810 15 20 62637
182812 15 0 62656
182814 15 2 62657
182816 15 2 62865
182818 15 22 63062
182820 15 24 63063
182822 15 0 63064
182824 15 2 63065
182826 15 10 63235
182828 15 14 63236
182830 15 20 63237
182832 15 22 63246
182834 15 14 63252
182836 15 22 63262
182838 15 20 63277
182840 15 24 63279
182842 15 0 63280
182844 15 2 63281
182910 15 22 62638
182912 15 4 62658
182914 15 4 62866
182916 15 4 63066
182918 15 10 63067
182922 15 20 63069
182924 15 24 63239
182926 15 0 63240
182928 15 2 63241
182930 15 24 63247
182932 15 20 63253
182934 15 24 63263
182936 15 22 63278
182938 15 2 63289
182940 15 4 63290
183000 15 24 62575
183004 15 4 62578
183006 15 2 62641
183012 15 22 62958
183018 15 22 63462
183020 15 0 63464
183026 15 20 62581
183028 15 14 62644
183036 15 24 63071
183040 15 4 63466
183042 15 20 63469
183048 15 2 62561
183054 15 2 62753
183058 15 14 62868
183062 15 0 62928
183068 15 2 63073
183070 15 4 63074
183072 15 10 63075
183076 15 4 63378
183152 15 22 62606
183154 15 14 62684
183156 15 24 62855
183168 15 24 63079
183172 15 0 63288
183174 15 2 63361
183240 15 14 62772
183242 15 22 62774
183254 15 22 63158
183272 15 10 63083
183276 15 10 63099
183278 15 22 63102
183280 15 0 63136
183286 15 10 63251
183288 15 2 63449
183290 15 4 63450
183292 15 14 63452
183370 15 4 62562
183382 15 24 62871
183384 15 10 62915
183392 15 24 63087
183394 15 0 63088
183396 15 24 63199
183398 15 22 63382
183400 15 2 63441
183474 15 0 62536
183476 15 2 62537
183478 15 10 62539
183480 15 24 62567
183482 15 2 62569
183484 15 4 62570
183486 15 0 62608
183488 15 2 63089
183490 15 4 63090
183492 15 10 63091
183494 15 14 63092
183496 15 4 63130
183498 15 24 63183
183500 15 24 63487
183592 15 2 63473
183594 15 4 62514
183596 15 10 62515
183598 15 14 62516
183600 15 2 62945
183604 15 14 62948
183606 15 22 63094
183608 15 2 63265
183610 15 14 63268
183612 15 0 63472
183614 15 2 63025
183622 15 2 63097
183634 15 0 63448
183696 15 14 63100
183698 15 20 63101
183708 15 10 63451
183766 15 10 62979
183796 15 2 62465
183798 15 20 62469
183800 15 24 62679
183802 15 0 62680
183804 15 2 62681
183806 15 22 62686
183808 15 0 62688
183810 15 14 62708
183812 15 4 62898
183814 15 2 63105
183816 15 4 63106
183818 15 10 63107
183820 15 14 63108
183822 15 22 63302
183824 15 24 63303
183826 15 2 63305
183828 15 4 63306
183830 15 10 63307
183832 15 4 63330
183834 15 10 63331
183836 15 14 63332
183838 15 4 63338
183922 15 20 62645
183924 15 24 62671
183926 15 4 62674
183928 15 14 62676
183930 15 4 62722
183932 15 20 63109
183934 15 22 63254
183936 15 24 63255
183938 15 0 63256
183940 15 0 63328
183960 15 20 62509
183962 15 24 62511
183966 15 0 62904
183972 15 14 62932
183976 15 24 63111
183978 15 2 63201
183980 15 4 63202
183984 15 0 63456
183986 15 0 62512
183988 15 0 62640
183994 15 10 62931
183996 15 0 63112
184004 15 24 62607
184006 15 10 62635
184020 15 14 63116
184024 15 14 63132
184026 15 22 63134
184030 15 22 63430
184110 15 0 62768
184112 15 4 62770
184120 15 24 63119
184194 15 4 63026
184206 15 10 62563
184212 15 20 62821
184220 15 14 63124
184222 15 20 63125
184278 15 4 62498
184280 15 4 62546
184282 15 14 62548
184284 15 20 62549
184286 15 20 62565
184288 15 22 62566
184290 15 22 63126
184292 15 24 63127
184294 15 0 63128
184296 15 2 63129
184298 15 14 63164
184300 15 10 63179
184302 15 14 63180
184304 15 22 63182
184306 15 22 63318
184308 15 0 63320
184310 15 2 63321
184410 15 24 62503
184416 15 4 63010
184434 15 0 63216
184522 15 14 63028
184554 15 24 62615
184556 15 4 62634
184562 15 4 62994
184564 15 24 62999
184566 15 2 63137
184580 15 24 62935
184590 15 4 63138
184598 15 4 63394
184618 15 2 62937
184638 15 22 63398
184640 15 22 62550
184644 15 24 62727
184648 15 22 62742
184650 15 0 62744
184654 15 2 62873
184656 15 22 62918
184658 15 22 62974
184660 15 14 63140
184662 15 20 63141
184664 15 22 63142
184666 15 24 63143
184668 15 2 63345
184670 15 0 63376
184674 15 14 63484
184754 15 20 62693
184768 15 4 62554
184770 15 24 62559
184772 15 0 62728
184776 15 4 62746
184778 15 10 62747
184782 15 4 62874
184784 15 24 62919
184788 15 2 63145
184790 15 4 63146
184792 15 10 63147
184794 15 14 63148
184796 15 10 63347
184798 15 2 63377
184860 15 2 62817
184862 15 14 62820
184864 15 2 62881
184866 15 4 62882
184868 15 14 62884
184878 15 24 63023
184880 15 20 63149
184894 15 14 62828
184896 15 24 62831
184898 15 0 62832
184900 15 22 63150
184902 15 24 63151
184904 15 0 63152
184908 15 4 63474
184910 15 10 63475
184928 15 14 62996
184952 15 4 62826
184956 15 20 62829
184972 15 4 63154
184974 15 10 63155
184976 15 14 63156
184978 15 4 63210
185050 15 2 62833
185098 15 10 62771
185102 15 10 62835
185104 15 14 62836
185110 15 4 62842
185112 15 20 63157
185120 15 14 63476
185126 15 14 62772
185160 15 4 62834
185328 15 20 62485
185334 15 4 62730
185336 15 22 62750
185340 15 14 62916
185352 15 0 63168
185354 15 10 63171
185358 15 10 63219
185360 15 14 63220
185438 15 0 62520
185442 15 10 62531
185444 15 0 62616
185452 15 2 63001
185462 15 20 62853
185466 15 4 62970
185472 15 4 63170
185480 15 10 62819
185486 15 10 62883
185488 15 20 62933
185492 15 20 62997
185500 15 14 63172
185574 15 2 62769
185648 15 20 62501
185662 15 20 63181
185666 15 14 63348
185668 15 22 63350
185670 15 24 63351
185748 15 14 63092
185752 15 14 62572
185754 15 2 62905
185756 15 4 62906
185758 15 22 62966
185760 15 24 62967
185762 15 2 62969
185764 15 0 63184
185766 15 2 63185
185768 15 4 63186
185774 15 14 63228
185776 15 20 63229
185778 15 22 63230
185780 15 20 63381
185846 15 20 62629
185848 15 22 62630
185852 15 20 62797
185854 15 24 62799
185856 15 22 62822
185858 15 22 62934
185860 15 14 63188
185862 15 20 63189
185864 15 22 63190
185866 15 24 63191
185868 15 20 63213
185870 15 22 63214
185872 15 20 63269
185874 15 22 63270
185876 15 14 63388
185878 15 22 63414
185880 15 24 63415
185882 15 2 63417
185934 15 2 62609
185936 15 4 62610
185938 15 14 62612
185940 15 0 62816
185950 15 2 63097
185958 15 4 63194
185964 15 2 63393
185966 15 20 63429
185970 15 0 63448
186044 15 20 62949
186046 15 24 62951
186050 15 14 63196
186052 15 22 63462
186054 15 24 63463
186060 15 14 62956
186062 15 10 62963
186064 15 20 63197
186066 15 4 63466
186068 15 10 63467
186072 15 22 62486
186074 15 2 62489
186078 15 2 62753
186080 15 4 62754
186086 15 2 63073
186088 15 10 63075
186116 15 22 62590
186120 15 24 62991
186122 15 0 62992
186124 15 0 63200
186126 15 22 63206
186128 15 2 63209
186132 15 24 63455
186142 15 24 62591
186156 15 10 63203
186158 15 14 63204
186236 15 22 62990
186240 15 20 63205
186242 15 24 63383
186244 15 4 63386
186246 15 2 62593
186248 15 4 62594
186250 15 14 62596
186252 15 14 62804
186258 15 24 62983
186266 15 20 63061
186272 15 24 63207
186280 15 2 63385
186386 15 20 62885
186388 15 22 62886
186390 15 24 62887
186392 15 20 63045
186436 15 14 62892
186442 15 24 63055
186446 15 14 63060
186458 15 4 63226
186540 15 22 62502
186544 15 2 62601
186554 15 14 63012
186560 15 22 63038
186564 15 2 63041
186566 15 10 63043
186588 15 22 63398
186590 15 24 63399
186594 15 2 63401
186596 15 4 63402
186600 15 2 63473
186748 15 22 62478
186750 15 4 62690
186756 15 22 62926
186764 15 20 63221
186768 15 22 63014
186778 15 22 63222
186794 15 24 63223
186836 15 0 63056
186838 15 4 63058
186844 15 2 63225
186880 15 14 62908
186886 15 0 62968
186896 15 22 62614
186898 15 14 62756
186900 15 20 62757
186902 15 0 62912
186920 15 24 63231
186994 15 24 63031
186996 15 2 63033
187008 15 24 63479
187022 15 0 63000
187028 15 14 63356
187038 15 2 62937
187058 15 10 63403
187062 15 14 62636
187064 15 20 62637
187066 15 4 62642
187068 15 2 62665
187070 15 22 63062
187072 15 24 63063
187074 15 10 63235
187078 15 20 63237
187080 15 22 63238
187082 15 22 63246
187084 15 14 63252
187144 15 22 62638
187146 15 24 62639
187148 15 10 62643
187150 15 22 62670
187152 15 4 63066
187156 15 24 63239
187160 15 2 63241
187162 15 4 63242
187164 15 24 63247
187166 15 20 63253
187226 15 20 62805
187228 15 22 62806
187244 15 20 62821
187252 15 14 63124
187260 15 2 62617
187262 15 14 62628
187264 15 2 62945
187266 15 4 62946
187268 15 10 62947
187270 15 20 63245
187272 15 2 63265
187274 15 14 63268
187276 15 0 63424
187310 15 4 62490
187312 15 14 62564
187314 15 24 62655
187318 15 14 63020
187324 15 14 63084
187328 15 2 63249
187330 15 4 63250
187334 15 24 63471
187402 15 2 63065
187430 15 22 62646
187432 15 0 62648
187434 15 24 62671
187436 15 0 62672
187438 15 4 62674
187440 15 10 62691
187442 15 0 62960
187446 15 22 63254
187448 15 24 63255
187450 15 0 63256
187452 15 2 63257
187454 15 10 63283
187456 15 24 63327
187460 15 14 63404
187462 15 20 63405
187464 15 0 63408
187534 15 22 62470
187536 15 4 62514
187538 15 22 62662
187540 15 20 62685
187542 15 22 62846
187544 15 4 62850
187546 15 10 62875
187548 15 4 63258
187550 15 10 63259
187552 15 14 63260
187554 15 20 63261
187556 15 0 63264
187558 15 24 63431
187560 15 0 63432
187562 15 4 63434
187564 15 0 63440
187566 15 2 63481
187644 15 0 62656
187646 15 2 62657
187648 15 2 62865
187654 15 0 63064
187658 15 24 63279
187660 15 0 63280
187662 15 2 63281
187664 15 4 62658
187666 15 4 62866
187674 15 24 63263
187676 15 2 63289
187678 15 4 63290
187700 15 10 62515
187706 15 20 62733
187708 15 4 62738
187716 15 22 63094
187722 15 4 63266
187724 15 10 63267
187728 15 14 63380
187732 15 0 63472
187800 15 24 62631
187802 15 2 62705
187816 15 24 63271
187818 15 0 63272
187886 15 0 62480
187888 15 10 62483
187890 15 10 62571
187894 15 0 62720
187896 15 10 62739
187898 15 24 62775
187900 15 2 63273
187902 15 4 63274
187904 15 10 63275
187906 15 14 63276
187908 15 22 63374
187910 15 24 63375
187912 15 10 63379
187974 15 14 62660
187982 15 20 63277
187988 15 20 63293
187990 15 20 62661
187998 15 22 63278
188004 15 14 63292
188010 15 0 62664
188012 15 2 62809
188014 15 24 62879
188016 15 0 62880
188032 15 4 63282
188128 15 4 62650
188130 15 10 62651
188132 15 14 62652
188134 15 14 62692
188136 15 0 62760
188138 15 4 62762
188140 15 10 62763
188142 15 0 62776
188144 15 2 62777
188146 15 14 62796
188148 15 24 62823
188150 15 24 62847
188152 15 4 62962
188154 15 14 63284
188156 15 20 63285
188158 15 22 63286
188160 15 24 63287
188162 15 24 63295
188164 15 0 63296
188166 15 2 63409
188168 15 4 63410
188170 15 10 63411
188172 15 14 63428
188174 15 20 63453
188176 15 22 63454
188268 15 4 62978
188270 15 20 62981
188272 15 14 63076
188274 15 20 63077
188276 15 22 63078
188278 15 24 63103
188280 15 0 63288
188284 15 24 62663
188286 15 4 62666
188288 15 10 62667
188290 15 14 62668
188292 15 14 62876
188306 15 10 63291
188310 15 22 63294
188448 15 10 62675
188450 15 22 62678
188452 15 20 62893
188454 15 22 62894
188456 15 0 62896
188458 15 2 63297
188460 15 4 63298
188462 15 10 63299
188464 15 14 63300
188466 15 20 63301
188468 15 22 63334
188470 15 24 63335
188472 15 24 63343
188550 15 24 62679
188552 15 0 62680
188554 15 2 62681
188560 15 14 63108
188562 15 22 63302
188564 15 24 63303
188566 15 2 63305
188568 15 4 63306
188570 15 4 63330
188572 15 14 63332
188578 15 10 62683
188582 15 24 62687
188584 15 0 62688
188586 15 2 62897
188596 15 0 63304
188700 15 22 62758
188702 15 0 62920
188704 15 2 62921
188706 15 4 62922
188708 15 14 63308
188710 15 22 63366
188712 15 0 63368
188714 15 2 63369
188718 15 24 62599
188720 15 4 62610
188722 15 10 62611
188724 15 4 62986
188728 15 20 63005
188730 15 22 63006
188732 15 20 63309
188740 15 22 62518
188742 15 24 62519
188744 15 10 62587
188748 15 14 62676
188750 15 20 62677
188752 15 20 62725
188754 15 10 62731
188758 15 0 62872
188760 15 2 62985
188762 15 2 63001
188764 15 4 63002
188766 15 22 63310
188768 15 24 63311
188770 15 0 63312
188772 15 2 63313
188774 15 4 63346
188776 15 10 63387
188778 15 2 63457
188862 15 2 62465
188864 15 10 62467
188868 15 2 62497
188870 15 22 62694
188872 15 20 62717
188874 15 14 62732
188876 15 14 62764
188878 15 10 62867
188880 15 20 62941
188882 15 22 62942
188884 15 0 62944
188886 15 4 63314
188888 15 10 63315
188890 15 14 63316
188892 15 20 63317
188894 15 22 63326
188896 15 2 63425
188898 15 4 63426
188984 15 4 62498
188986 15 4 62546
188988 15 20 62549
188990 15 22 62566
188992 15 2 62721
188994 15 22 63126
188996 15 0 63128
188998 15 2 63129
189002 15 22 63318
189004 15 24 63319
189006 15 0 63320
189008 15 2 63321
189072 15 14 62604
189074 15 10 62771
189076 15 14 62772
189078 15 20 62813
189086 15 22 63158
189092 15 14 63324
189094 15 20 63325
189096 15 4 63458
189098 15 10 63459
189100 15 14 63460
189234 15 0 62472
189236 15 4 62586
189240 15 4 62778
189244 15 24 62863
189246 15 2 63329
189256 15 4 62706
189260 15 4 63106
189268 15 10 63331
189272 15 20 63333
189334 15 14 62484
189338 15 10 62707
189340 15 20 62709
189348 15 2 62977
189362 15 0 63336
189364 15 2 63337
189442 15 20 62469
189448 15 14 62708
189450 15 4 62898
189458 15 4 63338
189466 15 22 62710
189468 15 24 62711
189470 15 10 63339
189472 15 14 63340
189474 15 20 63341
189476 15 22 63342
189478 15 0 63344
189564 15 22 62550
189566 15 22 62558
189568 15 20 62741
189570 15 22 62742
189572 15 0 62744
189574 15 22 62974
189576 15 14 63140
189578 15 22 63142
189580 15 24 63143
189582 15 2 63345
189608 15 4 62554
189610 15 24 62559
189612 15 2 62745
189614 15 4 62746
189616 15 10 62747
189618 15 24 62975
189620 15 2 63145
189622 15 4 63146
189624 15 10 63147
189626 15 10 63347
189630 15 20 62501
189632 15 10 62803
189636 15 10 62979
189638 15 14 62980
189640 15 10 63179
189644 15 22 63182
189646 15 14 63348
189648 15 20 63349
189650 15 22 63350
189652 15 24 63351
189654 15 4 63482
189726 15 4 62522
189728 15 14 62524
189730 15 22 62726
189742 15 2 62849
189744 15 2 62961
189746 15 0 63352
189748 15 2 63353
189750 15 4 63354
189752 15 10 63355
189754 15 22 63446
189824 15 14 62508
189826 15 20 62509
189834 15 4 62930
189836 15 0 62976
189842 15 2 63233
189846 15 0 62464
189848 15 22 62526
189850 15 24 62615
189852 15 10 62723
189854 15 10 62859
189856 15 14 62860
189858 15 20 62861
189860 15 14 62964
189862 15 20 63357
189864 15 22 63358
189866 15 24 63359
189868 15 0 63360
189870 15 4 63442
189934 15 22 62606
189938 15 24 62855
189944 15 24 63079
189946 15 2 63361
189950 15 2 62513
189952 15 4 62530
189954 15 0 62616
189956 15 14 62724
189960 15 22 62902
189962 15 24 62903
189966 15 4 63362
189968 15 10 63363
189970 15 14 63364
189972 15 20 63365
189974 15 10 63443
190042 15 10 62491
190052 15 24 62959
190058 15 24 63367
190130 15 0 62584
190132 15 10 62795
190134 15 4 63370
190136 15 10 63371
190138 15 14 63372
190140 15 20 63373
190142 15 10 63435
190144 15 14 63436
190146 15 22 63438
190150 15 20 63461
190224 15 10 62483
190244 15 24 62727
190248 15 2 62873
190250 15 22 62918
190254 15 20 63141
190258 15 0 63376
190264 15 0 62728
190268 15 4 62874
190270 15 24 62919
190276 15 14 63148
190278 15 2 63377
190282 15 2 62489
190286 15 14 62868
190288 15 20 62869
190290 15 0 62928
190294 15 2 63073
190296 15 4 63074
190298 15 4 63378
190300 15 24 63439
190306 15 10 62739
190324 15 4 62738
190342 15 22 62966
190344 15 24 62967
190350 15 4 63186
190352 15 10 63187
190364 15 10 62475
190368 15 22 62870
190370 15 24 62871
190372 15 10 62915
190374 15 20 63085
190378 15 0 63088
190380 15 22 63382
190384 15 2 62593
190386 15 4 62594
190392 15 10 62899
190394 15 14 62900
190398 15 20 62989
190400 15 22 62990
190402 15 20 63205
190404 15 22 63206
190406 15 24 63207
190410 15 24 63383
190412 15 0 63384
190414 15 2 63385
190416 15 4 63386
190420 15 22 63470
190512 15 0 62872
190524 15 20 62629
190528 15 22 62934
190536 15 20 63269
190544 15 10 62851
190546 15 20 62853
190548 15 22 62854
190550 15 4 62970
190554 15 4 63170
190556 15 20 63389
190560 15 4 62610
190562 15 14 62612
190568 15 20 62917
190576 15 22 63030
190578 15 24 63031
190580 15 0 63032
190584 15 4 63034
190588 15 0 63192
190590 15 4 63194
190600 15 0 63392
190604 15 4 63394
190606 15 14 63396
190608 15 20 63397
190610 15 20 63429
190612 15 22 63478
190722 15 2 62785
190730 15 10 63035
190732 15 14 63036
190744 15 10 63395
190840 15 22 62502
190844 15 4 62794
190848 15 22 63038
190850 15 0 63040
190852 15 2 63041
190854 15 10 63043
190862 15 4 63218
190864 15 4 63234
190866 15 22 63398
190868 15 24 63399
190876 15 0 63480
190902 15 14 62788
190904 15 24 62791
190912 15 4 63042
191018 15 24 62575
191020 15 2 62641
191024 15 24 62647
191026 15 14 62740
191030 15 22 63254
191040 15 22 63406
191042 15 24 63407
191130 15 10 62579
191132 15 14 62644
191136 15 20 62653
191138 15 20 62749
191144 15 24 63287
191152 15 10 63411
191154 15 14 63412
191156 15 20 63413
191242 15 14 62540
191244 15 24 62695
191246 15 4 62698
191248 15 2 62705
191250 15 22 62750
191252 15 20 62797
191254 15 22 62798
191258 15 20 62877
191268 15 24 63271
191270 15 22 63414
191272 15 24 63415
191274 15 0 63416
191360 15 22 62542
191362 15 2 62545
191364 15 10 62699
191366 15 2 62801
191368 15 4 62802
191372 15 24 62807
191374 15 22 62878
191376 15 4 63418
191378 15 10 63419
191380 15 14 63420
191382 15 20 63421
191388 15 20 63437
191464 15 14 62596
191466 15 14 62804
191472 15 24 62983
191474 15 20 63061
191480 15 2 63209
191482 15 22 63422
191484 15 24 63423
191494 15 24 62991
191512 15 14 62628
191520 15 20 63245
191528 15 0 63424
191530 15 2 62465
191532 15 10 62467
191538 15 4 63314
191544 15 2 63425
191546 15 4 63426
191568 15 0 62600
191570 15 2 62881
191572 15 14 62884
191578 15 24 63007
191580 15 20 63021
191582 15 22 63022
191584 15 0 63024
191586 15 20 63149
191588 15 10 63427
191602 15 22 63286
191604 15 14 63428
191606 15 20 63453
191608 15 2 62609
191614 15 0 62816
191618 15 2 63193
191630 15 24 62607
191634 15 4 63114
191636 15 14 63116
191638 15 10 63131
191640 15 14 63132
191642 15 22 63134
191644 15 22 63430
191648 15 10 62755
191652 15 20 62765
191656 15 2 62977
191658 15 4 63258
191660 15 10 63259
191664 15 0 63264
191666 15 24 63431
191670 15 2 63433
191672 15 4 63434
191748 15 10 62995
191850 15 2 62753
191862 15 22 63198
191894 15 22 62734
191896 15 24 62735
191904 15 22 62982
191910 15 24 63199
191954 15 2 62601
191956 15 2 63009
191958 15 4 63010
191960 15 14 63012
191968 15 20 63133
191972 15 0 63216
191976 15 14 63444
191978 15 2 63473
191980 15 2 62729
191982 15 24 62767
191984 15 4 62770
191986 15 20 63029
191988 15 20 63117
191990 15 22 63118
191992 15 0 63120
191994 15 24 63175
191996 15 0 63176
191998 15 2 63177
192000 15 20 63445
192016 15 2 63025
192018 15 10 63027
192020 15 24 63095
192022 15 0 63096
192024 15 2 63097
192028 15 10 63195
192030 15 24 63447
192032 15 0 63448
192050 15 4 63082
192052 15 10 63099
192054 15 20 63101
192056 15 22 63102
192058 15 2 63449
192060 15 4 63450
192062 15 10 63451
192064 15 14 63452
192124 15 14 62796
192136 15 22 63454
192138 15 4 62650
192182 15 24 62511
192186 15 10 62931
192188 15 14 62932
192190 15 24 63111
192192 15 2 63201
192194 15 4 63202
192196 15 10 63203
192198 15 0 63456
192200 15 24 63487
192212 15 4 63002
192220 15 2 63457
192224 15 10 62771
192228 15 20 62909
192230 15 0 62984
192232 15 4 63322
192234 15 10 63323
192240 15 20 63373
192244 15 10 63459
192246 15 14 63460
192316 15 4 62578
192318 15 2 62809
192320 15 10 62811
192322 15 14 62812
192324 15 20 62949
192326 15 22 62958
192328 15 22 63070
192330 15 14 63196
192332 15 22 63462
192334 15 24 63463
192338 15 2 63465
192402 15 20 62581
192404 15 4 62666
192406 15 22 62814
192408 15 24 62815
192410 15 4 62954
192412 15 10 62963
192414 15 24 63071
192416 15 20 63197
192418 15 4 63466
192420 15 10 63467
192422 15 14 63468
192424 15 20 63469
192504 15 4 63018
192506 15 14 63020
192512 15 14 63084
192514 15 0 63248
192516 15 2 63249
192518 15 24 63471
192526 15 2 62945
192530 15 22 63094
192532 15 2 63265
192542 15 10 63011
192548 15 10 63019
192560 15 2 62713
192562 15 2 62825
192564 15 10 62827
192566 15 0 62832
192568 15 22 63046
192570 15 22 63150
192572 15 24 63151
192574 15 0 63152
192576 15 2 63153
192578 15 10 63155
192580 15 14 63156
192582 15 4 63210
192584 15 4 63474
192586 15 10 63475
192610 15 10 62835
192612 15 14 62836
192614 15 22 62838
192616 15 20 63157
192618 15 22 63158
192620 15 24 63159
192622 15 0 63160
192624 15 14 63476
192626 15 20 63477
192636 15 14 63052
192646 15 2 63161
192648 15 4 63162
192650 15 10 63211
192686 15 0 62712
192706 15 20 63309
192740 15 20 62685
192744 15 4 62850
192750 15 20 63261
192752 15 2 63481
192754 15 4 62978
192760 15 14 63348
192762 15 20 63349
192764 15 24 63351
192766 15 4 63482
192770 15 24 62583
192782 15 24 62951
192784 15 0 62952
192786 15 22 62998
192792 15 24 63143
192794 15 2 63345
192798 15 14 63484
192802 15 22 63486
192876 15 0 62536
192878 15 2 62537
192880 15 24 62567
192882 15 2 62569
192884 15 10 62843
192890 15 2 63089
192892 15 4 63090
192894 15 14 63092
192896 15 0 63112
192898 15 4 63130
192904 15 14 63204
192910 15 2 63553
192912 15 0 63560
192914 15 0 63576
192916 15 2 63577
192918 15 4 63578
192920 15 10 63579
192922 15 10 63595
192924 15 14 63596
192926 15 20 63597
192928 15 22 63598
192930 15 0 63784
192932 15 20 63805
192934 15 14 64084
192936 15 20 64085
192938 15 22 64086
192940 15 24 64087
192942 15 10 64139
192944 15 10 64155
192946 15 14 64156
192948 15 20 64157
192950 15 22 64158
192952 15 0 64168
192954 15 14 64420
192956 15 24 64431
192960 15 20 63741
192962 15 10 63611
192964 15 14 63612
192966 15 20 63613
192968 15 22 63614
192970 15 10 63643
192972 15 24 63495
192974 15 4 63498
192976 15 10 63515
192978 15 14 63516
192980 15 14 63628
192982 15 14 63652
192984 15 20 63653
192986 15 22 63654
192988 15 0 63672
192990 15 2 63673
192992 15 22 63926
192994 15 24 63927
192996 15 0 63928
192998 15 2 63929
193000 15 14 63964
193002 15 0 64024
193004 15 2 64177
193006 15 4 64178
193008 15 10 64179
193010 15 14 64180
193012 15 4 64274
193014 15 10 64331
193016 15 14 64332
193018 15 0 64496
193020 15 22 63510
193022 15 24 63591
193024 15 0 63592
193026 15 4 63594
193028 15 2 63697
193030 15 0 63832
193032 15 2 63833
193034 15 4 63834
193036 15 10 63835
193038 15 22 64006
193040 15 14 64220
193042 15 20 64221
193044 15 22 64222
193046 15 24 64223
193056 15 0 63584
193058 15 10 63659
193060 15 14 63660
193062 15 20 63661
193064 15 20 63669
193066 15 20 63709
193068 15 22 63710
193070 15 24 63711
193072 15 0 63712
193074 15 24 63855
193076 15 14 63908
193078 15 14 63980
193080 15 20 63981
193082 15 22 63982
193084 15 24 63983
193086 15 4 64090
193088 15 2 64169
193090 15 4 64170
193092 15 24 64215
193094 15 4 63698
193096 15 4 63522
193098 15 10 63523
193100 15 4 63586
193102 15 22 63646
193104 15 0 63960
193106 15 4 63962
193108 15 10 63963
193110 15 24 64007
193112 15 2 64033
193114 15 10 64171
193116 15 14 64172
193118 15 20 64173
193120 15 22 64174
193122 15 24 64231
193124 15 0 64288
193126 15 2 64313
193128 15 24 63607
193130 15 0 63608
193132 15 2 63609
193134 15 4 63610
193136 15 14 63748
193138 15 20 63845
193140 15 24 63967
193142 15 0 63968
193144 15 2 63969
193146 15 4 63970
193148 15 0 64088
193150 15 4 63538
193152 15 10 63539
193154 15 14 63540
193156 15 20 63541
193158 15 22 63542
193160 15 24 63543
193162 15 0 63544
193164 15 2 63545
193166 15 4 63562
193168 15 10 63563
193170 15 14 63564
193172 15 20 63565
193174 15 20 63533
193176 15 20 63549
193178 15 22 63550
193180 15 24 63671
193182 15 10 63683
193184 15 20 63685
193186 15 10 63787
193188 15 14 63788
193190 15 4 64050
193192 15 10 64051
193194 15 14 64052
193196 15 20 64053
193198 15 4 64058
193200 15 4 64138
193202 15 2 64273
193206 15 10 63507
193208 15 20 63645
193210 15 0 63856
193212 15 2 63857
193214 15 4 63858
193216 15 10 63859
193218 15 0 63880
193220 15 2 63881
193222 15 4 63882
193224 15 10 63883
193226 15 20 63965
193228 15 24 64159
193232 15 4 63554
193234 15 14 63700
193236 15 0 64128
193238 15 2 64129
193240 15 4 64130
193242 15 10 64131
193244 15 2 64137
193246 15 10 64307
193252 15 4 63706
193254 15 2 64041
193256 15 4 64042
193258 15 10 64043
193260 15 14 64044
193262 15 20 64045
193264 15 14 64324
193268 15 22 63534
193270 15 0 63536
193272 15 2 63537
193276 15 22 63630
193278 15 0 63632
193280 15 2 63633
193282 15 4 63634
193284 15 24 63647
193292 15 22 63662
193294 15 0 63800
193296 15 22 63870
193298 15 20 63973
193300 15 4 64074
193302 15 10 64075
193304 15 14 64076
193306 15 20 64077
193308 15 10 64083
193310 15 20 64213
193312 15 22 64214
193314 15 4 64458
193318 15 14 63500
193320 15 10 63635
193322 15 14 63636
193324 15 20 63637
193326 15 22 63638
193328 15 0 63648
193330 15 2 63649
193332 15 4 63650
193334 15 10 63651
193342 15 24 63655
193344 15 24 63735
193346 15 10 63795
193348 15 22 63902
193350 15 24 63903
193352 15 0 63904
193354 15 2 63905
193356 15 10 63971
193358 15 4 63986
193360 15 4 64266
193362 15 10 64267
193364 15 14 64268
193366 15 20 64269
193368 15 10 64339
193370 15 14 64388
193372 15 22 64478
193384 15 10 63603
193386 15 14 63604
193388 15 20 63605
193390 15 22 63606
193398 15 14 63796
193400 15 14 63892
193402 15 10 64195
193404 15 14 64196
193406 15 20 64197
193408 15 22 64198
193410 15 22 64326
193412 15 10 64451
193426 15 10 63619
193428 15 14 63620
193430 15 20 63621
193432 15 22 63622
193436 15 2 63801
193438 15 20 63893
193440 15 2 64209
193442 15 4 64210
193444 15 10 64211
193446 15 14 64212
193448 15 20 64333
193450 15 14 64452
193460 15 2 63489
193470 15 0 63656
193472 15 2 63657
193474 15 10 63699
193476 15 10 63747
193478 15 4 64114
193480 15 10 64115
193482 15 14 64116
193484 15 20 64117
193486 15 0 64240
193488 15 2 64241
193490 15 2 64305
193500 15 2 63505
193502 15 24 63519
193504 15 0 63568
193506 15 2 63569
193508 15 4 63570
193510 15 10 63571
193516 15 24 63599
193518 15 0 63600
193520 15 2 63601
193522 15 4 63602
193524 15 22 63862
193526 15 24 63863
193528 15 0 63864
193530 15 2 63865
193532 15 14 63956
193534 15 22 64110
193536 15 24 64111
193538 15 0 64112
193540 15 2 64113
193542 15 4 64338
193544 15 24 64487
193556 15 4 63546
193558 15 10 63555
193560 15 20 63797
193562 15 2 63913
193564 15 4 63914
193566 15 10 63915
193568 15 14 63916
193570 15 14 64092
193572 15 20 64093
193574 15 24 64095
193576 15 22 64118
193578 15 24 64143
193580 15 0 64232
193582 15 2 64233
193584 15 4 64234
193586 15 10 64235
193588 15 14 64244
193590 15 10 64395
193610 15 10 63547
193612 15 20 63557
193614 15 22 63798
193616 15 20 63917
193618 15 22 63918
193620 15 24 63919
193622 15 0 63920
193624 15 24 64119
193626 15 20 64141
193628 15 14 64236
193630 15 20 64237
193632 15 22 64238
193634 15 24 64239
193636 15 20 64245
193656 15 10 63667
193658 15 14 63668
193664 15 4 63674
193666 15 10 63675
193684 15 0 63488
193688 15 4 63490
193692 15 24 63743
193694 15 0 63744
193696 15 2 63745
193698 15 4 63746
193700 15 22 64054
193702 15 24 64055
193704 15 0 64056
193706 15 2 64057
193708 15 24 64263
193710 15 22 64334
193712 15 24 64335
193714 15 0 64336
193716 15 2 64337
193728 15 24 63535
193734 15 4 63866
193736 15 10 63867
193738 15 14 63868
193740 15 20 63869
193742 15 10 63947
193756 15 14 63684
193760 15 22 63686
193762 15 10 63587
193764 15 24 63663
193766 15 2 63665
193768 15 2 63681
193770 15 20 63773
193772 15 4 63802
193774 15 0 63896
193776 15 14 64284
193778 15 20 64285
193780 15 22 64286
193782 15 24 64287
193784 15 0 64352
193786 15 22 64502
193792 15 14 63588
193794 15 4 63682
193796 15 22 63774
193798 15 24 63775
193800 15 2 63777
193802 15 10 63803
193804 15 2 63897
193806 15 20 64293
193808 15 22 64294
193810 15 24 64295
193812 15 0 64296
193814 15 4 64354
193816 15 10 64507
193828 15 20 63589
193830 15 0 63728
193832 15 24 63687
193834 15 0 63688
193836 15 2 63689
193838 15 4 63690
193852 15 0 63624
193854 15 2 63625
193856 15 4 63626
193858 15 10 63627
193860 15 10 63819
193862 15 14 63820
193864 15 20 63821
193866 15 22 63822
193868 15 2 64025
193870 15 24 63639
193872 15 0 63640
193874 15 2 63641
193876 15 4 63642
193878 15 24 63823
193880 15 0 63824
193882 15 2 63825
193884 15 4 63826
193886 15 4 64026
193888 15 4 63562
193896 15 24 63703
193900 15 0 63816
193902 15 10 63907
193904 15 24 63935
193906 15 0 63936
193908 15 2 63937
193910 15 4 63938
193912 15 2 63945
193914 15 14 64308
193916 15 20 64309
193918 15 22 64310
193920 15 24 64311
193922 15 0 64328
193924 15 2 64329
193926 15 2 64425
193928 15 10 64475
193932 15 20 63509
193934 15 14 63644
193936 15 14 63676
193938 15 20 63677
193940 15 22 63678
193942 15 24 63679
193944 15 24 63799
193946 15 10 63939
193948 15 14 63940
193950 15 20 63941
193952 15 22 63942
193954 15 2 64065
193956 15 4 64066
193958 15 10 64067
193960 15 14 64068
193962 15 4 64242
193964 15 2 64257
193966 15 4 64258
193968 15 24 63511
193970 15 0 63512
193972 15 2 63513
193974 15 24 63623
193976 15 22 63670
193978 15 10 63691
193980 15 14 63692
193982 15 20 63693
193984 15 22 63694
193986 15 24 63695
193988 15 10 63715
193990 15 2 63737
193992 15 22 63894
193994 15 22 64014
193996 15 24 64015
193998 15 0 64016
194000 15 2 64017
194002 15 22 64022
194004 15 4 64034
194006 15 10 64035
194030 15 10 63707
194034 15 4 63922
194036 15 10 63923
194038 15 14 63924
194040 15 20 63925
194042 15 2 64185
194044 15 4 64186
194046 15 10 64187
194048 15 14 64188
194050 15 0 64208
194052 15 20 64469
194058 15 22 63590
194092 15 2 63729
194094 15 14 63884
194096 15 20 63885
194098 15 22 63886
194100 15 24 63887
194102 15 0 64280
194104 15 2 64281
194106 15 4 64282
194108 15 10 64283
194110 15 20 64349
194132 15 20 63733
194134 15 22 63734
194142 15 24 63943
194144 15 0 63944
194156 15 20 63517
194158 15 0 63520
194174 15 2 63785
194176 15 20 63789
194178 15 14 63804
194180 15 2 63817
194182 15 4 64378
194184 15 10 64379
194186 15 14 64380
194188 15 20 64381
194190 15 22 64422
194192 15 22 64430
194194 15 24 63791
194196 15 0 63792
194198 15 2 63793
194200 15 4 63794
194202 15 0 63808
194204 15 4 63818
194206 15 22 64382
194208 15 24 64383
194210 15 0 64384
194212 15 2 64385
194214 15 24 64423
194216 15 4 64434
194218 15 10 63739
194220 15 14 63524
194222 15 20 63525
194224 15 20 63749
194226 15 22 63750
194228 15 4 63530
194230 15 24 63759
194232 15 0 63760
194234 15 2 63761
194236 15 4 63762
194238 15 10 63755
194240 15 14 63756
194242 15 22 63758
194244 15 10 63763
194256 15 24 64079
194258 15 14 63548
194266 15 14 63764
194276 15 24 63975
194278 15 20 64133
194280 15 22 64134
194282 15 24 64135
194284 15 0 64136
194286 15 10 64323
194288 15 14 64396
194310 15 2 64081
194314 15 24 63631
194320 15 0 63664
194324 15 4 63666
194326 15 2 63705
194328 15 22 63854
194332 15 4 63954
194336 15 2 63961
194342 15 24 64063
194344 15 22 64398
194346 15 24 64399
194348 15 0 64400
194350 15 2 64401
194352 15 14 64404
194354 15 20 64405
194356 15 0 64480
194378 15 20 63765
194380 15 24 63559
194382 15 2 63585
194384 15 22 63766
194386 15 24 63767
194388 15 24 64151
194390 15 0 64152
194392 15 2 64153
194394 15 4 64154
194396 15 24 64407
194398 15 0 64408
194400 15 2 64409
194402 15 4 64410
194404 15 10 64411
194414 15 20 63717
194416 15 22 63718
194418 15 24 63719
194420 15 0 63720
194422 15 0 63736
194426 15 0 63576
194428 15 2 63577
194430 15 4 63578
194432 15 10 63579
194436 15 10 64155
194440 15 20 64157
194446 15 14 64412
194448 15 20 64413
194450 15 22 64414
194452 15 24 64415
194490 15 22 63518
194492 15 0 63768
194494 15 2 63769
194496 15 4 63770
194498 15 10 63771
194504 15 0 63528
194508 15 24 63751
194510 15 14 63556
194516 15 20 63597
194526 15 22 63806
194528 15 24 63807
194534 15 20 63573
194536 15 10 63827
194538 15 14 63828
194540 15 22 63830
194542 15 24 63895
194544 15 4 63994
194546 15 10 63995
194548 15 14 63996
194550 15 20 63997
194552 15 2 64073
194554 15 0 64200
194556 15 2 64201
194558 15 4 64202
194560 15 10 64203
194562 15 24 64327
194566 15 0 63584
194576 15 4 63906
194586 15 22 63862
194602 15 2 63633
194616 15 14 63500
194618 15 0 63616
194620 15 4 63618
194630 15 0 63888
194632 15 2 63889
194634 15 4 63890
194636 15 10 63891
194638 15 2 64009
194672 15 20 63909
194692 15 22 63606
194718 15 10 64195
194728 15 10 64267
194730 15 14 64268
194738 15 24 64503
194740 15 0 64504
194742 15 2 64505
194744 15 4 64506
194762 15 4 63658
194764 15 22 63838
194772 15 20 63669
194776 15 20 63981
194778 15 22 63982
194782 15 4 64090
194794 15 24 63615
194800 15 14 64028
194802 15 20 64029
194804 15 22 64030
194806 15 24 64031
194812 15 20 64173
194814 15 22 64174
194816 15 24 64175
194830 15 0 64488
194832 15 2 64489
194834 15 4 64490
194836 15 10 64491
194850 15 10 63515
194860 15 2 63617
194862 15 14 63628
194864 15 22 63798
194866 15 22 64046
194868 15 24 64047
194870 15 0 64048
194872 15 2 64049
194874 15 0 64176
194876 15 2 64177
194878 15 4 64178
194880 15 10 64179
194882 15 14 64180
194888 15 22 64238
194890 15 24 64239
194894 15 4 64274
194896 15 4 64498
194898 15 10 64499
194900 15 14 64500
194902 15 20 64501
194922 15 20 63829
194926 15 22 63910
194928 15 22 63534
194950 15 4 64074
194952 15 10 64075
194962 15 2 64209
194964 15 4 64210
194970 15 20 64213
194976 15 2 64313
194980 15 14 64492
194982 15 20 64493
194984 15 22 64494
194986 15 24 64495
194998 15 22 63742
195000 15 2 63521
195004 15 4 63850
195006 15 10 63851
195008 15 14 63852
195010 15 20 63853
195012 15 2 63921
195014 15 22 63950
195016 15 24 63951
195018 15 0 63952
195020 15 2 63953
195022 15 14 64164
195024 15 20 64165
195026 15 22 64166
195028 15 24 64167
195030 15 24 64367
195032 15 0 64368
195034 15 2 64369
195036 15 4 64370
195038 15 10 64371
195056 15 20 63629
195058 15 4 63698
195062 15 24 63791
195070 15 20 63877
195072 15 22 63902
195078 15 0 63912
195080 15 14 63972
195082 15 4 64002
195084 15 10 64003
195086 15 14 64004
195088 15 0 64008
195090 15 0 64032
195092 15 10 64275
195094 15 14 64276
195096 15 20 64277
195098 15 22 64278
195100 15 24 64279
195102 15 22 64486
195138 15 24 63911
195142 15 4 63986
195144 15 20 63645
195146 15 0 63856
195148 15 2 63857
195150 15 4 63858
195152 15 10 63859
195154 15 14 63572
195160 15 0 63752
195162 15 14 63836
195164 15 0 63976
195166 15 2 63977
195168 15 4 63978
195170 15 10 63979
195172 15 22 63998
195174 15 24 63999
195176 15 0 64000
195178 15 2 64001
195180 15 14 64204
195182 15 20 64205
195184 15 22 64206
195186 15 24 64207
195188 15 2 64265
195190 15 14 64348
195192 15 14 64468
195200 15 20 63709
195202 15 22 63710
195204 15 24 63711
195206 15 0 63712
195208 15 24 63855
195218 15 24 63735
195220 15 22 63926
195222 15 24 63927
195224 15 0 63928
195226 15 2 63929
195234 15 20 64005
195238 15 2 64089
195244 15 4 64330
195246 15 10 64331
195248 15 14 64332
195250 15 0 64496
195282 15 10 63731
195284 15 24 63831
195286 15 20 64069
195288 15 22 64070
195290 15 24 64071
195292 15 0 64072
195294 15 10 64259
195296 15 14 64260
195298 15 20 64261
195300 15 22 64262
195302 15 4 63738
195306 15 22 63566
195308 15 24 63567
195318 15 4 63778
195320 15 10 63779
195322 15 14 63780
195324 15 20 63781
195326 15 0 63872
195334 15 0 63568
195336 15 2 63569
195338 15 4 63570
195342 15 14 63772
195344 15 10 63683
195346 15 20 63685
195348 15 10 63787
195350 15 14 63788
195352 15 14 63708
195360 15 22 63574
195362 15 24 63599
195366 15 4 63730
195370 15 22 63782
195372 15 24 63783
195374 15 14 63860
195376 15 4 63898
195378 15 10 63899
195380 15 14 63900
195382 15 20 63901
195384 15 24 63959
195386 15 22 64318
195388 15 24 64319
195390 15 0 64320
195392 15 2 64321
195394 15 22 64374
195396 15 24 64375
195398 15 0 64376
195400 15 2 64377
195402 15 0 64416
195404 15 2 64417
195406 15 4 64418
195408 15 10 64419
195410 15 24 64455
195412 15 24 64479
195428 15 24 63551
195434 15 20 63757
195440 15 14 63820
195442 15 20 63821
195444 15 22 63822
195446 15 22 63974
195448 15 14 64124
195450 15 20 64125
195452 15 22 64126
195454 15 24 64127
195456 15 4 64322
195458 15 2 64393
195476 15 2 63825
195478 15 4 63826
195482 15 4 63922
195484 15 10 63923
195490 15 10 63499
195494 15 14 63532
195496 15 14 63580
195498 15 22 63582
195500 15 24 63583
195502 15 0 63680
195504 15 2 63753
195506 15 4 63754
195508 15 10 63939
195510 15 20 63941
195512 15 20 63957
195514 15 22 63958
195516 15 22 63990
195518 15 24 63991
195520 15 0 63992
195522 15 2 63993
195524 15 0 64224
195526 15 2 64225
195528 15 4 64226
195530 15 10 64227
195532 15 14 64228
195534 15 20 64229
195536 15 22 64230
195538 15 10 64251
195540 15 14 64252
195542 15 20 64253
195544 15 22 64254
195546 15 24 64271
195548 15 2 64289
195550 15 4 64290
195552 15 10 64291
195554 15 14 64292
195556 15 22 64302
195558 15 22 64390
195560 15 20 64445
195562 15 22 64446
195564 15 24 64447
195566 15 2 64497
195582 15 14 63884
195588 15 24 63887
195608 15 2 63601
195620 15 20 63581
195626 15 22 63726
195632 15 4 63786
195634 15 10 63931
195636 15 14 63932
195638 15 20 63933
195640 15 22 63934
195658 15 24 64023
195662 15 22 64190
195672 15 20 64301
195678 15 10 63691
195680 15 24 63695
195686 15 22 63894
195696 15 22 64014
195698 15 24 64015
195700 15 0 64016
195706 15 10 64059
195708 15 14 64060
195710 15 20 64061
195712 15 22 64062
195716 15 10 64355
195718 15 0 63488
195720 15 2 63489
195722 15 4 63490
195724 15 24 63743
195732 15 22 64054
195734 15 24 64055
195736 15 0 64056
195738 15 2 64057
195740 15 24 64263
195744 15 0 63536
195756 15 22 63662
195762 15 14 64076
195766 15 10 64083
195770 15 14 63636
195784 15 10 63971
195788 15 4 64042
195790 15 10 64043
195792 15 14 64044
195794 15 20 64045
195854 15 4 64018
195856 15 10 64019
195858 15 14 64020
195860 15 20 64021
195862 15 20 64037
195864 15 22 64038
195866 15 24 64039
195868 15 0 64040
195870 15 10 64091
195884 15 0 63840
195886 15 2 63841
195888 15 4 63842
195890 15 10 63843
195892 15 0 63552
195894 15 2 63553
195906 15 0 63696
195908 15 10 63723
195910 15 14 63724
195912 15 14 63892
195914 15 24 63935
195922 15 0 63984
195924 15 22 64102
195926 15 0 64120
195928 15 2 64121
195930 15 4 64122
195932 15 10 64123
195934 15 14 64132
195954 15 14 63516
195964 15 0 64024
195972 15 22 63614
195976 15 0 63616
195978 15 14 64092
195980 15 20 64093
195982 15 22 64094
195984 15 24 64095
195986 15 0 64096
195988 15 20 63525
195992 15 2 64097
195994 15 4 64098
195996 15 10 64099
195998 15 14 64100
196000 15 20 64101
196002 15 10 63595
196004 15 14 63596
196006 15 20 63597
196008 15 22 63598
196010 15 14 64084
196012 15 20 64085
196014 15 22 64086
196016 15 24 64087
196018 15 10 64139
196020 15 4 63538
196028 15 14 64028
196046 15 22 64046
196050 15 0 64048
196052 15 2 64049
196054 15 0 64176
196056 15 4 63522
196058 15 10 63523
196066 15 24 64007
196068 15 2 64033
196072 15 0 63624
196074 15 2 63625
196076 15 4 63626
196078 15 10 63627
196080 15 20 63861
196084 15 24 63639
196086 15 0 63640
196088 15 2 63641
196090 15 4 63642
196092 15 24 63871
196094 15 4 63530
196098 15 4 64106
196100 15 10 64107
196102 15 14 64108
196104 15 20 64109
196106 15 22 64142
196108 15 14 63548
196118 15 20 64133
196122 15 24 64135
196172 15 14 63508
196192 15 10 64291
196198 15 10 64443
196208 15 22 63558
196210 15 10 64147
196212 15 14 64148
196214 15 20 64149
196216 15 22 64150
196230 15 24 63559
196232 15 24 64151
196252 15 14 64156
196256 15 22 64158
196282 15 24 63535
196286 15 4 63554
196288 15 4 63722
196292 15 20 63869
196294 15 20 63893
196296 15 24 63943
196298 15 10 63947
196300 15 2 63985
196302 15 0 64128
196304 15 2 64129
196306 15 4 64130
196308 15 10 64131
196310 15 2 64137
196324 15 14 63716
196326 15 2 64297
196328 15 4 64298
196330 15 10 64299
196332 15 14 64300
196352 15 10 63643
196354 15 4 64114
196356 15 10 64115
196358 15 14 64116
196360 15 20 64117
196364 15 22 63950
196376 15 14 63540
196378 15 4 63546
196382 15 4 63914
196384 15 10 63915
196386 15 14 63916
196388 15 22 64118
196394 15 2 63545
196396 15 10 63547
196398 15 20 63917
196400 15 22 63918
196402 15 24 63919
196404 15 0 63920
196406 15 24 64119
196418 15 4 64178
196420 15 10 64179
196428 15 14 63828
196430 15 22 63830
196434 15 14 63644
196438 15 20 63677
196440 15 22 63678
196442 15 24 63679
196460 15 24 64143
196462 15 10 64395
196464 15 20 63557
196474 15 20 64141
196476 15 2 63521
196478 15 24 63607
196480 15 0 63608
196482 15 2 63609
196484 15 4 63610
196486 15 20 63845
196488 15 4 63850
196490 15 10 63851
196492 15 14 63852
196496 15 14 64164
196498 15 20 64165
196504 15 0 64216
196506 15 2 64217
196508 15 4 64218
196510 15 10 64219
196512 15 0 64368
196514 15 2 64369
196516 15 4 64370
196520 15 14 64444
196532 15 22 63510
196534 15 0 63832
196536 15 2 63833
196538 15 4 63834
196540 15 10 63835
196542 15 20 64181
196544 15 22 64182
196546 15 24 64183
196548 15 0 64184
196566 15 10 64171
196568 15 14 64172
196570 15 20 64173
196572 15 22 64174
196574 15 0 64288
196580 15 10 63699
196582 15 14 63700
196584 15 20 63701
196610 15 10 64307
196612 15 0 64312
196614 15 14 64476
196640 15 2 63729
196666 15 0 63584
196674 15 0 63712
196678 15 22 63790
196680 15 14 63980
196682 15 24 63983
196684 15 2 64169
196686 15 4 64170
196688 15 24 64215
196690 15 24 64439
196692 15 0 64440
196694 15 2 64441
196696 15 4 64442
196728 15 4 63562
196730 15 10 63563
196732 15 20 63565
196734 15 4 63706
196736 15 0 63816
196740 15 10 64043
196742 15 14 64044
196744 15 14 64308
196746 15 22 64310
196748 15 14 64324
196750 15 0 64328
196752 15 2 64329
196754 15 2 64425
196768 15 10 63587
196776 15 24 63663
196778 15 2 63665
196780 15 4 63666
196782 15 2 63681
196784 15 20 63725
196786 15 20 63773
196788 15 4 63802
196790 15 14 63948
196796 15 14 63988
196800 15 24 64063
196802 15 0 64144
196804 15 14 64284
196806 15 20 64285
196808 15 22 64286
196810 15 24 64287
196812 15 0 64352
196836 15 0 63496
196838 15 2 63497
196844 15 14 63588
196852 15 4 63682
196854 15 24 63727
196856 15 22 63774
196858 15 24 63775
196860 15 0 63776
196862 15 2 63777
196864 15 10 63803
196870 15 20 63949
196872 15 20 63989
196876 15 4 64146
196878 15 0 64264
196880 15 20 64293
196882 15 22 64294
196884 15 24 64295
196886 15 0 64296
196888 15 4 64354
196932 15 2 63817
196938 15 22 63742
196940 15 22 63902
196944 15 0 63904
196948 15 14 63972
196950 15 4 63818
196988 15 4 63506
196992 15 2 63721
197002 15 0 64344
197004 15 2 64345
197006 15 4 64346
197008 15 10 64347
197016 15 20 63501
197018 15 22 63502
197020 15 24 63503
197022 15 0 63504
197024 15 24 63687
197026 15 0 63688
197028 15 2 63689
197030 15 4 63690
197032 15 2 63873
197034 15 4 63874
197036 15 10 63875
197038 15 14 63876
197040 15 22 63878
197050 15 10 64243
197096 15 0 64232
197098 15 2 64233
197100 15 4 64234
197102 15 10 64235
197104 15 14 64244
197116 15 14 64236
197118 15 20 64237
197120 15 22 64238
197122 15 24 64239
197124 15 20 64245
197144 15 14 64276
197146 15 20 64277
197148 15 22 64278
197150 15 24 64279
197154 15 14 63684
197158 15 22 63686
197160 15 14 63788
197162 15 0 63840
197168 15 4 63930
197170 15 4 64082
197172 15 4 64426
197174 15 10 64427
197176 15 14 64428
197178 15 20 64429
197190 15 14 63652
197192 15 20 63653
197194 15 22 63654
197196 15 2 63673
197198 15 14 63964
197204 15 14 63564
197208 15 10 63907
197216 15 4 63978
197218 15 10 63979
197220 15 4 63586
197230 15 2 64313
197232 15 20 63509
197234 15 24 63799
197254 15 22 63702
197256 15 24 63703
197262 15 10 64091
197270 15 0 64304
197272 15 4 64306
197304 15 10 63795
197306 15 4 64266
197308 15 10 64267
197310 15 14 64268
197312 15 20 64269
197314 15 10 64339
197316 15 22 63574
197318 15 4 63898
197320 15 10 63899
197322 15 14 63900
197326 15 24 63959
197330 15 20 63573
197332 15 22 63726
197370 15 10 63603
197372 15 14 63604
197374 15 20 63605
197376 15 22 63606
197384 15 14 63796
197386 15 10 64195
197388 15 14 64196
197390 15 20 64197
197392 15 22 64198
197394 15 22 64326
197422 15 0 63800
197424 15 4 64074
197426 15 10 64075
197428 15 20 64077
197430 15 20 64213
197432 15 22 64214
197474 15 22 63942
197476 15 20 63957
197478 15 2 64065
197480 15 4 64066
197482 15 10 64067
197484 15 2 64185
197486 15 4 64186
197488 15 10 64187
197490 15 14 64188
197492 15 4 64242
197494 15 4 64258
197532 15 10 63619
197534 15 14 63620
197536 15 20 63621
197538 15 22 63622
197542 15 2 63801
197546 15 4 64210
197548 15 10 64211
197550 15 14 64212
197552 15 20 64333
197554 15 10 63507
197556 15 0 63704
197558 15 20 63837
197560 15 2 64361
197562 15 4 64362
197564 15 10 64363
197566 15 14 64364
197574 15 24 63511
197576 15 0 63512
197578 15 2 63513
197580 15 4 63514
197582 15 24 63623
197584 15 10 63691
197586 15 14 63692
197588 15 20 63693
197590 15 22 63694
197594 15 2 63713
197596 15 22 63846
197598 15 24 63847
197600 15 0 63848
197602 15 2 63849
197604 15 0 63880
197606 15 2 63881
197614 15 2 64017
197616 15 22 64022
197618 15 24 64103
197620 15 2 64145
197622 15 0 64272
197624 15 20 64461
197626 15 22 64462
197628 15 24 64463
197630 15 0 64464
197632 15 2 64465
197634 15 4 64466
197636 15 10 64467
197658 15 10 63491
197660 15 14 63492
197662 15 20 63493
197664 15 22 63494
197666 15 2 63561
197668 15 20 63813
197672 15 14 63844
197674 15 24 63879
197692 15 14 63532
197704 15 22 63958
197720 15 22 63526
197722 15 24 63575
197724 15 24 63591
197726 15 0 63592
197728 15 2 63593
197730 15 4 63594
197732 15 2 63697
197742 15 4 63922
197744 15 14 63924
197746 15 20 63925
197748 15 22 64006
197750 15 0 64080
197760 15 24 64199
197762 15 2 64457
197780 15 14 63572
197782 15 10 63731
197790 15 20 63645
197792 15 14 63732
197806 15 4 63786
197816 15 10 63931
197818 15 14 63932
197822 15 22 63934
197824 15 22 63990
197826 15 0 63992
197828 15 2 63993
197830 15 24 64023
197832 15 24 64191
197834 15 0 64192
197836 15 2 64193
197838 15 4 64194
197840 15 0 64224
197842 15 10 64227
197844 15 24 64271
197846 15 24 64303
197862 15 10 63715
197864 15 22 63894
197866 15 4 64010
197868 15 10 64011
197870 15 20 64013
197872 15 14 64036
197882 15 14 64356
197884 15 20 64357
197886 15 22 64358
197888 15 24 64359
197914 15 14 64012
197936 15 22 63670
197954 15 10 64035
197956 15 14 63708
197958 15 20 64037
197960 15 22 64038
197962 15 24 64039
197964 15 0 64040
197966 15 14 63524
197968 15 2 63529
197970 15 20 63733
197972 15 10 63739
197974 15 20 63749
197976 15 14 64092
197978 15 22 64094
197982 15 0 64096
197990 15 14 64340
197992 15 20 64341
197994 15 22 64350
197996 15 4 64386
198010 15 20 63525
198012 15 10 63531
198016 15 22 63734
198018 15 14 63740
198020 15 22 63750
198024 15 10 64099
198026 15 14 64100
198028 15 20 64101
198030 15 20 64133
198032 15 22 64134
198036 15 22 64342
198038 15 24 64343
198040 15 24 64351
198042 15 10 64387
198108 15 10 63667
198110 15 14 63668
198112 15 14 64028
198114 15 20 64029
198116 15 22 64030
198118 15 24 64031
198122 15 14 64172
198130 15 4 64250
198132 15 0 64488
198134 15 10 64491
198136 15 14 64492
198138 15 20 64493
198140 15 22 64494
198142 15 24 64495
198172 15 20 63717
198174 15 22 63718
198176 15 24 63719
198178 15 0 63720
198190 15 14 64140
198220 15 0 63752
198228 15 24 63527
198236 15 14 63748
198240 15 22 63814
198242 15 24 63815
198246 15 4 63946
198290 15 4 63674
198292 15 10 63675
198294 15 14 63964
198298 15 24 64047
198308 15 10 64179
198310 15 14 64180
198312 15 22 64270
198314 15 14 64332
198316 15 4 64498
198318 15 20 64501
198320 15 24 64503
198322 15 0 64504
198324 15 2 64505
198326 15 4 64506
198358 15 4 63490
198360 15 10 63611
198366 15 0 63656
198368 15 2 63657
198370 15 10 63747
198372 15 4 64114
198374 15 14 64116
198376 15 20 64117
198378 15 0 64240
198380 15 2 64241
198382 15 22 64334
198384 15 24 64335
198386 15 0 64336
198388 15 2 64337
198436 15 2 64041
198438 15 10 64043
198440 15 14 64044
198442 15 14 64324
198448 15 2 63809
198450 15 4 63810
198452 15 10 63811
198454 15 14 63812
198478 15 10 63683
198484 15 22 63686
198506 15 0 63560
198508 15 2 63585
198510 15 10 63595
198512 15 20 63597
198514 15 22 63598
198516 15 22 63766
198518 15 24 63767
198520 15 14 63804
198522 15 20 63805
198524 15 10 64155
198526 15 14 64156
198528 15 20 64157
198530 15 22 64158
198532 15 24 64407
198534 15 0 64408
198536 15 2 64409
198538 15 4 64410
198540 15 10 64411
198542 15 14 64412
198544 15 20 64413
198546 15 22 64414
198548 15 24 64415
198550 15 24 64431
198572 15 22 63630
198574 15 24 63631
198576 15 0 63632
198578 15 2 63705
198580 15 4 63954
198600 15 10 64131
198608 15 20 63701
198616 15 0 63944
198618 15 22 64054
198622 15 2 64057
198624 15 0 64312
198626 15 14 64476
198636 15 4 63714
198642 15 4 63882
198644 15 10 63883
198646 15 24 64103
198670 15 0 63888
198672 15 2 63889
198674 15 4 63890
198676 15 10 63891
198678 15 10 63955
198680 15 10 64435
198682 15 14 64436
198684 15 20 64437
198686 15 22 64438
198700 15 24 63591
198718 15 24 63599
198720 15 2 63601
198722 15 4 63602
198724 15 4 63730
198726 15 14 63860
198728 15 22 63862
198730 15 24 63863
198736 15 14 63900
198738 15 20 63901
198740 15 14 63956
198742 15 22 64078
198744 15 0 64416
198746 15 2 64417
198748 15 4 64418
198750 15 10 64419
198752 15 24 64479
198780 15 20 63533
198782 15 20 63549
198784 15 22 63550
198786 15 4 64050
198788 15 10 64051
198790 15 14 64052
198792 15 20 64053
198794 15 4 64058
198796 15 22 64110
198798 15 24 64111
198800 15 0 64112
198802 15 2 64113
198860 15 20 63965
198904 15 22 63638
198908 15 14 63796
198910 15 14 63644
198914 15 20 63645
198916 15 10 63555
198918 15 24 63615
198924 15 4 63626
198926 15 10 63627
198928 15 22 63646
198930 15 20 63861
198934 15 14 64092
198936 15 20 64093
198944 15 0 64232
198948 15 10 64235
198950 15 14 64244
198952 15 10 64459
198956 15 2 64489
198958 15 4 64490
199016 15 20 63557
199018 15 2 63617
199020 15 4 63618
199022 15 14 63628
199024 15 24 63639
199026 15 0 63640
199030 15 24 63871
199032 15 20 63917
199034 15 24 63919
199038 15 20 63949
199042 15 4 64098
199048 15 20 64141
199056 15 20 64245
199058 15 14 64460
199062 15 10 64499
199064 15 14 64500
199104 15 10 63939
199116 15 4 63994
199118 15 10 63995
199120 15 14 63996
199122 15 20 63997
199124 15 2 64073
199142 15 22 64190
199152 15 0 64200
199154 15 2 64201
199156 15 4 64202
199158 15 10 64203
199160 15 4 64474
199182 15 22 63998
199184 15 24 63999
199186 15 0 64000
199188 15 2 64001
199190 15 2 64265
199208 15 14 64204
199210 15 20 64205
199212 15 22 64206
199214 15 24 64207
199216 15 10 64355
199224 15 24 64359
199252 15 0 63528
199258 15 10 63827
199260 15 14 63828
199262 15 20 63829
199264 15 22 63830
199266 15 24 63895
199276 15 22 64246
199278 15 24 64247
199280 15 0 64248
199282 15 2 64249
199284 15 20 64301
199286 15 24 64327
199324 15 24 63687
199326 15 0 63688
199328 15 2 63689
199330 15 4 63690
199334 15 10 64019
199336 15 14 64020
199338 15 20 64021
199340 15 10 64243
199342 15 10 63499
199348 15 0 63680
199352 15 2 63753
199360 15 10 64251
199362 15 14 64252
199364 15 20 64253
199366 15 22 64254
199372 15 10 64291
199374 15 14 64292
199412 15 22 64470
199414 15 24 64471
199416 15 0 64472
199418 15 2 64473
199442 15 24 63671
199452 15 4 64138
199480 15 4 63506
199482 15 14 63716
199484 15 2 63721
199486 15 22 63950
199488 15 24 63951
199490 15 0 63952
199492 15 22 63966
199494 15 2 64297
199496 15 4 64298
199498 15 10 64299
199500 15 14 64300
199502 15 0 64344
199506 15 4 64346
199526 15 22 63566
199528 15 24 63567
199536 15 2 63729
199538 15 0 63736
199540 15 24 63751
199542 15 4 63778
199544 15 10 63779
199546 15 14 63780
199548 15 20 63781
199550 15 14 63884
199552 15 20 63885
199554 15 22 63886
199556 15 24 63887
199558 15 0 64064
199560 15 0 64280
199562 15 2 64281
199564 15 4 64282
199566 15 10 64283
199568 15 4 64314
199570 15 10 64315
199572 15 14 64316
199574 15 20 64317
199576 15 20 64349
199578 15 14 64372
199580 15 20 64373
199582 15 20 64453
199616 15 10 63707
199628 15 10 63923
199636 15 0 64208
199662 15 2 63625
199666 15 20 63725
199668 15 14 63988
199678 15 24 63727
199680 15 20 63989
199688 15 10 63667
199692 15 20 64173
199700 15 20 64493
199706 15 10 63603
199708 15 14 63604
199710 15 20 63605
199734 15 10 64091
199742 15 10 63699
199750 15 20 64117
199760 15 2 64305
199762 15 10 64307
199790 15 22 63702
199792 15 0 64120
199794 15 4 64122
199796 15 10 64123
199798 15 4 64306
199800 15 4 63562
199802 15 14 63564
199804 15 20 63565
199808 15 24 63703
199810 15 14 63708
199812 15 10 63907
199832 15 14 64308
199834 15 20 64309
199836 15 22 64310
199838 15 24 64311
199840 15 0 64360
199842 15 2 64425
199868 15 14 63580
199870 15 20 63581
199890 15 24 64023
199896 15 10 63715
199898 15 22 63894
199930 15 22 64390
199972 15 14 63732
199974 15 20 63837
199978 15 0 63856
199980 15 2 63857
199982 15 4 63858
199984 15 10 63859
199994 15 10 63987
199996 15 24 64159
200068 15 22 63510
200082 15 4 63834
200084 15 10 63835
200108 15 22 63582
200156 15 22 63590
200160 15 4 63850
200162 15 10 63851
200164 15 14 63852
200166 15 2 63921
200186 15 24 64367
200226 15 2 63985
200232 15 20 63517
200234 15 14 63524
200236 15 20 63733
200238 15 2 63913
200240 15 4 63914
200242 15 14 63916
200244 15 24 64079
200256 15 22 64350
200258 15 10 64395
200272 15 0 63520
200280 15 22 63918
200284 15 2 64081
200292 15 22 64342
200294 15 24 64343
200296 15 24 64351
200324 15 14 63860
200346 15 10 63563
200350 15 4 63706
200352 15 0 63816
200358 15 0 64328
200360 15 2 64329
200410 15 2 63561
200416 15 2 63609
200424 15 24 63967
200426 15 0 63968
200428 15 4 63970
200430 15 0 64088
200432 15 24 64511
200466 15 2 63529
200474 15 10 63531
200484 15 14 63596
200488 15 22 63630
200490 15 24 63631
200494 15 0 63664
200496 15 2 63665
200500 15 2 63785
200502 15 20 63789
200504 15 2 63817
200506 15 22 63854
200508 15 0 63896
200512 15 14 64084
200514 15 22 64086
200516 15 10 64139
200518 15 20 64365
200520 15 4 64378
200522 15 10 64379
200524 15 14 64380
200526 15 20 64381
200528 15 22 64398
200530 15 24 64399
200532 15 0 64400
200534 15 2 64401
200536 15 20 64405
200538 15 22 64422
200540 15 0 64456
200578 15 4 63530
200580 15 20 63741
200582 15 2 64041
200584 15 4 64042
200586 15 10 64043
200588 15 20 64045
200590 15 4 64106
200592 15 10 64107
200594 15 14 64108
200596 15 20 64109
200598 15 2 64353
200600 15 20 64389
200620 15 10 63739
200630 15 14 64124
200632 15 20 64125
200640 15 14 63548
200642 15 14 63740
200648 15 14 64100
200652 15 20 64133
200656 15 24 64135
200658 15 10 64387
200674 15 0 63648
200676 15 4 63650
200678 15 4 63658
200682 15 14 63724
200684 15 22 63838
200686 15 24 63935
200688 15 2 63937
200690 15 4 63938
200692 15 2 63945
200700 15 14 64044
200702 15 22 64102
200714 15 10 64475
200716 15 4 64482
200718 15 10 64483
200720 15 14 64484
200722 15 20 64485
200754 15 2 63505
200766 15 24 64255
200768 15 0 64256
200806 15 20 63709
200808 15 22 63710
200810 15 0 63712
200812 15 24 63743
200814 15 0 63744
200816 15 4 63746
200818 15 24 63855
200822 15 10 63867
200824 15 14 63868
200828 15 4 63906
200832 15 14 63980
200834 15 20 63981
200836 15 22 63982
200838 15 24 63983
200844 15 20 64189
200846 15 24 64215
200848 15 24 64263
200850 15 24 64391
200854 15 20 64477
200888 15 20 63749
200898 15 24 63551
200904 15 10 63755
200906 15 14 63756
200908 15 20 63757
200910 15 22 63758
200912 15 10 63763
200920 15 24 64127
200924 15 0 64392
200926 15 2 64393
200928 15 10 64403
200988 15 24 63791
200990 15 0 63792
200992 15 2 63793
200994 15 4 63794
200996 15 4 63818
200998 15 24 63839
201000 15 20 63877
201002 15 2 63897
201004 15 4 64002
201006 15 10 64003
201008 15 20 64005
201010 15 0 64008
201012 15 0 64032
201014 15 2 64089
201016 15 22 64366
201018 15 22 64382
201020 15 24 64383
201022 15 0 64384
201024 15 2 64385
201026 15 24 64423
201028 15 22 64486
201060 15 0 63840
201062 15 4 63842
201064 15 10 63843
201066 15 4 63930
201068 15 4 64426
201070 15 10 64427
201072 15 14 64428
201074 15 20 64429
201084 15 24 63759
201086 15 0 63760
201088 15 2 63761
201090 15 4 63762
201092 15 14 63764
201100 15 0 64136
201104 15 4 64394
201106 15 14 64396
201108 15 4 64402
201206 15 14 63556
201208 15 22 63558
201210 15 20 63765
201216 15 22 64142
201218 15 10 64147
201220 15 14 64148
201222 15 20 64149
201224 15 22 64150
201226 15 20 64397
201228 15 22 64406
201264 15 22 63766
201266 15 24 63767
201268 15 24 64407
201270 15 0 64408
201272 15 2 64409
201274 15 4 64410
201276 15 10 64411
201278 15 24 63559
201280 15 0 63560
201284 15 24 64151
201286 15 0 64152
201288 15 2 64153
201290 15 4 64154
201302 15 20 64413
201304 15 22 64414
201306 15 24 64415
201346 15 2 63521
201354 15 20 63853
201356 15 14 64164
201358 15 20 64165
201360 15 22 64166
201362 15 24 64167
201364 15 0 64368
201366 15 2 64369
201368 15 4 64370
201370 15 10 64371
201374 15 24 63799
201378 15 4 64186
201380 15 10 64187
201382 15 14 64188
201384 15 4 63586
201388 15 0 63632
201390 15 24 63647
201394 15 22 63870
201396 15 0 63960
201398 15 2 63961
201400 15 4 63962
201402 15 10 63963
201404 15 24 64007
201406 15 4 64074
201408 15 20 64077
201410 15 10 64171
201412 15 20 64173
201414 15 20 64213
201416 15 22 64214
201420 15 2 64313
201426 15 14 64404
201430 15 4 64458
201432 15 0 64480
201434 15 14 64492
201476 15 0 63576
201478 15 4 63578
201480 15 10 63579
201482 15 0 63584
201484 15 10 63659
201486 15 20 63661
201488 15 20 63669
201490 15 0 63784
201492 15 22 63790
201494 15 14 63908
201496 15 20 63909
201504 15 20 64085
201508 15 24 64087
201510 15 4 64090
201512 15 10 64155
201514 15 14 64156
201516 15 0 64168
201518 15 2 64169
201520 15 4 64170
201522 15 14 64420
201524 15 24 64439
201526 15 0 64440
201528 15 2 64441
201530 15 4 64442
201532 15 2 64481
201566 15 20 63549
201568 15 22 63550
201572 15 24 63863
201574 15 0 63864
201576 15 2 63865
201578 15 4 64050
201582 15 14 64052
201584 15 20 64053
201586 15 22 64110
201588 15 24 64111
201592 15 2 64113
201594 15 4 64338
201630 15 0 63512
201632 15 24 63623
201636 15 2 63737
201638 15 0 63752
201640 15 14 63836
201648 15 22 64014
201652 15 22 64022
201654 15 4 64034
201656 15 10 64035
201658 15 2 64265
201660 15 14 64348
201758 15 14 63652
201760 15 20 63653
201762 15 0 63672
201764 15 2 63673
201766 15 22 63926
201768 15 24 63927
201770 15 0 63928
201772 15 2 63929
201774 15 2 64177
201776 15 14 64180
201778 15 10 64331
201780 15 14 64332
201782 15 0 64496
201794 15 14 63804
201796 15 20 63805
201812 15 22 64430
201848 15 4 63698
201856 15 22 63806
201858 15 24 63807
201876 15 10 64275
201878 15 14 64276
201880 15 20 64277
201882 15 24 64279
201888 15 0 64432
201930 15 20 63597
201940 15 20 64157
201942 15 22 64158
201944 15 24 64431
201954 15 0 63808
201968 15 2 64433
201970 15 4 64434
202034 15 10 63555
202036 15 24 63615
202038 15 22 63646
202042 15 2 64233
202044 15 10 64235
202046 15 14 64244
202050 15 2 64489
202052 15 4 64490
202054 15 10 64491
202076 15 24 63495
202078 15 4 63498
202080 15 20 63557
202086 15 14 64236
202088 15 20 64237
202090 15 22 64238
202092 15 20 64245
202094 15 4 64498
202096 15 10 64499
202098 15 14 64500
202100 15 20 64501
202102 15 24 63671
202104 15 10 63683
202106 15 20 63685
202110 15 10 63787
202112 15 14 63788
202118 15 4 64058
202120 15 4 64138
202122 15 2 64273
202156 15 14 63500
202158 15 20 63629
202164 15 24 63655
202168 15 24 63735
202170 15 22 63902
202172 15 24 63903
202174 15 0 63904
202176 15 2 63905
202178 15 14 63972
202184 15 14 64004
202190 15 4 64266
202192 15 10 64267
202194 15 14 64268
202196 15 14 64388
202198 15 22 64478
202256 15 24 63943
202264 15 4 64130
202268 15 2 63553
202270 15 10 63635
202272 15 20 63637
202274 15 0 63696
202276 15 14 63796
202278 15 14 63892
202282 15 2 64121
202286 15 14 64132
202288 15 10 64195
202290 15 22 64198
202292 15 22 64326
202294 15 10 64451
202326 15 22 63718
202330 15 0 63720
202334 15 2 63841
202340 15 14 64140
202342 15 22 63534
202344 15 2 63537
202346 15 4 63554
202348 15 4 63722
202350 15 2 63801
202352 15 20 63893
202360 15 2 64137
202362 15 2 64209
202364 15 14 64212
202366 15 20 64333
202368 15 14 64452
202402 15 2 63609
202404 15 4 63610
202406 15 20 63845
202410 15 0 63968
202412 15 2 63969
202424 15 0 64216
202426 15 2 64217
202428 15 4 64218
202430 15 10 64219
202432 15 0 64424
202434 15 14 64444
202482 15 20 63589
202484 15 0 63728
202486 15 4 63738
202488 15 4 63898
202492 15 24 63959
202494 15 0 63976
202496 15 4 63978
202498 15 10 63979
202500 15 10 64027
202502 15 0 64104
202504 15 2 64105
202582 15 0 63616
202586 15 20 64093
202588 15 22 64094
202592 15 24 64143
202596 15 4 63618
202598 15 20 63917
202602 15 0 63920
202606 15 4 64098
202612 15 20 64141
202614 15 14 64028
202616 15 20 64029
202618 15 22 64030
202620 15 24 64031
202624 15 14 64172
202628 15 22 64174
202644 15 20 63981
202646 15 22 63982
202652 15 0 63648
202658 15 22 63838
202662 15 4 64042
202664 15 10 64043
202666 15 14 64044
202678 15 14 63716
202680 15 2 63721
202682 15 2 64297
202684 15 4 64298
202686 15 10 64299
202688 15 14 64300
202690 15 0 64344
202692 15 2 64345
202694 15 4 64346
202696 15 10 64347
202698 15 22 64046
202700 15 24 64047
202702 15 0 64048
202704 15 2 64049
202708 15 4 64178
202710 15 10 64179
202718 15 0 63552
202720 15 22 63702
202722 15 24 63703
202724 15 24 63935
202726 15 0 63936
202732 15 0 63984
202738 15 4 64122
202742 15 4 64306
202750 15 24 64311
202752 15 10 64475
202800 15 2 63729
202802 15 0 64280
202804 15 2 64281
202806 15 4 64282
202808 15 10 64283
202814 15 14 64020
202816 15 20 64021
202818 15 20 63509
202820 15 14 63644
202822 15 14 63676
202824 15 20 63677
202826 15 22 63678
202828 15 24 63679
202830 15 10 63707
202832 15 10 63731
202834 15 24 63799
202836 15 24 63831
202838 15 4 63922
202840 15 10 63923
202842 15 14 63924
202844 15 2 64065
202846 15 4 64066
202848 15 10 64067
202850 15 14 64068
202852 15 2 64185
202862 15 4 64242
202864 15 20 64325
202866 15 20 64469
202896 15 20 64069
202898 15 22 64070
202900 15 24 64071
202902 15 0 64072
202912 15 20 63645
202914 15 14 63732
202922 15 0 63856
202924 15 4 63858
202930 15 0 64160
202932 15 2 64161
202934 15 4 64162
202936 15 10 64163
202948 15 4 63802
202956 15 14 64284
202958 15 22 64286
202960 15 0 64352
202970 15 22 64502
203010 15 22 63774
203014 15 10 63803
203020 15 2 63897
203022 15 20 64293
203024 15 0 64296
203026 15 4 64354
203036 15 10 64507
203078 15 22 63518
203086 15 24 63751
203088 15 0 63768
203090 15 2 63769
203092 15 4 63770
203094 15 10 63771
203096 15 4 63778
203098 15 10 63779
203100 15 14 63780
203102 15 20 63781
203106 15 20 63829
203108 15 22 63830
203110 15 0 63872
203112 15 22 63910
203118 15 2 64249
203120 15 24 64255
203122 15 0 64256
203124 15 4 64314
203128 15 14 64316
203132 15 20 64453
203134 15 22 64454
203182 15 24 63519
203184 15 0 63568
203186 15 2 63569
203188 15 4 63570
203190 15 10 63571
203192 15 22 63574
203194 15 14 63772
203196 15 22 63782
203198 15 24 63783
203200 15 22 64318
203202 15 24 64319
203204 15 0 64320
203206 15 2 64321
203208 15 24 64455
203240 15 4 63562
203242 15 14 63564
203246 15 14 63708
203248 15 10 63907
203250 15 20 64037
203252 15 22 64038
203254 15 24 64039
203256 15 0 64040
203258 15 0 64360
203268 15 10 64091
203270 15 0 64304
203272 15 4 63706
203292 15 10 63659
203296 15 14 63908
203298 15 20 63909
203302 15 20 64085
203320 15 14 63508
203322 15 10 63939
203324 15 14 63940
203326 15 20 63941
203328 15 22 63942
203330 15 20 63957
203336 15 2 63793
203360 15 20 63925
203366 15 4 63514
203368 15 2 63713
203370 15 4 63714
203372 15 0 63880
203376 15 4 63882
203382 15 20 63741
203384 15 22 63742
203386 15 22 63902
203390 15 24 63911
203392 15 0 63912
203400 15 20 64045
203404 15 10 64107
203412 15 20 64277
203414 15 22 64278
203416 15 2 64353
203418 15 20 64389
203424 15 14 64508
203426 15 20 64509
203478 15 10 63899
203480 15 20 63901
203488 15 10 64027
203500 15 0 64416
203502 15 4 64418
203506 15 24 64479
203548 15 24 64231
203572 15 22 63654
203576 15 14 63964
203592 15 20 63637
203614 15 20 63893
203616 15 0 64128
203624 15 10 63507
203626 15 0 63704
203628 15 20 63837
203630 15 2 64361
203632 15 4 64362
203634 15 10 64363
203636 15 14 64364
203638 15 14 63572
203640 15 0 63888
203642 15 2 63889
203644 15 4 63890
203646 15 10 63891
203648 15 10 63955
203652 15 20 63653
203666 15 22 63526
203668 15 24 63575
203670 15 2 63809
203672 15 4 63810
203674 15 10 63811
203676 15 14 63812
203686 15 10 63491
203688 15 22 63494
203690 15 24 63527
203692 15 20 63813
203694 15 22 63814
203696 15 24 63815
203732 15 2 64089
203746 15 2 63489
203748 15 10 63699
203750 15 14 63700
203752 15 20 63701
203760 15 10 64307
203762 15 4 63586
203778 15 2 64313
203786 15 14 63836
203790 15 2 63977
203798 15 24 63999
203804 15 14 64348
203806 15 14 64468
203840 15 10 63587
203842 15 0 63624
203844 15 2 63625
203846 15 2 63681
203848 15 20 63725
203850 15 10 63819
203852 15 20 63821
203854 15 22 63822
203856 15 22 63974
203858 15 14 63988
203860 15 2 64025
203864 15 20 64285
203868 15 24 64287
203902 15 14 63588
203904 15 24 63639
203906 15 2 63641
203908 15 4 63682
203910 15 24 63727
203912 15 24 63823
203914 15 0 63824
203916 15 4 63826
203918 15 24 63975
203920 15 20 63989
203922 15 4 64026
203926 15 22 64294
203928 15 24 64295
203984 15 14 63492
203988 15 2 63561
203992 15 24 63879
204004 15 14 64324
204008 15 10 63931
204010 15 14 63932
204012 15 20 63933
204014 15 22 63934
204016 15 4 63994
204018 15 10 63995
204020 15 14 63996
204022 15 20 63997
204024 15 22 64190
204034 15 0 64200
204036 15 2 64201
204038 15 4 64202
204040 15 10 64203
204046 15 0 64000
204048 15 2 64001
204050 15 14 64204
204052 15 20 64205
204054 15 22 64206
204056 15 24 64207
204066 15 10 64059
204068 15 14 64060
204070 15 20 64061
204072 15 22 64062
204074 15 10 64355
204110 15 2 64065
204148 15 10 63683
204150 15 20 63685
204156 15 4 63522
204158 15 10 63523
204164 15 10 63627
204166 15 22 63646
204170 15 20 63861
204172 15 14 63948
204180 15 2 64033
204182 15 0 64144
204190 15 0 64288
204238 15 0 63488
204242 15 4 63490
204244 15 0 63656
204246 15 2 63657
204256 15 0 64056
204258 15 2 64057
204260 15 4 64114
204262 15 20 64117
204264 15 0 64240
204266 15 2 64241
204268 15 2 64305
204270 15 0 64312
204272 15 22 64334
204274 15 24 64335
204276 15 0 64336
204278 15 2 64337
204280 15 4 60354
204282 15 4 64626
204284 15 14 64628
204286 15 22 64598
204288 15 24 64679
204290 15 24 64687
204292 15 0 64680
204294 15 10 64651
204296 15 2 64777
204298 15 2 64561
204300 15 4 64562
204302 15 10 64563
204304 15 14 64564
204306 15 2 64657
204308 15 4 64658
204310 15 2 64673
204312 15 4 64674
204314 15 10 64675
204316 15 2 64529
204318 15 4 64546
204320 15 4 64778
204322 15 22 64814
204324 15 4 64866
204326 15 22 64622
204328 15 24 64623
204330 15 0 64688
204332 15 22 64702
204334 15 22 64750
204336 15 14 64652
204338 15 20 64653
204340 15 4 64698
204342 15 24 64703
204344 15 24 64751
204346 15 24 64767
204348 15 20 64781
204350 15 22 64782
204352 15 2 64785
204354 15 14 64876
204356 15 0 64552
204358 15 2 64849
204360 15 4 64850
204362 15 10 64851
204364 15 14 64852
204366 15 22 64934
204368 15 14 65132
204370 15 10 64547
204372 15 24 64591
204374 15 0 64592
204376 15 2 64593
204378 15 4 64594
204380 15 22 64630
204382 15 10 64691
204384 15 4 64730
204386 15 14 64756
204388 15 24 64535
204390 15 0 64704
204392 15 2 64705
204394 15 4 64706
204396 15 10 64707
204398 15 4 64826
204400 15 2 64897
204402 15 24 64967
204404 15 14 64588
204406 15 20 64589
204408 15 14 64596
204410 15 20 64701
204412 15 2 64553
204414 15 4 64554
204416 15 10 64555
204418 15 14 64556
204420 15 24 64655
204422 15 0 64656
204424 15 20 64597
204426 15 14 64548
204428 15 20 64549
204430 15 22 64550
204432 15 24 64551
204434 15 10 64595
204436 15 2 64569
204438 15 4 64570
204440 15 10 64571
204442 15 14 64572
204444 15 10 64619
204446 15 2 64617
204448 15 24 64631
204450 15 0 64632
204452 15 2 64633
204454 15 4 64634
204456 15 2 64881
204458 15 4 64602
204460 15 10 64603
204462 15 14 64604
204464 15 20 64605
204466 15 10 64659
204468 15 14 64660
204470 15 2 64721
204472 15 10 64731
204474 15 20 64669
204476 15 22 64670
204478 15 24 64671
204480 15 0 64672
204482 15 24 64607
204484 15 0 64608
204486 15 2 64609
204488 15 4 64610
204490 15 4 64666
204492 15 10 64667
204494 15 4 64722
204498 15 24 64599
204500 15 0 64600
204512 15 14 64772
204514 15 20 64773
204516 15 22 64774
204518 15 24 64775
204520 15 20 64925
204522 15 22 64926
204524 15 24 64927
204526 15 0 64928
204528 15 20 64933
204530 15 2 65137
204532 15 4 65138
204534 15 10 65139
204536 15 14 65140
204538 15 4 65194
204540 15 20 65197
204542 15 2 65289
204544 15 20 65437
204546 15 24 65439
204548 15 22 64686
204550 15 10 64715
204552 15 10 64963
204554 15 14 64964
204556 15 20 64965
204558 15 22 64966
204560 15 4 65018
204562 15 10 65019
204564 15 14 65020
204566 15 20 65021
204568 15 4 65170
204570 15 20 65325
204572 15 24 64711
204574 15 0 64712
204576 15 2 64713
204578 15 4 64714
204580 15 0 64720
204582 15 24 64783
204584 15 24 64831
204586 15 24 64855
204588 15 14 64716
204590 15 20 64717
204592 15 22 64718
204594 15 24 64719
204596 15 22 64726
204598 15 0 64784
204600 15 14 64836
204602 15 0 64856
204604 15 22 64710
204614 15 24 64647
204616 15 0 64648
204618 15 2 64649
204620 15 4 64650
204622 15 22 64654
204624 15 10 64779
204626 15 4 64882
204628 15 2 64537
204630 15 4 64538
204632 15 10 64539
204634 15 14 64540
204636 15 0 64728
204638 15 0 64848
204640 15 0 64768
204642 15 2 64769
204644 15 4 64770
204646 15 10 64771
204648 15 4 64922
204650 15 14 64924
204652 15 14 64708
204654 15 14 64940
204656 15 20 64941
204658 15 22 64942
204660 15 24 64943
204662 15 14 64980
204664 15 24 65127
204666 15 22 64542
204668 15 24 64543
204670 15 0 64544
204672 15 2 64545
204674 15 20 64557
204676 15 22 64558
204678 15 14 64676
204680 15 20 64677
204682 15 10 64803
204684 15 10 65067
204686 15 4 64618
204688 15 14 64692
204690 15 20 64693
204692 15 2 64729
204694 15 0 64520
204696 15 2 64521
204698 15 4 64522
204700 15 10 64523
204710 15 10 64611
204712 15 14 64612
204714 15 20 64613
204716 15 22 64614
204718 15 0 64736
204720 15 2 64737
204722 15 4 64738
204724 15 10 64739
204726 15 4 64858
204728 15 10 64883
204730 15 10 64995
204732 15 24 65359
204734 15 0 65360
204736 15 20 64573
204738 15 22 64574
204740 15 24 64575
204742 15 0 64624
204744 15 22 64758
204746 15 24 64759
204748 15 0 64760
204750 15 2 64761
204752 15 4 64802
204754 15 2 64865
204756 15 24 64895
204758 15 14 64620
204760 15 22 64806
204762 15 24 64807
204764 15 0 64808
204766 15 2 64809
204768 15 14 64972
204770 15 20 64973
204772 15 22 64974
204774 15 24 64975
204776 15 20 64981
204778 15 0 64984
204780 15 20 64997
204782 15 14 65268
204784 15 22 65470
204786 15 20 64621
204788 15 4 64810
204790 15 10 64811
204792 15 14 64812
204794 15 20 64813
204796 15 0 64976
204798 15 2 64977
204800 15 4 64978
204802 15 10 64979
204804 15 22 64982
204806 15 2 64985
204808 15 22 64998
204810 15 20 65269
204812 15 24 65471
204822 15 10 64827
204824 15 14 64828
204826 15 20 64829
204828 15 22 64830
204830 15 22 64894
204832 15 20 65125
204834 15 14 65172
204836 15 22 64646
204838 15 14 64516
204840 15 20 64517
204842 15 22 64518
204844 15 24 64519
204846 15 2 64577
204848 15 4 64578
204850 15 10 64579
204852 15 14 64580
204862 15 2 64625
204872 15 4 64794
204874 15 10 64795
204876 15 14 64796
204878 15 20 64797
204880 15 0 64920
204884 15 22 65166
204886 15 24 65167
204888 15 0 65168
204890 15 2 65169
204892 15 2 65241
204894 15 10 65315
204896 15 14 65316
204898 15 20 65317
204900 15 22 65318
204910 15 14 64844
204912 15 20 64845
204914 15 22 64846
204916 15 24 64847
204918 15 10 64891
204920 15 14 64892
204922 15 4 64906
204924 15 0 65144
204926 15 22 64766
204928 15 20 64877
204930 15 22 64878
204932 15 24 64879
204934 15 0 64880
204936 15 22 65126
204944 15 0 64576
204948 15 14 64916
204950 15 20 64917
204952 15 22 64918
204954 15 24 64919
204966 15 4 64690
204968 15 22 65046
204970 15 24 65047
204972 15 0 65048
204974 15 2 65049
204976 15 4 65050
204978 15 20 65093
204980 15 22 65094
204982 15 24 65095
204984 15 0 65096
204986 15 0 65104
204988 15 4 65314
204990 15 24 65503
204992 15 4 64762
204994 15 10 64763
204996 15 14 64764
204998 15 20 64765
205000 15 2 64841
205002 15 14 64884
205004 15 20 64661
205006 15 22 64662
205008 15 24 64663
205010 15 0 64664
205012 15 4 64682
205014 15 10 64683
205016 15 14 64684
205018 15 20 64685
205020 15 2 64697
205022 15 2 64921
205024 15 2 64953
205026 15 20 64541
205032 15 24 64559
205034 15 0 64560
205044 15 14 64868
205046 15 20 64869
205048 15 22 64870
205050 15 24 64871
205052 15 22 65078
205054 15 10 65123
205056 15 14 65300
205058 15 22 64606
205064 15 0 64872
205066 15 2 64873
205068 15 4 64874
205070 15 10 64875
205072 15 24 65031
205074 15 10 65083
205076 15 14 65124
205078 15 24 65303
205080 15 14 64524
205082 15 20 64525
205084 15 22 64526
205086 15 24 64527
205088 15 0 64528
205090 15 4 64530
205092 15 10 64531
205094 15 14 64532
205096 15 20 64533
205098 15 22 64534
205100 15 22 64590
205102 15 14 64732
205104 15 20 64733
205106 15 22 64734
205108 15 24 64735
205110 15 2 64825
205112 15 10 64843
205134 15 24 64935
205136 15 24 65079
205138 15 0 65080
205140 15 2 65081
205142 15 4 65082
205144 15 10 65171
205146 15 24 65311
205148 15 22 64790
205150 15 24 64791
205152 15 0 64792
205154 15 2 64793
205156 15 10 64867
205166 15 2 64745
205168 15 4 64746
205170 15 10 64747
205172 15 14 64748
205174 15 14 64956
205176 15 2 64641
205178 15 4 64642
205180 15 10 64643
205182 15 14 64644
205186 15 0 64776
205188 15 20 64885
205190 15 22 64886
205192 15 20 64629
205194 15 20 64709
205206 15 0 64752
205208 15 2 64753
205210 15 4 64754
205212 15 10 64755
205216 15 10 64859
205218 15 14 64860
205232 15 10 64923
205244 15 10 65435
205258 15 2 64929
205260 15 4 64930
205262 15 10 64931
205264 15 14 64932
205266 15 0 65072
205268 15 20 65077
205270 15 2 65193
205272 15 10 65195
205292 15 20 64565
205294 15 22 64566
205296 15 24 64567
205298 15 0 64568
205300 15 10 64723
205304 15 22 64854
205308 15 2 65185
205320 15 14 64780
205332 15 4 65250
205346 15 10 65251
205350 15 0 64512
205352 15 2 64513
205354 15 4 64514
205364 15 14 64636
205366 15 20 64637
205368 15 22 64638
205370 15 24 64639
205372 15 0 64640
205382 15 20 64749
205392 15 2 64905
205404 15 4 65346
205406 15 20 64725
205408 15 2 64857
205410 15 24 64991
205412 15 0 64992
205414 15 2 64993
205416 15 4 64994
205418 15 22 65030
205420 15 14 65068
205422 15 20 65069
205424 15 4 64986
205426 15 10 64987
205428 15 14 64988
205430 15 20 64989
205432 15 10 65003
205438 15 2 64601
205448 15 24 64999
205450 15 0 65000
205452 15 2 65001
205454 15 4 65002
205464 15 20 65141
205466 15 10 65147
205468 15 14 65252
205470 15 20 65325
205472 15 2 65465
205474 15 0 65480
205478 15 14 64820
205480 15 20 64821
205482 15 22 64822
205484 15 24 64823
205486 15 20 64853
205488 15 20 65261
205490 15 22 65262
205492 15 24 65263
205494 15 0 65264
205496 15 0 65304
205498 15 2 65305
205500 15 0 64936
205502 15 2 64937
205504 15 4 64938
205506 15 10 64939
205508 15 24 65055
205510 15 2 65145
205512 15 14 65148
205524 15 14 65004
205526 15 4 65026
205528 15 10 65027
205530 15 14 65028
205532 15 20 65029
205534 15 4 65034
205536 15 20 65277
205538 15 2 65473
205540 15 20 65485
205542 15 24 64727
205544 15 0 64968
205546 15 2 64969
205548 15 4 64970
205550 15 10 64971
205552 15 0 65032
205554 15 22 65070
205562 15 20 64813
205566 15 20 65005
205568 15 22 65022
205570 15 24 65023
205572 15 0 65024
205574 15 2 65025
205576 15 2 65033
205578 15 22 65278
205580 15 4 65474
205582 15 22 65486
205588 15 24 64671
205592 15 0 65040
205594 15 2 65041
205596 15 4 65042
205598 15 10 65043
205600 15 20 65045
205602 15 0 65312
205616 15 2 65313
205628 15 22 64782
205630 15 10 65051
205632 15 14 65052
205634 15 20 65053
205636 15 22 65054
205638 15 14 65084
205640 15 4 65146
205642 15 22 65198
205644 15 20 65341
205648 15 22 64686
205650 15 0 65056
205652 15 2 65057
205654 15 4 65058
205656 15 10 65059
205658 15 4 65066
205660 15 14 65164
205662 15 20 65165
205664 15 20 65173
205676 15 0 64824
205678 15 2 64569
205684 15 14 64572
205686 15 10 64619
205688 15 24 64887
205690 15 0 64888
205692 15 2 64889
205694 15 4 64890
205696 15 20 64949
205698 15 22 64950
205700 15 24 64951
205702 15 0 64952
205704 15 14 64996
205706 15 24 65071
205708 15 2 65425
205714 15 20 65085
205716 15 22 65086
205718 15 24 65087
205720 15 0 65088
205722 15 24 65103
205724 15 10 64547
205726 15 2 64665
205738 15 2 65089
205740 15 4 65090
205742 15 10 65091
205744 15 14 65092
205746 15 22 65102
205748 15 22 65310
205750 15 22 65502
205754 15 2 65097
205756 15 4 65098
205758 15 10 65099
205760 15 14 65100
205762 15 20 65101
205768 15 2 64537
205784 15 10 64819
205786 15 4 64898
205788 15 24 64591
205790 15 0 64592
205800 15 2 64705
205802 15 4 64706
205806 15 4 64826
205808 15 24 64983
205810 15 10 65227
205812 15 14 65228
205814 15 20 65229
205816 15 22 65230
205818 15 24 65247
205820 15 0 65336
205822 15 14 65516
205824 15 24 64607
205836 15 10 64603
205840 15 20 64605
205844 15 2 65105
205846 15 4 65106
205848 15 10 65107
205850 15 14 65108
205852 15 4 65178
205854 15 14 65292
205860 15 2 64609
205862 15 4 64610
205866 15 2 65113
205868 15 4 65114
205870 15 10 65115
205872 15 14 65116
205874 15 14 65180
205876 15 20 65293
205878 15 14 64668
205880 15 20 64741
205882 15 22 64742
205884 15 24 64743
205886 15 0 64744
205888 15 20 64757
205890 15 24 64815
205892 15 0 64816
205894 15 2 64817
205896 15 4 64818
205898 15 4 65122
205900 15 24 65143
205914 15 14 64652
205916 15 20 64653
205934 15 4 64770
205938 15 14 64924
205940 15 2 64929
205948 15 20 65133
205950 15 22 65134
205952 15 24 65135
205954 15 0 65136
205958 15 14 65196
205960 15 0 65288
205962 15 14 65436
205964 15 22 65438
205968 15 0 64632
205970 15 2 64633
205972 15 4 64634
205984 15 10 64915
205986 15 22 64990
205988 15 2 64681
205998 15 14 64724
206002 15 2 65153
206004 15 4 65154
206006 15 10 65155
206008 15 14 65156
206010 15 20 65157
206014 15 22 65158
206016 15 24 65159
206018 15 0 65160
206020 15 2 65161
206022 15 4 65162
206034 15 20 64893
206046 15 14 64988
206052 15 22 65174
206054 15 24 65175
206056 15 0 65176
206058 15 2 65177
206060 15 10 65179
206062 15 24 65279
206064 15 4 65298
206066 15 10 65475
206070 15 14 64596
206072 15 20 64701
206084 15 14 64948
206114 15 2 64545
206138 15 2 64577
206140 15 4 64578
206142 15 10 64579
206144 15 14 64580
206148 15 20 64861
206150 15 22 64862
206152 15 24 64863
206154 15 0 64864
206172 15 4 64922
206174 15 14 64772
206184 15 22 64926
206188 15 0 64928
206202 15 0 64944
206204 15 2 64945
206206 15 4 64946
206208 15 10 64947
206218 15 14 65220
206220 15 2 65361
206222 15 2 64553
206224 15 4 64554
206226 15 10 64555
206228 15 14 64556
206232 15 0 64712
206234 15 2 64713
206236 15 0 64720
206238 15 24 64831
206240 15 0 64896
206242 15 14 65212
206244 15 20 65213
206246 15 22 65214
206248 15 24 65215
206250 15 10 65347
206252 15 24 65431
206268 15 14 64564
206270 15 14 64716
206272 15 20 64717
206274 15 22 64718
206276 15 22 64726
206278 15 14 64836
206280 15 10 64899
206282 15 0 65216
206284 15 2 65217
206286 15 4 65218
206288 15 10 65219
206290 15 20 65349
206292 15 2 65433
206312 15 10 64611
206314 15 14 64612
206320 15 0 64736
206328 15 10 64995
206358 15 24 64783
206370 15 24 65223
206372 15 0 65224
206374 15 2 65225
206376 15 4 65226
206378 15 10 65259
206380 15 14 65260
206382 15 4 65370
206384 15 10 65387
206408 15 10 64923
206410 15 20 64933
206412 15 0 65248
206414 15 20 65581
206416 15 22 65582
206418 15 20 65637
206420 15 14 65564
206422 15 2 60889
206424 15 10 61267
206426 15 22 61350
206428 15 22 60878
206430 15 20 61117
206432 15 0 61304
206458 15 2 60913
206460 15 10 61179
206462 15 24 61287
206464 15 24 60783
206466 15 10 61035
206468 15 2 61385
206470 15 0 60904
206472 15 22 61190
206474 15 22 61198
206476 15 4 61314
206478 15 24 61391
206506 15 10 61243
206508 15 20 61325
206522 15 24 60855
206524 15 10 61315
206526 15 22 61318
206546 15 4 60810
206548 15 20 61133
206550 15 24 61263
206552 15 24 61247
206554 15 14 61300
206556 15 14 61428
206558 15 14 60900
206560 15 4 61186
206562 15 4 61194
206564 15 2 61313
206566 15 22 61390
206594 15 10 61163
206602 15 14 60796
206606 15 20 61277
206608 15 0 60800
206612 15 4 61282
206614 15 10 60547
206622 15 0 61056
206624 15 4 61362
206638 15 20 61125
206640 15 20 61381
206658 15 20 60917
206660 15 24 61239
206662 15 22 61398
206682 15 2 60921
206686 15 24 61399
206696 15 20 61149
206698 15 0 61360
206718 15 4 60930
206722 15 14 61404
206742 15 22 60934
206746 15 22 61406
206766 15 22 60942
206770 15 10 61411
206790 15 4 60946
206794 15 14 61412
206828 15 2 61329
206846 15 10 61219
206848 15 22 61430
206862 15 4 60434
206870 15 10 60955
206874 15 22 61358
206894 15 24 60959
206898 15 24 61359
206936 15 2 60993
206944 15 22 60694
206948 15 10 61427
206968 15 14 60716
206976 15 14 60764
206978 15 20 60973
206980 15 24 61335
206982 15 22 61438
207002 15 20 60981
207004 15 10 61339
207006 15 24 61439
207034 15 4 61386
207036 15 0 60768
207038 15 24 61407
207052 15 14 60844
207054 15 14 61228
207056 15 20 61285
207058 15 0 60848
207060 15 0 61232
207062 15 0 61288
207066 15 4 61394
207074 15 2 61001
207082 15 24 61223
207092 15 24 61015
207100 15 14 61092
207110 15 14 61060
207148 15 20 60965
207170 15 22 61414
207174 15 4 61418
207190 15 0 60824
207194 15 20 60829
207204 15 22 60814
207206 15 0 61080
207214 15 20 60773
207216 15 14 61084
207258 15 20 61109
207266 15 10 60859
207272 15 4 60866
207274 15 2 61105
207356 15 0 61072
207358 15 0 61352
207476 15 10 61211
207478 15 0 61168
207500 15 4 61434
207596 15 20 61293
207620 15 2 61369
207864 15 14 81972
207866 15 20 81925
207868 15 14 81996
207870 15 10 81963
207872 15 14 81964
207874 15 20 81965
207876 15 22 81966
207878 15 2 81977
207880 15 10 81979
207882 15 10 81995
207884 15 14 82188
207886 15 10 82291
207888 15 14 82004
207890 15 22 82014
207892 15 20 82013
207894 15 0 81984
207896 15 14 82012
207898 15 22 81950
207900 15 0 82008
207902 15 4 82106
207914 15 2 82025
207916 15 10 82115
207918 15 20 81933
207920 15 22 81934
207922 15 2 81945
207924 15 4 81946
207926 15 10 81947
207928 15 14 81948
207930 15 20 82005
207932 15 22 82006
207934 15 14 81940
207936 15 4 81970
207940 15 22 82110
207942 15 24 82111
207944 15 0 82112
207946 15 2 82113
207948 15 14 82148
207950 15 2 82193
207952 15 2 82401
207954 15 14 82476
207956 15 20 82477
207958 15 22 82478
207960 15 24 82479
207962 15 4 82538
207964 15 24 82591
207966 15 2 82929
207968 15 20 81997
207970 15 0 82040
207972 15 2 81921
207974 15 10 81923
207976 15 24 81967
207978 15 20 81981
207980 15 10 81931
207982 15 14 81932
207984 15 0 81936
207986 15 2 81937
207988 15 4 81962
207990 15 2 81953
207992 15 14 81956
207994 15 24 82031
207996 15 0 82032
207998 15 2 82033
208000 15 4 82034
208002 15 20 82109
208004 15 20 82221
208006 15 22 82222
208008 15 24 82223
208010 15 0 82224
208012 15 0 82288
208014 15 4 82402
208016 15 22 82510
208018 15 0 82056
208022 15 4 81994
208024 15 4 82010
208026 15 10 82027
208028 15 24 82079
208030 15 2 82009
208032 15 4 82074
208034 15 22 81926
208036 15 24 81927
208038 15 0 81928
208040 15 2 81929
208042 15 24 81951
208044 15 0 81952
208046 15 20 81989
208048 15 20 82029
208050 15 24 82127
208052 15 20 81957
208054 15 14 81924
208056 15 22 82070
208058 15 24 82071
208060 15 0 82072
208062 15 2 82073
208074 15 4 82242
208078 15 14 82396
208080 15 10 82691
208082 15 24 82751
208084 15 20 81941
208086 15 22 81942
208088 15 24 81943
208090 15 0 81944
208092 15 4 81954
208094 15 10 81955
208096 15 22 81998
208098 15 10 81939
208102 15 24 82055
208104 15 14 82092
208106 15 20 82093
208108 15 10 82107
208110 15 14 82108
208112 15 2 82137
208116 15 20 82317
208118 15 4 82570
208120 15 10 82571
208122 15 14 82572
208124 15 20 82573
208126 15 10 82627
208128 15 22 82670
208132 15 2 81993
208134 15 14 82100
208138 15 10 82011
208144 15 0 82016
208146 15 14 82028
208148 15 22 82030
208150 15 10 82219
208152 15 10 82035
208154 15 14 82036
208156 15 20 82037
208158 15 22 82038
208160 15 24 82039
208162 15 14 82164
208164 15 2 82313
208166 15 4 82314
208168 15 10 82315
208170 15 14 82316
208172 15 2 82329
208174 15 4 82330
208176 15 10 82331
208178 15 14 82332
208180 15 4 82346
208182 15 24 82471
208184 15 20 82541
208186 15 20 82597
208188 15 14 82756
208190 15 4 81938
208192 15 22 81958
208194 15 24 81959
208196 15 0 81960
208198 15 2 81961
208200 15 2 81985
208202 15 4 81986
208204 15 10 81987
208206 15 14 81988
208208 15 0 82080
208212 15 24 81999
208214 15 0 82000
208216 15 2 82001
208218 15 4 82002
208224 15 22 82094
208226 15 24 82095
208232 15 2 82129
208236 15 22 82158
208238 15 22 82278
208240 15 24 82007
208242 15 4 82138
208244 15 10 82139
208246 15 14 82140
208248 15 20 82141
208250 15 0 82160
208252 15 2 82345
208254 15 10 82091
208256 15 10 82195
208258 15 14 82196
208260 15 20 82197
208262 15 22 82198
208264 15 20 82213
208268 15 10 82051
208270 15 14 82052
208272 15 20 82053
208274 15 22 82054
208276 15 4 82130
208278 15 4 82194
208284 15 24 81983
208286 15 2 82041
208300 15 2 82017
208302 15 4 82018
208304 15 10 82019
208306 15 14 82020
208310 15 2 82105
208312 15 10 82467
208314 15 14 82468
208316 15 20 82469
208318 15 22 82470
208320 15 14 82564
208322 15 20 82565
208324 15 2 82593
208326 15 0 81920
208328 15 2 81969
208342 15 14 82236
208344 15 20 82237
208346 15 22 82238
208348 15 24 82239
208350 15 0 82240
208352 15 2 82297
208354 15 0 82480
208356 15 2 82481
208358 15 4 82482
208360 15 10 82483
208362 15 22 82574
208364 15 0 82576
208366 15 20 82589
208368 15 22 82590
208370 15 0 82600
208372 15 2 82713
208374 15 4 82714
208378 15 10 82075
208380 15 14 82076
208382 15 20 82077
208384 15 22 82078
208386 15 10 82083
208388 15 14 82084
208390 15 20 82085
208392 15 22 82086
208394 15 4 82122
208396 15 10 82123
208398 15 14 82124
208400 15 20 82125
208402 15 0 82280
208404 15 2 82281
208406 15 4 82282
208408 15 10 82283
208410 15 24 82319
208412 15 20 82381
208414 15 22 82462
208416 15 0 82464
208418 15 20 82501
208420 15 24 82927
208422 15 20 81973
208424 15 22 81974
208426 15 24 81975
208428 15 0 81976
208430 15 10 82003
208432 15 2 82057
208438 15 24 82047
208440 15 0 82048
208442 15 2 82049
208444 15 4 82050
208446 15 24 82103
208448 15 0 82104
208450 15 20 82157
208452 15 2 82161
208456 15 22 82046
208458 15 2 82081
208460 15 0 82128
208468 15 4 82082
208474 15 14 82252
208476 15 20 82253
208478 15 22 82254
208480 15 24 82255
208482 15 2 82257
208484 15 4 82258
208486 15 10 82259
208488 15 14 82260
208490 15 20 82261
208492 15 22 82262
208494 15 24 82263
208496 15 0 82264
208498 15 2 82321
208502 15 14 82500
208504 15 20 82645
208506 15 10 82659
208508 15 4 82682
208510 15 4 82730
208512 15 22 82062
208514 15 24 82063
208516 15 0 82064
208518 15 2 82065
208520 15 14 82116
208528 15 4 81930
208532 15 4 81922
208534 15 0 82184
208536 15 2 82185
208538 15 4 82186
208540 15 10 82187
208542 15 24 82311
208544 15 22 82358
208546 15 4 82066
208548 15 10 82067
208550 15 14 82068
208552 15 20 82069
208554 15 0 82232
208556 15 2 82233
208558 15 4 82234
208560 15 10 82235
208562 15 22 82318
208564 15 24 82383
208576 15 24 82015
208586 15 14 82132
208588 15 20 82133
208590 15 22 82134
208592 15 24 82135
208596 15 14 82172
208598 15 2 82177
208600 15 4 82474
208602 15 10 82475
208604 15 0 81992
208618 15 20 82173
208620 15 22 82174
208622 15 24 82175
208624 15 0 82176
208626 15 24 82183
208628 15 10 82451
208630 15 4 82466
208632 15 22 82542
208634 15 4 82586
208638 15 2 82153
208640 15 4 82154
208642 15 10 82155
208644 15 14 82156
208646 15 24 82159
208648 15 24 82191
208650 15 0 82192
208652 15 4 82210
208656 15 20 82149
208658 15 22 82150
208660 15 24 82151
208662 15 0 82152
208664 15 4 82162
208666 15 10 82163
208668 15 22 82166
208672 15 20 82021
208674 15 22 82022
208676 15 24 82023
208678 15 0 82024
208680 15 2 82121
208682 15 24 82167
208684 15 24 82271
208686 15 0 82272
208688 15 2 82273
208690 15 4 82274
208692 15 10 82275
208694 15 0 82312
208696 15 0 82440
208698 15 2 82441
208700 15 4 82442
208702 15 10 82443
208704 15 0 82552
208706 15 2 82553
208708 15 2 82649
208720 15 4 82026
208730 15 10 82179
208732 15 14 82180
208734 15 22 82182
208736 15 22 82190
208740 15 4 82338
208742 15 22 82382
208744 15 14 82700
208754 15 0 82168
208756 15 2 82169
208758 15 4 82170
208760 15 10 82171
208766 15 20 82181
208772 15 14 82204
208774 15 20 82205
208776 15 22 82206
208778 15 24 82207
208782 15 20 82357
208784 15 20 82389
208786 15 10 82395
208788 15 22 82550
208790 15 22 82734
208794 15 4 82058
208796 15 10 82059
208798 15 14 82060
208800 15 20 82061
208802 15 22 82126
208804 15 10 82243
208822 15 4 82114
208836 15 20 82365
208838 15 22 82366
208840 15 14 82484
208842 15 20 82485
208844 15 22 82486
208846 15 24 82487
208848 15 10 82563
208850 15 24 82711
208854 15 0 82096
208856 15 2 82097
208858 15 4 82098
208860 15 10 82099
208862 15 0 82136
208864 15 14 82212
208866 15 20 82117
208868 15 22 82118
208870 15 24 82119
208872 15 0 82120
208874 15 0 82208
208876 15 2 82209
208878 15 4 82042
208880 15 10 82043
208882 15 14 82044
208884 15 20 82045
208886 15 4 82178
208888 15 10 82211
208890 15 24 82215
208892 15 0 82216
208894 15 2 82217
208896 15 4 82218
208898 15 22 82230
208900 15 0 82336
208902 15 14 82532
208904 15 24 82599
208908 15 20 82101
208910 15 22 82102
208912 15 4 82226
208914 15 10 82227
208916 15 14 82228
208918 15 20 82229
208920 15 24 82231
208922 15 2 82289
208924 15 4 82290
208926 15 20 82461
208928 15 24 82199
208930 15 0 82200
208932 15 2 82201
208934 15 4 82202
208936 15 14 82220
208938 15 10 82363
208958 15 10 82299
208960 15 14 82300
208962 15 20 82301
208964 15 22 82302
208966 15 4 82322
208968 15 10 82323
208970 15 4 82434
208974 15 14 82244
208976 15 20 82245
208978 15 22 82246
208980 15 24 82247
208982 15 0 82256
208984 15 0 82432
209006 15 2 82665
209008 15 4 82666
209010 15 10 82667
209012 15 14 82668
209014 15 24 82679
209016 15 0 82680
209020 15 0 82248
209022 15 2 82249
209024 15 4 82250
209026 15 10 82251
209028 15 4 82266
209030 15 2 82433
209036 15 4 81962
209038 15 10 82267
209040 15 14 82268
209042 15 20 82269
209044 15 22 82270
209046 15 14 82276
209048 15 2 82449
209068 15 0 82448
209080 15 24 82143
209082 15 0 82144
209084 15 2 82145
209086 15 4 82146
209088 15 10 82147
209090 15 14 82324
209100 15 24 82087
209102 15 0 82088
209104 15 2 82089
209106 15 4 82090
209108 15 20 82189
209110 15 10 82347
209138 15 0 82496
209140 15 2 82497
209142 15 4 82498
209144 15 10 82499
209146 15 10 82683
209148 15 14 82684
209150 15 22 82710
209152 15 2 82729
209158 15 4 81946
209164 15 24 82303
209166 15 0 82304
209168 15 2 82305
209170 15 4 82306
209172 15 24 82335
209174 15 0 82384
209190 15 10 82131
209194 15 14 82516
209196 15 20 82517
209198 15 22 82518
209200 15 24 82519
209202 15 0 82528
209204 15 2 82529
209206 15 4 82530
209208 15 10 82531
209210 15 20 82549
209212 15 0 82592
209214 15 14 82596
209216 15 14 82740
209256 15 2 82241
209274 15 20 82373
209276 15 22 82374
209278 15 24 82375
209280 15 0 82376
209284 15 2 82601
209286 15 4 82602
209288 15 10 82643
209298 15 2 82025
209300 15 14 82348
209302 15 20 82349
209304 15 22 82350
209306 15 24 82351
209308 15 10 82371
209310 15 14 82372
209312 15 24 82551
209330 15 10 82307
209332 15 14 82308
209334 15 20 82309
209336 15 22 82310
209338 15 14 82404
209340 15 14 82492
209342 15 14 82148
209344 15 14 81924
209380 15 2 82473
209382 15 20 82669
209396 15 24 82391
209398 15 0 82392
209400 15 2 82393
209402 15 4 82394
209404 15 2 82457
209406 15 4 82458
209408 15 10 82459
209410 15 14 82460
209412 15 22 82758
209414 15 14 82284
209416 15 20 82285
209418 15 22 82286
209420 15 24 82287
209422 15 0 82296
209424 15 2 82337
209426 15 0 83176
209428 15 10 82971
209430 15 10 83131
209432 15 22 83006
209434 15 24 82951
209436 15 10 83219
209438 15 0 79872
209440 15 20 80053
209442 15 22 80054
209444 15 24 80055
209446 15 24 80279
209448 15 20 80621
209450 15 22 80622
209452 15 0 80624
209454 15 14 80660
209456 15 4 80698
209458 15 2 79873
209460 15 4 79874
209462 15 4 79906
209464 15 10 79987
209466 15 22 79990
209468 15 0 80136
209470 15 4 80250
209472 15 20 80373
209474 15 22 80374
209476 15 24 80375
209478 15 0 80376
209480 15 22 80486
209482 15 24 80487
209484 15 4 80610
209486 15 22 80702
209488 15 14 80772
209496 15 20 79989
209504 15 10 79875
209506 15 10 79883
209508 15 14 79884
209510 15 0 80112
209512 15 24 80343
209514 15 2 80641
209516 15 4 80642
209518 15 24 80751
209520 15 0 80752
209522 15 4 80754
209524 15 14 80820
209526 15 14 79876
209528 15 14 79892
209530 15 4 80106
209532 15 14 80108
209534 15 14 80252
209536 15 10 80299
209538 15 24 80351
209540 15 20 79877
209542 15 22 79878
209548 15 24 79879
209550 15 4 80010
209552 15 20 80013
209554 15 20 80133
209556 15 10 80211
209558 15 14 80212
209560 15 20 80213
209562 15 22 80214
209564 15 24 80255
209566 15 4 80578
209568 15 0 79880
209574 15 2 80057
209576 15 0 80096
209578 15 4 80098
209580 15 20 80101
209582 15 20 80253
209584 15 22 80350
209586 15 4 80682
209588 15 10 80683
209590 15 14 80684
209592 15 20 80685
209594 15 10 80739
209596 15 2 79881
209600 15 24 79895
209602 15 24 79927
209604 15 0 79928
209606 15 4 79978
209608 15 10 80203
209610 15 20 80261
209612 15 2 80265
209614 15 20 80461
209616 15 14 80716
209618 15 20 80717
209620 15 22 80718
209622 15 24 80719
209624 15 0 80736
209626 15 4 79882
209628 15 20 79925
209630 15 0 80048
209632 15 10 80051
209634 15 14 80228
209636 15 14 80292
209642 15 22 80422
209644 15 0 80432
209646 15 14 80732
209648 15 20 80733
209650 15 22 80734
209652 15 24 80735
209654 15 24 80831
209664 15 20 79885
209666 15 22 79886
209668 15 22 79894
209674 15 4 80074
209680 15 20 80293
209686 15 4 80490
209688 15 10 80491
209690 15 14 80492
209692 15 20 80493
209694 15 22 80494
209702 15 0 80728
209704 15 2 80729
209706 15 4 80730
209708 15 10 80731
209716 15 2 80753
209722 15 4 80826
209724 15 10 80827
209726 15 20 80829
209728 15 20 80845
209730 15 2 80849
209788 15 24 79887
209790 15 0 79888
209792 15 2 79889
209794 15 4 79890
209796 15 10 79923
209798 15 14 79924
209800 15 10 79995
209802 15 20 79997
209804 15 22 79998
209806 15 20 80093
209808 15 22 80270
209810 15 24 80271
209812 15 0 80272
209814 15 24 80367
209816 15 22 80446
209818 15 24 80447
209820 15 0 80448
209822 15 24 80519
209824 15 0 80520
209826 15 4 80522
209828 15 14 80532
209830 15 20 80533
209832 15 0 80568
209834 15 2 80569
209836 15 24 80583
209838 15 2 80585
209840 15 24 80631
209842 15 2 80649
209844 15 22 80670
209916 15 10 79891
209918 15 24 80039
209920 15 4 80058
209922 15 10 80059
209924 15 2 80241
209926 15 20 80381
209932 15 2 80521
209934 15 20 80677
209936 15 22 80678
209938 15 0 80680
209940 15 0 80792
209942 15 14 80844
209956 15 2 80201
209962 15 4 80354
209968 15 10 80723
209970 15 22 80766
209972 15 24 80767
209974 15 20 79893
209976 15 2 79897
209978 15 4 79898
209980 15 10 79899
209982 15 14 80188
209984 15 22 80190
209986 15 0 80200
209988 15 4 80274
209990 15 22 80366
209992 15 22 80590
210004 15 24 80399
210006 15 0 80400
210008 15 2 80401
210010 15 4 80402
210020 15 22 80846
210032 15 22 80222
210034 15 24 80223
210036 15 2 80225
210038 15 24 80311
210044 15 14 80828
210052 15 0 79896
210054 15 22 79910
210056 15 2 80009
210058 15 22 80382
210060 15 24 80383
210062 15 0 80384
210064 15 10 80403
210066 15 2 80577
210076 15 14 79900
210078 15 10 79907
210080 15 22 80014
210082 15 2 80041
210084 15 0 80128
210092 15 10 80275
210094 15 14 80276
210096 15 22 80278
210100 15 14 80412
210102 15 10 80459
210104 15 2 80481
210106 15 4 80482
210108 15 10 80483
210112 15 0 80608
210114 15 20 80613
210116 15 0 80616
210118 15 22 80654
210120 15 24 80655
210122 15 20 80693
210124 15 22 80694
210126 15 24 80703
210128 15 0 80720
210130 15 2 80721
210132 15 14 80764
210134 15 10 80843
210198 15 20 79901
210200 15 22 79902
210202 15 24 79903
210204 15 0 79904
210206 15 20 79909
210208 15 20 80029
210210 15 22 80166
210212 15 0 80168
210214 15 2 80169
210216 15 0 80368
210218 15 4 80386
210220 15 10 80387
210222 15 14 80388
210224 15 20 80389
210226 15 2 80545
210228 15 4 80546
210230 15 10 80547
210232 15 14 80548
210234 15 4 80570
210236 15 14 80724
210238 15 20 80725
210240 15 22 80726
210242 15 24 80727
210244 15 10 80763
210310 15 2 79905
210312 15 24 79999
210314 15 24 80455
210316 15 0 80456
210318 15 2 80457
210320 15 4 80458
210322 15 14 80596
210324 15 20 80597
210326 15 24 80599
210328 15 22 80646
210330 15 0 80880
210338 15 22 79942
210340 15 22 80358
210382 15 14 79908
210388 15 2 80073
210390 15 24 80095
210392 15 2 80289
210394 15 4 80650
210396 15 10 80651
210398 15 14 80652
210400 15 20 80653
210402 15 24 80775
210404 15 0 80776
210406 15 2 80777
210408 15 4 80778
210444 15 10 80043
210446 15 14 80044
210448 15 20 80045
210450 15 4 80234
210458 15 24 80439
210460 15 0 80440
210464 15 14 80580
210466 15 24 80647
210468 15 2 80673
210470 15 24 79911
210472 15 0 79912
210474 15 2 79913
210476 15 4 79914
210478 15 10 79939
210480 15 14 79940
210482 15 2 79985
210488 15 14 80220
210490 15 20 80245
210494 15 4 80410
210496 15 24 80535
210498 15 0 80536
210500 15 2 80537
210502 15 4 80538
210504 15 20 80581
210506 15 24 80687
210508 15 0 80688
210510 15 4 80690
210512 15 2 80737
210514 15 4 80770
210570 15 10 79915
210572 15 14 79916
210574 15 20 79917
210576 15 22 79918
210578 15 2 79977
210580 15 14 80172
210582 15 22 80174
210584 15 24 80175
210586 15 2 80177
210588 15 20 80301
210590 15 22 80302
210592 15 24 80303
210594 15 0 80304
210596 15 2 80377
210598 15 4 80378
210600 15 10 80379
210602 15 14 80380
210604 15 10 80523
210606 15 24 80567
210608 15 10 80635
210678 15 24 79919
210680 15 0 79920
210682 15 2 79921
210684 15 4 79922
210686 15 24 79943
210688 15 0 79944
210690 15 2 79945
210776 15 2 80585
210778 15 2 80649
210800 15 22 79926
210802 15 0 80000
210804 15 2 80001
210806 15 4 80002
210808 15 24 80359
210810 15 24 80887
210812 15 0 80888
210814 15 2 80889
210816 15 4 80890
210824 15 2 79929
210826 15 4 79930
210828 15 20 79965
210830 15 20 80069
210832 15 22 80070
210834 15 24 80071
210836 15 24 80079
210838 15 4 80202
210844 15 2 80265
210848 15 4 80346
210850 15 20 80349
210852 15 14 80444
210854 15 10 80539
210856 15 20 80629
210858 15 22 80710
210860 15 24 80711
210862 15 0 80712
210864 15 2 80713
210874 15 4 80858
210876 15 10 80859
210878 15 14 80860
210880 15 20 80861
210882 15 4 80874
210944 15 10 79931
210946 15 14 79932
210948 15 20 79933
210950 15 22 79934
210952 15 4 79970
210954 15 14 80124
210956 15 20 80125
210958 15 20 80237
210960 15 22 80238
210962 15 0 80240
210964 15 14 80404
210966 15 24 80407
210968 15 4 80418
210970 15 10 80419
210972 15 20 80485
210974 15 0 80528
210976 15 20 80573
210978 15 14 80892
210980 15 20 80893
210982 15 22 80894
210984 15 24 80895
211046 15 24 79935
211048 15 0 79936
211050 15 2 79937
211052 15 4 79938
211054 15 0 79960
211056 15 2 80113
211058 15 10 80131
211060 15 0 80192
211062 15 2 80193
211064 15 10 80195
211066 15 0 80312
211068 15 2 80313
211076 15 10 80579
211078 15 2 80617
211080 15 4 80618
211082 15 10 80619
211084 15 14 80620
211086 15 10 80643
211088 15 4 80714
211090 15 14 80876
211092 15 20 80877
211094 15 22 80878
211096 15 24 80879
211208 15 20 79941
211210 15 20 80085
211212 15 22 80086
211214 15 0 80088
211216 15 4 80394
211218 15 4 80834
211220 15 10 80835
211222 15 14 80836
211224 15 20 80837
211234 15 2 80553
211236 15 10 80555
211238 15 10 80571
211240 15 14 80572
211242 15 22 80838
211244 15 24 80839
211246 15 0 80840
211248 15 2 80841
211282 15 4 79946
211284 15 10 79947
211286 15 14 79948
211288 15 20 79949
211290 15 22 79950
211292 15 14 80260
211294 15 22 80390
211296 15 24 80391
211298 15 0 80392
211300 15 2 80393
211302 15 10 80531
211304 15 0 80600
211306 15 2 80601
211308 15 4 80602
211310 15 10 80603
211312 15 14 80604
211314 15 24 80607
211316 15 14 80700
211318 15 20 80701
211394 15 24 79951
211396 15 4 80266
211398 15 10 80267
211400 15 14 80268
211406 15 2 80385
211408 15 20 80397
211410 15 14 80460
211412 15 0 80832
211414 15 0 79952
211416 15 2 79953
211418 15 4 79954
211420 15 10 79955
211422 15 0 80040
211428 15 0 80072
211430 15 14 80084
211432 15 2 80361
211434 15 10 80363
211436 15 14 80364
211438 15 20 80365
211442 15 0 80576
211444 15 10 80771
211452 15 10 80875
211514 15 14 79956
211516 15 20 79957
211518 15 22 79958
211520 15 24 79959
211522 15 10 79979
211524 15 14 79980
211526 15 22 79982
211528 15 24 79983
211530 15 10 80355
211532 15 10 80435
211534 15 14 80436
211536 15 20 80437
211538 15 22 80438
211540 15 2 80625
211542 15 4 80626
211544 15 10 80627
211546 15 14 80628
211548 15 10 80715
211640 15 2 79961
211642 15 4 79962
211644 15 10 79963
211646 15 14 79964
211648 15 22 80030
211650 15 2 80033
211652 15 24 80111
211654 15 4 80114
211656 15 14 80116
211658 15 20 80117
211662 15 22 80126
211664 15 24 80127
211666 15 0 80360
211668 15 10 80443
211670 15 4 80450
211672 15 2 80497
211674 15 22 80630
211758 15 22 79966
211760 15 24 79967
211762 15 0 79968
211764 15 2 79969
211766 15 4 80034
211768 15 22 80094
211772 15 14 80212
211776 15 24 80263
211778 15 2 80369
211782 15 0 80584
211786 15 4 80586
211788 15 24 80783
211790 15 4 80850
211792 15 20 80853
211794 15 4 80866
211796 15 10 80867
211798 15 14 80868
211800 15 20 80869
211886 15 10 79971
211888 15 14 79972
211890 15 20 79973
211892 15 22 79974
211896 15 14 79996
211900 15 24 80047
211902 15 14 80052
211908 15 2 80273
211910 15 20 80357
211912 15 10 80507
211914 15 14 80540
211916 15 20 80541
211918 15 22 80542
211920 15 24 80543
211924 15 4 80674
211928 15 10 80851
211930 15 14 80852
212002 15 24 79975
212004 15 10 80283
212006 15 14 80284
212008 15 22 80286
212010 15 22 80518
212012 15 22 80822
212014 15 24 80823
212016 15 0 80824
212018 15 2 80825
212020 15 0 79976
212024 15 0 80472
212026 15 2 80473
212028 15 4 80474
212030 15 10 80475
212032 15 0 80592
212034 15 2 80593
212036 15 4 80594
212038 15 20 80645
212040 15 22 80886
212060 15 10 79883
212072 15 4 80074
212074 15 10 80203
212088 15 4 80730
212118 15 20 79981
212182 15 0 79984
212184 15 4 80042
212188 15 24 80055
212190 15 20 80253
212192 15 14 80372
212194 15 22 80398
212196 15 24 80463
212198 15 0 80464
212200 15 4 80466
212202 15 4 80682
212204 15 14 80684
212206 15 20 80685
212208 15 2 80705
212210 15 0 80848
212238 15 4 79986
212240 15 24 80399
212244 15 24 80455
212246 15 2 80457
212248 15 4 80458
212250 15 10 80467
212252 15 20 80469
212254 15 22 80526
212256 15 4 80882
212258 15 10 80883
212260 15 14 80884
212262 15 20 80885
212266 15 4 79874
212270 15 14 79988
212272 15 20 79989
212276 15 14 80004
212278 15 0 80136
212280 15 2 80137
212282 15 22 80246
212284 15 0 80248
212286 15 2 80249
212290 15 14 80396
212292 15 0 80408
212298 15 0 80488
212300 15 4 80610
212306 15 2 80633
212308 15 4 80634
212314 15 10 80691
212316 15 22 80702
212320 15 4 80738
212322 15 20 80765
212324 15 22 80870
212326 15 24 80871
212328 15 0 80872
212330 15 2 80873
212402 15 24 79991
212404 15 0 79992
212406 15 2 79993
212408 15 4 79994
212410 15 0 80024
212412 15 2 80025
212414 15 4 80026
212420 15 22 80102
212422 15 0 80104
212424 15 4 80226
212426 15 14 80356
212430 15 2 80409
212432 15 2 80529
212434 15 20 80557
212436 15 0 80648
212506 15 14 79892
212520 15 22 79998
212522 15 14 80188
212524 15 20 80189
212526 15 2 80201
212534 15 4 80354
212538 15 24 80367
212542 15 24 80519
212544 15 2 80521
212546 15 4 80522
212550 15 20 80533
212558 15 22 80550
212560 15 10 80587
212564 15 22 80670
212570 15 0 80680
212572 15 22 80766
212682 15 14 80596
212686 15 22 80598
212700 15 10 80003
212704 15 0 80032
212708 15 20 80173
212710 15 24 80175
212712 15 4 80178
212716 15 10 80371
212718 15 24 80471
212720 15 20 80661
212722 15 22 80662
212724 15 0 80664
212726 15 24 80855
212842 15 20 80005
212844 15 22 80006
212846 15 24 80007
212848 15 0 80008
212850 15 14 80100
212852 15 4 80130
212854 15 10 80235
212856 15 24 80295
212858 15 2 80297
212860 15 4 80298
212862 15 0 80424
212864 15 24 80527
212868 15 22 80614
212870 15 24 80615
212872 15 0 80616
212874 15 0 80656
212876 15 2 80657
212878 15 4 80658
212880 15 10 80659
212882 15 14 80692
212946 15 0 79896
212948 15 22 79910
212950 15 2 80009
212958 15 2 80425
212960 15 4 80426
212962 15 10 80427
212964 15 14 80428
212968 15 24 79879
212970 15 4 80010
212972 15 10 80011
212974 15 14 80012
212978 15 2 80089
212980 15 10 80091
212982 15 20 80133
212990 15 24 80255
212992 15 0 80264
212998 15 20 80269
213006 15 24 80439
213008 15 2 80441
213010 15 4 80442
213016 15 2 80449
213018 15 20 80517
213020 15 0 80544
213024 15 4 80578
213026 15 14 80588
213028 15 22 80638
213030 15 24 80647
213032 15 24 80671
213034 15 20 80821
213038 15 4 80842
213040 15 2 80881
213112 15 2 79897
213120 15 2 80041
213124 15 14 80276
213130 15 10 80459
213132 15 24 80015
213134 15 0 80016
213136 15 2 80017
213138 15 4 80018
213140 15 10 80019
213142 15 2 80129
213146 15 22 80190
213148 15 24 80191
213152 15 20 80421
213154 15 2 80481
213156 15 4 80482
213158 15 14 80484
213166 15 2 80609
213168 15 2 80833
213170 15 10 80843
213256 15 14 80020
213258 15 20 80021
213260 15 22 80022
213262 15 24 80023
213264 15 14 80028
213266 15 4 80138
213268 15 20 80373
213270 15 24 80375
213272 15 0 80376
213274 15 22 80422
213276 15 24 80423
213282 15 2 80489
213284 15 10 80611
213286 15 14 80732
213292 15 22 80830
213294 15 24 80831
213364 15 10 80027
213370 15 2 80105
213374 15 22 80230
213376 15 0 80232
213382 15 22 80462
213388 15 10 80675
213498 15 4 80546
213516 15 24 80031
213524 15 10 80115
213530 15 0 80360
213542 15 24 80663
213546 15 4 80818
213626 15 4 80034
213636 15 4 80866
213644 15 10 80035
213646 15 14 80036
213648 15 20 80037
213650 15 22 80038
213652 15 4 80162
213654 15 10 80163
213656 15 14 80204
213658 15 20 80205
213660 15 0 80256
213662 15 2 80257
213664 15 10 80259
213666 15 20 80429
213668 15 20 80445
213670 15 20 80549
213672 15 22 80574
213674 15 0 80672
213734 15 10 79891
213736 15 24 80039
213744 15 0 80520
213748 15 24 80575
213750 15 14 80612
213752 15 0 80792
213758 15 10 79955
213760 15 0 80040
213786 15 0 80128
213800 15 22 80654
213802 15 24 80655
213814 15 2 80465
213818 15 2 80705
213822 15 10 80043
213824 15 14 80044
213826 15 20 80045
213828 15 22 80046
213832 15 4 80090
213836 15 22 80118
213838 15 24 80119
213840 15 0 80176
213842 15 10 80219
213844 15 4 80234
213846 15 0 80280
213856 15 0 80440
213860 15 22 80478
213862 15 24 80495
213864 15 0 80496
213866 15 14 80524
213870 15 2 80673
213872 15 10 80747
213874 15 14 80748
213876 15 20 80749
213878 15 22 80750
213880 15 10 80819
213954 15 20 79973
213966 15 4 79882
213968 15 0 80048
213970 15 2 80049
213972 15 4 80050
213974 15 10 80051
213976 15 14 80228
213978 15 14 80292
213980 15 2 80553
213982 15 4 80554
213984 15 10 80555
213986 15 14 80556
213994 15 22 80734
213996 15 24 80735
214000 15 2 80841
214056 15 22 79974
214070 15 10 80851
214076 15 0 79872
214078 15 0 79880
214084 15 22 80054
214088 15 0 80056
214090 15 2 80057
214092 15 10 80171
214094 15 4 80242
214098 15 24 80279
214100 15 24 80335
214102 15 0 80336
214104 15 2 80337
214108 15 24 80431
214110 15 4 80434
214112 15 20 80621
214114 15 0 80624
214116 15 14 80660
214118 15 4 80682
214120 15 10 80683
214126 15 4 80698
214128 15 10 80699
214132 15 2 80857
214236 15 14 79908
214238 15 4 80058
214240 15 10 80059
214242 15 14 80060
214244 15 20 80061
214246 15 2 80073
214248 15 10 80187
214250 15 2 80241
214252 15 10 80251
214254 15 2 80289
214256 15 10 80339
214258 15 14 80340
214260 15 22 80342
214262 15 20 80381
214264 15 22 80430
214266 15 2 80433
214268 15 20 80677
214270 15 22 80678
214272 15 24 80679
214276 15 4 80706
214278 15 10 80707
214280 15 14 80708
214282 15 20 80709
214284 15 24 80775
214286 15 0 80776
214288 15 2 80777
214290 15 4 80778
214292 15 14 80844
214294 15 0 80856
214368 15 22 80062
214370 15 24 80063
214372 15 0 80064
214374 15 2 80065
214376 15 4 80066
214378 15 10 80067
214380 15 14 80068
214382 15 14 80132
214384 15 24 80183
214386 15 0 80184
214388 15 2 80185
214390 15 4 80186
214392 15 14 80404
214394 15 20 80405
214396 15 22 80406
214398 15 24 80407
214400 15 10 80419
214402 15 14 80508
214404 15 0 80512
214406 15 2 80513
214408 15 22 80566
214410 15 10 80755
214412 15 14 80892
214414 15 20 80893
214416 15 22 80894
214442 15 20 80509
214444 15 22 80510
214446 15 24 80511
214452 15 4 80514
214572 15 24 79927
214574 15 2 79929
214576 15 4 79930
214580 15 2 79953
214592 15 0 80072
214594 15 24 80079
214596 15 4 80202
214600 15 2 80361
214602 15 10 80363
214606 15 22 80414
214608 15 0 80416
214610 15 2 80417
214614 15 22 80534
214616 15 10 80539
214618 15 20 80565
214620 15 0 80576
214624 15 0 80712
214626 15 2 80713
214628 15 10 80771
214634 15 14 80860
214764 15 20 79885
214768 15 22 79894
214770 15 4 79978
214772 15 4 80074
214774 15 4 80490
214776 15 10 80491
214778 15 14 80492
214780 15 20 80493
214782 15 0 80728
214790 15 10 80075
214792 15 14 80076
214794 15 20 80077
214796 15 22 80078
214802 15 14 80092
214804 15 14 80244
214806 15 22 80262
214808 15 4 80314
214810 15 14 80420
214814 15 14 80740
214816 15 20 80741
214818 15 22 80742
214820 15 24 80743
214886 15 0 79928
214898 15 22 80222
214900 15 2 80265
214902 15 24 80311
214922 15 0 80080
214924 15 2 80081
214926 15 4 80082
214928 15 10 80083
214930 15 0 80120
214932 15 2 80121
214934 15 10 80123
214936 15 4 80170
214938 15 20 80301
214940 15 0 80304
214942 15 2 80377
214944 15 4 80378
214948 15 20 80413
214950 15 22 80470
214952 15 4 80498
214954 15 10 80635
214956 15 2 80665
214958 15 4 80666
214960 15 14 80668
214962 15 20 80669
214964 15 22 80854
214966 15 10 80891
215036 15 14 80084
215042 15 14 80364
215046 15 20 79941
215050 15 0 79992
215054 15 22 80086
215056 15 24 80087
215058 15 0 80088
215062 15 14 80164
215064 15 20 80165
215068 15 4 80394
215070 15 10 80411
215072 15 20 80557
215074 15 4 80834
215076 15 10 80835
215080 15 20 80837
215204 15 4 80842
215308 15 0 79888
215312 15 10 79923
215314 15 20 80093
215318 15 24 80447
215326 15 4 80522
215328 15 2 80569
215338 15 22 80094
215340 15 24 80583
215342 15 0 80584
215344 15 2 80585
215346 15 4 80586
215354 15 0 79976
215358 15 0 80592
215360 15 2 80593
215362 15 4 80594
215364 15 20 80645
215366 15 4 80650
215368 15 10 80651
215370 15 14 80652
215372 15 20 80653
215376 15 24 79911
215380 15 14 79940
215386 15 2 80097
215388 15 4 80098
215390 15 10 80099
215392 15 20 80101
215394 15 20 80245
215396 15 10 80307
215398 15 14 80308
215400 15 20 80309
215402 15 22 80350
215404 15 4 80410
215406 15 14 80476
215408 15 20 80477
215410 15 24 80535
215412 15 4 80538
215414 15 20 80581
215426 15 2 80689
215428 15 4 80690
215430 15 10 80739
215432 15 4 80770
215506 15 20 80005
215512 15 14 80100
215514 15 10 80235
215524 15 0 80656
215526 15 2 80657
215530 15 10 80659
215572 15 24 80103
215578 15 22 80166
215580 15 24 80167
215582 15 22 80230
215584 15 24 80231
215588 15 14 80356
215594 15 4 80530
215598 15 10 80675
215600 15 2 80681
215676 15 14 79876
215678 15 14 79892
215680 15 4 80106
215682 15 10 80107
215684 15 14 80108
215686 15 20 80109
215688 15 22 80110
215690 15 14 80252
215692 15 10 80299
215694 15 2 80321
215696 15 10 80323
215698 15 14 80324
215700 15 24 80351
215702 15 24 80479
215704 15 0 80480
215712 15 20 80693
215714 15 22 80694
215716 15 24 80695
215718 15 0 80696
215720 15 0 80720
215722 15 10 80723
215724 15 22 80766
215820 15 4 79962
215822 15 10 79963
215828 15 14 80116
215830 15 14 80124
215832 15 22 80126
215834 15 24 80127
215838 15 10 80443
215840 15 2 80497
215842 15 10 79875
215846 15 14 79884
215850 15 0 80112
215852 15 20 80293
215854 15 24 80343
215856 15 24 80751
215858 15 0 80752
215860 15 2 80753
215862 15 4 80754
215864 15 14 80820
215866 15 24 79935
215868 15 2 79937
215870 15 4 79938
215872 15 2 80113
215878 15 14 80548
215880 15 10 80579
215882 15 14 80876
215884 15 20 80877
215886 15 22 80878
215888 15 24 80879
215894 15 14 79964
215896 15 22 80030
215922 15 22 80662
215926 15 4 80818
216010 15 10 80427
216014 15 0 80496
216016 15 10 80747
216020 15 20 80749
216036 15 4 80426
216052 15 4 80122
216058 15 14 80236
216060 15 10 80283
216062 15 14 80284
216064 15 20 80285
216068 15 14 80516
216074 15 10 80667
216078 15 22 80822
216080 15 24 80823
216082 15 0 80824
216148 15 10 79931
216154 15 4 79970
216160 15 20 80125
216166 15 20 80237
216168 15 22 80238
216170 15 10 80243
216174 15 20 80485
216176 15 0 80528
216178 15 20 80573
216246 15 4 79898
216248 15 14 79900
216254 15 2 80481
216258 15 10 80483
216260 15 0 80608
216262 15 20 80613
216270 15 14 80764
216274 15 0 80016
216276 15 2 80017
216284 15 14 80484
216286 15 2 80609
216292 15 0 80008
216294 15 4 80130
216298 15 22 80614
216300 15 24 80615
216308 15 0 79960
216310 15 10 80131
216312 15 2 80617
216314 15 4 80618
216316 15 10 80619
216318 15 14 80620
216324 15 10 80067
216326 15 14 80132
216354 15 14 80212
216356 15 22 80214
216358 15 24 80255
216362 15 4 80266
216366 15 22 80382
216368 15 2 80385
216378 15 20 80517
216388 15 0 80832
216390 15 22 80134
216394 15 24 80415
216398 15 24 80455
216400 15 4 80458
216402 15 10 80467
216404 15 20 80525
216408 15 24 80135
216410 15 10 80315
216412 15 20 80317
216414 15 22 80318
216416 15 24 80319
216418 15 20 80621
216420 15 22 80622
216422 15 24 80623
216426 15 20 80773
216428 15 2 79873
216430 15 4 79874
216432 15 10 79987
216436 15 0 80136
216438 15 2 80137
216440 15 4 80250
216442 15 22 80486
216444 15 24 80487
216446 15 0 80488
216448 15 4 80610
216450 15 22 80702
216456 15 14 80004
216474 15 2 80633
216476 15 4 80634
216478 15 20 80765
216484 15 14 80028
216486 15 4 80138
216492 15 2 80489
216494 15 10 80611
216496 15 10 80139
216498 15 14 80140
216500 15 20 80141
216502 15 22 80142
216504 15 10 80147
216510 15 4 80338
216512 15 0 80344
216516 15 14 80500
216518 15 10 80779
216520 15 20 80781
216522 15 2 80793
216524 15 10 80795
216526 15 14 80796
216528 15 20 80797
216530 15 22 80798
216586 15 24 80143
216588 15 0 80144
216590 15 2 80145
216592 15 4 80146
216594 15 14 80148
216600 15 20 80341
216602 15 2 80345
216606 15 20 80501
216608 15 4 80706
216610 15 20 80709
216612 15 14 80788
216614 15 22 80790
216616 15 4 80794
216618 15 24 80799
216620 15 0 80800
216622 15 2 80801
216624 15 4 80802
216736 15 20 80149
216738 15 22 80150
216740 15 24 80151
216742 15 0 80152
216744 15 10 80347
216746 15 0 80352
216748 15 2 80353
216750 15 22 80502
216752 15 24 80503
216754 15 0 80504
216756 15 2 80505
216760 15 14 80708
216764 15 24 80775
216774 15 10 80803
216776 15 14 80812
216778 15 20 80813
216780 15 0 80816
216838 15 2 80153
216840 15 4 80154
216842 15 10 80155
216844 15 14 80156
216846 15 2 80329
216848 15 10 80331
216850 15 14 80348
216852 15 4 80506
216858 15 14 80804
216906 15 20 80157
216908 15 22 80158
216910 15 24 80159
216912 15 0 80160
216914 15 2 80161
216916 15 22 80294
216918 15 10 80435
216920 15 14 80436
216922 15 22 80438
216924 15 10 80451
216926 15 14 80452
216928 15 20 80453
216930 15 22 80454
216932 15 10 80499
216934 15 10 80563
216936 15 2 80625
216938 15 10 80627
216940 15 0 80704
216942 15 10 80715
216944 15 24 80815
217030 15 10 80035
217032 15 14 80036
217042 15 10 80163
217044 15 14 80164
217048 15 0 80256
217050 15 2 80257
217052 15 4 80258
217054 15 10 80411
217056 15 20 80445
217058 15 20 80549
217060 15 0 80672
217062 15 4 80834
217066 15 14 80836
217138 15 20 79901
217140 15 22 79902
217142 15 24 79903
217152 15 0 80168
217154 15 2 80169
217160 15 2 80233
217162 15 0 80368
217164 15 4 80386
217166 15 10 80387
217168 15 20 80389
217174 15 4 80570
217178 15 14 80724
217180 15 20 80725
217182 15 22 80726
217184 15 24 80727
217300 15 20 80053
217302 15 24 80055
217304 15 10 80171
217312 15 0 80456
217316 15 22 80558
217318 15 10 79915
217320 15 20 79917
217322 15 0 80000
217324 15 2 80001
217326 15 14 80172
217328 15 20 80173
217330 15 22 80174
217332 15 24 80175
217334 15 2 80177
217336 15 20 80301
217338 15 22 80302
217340 15 24 80303
217342 15 24 80359
217344 15 24 80471
217346 15 10 80523
217348 15 24 80567
217350 15 24 80887
217352 15 2 80889
217354 15 4 80890
217430 15 22 80046
217432 15 2 80089
217440 15 22 80478
217450 15 10 80819
217454 15 14 79916
217470 15 4 80002
217472 15 10 80003
217478 15 0 80032
217480 15 4 80178
217482 15 10 80371
217490 15 0 80664
217492 15 24 80855
217494 15 10 80179
217496 15 14 80180
217498 15 20 80181
217500 15 22 80182
217502 15 4 80210
217504 15 20 80229
217512 15 14 80564
217514 15 0 80600
217516 15 2 80601
217518 15 10 80603
217520 15 14 80636
217522 15 20 80637
217586 15 14 80068
217588 15 24 80183
217592 15 2 80185
217594 15 4 80186
217600 15 22 80406
217606 15 20 80509
217608 15 22 80510
217612 15 0 80512
217614 15 2 80513
217616 15 4 80514
217618 15 24 80559
217620 15 0 80560
217622 15 2 80561
217624 15 4 80562
217626 15 22 80566
217628 15 10 80755
217726 15 4 80058
217728 15 10 80059
217730 15 10 80187
217732 15 2 80289
217734 15 20 80381
217736 15 0 80472
217738 15 2 80473
217740 15 4 80474
217744 15 20 79893
217750 15 10 79995
217752 15 14 79996
217758 15 4 80018
217760 15 10 80019
217762 15 14 80188
217764 15 20 80189
217766 15 22 80190
217768 15 24 80191
217770 15 0 80200
217772 15 2 80201
217774 15 4 80274
217776 15 22 80366
217778 15 20 80421
217784 15 14 80540
217786 15 20 80541
217788 15 24 80543
217790 15 22 80550
217792 15 10 80587
217794 15 22 80590
217800 15 4 80674
217806 15 2 80721
217808 15 2 80833
217810 15 10 80843
217892 15 0 79936
217894 15 4 79938
217898 15 0 80192
217900 15 2 80193
217902 15 4 80194
217904 15 10 80195
217906 15 0 80312
217908 15 2 80313
217924 15 10 80643
217926 15 4 80714
217928 15 22 80870
217930 15 24 80871
217998 15 14 80196
218000 15 20 80197
218002 15 22 80198
218004 15 24 80199
218006 15 22 80254
218008 15 2 80361
218010 15 4 80362
218012 15 10 80363
218014 15 4 80370
218020 15 2 80417
218024 15 24 80463
218026 15 0 80464
218028 15 2 80465
218032 15 24 80551
218034 15 0 80552
218036 15 2 80553
218038 15 10 80555
218040 15 10 80571
218042 15 22 80582
218044 15 14 80644
218046 15 22 80686
218048 15 4 80722
218130 15 10 79899
218132 15 10 79907
218146 15 22 80694
218158 15 22 79998
218168 15 4 80354
218176 15 22 80766
218178 15 24 80767
218180 15 24 79927
218184 15 4 79930
218186 15 20 80069
218190 15 4 80202
218192 15 20 80261
218194 15 20 80349
218196 15 10 80539
218200 15 24 80711
218202 15 0 80712
218206 15 2 79881
218208 15 10 79883
218212 15 24 79895
218214 15 4 79978
218216 15 10 80203
218218 15 24 80343
218220 15 20 80461
218222 15 4 80826
218224 15 10 80827
218226 15 20 80829
218228 15 20 80845
218230 15 2 80849
218234 15 20 80037
218236 15 22 80038
218240 15 20 80205
218244 15 10 80259
218246 15 20 80429
218250 15 22 80574
218262 15 14 80604
218264 15 20 80605
218266 15 22 80606
218268 15 24 80607
218270 15 22 80206
218272 15 24 80207
218274 15 0 80208
218276 15 2 80209
218278 15 20 80221
218280 15 14 80300
218282 15 24 80399
218284 15 2 80401
218286 15 4 80402
218288 15 22 80526
218290 15 20 80589
218292 15 14 80596
218294 15 22 80598
218296 15 24 80599
218298 15 4 80762
218300 15 0 80784
218302 15 10 80787
218384 15 22 79966
218386 15 24 79967
218388 15 0 79968
218392 15 4 80034
218396 15 10 80091
218398 15 20 80133
218402 15 14 80212
218404 15 20 80213
218406 15 22 80214
218412 15 24 80263
218416 15 2 80369
218418 15 22 80446
218420 15 0 80544
218422 15 0 80568
218424 15 4 80578
218426 15 24 80583
218434 15 22 80638
218436 15 24 80783
218438 15 4 80842
218440 15 4 80866
218442 15 10 80867
218444 15 14 80868
218446 15 20 80869
218534 15 24 80215
218536 15 0 80216
218538 15 2 80217
218540 15 4 80218
218542 15 10 80227
218544 15 0 80320
218546 15 22 80382
218548 15 0 80384
218550 15 10 80403
218552 15 14 80460
218554 15 24 80591
218556 15 0 80592
218558 15 4 80594
218560 15 10 80595
218562 15 14 80756
218624 15 20 80045
218634 15 10 80219
218638 15 0 80440
218640 15 4 80442
218644 15 14 80580
218646 15 20 80821
218648 15 24 79911
218650 15 0 79912
218652 15 2 79913
218654 15 14 79940
218656 15 14 80220
218658 15 24 80687
218660 15 0 80688
218662 15 2 80737
218664 15 4 80770
218686 15 20 79965
218688 15 24 80079
218690 15 22 80222
218692 15 24 80223
218694 15 0 80224
218696 15 2 80225
218700 15 24 80311
218702 15 4 80346
218704 15 14 80468
218706 15 20 80629
218708 15 14 80716
218710 15 20 80717
218712 15 24 80719
218714 15 20 80757
218716 15 22 80758
218718 15 24 80759
218720 15 0 80760
218726 15 14 80828
218732 15 4 80858
218734 15 10 80859
218736 15 14 80860
218738 15 20 80861
218798 15 24 79991
218800 15 0 79992
218802 15 2 79993
218804 15 0 80024
218806 15 4 80026
218810 15 22 80086
218812 15 4 80226
218816 15 4 80394
218818 15 2 80529
218820 15 20 80557
218838 15 4 79882
218840 15 0 80048
218842 15 2 80049
218844 15 10 80051
218846 15 14 80228
218848 15 14 80292
218852 15 4 80554
218856 15 14 80572
218858 15 14 80732
218860 15 20 80733
218862 15 22 80734
218864 15 24 80735
218866 15 22 80838
218868 15 2 80841
218888 15 10 80027
218894 15 2 80105
218910 15 2 80409
218916 15 10 80675
218924 15 24 80727
218998 15 22 79910
219006 15 24 80119
219010 15 2 80425
219024 15 2 80673
219026 15 20 80005
219028 15 24 80007
219030 15 14 80100
219032 15 10 80235
219034 15 0 80656
219036 15 2 80657
219038 15 4 80658
219040 15 10 80659
219044 15 4 80122
219050 15 10 80283
219052 15 14 80284
219054 15 20 80285
219056 15 14 80516
219062 15 10 80667
219068 15 24 80823
219070 15 0 80824
219072 15 10 79931
219074 15 14 79932
219076 15 4 79970
219078 15 14 80124
219080 15 20 80125
219082 15 22 80126
219084 15 20 80237
219086 15 22 80238
219088 15 24 80239
219090 15 0 80240
219092 15 10 80243
219094 15 20 80485
219096 15 0 80528
219098 15 20 80573
219100 15 14 80892
219102 15 20 80893
219104 15 24 80895
219166 15 10 79891
219172 15 14 80060
219174 15 2 80241
219180 15 22 80678
219182 15 24 80679
219186 15 14 80844
219190 15 22 80054
219192 15 0 80056
219194 15 4 80242
219196 15 24 80335
219198 15 2 80337
219200 15 24 80431
219204 15 20 80621
219208 15 4 80698
219210 15 10 80699
219228 15 10 80075
219236 15 14 80092
219242 15 22 80262
219248 15 14 80420
219260 15 10 79939
219264 15 0 80096
219266 15 4 80098
219268 15 10 80099
219270 15 20 80245
219272 15 4 80410
219278 15 2 80689
219280 15 4 80690
219284 15 10 79987
219286 15 14 79988
219288 15 20 79989
219290 15 14 80004
219292 15 22 80246
219294 15 24 80247
219296 15 0 80248
219298 15 2 80249
219300 15 14 80396
219302 15 0 80408
219310 15 10 80691
219312 15 4 80738
219318 15 0 80872
219320 15 2 80873
219386 15 4 79874
219392 15 22 79990
219396 15 4 80250
219398 15 22 80486
219400 15 24 80487
219402 15 4 80610
219408 15 22 80702
219416 15 20 80061
219418 15 2 80073
219420 15 10 80251
219422 15 10 80339
219426 15 22 80430
219430 15 4 80706
219432 15 10 80707
219434 15 14 80708
219438 15 14 79876
219442 15 10 80107
219444 15 14 80108
219446 15 14 80252
219448 15 24 80351
219454 15 24 80695
219456 15 0 80696
219462 15 0 79984
219466 15 24 80055
219468 15 2 80057
219470 15 20 80253
219474 15 4 80682
219476 15 10 80683
219478 15 14 80684
219480 15 20 80685
219482 15 0 80848
219490 15 22 80254
219518 15 20 80013
219532 15 0 80448
219536 15 0 80568
219542 15 14 80036
219546 15 4 80162
219550 15 14 80164
219558 15 4 80258
219562 15 20 80445
219570 15 4 80834
219572 15 10 80835
219640 15 4 79946
219642 15 14 79948
219644 15 22 79950
219646 15 14 80260
219648 15 22 80390
219650 15 24 80391
219652 15 0 80392
219654 15 10 80531
219660 15 4 80602
219666 15 24 79927
219668 15 0 79928
219688 15 22 80718
219694 15 20 80077
219708 15 4 80314
219712 15 14 80524
219794 15 24 80311
219808 15 24 79951
219812 15 10 80011
219814 15 14 80012
219818 15 4 80266
219820 15 10 80267
219822 15 14 80268
219824 15 20 80269
219830 15 20 80397
219834 15 24 80447
219836 15 2 80449
219838 15 14 80460
219842 15 4 80474
219844 15 10 80475
219846 15 20 80517
219854 15 14 80612
219856 15 14 80676
219858 15 2 80817
219860 15 0 80832
219862 15 2 80881
219864 15 22 80886
219960 15 24 79887
219962 15 2 79889
219964 15 14 79924
219966 15 10 79971
219968 15 22 79974
219972 15 20 79997
219974 15 14 80052
219976 15 22 80270
219978 15 24 80271
219980 15 0 80272
219982 15 2 80273
219984 15 20 80357
219986 15 24 80367
219988 15 10 80507
219990 15 14 80532
219994 15 0 80584
219998 15 24 80631
220000 15 2 80649
220002 15 4 80850
220004 15 10 80851
220006 15 14 80852
220008 15 20 80853
220104 15 4 79898
220108 15 14 79996
220110 15 14 80188
220112 15 20 80189
220114 15 22 80190
220124 15 22 80550
220126 15 22 80590
220132 15 2 80721
220138 15 22 80014
220140 15 2 80041
220142 15 10 80275
220144 15 14 80276
220146 15 20 80277
220148 15 22 80278
220150 15 14 80412
220152 15 10 80459
220160 15 24 80703
220226 15 0 79872
220234 15 10 80171
220236 15 24 80279
220244 15 14 80660
220252 15 22 80118
220258 15 10 80747
220260 15 14 80748
220266 15 10 80819
220268 15 2 80281
220270 15 4 80282
220272 15 24 80639
220274 15 14 80740
220276 15 20 80741
220278 15 22 80742
220280 15 0 80744
220294 15 24 79975
220308 15 22 80286
220312 15 22 80518
220320 15 2 80697
220328 15 2 80825
220394 15 24 80287
220396 15 0 80288
220400 15 22 80758
220402 15 24 80759
220404 15 2 80761
220410 15 4 80642
220424 15 14 79908
220432 15 10 80187
220438 15 24 80775
220440 15 0 80776
220442 15 2 80777
220444 15 4 80778
220446 15 4 80290
220448 15 4 80306
220450 15 2 80641
220452 15 24 80751
220454 15 2 80753
220456 15 4 80754
220458 15 2 80769
220460 15 10 80291
220462 15 2 80305
220464 15 0 80640
220472 15 0 80768
220480 15 14 80228
220482 15 14 80292
220494 15 20 79885
220496 15 0 80112
220498 15 20 80293
220500 15 4 80490
220502 15 10 80491
220504 15 14 80492
220506 15 22 80494
220510 15 0 80752
220516 15 20 80157
220518 15 24 80159
220520 15 0 80160
220522 15 22 80294
220524 15 10 80451
220526 15 20 80453
220528 15 22 80454
220534 15 22 80006
220536 15 0 80008
220538 15 14 80100
220540 15 24 80295
220542 15 0 80296
220544 15 2 80297
220546 15 4 80298
220548 15 0 80424
220550 15 24 80527
220552 15 20 80613
220554 15 22 80614
220556 15 0 80616
220558 15 24 80655
220560 15 14 80692
220626 15 14 79892
220632 15 22 80110
220634 15 10 80299
220644 15 10 80723
220646 15 22 80766
220648 15 22 80206
220652 15 2 80209
220656 15 14 80596
220664 15 0 80784
220666 15 10 80787
220668 15 10 79915
220672 15 22 79918
220674 15 0 80080
220676 15 2 80081
220680 15 22 80174
220682 15 20 80301
220684 15 22 80302
220686 15 24 80303
220688 15 0 80304
220690 15 2 80377
220692 15 4 80378
220694 15 14 80380
220696 15 20 80413
220698 15 10 80523
220700 15 24 80567
220702 15 10 80635
220704 15 20 80669
220814 15 2 80097
220818 15 20 80101
220820 15 10 80307
220822 15 14 80308
220824 15 20 80309
220826 15 22 80310
220828 15 14 80476
220830 15 20 80477
220832 15 10 80779
220834 15 14 80780
220836 15 20 80781
220838 15 22 80782
220930 15 14 80828
220932 15 20 80829
220934 15 2 80849
220938 15 0 79936
220940 15 4 79938
220944 15 0 80192
220950 15 0 80312
220952 15 2 80313
220956 15 14 80548
220960 15 2 80617
220962 15 4 80618
220964 15 10 80619
220968 15 4 80714
220994 15 14 80076
221014 15 24 80743
221016 15 24 80135
221018 15 10 80315
221020 15 14 80316
221022 15 20 80317
221024 15 22 80318
221026 15 24 80319
221030 15 22 80622
221032 15 24 80623
221034 15 20 80773
221038 15 2 80785
221040 15 4 80786
221122 15 4 80218
221124 15 0 80320
221130 15 10 80595
221136 15 10 80107
221138 15 20 80109
221142 15 2 80321
221144 15 4 80322
221146 15 10 80323
221148 15 14 80324
221150 15 24 80479
221152 15 0 80480
221154 15 14 80788
221156 15 20 80789
221158 15 22 80790
221160 15 24 80791
221222 15 20 80325
221224 15 22 80326
221226 15 24 80327
221228 15 0 80328
221230 15 22 80334
221232 15 10 80515
221234 15 4 80650
221236 15 10 80651
221238 15 20 80653
221240 15 2 80745
221242 15 4 80746
221248 15 20 80813
221250 15 22 80814
221302 15 2 80153
221304 15 4 80154
221306 15 14 80156
221308 15 2 80329
221310 15 4 80330
221312 15 10 80331
221314 15 14 80332
221316 15 20 80333
221318 15 14 80348
221320 15 4 80506
221328 15 10 80699
221330 15 22 80774
221332 15 10 80795
221334 15 14 80796
221336 15 22 80798
221338 15 14 80804
221444 15 10 80139
221446 15 14 80140
221448 15 22 80142
221450 15 10 80147
221454 15 24 80335
221456 15 0 80336
221458 15 2 80337
221460 15 4 80338
221466 15 14 80500
221470 15 10 80683
221480 15 2 80793
221482 15 2 80857
221576 15 24 80143
221578 15 0 80144
221580 15 2 80145
221582 15 14 80148
221584 15 10 80251
221586 15 10 80339
221588 15 14 80340
221590 15 20 80341
221592 15 22 80342
221594 15 22 80430
221598 15 20 80501
221602 15 22 80678
221608 15 10 80707
221618 15 4 80794
221620 15 0 80856
221708 15 10 79875
221712 15 14 79884
221716 15 10 80203
221726 15 14 80820
221734 15 20 80845
221738 15 20 80141
221742 15 0 80344
221748 15 20 80797
221754 15 4 80146
221758 15 2 80345
221760 15 24 80799
221762 15 0 80800
221764 15 2 80801
221766 15 4 80802
221786 15 4 80858
221790 15 14 80860
221792 15 20 80861
221794 15 20 80149
221796 15 22 80150
221798 15 24 80151
221800 15 10 80347
221802 15 0 80352
221816 15 10 80803
221818 15 0 80816
221846 15 2 79929
221848 15 4 79930
221850 15 20 80069
221852 15 22 80070
221854 15 24 80071
221858 15 4 80202
221860 15 20 80349
221862 15 14 80444
221864 15 10 80539
221870 15 2 80713
221878 15 4 80874
221880 15 0 79880
221884 15 10 79939
221886 15 2 79985
221894 15 22 80350
221896 15 4 80410
221898 15 24 80535
221900 15 4 80538
221902 15 20 80581
221910 15 10 80739
221950 15 2 80353
221962 15 14 80812
221988 15 22 79998
221992 15 4 80354
221994 15 24 80519
221996 15 2 80521
221998 15 4 80522
222000 15 20 80533
222010 15 14 79956
222012 15 24 79959
222014 15 10 79979
222016 15 14 79980
222018 15 22 79982
222020 15 24 79983
222022 15 10 80355
222024 15 2 80625
222026 15 4 80626
222028 15 10 80627
222030 15 14 80628
222032 15 24 79991
222034 15 2 79993
222036 15 4 79994
222038 15 0 80024
222040 15 2 80025
222042 15 4 80026
222044 15 22 80102
222046 15 0 80104
222048 15 4 80226
222050 15 14 80356
222052 15 2 80409
222054 15 2 80529
222056 15 0 80648
222060 15 14 79972
222076 15 10 80507
222078 15 14 80540
222080 15 20 80541
222082 15 22 80542
222084 15 24 80631
222086 15 4 80674
222088 15 4 79906
222090 15 20 79925
222092 15 22 79942
222094 15 22 80358
222096 15 20 80373
222098 15 22 80374
222100 15 24 80375
222102 15 0 80432
222104 15 22 80838
222106 15 24 80839
222108 15 0 80840
222110 15 2 80841
222112 15 22 79926
222114 15 0 80000
222116 15 2 80001
222118 15 4 80002
222122 15 20 80173
222124 15 24 80175
222126 15 24 80359
222128 15 24 80471
222130 15 24 80887
222132 15 0 80888
222134 15 2 80889
222136 15 4 80890
222138 15 2 79961
222140 15 4 79962
222142 15 14 79964
222144 15 22 80030
222146 15 2 80033
222148 15 24 80111
222150 15 4 80114
222152 15 14 80116
222154 15 20 80117
222156 15 0 80360
222158 15 4 80450
222160 15 2 80497
222162 15 22 80630
222164 15 0 79952
222166 15 2 79953
222170 15 0 80072
222172 15 14 80084
222176 15 24 80199
222178 15 2 80361
222180 15 4 80362
222182 15 10 80363
222184 15 14 80364
222186 15 20 80365
222190 15 22 80414
222194 15 22 80534
222196 15 2 80553
222198 15 10 80555
222200 15 14 80556
222202 15 0 80576
222204 15 22 80582
222206 15 14 80644
222208 15 22 80686
222212 15 10 80771
222308 15 4 79954
222310 15 0 80040
222336 15 10 80875
222340 15 2 79897
222342 15 4 79898
222344 15 24 80015
222346 15 0 80016
222348 15 4 80018
222354 15 0 80200
222356 15 4 80274
222358 15 22 80366
222360 15 20 80421
222362 15 2 80481
222364 15 4 80482
222368 15 0 80608
222370 15 2 80609
222372 15 10 80843
222374 15 24 79887
222376 15 2 79889
222378 15 4 79890
222396 15 14 80532
222402 15 22 80670
222404 15 20 79901
222406 15 22 79902
222408 15 24 79903
222410 15 22 80166
222412 15 0 80168
222414 15 2 80169
222416 15 0 80368
222418 15 4 80386
222420 15 10 80387
222422 15 20 80389
222424 15 4 80570
222426 15 14 80724
222428 15 20 80725
222432 15 24 80727
222434 15 22 79966
222436 15 24 79967
222438 15 0 79968
222440 15 4 80034
222442 15 10 80211
222444 15 14 80212
222446 15 20 80213
222448 15 24 80263
222450 15 2 80369
222452 15 24 80583
222454 15 2 80585
222456 15 4 80586
222458 15 24 80783
222460 15 4 80866
222464 15 14 80868
222472 15 22 80254
222484 15 24 80415
222496 15 10 80003
222500 15 0 80032
222502 15 4 80178
222504 15 10 80371
222506 15 20 80661
222508 15 22 80662
222510 15 0 80664
222512 15 24 80855
222514 15 0 79984
222516 15 4 80042
222518 15 14 80372
222520 15 24 80455
222522 15 4 80458
222524 15 24 80463
222526 15 0 80464
222528 15 4 80466
222530 15 20 80525
222532 15 22 80558
222534 15 2 80705
222536 15 2 79873
222544 15 14 80020
222546 15 22 80022
222548 15 24 80023
222550 15 14 80028
222560 15 0 80376
222562 15 22 80422
222564 15 24 80423
222568 15 22 80486
222572 15 10 80611
222574 15 22 80702
222576 15 14 80732
222578 15 20 80733
222580 15 22 80734
222582 15 14 80772
222584 15 22 80830
222586 15 24 80831
222688 15 10 79915
222690 15 22 79918
222692 15 2 79977
222694 15 0 80080
222698 15 10 80083
222700 15 4 80170
222704 15 22 80302
222710 15 4 80378
222712 15 10 80379
222716 15 20 80413
222718 15 4 80498
222722 15 2 80665
222724 15 14 80668
222726 15 20 80669
222728 15 22 80854
222730 15 10 80891
222812 15 10 79891
222816 15 10 80059
222818 15 10 80187
222820 15 2 80241
222822 15 2 80289
222832 15 14 80844
222834 15 0 79896
222836 15 22 79910
222838 15 24 79951
222840 15 2 80009
222842 15 4 80010
222844 15 20 80133
222846 15 24 80215
222850 15 2 80217
222852 15 10 80227
222854 15 4 80266
222856 15 14 80268
222858 15 22 80382
222860 15 24 80383
222862 15 0 80384
222864 15 2 80385
222866 15 20 80397
222868 15 10 80403
222870 15 24 80439
222872 15 0 80440
222874 15 2 80441
222876 15 14 80460
222878 15 20 80517
222880 15 2 80577
222882 15 24 80591
222886 15 4 80594
222888 15 24 80647
222890 15 24 80671
222892 15 2 80673
222896 15 0 80832
222992 15 20 79909
223004 15 14 80388
223008 15 2 80545
223010 15 4 80546
223012 15 10 80547
223022 15 10 80763
223024 15 14 80876
223026 15 20 80877
223028 15 22 80878
223116 15 4 79946
223118 15 10 79947
223120 15 14 79948
223122 15 14 80260
223124 15 22 80390
223126 15 24 80391
223128 15 0 80392
223130 15 2 80393
223132 15 10 80395
223134 15 10 80531
223136 15 14 80604
223138 15 20 80605
223140 15 24 80607
223142 15 14 80700
223144 15 20 80701
223218 15 20 79941
223222 15 0 79992
223224 15 20 80085
223226 15 22 80086
223228 15 0 80088
223232 15 4 80394
223234 15 20 80557
223236 15 4 80834
223238 15 10 80835
223240 15 14 80836
223242 15 20 80837
223262 15 14 79988
223264 15 20 79989
223266 15 14 80004
223268 15 22 80246
223270 15 0 80248
223272 15 2 80249
223274 15 14 80396
223276 15 0 80408
223278 15 24 80687
223280 15 0 80688
223284 15 4 80738
223286 15 22 80870
223288 15 24 80871
223290 15 0 80872
223292 15 2 80873
223298 15 10 80011
223304 15 10 80267
223324 15 24 80055
223326 15 10 80171
223328 15 20 80253
223330 15 24 80279
223340 15 0 80848
223342 15 22 79894
223344 15 4 79986
223348 15 24 80207
223350 15 0 80208
223352 15 20 80221
223354 15 24 80399
223356 15 0 80400
223358 15 2 80401
223360 15 4 80402
223362 15 20 80469
223364 15 22 80526
223366 15 20 80589
223368 15 14 80596
223370 15 24 80599
223374 15 24 80711
223378 15 0 80728
223380 15 4 80730
223382 15 10 80731
223384 15 4 80762
223386 15 22 80846
223388 15 24 80847
223390 15 4 80882
223392 15 14 80884
223394 15 20 80885
223500 15 10 79931
223502 15 14 79932
223504 15 20 79933
223506 15 22 80062
223508 15 10 80067
223510 15 14 80132
223512 15 24 80183
223514 15 0 80184
223516 15 2 80185
223518 15 14 80404
223520 15 20 80405
223522 15 22 80406
223524 15 24 80407
223526 15 4 80418
223528 15 10 80419
223530 15 14 80508
223532 15 2 80513
223534 15 22 80566
223536 15 10 80755
223538 15 14 80892
223540 15 20 80893
223542 15 22 80894
223544 15 24 80895
223668 15 10 80027
223670 15 22 80102
223674 15 2 80105
223676 15 22 80230
223678 15 0 80232
223684 15 22 80462
223688 15 10 80675
223694 15 14 79940
223700 15 4 80098
223702 15 20 80245
223708 15 24 80535
223718 15 4 80690
223720 15 4 80770
223724 15 24 80087
223728 15 4 80162
223730 15 14 80164
223732 15 20 80165
223734 15 10 80411
223744 15 10 79907
223746 15 22 80014
223748 15 2 80041
223750 15 10 80275
223752 15 14 80276
223754 15 22 80278
223756 15 14 80412
223758 15 10 80459
223766 15 2 80721
223808 15 22 80134
223824 15 0 80416
223830 15 10 80467
223834 15 22 80534
223838 15 20 80565
223852 15 10 80883
223988 15 10 80075
223990 15 22 80078
223992 15 2 80089
223994 15 14 80092
223996 15 14 80244
223998 15 22 80262
224000 15 14 80420
224006 15 24 80015
224012 15 10 80019
224018 15 24 80191
224026 15 4 80482
224030 15 24 80543
224032 15 10 80587
224036 15 2 80833
224104 15 20 80005
224106 15 22 80006
224108 15 0 80008
224110 15 14 80100
224114 15 2 80297
224116 15 4 80298
224118 15 0 80424
224120 15 24 80527
224122 15 20 80613
224124 15 22 80614
224126 15 0 80616
224128 15 14 80692
224132 15 10 80043
224134 15 22 80118
224136 15 24 80119
224138 15 4 80234
224140 15 2 80425
224142 15 4 80426
224144 15 10 80427
224146 15 14 80428
224148 15 24 80495
224150 15 0 80496
224152 15 10 80747
224154 15 14 80748
224156 15 22 80750
224208 15 10 80035
224210 15 20 80037
224212 15 14 80204
224214 15 20 80205
224216 15 20 80429
224220 15 14 80060
224224 15 10 80251
224226 15 10 80339
224228 15 14 80340
224230 15 22 80342
224232 15 22 80430
224238 15 22 80678
224246 15 20 80709
224248 15 0 80856
224256 15 4 80242
224258 15 24 80335
224260 15 0 80336
224266 15 4 80434
224270 15 10 80683
224274 15 2 80857
224278 15 4 79906
224282 15 22 80358
224312 15 24 80143
224316 15 14 80148
224328 15 20 80501
224340 15 10 80139
224344 15 10 80147
224356 15 14 80500
224358 15 14 79956
224360 15 20 79957
224362 15 24 79959
224364 15 20 80157
224366 15 22 80158
224368 15 2 80161
224370 15 10 80435
224372 15 14 80436
224374 15 20 80437
224376 15 22 80438
224378 15 10 80451
224380 15 14 80452
224382 15 20 80453
224384 15 10 80499
224388 15 4 80626
224392 15 0 80704
224394 15 10 80715
224396 15 24 80815
224482 15 22 79910
224488 15 20 80045
224492 15 10 80091
224496 15 10 80219
224512 15 4 80442
224514 15 22 80478
224518 15 14 80580
224520 15 22 80638
224528 15 20 80821
224530 15 4 80842
224624 15 10 79963
224628 15 14 80124
224630 15 22 80126
224632 15 24 80127
224634 15 10 80443
224636 15 24 79927
224640 15 0 79952
224648 15 24 80071
224650 15 24 80079
224652 15 20 80349
224656 15 14 80444
224662 15 14 80860
224670 15 14 80036
224672 15 22 80038
224676 15 10 80163
224680 15 0 80256
224682 15 2 80257
224684 15 10 80259
224686 15 20 80445
224688 15 20 80549
224690 15 22 80574
224692 15 0 80672
224694 15 24 79887
224696 15 10 79923
224698 15 14 79924
224702 15 14 80012
224704 15 20 80013
224706 15 20 80093
224708 15 10 80211
224710 15 14 80212
224712 15 24 80255
224716 15 20 80269
224718 15 22 80446
224720 15 24 80447
224722 15 0 80448
224724 15 2 80449
224728 15 24 80519
224730 15 0 80520
224732 15 0 80544
224734 15 0 80568
224736 15 2 80569
224738 15 4 80578
224740 15 24 80583
224744 15 22 80670
224746 15 24 80783
224748 15 2 80817
224750 15 2 80881
224840 15 14 79964
224844 15 24 80031
224848 15 4 80114
224850 15 10 80115
224852 15 20 80117
224854 15 0 80360
224862 15 22 80662
224864 15 24 80663
224866 15 4 80818
224872 15 0 80160
224874 15 10 80179
224876 15 14 80180
224878 15 20 80181
224880 15 22 80294
224892 15 22 80454
224896 15 10 80563
224898 15 14 80564
224976 15 2 79905
224978 15 4 79986
224986 15 22 80254
224988 15 14 80372
224996 15 0 80456
224998 15 2 80457
225002 15 24 80463
225004 15 0 80464
225010 15 0 80552
225014 15 20 80565
225020 15 22 80646
225026 15 0 80880
225032 15 14 80884
225034 15 20 80885
225126 15 24 79951
225148 15 24 80591
225150 15 0 80592
225154 15 14 80756
225158 15 2 79881
225160 15 10 79883
225162 15 24 79895
225164 15 4 79978
225166 15 10 80203
225168 15 20 80461
225170 15 14 80716
225172 15 20 80717
225174 15 22 80718
225176 15 0 80736
225178 15 4 80826
225180 15 20 80829
225182 15 20 80845
225184 15 2 80849
225190 15 22 80102
225192 15 24 80103
225196 15 22 80166
225198 15 24 80167
225200 15 22 80230
225202 15 24 80231
225210 15 4 80530
225214 15 2 80681
225222 15 20 80197
225224 15 22 80198
225236 15 2 80465
225242 15 24 80535
225244 15 0 80536
225246 15 2 80537
225248 15 24 80551
225256 15 0 80632
225264 15 0 80848
225386 15 22 80222
225388 15 24 80223
225390 15 0 80224
225392 15 14 80468
225394 15 20 80757
225396 15 22 80758
225398 15 24 80759
225400 15 0 80760
225404 15 10 80827
225406 15 14 80828
225412 15 24 80399
225422 15 22 80710
225428 15 24 80847
225438 15 4 80082
225440 15 0 80120
225442 15 2 80121
225444 15 10 80123
225448 15 22 80470
225452 15 4 80666
225460 15 2 80001
225468 15 24 80359
225470 15 24 80471
225472 15 24 80887
225474 15 2 80889
225478 15 0 79976
225480 15 24 80039
225482 15 10 80187
225490 15 0 80472
225492 15 2 80473
225494 15 4 80474
225496 15 10 80475
225498 15 24 80575
225504 15 14 80612
225506 15 20 80645
225508 15 14 80676
225512 15 22 80886
225592 15 2 80097
225594 15 10 80099
225596 15 10 80307
225598 15 14 80308
225600 15 14 80476
225602 15 20 80477
225610 15 20 80101
225616 15 20 80309
225624 15 22 80046
225628 15 4 80090
225632 15 0 80176
225642 15 14 80524
225648 15 4 80106
225650 15 10 80107
225652 15 20 80109
225654 15 2 80321
225656 15 10 80323
225658 15 24 80479
225660 15 0 80480
225668 15 22 80110
225674 15 14 80324
225684 15 24 80015
225688 15 0 80128
225690 15 2 80129
225702 15 10 80483
225704 15 14 80484
225706 15 22 80590
225708 15 0 80608
225714 15 24 80615
225718 15 22 80654
225720 15 20 80693
225724 15 14 80764
225816 15 4 79970
225820 15 20 80125
225822 15 20 80237
225824 15 22 80238
225826 15 0 80240
225828 15 20 80485
225830 15 0 80528
225832 15 20 80573
225840 15 2 79873
225842 15 10 79987
225848 15 0 80136
225850 15 2 80137
225852 15 4 80138
225854 15 4 80250
225856 15 20 80373
225862 15 24 80423
225864 15 22 80486
225866 15 24 80487
225868 15 0 80488
225870 15 2 80489
225872 15 4 80610
225876 15 2 80617
225878 15 4 80618
225880 15 14 80620
225882 15 4 80634
225884 15 22 80702
225886 15 20 80765
225982 15 20 79885
225984 15 4 80074
225986 15 20 80293
225988 15 4 80490
225990 15 10 80491
225992 15 14 80492
225994 15 20 80493
225996 15 22 80494
225998 15 24 80751
226000 15 0 80752
226002 15 2 80753
226086 15 4 80234
226090 15 4 80426
226126 15 4 79962
226132 15 14 80116
226136 15 2 80497
226146 15 10 80379
226150 15 4 80498
226182 15 10 80627
226194 15 22 80142
226198 15 24 80335
226202 15 4 80338
226206 15 14 80500
226208 15 10 80779
226210 15 20 80781
226212 15 2 80793
226214 15 24 80143
226216 15 0 80144
226226 15 20 80341
226230 15 20 80501
226236 15 14 80788
226238 15 22 80790
226240 15 4 80794
226242 15 20 80149
226244 15 22 80150
226246 15 0 80152
226248 15 22 80502
226250 15 24 80503
226252 15 0 80504
226254 15 2 80505
226256 15 24 80799
226258 15 2 80801
226260 15 10 80803
226316 15 2 80153
226318 15 4 80154
226320 15 14 80156
226322 15 2 80329
226324 15 10 80331
226326 15 14 80348
226328 15 4 80506
226330 15 10 80795
226332 15 14 80796
226334 15 14 80804
226336 15 10 79971
226338 15 22 79974
226340 15 10 79995
226342 15 20 79997
226344 15 14 80052
226346 15 22 80270
226348 15 24 80271
226350 15 2 80273
226352 15 20 80357
226354 15 10 80507
226356 15 24 80631
226358 15 4 80850
226360 15 10 80851
226362 15 14 80852
226364 15 20 80853
226366 15 22 80062
226368 15 24 80063
226370 15 0 80064
226372 15 24 80183
226374 15 2 80185
226376 15 4 80186
226378 15 14 80404
226382 15 22 80406
226384 15 14 80508
226386 15 20 80509
226388 15 22 80510
226390 15 24 80511
226392 15 0 80512
226394 15 2 80513
226396 15 4 80514
226398 15 24 80559
226400 15 0 80560
226402 15 2 80561
226404 15 4 80562
226406 15 22 80566
226408 15 10 80755
226410 15 20 80805
226412 15 24 80807
226414 15 4 80810
226446 15 22 80806
226450 15 0 80808
226452 15 2 80809
226456 15 10 80811
226612 15 20 80325
226614 15 22 80326
226616 15 24 80327
226618 15 10 80515
226620 15 4 80650
226622 15 10 80651
226624 15 20 80653
226626 15 2 80745
226628 15 24 80775
226630 15 2 80777
226632 15 20 80813
226634 15 22 80814
226638 15 4 80122
226640 15 14 80236
226642 15 10 80283
226644 15 14 80284
226646 15 20 80285
226648 15 14 80516
226650 15 22 80822
226652 15 24 80823
226654 15 0 80824
226658 15 10 80011
226662 15 20 80133
226666 15 10 80267
226674 15 20 80397
226688 15 24 79975
226694 15 22 80286
226696 15 22 80518
226698 15 0 80656
226700 15 4 80658
226702 15 10 80659
226704 15 2 80697
226712 15 2 80825
226714 15 24 79887
226716 15 4 79890
226718 15 10 79891
226722 15 22 79998
226728 15 4 80354
226730 15 24 80367
226740 15 2 80521
226742 15 4 80522
226744 15 20 80533
226750 15 20 80677
226752 15 0 80680
226754 15 24 80767
226756 15 0 80792
226758 15 14 80844
226844 15 10 79915
226846 15 20 79917
226850 15 22 80174
226854 15 2 80177
226856 15 20 80301
226858 15 22 80302
226860 15 24 80303
226862 15 10 80523
226864 15 24 80567
226868 15 22 80046
226870 15 10 80075
226872 15 20 80077
226880 15 22 80262
226882 15 4 80314
226906 15 0 80464
226914 15 22 80558
226920 15 4 80722
226924 15 22 80206
226926 15 24 80207
226928 15 0 80208
226930 15 24 80399
226938 15 20 80589
226944 15 4 80762
226952 15 20 80005
226954 15 22 80006
226958 15 24 80295
226960 15 2 80297
226962 15 0 80424
226964 15 24 80527
226974 15 22 80126
226980 15 10 80243
226988 15 24 79991
226990 15 2 79993
226994 15 4 80026
226996 15 4 80226
226998 15 14 80356
227000 15 2 80529
227004 15 24 80103
227008 15 24 80167
227010 15 0 80168
227014 15 24 80231
227016 15 2 80233
227020 15 4 80530
227024 15 14 80724
227026 15 22 80726
227028 15 24 80727
227030 15 4 79946
227032 15 14 79948
227034 15 14 80260
227036 15 22 80390
227038 15 24 80391
227042 15 10 80531
227046 15 2 79889
227048 15 14 79924
227058 15 0 80272
227062 15 14 80532
227070 15 2 80649
227100 15 20 80069
227102 15 22 80070
227106 15 2 80361
227108 15 10 80363
227112 15 0 80416
227114 15 2 80417
227116 15 22 80534
227118 15 10 80539
227128 15 24 79911
227130 15 0 79912
227132 15 4 79914
227134 15 2 79985
227138 15 22 80350
227140 15 4 80410
227146 15 4 80466
227154 15 4 80538
227156 15 24 80551
227158 15 20 80581
227162 15 4 80682
227166 15 24 80687
227168 15 4 80690
227170 15 10 80739
227254 15 24 79927
227256 15 4 79930
227262 15 4 80202
227278 15 0 80712
227284 15 14 79972
227288 15 14 79996
227290 15 24 80015
227292 15 10 80019
227294 15 24 80047
227298 15 20 80189
227300 15 24 80191
227306 15 14 80540
227308 15 20 80541
227310 15 22 80542
227314 15 22 80550
227316 15 10 80587
227318 15 4 80674
227320 15 2 80833
227410 15 20 80013
227412 15 10 80211
227414 15 14 80212
227438 15 20 79901
227440 15 20 79909
227442 15 24 79935
227444 15 4 79938
227446 15 20 80029
227448 15 2 80113
227450 15 0 80192
227452 15 0 80312
227454 15 2 80313
227458 15 10 80387
227460 15 14 80388
227462 15 2 80545
227464 15 4 80546
227466 15 10 80547
227468 15 14 80548
227470 15 10 80579
227472 15 4 80714
227474 15 10 80763
227478 15 20 80877
227480 15 22 80878
227482 15 24 80879
227574 15 10 80035
227576 15 14 80036
227580 15 10 80163
227582 15 14 80164
227584 15 0 80256
227586 15 2 80257
227588 15 4 80258
227590 15 20 80445
227592 15 20 80549
227594 15 0 80672
227596 15 4 80834
227598 15 10 80835
227608 15 2 80201
227610 15 4 80274
227624 15 20 80197
227626 15 22 80198
227666 15 22 79942
227668 15 0 80048
227670 15 2 80049
227672 15 4 80050
227678 15 24 80199
227680 15 14 80228
227684 15 4 80362
227686 15 14 80364
227688 15 2 80553
227690 15 4 80554
227692 15 10 80555
227694 15 14 80556
227696 15 10 80571
227698 15 14 80572
227700 15 22 80582
227702 15 14 80644
227704 15 22 80686
227706 15 22 80838
227708 15 0 80840
227710 15 2 80841
227798 15 0 79992
227800 15 20 80085
227802 15 22 80086
227806 15 4 80394
227808 15 20 80557
227810 15 10 80171
227854 15 24 80807
227864 15 22 80862
227866 15 24 80863
227868 15 0 80864
227870 15 2 80865
227954 15 0 80160
227956 15 10 80179
227958 15 14 80180
227960 15 20 80181
227966 15 20 80453
227968 15 22 80454
227970 15 10 80563
227972 15 14 80564
227992 15 22 80134
228018 15 10 80883
228070 15 10 79923
228100 15 24 80783
228132 15 24 79903
228136 15 2 80169
228138 15 0 80368
228144 15 20 80389
228146 15 4 80570
228150 15 20 80725
228222 15 22 80038
228224 15 14 80204
228232 15 22 80574
228242 15 4 80474
228244 15 24 80575
228246 15 14 80612
228248 15 0 79952
228250 15 2 79953
228256 15 14 80084
228264 15 20 80365
228266 15 0 80576
228270 15 0 79896
228272 15 22 79910
228274 15 2 80009
228278 15 24 80383
228280 15 10 80403
228282 15 24 80439
228284 15 0 80440
228286 15 2 80577
228288 15 24 80647
228290 15 2 80673
228292 15 24 79879
228306 15 22 80214
228310 15 0 80264
228320 15 14 80588
228322 15 22 80638
228324 15 4 80842
228360 15 20 80045
228374 15 4 80442
228378 15 14 80580
228428 15 4 80370
228450 15 22 79966
228452 15 0 79968
228454 15 22 80094
228466 15 2 80369
228478 15 0 80584
228482 15 4 80586
228628 15 14 80244
228630 15 24 80263
228642 15 4 80866
228644 15 10 80867
228646 15 20 80869
228654 15 20 80221
228660 15 4 80402
228672 15 20 79893
228676 15 4 79898
228680 15 0 80200
228684 15 22 80366
228688 15 4 80482
228696 15 0 80720
228698 15 2 80721
228700 15 10 80843
228706 15 2 80217
228708 15 10 80227
228712 15 0 80384
228716 15 14 80460
228718 15 24 80591
228720 15 0 80592
228722 15 4 80594
228724 15 14 80756
228726 15 0 79976
228728 15 24 80095
228736 15 14 80268
228738 15 0 80320
228754 15 2 80593
228758 15 10 80595
228760 15 20 80645
228762 15 4 80650
228764 15 14 80652
228768 15 14 80676
228770 15 4 80746
228774 15 0 80832
228866 15 2 79905
228868 15 24 79999
228874 15 14 80300
228882 15 2 80457
228890 15 20 80597
228892 15 22 80598
228896 15 22 80646
228900 15 0 80784
228902 15 2 80785
228904 15 10 80787
228906 15 0 80880
229000 15 4 79946
229002 15 22 79950
229008 15 4 80210
229010 15 20 80229
229014 15 0 80600
229016 15 2 80601
229018 15 4 80602
229020 15 10 80603
229022 15 14 80636
229024 15 20 80637
229090 15 10 79947
229092 15 20 80205
229094 15 22 80390
229096 15 0 80392
229098 15 2 80393
229100 15 10 80395
229102 15 14 80604
229104 15 20 80605
229106 15 22 80606
229108 15 24 80607
229110 15 14 80700
229112 15 20 80701
229172 15 0 80128
229182 15 10 80483
229188 15 20 80613
229190 15 0 80616
229198 15 14 80764
229204 15 0 80016
229206 15 2 80129
229218 15 14 80484
229220 15 2 80609
229224 15 2 79873
229226 15 10 79987
229228 15 0 80136
229230 15 2 80137
229232 15 4 80250
229234 15 22 80486
229236 15 24 80487
229238 15 0 80488
229240 15 4 80610
229242 15 2 80617
229244 15 4 80618
229246 15 4 80634
229248 15 22 80702
229250 15 20 80765
229252 15 14 80020
229256 15 4 80138
229260 15 0 80376
229262 15 24 80423
229268 15 2 80489
229270 15 10 80611
229290 15 2 80817
229294 15 20 80005
229296 15 0 80008
229298 15 2 80041
229302 15 4 80130
229304 15 24 80295
229306 15 0 80296
229308 15 4 80298
229310 15 0 80424
229322 15 22 80614
229324 15 24 80615
229330 15 24 80655
229332 15 14 80692
229426 15 0 79960
229430 15 14 80004
229432 15 10 80131
229438 15 4 80194
229440 15 10 80195
229456 15 10 80619
229458 15 14 80620
229460 15 2 80633
229464 15 10 80643
229468 15 22 80870
229470 15 24 80871
229472 15 0 80872
229562 15 0 79872
229564 15 20 80053
229566 15 22 80054
229568 15 24 80135
229570 15 4 80242
229572 15 24 80279
229574 15 10 80315
229576 15 20 80317
229578 15 24 80319
229580 15 2 80329
229582 15 4 80330
229584 15 14 80332
229586 15 20 80333
229588 15 20 80621
229590 15 22 80622
229592 15 24 80623
229594 15 0 80624
229596 15 14 80660
229598 15 4 80698
229600 15 10 80699
229602 15 20 80773
229604 15 22 80774
229690 15 14 79956
229692 15 24 79959
229694 15 14 79980
229696 15 22 79982
229700 15 2 80161
229702 15 10 80355
229704 15 10 80435
229706 15 20 80437
229710 15 10 80499
229712 15 2 80625
229714 15 4 80626
229716 15 10 80627
229718 15 14 80628
229720 15 10 80715
229722 15 24 80815
229804 15 20 79965
229806 15 24 80079
229808 15 22 80222
229810 15 2 80265
229812 15 24 80311
229814 15 4 80346
229816 15 20 80629
229818 15 14 80716
229820 15 20 80717
229822 15 24 80719
229824 15 4 80858
229826 15 10 80859
229828 15 14 80860
229830 15 20 80861
229832 15 2 79961
229834 15 14 79964
229836 15 22 80030
229838 15 2 80033
229840 15 4 80114
229842 15 20 80117
229844 15 0 80360
229846 15 4 80450
229848 15 22 80630
229850 15 24 79887
229854 15 10 79971
229856 15 22 79974
229860 15 20 79997
229864 15 24 80271
229866 15 20 80357
229876 15 24 80463
229888 15 24 80551
229956 15 22 79918
229958 15 0 80080
229960 15 2 80081
229966 15 0 80304
229968 15 2 80377
229970 15 4 80378
229972 15 14 80380
229974 15 20 80413
229976 15 10 80635
229978 15 20 80669
230028 15 2 80441
230038 15 24 80671
230044 15 2 80281
230046 15 24 80639
230048 15 0 80640
230052 15 20 80749
230054 15 10 80819
230056 15 10 80291
230066 15 0 80768
230070 15 10 79875
230072 15 4 80290
230074 15 2 80641
230076 15 4 80642
230078 15 24 80751
230080 15 4 80754
230082 15 2 80769
230084 15 14 80820
230088 15 0 80288
230100 15 4 80826
230102 15 10 80827
230144 15 10 80571
230208 15 2 80385
230226 15 4 79994
230230 15 2 80025
230232 15 22 80102
230234 15 0 80104
230236 15 14 80356
230238 15 2 80409
230240 15 0 80648
230268 15 14 79908
230272 15 20 80325
230274 15 24 80327
230276 15 22 80334
230278 15 10 80515
230290 15 10 80651
230296 15 2 80745
230300 15 24 80775
230302 15 2 80777
230304 15 4 80778
230306 15 22 80814
230392 15 2 79897
230438 15 14 80100
230440 15 10 80235
230444 15 22 80286
230446 15 22 80518
230448 15 0 80656
230450 15 2 80657
230452 15 4 80658
230454 15 10 80659
230456 15 2 80697
230462 15 2 80825
230546 15 0 80000
230548 15 4 80002
230552 15 24 80031
230556 15 10 80115
230558 15 4 80178
230560 15 10 80371
230564 15 20 80661
230566 15 22 80662
230568 15 24 80663
230570 15 0 80664
230572 15 4 80818
230574 15 24 80855
230576 15 24 80887
230578 15 0 80888
230580 15 4 80890
230664 15 0 80120
230666 15 10 80123
230668 15 4 80170
230676 15 22 80470
230678 15 4 80498
230680 15 2 80665
230682 15 4 80666
230684 15 10 80667
230686 15 14 80668
230690 15 24 80823
230692 15 22 80854
230694 15 10 80891
230790 15 4 79890
230794 15 22 79998
230796 15 20 80093
230802 15 24 80447
230804 15 24 80519
230806 15 0 80520
230808 15 4 80522
230814 15 22 80670
230844 15 10 80035
230846 15 14 80036
230848 15 4 80162
230850 15 10 80163
230852 15 0 80256
230854 15 2 80257
230860 15 0 80672
230888 15 14 79972
230902 15 20 80541
230904 15 22 80542
230914 15 10 80027
230918 15 2 80105
230920 15 22 80230
230922 15 0 80232
230928 15 10 80675
230954 15 10 79891
230956 15 14 79892
230960 15 4 80058
230962 15 14 80060
230964 15 4 80106
230966 15 22 80110
230968 15 2 80201
230970 15 2 80241
230972 15 10 80299
230974 15 10 80339
230976 15 22 80342
230978 15 24 80351
230980 15 4 80354
230982 15 20 80381
230984 15 22 80430
230988 15 2 80521
230992 15 20 80677
230994 15 22 80678
230996 15 24 80679
230998 15 0 80680
231000 15 10 80723
231002 15 22 80766
231004 15 24 80767
231006 15 0 80792
231008 15 14 80844
231010 15 0 80856
231122 15 24 80103
231124 15 22 80166
231126 15 24 80167
231130 15 24 80231
231134 15 4 80530
231136 15 2 80681
231138 15 0 79880
231140 15 0 79984
231144 15 2 80057
231148 15 20 80101
231150 15 20 80253
231152 15 24 80335
231154 15 0 80336
231156 15 22 80350
231158 15 22 80398
231160 15 24 80431
231174 15 10 80683
231176 15 14 80684
231180 15 2 80705
231182 15 10 80739
231184 15 0 80848
231186 15 2 80857
231306 15 14 80556
231314 15 24 79911
231316 15 14 79940
231320 15 20 79989
231324 15 10 80099
231326 15 14 80220
231328 15 20 80245
231330 15 22 80246
231332 15 24 80247
231334 15 0 80248
231336 15 4 80250
231338 15 14 80396
231346 15 24 80687
231348 15 0 80688
231350 15 2 80689
231352 15 4 80690
231354 15 10 80691
231356 15 2 80737
231358 15 4 80738
231360 15 4 80770
231486 15 0 80424
231490 15 22 80614
231500 15 10 79907
231504 15 10 80107
231508 15 0 80200
231510 15 14 80252
231514 15 10 80275
231516 15 14 80276
231518 15 20 80277
231522 15 14 80412
231530 15 20 80693
231532 15 22 80694
231534 15 24 80695
231536 15 0 80696
231538 15 24 80703
231540 15 0 80720
231668 15 2 80329
231684 15 4 79946
231690 15 0 80392
231692 15 2 80393
231700 15 20 80701
231728 15 0 80136
231732 15 20 80373
231734 15 22 80374
231736 15 0 80376
231738 15 22 80486
231740 15 24 80487
231772 15 22 80158
231774 15 10 80435
231776 15 14 80436
231778 15 10 80451
231780 15 14 80452
231782 15 20 80453
231784 15 10 80499
231786 15 0 80704
231790 15 4 80042
231792 15 14 80372
231798 15 0 80464
231804 15 22 80558
231816 15 2 80073
231818 15 24 80143
231820 15 14 80148
231822 15 20 80149
231824 15 10 80251
231828 15 10 80347
231830 15 0 80352
231834 15 2 80433
231836 15 20 80501
231838 15 4 80706
231840 15 10 80707
231842 15 14 80708
231844 15 20 80709
231848 15 0 80776
231852 15 24 80799
231854 15 0 80800
231856 15 4 80802
231858 15 10 80803
231860 15 14 80812
231862 15 0 80816
231962 15 24 79927
231964 15 20 80069
231966 15 4 80202
231968 15 20 80261
231970 15 20 80349
231972 15 24 80399
231974 15 0 80400
231976 15 22 80414
231978 15 20 80469
231980 15 22 80534
231982 15 10 80539
231984 15 20 80565
231988 15 24 80711
231990 15 0 80712
231992 15 2 80713
231996 15 22 80718
232000 15 0 80728
232002 15 4 80730
232004 15 22 80846
232006 15 24 80847
232008 15 4 80882
232010 15 20 80885
232112 15 4 79938
232116 15 0 80312
232120 15 2 80545
232122 15 14 80548
232126 15 4 80714
232138 15 20 80437
232146 15 4 80626
232148 15 10 80627
232154 15 2 79881
232156 15 10 79883
232160 15 4 79978
232166 15 2 80265
232168 15 24 80311
232170 15 20 80461
232172 15 20 80629
232190 15 2 80729
232194 15 0 80736
232366 15 22 80254
232370 15 10 80363
232372 15 4 80370
232376 15 24 80415
232378 15 2 80417
232386 15 4 80722
232408 15 20 79901
232410 15 22 79902
232414 15 0 80168
232418 15 2 80233
232422 15 4 80386
232424 15 10 80387
232428 15 4 80570
232430 15 14 80724
232432 15 20 80725
232518 15 22 79894
232522 15 4 80074
232528 15 4 80402
232544 15 10 80731
232634 15 4 79882
232636 15 14 80020
232638 15 24 80023
232642 15 14 80228
232644 15 14 80292
232648 15 22 80422
232650 15 24 80423
232652 15 0 80432
232654 15 14 80732
232656 15 20 80733
232658 15 22 80734
232660 15 24 80735
232662 15 22 80830
232664 15 24 80831
232668 15 2 80841
232778 15 20 79989
232836 15 10 80075
232838 15 14 80076
232840 15 2 80281
232842 15 4 80282
232844 15 4 80314
232846 15 14 80740
232848 15 20 80741
232850 15 22 80742
232852 15 24 80743
232854 15 0 80744
232922 15 20 80325
232930 15 4 80650
232938 15 4 80746
232968 15 22 80118
232970 15 0 80176
232972 15 0 80280
232974 15 10 80291
232976 15 2 80305
232978 15 2 80425
232980 15 24 80495
232982 15 0 80496
232988 15 10 80747
232990 15 14 80748
232994 15 22 80750
233082 15 0 80112
233086 15 20 80293
233088 15 4 80306
233090 15 24 80343
233092 15 4 80490
233094 15 14 80492
233096 15 22 80494
233104 15 0 80752
233106 15 2 80753
233108 15 4 80754
233114 15 4 80826
233118 15 20 80845
233208 15 22 80062
233210 15 24 80183
233212 15 2 80185
233214 15 14 80404
233216 15 20 80405
233218 15 22 80406
233220 15 14 80508
233222 15 2 80513
233224 15 22 80566
233226 15 10 80755
233228 15 24 80215
233230 15 0 80216
233232 15 0 80320
233236 15 14 80460
233238 15 24 80591
233246 15 14 80756
233250 15 0 80224
233252 15 24 80287
233256 15 14 80468
233258 15 20 80757
233260 15 22 80758
233262 15 24 80759
233264 15 0 80760
233266 15 2 80761
233272 15 14 80828
233356 15 22 80206
233358 15 0 80208
233360 15 14 80300
233364 15 22 80526
233366 15 20 80589
233368 15 14 80596
233370 15 22 80598
233372 15 24 80599
233374 15 4 80762
233376 15 0 80784
233378 15 10 80787
233382 15 20 79909
233388 15 14 80388
233392 15 4 80546
233394 15 10 80547
233396 15 10 80763
233398 15 14 80876
233402 15 22 80878
233406 15 0 80128
233410 15 10 80483
233412 15 14 80484
233418 15 24 80615
233422 15 22 80654
233428 15 2 80137
233432 15 0 80488
233434 15 2 80489
233438 15 2 80617
233440 15 4 80618
233442 15 14 80620
233444 15 4 80634
233454 15 2 80201
233482 15 2 80521
233530 15 20 80245
233548 15 0 79952
233550 15 2 79953
233554 15 0 80072
233568 15 0 80576
233570 15 10 80771
233576 15 14 80028
233590 15 10 80611
233596 15 24 80135
233598 15 10 80315
233600 15 20 80317
233602 15 24 80319
233606 15 22 80622
233610 15 20 80773
233612 15 2 80329
233616 15 14 80332
233624 15 0 80624
233630 15 14 79908
233634 15 2 80073
233638 15 2 80289
233642 15 22 80326
233646 15 2 80353
233670 15 4 80778
233674 15 20 80813
233678 15 0 80816
233774 15 10 80139
233776 15 22 80142
233778 15 10 80307
233780 15 20 80309
233782 15 22 80310
233786 15 0 80336
233788 15 4 80338
233790 15 14 80500
233792 15 10 80779
233794 15 14 80780
233796 15 20 80781
233798 15 22 80782
233800 15 2 80793
233866 15 22 79966
233868 15 0 79968
233870 15 10 80211
233872 15 14 80212
233878 15 0 80568
233880 15 24 80583
233882 15 2 80585
233884 15 4 80586
233886 15 24 80783
233894 15 14 80316
233900 15 20 80597
233908 15 2 80785
233910 15 4 80786
233976 15 0 80144
233978 15 2 80321
233980 15 4 80322
233982 15 14 80324
233986 15 20 80341
233990 15 20 80501
233992 15 14 80788
233994 15 20 80789
233996 15 22 80790
233998 15 24 80791
234000 15 4 80794
234068 15 24 80039
234072 15 0 80520
234126 15 10 80147
234128 15 2 80153
234130 15 4 80154
234136 15 0 80344
234138 15 14 80348
234140 15 4 80506
234142 15 10 80795
234144 15 14 80796
234146 15 20 80797
234148 15 22 80798
234150 15 14 80804
234218 15 14 80148
234222 15 22 80150
234224 15 2 80345
234228 15 22 80502
234230 15 24 80503
234232 15 2 80505
234242 15 2 80801
234372 15 20 80509
234374 15 22 80510
234376 15 24 80559
234378 15 2 80561
234380 15 4 80562
234382 15 20 80805
234384 15 22 80806
234386 15 24 80807
234388 15 0 80808
234390 15 2 80809
234392 15 4 80810
234394 15 10 80811
234396 15 22 80862
234398 15 24 80863
234400 15 0 80864
234402 15 2 80865
234632 15 2 80161
234636 15 22 80438
234674 15 4 80266
234676 15 20 80269
234682 15 2 80449
234688 15 14 80612
234690 15 14 80676
234692 15 2 80817
234694 15 2 80881
234696 15 22 80030
234698 15 24 80031
234700 15 4 80114
234702 15 10 80115
234706 15 20 80661
234708 15 22 80662
234710 15 24 80663
234712 15 4 80818
234758 15 4 80010
234762 15 2 80089
234766 15 10 80219
234770 15 4 80442
234772 15 22 80478
234774 15 14 80580
234776 15 22 80638
234778 15 24 80671
234780 15 20 80821
234782 15 4 80842
234784 15 24 79975
234786 15 0 80120
234788 15 14 80236
234792 15 14 80284
234794 15 14 80516
234798 15 0 80656
234800 15 10 80659
234802 15 2 80665
234804 15 4 80666
234806 15 10 80667
234810 15 22 80822
234812 15 24 80823
234898 15 24 79895
234900 15 10 80203
234904 15 24 80223
234938 15 20 80829
234942 15 2 80849
235070 15 0 80432
235076 15 22 80734
235084 15 2 80841
235086 15 24 79951
235090 15 20 80133
235094 15 14 80268
235098 15 2 80385
235100 15 20 80397
235104 15 20 80517
235110 15 0 80832
235112 15 24 80015
235114 15 10 80019
235118 15 24 80191
235120 15 20 80421
235122 15 14 80540
235124 15 24 80543
235126 15 10 80587
235128 15 2 80833
235130 15 20 79941
235132 15 20 80085
235134 15 0 80088
235138 15 14 80164
235140 15 0 80256
235142 15 4 80258
235144 15 4 80394
235146 15 10 80411
235148 15 20 80549
235150 15 4 80834
235152 15 10 80835
235154 15 14 80836
235156 15 20 80837
235224 15 22 79942
235226 15 0 80048
235228 15 14 80228
235230 15 22 80358
235240 15 4 80554
235242 15 10 80571
235244 15 14 80572
235250 15 24 80735
235256 15 24 80839
235258 15 0 80840
235344 15 0 80264
235350 15 4 80578
235352 15 14 80588
235364 15 4 79898
235368 15 0 80016
235372 15 22 80366
235378 15 4 80482
235380 15 22 80590
235384 15 2 80609
235390 15 10 80843
235396 15 2 80241
235406 15 22 80678
235444 15 0 80400
235454 15 4 80730
235458 15 22 80846
235466 15 20 80469
235472 15 2 80713
235482 15 4 80882
235484 15 20 80885
235486 15 0 79984
235488 15 20 80053
235492 15 22 80398
235494 15 24 80463
235500 15 14 80684
235504 15 2 80705
235506 15 0 80848
235534 15 10 79971
235536 15 14 80052
235538 15 22 80094
235540 15 22 80270
235544 15 10 80507
235548 15 0 80584
235552 15 2 80649
235554 15 4 80850
235556 15 10 80851
235558 15 14 80852
235560 15 20 80853
235634 15 0 80080
235638 15 10 80123
235640 15 4 80170
235642 15 2 80377
235644 15 20 80413
235646 15 22 80470
235648 15 4 80498
235654 15 14 80668
235656 15 22 80854
235658 15 10 80891
235660 15 0 80000
235662 15 4 80002
235666 15 4 80178
235668 15 10 80371
235674 15 0 80664
235676 15 24 80855
235678 15 24 80887
235680 15 0 80888
235682 15 4 80890
235686 15 14 80060
235698 15 24 80679
235700 15 0 80856
235718 15 2 80857
235722 15 0 79952
235724 15 0 80040
235728 15 24 80079
235732 15 4 80346
235738 15 14 80444
235740 15 20 80629
235742 15 14 80716
235744 15 24 80719
235746 15 4 80858
235748 15 10 80859
235750 15 14 80860
235754 15 4 80874
235756 15 10 80875
235926 15 4 80034
235928 15 10 80075
235934 15 14 80244
235936 15 22 80262
235938 15 24 80263
235942 15 14 80420
235946 15 4 80866
235948 15 10 80867
235950 15 14 80868
235952 15 20 80869
236028 15 14 80004
236030 15 0 80192
236032 15 4 80194
236034 15 22 80246
236036 15 14 80396
236038 15 0 80408
236042 15 2 80633
236046 15 10 80643
236048 15 22 80870
236050 15 24 80871
236052 15 0 80872
236054 15 2 80873
236174 15 2 80113
236176 15 4 80386
236178 15 14 80388
236180 15 2 80545
236182 15 4 80546
236186 15 10 80763
236194 15 24 80879
236262 15 2 79905
236264 15 24 80455
236266 15 0 80456
236268 15 2 80457
236274 15 22 80646
236276 15 0 80880
236280 15 10 80883
236282 15 14 80884
236286 15 14 80012
236300 15 0 80544
236306 15 4 79986
236310 15 22 80414
236316 15 10 80467
236320 15 22 80526
236322 15 20 80565
236430 15 0 79976
236438 15 2 80473
236440 15 10 80475
236446 15 20 80645
236450 15 22 80886
236452 15 22 79926
236458 15 14 80172
236460 15 24 80175
236462 15 24 80359
236464 15 24 80471
236476 15 2 80889
236570 15 10 79931
236572 15 14 79932
236576 15 14 80132
236578 15 20 80237
236580 15 0 80240
236582 15 14 80404
236584 15 20 80405
236586 15 4 80418
236588 15 10 80419
236590 15 20 80485
236592 15 14 80892
236594 15 20 80893
236596 15 22 80894
236598 15 24 80895
236678 15 4 78162
236680 15 0 78520
236682 15 20 78605
236688 15 4 78290
236690 15 14 78708
236692 15 24 78743
236694 15 0 78312
236696 15 14 78724
236698 15 24 78695
236700 15 0 78840
236702 15 22 78566
236704 15 22 78718
236706 15 22 78734
236708 15 20 78789
236710 15 0 78296
236712 15 0 78704
236714 15 2 78793
236716 15 2 78409
236720 15 14 78820
236740 15 14 78356
236742 15 14 78524
236744 15 14 78796
236748 15 4 78842
236772 15 4 78098
236778 15 0 78672
236782 15 0 78528
236786 15 24 78591
236790 15 22 78494
236794 15 10 78635
236808 15 20 78509
236810 15 2 78801
236824 15 22 78430
236832 15 10 78267
236840 15 2 78729
236842 15 0 78336
236846 15 20 78781
236862 15 24 78639
236864 15 14 78668
236866 15 2 78809
236886 15 14 78836
236908 15 20 78485
236910 15 4 78490
236912 15 2 78777
236914 15 0 78688
236918 15 10 78827
236938 15 22 78622
236954 15 14 78420
236964 15 22 78630
236974 15 2 78561
236976 15 14 78612
236992 15 0 78552
237002 15 4 78738
237004 15 20 78805
237022 15 2 78617
237038 15 24 78503
237040 15 22 78678
237054 15 0 78344
237070 15 0 78352
237078 15 14 78556
237088 15 14 78684
237114 15 14 78468
237132 15 10 78643
237160 15 0 78656
237170 15 2 78649
237212 15 14 78700
237242 15 14 78844
237270 15 4 78674
237300 15 14 78596
237408 15 4 78746
237424 15 0 78752
237438 15 24 78759
237446 15 10 78763
237524 15 24 78823
237540 15 0 78832
237824 15 0 81016
237826 15 4 80962
237828 15 22 81078
237830 15 24 81079
237832 15 0 81080
237834 15 2 81081
237836 15 4 81090
237838 15 4 81210
237840 15 2 81289
237842 15 24 81343
237844 15 0 81344
237846 15 2 81345
237848 15 20 81373
237850 15 10 81467
237852 15 4 81578
237854 15 10 81579
237856 15 14 81580
237858 15 20 81581
237860 15 0 81696
237862 15 20 81813
237864 15 10 81819
237866 15 24 81919
237868 15 0 80912
237870 15 24 80991
237872 15 24 81167
237874 15 0 81320
237876 15 2 81321
237878 15 4 81322
237880 15 10 81323
237882 15 24 81431
237884 15 24 81671
237886 15 0 81672
237888 15 2 81673
237890 15 4 81674
237892 15 2 81745
237894 15 4 81746
237896 15 2 81873
237898 15 2 81017
237900 15 22 80918
237902 15 24 80919
237904 15 0 80920
237906 15 2 80921
237908 15 22 80974
237910 15 20 81069
237912 15 22 81198
237914 15 0 81416
237916 15 2 81417
237918 15 4 81418
237920 15 10 81419
237922 15 2 81497
237924 15 14 81572
237926 15 20 81573
237928 15 10 81019
237930 15 14 81156
237932 15 20 81157
237934 15 22 81158
237936 15 24 81159
237938 15 4 81170
237940 15 2 81025
237942 15 4 80914
237944 15 20 80925
237946 15 22 80926
237948 15 24 80927
237950 15 0 80928
237952 15 2 81177
237954 15 10 81219
237956 15 24 81303
237968 15 10 81083
237970 15 14 81084
237972 15 20 81085
237974 15 22 81086
237976 15 14 81180
237978 15 20 81181
237980 15 22 81182
237982 15 24 81183
237984 15 14 81260
237986 15 20 81261
237988 15 22 81262
237990 15 24 81263
237992 15 4 81570
237994 15 24 81639
238000 15 2 80985
238002 15 24 81015
238004 15 0 81024
238006 15 4 81218
238008 15 0 81536
238010 15 2 81537
238012 15 4 81538
238014 15 10 81539
238016 15 2 81545
238018 15 24 81695
238020 15 24 80911
238022 15 0 81160
238024 15 2 81161
238026 15 4 81162
238028 15 10 81163
238030 15 2 81369
238032 15 4 81370
238034 15 10 81371
238036 15 14 81372
238038 15 0 81424
238040 15 2 81633
238044 15 24 80943
238046 15 4 80946
238048 15 20 80965
238050 15 22 80966
238052 15 4 81274
238054 15 10 81275
238056 15 14 81276
238058 15 20 81277
238060 15 2 81313
238062 15 22 81462
238064 15 24 81583
238066 15 14 81068
238068 15 22 81038
238070 15 24 81039
238072 15 0 81040
238074 15 2 81041
238076 15 20 81077
238078 15 24 81199
238080 15 22 80934
238082 15 2 80937
238084 15 14 80972
238086 15 20 80973
238088 15 22 81406
238090 15 24 81407
238092 15 0 81408
238094 15 2 81409
238096 15 14 81436
238098 15 14 81588
238100 15 20 80997
238102 15 22 80998
238104 15 24 80999
238106 15 0 81000
238108 15 2 81001
238110 15 4 81002
238112 15 10 81003
238114 15 22 81046
238116 15 24 81047
238118 15 0 81048
238120 15 2 81049
238122 15 4 81106
238124 15 20 81325
238126 15 22 81326
238128 15 24 81327
238130 15 0 81328
238132 15 22 81438
238134 15 24 81439
238136 15 0 81440
238138 15 2 81441
238140 15 20 81621
238142 15 4 81850
238144 15 10 80947
238146 15 14 80948
238148 15 20 80949
238150 15 22 80950
238152 15 0 80992
238154 15 4 81202
238156 15 10 81203
238158 15 14 81204
238160 15 20 81205
238162 15 2 81489
238164 15 4 81490
238166 15 10 81491
238168 15 14 81492
238170 15 0 81584
238172 15 2 81585
238174 15 4 81586
238176 15 10 81587
238178 15 24 81703
238180 15 10 81899
238182 15 10 80955
238184 15 14 80956
238186 15 20 81381
238188 15 22 81382
238190 15 24 81383
238192 15 0 81384
238194 15 24 81423
238196 15 4 81562
238198 15 14 81188
238200 15 20 81189
238202 15 22 81190
238204 15 24 81191
238206 15 0 81264
238208 15 14 81380
238226 15 4 81050
238228 15 10 81051
238230 15 14 81052
238232 15 20 81053
238236 15 4 81018
238240 15 20 80901
238242 15 24 81031
238244 15 0 81184
238246 15 2 81185
238248 15 4 81186
238250 15 10 81187
238252 15 2 81217
238254 15 10 81395
238256 15 14 81396
238258 15 20 81397
238260 15 22 81398
238262 15 14 81420
238264 15 22 81574
238266 15 24 81575
238268 15 22 81702
238270 15 20 81149
238272 15 22 81150
238274 15 24 81151
238276 15 0 81152
238278 15 2 81153
238280 15 10 81235
238282 15 14 81236
238284 15 20 81237
238286 15 22 81238
238288 15 10 81643
238292 15 24 81055
238294 15 0 81056
238296 15 2 81057
238298 15 4 81058
238300 15 4 81154
238320 15 2 81393
238322 15 4 81394
238326 15 4 81442
238328 15 2 81561
238330 15 14 81644
238332 15 0 81032
238334 15 20 81101
238336 15 10 81315
238338 15 14 81316
238340 15 20 81317
238342 15 22 81318
238344 15 20 81493
238346 15 22 81494
238348 15 24 81495
238350 15 0 81496
238352 15 22 81646
238354 15 4 81866
238360 15 10 80939
238362 15 20 80941
238364 15 10 80963
238366 15 14 80964
238368 15 2 81009
238370 15 4 81010
238372 15 10 81011
238374 15 14 81012
238376 15 22 81054
238378 15 14 81412
238380 15 20 81413
238382 15 22 81414
238384 15 24 81415
238386 15 22 81502
238388 15 0 81560
238390 15 22 81582
238392 15 10 80907
238394 15 14 80908
238396 15 20 80909
238398 15 22 80910
238400 15 14 81004
238402 15 0 80896
238404 15 14 80924
238406 15 20 81389
238408 15 22 81390
238410 15 24 81391
238412 15 0 81392
238414 15 14 81468
238416 15 4 81530
238418 15 10 81531
238420 15 14 81532
238422 15 20 81533
238424 15 14 81628
238426 15 20 81629
238428 15 22 81630
238430 15 24 81631
238432 15 0 81640
238434 15 14 81820
238436 15 2 81841
238438 15 4 81842
238440 15 10 81843
238442 15 14 81844
238446 15 14 80940
238450 15 22 80942
238452 15 2 81353
238454 15 4 81354
238456 15 10 81355
238458 15 14 81356
238460 15 0 81368
238462 15 10 81555
238466 15 0 80944
238468 15 2 80945
238472 15 10 81339
238474 15 14 81340
238476 15 20 81341
238478 15 22 81342
238480 15 22 81358
238482 15 4 81554
238500 15 0 81376
238502 15 4 81378
238504 15 2 81385
238506 15 4 81386
238508 15 10 81387
238510 15 14 81388
238512 15 4 81594
238514 15 20 81605
238518 15 4 81714
238536 15 24 81375
238538 15 4 81778
238540 15 20 81005
238542 15 22 81006
238544 15 24 81007
238546 15 0 81008
238548 15 24 81103
238550 15 24 81247
238552 15 0 81248
238554 15 2 81249
238556 15 4 81250
238558 15 24 81463
238560 15 0 81464
238562 15 2 81465
238564 15 4 81466
238566 15 0 81632
238568 15 22 81670
238570 15 10 81299
238572 15 14 81300
238574 15 20 81301
238576 15 22 81302
238578 15 20 81357
238590 15 24 80967
238592 15 4 81042
238594 15 10 81043
238596 15 14 81044
238598 15 0 81064
238600 15 10 81171
238602 15 20 81173
238604 15 10 81211
238606 15 14 81212
238608 15 20 81213
238610 15 22 81214
238612 15 24 81215
238614 15 0 81216
238616 15 14 81220
238618 15 14 81228
238620 15 20 81229
238622 15 22 81230
238624 15 24 81231
238626 15 10 81251
238628 15 2 81577
238630 15 0 81600
238632 15 4 81634
238634 15 2 81825
238636 15 10 81867
238640 15 24 80935
238642 15 0 80936
238648 15 4 81178
238650 15 10 81179
238652 15 14 81540
238654 15 20 81541
238656 15 22 81542
238658 15 24 81543
238660 15 10 81635
238662 15 14 81636
238672 15 24 80903
238674 15 0 80904
238676 15 2 80905
238678 15 4 80906
238680 15 24 80975
238682 15 0 80976
238684 15 2 80977
238686 15 4 80978
238688 15 24 81087
238690 15 14 81164
238692 15 4 81458
238694 15 10 81459
238696 15 14 81460
238698 15 20 81461
238700 15 4 81498
238702 15 10 81499
238704 15 14 81500
238706 15 20 81501
238708 15 22 81534
238710 15 22 81622
238712 15 2 81713
238714 15 14 81852
238716 15 4 81914
238718 15 22 80902
238720 15 14 80980
238722 15 20 80981
238724 15 22 80982
238726 15 24 80983
238728 15 10 81091
238730 15 20 81165
238732 15 20 81269
238734 15 22 81270
238736 15 24 81271
238738 15 0 81272
238740 15 14 81324
238742 15 10 81411
238744 15 20 81421
238746 15 20 81637
238748 15 20 80917
238750 15 4 81290
238752 15 10 81291
238754 15 14 81292
238756 15 20 81293
238758 15 22 81430
238760 15 10 80979
238764 15 14 81148
238786 15 2 81697
238788 15 4 81698
238790 15 14 81876
238806 15 2 80897
238808 15 4 80898
238816 15 20 81045
238818 15 22 81166
238820 15 4 81522
238822 15 10 81523
238824 15 14 81524
238826 15 20 81525
238828 15 0 81608
238830 15 4 81738
238832 15 22 81278
238834 15 24 81279
238836 15 0 81280
238838 15 2 81281
238840 15 20 81485
238842 15 22 81486
238844 15 24 81487
238846 15 0 81488
238848 15 2 81617
238850 15 4 81618
238852 15 10 81619
238854 15 14 81620
238856 15 2 81777
238858 15 22 81886
238866 15 20 80973
238868 15 14 80900
238880 15 2 81377
238884 15 10 81379
238886 15 2 81481
238888 15 4 81482
238890 15 10 81483
238892 15 14 81484
238896 15 22 81870
238934 15 20 81549
238938 15 20 81661
238940 15 2 81897
238948 15 14 80916
238952 15 2 80929
238954 15 4 80930
238956 15 10 80931
238958 15 14 80932
238960 15 22 80958
238962 15 24 80959
238964 15 0 80960
238966 15 2 80961
238968 15 22 81094
238970 15 24 81095
238972 15 2 81097
238976 15 14 81556
238978 15 20 81557
238980 15 22 81558
238982 15 24 81559
238984 15 0 81568
238986 15 20 81677
238988 15 22 81678
238990 15 20 81701
239030 15 20 81309
239032 15 22 81310
239034 15 24 81311
239036 15 0 81312
239048 15 14 81796
239050 15 24 80951
239052 15 0 80952
239054 15 2 80953
239056 15 4 80954
239058 15 0 80968
239060 15 2 80969
239062 15 4 80970
239064 15 10 80971
239070 15 20 81093
239072 15 10 81099
239076 15 0 81176
239078 15 0 81200
239080 15 10 81563
239082 15 14 81564
239084 15 20 81565
239086 15 22 81566
239088 15 2 81569
239090 15 24 81711
239092 15 10 81715
239094 15 10 81747
239116 15 10 80947
239148 15 4 81586
239150 15 10 81587
239154 15 0 81864
239158 15 4 80922
239160 15 4 81066
239170 15 22 81526
239172 15 24 81527
239174 15 0 81528
239176 15 2 81529
239178 15 4 81642
239180 15 0 81840
239190 15 20 81013
239204 15 10 81491
239206 15 14 81492
239208 15 24 81535
239210 15 0 81856
239250 15 10 80915
239266 15 0 80984
239268 15 10 80987
239270 15 0 81144
239272 15 14 81596
239274 15 20 81597
239276 15 22 81598
239278 15 24 81599
239280 15 22 81606
239282 15 0 81808
239288 15 4 80986
239290 15 14 80988
239292 15 2 81145
239294 15 2 81601
239296 15 4 81602
239298 15 10 81603
239300 15 14 81604
239302 15 24 81607
239304 15 2 81809
239324 15 20 80989
239328 15 10 81131
239330 15 14 81132
239332 15 20 81133
239334 15 22 81134
239338 15 2 81593
239340 15 2 81609
239342 15 4 81610
239344 15 10 81611
239346 15 14 81612
239348 15 4 81810
239350 15 10 81811
239354 15 22 80990
239356 15 20 81613
239358 15 22 81614
239360 15 24 81615
239362 15 0 81616
239366 15 4 81026
239368 15 14 81028
239370 15 20 81029
239372 15 2 81033
239374 15 24 81295
239376 15 0 81296
239378 15 2 81297
239380 15 4 81298
239382 15 22 81422
239384 15 24 81503
239388 15 4 80938
239406 15 0 81544
239408 15 22 81854
239414 15 10 80899
239426 15 14 81476
239428 15 20 81477
239430 15 22 81478
239432 15 24 81479
239434 15 14 81508
239436 15 4 81818
239448 15 4 81082
239454 15 14 81084
239458 15 22 81086
239460 15 14 81180
239464 15 22 81182
239466 15 24 81183
239468 15 24 81319
239478 15 4 81570
239480 15 20 81853
239482 15 20 81909
239504 15 10 81171
239524 15 10 81027
239530 15 10 81067
239532 15 0 81192
239534 15 2 81193
239536 15 4 81194
239538 15 10 81195
239540 15 0 81504
239542 15 2 81505
239544 15 4 81506
239546 15 10 81507
239548 15 24 81567
239550 15 10 81851
239562 15 2 80993
239564 15 4 80994
239566 15 10 80995
239568 15 14 80996
239570 15 0 81104
239580 15 14 81092
239582 15 22 80974
239590 15 4 81058
239592 15 22 81198
239600 15 2 81353
239612 15 4 81394
239616 15 0 81576
239618 15 22 81814
239620 15 24 81815
239622 15 0 81816
239624 15 2 81817
239626 15 22 81862
239628 15 24 81863
239630 15 0 81872
239632 15 24 81031
239634 15 4 81034
239636 15 4 81274
239640 15 14 81276
239642 15 20 81277
239644 15 2 81313
239646 15 24 81687
239648 15 0 81688
239650 15 2 81689
239652 15 4 81690
239654 15 22 81838
239656 15 24 81839
239664 15 10 80923
239666 15 10 80979
239668 15 20 81037
239670 15 22 81206
239672 15 24 81207
239674 15 0 81208
239676 15 2 81209
239678 15 24 81239
239680 15 2 81761
239682 15 4 81762
239684 15 10 81763
239686 15 14 81764
239688 15 24 81767
239690 15 0 81768
239692 15 2 81769
239694 15 4 81770
239696 15 10 81795
239698 15 20 81845
239742 15 2 81089
239744 15 20 80957
239746 15 14 81036
239748 15 10 81059
239750 15 14 81060
239752 15 20 81061
239754 15 22 81062
239756 15 0 81120
239758 15 0 81656
239760 15 2 81657
239762 15 4 81658
239764 15 10 81659
239766 15 14 81668
239768 15 0 81776
239772 15 0 80896
239776 15 24 80991
239784 15 0 81384
239804 15 24 81631
239806 15 10 81691
239808 15 24 81871
239810 15 0 81880
239816 15 10 80907
239818 15 14 80908
239822 15 10 81035
239824 15 2 81065
239826 15 24 81111
239828 15 2 81113
239830 15 20 81117
239832 15 22 81118
239834 15 24 81647
239836 15 0 81648
239838 15 2 81649
239840 15 4 81650
239842 15 10 81675
239844 15 10 81771
239848 15 20 80925
239850 15 22 80926
239852 15 24 80927
239854 15 0 80928
239856 15 24 81303
239868 15 0 81168
239872 15 24 81343
239874 15 0 81344
239876 15 2 81345
239878 15 4 81346
239880 15 10 81467
239882 15 0 81680
239884 15 2 81681
239886 15 4 81682
239888 15 10 81683
239890 15 2 81753
239892 15 0 81888
239894 15 2 81889
239904 15 2 81153
239950 15 10 81915
239952 15 14 81916
239954 15 20 81917
239956 15 22 81918
239960 15 10 81211
239962 15 14 81212
239964 15 20 81213
239966 15 22 81214
239968 15 14 81228
239970 15 20 81229
239974 15 24 81231
239976 15 4 81634
239982 15 24 80911
240000 15 2 81369
240004 15 14 81372
240006 15 0 81424
240010 15 2 81633
240012 15 22 81910
240014 15 24 81911
240016 15 0 81912
240018 15 2 81913
240026 15 2 80905
240030 15 24 81087
240044 15 2 80929
240050 15 4 81098
240052 15 10 81395
240056 15 20 81397
240060 15 14 81420
240062 15 10 81723
240064 15 14 81724
240066 15 20 81725
240068 15 22 81726
240070 15 4 81874
240072 15 24 81879
240082 15 0 81184
240084 15 2 81185
240086 15 4 81186
240088 15 10 81187
240090 15 2 81217
240118 15 2 81249
240124 15 0 81464
240126 15 2 81465
240130 15 0 81632
240138 15 22 81038
240140 15 24 81039
240142 15 0 81040
240146 15 20 81077
240148 15 0 81024
240184 15 10 81147
240186 15 22 81294
240190 15 10 81531
240192 15 20 81533
240196 15 14 81652
240198 15 20 81653
240200 15 22 81654
240202 15 24 81655
240204 15 14 81660
240206 15 10 81699
240208 15 4 81826
240210 15 10 81827
240212 15 14 81828
240214 15 20 81829
240218 15 4 81842
240220 15 10 81843
240228 15 0 80912
240230 15 10 80955
240232 15 14 81188
240248 15 14 81380
240252 15 24 81671
240254 15 0 81672
240256 15 2 81673
240258 15 4 81674
240260 15 4 81730
240262 15 10 81731
240264 15 14 81732
240266 15 20 81733
240270 15 0 81896
240290 15 24 80919
240300 15 10 81099
240302 15 2 81105
240304 15 0 81416
240306 15 2 81417
240308 15 4 81418
240310 15 10 81419
240312 15 2 81497
240314 15 10 81739
240316 15 14 81740
240318 15 20 81741
240320 15 22 81742
240322 15 24 81887
240340 15 14 81164
240344 15 14 81172
240348 15 22 81174
240350 15 20 81197
240354 15 0 81088
240364 15 0 81624
240366 15 2 81625
240368 15 4 81626
240370 15 10 81627
240372 15 2 81865
240378 15 2 81169
240380 15 14 81196
240390 15 20 81165
240392 15 0 81016
240394 15 22 81014
240396 15 4 80962
240404 15 2 81033
240412 15 4 81010
240420 15 10 81115
240422 15 14 81412
240426 15 22 81414
240428 15 24 81415
240430 15 22 81502
240432 15 24 81831
240434 15 0 81832
240436 15 2 81833
240438 15 4 81834
240458 15 24 81183
240460 15 14 81260
240464 15 22 81262
240466 15 24 81263
240468 15 22 81278
240472 15 0 81280
240476 15 24 81639
240478 15 22 81710
240498 15 20 81125
240500 15 22 81126
240502 15 24 81127
240504 15 0 81128
240506 15 2 81121
240508 15 4 81122
240510 15 14 81124
240512 15 2 81129
240516 15 4 80930
240518 15 10 80931
240522 15 22 80958
240526 15 0 80960
240530 15 0 81136
240538 15 24 81559
240540 15 0 81568
240542 15 10 81779
240544 15 14 81780
240546 15 20 81781
240548 15 22 81782
240574 15 10 81275
240580 15 2 81313
240590 15 22 81166
240592 15 14 81020
240594 15 20 81021
240596 15 22 81030
240598 15 14 81116
240600 15 24 81119
240602 15 2 81137
240604 15 4 81138
240606 15 10 81139
240608 15 14 81140
240610 15 14 81772
240612 15 20 81773
240614 15 22 81774
240616 15 24 81775
240618 15 20 81789
240620 15 20 81797
240656 15 0 80968
240658 15 2 80969
240660 15 4 80970
240662 15 10 80971
240664 15 24 81143
240674 15 2 81569
240676 15 24 81791
240678 15 0 81792
240680 15 2 81793
240682 15 4 81794
240694 15 2 81025
240698 15 0 81112
240702 15 4 81114
240710 15 24 81135
240712 15 10 81571
240714 15 14 81748
240716 15 20 81749
240718 15 22 81750
240720 15 24 81751
240722 15 0 81752
240746 15 20 81141
240748 15 22 81142
240756 15 24 81615
240758 15 0 81616
240760 15 22 81798
240762 15 24 81799
240764 15 0 81800
240766 15 2 81801
240768 15 4 81802
240770 15 14 81812
240810 15 0 80984
240814 15 22 81094
240816 15 22 81102
240820 15 4 81458
240822 15 10 81459
240824 15 14 81460
240826 15 20 81461
240828 15 22 81534
240832 15 20 81597
240834 15 22 81598
240836 15 24 81599
240838 15 22 81606
240840 15 0 81728
240842 15 10 81803
240868 15 14 81100
240872 15 20 81269
240874 15 22 81270
240876 15 24 81271
240878 15 14 81324
240880 15 10 81411
240882 15 2 81601
240884 15 4 81602
240888 15 14 81604
240892 15 10 81651
240894 15 14 81804
240896 15 20 81805
240898 15 22 81806
240900 15 24 81807
240902 15 22 81894
240904 15 24 81895
240918 15 4 81210
240926 15 0 81536
240928 15 2 81537
240930 15 4 81538
240932 15 10 81539
240934 15 2 81545
240938 15 24 81095
240944 15 4 81154
240946 15 0 81176
240960 15 2 81017
240962 15 20 80997
240964 15 22 80998
240966 15 24 80999
240968 15 0 81000
240970 15 2 81001
240972 15 4 81002
240974 15 10 81003
240976 15 4 81106
240978 15 20 81149
240984 15 2 81153
240986 15 10 81235
240994 15 10 81643
241004 15 0 81264
241006 15 24 81063
241008 15 0 81032
241010 15 10 80947
241012 15 20 80949
241016 15 0 80992
241018 15 4 81202
241020 15 10 81203
241022 15 14 81204
241024 15 20 81205
241026 15 0 81584
241030 15 4 81586
241032 15 10 81587
241034 15 24 81703
241038 15 0 80936
241040 15 2 80937
241042 15 14 80972
241044 15 20 80973
241048 15 22 81406
241050 15 24 81407
241052 15 0 81408
241054 15 2 81409
241060 15 14 81588
241062 15 2 81697
241064 15 4 81698
241066 15 24 81767
241068 15 0 81768
241070 15 2 81769
241076 15 10 81859
241078 15 14 81876
241110 15 24 81431
241112 15 10 81019
241118 15 24 81383
241120 15 0 81384
241122 15 24 81423
241126 15 10 81315
241128 15 14 81316
241130 15 20 81317
241146 15 0 81232
241148 15 10 81339
241150 15 14 81340
241152 15 20 81341
241154 15 22 81342
241156 15 22 81358
241158 15 24 81359
241160 15 20 81757
241162 15 22 81758
241164 15 24 81759
241166 15 0 81760
241168 15 14 81836
241170 15 20 81837
241172 15 14 81860
241200 15 2 81281
241202 15 2 81617
241204 15 4 81618
241206 15 10 81619
241208 15 14 81620
241236 15 0 81272
241238 15 20 81421
241244 15 20 80909
241248 15 14 81004
241252 15 2 81065
241256 15 10 81211
241260 15 20 81213
241262 15 0 81304
241264 15 22 81518
241266 15 0 81520
241268 15 2 81521
241274 15 14 81532
241276 15 20 81533
241278 15 24 81623
241280 15 0 81640
241290 15 10 81675
241292 15 0 81712
241294 15 22 81790
241306 15 20 80933
241310 15 14 81156
241312 15 20 81157
241314 15 22 81158
241316 15 24 81159
241318 15 4 81170
241320 15 14 81476
241324 15 22 81478
241326 15 24 81479
241328 15 22 81550
241330 15 24 81551
241332 15 0 81552
241334 15 2 81553
241336 15 20 81669
241338 15 20 81685
241340 15 4 81890
241356 15 22 81038
241364 15 24 81199
241366 15 2 81265
241368 15 4 81266
241370 15 10 81267
241372 15 14 81268
241374 15 20 81509
241376 15 22 81510
241378 15 24 81511
241380 15 0 81512
241382 15 20 81821
241384 15 22 81822
241386 15 24 81823
241388 15 0 81824
241390 15 2 81881
241408 15 0 81152
241410 15 0 81376
241412 15 2 81377
241414 15 4 81378
241416 15 10 81379
241428 15 10 81395
241430 15 14 81396
241432 15 20 81397
241450 15 10 81499
241452 15 14 81500
241454 15 20 81501
241456 15 22 81622
241458 15 20 80901
241460 15 14 81036
241466 15 20 81061
241468 15 22 81062
241470 15 4 81146
241472 15 10 81155
241474 15 10 81227
241476 15 14 81252
241484 15 10 81659
241486 15 14 81668
241488 15 4 81882
241490 15 10 81883
241492 15 14 81884
241494 15 20 81885
241518 15 20 80917
241520 15 2 80993
241522 15 4 80994
241524 15 10 80995
241526 15 0 81104
241528 15 4 81290
241530 15 10 81291
241532 15 14 81292
241534 15 20 81293
241538 15 4 81370
241540 15 10 81371
241542 15 14 81372
241544 15 22 81430
241546 15 4 81722
241548 15 22 81846
241550 15 24 81847
241552 15 0 81848
241554 15 2 81849
241556 15 2 81857
241592 15 14 81388
241594 15 4 81714
241598 15 10 81219
241600 15 14 80900
241602 15 2 81481
241604 15 4 81482
241606 15 10 81483
241608 15 14 81484
241624 15 10 81419
241652 15 20 81037
241654 15 14 81148
241656 15 2 81201
241670 15 2 81761
241672 15 10 81763
241674 15 14 81764
241684 15 20 81845
241702 15 2 80897
241704 15 4 80898
241706 15 2 81353
241708 15 4 81354
241710 15 10 81355
241712 15 14 81356
241714 15 0 81368
241730 15 10 81011
241750 15 22 80910
241752 15 24 80967
241754 15 20 81125
241756 15 22 81126
241760 15 4 81130
241762 15 14 81228
241764 15 20 81229
241766 15 22 81230
241768 15 24 81231
241772 15 24 81519
241778 15 2 81577
241780 15 20 81709
241782 15 22 81766
241824 15 0 81008
241832 15 4 81466
241882 15 24 81295
241884 15 0 81296
241886 15 2 81297
241888 15 4 81298
241890 15 20 81325
241892 15 22 81326
241894 15 24 81327
241896 15 0 81328
241898 15 22 81422
241900 15 22 81718
241902 15 24 81719
241904 15 0 81720
241906 15 2 81721
241908 15 22 81830
241924 15 0 81064
241932 15 22 81214
241934 15 14 81220
241938 15 20 81389
241942 15 24 81391
241944 15 14 81468
241954 15 0 81600
241956 15 20 81661
241960 15 14 81820
241966 15 14 80948
241972 15 2 81489
241974 15 4 81490
241976 15 10 81491
241978 15 14 81492
241986 15 24 81103
241990 15 0 81248
241992 15 2 81249
241994 15 4 81250
242002 15 0 81632
242004 15 22 81670
242006 15 0 80896
242008 15 0 80912
242010 15 24 80991
242012 15 24 81167
242014 15 14 81628
242016 15 20 81629
242018 15 22 81630
242020 15 24 81631
242022 15 14 81652
242024 15 20 81653
242026 15 22 81654
242028 15 24 81671
242030 15 2 81673
242034 15 10 81691
242036 15 10 81699
242038 15 14 81700
242040 15 2 81745
242042 15 4 81746
242044 15 2 81841
242046 15 4 81842
242048 15 10 81843
242050 15 14 81844
242068 15 14 81204
242072 15 24 81375
242076 15 10 81027
242078 15 14 81028
242082 15 2 81033
242092 15 24 81503
242094 15 0 81504
242096 15 2 81505
242098 15 4 81506
242100 15 10 81507
242110 15 14 81868
242112 15 10 81875
242144 15 4 81082
242150 15 2 81273
242152 15 20 81589
242154 15 22 81590
242156 15 24 81591
242158 15 0 81592
242160 15 20 81645
242162 15 14 81716
242166 15 4 81762
242200 15 0 81344
242202 15 2 81345
242204 15 20 81373
242208 15 20 81309
242210 15 22 81310
242212 15 24 81311
242214 15 0 81312
242224 15 14 81796
242228 15 4 81018
242234 15 22 81206
242236 15 24 81207
242238 15 0 81208
242240 15 2 81209
242242 15 4 81314
242252 15 22 81662
242262 15 20 81765
242276 15 0 81168
242282 15 20 81485
242284 15 22 81486
242286 15 24 81487
242288 15 0 81488
242292 15 20 81493
242294 15 22 81494
242296 15 24 81495
242298 15 0 81496
242306 15 14 81092
242310 15 22 81294
242312 15 10 81299
242314 15 14 81300
242316 15 20 81301
242318 15 22 81302
242326 15 24 81655
242328 15 14 81660
242330 15 14 81708
242332 15 0 81904
242346 15 2 80929
242348 15 4 80930
242350 15 10 80931
242362 15 22 80958
242366 15 0 80960
242368 15 2 80961
242370 15 14 81556
242372 15 20 81557
242374 15 22 81558
242378 15 0 81568
242390 15 24 80951
242392 15 0 80952
242394 15 2 80953
242396 15 4 80954
242408 15 2 80969
242412 15 10 80971
242416 15 14 81564
242422 15 2 81569
242424 15 10 80939
242426 15 14 80940
242428 15 20 80941
242430 15 22 80942
242432 15 14 80964
242434 15 22 80974
242436 15 24 81055
242438 15 0 81056
242440 15 22 81198
242442 15 0 81200
242458 15 10 81555
242460 15 14 81572
242462 15 20 81573
242464 15 0 81576
242466 15 22 81814
242468 15 24 81815
242470 15 0 81816
242472 15 2 81817
242474 15 24 81863
242476 15 22 81878
242478 15 14 81900
242480 15 20 81901
242482 15 22 81902
242484 15 24 81903
242496 15 24 80911
242498 15 0 81160
242500 15 2 81161
242502 15 4 81162
242504 15 10 81163
242512 15 0 81424
242514 15 2 81633
242516 15 24 80943
242518 15 0 80944
242520 15 2 80945
242522 15 4 80946
242524 15 20 80965
242526 15 0 81184
242528 15 2 81185
242530 15 4 81186
242532 15 10 81187
242534 15 0 81232
242548 15 4 81554
242550 15 22 81574
242552 15 24 81575
242554 15 22 81702
242562 15 20 81837
242564 15 14 81860
242566 15 2 81905
242568 15 4 81906
242570 15 10 81907
242572 15 14 81908
242590 15 22 81078
242592 15 24 81079
242594 15 0 81080
242596 15 2 81081
242598 15 2 81121
242600 15 4 81122
242602 15 10 81123
242604 15 14 81124
242606 15 2 81233
242608 15 4 81234
242610 15 4 81578
242612 15 10 81579
242614 15 14 81580
242616 15 20 81581
242618 15 0 81696
242620 15 24 81783
242622 15 0 81784
242624 15 2 81785
242626 15 4 81786
242628 15 10 81891
242630 15 14 81892
242706 15 0 80992
242732 15 22 81598
242744 15 2 81601
242748 15 10 81603
242750 15 14 81604
242752 15 24 81607
242754 15 20 80989
242756 15 2 81609
242758 15 4 81610
242760 15 10 81611
242762 15 14 81612
242778 15 20 81613
242780 15 22 81614
242782 15 24 81615
242784 15 0 81616
242786 15 14 81188
242788 15 20 81189
242790 15 22 81190
242794 15 14 81380
242796 15 2 80913
242798 15 2 80993
242800 15 4 80994
242802 15 10 80995
242804 15 14 80996
242808 15 4 81290
242810 15 10 81291
242816 15 4 81410
242834 15 2 81025
242838 15 22 81526
242840 15 24 81527
242842 15 0 81528
242844 15 2 81529
242864 15 0 81088
242866 15 2 81017
242870 15 4 81058
242888 15 20 81357
242892 15 4 81442
242894 15 2 81561
242896 15 2 81641
242906 15 10 81699
242908 15 14 81700
242914 15 2 81873
242940 15 10 81083
242942 15 14 81084
242944 15 20 81085
242946 15 22 81086
242948 15 14 81180
242950 15 20 81181
242952 15 22 81182
242954 15 24 81183
242956 15 4 81570
242964 15 20 81045
242986 15 14 81012
242994 15 20 81013
243004 15 24 81535
243008 15 22 81150
243012 15 2 81153
243014 15 0 81376
243016 15 4 81378
243018 15 4 81594
243020 15 20 81605
243022 15 10 80899
243032 15 14 81508
243034 15 22 81038
243036 15 24 81039
243038 15 0 81040
243040 15 2 81041
243050 15 0 80912
243092 15 24 81015
243100 15 2 81545
243102 15 2 81697
243104 15 4 81698
243106 15 4 80914
243108 15 20 80925
243110 15 22 80926
243112 15 0 80928
243118 15 2 81177
243128 15 24 81303
243130 15 4 81314
243136 15 22 81638
243138 15 20 81677
243140 15 22 81678
243142 15 20 81701
243188 15 0 81264
243202 15 2 81393
243204 15 4 81394
243206 15 14 81644
243212 15 22 81862
243216 15 0 81872
243246 15 14 81156
243254 15 4 81274
243256 15 10 81275
243258 15 14 81276
243260 15 20 81277
243262 15 22 81462
243264 15 22 81550
243266 15 24 81551
243268 15 0 81552
243270 15 2 81553
243274 15 24 81687
243276 15 0 81688
243278 15 22 81838
243280 15 24 81839
243282 15 20 81869
243294 15 14 80900
243300 15 0 81248
243302 15 2 81249
243304 15 4 81250
243306 15 0 81544
243312 15 2 81057
243348 15 2 81761
243350 15 4 81762
243354 15 14 81764
243356 15 22 80934
243358 15 24 80935
243364 15 14 80972
243366 15 14 81068
243376 15 24 81239
243378 15 2 81513
243380 15 14 81540
243382 15 20 81541
243384 15 22 81542
243386 15 24 81543
243388 15 10 81635
243392 15 0 81768
243398 15 10 81859
243442 15 24 80975
243448 15 4 81082
243464 15 4 80994
243470 15 22 81222
243472 15 24 81223
243474 15 0 81224
243476 15 2 81225
243480 15 22 81694
243508 15 14 81028
243512 15 2 81033
243522 15 0 81504
243524 15 2 81505
243526 15 4 81506
243528 15 10 81507
243578 15 10 81019
243580 15 14 81476
243582 15 20 81477
243584 15 22 81478
243586 15 24 81479
243618 15 24 81103
243626 15 14 81092
243644 15 20 80973
243646 15 22 81406
243650 15 0 81408
243652 15 2 81409
243654 15 14 81588
243656 15 10 80907
243660 15 20 80909
243662 15 14 81004
243666 15 14 81212
243678 15 24 81623
243690 15 0 81392
243724 15 14 81220
243750 15 10 80955
243752 15 14 80956
243756 15 20 81381
243758 15 22 81382
243762 15 0 81384
243764 15 4 81562
243782 15 4 81730
243784 15 10 81731
243786 15 14 81732
243788 15 20 81733
243792 15 24 81871
243854 15 20 81549
243860 15 14 81060
243862 15 20 81061
243866 15 0 81656
243868 15 2 81657
243870 15 4 81658
243872 15 10 81659
243874 15 14 81668
243886 15 10 81035
243890 15 24 81647
243892 15 0 81648
243894 15 2 81649
243896 15 4 81650
243898 15 10 81675
243900 15 14 80916
243910 15 24 81111
243912 15 0 81112
243916 15 20 81117
243918 15 22 81118
243920 15 10 81147
243922 15 22 81294
243924 15 20 81437
243936 15 14 81748
243938 15 20 81749
243940 15 0 81752
243942 15 10 81771
243944 15 4 81826
243946 15 10 81827
243948 15 14 81828
243950 15 20 81829
243972 15 20 80957
243978 15 14 81020
243980 15 20 81021
243982 15 22 81022
243984 15 24 81023
243990 15 24 81119
243992 15 0 81120
243998 15 0 81480
244010 15 0 81776
244018 15 20 81885
244054 15 10 81067
244056 15 20 81077
244058 15 0 81192
244060 15 2 81193
244062 15 4 81194
244064 15 10 81195
244066 15 14 81548
244068 15 24 81567
244100 15 0 81008
244108 15 2 81089
244110 15 24 81199
244112 15 2 81265
244114 15 4 81266
244118 15 14 81268
244120 15 10 81595
244122 15 20 81821
244124 15 22 81822
244126 15 24 81823
244128 15 0 81824
244166 15 10 81419
244168 15 14 81572
244170 15 20 81573
244190 15 0 81184
244194 15 4 81186
244196 15 10 81187
244200 15 14 81396
244202 15 22 81574
244206 15 22 81702
244210 15 0 80944
244216 15 10 81339
244218 15 14 81340
244220 15 20 81341
244222 15 22 81358
244242 15 0 81904
244246 15 24 80919
244256 15 10 80963
244258 15 14 80964
244260 15 20 81069
244262 15 10 81115
244264 15 14 81412
244266 15 20 81413
244268 15 22 81414
244270 15 24 81415
244282 15 22 81582
244284 15 24 81831
244286 15 0 81832
244288 15 2 81833
244290 15 4 81834
244334 15 20 80965
244336 15 22 80966
244338 15 24 81031
244340 15 4 81034
244348 15 2 81313
244354 15 14 81420
244360 15 24 81583
244366 15 2 81689
244368 15 4 81690
244372 15 2 81905
244378 15 14 81908
244408 15 24 80903
244410 15 2 80905
244416 15 0 80976
244426 15 22 81030
244428 15 24 81087
244430 15 14 81116
244432 15 2 81137
244434 15 4 81138
244436 15 10 81139
244438 15 14 81140
244440 15 20 81141
244442 15 22 81142
244444 15 14 81164
244446 15 4 81458
244448 15 20 81461
244454 15 10 81499
244456 15 22 81534
244458 15 22 81622
244460 15 2 81713
244462 15 14 81772
244464 15 20 81773
244466 15 22 81774
244468 15 24 81775
244470 15 20 81797
244472 15 22 81798
244474 15 24 81799
244476 15 0 81800
244478 15 2 81801
244480 15 4 81802
244482 15 14 81852
244484 15 4 81914
244506 15 20 80997
244508 15 24 80999
244510 15 4 81002
244512 15 4 81106
244520 15 20 81325
244522 15 22 81326
244524 15 24 81327
244526 15 0 81328
244530 15 20 81621
244532 15 22 81830
244560 15 2 80985
244562 15 4 81218
244564 15 4 81202
244568 15 14 81204
244570 15 20 81205
244620 15 14 81260
244622 15 20 81261
244624 15 22 81262
244626 15 24 81263
244628 15 22 81278
244630 15 24 81279
244632 15 0 81280
244634 15 2 81281
244636 15 22 81710
244664 15 22 81014
244666 15 10 81171
244668 15 14 81172
244670 15 20 81173
244672 15 20 81197
244674 15 24 81215
244678 15 0 81016
244682 15 2 81169
244684 15 14 81196
244686 15 4 81210
244766 15 4 81530
244768 15 10 81531
244770 15 14 81532
244774 15 22 81790
244776 15 10 81235
244778 15 14 81236
244780 15 20 81237
244782 15 22 81238
244818 15 4 81114
244822 15 10 81131
244824 15 14 81132
244826 15 24 81135
244828 15 20 81165
244834 15 10 81571
244840 15 22 81750
244842 15 24 81751
244892 15 2 81009
244894 15 4 81010
244896 15 14 81012
244898 15 22 81054
244902 15 4 81226
244908 15 22 81502
244910 15 0 81560
244912 15 0 81624
244914 15 2 81625
244916 15 4 81626
244918 15 10 81627
244920 15 14 81756
244968 15 20 81101
244976 15 10 81315
244978 15 14 81316
244980 15 20 81317
244982 15 22 81318
244984 15 24 81375
244986 15 0 81584
244988 15 2 81585
244990 15 22 81646
244992 15 24 81703
244994 15 4 81778
244996 15 0 81864
245020 15 4 81066
245022 15 20 81485
245024 15 22 81486
245026 15 24 81487
245028 15 0 81488
245036 15 2 81617
245038 15 4 81618
245040 15 10 81619
245042 15 14 81620
245044 15 4 81642
245046 15 0 81840
245048 15 22 81886
245102 15 2 81873
245106 15 20 81389
245108 15 22 81390
245110 15 24 81391
245112 15 14 81468
245122 15 14 81820
245124 15 24 81247
245148 15 0 81264
245154 15 2 81393
245156 15 4 81394
245160 15 2 81385
245162 15 4 81386
245166 15 14 81388
245186 15 0 80968
245188 15 2 80969
245190 15 10 80971
245194 15 24 81055
245200 15 20 81093
245202 15 14 81100
245206 15 0 81176
245208 15 20 81269
245210 15 22 81270
245212 15 24 81271
245214 15 0 81272
245220 15 14 81324
245222 15 20 81357
245224 15 4 81442
245226 15 10 81563
245228 15 14 81564
245230 15 2 81569
245232 15 2 81641
245234 15 10 81651
245236 15 24 81711
245238 15 10 81747
245240 15 4 81858
245266 15 22 81310
245268 15 24 81311
245274 15 22 80958
245276 15 24 80959
245282 15 22 81094
245286 15 22 81102
245296 15 10 81459
245298 15 14 81460
245306 15 14 81500
245308 15 20 81501
245310 15 14 81556
245314 15 0 81568
245322 15 22 81662
245324 15 20 81677
245326 15 22 81678
245328 15 0 81728
245388 15 20 80925
245390 15 24 80927
245392 15 0 80928
245394 15 2 80929
245396 15 10 80931
245398 15 14 80932
245400 15 2 81097
245402 15 4 81098
245404 15 2 81177
245412 15 2 81217
245422 15 20 81397
245424 15 22 81398
245430 15 24 81559
245432 15 14 81676
245436 15 20 81701
245440 15 10 81723
245442 15 14 81724
245444 15 20 81725
245446 15 22 81726
245448 15 4 81874
245532 15 24 80951
245536 15 4 80954
245542 15 0 81056
245546 15 10 81099
245548 15 2 81105
245552 15 22 81198
245554 15 0 81200
245560 15 4 81418
245568 15 20 81565
245572 15 0 81576
245574 15 10 81715
245576 15 10 81739
245578 15 14 81740
245580 15 20 81741
245582 15 22 81742
245586 15 22 81878
245588 15 24 81887
245680 15 22 81038
245686 15 24 81199
245698 15 4 81266
245722 15 0 81232
245756 15 4 81298
245758 15 22 81718
245760 15 24 81719
245762 15 0 81720
245764 15 2 81721
245780 15 22 80902
245782 15 14 80988
245784 15 10 81091
245790 15 22 81134
245792 15 2 81145
245800 15 10 81411
245802 15 2 81593
245806 15 10 81603
245808 15 14 81604
245810 15 24 81607
245812 15 2 81609
245814 15 4 81610
245816 15 10 81611
245818 15 20 81637
245820 15 14 81804
245822 15 24 81807
245824 15 2 81809
245826 15 4 81810
245828 15 10 81811
245830 15 22 81894
245832 15 24 81895
245860 15 0 81024
245862 15 4 81090
245864 15 14 81148
245866 15 10 81155
245868 15 2 81201
245870 15 10 81227
245872 15 0 81536
245874 15 2 81537
245876 15 10 81539
245878 15 2 81545
245880 15 24 81695
245882 15 2 81697
245916 15 10 81275
245918 15 14 81276
245928 15 24 81839
245958 15 24 81343
245960 15 0 81344
245962 15 2 81345
245964 15 4 81346
245966 15 20 81373
245972 15 4 81538
245976 15 0 81680
245978 15 2 81681
245980 15 4 81682
245982 15 10 81683
245986 15 20 81813
245988 15 0 81888
246050 15 10 80915
246052 15 10 80979
246054 15 20 81037
246056 15 2 81761
246058 15 10 81763
246068 15 10 81795
246070 15 20 81845
246098 15 10 80899
246100 15 10 81019
246102 15 14 81156
246104 15 20 81157
246106 15 24 81159
246108 15 4 81170
246116 15 14 81476
246118 15 20 81477
246122 15 24 81479
246124 15 14 81508
246126 15 20 81685
246128 15 4 81818
246130 15 10 81915
246132 15 14 81916
246134 15 20 81917
246136 15 22 81918
246180 15 22 81078
246184 15 2 81081
246190 15 2 81233
246192 15 14 81252
246194 15 2 81289
246202 15 4 81578
246204 15 14 81580
246206 15 0 81696
246214 15 24 81919
246266 15 24 81063
246268 15 4 81178
246270 15 10 81179
246272 15 10 81339
246274 15 14 81340
246278 15 22 81342
246280 15 14 81540
246282 15 24 81543
246284 15 10 81635
246286 15 14 81636
246288 15 20 81757
246290 15 22 81758
246292 15 24 81759
246294 15 0 81760
246296 15 14 81860
246386 15 4 81042
246388 15 10 81043
246390 15 20 81045
246392 15 22 81166
246394 15 10 81171
246400 15 22 81174
246402 15 10 81251
246404 15 4 81522
246406 15 10 81523
246408 15 0 81608
246410 15 4 81738
246412 15 24 81743
246414 15 0 81744
246500 15 20 81117
246502 15 24 80967
246504 15 22 81014
246506 15 20 81125
246508 15 22 81126
246510 15 24 81127
246512 15 0 81128
246514 15 4 81130
246524 15 0 81216
246526 15 14 81228
246528 15 22 81230
246530 15 24 81231
246532 15 2 81577
246534 15 10 81755
246536 15 22 81766
246538 15 10 81787
246540 15 2 81825
246576 15 4 80962
246580 15 2 81121
246582 15 4 81122
246584 15 10 81123
246586 15 14 81124
246588 15 2 81129
246600 15 20 81581
246602 15 4 81754
246604 15 24 81783
246606 15 0 81784
246608 15 2 81785
246610 15 4 81786
246612 15 14 81788
246614 15 10 81819
246644 15 2 80993
246646 15 4 80994
246648 15 10 80995
246650 15 0 81104
246652 15 4 81290
246654 15 10 81291
246656 15 14 81292
246658 15 20 81293
246660 15 4 81722
246662 15 10 81035
246672 15 24 81647
246674 15 0 81648
246676 15 2 81649
246678 15 4 81650
246682 15 0 81168
246684 15 2 81169
246690 15 10 81467
246696 15 22 81734
246698 15 24 81735
246700 15 2 81753
246704 15 2 81889
246738 15 14 81036
246740 15 0 81120
246742 15 0 81656
246744 15 2 81657
246746 15 4 81658
246748 15 10 81659
246750 15 0 81776
246752 15 20 80933
246758 15 22 81158
246762 15 22 81550
246764 15 24 81551
246766 15 0 81552
246768 15 2 81553
246770 15 20 81669
246774 15 14 80940
246778 15 14 80964
246788 15 14 81900
246790 15 20 81901
246792 15 22 81902
246794 15 24 81903
246796 15 24 80943
246800 15 4 80946
246802 15 20 80965
246808 15 22 81574
246812 15 2 81905
246814 15 4 81906
246816 15 10 81907
246830 15 2 81017
246886 15 22 81406
246890 15 0 81408
246892 15 2 81409
246898 15 2 81697
246900 15 4 81698
246902 15 14 81876
246918 15 22 81358
246924 15 14 81836
246926 15 20 81837
246930 15 14 81020
246938 15 2 81137
246940 15 4 81138
246942 15 10 81139
246946 15 14 81772
246948 15 20 81773
246950 15 22 81774
246952 15 24 81775
246954 15 20 81797
246974 15 24 81799
246978 15 2 81801
246980 15 4 81802
246986 15 24 80983
246996 15 20 81133
247010 15 20 81421
247012 15 20 81437
247066 15 0 80960
247068 15 0 80984
247070 15 22 81102
247072 15 0 81136
247078 15 14 81596
247080 15 20 81597
247082 15 22 81598
247084 15 24 81599
247088 15 10 81779
247090 15 14 81780
247092 15 20 81781
247094 15 22 81782
247096 15 10 81803
247126 15 0 80896
247128 15 24 80991
247130 15 20 81381
247132 15 22 81382
247134 15 24 81383
247138 15 14 81628
247140 15 20 81629
247142 15 24 81631
247144 15 10 81691
247146 15 24 81871
247154 15 22 81022
247158 15 24 81119
247176 15 20 81789
247212 15 4 80970
247216 15 4 80986
247218 15 14 81100
247220 15 24 81143
247224 15 4 81602
247230 15 24 81791
247232 15 0 81792
247234 15 2 81793
247236 15 4 81794
247240 15 20 81805
247242 15 22 81806
247342 15 10 80987
247344 15 22 80990
247348 15 0 81144
247354 15 22 81606
247356 15 20 81613
247358 15 22 81614
247360 15 24 81615
247362 15 0 81616
247370 15 0 81808
247372 15 14 81812
247404 15 20 80989
247412 15 24 81607
247420 15 14 81612
247484 15 2 80913
247490 15 14 80996
247492 15 22 81070
247494 15 0 81072
247496 15 10 81075
247498 15 20 81221
247500 15 22 81222
247502 15 24 81223
247504 15 0 81224
247506 15 2 81225
247508 15 4 81410
247510 15 20 81693
247512 15 22 81694
247516 15 24 81071
247520 15 2 81073
247522 15 4 81074
247526 15 14 81076
247596 15 0 81296
247600 15 22 81422
247628 15 22 81654
247632 15 10 81699
247634 15 4 81202
247636 15 14 81204
247638 15 20 81205
247640 15 24 81375
247642 15 0 81584
247644 15 2 81585
247670 15 14 81044
247672 15 0 81064
247674 15 14 81220
247676 15 20 81389
247680 15 24 81391
247682 15 14 81468
247684 15 20 81661
247686 15 4 80922
247688 15 2 81009
247690 15 14 81012
247696 15 0 81088
247698 15 4 81226
247700 15 22 81526
247702 15 24 81527
247704 15 0 81528
247706 15 2 81529
247712 15 4 81626
247714 15 10 81627
247718 15 14 81756
247720 15 2 81865
247844 15 14 80924
247848 15 10 81147
247850 15 4 81530
247852 15 10 81531
247854 15 20 81533
247856 15 0 81640
247858 15 4 81826
247860 15 10 81827
247862 15 14 81828
247864 15 20 81829
247866 15 2 81353
247868 15 4 81354
247870 15 10 81355
247872 15 14 81356
247874 15 14 80900
247876 15 4 80938
247878 15 24 81247
247880 15 0 81248
247882 15 2 81249
247884 15 0 81376
247886 15 2 81377
247888 15 4 81378
247890 15 10 81379
247892 15 2 81481
247894 15 4 81482
247896 15 10 81483
247898 15 14 81484
247900 15 0 81544
247902 15 22 81854
247904 15 22 81870
247940 15 22 80926
247946 15 14 81068
247948 15 24 81175
247958 15 22 81206
247960 15 0 81208
247964 15 24 81239
247966 15 24 81359
247968 15 2 81513
247972 15 20 81541
247974 15 24 81543
247976 15 10 81635
247980 15 22 81638
247982 15 14 81676
248052 15 0 81392
248056 15 22 80974
248060 15 0 81056
248072 15 0 81368
248076 15 22 81814
248078 15 24 81815
248080 15 0 81816
248082 15 2 81817
248084 15 24 81863
248092 15 24 81271
248094 15 0 81272
248104 15 4 81858
248124 15 10 81059
248138 15 20 80901
248142 15 10 81227
248146 15 4 81498
248148 15 10 81499
248152 15 20 81501
248156 15 22 81590
248158 15 0 81592
248172 15 10 80955
248174 15 14 80956
248176 15 14 81188
248178 15 22 81190
248180 15 24 81191
248182 15 14 81380
248190 15 4 81562
248192 15 4 81730
248194 15 10 81731
248196 15 14 81732
248198 15 20 81733
248200 15 0 81896
248234 15 20 81485
248236 15 22 81486
248238 15 24 81487
248240 15 0 81488
248242 15 2 81617
248244 15 4 81618
248246 15 10 81619
248248 15 14 81620
248250 15 22 81886
248252 15 20 81101
248254 15 10 81315
248256 15 14 81316
248258 15 20 81317
248260 15 22 81318
248262 15 22 81646
248268 15 20 81093
248278 15 14 81324
248280 15 10 81651
248292 15 10 81459
248296 15 20 81461
248302 15 4 81218
248310 15 14 81436
248316 15 4 81538
248326 15 10 81683
248328 15 24 81695
248372 15 10 81107
248374 15 14 81108
248376 15 20 81109
248378 15 22 81110
248390 15 4 81514
248392 15 10 81515
248394 15 14 81516
248396 15 20 81517
248400 15 20 81861
248444 15 2 80897
248446 15 4 80898
248460 15 24 81423
248466 15 14 81524
248468 15 20 81525
248470 15 20 81549
248478 15 0 81880
248480 15 2 81897
248520 15 24 81031
248522 15 4 81034
248526 15 14 81396
248528 15 22 81398
248530 15 14 81420
248536 15 0 81688
248538 15 2 81689
248540 15 4 81690
248542 15 10 81723
248544 15 22 81726
248548 15 24 81879
248616 15 10 81275
248618 15 20 81277
248620 15 22 81462
248622 15 22 81550
248630 15 20 81869
248662 15 24 80975
248664 15 2 80977
248666 15 4 81082
248668 15 4 81146
248670 15 2 81273
248672 15 20 81645
248682 15 2 81841
248684 15 4 81842
248686 15 10 81843
248688 15 14 81844
248692 15 10 80915
248702 15 14 81148
248712 15 2 81761
248714 15 10 81763
248716 15 20 81845
248720 15 10 81883
248724 15 20 81885
248766 15 14 81092
248770 15 22 81294
248772 15 14 81660
248774 15 0 81032
248776 15 10 81083
248778 15 14 81084
248780 15 22 81086
248790 15 24 81319
248792 15 20 81493
248794 15 22 81494
248796 15 24 81495
248798 15 0 81496
248802 15 20 81853
248804 15 4 81866
248848 15 24 80911
248850 15 20 80917
248852 15 4 81290
248856 15 20 81293
248858 15 2 81369
248860 15 4 81370
248862 15 10 81371
248864 15 14 81372
248866 15 0 81424
248868 15 22 81430
248870 15 22 81846
248872 15 24 81847
248874 15 0 81848
248876 15 2 81849
248878 15 2 81857
248880 15 22 81910
248882 15 24 81911
248884 15 0 81912
248886 15 2 81913
248932 15 22 79094
248934 15 0 79096
248936 15 14 79332
248938 15 20 79333
248940 15 4 79434
248942 15 14 79436
248944 15 10 79483
248946 15 14 79484
248948 15 20 79485
248950 15 14 79556
248952 15 4 79778
248954 15 0 79840
248956 15 14 78892
248958 15 20 79021
248960 15 14 79052
248962 15 14 79364
248964 15 20 79365
248966 15 24 79367
248968 15 10 79467
248970 15 10 79827
248972 15 14 79828
248976 15 2 79321
248978 15 4 79322
248986 15 0 79392
248992 15 24 79831
248994 15 22 79270
248996 15 20 79381
248998 15 24 79383
249000 15 0 79472
249002 15 0 79680
249004 15 10 79851
249006 15 20 79853
249008 15 24 79855
249010 15 10 79859
249012 15 2 78961
249014 15 20 79325
249016 15 24 79327
249018 15 20 79349
249020 15 24 79495
249022 15 10 79603
249024 15 2 79617
249026 15 22 79726
249028 15 2 79729
249030 15 10 79811
249032 15 4 78866
249034 15 0 79224
249036 15 4 79226
249038 15 0 79440
249040 15 10 79443
249042 15 0 79664
249044 15 4 79666
249046 15 10 79667
249058 15 14 79444
249060 15 20 79445
249068 15 22 79670
249070 15 20 79749
249072 15 0 78984
249074 15 24 79063
249076 15 0 79272
249078 15 20 79373
249080 15 2 79561
249082 15 10 79563
249084 15 22 79638
249086 15 4 79018
249090 15 2 79105
249092 15 20 79501
249094 15 22 79502
249096 15 24 79503
249098 15 20 79517
249100 15 4 79618
249102 15 14 79620
249104 15 20 79629
249106 15 22 79630
249108 15 14 79100
249110 15 10 79219
249112 15 24 79279
249114 15 4 79298
249116 15 14 79300
249118 15 22 79438
249120 15 2 79761
249122 15 4 79762
249124 15 10 79763
249126 15 0 79792
249130 15 24 79023
249132 15 22 79342
249134 15 0 79344
249136 15 2 79345
249138 15 14 79396
249140 15 0 79832
249142 15 4 79834
249144 15 10 79835
249146 15 4 79066
249148 15 14 79068
249150 15 10 79123
249154 15 0 79232
249162 15 20 79525
249164 15 24 79543
249166 15 0 79576
249168 15 2 79577
249170 15 4 79578
249172 15 0 79640
249178 15 2 79793
249180 15 10 79795
249182 15 14 79796
249188 15 0 79856
249264 15 20 79045
249266 15 14 79164
249268 15 4 79202
249270 15 10 79203
249272 15 0 79240
249276 15 22 79534
249278 15 24 79535
249280 15 2 79537
249282 15 14 79812
249330 15 2 79033
249332 15 4 79034
249336 15 0 79496
249338 15 10 79499
249342 15 0 79536
249344 15 20 79757
249346 15 22 79758
249348 15 24 79759
249350 15 20 79869
249356 15 4 79498
249366 15 10 79779
249368 15 22 79054
249370 15 24 79055
249372 15 24 79359
249374 15 0 79360
249376 15 2 79449
249380 15 24 79727
249382 15 2 79841
249384 15 20 79149
249386 15 2 79297
249390 15 24 79487
249398 15 20 79669
249400 15 4 78898
249404 15 22 79222
249416 15 14 79764
249420 15 2 79041
249422 15 24 79119
249424 15 22 79158
249426 15 0 79336
249428 15 24 79375
249430 15 14 79588
249432 15 20 79589
249434 15 24 79671
249436 15 22 79846
249438 15 0 79848
249440 15 20 78893
249442 15 0 78904
249444 15 10 79059
249446 15 4 79138
249448 15 10 79251
249452 15 22 79326
249454 15 0 79352
249460 15 2 79361
249462 15 10 79395
249464 15 22 79606
249466 15 24 79607
249468 15 0 79608
249470 15 4 79650
249476 15 22 79734
249552 15 24 78991
249554 15 10 79195
249556 15 14 79196
249558 15 22 79286
249560 15 2 79289
249562 15 0 79448
249564 15 20 79477
249566 15 22 79478
249568 15 24 79479
249570 15 14 79604
249614 15 10 79115
249616 15 0 79296
249620 15 24 79335
249624 15 20 79437
249626 15 4 79642
249628 15 2 79681
249630 15 4 79682
249632 15 10 79683
249644 15 20 79405
249646 15 22 79406
249650 15 4 79602
249656 15 22 79830
249682 15 14 79148
249684 15 20 79397
249686 15 24 79399
249688 15 24 79567
249690 15 0 79568
249692 15 4 79570
249694 15 0 79752
249696 15 20 79813
249698 15 24 79815
249700 15 0 79816
249716 15 22 78854
249720 15 22 79254
249730 15 24 79847
249734 15 0 78960
249736 15 22 79046
249740 15 14 79324
249742 15 2 79337
249746 15 24 79407
249748 15 10 79515
249752 15 10 79619
249754 15 20 79621
249760 15 20 79829
249826 15 22 78894
249828 15 22 78990
249830 15 20 79077
249832 15 2 79169
249834 15 22 79302
249836 15 24 79351
249838 15 10 79771
249840 15 20 79773
249842 15 22 79782
249886 15 20 79317
249888 15 0 79320
249892 15 4 79442
249896 15 24 79447
249898 15 10 79491
249900 15 20 79493
249902 15 4 79706
249906 15 24 79839
249996 15 0 79408
250008 15 14 79580
250010 15 20 79581
250012 15 24 79583
250016 15 14 79772
250018 15 22 79774
250020 15 22 78958
250022 15 2 79065
250024 15 20 79125
250030 15 22 79550
250032 15 0 79552
250034 15 20 79557
250036 15 0 79672
250038 15 4 79674
250040 15 10 79707
250046 15 0 79768
250100 15 24 79007
250102 15 2 79153
250104 15 10 79155
250106 15 0 79592
250108 15 20 79597
250110 15 4 79610
250112 15 20 79717
250114 15 22 79718
250116 15 24 79719
250166 15 14 78876
250168 15 22 79030
250170 15 22 79142
250174 15 2 79209
250176 15 4 79242
250178 15 24 79247
250180 15 14 79284
250182 15 14 79380
250184 15 22 79422
250190 15 0 79648
250192 15 10 79651
250282 15 4 79026
250284 15 10 79027
250286 15 14 79468
250288 15 24 79471
250290 15 10 79699
250292 15 2 79785
250294 15 10 79787
250296 15 14 79788
250302 15 0 79160
250304 15 20 79205
250312 15 4 79698
250320 15 2 79833
250362 15 22 79078
250364 15 0 79080
250366 15 24 79215
250368 15 4 79234
250370 15 20 79253
250372 15 4 79258
250374 15 2 79513
250376 15 20 79549
250378 15 24 79735
250380 15 2 79737
250382 15 20 79821
250450 15 14 79188
250454 15 14 79564
250456 15 20 79653
250458 15 20 79685
250460 15 2 79705
250462 15 14 79732
250464 15 4 78954
250466 15 24 79039
250468 15 20 79189
250470 15 10 79363
250476 15 22 79558
250478 15 14 79572
250480 15 10 79611
250482 15 14 79612
250532 15 2 78993
250534 15 0 79104
250536 15 0 79280
250538 15 4 79282
250540 15 24 79391
250542 15 14 79700
250544 15 22 79702
250546 15 24 79703
250606 15 22 79190
250608 15 24 79303
250610 15 0 79304
250612 15 10 79347
250614 15 20 79693
250616 15 24 79695
250618 15 0 79696
250656 15 10 79147
250662 15 2 79553
250672 15 20 79037
250674 15 4 79194
250676 15 10 79307
250678 15 2 79329
250682 15 4 79554
250684 15 0 79584
250686 15 10 79627
250688 15 14 79628
250750 15 14 78900
250754 15 24 79167
250756 15 0 79368
250758 15 22 79518
250760 15 24 79559
250762 15 0 79560
250766 15 2 79585
250768 15 4 79586
250818 15 24 79311
250820 15 0 79312
250822 15 0 79416
250824 15 4 79418
250826 15 2 79689
250828 15 4 79690
250830 15 14 79780
250832 15 0 79784
250834 15 24 79047
250836 15 10 79291
250844 15 22 79686
250846 15 0 79688
250848 15 24 79783
250852 15 22 79814
250892 15 24 78855
250896 15 24 79271
250900 15 20 79701
250944 15 14 79116
250946 15 4 79130
250950 15 4 79626
250954 15 20 79709
250956 15 24 79711
250958 15 14 79740
250960 15 4 79842
250962 15 10 79843
250964 15 14 79844
250966 15 20 79845
250984 15 4 79170
250986 15 10 79187
250990 15 10 79675
250996 15 14 79684
250998 15 2 79721
251000 15 10 79723
251002 15 10 79867
251004 15 10 78859
251006 15 0 79032
251010 15 14 79252
251014 15 10 79331
251022 15 10 79539
251024 15 14 79540
251026 15 22 79542
251028 15 2 79657
251030 15 2 79697
251100 15 22 79182
251102 15 0 79184
251104 15 22 79278
251106 15 24 79439
251110 15 4 79786
251156 15 2 78921
251170 15 0 79728
251222 15 20 79509
251224 15 22 79510
251230 15 0 79704
251234 15 4 79858
251236 15 10 79019
251242 15 2 79601
251296 15 24 78927
251298 15 4 79074
251302 15 2 79241
251304 15 10 79243
251308 15 4 79314
251310 15 4 79346
251312 15 20 79421
251314 15 24 79647
251318 15 10 79691
251320 15 14 79692
251384 15 22 79070
251386 15 24 79071
251396 15 22 79590
251402 15 2 79849
251404 15 24 78975
251410 15 10 79171
251412 15 22 79206
251416 15 4 79354
251424 15 4 79754
251484 15 2 79089
251488 15 22 79246
251494 15 4 79514
251498 15 24 79519
251500 15 0 79520
251502 15 2 79649
251570 15 0 79088
251574 15 2 79249
251584 15 14 79516
251586 15 14 79524
251588 15 0 79656
251638 15 2 78913
251640 15 0 79128
251646 15 24 79415
251712 15 2 79273
251714 15 10 79275
251718 15 4 79306
251724 15 20 79733
251726 15 10 79739
251778 15 14 78908
251780 15 14 78980
251782 15 20 79293
251784 15 2 79473
251786 15 10 79475
251788 15 4 79482
251790 15 4 79802
251792 15 10 79803
251794 15 2 79817
251796 15 4 79818
251798 15 14 79820
251854 15 0 79048
251858 15 0 79496
251864 15 0 79616
251868 15 24 79759
251870 15 0 79760
251900 15 14 79316
251910 15 0 79712
251920 15 22 79086
251924 15 22 79126
251930 15 0 79376
251932 15 10 79379
251934 15 2 79489
251936 15 10 79523
251938 15 20 79565
251940 15 10 79643
251942 15 14 79644
251944 15 22 79646
251946 15 14 79676
251948 15 20 79677
251950 15 24 79679
251952 15 20 79789
251954 15 24 79823
252048 15 10 79163
252052 15 2 79345
252056 15 20 79573
252058 15 24 79575
252064 15 4 79834
252124 15 14 79180
252128 15 14 79452
252130 15 22 79454
252146 15 24 79631
252148 15 24 79655
252150 15 0 79824
252240 15 2 78849
252244 15 20 79181
252246 15 10 79427
252248 15 4 79450
252254 15 2 79505
252256 15 4 79506
252258 15 24 79567
252262 15 0 79632
252264 15 14 79668
252272 15 0 79816
252274 15 14 79836
252276 15 24 79871
252354 15 2 79593
252356 15 4 79594
252362 15 0 79720
252416 15 0 79256
252482 15 4 79066
252484 15 14 79068
252496 15 0 79064
252500 15 14 79308
252502 15 4 79338
252504 15 2 79353
252506 15 10 79571
252512 15 22 79790
252568 15 22 78998
252570 15 14 79108
252574 15 14 79204
252576 15 4 79290
252578 15 0 79488
252580 15 20 79605
252636 15 10 79179
252640 15 20 79469
252696 15 22 79566
252702 15 20 79725
252758 15 10 79627
252774 15 0 79752
252782 15 22 78934
252784 15 24 79103
252796 15 22 79622
252798 15 24 79623
252800 15 0 79624
252804 15 24 79639
252806 15 22 79750
252870 15 24 79311
252900 15 10 79211
252902 15 22 79214
252906 15 4 79538
252944 15 14 78940
252946 15 2 79113
252956 15 4 79522
252958 15 2 79617
252960 15 2 79633
252962 15 4 79634
252964 15 14 79636
252966 15 2 79641
252970 15 10 79755
253060 15 24 79695
253066 15 10 79123
253068 15 20 79381
253072 15 0 79640
253074 15 2 79793
253098 15 0 79304
253100 15 22 79414
253174 15 22 78870
253182 15 22 79294
253186 15 2 79417
253188 15 0 79600
253190 15 10 79731
253242 15 2 79201
253248 15 4 79714
253286 15 2 79361
253292 15 4 79650
253320 15 24 79247
253348 15 10 79563
253354 15 10 79115
253356 15 24 79199
253366 15 20 79741
253370 15 24 78967
253374 15 0 79456
253376 15 10 79459
253378 15 2 79481
253382 15 14 79500
253384 15 2 79825
253426 15 2 79129
253428 15 2 79401
253430 15 20 79413
253432 15 24 79423
253434 15 2 79425
253440 15 14 79652
253442 15 4 79658
253444 15 24 79807
253490 15 10 79131
253492 15 2 79409
253494 15 14 79420
253498 15 14 79428
253502 15 22 79654
253504 15 10 79659
253506 15 0 79808
253508 15 2 79809
253588 15 14 79132
253590 15 22 79134
253594 15 24 79431
253596 15 14 79460
253598 15 24 79463
253604 15 14 79660
253606 15 20 79661
253612 15 20 79837
253614 15 22 79838
253670 15 20 78949
253672 15 0 79136
253676 15 0 79432
253678 15 24 79663
253716 15 22 79526
253718 15 0 79528
253720 15 0 79544
253722 15 4 79546
253724 15 24 79743
253726 15 0 79776
253728 15 2 79777
253730 15 14 79860
253732 15 2 79865
253812 15 4 79474
253814 15 22 79870
253852 15 22 79614
253854 15 24 79615
253902 15 14 79348
253908 15 4 79642
253916 15 4 79178
253920 15 14 79772
253958 15 24 79679
253962 15 22 78990
253968 15 22 79782
253980 15 2 79233
253984 15 14 79236
253990 15 0 79736
253996 15 14 79748
253998 15 4 79850
254002 15 20 79861
254070 15 10 79267
254086 15 14 79172
254150 15 14 78876
254158 15 14 79380
254164 15 14 79708
254210 15 0 79192
254212 15 24 79223
254224 15 4 79730
254226 15 4 79770
254302 15 20 79125
254306 15 22 79438
254314 15 0 79768
254332 15 0 79856
254336 15 14 78980
254354 15 2 79433
254360 15 20 79805
254366 15 14 79868
254370 15 14 79228
254374 15 0 79512
254380 15 2 79681
254382 15 2 79721
254384 15 4 79722
254386 15 2 79753
254470 15 14 79356
254476 15 22 79638
254524 15 2 79041
254526 15 20 79229
254528 15 4 79530
254530 15 14 79532
254534 15 24 79671
254538 15 14 79724
254540 15 14 79732
254542 15 24 79767
254544 15 4 79866
254604 15 2 79489
254612 15 14 79324
254620 15 20 79829
254622 15 22 79830
254638 15 22 79222
254640 15 4 79386
254642 15 14 79388
254646 15 2 79553
254652 15 2 79769
254656 15 22 79854
254716 15 22 79278
254718 15 2 79785
254738 15 22 79342
254746 15 4 79834
254760 15 2 78913
254768 15 10 79315
254846 15 24 79263
254848 15 4 79266
254852 15 4 79610
254858 15 14 79756
254860 15 22 79766
254914 15 10 79499
254926 15 14 79452
254960 15 2 79337
254968 15 10 78859
254972 15 10 79331
254982 15 24 79751
255030 15 0 79392
255046 15 14 79836
255066 15 22 79502
255070 15 22 79630
255108 15 20 79637
255160 15 2 79513
255166 15 20 79821
255244 15 0 79688
255246 15 2 79705
255294 15 0 79240
255366 15 20 79765
255428 15 14 79644
255440 15 10 79339
255444 15 22 79790
255446 15 24 79791
255448 15 4 79810
255464 15 22 79374
255472 15 14 79780
255522 15 22 79390
255526 15 14 79852
255540 15 10 79859
255558 15 4 79394
255560 15 0 79680
255566 15 22 79798
255570 15 2 79393
255572 15 20 79613
255578 15 20 79797
255626 15 24 79775
255674 15 2 79617
255718 15 22 78934
255722 15 4 79402
255732 15 0 79800
255824 15 0 79704
255826 15 24 79799
255892 15 14 78940
255896 15 14 79412
255906 15 22 79806
255948 15 10 78963
255954 15 4 79466
255958 15 10 79555
255962 15 2 79713
255966 15 2 79801
255968 15 22 79822
256042 15 0 79464
256044 15 2 79465
256054 15 4 79826
256260 15 2 79425
256264 15 4 79658
256276 15 2 79809
256314 15 2 79065
256382 15 22 79702
256384 15 22 79182
256394 15 0 79368
256408 15 14 79580
256414 15 14 79772
256418 15 0 79304
256492 15 10 79203
256530 15 14 79740
256542 15 14 79396
256582 15 22 78894
256586 15 2 79169
256620 15 2 79041
256624 15 0 79336
256638 15 20 79781
256698 15 22 79478
256716 15 20 79549
256726 15 2 79857
256824 15 24 79487
256836 15 10 79723
256924 15 2 78913
256962 15 0 79256
257124 15 2 78849
257190 15 2 79489
257268 15 14 79812
257536 15 22 78998
257652 15 20 79421
257756 15 2 79577
257844 15 14 79132
257926 15 20 79869
258100 15 14 79604
258154 15 2 79833
258446 15 4 79778
258496 15 4 79850
260050 15 14 99412
260052 15 20 99413
260054 15 2 99657
260056 15 4 99658
260058 15 24 99719
260060 15 0 99720
260064 15 24 99391
260066 15 24 99423
260068 15 0 99424
260070 15 4 99650
260072 15 2 99665
260074 15 24 99727
260080 15 22 99414
260084 15 10 99659
260088 15 2 99721
260096 15 24 99415
260100 15 14 99660
260104 15 4 99722
260108 15 22 99422
260112 15 0 99664
260116 15 22 99726
260124 15 0 99416
260126 15 2 99417
260128 15 4 99418
260130 15 10 99419
260134 15 20 99661
260138 15 10 99723
260142 15 20 99421
260146 15 24 99663
260150 15 20 99725
260162 15 14 99420
260166 15 22 99662
260170 15 14 99724
260188 15 20 99429
260190 15 0 99440
260192 15 2 99441
260194 15 10 99635
260196 15 14 99676
260198 15 14 99756
260200 15 20 99757
260202 15 22 99758
260204 15 24 99759
260208 15 2 99457
260210 15 4 99458
260212 15 14 99460
260214 15 20 99485
260216 15 22 99486
260218 15 22 99814
260220 15 24 99815
260222 15 0 99816
260224 15 2 99817
260226 15 0 100296
260228 15 2 99745
260230 15 4 99746
260232 15 20 99869
260234 15 2 100201
260236 15 4 100202
260238 15 14 100204
260240 15 22 100318
260242 15 24 100319
260244 15 0 100320
260254 15 22 99478
260256 15 14 99892
260258 15 22 99894
260260 15 24 99895
260262 15 14 99988
260264 15 24 100039
260266 15 0 100040
260268 15 2 100041
260270 15 4 100042
260272 15 4 99690
260274 15 10 99691
260276 15 14 99692
260278 15 20 99693
260280 15 14 99932
260282 15 22 99934
260284 15 24 99935
260286 15 14 99996
260288 15 14 99628
260292 15 14 99452
260294 15 22 99734
260296 15 10 99435
260298 15 4 99482
260300 15 0 99632
260302 15 10 99651
260304 15 2 100217
260306 15 4 100218
260308 15 10 100219
260310 15 14 100220
260312 15 4 100034
260314 15 10 100035
260316 15 14 100036
260318 15 20 100037
260320 15 2 99793
260322 15 4 99794
260324 15 10 99795
260326 15 10 99835
260328 15 4 100010
260330 15 10 100283
260332 15 20 100285
260334 15 22 100286
260336 15 22 99406
260338 15 2 99425
260340 15 10 99707
260342 15 20 99405
260346 15 4 99706
260348 15 14 99980
260350 15 14 99404
260354 15 2 99705
260356 15 10 99403
260360 15 0 99704
260362 15 24 99399
260364 15 0 99400
260366 15 2 99401
260368 15 4 99402
260372 15 24 99703
260374 15 22 99398
260382 15 22 99702
260384 15 20 99397
260388 15 20 99701
260390 15 14 99396
260394 15 14 99700
260396 15 10 99395
260400 15 10 99699
260402 15 4 99394
260406 15 4 99698
260408 15 2 99393
260412 15 2 99697
260414 15 0 99392
260418 15 0 99696
260424 15 24 99695
260426 15 14 99924
260428 15 20 99925
260430 15 22 99926
260432 15 24 99927
260434 15 0 99928
260436 15 4 99930
260438 15 10 99931
260440 15 10 99995
260444 15 2 99329
260446 15 4 99330
260448 15 14 99332
260450 15 0 99512
260454 15 2 99929
260462 15 22 99686
260464 15 24 99687
260466 15 0 99688
260468 15 2 99689
260470 15 24 99407
260472 15 2 99681
260474 15 4 99682
260476 15 10 99683
260478 15 14 99684
260482 15 0 99408
260484 15 2 99713
260488 15 2 99409
260490 15 10 99715
260494 15 4 99410
260496 15 14 99716
260500 15 10 99411
260502 15 20 99717
260508 15 22 99718
260578 15 22 99494
260580 15 24 99495
260582 15 2 99497
260584 15 14 99524
260586 15 22 99590
260588 15 0 99592
260590 15 2 99593
260592 15 22 99838
260594 15 22 99982
260596 15 10 100019
260598 15 10 100195
260602 15 4 99426
260604 15 10 99811
260606 15 4 99594
260622 15 4 99778
260624 15 10 99379
260626 15 14 99380
260628 15 20 99381
260630 15 22 99382
260632 15 24 99455
260634 15 14 99476
260636 15 24 99839
260638 15 0 99840
260640 15 2 99841
260642 15 4 99842
260644 15 4 100018
260646 15 0 100048
260648 15 2 100081
260650 15 14 100084
260652 15 2 100097
260654 15 10 100099
260656 15 14 100100
260658 15 22 100102
260672 15 2 100233
260674 15 4 100234
260676 15 14 100236
260678 15 22 99526
260680 15 24 99527
260682 15 0 99528
260684 15 2 99529
260686 15 22 99766
260688 15 14 100060
260690 15 20 100061
260692 15 22 100062
260694 15 24 100063
260696 15 10 99467
260698 15 14 99468
260700 15 22 99470
260702 15 0 99752
260704 15 0 99784
260706 15 2 99785
260708 15 4 99786
260710 15 10 99787
260718 15 10 99459
260736 15 10 99627
260740 15 24 99439
260760 15 24 99599
260762 15 0 99600
260764 15 2 99601
260766 15 4 99602
260768 15 14 100044
260772 15 22 99438
260784 15 4 100098
260794 15 10 100203
260800 15 20 100005
260802 15 22 100022
260804 15 0 100064
260806 15 20 100101
260812 15 14 99484
260814 15 22 99582
260816 15 20 99789
260818 15 22 99790
260820 15 24 99791
260822 15 20 99981
260824 15 24 99983
260826 15 14 100268
260830 15 2 99617
260832 15 10 99619
260834 15 0 99984
260836 15 10 100011
260838 15 20 100013
260844 15 14 99620
260850 15 20 100021
260852 15 20 100205
260860 15 22 99430
260862 15 10 99843
260864 15 14 99844
260866 15 20 99845
260868 15 22 99846
260870 15 2 99849
260872 15 14 99852
260874 15 24 100023
260876 15 0 100024
260878 15 2 100025
260880 15 4 100026
260882 15 2 100121
260884 15 22 99454
260898 15 4 99378
260900 15 4 99666
260910 15 10 100259
260912 15 14 100260
260914 15 20 100261
260916 15 22 100262
260918 15 20 99437
260920 15 24 100055
260922 15 4 99474
260924 15 22 99390
260926 15 10 99451
260928 15 10 99771
260930 15 24 99783
260932 15 20 99837
260934 15 2 100049
260942 15 22 99462
260944 15 24 99463
260946 15 2 99465
260948 15 0 99472
260950 15 0 99536
260952 15 2 99585
260954 15 10 99763
260956 15 14 99836
260964 15 2 100297
260966 15 4 100298
260968 15 14 100300
260992 15 4 100082
260994 15 10 100083
260998 15 24 100071
261000 15 0 100072
261002 15 2 100073
261004 15 4 100074
261006 15 14 100228
261008 15 20 100229
261010 15 22 100230
261012 15 24 100231
261014 15 24 99431
261016 15 22 100046
261018 15 24 99607
261020 15 0 99608
261022 15 2 99609
261024 15 4 99610
261042 15 0 99672
261044 15 10 99675
261046 15 0 100008
261048 15 2 100009
261050 15 0 99728
261052 15 20 100301
261054 15 24 100303
261056 15 24 99487
261058 15 0 99488
261060 15 2 99489
261062 15 4 99490
261064 15 20 99589
261066 15 4 99730
261068 15 10 99731
261070 15 14 99732
261072 15 20 99733
261074 15 10 100043
261076 15 10 100051
261078 15 22 100054
261090 15 14 99588
261092 15 0 99760
261094 15 4 99858
261096 15 0 99864
261098 15 22 100038
261100 15 20 99477
261102 15 2 100065
261104 15 4 100066
261106 15 10 100067
261108 15 14 100068
261110 15 22 100030
261112 15 24 100031
261114 15 0 100032
261116 15 2 100033
261146 15 0 99776
261148 15 2 99481
261168 15 14 100284
261174 15 22 100278
261176 15 24 100279
261178 15 0 100280
261180 15 2 100281
261186 15 10 100299
261190 15 14 100076
261192 15 20 100077
261194 15 24 100079
261196 15 0 100120
261198 15 10 99739
261200 15 14 99740
261202 15 20 99741
261204 15 22 99742
261206 15 20 100085
261208 15 22 100086
261210 15 24 100087
261212 15 0 100088
261214 15 2 100089
261216 15 10 100091
261218 15 14 100092
261220 15 4 100194
261228 15 20 100093
261230 15 22 100094
261232 15 24 100095
261234 15 0 100096
261236 15 24 100223
261238 15 0 100224
261240 15 2 100225
261242 15 4 100226
261250 15 10 100107
261260 15 24 100287
261280 15 22 100302
261284 15 0 100304
261286 15 4 99754
261288 15 20 99445
261308 15 22 100078
261312 15 24 100103
261314 15 0 100104
261316 15 2 100105
261318 15 4 100210
261330 15 10 99475
261332 15 24 99471
261334 15 24 99735
261336 15 0 99736
261338 15 2 99985
261340 15 22 100206
261342 15 24 100207
261344 15 10 100211
261346 15 24 100295
261358 15 0 100112
261360 15 4 100114
261362 15 10 100115
261364 15 20 100221
261366 15 10 100227
261374 15 4 100106
261382 15 20 99797
261384 15 24 100263
261386 15 0 100264
261388 15 2 100265
261390 15 4 100266
261394 15 2 100113
261400 15 4 100122
261402 15 10 100123
261404 15 14 100124
261406 15 0 100232
261408 15 20 100213
261410 15 22 100214
261412 15 24 100215
261414 15 0 100216
261422 15 20 100125
261424 15 22 100126
261426 15 0 100128
261428 15 2 100129
261430 15 20 100237
261432 15 4 100130
261434 15 14 100132
261436 15 20 100133
261442 15 10 100235
261446 15 22 100238
261450 15 24 100127
261456 15 22 100134
261458 15 0 100136
261460 15 2 100137
261462 15 24 100239
261464 15 10 99387
261476 15 10 100131
261482 15 4 100138
261484 15 10 100139
261486 15 20 100141
261488 15 0 100240
261492 15 24 100135
261498 15 22 100142
261500 15 0 100144
261502 15 2 100145
261504 15 2 100241
261510 15 14 100140
261514 15 22 100150
261516 15 24 100151
261518 15 0 100152
261520 15 4 100242
261524 15 24 100143
261530 15 4 100146
261532 15 14 100148
261534 15 20 100149
261536 15 10 100243
261544 15 2 100321
261552 15 2 100153
261554 15 4 100154
261556 15 10 100155
261558 15 20 100157
261560 15 14 100244
261564 15 10 100147
261570 15 22 100158
261572 15 0 100160
261574 15 2 100161
261576 15 20 100245
261582 15 14 100156
261586 15 4 100162
261588 15 10 100163
261590 15 20 100165
261592 15 22 100246
261596 15 24 100159
261602 15 22 100166
261604 15 24 100167
261606 15 0 100168
261608 15 24 100247
261622 15 2 100169
261624 15 2 100249
261630 15 14 100164
261634 15 4 100170
261636 15 10 100171
261638 15 20 100173
261640 15 0 100248
261646 15 14 100172
261650 15 22 100174
261652 15 0 100176
261654 15 2 100177
261656 15 4 100250
261666 15 24 100175
261672 15 10 100251
261676 15 4 100090
261682 15 4 100178
261684 15 14 100180
261686 15 20 100181
261688 15 14 100252
261692 15 10 100179
261698 15 22 100182
261700 15 24 100183
261702 15 0 100184
261704 15 20 100253
261706 15 24 99799
261708 15 0 99800
261710 15 4 99802
261712 15 24 99847
261720 15 2 100185
261722 15 4 100186
261724 15 10 100187
261726 15 14 100188
261728 15 22 100254
261730 15 24 100255
261732 15 0 100256
261734 15 2 100257
261736 15 4 100258
261742 15 2 99801
261746 15 0 99848
261754 15 20 100189
261756 15 22 100190
261758 15 24 100191
261760 15 0 100192
261762 15 2 100193
261772 15 4 100330
261774 15 10 100331
261776 15 14 100332
261778 15 20 100333
261784 15 20 99621
261786 15 22 99622
261788 15 24 99623
261790 15 0 99624
261792 15 14 99972
261794 15 20 99973
261796 15 22 99974
261798 15 4 99978
261800 15 4 100314
261802 15 10 100315
261804 15 14 100316
261806 15 20 100317
261808 15 4 100322
261810 15 10 100323
261812 15 20 100325
261814 15 14 100348
261820 15 14 100324
261826 15 20 99453
261838 15 10 99779
261848 15 10 99667
261850 15 14 99668
261852 15 20 99669
261854 15 24 99679
261856 15 14 99748
261858 15 20 99749
261860 15 22 99750
261862 15 24 99751
261864 15 2 99753
261874 15 20 100269
261876 15 22 100270
261878 15 24 100271
261880 15 0 100272
261896 15 20 100277
261906 15 2 100273
261908 15 4 100274
261910 15 10 100275
261912 15 14 100276
261914 15 2 99745
261916 15 4 99746
261936 15 20 100037
261938 15 22 100294
261948 15 22 100342
261950 15 24 100343
261952 15 2 100345
261954 15 0 99944
261956 15 2 99945
261958 15 4 99946
261960 15 24 100007
261980 15 4 100282
262006 15 22 100222
262008 15 24 99871
262010 15 0 99872
262012 15 2 99873
262014 15 10 99979
262024 15 4 100290
262026 15 10 100291
262028 15 14 100292
262030 15 20 100293
262040 15 0 99744
262090 15 2 100289
262122 15 0 100288
262142 15 20 99389
262144 15 20 99781
262186 15 0 100344
262190 15 0 99328
262192 15 24 99511
262210 15 20 100309
262236 15 0 100056
262238 15 2 100057
262240 15 4 100058
262242 15 10 100059
262244 15 4 99498
262246 15 14 99884
262248 15 20 99885
262250 15 22 99886
262252 15 4 99986
262262 15 2 100305
262264 15 4 100306
262266 15 10 100307
262268 15 14 100308
262270 15 0 99888
262272 15 4 99890
262274 15 10 99891
262276 15 10 99987
262278 15 14 99956
262280 15 20 99957
262282 15 24 99959
262284 15 2 100001
262286 15 0 99960
262288 15 2 99961
262290 15 10 99963
262292 15 4 100002
262294 15 14 99964
262296 15 20 99965
262298 15 24 99967
262300 15 10 100003
262302 15 0 99968
262304 15 2 99969
262306 15 10 99971
262308 15 14 100004
262324 15 10 99427
262328 15 22 99582
262330 15 4 99634
262334 15 0 100048
262336 15 0 99896
262338 15 4 99898
262340 15 10 99899
262342 15 20 99989
262344 15 14 99900
262346 15 20 99901
262348 15 22 99902
262350 15 22 99990
262352 15 0 99904
262354 15 4 99906
262356 15 10 99907
262358 15 24 99991
262360 15 14 99948
262362 15 20 99949
262364 15 22 99950
262366 15 24 99999
262368 15 0 99952
262370 15 2 99953
262372 15 10 99955
262374 15 0 100000
262376 15 14 99908
262378 15 20 99909
262380 15 22 99910
262382 15 0 99992
262384 15 0 99912
262386 15 2 99913
262388 15 4 99914
262390 15 2 99993
262392 15 14 99916
262394 15 22 99918
262396 15 24 99919
262398 15 4 99994
262400 15 0 99936
262402 15 2 99937
262404 15 4 99938
262406 15 20 99997
262408 15 14 99940
262410 15 20 99941
262412 15 24 99943
262414 15 22 99998
262416 15 14 99444
262426 15 22 100326
262428 15 24 100327
262430 15 0 100328
262432 15 2 100329
262434 15 10 99587
262438 15 0 99600
262452 15 4 100338
262454 15 10 100339
262456 15 14 100340
262458 15 20 100341
262468 15 22 100334
262470 15 24 100335
262472 15 0 100336
262474 15 2 100337
262480 15 0 99480
262498 15 20 100349
262500 15 22 100350
262502 15 24 100351
262504 15 10 99491
262506 15 10 99875
262508 15 14 99876
262510 15 20 99877
262512 15 22 99878
262514 15 24 99479
262532 15 10 100347
262556 15 0 100120
262558 15 20 99869
262560 15 14 100212
262562 15 0 99880
262564 15 2 99881
262566 15 4 99882
262568 15 10 99883
262588 15 20 99925
262592 15 24 99927
262594 15 22 99510
262596 15 0 99920
262598 15 2 99921
262600 15 4 99922
262602 15 10 99923
262604 15 22 99462
262608 15 0 99464
262612 15 20 99525
262614 15 10 99603
262616 15 14 99604
262618 15 20 99605
262620 15 22 99606
262622 15 2 99777
262624 15 14 99780
262628 15 14 100108
262630 15 22 100110
262632 15 24 100111
262662 15 0 99472
262664 15 0 99832
262672 15 22 99670
262696 15 22 100310
262698 15 24 100311
262700 15 0 100312
262702 15 2 100313
262704 15 4 100346
262722 15 10 99499
262724 15 2 99521
262726 15 14 99500
262728 15 20 99501
262730 15 22 99502
262732 15 24 99503
262734 15 0 99504
262736 15 2 99505
262780 15 2 99337
262782 15 4 99338
262784 15 10 99339
262786 15 14 99340
262788 15 20 99493
262790 15 4 99506
262800 15 20 99509
262804 15 2 99329
262806 15 4 99330
262808 15 10 99331
262810 15 14 99332
262812 15 0 99512
262820 15 20 99333
262822 15 22 99334
262824 15 24 99335
262826 15 0 99336
262828 15 2 99513
262838 15 4 99514
262840 15 20 99341
262842 15 22 99342
262844 15 24 99343
262846 15 0 99344
262848 15 10 99515
262850 15 2 99345
262852 15 4 99346
262854 15 10 99347
262856 15 14 99348
262858 15 14 99516
262860 15 20 99349
262862 15 22 99350
262864 15 24 99351
262866 15 0 99352
262868 15 20 99517
262870 15 2 99353
262872 15 4 99354
262874 15 10 99355
262876 15 14 99356
262878 15 22 99518
262880 15 20 99357
262882 15 22 99358
262884 15 24 99359
262886 15 0 99360
262888 15 24 99519
262890 15 2 99361
262892 15 4 99362
262894 15 10 99363
262896 15 14 99364
262898 15 0 99520
262900 15 20 99365
262902 15 22 99366
262904 15 24 99367
262906 15 0 99368
262908 15 4 99522
262910 15 2 99369
262912 15 4 99370
262914 15 10 99371
262916 15 14 99372
262918 15 10 99523
262920 15 20 99373
262922 15 22 99374
262924 15 24 99375
262926 15 0 99376
262928 15 14 99508
262966 15 20 100157
262970 15 2 99377
262972 15 4 100130
262974 15 14 100132
262976 15 20 100133
262984 15 4 99802
262998 15 0 100320
263000 15 2 100321
263018 15 10 100163
263020 15 20 100165
263026 15 10 100051
263028 15 14 100052
263030 15 20 100053
263032 15 22 100054
263040 15 4 99626
263046 15 22 100078
263050 15 0 100080
263060 15 24 100039
263062 15 2 100041
263064 15 4 100042
263066 15 24 100047
263070 15 0 100040
263076 15 4 99690
263078 15 10 99691
263080 15 14 99692
263082 15 20 99693
263090 15 24 99743
263092 15 20 99613
263094 15 22 99614
263096 15 24 99615
263098 15 22 99694
263100 15 0 99864
263120 15 20 100333
263136 15 20 99853
263138 15 22 99854
263140 15 24 99855
263142 15 0 99856
263180 15 4 100186
263186 15 4 100258
263190 15 22 100014
263192 15 24 100015
263194 15 0 100016
263196 15 2 100017
263198 15 0 100056
263280 15 14 99588
263282 15 10 99467
263286 15 20 99469
263288 15 22 99470
263290 15 10 99859
263292 15 24 99383
263294 15 0 99384
263296 15 2 99385
263298 15 4 99386
263300 15 14 99788
263302 15 22 99598
263306 15 14 99492
263308 15 24 99879
263342 15 24 100255
263344 15 0 100256
263346 15 2 100257
263360 15 20 99917
263362 15 22 99918
263374 15 14 99612
263388 15 22 99494
263390 15 24 99495
263392 15 0 99496
263394 15 2 99497
263396 15 22 100206
263400 15 0 100208
263404 15 4 99714
263418 15 14 99628
263422 15 0 99488
263424 15 2 99489
263426 15 4 99490
263428 15 2 100065
263430 15 4 100066
263432 15 14 100068
263438 15 24 99735
263440 15 0 99736
263442 15 2 99737
263444 15 4 99738
263446 15 2 99617
263448 15 4 99618
263450 15 10 99619
263452 15 14 99620
263454 15 20 99477
263456 15 22 99454
263458 15 14 99708
263460 15 20 99709
263462 15 22 99710
263464 15 24 99711
263466 15 4 99834
263478 15 10 99443
263480 15 0 99728
263484 15 24 99775
263492 15 14 100268
263494 15 22 99630
263496 15 24 99631
263498 15 2 99625
263500 15 20 99429
263502 15 2 99441
263504 15 20 99597
263506 15 10 99635
263508 15 0 99672
263510 15 2 99673
263512 15 4 99674
263520 15 24 99671
263522 15 14 100012
263530 15 14 100116
263532 15 20 100117
263538 15 20 99629
263546 15 20 100013
263548 15 14 99636
263550 15 20 99637
263552 15 22 99638
263554 15 24 99639
263556 15 0 99640
263558 15 2 99641
263560 15 2 99649
263562 15 4 99642
263564 15 10 99643
263566 15 14 99644
263568 15 20 99645
263570 15 22 99646
263572 15 24 99647
263574 15 0 99648
263576 15 4 99650
263578 15 20 99653
263580 15 22 99654
263582 15 24 99655
263584 15 0 99656
263586 15 2 99657
263588 15 4 99658
263590 15 10 99659
263592 15 2 99665
263594 15 14 99660
263596 15 0 99664
263598 15 20 99661
263600 15 24 99663
263602 15 22 99662
263612 15 0 99928
263614 15 4 99930
263616 15 10 99931
263618 15 10 99995
263620 15 22 99590
263622 15 24 99591
263624 15 0 99592
263626 15 2 99593
263634 15 2 100209
263638 15 0 100064
263640 15 14 99764
263642 15 20 99837
263644 15 2 100049
263646 15 0 99632
263648 15 10 99651
263650 15 2 99433
263652 15 4 99586
263656 15 22 100030
263658 15 24 100031
263660 15 0 100032
263678 15 0 99536
263680 15 2 99585
263686 15 20 100109
263688 15 22 100110
263692 15 24 100263
263696 15 2 100265
263698 15 4 100266
263712 15 2 99633
263714 15 20 99677
263716 15 22 99526
263718 15 24 99527
263720 15 0 99528
263722 15 2 99529
263728 15 22 100118
263730 15 24 100119
263732 15 22 99390
263734 15 10 99451
263736 15 14 99676
263738 15 14 99756
263740 15 20 99757
263742 15 22 99758
263744 15 24 99759
263746 15 10 99771
263760 15 20 99789
263762 15 22 99790
263764 15 24 99791
263766 15 20 99981
263782 15 24 99599
263784 15 0 99600
263788 15 14 100044
263790 15 4 99450
263798 15 24 99783
263800 15 20 100101
263808 15 4 99602
263810 15 4 100050
263812 15 22 100038
263814 15 24 99431
263816 15 22 99774
263818 15 24 99455
263826 15 14 99860
263828 15 20 99861
263830 15 22 99862
263832 15 2 99977
263834 15 22 100006
263850 15 2 99457
263852 15 4 99458
263854 15 10 99459
263856 15 14 99460
263858 15 22 99406
263860 15 4 99706
263862 15 20 99405
263864 15 2 99705
263866 15 14 99404
263868 15 0 99704
263870 15 10 99403
263872 15 24 99703
263874 15 24 99399
263876 15 0 99400
263878 15 2 99401
263880 15 4 99402
263882 15 22 99702
263884 15 22 99398
263886 15 20 99701
263888 15 20 99397
263890 15 14 99700
263892 15 14 99396
263894 15 10 99699
263896 15 10 99395
263898 15 4 99698
263900 15 4 99394
263902 15 2 99697
263904 15 2 99393
263906 15 0 99696
263908 15 0 99392
263910 15 24 99695
263912 15 24 99391
263914 15 0 99424
263930 15 2 99425
263932 15 10 99707
263934 15 24 99407
263936 15 2 99713
263938 15 0 99408
263940 15 10 99715
263942 15 2 99409
263944 15 14 99716
263946 15 4 99410
263948 15 20 99717
263950 15 10 99411
263952 15 22 99718
263954 15 14 99412
263956 15 24 99719
263958 15 20 99413
263960 15 0 99720
263962 15 22 99414
263964 15 2 99721
263966 15 24 99423
263968 15 24 99727
263970 15 24 99415
263972 15 4 99722
263974 15 22 99422
263976 15 22 99726
263978 15 0 99416
263980 15 2 99417
263982 15 4 99418
263984 15 10 99419
263986 15 10 99723
263988 15 20 99421
263990 15 20 99725
263992 15 14 99420
263994 15 14 99724
263996 15 2 99577
263998 15 4 99578
264000 15 10 99579
264002 15 14 99580
264004 15 22 99446
264006 15 24 99447
264008 15 0 99448
264010 15 2 99449
264012 15 10 99627
264014 15 10 99387
264016 15 10 99435
264018 15 4 99482
264020 15 24 99439
264022 15 20 100213
264024 15 22 100214
264026 15 24 100215
264028 15 0 100216
264036 15 2 100217
264038 15 4 100218
264040 15 10 100219
264042 15 14 100220
264048 15 20 100205
264050 15 22 99734
264052 15 20 100197
264054 15 22 100198
264056 15 24 100199
264058 15 0 100200
264062 15 22 100046
264068 15 24 100023
264070 15 0 100024
264072 15 2 100025
264074 15 4 100026
264080 15 14 100060
264082 15 22 100062
264084 15 24 100063
264086 15 2 100081
264088 15 4 100082
264090 15 10 100083
264092 15 14 100084
264094 15 14 100228
264096 15 22 100230
264098 15 24 100231
264142 15 14 99436
264144 15 4 99530
264146 15 0 99568
264148 15 10 99611
264150 15 20 99813
264194 15 24 100295
264196 15 22 99478
264208 15 20 99469
264210 15 22 99470
264224 15 20 100029
264226 15 20 100069
264238 15 0 99472
264240 15 10 99763
264242 15 4 100034
264244 15 10 100035
264254 15 22 99766
264262 15 0 99792
264272 15 2 99793
264274 15 10 99795
264276 15 10 99835
264278 15 4 100010
264302 15 20 100045
264328 15 10 99379
264330 15 14 99380
264334 15 22 99382
264336 15 14 99476
264344 15 24 99983
264348 15 14 99388
264350 15 0 99432
264352 15 2 99473
264360 15 4 99794
264364 15 14 99796
264376 15 0 99752
264380 15 10 99475
264382 15 10 99507
264384 15 22 99686
264386 15 0 99688
264388 15 10 99755
264412 15 4 99730
264414 15 10 99731
264416 15 14 99732
264418 15 20 99733
264420 15 14 99524
264426 15 2 99681
264428 15 14 99684
264430 15 20 99765
264432 15 22 99982
264462 15 0 99760
264464 15 4 99466
264472 15 14 99924
264474 15 22 99926
264484 15 4 99594
264512 15 20 99853
264514 15 22 99854
264516 15 24 99855
264518 15 0 99856
264520 15 22 99870
264522 15 22 99430
264524 15 10 99843
264526 15 14 99844
264528 15 20 99845
264530 15 22 99846
264532 15 0 99456
264536 15 20 100005
264538 15 10 100019
264550 15 20 99597
264568 15 2 99729
264570 15 2 99865
264572 15 4 99866
264574 15 10 99867
264576 15 14 99868
264578 15 0 99976
264586 15 22 99550
264588 15 24 99551
264590 15 2 99761
264592 15 4 99810
264594 15 4 99818
264626 15 24 99871
264628 15 0 99872
264630 15 2 99873
264632 15 4 99874
264634 15 10 99979
264640 15 22 99678
264642 15 20 99773
264644 15 10 100075
264654 15 4 99666
264668 15 4 99378
264674 15 14 99884
264676 15 20 99885
264678 15 22 99886
264680 15 24 99887
264682 15 4 99986
264688 15 4 99682
264690 15 10 99683
264694 15 0 99888
264696 15 2 99889
264698 15 4 99890
264700 15 10 99891
264702 15 10 99987
264704 15 14 99892
264706 15 20 99893
264708 15 22 99894
264710 15 24 99895
264712 15 14 99988
264714 15 0 99896
264716 15 2 99897
264718 15 4 99898
264720 15 10 99899
264722 15 20 99989
264726 15 20 99901
264728 15 22 99902
264730 15 24 99903
264732 15 22 99990
264736 15 2 99905
264738 15 4 99906
264740 15 10 99907
264742 15 24 99991
264744 15 14 99948
264746 15 20 99949
264748 15 22 99950
264750 15 24 99951
264752 15 24 99999
264754 15 0 99952
264756 15 2 99953
264758 15 4 99954
264760 15 10 99955
264762 15 0 100000
264764 15 14 99956
264766 15 20 99957
264768 15 22 99958
264770 15 24 99959
264772 15 2 100001
264774 15 0 99960
264776 15 2 99961
264778 15 4 99962
264780 15 10 99963
264782 15 4 100002
264784 15 14 99964
264786 15 20 99965
264788 15 22 99966
264790 15 24 99967
264796 15 2 99969
264798 15 4 99970
264800 15 10 99971
264802 15 14 100004
264804 15 24 99471
264820 15 24 99583
264822 15 0 99584
264824 15 14 99812
264844 15 24 99687
264848 15 2 99689
264854 15 14 99908
264856 15 20 99909
264858 15 22 99910
264860 15 24 99911
264862 15 0 99992
264864 15 0 99912
264866 15 2 99913
264868 15 4 99914
264870 15 10 99915
264872 15 2 99993
264876 15 20 99917
264878 15 22 99918
264880 15 24 99919
264882 15 4 99994
264884 15 14 99932
264886 15 20 99933
264888 15 22 99934
264890 15 24 99935
264892 15 14 99996
264894 15 0 99936
264896 15 2 99937
264898 15 4 99938
264900 15 10 99939
264904 15 14 99940
264906 15 20 99941
264908 15 22 99942
264910 15 24 99943
264912 15 22 99998
264914 15 0 99944
264916 15 2 99945
264918 15 4 99946
264920 15 10 99947
264922 15 24 100007
264924 15 14 99972
264926 15 20 99973
264928 15 22 99974
264930 15 24 99975
264932 15 4 99978
264938 15 10 99635
264954 15 22 99638
264976 15 2 99641
264978 15 22 99702
264980 15 22 99398
264982 15 4 99642
264988 15 10 99643
264992 15 14 99396
264996 15 10 99699
265042 15 22 99654
265044 15 14 99716
265048 15 24 99655
265056 15 22 99718
265090 15 0 99664
265100 15 20 99661
265106 15 24 99663
265108 15 20 99725
265112 15 22 99662
265116 15 10 99379
265128 15 2 100097
265130 15 10 100099
265132 15 14 100100
265134 15 22 100102
265140 15 14 99428
265144 15 10 99747
265146 15 4 99858
265150 15 10 99603
265154 15 22 99606
265156 15 2 99777
265162 15 2 99489
265166 15 20 99589
265184 15 24 99839
265186 15 0 99840
265188 15 2 99841
265190 15 4 99842
265200 15 22 99838
265202 15 24 99599
265204 15 0 99600
265216 15 2 100033
265220 15 22 99614
265222 15 24 99615
265224 15 0 99616
265228 15 2 99457
265232 15 14 99460
265234 15 20 99485
265236 15 0 99784
265238 15 4 99786
265240 15 10 99787
265242 15 20 99797
265250 15 10 99667
265252 15 14 99668
265254 15 20 99669
265256 15 22 99670
265258 15 24 99679
265268 15 10 100051
265270 15 22 100054
265278 15 10 100011
265286 15 10 99459
265290 15 0 99680
265292 15 4 99714
265310 15 4 100018
265312 15 22 99590
265314 15 24 99591
265330 15 20 100021
265332 15 24 100039
265334 15 0 100040
265336 15 2 100041
265338 15 4 100042
265340 15 24 100047
265346 15 14 99692
265350 15 24 99743
265356 15 22 99710
265358 15 24 99711
265364 15 10 99771
265372 15 10 99483
265374 15 22 99486
265378 15 4 99778
265380 15 14 99780
265382 15 0 99864
265386 15 24 100111
265390 15 20 99789
265394 15 24 99791
265396 15 20 99981
265398 15 4 99594
265408 15 0 99984
265418 15 2 99585
265420 15 2 100297
265422 15 4 100298
265438 15 4 100098
265446 15 2 99377
265448 15 24 99879
265456 15 2 99929
265466 15 20 99461
265468 15 22 100278
265470 15 0 100280
265472 15 10 100283
265474 15 20 100285
265476 15 22 100286
265482 15 2 100281
265484 15 22 99526
265486 15 0 99528
265498 15 0 99792
265508 15 22 100022
265512 15 4 99466
265514 15 20 99477
265516 15 22 100254
265518 15 24 100255
265520 15 0 100256
265534 15 20 100061
265536 15 22 100062
265538 15 24 100063
265540 15 10 100107
265546 15 14 100052
265548 15 20 100053
265552 15 14 100116
265554 15 20 100117
265556 15 22 100118
265560 15 20 99781
265566 15 0 100016
265568 15 2 100017
265578 15 0 100056
265580 15 2 100057
265582 15 4 100058
265584 15 10 100059
265596 15 22 99382
265602 15 0 100048
265608 15 24 99767
265610 15 0 99768
265612 15 2 99769
265614 15 4 99770
265632 15 22 99462
265634 15 24 99463
265636 15 0 99464
265638 15 2 99465
265642 15 14 99604
265648 15 2 100065
265652 15 10 100067
265656 15 10 100251
265664 15 4 99586
265666 15 14 99652
265690 15 24 99775
265692 15 24 100071
265694 15 0 100072
265696 15 2 100073
265698 15 4 100074
265700 15 24 100223
265702 15 0 100224
265704 15 2 100225
265706 15 4 100226
265708 15 14 100076
265710 15 20 100077
265712 15 22 100078
265714 15 24 100079
265716 15 0 100120
265718 15 22 98846
265720 15 24 98847
265722 15 4 98850
265724 15 10 98851
265726 15 14 98852
265728 15 20 99213
265730 15 22 99214
265734 15 0 98736
265736 15 4 98738
265738 15 4 98874
265740 15 14 98876
265742 15 22 98878
265744 15 22 99206
265746 15 20 99221
265756 15 22 98854
265758 15 0 98856
265760 15 2 98857
265764 15 24 99215
265774 15 4 98858
265776 15 14 98860
265778 15 20 98861
265782 15 0 99216
265786 15 22 98870
265788 15 0 98872
265794 15 20 98877
265796 15 14 99220
265808 15 2 99217
265812 15 4 98866
265814 15 20 98869
265820 15 2 98873
265822 15 10 99219
265828 15 22 98862
265830 15 24 98863
265832 15 0 98864
265836 15 4 99218
265846 15 14 98868
265856 15 20 99189
265858 15 22 99222
265860 15 20 99269
265862 15 0 99272
265868 15 4 98362
265870 15 10 98547
265872 15 22 98766
265874 15 4 98770
265876 15 4 98530
265878 15 2 98753
265880 15 10 98755
265882 15 14 98756
265884 15 10 98771
265886 15 14 98588
265888 15 20 98589
265890 15 22 98590
265892 15 0 98592
265894 15 4 98650
265896 15 20 98725
265898 15 24 98727
265900 15 0 98768
265902 15 22 99142
265904 15 14 99268
265920 15 10 98371
265922 15 10 98715
265924 15 24 98767
265928 15 10 98787
265930 15 2 98481
265932 15 14 98532
265934 15 10 98459
265936 15 20 98461
265938 15 22 98462
265940 15 4 98722
265942 15 20 98989
265944 15 20 98797
265946 15 22 98798
265948 15 24 98799
265950 15 20 98829
265952 15 10 99155
265954 15 10 99163
265956 15 10 99251
265960 15 14 98620
265962 15 14 98716
265964 15 20 98717
265966 15 22 98718
265970 15 14 98460
265980 15 4 98602
265982 15 10 98603
265984 15 20 98605
265986 15 24 99263
265990 15 4 98690
265992 15 0 98312
265994 15 24 98639
265996 15 20 99149
265998 15 24 99151
266000 15 0 99152
266002 15 2 99185
266004 15 14 99244
266008 15 10 98515
266010 15 24 98695
266012 15 0 98696
266014 15 14 98708
266016 15 14 98940
266018 15 10 99067
266020 15 2 98313
266022 15 14 98740
266024 15 22 98742
266026 15 10 98819
266028 15 22 98822
266030 15 14 98916
266036 15 0 98912
266038 15 2 98913
266040 15 4 98914
266042 15 14 98908
266044 15 20 98909
266046 15 24 98911
266052 15 0 98904
266054 15 2 98905
266056 15 10 98907
266066 15 10 98923
266068 15 20 98925
266070 15 22 98926
266072 15 14 98900
266074 15 22 98902
266076 15 24 98903
266082 15 0 98896
266084 15 2 98897
266086 15 10 98899
266092 15 14 98892
266094 15 20 98893
266096 15 22 98894
266102 15 0 98888
266104 15 2 98889
266106 15 4 98890
266112 15 14 98884
266114 15 20 98885
266116 15 24 98887
266122 15 0 98880
266124 15 4 98882
266126 15 10 98883
266136 15 24 98879
266146 15 14 98820
266150 15 24 98815
266152 15 2 98817
266154 15 4 98818
266160 15 22 98830
266162 15 24 98831
266164 15 2 98833
266170 15 4 98834
266172 15 14 98836
266174 15 20 98837
266180 15 22 98838
266182 15 24 98839
266184 15 0 98840
266190 15 4 98842
266192 15 14 98844
266194 15 20 98845
266204 15 0 98848
266292 15 10 98507
266294 15 0 98792
266296 15 2 98793
266298 15 10 98795
266300 15 2 98801
266302 15 4 98802
266304 15 10 98803
266306 15 2 98809
266308 15 4 98938
266310 15 10 98955
266312 15 22 99262
266326 15 2 98633
266328 15 4 98634
266330 15 10 98635
266332 15 14 98636
266334 15 4 98658
266336 15 10 98659
266338 15 20 98693
266342 15 2 98825
266344 15 4 98826
266346 15 10 98827
266348 15 14 98828
266350 15 14 98932
266352 15 22 98574
266354 15 24 98575
266356 15 0 98576
266358 15 2 98577
266360 15 0 98824
266370 15 2 99089
266372 15 10 99091
266374 15 14 99092
266384 15 14 98964
266386 15 20 98965
266388 15 22 98966
266390 15 24 98967
266392 15 22 99190
266394 15 10 98339
266396 15 2 98705
266398 15 14 98380
266416 15 20 98645
266418 15 22 98710
266420 15 22 98990
266422 15 24 98991
266424 15 0 98992
266426 15 2 98993
266428 15 14 98788
266430 15 0 98920
266432 15 2 98921
266436 15 0 98344
266438 15 0 98376
266440 15 2 98377
266442 15 4 98378
266444 15 10 98379
266448 15 22 99230
266450 15 10 98347
266454 15 24 98311
266458 15 24 99247
266460 15 0 99248
266462 15 2 99249
266464 15 4 99250
266470 15 20 98789
266476 15 14 98316
266478 15 2 98601
266480 15 22 98670
266482 15 20 98773
266486 15 2 98937
266488 15 20 98629
266490 15 24 98631
266492 15 0 98632
266494 15 0 98712
266496 15 10 98747
266502 15 4 98794
266506 15 22 98814
266512 15 24 98919
266514 15 4 99138
266530 15 10 98563
266532 15 14 98564
266534 15 10 98707
266536 15 0 98720
266538 15 4 98730
266540 15 20 98733
266542 15 10 98763
266544 15 14 99148
266550 15 24 98343
266554 15 22 98614
266556 15 14 98340
266558 15 22 98622
266560 15 2 99273
266562 15 4 99274
266564 15 14 99276
266588 15 20 98533
266590 15 0 98640
266592 15 2 98641
266594 15 4 98642
266596 15 0 98656
266602 15 24 98719
266608 15 22 99022
266610 15 0 99064
266612 15 10 99115
266614 15 14 99156
266638 15 22 98342
266640 15 20 98349
266642 15 22 98350
266644 15 0 98352
266646 15 2 98545
266650 15 22 99150
266674 15 20 98941
266682 15 24 98775
266684 15 4 98970
266686 15 14 98972
266688 15 20 98973
266692 15 10 98595
266694 15 14 98596
266696 15 20 98597
266698 15 22 98598
266702 15 2 98745
266704 15 20 98933
266706 15 22 98934
266712 15 10 99275
266716 15 10 98579
266718 15 14 98628
266720 15 2 98721
266722 15 14 98780
266724 15 0 98784
266746 15 4 98706
266750 15 4 98346
266752 15 0 98608
266754 15 0 98744
266756 15 2 98385
266758 15 14 98348
266776 15 20 98709
266780 15 22 99270
266782 15 24 99271
266788 15 22 98662
266790 15 2 98785
266792 15 4 98450
266796 15 14 98660
266798 15 20 98661
266802 15 2 98953
266804 15 4 98978
266820 15 2 98353
266822 15 10 98355
266824 15 14 98356
266826 15 24 98367
266828 15 0 98368
266830 15 4 98370
266832 15 4 98554
266834 15 10 98555
266836 15 20 98557
266844 15 20 98805
266846 15 24 98807
266848 15 24 98823
266850 15 2 98945
266852 15 10 98947
266854 15 14 98948
266856 15 10 98987
266858 15 22 99062
266860 15 4 99130
266862 15 24 99143
266864 15 20 99253
266888 15 24 98783
266890 15 22 98782
266898 15 4 98546
266900 15 20 98565
266904 15 4 98754
266908 15 20 98949
266912 15 24 99127
266914 15 20 99245
266942 15 0 98304
266944 15 4 98306
266946 15 10 98307
266952 15 4 98698
266954 15 24 98711
266958 15 14 98692
266960 15 10 99123
266962 15 20 99125
266964 15 22 99126
266966 15 10 98475
266968 15 24 98471
266970 15 14 99140
266974 15 22 98518
266980 15 14 98476
266984 15 14 98308
266986 15 20 98309
266990 15 4 98314
266994 15 0 98480
267002 15 0 98520
267006 15 24 98559
267008 15 0 98560
267010 15 2 98561
267012 15 4 98762
267024 15 10 99171
267026 15 14 99172
267028 15 22 99174
267036 15 20 98317
267046 15 14 99132
267048 15 20 99133
267050 15 24 99135
267052 15 0 98512
267054 15 14 98652
267056 15 22 98654
267058 15 24 98655
267060 15 4 98786
267062 15 14 98956
267068 15 14 99164
267098 15 22 98318
267100 15 2 98345
267110 15 14 98772
267114 15 0 98320
267124 15 22 98790
267126 15 24 98791
267130 15 2 98321
267132 15 4 98322
267136 15 10 98323
267148 15 14 98324
267152 15 20 98325
267156 15 22 98326
267160 15 24 98327
267162 15 22 98526
267170 15 0 98328
267174 15 2 98329
267178 15 4 98330
267182 15 10 98331
267190 15 14 98332
267194 15 20 98333
267200 15 22 98334
267202 15 22 98358
267206 15 24 98335
267208 15 24 98359
267212 15 0 98336
267214 15 0 98360
267216 15 2 98337
267220 15 4 98338
267226 15 24 98535
267228 15 24 98567
267230 15 10 98779
267246 15 24 98511
267250 15 20 98469
267256 15 20 99181
267258 15 22 99182
267260 15 24 99183
267262 15 0 99184
267268 15 20 99173
267276 15 4 98626
267278 15 10 98627
267284 15 4 98474
267288 15 10 98467
267290 15 14 98468
267296 15 22 98470
267306 15 4 98514
267308 15 14 98516
267312 15 2 98513
267314 15 22 98974
267316 15 24 98975
267318 15 0 98976
267320 15 2 98977
267328 15 0 98472
267356 15 24 98983
267358 15 0 98984
267360 15 2 98985
267362 15 4 98986
267366 15 4 98490
267374 15 22 98478
267392 15 20 98525
267400 15 24 98479
267420 15 20 98477
267438 15 22 98310
267440 15 10 98723
267442 15 4 98922
267444 15 22 99166
267446 15 24 99167
267448 15 2 99169
267492 15 20 99325
267494 15 22 99326
267496 15 24 99327
267502 15 14 98508
267516 15 22 98534
267524 15 2 99113
267526 15 20 99277
267528 15 22 99278
267530 15 24 99279
267532 15 0 99280
267534 15 4 98994
267536 15 10 98995
267538 15 14 98996
267540 15 20 98997
267544 15 20 98517
267546 15 22 98998
267548 15 24 98999
267550 15 0 99000
267552 15 2 99001
267554 15 4 99018
267556 15 10 99019
267558 15 14 99020
267560 15 20 99021
267562 15 4 99002
267564 15 10 99003
267566 15 14 99004
267568 15 20 99005
267570 15 22 99006
267572 15 24 99007
267574 15 0 99008
267576 15 2 99009
267578 15 4 99010
267580 15 10 99011
267582 15 14 99012
267584 15 20 99013
267590 15 2 98529
267602 15 4 98778
267606 15 4 99090
267624 15 22 99014
267626 15 24 99015
267628 15 0 99016
267630 15 2 99017
267632 15 24 99023
267634 15 0 99024
267636 15 2 99025
267638 15 4 99026
267640 15 10 99027
267642 15 14 99028
267644 15 20 99029
267646 15 22 99030
267648 15 14 99052
267650 15 20 99053
267652 15 22 99054
267654 15 24 99055
267656 15 0 99056
267658 15 2 99057
267660 15 4 99058
267662 15 10 99059
267664 15 24 99031
267666 15 0 99032
267668 15 2 99033
267670 15 4 99034
267672 15 10 99035
267674 15 14 99036
267676 15 20 99037
267678 15 22 99038
267680 15 10 98979
267682 15 20 98981
267684 15 22 98982
267686 15 24 99039
267688 15 14 99044
267690 15 20 99045
267692 15 22 99046
267694 15 24 99047
267696 15 0 99048
267698 15 2 99049
267700 15 4 99050
267702 15 10 99051
267708 15 0 99144
267710 15 2 99145
267712 15 4 99146
267714 15 10 99147
267718 15 24 98527
267724 15 22 98806
267732 15 0 99168
267740 15 10 98539
267750 15 2 98537
267752 15 14 98588
267754 15 20 98589
267756 15 22 98590
267762 15 0 98768
267766 15 14 99268
267768 15 0 98544
267772 15 4 99258
267774 15 10 99259
267776 15 14 99260
267778 15 20 99261
267782 15 14 98548
267786 15 20 98541
267788 15 10 98587
267790 15 0 99264
267792 15 4 99266
267794 15 10 99267
267796 15 22 99254
267798 15 24 99255
267800 15 0 99256
267802 15 2 99257
267810 15 0 98528
267826 15 24 98551
267834 15 22 98550
267856 15 20 98653
267862 15 14 98988
267868 15 2 98305
267872 15 10 99131
267876 15 20 98549
267880 15 22 98566
267882 15 14 98700
267884 15 20 98701
267886 15 22 98702
267888 15 2 99137
267890 15 0 98600
267892 15 2 99321
267894 15 10 99323
267896 15 14 99324
267900 15 14 98572
267908 15 24 98943
267910 15 20 99117
267912 15 24 99119
267914 15 0 99120
267926 15 20 98581
267930 15 4 98586
267932 15 10 98571
267938 15 2 99265
267946 15 22 98798
267954 15 20 98461
267956 15 22 98462
267960 15 4 98946
267966 15 20 98989
267972 15 2 98697
267978 15 2 98585
267984 15 24 98519
267986 15 10 98531
268002 15 2 99305
268004 15 4 99306
268006 15 10 99307
268008 15 14 99308
268010 15 20 99309
268012 15 22 99310
268014 15 24 99311
268016 15 0 99312
268018 15 2 99281
268020 15 4 99282
268022 15 10 99283
268024 15 14 99284
268026 15 20 99285
268028 15 22 99286
268030 15 24 99287
268032 15 0 99288
268034 15 2 99289
268036 15 4 99290
268038 15 10 99291
268040 15 14 99292
268042 15 20 99293
268044 15 22 99294
268046 15 24 99295
268048 15 0 99296
268050 15 2 99297
268052 15 4 99298
268054 15 10 99299
268056 15 14 99300
268058 15 20 99301
268060 15 22 99302
268062 15 24 99303
268064 15 0 99304
268072 15 4 98538
268088 15 4 98594
268090 15 2 99313
268092 15 4 99314
268094 15 10 99315
268096 15 14 99316
268098 15 22 98582
268100 15 20 99317
268102 15 22 99318
268104 15 24 99319
268106 15 0 99320
268110 15 4 99322
268122 15 14 98540
268140 15 22 98606
268142 15 0 98536
268144 15 0 98960
268146 15 2 98961
268148 15 4 98962
268150 15 0 98968
268154 15 24 98599
268158 15 4 98578
268162 15 22 98526
268166 15 24 98543
268184 15 20 98613
268186 15 14 98724
268202 15 4 98746
268210 15 0 98920
268222 15 0 98776
268230 15 14 99076
268238 15 20 99077
268246 15 20 99085
268248 15 0 99040
268250 15 2 99041
268252 15 10 99043
268254 15 24 99103
268262 15 0 99104
268270 15 14 99108
268318 15 22 98558
268342 15 2 98553
268360 15 20 98621
268390 15 0 98584
268412 15 0 98568
268432 15 0 98624
268460 15 2 98777
268468 15 2 98577
268472 15 0 98824
268476 15 4 98826
268478 15 14 98828
268480 15 4 99122
268482 15 24 99175
268486 15 20 98957
268494 15 22 99070
268496 15 0 99072
268498 15 2 99073
268500 15 10 99179
268530 15 2 98569
268546 15 20 98637
268554 15 4 99170
268562 15 14 98580
268580 15 14 98460
268584 15 2 98769
268586 15 14 98796
268592 15 22 98766
268594 15 20 99149
268604 15 24 99071
268610 15 4 99114
268618 15 24 98583
268664 15 2 98593
268688 15 22 98694
268692 15 24 98735
268708 15 20 98357
268712 15 22 98630
268716 15 2 98713
268726 15 10 98699
268728 15 24 98783
268736 15 24 98607
268752 15 22 98342
268754 15 20 98349
268756 15 22 98350
268760 15 20 98573
268762 15 14 98748
268764 15 20 98749
268766 15 22 98750
268768 15 24 98751
268770 15 0 98928
268774 15 14 99092
268776 15 20 99141
268804 15 22 98726
268808 15 14 98780
268812 15 20 99165
268830 15 4 98730
268832 15 14 98732
268834 15 20 98733
268836 15 14 99148
268838 15 4 99186
268840 15 14 99188
268842 15 10 99187
268846 15 20 99189
268864 15 20 98565
268870 15 10 98731
268878 15 0 98808
268880 15 20 98949
268912 15 24 99191
268920 15 10 98619
268936 15 14 98340
268940 15 2 99193
268942 15 4 99194
268946 15 10 99195
268950 15 14 99196
268954 15 20 99197
268958 15 22 99198
268962 15 24 99199
268964 15 0 99192
268966 15 0 99208
268970 15 0 99200
268974 15 2 99201
268978 15 4 99202
268982 15 10 99203
268986 15 14 99204
268990 15 20 99205
268994 15 22 99206
269000 15 2 99209
269004 15 4 99210
269008 15 10 99211
269012 15 14 99212
269016 15 20 99213
269020 15 22 99214
269024 15 24 99215
269026 15 14 99220
269028 15 20 99221
269032 15 0 99216
269034 15 10 99219
269040 15 2 99217
269042 15 4 99218
269054 15 0 98728
269056 15 14 99116
269062 15 4 99042
269070 15 22 98638
269072 15 22 98646
269088 15 2 98313
269102 15 0 98792
269106 15 4 98794
269108 15 10 98795
269114 15 22 98782
269116 15 20 98933
269126 15 24 98623
269142 15 2 99185
269146 15 14 99244
269148 15 10 98315
269150 15 10 98339
269152 15 4 98570
269156 15 4 98930
269162 15 24 98935
269182 15 14 98316
269184 15 10 98579
269190 15 14 98772
269194 15 0 98784
269208 15 10 99251
269210 15 24 98343
269218 15 14 99068
269220 15 22 98614
269228 15 14 98644
269230 15 10 98651
269252 15 0 98648
269274 15 10 98691
269312 15 10 98763
269320 15 20 98685
269340 15 0 98936
269342 15 22 99222
269344 15 22 99246
269352 15 20 98941
269356 15 14 99252
269404 15 20 98917
269410 15 14 98988
269412 15 2 99273
269414 15 4 99274
269416 15 10 99275
269418 15 14 99276
269428 15 4 99162
269434 15 10 98827
269436 15 24 98919
269438 15 4 99138
269446 15 0 98704
269476 15 10 98963
269478 15 24 98367
269482 15 4 98370
269494 15 22 99230
269498 15 4 99090
269500 15 10 99091
269506 15 0 98552
269512 15 2 98761
269518 15 22 98958
269560 15 2 98729
269576 15 14 98740
269578 15 22 98742
269580 15 14 98916
269582 15 0 98912
269584 15 2 98913
269586 15 4 98914
269588 15 14 98908
269590 15 20 98909
269592 15 24 98911
269594 15 0 98904
269598 15 10 98907
269600 15 10 98923
269602 15 20 98925
269604 15 22 98926
269606 15 14 98900
269608 15 22 98902
269610 15 24 98903
269612 15 0 98896
269614 15 2 98897
269616 15 10 98899
269618 15 14 98892
269620 15 20 98893
269622 15 22 98894
269624 15 0 98888
269626 15 2 98889
269628 15 4 98890
269630 15 14 98884
269632 15 20 98885
269634 15 24 98887
269636 15 0 98880
269638 15 4 98882
269640 15 10 98883
269642 15 0 98736
269644 15 4 98738
269646 15 24 98879
269660 15 10 98819
269662 15 14 98820
269664 15 22 98822
269666 15 24 98815
269668 15 2 98817
269670 15 4 98818
269672 15 22 98830
269676 15 2 98833
269678 15 4 98834
269680 15 14 98836
269682 15 20 98837
269684 15 22 98838
269686 15 24 98839
269688 15 0 98840
269690 15 4 98842
269692 15 14 98844
269694 15 20 98845
269696 15 22 98846
269698 15 24 98847
269700 15 0 98848
269702 15 4 98850
269704 15 10 98851
269706 15 14 98852
269708 15 22 98854
269710 15 0 98856
269712 15 2 98857
269714 15 4 98874
269716 15 14 98876
269718 15 20 98877
269720 15 4 98858
269722 15 14 98860
269724 15 20 98861
269726 15 22 98870
269728 15 0 98872
269730 15 2 98873
269732 15 4 98866
269734 15 14 98868
269736 15 20 98869
269738 15 22 98862
269740 15 24 98863
269742 15 0 98864
269748 15 24 99247
269750 15 0 99248
269754 15 4 99250
269762 15 4 98714
269782 15 2 98921
269792 15 0 98312
269800 15 0 98344
269802 15 0 98376
269806 15 10 98379
269808 15 20 98645
269810 15 22 98710
269812 15 22 98918
269814 15 2 98969
269836 15 2 98649
269838 15 24 98959
269842 15 14 98980
269846 15 22 98982
269858 15 24 98639
269868 15 4 98602
269870 15 20 98605
269872 15 24 99263
269874 15 24 98311
269880 15 2 99121
269890 15 10 98715
269892 15 0 98744
269894 15 24 98767
269898 15 0 98944
269926 15 22 98734
269942 15 0 98640
269944 15 4 98642
269946 15 0 98656
269948 15 22 99022
269952 15 0 98608
269954 15 2 98705
269956 15 4 98706
269996 15 4 98442
269998 15 14 98444
270000 15 20 98501
270002 15 22 98510
270004 15 20 98765
270010 15 4 98906
270012 15 10 99075
270014 15 20 99309
270090 15 22 98654
270092 15 4 98786
270094 15 14 98956
270096 15 22 98974
270098 15 24 98975
270100 15 0 98976
270102 15 0 99048
270108 15 20 99061
270110 15 10 99107
270116 15 10 98643
270118 15 24 98983
270120 15 0 98984
270122 15 2 98985
270124 15 14 99060
270126 15 4 99066
270128 15 10 98371
270130 15 4 98722
270134 15 10 98787
270152 15 4 98506
270212 15 10 98515
270214 15 2 98721
270216 15 20 98797
270218 15 10 99155
270246 15 4 98986
270248 15 4 98994
270250 15 14 98996
270252 15 20 98997
270254 15 20 99069
270256 15 4 99074
270262 15 14 99124
270264 15 20 99125
270266 15 14 99164
270268 15 24 98319
270270 15 22 98774
270272 15 20 99117
270274 15 22 99118
270280 15 2 98385
270288 15 22 99126
270308 15 4 99002
270314 15 4 99018
270316 15 10 99019
270318 15 14 99020
270320 15 22 99078
270322 15 0 99088
270328 15 20 99005
270332 15 24 99007
270334 15 0 99008
270336 15 24 99079
270338 15 0 99080
270344 15 2 99009
270346 15 4 99010
270348 15 14 99012
270350 15 20 99013
270352 15 2 99081
270354 15 4 99082
270364 15 10 99011
270368 15 10 99083
270370 15 14 99084
270376 15 20 99021
270378 15 0 99056
270380 15 4 99058
270384 15 24 99087
270386 15 24 99111
270392 15 2 99017
270394 15 24 99023
270396 15 0 99024
270398 15 2 99025
270400 15 22 99086
270402 15 20 99093
270408 15 4 99026
270410 15 10 99027
270412 15 20 99029
270414 15 22 99030
270416 15 22 99094
270418 15 24 99095
270422 15 14 99028
270428 15 2 99033
270430 15 4 99034
270432 15 0 99096
270434 15 2 99097
270438 15 0 99032
270442 15 10 99035
270444 15 14 99036
270446 15 22 99038
270448 15 4 99098
270450 15 10 99099
270458 15 20 99037
270462 15 24 99039
270464 15 2 99065
270466 15 14 99100
270468 15 14 98700
270470 15 22 98702
270472 15 24 98703
270480 15 20 99101
270482 15 22 99102
270484 15 14 99044
270494 15 4 99050
270496 15 2 99105
270498 15 4 99106
270500 15 14 99052
270502 15 20 99053
270512 15 20 99109
270514 15 22 99110
270516 15 2 98801
270518 15 4 98802
270520 15 10 98803
270522 15 4 98938
270524 15 22 99262
270526 15 14 98316
270536 15 2 98961
270548 15 2 99169
270556 15 14 98588
270558 15 22 98590
270560 15 24 98591
270562 15 24 98951
270564 15 10 98563
270570 15 20 98733
270572 15 14 99148
270574 15 2 98521
270576 15 10 98523
270578 15 4 98810
270580 15 10 98811
270582 15 20 98813
270584 15 10 98939
270586 15 22 98950
270588 15 4 98362
270592 15 2 98369
270596 15 24 98567
270600 15 22 98766
270604 15 4 98770
270606 15 10 98779
270610 15 24 98927
270612 15 4 98954
270658 15 2 98609
270660 15 10 98611
270662 15 14 98612
270668 15 14 98812
270670 15 0 98952
270672 15 14 99132
270674 15 24 99135
270676 15 4 99154
270678 15 22 99158
270680 15 10 99171
270682 15 22 99174
270710 15 14 98716
270712 15 22 98718
270714 15 24 98719
270716 15 14 99156
270742 15 4 98658
270746 15 20 98661
270748 15 4 98978
270750 15 24 98615
270752 15 2 98617
270754 15 4 98618
270760 15 14 98804
270762 15 10 98955
270764 15 24 99159
270766 15 0 99160
270768 15 20 99181
270770 15 22 99182
270802 15 24 99151
270830 15 2 98353
270832 15 10 98355
270834 15 14 98356
270842 15 24 99143
270844 15 20 99253
270852 15 20 98701
270856 15 20 98781
270858 15 24 98783
270860 15 24 98959
270868 15 0 99136
270870 15 2 99137
270872 15 2 99161
270928 15 14 98932
270930 15 4 99170
270934 15 10 98579
270938 15 14 98780
270962 15 20 98533
270964 15 14 98964
270966 15 22 98966
270968 15 0 99064
270978 15 4 98826
270986 15 14 99252
271002 15 10 99163
271006 15 22 98406
271008 15 24 98407
271010 15 2 98489
271012 15 20 98669
271014 15 24 98671
271016 15 0 98672
271018 15 4 98674
271022 15 10 98859
271024 15 20 98861
271026 15 2 99177
271028 15 4 99178
271030 15 20 99229
271032 15 20 99301
271034 15 22 99302
271036 15 24 99303
271038 15 2 99313
271040 15 4 99314
271086 15 0 98752
271092 15 20 98789
271094 15 22 98790
271098 15 22 98990
271100 15 24 98991
271102 15 2 98993
271144 15 2 98809
271178 15 4 99186
271188 15 24 98463
271190 15 4 98466
271192 15 0 98688
271198 15 14 98924
271202 15 10 99243
271204 15 2 99305
271206 15 10 99307
271210 15 22 99310
271238 15 14 99188
271260 15 20 99189
271270 15 4 99194
271272 15 14 98740
271284 15 14 98908
271286 15 24 98911
271296 15 24 99199
271300 15 20 98925
271302 15 0 99200
271316 15 14 98892
271320 15 10 99203
271330 15 24 98887
271344 15 0 99208
271348 15 4 98738
271354 15 24 98831
271362 15 4 99210
271368 15 10 99211
271374 15 14 99212
271378 15 24 98847
271382 15 4 98850
271386 15 22 99214
271388 15 22 98854
271392 15 24 99215
271404 15 0 99216
271410 15 14 99220
271412 15 2 99217
271414 15 4 98866
271418 15 10 99219
271424 15 4 99218
271446 15 0 99072
271450 15 10 99179
271458 15 4 98554
271460 15 10 98555
271462 15 20 98557
271466 15 24 98575
271468 15 20 98805
271470 15 24 98823
271472 15 22 99062
271474 15 4 98546
271480 15 10 98755
271482 15 20 98949
271494 15 4 98706
271498 15 10 98731
271512 15 22 98782
271514 15 20 98933
271520 15 22 99222
271524 15 10 99091
271528 15 10 98507
271530 15 14 98380
271534 15 4 98930
271536 15 4 98450
271538 15 2 98953
271544 15 2 98361
271554 15 10 98547
271556 15 4 98690
271564 15 0 99128
271568 15 22 99150
271620 15 14 99276
271624 15 20 98749
271628 15 24 98751
271636 15 4 98354
271642 15 2 98481
271644 15 14 98532
271646 15 14 98572
271650 15 10 98931
271658 15 10 99139
271694 15 10 98763
271718 15 14 98556
271726 15 10 98987
271776 15 0 98536
271780 15 20 98957
271816 15 14 99140
271842 15 2 98929
271882 15 14 98724
271892 15 2 98761
271898 15 4 99090
271918 15 10 98347
271928 15 20 99133
271950 15 10 98315
271952 15 20 98341
271954 15 24 98559
271956 15 0 98560
271958 15 4 98562
271960 15 4 98570
271962 15 10 98627
271970 15 0 99112
271972 15 0 99144
271974 15 4 99146
271976 15 10 99147
272020 15 20 98725
272022 15 22 98726
272026 15 2 92425
272028 15 4 92530
272030 15 22 92510
272032 15 24 93015
272048 15 10 92275
272050 15 2 93033
272052 15 2 93041
272054 15 2 92537
272056 15 0 93064
272058 15 24 92495
272060 15 24 92935
272062 15 4 92962
272064 15 22 93142
272066 15 10 93059
272068 15 24 92535
272070 15 2 93049
272072 15 0 92632
272080 15 24 92463
272084 15 24 92311
272088 15 4 92458
272098 15 10 93091
272100 15 2 92385
272106 15 4 92594
272108 15 4 92618
272110 15 2 92417
272112 15 22 92662
272118 15 22 93054
272120 15 24 93127
272126 15 4 92490
272134 15 2 92817
272142 15 14 92236
272146 15 20 92557
272158 15 0 93168
272160 15 14 93172
272180 15 2 93113
272182 15 14 92636
272184 15 2 92505
272198 15 24 92655
272200 15 14 92484
272202 15 20 93133
272204 15 14 92412
272208 15 2 92833
272210 15 22 92478
272212 15 0 92824
272214 15 2 92553
272222 15 20 92989
272224 15 4 93050
272226 15 2 92969
272230 15 20 93085
272244 15 10 93027
272246 15 20 92845
272250 15 20 92501
272256 15 14 92916
272260 15 0 92624
272262 15 14 92628
272268 15 24 92767
272276 15 10 92947
272280 15 4 93178
272290 15 2 92801
272296 15 4 92786
272306 15 22 92790
272308 15 10 92939
272310 15 22 92974
272314 15 14 92812
272316 15 10 92907
272322 15 14 92828
272324 15 4 92866
272330 15 0 92872
272336 15 4 92898
272340 15 24 92911
272344 15 0 92952
272346 15 14 92780
272356 15 14 92956
272358 15 4 92586
272368 15 10 92771
272370 15 2 92641
272374 15 20 92541
272378 15 4 93010
272380 15 2 93017
272384 15 0 93072
272392 15 14 92524
272400 15 14 92996
272418 15 2 92921
272424 15 24 92775
272442 15 24 92199
272468 15 4 92930
272470 15 2 92577
272478 15 24 92943
272484 15 24 92983
272506 15 22 92614
272542 15 20 93037
272562 15 0 92440
272568 15 0 93080
272668 15 22 93182
272704 15 24 93095
272720 15 14 93100
272750 15 24 92319
272816 15 14 95196
272818 15 24 95215
272820 15 0 94720
272822 15 0 94728
272826 15 2 95217
272828 15 24 95223
272830 15 2 95225
272864 15 14 94724
272866 15 14 94732
272868 15 10 95219
272870 15 14 95220
272872 15 10 95227
272874 15 20 95229
272910 15 0 94736
272916 15 24 95231
272962 15 20 94741
272984 15 2 94745
273000 15 20 94749
273008 15 2 94777
273022 15 0 94392
273034 15 22 94910
273036 15 4 94946
273038 15 22 94254
273040 15 10 94899
273042 15 0 94944
273044 15 0 94328
273046 15 2 94841
273052 15 2 94361
273054 15 2 94377
273056 15 2 94401
273058 15 14 94388
273060 15 20 94781
273062 15 14 94812
273064 15 24 94927
273066 15 2 95025
273068 15 0 95120
273078 15 4 94754
273082 15 2 94945
273086 15 0 94912
273088 15 24 94647
273090 15 24 94903
273094 15 14 94972
273096 15 22 94974
273126 15 14 94660
273128 15 0 94664
273130 15 20 95133
273132 15 22 95134
273134 15 2 95137
273136 15 4 95138
273140 15 14 94668
273146 15 20 95141
273148 15 24 95143
273152 15 0 94672
273158 15 2 95145
273160 15 4 95146
273164 15 14 94676
273170 15 20 95149
273172 15 24 95151
273180 15 2 95153
273182 15 4 95154
273184 15 20 95157
273186 15 0 94800
273194 15 14 95164
273196 15 20 95165
273198 15 14 94684
273206 15 14 95172
273208 15 20 95173
273212 15 0 94688
273218 15 0 95176
273220 15 2 95177
273224 15 0 94696
273230 15 0 95184
273232 15 2 95185
273236 15 0 94704
273242 15 0 95192
273244 15 2 95193
273248 15 0 94712
273254 15 0 95200
273256 15 2 95201
273260 15 14 94716
273266 15 10 95211
273268 15 14 95212
273282 15 24 94831
273294 15 4 94962
273302 15 14 95204
273304 15 20 95205
273306 15 0 95208
273308 15 0 94656
273310 15 0 95160
273312 15 2 95161
273316 15 0 94680
273322 15 0 95168
273324 15 4 95170
273328 15 14 94692
273334 15 14 95180
273336 15 22 95182
273340 15 14 94700
273346 15 14 95188
273348 15 20 95189
273352 15 14 94708
273360 15 20 95197
273438 15 14 94316
273440 15 10 94467
273442 15 10 94579
273444 15 14 94836
273446 15 0 94872
273448 15 0 94888
273450 15 20 95013
273452 15 24 95023
273454 15 24 95127
273482 15 2 94209
273484 15 10 95115
273486 15 22 94478
273488 15 24 94895
273490 15 0 94896
273492 15 2 94993
273494 15 14 94916
273496 15 20 94917
273498 15 2 94921
273500 15 20 94981
273508 15 22 94270
273516 15 4 94266
273518 15 4 94842
273522 15 10 94947
273524 15 22 94950
273526 15 0 94272
273528 15 0 94792
273530 15 0 94864
273532 15 2 94865
273534 15 22 94574
273544 15 10 94379
273554 15 10 94627
273558 15 24 94783
273560 15 20 94381
273562 15 22 94382
273576 15 22 94870
273586 15 0 94648
273588 15 10 94259
273590 15 2 94321
273592 15 10 94755
273594 15 14 94756
273596 15 20 94925
273598 15 20 94253
273600 15 0 94208
273602 15 14 94252
273604 15 4 94314
273608 15 0 94824
273610 15 14 94852
273612 15 14 94876
273616 15 0 95016
273654 15 2 94297
273656 15 2 94585
273658 15 2 94889
273660 15 14 94892
273662 15 20 94941
273664 15 14 94988
273698 15 24 94607
273700 15 4 94810
273702 15 0 95104
273704 15 14 94604
273710 15 22 94966
273734 15 14 94308
273736 15 14 94356
273738 15 10 94915
273756 15 14 94884
273760 15 2 94905
273782 15 14 94612
273784 15 14 94628
273788 15 22 95110
273790 15 0 95112
273794 15 4 94218
273798 15 2 94273
273800 15 2 94569
273808 15 4 94242
273810 15 0 94928
273812 15 22 94982
273832 15 10 95035
273838 15 24 94983
273840 15 22 95102
273846 15 4 94226
273848 15 24 94367
273850 15 10 94227
273852 15 0 95024
273856 15 2 94289
273858 15 10 94643
273868 15 4 94298
273870 15 14 94636
273876 15 22 94926
273904 15 24 94271
273916 15 20 94213
273918 15 24 94303
273930 15 20 94397
273932 15 0 94584
273934 15 0 94576
273940 15 22 94902
273942 15 10 94387
273950 15 0 94320
273954 15 22 94454
273956 15 24 94455
273970 15 20 94309
273972 15 2 94313
273974 15 20 94797
273994 15 14 94908
274008 15 14 94468
274010 15 22 94846
274012 15 2 94849
274018 15 0 94856
274020 15 2 94857
274024 15 22 95126
274026 15 20 94597
274028 15 22 94606
274040 15 2 94617
274048 15 14 94548
274056 15 2 94545
274064 15 24 94295
274072 15 4 94538
274082 15 20 94965
274084 15 14 95060
274086 15 4 94618
274094 15 22 94214
274096 15 0 94376
274100 15 0 94976
274102 15 2 94977
274104 15 24 95031
274106 15 10 94571
274108 15 2 94329
274110 15 2 94417
274116 15 14 94932
274150 15 20 94645
274156 15 20 94333
274158 15 14 94828
274182 15 20 95005
274184 15 0 95008
274186 15 10 94931
274188 15 0 95000
274194 15 10 95003
274196 15 4 94626
274204 15 24 94471
274212 15 20 94301
274214 15 20 94621
274216 15 10 94939
274218 15 20 94989
274222 15 22 94350
274226 15 10 94547
274230 15 24 94879
274232 15 22 94894
274234 15 14 94940
274236 15 20 95109
274282 15 4 95034
274290 15 20 95117
274292 15 10 94611
274300 15 14 94996
274302 15 20 94997
274304 15 2 95009
274306 15 20 94813
274310 15 4 95010
274314 15 14 95036
274316 15 20 95037
274320 15 0 95040
274322 15 4 95042
274326 15 14 95044
274328 15 22 95046
274332 15 0 95048
274334 15 10 95051
274338 15 14 95052
274340 15 24 95055
274342 15 4 94818
274346 15 24 95103
274348 15 4 94578
274358 15 0 95056
274360 15 10 95059
274364 15 2 95017
274366 15 4 95018
274370 15 0 94992
274378 15 22 95062
274382 15 0 95064
274386 15 4 95066
274388 15 14 95068
274398 15 20 95069
274400 15 0 95072
274404 15 10 95075
274406 15 14 95076
274410 15 20 95077
274412 15 0 95080
274416 15 2 95081
274418 15 14 95084
274422 15 22 95086
274424 15 0 95088
274430 15 10 95091
274434 15 14 95092
274436 15 14 95100
274440 15 24 95095
274442 15 0 95096
274448 15 10 95099
274450 15 2 94641
274458 15 20 94613
274460 15 0 94880
274462 15 10 94219
274464 15 22 94222
274466 15 2 94625
274478 15 0 94600
274482 15 4 94634
274492 15 20 94869
274494 15 22 94886
274524 15 4 94642
274532 15 24 94959
274534 15 22 94774
274548 15 24 94775
274564 15 0 94640
274572 15 10 94795
274582 15 20 94893
274604 15 10 94827
274614 15 20 94341
274616 15 24 94343
274628 15 22 94790
274636 15 2 94233
274638 15 14 94236
274640 15 10 94987
274644 15 24 94799
274654 15 20 94957
274666 15 2 94881
274670 15 24 94967
274672 15 14 94804
274680 15 10 94811
274690 15 2 94817
274702 15 14 94284
274704 15 24 94287
274722 15 0 94608
274732 15 2 94337
274734 15 14 94340
274736 15 10 94835
274744 15 20 94261
274746 15 22 94262
274760 15 0 94464
274762 15 22 94830
274764 15 10 94971
274782 15 24 94575
274816 15 10 94651
274818 15 24 94855
274832 15 20 95133
274876 15 14 94460
274882 15 10 94619
274908 15 4 95106
274910 15 2 94873
274922 15 22 94294
274938 15 2 94345
274942 15 14 94868
274944 15 14 95132
274974 15 0 95120
274978 15 14 94924
274982 15 10 94851
274990 15 24 94871
274998 15 24 94863
275006 15 20 94877
275018 15 0 94840
275028 15 14 94652
275044 15 20 94861
275054 15 4 94322
275056 15 14 94788
275064 15 2 94929
275098 15 20 94237
275128 15 0 94920
275142 15 14 94660
275144 15 0 94664
275160 15 0 94672
275168 15 14 94676
275182 15 0 94800
275240 15 14 94724
275262 15 0 94656
275298 15 20 95197
275302 15 0 94720
275310 15 0 94728
275318 15 0 94736
275332 15 20 94749
275348 15 14 94956
275366 15 10 94307
275374 15 22 94326
275386 15 4 94378
275406 15 20 95101
275428 15 14 94412
275430 15 20 94421
275452 15 2 94833
275454 15 20 94525
275512 15 24 94335
275514 15 0 94288
275548 15 0 94928
275554 15 4 94938
275570 15 10 94355
275574 15 14 95108
275588 15 20 94357
275590 15 22 94358
275592 15 24 94359
275594 15 0 94360
275596 15 20 94365
275598 15 0 94368
275600 15 2 94369
275602 15 4 94370
275604 15 14 94372
275606 15 20 94373
275608 15 22 94374
275610 15 24 94375
275612 15 10 94371
275636 15 20 94589
275638 15 24 95119
275666 15 2 94241
275668 15 0 94280
275672 15 24 94791
275674 15 20 94853
275726 15 10 94251
275728 15 14 94276
275732 15 22 94806
275734 15 14 94860
275776 15 24 94327
275778 15 14 94380
275780 15 20 94909
275822 15 4 94354
275832 15 0 94208
275834 15 0 94256
275838 15 4 95130
275868 15 14 94500
275870 15 14 94580
275876 15 20 95021
275878 15 14 95052
275920 15 10 94995
275934 15 2 94265
275968 15 0 95112
275972 15 20 94629
275978 15 2 95129
276178 15 10 95123
276238 15 14 94604
276284 15 4 94970
276318 15 4 94954
276354 15 0 94272
276364 15 22 94798
276392 15 4 90410
276400 15 22 90614
276402 15 4 90346
276404 15 10 90907
276410 15 22 90918
276412 15 24 90879
276414 15 22 90702
276424 15 20 95813
276426 15 4 95818
276428 15 10 95819
276444 15 10 95235
276446 15 20 95237
276448 15 14 95820
276450 15 20 95821
276452 15 0 95824
276474 15 0 95232
276476 15 22 95822
276478 15 24 95823
276480 15 22 95870
276520 15 24 95239
276522 15 0 95240
276524 15 2 95825
276526 15 4 95826
276528 15 24 95871
276566 15 10 95243
276568 15 14 95244
276570 15 10 95827
276572 15 14 95828
276618 15 24 95247
276620 15 0 95248
276622 15 10 95251
276624 15 20 95829
276626 15 22 95830
276674 15 22 95254
276676 15 24 95255
276678 15 24 95831
276680 15 0 95832
276728 15 4 95258
276730 15 10 95259
276732 15 2 95833
276734 15 4 95834
276788 15 10 95835
276790 15 14 95836
276832 15 24 95287
276834 15 0 95288
276836 15 10 95291
276838 15 2 95329
276840 15 4 95330
276842 15 20 95333
276844 15 14 95684
276846 15 10 95843
276848 15 2 95857
276850 15 4 95858
276894 15 20 95381
276896 15 10 95491
276898 15 0 95704
276900 15 0 95376
276902 15 22 95726
276904 15 24 95727
276906 15 20 95269
276908 15 10 95299
276910 15 20 95893
276912 15 4 95986
276914 15 10 95987
276916 15 0 95504
276918 15 10 95507
276920 15 22 95718
276922 15 24 95719
276924 15 0 95720
276926 15 22 95894
276928 15 14 96092
276930 15 22 96238
276968 15 0 95856
276970 15 24 95983
276974 15 4 95682
276978 15 2 95761
276980 15 24 95655
276982 15 0 95656
276984 15 20 95341
276986 15 22 95342
276988 15 22 96006
276990 15 24 96007
276992 15 10 96195
276994 15 14 96196
276996 15 22 96198
276998 15 24 96199
277000 15 0 96200
277002 15 4 96202
277004 15 4 95762
277006 15 2 95481
277008 15 22 96062
277010 15 24 96063
277012 15 20 96173
277014 15 20 96213
277016 15 22 96214
277018 15 0 96216
277020 15 20 96133
277022 15 22 96134
277024 15 24 96135
277026 15 0 96136
277074 15 24 95359
277076 15 0 95360
277078 15 4 95362
277080 15 4 95850
277082 15 14 95852
277084 15 20 95853
277086 15 20 96165
277094 15 10 95851
277102 15 4 95322
277104 15 10 95323
277108 15 4 95378
277110 15 24 95591
277112 15 14 95596
277114 15 24 95703
277116 15 2 95841
277138 15 4 95874
277140 15 20 95877
277142 15 0 95936
277144 15 22 95310
277146 15 0 95312
277148 15 14 95772
277150 15 22 95774
277152 15 24 95775
277154 15 10 95931
277156 15 0 95984
277158 15 10 96163
277160 15 24 95879
277162 15 0 95880
277164 15 20 96149
277166 15 22 96150
277168 15 0 96152
277174 15 2 95905
277176 15 4 95906
277178 15 10 95907
277180 15 22 95782
277182 15 24 95783
277184 15 0 95784
277186 15 2 95785
277188 15 10 95859
277190 15 4 95786
277192 15 10 95787
277194 15 14 95860
277196 15 14 95788
277198 15 20 95789
277200 15 20 95861
277202 15 22 95790
277204 15 24 95791
277206 15 0 95792
277208 15 2 95793
277210 15 14 95796
277212 15 20 95797
277214 15 22 95798
277216 15 24 95799
277218 15 24 95863
277220 15 4 95802
277222 15 10 95803
277224 15 2 95865
277226 15 22 95806
277228 15 24 95807
277230 15 10 95867
277232 15 4 95810
277234 15 10 95811
277236 15 22 95814
277238 15 24 95815
277240 15 20 95869
277242 15 0 95816
277244 15 2 95817
277246 15 14 95900
277248 15 20 95901
277250 15 4 96154
277252 15 10 96155
277254 15 14 96156
277256 15 22 95590
277262 15 22 95390
277266 15 0 96064
277272 15 22 96166
277274 15 20 96245
277276 15 20 95837
277278 15 22 95838
277280 15 24 96143
277282 15 2 96145
277284 15 22 95262
277286 15 24 95263
277288 15 0 95264
277290 15 24 95839
277292 15 0 95840
277294 15 4 96138
277296 15 20 96141
277298 15 4 95794
277300 15 10 95795
277302 15 22 95862
277304 15 0 95800
277306 15 2 95801
277308 15 0 95864
277310 15 14 95804
277312 15 20 95805
277314 15 4 95866
277316 15 0 95808
277318 15 2 95809
277320 15 14 95868
277322 15 14 95812
277426 15 0 95400
277428 15 24 95583
277430 15 22 95622
277432 15 14 95844
277434 15 20 95845
277436 15 0 95872
277438 15 24 95999
277460 15 22 95350
277472 15 14 95908
277474 15 14 95300
277476 15 14 95780
277498 15 22 95278
277500 15 20 95405
277502 15 20 95605
277504 15 0 95592
277506 15 4 95594
277508 15 0 95600
277510 15 4 95602
277512 15 14 96084
277514 15 0 96088
277516 15 10 96091
277518 15 24 96127
277520 15 0 96128
277560 15 14 95604
277562 15 10 95715
277564 15 14 95716
277566 15 20 95717
277568 15 10 95915
277570 15 0 95336
277572 15 4 95338
277576 15 20 95773
277580 15 0 95976
277582 15 2 95977
277584 15 4 95978
277586 15 4 95610
277588 15 0 95776
277590 15 4 95778
277594 15 20 95989
277596 15 0 95760
277598 15 22 95686
277600 15 2 95689
277602 15 0 95920
277604 15 2 96185
277606 15 14 96188
277608 15 10 95611
277610 15 22 95734
277612 15 4 95770
277624 15 10 95379
277648 15 0 95888
277650 15 2 95889
277652 15 22 95966
277654 15 24 95271
277656 15 0 95272
277658 15 10 96179
277660 15 20 96181
277662 15 22 96182
277664 15 22 96094
277666 15 2 96097
277668 15 14 96132
277670 15 20 95597
277690 15 22 96158
277692 15 24 96159
277694 15 0 96160
277696 15 14 95276
277698 15 4 95842
277702 15 22 95614
277708 15 10 96187
277714 15 0 95512
277726 15 24 95599
277728 15 22 95846
277730 15 2 95849
277732 15 2 95945
277734 15 2 95297
277736 15 14 95340
277738 15 14 95356
277742 15 4 96234
277764 15 22 95486
277766 15 10 95675
277768 15 24 95855
277772 15 24 96167
277774 15 10 96227
277800 15 24 95615
277802 15 4 96162
277804 15 14 95732
277806 15 20 95733
277808 15 24 96087
277824 15 24 95327
277826 15 24 95351
277830 15 24 95535
277832 15 24 95607
277834 15 0 95680
277836 15 22 95982
277858 15 2 95385
277860 15 14 95388
277862 15 0 95624
277864 15 10 95627
277866 15 4 95994
277880 15 24 95887
277882 15 24 95895
277884 15 22 95302
277886 15 22 95886
277890 15 14 96140
277896 15 20 95629
277898 15 24 96207
277900 15 0 96208
277904 15 14 95628
277906 15 20 95573
277910 15 14 95980
277912 15 4 95282
277918 15 22 95406
277920 15 22 95606
277922 15 4 95922
277924 15 10 95923
277926 15 0 96000
277974 15 2 95369
277996 15 4 96090
278002 15 2 95353
278012 15 22 95878
278016 15 24 95687
278030 15 14 95924
278032 15 22 96086
278050 15 22 95542
278052 15 0 95608
278054 15 10 95683
278064 15 2 95721
278066 15 22 96126
278068 15 14 95372
278070 15 4 95570
278072 15 14 95572
278076 15 0 95896
278078 15 22 95918
278080 15 4 96098
278082 15 14 96100
278120 15 20 95301
278124 15 24 95519
278126 15 14 95548
278128 15 14 95636
278132 15 2 95657
278134 15 14 95676
278138 15 4 96170
278140 15 24 96223
278142 15 2 96233
278184 15 10 95363
278186 15 22 95366
278188 15 20 95461
278190 15 14 95508
278192 15 22 95510
278194 15 20 95909
278196 15 4 95954
278204 15 22 95374
278206 15 2 95993
278208 15 4 96082
278240 15 24 96191
278242 15 0 96192
278244 15 4 96194
278266 15 4 95314
278268 15 24 95383
278270 15 20 95453
278272 15 2 95921
278274 15 0 95952
278278 15 14 95588
278284 15 2 96193
278288 15 2 96209
278290 15 4 96210
278296 15 24 95391
278298 15 2 95393
278300 15 20 95917
278326 15 22 95630
278332 15 4 95538
278354 15 22 95926
278356 15 24 95927
278366 15 4 96130
278368 15 2 95585
278372 15 22 95854
278374 15 10 95899
278380 15 4 95930
278384 15 10 95395
278398 15 2 95401
278400 15 10 95403
278404 15 2 95937
278408 15 4 95410
278410 15 10 95411
278414 15 4 95938
278418 15 22 95414
278420 15 10 95939
278424 15 10 95979
278428 15 24 95415
278430 15 4 95418
278434 15 14 95940
278442 15 10 95419
278444 15 20 95421
278448 15 20 95941
278452 15 24 95423
278454 15 0 95424
278458 15 22 95942
278464 15 24 95431
278468 15 4 95946
278472 15 10 95427
278474 15 20 95429
278478 15 24 95943
278482 15 20 95437
278484 15 24 95439
278488 15 10 95947
278492 15 0 95432
278494 15 4 95434
278498 15 14 95948
278502 15 2 95441
278504 15 10 95443
278508 15 20 95949
278512 15 20 95445
278514 15 0 95448
278518 15 22 95950
278524 15 22 95454
278532 15 2 95449
278534 15 4 95450
278538 15 24 95951
278542 15 2 95457
278544 15 14 95460
278548 15 2 95953
278554 15 24 95463
278562 15 2 95465
278564 15 4 95466
278568 15 10 95955
278572 15 20 95469
278574 15 0 95472
278578 15 20 95957
278582 15 2 95473
278584 15 4 95474
278588 15 22 95958
278590 15 20 95477
278592 15 24 95479
278596 15 24 95959
278598 15 20 95981
278600 15 2 95345
278604 15 20 95485
278608 15 0 95960
278616 15 4 95482
278622 15 2 95961
278640 15 14 95764
278642 15 22 95766
278644 15 2 96001
278646 15 22 96078
278648 15 0 96080
278652 15 4 95882
278654 15 0 95928
278656 15 4 95962
278658 15 20 95965
278664 15 24 95919
278666 15 22 95294
278672 15 24 95311
278676 15 20 96085
278682 15 24 96151
278708 15 4 96074
278710 15 14 96076
278712 15 24 95575
278714 15 4 95578
278716 15 24 95967
278718 15 2 95969
278720 15 4 95970
278740 15 2 95305
278742 15 24 95495
278744 15 4 95722
278764 15 20 95389
278768 15 24 95903
278772 15 20 96157
278774 15 10 96211
278780 15 22 95598
278784 15 4 95890
278786 15 24 96183
278788 15 14 95396
278790 15 24 95911
278792 15 4 95914
278794 15 14 95932
278796 15 24 95935
278798 15 2 96217
278800 15 4 96002
278802 15 10 96003
278810 15 20 95933
278814 15 20 96197
278816 15 4 96034
278818 15 14 96036
278820 15 22 96038
278822 15 24 96039
278824 15 4 96042
278826 15 10 96043
278828 15 22 96046
278830 15 0 96048
278832 15 4 95498
278836 15 2 95633
278838 15 2 95873
278840 15 0 95904
278842 15 20 95973
278844 15 22 95990
278888 15 4 96010
278890 15 14 96012
278892 15 24 96199
278894 15 2 96201
278896 15 22 96014
278898 15 24 96015
278900 15 4 96018
278902 15 10 96019
278904 15 4 96026
278906 15 10 96027
278908 15 10 96203
278910 15 14 96204
278912 15 22 96030
278914 15 0 96032
278916 15 4 96050
278918 15 10 96051
278920 15 22 96054
278922 15 24 96055
278924 15 4 96058
278926 15 10 96059
278928 15 4 96066
278930 15 14 96068
278934 15 24 96215
278936 15 22 96070
278938 15 0 96072
278942 15 10 95771
278948 15 0 95384
278950 15 0 95992
278954 15 20 96101
278964 15 0 95520
278968 15 24 95847
278972 15 14 95892
278974 15 14 95916
278980 15 14 96212
279054 15 22 96238
279064 15 2 95409
279068 15 2 95537
279072 15 0 95576
279074 15 22 96230
279084 15 2 95497
279088 15 2 95913
279090 15 24 95399
279094 15 10 95963
279096 15 4 96226
279100 15 2 95505
279106 15 0 95912
279110 15 22 95934
279128 15 2 95521
279132 15 22 95902
279136 15 2 95617
279138 15 20 95621
279140 15 14 95956
279142 15 2 96113
279144 15 20 96189
279188 15 20 96237
279192 15 14 95876
279196 15 0 95656
279212 15 20 95493
279216 15 24 96031
279220 15 20 96037
279222 15 20 96229
279224 15 14 95540
279228 15 10 96035
279232 15 0 96040
279234 15 20 95397
279238 15 24 95975
279240 15 22 96006
279242 15 0 96008
279244 15 24 96239
279246 15 2 95513
279250 15 2 96009
279254 15 20 96013
279256 15 0 96240
279258 15 4 95514
279262 15 10 96011
279266 15 0 96016
279268 15 2 96241
279270 15 10 95515
279274 15 2 96017
279278 15 14 96020
279280 15 4 96242
279282 15 14 95516
279286 15 20 96021
279290 15 14 96052
279292 15 10 96243
279294 15 20 95517
279298 15 20 96053
279302 15 0 96056
279304 15 14 96244
279310 15 0 95496
279314 15 2 95985
279318 15 20 96005
279320 15 22 96246
279322 15 20 95541
279326 15 2 96057
279330 15 14 96060
279340 15 14 95492
279344 15 20 96061
279346 15 14 96228
279354 15 24 96247
279356 15 22 95390
279358 15 4 95522
279362 15 0 96064
279368 15 0 96248
279370 15 10 95523
279374 15 2 96065
279376 15 24 96119
279378 15 4 96122
279380 15 2 96249
279386 15 20 96069
279394 15 14 95524
279398 15 10 96067
279402 15 2 96073
279404 15 4 96250
279406 15 20 95525
279410 15 24 96071
279414 15 20 96077
279416 15 10 96251
279418 15 22 95526
279422 15 10 96075
279426 15 2 96081
279428 15 14 96252
279430 15 24 95527
279432 15 22 96022
279434 15 2 96025
279438 15 24 96079
279440 15 20 96253
279442 15 0 95528
279446 15 24 96023
279450 15 14 96028
279452 15 22 96254
279454 15 2 95529
279458 15 20 96029
279462 15 2 96033
279464 15 24 96255
279466 15 4 95530
279470 15 2 96041
279474 15 14 96044
279476 15 10 95531
279480 15 20 96045
279484 15 2 96049
279486 15 22 95518
279490 15 14 96004
279494 15 24 96047
279500 15 10 95579
279502 15 20 95581
279504 15 10 95747
279508 15 2 96225
279534 15 24 95719
279540 15 2 95337
279542 15 0 96168
279546 15 22 95342
279550 15 10 95691
279552 15 2 96169
279556 15 14 96196
279562 15 14 96172
279570 15 4 96202
279574 15 24 95711
279576 15 20 96173
279580 15 0 96216
279584 15 4 95346
279590 15 22 96174
279598 15 10 95315
279602 15 2 95713
279604 15 24 96175
279608 15 22 96206
279652 15 14 95964
279660 15 10 95699
279662 15 20 95701
279692 15 20 95301
279696 15 2 95657
279698 15 14 95780
279704 15 10 95995
279710 15 20 95685
279714 15 24 95279
279718 15 24 95735
279740 15 24 95479
279762 15 20 95725
279764 15 14 96164
279766 15 20 95277
279768 15 20 95381
279770 15 20 96133
279772 15 22 96134
279812 15 14 95380
279830 15 0 95616
279836 15 22 95974
279840 15 10 96219
279896 15 4 96090
279900 15 24 95263
279906 15 24 96143
279908 15 2 96145
279914 15 24 95287
279916 15 2 95609
279942 15 10 95235
279948 15 0 95248
279950 15 22 95254
279952 15 4 95258
279954 15 10 95587
279958 15 10 96155
279960 15 24 95623
279966 15 20 96149
279974 15 22 95622
279978 15 20 95285
279994 15 22 95358
279996 15 0 95584
279998 15 0 95760
280000 15 2 96177
280030 15 4 95490
280032 15 14 95972
280056 15 0 96136
280060 15 10 96147
280064 15 20 95405
280074 15 0 95488
280078 15 2 95329
280082 15 20 95333
280120 15 14 95588
280142 15 22 95318
280146 15 24 96159
280158 15 2 96233
280160 15 10 95539
280162 15 0 95592
280166 15 4 95602
280168 15 14 96084
280170 15 14 95532
280172 15 24 95543
280174 15 4 95586
280178 15 20 95885
280182 15 14 96116
280184 15 10 96131
280186 15 10 96235
280224 15 0 95376
280226 15 10 95379
280228 15 24 95783
280230 15 2 95785
280234 15 4 95786
280236 15 14 95860
280238 15 20 95789
280240 15 20 95861
280242 15 22 95790
280246 15 14 95796
280248 15 24 95799
280250 15 24 95863
280252 15 4 95802
280254 15 2 95865
280256 15 22 95806
280258 15 10 95867
280260 15 4 95810
280262 15 22 95814
280266 15 2 95817
280280 15 20 95837
280282 15 22 95262
280284 15 24 95839
280286 15 4 95794
280288 15 22 95862
280294 15 14 95804
280296 15 4 95866
280298 15 0 95808
280300 15 14 95868
280302 15 14 95812
280304 15 4 95818
280306 15 0 95232
280308 15 22 95822
280310 15 22 95870
280314 15 20 95237
280316 15 10 95827
280322 15 2 95825
280324 15 24 95871
280330 15 24 95831
280332 15 24 95247
280336 15 10 95251
280338 15 20 95829
280342 15 24 95255
280344 15 10 95835
280350 15 10 95259
280362 15 22 95614
280366 15 14 95996
280374 15 24 95271
280376 15 0 95272
280380 15 22 95678
280390 15 2 95841
280394 15 20 95781
280398 15 22 95966
280400 15 22 96094
280402 15 24 96095
280404 15 2 96097
280438 15 24 95631
280452 15 14 95596
280456 15 4 95850
280460 15 2 95905
280462 15 4 95906
280464 15 20 96165
280466 15 0 95304
280484 15 24 95351
280488 15 24 95607
280494 15 24 95687
280498 15 24 95991
280526 15 0 95296
280528 15 4 95298
280530 15 20 95357
280532 15 10 95731
280534 15 20 95757
280536 15 24 96231
280538 15 0 96232
280592 15 22 95326
280602 15 2 95633
280606 15 20 95973
280608 15 20 95469
280610 15 14 95660
280612 15 24 95391
280614 15 10 95659
280616 15 24 95967
280620 15 24 95983
280626 15 14 95300
280628 15 24 95503
280632 15 20 95997
280674 15 24 95591
280678 15 0 95936
280700 15 2 95401
280702 15 2 95681
280704 15 10 95371
280712 15 0 95328
280716 15 4 95618
280718 15 14 95884
280738 15 14 95692
280742 15 20 95693
280744 15 24 95415
280746 15 22 95694
280750 15 24 95695
280754 15 0 95696
280758 15 2 95705
280762 15 4 95706
280766 15 10 95707
280768 15 2 95457
280770 15 14 95708
280774 15 20 95709
280778 15 22 95710
280780 15 2 95473
280782 15 0 95712
280786 15 4 95714
280788 15 24 95583
280790 15 20 95845
280792 15 0 95872
280802 15 22 95910
280816 15 4 95898
280820 15 4 95594
280824 15 10 96091
280830 15 4 95370
280832 15 10 95491
280834 15 10 95883
280858 15 0 95880
280862 15 10 95971
280866 15 0 96152
280874 15 0 95280
280876 15 10 95899
280878 15 2 95929
280880 15 10 96171
280882 15 0 96184
280904 15 24 95327
280932 15 0 95896
280936 15 2 95281
280938 15 14 95844
280940 15 0 95944
280942 15 4 96178
280944 15 22 96190
280970 15 24 95703
281034 15 2 96153
281038 15 22 95982
281042 15 4 95842
281056 15 24 95679
281060 15 14 96180
281062 15 14 95764
281066 15 0 96024
281070 15 10 96115
281072 15 0 96176
281076 15 20 96205
281080 15 22 95286
281082 15 24 95295
281084 15 20 95349
281086 15 0 95728
281088 15 2 95745
281090 15 4 96218
281092 15 20 96221
281094 15 22 96222
281160 15 4 95578
281164 15 2 95969
281168 15 20 96093
281172 15 0 95320
281174 15 0 95368
281212 15 22 95886
281228 15 10 96003
281232 15 0 96112
281238 15 0 95264
281244 15 14 95932
281250 15 22 96102
281254 15 20 96197
281258 15 24 96007
281262 15 24 96103
281266 15 22 96198
281270 15 0 96200
281278 15 0 96104
281286 15 24 96015
281290 15 2 96105
281298 15 4 96114
281302 15 4 96026
281304 15 10 96027
281306 15 4 96106
281314 15 22 96030
281316 15 0 96032
281318 15 10 96107
281322 15 4 96034
281326 15 14 96108
281332 15 24 96039
281334 15 20 96109
281340 15 10 96043
281342 15 22 96110
281348 15 0 96048
281350 15 24 96111
281356 15 4 95738
281358 15 0 96224
281398 15 20 96117
281402 15 24 96055
281406 15 22 96118
281412 15 22 96062
281414 15 24 96063
281416 15 24 96119
281418 15 2 96121
281422 15 22 96214
281426 15 14 96068
281430 15 0 96120
281434 15 24 96215
281440 15 0 96072
281442 15 10 96123
281448 15 14 96076
281450 15 14 96124
281460 15 0 96080
281462 15 20 96125
281476 15 0 95240
281492 15 4 95258
281508 15 0 96136
281514 15 14 95636
281518 15 24 96223
281534 15 4 96090
281538 15 14 95956
281540 15 14 95572
281544 15 14 96100
281568 15 0 96128
281572 15 24 96159
281582 15 24 95767
281592 15 24 95727
281596 15 24 95311
281604 15 24 96151
281610 15 22 95918
281626 15 2 95897
281658 15 24 95999
281660 15 20 95341
281678 15 4 95346
281682 15 20 96173
281700 15 14 95436
281702 15 4 95682
281704 15 4 95730
281706 15 2 95761
281710 15 14 96220
281744 15 10 95675
281750 15 24 95367
281754 15 22 95382
281756 15 24 95519
281780 15 2 96185
281782 15 10 96187
281784 15 10 95579
281786 15 10 95635
281802 15 4 96154
281804 15 10 96155
281806 15 20 96245
281814 15 10 95907
281816 15 22 95494
281830 15 4 95690
281862 15 14 96188
281870 15 24 95887
281876 15 24 95495
281884 15 24 96183
281894 15 24 95543
281896 15 0 95624
281918 15 2 95585
281920 15 22 95854
281926 15 24 95855
281932 15 10 95499
281934 15 14 95500
281940 15 24 96095
281972 15 22 95366
281982 15 4 95746
282010 15 2 95353
282014 15 22 95878
282020 15 10 97275
282022 15 14 97276
282024 15 20 97277
282026 15 22 97278
282028 15 24 97279
282030 15 0 96304
282052 15 2 96305
282054 15 14 97244
282056 15 0 97248
282070 15 24 97247
282074 15 2 97249
282076 15 4 96306
282080 15 14 96308
282084 15 10 96307
282088 15 22 96310
282092 15 20 96309
282096 15 22 96350
282098 15 24 97135
282102 15 4 96682
282104 15 10 96683
282106 15 20 96685
282108 15 20 97029
282110 15 22 97030
282112 15 24 97031
282114 15 2 96313
282116 15 10 96315
282118 15 14 96316
282120 15 0 96592
282122 15 10 96595
282124 15 0 96840
282126 15 10 96843
282128 15 24 97023
282130 15 2 96609
282132 15 4 96938
282134 15 10 96939
282136 15 14 97140
282138 15 2 96377
282140 15 14 96380
282142 15 0 96408
282144 15 2 96409
282146 15 10 97043
282148 15 22 97046
282166 15 4 96394
282168 15 22 96406
282172 15 4 96842
282176 15 2 96361
282178 15 4 96362
282182 15 14 96396
282184 15 20 96397
282186 15 22 96774
282188 15 0 96776
282190 15 20 96925
282192 15 10 97115
282194 15 22 96286
282196 15 24 96287
282198 15 2 96289
282200 15 14 96332
282202 15 24 96335
282204 15 22 96854
282206 15 22 96318
282208 15 0 96320
282210 15 2 96321
282212 15 20 96709
282214 15 22 96710
282216 15 22 97038
282218 15 14 97132
282220 15 20 97133
282228 15 10 97155
282232 15 10 96427
282234 15 14 96428
282236 15 4 96538
282240 15 10 96395
282244 15 24 96575
282256 15 20 96941
282262 15 14 96684
282264 15 20 96853
282266 15 0 96960
282268 15 2 96961
282270 15 20 96341
282272 15 22 96342
282274 15 0 96920
282276 15 0 97024
282278 15 2 97025
282280 15 4 97026
282286 15 0 97032
282288 15 4 97034
282290 15 14 97036
282292 15 20 97037
282332 15 20 96333
282334 15 24 96415
282336 15 0 96416
282338 15 2 96417
282340 15 14 97100
282342 15 14 96692
282344 15 24 96695
282346 15 22 96662
282348 15 24 96663
282350 15 0 96664
282352 15 0 97088
282354 15 4 97090
282356 15 20 96365
282358 15 24 96367
282362 15 14 96940
282366 15 2 96297
282368 15 0 97160
282370 15 2 97161
282372 15 22 97166
282374 15 24 97167
282376 15 4 97170
282382 15 14 97172
282384 15 20 97173
282386 15 0 97176
282392 15 4 97178
282394 15 20 97181
282396 15 22 97182
282402 15 0 97184
282404 15 2 97185
282406 15 4 97186
282408 15 4 96298
282414 15 22 97190
282416 15 2 97193
282418 15 4 97194
282420 15 10 96299
282426 15 4 97202
282428 15 10 97203
282430 15 14 97204
282432 15 14 96300
282438 15 0 97208
282440 15 2 97209
282442 15 14 97212
282448 15 22 97214
282450 15 24 97215
282452 15 0 97216
282458 15 14 97220
282460 15 20 97221
282462 15 0 97224
282468 15 4 97226
282470 15 10 97227
282472 15 22 97230
282474 15 20 96301
282480 15 0 97232
282482 15 2 97233
282484 15 4 97234
282490 15 22 97238
282492 15 2 97241
282494 15 4 97242
282496 15 24 96303
282504 15 20 97245
282510 15 24 96319
282512 15 2 96737
282514 15 4 96738
282516 15 14 96740
282518 15 0 97000
282524 15 10 97027
282526 15 2 97113
282546 15 4 96850
282548 15 24 96311
282550 15 20 96813
282556 15 4 97162
282558 15 0 96312
282560 15 14 96812
282562 15 14 97196
282564 15 20 97197
282566 15 22 97198
282572 15 10 97251
282574 15 14 97252
282576 15 20 97253
282582 15 2 97257
282584 15 14 97260
282586 15 20 97261
282592 15 24 97263
282594 15 0 97264
282596 15 10 97267
282602 15 20 97269
282604 15 0 97272
282606 15 2 97273
282608 15 22 96302
282644 15 2 96993
282646 15 14 96996
282648 15 22 96390
282650 15 2 96393
282652 15 20 96765
282654 15 24 96767
282656 15 0 96768
282658 15 4 96922
282668 15 0 96800
282670 15 2 96801
282672 15 10 96803
282674 15 2 96873
282676 15 10 96875
282678 15 22 96654
282680 15 24 96655
282682 15 0 96656
282684 15 14 97092
282686 15 20 97093
282700 15 4 96906
282702 15 20 96909
282704 15 24 97039
282706 15 4 97042
282708 15 20 96261
282710 15 0 96264
282712 15 2 96265
282714 15 14 96268
282716 15 0 96576
282718 15 22 96782
282720 15 20 96957
282746 15 10 97035
282750 15 14 97084
282752 15 20 97085
282754 15 4 97146
282760 15 24 96999
282762 15 10 97147
282764 15 14 96276
282766 15 14 96676
282768 15 0 96952
282770 15 2 97041
282772 15 0 96824
282774 15 2 96825
282776 15 20 96997
282778 15 10 97019
282780 15 22 97022
282782 15 0 97152
282786 15 22 96262
282788 15 24 96263
282790 15 24 96271
282792 15 22 96414
282794 15 0 96328
282796 15 4 96330
282798 15 10 96331
282800 15 4 96426
282806 15 24 96943
282808 15 2 96945
282816 15 2 96593
282840 15 10 96555
282842 15 14 96556
282844 15 22 96558
282846 15 4 96754
282848 15 24 96847
282850 15 22 96382
282852 15 0 96384
282854 15 2 96385
282860 15 14 96364
282866 15 24 96407
282872 15 0 96856
282874 15 2 96857
282876 15 10 96859
282900 15 0 96320
282902 15 0 96272
282904 15 4 96274
282906 15 0 96280
282908 15 22 96862
282910 15 24 96863
282920 15 14 96876
282926 15 0 96344
282928 15 14 96932
282930 15 20 96933
282932 15 24 96935
282950 15 22 97142
282956 15 4 96410
282958 15 20 96493
282960 15 22 96494
282964 15 24 96383
282968 15 10 96387
282972 15 4 96314
282976 15 2 96841
282982 15 24 97111
282988 15 24 96831
282992 15 14 97020
282994 15 20 97021
282996 15 10 97099
282998 15 4 97106
283000 15 14 97108
283018 15 10 96363
283026 15 2 96657
283030 15 24 96775
283036 15 10 96907
283038 15 14 96908
283040 15 22 96926
283042 15 0 96928
283044 15 2 97097
283064 15 2 96337
283066 15 10 96339
283068 15 0 96376
283070 15 10 96923
283072 15 2 97009
283086 15 14 96260
283090 15 24 96343
283114 15 4 96826
283124 15 20 97109
283126 15 24 97143
283128 15 14 96796
283130 15 10 96915
283132 15 14 96916
283134 15 20 96917
283144 15 24 96495
283146 15 4 97082
283148 15 2 97049
283150 15 4 97050
283152 15 14 97052
283172 15 4 96322
283174 15 24 96351
283176 15 4 96354
283178 15 22 96398
283180 15 2 96401
283186 15 24 96671
283188 15 0 96992
283190 15 22 96998
283232 15 22 96430
283236 15 2 96345
283238 15 4 96346
283240 15 10 96347
283242 15 14 96356
283248 15 24 97087
283254 15 20 96381
283260 15 2 96665
283264 15 2 96329
283270 15 0 96944
283278 15 22 96766
283282 15 20 96877
283296 15 4 96378
283300 15 24 96399
283302 15 0 96400
283304 15 14 96884
283306 15 10 96891
283310 15 24 96391
283312 15 0 96392
283314 15 22 96830
283316 15 2 96833
283318 15 10 97083
283342 15 10 96323
283344 15 14 96412
283346 15 2 96713
283356 15 24 96815
283358 15 0 96816
283360 15 4 96818
283362 15 0 96936
283364 15 14 96956
283368 15 2 96273
283370 15 10 96275
283380 15 24 96927
283382 15 2 96929
283384 15 4 97098
283390 15 22 96278
283392 15 20 96357
283394 15 20 96389
283396 15 20 96437
283416 15 2 96433
283418 15 14 96324
283420 15 20 96325
283422 15 22 96326
283424 15 0 96616
283426 15 10 96667
283428 15 14 96668
283430 15 4 96866
283442 15 20 96365
283446 15 20 96373
283448 15 24 96431
283452 15 14 96940
283456 15 14 96348
283462 15 22 96366
283464 15 0 96368
283466 15 24 96439
283468 15 22 96870
283470 15 24 97015
283472 15 0 97016
283476 15 2 96353
283484 15 24 96471
283494 15 20 96669
283496 15 20 96677
283498 15 22 96678
283500 15 24 96799
283506 15 20 96429
283508 15 20 96445
283510 15 22 96582
283512 15 2 96585
283514 15 24 96623
283516 15 0 96624
283518 15 4 96626
283520 15 14 96892
283532 15 24 96559
283534 15 0 96560
283536 15 4 96562
283538 15 24 96951
283570 15 0 96352
283576 15 10 96379
283582 15 20 96517
283588 15 14 96788
283596 15 14 96340
283598 15 4 96706
283610 15 24 96679
283614 15 20 96693
283626 15 0 96336
283636 15 4 96266
283644 15 0 97096
283646 15 24 96279
283648 15 4 96282
283650 15 14 96284
283652 15 20 96461
283656 15 2 97089
283658 15 10 97091
283694 15 10 96563
283696 15 20 96565
283698 15 22 96566
283700 15 24 96567
283702 15 2 96569
283710 15 24 96879
283726 15 20 96869
283728 15 24 97159
283734 15 4 96570
283736 15 2 96601
283738 15 14 96604
283740 15 24 96959
283746 15 20 96557
283750 15 4 96858
283756 15 4 96602
283760 15 20 96629
283762 15 22 96630
283764 15 10 96963
283766 15 14 96732
283768 15 20 96733
283770 15 22 96734
283772 15 2 96761
283774 15 4 96762
283782 15 0 96632
283784 15 20 96637
283786 15 0 96640
283788 15 2 96969
283800 15 4 96594
283804 15 22 97014
283806 15 10 96715
283808 15 14 96716
283814 15 10 96763
283816 15 10 96971
283820 15 24 96639
283824 15 4 96658
283826 15 20 96661
283828 15 4 96970
283834 15 20 96717
283836 15 4 96722
283838 15 10 96723
283840 15 2 96921
283844 15 14 96660
283848 15 0 96672
283850 15 2 96673
283852 15 14 96972
283862 15 10 96411
283864 15 22 96590
283870 15 14 96724
283872 15 14 96756
283874 15 22 96758
283876 15 4 96978
283882 15 10 96675
283884 15 22 96686
283886 15 24 96687
283888 15 20 96973
283894 15 24 96759
283896 15 4 96778
283898 15 20 96781
283900 15 10 96979
283902 15 10 96619
283904 15 14 96620
283910 15 2 96689
283912 15 14 96980
283918 15 22 96622
283924 15 22 96982
283926 15 22 96702
283928 15 24 96703
283932 15 10 96779
283936 15 20 96981
283938 15 4 96698
283940 15 20 96701
283946 15 2 96705
283948 15 24 96983
283952 15 10 96699
283960 15 0 96984
283962 15 24 96543
283964 15 0 96544
283968 15 0 96584
283972 15 2 96953
283974 15 4 96466
283976 15 20 96469
283982 15 2 96545
283984 15 2 96985
283988 15 14 96468
283992 15 10 96571
283994 15 14 96572
283996 15 4 96986
283998 15 4 96770
284000 15 14 96772
284002 15 20 96789
284004 15 24 96791
284006 15 0 96792
284008 15 2 97001
284014 15 22 96574
284018 15 20 96773
284020 15 10 96987
284028 15 14 96924
284030 15 14 96988
284040 15 0 96496
284042 15 2 96617
284044 15 4 97034
284060 15 0 96456
284062 15 2 96457
284064 15 10 96459
284066 15 14 96852
284068 15 20 97053
284070 15 22 97102
284074 15 10 96467
284078 15 0 96472
284080 15 10 96475
284082 15 22 96518
284084 15 0 96520
284086 15 2 96521
284100 15 2 96473
284112 15 4 96690
284114 15 14 96844
284116 15 24 97007
284124 15 22 96846
284130 15 14 96868
284146 15 0 96568
284150 15 4 96578
284152 15 14 96580
284154 15 20 96581
284158 15 14 96564
284168 15 10 96579
284174 15 2 96561
284192 15 24 96591
284194 15 14 96596
284202 15 24 96583
284210 15 14 96628
284212 15 14 96332
284218 15 0 96416
284220 15 4 96418
284222 15 2 96785
284224 15 14 97100
284234 15 4 96474
284240 15 4 96546
284242 15 14 96612
284244 15 24 96615
284250 15 4 96458
284252 15 22 96534
284254 15 24 96535
284256 15 4 96954
284258 15 0 97136
284318 15 2 96393
284328 15 4 96922
284330 15 22 96462
284332 15 2 96465
284334 15 2 96641
284336 15 22 96958
284344 15 10 96603
284348 15 22 96606
284386 15 24 96519
284394 15 20 96573
284460 15 24 96551
284462 15 0 96552
284464 15 22 96942
284466 15 4 97002
284468 15 10 97003
284470 15 20 97005
284536 15 20 96613
284540 15 2 96849
284542 15 4 96850
284596 15 20 96621
284604 15 2 96625
284608 15 22 96334
284612 15 4 96786
284616 15 10 96851
284618 15 24 96855
284620 15 0 97008
284624 15 24 96463
284626 15 0 96464
284628 15 0 96488
284630 15 2 96489
284632 15 24 96967
284634 15 2 97105
284644 15 24 96631
284646 15 20 96653
284648 15 4 96402
284650 15 10 96403
284652 15 14 96404
284654 15 20 96605
284656 15 24 97055
284658 15 14 96476
284660 15 20 96477
284662 15 24 96479
284664 15 20 96509
284666 15 24 96511
284668 15 0 96968
284670 15 4 97122
284674 15 22 96478
284676 15 0 96480
284678 15 2 96481
284680 15 10 96483
284682 15 14 96964
284684 15 10 97123
284688 15 4 96482
284690 15 14 96484
284692 15 20 96485
284694 15 24 96487
284696 15 20 96965
284698 15 14 97124
284702 15 22 96486
284706 15 4 96490
284708 15 10 96491
284710 15 22 96966
284712 15 20 97125
284728 15 22 96614
284730 15 24 96423
284734 15 10 96811
284742 15 2 96497
284744 15 10 96499
284746 15 24 96607
284748 15 22 96974
284750 15 14 97116
284754 15 4 96498
284756 15 14 96500
284758 15 20 96501
284760 15 22 96502
284762 15 24 96975
284764 15 20 97117
284768 15 24 96503
284770 15 0 96504
284772 15 2 96513
284774 15 4 96514
284776 15 0 96976
284778 15 22 97118
284780 15 2 96505
284782 15 10 96507
284784 15 14 96508
284786 15 0 96608
284788 15 0 97120
284792 15 4 96506
284796 15 22 96510
284798 15 0 96512
284800 15 2 96977
284802 15 2 97121
284806 15 10 96515
284808 15 14 96516
284810 15 4 96522
284812 15 20 96525
284814 15 20 96989
284816 15 22 97126
284820 15 10 96523
284822 15 14 96524
284824 15 22 96526
284826 15 24 96527
284828 15 22 96990
284830 15 24 97127
284834 15 0 96528
284836 15 2 96529
284838 15 10 96947
284840 15 14 96948
284842 15 22 96950
284844 15 0 97128
284846 15 4 96530
284848 15 10 96531
284850 15 14 96532
284852 15 10 96611
284854 15 4 97130
284858 15 20 96533
284862 15 0 96536
284864 15 2 96537
284866 15 24 96991
284868 15 10 97131
284876 15 10 96827
284888 15 22 96638
284892 15 2 96697
284896 15 4 96274
284898 15 10 96355
284900 15 24 96807
284916 15 24 96495
284918 15 14 96652
284920 15 2 96769
284932 15 4 96658
284934 15 10 96659
284938 15 10 96755
284940 15 10 97043
284942 15 22 97046
284946 15 14 96668
284948 15 22 96670
284950 15 0 96784
284952 15 24 96455
284956 15 0 96872
284966 15 24 96719
284968 15 4 96794
284972 15 14 96660
284978 15 4 96674
284980 15 24 96783
284982 15 22 96470
284984 15 10 96539
284986 15 10 96547
284988 15 14 96548
284990 15 22 96550
284992 15 22 96878
284994 15 14 97028
284998 15 20 96549
285004 15 2 97033
285052 15 0 96680
285054 15 2 96793
285102 15 4 96386
285106 15 20 97045
285110 15 22 97110
285114 15 20 96405
285118 15 0 96736
285132 15 0 96688
285134 15 10 96795
285144 15 22 96694
285146 15 22 96798
285148 15 14 96492
285150 15 2 96737
285152 15 14 96740
285156 15 14 97012
285160 15 20 96597
285162 15 22 96598
285164 15 24 96599
285166 15 22 96894
285170 15 2 97017
285172 15 22 96286
285174 15 24 96287
285176 15 14 96460
285178 15 10 96691
285180 15 0 96840
285182 15 4 96842
285184 15 0 96992
285202 15 14 96700
285210 15 20 96805
285216 15 0 96704
285222 15 24 96823
285228 15 10 96707
285230 15 22 96806
285244 15 2 96289
285248 15 24 96335
285250 15 24 96671
285254 15 4 96394
285256 15 20 96397
285258 15 14 96412
285262 15 2 96777
285264 15 20 96925
285268 15 14 96540
285270 15 22 96542
285272 15 2 97145
285276 15 14 96716
285278 15 22 96718
285284 15 20 96829
285288 15 24 96415
285322 15 4 96882
285324 15 22 96902
285326 15 0 97064
285328 15 10 96259
285332 15 24 96903
285334 15 2 97065
285338 15 20 96885
285340 15 0 97056
285344 15 22 96886
285346 15 2 97057
285350 15 24 96887
285352 15 4 97058
285356 15 0 96888
285358 15 10 97059
285362 15 2 96889
285364 15 14 97060
285368 15 4 96890
285370 15 14 97068
285372 15 24 96351
285374 15 2 96353
285424 15 4 96722
285426 15 10 96723
285428 15 20 96725
285430 15 20 96821
285434 15 10 96883
285436 15 24 97047
285438 15 20 96269
285442 15 20 96893
285444 15 20 97069
285446 15 14 96732
285450 15 24 96735
285452 15 10 96819
285458 15 0 96600
285464 15 22 97070
285476 15 24 96895
285480 15 24 97071
285482 15 0 96896
285484 15 0 97072
285488 15 2 96897
285490 15 2 97073
285494 15 4 96898
285496 15 4 97074
285500 15 10 96899
285502 15 10 97075
285506 15 14 96900
285508 15 20 97061
285512 15 20 96901
285514 15 22 97062
285520 15 24 97063
285522 15 0 96256
285526 15 0 96904
285528 15 4 97066
285530 15 2 96257
285534 15 2 96905
285536 15 10 97067
285538 15 4 96258
285544 15 22 97054
285584 15 14 96724
285588 15 20 96757
285592 15 14 96828
285594 15 24 96551
285596 15 2 96809
285598 15 4 97010
285600 15 10 97011
285602 15 4 97018
285606 15 22 96734
285610 15 4 96762
285612 15 14 96764
285614 15 0 96832
285620 15 0 96760
285624 15 10 96771
285636 15 22 96590
285670 15 14 96780
285674 15 4 96834
285684 15 4 97106
285686 15 24 97143
285690 15 24 96327
285702 15 22 96382
285704 15 24 96383
285706 15 20 96797
285710 15 2 96857
285716 15 4 96378
285720 15 22 96398
285728 15 22 96438
285732 15 2 96921
285734 15 24 96607
285736 15 22 96318
285738 15 2 96321
285740 15 20 96845
285744 15 14 96924
285748 15 14 96892
285750 15 2 96713
285792 15 20 96541
285798 15 4 96610
285846 15 22 96790
285850 15 20 96861
285858 15 20 97013
286004 15 0 96424
286006 15 2 96425
286008 15 14 96860
286010 15 24 96943
286014 15 2 96369
286016 15 10 96371
286022 15 2 96577
286028 15 22 96654
286030 15 0 96656
286032 15 14 97092
286034 15 20 97093
286036 15 22 97094
286038 15 0 96800
286040 15 2 96801
286042 15 4 96802
286044 15 14 96836
286046 15 20 96837
286048 15 22 96838
286050 15 0 97080
286052 15 2 97081
286054 15 20 96293
286056 15 22 96294
286060 15 10 96787
286104 15 0 97112
286106 15 4 97114
286148 15 14 96804
286150 15 2 96881
286156 15 0 96352
286158 15 4 96354
286168 15 22 96998
286176 15 4 96666
286192 15 10 96875
286194 15 24 97079
286198 15 4 97138
286200 15 10 97139
286230 15 24 96575
286234 15 22 97086
286236 15 24 97087
286238 15 4 97146
286240 15 4 96282
286242 15 10 96283
286244 15 14 96284
286246 15 10 96867
286248 15 2 96993
286250 15 10 96995
286252 15 14 96996
286256 15 2 97089
286258 15 20 96341
286260 15 24 96343
286264 15 10 96683
286266 15 20 96685
286268 15 20 97029
286270 15 22 97030
286276 15 24 96295
286278 15 10 96835
286280 15 22 96862
286282 15 0 96864
286284 15 2 96865
286358 15 20 96709
286360 15 22 96710
286362 15 22 97038
286364 15 14 97132
286366 15 20 97133
286404 15 22 96390
286414 15 24 96815
286416 15 2 96817
286418 15 4 96818
286420 15 24 96871
286426 15 4 96826
286430 15 20 97109
286442 15 10 96435
286444 15 14 96436
286446 15 20 96461
286448 15 10 96635
286452 15 20 97101
286460 15 0 96880
286464 15 0 96816
286466 15 2 96937
286468 15 10 96955
286470 15 14 96956
286508 15 4 96586
286510 15 10 96587
286512 15 20 96589
286514 15 20 96957
286516 15 4 96962
286518 15 22 97006
286540 15 2 96329
286544 15 20 96869
286546 15 14 96884
286548 15 10 96891
286552 15 0 96944
286554 15 20 97141
286584 15 10 97107
286586 15 14 97108
286588 15 20 97149
286590 15 24 97151
286592 15 14 97196
286594 15 20 97197
286596 15 24 97199
286598 15 0 97200
286600 15 2 97153
286602 15 4 97154
286604 15 0 97160
286606 15 4 97162
286608 15 10 97163
286610 15 20 97165
286612 15 10 96915
286614 15 20 96917
286618 15 22 97150
286620 15 14 97156
286622 15 22 97158
286626 15 0 96712
286628 15 20 96877
286632 15 22 97134
286634 15 24 97135
286660 15 20 96357
286662 15 24 96359
286664 15 20 96389
286694 15 4 96874
286698 15 22 96918
286700 15 2 97137
286706 15 20 97157
286740 15 2 97161
286744 15 14 97164
286746 15 22 97166
286748 15 24 97167
286750 15 0 97168
286752 15 2 97169
286758 15 4 97170
286760 15 10 97171
286762 15 14 97172
286764 15 20 97173
286766 15 22 97174
286768 15 24 97175
286774 15 0 97176
286776 15 2 97177
286778 15 4 97178
286780 15 10 97179
286782 15 22 97182
286784 15 24 97183
286790 15 14 97180
286792 15 20 97181
286794 15 0 97184
286796 15 4 97186
286798 15 10 97187
286800 15 20 97189
286804 15 2 97185
286808 15 14 97188
286810 15 22 97190
286812 15 24 97191
286814 15 4 97194
286816 15 10 97195
286822 15 0 97192
286824 15 2 97193
286826 15 4 97202
286828 15 14 97204
286830 15 20 97205
286832 15 24 97207
286836 15 22 97198
286840 15 2 97201
286842 15 10 97251
286844 15 14 97252
286846 15 22 97254
286848 15 24 97255
286852 15 10 97203
286856 15 22 97206
286858 15 0 97208
286860 15 2 97209
286862 15 4 97210
286864 15 10 97211
286870 15 14 97212
286872 15 20 97213
286874 15 22 97214
286876 15 0 97216
286878 15 2 97217
286880 15 10 97219
286884 15 24 97215
286888 15 4 97218
286890 15 14 97220
286892 15 20 97221
286894 15 22 97222
286896 15 24 97223
286902 15 0 97224
286904 15 2 97225
286906 15 4 97226
286908 15 10 97227
286910 15 14 97228
286912 15 20 97229
286918 15 22 97230
286920 15 24 97231
286922 15 0 97232
286924 15 4 97234
286926 15 10 97235
286928 15 20 97237
286932 15 2 97233
286936 15 14 97236
286938 15 22 97238
286940 15 24 97239
286942 15 4 97242
286944 15 10 97243
286950 15 0 97240
286952 15 2 97241
286954 15 14 97244
286956 15 20 97245
286958 15 22 97246
286960 15 24 97247
286966 15 0 97248
286968 15 2 97249
286972 15 20 97253
286976 15 0 97256
286978 15 2 97257
286980 15 4 97258
286982 15 10 97259
286984 15 14 97260
286990 15 20 97261
286992 15 22 97262
286994 15 24 97263
286996 15 4 97266
286998 15 10 97267
287000 15 14 97268
287004 15 0 97264
287006 15 2 97265
287010 15 20 97269
287012 15 22 97270
287014 15 24 97271
287016 15 0 97272
287022 15 2 97273
287024 15 4 97274
287026 15 10 97275
287028 15 14 97276
287030 15 20 97277
287032 15 22 97278
287038 15 24 97279
287042 15 4 96370
287052 15 4 96946
287056 15 24 96319
287058 15 2 96737
287060 15 4 96738
287062 15 10 96739
287068 15 14 96700
287070 15 22 96702
287102 15 22 96374
287104 15 4 96690
287108 15 4 96994
287114 15 4 97090
287116 15 22 96926
287118 15 0 96928
287120 15 2 96929
287128 15 10 96819
287150 15 4 97034
287152 15 20 97037
287154 15 0 97024
287156 15 2 97025
287160 15 10 96275
287162 15 24 96831
287184 15 4 96290
287186 15 2 96313
287190 15 4 96634
287196 15 24 97023
287198 15 24 97111
287200 15 24 97159
287218 15 24 96839
287222 15 10 97027
287226 15 2 97113
287230 15 10 97155
287232 15 2 96361
287234 15 10 96363
287238 15 24 96655
287240 15 2 96657
287242 15 22 96774
287244 15 24 96775
287248 15 4 96906
287250 15 14 96908
287256 15 24 97039
287338 15 24 96823
287404 15 2 96825
287408 15 20 96997
287410 15 10 97019
287412 15 20 97021
287414 15 22 97022
287426 15 14 96828
287454 15 20 96413
287462 15 14 96876
287466 15 14 96916
287476 15 14 97020
287478 15 10 97099
287544 15 4 96274
287550 15 0 96552
287552 15 4 96554
287554 15 4 97002
287556 15 20 97005
287558 15 0 97040
287560 15 4 96386
287562 15 0 96616
287564 15 4 97082
287570 15 4 97042
287582 15 0 96592
287584 15 2 96593
287590 15 22 97014
287638 15 0 96280
287642 15 24 96863
287646 15 4 97018
287652 15 10 97035
287662 15 4 96618
287664 15 10 96811
287666 15 4 96810
287668 15 22 96910
287670 15 24 96911
287672 15 10 96931
287676 15 10 97003
287678 15 14 97004
287724 15 20 96853
287764 15 2 96297
287798 15 4 96298
287808 15 10 96299
287818 15 14 96300
287852 15 20 96301
287870 15 24 96303
287886 15 24 96311
287896 15 0 96312
287938 15 22 96302
287944 15 0 96304
287946 15 4 96306
287948 15 10 96307
287950 15 14 96308
287952 15 20 96309
287954 15 22 96310
287958 15 0 96344
287962 15 14 96932
287964 15 24 96935
287966 15 24 97103
287998 15 24 96375
288000 15 22 96382
288002 15 2 96385
288004 15 20 97077
288012 15 4 96594
288022 15 22 96342
288024 15 0 96920
288028 15 4 97026
288032 15 0 97032
288034 15 2 96281
288036 15 10 96555
288038 15 14 96556
288040 15 0 96856
288042 15 10 96859
288064 15 20 96349
288068 15 20 96949
288070 15 22 96950
288080 15 24 97031
288084 15 14 97036
288092 15 4 96938
288094 15 20 96941
288102 15 20 96933
288104 15 22 96934
288110 15 22 97078
288114 15 10 96395
288116 15 22 96406
288170 15 0 96376
288172 15 10 96923
288174 15 20 96261
288176 15 2 96345
288178 15 4 96346
288184 15 0 96360
288186 15 22 96414
288284 15 24 96423
288298 15 14 96420
288300 15 22 96534
288302 15 0 96536
288304 15 4 96954
288306 15 20 96317
288308 15 20 96421
288312 15 14 96364
288318 15 24 96407
288350 15 14 96388
288386 15 4 96322
288388 15 24 96415
288390 15 2 96417
288392 15 24 96671
288406 15 0 97152
288434 15 0 96432
288436 15 22 96462
288438 15 24 96463
288440 15 22 96958
288442 15 22 96662
288444 15 24 96663
288450 15 10 97091
288452 15 0 97104
288454 15 22 96422
288456 15 10 96691
288464 15 2 96665
288466 15 4 96866
288476 15 0 96440
288478 15 14 96476
288480 15 20 96477
288482 15 14 96964
288484 15 2 96441
288486 15 0 96480
288488 15 10 96483
288490 15 20 96965
288492 15 4 96442
288494 15 14 96484
288496 15 24 96487
288498 15 22 96966
288500 15 10 96443
288502 15 0 96488
288504 15 4 96490
288506 15 24 96967
288508 15 22 96446
288510 15 20 96509
288512 15 0 96512
288514 15 0 96968
288516 15 24 96447
288518 15 2 96497
288520 15 4 96498
288522 15 22 96974
288524 15 0 96448
288526 15 20 96501
288528 15 24 96503
288530 15 24 96975
288532 15 2 96449
288534 15 2 96513
288536 15 14 96516
288538 15 0 96976
288540 15 4 96450
288542 15 4 96522
288544 15 10 96523
288546 15 20 96989
288548 15 10 96451
288550 15 22 96526
288554 15 22 96990
288556 15 14 96452
288562 15 4 96930
288564 15 20 96453
288566 15 4 96530
288568 15 10 96531
288570 15 24 96991
288572 15 22 96454
288574 15 2 96505
288576 15 10 96507
288596 15 22 96942
288598 15 10 97011
288626 15 14 97044
288632 15 0 96264
288634 15 22 96782
288640 15 10 96291
288642 15 2 97049
288644 15 10 97051
288646 15 0 97096
288658 15 4 97146
288682 15 0 96664
288684 15 24 97007
288686 15 0 97048
288688 15 0 96328
288690 15 10 96331
288692 15 2 96425
288720 15 22 96830
288750 15 14 96492
288788 15 10 96803
288792 15 10 96875
288796 15 10 97139
288800 15 22 96398
288802 15 2 96401
288824 15 10 96539
288828 15 10 96547
288830 15 4 96610
288836 15 2 97145
288838 15 2 96337
288840 15 10 96339
288842 15 2 97009
288858 15 14 97132
288878 15 22 97094
288880 15 24 97095
288882 15 20 97061
288884 15 22 97102
288886 15 24 97119
288888 15 4 97250
288890 15 22 96270
288908 15 2 96465
288910 15 2 96641
288912 15 24 97047
288914 15 2 97105
288916 15 10 96387
288918 15 14 96444
288922 15 20 96557
288924 15 24 96847
288962 15 14 96796
288970 15 22 97150
288974 15 0 96464
288978 15 2 96489
288980 15 22 97054
288984 15 20 97125
288986 15 14 96812
288996 15 4 96402
288998 15 10 96403
289000 15 24 97055
289002 15 0 97056
289004 15 10 97115
289006 15 2 97057
289010 15 14 97116
289014 15 10 96499
289016 15 4 97058
289020 15 20 97117
289024 15 14 96500
289028 15 22 96502
289030 15 10 97059
289034 15 22 97118
289038 15 0 96504
289042 15 4 96514
289044 15 14 97060
289048 15 22 97126
289052 15 14 96508
289054 15 22 97062
289058 15 0 97120
289062 15 4 96506
289066 15 22 96510
289068 15 24 97063
289072 15 2 97121
289076 15 24 96479
289080 15 24 96511
289082 15 0 97064
289086 15 4 97122
289090 15 22 96478
289094 15 2 96481
289096 15 2 97065
289100 15 10 97123
289104 15 4 96482
289108 15 20 96485
289110 15 4 97066
289114 15 14 97124
289118 15 22 96486
289122 15 10 96491
289124 15 10 97067
289140 15 10 96259
289142 15 20 96277
289150 15 20 96813
289164 15 10 96515
289168 15 20 96525
289170 15 14 97068
289174 15 24 97127
289178 15 14 96524
289182 15 24 96527
289184 15 20 97069
289188 15 0 97128
289192 15 0 96528
289194 15 20 96597
289200 15 14 96948
289206 15 22 96318
289208 15 0 96320
289210 15 24 97071
289212 15 2 97129
289216 15 14 96532
289218 15 0 97072
289222 15 4 97130
289226 15 20 96533
289230 15 2 96537
289232 15 2 97073
289236 15 10 97131
289238 15 0 96456
289240 15 4 96458
289244 15 24 96535
289246 15 4 97074
289250 15 0 97136
289254 15 10 96459
289256 15 10 97075
289266 15 22 97166
289270 15 0 97168
289272 15 2 97169
289296 15 24 97183
289304 15 4 97186
289306 15 10 97187
289308 15 20 97189
289316 15 24 97191
289320 15 10 97195
289324 15 2 97193
289330 15 20 97205
289336 15 10 97203
289342 15 4 97210
289350 15 22 97214
289354 15 2 97217
289356 15 10 97219
289372 15 0 97224
289384 15 22 97230
289386 15 0 97232
289392 15 20 97237
289414 15 22 97246
289416 15 24 97247
289422 15 10 97251
289428 15 24 97255
289436 15 20 97253
289438 15 2 97257
289440 15 4 97258
289442 15 10 97259
289444 15 14 97260
289452 15 4 97266
289454 15 10 97267
289476 15 14 97276
289480 15 22 97278
289490 15 2 96265
289492 15 14 96268
289498 15 20 96293
289500 15 22 96294
289502 15 10 96787
289504 15 14 96820
289506 15 22 96822
289510 15 10 97155
289512 15 10 96323
289514 15 20 96357
289516 15 20 96389
289518 15 20 96437
289520 15 10 96355
289524 15 22 96414
289532 15 0 96392
289534 15 10 97083
289538 15 2 96929
289544 15 10 96283
289546 15 10 96867
289548 15 2 96993
289554 15 0 96280
289556 15 22 96862
289558 15 24 96863
289562 15 4 97098
289564 15 14 96852
289566 15 14 96892
289572 15 14 96316
289576 15 0 96592
289578 15 10 96595
289582 15 10 96275
289592 15 14 96540
289594 15 24 96879
289598 15 2 96833
289604 15 10 96907
289606 15 4 96682
289608 15 10 96683
289610 15 20 96853
289612 15 0 96960
289614 15 2 96961
289644 15 24 96359
289650 15 0 96576
289668 15 2 96921
289672 15 2 96321
289674 15 14 96924
289676 15 4 96586
289678 15 10 96587
289682 15 0 96840
289684 15 4 96842
289696 15 14 97020
289700 15 10 97099
289718 15 0 96880
289722 15 2 97097
289726 15 24 96351
289728 15 4 96354
289734 15 22 96998
289736 15 22 96422
289750 15 22 97142
289754 15 4 96554
289758 15 4 97010
289760 15 0 97040
289794 15 4 96738
289800 15 20 96365
289802 15 24 96367
289804 15 22 96870
289806 15 4 96938
289808 15 10 96939
289810 15 14 96940
289812 15 0 97016
289826 15 24 97015
289834 15 0 97152
289844 15 4 96434
289846 15 24 96815
289848 15 14 96956
289850 15 2 97001
289874 15 22 96262
289876 15 24 96271
289882 15 22 96278
289886 15 4 96826
289908 15 14 96332
289910 15 4 96786
289914 15 4 96810
289920 15 24 96423
289924 15 10 96811
289932 15 0 97096
289944 15 10 96627
289954 15 22 96286
289956 15 24 96287
289960 15 4 96698
289962 15 10 96699
289966 15 4 96818
289968 15 0 96936
289970 15 14 96292
289972 15 2 96633
289994 15 20 97141
289996 15 10 96427
289998 15 22 96430
290000 15 24 96559
290002 15 0 96560
290008 15 10 96667
290010 15 20 96669
290012 15 20 96677
290014 15 22 96678
290016 15 24 96799
290018 15 10 100651
290020 15 22 101198
290022 15 24 101199
290024 15 0 101200
290026 15 2 101201
290028 15 4 101202
290030 15 10 101203
290032 15 14 101204
290034 15 20 101205
290036 15 20 101245
290038 15 22 101246
290040 15 10 100659
290042 15 14 101148
290044 15 20 101149
290046 15 22 101150
290048 15 24 101151
290050 15 14 101172
290052 15 20 101173
290054 15 0 101176
290056 15 2 101177
290058 15 24 101231
290060 15 24 101239
290062 15 14 100652
290064 15 0 101152
290066 15 2 101153
290068 15 4 101154
290070 15 10 101155
290080 15 2 101233
290084 15 20 100653
290094 15 14 101156
290096 15 20 101157
290098 15 22 101158
290100 15 24 101159
290104 15 4 101234
290106 15 4 100658
290112 15 22 101174
290114 15 24 101175
290120 15 22 101238
290124 15 22 100654
290134 15 0 101160
290136 15 2 101161
290138 15 4 101162
290140 15 10 101163
290144 15 10 101235
290146 15 2 100657
290148 15 0 101168
290150 15 2 101169
290152 15 4 101170
290154 15 10 101171
290164 15 20 101237
290168 15 24 100655
290178 15 14 101164
290180 15 20 101165
290182 15 22 101166
290184 15 24 101167
290188 15 14 101236
290190 15 0 100656
290212 15 14 100700
290214 15 10 101211
290216 15 14 101212
290218 15 20 101213
290220 15 22 101214
290222 15 22 101230
290224 15 2 101265
290226 15 4 101266
290228 15 10 101267
290230 15 14 101268
290232 15 2 101273
290234 15 20 100573
290236 15 4 100666
290238 15 0 100856
290240 15 10 101043
290246 15 20 100701
290248 15 22 100702
290250 15 24 100703
290252 15 0 100704
290254 15 2 100753
290256 15 14 101044
290258 15 4 100786
290260 15 0 100560
290262 15 2 100561
290264 15 4 100562
290266 15 10 100563
290268 15 24 101247
290270 15 14 100828
290272 15 20 100829
290274 15 22 100830
290276 15 24 100831
290278 15 2 100953
290280 15 0 101248
290282 15 2 101257
290284 15 4 101258
290286 15 10 101259
290288 15 20 101269
290290 15 20 101317
290292 15 14 100492
290294 15 14 100620
290296 15 20 100621
290298 15 22 100622
290300 15 24 100623
290302 15 20 101277
290304 15 0 100672
290306 15 24 100943
290308 15 0 100944
290310 15 2 100945
290312 15 4 100946
290314 15 20 100645
290316 15 14 100644
290318 15 10 100643
290320 15 4 100642
290322 15 2 100641
290324 15 0 100640
290326 15 24 100639
290328 15 22 100638
290330 15 20 100637
290332 15 14 100636
290334 15 10 100635
290336 15 4 100634
290338 15 4 101010
290340 15 20 100917
290342 15 24 100663
290344 15 22 100662
290346 15 22 100646
290348 15 24 100647
290350 15 0 100648
290352 15 2 100649
290354 15 4 100650
290374 15 20 100405
290376 15 20 100613
290378 15 20 101229
290380 15 10 100675
290382 15 14 100676
290384 15 20 100677
290386 15 22 100678
290396 15 22 100542
290398 15 20 100469
290400 15 22 100574
290402 15 0 100712
290404 15 0 100992
290406 15 2 101281
290408 15 0 100392
290410 15 2 100393
290412 15 4 100394
290414 15 2 100633
290416 15 14 100692
290418 15 14 100556
290420 15 10 100715
290424 15 2 100569
290426 15 4 100570
290428 15 14 100572
290430 15 2 100665
290432 15 0 100832
290434 15 0 101032
290436 15 2 101033
290438 15 4 101034
290440 15 10 101035
290442 15 10 101011
290444 15 4 101282
290450 15 22 100470
290452 15 0 100472
290454 15 24 100479
290456 15 0 100480
290458 15 2 100481
290460 15 4 100482
290462 15 0 100616
290464 15 2 100617
290466 15 14 100884
290468 15 20 100885
290470 15 22 100886
290472 15 24 100887
290474 15 20 100981
290476 15 0 101256
290478 15 14 101324
290480 15 20 101341
290482 15 0 100552
290484 15 2 100553
290486 15 4 100554
290488 15 10 100555
290490 15 22 100966
290492 15 24 100967
290494 15 0 100968
290496 15 2 100969
290498 15 0 100384
290500 15 2 100385
290502 15 0 100496
290504 15 10 100947
290506 15 24 100959
290508 15 2 100961
290510 15 4 100962
290512 15 10 100963
290514 15 14 100964
290516 15 2 101329
290522 15 0 100728
290524 15 0 100752
290526 15 4 100794
290528 15 14 100804
290530 15 22 100974
290532 15 10 100995
290536 15 24 101327
290538 15 14 100668
290540 15 20 100669
290542 15 22 100670
290544 15 24 100671
290546 15 22 100718
290548 15 20 101325
290550 15 2 101337
290552 15 4 101338
290554 15 10 101339
290556 15 14 101340
290558 15 22 101374
290562 15 2 100673
290564 15 10 100771
290566 15 0 100904
290568 15 10 100939
290570 15 4 101370
290582 15 10 101275
290584 15 24 100615
290586 15 20 100717
290588 15 22 100814
290590 15 24 100815
290592 15 0 100816
290594 15 2 100817
290596 15 4 100898
290598 15 4 100618
290600 15 24 100687
290602 15 4 100882
290604 15 2 100417
290606 15 4 100418
290608 15 4 100706
290610 15 22 100982
290612 15 24 100991
290614 15 14 100580
290616 15 20 100581
290618 15 22 100582
290620 15 24 100583
290622 15 24 101271
290624 15 2 100769
290632 15 20 100477
290634 15 10 100883
290636 15 24 100999
290640 15 0 100576
290642 15 2 100577
290644 15 4 100578
290646 15 10 100579
290648 15 24 101207
290654 15 24 100679
290666 15 24 101279
290676 15 22 100822
290678 15 10 101283
290680 15 2 100353
290682 15 4 100354
290684 15 10 100355
290686 15 14 100628
290688 15 4 100682
290690 15 20 101293
290692 15 24 101319
290694 15 0 101320
290696 15 2 101321
290698 15 4 101322
290700 15 10 101323
290706 15 20 100813
290708 15 20 101285
290710 15 20 101037
290712 15 22 101038
290714 15 24 101039
290716 15 0 101040
290718 15 10 100739
290720 15 24 100559
290722 15 10 100803
290724 15 10 101027
290726 15 24 101215
290728 15 14 101292
290738 15 22 101294
290740 15 14 100932
290742 15 24 101295
290744 15 20 100661
290746 15 0 101296
290748 15 2 101297
290750 15 4 101298
290752 15 0 100744
290754 15 2 100745
290756 15 4 100746
290758 15 10 100747
290760 15 4 100938
290762 15 10 101299
290764 15 14 101300
290766 15 20 101301
290768 15 22 101302
290772 15 0 101304
290774 15 24 101303
290776 15 2 101305
290778 15 4 101306
290780 15 14 101308
290782 15 10 101307
290784 15 20 101309
290786 15 22 101310
290788 15 24 101311
290790 15 0 101312
290792 15 2 100873
290794 15 10 100875
290796 15 24 100903
290798 15 14 100940
290800 15 2 101313
290802 15 4 101314
290804 15 10 101315
290806 15 14 100764
290808 15 22 100494
290810 15 2 100833
290812 15 4 100834
290814 15 10 100835
290816 15 14 100836
290818 15 14 101364
290820 15 4 101330
290822 15 10 101331
290824 15 14 101332
290826 15 20 101333
290828 15 14 101372
290830 15 10 101371
290836 15 20 100357
290838 15 22 100358
290840 15 24 100359
290842 15 0 100360
290844 15 20 101357
290846 15 24 100383
290848 15 2 100793
290850 15 10 101363
290856 15 4 100770
290858 15 0 101336
290860 15 4 100818
290862 15 10 100819
290864 15 14 100820
290866 15 20 100821
290868 15 4 100826
290870 15 2 101369
290882 15 22 100406
290892 15 10 100827
290896 15 24 101375
290900 15 14 100748
290902 15 20 100749
290904 15 24 100751
290906 15 20 100765
290908 15 22 100766
290910 15 0 100768
290912 15 10 100795
290914 15 10 100899
290916 15 14 100900
290918 15 20 100901
290920 15 0 100952
290922 15 4 100954
290934 15 20 101373
290946 15 0 100840
290948 15 0 100848
290952 15 14 100388
290954 15 20 100389
290956 15 22 100390
290958 15 24 100391
290960 15 4 101354
290962 15 14 100772
290964 15 22 100774
290966 15 22 101342
290968 15 24 100775
290970 15 24 100791
290972 15 2 100777
290974 15 4 100778
290976 15 10 100779
290984 15 14 100412
290986 15 0 100776
290988 15 14 100780
290990 15 20 100781
290992 15 20 100789
290994 15 22 100790
290996 15 22 100782
290998 15 24 100783
291000 15 0 100784
291002 15 10 100787
291004 15 14 100788
291006 15 0 101344
291010 15 24 100471
291014 15 2 100473
291018 15 20 100757
291020 15 22 100758
291022 15 24 100759
291024 15 0 100760
291030 15 24 100767
291034 15 22 100798
291038 15 10 101347
291046 15 14 100356
291050 15 4 100370
291052 15 10 100371
291054 15 14 100372
291056 15 20 100373
291058 15 2 101353
291060 15 0 100352
291062 15 20 101349
291064 15 0 100896
291066 15 20 100365
291068 15 22 100366
291070 15 24 100367
291072 15 0 100368
291074 15 0 101328
291092 15 14 100460
291110 15 14 100756
291112 15 2 100361
291114 15 4 100362
291116 15 10 100363
291118 15 14 100364
291120 15 22 101350
291122 15 4 100378
291124 15 10 100379
291126 15 14 100380
291128 15 20 100381
291130 15 22 101334
291132 15 4 100762
291134 15 10 100915
291136 15 10 100539
291138 15 20 100557
291140 15 2 100937
291142 15 22 100998
291144 15 0 100424
291146 15 2 100425
291148 15 4 100426
291150 15 10 100427
291152 15 14 101356
291154 15 4 100450
291156 15 10 100451
291158 15 14 100452
291160 15 20 100453
291162 15 10 101355
291170 15 10 100395
291174 15 14 100516
291176 15 20 100413
291178 15 22 100414
291180 15 24 100415
291182 15 0 100416
291184 15 4 101346
291186 15 2 100369
291188 15 20 100429
291190 15 22 100430
291192 15 24 100431
291194 15 0 100432
291196 15 14 101348
291198 15 22 100398
291200 15 24 100399
291202 15 0 100400
291204 15 2 100401
291206 15 24 101343
291208 15 0 100600
291210 15 22 100382
291212 15 4 100434
291214 15 10 100435
291216 15 14 100436
291218 15 20 100437
291220 15 24 101351
291222 15 24 100407
291224 15 0 100408
291226 15 2 100409
291228 15 4 100410
291230 15 2 101345
291232 15 22 100374
291234 15 24 100375
291236 15 0 100376
291238 15 2 100377
291240 15 20 100973
291244 15 14 100396
291248 15 4 100442
291250 15 10 100443
291252 15 14 100444
291254 15 20 100445
291256 15 0 101352
291258 15 22 100838
291260 15 4 100810
291270 15 24 100519
291272 15 0 100824
291274 15 2 100825
291276 15 10 100531
291278 15 14 100532
291280 15 24 100535
291304 15 10 100411
291308 15 4 100994
291312 15 14 100404
291316 15 22 100438
291318 15 24 100439
291320 15 0 100440
291322 15 2 100441
291324 15 4 101362
291326 15 4 101250
291344 15 10 100467
291364 15 14 100428
291378 15 20 100485
291390 15 0 101144
291392 15 2 101145
291394 15 4 101146
291396 15 10 101147
291398 15 2 101249
291400 15 10 100851
291402 15 14 100852
291404 15 20 100853
291406 15 22 100854
291408 15 22 101046
291410 15 24 101047
291412 15 0 101048
291414 15 2 101049
291420 15 10 100419
291426 15 22 100446
291428 15 24 100447
291430 15 0 100448
291432 15 2 100449
291434 15 2 101361
291442 15 2 101009
291454 15 4 100458
291466 15 4 100970
291478 15 10 100459
291540 15 2 100465
291560 15 20 100461
291562 15 22 100462
291564 15 24 100463
291566 15 0 100464
291568 15 22 101358
291580 15 2 100713
291586 15 2 100433
291588 15 14 100476
291592 15 22 100454
291594 15 24 100455
291596 15 0 100456
291598 15 2 100457
291600 15 2 100705
291618 15 10 100475
291636 15 14 100420
291638 15 20 100421
291640 15 22 100422
291642 15 24 100423
291644 15 14 100468
291646 15 20 100509
291648 15 14 100564
291650 15 20 100565
291652 15 22 100566
291654 15 24 100567
291656 15 0 100792
291658 15 20 100805
291660 15 22 100806
291662 15 24 100807
291664 15 0 100808
291666 15 4 101042
291680 15 14 101060
291682 15 20 101061
291684 15 22 101062
291686 15 24 101063
291688 15 10 101075
291692 15 14 101212
291694 15 20 101213
291696 15 22 101214
291698 15 22 101230
291704 15 20 100933
291706 15 22 100934
291708 15 0 100936
291712 15 22 101278
291730 15 22 100478
291754 15 2 100961
291758 15 10 100963
291760 15 14 100964
291764 15 2 100545
291766 15 14 100548
291768 15 20 100709
291770 15 22 100710
291772 15 20 100773
291774 15 2 100785
291790 15 10 100499
291792 15 0 100504
291810 15 2 100977
291828 15 22 100486
291860 15 2 100769
291862 15 14 100892
291864 15 20 100893
291866 15 22 100894
291868 15 24 100895
291870 15 0 100960
291872 15 0 101272
291876 15 14 100980
291878 15 22 101326
291886 15 4 100554
291890 15 20 100629
291892 15 22 100630
291894 15 24 100631
291896 15 0 100632
291898 15 14 101316
291914 15 24 100495
291916 15 4 100498
291948 15 10 100491
291984 15 2 100505
292036 15 22 100942
292054 15 20 100501
292072 15 14 100708
292074 15 2 101265
292076 15 4 101266
292078 15 10 101267
292080 15 14 101268
292082 15 2 101273
292094 15 24 101071
292096 15 0 101072
292098 15 2 101073
292100 15 4 101074
292102 15 4 101210
292154 15 22 100750
292158 15 0 100952
292160 15 14 100628
292162 15 4 101066
292182 15 22 100502
292208 15 14 100900
292212 15 22 100902
292214 15 2 100497
292232 15 10 100515
292262 15 10 100699
292280 15 10 100507
292298 15 20 100517
292302 15 4 100570
292304 15 10 100571
292308 15 24 100591
292310 15 0 100592
292312 15 2 100593
292314 15 4 100594
292316 15 22 100614
292320 15 14 100716
292322 15 0 100984
292334 15 4 100490
292350 15 24 100943
292352 15 0 100944
292354 15 2 100945
292356 15 4 100946
292358 15 20 101365
292360 15 22 101366
292362 15 24 101367
292364 15 0 101368
292366 15 24 100487
292368 15 0 100688
292370 15 2 100689
292372 15 4 100690
292374 15 10 100691
292376 15 20 100701
292378 15 22 100702
292380 15 24 100703
292382 15 14 100796
292384 15 14 101252
292386 15 20 101253
292388 15 22 101254
292390 15 24 101255
292410 15 14 100508
292432 15 24 100615
292438 15 24 100935
292442 15 20 100997
292452 15 24 100511
292454 15 0 100512
292456 15 2 100513
292458 15 4 100514
292460 15 10 101067
292462 15 14 101068
292464 15 20 101069
292466 15 22 101070
292468 15 2 101257
292470 15 4 101258
292472 15 10 101259
292474 15 14 101260
292476 15 14 100500
292478 15 22 100550
292480 15 24 100551
292482 15 2 100609
292484 15 4 100642
292522 15 24 100559
292528 15 22 100534
292530 15 22 100510
292532 15 4 100506
292544 15 0 100704
292546 15 24 100743
292548 15 2 100753
292550 15 22 100966
292574 15 0 100544
292576 15 2 101041
292584 15 14 100828
292586 15 20 100829
292588 15 24 100831
292590 15 2 100953
292598 15 20 101269
292600 15 14 100492
292602 15 10 100771
292632 15 20 101045
292634 15 22 101270
292646 15 22 100518
292648 15 24 100823
292650 15 10 100523
292652 15 4 100466
292658 15 20 100525
292660 15 0 100520
292662 15 2 100521
292664 15 4 100522
292666 15 2 100537
292668 15 14 100524
292670 15 22 100526
292672 15 24 100527
292674 15 0 100528
292676 15 2 100529
292678 15 4 100530
292680 15 20 100533
292682 15 0 100536
292684 15 20 100613
292690 15 4 100546
292692 15 10 100547
292696 15 2 100849
292698 15 14 100884
292700 15 20 100885
292702 15 22 100886
292704 15 24 100887
292706 15 0 101256
292708 15 0 100696
292710 15 10 100683
292712 15 14 100684
292714 15 20 100685
292716 15 22 100686
292718 15 24 100799
292720 15 0 100800
292722 15 2 100801
292724 15 4 100802
292726 15 24 100855
292728 15 0 100888
292730 15 2 100889
292732 15 4 100890
292734 15 10 100891
292736 15 4 100978
292738 15 10 100979
292756 15 20 100397
292758 15 4 100474
292760 15 0 100664
292762 15 4 100674
292764 15 20 100693
292766 15 22 100694
292774 15 14 100804
292782 15 22 100982
292784 15 20 100405
292786 15 10 100483
292788 15 14 100660
292790 15 24 100695
292792 15 2 100697
292794 15 4 100698
292806 15 22 100830
292810 15 20 101317
292826 15 20 101325
292830 15 14 100580
292832 15 20 100581
292836 15 10 100667
292838 15 2 100761
292840 15 4 100762
292842 15 0 101240
292844 15 24 101287
292864 15 24 101055
292866 15 0 101056
292868 15 2 101057
292870 15 4 101058
292872 15 20 101085
292884 15 22 100974
292908 15 24 101063
292926 15 4 101050
292928 15 10 101051
292930 15 14 101052
292932 15 20 101053
292934 15 22 100590
292936 15 22 100654
292938 15 10 100707
292940 15 24 100727
292942 15 2 100729
292954 15 10 100955
292956 15 14 100956
292958 15 22 100958
292970 15 20 101077
292972 15 24 101079
292974 15 0 101080
292978 15 22 101078
292984 15 22 101206
292986 15 2 101081
292988 15 4 101082
292990 15 10 101083
292992 15 14 101084
292994 15 0 101208
292996 15 10 101027
293002 15 10 100595
293004 15 2 100641
293006 15 0 100720
293012 15 0 101088
293014 15 2 101089
293016 15 4 101090
293018 15 10 101091
293020 15 2 101209
293026 15 10 101211
293028 15 14 101212
293032 15 22 101214
293036 15 14 101140
293038 15 20 101141
293040 15 22 101142
293042 15 24 101143
293044 15 0 101216
293046 15 0 101136
293048 15 2 101137
293050 15 4 101138
293052 15 10 101139
293054 15 2 101217
293056 15 14 101132
293058 15 20 101133
293060 15 22 101134
293062 15 24 101135
293064 15 4 101218
293066 15 0 101128
293068 15 2 101129
293070 15 4 101130
293072 15 10 101131
293074 15 10 101219
293076 15 14 101124
293078 15 20 101125
293080 15 22 101126
293082 15 24 101127
293084 15 14 101220
293086 15 0 101120
293088 15 2 101121
293090 15 4 101122
293092 15 10 101123
293094 15 20 101221
293096 15 14 101116
293098 15 20 101117
293100 15 22 101118
293102 15 24 101119
293104 15 22 101222
293106 15 0 101112
293108 15 2 101113
293110 15 4 101114
293112 15 10 101115
293114 15 24 101223
293116 15 14 101108
293118 15 20 101109
293120 15 22 101110
293122 15 24 101111
293124 15 0 101224
293126 15 0 101104
293128 15 2 101105
293130 15 4 101106
293132 15 10 101107
293134 15 2 101225
293136 15 14 101100
293138 15 20 101101
293140 15 22 101102
293142 15 24 101103
293144 15 4 101226
293146 15 0 101096
293148 15 2 101097
293150 15 4 101098
293152 15 10 101099
293154 15 10 101227
293156 15 14 101092
293158 15 20 101093
293160 15 22 101094
293162 15 24 101095
293164 15 14 101228
293166 15 4 101178
293168 15 10 101179
293170 15 14 101180
293172 15 20 101181
293174 15 0 101232
293176 15 14 101148
293178 15 20 101149
293180 15 22 101150
293182 15 24 101151
293184 15 24 101231
293186 15 22 101182
293188 15 24 101183
293190 15 0 101184
293192 15 2 101185
293194 15 2 101241
293196 15 4 101186
293198 15 10 101187
293200 15 14 101188
293202 15 20 101189
293204 15 4 101242
293206 15 22 101190
293208 15 24 101191
293210 15 0 101192
293212 15 2 101193
293214 15 10 101243
293216 15 4 101194
293218 15 10 101195
293220 15 14 101196
293222 15 20 101197
293224 15 14 101244
293226 15 22 101198
293228 15 24 101199
293230 15 0 101200
293232 15 2 101201
293234 15 20 101245
293236 15 4 101202
293238 15 10 101203
293240 15 14 101204
293242 15 20 101205
293244 15 22 101246
293246 15 0 101152
293248 15 2 101153
293250 15 4 101154
293252 15 10 101155
293254 15 2 101233
293256 15 14 101172
293258 15 20 101173
293260 15 0 101176
293262 15 2 101177
293264 15 24 101239
293266 15 14 101156
293268 15 20 101157
293270 15 22 101158
293272 15 24 101159
293274 15 4 101234
293280 15 22 101174
293282 15 24 101175
293284 15 22 101238
293286 15 0 101160
293288 15 2 101161
293290 15 4 101162
293292 15 10 101163
293294 15 10 101235
293296 15 0 101168
293298 15 2 101169
293300 15 4 101170
293302 15 10 101171
293304 15 20 101237
293306 15 14 101164
293308 15 20 101165
293310 15 22 101166
293312 15 24 101167
293314 15 14 101236
293316 15 20 100469
293318 15 22 100574
293320 15 0 100992
293330 15 20 100853
293332 15 22 100854
293334 15 20 101261
293336 15 22 101262
293338 15 24 101263
293340 15 0 101264
293342 15 4 101274
293344 15 24 100999
293358 15 2 101265
293366 15 2 101273
293368 15 0 100712
293370 15 14 100612
293372 15 20 100797
293386 15 4 100418
293388 15 24 100991
293390 15 14 100484
293392 15 2 100497
293410 15 10 101059
293422 15 2 101337
293424 15 4 101338
293426 15 10 101339
293428 15 14 101340
293436 15 20 100557
293438 15 4 100858
293440 15 24 100479
293442 15 0 100480
293444 15 2 100481
293446 15 4 100482
293448 15 20 101341
293452 15 22 101030
293454 15 2 100673
293456 15 10 100939
293462 15 20 100957
293466 15 24 100975
293476 15 20 100965
293478 15 22 101046
293480 15 24 101047
293482 15 0 101048
293484 15 2 101049
293506 15 0 100672
293508 15 24 100679
293510 15 4 100930
293512 15 24 101375
293536 15 22 100582
293542 15 2 100705
293560 15 22 101278
293570 15 4 101250
293594 15 14 101324
293612 15 2 100985
293624 15 22 100998
293626 15 24 100503
293628 15 24 100543
293630 15 0 100680
293632 15 2 100681
293642 15 10 100971
293644 15 20 101045
293646 15 0 101272
293650 15 24 101319
293652 15 0 101320
293654 15 2 101321
293656 15 4 101322
293660 15 24 100815
293666 15 22 101286
293668 15 0 91568
293670 15 24 91511
293672 15 10 91243
293674 15 10 92139
293676 15 4 91530
293678 15 22 91798
293682 15 14 91892
293684 15 22 92150
293686 15 2 91865
293692 15 24 92159
293694 15 0 91488
293700 15 24 91551
293702 15 10 92155
293706 15 24 91223
293714 15 20 91613
293716 15 10 91811
293720 15 20 91637
293722 15 0 91544
293724 15 2 91401
293726 15 14 91388
293728 15 22 91558
293730 15 24 91663
293732 15 14 91596
293734 15 0 91600
293736 15 14 91604
293738 15 14 91564
293740 15 14 91572
293742 15 0 91576
293744 15 14 91580
293746 15 14 91588
293748 15 0 91592
293750 15 2 91609
293752 15 22 91622
293754 15 10 91507
293756 15 20 91629
293758 15 2 91633
293760 15 2 91369
293762 15 0 91496
293766 15 20 91453
293768 15 2 91457
293770 15 20 91405
293772 15 2 91409
293774 15 20 91413
293776 15 2 91417
293778 15 20 91421
293780 15 2 91425
293782 15 2 91393
293784 15 0 91888
293788 15 0 91896
293792 15 20 91429
293794 15 2 91433
293796 15 20 91437
293798 15 2 91441
293800 15 20 91445
293802 15 2 91449
293804 15 20 91461
293806 15 2 91465
293808 15 20 91397
293810 15 20 91373
293822 15 0 91584
293870 15 14 102492
293872 15 24 102423
293874 15 4 102434
293876 15 10 102435
293878 15 22 102510
293880 15 14 102412
293882 15 2 102425
293884 15 4 102402
293886 15 4 102426
293888 15 20 102469
293890 15 2 102497
293892 15 22 102662
293894 15 2 102705
293896 15 4 102706
293898 15 10 102707
293900 15 14 102708
293902 15 14 102804
293904 15 2 103273
293906 15 2 102401
293908 15 20 102429
293910 15 22 102430
293914 15 4 102410
293916 15 10 102411
293918 15 2 102417
293920 15 4 102658
293922 15 22 102438
293924 15 14 102580
293926 15 20 102581
293928 15 22 102582
293930 15 24 102583
293932 15 4 102602
293934 15 10 102603
293936 15 14 102604
293938 15 20 102605
293940 15 24 102607
293942 15 14 102612
293944 15 4 102682
293946 15 0 102800
293948 15 14 103268
293950 15 22 102478
293952 15 20 102541
293954 15 0 102608
293956 15 2 102609
293958 15 20 102405
293960 15 22 102406
293962 15 24 102407
293964 15 0 102408
293966 15 20 102525
293968 15 20 102549
293970 15 2 102817
293972 15 4 102818
293974 15 10 102819
293976 15 14 102820
293978 15 2 102833
293980 15 4 102834
293982 15 10 102835
293984 15 14 102836
293992 15 22 102606
293994 15 4 102634
293996 15 0 102432
293998 15 14 102508
294000 15 22 102470
294002 15 2 102641
294004 15 4 102642
294006 15 10 102643
294008 15 14 102644
294010 15 4 102714
294012 15 10 102715
294014 15 0 102504
294016 15 2 102505
294018 15 4 102506
294020 15 10 102507
294022 15 0 102512
294024 15 0 102640
294026 15 0 102976
294028 15 10 102515
294030 15 14 102516
294032 15 20 102517
294034 15 22 102518
294036 15 2 102601
294038 15 20 102621
294040 15 20 102413
294042 15 22 102414
294044 15 24 102415
294046 15 0 102416
294048 15 0 102424
294050 15 10 102491
294052 15 24 102543
294054 15 0 102576
294056 15 0 102624
294058 15 14 102428
294060 15 4 102546
294062 15 24 102671
294064 15 0 102672
294066 15 2 102673
294068 15 4 102674
294070 15 4 103010
294072 15 14 103028
294074 15 24 102431
294076 15 10 102547
294078 15 10 102675
294080 15 14 102676
294082 15 20 102677
294084 15 22 102678
294086 15 10 103011
294088 15 0 103032
294090 15 0 102896
294092 15 2 102897
294094 15 4 102898
294096 15 10 102899
294098 15 14 102900
294100 15 20 102901
294102 15 22 102902
294104 15 24 102903
294106 15 14 102964
294108 15 20 102965
294110 15 20 103205
294112 15 22 103206
294114 15 24 103207
294116 15 0 103208
294118 15 2 103329
294130 15 0 102664
294132 15 14 102692
294134 15 0 103024
294136 15 2 103025
294138 15 4 103026
294140 15 10 103027
294142 15 20 103045
294144 15 22 103046
294146 15 24 103047
294148 15 0 103048
294150 15 2 102409
294152 15 22 102526
294154 15 20 103341
294156 15 22 103342
294158 15 24 103343
294160 15 0 103344
294162 15 10 103411
294164 15 14 103412
294166 15 20 103413
294168 15 22 103414
294170 15 2 102449
294172 15 20 102565
294174 15 14 102740
294176 15 20 102741
294178 15 22 102742
294180 15 24 102743
294182 15 4 103090
294184 15 10 103091
294186 15 2 102481
294188 15 14 102484
294190 15 0 102520
294192 15 14 102532
294194 15 24 102639
294196 15 14 103020
294198 15 22 103022
294200 15 24 103023
294202 15 20 103037
294204 15 22 103038
294206 15 24 103039
294208 15 0 103040
294210 15 4 103074
294212 15 2 103257
294214 15 4 103258
294216 15 10 103259
294218 15 14 103260
294232 15 4 102458
294234 15 22 102574
294236 15 4 102786
294238 15 10 102787
294240 15 14 102788
294242 15 20 102789
294244 15 4 103106
294246 15 10 103107
294248 15 2 102433
294250 15 10 102403
294252 15 24 102439
294256 15 14 102620
294258 15 20 102637
294260 15 0 102472
294262 15 2 102473
294264 15 4 102474
294266 15 10 102475
294268 15 0 102584
294270 15 20 102629
294272 15 20 102661
294282 15 2 102465
294286 15 20 102613
294288 15 10 102667
294290 15 14 102668
294292 15 20 102669
294294 15 22 102670
294296 15 0 103008
294298 15 24 103031
294300 15 4 93650
294302 15 14 94140
294304 15 24 93503
294306 15 22 93526
294308 15 2 93697
294310 15 4 93602
294312 15 10 93603
294322 15 14 93596
294324 15 24 93815
294326 15 0 94032
294334 15 22 94094
294336 15 22 93678
294338 15 24 93679
294340 15 24 93463
294342 15 2 93465
294344 15 20 93469
294348 15 2 93529
294350 15 4 93674
294356 15 2 94129
294358 15 2 93521
294360 15 2 94161
294362 15 22 93190
294364 15 10 93307
294366 15 20 93557
294368 15 4 93826
294370 15 14 93212
294372 15 24 93447
294374 15 4 93690
294376 15 22 94078
294378 15 14 94116
294408 15 20 93893
294410 15 20 93997
294412 15 0 93592
294414 15 2 93457
294416 15 20 94165
294418 15 10 93771
294426 15 24 93623
294428 15 4 93442
294430 15 24 93911
294432 15 20 93925
294434 15 22 93686
294436 15 0 93688
294438 15 24 94103
294442 15 10 93667
294444 15 22 94134
294446 15 10 94139
294456 15 20 93749
294460 15 14 93956
294462 15 10 93931
294464 15 24 93751
294466 15 0 93496
294470 15 10 93587
294476 15 2 93761
294478 15 22 93990
294496 15 2 93617
294498 15 14 94028
294512 15 24 93479
294514 15 0 93968
294526 15 24 93663
294530 15 24 94111
294548 15 0 93424
294550 15 10 94019
294556 15 10 93491
294562 15 24 93671
294566 15 22 93894
294568 15 24 93703
294570 15 10 93819
294580 15 20 93685
294582 15 20 93765
294584 15 22 93766
294588 15 22 93582
294592 15 0 93888
294604 15 20 93453
294606 15 22 93454
294608 15 0 94040
294616 15 2 93513
294618 15 22 93854
294632 15 4 94130
294636 15 10 94179
294650 15 2 94169
294652 15 24 94191
294654 15 22 93446
294656 15 0 94152
294660 15 4 93842
294662 15 14 93844
294664 15 2 93833
294666 15 4 93834
294668 15 2 93889
294670 15 10 93891
294672 15 22 93878
294674 15 4 93850
294676 15 10 93851
294678 15 24 93695
294680 15 14 94060
294682 15 24 93783
294700 15 4 93898
294702 15 20 93901
294704 15 24 93575
294708 15 14 94156
294710 15 2 93897
294716 15 4 93202
294720 15 20 94173
294722 15 10 93315
294724 15 24 94071
294734 15 10 93787
294736 15 0 93904
294740 15 20 94013
294742 15 0 94016
294746 15 4 93794
294748 15 14 93788
294750 15 4 93786
294752 15 14 93940
294754 15 2 93785
294760 15 24 93903
294762 15 22 93806
294764 15 24 93887
294766 15 10 93827
294768 15 0 93960
294770 15 10 93963
294772 15 4 93858
294774 15 20 93861
294776 15 24 93871
294778 15 22 93886
294780 15 0 93784
294782 15 2 93905
294784 15 24 94143
294786 15 22 93958
294788 15 2 93777
294790 15 2 94145
294792 15 4 94146
294794 15 24 93999
294796 15 4 94034
294798 15 10 93995
294800 15 20 93981
294802 15 0 93984
294810 15 24 93279
294812 15 14 94164
294814 15 2 93569
294816 15 10 93691
294822 15 10 94147
294824 15 20 93917
294826 15 0 93920
294828 15 2 93921
294832 15 14 93924
294834 15 24 93935
294836 15 2 93937
294842 15 10 93779
294844 15 14 93780
294846 15 0 93728
294848 15 22 93702
294852 15 20 93701
294872 15 22 94190
294874 15 10 93283
294876 15 14 93708
294878 15 24 93927
294880 15 4 93930
294898 15 2 93945
294900 15 10 93947
294934 15 4 93418
294936 15 24 94135
294966 15 24 93775
294984 15 2 93801
294986 15 14 93804
294988 15 10 93611
294990 15 2 93321
294992 15 2 93729
294994 15 20 93941
294996 15 0 93944
294998 15 20 93325
295000 15 4 93730
295002 15 2 93329
295004 15 10 93731
295006 15 20 93333
295008 15 14 93732
295010 15 2 93337
295012 15 20 93733
295014 15 20 93341
295016 15 22 93734
295020 15 2 93345
295022 15 10 93739
295024 15 20 93349
295026 15 14 93740
295028 15 2 93353
295030 15 20 93741
295032 15 20 93357
295034 15 22 93742
295036 15 2 93361
295038 15 24 93743
295040 15 4 93378
295042 15 0 93744
295044 15 4 93386
295046 15 2 93745
295048 15 22 93390
295050 15 4 93746
295052 15 4 93402
295054 15 10 93747
295056 15 22 93406
295058 15 14 93748
295062 15 14 93964
295064 15 24 93967
295066 15 24 94047
295074 15 14 94036
295076 15 24 94039
295078 15 0 94000
295080 15 10 94003
295086 15 0 94056
295088 15 2 94057
295090 15 22 94006
295092 15 2 94009
295094 15 24 94023
295096 15 4 94026
295116 15 0 94072
295118 15 10 94075
295136 15 4 93434
295144 15 14 94172
295146 15 10 94051
295148 15 22 94054
295150 15 10 94099
295152 15 22 94102
295154 15 22 94174
295156 15 24 94175
295160 15 10 93659
295174 15 4 93986
295176 15 10 93987
295178 15 20 93973
295180 15 0 94112
295182 15 10 94115
295190 15 0 94184
295192 15 14 94084
295194 15 24 94087
295220 15 10 94067
295222 15 14 94068
295224 15 14 94124
295226 15 24 94127
295244 15 22 94062
295246 15 2 94065
295248 15 22 94118
295250 15 2 94121
295268 15 4 94090
295270 15 20 94093
295272 15 24 94055
295274 15 24 93591
295278 15 0 94192
295282 15 2 94193
295286 15 4 94194
295288 15 22 93398
295290 15 14 94196
295294 15 20 94197
295298 15 10 94195
295346 15 24 94199
295348 15 4 94202
295412 15 22 93846
295436 15 22 93486
295458 15 4 94162
295548 15 14 94044
295550 15 10 94203
295584 15 14 94180
295620 15 22 93950
295650 15 24 93607
295652 15 10 94123
295756 15 4 94122
295784 15 10 94155
295842 15 10 93475
295890 15 10 93371
295944 15 22 93974
295994 15 4 93394
296018 15 4 93906
296124 15 14 93308
296298 15 10 103691
296300 15 14 103692
296302 15 20 103693
296304 15 22 103694
296306 15 14 103772
296308 15 20 103773
296310 15 22 103774
296312 15 24 103775
296314 15 22 103782
296316 15 20 103797
296318 15 10 104051
296320 15 14 103460
296322 15 24 103983
296324 15 4 104010
296326 15 10 103779
296328 15 10 103787
296330 15 2 103793
296332 15 4 103794
296334 15 10 103795
296336 15 14 103796
296338 15 4 103778
296340 15 20 104429
296342 15 22 104430
296344 15 24 104431
296346 15 0 104432
296348 15 10 103539
296350 15 14 103540
296352 15 20 103541
296354 15 22 103542
296358 15 22 103798
296360 15 20 103877
296362 15 14 104060
296364 15 0 97280
296366 15 20 97285
296368 15 2 97881
296370 15 2 97281
296372 15 4 97282
296374 15 10 97283
296376 15 14 97284
296380 15 22 97286
296382 15 20 97293
296384 15 22 97294
296386 15 0 97296
296388 15 2 97297
296390 15 10 97403
296392 15 20 97405
296396 15 4 97882
296398 15 24 97999
296400 15 0 98000
296402 15 2 98209
296404 15 4 98210
296510 15 24 97287
296512 15 0 97288
296514 15 2 97289
296516 15 4 97290
296518 15 10 97291
296520 15 14 97292
296522 15 10 97299
296524 15 14 97300
296526 15 20 97301
296528 15 22 97302
296530 15 20 97309
296532 15 2 97313
296534 15 14 97404
296536 15 22 97406
296538 15 14 97876
296540 15 14 97884
296542 15 22 97990
296544 15 4 98002
296546 15 14 98204
296548 15 14 98212
296654 15 24 97295
296660 15 4 97298
296662 15 24 97303
296664 15 0 97304
296666 15 2 97305
296668 15 4 97306
296672 15 24 97407
296676 15 10 97883
296680 15 2 98001
296684 15 10 98211
296866 15 22 97310
296870 15 4 97314
296904 15 10 97307
296906 15 14 97308
296908 15 10 97315
296910 15 22 97318
296912 15 24 97319
296914 15 0 97320
296918 15 2 97409
296922 15 20 97885
296926 15 10 98003
296930 15 20 98213
297062 15 24 97311
297064 15 0 97312
297070 15 2 97321
297072 15 10 97323
297076 15 0 97408
297080 15 22 97886
297084 15 14 98004
297088 15 22 98214
297130 15 14 97324
297132 15 22 97326
297214 15 14 97316
297216 15 20 97317
297224 15 24 97327
297226 15 0 97328
297228 15 2 97329
297230 15 4 97330
297234 15 10 97411
297238 15 24 97887
297242 15 20 98005
297246 15 24 98215
297376 15 4 97322
297382 15 20 97325
297386 15 20 97333
297388 15 2 97337
297392 15 4 97410
297396 15 0 97888
297400 15 22 98006
297404 15 0 98216
297498 15 22 97334
297502 15 4 97338
297536 15 10 97331
297538 15 14 97332
297544 15 24 97335
297546 15 0 97336
297550 15 14 97412
297554 15 2 97889
297558 15 24 98007
297562 15 2 98217
297840 15 10 97339
297842 15 14 97340
297844 15 20 97341
297846 15 22 97342
297848 15 24 97343
297850 15 0 97344
297852 15 4 97362
297854 15 10 97363
297856 15 14 97364
297858 15 20 97365
297860 15 20 97421
297862 15 14 97436
297864 15 0 97848
297866 15 4 97850
297868 15 10 97851
297870 15 10 97939
297872 15 14 97940
297874 15 20 97941
297876 15 24 97991
297878 15 0 98048
297880 15 20 98189
297882 15 20 98229
297922 15 2 97849
297994 15 2 97345
297996 15 2 97809
297998 15 10 98099
298000 15 14 98100
298002 15 22 98102
298004 15 24 98239
298006 15 0 98240
298008 15 4 97346
298010 15 22 97422
298012 15 10 97435
298014 15 4 98234
298016 15 10 97347
298018 15 0 97368
298020 15 14 97348
298022 15 20 97349
298024 15 22 97350
298026 15 24 97351
298028 15 4 97450
298030 15 22 97558
298032 15 10 97587
298034 15 20 97661
298036 15 20 97677
298038 15 2 97745
298082 15 0 97352
298084 15 2 97353
298086 15 10 98027
298088 15 14 98028
298090 15 22 98030
298092 15 2 98057
298094 15 4 98058
298096 15 10 98059
298098 15 14 98060
298100 15 2 98105
298112 15 4 97354
298116 15 10 98251
298118 15 14 98252
298120 15 22 98254
298122 15 10 97355
298124 15 24 97367
298126 15 0 97440
298128 15 22 97462
298130 15 14 97692
298136 15 14 97356
298138 15 14 97748
298140 15 14 98164
298142 15 24 98247
298144 15 20 97357
298146 15 10 97691
298148 15 22 97358
298150 15 20 97445
298152 15 20 97749
298154 15 0 98184
298156 15 0 98248
298158 15 24 97359
298160 15 0 97360
298162 15 2 97361
298164 15 10 97819
298174 15 10 97915
298260 15 14 97484
298268 15 22 97942
298272 15 22 97366
298274 15 20 97493
298286 15 2 98025
298288 15 2 97369
298294 15 2 98241
298296 15 4 97370
298298 15 10 97371
298300 15 14 97372
298302 15 20 97373
298304 15 2 97393
298306 15 4 97394
298308 15 20 97437
298310 15 4 97442
298312 15 14 97444
298314 15 4 97474
298316 15 0 97904
298318 15 2 97905
298320 15 0 98016
298322 15 24 98023
298324 15 4 98066
298326 15 22 98118
298382 15 22 97374
298384 15 0 97488
298386 15 4 97490
298388 15 20 97589
298390 15 10 98067
298392 15 24 97375
298394 15 4 97546
298396 15 0 97376
298398 15 2 97497
298400 15 2 98073
298402 15 24 98103
298404 15 2 97377
298406 15 4 97418
298408 15 2 97521
298412 15 22 98270
298414 15 4 97378
298416 15 4 97978
298418 15 2 97993
298420 15 22 98190
298422 15 10 97379
298426 15 10 97979
298428 15 24 98191
298430 15 14 97380
298434 15 14 97980
298436 15 0 98192
298438 15 20 97381
298442 15 20 97981
298444 15 2 98193
298446 15 22 97382
298450 15 22 97982
298452 15 4 98194
298454 15 24 97383
298458 15 24 97983
298460 15 10 98195
298462 15 0 97384
298466 15 0 97984
298468 15 14 98196
298470 15 2 97385
298474 15 2 97985
298476 15 20 98197
298478 15 4 97386
298482 15 4 97986
298484 15 22 98198
298486 15 10 97387
298490 15 10 97987
298492 15 24 98199
298494 15 14 97388
298498 15 14 97988
298500 15 0 98200
298502 15 20 97389
298506 15 20 97989
298508 15 2 98201
298510 15 22 97390
298516 15 4 98202
298518 15 24 97391
298520 15 2 97681
298522 15 10 97891
298524 15 14 98268
298526 15 0 97392
298532 15 4 97914
298568 15 10 97395
298572 15 20 97717
298576 15 14 97396
298580 15 10 98179
298582 15 20 97397
298584 15 4 97994
298586 15 4 98162
298588 15 22 97398
298592 15 10 97995
298594 15 10 98203
298596 15 24 97399
298600 15 14 97996
298602 15 20 98205
298604 15 0 97400
298608 15 20 97997
298610 15 22 98206
298612 15 2 97401
298616 15 22 97998
298618 15 24 98207
298620 15 4 97402
298626 15 0 98208
298800 15 20 97413
298802 15 22 97414
298804 15 24 97415
298806 15 0 97416
298808 15 4 97434
298810 15 10 97475
298812 15 14 97476
298814 15 2 97513
298816 15 10 98091
298818 15 4 98114
298820 15 10 98115
298822 15 20 98117
298824 15 14 98156
298826 15 20 98157
298828 15 22 98158
298830 15 24 98231
298832 15 20 98245
298834 15 24 98279
298888 15 2 97417
298890 15 14 97596
298896 15 20 97525
298900 15 10 97419
298902 15 24 97447
298904 15 2 98129
298906 15 0 98136
298908 15 0 98256
298910 15 14 97420
298912 15 14 97788
298914 15 0 98040
298944 15 24 97423
298946 15 4 97954
298948 15 10 97955
298950 15 0 97424
298952 15 2 97425
298954 15 4 97426
298956 15 10 97427
298958 15 14 97492
298960 15 0 97520
298962 15 10 97539
298964 15 24 97967
298966 15 0 98096
298968 15 4 98218
298970 15 22 98230
298972 15 14 98244
298974 15 24 98263
299026 15 14 97428
299028 15 24 97495
299030 15 0 97496
299032 15 22 97574
299034 15 20 97965
299036 15 22 97966
299038 15 2 98041
299040 15 0 98128
299042 15 20 97429
299044 15 2 97689
299046 15 22 97430
299048 15 24 97431
299050 15 22 97934
299052 15 14 98068
299054 15 24 98071
299056 15 0 98272
299058 15 0 97432
299060 15 2 97449
299062 15 14 98036
299064 15 24 98039
299066 15 2 98225
299068 15 22 98278
299070 15 2 97433
299072 15 4 97498
299074 15 4 97538
299076 15 2 97553
299078 15 0 98104
299102 15 20 97973
299136 15 22 97438
299138 15 2 98017
299140 15 14 98020
299142 15 24 97439
299144 15 10 97451
299146 15 22 98014
299160 15 2 97441
299164 15 10 98019
299174 15 10 97443
299224 15 22 97446
299226 15 22 97654
299228 15 0 97656
299230 15 24 97951
299232 15 10 97963
299234 15 0 98232
299244 15 2 98137
299248 15 0 97448
299250 15 2 98009
299252 15 24 98015
299270 15 24 97479
299272 15 20 97573
299280 15 14 97452
299282 15 10 97683
299284 15 14 97684
299286 15 22 97910
299288 15 4 97962
299290 15 14 98092
299292 15 20 97453
299296 15 24 97655
299302 15 20 98069
299306 15 24 98287
299308 15 22 97454
299310 15 24 97455
299312 15 0 97456
299314 15 2 97457
299316 15 14 97468
299318 15 24 97767
299320 15 4 97898
299322 15 20 97957
299324 15 20 98061
299326 15 24 98063
299328 15 0 98064
299332 15 4 98138
299334 15 10 98139
299338 15 2 98273
299394 15 4 97458
299396 15 10 97459
299398 15 14 97460
299400 15 20 97461
299402 15 20 97477
299404 15 20 97501
299406 15 20 97637
299408 15 0 97640
299410 15 10 97651
299412 15 2 97753
299414 15 14 97844
299416 15 2 97897
299418 15 0 97944
299420 15 2 98097
299422 15 24 98255
299424 15 2 98289
299486 15 14 97916
299492 15 24 97463
299494 15 0 97464
299496 15 4 97466
299498 15 22 98238
299500 15 22 98246
299506 15 2 97465
299510 15 10 97467
299512 15 20 97861
299570 15 20 97469
299572 15 22 97470
299574 15 24 97471
299576 15 0 97472
299578 15 10 97499
299580 15 24 97535
299582 15 24 97575
299584 15 10 98035
299586 15 22 98110
299588 15 24 98135
299630 15 2 97473
299632 15 14 97836
299634 15 22 97838
299636 15 24 97839
299644 15 2 97809
299646 15 14 97956
299686 15 4 97826
299692 15 0 98280
299696 15 22 97478
299700 15 24 98159
299702 15 0 98160
299712 15 4 97658
299714 15 0 97480
299716 15 14 97540
299718 15 2 97481
299720 15 4 97482
299722 15 10 97483
299726 15 20 97485
299728 15 22 97486
299730 15 24 97487
299732 15 0 97536
299734 15 10 97899
299736 15 20 97917
299748 15 0 98024
299750 15 24 98047
299752 15 0 98120
299754 15 4 98250
299872 15 2 97489
299876 15 10 97491
299878 15 10 97523
299880 15 0 97800
299884 15 24 97911
299886 15 0 97912
299890 15 4 98130
299892 15 10 98131
299894 15 4 98258
299968 15 22 98302
299970 15 22 97494
299972 15 2 97529
299974 15 10 97531
299976 15 14 97532
299980 15 20 98037
299996 15 20 98029
300014 15 22 97582
300022 15 0 97840
300024 15 2 97841
300028 15 20 98301
300040 15 14 97500
300042 15 22 97534
300058 15 22 97502
300060 15 2 97745
300064 15 10 97843
300066 15 24 97503
300068 15 0 97504
300070 15 2 97505
300072 15 4 97506
300074 15 4 97514
300076 15 10 97515
300078 15 20 97581
300080 15 0 97824
300082 15 2 98113
300084 15 10 98227
300086 15 20 98237
300132 15 10 97507
300134 15 14 97508
300136 15 20 97509
300138 15 22 97510
300140 15 0 97752
300142 15 2 97785
300144 15 14 97964
300146 15 2 98121
300148 15 22 98222
300150 15 10 98259
300152 15 14 98260
300154 15 22 98262
300202 15 24 97511
300204 15 24 97831
300206 15 4 98274
300208 15 14 98276
300210 15 24 98295
300212 15 0 97512
300214 15 4 97906
300216 15 14 97908
300220 15 10 98235
300222 15 2 98257
300250 15 14 97516
300252 15 20 97517
300254 15 10 97659
300256 15 14 97852
300258 15 22 97854
300260 15 24 97855
300262 15 24 98223
300310 15 22 97518
300312 15 24 97519
300314 15 14 97524
300336 15 14 97604
300338 15 20 97605
300340 15 24 97607
300344 15 4 97522
300346 15 0 97608
300348 15 2 97609
300350 15 10 97611
300352 15 24 98271
300360 15 10 97707
300362 15 14 97708
300364 15 22 97710
300370 15 0 97672
300372 15 24 98303
300378 15 24 97599
300380 15 0 97600
300382 15 4 97602
300384 15 22 97526
300386 15 14 97588
300388 15 24 97527
300390 15 22 97662
300392 15 2 97953
300394 15 0 97528
300396 15 4 97586
300404 15 4 97530
300410 15 0 97616
300412 15 2 97617
300414 15 10 97619
300418 15 14 98300
300462 15 20 97533
300468 15 20 97709
300482 15 14 97580
300506 15 2 97537
300508 15 0 97680
300510 15 24 97743
300518 15 10 97547
300538 15 0 98288
300540 15 20 97541
300542 15 22 97542
300544 15 24 97543
300546 15 0 97544
300548 15 22 98054
300550 15 22 98174
300584 15 2 97545
300586 15 2 97585
300598 15 4 97946
300602 15 14 97548
300604 15 22 97598
300606 15 20 97549
300612 15 22 97550
300614 15 22 97630
300616 15 24 97551
300618 15 4 97714
300620 15 24 97735
300622 15 0 97552
300624 15 20 97653
300634 15 4 97554
300636 15 22 97694
300638 15 10 97555
300640 15 14 97660
300642 15 14 97556
300644 15 24 97711
300646 15 20 97557
300648 15 2 97665
300656 15 2 97737
300658 15 10 97739
300660 15 14 97740
300662 15 24 97559
300664 15 20 97733
300666 15 0 97560
300668 15 24 97679
300670 15 2 97561
300672 15 20 97741
300674 15 4 97562
300676 15 0 97664
300678 15 10 97563
300680 15 4 97626
300682 15 14 97564
300684 15 0 97688
300686 15 20 97565
300688 15 24 97687
300690 15 22 97566
300692 15 2 97825
300696 15 24 97567
300698 15 0 97568
300700 15 2 97569
300702 15 4 97570
300704 15 22 97766
300706 15 24 97799
300708 15 10 97571
300710 15 0 97736
300712 15 14 97572
300720 15 20 97757
300722 15 24 97759
300724 15 0 97760
300730 15 10 98099
300732 15 20 98101
300752 15 0 97576
300754 15 14 98188
300756 15 2 97577
300758 15 4 97578
300760 15 10 97603
300766 15 22 97590
300768 15 10 97579
300788 15 14 98236
300790 15 24 97583
300792 15 0 97584
300794 15 22 97622
300796 15 24 97623
300798 15 0 97624
300804 15 0 97592
300806 15 4 97594
300816 15 10 97595
300824 15 2 97593
300832 15 20 97349
300836 15 10 97587
300846 15 2 97673
300848 15 10 97675
300850 15 14 97676
300854 15 20 97589
300856 15 24 97695
300858 15 2 97697
300860 15 4 97698
300866 15 14 97620
300868 15 24 97591
300870 15 10 98187
300888 15 2 97601
300934 15 14 97596
300936 15 20 97597
300938 15 24 98151
300948 15 2 97625
300966 15 22 97606
301016 15 20 97781
301018 15 22 97782
301020 15 24 97783
301038 15 4 97610
301100 15 4 97618
301146 15 14 97612
301148 15 20 97613
301150 15 22 97614
301152 15 24 97615
301156 15 10 97755
301158 15 0 97952
301160 15 0 97968
301162 15 4 97970
301164 15 0 98008
301166 15 20 98141
301168 15 2 98281
301280 15 14 97636
301282 15 20 97621
301296 15 14 97668
301298 15 20 97669
301300 15 22 97670
301344 15 20 97773
301346 15 22 97774
301348 15 0 97776
301350 15 10 97627
301352 15 0 97768
301354 15 4 97770
301356 15 10 97771
301358 15 10 98283
301360 15 14 97628
301362 15 20 97629
301364 15 2 98161
301374 15 24 97671
301376 15 24 97631
301378 15 10 98163
301380 15 0 97632
301382 15 4 98170
301384 15 2 97633
301386 15 10 98171
301388 15 4 97634
301390 15 14 98172
301392 15 10 97635
301394 15 20 98173
301410 15 22 97638
301412 15 24 97639
301416 15 10 97651
301420 15 4 97754
301422 15 14 97756
301430 15 20 98053
301432 15 2 98065
301436 15 14 98284
301438 15 22 98286
301502 15 2 97641
301504 15 20 98165
301506 15 4 97642
301508 15 22 98166
301510 15 10 97643
301512 15 24 98167
301514 15 14 97644
301516 15 0 98168
301518 15 20 97645
301520 15 2 98169
301522 15 22 97646
301524 15 20 98181
301526 15 24 97647
301528 15 22 98182
301530 15 0 97648
301532 15 24 98183
301534 15 2 97649
301536 15 2 98185
301538 15 4 97650
301540 15 4 98186
301558 15 14 97652
301560 15 22 97742
301566 15 2 97729
301568 15 10 97731
301570 15 14 97732
301578 15 24 97655
301582 15 2 97657
301588 15 10 97827
301590 15 14 97828
301592 15 24 97951
301600 15 22 98070
301602 15 0 98224
301604 15 24 98287
301660 15 2 97777
301662 15 4 97778
301664 15 10 97779
301684 15 4 97762
301686 15 14 97764
301688 15 20 97765
301694 15 24 97351
301700 15 20 97677
301706 15 10 97803
301708 15 14 97804
301710 15 20 97805
301712 15 24 97663
301718 15 24 97815
301720 15 2 97817
301722 15 4 97818
301728 15 10 97795
301730 15 20 97797
301732 15 22 97798
301734 15 4 97666
301736 15 4 97690
301738 15 2 97761
301740 15 10 97667
301758 15 4 97730
301808 15 14 97820
301810 15 20 97821
301812 15 22 97822
301822 15 4 97674
301878 15 22 97678
301884 15 10 97811
301886 15 20 97813
301888 15 22 97814
301894 15 0 97832
301896 15 2 97833
301898 15 4 97834
301900 15 24 97391
301902 15 2 97681
301904 15 4 97682
301906 15 14 97716
301908 15 2 97801
301910 15 14 97452
301912 15 10 97683
301916 15 20 97685
301918 15 22 97686
301920 15 14 97772
301926 15 4 97962
301928 15 20 98077
301930 15 14 98092
301932 15 4 98226
301934 15 10 98251
301936 15 14 98252
301938 15 22 98294
301996 15 14 97892
301998 15 20 97893
302000 15 22 97894
302006 15 22 97926
302008 15 24 97927
302010 15 2 97929
302012 15 20 97429
302014 15 2 97689
302016 15 2 97857
302018 15 4 97858
302020 15 10 97859
302026 15 20 97357
302028 15 10 97691
302030 15 10 97355
302032 15 24 97367
302034 15 14 97692
302036 15 20 97693
302044 15 4 97922
302046 15 14 97924
302048 15 20 97925
302054 15 0 97696
302066 15 2 97769
302112 15 10 97699
302114 15 14 97700
302116 15 20 97701
302118 15 22 97702
302120 15 24 97703
302122 15 0 97704
302124 15 2 97705
302126 15 4 97706
302148 15 4 97738
302200 15 22 97918
302202 15 24 97919
302204 15 0 97920
302206 15 0 97712
302208 15 2 97713
302214 15 14 97900
302216 15 20 97901
302218 15 24 97903
302220 15 10 97715
302226 15 10 97395
302228 15 20 97717
302230 15 22 97718
302232 15 24 97719
302238 15 0 97720
302240 15 2 97721
302242 15 4 97722
302244 15 10 97723
302246 15 14 97724
302248 15 20 97725
302250 15 22 97726
302252 15 24 97727
302254 15 0 97728
302272 15 10 97763
302322 15 24 97935
302324 15 0 97936
302326 15 2 97937
302328 15 22 97734
302330 15 22 97790
302332 15 24 97791
302334 15 2 97793
302336 15 20 98093
302342 15 4 97930
302344 15 10 97931
302346 15 20 97933
302356 15 0 97784
302374 15 22 97758
302424 15 10 97947
302426 15 14 97948
302428 15 22 97950
302442 15 10 98075
302446 15 0 97744
302452 15 22 97502
302458 15 4 97746
302460 15 10 97747
302462 15 24 98247
302464 15 14 97356
302466 15 14 97748
302472 15 20 97749
302474 15 0 98248
302476 15 22 97750
302480 15 24 97751
302482 15 2 98233
302486 15 14 97508
302492 15 2 98121
302628 15 14 97780
302676 15 22 98134
302694 15 14 97796
302744 15 22 97958
302746 15 0 97960
302748 15 2 97961
302750 15 22 97454
302752 15 24 97455
302754 15 2 97457
302758 15 20 98061
302760 15 0 98064
302762 15 2 98273
302778 15 4 98282
302848 15 24 97775
302916 15 22 97806
302974 15 24 97959
303024 15 14 97964
303026 15 4 97786
303028 15 10 97787
303032 15 22 98094
303034 15 0 98104
303042 15 4 97890
303050 15 14 97420
303052 15 14 97788
303054 15 0 98040
303056 15 20 97789
303058 15 4 97794
303066 15 0 97792
303070 15 14 98220
303072 15 0 98264
303074 15 4 98266
303076 15 10 98267
303136 15 14 97812
303184 15 24 97799
303186 15 4 98010
303188 15 14 98012
303190 15 20 98013
303192 15 0 97488
303208 15 4 97802
303210 15 2 98129
303230 15 24 97823
303274 15 24 97807
303276 15 0 97808
303278 15 2 97945
303280 15 24 98231
303282 15 2 97345
303284 15 4 97474
303286 15 2 97809
303288 15 14 97956
303290 15 24 98239
303292 15 0 98240
303294 15 4 97810
303296 15 22 97830
303314 15 0 97816
303422 15 24 97359
303424 15 0 97360
303426 15 10 97819
303446 15 10 97835
303500 15 10 98227
303506 15 22 97974
303508 15 24 97975
303510 15 2 97977
303512 15 24 98295
303514 15 20 97477
303522 15 20 97853
303562 15 20 97829
303564 15 24 98095
303574 15 24 98031
303576 15 0 98032
303578 15 4 98034
303582 15 14 98276
303602 15 14 97860
303646 15 2 97473
303648 15 14 97836
303650 15 20 97837
303652 15 22 97838
303654 15 24 97839
303656 15 22 98022
303658 15 2 98249
303696 15 4 97498
303700 15 0 97840
303702 15 2 97841
303704 15 4 97842
303706 15 10 97843
303708 15 14 97972
303712 15 14 98132
303714 15 20 98133
303716 15 20 98301
303764 15 14 97844
303768 15 2 98289
303770 15 20 97845
303772 15 4 98162
303774 15 22 97846
303776 15 10 98179
303778 15 24 97847
303780 15 0 98160
303782 15 10 97339
303784 15 14 97340
303786 15 20 97341
303788 15 22 97342
303790 15 20 97421
303792 15 0 97848
303794 15 2 97849
303796 15 4 97850
303798 15 10 97851
303800 15 24 97991
303802 15 0 97992
303804 15 14 98140
303806 15 20 98189
303866 15 14 97516
303880 15 14 98036
303882 15 22 98038
303884 15 24 98223
303886 15 10 98243
303936 15 0 97856
303938 15 24 97943
303956 15 22 97902
304002 15 0 97464
304004 15 2 97465
304006 15 4 97466
304008 15 20 97861
304010 15 22 98238
304012 15 22 97862
304014 15 22 98190
304016 15 24 97863
304018 15 24 98191
304020 15 0 97864
304022 15 0 98192
304024 15 2 97865
304026 15 2 98193
304028 15 4 97866
304030 15 4 98194
304032 15 10 97867
304034 15 10 98195
304036 15 14 97868
304038 15 10 98203
304040 15 20 97869
304042 15 14 98196
304044 15 22 97870
304046 15 20 98197
304048 15 24 97871
304050 15 22 98198
304052 15 0 97872
304054 15 24 98199
304056 15 2 97873
304058 15 0 98200
304060 15 4 97874
304062 15 2 98201
304064 15 10 97875
304066 15 4 98202
304068 15 24 97287
304070 15 2 97289
304072 15 4 97290
304074 15 14 97292
304076 15 14 97876
304078 15 14 98204
304080 15 20 97877
304082 15 20 98205
304084 15 22 97878
304086 15 22 98206
304088 15 24 97879
304090 15 24 98207
304092 15 0 97880
304094 15 0 98208
304096 15 0 97280
304098 15 2 97281
304100 15 4 97282
304102 15 14 97284
304104 15 20 97285
304106 15 2 97881
304108 15 2 98209
304112 15 10 97283
304116 15 22 97286
304118 15 20 97293
304120 15 22 97294
304122 15 0 97296
304124 15 2 97297
304126 15 4 97882
304128 15 4 98210
304132 15 24 97295
304136 15 4 97298
304138 15 24 97303
304140 15 0 97304
304142 15 2 97305
304144 15 4 97306
304146 15 10 97883
304148 15 10 98211
304152 15 10 97299
304154 15 14 97300
304156 15 20 97301
304158 15 20 97309
304160 15 22 97310
304162 15 2 97313
304164 15 4 97314
304166 15 14 97884
304168 15 14 98212
304174 15 10 97307
304176 15 14 97308
304178 15 10 97315
304180 15 22 97318
304182 15 24 97319
304184 15 0 97320
304186 15 20 97885
304188 15 20 98213
304194 15 24 97311
304196 15 0 97312
304198 15 2 97321
304200 15 10 97323
304202 15 14 97324
304204 15 22 97326
304206 15 22 97886
304208 15 22 98214
304212 15 14 97316
304214 15 20 97317
304218 15 24 97327
304220 15 0 97328
304222 15 2 97329
304224 15 4 97330
304226 15 24 97887
304228 15 24 98215
304232 15 4 97322
304236 15 20 97325
304238 15 20 97333
304240 15 22 97334
304242 15 2 97337
304244 15 4 97338
304246 15 0 97888
304248 15 0 98216
304254 15 10 97331
304256 15 14 97332
304262 15 24 97335
304264 15 0 97336
304266 15 2 97889
304268 15 2 98217
304274 15 24 97391
304276 15 10 97891
304278 15 14 98268
304280 15 24 97687
304282 15 14 97892
304284 15 20 97893
304286 15 22 97894
304288 15 24 97895
304292 15 24 97927
304296 15 0 97976
304342 15 0 97896
304346 15 20 98245
304350 15 10 97459
304354 15 22 97638
304356 15 0 97640
304368 15 24 97455
304370 15 14 97468
304372 15 4 97898
304374 15 4 97482
304376 15 0 97536
304378 15 10 97899
304380 15 4 97906
304382 15 14 97908
304384 15 20 97917
304386 15 14 98228
304388 15 4 97714
304404 15 14 97932
304406 15 20 97933
304450 15 4 97370
304452 15 14 97372
304454 15 4 97394
304456 15 4 97442
304458 15 14 97444
304460 15 0 97904
304462 15 2 97905
304464 15 24 98023
304470 15 2 97393
304480 15 4 98066
304482 15 0 97512
304488 15 10 97907
304492 15 20 97909
304494 15 14 98068
304496 15 24 98071
304500 15 10 98235
304502 15 24 98287
304504 15 0 98296
304506 15 10 98299
304554 15 14 97452
304558 15 2 97489
304560 15 10 97491
304562 15 10 97547
304566 15 14 97684
304570 15 22 97910
304572 15 24 97911
304574 15 0 97912
304576 15 2 97913
304578 15 4 97946
304580 15 14 98092
304584 15 10 98131
304644 15 0 97392
304648 15 4 97914
304650 15 4 98042
304654 15 2 97361
304656 15 10 97915
304658 15 20 98221
304660 15 22 97462
304662 15 14 97916
304666 15 22 97486
304674 15 0 98120
304676 15 24 97711
304684 15 2 97921
304690 15 24 97935
304692 15 0 97936
304694 15 4 97938
304738 15 22 97694
304748 15 10 97923
304800 15 0 97688
304812 15 0 97928
304816 15 10 97947
304818 15 14 97948
304924 15 24 97431
304928 15 22 97934
304942 15 2 97937
304948 15 20 97949
304950 15 22 97950
304996 15 4 97362
304998 15 14 97364
305000 15 20 97365
305002 15 14 97436
305006 15 10 97483
305008 15 14 97484
305010 15 20 97485
305014 15 10 97939
305016 15 14 97940
305018 15 20 97941
305020 15 22 97942
305022 15 24 98047
305024 15 0 98048
305026 15 20 98229
305028 15 4 98250
305110 15 14 98156
305112 15 24 98159
305118 15 20 97461
305130 15 24 98255
305154 15 20 97741
305216 15 22 97446
305220 15 0 97656
305228 15 14 97612
305230 15 24 97615
305232 15 0 97952
305234 15 20 98141
305238 15 2 98265
305240 15 4 98266
305242 15 2 98281
305244 15 24 97527
305246 15 2 97953
305248 15 24 97423
305254 15 4 97954
305256 15 10 97955
305258 15 0 98024
305270 15 24 97487
305286 15 20 97973
305290 15 0 97456
305294 15 20 97957
305296 15 20 98061
305298 15 24 98063
305300 15 0 98064
305302 15 0 98136
305304 15 10 98139
305306 15 0 98256
305308 15 22 97766
305312 15 0 97784
305314 15 22 97958
305318 15 0 97960
305322 15 4 98010
305324 15 10 98011
305380 15 20 98077
305384 15 14 98252
305388 15 10 97963
305390 15 0 98232
305394 15 22 97510
305398 15 14 97964
305402 15 14 97428
305406 15 10 97443
305408 15 20 97965
305410 15 22 97966
305412 15 2 98041
305414 15 0 98128
305422 15 24 97495
305424 15 0 97496
305434 15 0 97424
305436 15 4 97426
305438 15 10 97427
305440 15 24 97967
305442 15 22 98230
305446 15 20 97613
305450 15 24 97639
305454 15 10 97755
305456 15 14 97756
305458 15 0 97968
305460 15 2 97969
305462 15 4 97970
305464 15 10 97971
305466 15 20 98053
305468 15 2 98065
305472 15 14 98284
305526 15 14 98132
305530 15 10 97435
305550 15 2 98049
305552 15 10 98051
305554 15 14 98052
305598 15 4 97378
305600 15 10 97379
305602 15 4 97978
305604 15 24 98191
305608 15 14 97380
305610 15 10 97979
305612 15 0 98192
305616 15 20 97381
305618 15 14 97980
305624 15 22 97382
305626 15 20 97981
305632 15 24 97383
305634 15 22 97982
305640 15 0 97384
305642 15 24 97983
305644 15 14 98196
305648 15 2 97385
305650 15 0 97984
305656 15 4 97386
305658 15 2 97985
305664 15 10 97387
305666 15 4 97986
305672 15 14 97388
305674 15 10 97987
305680 15 20 97389
305682 15 14 97988
305688 15 22 97390
305690 15 20 97989
305700 15 14 97404
305702 15 22 97990
305710 15 20 97421
305712 15 0 97848
305720 15 20 98189
305730 15 14 98140
305734 15 14 97396
305736 15 2 97993
305740 15 20 97397
305742 15 22 97398
305744 15 4 97994
305750 15 24 97399
305752 15 10 97995
305758 15 0 97400
305760 15 14 97996
305766 15 2 97401
305768 15 20 97997
305774 15 4 97402
305776 15 22 97998
305786 15 10 97403
305788 15 24 97999
305796 15 20 97293
305802 15 20 97405
305804 15 0 98000
305810 15 24 97295
305818 15 24 97407
305820 15 2 98001
305832 15 22 97406
305834 15 0 97408
305836 15 4 98002
305850 15 2 97409
305852 15 10 98003
305866 15 4 97410
305868 15 14 98004
305870 15 22 98214
305882 15 10 97411
305884 15 20 98005
305898 15 14 97412
305900 15 22 98006
305910 15 0 97336
305916 15 24 98007
305924 15 22 97614
305938 15 0 98008
305940 15 0 97448
305942 15 2 98009
305944 15 24 98015
305956 15 14 98012
305960 15 24 98031
305964 15 2 98033
306008 15 24 97439
306010 15 10 97451
306012 15 22 98014
306016 15 2 97553
306024 15 20 97373
306026 15 20 97437
306030 15 0 98016
306034 15 22 98118
306036 15 22 97438
306038 15 2 97441
306040 15 20 97549
306042 15 2 98017
306044 15 4 98018
306046 15 10 98019
306048 15 14 98020
306050 15 24 98127
306052 15 4 98290
306054 15 10 98291
306056 15 14 98292
306106 15 20 98021
306108 15 4 98122
306110 15 10 98123
306112 15 14 97836
306118 15 22 98022
306122 15 10 97371
306152 15 0 97368
306154 15 2 97377
306156 15 4 97418
306158 15 2 98025
306160 15 4 98026
306164 15 0 97352
306168 15 10 98027
306170 15 14 98028
306172 15 20 98029
306174 15 22 98030
306176 15 2 98105
306226 15 4 98034
306230 15 4 98050
306276 15 20 97469
306278 15 24 97471
306280 15 0 97472
306282 15 10 98035
306284 15 22 98110
306286 15 0 97432
306288 15 14 97492
306290 15 22 97494
306298 15 20 98037
306302 15 24 98039
306304 15 2 98225
306308 15 24 98271
306354 15 14 97420
306358 15 0 98040
306380 15 10 98043
306382 15 14 98044
306384 15 20 98045
306386 15 22 98046
306388 15 14 98076
306390 15 22 98150
306392 15 24 98175
306394 15 0 98176
306396 15 4 98178
306398 15 20 98285
306442 15 20 97485
306542 15 22 98286
306544 15 20 97541
306546 15 22 97542
306548 15 24 97543
306550 15 22 98054
306552 15 22 98174
306554 15 24 98055
306556 15 0 98056
306560 15 2 97353
306562 15 10 97355
306564 15 0 97440
306568 15 2 98057
306570 15 4 98058
306572 15 10 98059
306574 15 14 98060
306622 15 24 97767
306632 15 22 98062
306638 15 22 98094
306640 15 2 98273
306724 15 22 97374
306726 15 0 97488
306728 15 4 97490
306732 15 10 98067
306736 15 20 97453
306746 15 14 98068
306748 15 20 98069
306750 15 22 98070
306754 15 0 98224
306758 15 0 98272
306818 15 0 98072
306820 15 0 97376
306822 15 2 98073
306824 15 4 98074
306826 15 0 98152
306828 15 10 98155
306830 15 24 97743
306832 15 10 98075
306856 15 4 98226
306862 15 22 98078
306864 15 24 98079
306866 15 0 98080
306868 15 2 98081
306870 15 4 98082
306872 15 10 98083
306874 15 14 98084
306876 15 20 98085
306878 15 22 98086
306880 15 24 98087
306882 15 0 98088
306884 15 2 98089
306886 15 4 98090
306888 15 20 97413
306890 15 0 97416
306892 15 4 97434
306894 15 10 98091
306898 15 22 98158
306900 15 24 98279
306912 15 0 97912
306916 15 14 98092
306918 15 22 97734
306920 15 20 98093
306936 15 20 97829
306938 15 24 98095
306942 15 2 97425
306948 15 0 98096
306950 15 4 98218
306956 15 14 97460
306962 15 10 97651
306964 15 14 97844
306966 15 2 98097
306968 15 2 98289
306970 15 4 98098
306974 15 22 97574
306976 15 10 98099
306978 15 14 98100
306980 15 20 98101
306982 15 22 98102
306988 15 0 98240
306990 15 4 98242
307040 15 2 97497
307042 15 24 98103
307044 15 2 97433
307046 15 4 97498
307050 15 0 98104
307062 15 4 98106
307064 15 10 98107
307066 15 14 98108
307068 15 20 98109
307070 15 24 98111
307072 15 0 98112
307074 15 0 98288
307116 15 10 97499
307118 15 24 97575
307144 15 24 97503
307146 15 2 97505
307148 15 4 97506
307150 15 2 98113
307156 15 2 97513
307158 15 4 98114
307160 15 10 98115
307162 15 14 98116
307164 15 20 98117
307166 15 24 98119
307168 15 22 98126
307252 15 10 97507
307254 15 22 97510
307256 15 0 97752
307268 15 14 98124
307270 15 20 98125
307272 15 4 98274
307274 15 10 98275
307276 15 20 98277
307354 15 10 97419
307356 15 24 97447
307358 15 4 97802
307360 15 2 98129
307368 15 2 97489
307378 15 4 97946
307384 15 10 98131
307390 15 4 98258
307446 15 2 97761
307448 15 22 98134
307452 15 22 97470
307454 15 24 97535
307458 15 24 98135
307476 15 2 98137
307478 15 4 98138
307480 15 10 98139
307484 15 20 98157
307548 15 2 97849
307560 15 24 97615
307572 15 22 98142
307574 15 24 98143
307576 15 0 98144
307578 15 2 98145
307580 15 4 98146
307582 15 10 98147
307584 15 14 98148
307586 15 20 98149
307588 15 14 98180
307658 15 20 97597
307660 15 24 98151
307666 15 2 98153
307668 15 4 98154
307700 15 24 97415
307704 15 22 97478
307786 15 24 97847
307788 15 0 98160
307790 15 20 97629
307792 15 2 98161
307796 15 20 97845
307798 15 4 98162
307800 15 24 97631
307802 15 10 98163
307804 15 14 97356
307806 15 14 98164
307808 15 2 97641
307810 15 20 98165
307812 15 4 97642
307814 15 22 98166
307816 15 10 97643
307818 15 24 98167
307820 15 14 97644
307822 15 0 98168
307824 15 20 97645
307826 15 2 98169
307828 15 0 97632
307830 15 4 98170
307832 15 2 97633
307834 15 10 98171
307836 15 4 97634
307838 15 14 98172
307840 15 10 97635
307842 15 20 98173
307848 15 0 97544
307866 15 2 98177
307870 15 10 98219
307920 15 22 97846
307922 15 10 98179
307934 15 22 97646
307936 15 20 98181
307938 15 24 97647
307940 15 22 98182
307942 15 0 97648
307944 15 2 97801
307946 15 24 98183
307948 15 22 97358
307950 15 20 97445
307952 15 0 98184
307954 15 2 97649
307956 15 2 98185
307958 15 4 97650
307960 15 4 98186
307962 15 24 97591
307964 15 10 98187
307966 15 0 97576
307968 15 14 98188
307972 15 14 97340
307974 15 20 97341
307978 15 20 97421
307984 15 10 97851
307988 15 20 98189
307990 15 4 97378
307992 15 22 97862
307998 15 10 97379
308000 15 24 97863
308008 15 0 97864
308010 15 10 97979
308014 15 20 97381
308016 15 2 97865
308018 15 14 97980
308024 15 4 97866
308026 15 20 97981
308030 15 24 97383
308032 15 10 97867
308038 15 0 97384
308040 15 20 97869
308046 15 2 97385
308048 15 22 97870
308056 15 24 97871
308064 15 0 97872
308070 15 14 97388
308072 15 2 97873
308078 15 20 97389
308080 15 4 97874
308086 15 22 97390
308088 15 10 97875
308092 15 4 98202
308094 15 22 97398
308096 15 14 97868
308098 15 4 97994
308102 15 24 97287
308106 15 4 97290
308108 15 14 97292
308110 15 14 97404
308112 15 14 97876
308118 15 24 97399
308120 15 20 97877
308122 15 10 97995
308130 15 14 97996
308136 15 24 97879
308138 15 20 97997
308144 15 0 97880
308146 15 22 97998
308148 15 0 98208
308156 15 20 97285
308158 15 10 97403
308160 15 2 97881
308162 15 24 97999
308164 15 2 98209
308170 15 20 97293
308172 15 22 97294
308174 15 0 97296
308176 15 2 97297
308178 15 20 97405
308180 15 4 97882
308182 15 0 98000
308184 15 4 98210
308188 15 24 97295
308190 15 24 97303
308192 15 0 97304
308194 15 2 97305
308196 15 4 97306
308200 15 10 97883
308202 15 2 98001
308204 15 10 98211
308208 15 10 97299
308210 15 14 97300
308212 15 20 97301
308216 15 2 97313
308220 15 14 97884
308228 15 10 97307
308230 15 10 97315
308232 15 22 97318
308234 15 24 97319
308236 15 0 97320
308240 15 20 97885
308242 15 10 98003
308244 15 20 98213
308248 15 22 97310
308250 15 24 97311
308252 15 0 97312
308254 15 2 97321
308260 15 22 97886
308262 15 14 98004
308264 15 22 98214
308272 15 0 97328
308274 15 2 97329
308276 15 4 97330
308280 15 24 97887
308284 15 24 98215
308290 15 14 97324
308292 15 20 97325
308300 15 0 97888
308304 15 0 98216
308312 15 22 97334
308314 15 24 97335
308320 15 2 97889
308322 15 24 98007
308324 15 2 98217
308332 15 0 97520
308334 15 0 98096
308338 15 24 98263
308350 15 22 97790
308352 15 24 97791
308354 15 0 97792
308356 15 14 98220
308358 15 10 97915
308360 15 20 98221
308364 15 14 97508
308366 15 20 97509
308368 15 22 98222
308370 15 4 97514
308372 15 14 97516
308374 15 20 97517
308376 15 14 97852
308378 15 22 97854
308380 15 24 98223
308388 15 4 97754
308390 15 10 97827
308392 15 14 98068
308398 15 0 98224
308406 15 22 98038
308408 15 24 98039
308410 15 2 98225
308416 15 14 97772
308424 15 0 97504
308426 15 20 97581
308428 15 0 97824
308430 15 10 98227
308432 15 20 98237
308434 15 10 97899
308436 15 4 97906
308438 15 10 97907
308440 15 14 97908
308442 15 14 98228
308446 15 4 97362
308448 15 14 97364
308450 15 20 97365
308454 15 10 97939
308456 15 14 97940
308458 15 20 97941
308468 15 10 97427
308472 15 22 98230
308474 15 14 98244
308478 15 10 97475
308480 15 14 97476
308482 15 0 97808
308484 15 24 98231
308486 15 22 97446
308488 15 0 97512
308490 15 10 97963
308492 15 0 98232
308494 15 2 98257
308496 15 24 97751
308498 15 2 98233
308500 15 4 97346
308502 15 10 97435
308504 15 4 97538
308506 15 10 97547
308508 15 4 98234
308520 15 24 98071
308522 15 10 98235
308526 15 22 97582
308528 15 20 97693
308530 15 14 98236
308540 15 10 97515
308546 15 24 97463
308548 15 0 97464
308550 15 4 97466
308552 15 20 97861
308554 15 22 98238
308556 15 22 98246
308560 15 2 97369
308562 15 2 97809
308574 15 2 98241
308576 15 4 98242
308624 15 20 97853
308642 15 10 97539
308654 15 0 97896
308656 15 20 98245
308664 15 10 97467
308672 15 10 97747
308674 15 14 97748
308676 15 24 98247
308680 15 20 97749
308682 15 22 97750
308684 15 0 98248
308686 15 14 97836
308688 15 20 97837
308690 15 24 97839
308692 15 2 98249
308696 15 10 97483
308698 15 14 97484
308700 15 20 97485
308708 15 22 97942
308710 15 24 98047
308712 15 4 98250
308714 15 4 97354
308716 15 22 97422
308726 15 14 98252
308728 15 20 98253
308730 15 22 98254
308732 15 10 98259
308734 15 14 98260
308736 15 20 98261
308780 15 4 97458
308782 15 20 97461
308784 15 20 97477
308786 15 20 97501
308788 15 0 97944
308790 15 24 98255
308822 15 2 97489
308826 15 0 97800
308830 15 10 98131
308850 15 22 98262
308852 15 20 98269
308906 15 2 97449
308916 15 2 97793
308920 15 0 98264
308922 15 2 98265
308924 15 4 98266
308926 15 10 98267
308964 15 24 97391
308966 15 10 97395
308970 15 10 97891
308972 15 14 98268
308982 15 2 97377
308984 15 2 97521
308986 15 22 98270
308988 15 4 97522
308998 15 24 97431
309006 15 0 98272
309010 15 2 97457
309012 15 24 97767
309016 15 10 97787
309018 15 20 98061
309020 15 0 98064
309022 15 22 98094
309024 15 2 98273
309026 15 24 97511
309028 15 24 97831
309030 15 4 98122
309034 15 20 98125
309038 15 10 98275
309040 15 14 98276
309088 15 2 97529
309090 15 4 97530
309092 15 14 97532
309094 15 22 98278
309096 15 14 98300
309116 15 22 97742
309118 15 4 97826
309120 15 22 97934
309122 15 0 98280
309126 15 22 97614
309132 15 20 98141
309136 15 0 97768
309138 15 10 97771
309140 15 4 98282
309142 15 10 98283
309144 15 10 97627
309148 15 4 97770
309156 15 20 97637
309158 15 24 97639
309162 15 2 97969
309164 15 20 98053
309166 15 2 98065
309168 15 14 98284
309170 15 10 98043
309186 15 0 97640
309188 15 10 97651
309192 15 22 98286
309194 15 20 97453
309214 15 14 97540
309216 15 4 98106
309218 15 10 98107
309220 15 20 98109
309222 15 0 98288
309226 15 14 97460
309232 15 14 97844
309234 15 2 98097
309240 15 2 98017
309244 15 10 98019
309248 15 4 98290
309250 15 10 98291
309252 15 14 98292
309254 15 20 98293
309296 15 20 97685
309300 15 22 98294
309304 15 22 97566
309306 15 2 97825
309308 15 24 98295
309314 15 0 98296
309316 15 2 98297
309318 15 4 98298
309320 15 10 98299
309360 15 4 97498
309362 15 0 97840
309364 15 2 97841
309366 15 4 97842
309368 15 20 98301
309370 15 20 97493
309372 15 0 97528
309374 15 4 97586
309376 15 22 98302
309378 15 14 97524
309380 15 2 97537
309382 15 0 97672
309386 15 24 98303
309388 15 2 101945
309390 15 0 102000
309392 15 0 102080
309394 15 4 101930
309396 15 2 101993
309398 15 20 102069
309400 15 4 101946
309402 15 10 101987
309404 15 2 102073
309406 15 20 101925
309408 15 14 101988
309410 15 0 102064
309412 15 22 101926
309414 15 20 101989
309416 15 2 102065
309418 15 2 101929
309420 15 0 101992
309422 15 14 102068
309424 15 24 101927
309426 15 22 101990
309428 15 4 102066
309430 15 0 101928
309432 15 24 101991
309434 15 10 102067
309436 15 4 101962
309438 15 10 102003
309440 15 24 102087
309442 15 22 101670
309444 15 24 101671
309446 15 0 101672
309448 15 2 101673
309450 15 24 101735
309452 15 24 101863
309454 15 4 101874
309456 15 10 102099
309458 15 24 101479
309460 15 2 102001
309462 15 24 102095
309464 15 10 101747
309466 15 2 101865
309468 15 4 101866
309470 15 10 101867
309472 15 14 101868
309474 15 10 101883
309476 15 0 101896
309478 15 2 101897
309480 15 4 101898
309482 15 10 101899
309484 15 10 101955
309486 15 0 102256
309488 15 22 102318
309490 15 14 101748
309492 15 2 101393
309494 15 14 101700
309496 15 22 101734
309498 15 2 101785
309500 15 4 101786
309502 15 10 101787
309504 15 14 101788
309506 15 2 101809
309508 15 22 101814
309510 15 22 101846
309512 15 10 101443
309514 15 14 101444
309516 15 20 101445
309518 15 22 101446
309520 15 14 101556
309522 15 10 102083
309524 15 14 102244
309526 15 10 102299
309528 15 14 102300
309530 15 20 102301
309532 15 22 102302
309534 15 4 101746
309536 15 20 101653
309538 15 22 101654
309540 15 24 101655
309542 15 0 101656
309544 15 14 101660
309546 15 0 101664
309548 15 2 102009
309550 15 24 102311
309552 15 0 102344
309554 15 14 101796
309556 15 0 101808
309558 15 2 101817
309560 15 22 101550
309562 15 20 102045
309564 15 22 102046
309566 15 24 102047
309568 15 0 102048
309570 15 10 102115
309572 15 14 102116
309574 15 20 102117
309576 15 20 102285
309578 15 0 101392
309580 15 0 101704
309582 15 2 101705
309584 15 4 101706
309586 15 10 101707
309588 15 4 101890
309590 15 10 102027
309592 15 2 102041
309594 15 4 101666
309596 15 10 101667
309598 15 14 101668
309600 15 20 101669
309602 15 20 101877
309604 15 2 101657
309606 15 14 102004
309608 15 14 101756
309610 15 20 101757
309612 15 22 101758
309614 15 24 101759
309616 15 0 101768
309618 15 2 101769
309620 15 4 101770
309622 15 10 101771
309624 15 24 101775
309626 15 0 101792
309628 15 2 101793
309630 15 4 101794
309632 15 10 101795
309634 15 24 101815
309636 15 14 101908
309638 15 20 101909
309640 15 22 101910
309642 15 24 101911
309644 15 22 102366
309648 15 0 101760
309650 15 2 101753
309652 15 0 101376
309654 15 2 101377
309656 15 4 101378
309658 15 10 101379
309660 15 10 102291
309662 15 14 102292
309664 15 20 101709
309666 15 24 101391
309668 15 20 101397
309680 15 4 101402
309682 15 0 101384
309684 15 2 101385
309686 15 4 101386
309688 15 10 101387
309690 15 22 101822
309692 15 24 101823
309694 15 14 101380
309696 15 20 101381
309698 15 22 101382
309700 15 24 101383
309710 15 24 102295
309712 15 0 102296
309714 15 4 101426
309716 15 4 101538
309718 15 0 101728
309720 15 22 102022
309722 15 14 102252
309740 15 20 102293
309742 15 22 102294
309744 15 22 101398
309746 15 24 101399
309748 15 0 101400
309750 15 2 101401
309752 15 20 101861
309754 15 22 101862
309756 15 14 101412
309758 15 10 101403
309760 15 14 101404
309762 15 20 101405
309764 15 22 101406
309776 15 10 101643
309778 15 0 101736
309780 15 14 102092
309782 15 20 101389
309784 15 4 101858
309786 15 22 101958
309788 15 20 102389
309790 15 22 102390
309792 15 24 102391
309794 15 0 102392
309796 15 0 101416
309798 15 4 101394
309808 15 14 101420
309810 15 20 101421
309812 15 22 101422
309814 15 24 101423
309816 15 14 102308
309818 15 22 102310
309822 15 4 101418
309824 15 24 101495
309826 15 0 101496
309828 15 2 101497
309830 15 4 101498
309832 15 2 101521
309834 15 4 101522
309836 15 10 101523
309838 15 14 101524
309840 15 14 102332
309842 15 4 102354
309846 15 2 101433
309848 15 4 101434
309850 15 10 101435
309852 15 14 101436
309854 15 10 101579
309856 15 22 101774
309858 15 24 102023
309860 15 2 102113
309864 15 14 101396
309866 15 20 101429
309868 15 22 101430
309870 15 24 101431
309872 15 0 101432
309874 15 20 102309
309876 15 4 102314
309880 15 10 101395
309890 15 0 101448
309892 15 2 101449
309894 15 4 101450
309896 15 10 101451
309898 15 2 102313
309900 15 24 102319
309904 15 2 101409
309914 15 24 101439
309916 15 0 101440
309918 15 2 101441
309920 15 4 101442
309922 15 0 102312
309924 15 14 102316
309928 15 24 101407
309938 15 0 101464
309940 15 2 101465
309942 15 4 101466
309944 15 10 101467
309946 15 10 102315
309948 15 24 102327
309970 15 20 101645
309972 15 24 101647
309988 15 4 101410
309998 15 22 101486
310000 15 24 101487
310002 15 0 101488
310004 15 2 101489
310006 15 0 102320
310008 15 22 102334
310012 15 10 101411
310022 15 14 101468
310024 15 20 101469
310026 15 22 101470
310028 15 24 101471
310030 15 20 102317
310032 15 20 102325
310036 15 14 101388
310038 15 4 102298
310042 15 20 101437
310052 15 20 101525
310054 15 22 101526
310056 15 24 101527
310058 15 0 101528
310060 15 22 102342
310062 15 24 102359
310066 15 22 101414
310076 15 24 101503
310078 15 0 101504
310080 15 2 101505
310082 15 4 101506
310084 15 22 102326
310086 15 20 102341
310090 15 10 101427
310092 15 10 101499
310094 15 14 101500
310096 15 20 101501
310098 15 22 101502
310100 15 20 101565
310102 15 22 101566
310104 15 24 101567
310106 15 0 101568
310108 15 14 102348
310110 15 14 102372
310114 15 0 101408
310116 15 10 102019
310118 15 24 101415
310128 15 4 101490
310130 15 10 101491
310132 15 14 101492
310134 15 20 101493
310136 15 4 102322
310138 15 24 102335
310144 15 2 101417
310154 15 20 101517
310156 15 22 101518
310158 15 24 101519
310160 15 0 101520
310162 15 10 102331
310164 15 20 102349
310168 15 10 101419
310178 15 0 101512
310180 15 2 101513
310182 15 4 101514
310184 15 10 101515
310186 15 0 102328
310188 15 24 102343
310192 15 2 101425
310210 15 2 102337
310212 15 24 102351
310216 15 0 101424
310226 15 2 101529
310228 15 4 101530
310230 15 10 101531
310232 15 14 101532
310234 15 4 102338
310236 15 10 102355
310240 15 14 101428
310250 15 10 101539
310252 15 14 101540
310254 15 20 101541
310256 15 22 101542
310258 15 14 102340
310260 15 0 102360
310264 15 20 101613
310266 15 22 101726
310268 15 2 101905
310270 15 10 101947
310272 15 14 101948
310274 15 20 101949
310276 15 22 101950
310278 15 22 102094
310280 15 10 102339
310282 15 10 101603
310298 15 14 101716
310300 15 20 101717
310302 15 22 101718
310304 15 24 101719
310306 15 20 101869
310308 15 10 101875
310310 15 22 101886
310312 15 0 102112
310314 15 24 101967
310316 15 4 102002
310318 15 20 102085
310320 15 4 101698
310324 15 4 101802
310326 15 10 101803
310328 15 20 102013
310330 15 0 102304
310332 15 2 102305
310334 15 4 102306
310336 15 10 102307
310338 15 22 101438
310348 15 24 101551
310350 15 0 101552
310352 15 2 101553
310354 15 4 101554
310356 15 10 102347
310358 15 14 102364
310364 15 0 101472
310366 15 22 101614
310368 15 24 101615
310370 15 0 101616
310372 15 2 101617
310374 15 24 101631
310376 15 0 101632
310378 15 2 101633
310380 15 4 101634
310382 15 2 102369
310384 15 4 102386
310388 15 24 101447
310398 15 0 101560
310400 15 2 101561
310402 15 4 101562
310404 15 10 101563
310406 15 2 102353
310408 15 20 102373
310414 15 20 101605
310416 15 14 101780
310418 15 20 101781
310422 15 20 102021
310424 15 24 102287
310428 15 14 101892
310430 15 2 101473
310432 15 10 101587
310434 15 14 101588
310436 15 20 101589
310438 15 22 101590
310440 15 2 101609
310442 15 4 101610
310444 15 10 101611
310446 15 14 101612
310448 15 20 102365
310450 15 0 102384
310454 15 20 101461
310456 15 20 101573
310458 15 22 101574
310460 15 24 101575
310462 15 0 101576
310472 15 10 102363
310474 15 22 102382
310478 15 10 101483
310488 15 10 101627
310490 15 14 101628
310492 15 20 101629
310494 15 22 101630
310496 15 0 102376
310498 15 10 102395
310502 15 14 101452
310520 15 22 102358
310522 15 20 102381
310526 15 22 101478
310536 15 4 101618
310538 15 10 101619
310540 15 14 101620
310542 15 20 101621
310544 15 4 102370
310546 15 14 102388
310550 15 22 102006
310552 15 0 102008
310554 15 10 102011
310556 15 2 102097
310558 15 2 101481
310576 15 22 102374
310578 15 4 102394
310582 15 0 101480
310592 15 22 101622
310594 15 24 101623
310596 15 0 101624
310598 15 2 101625
310600 15 10 102371
310602 15 10 102387
310620 15 22 101646
310624 15 0 101648
310628 15 20 101749
310630 15 24 101751
310632 15 0 101752
310634 15 2 101761
310636 15 14 101812
310638 15 20 101885
310642 15 22 101494
310652 15 2 101649
310654 15 4 101650
310656 15 10 101651
310658 15 14 101652
310660 15 14 102380
310662 15 24 102399
310666 15 4 101482
310676 15 10 101635
310678 15 14 101636
310680 15 20 101637
310682 15 22 101638
310684 15 24 102375
310686 15 2 102393
310690 15 20 101733
310692 15 10 102035
310694 15 14 102036
310696 15 20 102037
310698 15 22 102038
310700 15 10 102043
310702 15 4 102098
310704 15 2 102361
310706 15 20 101701
310708 15 10 101659
310710 15 24 101703
310712 15 20 101773
310714 15 0 101888
310716 15 10 102211
310718 15 14 101484
310728 15 24 101639
310730 15 0 101640
310732 15 2 101641
310734 15 4 101642
310736 15 2 102377
310738 15 14 102396
310742 15 10 101459
310746 15 10 101731
310750 15 20 101453
310752 15 22 102014
310754 15 24 102015
310756 15 0 102016
310758 15 2 102017
310760 15 14 102020
310762 15 4 102362
310764 15 20 101485
310782 15 4 102378
310784 15 22 102398
310790 15 14 101860
310792 15 24 102039
310796 15 4 101754
310806 15 24 101807
310816 15 4 102282
310820 15 22 101766
310822 15 14 101772
310824 15 20 101805
310828 15 14 101900
310830 15 20 101901
310832 15 22 101902
310834 15 24 101903
310836 15 0 101952
310838 15 14 102100
310840 15 20 102101
310842 15 22 102102
310844 15 24 102103
310846 15 0 102104
310848 15 0 101896
310854 15 10 101899
310858 15 2 102105
310860 15 4 102106
310862 15 10 102107
310864 15 14 102108
310866 15 24 102111
310868 15 10 101555
310870 15 10 101595
310872 15 0 101608
310874 15 24 101791
310876 15 24 101887
310878 15 0 102224
310880 15 0 101536
310896 15 10 101707
310898 15 22 101806
310904 15 10 102027
310906 15 10 102131
310916 15 22 101846
310922 15 10 101883
310924 15 2 101889
310926 15 20 101893
310928 15 0 102040
310934 15 2 102161
310936 15 4 102162
310938 15 10 102163
310940 15 14 102164
310942 15 10 102203
310944 15 14 102204
310946 15 20 102205
310948 15 22 102206
310950 15 10 102235
310952 15 20 102245
310954 15 14 101516
310956 15 24 101543
310958 15 2 101569
310960 15 4 101570
310962 15 10 101571
310964 15 2 101577
310966 15 14 101708
310968 15 20 101765
310970 15 22 101790
310986 15 0 101904
310990 15 4 102042
311004 15 10 102195
311006 15 14 102196
311008 15 20 102197
311010 15 22 102198
311012 15 4 102242
311016 15 14 101508
311018 15 20 101509
311020 15 22 101510
311022 15 24 101511
311026 15 2 101873
311028 15 14 101884
311030 15 4 102018
311034 15 20 101653
311036 15 22 101654
311038 15 24 101655
311048 15 10 101435
311052 15 2 101545
311054 15 4 101546
311056 15 10 101547
311058 15 14 101548
311060 15 10 101715
311064 15 22 101870
311066 15 20 102029
311068 15 2 102345
311078 15 4 101890
311096 15 14 101756
311098 15 20 101757
311100 15 24 101759
311104 15 14 101908
311106 15 20 101909
311108 15 22 101910
311110 15 24 101911
311114 15 0 102336
311116 15 2 102025
311118 15 2 101737
311120 15 0 101744
311122 15 2 101745
311132 15 22 101798
311134 15 24 101799
311136 15 0 101800
311138 15 2 101801
311150 15 22 102030
311152 15 24 102031
311154 15 0 102032
311156 15 2 102033
311158 15 22 102086
311170 15 22 104870
311172 15 20 104493
311174 15 22 104494
311176 15 24 104495
311178 15 0 104496
311180 15 0 104536
311182 15 14 104988
311184 15 10 105115
311186 15 14 104788
311188 15 20 104789
311190 15 4 104842
311192 15 0 104448
311194 15 24 104479
311196 15 0 104480
311198 15 2 104481
311200 15 4 104482
311202 15 20 104701
311204 15 24 104823
311206 15 24 104511
311208 15 14 104980
311210 15 20 104989
311212 15 22 105318
311214 15 4 104586
311216 15 10 104587
311218 15 14 104588
311220 15 20 104589
311222 15 24 104719
311224 15 14 104908
311226 15 2 105129
311228 15 24 105295
311230 15 22 104526
311232 15 10 104987
311234 15 2 105697
311236 15 22 105758
311238 15 2 106017
311240 15 4 106018
