0 12 7 23501
2 12 7 22685
4 12 7 22601
6 12 7 23277
8 12 7 22645
10 12 7 22709
12 12 11 22743
14 12 11 23111
16 12 7 23361
18 12 4 23544
20 12 7 23269
22 12 7 23325
24 12 4 23344
26 12 8 23378
28 12 11 23355
34 12 11 22923
38 12 4 23480
40 12 4 22612
46 12 4 22796
48 12 7 22797
66 12 7 22669
68 12 7 23441
76 12 8 22594
78 12 8 22774
82 12 4 22700
88 12 8 23510
90 12 7 22805
92 12 11 23123
94 12 4 23356
96 12 4 23332
100 12 8 23006
102 12 7 22737
108 12 4 23136
122 12 7 23025
124 12 4 23256
126 12 7 23481
128 12 11 23415
130 12 8 22642
138 12 8 23134
140 12 4 22688
142 12 4 22824
144 12 8 22898
146 12 7 23205
148 12 11 23519
162 12 7 22665
168 12 4 23268
178 12 4 23416
184 12 4 23088
190 12 7 23021
198 12 11 22999
206 12 7 22809
212 12 7 22869
214 12 8 23038
216 12 8 23386
218 12 4 22932
224 12 4 23392
234 12 8 23498
250 12 4 23376
252 12 11 23171
254 12 8 23318
262 12 4 22536
264 12 11 22571
266 12 4 22668
274 12 11 22879
276 12 8 23022
280 12 4 23272
284 12 7 23549
292 12 4 22844
294 12 8 22846
296 12 8 22870
298 12 8 22878
306 12 7 23113
310 12 4 23448
314 12 11 23399
330 12 8 22662
336 12 4 23348
338 12 11 23251
350 12 8 23402
374 12 11 23343
382 12 11 23359
386 12 7 23265
388 12 8 23446
390 12 7 23485
392 12 8 23074
394 12 11 23223
406 12 8 22670
408 12 4 23128
410 12 8 23294
434 12 8 22794
454 12 8 22702
464 12 11 23079
470 12 11 23367
472 12 8 22690
474 12 4 22936
476 12 4 23076
480 12 4 22676
482 12 8 23162
486 12 11 22995
488 12 4 23388
500 12 8 23122
504 12 11 22895
508 12 4 23368
536 12 11 23051
542 12 7 22945
550 12 4 23352
554 12 11 22707
556 12 8 22582
558 12 4 22588
562 12 11 23487
564 12 8 23538
566 12 11 23539
574 12 7 23093
578 12 4 23004
586 12 8 22542
588 12 7 22637
596 12 4 22756
598 12 7 22841
602 12 4 22908
604 12 11 22919
606 12 11 22931
608 12 7 22953
614 12 4 23048
616 12 11 23207
618 12 7 23225
620 12 7 23253
622 12 4 23320
626 12 7 23421
628 12 11 23471
630 12 11 23499
634 12 8 23062
638 12 7 22581
652 12 4 23080
658 12 8 23330
662 12 7 22881
670 12 7 22605
676 12 4 22832
684 12 11 22703
696 12 11 22859
700 12 11 22659
702 12 7 23525
730 12 11 23143
732 12 7 23537
734 12 4 23548
748 12 4 22620
768 12 11 22531
778 12 8 22966
780 12 11 23063
782 12 11 23215
790 12 4 22680
810 12 8 23390
812 12 7 23397
820 12 11 23283
838 12 8 22914
842 12 4 22548
878 12 7 23333
886 12 11 23403
902 12 8 22722
904 12 4 23192
914 12 7 23069
922 12 7 23497
952 12 11 23303
956 12 8 23398
960 12 7 22973
968 12 4 22948
976 12 11 22627
982 12 7 22849
984 12 8 22730
992 12 4 23236
998 12 4 22860
1010 12 7 22933
1012 12 4 23060
1014 12 11 23515
1016 12 8 22674
1024 12 11 23547
1038 12 7 23053
1042 12 4 23372
1048 12 7 23109
1050 12 7 23417
1058 12 11 22755
1086 12 4 23396
1088 12 7 23377
1096 12 11 23279
1106 12 7 23465
1114 12 7 22777
1124 12 4 23064
1156 12 4 22816
1160 12 11 23387
1162 12 4 22716
1164 12 4 22852
1166 12 4 23140
1180 12 4 22760
1182 12 4 22776
1184 12 11 23531
1198 12 4 23420
1202 12 11 22819
1218 12 11 23155
1220 12 11 22619
1226 12 8 22918
1228 12 4 23176
1230 12 4 23300
1236 12 8 23066
1240 12 7 23173
1242 12 7 23217
1272 12 8 22714
1280 12 7 23341
1282 12 7 23541
1292 12 11 23243
1300 12 7 22957
1302 12 8 23174
1304 12 11 23175
1316 12 7 22561
1324 12 11 22651
1326 12 4 22708
1328 12 8 23414
1332 12 8 22734
1338 12 7 22909
1340 12 8 23242
1342 12 11 22535
1344 12 8 22766
1354 12 7 22781
1356 12 7 22901
1368 12 8 23210
1380 12 11 23203
1390 12 8 22834
1394 12 8 23406
1398 12 7 22537
1406 12 8 23338
1418 12 8 22534
1422 12 4 23084
1428 12 11 23411
1452 12 7 22653
1460 12 4 22804
1470 12 8 22666
1472 12 7 23289
1484 12 11 22843
1504 12 4 22672
1506 12 8 22782
1522 12 4 22900
1528 12 7 22729
1540 12 7 23161
1544 12 4 23468
1546 12 11 23503
1562 12 7 23029
1582 12 7 22641
1604 12 7 23213
1608 12 8 22778
1612 12 11 23551
1622 12 4 23040
1632 12 11 22759
1636 12 7 23193
1638 12 8 23142
1644 12 8 22858
1652 12 8 23458
1660 12 7 22649
1672 12 7 17829
1676 12 8 17962
1678 12 8 17878
1680 12 11 17951
1682 12 8 18078
1684 12 11 18179
1686 12 7 17801
1688 12 4 18132
1690 12 11 18219
1692 12 11 18419
1694 12 11 18227
1696 12 8 18278
1698 12 7 18305
1700 12 8 18410
1702 12 8 17550
1704 12 4 18388
1706 12 8 17482
1708 12 8 17530
1710 12 11 17591
1712 12 11 18303
1714 12 11 18083
1716 12 11 17931
1718 12 7 17637
1720 12 4 17920
1724 12 11 17539
1726 12 8 18062
1730 12 8 17894
1732 12 4 18220
1734 12 8 17466
1736 12 4 17836
1740 12 7 17677
1742 12 4 17996
1744 12 7 17417
1746 12 8 17590
1748 12 11 17603
1754 12 8 17626
1756 12 8 17726
1758 12 11 17775
1760 12 8 17974
1762 12 7 18021
1764 12 11 18079
1766 12 8 17938
1768 12 4 18116
1770 12 4 18032
1772 12 7 18209
1774 12 4 18340
1778 12 11 17571
1780 12 8 17766
1782 12 4 17852
1784 12 11 17503
1786 12 4 17776
1788 12 7 17921
1790 12 4 18060
1792 12 11 17763
1794 12 4 17596
1798 12 11 17515
1804 12 4 17956
1806 12 8 17986
1808 12 11 18011
1810 12 11 18059
1812 12 7 18113
1814 12 4 18252
1818 12 4 18384
1820 12 7 17669
1826 12 7 17489
1830 12 4 17628
1836 12 11 17975
1838 12 4 17432
1842 12 4 17736
1846 12 4 17552
1848 12 7 17841
1852 12 7 17437
1854 12 8 17786
1858 12 7 18029
1866 12 4 17696
1874 12 7 17745
1876 12 11 17771
1882 12 8 17842
1884 12 4 17912
1886 12 7 18141
1890 12 8 18350
1892 12 7 18425
1894 12 7 17497
1896 12 4 17820
1900 12 4 18400
1902 12 8 18102
1904 12 8 17558
1914 12 4 18128
1916 12 11 17575
1918 12 11 17587
1922 12 11 18279
1926 12 8 17658
1932 12 8 17610
1936 12 7 17781
1946 12 11 18231
1954 12 8 17578
1960 12 7 17597
1966 12 7 17569
1972 12 11 17707
1974 12 4 17768
1984 12 4 17928
1986 12 11 18047
1990 12 7 18069
1992 12 7 18077
1998 12 4 18168
2000 12 11 18267
2002 12 7 18333
2006 12 4 18312
2008 12 11 17639
2016 12 8 18182
2028 12 4 17504
2032 12 11 18163
2034 12 11 17611
2050 12 4 17788
2052 12 8 18290
2054 12 7 17473
2058 12 7 18001
2060 12 7 18217
2070 12 11 17659
2072 12 7 17469
2074 12 4 18208
2106 12 11 18075
2108 12 7 17701
2120 12 7 18089
2124 12 11 18375
2126 12 4 17520
2132 12 4 17444
2134 12 11 17455
2136 12 7 17861
2138 12 8 18294
2140 12 7 18229
2144 12 4 18020
2148 12 8 18174
2150 12 4 18076
2152 12 7 17645
2154 12 8 18006
2156 12 11 17607
2158 12 11 17687
2160 12 4 17700
2166 12 8 17930
2174 12 8 17754
2176 12 11 17755
2182 12 8 17866
2184 12 4 18112
2188 12 11 17823
2192 12 8 18282
2194 12 7 17661
2204 12 4 17976
2206 12 7 17457
2214 12 7 17625
2216 12 4 18164
2222 12 4 18332
2224 12 7 17789
2240 12 7 17629
2242 12 4 18088
2250 12 4 17644
2258 12 8 18098
2262 12 11 18315
2266 12 7 17521
2268 12 11 17723
2270 12 11 17827
2272 12 11 17963
2274 12 11 18167
2280 12 8 17678
2282 12 4 17496
2288 12 8 18122
2302 12 7 18337
2314 12 7 17797
2316 12 11 17879
2322 12 11 17787
2332 12 4 17916
2342 12 11 17599
2344 12 7 17765
2348 12 7 17937
2350 12 7 17945
2354 12 7 18413
2362 12 11 17431
2370 12 11 17891
2372 12 4 17728
2374 12 4 18268
2382 12 11 17731
2386 12 7 17981
2388 12 8 18302
2394 12 11 17683
2396 12 11 17911
2410 12 7 17621
2428 12 4 17804
2432 12 11 17499
2434 12 7 17501
2438 12 7 17985
2442 12 8 17826
2450 12 8 18430
2460 12 8 18366
2464 12 11 18255
2468 12 11 17555
2496 12 11 17635
2500 12 11 17779
2504 12 7 18349
2522 12 8 17702
2528 12 7 18121
2540 12 7 16765
2542 12 8 17130
2544 12 8 16870
2546 12 7 16873
2548 12 7 17229
2550 12 8 17346
2552 12 7 17001
2554 12 11 16423
2556 12 4 16980
2558 12 4 17052
2560 12 8 16698
2562 12 7 16805
2564 12 8 16902
2566 12 11 16495
2568 12 4 16612
2570 12 7 16533
2572 12 7 17389
2574 12 7 17113
2576 12 7 16413
2578 12 11 16907
2580 12 11 16787
2582 12 4 17060
2584 12 11 16447
2586 12 7 16881
2588 12 4 16676
2590 12 4 16852
2592 12 4 16840
2594 12 4 16532
2596 12 7 17097
2598 12 7 16405
2600 12 4 16680
2602 12 11 16899
2604 12 8 16650
2608 12 8 16726
2610 12 8 16790
2612 12 4 17208
2614 12 4 17316
2616 12 4 16812
2618 12 7 16625
2622 12 11 16759
2624 12 4 16520
2626 12 8 16570
2634 12 11 17159
2636 12 11 17323
2638 12 4 17112
2640 12 7 17033
2642 12 11 17299
2652 12 8 16838
2660 12 8 17090
2662 12 7 17289
2664 12 8 17398
2666 12 8 16966
2676 12 11 17211
2678 12 7 17225
2682 12 7 16717
2684 12 11 16875
2686 12 7 16877
2696 12 7 17145
2704 12 4 16976
2708 12 7 17221
2710 12 8 17234
2712 12 7 17089
2714 12 11 17271
2722 12 4 16868
2724 12 8 16998
2728 12 8 16430
2732 12 7 16669
2734 12 4 17080
2736 12 4 17284
2738 12 7 17369
2744 12 11 16703
2750 12 8 17318
2752 12 11 17347
2758 12 4 16468
2766 12 8 17190
2772 12 4 17028
2774 12 11 17039
2784 12 7 16833
2786 12 11 16883
2792 12 8 17118
2798 12 4 16472
2800 12 8 16550
2804 12 7 16801
2808 12 4 17008
2810 12 7 17009
2816 12 7 17181
2826 12 11 17163
2828 12 8 17150
2834 12 11 16739
2836 12 4 16900
2838 12 4 16452
2840 12 4 16924
2862 12 7 16945
2882 12 8 17358
2884 12 4 17044
2886 12 7 16837
2890 12 8 16986
2892 12 8 17402
2898 12 4 16920
2904 12 4 17388
2908 12 11 17247
2914 12 11 16799
2920 12 8 16710
2926 12 8 17202
2928 12 11 16779
2930 12 11 17191
2932 12 7 16853
2936 12 7 16581
2940 12 4 17308
2944 12 7 17365
2946 12 4 17260
2950 12 8 17298
2952 12 8 16514
2960 12 7 16753
2962 12 11 16835
2966 12 8 16922
2976 12 11 16391
2978 12 7 16697
2984 12 11 16963
2988 12 11 16671
3016 12 7 17005
3020 12 7 16549
3024 12 8 16510
3026 12 11 16695
3028 12 4 17228
3036 12 8 16626
3042 12 7 17101
3048 12 11 17071
3050 12 8 16598
3052 12 11 17055
3054 12 11 16791
3064 12 4 16636
3066 12 4 17268
3068 12 4 16908
3072 12 11 17223
3084 12 7 17261
3086 12 4 17328
3088 12 11 17295
3110 12 7 16921
3114 12 8 16690
3118 12 11 16699
3132 12 7 16985
3136 12 4 17168
3138 12 7 17305
3140 12 4 17404
3148 12 11 16743
3150 12 4 17180
3174 12 4 16508
3182 12 11 16919
3184 12 7 17045
3188 12 11 16711
3226 12 8 17198
3228 12 8 16458
3254 12 7 16429
3262 12 7 16385
3264 12 4 16488
3270 12 11 16419
3294 12 11 17355
3296 12 11 16863
3298 12 11 17099
3306 12 4 17396
3312 12 7 16901
3318 12 7 17341
3328 12 11 17083
3346 12 4 17232
3358 12 11 17383
3370 12 4 16456
3372 12 7 17117
3378 12 4 17016
3396 12 7 17353
3400 12 11 16531
3410 12 4 16300
3412 12 7 16301
3414 12 11 15603
3416 12 4 16376
3420 12 11 16079
3422 12 4 15784
3424 12 4 15912
3426 12 4 16156
3428 12 8 16210
3430 12 4 15896
3432 12 4 15600
3436 12 11 16099
3440 12 11 16155
3450 12 8 16194
3452 12 8 16138
3454 12 7 15845
3458 12 4 15408
3460 12 11 16167
3464 12 4 15932
3466 12 11 15955
3468 12 7 16025
3470 12 8 16258
3472 12 11 15851
3476 12 7 15681
3478 12 4 15580
3480 12 7 15793
3482 12 4 16280
3484 12 8 15534
3486 12 11 15587
3488 12 11 15655
3490 12 8 16050
3492 12 11 16071
3494 12 8 16142
3496 12 4 16172
3498 12 8 16362
3500 12 7 15853
3502 12 4 16056
3506 12 7 15677
3508 12 4 15728
3510 12 7 16181
3514 12 8 16298
3520 12 4 15960
3522 12 11 16023
3524 12 11 16247
3526 12 11 16287
3528 12 4 16340
3534 12 11 15679
3536 12 11 15875
3540 12 7 16053
3542 12 8 16166
3546 12 4 16328
3548 12 11 15919
3550 12 8 16134
3558 12 11 15519
3562 12 11 16315
3564 12 7 16377
3566 12 11 15543
3568 12 7 15561
3570 12 8 15606
3572 12 4 16020
3574 12 11 16111
3576 12 8 15618
3582 12 7 16165
3584 12 11 15835
3586 12 7 15857
3588 12 8 15858
3590 12 8 16118
3594 12 8 15694
3598 12 4 15652
3600 12 11 15783
3602 12 4 15920
3604 12 4 16248
3606 12 4 15380
3608 12 7 15497
3612 12 11 16383
3616 12 4 15636
3622 12 8 16178
3628 12 8 15454
3630 12 11 15631
3632 12 11 15983
3634 12 4 15840
3636 12 4 15848
3640 12 7 15893
3644 12 11 16011
3656 12 11 16279
3658 12 7 15637
3660 12 11 16135
3662 12 11 15907
3666 12 11 16231
3670 12 7 15425
3672 12 7 16033
3678 12 7 16093
3682 12 7 16313
3686 12 4 16012
3694 12 11 15899
3698 12 11 15367
3700 12 4 15368
3702 12 7 15877
3704 12 4 16324
3706 12 7 16325
3724 12 4 15884
3730 12 11 15911
3734 12 8 16002
3736 12 7 16153
3750 12 4 15476
3754 12 11 15575
3760 12 4 15512
3764 12 7 15593
3766 12 8 15594
3768 12 7 15881
3770 12 8 15906
3772 12 7 15953
3774 12 7 16337
3790 12 11 16047
3792 12 4 15928
3800 12 8 15734
3802 12 8 15406
3808 12 11 15831
3812 12 11 15699
3820 12 7 16289
3824 12 4 15808
3826 12 8 16042
3832 12 8 15574
3838 12 4 16276
3842 12 7 15805
3850 12 11 16243
3852 12 4 16060
3854 12 11 16139
3856 12 7 16257
3858 12 8 16378
3866 12 8 16238
3870 12 8 15930
3872 12 8 15822
3874 12 4 16036
3890 12 7 15873
3892 12 11 16259
3894 12 4 15800
3902 12 11 15755
3914 12 11 15431
3916 12 8 16226
3922 12 7 15885
3940 12 11 15931
3944 12 4 16356
3950 12 4 16264
3952 12 11 15399
3956 12 11 16331
3970 12 11 15891
3978 12 11 15567
3980 12 4 15868
3994 12 7 15373
4008 12 8 15946
4022 12 11 15595
4030 12 11 16363
4034 12 4 15400
4042 12 11 16319
4056 12 11 15439
4082 12 7 15789
4084 12 7 16021
4088 12 4 16088
4116 12 11 15615
4120 12 4 16268
4132 12 8 15526
4144 12 7 15549
4156 12 4 16168
4158 12 8 15846
4160 12 4 19688
4162 12 8 20230
4164 12 7 19553
4166 12 8 19562
4168 12 11 19759
4170 12 8 20346
4172 12 8 19730
4176 12 7 19721
4178 12 7 19941
4180 12 7 19801
4182 12 11 19795
4186 12 8 19694
4188 12 7 19873
4190 12 4 20080
4192 12 4 20240
4194 12 7 20409
4198 12 7 20469
4200 12 11 20363
4202 12 8 20182
4206 12 7 19793
4208 12 11 19719
4210 12 7 19521
4214 12 7 19701
4216 12 8 19850
4218 12 7 20185
4222 12 11 19787
4224 12 8 19522
4226 12 11 19775
4228 12 8 20146
4230 12 4 19584
4232 12 7 19745
4234 12 11 20255
4236 12 11 19943
4238 12 7 19753
4244 12 8 19762
4246 12 7 19833
4248 12 4 19860
4250 12 11 19967
4252 12 8 19982
4254 12 8 20070
4260 12 11 19899
4262 12 8 20474
4264 12 7 20097
4266 12 11 20259
4270 12 7 20061
4272 12 11 19799
4280 12 7 19561
4284 12 8 20426
4286 12 8 20162
4296 12 4 19988
4306 12 4 20256
4308 12 7 19549
4310 12 4 19576
4312 12 4 19704
4314 12 7 20021
4316 12 7 20045
4318 12 4 20156
4320 12 8 20178
4324 12 11 20135
4326 12 7 20385
4332 12 8 19570
4334 12 8 19638
4336 12 8 19690
4338 12 8 20086
4340 12 7 19641
4342 12 7 20425
4344 12 8 19642
4356 12 4 20308
4360 12 4 20132
4362 12 4 19508
4364 12 4 19788
4366 12 4 20228
4370 12 4 19912
4372 12 4 20136
4384 12 4 20200
4386 12 4 19600
4388 12 11 20263
4390 12 8 20282
4394 12 8 20362
4398 12 4 19660
4402 12 8 19754
4404 12 8 19550
4408 12 4 20112
4412 12 7 20201
4416 12 7 19657
4418 12 8 20034
4422 12 7 20093
4424 12 11 19551
4426 12 7 19957
4430 12 7 19489
4432 12 11 19507
4434 12 11 19511
4436 12 7 19513
4446 12 11 19699
4448 12 4 19908
4458 12 11 20163
4462 12 11 20203
4464 12 7 20225
4466 12 7 20241
4470 12 11 20375
4472 12 4 20400
4474 12 4 20412
4478 12 11 20199
4480 12 8 20206
4484 12 7 20105
4486 12 4 19992
4488 12 7 20357
4498 12 7 20413
4500 12 4 20460
4502 12 7 20445
4506 12 4 19824
4510 12 7 20333
4532 12 8 19818
4534 12 4 20344
4548 12 4 19656
4576 12 7 20245
4578 12 4 19716
4582 12 8 19770
4584 12 11 19783
4590 12 4 19868
4596 12 4 20196
4602 12 8 19898
4604 12 8 19702
4608 12 11 20431
4610 12 11 20447
4612 12 8 19882
4620 12 7 19661
4632 12 11 20015
4636 12 7 20325
4642 12 11 20091
4644 12 11 20423
4646 12 11 20351
4658 12 7 20421
4672 12 11 20019
4674 12 8 19926
4692 12 7 19541
4698 12 7 19773
4704 12 8 19486
4706 12 8 19538
4712 12 4 20372
4720 12 7 20369
4724 12 8 20442
4736 12 4 19928
4742 12 11 19959
4744 12 11 20231
4746 12 4 20440
4756 12 4 20244
4760 12 4 19940
4766 12 11 19687
4768 12 8 19938
4770 12 4 20120
4776 12 4 19808
4778 12 11 19839
4784 12 11 20083
4788 12 7 19985
4794 12 11 20475
4808 12 8 20238
4810 12 7 20277
4820 12 8 20098
4826 12 8 19890
4830 12 8 20226
4840 12 11 20111
4842 12 7 20173
4844 12 4 19496
4846 12 8 19810
4850 12 11 20123
4868 12 11 19931
4870 12 4 19848
4872 12 11 19979
4874 12 8 20210
4878 12 8 20274
4892 12 7 19961
4894 12 4 20004
4896 12 4 20044
4910 12 4 20052
4922 12 11 20087
4932 12 7 19765
4934 12 11 19679
4946 12 8 19582
4950 12 4 20176
4952 12 4 19476
4954 12 4 20476
4958 12 11 20299
4972 12 7 20433
4974 12 11 20471
4988 12 4 19904
5000 12 7 20025
5010 12 8 20022
5016 12 11 19155
5018 12 4 18552
5020 12 11 18571
5022 12 7 18909
5028 12 11 19215
5030 12 4 18636
5032 12 7 18769
5034 12 8 18534
5036 12 8 19210
5038 12 8 18818
5040 12 8 19046
5042 12 7 18533
5046 12 11 18591
5050 12 4 18472
5052 12 8 18922
5054 12 11 18679
5056 12 11 18539
5058 12 11 19011
5060 12 8 19366
5064 12 11 19083
5066 12 4 18432
5068 12 7 19273
5070 12 7 18529
5072 12 8 18866
5074 12 4 18624
5076 12 11 18551
5080 12 8 18646
5082 12 11 19095
5084 12 4 19240
5086 12 11 19415
5090 12 4 19400
5094 12 7 19337
5096 12 8 18638
5098 12 11 18639
5100 12 11 18879
5102 12 4 19136
5104 12 11 19391
5110 12 8 19246
5112 12 7 18433
5114 12 8 18870
5120 12 11 19295
5132 12 7 18457
5134 12 4 18680
5136 12 4 19072
5138 12 7 19113
5142 12 4 18468
5144 12 11 18599
5148 12 7 19361
5150 12 4 18540
5152 12 8 18498
5154 12 8 19010
5156 12 11 19335
5158 12 11 19435
5162 12 8 18662
5164 12 8 18918
5166 12 4 19296
5168 12 11 18583
5170 12 4 19304
5172 12 8 18746
5174 12 4 19028
5176 12 8 19038
5178 12 4 19288
5180 12 8 19418
5184 12 4 19256
5186 12 11 18647
5188 12 11 18771
5192 12 11 18703
5200 12 4 18728
5202 12 8 18694
5206 12 7 18437
5208 12 11 18447
5210 12 11 18531
5216 12 8 18778
5220 12 7 18505
5222 12 4 18524
5224 12 7 18761
5228 12 4 18824
5236 12 4 19392
5238 12 8 19374
5244 12 8 19390
5246 12 11 18659
5250 12 7 18733
5258 12 11 18503
5260 12 11 18927
5268 12 11 18675
5270 12 8 18702
5272 12 8 18714
5276 12 11 18823
5280 12 11 19091
5284 12 8 19254
5286 12 11 19347
5288 12 7 19397
5292 12 4 19088
5294 12 11 18475
5298 12 11 19007
5302 12 4 18876
5304 12 7 19257
5306 12 7 19357
5308 12 7 19389
5328 12 8 18798
5334 12 11 19135
5338 12 4 18568
5344 12 8 19002
5354 12 4 19132
5368 12 8 18926
5378 12 11 19343
5382 12 7 18777
5386 12 7 18461
5392 12 7 18897
5396 12 11 19339
5402 12 4 19408
5406 12 4 18816
5408 12 8 18962
5410 12 11 18963
5412 12 7 19349
5418 12 4 18532
5420 12 8 19262
5424 12 7 19137
5426 12 7 18517
5432 12 8 19106
5436 12 7 18685
5438 12 11 18915
5440 12 7 19037
5450 12 8 19126
5454 12 4 18872
5456 12 4 18548
5476 12 4 18992
5478 12 7 19165
5480 12 4 19248
5482 12 11 19455
5502 12 4 19364
5510 12 4 18936
5512 12 7 18649
5514 12 11 19015
5518 12 7 19449
5522 12 4 18480
5524 12 7 19305
5532 12 11 18463
5544 12 8 18578
5546 12 8 18642
5556 12 8 18490
5558 12 7 19145
5560 12 11 18967
5562 12 8 18506
5564 12 4 18616
5566 12 11 18755
5572 12 11 19187
5582 12 7 18797
5584 12 4 18588
5586 12 11 18747
5592 12 11 18811
5600 12 7 19097
5604 12 8 19370
5608 12 4 19424
5618 12 8 19294
5620 12 4 18772
5622 12 8 19450
5626 12 4 19452
5628 12 7 19405
5630 12 7 19297
5632 12 4 19348
5638 12 7 18945
5642 12 11 19443
5648 12 11 19031
5650 12 4 18844
5652 12 7 18489
5654 12 7 18557
5656 12 4 18676
5658 12 8 18762
5660 12 4 18768
5662 12 7 18957
5664 12 8 18958
5666 12 8 18994
5668 12 8 19006
5672 12 7 19353
5680 12 7 19429
5700 12 4 19172
5704 12 8 19090
5706 12 11 18535
5710 12 7 18645
5712 12 8 18722
5730 12 11 19399
5732 12 11 18719
5742 12 7 19045
5754 12 11 18587
5756 12 4 19144
5758 12 11 19247
5784 12 7 18905
5802 12 4 19448
5806 12 11 19139
5812 12 11 19311
5814 12 4 18832
5838 12 8 18786
5840 12 7 18793
5846 12 11 19439
5862 12 7 22229
5864 12 11 22259
5866 12 4 22436
5868 12 7 22153
5870 12 8 22158
5872 12 7 22185
5874 12 4 22428
5878 12 4 22116
5880 12 4 22220
5884 12 11 22035
5890 12 8 21850
5892 12 4 21948
5896 12 8 22162
5898 12 7 22269
5900 12 7 21669
5904 12 8 21862
5910 12 7 21957
5916 12 11 21807
5918 12 11 22011
5922 12 11 22119
5924 12 7 21749
5926 12 8 21750
5928 12 7 22097
5930 12 7 21709
5932 12 8 21726
5934 12 7 22109
5940 12 7 21533
5944 12 7 22337
5946 12 11 22407
5948 12 7 22381
5954 12 11 21627
5956 12 4 21888
5958 12 7 21949
5960 12 8 22010
5962 12 8 22222
5964 12 4 22340
5966 12 7 22377
5976 12 4 21788
5982 12 7 21541
5984 12 8 21914
5986 12 4 22112
5988 12 8 22150
5990 12 7 22365
5994 12 8 22406
5996 12 4 22408
6006 12 4 21860
6014 12 4 21936
6022 12 8 22054
6024 12 7 22201
6030 12 11 22271
6036 12 8 21830
6038 12 4 21968
6044 12 8 22078
6050 12 11 22295
6052 12 11 22351
6058 12 7 21605
6060 12 8 22430
6068 12 7 22061
6070 12 8 21730
6094 12 8 21790
6096 12 7 21585
6100 12 11 22135
6104 12 11 22219
6108 12 4 21516
6110 12 7 21761
6112 12 8 21562
6114 12 7 22401
6116 12 11 22191
6118 12 4 21748
6136 12 11 22195
6138 12 4 21920
6140 12 7 22033
6144 12 4 22336
6160 12 7 21953
6168 12 4 21664
6172 12 11 21611
6174 12 11 21739
6176 12 7 21861
6178 12 4 22316
6182 12 11 22047
6184 12 4 22500
6186 12 8 22154
6198 12 11 21891
6212 12 8 21990
6218 12 7 21997
6220 12 7 21853
6226 12 7 21561
6228 12 7 21689
6232 12 11 21603
6240 12 8 21886
6248 12 8 22226
6250 12 11 22227
6254 12 8 21618
6256 12 8 21710
6258 12 7 21929
6260 12 11 21859
6262 12 4 21512
6264 12 7 21513
6266 12 8 21526
6268 12 4 21532
6276 12 11 21811
6280 12 11 21835
6282 12 11 21843
6284 12 4 21864
6286 12 7 21889
6288 12 4 22008
6290 12 8 22022
6292 12 7 22049
6294 12 4 22052
6296 12 4 22084
6308 12 4 22204
6310 12 7 22205
6312 12 7 22225
6314 12 8 22362
6318 12 11 22403
6320 12 11 22455
6322 12 4 22472
6324 12 8 22046
6336 12 7 22137
6346 12 7 21833
6348 12 8 21522
6364 12 4 22228
6374 12 8 22042
6384 12 4 21560
6388 12 7 21665
6396 12 8 21854
6398 12 4 22524
6404 12 11 21671
6410 12 8 21998
6444 12 8 22238
6448 12 7 21777
6454 12 7 21629
6464 12 8 22478
6470 12 11 21867
6476 12 8 22138
6478 12 7 21625
6480 12 11 21815
6492 12 7 22053
6494 12 8 22338
6506 12 7 22313
6512 12 11 22055
6532 12 8 22386
6536 12 7 22257
6550 12 7 21893
6552 12 8 22186
6556 12 4 21684
6558 12 11 22063
6560 12 11 22391
6572 12 4 21564
6580 12 7 21529
6586 12 7 22509
6608 12 11 22427
6610 12 11 21871
6624 12 11 21595
6626 12 11 21955
6628 12 7 22089
6632 12 7 22281
6644 12 4 22352
6656 12 8 21722
6662 12 11 21911
6676 12 8 22486
6680 12 7 22217
6682 12 11 21551
6684 12 11 21799
6686 12 4 21944
6690 12 7 22057
6694 12 8 22110
6696 12 11 22147
6698 12 8 22194
6700 12 11 22263
6702 12 4 22264
6704 12 7 22329
6706 12 8 22442
6710 12 8 22062
6726 12 4 21548
6730 12 7 21673
6742 12 7 22433
6746 12 11 22163
6748 12 7 22301
6764 12 7 22361
6766 12 4 22168
6770 12 11 22003
6772 12 7 21809
6782 12 4 22300
6784 12 4 22488
6792 12 4 22012
6794 12 11 22051
6796 12 7 22065
6802 12 8 22014
6812 12 8 21778
6818 12 8 22174
6820 12 8 22214
6822 12 11 22283
6824 12 11 22067
6844 12 4 21912
6854 12 7 21937
6858 12 4 21984
6878 12 7 22221
6880 12 7 22241
6882 12 4 22284
6884 12 4 22296
6892 12 11 21931
6908 12 8 22518
6924 12 11 22087
6956 12 8 22390
6962 12 4 10288
6964 12 4 10816
6966 12 8 10854
6968 12 11 10907
6970 12 8 10654
6972 12 7 10309
6974 12 8 10394
6976 12 7 10433
6978 12 11 11255
6980 12 4 11256
6982 12 4 10296
6984 12 8 10458
6986 12 7 10669
6988 12 11 10819
6990 12 8 11030
6992 12 7 11081
6994 12 4 11100
6996 12 4 10396
6998 12 7 10717
7000 12 4 10720
7002 12 8 10902
7004 12 11 11047
7006 12 4 10436
7008 12 8 11058
7010 12 4 10600
7012 12 4 10824
7014 12 8 10626
7016 12 8 10970
7018 12 11 11219
7020 12 7 10421
7022 12 7 11037
7024 12 11 10331
7026 12 8 10750
7028 12 4 10900
7030 12 4 10572
7034 12 4 10744
7036 12 7 10365
7038 12 11 10999
7040 12 4 10564
7042 12 4 11188
7046 12 11 10699
7048 12 4 11144
7050 12 8 10698
7052 12 8 10638
7054 12 11 10715
7056 12 8 11214
7062 12 11 10703
7068 12 8 11250
7072 12 4 11096
7074 12 7 10793
7076 12 4 10320
7082 12 7 10789
7084 12 11 10995
7086 12 11 10639
7094 12 8 11054
7096 12 4 10428
7102 12 11 10683
7104 12 8 10318
7106 12 7 10565
7110 12 11 10351
7112 12 4 10804
7118 12 4 10488
7120 12 7 10861
7122 12 4 11120
7124 12 4 10316
7126 12 11 11015
7128 12 8 11062
7130 12 8 10462
7134 12 4 10528
7136 12 11 10483
7138 12 11 10487
7140 12 7 10489
7142 12 8 10490
7144 12 8 10742
7146 12 8 10810
7148 12 4 11204
7158 12 7 10425
7172 12 8 10650
7176 12 7 11133
7178 12 11 11227
7180 12 7 11249
7182 12 8 10614
7188 12 4 10468
7190 12 7 10361
7192 12 4 10808
7194 12 7 10833
7196 12 4 10476
7198 12 4 10828
7202 12 7 10625
7204 12 4 10916
7206 12 4 10924
7210 12 7 10473
7212 12 4 10876
7214 12 4 10904
7226 12 8 10978
7236 12 11 10423
7238 12 7 10617
7244 12 7 10897
7246 12 11 10507
7252 12 8 11262
7258 12 7 10477
7260 12 8 10410
7262 12 4 10652
7268 12 4 10584
7270 12 8 10814
7282 12 7 11161
7286 12 11 10291
7288 12 8 10538
7290 12 11 10559
7296 12 4 10592
7300 12 11 11003
7304 12 8 10930
7306 12 7 11053
7308 12 8 10846
7310 12 4 10796
7314 12 4 10768
7316 12 4 10680
7320 12 7 10369
7322 12 7 10597
7324 12 7 10705
7326 12 11 10723
7330 12 4 10884
7338 12 8 11254
7342 12 11 10335
7346 12 11 10651
7348 12 8 10738
7350 12 11 10855
7352 12 8 10962
7354 12 4 11180
7364 12 7 11221
7366 12 8 10294
7368 12 11 10295
7378 12 8 10918
7380 12 7 11013
7382 12 11 11019
7384 12 11 10455
7388 12 11 10799
7390 12 4 10432
7394 12 4 10364
7400 12 4 10812
7406 12 11 10635
7408 12 11 10315
7414 12 8 11230
7420 12 11 10479
7424 12 8 11098
7434 12 7 10989
7446 12 4 10352
7452 12 4 10464
7458 12 7 11137
7480 12 8 10446
7482 12 11 10627
7484 12 11 11139
7486 12 7 10845
7514 12 11 10875
7516 12 11 10947
7520 12 7 10945
7524 12 11 20751
7526 12 4 21452
7528 12 11 20883
7530 12 7 20685
7532 12 7 21205
7534 12 8 21074
7536 12 7 21121
7538 12 8 21298
7540 12 8 20514
7542 12 8 20674
7544 12 4 21004
7546 12 11 21339
7548 12 11 21215
7550 12 4 20840
7552 12 7 20581
7554 12 7 20761
7556 12 11 21079
7558 12 7 21197
7560 12 11 21251
7562 12 11 20495
7564 12 7 20953
7566 12 11 21199
7568 12 4 20616
7570 12 4 21268
7574 12 8 20790
7576 12 11 20739
7578 12 4 20496
7580 12 7 20861
7582 12 7 21169
7584 12 4 20968
7586 12 8 20666
7588 12 8 20862
7590 12 7 20885
7592 12 8 21130
7594 12 11 21147
7596 12 4 20784
7598 12 4 20604
7600 12 8 20762
7602 12 4 20976
7604 12 8 21062
7606 12 8 21238
7608 12 8 21350
7610 12 4 20716
7612 12 8 20918
7614 12 4 21236
7616 12 11 21027
7618 12 4 21284
7620 12 7 21297
7622 12 8 20830
7626 12 7 20565
7628 12 7 21209
7630 12 8 21218
7632 12 8 21194
7634 12 11 21127
7636 12 11 20947
7638 12 7 20997
7642 12 8 21158
7646 12 8 21302
7648 12 8 21346
7652 12 4 20520
7656 12 4 20584
7658 12 4 20672
7660 12 8 20822
7662 12 7 20841
7666 12 7 21125
7670 12 8 21290
7672 12 11 21447
7674 12 4 21476
7676 12 4 21464
7678 12 8 21470
7680 12 7 21329
7682 12 11 20523
7684 12 11 21375
7688 12 4 20484
7694 12 11 20743
7696 12 8 20714
7698 12 4 21384
7700 12 8 20546
7702 12 7 21253
7704 12 8 21306
7714 12 4 21024
7716 12 11 20591
7718 12 7 20665
7728 12 7 21489
7730 12 7 20505
7732 12 8 20842
7738 12 11 20559
7740 12 11 21031
7742 12 7 21097
7744 12 4 21260
7746 12 8 21314
7748 12 8 21162
7750 12 11 20639
7752 12 11 21107
7754 12 8 20634
7760 12 7 21397
7766 12 11 20899
7768 12 11 20931
7776 12 4 21240
7780 12 8 21322
7782 12 8 21370
7784 12 4 20812
7786 12 4 21212
7790 12 11 20823
7792 12 8 20774
7794 12 8 20658
7796 12 11 20575
7798 12 11 20579
7802 12 8 20846
7804 12 4 21276
7806 12 8 21318
7808 12 11 20535
7810 12 7 20557
7820 12 4 20668
7822 12 8 20706
7826 12 7 20945
7828 12 8 21214
7830 12 11 21323
7832 12 7 21337
7834 12 4 21388
7836 12 7 21401
7838 12 8 21406
7840 12 8 21418
7844 12 11 21495
7846 12 4 21080
7850 12 11 20727
7860 12 7 21409
7862 12 7 21469
7866 12 11 20587
7868 12 11 20663
7872 12 4 21148
7874 12 11 21095
7876 12 4 20740
7880 12 4 20572
7888 12 11 20627
7894 12 7 20937
7898 12 7 20701
7900 12 8 20710
7902 12 7 20753
7904 12 11 20847
7914 12 8 20750
7918 12 8 20518
7924 12 11 20967
7926 12 11 20995
7930 12 11 21363
7932 12 11 20835
7940 12 7 21201
7944 12 7 21261
7946 12 7 21317
7948 12 8 20998
7952 12 8 20702
7956 12 11 20655
7960 12 8 20966
7970 12 7 21333
7974 12 4 21316
7978 12 4 20752
7980 12 7 21393
8002 12 7 20669
8004 12 7 21001
8010 12 7 21241
8020 12 8 20754
8026 12 11 21071
8032 12 4 21372
8050 12 4 21072
8054 12 8 20486
8058 12 8 21430
8060 12 11 20635
8064 12 4 21280
8066 12 8 21330
8068 12 8 21374
8072 12 8 21058
8076 12 4 21408
8078 12 7 21425
8080 12 7 20681
8084 12 7 20785
8086 12 8 21202
8092 12 8 20858
8094 12 11 21227
8098 12 4 21172
8102 12 7 20949
8108 12 7 20909
8110 12 11 21499
8112 12 8 21486
8118 12 4 20940
8132 12 8 21226
8138 12 7 21377
8146 12 8 21050
8148 12 7 20981
8156 12 4 20588
8162 12 4 21140
8168 12 4 21048
8170 12 11 20951
8172 12 4 20876
8174 12 4 21364
8178 12 4 20724
8182 12 8 21394
8196 12 7 20529
8198 12 11 21407
8202 12 7 21049
8208 12 7 21037
8210 12 4 21500
8212 12 7 21177
8216 12 4 20680
8218 12 11 20747
8222 12 11 20603
8226 12 11 20723
8228 12 7 21481
8234 12 7 21213
8240 12 7 20481
8242 12 8 20786
8244 12 8 20910
8246 12 7 21373
8248 12 4 20600
8264 12 4 20556
8280 12 8 20886
8282 12 7 21265
8290 12 7 21065
8292 12 11 21459
8294 12 8 20958
8296 12 4 21264
8302 12 11 26719
8304 12 8 27134
8306 12 7 27457
8308 12 4 27492
8310 12 8 26698
8312 12 4 27184
8314 12 11 27183
8316 12 4 26784
8318 12 11 26699
8320 12 8 27554
8322 12 11 27575
8324 12 11 27647
8326 12 8 26810
8328 12 7 26833
8330 12 7 26897
8332 12 4 27012
8334 12 4 27244
8336 12 7 27497
8340 12 11 26975
8342 12 8 26886
8344 12 8 27446
8346 12 7 27505
8348 12 7 27133
8350 12 8 27198
8352 12 7 26645
8354 12 8 27130
8356 12 7 27617
8358 12 4 27248
8360 12 4 27040
8364 12 8 26794
8366 12 4 27268
8368 12 4 27124
8374 12 4 26904
8376 12 8 27178
8380 12 8 27306
8382 12 7 27021
8384 12 7 27421
8386 12 7 27441
8388 12 8 27478
8390 12 8 27530
8392 12 7 26861
8394 12 11 26671
8400 12 7 27113
8402 12 8 27286
8406 12 7 27513
8408 12 7 26825
8410 12 8 27142
8412 12 11 27179
8414 12 4 27208
8418 12 7 27557
8428 12 8 26994
8432 12 7 27533
8436 12 11 26759
8438 12 4 27336
8442 12 4 27504
8448 12 11 26691
8452 12 4 26976
8458 12 7 27293
8460 12 4 27640
8472 12 4 26716
8476 12 4 27372
8478 12 7 27153
8480 12 4 27536
8482 12 7 27045
8486 12 7 27333
8492 12 4 26844
8494 12 7 27633
8496 12 7 26857
8498 12 8 27506
8500 12 11 27535
8502 12 11 27559
8504 12 8 26862
8508 12 8 26630
8510 12 8 27318
8516 12 11 26707
8518 12 8 26714
8520 12 8 26646
8522 12 7 26673
8524 12 4 26804
8532 12 4 26884
8538 12 7 26933
8540 12 8 27274
8542 12 11 27399
8552 12 4 26852
8556 12 11 27023
8558 12 11 27503
8560 12 7 27353
8568 12 11 27039
8572 12 11 26687
8576 12 7 27589
8596 12 11 27487
8604 12 7 27037
8610 12 4 26628
8612 12 8 27538
8618 12 11 26835
8628 12 4 27324
8634 12 11 27351
8642 12 4 26864
8644 12 8 26870
8646 12 11 26871
8648 12 11 26883
8650 12 4 26888
8652 12 8 26990
8654 12 8 27138
8656 12 8 27182
8658 12 8 27350
8662 12 8 27582
8664 12 7 27305
8678 12 8 27222
8680 12 8 27498
8682 12 4 26776
8684 12 8 26666
8686 12 8 26662
8702 12 7 26873
8704 12 11 26903
8706 12 4 26924
8708 12 7 26977
8712 12 8 27094
8714 12 11 27347
8716 12 11 27463
8720 12 4 27084
8734 12 7 27641
8736 12 8 27078
8738 12 11 27359
8740 12 11 27407
8742 12 4 26816
8748 12 7 27157
8754 12 7 27521
8756 12 11 27599
8772 12 4 27456
8776 12 11 27415
8778 12 11 27435
8780 12 7 26877
8784 12 7 27061
8786 12 7 27221
8788 12 4 27304
8790 12 7 27385
8800 12 7 27453
8802 12 11 27543
8808 12 11 27375
8812 12 11 27147
8818 12 11 27287
8822 12 11 27027
8826 12 7 26633
8828 12 7 26677
8838 12 4 27288
8842 12 11 27615
8850 12 11 26831
8852 12 8 27398
8854 12 11 27623
8856 12 4 27056
8862 12 7 27645
8870 12 4 26892
8874 12 8 27082
8878 12 11 27631
8882 12 7 26669
8890 12 11 27003
8898 12 7 27573
8900 12 7 26809
8902 12 4 26744
8904 12 8 27366
8908 12 7 27081
8914 12 11 27015
8922 12 7 27257
8924 12 4 27632
8932 12 11 27383
8936 12 4 27164
8938 12 4 27604
8952 12 7 26653
8954 12 8 26786
8962 12 7 26917
8966 12 7 27041
8968 12 8 27062
8974 12 7 27389
8976 12 4 27396
8978 12 4 27484
8980 12 11 27547
8982 12 8 26910
8992 12 11 27119
9006 12 11 26907
9010 12 8 27170
9012 12 7 26801
9014 12 11 26987
9016 12 4 27444
9018 12 11 27319
9034 12 11 27051
9046 12 7 27329
9050 12 4 27584
9052 12 7 27585
9054 12 11 27139
9056 12 8 27242
9058 12 8 26634
9080 12 4 26704
9082 12 7 26973
9092 12 11 26795
9096 12 11 27083
9102 12 8 26946
9106 12 4 26944
9124 12 4 26824
9132 12 7 26937
9134 12 11 27263
9150 12 11 27071
9152 12 8 27430
9154 12 4 27644
9166 12 7 27409
9170 12 4 27160
9174 12 4 27116
9176 12 7 27261
9182 12 4 26780
9186 12 11 26731
9188 12 4 26752
9196 12 4 27500
9198 12 11 26879
9214 12 7 27317
9234 12 7 27137
9236 12 11 26743
9238 12 7 27561
9240 12 8 27566
9248 12 7 26893
9252 12 8 26966
9260 12 4 27624
9262 12 7 27577
9264 12 8 27098
9266 12 4 27108
9270 12 11 26819
9272 12 4 27528
9274 12 4 27600
9282 12 11 27507
9298 12 8 26814
9300 12 4 26672
9304 12 7 27481
9310 12 4 26692
9312 12 7 27425
9318 12 4 27384
9342 12 4 26708
9346 12 11 27335
9358 12 7 26785
9360 12 4 27564
9362 12 4 26840
9368 12 7 27297
9370 12 8 27018
9376 12 11 26647
9380 12 4 27080
9382 12 11 27563
9392 12 8 27042
9394 12 11 27043
9396 12 4 27556
9408 12 8 26694
9410 12 11 27079
9436 12 7 26821
9442 12 8 27102
9450 12 8 27574
9470 12 7 27033
9472 12 7 27185
9484 12 8 26902
9488 12 8 27122
9494 12 7 27197
9504 12 4 27568
9516 12 8 27558
9526 12 11 26855
9530 12 7 27445
9562 12 7 27373
9564 12 11 27555
9572 12 8 27250
9574 12 7 26885
9582 12 8 27006
9586 12 8 27086
9590 12 7 27549
9596 12 8 26822
9606 12 4 27076
9614 12 4 27352
9616 12 7 27569
9624 12 8 26778
9640 12 8 27634
9644 12 4 27292
9646 12 11 27123
9648 12 7 27429
9652 12 4 26748
9660 12 7 26745
9678 12 7 27097
9692 12 4 26836
9694 12 4 26796
9700 12 4 27224
9706 12 8 27322
9708 12 4 27376
9720 12 11 27387
9724 12 11 27171
9744 12 11 27379
9748 12 11 26947
9750 12 4 26664
9754 12 8 26842
9756 12 4 26928
9760 12 8 27030
9764 12 8 27382
9766 12 7 26697
9774 12 4 27620
9800 12 7 26845
9804 12 7 27077
9806 12 11 27587
9812 12 8 26686
9820 12 4 27332
9828 12 7 27541
9830 12 7 26849
9834 12 7 27001
9862 12 7 27273
9872 12 7 27393
9890 12 8 27266
9892 12 4 27220
9948 12 4 26772
9958 12 7 27053
9974 12 4 26932
9980 12 8 27334
9994 12 7 26725
9996 12 7 26989
10002 12 11 26991
10010 12 7 677
10012 12 4 856
10014 12 4 220
10016 12 4 720
10018 12 8 34
10020 12 4 924
10022 12 7 865
10024 12 8 258
10026 12 11 283
10028 12 7 349
10030 12 8 182
10032 12 11 299
10034 12 8 514
10036 12 4 696
10038 12 11 851
10040 12 11 167
10042 12 7 377
10044 12 11 431
10046 12 11 435
10048 12 4 576
10050 12 4 596
10052 12 7 817
10054 12 8 582
10056 12 4 680
10058 12 4 860
10060 12 7 525
10062 12 4 764
10064 12 8 878
10066 12 11 487
10068 12 7 857
10070 12 8 598
10076 12 8 518
10078 12 4 744
10080 12 7 1017
10082 12 8 150
10084 12 11 11
10086 12 4 180
10088 12 4 96
10092 12 8 194
10094 12 7 517
10096 12 7 701
10098 12 11 815
10102 12 11 227
10104 12 8 270
10106 12 11 651
10108 12 4 652
10110 12 11 659
10112 12 4 800
10114 12 8 554
10120 12 7 365
10122 12 4 364
10124 12 7 901
10126 12 4 428
10134 12 4 988
10136 12 4 244
10140 12 7 821
10142 12 7 913
10144 12 8 982
10146 12 7 989
10148 12 4 588
10150 12 11 899
10152 12 8 26
10158 12 4 376
10160 12 8 794
10162 12 11 427
10166 12 7 105
10168 12 11 51
10170 12 11 947
10172 12 8 942
10174 12 4 468
10176 12 11 983
10178 12 8 930
10182 12 8 86
10186 12 4 620
10188 12 7 885
10190 12 11 491
10192 12 7 189
10194 12 11 499
10196 12 11 647
10200 12 4 104
10202 12 11 715
10204 12 4 880
10206 12 7 129
10208 12 7 537
10212 12 8 246
10214 12 8 722
10218 12 4 436
10230 12 8 438
10232 12 8 590
10234 12 8 282
10238 12 11 803
10240 12 4 948
10242 12 7 997
10244 12 7 193
10246 12 8 918
10250 12 7 1005
10252 12 4 472
10254 12 11 855
10256 12 11 247
10258 12 8 274
10260 12 8 366
10266 12 11 611
10268 12 7 745
10270 12 11 923
10272 12 11 1023
10282 12 11 187
10284 12 4 196
10292 12 7 325
10294 12 7 493
10296 12 7 737
10298 12 7 993
10300 12 4 344
10302 12 7 597
10310 12 8 58
10312 12 11 207
10314 12 8 486
10316 12 7 281
10320 12 7 233
10322 12 7 237
10328 12 11 351
10336 12 11 391
10338 12 7 973
10340 12 8 562
10356 12 4 888
10358 12 8 974
10360 12 11 547
10362 12 4 0
10364 12 7 53
10366 12 8 190
10368 12 11 311
10372 12 4 432
10376 12 4 784
10384 12 7 533
10386 12 4 740
10388 12 11 911
10398 12 4 36
10402 12 11 123
10404 12 4 188
10412 12 11 519
10414 12 8 570
10420 12 7 757
10422 12 11 895
10424 12 8 986
10430 12 11 863
10432 12 11 607
10434 12 4 828
10452 12 7 521
10462 12 7 353
10464 12 7 369
10472 12 11 887
10476 12 11 919
10490 12 4 200
10496 12 4 564
10498 12 8 278
10500 12 8 854
10502 12 7 205
10506 12 4 636
10508 12 4 32
10512 12 7 117
10518 12 4 280
10520 12 11 367
10522 12 11 395
10524 12 4 516
10526 12 4 536
10528 12 8 538
10532 12 11 1003
10534 12 4 492
10540 12 4 728
10548 12 4 40
10550 12 8 238
10560 12 7 577
10562 12 11 707
10564 12 11 847
10568 12 8 998
10588 12 8 902
10590 12 4 348
10594 12 4 644
10606 12 8 450
10616 12 7 805
10618 12 4 352
10624 12 11 331
10628 12 8 362
10638 12 8 302
10646 12 7 277
10648 12 4 952
10654 12 8 394
10668 12 11 567
10670 12 8 46
10672 12 7 689
10674 12 4 76
10676 12 8 98
10678 12 7 621
10692 12 7 581
10700 12 8 838
10702 12 11 191
10704 12 7 949
10710 12 4 396
10712 12 11 795
10720 12 11 775
10728 12 8 306
10730 12 8 862
10732 12 8 70
10736 12 4 360
10756 12 7 941
10762 12 8 574
10770 12 7 253
10778 12 8 482
10782 12 7 773
10784 12 11 787
10790 12 11 635
10796 12 11 175
10810 12 7 1009
10814 12 7 881
10824 12 4 724
10830 12 11 615
10846 12 11 691
10858 12 8 122
10860 12 11 503
10862 12 4 672
10866 12 7 665
10868 12 8 938
10872 12 8 630
10878 12 7 329
10880 12 11 759
10886 12 7 841
10888 12 11 603
10892 12 11 575
10904 12 4 548
10928 12 7 397
10934 12 8 322
10938 12 8 442
10944 12 4 100
10974 12 4 504
10982 12 7 221
10988 12 7 113
10990 12 8 730
10992 12 8 754
11012 12 8 398
11020 12 7 813
11024 12 8 174
11028 12 8 674
11048 12 8 602
11054 12 4 788
11062 12 8 686
11064 12 4 772
11066 12 7 657
11088 12 8 658
11092 12 7 157
11094 12 8 222
11096 12 8 318
11098 12 11 731
11112 12 11 695
11126 12 11 223
11132 12 8 1006
11136 12 7 441
11138 12 11 475
11140 12 4 560
11144 12 11 783
11150 12 11 67
11156 12 7 149
11158 12 7 309
11164 12 4 192
11166 12 4 648
11188 12 7 669
11194 12 11 595
11198 12 7 553
11200 12 7 969
11206 12 11 415
11210 12 11 119
11234 12 11 843
11238 12 4 292
11240 12 4 240
11242 12 7 173
11246 12 7 909
11256 12 11 319
11260 12 11 339
11268 12 4 748
11270 12 4 940
11272 12 4 84
11274 12 8 786
11282 12 11 179
11284 12 11 447
11292 12 7 573
11294 12 7 605
11296 12 4 640
11304 12 8 526
11308 12 4 120
11310 12 4 604
11312 12 8 158
11314 12 4 496
11316 12 11 47
11320 12 11 939
11324 12 11 375
11326 12 7 557
11328 12 11 663
11338 12 8 690
11348 12 7 753
11360 12 8 682
11362 12 8 154
11364 12 4 976
11366 12 8 286
11368 12 11 35
11372 12 8 170
11382 12 7 389
11396 12 11 967
11408 12 4 868
11414 12 4 64
11416 12 11 687
11424 12 4 832
11426 12 11 667
11432 12 4 128
11434 12 8 178
11436 12 4 416
11456 12 8 558
11462 12 8 254
11466 12 7 497
11470 12 11 195
11474 12 7 245
11494 12 11 275
11496 12 11 675
11498 12 7 529
11506 12 4 460
11528 12 8 578
11530 12 8 778
11544 12 8 610
11550 12 4 500
11560 12 11 467
11564 12 4 332
11578 12 11 599
11582 12 11 523
11598 12 11 79
11608 12 8 446
11618 12 11 23
11620 12 7 361
11626 12 11 155
11648 12 4 484
11652 12 4 584
11658 12 8 654
11674 12 8 822
11676 12 4 844
11678 12 4 760
11682 12 8 218
11686 12 7 861
11698 12 8 826
11712 12 11 507
11732 12 7 413
11746 12 4 840
11756 12 7 25901
11758 12 11 25623
11760 12 4 26596
11762 12 8 26538
11764 12 7 26017
11766 12 8 26250
11768 12 11 26423
11770 12 4 26452
11772 12 7 26013
11774 12 8 25930
11776 12 8 26474
11778 12 4 26096
11780 12 11 26167
11782 12 7 25609
11784 12 4 25644
11786 12 7 25689
11788 12 11 25811
11790 12 11 25991
11792 12 8 26134
11794 12 7 26229
11796 12 8 26294
11798 12 4 26300
11800 12 4 26200
11802 12 7 25773
11804 12 11 25631
11806 12 7 25893
11808 12 7 26173
11810 12 7 25681
11812 12 4 25688
11814 12 8 26494
11818 12 8 26126
11822 12 8 26598
11826 12 4 26116
11828 12 8 25870
11830 12 4 25812
11832 12 8 25854
11836 12 11 26019
11838 12 4 26472
11846 12 4 26288
11848 12 7 26137
11850 12 7 25789
11854 12 11 26395
11858 12 8 26054
11862 12 8 26346
11864 12 4 25632
11866 12 8 25922
11868 12 7 26393
11870 12 11 25743
11874 12 4 26332
11880 12 8 25846
11882 12 8 26614
11884 12 8 25910
11886 12 11 25791
11888 12 8 25630
11890 12 4 25652
11892 12 11 25611
11894 12 11 25963
11896 12 7 26369
11898 12 8 25662
11900 12 7 25781
11904 12 7 26505
11908 12 8 26282
11910 12 4 25808
11912 12 11 25919
11914 12 11 26583
11916 12 8 26594
11924 12 7 26421
11926 12 7 26429
11928 12 7 25917
11930 12 11 26339
11934 12 4 25984
11938 12 7 26549
11940 12 4 25768
11942 12 7 25953
11944 12 7 25997
11946 12 7 26181
11948 12 7 26205
11950 12 11 26451
11952 12 8 25774
11954 12 8 26354
11956 12 8 25758
11958 12 7 26037
11960 12 7 26581
11962 12 8 26622
11966 12 8 26502
11968 12 4 26620
11984 12 4 26412
11988 12 4 25876
11992 12 7 25741
12000 12 4 26416
12004 12 4 26528
12006 12 4 26540
12008 12 4 25620
12010 12 4 25860
12018 12 7 25625
12022 12 4 26428
12026 12 7 25761
12028 12 7 26105
12032 12 11 25635
12040 12 4 26580
12044 12 8 26350
12048 12 11 26143
12054 12 7 25629
12056 12 8 26006
12058 12 7 26521
12060 12 11 26327
12062 12 8 26070
12064 12 4 26480
12068 12 11 26467
12070 12 4 26516
12078 12 11 26027
12086 12 11 26355
12090 12 4 25972
12092 12 7 26117
12094 12 11 26427
12096 12 7 26525
12100 12 4 25648
12102 12 7 25861
12106 12 4 26012
12108 12 11 26087
12114 12 11 26135
12116 12 11 26415
12122 12 4 26568
12126 12 11 25839
12128 12 4 26228
12132 12 8 25602
12140 12 7 25929
12146 12 11 26039
12148 12 8 26086
12150 12 7 26257
12152 12 8 26570
12170 12 11 26299
12172 12 4 26312
12186 12 4 26604
12188 12 8 25722
12190 12 11 25779
12196 12 11 26371
12198 12 8 25886
12200 12 4 26572
12206 12 11 25887
12228 12 7 26085
12232 12 4 26304
12236 12 7 25653
12248 12 11 26267
12250 12 11 25955
12260 12 4 26052
12264 12 8 25738
12268 12 4 26400
12290 12 4 25896
12292 12 7 26153
12306 12 4 25944
12326 12 11 26599
12330 12 7 25613
12336 12 4 25724
12338 12 7 26201
12342 12 8 25794
12348 12 11 26523
12354 12 11 26495
12380 12 11 26291
12390 12 11 26447
12394 12 11 25619
12396 12 11 25795
12398 12 4 25844
12400 12 8 25974
12402 12 7 26301
12406 12 8 26566
12416 12 8 26450
12422 12 4 26268
12426 12 8 26230
12432 12 4 26500
12436 12 11 25711
12448 12 7 25905
12452 12 11 26351
12456 12 4 25660
12458 12 7 25937
12462 12 8 26150
12464 12 11 26383
12466 12 11 25739
12472 12 7 26245
12474 12 11 25959
12478 12 8 25710
12486 12 7 26033
12488 12 8 26034
12490 12 4 26196
12492 12 4 26244
12494 12 11 26263
12496 12 4 26292
12500 12 8 26334
12502 12 4 26344
12504 12 7 26509
12506 12 4 26576
12508 12 4 25912
12530 12 8 26262
12538 12 4 26056
12542 12 4 26256
12550 12 11 26283
12552 12 11 26115
12554 12 8 26218
12560 12 7 26409
12562 12 11 25967
12580 12 8 26026
12582 12 4 26556
12612 12 4 26492
12622 12 7 26529
12624 12 4 26612
12626 12 11 26195
12638 12 8 25998
12640 12 7 26365
12648 12 7 25797
12684 12 8 26286
12686 12 4 26352
12688 12 7 25785
12698 12 11 25643
12710 12 7 26417
12714 12 4 25872
12728 12 11 26015
12734 12 8 25834
12762 12 8 25890
12764 12 8 26166
12772 12 4 26608
12774 12 11 25771
12778 12 7 26357
12780 12 8 26402
12790 12 4 26164
12798 12 4 25664
12802 12 8 25682
12804 12 8 25842
12806 12 8 25926
12812 12 8 26158
12842 12 4 25636
12844 12 7 25965
12850 12 8 25838
12862 12 4 26368
12864 12 4 26340
12868 12 4 25692
12870 12 11 26439
12876 12 4 26032
12880 12 8 26098
12886 12 8 25918
12894 12 11 26079
12900 12 7 26461
12902 12 11 26071
12912 12 4 26316
12918 12 4 25616
12924 12 11 26567
12926 12 11 26043
12930 12 4 26092
12934 12 4 26408
12938 12 7 26293
12954 12 8 25934
12972 12 8 26258
12980 12 11 25655
12990 12 4 26044
12994 12 11 25931
12998 12 4 26392
13000 12 7 26441
13006 12 8 26142
13012 12 4 25956
13016 12 4 26496
13020 12 4 26060
13022 12 8 26118
13030 12 11 25871
13032 12 4 26152
13056 12 7 26605
13076 12 4 26080
13078 12 11 26527
13080 12 7 26561
13082 12 11 25847
13084 12 11 26287
13088 12 7 25621
13104 12 8 26602
13120 12 11 26191
13122 12 7 25769
13124 12 7 26005
13128 12 7 26337
13130 12 7 26433
13132 12 11 26419
13134 12 11 26311
13164 12 8 25690
13174 12 7 26057
13204 12 11 25663
13206 12 8 25706
13208 12 7 25941
13210 12 11 25975
13234 12 11 26095
13238 12 7 26397
13244 12 7 26269
13246 12 8 26318
13248 12 11 25691
13250 12 7 26093
13258 12 11 26623
13272 12 11 26159
13280 12 11 26555
13282 12 8 25762
13298 12 8 25806
13306 12 11 26343
13330 12 11 26559
13336 12 7 26101
13344 12 4 25680
13360 12 11 26155
13364 12 8 26426
13366 12 7 26449
13382 12 8 25906
13416 12 7 26169
13420 12 11 26035
13422 12 7 25805
13424 12 7 25669
13426 12 4 25800
13430 12 7 25697
13434 12 7 26485
13436 12 8 26414
13462 12 11 26211
13478 12 8 26122
13480 12 11 25647
13482 12 11 25731
13484 12 7 26413
13488 12 8 26530
13500 12 8 26214
13504 12 4 26356
13520 12 11 26519
13528 12 7 25737
13536 12 7 26565
13544 12 11 23935
13546 12 11 24531
13548 12 8 23854
13550 12 11 24463
13552 12 7 23821
13554 12 7 24041
13556 12 11 23603
13558 12 7 23833
13560 12 8 24210
13562 12 7 24509
13564 12 7 23725
13566 12 7 23577
13568 12 4 24268
13570 12 8 23790
13572 12 11 24111
13574 12 11 24267
13576 12 8 24302
13578 12 4 24352
13582 12 11 23831
13584 12 8 24294
13588 12 4 23788
13590 12 4 23796
13592 12 11 24083
13596 12 11 23891
13598 12 8 24178
13602 12 8 23778
13604 12 11 24011
13608 12 11 23763
13610 12 8 24062
13612 12 7 24493
13614 12 8 24142
13616 12 7 23701
13618 12 8 24170
13620 12 11 24435
13622 12 11 24511
13624 12 4 23968
13626 12 11 24339
13628 12 7 23789
13630 12 8 24090
13632 12 8 23694
13634 12 4 23576
13636 12 11 23907
13640 12 4 24044
13642 12 4 23672
13646 12 11 23999
13648 12 4 23608
13650 12 4 23632
13652 12 11 23655
13654 12 7 23729
13656 12 7 23809
13658 12 11 23867
13660 12 11 23955
13662 12 4 24260
13664 12 8 23714
13670 12 7 24277
13672 12 7 23917
13676 12 11 24515
13678 12 4 23880
13680 12 4 23916
13682 12 7 24145
13684 12 4 24168
13686 12 11 24491
13688 12 4 24500
13690 12 8 24530
13692 12 4 24532
13694 12 8 23650
13696 12 11 23947
13698 12 7 23965
13700 12 4 24444
13702 12 4 24060
13706 12 4 24008
13708 12 4 24148
13718 12 4 23768
13720 12 8 23710
13722 12 8 24274
13726 12 4 23860
13728 12 8 23962
13730 12 4 23836
13732 12 11 23879
13734 12 7 23633
13736 12 8 23922
13738 12 7 24565
13740 12 8 23634
13742 12 7 23693
13746 12 4 23780
13748 12 7 23925
13754 12 8 24070
13756 12 8 24082
13758 12 7 24441
13760 12 8 24506
13764 12 8 24470
13770 12 8 24098
13774 12 4 24324
13776 12 4 24432
13778 12 11 23687
13780 12 11 24039
13786 12 4 24208
13788 12 4 24388
13796 12 11 24135
13802 12 4 23892
13804 12 7 24421
13806 12 8 24438
13808 12 7 24301
13810 12 11 23659
13812 12 4 23616
13814 12 11 23855
13820 12 11 23967
13822 12 8 24454
13824 12 4 24460
13826 12 11 24543
13828 12 4 24416
13834 12 7 24361
13850 12 8 24146
13852 12 11 24327
13854 12 8 24034
13856 12 8 24358
13866 12 7 23733
13870 12 4 23992
13872 12 8 24046
13878 12 11 23739
13880 12 8 24094
13886 12 11 23987
13888 12 7 24461
13890 12 8 24378
13892 12 11 24575
13894 12 4 23804
13898 12 8 24134
13906 12 11 24251
13920 12 4 24132
13922 12 4 23628
13924 12 11 23807
13926 12 4 24216
13928 12 11 24279
13930 12 8 23762
13932 12 11 24359
13934 12 7 23565
13936 12 4 24108
13938 12 11 24183
13940 12 11 24391
13942 12 11 23875
13944 12 4 24152
13948 12 8 23774
13950 12 4 23904
13952 12 7 24053
13954 12 7 24293
13956 12 7 24457
13960 12 7 24213
13962 12 4 24256
13964 12 4 23560
13966 12 8 23606
13968 12 11 23647
13970 12 7 23653
13974 12 4 23732
13976 12 8 23814
13978 12 4 23852
13980 12 8 23986
13982 12 7 24105
13984 12 11 24139
13988 12 8 24426
13992 12 8 24558
13994 12 11 23979
13996 12 8 24158
13998 12 4 24424
14010 12 11 23563
14024 12 11 23695
14028 12 4 23824
14030 12 7 23993
14032 12 4 23572
14036 12 11 24535
14038 12 8 24386
14042 12 11 24539
14046 12 8 24230
14048 12 8 24478
14052 12 7 24337
14054 12 11 24003
14080 12 11 23615
14082 12 11 23619
14084 12 7 23749
14088 12 7 23873
14094 12 8 24406
14104 12 7 24329
14108 12 7 23961
14110 12 4 24020
14112 12 4 24404
14118 12 8 23718
14126 12 8 24566
14132 12 8 23582
14140 12 4 23612
14144 12 7 24221
14146 12 8 24254
14150 12 4 24232
14156 12 8 23838
14166 12 8 24194
14170 12 4 23932
14182 12 11 24555
14194 12 7 24005
14198 12 7 23969
14206 12 7 24033
14210 12 8 24206
14218 12 7 23905
14222 12 8 24534
14224 12 11 24367
14234 12 7 23689
14236 12 7 24061
14238 12 4 24384
14248 12 11 23983
14254 12 8 23698
14264 12 7 24321
14266 12 11 24411
14268 12 7 24425
14270 12 7 24429
14278 12 8 23970
14280 12 4 24340
14282 12 7 24401
14306 12 7 23901
14308 12 4 23844
14310 12 11 24243
14318 12 7 23857
14322 12 7 24013
14324 12 4 23552
14326 12 8 23950
14328 12 8 23966
14332 12 11 24067
14334 12 7 24189
14336 12 4 24200
14338 12 8 24226
14340 12 4 24252
14342 12 8 24270
14344 12 11 24303
14346 12 8 24342
14348 12 7 24445
14350 12 8 24462
14354 12 8 24482
14360 12 4 23604
14370 12 7 23945
14372 12 4 24264
14374 12 4 24344
14376 12 7 24385
14384 12 8 23946
14392 12 7 23785
14400 12 11 23971
14404 12 11 23699
14406 12 4 23776
14408 12 8 23906
14412 12 4 24440
14414 12 4 24348
14416 12 4 24392
14418 12 4 23960
14426 12 8 24078
14430 12 11 24547
14440 12 4 24332
14444 12 11 24051
14446 12 11 24383
14448 12 7 23561
14458 12 11 23755
14462 12 7 23637
14470 12 11 24459
14480 12 7 24417
14482 12 7 24365
14494 12 8 24394
14500 12 8 23750
14502 12 11 23959
14510 12 11 23727
14524 12 8 23902
14534 12 4 23944
14554 12 4 24140
14564 12 4 24212
14568 12 11 24059
14572 12 7 23781
14608 12 7 24317
14610 12 7 24397
14616 12 4 23668
14618 12 8 24298
14624 12 7 23813
14630 12 11 24023
14632 12 7 23605
14646 12 4 23716
14658 12 8 23730
14670 12 7 24081
14676 12 7 23933
14678 12 8 24606
14680 12 8 25302
14682 12 11 25303
14684 12 11 25459
14686 12 8 24838
14688 12 11 25071
14690 12 4 25324
14692 12 7 25413
14694 12 8 25494
14696 12 8 24786
14698 12 4 24892
14700 12 4 25132
14702 12 7 25309
14704 12 11 25271
14706 12 4 24664
14708 12 11 25223
14710 12 4 24904
14712 12 8 24874
14714 12 11 24891
14716 12 4 25116
14718 12 11 24991
14720 12 7 25169
14722 12 7 25521
14724 12 8 25266
14726 12 7 24701
14728 12 7 25149
14732 12 11 24683
14734 12 4 25452
14736 12 4 24720
14738 12 8 24918
14740 12 8 25370
14742 12 7 24837
14744 12 8 24934
14746 12 4 25204
14750 12 8 24594
14752 12 7 24645
14754 12 4 25136
14756 12 7 24841
14758 12 8 25246
14760 12 4 24828
14762 12 4 25156
14764 12 7 24693
14766 12 8 25598
14768 12 7 25349
14770 12 7 25529
14774 12 4 24876
14778 12 4 25528
14780 12 11 25267
14782 12 7 25193
14788 12 11 25335
14790 12 4 25276
14794 12 4 25016
14796 12 11 24939
14802 12 8 24582
14804 12 11 24919
14806 12 7 24957
14808 12 11 24731
14812 12 11 25227
14814 12 4 25436
14816 12 8 25334
14818 12 4 24672
14820 12 8 24922
14822 12 7 25105
14824 12 4 25272
14826 12 4 25372
14828 12 8 25394
14830 12 4 25540
14832 12 4 24852
14834 12 7 25261
14840 12 7 24733
14842 12 8 24750
14844 12 11 24807
14846 12 11 25035
14848 12 4 24896
14854 12 7 24581
14856 12 8 24834
14858 12 11 25007
14860 12 7 24893
14866 12 4 25596
14868 12 8 25082
14870 12 8 25554
14872 12 8 24978
14874 12 7 24741
14878 12 7 24921
14880 12 4 25140
14882 12 7 25033
14884 12 4 25148
14886 12 11 25299
14890 12 8 25502
14892 12 11 24691
14898 12 11 24779
14902 12 11 24831
14906 12 11 24875
14910 12 4 24912
14912 12 4 25068
14914 12 8 25138
14916 12 7 25321
14918 12 7 25441
14920 12 11 25463
14922 12 8 25466
14924 12 11 25471
14934 12 4 25000
14936 12 11 25251
14942 12 8 25458
14944 12 8 25490
14946 12 11 24615
14952 12 4 24728
14970 12 4 25520
14972 12 11 25547
14974 12 8 24766
14976 12 7 24789
14978 12 11 25059
14980 12 11 25399
14982 12 7 25469
15000 12 7 24577
15002 12 4 25180
15008 12 11 24611
15010 12 8 24674
15012 12 7 24861
15014 12 4 24840
15016 12 4 24652
15018 12 11 25567
15020 12 11 24719
15028 12 7 25217
15034 12 8 24678
15038 12 11 25415
15040 12 11 25095
15046 12 7 25381
15052 12 11 25439
15054 12 7 25569
15062 12 4 25532
15068 12 7 25553
15070 12 4 24624
15076 12 4 25032
15078 12 8 24958
15080 12 8 25242
15082 12 8 25254
15084 12 11 25331
15086 12 7 25409
15088 12 4 25448
15092 12 7 25213
15104 12 11 25003
15108 12 11 25151
15112 12 8 25198
15114 12 4 25432
15116 12 11 25435
15136 12 11 24927
15138 12 7 25197
15142 12 8 24590
15146 12 4 25260
15148 12 4 25344
15150 12 4 24584
15152 12 7 24593
15156 12 4 24756
15164 12 4 25024
15166 12 4 25220
15168 12 4 25232
15170 12 11 25243
15174 12 4 25368
15176 12 11 25407
15182 12 11 25563
15194 12 11 24819
15198 12 11 25127
15200 12 4 24704
15202 12 8 24806
15206 12 8 25142
15214 12 8 24830
15222 12 7 25121
15228 12 7 24637
15240 12 11 25231
15244 12 7 25417
15252 12 4 24692
15254 12 7 24925
15258 12 11 25139
15260 12 7 24601
15264 12 4 25108
15268 12 4 25396
15278 12 11 25195
15280 12 4 25456
15282 12 11 25551
15284 12 11 24711
15286 12 4 25124
15288 12 4 25292
15290 12 7 25329
15292 12 8 25374
15294 12 8 24730
15296 12 4 25112
15300 12 4 24864
15304 12 7 24917
15320 12 8 24962
15334 12 4 24988
15336 12 4 25172
15342 12 11 24863
15348 12 7 25249
15352 12 11 25491
15354 12 7 24901
15356 12 11 25443
15358 12 11 24771
15368 12 11 24871
15372 12 7 24897
15374 12 8 25286
15380 12 4 24832
15382 12 11 24975
15390 12 8 25054
15398 12 11 25487
15400 12 7 25593
15404 12 7 25337
15420 12 4 24744
15424 12 4 24844
15426 12 11 25175
15438 12 11 24663
15440 12 4 25096
15444 12 8 25146
15450 12 11 24607
15462 12 8 24866
15464 12 11 25539
15474 12 8 25278
15478 12 7 25189
15480 12 4 25488
15488 12 7 25341
15496 12 11 24743
15512 12 4 24780
15514 12 7 24881
15516 12 7 25345
15518 12 4 25404
15520 12 4 25496
15526 12 11 24723
15528 12 4 24932
15530 12 8 24718
15540 12 7 25209
15542 12 7 24929
15546 12 11 25447
15548 12 8 25450
15552 12 4 25036
15554 12 7 24801
15566 12 8 24650
15568 12 7 25173
15570 12 11 24931
15588 12 7 24781
15590 12 7 24857
15594 12 7 24769
15596 12 4 24612
15600 12 11 25379
15608 12 11 25023
15614 12 7 25021
15624 12 7 24813
15628 12 11 25467
15630 12 11 25583
15642 12 4 25224
15644 12 8 25194
15652 12 4 24716
15654 12 11 24943
15660 12 11 25091
15664 12 11 24843
15672 12 11 24659
15676 12 8 25538
15694 12 7 24797
15696 12 8 24682
15700 12 7 25053
15704 12 11 24935
15728 12 11 25531
15730 12 8 25090
15732 12 7 25097
15734 12 7 25369
15738 12 11 25275
15754 12 4 25468
15756 12 8 25298
15758 12 11 25319
15776 12 7 25269
15780 12 11 25519
15786 12 4 24752
15788 12 4 24760
15790 12 8 25126
15796 12 4 11760
15798 12 7 11825
15800 12 11 11595
15802 12 7 11341
15804 12 11 11455
15806 12 8 11710
15808 12 4 11852
15810 12 4 11528
15812 12 7 11393
15814 12 7 11533
15816 12 8 11310
15818 12 4 12120
15820 12 7 11461
15822 12 4 11460
15824 12 11 12043
15826 12 8 11746
15828 12 4 12124
15830 12 8 11550
15832 12 11 11439
15834 12 8 12018
15838 12 8 11762
15846 12 4 11440
15848 12 11 11827
15850 12 7 11905
15852 12 4 12016
15854 12 7 12017
15858 12 4 11332
15860 12 11 11447
15864 12 4 11616
15866 12 11 11635
15868 12 7 11657
15870 12 7 11633
15874 12 8 11270
15876 12 7 11329
15880 12 7 11801
15882 12 7 11885
15884 12 8 11890
15886 12 11 12123
15890 12 7 11685
15892 12 7 11745
15894 12 7 11401
15896 12 4 12208
15900 12 4 11580
15902 12 7 12273
15904 12 4 11888
15908 12 4 11600
15910 12 7 11385
15912 12 4 12000
15914 12 7 11837
15918 12 4 11384
15920 12 11 11435
15924 12 7 11705
15926 12 4 12128
15928 12 11 12191
15932 12 8 11302
15934 12 7 11541
15936 12 4 11568
15938 12 7 11789
15944 12 7 11645
15946 12 4 11612
15950 12 4 11592
15952 12 4 11920
15954 12 4 11660
15962 12 8 11594
15966 12 4 12004
15972 12 7 12029
15982 12 7 11465
15984 12 4 11788
15990 12 11 11399
15992 12 8 11918
15996 12 4 11740
16000 12 8 11942
16004 12 4 12184
16016 12 7 11365
16020 12 7 12061
16022 12 8 11982
16024 12 11 11983
16028 12 8 11682
16032 12 11 12167
16034 12 7 11925
16036 12 4 11532
16042 12 8 11322
16044 12 7 12201
16046 12 8 11654
16052 12 11 11539
16054 12 7 11489
16056 12 8 11794
16060 12 7 11265
16062 12 4 12064
16066 12 7 11865
16068 12 4 12240
16076 12 8 11670
16080 12 4 11396
16084 12 4 11668
16086 12 11 11755
16088 12 7 11761
16090 12 4 11792
16094 12 4 11676
16098 12 4 11856
16100 12 8 11442
16102 12 8 11366
16112 12 4 11520
16114 12 8 11946
16120 12 11 12059
16122 12 8 11894
16128 12 11 11407
16138 12 4 12200
16140 12 4 12220
16142 12 7 12109
16148 12 7 12149
16158 12 8 11266
16160 12 8 11418
16168 12 7 11641
16170 12 11 12003
16176 12 4 11808
16190 12 4 11964
16198 12 11 11711
16200 12 11 11963
16202 12 11 12087
16208 12 8 11742
16214 12 11 11863
16216 12 7 11509
16220 12 4 11304
16232 12 7 11813
16236 12 11 11431
16244 12 8 11618
16246 12 7 11349
16256 12 11 11807
16260 12 8 12110
16262 12 8 12230
16270 12 7 12097
16284 12 4 11712
16288 12 4 11504
16290 12 8 11434
16298 12 8 11714
16308 12 4 11644
16310 12 4 11860
16316 12 4 11720
16320 12 8 11774
16322 12 4 11400
16324 12 4 11956
16326 12 11 12183
16334 12 4 1088
16336 12 4 1104
16338 12 8 1134
16340 12 11 1367
16342 12 8 1242
16344 12 8 2038
16346 12 8 1082
16348 12 4 1436
16350 12 4 1628
16352 12 4 1844
16354 12 11 1303
16356 12 4 1660
16358 12 11 1719
16360 12 11 1799
16362 12 7 2017
16364 12 11 1351
16366 12 11 1407
16368 12 11 1107
16370 12 8 1874
16372 12 11 1791
16374 12 8 1898
16376 12 7 1073
16378 12 4 1940
16382 12 8 1426
16384 12 8 1618
16386 12 11 1975
16388 12 7 1977
16390 12 11 1995
16392 12 11 1211
16394 12 4 1144
16398 12 11 1247
16400 12 11 1199
16404 12 4 1648
16410 12 11 1175
16412 12 4 1132
16414 12 4 1512
16416 12 4 1812
16418 12 7 1885
16420 12 7 1229
16422 12 8 1674
16424 12 4 1156
16426 12 4 1612
16428 12 7 1513
16432 12 11 1823
16436 12 11 1507
16440 12 11 2039
16442 12 8 1990
16446 12 7 1973
16448 12 7 1301
16450 12 11 1835
16452 12 8 1354
16454 12 11 1191
16456 12 8 1246
16458 12 8 1442
16460 12 11 1731
16462 12 11 1151
16464 12 4 1808
16466 12 8 1430
16468 12 4 1968
16470 12 4 1076
16472 12 11 1299
16474 12 11 1347
16476 12 11 1355
16478 12 8 1850
16480 12 4 1160
16482 12 11 1495
16486 12 4 1760
16488 12 4 1792
16490 12 7 1521
16492 12 11 1675
16494 12 11 1863
16500 12 4 1520
16502 12 8 1526
16506 12 8 1670
16508 12 4 1912
16510 12 4 1560
16512 12 8 1542
16514 12 7 1733
16516 12 8 1734
16518 12 4 1976
16528 12 8 1854
16530 12 8 1098
16532 12 4 1112
16536 12 7 1857
16538 12 4 1352
16540 12 11 1551
16542 12 7 1641
16544 12 7 1685
16546 12 4 1756
16548 12 4 1472
16550 12 4 1272
16552 12 7 1321
16554 12 7 1197
16558 12 7 1137
16562 12 7 1501
16570 12 11 1135
16572 12 8 1466
16574 12 11 1935
16576 12 8 1958
16580 12 4 1564
16582 12 4 1956
16584 12 8 1746
16592 12 8 1290
16594 12 8 1294
16596 12 7 1449
16598 12 8 1646
16600 12 7 1861
16602 12 4 1960
16604 12 8 1986
16608 12 4 1420
16616 12 11 1939
16618 12 4 1852
16632 12 4 1772
16636 12 8 1450
16638 12 7 1041
16640 12 11 1119
16644 12 7 1397
16646 12 4 1644
16648 12 11 1807
16650 12 8 1866
16652 12 7 1881
16654 12 4 1884
16656 12 7 1893
16658 12 11 1899
16660 12 8 1938
16664 12 8 1998
16666 12 7 2001
16668 12 4 2032
16670 12 7 1161
16674 12 7 1929
16680 12 4 1980
16682 12 11 1339
16684 12 4 1776
16686 12 8 1118
16688 12 4 1496
16696 12 8 1374
16698 12 4 1380
16702 12 8 1570
16704 12 7 1617
16706 12 7 1645
16710 12 8 1902
16714 12 8 1350
16716 12 7 1069
16718 12 7 1213
16720 12 11 1687
16724 12 8 1806
16728 12 4 1224
16730 12 8 1774
16732 12 4 1228
16740 12 7 1369
16742 12 11 1375
16746 12 8 1894
16748 12 4 1896
16750 12 4 1900
16752 12 11 1967
16754 12 4 2012
16770 12 7 1553
16772 12 4 1824
16778 12 11 1631
16782 12 7 1409
16786 12 8 1438
16788 12 7 1769
16790 12 8 1726
16792 12 8 2010
16802 12 7 1905
16806 12 8 1462
16808 12 4 1748
16812 12 4 1924
16820 12 11 1523
16822 12 7 1745
16824 12 8 1966
16828 12 11 1919
16838 12 7 1269
16846 12 11 1315
16848 12 4 1616
16852 12 8 1822
16856 12 8 1718
16860 12 11 1907
16864 12 11 1287
16868 12 7 1557
16874 12 7 1793
16876 12 8 1798
16878 12 4 1484
16880 12 4 1876
16882 12 8 1262
16886 12 7 1681
16888 12 7 1609
16890 12 11 1615
16902 12 7 1469
16912 12 11 1959
16914 12 4 1044
16916 12 8 1514
16920 12 8 1706
16922 12 11 2003
16924 12 4 1480
16938 12 8 1610
16942 12 7 1045
16944 12 4 1196
16946 12 7 1253
16960 12 8 1598
16962 12 11 1455
16964 12 11 1659
16972 12 8 1878
16976 12 4 1868
16980 12 8 1198
16982 12 7 1297
16988 12 11 1663
16992 12 4 1708
16996 12 7 1909
17000 12 7 1953
17004 12 8 2018
17006 12 7 2037
17012 12 8 1162
17016 12 11 1127
17026 12 8 1546
17032 12 7 1701
17034 12 8 1994
17050 12 4 2008
17068 12 8 1174
17072 12 11 1651
17074 12 7 1805
17076 12 4 1596
17080 12 7 1421
17082 12 7 1429
17084 12 4 1580
17086 12 11 1639
17090 12 11 1779
17092 12 7 1517
17094 12 8 1306
17096 12 7 1477
17098 12 4 1592
17124 12 4 1768
17138 12 7 1777
17142 12 7 1101
17152 12 8 1626
17162 12 4 1804
17164 12 11 1883
17166 12 11 1911
17178 12 11 1431
17182 12 4 2024
17186 12 7 1841
17194 12 11 1655
17206 12 4 1164
17226 12 8 1330
17228 12 7 1569
17238 12 4 1376
17252 12 7 1729
17254 12 11 1139
17256 12 7 1209
17258 12 4 1356
17262 12 8 1326
17272 12 11 1039
17276 12 7 1625
17278 12 11 1751
17280 12 11 1771
17282 12 7 1817
17286 12 11 1203
17290 12 4 1176
17292 12 7 1537
17294 12 4 1972
17302 12 7 1837
17308 12 7 1177
17310 12 8 1146
17324 12 4 1672
17326 12 4 1072
17330 12 11 1567
17332 12 7 1829
17334 12 4 1028
17336 12 11 1067
17346 12 8 1286
17354 12 4 1984
17358 12 11 1395
17366 12 11 1699
17374 12 11 1563
17376 12 11 1603
17386 12 7 1913
17390 12 4 1696
17392 12 11 1207
17394 12 11 1227
17396 12 7 1749
17398 12 7 1221
17402 12 8 1770
17412 12 11 1111
17418 12 8 1934
17432 12 8 1266
17436 12 8 1654
17440 12 7 1961
17444 12 7 1933
17454 12 7 1285
17456 12 4 1488
17466 12 11 1267
17472 12 4 1728
17482 12 7 1581
17490 12 11 1903
17498 12 4 1788
17500 12 11 1579
17502 12 11 1763
17506 12 4 1828
17528 12 4 1244
17530 12 4 1492
17532 12 7 1549
17538 12 8 1474
17544 12 7 1657
17566 12 11 1527
17580 12 8 1762
17582 12 4 1916
17586 12 11 1327
17590 12 4 1052
17592 12 7 1629
17602 12 8 1530
17604 12 4 1308
17624 12 7 1669
17630 12 11 1607
17640 12 7 1089
17650 12 4 1232
17652 12 4 1348
17654 12 4 2016
17656 12 11 1851
17658 12 11 1571
17674 12 7 1325
17676 12 8 2006
17694 12 8 1154
17702 12 4 1100
17704 12 11 1499
17706 12 4 1456
17708 12 11 1031
17710 12 8 1322
17720 12 7 1613
17724 12 4 1536
17734 12 7 1949
17736 12 4 1024
17740 12 8 1522
17742 12 8 1918
17752 12 8 1250
17758 12 4 1508
17766 12 8 1170
17768 12 11 1095
17770 12 4 1840
17782 12 11 1079
17790 12 8 1590
17792 12 4 1640
17798 12 4 1032
17804 12 7 1677
17812 12 8 1550
17860 12 7 1437
17864 12 8 1090
17868 12 11 1583
17870 12 4 2044
17876 12 11 1775
17882 12 11 1071
17898 12 7 1529
17900 12 11 1619
17912 12 8 1042
17914 12 11 1363
17934 12 4 1048
18000 12 7 1753
18002 12 11 1811
18004 12 4 1964
18006 12 4 1068
18012 12 4 1060
18034 12 7 1853
18036 12 8 1222
18050 12 11 1679
18058 12 8 1862
18072 12 4 1540
18082 12 7 1033
18084 12 7 1653
18086 12 4 2004
18094 12 4 14840
18096 12 11 14487
18098 12 8 14350
18102 12 4 14724
18106 12 4 14368
18108 12 11 15195
18110 12 11 14643
18112 12 7 14765
18114 12 8 14802
18116 12 4 15140
18120 12 4 14880
18124 12 7 14921
18128 12 8 15202
18130 12 8 15270
18132 12 7 15349
18134 12 7 14773
18136 12 11 14503
18142 12 4 14984
18146 12 11 14543
18148 12 8 14762
18150 12 11 14555
18152 12 7 14621
18154 12 7 14969
18164 12 11 14367
18166 12 11 14379
18168 12 8 14570
18170 12 4 14908
18172 12 7 14757
18174 12 4 15088
18178 12 11 14399
18184 12 7 14701
18186 12 8 14886
18190 12 4 14940
18192 12 8 15342
18194 12 11 15343
18196 12 11 14587
18198 12 7 14613
18200 12 8 15134
18202 12 4 14392
18204 12 8 14414
18206 12 8 14522
18208 12 4 14728
18214 12 4 15156
18224 12 11 15091
18226 12 7 15181
18228 12 4 14452
18234 12 8 14918
18236 12 4 14468
18238 12 4 14660
18244 12 4 14504
18248 12 4 15348
18252 12 11 14811
18254 12 4 15236
18258 12 7 14829
18260 12 4 14836
18262 12 8 14962
18272 12 7 15337
18274 12 11 14623
18280 12 8 15282
18286 12 4 14872
18292 12 7 14869
18294 12 8 14426
18296 12 11 14991
18298 12 4 14912
18308 12 8 14362
18310 12 7 14501
18312 12 11 15127
18314 12 11 14435
18330 12 8 14874
18336 12 8 15298
18354 12 4 14404
18360 12 8 15062
18362 12 4 15160
18364 12 4 15340
18390 12 8 15142
18400 12 4 15212
18414 12 7 15285
18416 12 7 14353
18430 12 11 15131
18432 12 4 15196
18434 12 7 14805
18436 12 7 14809
18444 12 7 14637
18448 12 11 14711
18450 12 7 14529
18452 12 8 14866
18462 12 8 15350
18474 12 8 14498
18476 12 11 14955
18482 12 11 15283
18484 12 8 15042
18492 12 4 15120
18494 12 11 15083
18496 12 7 15213
18502 12 4 14380
18506 12 8 14562
18520 12 8 14358
18526 12 8 14490
18540 12 8 14670
18542 12 4 14700
18550 12 7 14669
18552 12 11 15003
18554 12 4 14932
18580 12 4 14484
18596 12 7 14601
18600 12 8 14982
18610 12 7 15189
18626 12 11 15267
18634 12 8 14978
18636 12 8 15138
18654 12 11 14471
18658 12 4 14552
18692 12 8 14578
18698 12 7 15113
18706 12 8 12466
18708 12 4 12780
18710 12 11 12331
18712 12 4 12352
18714 12 11 12463
18716 12 11 13171
18718 12 8 13122
18720 12 7 12777
18722 12 7 12829
18724 12 4 12736
18726 12 7 12385
18728 12 8 12926
18730 12 8 12834
18732 12 4 12520
18734 12 4 13072
18736 12 8 12730
18738 12 11 12807
18740 12 8 12814
18742 12 11 12871
18744 12 4 12484
18746 12 7 12541
18748 12 7 12813
18750 12 11 12995
18752 12 8 13046
18754 12 11 12431
18756 12 8 12574
18758 12 8 12838
18760 12 4 12344
18762 12 4 12996
18764 12 4 12328
18766 12 11 13019
18768 12 11 12735
18770 12 8 12754
18772 12 7 12801
18774 12 11 12639
18776 12 8 13002
18778 12 8 12338
18780 12 7 13037
18784 12 8 12946
18788 12 8 12882
18794 12 8 13302
18800 12 11 12659
18802 12 4 12668
18804 12 4 13044
18806 12 4 13240
18808 12 11 13283
18810 12 11 12951
18812 12 11 12763
18814 12 4 13004
18826 12 7 12509
18828 12 7 12557
18836 12 7 12669
18838 12 4 12488
18842 12 11 12575
18848 12 8 12614
18850 12 4 13172
18852 12 11 13263
18854 12 8 12474
18856 12 11 13219
18858 12 4 12764
18868 12 8 12442
18870 12 4 12500
18874 12 8 13278
18876 12 4 12452
18890 12 8 13270
18902 12 4 13040
18904 12 11 13267
18910 12 4 13052
18912 12 4 12304
18918 12 11 12703
18930 12 11 12611
18934 12 8 12666
18936 12 7 13153
18940 12 11 13211
18942 12 11 12619
18944 12 8 13294
18952 12 8 12914
18956 12 4 13304
18962 12 7 13273
18964 12 11 12383
18980 12 7 12825
18984 12 4 12460
18990 12 11 12795
18994 12 8 12538
18996 12 7 13253
19000 12 7 13117
19002 12 7 13297
19010 12 11 12739
19016 12 8 12290
19018 12 11 13075
19022 12 7 12361
19028 12 7 12913
19032 12 4 13180
19040 12 8 12626
19042 12 7 13121
19046 12 11 13123
19048 12 8 13138
19050 12 7 13141
19054 12 8 13182
19056 12 11 12399
19058 12 7 12461
19072 12 8 12450
19076 12 11 12955
19090 12 7 12517
19098 12 8 13170
19108 12 8 13246
19128 12 11 13215
19136 12 4 12624
19144 12 11 12455
19150 12 7 13089
19156 12 11 12771
19178 12 11 13703
19180 12 11 14255
19182 12 8 13758
19184 12 7 13365
19186 12 7 13573
19188 12 11 14207
19190 12 4 13716
19192 12 7 13813
19194 12 11 14159
19196 12 4 14328
19198 12 8 13954
19200 12 11 13619
19202 12 11 13819
19204 12 4 13620
19206 12 4 13712
19210 12 7 13821
19212 12 4 13892
19216 12 4 13824
19222 12 4 13664
19226 12 8 13390
19234 12 4 13976
19236 12 11 13823
19238 12 4 13896
19240 12 4 13868
19244 12 4 13628
19252 12 11 14087
19262 12 4 13500
19264 12 8 13446
19268 12 4 13724
19280 12 7 13517
19290 12 8 14310
19298 12 8 13566
19300 12 8 14154
19304 12 7 14177
19314 12 7 13333
19318 12 11 13911
19320 12 11 14335
19322 12 7 14145
19324 12 8 14322
19326 12 11 14331
19332 12 4 13596
19334 12 8 13730
19338 12 4 13424
19352 12 11 13699
19360 12 11 14219
19364 12 11 13719
19366 12 8 14278
19368 12 11 13943
19370 12 4 14028
19372 12 4 13556
19374 12 11 13875
19376 12 8 13370
19378 12 7 13529
19384 12 4 14248
19386 12 7 14233
19388 12 7 14109
19398 12 8 13314
19400 12 7 13349
19402 12 11 13359
19404 12 4 13496
19406 12 11 13763
19408 12 4 14284
19410 12 8 13598
19414 12 7 13369
19416 12 4 13912
19420 12 11 14275
19432 12 8 13578
19436 12 11 13899
19438 12 4 14188
19446 12 7 14209
19448 12 7 13565
19450 12 4 14320
19462 12 4 13548
19464 12 7 13921
19474 12 8 13686
19484 12 4 14152
19488 12 7 13889
19490 12 8 14282
19494 12 11 14007
19506 12 8 14242
19518 12 7 14009
19526 12 7 14085
19532 12 8 13478
19534 12 7 14333
19538 12 11 13675
19540 12 4 13340
19544 12 4 13960
19554 12 7 14185
19556 12 4 14276
19558 12 7 13385
19566 12 11 14179
19568 12 11 14187
19570 12 8 14222
19588 12 4 13460
19590 12 8 13610
19610 12 8 13570
19612 12 8 13742
19614 12 8 14102
19622 12 8 14114
19626 12 7 13329
19634 12 11 13747
19640 12 4 14088
19642 12 7 14189
19656 12 8 14170
19660 12 8 14066
19666 12 11 14107
19670 12 11 13947
19680 12 11 13791
19694 12 4 13436
19700 12 11 14011
19702 12 11 13439
19704 12 4 14072
19714 12 7 13409
19722 12 8 13958
19724 12 7 13353
19740 12 8 14262
19754 12 11 14091
19760 12 7 14297
19766 12 7 2337
19768 12 8 2434
19770 12 7 2921
19772 12 8 2122
19774 12 8 2926
19776 12 11 2551
19778 12 4 2772
19780 12 4 2372
19782 12 11 2439
19784 12 11 2427
19786 12 8 2110
19788 12 11 2151
19790 12 11 2251
19792 12 8 2338
19794 12 7 2657
19796 12 4 2708
19798 12 8 3062
19800 12 8 2102
19802 12 7 2309
19804 12 7 2401
19806 12 7 2605
19808 12 8 2966
19810 12 7 2977
19812 12 7 2569
19814 12 4 2276
19816 12 7 3061
19818 12 7 2077
19820 12 7 2445
19822 12 4 2672
19824 12 7 2753
19826 12 11 2983
19828 12 4 2964
19830 12 4 2932
19832 12 7 3001
19834 12 11 2675
19836 12 7 2093
19840 12 4 2148
19842 12 11 2351
19844 12 11 2467
19846 12 4 2068
19848 12 11 2911
19850 12 11 2307
19854 12 7 2913
19856 12 7 2245
19858 12 7 2277
19860 12 4 2508
19862 12 7 2125
19864 12 11 2263
19866 12 11 2291
19868 12 4 2664
19870 12 8 2058
19876 12 8 2378
19878 12 11 2435
19880 12 11 2807
19884 12 7 2601
19886 12 7 3005
19888 12 7 2065
19890 12 11 2411
19894 12 7 2853
19896 12 8 2186
19898 12 11 2211
19900 12 8 2222
19904 12 4 2320
19906 12 11 2575
19908 12 4 2272
19910 12 8 2466
19912 12 11 2243
19914 12 4 2872
19916 12 7 2909
19918 12 7 2449
19920 12 4 2668
19922 12 8 2758
19924 12 11 2759
19926 12 4 2764
19928 12 11 2963
19930 12 7 2985
19932 12 7 3053
19934 12 11 3015
19936 12 11 2099
19942 12 7 2417
19944 12 4 2444
19948 12 11 2579
19950 12 11 2683
19952 12 7 2845
19954 12 4 2968
19956 12 7 3033
19964 12 4 2528
19966 12 8 2502
19972 12 4 2624
19978 12 4 2416
19980 12 8 2650
19984 12 8 2350
19986 12 11 2459
19988 12 7 2649
19990 12 7 2693
19992 12 8 2742
19994 12 11 2835
19996 12 11 2971
19998 12 11 3067
20000 12 4 2940
20004 12 4 2376
20006 12 11 2703
20008 12 8 2746
20010 12 11 2839
20014 12 8 2134
20016 12 11 2135
20018 12 11 2179
20020 12 11 2951
20022 12 11 2607
20024 12 4 2356
20026 12 7 3065
20028 12 7 2061
20030 12 8 2902
20036 12 11 2907
20040 12 8 2554
20048 12 7 2485
20056 12 4 2164
20058 12 11 2215
20062 12 11 2395
20064 12 4 2472
20068 12 7 2729
20072 12 4 2924
20078 12 8 2274
20080 12 8 2674
20082 12 8 2986
20084 12 11 2815
20092 12 7 2989
20094 12 11 2271
20096 12 4 2916
20104 12 8 2722
20108 12 7 2733
20110 12 8 2162
20112 12 4 2228
20114 12 7 2393
20116 12 11 2543
20118 12 11 2599
20120 12 8 2670
20122 12 8 2810
20124 12 11 2819
20126 12 8 2846
20128 12 11 2899
20132 12 7 2097
20134 12 4 2144
20136 12 11 2199
20140 12 8 2414
20142 12 4 2704
20144 12 8 2446
20148 12 4 2844
20150 12 11 3007
20152 12 4 2260
20156 12 7 2081
20160 12 4 2712
20162 12 4 2384
20172 12 4 2172
20178 12 8 2506
20182 12 8 2634
20190 12 4 3048
20192 12 8 2402
20194 12 8 2922
20196 12 8 2970
20198 12 4 2696
20202 12 11 2167
20204 12 11 2695
20208 12 7 2265
20210 12 7 2333
20212 12 11 2383
20218 12 7 2813
20222 12 4 2576
20224 12 11 2687
20234 12 7 2897
20238 12 8 2998
20244 12 8 2802
20246 12 11 2055
20248 12 11 2155
20254 12 8 2114
20256 12 8 2178
20258 12 7 2589
20260 12 7 2273
20268 12 11 2943
20278 12 7 3025
20280 12 7 2121
20282 12 4 2620
20284 12 8 2630
20292 12 4 2840
20296 12 11 2719
20300 12 4 2076
20302 12 4 2532
20306 12 8 2618
20308 12 4 2644
20310 12 11 2051
20312 12 4 2092
20314 12 4 2896
20316 12 7 2917
20318 12 8 2714
20324 12 8 2302
20328 12 8 3026
20330 12 7 2057
20340 12 7 2365
20352 12 8 2734
20364 12 11 2639
20366 12 8 2826
20368 12 8 2078
20370 12 8 2194
20378 12 11 2119
20380 12 8 2598
20382 12 11 3063
20388 12 11 2555
20390 12 8 2594
20392 12 7 2777
20398 12 7 2517
20402 12 7 2141
20404 12 11 2303
20410 12 8 2982
20412 12 4 2904
20414 12 11 2895
20420 12 7 2765
20422 12 4 2944
20424 12 11 2475
20426 12 7 2557
20438 12 4 2800
20442 12 8 2962
20446 12 8 3030
20448 12 8 3014
20454 12 4 2308
20490 12 8 2306
20494 12 4 2836
20504 12 7 2617
20508 12 7 2821
20510 12 4 2976
20512 12 7 2993
20514 12 11 2143
20532 12 11 2107
20534 12 8 2946
20536 12 8 2950
20538 12 4 2980
20544 12 11 2655
20546 12 11 2803
20554 12 7 3057
20566 12 8 2094
20568 12 4 2200
20570 12 7 2249
20586 12 7 2165
20602 12 11 2891
20606 12 11 2371
20610 12 4 2368
20612 12 4 2388
20614 12 11 2403
20618 12 8 2766
20622 12 7 2825
20636 12 8 3046
20642 12 8 2370
20644 12 7 2229
20646 12 7 2397
20648 12 7 2501
20656 12 8 2494
20662 12 7 2697
20670 12 7 2197
20672 12 8 2106
20674 12 4 2880
20690 12 8 2590
20696 12 8 2398
20702 12 8 2462
20706 12 11 2947
20720 12 4 2596
20738 12 8 3018
20742 12 4 2060
20744 12 11 2387
20746 12 4 2716
20750 12 11 3051
20754 12 4 2280
20756 12 8 2458
20758 12 4 2288
20764 12 4 2660
20766 12 7 2577
20774 12 11 2335
20776 12 7 2085
20784 12 11 2487
20788 12 8 2918
20804 12 4 2868
20806 12 4 2740
20808 12 7 3017
20810 12 7 2373
20818 12 11 2095
20824 12 4 2860
20838 12 11 2823
20848 12 7 2117
20860 12 7 2173
20870 12 11 2779
20872 12 11 2939
20874 12 7 2801
20878 12 8 2254
20880 12 11 2511
20882 12 4 2736
20884 12 4 2804
20888 12 4 2848
20890 12 7 2849
20900 12 4 2192
20912 12 7 2593
20924 12 4 2524
20926 12 7 2725
20928 12 4 2432
20934 12 8 2638
20936 12 8 3070
20940 12 11 2503
20946 12 8 2130
20950 12 4 2920
20956 12 4 2824
20960 12 11 2847
20980 12 7 2289
20986 12 7 2781
20992 12 11 2319
20994 12 8 2262
20996 12 8 2914
21022 12 11 2923
21026 12 4 2064
21028 12 4 2600
21036 12 11 2671
21038 12 11 2755
21040 12 8 2314
21046 12 4 2788
21052 12 7 2829
21054 12 11 2455
21068 12 7 2217
21072 12 7 2149
21074 12 4 2468
21076 12 4 2568
21078 12 11 2619
21084 12 7 2305
21086 12 7 2317
21090 12 11 2651
21092 12 4 2796
21106 12 7 2129
21108 12 11 2219
21110 12 7 2509
21116 12 11 2811
21118 12 4 2948
21130 12 8 2754
21132 12 4 2784
21136 12 11 2307
21138 12 8 3002
21146 12 4 2380
21158 12 8 2238
21178 12 4 2496
21180 12 7 2661
21190 12 7 2453
21198 12 11 2187
21214 12 7 2705
21216 12 7 2901
21218 12 8 2858
21220 12 8 2266
21222 12 4 2220
21226 12 8 2170
21228 12 7 2337
21232 12 4 2208
21266 12 7 2653
21268 12 8 2366
21282 12 11 2795
21288 12 4 2140
21290 12 8 2150
21292 12 7 2389
21294 12 4 2448
21298 12 4 3044
21300 12 7 2329
21302 12 7 2949
21310 12 11 2559
21320 12 11 2239
21324 12 4 3036
21326 12 11 2419
21330 12 4 2652
21336 12 4 2136
21338 12 7 2137
21342 12 11 3003
21346 12 7 2941
21348 12 7 2665
21350 12 11 2595
21352 12 7 2609
21356 12 7 2597
21368 12 7 2413
21380 12 4 2100
21398 12 7 2145
21404 12 8 2698
21406 12 8 2182
21410 12 4 2224
21422 12 8 2138
21424 12 11 2139
21426 12 7 2313
21436 12 8 2334
21438 12 4 2096
21454 12 7 2889
21460 12 8 2558
21464 12 7 2817
21466 12 11 3019
21470 12 8 2210
21480 12 7 2793
21484 12 11 2491
21546 12 4 2292
21568 12 8 2142
21570 12 4 2168
21572 12 7 2205
21582 12 7 2113
21584 12 8 2246
21586 12 4 2404
21588 12 4 2464
21612 12 8 3038
21648 12 4 2748
21652 12 4 2484
21654 12 7 2717
21670 12 11 3695
21672 12 4 3744
21674 12 8 3134
21676 12 8 3426
21678 12 11 3471
21680 12 8 3658
21682 12 7 3993
21684 12 7 4009
21686 12 11 3967
21688 12 7 4037
21690 12 7 3261
21692 12 4 3652
21694 12 11 3191
21696 12 7 3305
21698 12 11 3579
21700 12 4 3628
21702 12 4 3684
21704 12 4 3764
21706 12 7 3773
21708 12 8 3862
21710 12 11 3855
21712 12 7 4029
21714 12 4 3644
21716 12 4 4092
21720 12 11 3947
21722 12 8 4082
21724 12 8 3778
21726 12 4 3184
21728 12 11 3535
21732 12 7 3733
21734 12 11 3763
21736 12 4 3604
21738 12 8 3262
21742 12 8 3158
21744 12 7 3073
21746 12 4 3500
21748 12 7 3689
21754 12 11 3219
21758 12 7 3553
21760 12 11 4011
21762 12 7 3137
21764 12 8 3378
21766 12 4 3468
21770 12 4 3336
21772 12 8 4070
21778 12 8 3458
21780 12 4 3548
21782 12 7 3633
21784 12 8 4006
21786 12 4 4036
21788 12 4 4068
21790 12 11 3403
21794 12 8 3182
21798 12 8 3662
21800 12 4 3720
21802 12 8 3818
21806 12 7 4025
21810 12 11 3703
21812 12 11 3751
21814 12 7 3825
21816 12 4 3440
21818 12 11 3455
21820 12 8 3870
21822 12 7 3921
21824 12 4 3248
21828 12 4 3208
21830 12 7 3289
21832 12 8 3438
21834 12 4 3776
21836 12 8 3562
21838 12 11 3595
21840 12 11 3567
21844 12 8 3798
21846 12 8 3934
21848 12 7 3481
21850 12 7 3645
21852 12 7 3661
21856 12 7 3345
21858 12 7 3241
21864 12 7 3265
21866 12 4 3576
21868 12 7 3637
21870 12 7 3417
21872 12 11 3147
21876 12 11 3287
21878 12 11 3119
21882 12 11 4035
21886 12 11 4019
21890 12 7 3445
21896 12 7 3685
21900 12 11 3979
21902 12 11 3175
21904 12 11 3571
21906 12 11 3643
21914 12 8 3430
21916 12 11 3431
21918 12 7 3557
21920 12 8 3570
21922 12 11 3899
21924 12 8 3938
21926 12 8 3950
21928 12 11 4083
21930 12 4 3180
21932 12 4 3876
21934 12 4 3168
21936 12 4 3196
21940 12 8 3498
21942 12 7 3613
21944 12 7 4049
21946 12 4 4080
21950 12 8 3486
21958 12 7 3177
21960 12 7 3217
21962 12 4 3240
21964 12 7 3281
21968 12 11 3475
21970 12 11 3771
21972 12 7 3881
21974 12 11 3923
21976 12 7 4001
21980 12 7 4061
21984 12 8 3342
21986 12 4 3736
21988 12 4 3304
21990 12 4 3120
21992 12 8 3306
21994 12 7 3665
21998 12 7 3937
22000 12 11 4067
22012 12 7 3285
22016 12 11 3799
22018 12 4 4076
22020 12 8 3522
22022 12 8 3358
22036 12 7 3629
22040 12 7 3221
22046 12 7 3745
22048 12 4 3536
22050 12 11 3487
22054 12 11 3603
22056 12 11 3307
22062 12 11 3907
22064 12 8 3558
22066 12 11 4047
22072 12 11 3415
22076 12 8 3542
22082 12 11 3231
22088 12 4 3848
22096 12 11 3303
22104 12 7 3861
22106 12 7 3621
22114 12 8 3682
22120 12 11 3999
22122 12 8 3414
22124 12 4 3532
22126 12 11 3663
22128 12 7 4033
22130 12 4 3128
22132 12 4 3404
22134 12 8 3754
22136 12 11 3859
22138 12 8 3958
22140 12 8 4010
22146 12 8 3902
22148 12 11 3735
22150 12 7 4005
22154 12 7 3337
22158 12 8 3590
22162 12 11 3903
22164 12 4 3904
22166 12 8 3478
22168 12 11 3811
22176 12 4 4044
22180 12 11 3711
22182 12 4 3988
22184 12 11 3363
22188 12 8 3794
22190 12 8 3622
22198 12 8 3442
22200 12 4 3584
22210 12 4 3636
22212 12 8 4046
22218 12 7 3529
22222 12 4 3568
22224 12 4 4032
22226 12 8 3222
22228 12 4 3272
22230 12 11 3483
22232 12 4 3956
22234 12 8 3494
22238 12 7 3765
22240 12 7 4053
22244 12 11 3895
22246 12 11 3235
22248 12 4 3340
22252 12 11 3583
22258 12 8 4022
22262 12 7 4093
22274 12 11 3439
22276 12 4 3228
22278 12 8 3270
22280 12 11 3279
22282 12 4 3416
22284 12 8 3634
22286 12 11 3707
22294 12 4 3964
22300 12 4 4072
22304 12 7 3333
22308 12 7 3373
22312 12 8 3806
22314 12 4 3960
22328 12 4 3816
22338 12 11 3807
22348 12 8 3174
22352 12 11 3387
22356 12 4 3984
22366 12 4 3396
22370 12 8 3982
22374 12 11 3479
22380 12 7 3793
22388 12 11 3459
22402 12 7 3085
22414 12 4 3308
22422 12 7 3961
22426 12 11 3159
22428 12 8 3790
22430 12 11 3435
22432 12 7 3469
22434 12 11 3739
22444 12 7 3817
22464 12 8 4030
22466 12 7 3601
22474 12 7 3229
22476 12 4 3236
22478 12 8 3822
22480 12 11 3887
22484 12 8 3106
22486 12 7 3109
22490 12 4 3372
22494 12 11 4039
22496 12 7 4057
22500 12 8 3230
22506 12 8 3966
22508 12 11 3795
22544 12 11 3823
22546 12 7 3849
22550 12 11 3491
22558 12 11 3183
22560 12 7 3697
22562 12 8 3782
22574 12 11 3615
22578 12 8 3942
22580 12 7 3821
22582 12 8 3838
22584 12 11 3875
22586 12 7 3977
22604 12 8 3194
22606 12 11 3371
22614 12 7 4045
22622 12 8 4062
22628 12 7 3653
22630 12 11 3223
22650 12 7 4041
22666 12 4 3264
22668 12 11 3591
22670 12 7 3725
22672 12 11 3687
22674 12 8 3894
22676 12 7 3277
22678 12 8 3370
22682 12 7 3941
22684 12 7 3537
22686 12 11 3699
22688 12 11 3835
22690 12 4 3892
22694 12 4 3688
22698 12 7 3245
22702 12 8 3930
22704 12 4 3884
22718 12 8 3302
22722 12 11 3099
22726 12 7 3473
22732 12 4 3820
22738 12 11 4015
22742 12 8 3430
22748 12 11 3519
22750 12 8 3730
22762 12 7 3869
22764 12 11 3151
22766 12 7 3369
22768 12 8 3386
22770 12 8 3698
22772 12 11 4003
22778 12 11 4075
22792 12 11 3539
22802 12 4 3620
22808 12 8 3146
22810 12 11 3167
22816 12 7 3921
22826 12 8 3910
22828 12 7 3361
22850 12 4 3072
22852 12 8 3954
22856 12 4 3772
22858 12 4 3784
22860 12 11 3879
22866 12 7 3429
22886 12 7 3201
22888 12 7 3997
22920 12 4 3716
22922 12 7 3141
22926 12 4 3284
22930 12 11 3599
22932 12 7 3829
22940 12 8 3670
22954 12 7 3209
22966 12 7 3353
22968 12 4 3664
22970 12 11 3995
22980 12 4 3760
22982 12 4 3696
22986 12 7 3777
23012 12 4 3424
23014 12 4 3448
23036 12 7 3461
23038 12 8 3462
23040 12 4 3488
23042 12 7 3749
23050 12 11 3719
23054 12 7 3093
23066 12 4 3112
23070 12 11 3447
23072 12 4 3472
23076 12 11 4007
23080 12 4 3580
23118 12 4 3524
23136 12 11 3111
23142 12 4 3792
23158 12 11 3635
23162 12 11 3359
23168 12 8 3586
23170 12 7 3129
23172 12 11 3283
23174 12 4 3680
23176 12 4 4024
23192 12 8 3994
23204 12 8 3090
23206 12 7 3357
23212 12 7 3877
23214 12 4 3224
23218 12 11 3943
23226 12 4 3104
23234 12 4 3756
23238 12 11 3847
23260 12 8 3582
23266 12 8 3974
23268 12 11 3107
23276 12 7 3449
23286 12 4 3268
23312 12 4 3812
23316 12 4 3856
23320 12 4 3216
23328 12 11 3627
23334 12 8 3654
23336 12 8 3694
23338 12 11 3891
23342 12 11 3407
23360 12 4 3592
23366 12 8 3722
23368 12 8 4090
23378 12 8 3610
23380 12 11 3959
23396 12 11 3079
23414 12 7 3197
23426 12 4 3752
23438 12 7 3145
23442 12 7 3853
23488 12 4 3740
23494 12 4 3116
23534 12 11 3467
23538 12 7 3185
23546 12 7 3545
23548 12 7 3605
23558 12 7 3685
23568 12 4 3500
23570 12 8 3554
23574 12 7 3193
23582 12 7 3457
23586 12 4 6224
23588 12 8 6278
23590 12 7 6385
23592 12 7 6497
23594 12 8 6910
23596 12 7 7081
23598 12 8 6246
23600 12 8 6482
23602 12 11 6807
23604 12 11 6951
23606 12 4 7052
23608 12 7 7085
23610 12 8 6834
23612 12 8 7162
23614 12 7 6669
23616 12 11 6155
23618 12 11 6811
23620 12 4 6912
23622 12 4 6420
23624 12 11 6459
23626 12 8 6898
23628 12 11 6943
23630 12 8 7018
23632 12 4 6348
23634 12 8 6886
23636 12 8 7146
23638 12 11 6823
23640 12 8 6842
23642 12 8 6902
23644 12 4 6916
23646 12 4 6968
23648 12 11 6971
23650 12 8 6978
23652 12 11 7015
23654 12 4 7032
23656 12 7 7077
23658 12 7 7089
23660 12 4 7140
23662 12 11 7131
23664 12 8 6422
23666 12 4 6468
23668 12 4 6556
23670 12 8 6586
23672 12 4 6200
23674 12 11 6607
23676 12 11 6179
23680 12 8 6470
23682 12 7 6537
23684 12 8 6866
23686 12 7 6917
23688 12 4 6568
23690 12 11 6771
23694 12 11 6903
23698 12 4 6972
23700 12 4 6416
23704 12 4 6368
23708 12 11 6883
23710 12 11 7119
23712 12 11 7151
23714 12 8 6430
23716 12 7 6897
23720 12 11 6731
23722 12 11 6791
23728 12 7 6661
23730 12 8 6822
23732 12 11 6667
23734 12 8 6178
23736 12 11 6467
23738 12 4 7096
23740 12 4 6336
23742 12 4 6648
23744 12 4 6704
23746 12 4 6788
23748 12 8 6814
23750 12 11 7135
23752 12 7 6205
23756 12 4 6208
23762 12 11 6511
23764 12 11 6515
23766 12 4 6544
23770 12 7 7053
23774 12 8 7134
23780 12 8 6730
23782 12 7 6881
23784 12 11 6455
23786 12 7 6545
23788 12 7 6937
23792 12 7 6617
23812 12 11 7031
23822 12 11 6571
23824 12 8 7078
23828 12 4 6572
23832 12 8 6954
23834 12 11 7011
23838 12 4 6984
23840 12 4 6340
23844 12 11 6631
23846 12 11 7043
23848 12 8 7070
23850 12 4 7100
23852 12 4 6332
23854 12 11 6263
23856 12 7 6253
23858 12 7 6501
23860 12 8 6958
23862 12 4 6848
23864 12 11 6687
23866 12 7 6729
23868 12 11 6835
23870 12 11 7143
23872 12 11 6291
23874 12 8 6426
23878 12 8 6682
23880 12 4 7068
23882 12 4 6484
23884 12 7 6485
23900 12 7 6585
23902 12 11 6595
23904 12 8 6646
23906 12 11 6659
23908 12 8 6690
23910 12 8 6698
23912 12 8 6790
23916 12 11 6839
23918 12 8 6858
23920 12 8 6974
23922 12 11 6975
23930 12 4 7152
23932 12 4 6352
23934 12 7 6985
23936 12 7 6157
23938 12 8 6494
23940 12 8 6542
23944 12 8 6286
23946 12 8 6374
23950 12 7 6389
23952 12 11 6675
23954 12 11 6691
23956 12 11 6983
23958 12 7 7013
23962 12 7 6629
23964 12 11 6671
23978 12 7 6649
23980 12 11 6779
23982 12 11 6587
23984 12 7 6725
23986 12 4 6976
23988 12 7 7017
23990 12 7 7097
23994 12 11 6495
23996 12 4 6832
24004 12 7 6521
24006 12 8 6758
24008 12 4 6940
24016 12 4 6508
24030 12 11 6747
24034 12 4 6808
24036 12 4 6816
24044 12 8 7002
24046 12 4 7024
24048 12 4 7060
24050 12 8 7106
24054 12 7 6677
24058 12 8 6418
24064 12 11 6323
24066 12 8 7110
24068 12 8 6202
24074 12 8 6598
24076 12 8 6678
24078 12 7 6761
24080 12 7 6921
24082 12 11 6923
24084 12 4 6996
24086 12 8 7086
24096 12 7 6505
24098 12 11 6547
24100 12 8 7154
24108 12 7 6565
24112 12 4 6292
24114 12 4 6448
24116 12 8 6966
24120 12 4 7064
24124 12 11 6147
24126 12 8 6390
24128 12 8 7130
24132 12 7 6541
24134 12 4 6668
24136 12 4 6300
24138 12 11 6351
24140 12 8 6702
24144 12 11 6623
24146 12 11 7027
24158 12 4 6836
24162 12 11 7167
24172 12 4 7136
24174 12 7 6633
24186 12 8 6478
24192 12 4 6472
24224 12 8 6694
24226 12 4 6724
24228 12 4 6748
24230 12 11 7159
24232 12 11 6223
24234 12 11 6615
24236 12 8 6526
24238 12 8 6710
24240 12 8 6762
24246 12 7 6829
24252 12 8 6274
24260 12 4 6988
24276 12 11 6727
24286 12 8 6906
24320 12 4 7048
24322 12 7 6317
24354 12 7 7065
24366 12 4 6532
24368 12 4 6960
24370 12 8 6986
24374 12 7 6189
24376 12 8 6534
24378 12 8 6738
24384 12 11 6679
24390 12 4 6440
24392 12 8 6674
24400 12 8 7042
24402 12 8 7126
24408 12 4 6268
24410 12 8 6334
24412 12 11 6395
24414 12 8 6406
24416 12 4 6428
24418 12 4 6488
24446 12 7 6445
24468 12 4 6452
24478 12 4 6728
24482 12 11 6859
24490 12 7 7125
24494 12 11 6239
24500 12 7 7133
24502 12 7 6153
24504 12 11 6191
24506 12 4 6408
24508 12 4 6492
24512 12 11 6655
24552 12 4 6732
24554 12 4 6780
24556 12 11 6603
24588 12 7 7165
24594 12 11 6795
24596 12 7 6557
24598 12 8 7014
24608 12 4 6708
24616 12 7 6177
24620 12 4 6144
24622 12 7 6229
24624 12 7 6733
24628 12 4 7004
24630 12 8 6502
24632 12 8 6606
24634 12 7 6621
24636 12 8 7098
24640 12 8 6222
24646 12 7 6765
24648 12 11 7127
24654 12 11 6299
24656 12 7 6241
24658 12 7 6581
24660 12 7 6425
24664 12 11 6403
24668 12 8 6490
24688 12 4 6236
24696 12 7 7025
24698 12 4 6804
24700 12 11 6819
24704 12 7 6305
24716 12 8 6686
24718 12 8 6874
24720 12 4 6556
24722 12 8 6942
24726 12 4 6284
24730 12 7 6665
24734 12 7 6685
24750 12 7 6645
24752 12 8 6754
24754 12 8 7150
24756 12 11 6591
24770 12 11 6927
24774 12 11 6319
24776 12 11 6763
24778 12 4 6188
24780 12 11 6195
24784 12 11 6767
24788 12 8 6982
24790 12 7 6997
24794 12 4 7092
24796 12 8 7102
24812 12 7 6465
24814 12 8 6750
24822 12 11 6243
24824 12 8 6410
24826 12 11 6163
24830 12 4 6388
24832 12 11 6483
24838 12 8 6806
24840 12 11 6815
24842 12 7 6893
24846 12 11 7155
24850 12 4 7016
24860 12 8 6826
24862 12 8 6718
24864 12 8 6778
24882 12 11 6267
24890 12 11 6215
24896 12 11 6391
24930 12 8 7062
24952 12 11 6999
24968 12 8 6154
24970 12 7 6421
24982 12 11 6211
24986 12 7 7137
24994 12 8 6830
24996 12 7 7041
24998 12 8 6322
25000 12 11 6627
25002 12 7 6825
25004 12 11 7079
25006 12 7 6161
25008 12 8 7074
25012 12 11 6435
25014 12 4 6860
25018 12 7 6349
25026 12 8 6914
25028 12 4 6344
25036 12 4 6796
25040 12 4 7120
25058 12 7 6509
25062 12 8 6742
25064 12 11 6911
25098 12 11 7071
25104 12 7 6745
25108 12 7 6977
25122 12 4 6992
25124 12 4 6784
25126 12 4 7148
25130 12 8 6306
25134 12 11 6991
25140 12 7 6961
25144 12 4 6636
25168 12 11 6187
25196 12 4 6316
25208 12 11 6199
25210 12 4 6496
25212 12 7 6605
25214 12 11 6947
25234 12 7 6973
25236 12 11 6775
25250 12 7 7045
25292 12 8 6210
25318 12 4 6800
25342 12 8 6922
25408 12 7 6377
25410 12 7 6405
25434 12 4 7132
25436 12 8 6318
25438 12 7 6877
25440 12 8 7090
25442 12 11 7091
25448 12 11 6559
25450 12 8 6246
25466 12 7 6233
25474 12 4 7164
25478 12 4 6476
25482 12 8 6766
25496 12 7 6165
25498 12 8 6522
25534 12 7 6981
25542 12 11 6219
25546 12 8 6614
25552 12 8 6894
25560 12 8 6342
25564 12 4 7160
25566 12 7 6601
25568 12 7 6249
25570 12 4 6632
25574 12 7 6593
25576 12 7 6969
25578 12 7 6885
25584 12 7 6289
25588 12 8 6506
25606 12 7 6753
25630 12 7 6929
25632 12 8 6950
25652 12 7 7049
25654 12 8 7054
25660 12 4 7112
25662 12 8 6350
25668 12 4 6404
25672 12 8 6186
25674 12 8 6270
25680 12 7 6597
25684 12 8 6562
25686 12 4 7108
25734 12 4 7076
25762 12 8 6622
25764 12 8 6946
25814 12 11 6159
25818 12 11 6231
25820 12 4 6244
25822 12 8 6254
25824 12 4 6272
25826 12 7 6393
25832 12 4 6492
25834 12 8 6498
25842 12 7 6749
25844 12 4 6764
25850 12 7 6845
25852 12 4 6864
25858 12 11 7059
25860 12 7 7085
25868 12 8 7142
25870 12 8 6882
25874 12 8 6190
25876 12 4 6588
25880 12 8 7082
25882 12 8 6862
25886 12 8 6486
25892 12 11 6551
25894 12 11 6751
25896 12 8 6794
25900 12 8 6890
25912 12 11 6879
25942 12 4 6240
25978 12 7 6933
25982 12 7 6989
25988 12 8 6530
25990 12 11 7111
25996 12 8 7150
25998 12 8 6574
26008 12 11 6295
26026 12 11 6715
26028 12 11 6719
26034 12 8 6166
26036 12 7 6797
26040 12 8 6366
26052 12 11 6367
26054 12 11 6563
26056 12 8 6822
26058 12 11 7103
26074 12 8 7146
26076 12 7 6529
26078 12 7 6145
26080 12 11 6243
26084 12 7 6561
26088 12 7 6701
26104 12 8 6814
26148 12 11 6207
26150 12 7 6301
26154 12 8 6566
26164 12 11 6647
26170 12 8 6174
26172 12 11 6555
26182 12 8 6702
26212 12 8 6502
26230 12 11 6691
26260 12 7 6325
26262 12 11 6363
26264 12 7 6365
26266 12 4 6252
26268 12 11 6471
26310 12 4 6608
26316 12 8 6430
26318 12 11 7039
26336 12 8 6838
26338 12 7 7157
26346 12 7 6217
26348 12 4 6760
26350 12 8 6234
26356 12 8 6346
26358 12 7 6705
26364 12 4 6376
26368 12 7 6865
26376 12 11 6651
26378 12 11 6703
26398 12 4 6548
26428 12 7 6837
26448 12 7 7101
26478 12 11 6331
26486 12 8 6650
26494 12 7 7037
26516 12 11 6499
26546 12 11 7095
26594 12 7 6777
26598 12 4 6896
26604 12 4 6228
26606 12 8 7078
26608 12 4 7104
26612 12 4 6280
26616 12 4 6592
26678 12 7 6773
26680 12 11 6263
26682 12 4 6360
26692 12 4 6212
26710 12 4 7000
26720 12 4 6372
26722 12 11 6443
26728 12 4 6456
26748 12 7 7093
26752 12 11 6379
26768 12 11 6827
26784 12 4 6400
26786 12 11 6943
26792 12 8 6358
26794 12 8 6582
26838 12 7 6637
26874 12 4 6580
26888 12 4 6952
26892 12 11 6935
26894 12 4 7124
26896 12 8 6614
26898 12 11 7007
26902 12 7 6713
26904 12 8 6266
26908 12 8 6374
26920 12 8 6278
26924 12 8 6146
26928 12 7 6269
26930 12 7 6361
26938 12 4 6900
26940 12 11 7071
26970 12 8 6786
26984 12 11 6455
27034 12 11 6199
27060 12 11 6251
27078 12 4 6560
27080 12 4 7020
27090 12 8 6942
27092 12 8 6434
27094 12 7 6457
27100 12 4 6296
27102 12 4 6532
27106 12 7 6197
27108 12 7 6273
27126 12 4 6876
27130 12 4 6888
27144 12 7 6169
27146 12 8 6438
27162 12 11 6707
27164 12 11 6759
27166 12 8 6810
27172 12 11 6615
27176 12 8 6818
27222 12 4 6156
27250 12 11 6903
27266 12 7 6581
27268 12 11 6387
27272 12 8 6670
27276 12 7 6553
27330 12 11 6863
27334 12 8 6954
27336 12 11 7011
27340 12 8 6998
27388 12 11 6523
27392 12 11 6623
27396 12 4 6420
27412 12 8 6502
27454 12 11 6627
27526 12 8 7062
27564 12 4 6848
27598 12 8 7162
27606 12 4 6180
27610 12 8 4234
27612 12 7 4525
27614 12 4 4536
27616 12 11 4643
27618 12 4 4132
27620 12 11 4447
27622 12 8 4710
27624 12 11 4727
27626 12 11 5119
27628 12 11 4347
27630 12 8 4542
27632 12 4 4844
27634 12 11 4247
27636 12 7 4997
27638 12 4 4340
27640 12 11 4143
27642 12 11 4407
27644 12 7 4705
27646 12 8 4250
27648 12 11 4255
27650 12 11 4403
27654 12 8 4442
27656 12 4 4480
27658 12 8 4534
27660 12 11 4123
27662 12 8 4746
27664 12 4 4616
27668 12 8 4378
27670 12 11 4611
27672 12 4 4892
27674 12 8 4402
27676 12 4 4284
27678 12 11 4251
27680 12 4 4344
27682 12 4 5088
27684 12 4 4232
27686 12 8 4302
27688 12 8 4422
27690 12 8 4758
27692 12 11 4835
27694 12 11 5047
27696 12 11 4515
27698 12 8 4958
27700 12 4 4312
27704 12 8 4946
27706 12 7 4381
27710 12 4 5092
27714 12 7 5077
27718 12 8 4502
27720 12 11 4947
27722 12 4 4096
27726 12 8 4466
27728 12 8 5030
27730 12 4 4936
27734 12 8 4118
27736 12 11 4791
27738 12 8 4762
27740 12 11 4787
27742 12 11 5079
27746 12 8 4822
27748 12 4 4544
27752 12 8 4494
27756 12 4 4504
27758 12 11 4935
27764 12 7 4605
27766 12 7 4841
27768 12 8 4482
27772 12 7 5093
27774 12 11 4223
27776 12 8 4790
27778 12 7 4809
27780 12 4 4264
27782 12 8 4342
27784 12 7 4877
27786 12 4 5032
27788 12 4 4148
27790 12 8 4230
27792 12 11 4351
27794 12 8 4410
27796 12 8 4450
27798 12 11 4911
27800 12 11 5107
27802 12 11 4315
27804 12 11 4859
27806 12 11 4167
27808 12 11 4287
27814 12 8 4818
27826 12 8 4930
27828 12 4 4932
27830 12 8 4970
27832 12 11 5027
27834 12 11 4479
27836 12 7 5041
27842 12 4 4948
27844 12 8 4690
27850 12 4 4384
27852 12 8 4430
27854 12 7 4633
27856 12 8 4718
27858 12 8 4782
27860 12 8 4886
27862 12 7 4105
27864 12 4 4440
27866 12 4 4432
27868 12 7 4661
27870 12 7 4697
27872 12 11 5015
27878 12 7 4749
27882 12 7 4509
27884 12 4 4788
27886 12 11 4975
27896 12 4 4444
27906 12 11 4883
27908 12 8 4262
27910 12 8 4138
27912 12 7 4713
27914 12 11 4735
27918 12 7 4709
27934 12 11 4603
27940 12 4 5012
27942 12 7 5013
27946 12 7 4145
27948 12 4 4180
27950 12 8 4526
27952 12 8 4210
27954 12 11 4483
27956 12 4 4876
27958 12 4 4916
27962 12 11 4943
27964 12 4 4944
27966 12 11 4119
27968 12 7 4205
27972 12 7 4185
27974 12 8 4186
27978 12 7 4973
27980 12 8 4314
27982 12 7 4681
27984 12 8 5054
27986 12 7 4285
27990 12 7 4949
27992 12 8 4966
27994 12 8 4198
28000 12 4 4560
28002 12 7 4209
28004 12 4 4772
28006 12 11 4627
28012 12 11 4275
28016 12 8 4174
28020 12 8 4670
28022 12 11 4199
28028 12 4 4652
28034 12 11 4923
28040 12 8 4950
28042 12 11 4955
28046 12 4 4980
28052 12 11 5063
28054 12 7 5089
28056 12 8 4318
28058 12 4 4372
28060 12 4 4128
28066 12 11 4767
28068 12 11 4763
28070 12 11 4231
28072 12 11 4323
28074 12 8 4618
28080 12 4 4460
28084 12 4 4164
28086 12 7 4377
28088 12 7 4413
28090 12 4 4532
28092 12 7 4557
28096 12 7 4717
28098 12 7 4837
28100 12 11 4851
28104 12 8 5106
28110 12 4 4280
28112 12 8 4742
28114 12 11 4811
28116 12 11 4847
28122 12 4 4796
28124 12 11 4399
28126 12 4 4868
28130 12 11 4571
28132 12 4 4528
28136 12 8 4598
28140 12 8 4298
28142 12 11 4671
28144 12 11 4915
28148 12 11 4575
28152 12 11 4867
28154 12 11 4303
28158 12 11 4931
28164 12 8 4566
28170 12 11 4439
28172 12 7 4473
28180 12 11 4639
28182 12 8 4662
28186 12 8 4738
28194 12 7 4673
28198 12 11 5031
28202 12 11 4547
28204 12 4 4824
28208 12 11 4375
28210 12 11 4687
28212 12 8 4906
28214 12 8 4102
28226 12 4 5000
28230 12 4 4308
28232 12 11 4443
28240 12 4 4692
28244 12 4 4216
28250 12 4 4828
28256 12 4 4108
28258 12 4 4228
28260 12 7 4417
28262 12 8 4438
28264 12 7 4545
28266 12 11 4719
28268 12 7 4729
28272 12 8 4842
28274 12 8 4170
28276 12 11 4211
28278 12 7 4245
28280 12 4 4728
28284 12 11 5011
28286 12 11 5087
28294 12 4 4188
28302 12 11 4695
28304 12 8 4158
28306 12 11 4319
28310 12 8 4190
28312 12 8 4322
28314 12 8 4330
28324 12 4 4960
28328 12 7 4993
28332 12 7 5069
28334 12 11 4099
28336 12 11 4431
28342 12 4 4296
28350 12 4 4956
28354 12 7 4301
28372 12 11 4991
28374 12 11 4311
28392 12 4 4860
28398 12 4 4724
28406 12 11 4507
28408 12 8 4638
28412 12 11 4307
28414 12 4 4332
28418 12 7 4901
28426 12 7 4481
28428 12 11 4667
28430 12 8 4498
28438 12 8 4650
28440 12 11 4895
28444 12 11 5059
28446 12 4 4256
28448 12 8 4358
28452 12 8 5098
28454 12 7 4161
28456 12 4 4336
28468 12 4 5004
28472 12 11 4267
28482 12 7 4629
28494 12 4 5116
28508 12 11 4207
28516 12 7 4529
28518 12 11 4971
28526 12 4 4368
28528 12 7 4737
28530 12 11 4747
28532 12 8 4222
28534 12 8 4326
28538 12 8 4750
28544 12 7 4577
28546 12 11 4699
28552 12 8 4270
28554 12 7 4573
28556 12 11 5039
28570 12 8 5018
28572 12 7 4229
28598 12 11 4435
28614 12 4 4784
28616 12 7 4817
28618 12 11 4795
28620 12 8 4962
28622 12 11 5007
28624 12 7 4445
28630 12 11 4679
28636 12 4 4452
28652 12 7 4489
28654 12 4 4612
28656 12 11 4755
28662 12 4 4484
28674 12 4 4496
28676 12 4 4512
28684 12 8 5118
28686 12 7 4541
28692 12 7 4113
28694 12 4 4136
28696 12 7 4701
28702 12 8 4106
28716 12 4 4712
28720 12 7 5073
28722 12 8 4814
28746 12 7 4173
28748 12 11 4587
28750 12 7 4753
28764 12 7 4189
28768 12 7 4889
28770 12 4 4120
28774 12 4 4100
28780 12 11 4219
28782 12 7 4225
28784 12 11 4227
28786 12 4 4244
28788 12 7 4329
28800 12 7 4465
28804 12 8 4878
28834 12 11 4707
28840 12 11 4471
28842 12 8 4574
28866 12 7 4309
28872 12 4 4488
28884 12 7 4281
28892 12 4 4240
28896 12 11 4139
28898 12 8 4150
28902 12 4 4364
28906 12 8 4978
28908 12 4 4492
28912 12 4 4248
28916 12 4 4664
28918 12 7 4765
28932 12 4 4964
28934 12 4 4144
28938 12 8 4626
28940 12 4 4316
28948 12 8 4810
28952 12 8 4406
28972 12 4 4320
28974 12 8 4754
28976 12 7 5097
28980 12 4 4568
28982 12 8 4130
28990 12 8 4862
29012 12 7 5033
29022 12 4 4468
29024 12 11 4879
29026 12 4 4464
29030 12 7 4193
29032 12 11 4863
29034 12 7 4941
29036 12 4 4324
29038 12 7 4237
29042 12 11 4783
29054 12 4 4608
29066 12 11 4875
29074 12 7 4665
29076 12 8 4766
29082 12 4 4292
29086 12 11 4363
29100 12 8 4414
29102 12 7 4677
29106 12 8 4806
29110 12 7 4589
29118 12 11 4159
29120 12 8 4622
29124 12 11 5119
29126 12 8 4142
29128 12 8 4334
29138 12 11 4831
29140 12 7 4585
29148 12 7 4357
29156 12 11 4467
29162 12 7 4253
29164 12 7 4501
29178 12 7 4909
29186 12 8 4490
29188 12 7 4197
29196 12 11 5083
29216 12 4 4580
29220 12 7 4365
29222 12 7 4985
29224 12 7 4141
29236 12 4 4552
29254 12 7 5053
29256 12 8 4798
29260 12 7 4313
29262 12 7 4769
29266 12 11 4907
29268 12 7 4477
29270 12 8 4238
29274 12 11 4475
29288 12 4 4404
29294 12 11 4595
29296 12 8 4126
29316 12 7 4269
29322 12 7 4749
29324 12 8 4990
29336 12 11 4491
29338 12 4 5060
29348 12 7 5085
29372 12 8 4494
29374 12 8 4670
29388 12 8 4522
29390 12 8 4254
29392 12 11 5091
29400 12 4 4252
29404 12 8 4506
29408 12 11 4163
29410 12 4 5020
29412 12 8 5078
29416 12 8 4114
29420 12 7 4157
29422 12 8 4310
29430 12 7 4401
29436 12 4 4672
29440 12 11 4675
29442 12 8 4694
29446 12 8 4266
29448 12 7 4685
29456 12 4 4780
29466 12 11 4555
29472 12 11 4599
29494 12 4 4812
29504 12 11 4263
29506 12 8 4874
29510 12 7 4125
29524 12 8 4702
29536 12 11 4607
29586 12 11 4899
29588 12 7 4385
29590 12 7 4289
29604 12 11 4151
29606 12 7 4349
29620 12 8 4166
29632 12 8 4618
29642 12 7 4701
29644 12 11 4339
29646 12 8 4434
29652 12 11 4931
29662 12 11 4299
29666 12 4 5100
29684 12 4 4164
29692 12 7 4557
29714 12 4 5008
29724 12 7 4169
29734 12 8 4998
29742 12 8 4886
29744 12 7 4437
29746 12 4 4992
29750 12 7 4265
29754 12 8 4942
29758 12 11 4543
29776 12 4 4200
29808 12 7 4421
29820 12 11 4691
29822 12 4 4192
29836 12 11 4343
29850 12 7 4657
29852 12 8 4514
29916 12 11 4927
29924 12 11 4787
29932 12 7 4925
29940 12 7 4457
29942 12 7 4381
29964 12 7 4721
29968 12 8 5046
29974 12 11 4251
29988 12 11 4223
29990 12 8 4346
29992 12 8 4354
29994 12 4 4732
30002 12 4 4516
30032 12 7 4153
30036 12 4 4840
30040 12 7 4989
30044 12 11 5131
30046 12 4 5132
30048 12 4 6088
30050 12 11 5839
30052 12 11 5351
30054 12 8 5890
30056 12 7 6001
30058 12 11 6003
30060 12 8 6126
30062 12 7 5305
30064 12 11 5639
30066 12 11 6131
30068 12 8 5450
30070 12 8 5522
30072 12 4 5556
30074 12 8 5590
30076 12 7 5613
30078 12 11 6007
30080 12 7 5261
30082 12 4 5292
30084 12 8 5390
30086 12 8 5422
30088 12 8 5962
30090 12 11 5995
30092 12 7 6057
30094 12 8 6062
30096 12 11 5279
30098 12 8 5198
30100 12 11 5423
30102 12 11 5891
30104 12 7 5233
30106 12 4 5332
30108 12 4 5544
30110 12 11 6127
30112 12 4 6128
30116 12 4 5576
30118 12 8 5934
30120 12 11 5239
30122 12 7 5517
30126 12 7 5785
30128 12 11 5215
30130 12 11 5519
30132 12 4 6028
30134 12 8 6038
30138 12 8 5362
30140 12 8 5530
30142 12 4 5164
30144 12 7 5729
30146 12 7 5121
30148 12 8 5574
30154 12 7 6117
30156 12 8 6098
30158 12 8 5186
30160 12 11 5227
30164 12 7 5317
30166 12 8 5470
30168 12 7 5533
30170 12 4 5604
30172 12 4 5756
30174 12 4 5472
30180 12 4 5168
30182 12 8 5318
30184 12 11 5747
30186 12 8 6118
30188 12 8 5274
30196 12 8 5286
30200 12 11 5307
30204 12 4 6044
30206 12 8 5354
30208 12 8 5642
30210 12 11 5859
30214 12 7 5309
30216 12 11 5151
30218 12 8 5414
30220 12 7 5185
30222 12 8 6006
30224 12 11 5815
30226 12 7 6097
30228 12 8 5454
30230 12 7 5137
30232 12 7 5177
30236 12 8 5270
30240 12 7 5917
30242 12 4 5992
30244 12 7 5217
30246 12 11 5303
30248 12 7 5425
30252 12 7 5889
30256 12 4 5936
30258 12 7 5173
30260 12 7 5633
30264 12 8 5242
30268 12 4 5632
30270 12 4 5732
30272 12 4 5968
30274 12 7 6073
30278 12 4 5896
30280 12 4 6124
30282 12 4 5792
30286 12 7 5841
30290 12 7 5405
30292 12 8 5262
30294 12 7 5705
30296 12 11 5755
30298 12 8 5774
30300 12 4 5668
30302 12 8 5838
30304 12 4 6140
30308 12 7 5369
30316 12 8 5786
30320 12 4 6020
30322 12 7 5353
30328 12 11 5791
30334 12 4 5384
30336 12 7 5529
30338 12 8 6050
30344 12 7 5689
30346 12 8 6070
30348 12 8 6138
30352 12 7 5909
30358 12 7 5285
30364 12 11 6031
30366 12 8 5562
30368 12 11 5699
30370 12 8 6054
30372 12 7 6069
30378 12 8 5882
30380 12 4 5916
30382 12 11 5991
30386 12 7 6129
30388 12 4 6036
30396 12 8 6018
30402 12 11 5187
30404 12 8 5542
30406 12 4 5572
30408 12 7 5677
30412 12 11 5127
30414 12 11 5527
30416 12 8 5746
30422 12 11 6035
30424 12 4 6084
30426 12 4 6136
30428 12 7 5125
30430 12 8 5346
30436 12 7 5509
30438 12 11 5663
30440 12 7 5781
30442 12 7 5853
30446 12 7 5993
30452 12 8 6090
30456 12 11 5371
30458 12 4 5700
30462 12 7 5773
30464 12 11 5719
30470 12 8 5410
30488 12 11 5711
30490 12 4 5672
30498 12 11 6095
30500 12 7 6101
30508 12 8 5130
30510 12 11 5311
30520 12 8 5502
30522 12 7 5965
30526 12 11 5251
30528 12 7 5685
30532 12 8 5978
30536 12 8 5818
30542 12 11 5599
30544 12 8 5918
30546 12 8 5950
30548 12 11 5383
30550 12 4 5564
30554 12 7 5413
30556 12 7 5449
30566 12 7 5769
30572 12 8 5794
30574 12 8 5922
30582 12 8 5862
30600 12 7 5565
30602 12 8 5254
30604 12 8 5246
30606 12 8 5406
30608 12 4 5772
30610 12 8 6010
30626 12 4 5828
30628 12 4 5352
30630 12 11 5559
30632 12 11 5603
30640 12 11 5427
30642 12 7 5157
30646 12 11 5659
30652 12 11 5867
30654 12 7 5757
30658 12 8 5726
30662 12 11 5887
30664 12 11 5355
30666 12 8 5238
30668 12 7 6053
30670 12 7 5969
30674 12 8 5958
30676 12 7 5697
30678 12 11 5735
30680 12 4 5492
30684 12 8 5910
30694 12 4 5396
30696 12 7 5573
30698 12 7 5237
30704 12 8 5314
30706 12 4 5344
30716 12 8 5446
30720 12 8 5538
30722 12 8 5582
30724 12 11 5655
30732 12 7 6105
30740 12 7 5717
30742 12 4 5200
30744 12 8 5734
30746 12 7 5421
30748 12 8 5330
30750 12 11 5359
30752 12 4 5624
30754 12 8 5722
30756 12 4 5776
30758 12 7 5945
30774 12 4 5444
30786 12 7 5361
30788 12 8 5322
30790 12 7 5497
30792 12 7 5673
30800 12 7 6045
30806 12 4 5280
30810 12 8 5822
30812 12 7 5857
30814 12 8 5938
30818 12 4 5600
30824 12 7 5389
30826 12 11 5463
30828 12 4 5476
30836 12 11 6039
30838 12 11 5135
30840 12 7 5149
30848 12 8 5742
30852 12 8 5998
30858 12 11 5507
30860 12 11 5575
30862 12 8 5586
30864 12 11 5683
30868 12 4 5864
30870 12 4 5956
30876 12 4 5156
30878 12 11 5775
30880 12 11 5915
30882 12 11 6011
30884 12 11 5547
30894 12 7 6005
30896 12 4 5736
30898 12 4 5928
30900 12 11 5143
30924 12 7 5837
30930 12 4 6064
30934 12 7 5737
30936 12 11 6107
30938 12 4 5836
30940 12 11 6023
30942 12 4 6024
30956 12 4 6120
30960 12 8 5306
30962 12 7 5709
30968 12 11 5623
30970 12 8 5942
30974 12 4 5980
30978 12 11 5835
30982 12 4 5960
30990 12 4 5368
30994 12 4 5640
30998 12 8 5842
31000 12 11 5923
31002 12 8 5878
31004 12 8 5662
31012 12 8 5142
31014 12 11 5275
31016 12 4 5448
31020 12 7 5885
31022 12 7 5981
31024 12 7 6137
31034 12 4 5496
31036 12 8 5598
31038 12 4 5988
31040 12 4 6096
31048 12 4 6116
31056 12 11 5703
31060 12 7 5745
31062 12 11 6027
31080 12 4 5196
31082 12 11 5855
31092 12 11 5339
31094 12 7 5341
31096 12 8 5158
31108 12 4 5824
31110 12 11 5167
31114 12 4 5412
31120 12 7 5461
31122 12 8 5886
31128 12 7 5193
31162 12 4 5860
31166 12 4 5876
31168 12 11 5691
31170 12 4 5724
31176 12 4 5676
31192 12 7 5761
31200 12 7 5957
31202 12 11 5447
31204 12 7 5381
31206 12 4 5464
31218 12 8 5810
31222 12 8 5666
31236 12 11 5523
31254 12 7 5397
31272 12 8 6014
31290 12 11 5723
31292 12 8 5770
31302 12 4 5228
31306 12 4 5704
31310 12 8 5634
31312 12 11 5259
31322 12 8 5378
31352 12 8 5994
31374 12 8 5830
31382 12 7 5489
31396 12 4 5748
31398 12 7 5801
31404 12 8 5858
31406 12 8 5982
31410 12 11 5635
31412 12 4 5944
31414 12 11 5807
31422 12 8 5622
31428 12 8 5230
31434 12 11 5323
31450 12 8 5970
31458 12 4 5252
31460 12 4 5892
31462 12 4 6092
31464 12 4 5136
31472 12 8 5150
31474 12 7 5725
31476 12 11 5543
31482 12 4 5972
31484 12 11 5531
31490 12 11 5495
31494 12 4 5540
31496 12 7 5577
31506 12 4 5900
31518 12 7 5609
31522 12 8 6110
31530 12 11 5363
31532 12 8 5398
31546 12 7 5321
31554 12 7 5657
31560 12 7 5721
31586 12 7 5901
31594 12 7 5481
31596 12 7 5953
31606 12 8 5470
31610 12 7 5533
31612 12 8 5630
31624 12 11 5175
31626 12 11 6043
31628 12 8 6134
31640 12 7 5881
31648 12 7 5301
31650 12 8 5218
31652 12 4 5660
31656 12 11 5727
31658 12 8 5430
31660 12 4 5680
31666 12 7 5921
31678 12 11 5627
31680 12 8 5846
31692 12 4 5244
31694 12 11 6047
31702 12 7 5525
31704 12 7 5545
31706 12 7 5557
31708 12 8 5618
31710 12 4 5692
31712 12 11 5955
31716 12 11 5687
31718 12 4 5468
31720 12 4 5764
31722 12 4 6108
31724 12 8 6074
31730 12 4 5348
31732 12 11 5375
31734 12 11 5395
31738 12 11 5491
31740 12 8 5714
31744 12 4 5356
31746 12 4 5176
31748 12 4 5184
31750 12 11 5707
31766 12 8 5974
31768 12 11 5975
31786 12 4 5460
31788 12 7 5505
31790 12 11 6051
31810 12 7 5181
31812 12 8 5550
31832 12 4 5884
31840 12 7 5501
31846 12 11 5287
31848 12 8 5374
31850 12 11 5283
31864 12 11 5607
31874 12 11 5823
31876 12 4 5160
31880 12 8 5758
31884 12 4 5604
31888 12 11 5591
31898 12 11 5863
31912 12 8 5814
31914 12 8 5210
31916 12 7 5925
31920 12 4 5780
31922 12 7 5809
31924 12 8 5986
31932 12 4 5580
31934 12 11 5875
31936 12 7 6085
31946 12 4 5188
31974 12 4 5192
31976 12 11 5255
31982 12 11 5763
31988 12 11 6007
31990 12 4 5384
32012 12 11 6083
32018 12 11 5571
32020 12 4 5924
32062 12 4 5904
32066 12 11 5291
32068 12 4 5812
32074 12 11 5743
32078 12 7 6013
32080 12 11 5403
32098 12 7 5409
32106 12 4 6016
32114 12 7 5197
32140 12 7 5281
32142 12 7 5537
32144 12 11 5163
32146 12 11 5671
32150 12 8 5806
32154 12 4 6088
32172 12 4 5896
32180 12 4 5376
32188 12 11 6063
32192 12 11 5507
32206 12 7 6121
32210 12 8 5790
32216 12 7 5973
32240 12 4 5952
32242 12 11 5219
32244 12 11 5731
32248 12 7 5553
32250 12 8 5650
32252 12 7 5861
32258 12 4 5552
32274 12 4 5912
32288 12 11 5903
32304 12 11 5415
32308 12 4 5788
32312 12 4 5140
32316 12 11 5487
32324 12 8 5870
32328 12 8 5570
32330 12 8 5614
32338 12 4 5388
32340 12 8 6130
32366 12 7 5937
32382 12 8 5246
32386 12 4 5416
32388 12 4 5480
32434 12 11 5251
32442 12 4 5476
32446 12 4 5352
32448 12 8 5170
32458 12 11 5443
32460 12 4 6056
32468 12 8 5466
32502 12 7 5465
32504 12 8 5122
32506 12 11 5827
32508 12 4 5212
32518 12 7 5753
32520 12 4 5864
32552 12 11 5999
32584 12 7 5993
32596 12 7 5669
32598 12 11 5779
32602 12 8 5654
32624 12 7 5213
32626 12 11 5715
32632 12 11 5247
32638 12 7 5153
32690 12 8 5594
32694 12 7 5689
32696 12 8 6070
32698 12 4 5160
32728 12 4 6120
32732 12 4 6020
32738 12 8 5134
32746 12 7 5821
32748 12 11 6135
32782 12 7 6033
32784 12 11 5123
32846 12 4 6024
32854 12 7 5201
32872 12 11 5815
32880 12 4 5672
32886 12 7 5601
32894 12 7 7393
32896 12 8 7414
32898 12 4 7676
32900 12 4 7692
32902 12 8 7702
32904 12 8 7266
32906 12 8 7290
32908 12 4 7468
32910 12 7 7629
32912 12 11 7747
32914 12 11 7751
32916 12 11 7235
32918 12 8 7294
32920 12 7 7497
32922 12 11 7607
32924 12 8 8162
32926 12 11 7247
32928 12 11 7499
32930 12 8 7526
32932 12 4 7748
32934 12 4 8140
32936 12 7 7669
32938 12 7 8033
32940 12 4 7648
32942 12 8 7830
32944 12 7 7977
32946 12 4 7992
32948 12 4 7312
32950 12 11 7807
32952 12 8 7170
32954 12 8 7182
32956 12 11 7203
32958 12 11 7227
32960 12 4 7260
32962 12 11 7603
32964 12 7 7649
32966 12 8 7782
32968 12 4 7792
32970 12 7 7869
32972 12 11 7935
32974 12 8 8006
32976 12 4 8036
32978 12 11 8051
32980 12 4 8124
32982 12 8 8170
32984 12 7 8177
32986 12 11 7551
32988 12 11 7591
32990 12 11 8067
32992 12 4 7636
32994 12 4 7372
32996 12 8 7482
32998 12 7 8113
33000 12 11 8035
33002 12 11 8083
33004 12 11 7711
33006 12 8 7710
33010 12 11 7463
33012 12 11 7483
33014 12 7 7525
33016 12 11 7627
33024 12 8 7826
33026 12 7 7897
33028 12 4 7944
33030 12 8 7986
33032 12 7 7989
33034 12 8 8070
33036 12 8 8146
33040 12 8 7198
33042 12 11 7731
33044 12 11 7411
33046 12 7 7645
33048 12 8 7742
33050 12 11 7963
33052 12 4 7232
33060 12 7 7277
33062 12 8 7450
33064 12 7 7741
33066 12 4 8104
33068 12 8 7642
33070 12 7 7173
33072 12 4 7472
33074 12 11 7875
33084 12 8 7282
33086 12 8 7766
33088 12 7 7925
33090 12 8 8034
33092 12 4 7596
33094 12 11 7815
33096 12 4 7556
33100 12 4 7880
33102 12 7 7193
33104 12 11 7395
33106 12 8 7442
33108 12 8 7586
33112 12 11 7595
33114 12 11 8187
33116 12 11 7663
33120 12 11 7319
33122 12 7 7353
33124 12 8 7386
33126 12 8 7426
33128 12 8 7438
33132 12 4 7496
33134 12 11 7927
33136 12 11 8183
33140 12 11 7879
33142 12 7 7881
33150 12 7 7221
33156 12 11 7495
33164 12 11 7743
33166 12 11 7755
33176 12 11 7939
33178 12 11 7943
33192 12 11 7211
33194 12 4 7780
33196 12 11 7763
33200 12 8 8046
33202 12 7 7665
33204 12 4 7912
33206 12 11 8047
33208 12 4 7412
33210 12 7 7341
33212 12 4 7216
33220 12 8 7878
33222 12 7 8093
33224 12 4 7196
33228 12 11 7215
33230 12 11 7255
33232 12 4 7264
33234 12 11 7279
33238 12 4 7404
33240 12 4 7452
33242 12 8 7466
33246 12 4 7524
33248 12 4 7760
33252 12 7 7953
33254 12 7 7957
33256 12 8 7978
33258 12 4 8004
33260 12 4 8072
33262 12 11 8087
33264 12 4 8136
33266 12 11 8139
33268 12 8 7494
33270 12 8 8178
33272 12 11 7183
33274 12 11 7283
33276 12 7 7369
33278 12 7 7533
33280 12 7 7681
33282 12 4 7728
33284 12 11 7799
33286 12 4 7356
33290 12 8 7802
33292 12 4 7816
33294 12 7 7837
33300 12 4 7352
33302 12 4 7384
33304 12 11 7399
33308 12 8 7458
33314 12 4 7612
33316 12 4 7836
33320 12 4 8088
33322 12 7 8137
33326 12 4 8148
33328 12 7 7181
33330 12 7 7205
33332 12 8 7242
33334 12 7 7813
33336 12 11 8031
33338 12 7 7269
33340 12 7 7573
33342 12 11 7619
33344 12 4 7672
33346 12 7 8065
33348 12 11 7303
33352 12 4 8076
33356 12 7 7189
33364 12 7 7329
33366 12 11 7339
33368 12 4 7364
33370 12 4 7376
33374 12 4 7500
33378 12 8 7558
33380 12 11 7679
33382 12 11 7835
33390 12 8 7990
33392 12 7 7993
33398 12 4 7632
33402 12 11 7259
33404 12 8 7754
33406 12 7 7785
33408 12 11 7647
33410 12 8 7970
33414 12 11 7587
33418 12 8 7814
33420 12 4 7936
33422 12 8 8026
33424 12 7 8081
33426 12 7 8141
33428 12 11 8179
33430 12 8 8190
33436 12 8 7190
33438 12 8 7926
33440 12 8 7842
33442 12 7 7637
33450 12 11 7443
33452 12 8 7654
33454 12 7 7361
33456 12 11 7511
33464 12 4 7920
33502 12 11 7559
33506 12 8 7638
33510 12 4 7956
33512 12 7 8057
33524 12 4 7228
33526 12 11 7431
33528 12 4 7480
33530 12 7 7501
33532 12 4 7868
33534 12 11 7911
33536 12 11 7931
33538 12 11 8015
33542 12 8 7326
33544 12 8 7306
33548 12 7 7373
33550 12 7 7905
33554 12 4 7520
33556 12 8 8150
33562 12 11 7919
33564 12 4 7972
33566 12 11 7983
33568 12 4 8032
33604 12 8 7726
33616 12 7 7333
33636 12 11 7583
33656 12 8 7274
33658 12 8 7342
33660 12 7 7405
33662 12 11 7451
33664 12 7 8145
33726 12 7 7917
33738 12 4 8084
33742 12 11 7191
33744 12 4 7388
33746 12 8 7834
33748 12 4 8008
33750 12 8 7510
33754 12 7 7225
33756 12 8 7406
33760 12 4 7544
33764 12 11 7651
33766 12 8 7670
33770 12 11 7471
33772 12 4 7828
33774 12 8 8138
33784 12 8 7930
33794 12 4 7428
33796 12 11 7667
33798 12 8 7446
33804 12 8 7622
33812 12 4 7628
33814 12 4 7716
33822 12 8 7350
33824 12 8 7774
33826 12 11 7843
33834 12 11 7707
33840 12 7 8037
33858 12 7 8005
33862 12 11 7343
33868 12 11 7455
33878 12 7 8105
33888 12 8 7234
33890 12 11 7291
33908 12 11 7367
33940 12 11 7387
33944 12 11 7567
33950 12 7 7169
33952 12 7 7297
33954 12 8 7538
33992 12 7 7673
33994 12 7 7749
34002 12 8 8174
34006 12 7 7481
34014 12 11 7579
34016 12 11 8115
34018 12 4 7184
34020 12 7 7625
34022 12 8 7334
34024 12 11 7371
34026 12 7 8029
34028 12 4 7380
34030 12 8 7918
34034 12 11 8175
34036 12 4 8180
34038 12 11 8055
34040 12 8 7914
34042 12 8 8126
34050 12 8 7530
34066 12 8 8038
34072 12 11 7403
34082 12 11 8107
34084 12 7 7641
34086 12 7 8161
34094 12 4 7744
34098 12 7 7293
34102 12 7 7781
34104 12 11 7459
34106 12 11 8071
34108 12 8 7174
34110 12 4 7456
34112 12 7 7321
34114 12 11 7363
34116 12 8 7614
34118 12 11 7759
34120 12 4 8096
34122 12 7 8009
34126 12 8 7418
34128 12 8 8182
34130 12 4 7928
34132 12 4 7268
34140 12 7 7541
34144 12 7 8053
34146 12 8 7966
34148 12 8 7974
34150 12 4 7572
34152 12 7 7689
34164 12 8 7870
34168 12 11 7491
34170 12 11 7715
34172 12 11 7251
34174 12 4 7484
34186 12 8 7858
34188 12 8 7890
34194 12 4 7180
34212 12 4 7512
34214 12 4 7756
34216 12 7 7841
34220 12 7 7265
34228 12 7 7753
34230 12 4 7892
34234 12 8 7954
34236 12 11 7907
34242 12 8 8018
34248 12 4 7508
34258 12 8 7934
34270 12 4 7320
34272 12 4 7444
34276 12 8 8042
34286 12 7 7493
34338 12 7 8117
34346 12 4 7324
34348 12 11 7427
34350 12 8 7634
34354 12 7 7765
34362 12 4 7724
34364 12 7 8153
34368 12 4 7984
34370 12 4 8108
34372 12 7 7213
34374 12 7 7737
34378 12 8 7522
34386 12 4 7644
34388 12 7 7893
34394 12 4 7212
34406 12 11 7663
34408 12 8 7258
34412 12 4 7252
34426 12 8 7278
34428 12 4 7976
34430 12 7 7569
34434 12 8 7310
34436 12 8 7370
34438 12 11 7555
34442 12 7 7597
34444 12 4 7732
34446 12 8 7750
34450 12 11 7231
34452 12 8 7246
34454 12 4 7660
34458 12 11 7959
34464 12 8 7374
34518 12 11 7523
34522 12 8 7646
34524 12 4 7768
34526 12 8 7810
34528 12 11 7899
34530 12 7 7425
34534 12 7 7633
34536 12 7 7661
34542 12 8 7878
34578 12 11 7479
34580 12 7 7489
34584 12 4 7256
34586 12 7 7317
34588 12 4 7796
34590 12 4 7844
34596 12 8 7494
34600 12 4 7900
34606 12 11 7659
34620 12 8 7238
34626 12 11 7519
34664 12 11 7407
34672 12 11 7587
34680 12 11 8019
34684 12 8 8074
34688 12 11 7631
34746 12 7 7461
34748 12 8 7354
34752 12 7 7185
34754 12 7 7201
34756 12 11 7287
34770 12 7 7553
34784 12 4 7740
34798 12 11 8035
34866 12 8 7398
34932 12 4 7368
34938 12 11 7771
34952 12 7 7845
34976 12 4 7772
34996 12 4 7764
35010 12 4 7244
35014 12 8 7998
35016 12 7 7273
35020 12 7 7577
35024 12 11 7847
35030 12 4 8064
35032 12 4 7392
35042 12 7 8041
35080 12 8 7814
35090 12 7 8097
35092 12 7 8185
35094 12 11 7691
35096 12 11 7859
35098 12 4 7708
35102 12 4 8016
35104 12 4 8184
35108 12 7 7309
35110 12 4 7532
35116 12 11 7611
35118 12 11 7903
35122 12 8 8050
35144 12 4 7380
35146 12 7 8121
35168 12 4 7224
35170 12 11 7999
35172 12 4 7680
35214 12 4 7348
35228 12 11 7979
35230 12 8 8058
35238 12 7 7565
35246 12 7 7289
35250 12 7 8165
35256 12 11 7223
35258 12 7 7593
35270 12 11 7547
35276 12 4 7968
35292 12 7 7525
35318 12 7 7393
35348 12 8 7778
35362 12 4 7516
35366 12 11 7395
35370 12 8 7338
35380 12 8 7434
35386 12 4 7576
35396 12 8 7738
35398 12 11 8135
35400 12 8 8066
35402 12 7 8129
35404 12 11 7207
35408 12 4 7572
35412 12 7 7865
35436 12 8 7798
35442 12 7 7473
35446 12 11 7775
35458 12 8 7626
35492 12 4 7852
35494 12 7 7377
35502 12 4 7620
35504 12 7 7693
35520 12 7 8013
35544 12 8 8162
35574 12 4 7604
35578 12 11 7795
35582 12 4 7784
35590 12 7 8109
35592 12 4 8120
35600 12 7 8085
35602 12 7 7521
35622 12 7 7945
35628 12 7 7217
35650 12 4 7804
35670 12 11 7295
35680 12 8 7718
35682 12 11 7735
35684 12 11 7263
35732 12 11 7447
35734 12 7 7713
35740 12 7 7849
35746 12 4 7504
35760 12 8 7298
35762 12 7 7761
35764 12 8 7402
35766 12 4 7888
35768 12 11 7747
35770 12 7 7397
35778 12 11 8011
35788 12 8 7178
35796 12 11 8159
35798 12 7 7673
35802 12 8 8034
35804 12 11 7855
35814 12 8 7686
35846 12 7 7369
35848 12 11 7375
35876 12 11 7487
35894 12 7 7609
35904 12 7 7793
35906 12 11 7811
35926 12 11 7991
35928 12 7 7993
35934 12 7 8057
35974 12 11 7539
35976 12 7 7585
35986 12 4 7932
36006 12 4 7176
36046 12 8 7962
36098 12 7 7701
36106 12 7 7225
36130 12 4 7300
36138 12 8 8114
36144 12 11 7767
36146 12 7 7457
36226 12 4 8020
36276 12 11 7583
36300 12 8 7794
36304 12 11 7275
36310 12 7 7929
36312 12 8 7662
36326 12 7 7381
36412 12 11 7235
36416 12 7 7265
36420 12 4 7236
36430 12 4 7328
36434 12 8 7202
36436 12 8 8122
36440 12 7 7253
36442 12 7 7797
36500 12 7 7529
36502 12 11 7823
36524 12 8 8054
36526 12 11 8063
36528 12 4 8140
36540 12 8 7886
36552 12 11 7231
36556 12 4 7540
36560 12 7 8033
36564 12 11 7791
36566 12 11 7863
36586 12 11 8155
36600 12 8 7898
36602 12 11 8175
36616 12 4 7668
36618 12 8 7490
36620 12 7 7513
36622 12 11 7187
36626 12 7 7245
36636 12 4 7292
36638 12 11 7479
36640 12 7 7189
36658 12 4 7856
36668 12 8 7230
36670 12 11 8055
36694 12 11 7603
36704 12 11 7939
36706 12 8 8006
36712 12 4 7444
36720 12 4 7180
36742 12 4 7440
36772 12 4 7872
36776 12 7 7841
36794 12 7 7289
36800 12 7 7521
36804 12 4 7336
36808 12 7 8021
36810 12 11 7439
36812 12 8 8014
36818 12 8 7174
36856 12 11 7751
36906 12 8 7522
36924 12 7 7445
36946 12 11 8007
36950 12 11 7951
36960 12 7 7809
36962 12 7 7997
36964 12 4 7408
36978 12 8 7746
36980 12 7 7757
36988 12 7 7649
37010 12 7 8097
37012 12 4 7344
37014 12 11 7435
37016 12 7 7437
37026 12 8 8062
37040 12 11 7223
37042 12 7 7477
37048 12 4 7652
37054 12 4 8176
37056 12 8 7322
37058 12 11 8039
37094 12 7 7737
37152 12 7 7393
37204 12 11 7531
37218 12 4 7920
37220 12 11 7935
37228 12 4 8124
37232 12 7 7201
37252 12 4 8008
37288 12 4 7324
37290 12 11 7427
37302 12 7 7985
37312 12 4 7216
37346 12 7 7769
37358 12 11 8211
37360 12 7 8221
37362 12 4 8772
37366 12 4 8224
37368 12 4 8192
37370 12 7 8205
37372 12 4 8204
37374 12 7 8225
37376 12 8 8194
37378 12 7 8353
37380 12 4 8220
37384 12 8 8234
37386 12 4 8284
37388 12 11 8247
37390 12 8 8254
37392 12 11 8203
37394 12 11 8195
37396 12 8 8250
37398 12 11 8239
37400 12 7 8241
37404 12 4 8256
37406 12 7 8321
37410 12 7 8337
37412 12 4 8280
37420 12 8 8270
37428 12 7 8277
37430 12 11 8287
37432 12 8 8346
37434 12 8 8358
37438 12 11 8291
37442 12 8 8366
37448 12 7 8289
37456 12 8 8342
37458 12 4 8356
37460 12 7 8357
37466 12 8 8374
37468 12 7 8377
37470 12 11 8395
37472 12 7 8333
37474 12 4 8336
37476 12 8 8242
37478 12 4 8260
37480 12 8 8290
37484 12 7 8233
37488 12 7 8217
37490 12 4 8292
37492 12 7 8293
37500 12 7 8361
37504 12 7 8313
37506 12 8 8262
37512 12 4 8428
37516 12 11 8355
37518 12 8 8390
37520 12 7 8393
37524 12 8 8442
37532 12 8 8354
37534 12 7 8385
37536 12 11 8423
37538 12 8 8202
37540 12 7 8437
37554 12 4 8392
37558 12 8 8298
37560 12 11 8483
37568 12 7 8481
37570 12 7 8513
37572 12 7 8381
37574 12 4 8512
37576 12 4 8360
37578 12 7 8213
37586 12 4 8200
37594 12 4 8524
37598 12 4 8380
37602 12 4 8492
37604 12 4 8248
37606 12 8 8274
37608 12 11 8495
37610 12 11 8615
37612 12 4 8324
37614 12 7 8349
37618 12 11 8251
37620 12 4 8252
37622 12 8 8542
37624 12 4 8364
37626 12 8 8382
37644 12 7 8449
37646 12 8 8210
37648 12 7 8329
37650 12 11 8503
37656 12 11 8547
37664 12 8 8422
37672 12 8 8230
37678 12 4 8504
37680 12 11 8511
37682 12 7 8473
37684 12 8 8478
37686 12 11 8515
37690 12 8 8362
37700 12 4 8332
37704 12 4 8352
37720 12 4 8540
37722 12 11 8631
37724 12 11 8695
37726 12 11 8711
37728 12 4 8860
37730 12 4 8908
37732 12 8 8954
37734 12 11 8487
37740 12 8 8394
37760 12 11 8271
37764 12 11 8535
37766 12 7 8569
37776 12 8 8530
37780 12 11 8539
37792 12 7 8421
37794 12 7 8457
37796 12 7 8573
37800 12 7 8577
37806 12 7 8401
37816 12 4 8468
37820 12 8 8586
37822 12 4 8604
37824 12 8 8434
37826 12 11 8307
37828 12 4 8244
37840 12 11 8623
37842 12 4 8624
37844 12 7 8465
37864 12 4 8664
37872 12 8 8618
37874 12 11 8235
37878 12 4 8680
37880 12 8 8498
37882 12 11 8219
37884 12 7 8633
37886 12 7 8369
37890 12 4 8348
37892 12 11 8691
37896 12 11 8619
37898 12 8 8690
37912 12 4 8572
37916 12 11 8467
37936 12 7 8673
37938 12 8 8546
37942 12 11 8427
37944 12 7 8545
37946 12 8 8646
37948 12 4 8384
37952 12 4 8556
37954 12 7 8585
37960 12 11 8639
37962 12 7 8685
37968 12 7 8705
37970 12 4 8544
37974 12 8 8602
37976 12 8 8674
37994 12 4 8272
37996 12 7 8285
37998 12 7 8317
38000 12 7 8653
38004 12 4 8444
38006 12 4 8440
38046 12 4 8612
38048 12 4 8652
38050 12 8 8626
38052 12 8 8750
38090 12 11 8703
38094 12 8 8746
38096 12 7 8665
38100 12 8 8642
38136 12 7 8581
38140 12 8 8702
38172 12 11 8763
38174 12 7 8769
38176 12 11 8775
38180 12 11 8435
38182 12 11 8595
38184 12 11 8591
38188 12 7 8937
38190 12 7 8617
38194 12 7 8721
38200 12 4 8520
38204 12 8 8794
38248 12 4 8792
38250 12 11 8563
38252 12 11 8227
38258 12 8 8246
38260 12 8 8282
38264 12 8 8706
38266 12 4 8748
38272 12 11 8723
38276 12 11 8295
38284 12 11 8743
38288 12 11 8735
38290 12 4 8840
38296 12 8 8450
38298 12 7 8661
38300 12 8 8714
38304 12 4 8732
38306 12 4 8856
38320 12 8 8814
38324 12 8 8406
38330 12 11 8783
38332 12 4 8436
38334 12 7 8485
38344 12 8 8310
38378 12 11 8603
38382 12 4 8768
38386 12 11 8815
38388 12 4 8832
38390 12 7 8833
38394 12 4 8400
38402 12 7 8753
38406 12 7 8809
38408 12 7 8297
38424 12 8 8486
38456 12 4 8368
38524 12 8 8790
38532 12 11 8879
38534 12 4 8884
38538 12 7 8821
38540 12 8 8894
38542 12 7 8893
38550 12 7 8885
38552 12 4 8264
38554 12 8 8722
38556 12 4 8616
38558 12 4 8500
38576 12 8 8726
38578 12 8 8878
38580 12 4 8888
38586 12 4 8592
38590 12 4 8736
38606 12 11 8799
38608 12 8 8886
38612 12 8 8550
38616 12 7 8641
38658 12 11 8863
38664 12 4 8892
38670 12 8 8438
38682 12 8 8822
38684 12 7 9093
38692 12 7 8905
38744 12 4 8944
38762 12 8 8922
38790 12 7 8929
38792 12 4 8932
38796 12 7 8813
38852 12 4 8924
38858 12 4 8936
38860 12 4 8940
38898 12 4 8820
38900 12 11 8839
38902 12 7 8861
39018 12 8 8946
39020 12 8 8534
39028 12 8 8906
39046 12 4 8816
39082 12 7 8789
39140 12 8 8974
39142 12 11 9039
39152 12 7 8973
39154 12 11 8795
39156 12 11 8911
39158 12 7 8845
39162 12 8 8782
39236 12 11 8955
39238 12 8 8958
39240 12 8 8970
39244 12 7 8533
39246 12 11 8807
39248 12 11 8931
39256 12 8 8598
39262 12 4 8828
39264 12 4 8896
39266 12 8 8942
39270 12 4 8564
39322 12 4 8496
39398 12 4 8984
39400 12 7 8613
39404 12 11 8371
39408 12 11 8951
39410 12 7 8193
39412 12 8 8334
39416 12 7 8637
39418 12 4 8656
39420 12 7 8645
39424 12 7 8997
39440 12 8 8990
39442 12 11 8215
39444 12 8 8570
39450 12 7 8713
39454 12 8 8462
39456 12 8 8818
39458 12 7 8777
39532 12 7 8589
39536 12 7 8605
39544 12 4 8972
39546 12 7 9045
39548 12 11 8923
39640 12 11 8843
39720 12 7 8993
39722 12 8 8998
39724 12 7 9005
39726 12 11 8471
39734 12 7 8977
39736 12 8 9042
39742 12 4 8872
39744 12 11 8447
39746 12 8 9002
39748 12 4 9060
39818 12 11 9035
39822 12 4 9048
39824 12 11 9051
39828 12 4 9028
39830 12 7 9049
39832 12 4 8804
39836 12 11 8379
39840 12 7 8345
39862 12 8 8938
39878 12 8 8854
39926 12 8 8670
39928 12 8 9062
39936 12 4 8532
39942 12 7 8921
39944 12 11 8943
39962 12 8 8910
39976 12 8 8582
39982 12 4 9104
39994 12 11 8887
39996 12 7 8621
40010 12 7 8425
40014 12 11 8643
40016 12 11 8963
40022 12 7 9097
40032 12 4 8608
40034 12 8 8718
40040 12 8 8306
40044 12 7 8373
40056 12 4 9080
40058 12 11 8531
40060 12 8 8742
40070 12 11 9107
40078 12 7 8785
40080 12 8 9106
40082 12 11 8835
40084 12 8 8370
40088 12 11 8579
40098 12 11 9023
40100 12 8 8982
40102 12 11 8803
40104 12 4 9164
40106 12 7 9185
40108 12 11 8459
40112 12 8 8322
40118 12 7 9157
40126 12 4 8216
40128 12 7 8385
40144 12 8 9086
40154 12 11 8975
40156 12 8 9126
40158 12 8 9198
40204 12 8 9050
40208 12 11 9063
40210 12 7 9089
40212 12 8 8218
40218 12 8 8326
40224 12 11 8907
40230 12 8 8614
40244 12 7 9029
40256 12 7 8757
40260 12 8 8422
40280 12 4 8968
40286 12 11 8983
40326 12 8 8494
40328 12 4 8372
40352 12 7 8609
40426 12 8 9178
40428 12 11 9191
40430 12 7 9177
40440 12 4 9108
40442 12 11 8383
40446 12 7 9209
40448 12 7 8269
40450 12 7 9053
40452 12 4 9204
40454 12 4 8956
40460 12 7 9181
40462 12 4 8916
40464 12 4 27648
40466 12 8 27726
40468 12 11 27739
40470 12 11 27763
40472 12 8 27682
40474 12 11 27735
40476 12 7 27765
40478 12 7 27725
40480 12 7 27749
40482 12 7 27681
40484 12 11 27755
40490 12 7 27685
40494 12 11 27751
40498 12 11 27747
40502 12 7 27709
40504 12 7 27693
40506 12 4 27656
40510 12 11 27695
40516 12 4 27672
40522 12 4 27664
40530 12 11 27731
40536 12 7 27689
40556 12 8 27714
40560 12 11 27723
40562 12 7 27673
40568 12 7 27657
40570 12 8 27730
40572 12 8 27750
40580 12 7 27653
40582 12 7 27649
40586 12 11 27691
40588 12 11 27759
40590 12 4 27708
40592 12 11 27687
40594 12 4 27732
40600 12 4 27744
40604 12 8 27706
40608 12 7 9233
40610 12 8 9422
40612 12 7 23285
40614 12 7 18329
40616 12 11 17555
40618 12 8 17694
40620 12 7 17949
40622 12 7 17745
40624 12 4 17872
40626 12 7 17625
40628 12 4 17696
40630 12 4 17592
40632 12 4 17976
40634 12 7 18361
40636 12 8 17578
40638 12 8 17778
40640 12 11 17811
40642 12 8 17770
40644 12 8 17814
40646 12 4 17928
40648 12 7 18125
40650 12 7 18141
40658 12 7 17813
40660 12 7 17941
40662 12 7 17965
40664 12 7 17761
40666 12 8 17726
40668 12 4 17484
40670 12 8 17466
40672 12 4 17544
40674 12 7 17569
40676 12 11 17659
40678 12 11 17675
40680 12 11 17779
40682 12 7 17921
40686 12 8 17974
40688 12 7 17577
40690 12 11 17591
40692 12 8 17754
40694 12 11 17755
40696 12 4 17768
40698 12 7 17797
40700 12 11 17879
40702 12 11 18047
40704 12 11 18299
40706 12 8 17638
40708 12 11 17847
40710 12 11 17855
40712 12 4 18204
40714 12 4 18268
40716 12 11 18427
40722 12 11 17927
40724 12 8 17550
40726 12 7 18077
40728 12 11 18219
40730 12 11 18267
40732 12 7 18317
40734 12 7 18285
40736 12 7 18413
40738 12 7 18089
40740 12 11 17575
40742 12 7 17505
40750 12 8 17626
40766 12 7 18049
40768 12 4 18060
40770 12 4 18096
40772 12 11 18155
40774 12 8 18162
40776 12 7 18185
40780 12 11 18283
40782 12 7 18333
40784 12 11 18347
40786 12 4 17416
40788 12 4 17516
40792 12 4 17804
40794 12 7 18057
40796 12 8 17530
40800 12 4 17788
40810 12 11 18287
40812 12 11 17559
40814 12 11 17775
40816 12 11 17823
40818 12 4 17888
40820 12 4 17892
40822 12 8 18170
40824 12 11 17611
40826 12 7 18241
40828 12 4 18244
40832 12 4 17852
40834 12 8 17618
40836 12 8 17670
40838 12 8 17830
40840 12 11 17503
40844 12 8 17954
40850 12 11 18159
40852 12 11 17955
40860 12 8 17590
40864 12 7 18037
40882 12 8 18046
40896 12 8 17938
40900 12 7 18269
40904 12 8 18430
40906 12 4 17452
40908 12 8 18098
40910 12 7 17449
40912 12 8 17454
40914 12 8 17682
40916 12 7 17697
40918 12 7 17713
40920 12 8 18018
40922 12 7 18153
40924 12 4 17596
40928 12 4 17644
40932 12 7 17701
40934 12 11 17731
40938 12 4 17836
40944 12 7 18349
40962 12 7 18069
40968 12 7 17829
40972 12 11 17635
40976 12 4 18112
40978 12 4 17600
40984 12 8 18410
40986 12 8 17958
40988 12 7 18213
40990 12 4 17444
40992 12 11 17455
40994 12 8 18250
40996 12 8 18294
41014 12 8 17746
41020 12 4 18088
41022 12 8 17782
41026 12 4 17868
41028 12 7 17689
41032 12 11 18015
41036 12 8 17842
41038 12 7 17901
41042 12 4 18236
41044 12 4 18400
41046 12 11 17707
41048 12 7 18113
41050 12 4 18132
41066 12 11 17523
41068 12 11 17599
41070 12 11 17607
41072 12 7 17693
41074 12 4 17700
41076 12 4 17736
41078 12 7 17765
41084 12 7 17937
41086 12 7 17945
41088 12 11 18167
41090 12 8 18174
41092 12 11 18343
41094 12 7 18409
41102 12 7 17601
41106 12 7 18209
41108 12 4 18336
41110 12 8 17570
41112 12 7 18081
41126 12 11 18115
41150 12 4 17776
41154 12 11 17951
41160 12 11 18275
41168 12 8 18238
41172 12 7 18033
41174 12 8 18114
41198 12 4 17492
41200 12 11 18011
41206 12 8 17738
41210 12 8 17470
41226 12 7 17521
41228 12 4 17536
41230 12 11 17723
41232 12 11 17827
41234 12 11 17963
41236 12 8 18078
41238 12 7 17473
41240 12 4 18028
41242 12 8 18218
41244 12 4 18296
41248 12 11 17563
41250 12 7 17729
41252 12 4 17844
41254 12 7 18181
41256 12 8 18186
41258 12 4 18192
41260 12 7 18297
41264 12 8 18226
41266 12 4 18280
41268 12 8 18110
41274 12 11 17687
41290 12 7 18217
41302 12 4 17916
41304 12 11 18419
41306 12 7 17417
41316 12 11 18151
41324 12 8 18290
41326 12 11 18411
41356 12 7 17821
41358 12 7 17861
41360 12 7 18133
41362 12 4 18148
41372 12 8 17558
41380 12 11 18059
41382 12 4 18252
41384 12 8 17474
41386 12 8 17630
41394 12 11 17795
41406 12 8 18138
41416 12 4 17640
41424 12 7 18001
41436 12 8 17494
41522 12 8 17794
41526 12 7 17933
41530 12 8 17934
41532 12 11 18087
41552 12 4 18016
41554 12 4 18168
41562 12 7 17597
41564 12 7 18005
41586 12 4 17920
41592 12 7 17549
41604 12 11 18111
41606 12 11 18123
41608 12 4 18124
41610 12 11 18163
41612 12 8 18402
41634 12 4 17756
41642 12 8 17878
41694 12 4 17676
41696 12 11 17647
41710 12 11 18391
41716 12 7 17985
41718 12 11 18415
41722 12 7 17593
41736 12 8 17834
41742 12 11 17495
41744 12 4 17800
41746 12 11 18359
41748 12 4 18240
41766 12 7 18309
41768 12 4 18384
41796 12 11 18363
41808 12 7 17801
41810 12 4 17956
41812 12 7 17493
41814 12 4 18212
41816 12 7 18305
41844 12 7 17721
41850 12 7 17677
41874 12 8 17642
41878 12 4 17668
41892 12 8 17962
41898 12 4 18208
41900 12 11 18223
41904 12 4 18340
41912 12 7 17781
41918 12 4 17728
41922 12 4 17520
41944 12 4 18428
41948 12 4 17996
41960 12 4 17796
41966 12 11 17499
41968 12 7 17501
41970 12 11 17695
41972 12 11 17747
41974 12 8 18302
41976 12 7 18377
41978 12 8 18378
41980 12 4 17608
41996 12 11 17603
42004 12 11 18079
42008 12 11 17995
42012 12 4 18128
42030 12 8 17658
42060 12 8 18282
42082 12 4 18328
42084 12 7 18017
42116 12 4 17528
42126 12 8 17458
42128 12 8 18182
42146 12 7 18385
42148 12 11 17547
42158 12 8 17698
42198 12 7 17953
42200 12 8 17710
42216 12 7 18021
42226 12 4 17764
42228 12 8 17858
42250 12 8 17750
42252 12 7 18245
42254 12 11 17843
42256 12 8 18390
42286 12 8 17650
42298 12 8 18070
42300 12 11 18259
42306 12 11 18279
42308 12 11 17987
42310 12 11 17419
42342 12 4 17912
42348 12 4 18220
42350 12 7 18221
42354 12 8 18350
42358 12 7 18425
42384 12 4 17428
42388 12 11 17471
42390 12 4 18144
42392 12 11 18371
42394 12 7 18313
42432 12 7 18381
42434 12 11 17751
42440 12 11 17571
42446 12 8 17866
42450 12 4 18248
42452 12 4 18352
42454 12 7 18429
42456 12 7 18157
42480 12 8 18130
42492 12 7 17609
42496 12 4 17620
42524 12 4 17552
42534 12 7 17601
42540 12 4 18152
42542 12 8 18158
42544 12 7 18417
42548 12 11 17583
42550 12 7 17629
42552 12 4 18396
42554 12 8 18194
42558 12 11 18171
42582 12 8 17918
42606 12 11 18175
42608 12 11 18315
42658 12 4 17816
42688 12 11 17667
42694 12 4 18356
42698 12 8 18050
42702 12 8 18202
42708 12 4 18316
42732 12 4 18344
42740 12 11 18255
42748 12 11 17923
42760 12 11 17483
42778 12 7 17613
42786 12 11 18195
42788 12 11 17831
42790 12 11 18211
42828 12 7 17893
42864 12 11 17515
42884 12 8 17930
42888 12 7 17845
42890 12 8 17886
42898 12 11 18187
42908 12 8 17418
42910 12 8 17758
42914 12 4 18216
42918 12 8 18414
42920 12 8 18354
42984 12 4 18332
42986 12 7 18365
42998 12 4 17632
43010 12 11 18191
43016 12 11 18075
43020 12 7 17621
43026 12 4 18108
43032 12 8 17610
43034 12 11 17643
43038 12 7 17969
43044 12 8 18298
43046 12 4 18376
43074 12 7 17785
43090 12 8 17450
43092 12 7 18273
43104 12 11 17759
43112 12 4 18260
43158 12 7 17885
43174 12 8 17870
43178 12 8 18146
43182 12 7 17889
43188 12 7 17725
43220 12 7 17777
43222 12 7 18193
43224 12 4 17948
43228 12 8 17894
43230 12 7 18141
43236 12 8 17766
43242 12 11 18407
43258 12 7 17437
43260 12 8 17574
43308 12 7 17729
43314 12 8 17538
43326 12 4 18176
43330 12 7 17637
43332 12 8 18102
43334 12 8 18106
43336 12 4 17436
43404 12 11 18123
43430 12 11 17911
43436 12 4 17908
43438 12 11 18395
43470 12 4 17412
43486 12 4 17532
43500 12 11 18091
43504 12 8 18086
43506 12 11 17435
43522 12 11 18063
43552 12 8 17810
43554 12 11 17815
43556 12 7 17917
43566 12 8 18090
43616 12 8 18426
43622 12 8 18026
43630 12 7 17545
43632 12 11 17699
43638 12 7 17541
43654 12 8 17978
43658 12 7 17929
43660 12 11 18291
43672 12 8 17882
43678 12 8 18022
43680 12 7 18177
43682 12 4 18288
43698 12 7 17853
43732 12 7 17981
43742 12 11 18103
43750 12 7 17661
43798 12 11 17803
43844 12 4 18084
43846 12 4 18140
43850 12 4 17540
43858 12 4 18164
43892 12 11 18263
43894 12 4 17560
43896 12 4 18064
43912 12 4 18052
43924 12 11 18379
43940 12 8 17586
43942 12 4 17876
43964 12 4 18148
43982 12 8 17834
44034 12 4 18372
44090 12 8 18282
44160 12 7 18389
44164 12 7 17429
44166 12 7 18325
44168 12 8 17542
44170 12 8 18006
44186 12 7 18049
44202 12 8 17962
44206 12 4 18092
44236 12 4 17784
44268 12 7 17949
44362 12 11 18119
44364 12 4 18120
44376 12 8 17994
44416 12 8 17718
44424 12 4 17496
44426 12 4 17712
44444 12 8 17786
44458 12 11 17707
44466 12 4 17708
44468 12 11 18367
44492 12 4 17944
44496 12 4 18000
44530 12 11 17715
44532 12 11 17735
44536 12 4 17940
44538 12 7 18265
44542 12 4 18184
44554 12 11 17419
44570 12 11 16519
44572 12 11 16675
44574 12 11 17031
44576 12 7 17405
44578 12 7 16417
44580 12 11 17171
44582 12 8 16386
44584 12 11 16711
44586 12 11 16851
44588 12 7 16925
44590 12 7 16913
44592 12 7 16917
44594 12 8 16982
44596 12 4 16548
44598 12 8 16726
44600 12 8 16838
44602 12 4 16976
44604 12 8 17330
44606 12 4 16520
44612 12 7 17009
44614 12 7 16413
44616 12 11 16703
44618 12 11 17347
44624 12 7 17245
44626 12 4 17208
44628 12 11 17355
44630 12 8 16698
44632 12 7 16405
44634 12 7 17221
44636 12 4 16532
44638 12 8 16550
44640 12 8 16994
44642 12 8 17034
44644 12 7 17181
44646 12 11 17271
44648 12 11 17375
44650 12 7 17389
44652 12 7 16837
44654 12 7 17001
44660 12 7 16685
44662 12 11 16963
44666 12 11 16907
44668 12 8 16926
44670 12 7 17145
44672 12 4 16648
44674 12 8 16890
44676 12 8 16986
44678 12 4 16612
44684 12 11 16919
44686 12 7 16945
44688 12 11 16903
44692 12 8 16810
44694 12 11 17007
44696 12 4 16432
44698 12 4 16616
44702 12 8 16790
44704 12 7 16801
44714 12 8 17210
44716 12 7 17237
44718 12 4 17320
44722 12 11 17227
44728 12 11 16387
44736 12 4 17284
44738 12 4 16620
44740 12 4 16652
44742 12 4 17328
44744 12 8 16638
44746 12 11 17079
44748 12 4 17360
44754 12 8 16870
44758 12 7 16949
44760 12 7 17393
44762 12 7 16885
44764 12 11 17019
44766 12 7 16429
44770 12 8 17126
44772 12 11 17407
44774 12 11 17391
44780 12 11 17099
44792 12 7 17225
44794 12 7 16845
44796 12 8 16922
44798 12 8 16930
44800 12 7 17097
44802 12 8 16394
44804 12 8 16742
44806 12 11 16791
44808 12 11 17071
44816 12 4 16636
44818 12 11 17175
44820 12 8 17190
44822 12 7 17377
44824 12 4 16456
44830 12 7 17321
44840 12 11 16531
44844 12 7 17229
44846 12 8 16706
44852 12 7 17193
44854 12 7 16625
44858 12 8 17398
44864 12 4 17120
44866 12 11 16987
44870 12 4 17252
44872 12 11 16779
44874 12 11 17323
44882 12 11 17211
44886 12 7 16621
44888 12 4 16624
44890 12 11 16843
44898 12 4 17192
44900 12 4 17080
44902 12 11 17127
44912 12 11 16539
44914 12 8 16710
44918 12 7 17105
44920 12 7 17369
44922 12 4 16672
44930 12 7 17341
44936 12 7 17153
44948 12 8 17138
44952 12 4 17088
44960 12 11 16899
44968 12 7 16657
44974 12 8 17286
44978 12 8 16546
44980 12 8 16850
44982 12 7 16533
44988 12 8 17090
44990 12 8 16826
44992 12 4 16828
44994 12 11 16831
45002 12 8 17234
45008 12 11 16699
45014 12 7 16805
45016 12 8 16882
45018 12 8 16902
45020 12 7 16921
45022 12 7 16985
45024 12 4 17052
45026 12 7 17305
45028 12 7 17149
45030 12 7 16569
45032 12 8 16722
45034 12 4 16808
45038 12 7 16773
45040 12 7 16585
45048 12 4 16840
45056 12 8 17174
45060 12 8 16714
45062 12 11 16815
45064 12 4 16836
45092 12 11 16687
45100 12 8 17246
45102 12 4 17376
45104 12 4 17032
45108 12 11 16863
45122 12 7 16497
45126 12 4 17260
45128 12 7 17373
45160 12 4 17324
45162 12 11 16655
45184 12 8 17202
45188 12 4 17396
45206 12 7 16821
45210 12 8 16650
45222 12 8 17298
45234 12 7 16449
45244 12 4 16924
45258 12 11 16759
45306 12 4 17016
45310 12 8 17226
45316 12 11 17163
45318 12 7 17329
45322 12 4 16608
45328 12 11 16859
45332 12 11 16995
45334 12 8 17018
45346 12 7 16737
45348 12 7 17041
45360 12 4 16736
45362 12 4 17036
45364 12 7 17197
45366 12 7 16393
45378 12 7 16961
45404 12 7 17401
45430 12 7 16525
45432 12 8 16974
45442 12 8 16430
45444 12 8 16470
45446 12 11 16471
45452 12 4 16732
45500 12 7 16905
45528 12 11 17335
45532 12 4 16712
45548 12 7 16873
45560 12 7 17365
45562 12 11 16871
45580 12 8 16738
45590 12 8 16646
45606 12 8 17218
45610 12 8 17262
45616 12 11 17135
45670 12 11 16883
45680 12 8 17158
45690 12 4 16588
45712 12 7 16797
45722 12 4 16984
45732 12 4 16540
45734 12 8 16458
45736 12 11 17027
45762 12 11 17371
45784 12 11 17043
45786 12 7 17201
45790 12 7 16989
45798 12 8 16434
45804 12 4 17388
45806 12 4 16844
45836 12 4 16680
45846 12 4 17028
45854 12 8 16662
45860 12 4 17268
45866 12 8 17282
45876 12 4 16852
45878 12 4 17060
45884 12 7 17037
45890 12 11 17279
45894 12 11 17115
45898 12 4 17132
45900 12 8 17030
45902 12 7 16765
45904 12 8 17130
45918 12 11 16671
45920 12 8 16690
45958 12 7 17261
45968 12 11 17083
45970 12 11 17131
46040 12 4 16600
46042 12 8 17146
46044 12 11 16627
46048 12 4 17180
46050 12 11 17327
46052 12 4 16444
46064 12 4 16392
46070 12 7 16669
46088 12 8 16682
46090 12 8 17322
46096 12 7 17109
46126 12 4 16764
46128 12 8 17318
46158 12 11 16459
46168 12 7 16833
46180 12 4 17352
46182 12 4 16700
46188 12 11 17287
46190 12 4 17308
46198 12 4 16488
46258 12 4 17168
46264 12 7 16593
46266 12 8 16594
46270 12 7 16793
46272 12 4 16988
46280 12 4 16908
46290 12 8 17230
46310 12 11 16639
46338 12 4 16772
46340 12 4 17144
46342 12 11 16603
46352 12 7 16693
46362 12 7 16881
46368 12 8 16786
46394 12 8 16818
46396 12 4 17196
46404 12 7 17117
46414 12 11 16555
46466 12 4 16516
46472 12 7 17045
46474 12 7 16633
46486 12 8 17342
46502 12 8 17118
46504 12 11 17403
46516 12 11 16959
46520 12 7 16389
46522 12 11 17223
46532 12 8 17026
46588 12 11 17243
46590 12 11 16619
46592 12 7 16789
46602 12 4 16708
46606 12 11 16875
46612 12 11 17383
46614 12 8 16918
46616 12 11 17379
46640 12 7 17253
46650 12 4 16596
46652 12 11 17159
46666 12 11 16583
46684 12 7 17397
46688 12 7 16713
46690 12 8 17002
46698 12 11 16795
46700 12 11 16475
46702 12 11 16647
46710 12 7 17273
46724 12 8 16990
46738 12 7 16465
46740 12 7 16469
46742 12 11 16991
46782 12 8 17390
46816 12 8 16718
46822 12 4 17140
46830 12 11 16911
46832 12 7 16917
46834 12 11 16975
46894 12 4 17272
46900 12 7 17353
46902 12 4 17296
46948 12 8 16674
46952 12 8 16426
46970 12 7 17289
46974 12 11 16559
46976 12 4 16452
46980 12 7 16749
47018 12 11 17359
47026 12 4 17316
47034 12 11 16695
47036 12 8 16562
47062 12 4 16760
47080 12 8 16914
47082 12 4 16992
47088 12 7 16697
47100 12 11 17055
47128 12 7 17265
47138 12 4 16472
47148 12 7 17297
47168 12 4 17400
47194 12 8 17170
47204 12 7 17089
47206 12 4 16776
47208 12 11 16527
47216 12 8 16618
47242 12 7 16457
47246 12 7 16937
47248 12 4 17300
47254 12 7 16841
47262 12 11 16467
47264 12 11 16519
47276 12 4 16560
47288 12 4 17404
47308 12 7 17125
47360 12 11 17195
47366 12 11 17283
47398 12 7 16553
47408 12 4 16420
47422 12 11 17291
47530 12 7 16421
47532 12 4 16900
47534 12 4 16996
47550 12 8 16998
47604 12 4 16940
47644 12 11 16835
47646 12 11 16395
47648 12 4 16584
47674 12 4 16936
47676 12 8 17254
47708 12 4 16512
47722 12 8 17122
47724 12 11 16739
47726 12 4 16648
47732 12 8 16530
47748 12 4 16904
47764 12 7 16453
47770 12 4 16676
47774 12 8 17294
47796 12 4 16752
47802 12 11 17167
47804 12 4 16556
47862 12 7 15445
47864 12 11 15615
47866 12 4 15692
47868 12 11 15927
47870 12 7 15785
47872 12 8 15906
47874 12 4 16204
47876 12 11 16359
47878 12 11 15567
47880 12 4 15652
47882 12 7 15805
47884 12 4 15868
47886 12 8 15870
47888 12 8 15910
47890 12 4 15932
47892 12 11 15955
47894 12 11 16131
47896 12 4 16176
47898 12 11 16243
47900 12 7 16253
47902 12 8 16182
47904 12 8 15946
47906 12 4 15704
47908 12 4 16032
47910 12 7 15681
47912 12 11 15603
47914 12 4 16340
47916 12 4 15900
47918 12 11 15655
47920 12 8 16142
47922 12 7 15697
47924 12 8 15406
47926 12 11 15715
47928 12 11 15743
47930 12 4 15952
47932 12 4 15960
47934 12 11 16143
47936 12 7 16145
47938 12 7 16313
47940 12 4 15564
47942 12 4 15728
47944 12 4 15740
47948 12 4 16012
47950 12 7 16061
47952 12 8 16110
47958 12 4 16280
47960 12 4 16332
47962 12 8 16334
47966 12 7 15793
47968 12 8 15846
47970 12 7 15837
47972 12 7 15709
47974 12 11 15575
47976 12 4 15840
47978 12 11 15843
47980 12 4 15848
47986 12 11 15815
47994 12 11 15943
47996 12 4 16112
48004 12 11 16279
48010 12 4 15736
48012 12 11 15755
48014 12 7 15905
48016 12 4 15912
48018 12 7 16093
48022 12 8 16378
48036 12 11 16119
48040 12 7 16169
48044 12 7 16217
48046 12 4 16248
48050 12 11 15447
48052 12 4 16064
48054 12 11 15739
48056 12 4 15948
48058 12 11 16163
48066 12 8 15902
48072 12 11 15971
48080 12 11 15787
48082 12 11 15839
48086 12 8 15442
48088 12 8 15454
48090 12 7 15533
48092 12 8 15698
48094 12 8 16162
48100 12 4 16172
48104 12 4 16376
48110 12 4 16156
48112 12 11 15911
48122 12 7 15549
48126 12 8 16114
48128 12 11 16247
48144 12 11 16011
48152 12 11 15611
48154 12 8 16178
48158 12 7 15557
48160 12 4 15636
48162 12 4 15920
48164 12 8 15594
48168 12 11 15619
48170 12 7 15637
48180 12 8 16002
48182 12 11 16135
48186 12 4 16264
48188 12 11 16363
48190 12 11 15431
48202 12 11 16227
48206 12 7 15777
48208 12 4 16080
48210 12 4 15684
48220 12 8 16134
48226 12 4 15784
48230 12 11 15495
48232 12 7 16333
48234 12 11 15439
48238 12 7 15625
48240 12 4 15644
48246 12 11 15595
48248 12 4 16088
48260 12 7 16101
48268 12 7 16237
48272 12 11 16315
48274 12 7 16377
48280 12 4 15896
48286 12 11 16035
48288 12 4 16268
48290 12 4 15368
48292 12 8 16006
48296 12 4 15600
48306 12 7 15925
48328 12 11 15771
48330 12 4 16276
48332 12 11 15723
48338 12 11 16299
48340 12 7 15981
48342 12 8 15606
48346 12 4 16184
48348 12 11 16215
48358 12 4 15392
48360 12 8 16034
48362 12 7 15825
48364 12 7 16329
48372 12 11 16055
48378 12 7 16021
48386 12 4 16036
48396 12 11 16251
48398 12 4 15764
48400 12 8 15786
48404 12 4 16252
48406 12 11 16355
48412 12 8 16354
48422 12 4 16292
48426 12 8 15742
48428 12 8 15770
48430 12 11 15919
48434 12 4 15688
48436 12 4 15472
48460 12 8 16050
48476 12 7 16257
48478 12 11 16123
48480 12 8 15362
48482 12 4 15656
48484 12 7 15997
48490 12 4 16148
48500 12 8 15798
48502 12 11 16071
48506 12 11 15399
48508 12 11 15543
48510 12 7 15849
48512 12 11 16139
48514 12 7 16181
48516 12 7 16225
48520 12 11 16331
48522 12 8 15462
48528 12 7 15589
48530 12 11 16311
48564 12 4 15792
48566 12 8 15674
48568 12 8 16290
48572 12 7 15869
48578 12 4 15756
48580 12 4 15888
48608 12 7 16125
48624 12 7 16369
48626 12 11 16371
48632 12 11 15379
48634 12 8 15614
48646 12 7 15941
48648 12 7 16245
48650 12 11 15387
48654 12 7 15961
48658 12 4 16056
48662 12 11 15883
48666 12 11 16287
48672 12 8 15830
48682 12 11 15435
48686 12 8 16094
48692 12 8 15930
48718 12 8 15878
48762 12 7 16265
48788 12 4 16260
48792 12 4 15380
48794 12 4 15760
48796 12 7 15501
48806 12 7 15541
48808 12 7 16041
48810 12 11 15383
48812 12 4 15400
48814 12 8 15666
48816 12 11 15831
48818 12 7 15901
48820 12 7 15909
48838 12 4 16044
48840 12 8 16250
48852 12 7 15613
48854 12 8 16214
48856 12 7 15373
48858 12 7 15677
48872 12 8 15646
48874 12 7 16273
48878 12 4 16132
48882 12 11 15531
48884 12 8 16138
48894 12 8 16058
48906 12 8 16258
48910 12 11 16211
48920 12 8 15458
48922 12 4 15556
48932 12 4 15800
48936 12 7 15497
48940 12 11 16383
48942 12 8 16270
48944 12 11 15851
48946 12 11 16291
48966 12 4 15772
48968 12 7 15773
48970 12 7 16241
48972 12 7 15721
48974 12 4 16300
49006 12 7 15893
49012 12 11 16175
49014 12 7 16221
49018 12 4 15456
49020 12 8 16230
49026 12 11 15411
49030 12 4 15844
49032 12 7 15881
49036 12 11 15763
49052 12 8 15578
49058 12 11 15931
49066 12 4 16016
49070 12 11 15707
49072 12 4 15880
49074 12 8 16122
49076 12 8 15506
49080 12 8 16358
49084 12 7 15929
49098 12 11 15783
49120 12 4 16028
49144 12 7 15829
49154 12 8 15810
49164 12 7 16205
49168 12 11 16275
49172 12 8 15574
49174 12 7 15653
49208 12 8 16166
49212 12 11 16183
49214 12 11 15627
49222 12 8 15862
49234 12 8 15370
49236 12 4 15664
49238 12 7 15745
49240 12 4 15908
49248 12 8 15426
49252 12 7 15569
49272 12 11 16155
49274 12 4 16168
49278 12 11 15663
49288 12 8 15898
49294 12 7 15529
49298 12 4 15768
49300 12 4 15808
49302 12 8 16054
49306 12 8 15546
49348 12 4 16368
49358 12 4 16236
49364 12 7 15973
49384 12 11 16167
49402 12 8 15854
49416 12 11 16111
49418 12 8 16042
49424 12 8 15794
49430 12 11 15363
49432 12 11 15747
49444 12 4 15360
49460 12 8 15886
49490 12 7 16061
49500 12 4 16372
49520 12 4 16344
49522 12 8 15582
49526 12 8 15754
49550 12 7 15885
49560 12 8 16242
49572 12 11 15555
49594 12 11 16191
49632 12 4 16112
49642 12 4 15916
49644 12 11 15923
49650 12 4 15512
49652 12 11 16007
49692 12 8 15658
49696 12 4 16060
49704 12 11 16023
49706 12 11 16039
49710 12 4 15472
49714 12 11 15631
49716 12 4 15408
49720 12 11 15891
49760 12 7 16281
49766 12 8 15950
49772 12 7 16293
49780 12 7 15853
49818 12 11 15519
49824 12 4 16040
49836 12 7 15617
49838 12 8 15982
49842 12 7 16161
49852 12 7 15457
49856 12 8 15934
49858 12 7 15989
49860 12 11 16223
49886 12 7 16137
49944 12 7 16001
49966 12 8 16154
49976 12 7 16033
49990 12 7 15565
49994 12 11 15727
49996 12 4 16068
50004 12 8 16022
50006 12 8 15802
50030 12 7 15937
50032 12 8 16046
50048 12 4 16212
50114 12 4 15852
50130 12 8 16246
50146 12 7 16373
50172 12 7 15425
50184 12 11 15471
50192 12 4 15404
50194 12 7 15433
50222 12 4 15432
50224 12 11 15451
50238 12 7 15913
50256 12 11 16019
50282 12 7 15873
50284 12 4 15488
50292 12 8 15738
50304 12 7 15737
50320 12 11 15795
50356 12 7 15733
50372 12 4 15528
50376 12 11 15699
50378 12 7 15877
50380 12 4 16324
50382 12 7 16325
50384 12 7 16053
50386 12 7 16165
50400 12 11 15367
50478 12 7 20329
50480 12 8 19838
50482 12 7 19545
50484 12 8 19778
50486 12 8 19834
50488 12 11 19867
50490 12 11 20175
50492 12 4 20204
50494 12 11 19563
50496 12 11 19663
50498 12 4 19688
50500 12 8 19730
50502 12 8 19794
50504 12 4 19908
50506 12 11 19943
50508 12 7 19969
50510 12 11 19983
50512 12 8 20238
50516 12 4 19512
50518 12 8 19550
50520 12 8 19850
50522 12 7 20105
50524 12 7 20185
50526 12 8 20230
50528 12 7 20301
50530 12 4 20448
50540 12 4 19696
50548 12 8 20138
50554 12 4 20276
50558 12 7 20397
50560 12 11 20403
50562 12 7 20413
50564 12 4 20460
50574 12 11 20103
50578 12 4 20112
50588 12 4 20412
50590 12 7 20449
50610 12 8 20218
50618 12 11 19919
50620 12 4 20196
50622 12 8 20070
50624 12 8 20182
50626 12 8 19690
50628 12 7 19853
50630 12 7 19489
50632 12 11 19719
50634 12 8 19874
50636 12 7 19925
50638 12 8 19970
50640 12 7 20017
50642 12 11 20107
50644 12 11 20167
50646 12 4 20300
50648 12 4 20332
50650 12 11 20391
50652 12 8 19474
50656 12 4 20056
50658 12 11 20343
50660 12 8 19682
50662 12 4 19848
50664 12 7 19965
50666 12 7 19981
50668 12 8 19990
50670 12 8 20210
50672 12 7 20345
50674 12 4 19576
50678 12 11 19507
50680 12 11 19955
50682 12 4 20212
50684 12 7 19549
50688 12 8 19630
50690 12 4 19704
50692 12 4 19840
50694 12 7 20021
50696 12 11 20155
50698 12 8 20178
50700 12 11 20251
50702 12 11 20299
50704 12 4 20308
50706 12 11 20363
50708 12 7 20369
50710 12 7 20405
50712 12 8 20410
50714 12 7 20461
50716 12 8 20462
50718 12 8 20478
50720 12 8 19738
50722 12 4 19676
50724 12 11 20211
50726 12 11 20459
50728 12 7 19629
50730 12 7 20001
50732 12 4 20080
50734 12 11 19863
50736 12 7 19865
50742 12 8 20022
50744 12 11 20051
50748 12 7 20113
50750 12 4 20240
50752 12 11 20411
50754 12 8 19878
50758 12 7 19701
50760 12 8 19890
50762 12 7 19985
50764 12 4 20064
50766 12 7 20173
50768 12 11 20271
50770 12 7 20393
50772 12 11 19551
50774 12 7 19669
50776 12 8 20162
50778 12 4 20200
50780 12 8 20322
50790 12 11 19699
50792 12 11 19735
50798 12 7 19957
50802 12 4 20172
50806 12 7 20201
50810 12 8 20262
50820 12 8 19694
50842 12 11 20231
50844 12 11 20239
50856 12 7 19457
50858 12 7 19497
50860 12 7 20417
50862 12 7 19801
50874 12 8 20406
50876 12 7 20437
50878 12 8 20042
50880 12 7 20349
50882 12 8 20442
50884 12 7 20453
50888 12 11 19511
50890 12 11 19583
50892 12 8 19598
50894 12 4 19652
50896 12 11 19715
50900 12 8 20114
50906 12 7 19513
50910 12 11 20203
50914 12 7 20241
50916 12 11 20375
50918 12 4 20400
50920 12 4 19700
50922 12 4 19912
50924 12 7 19949
50926 12 8 19558
50930 12 11 19875
50938 12 4 19584
50940 12 11 20035
50942 12 8 20386
50946 12 7 19753
50950 12 4 20252
50952 12 7 19537
50964 12 7 20469
50976 12 11 19967
50978 12 8 19982
50980 12 11 20015
50982 12 7 19869
50988 12 8 19962
50990 12 7 20025
50992 12 8 20026
51032 12 4 20324
51034 12 8 19906
51038 12 11 20347
51042 12 4 19876
51046 12 11 20019
51048 12 7 20165
51052 12 8 20342
51054 12 4 20372
51056 12 4 20376
51058 12 8 20382
51060 12 11 19471
51062 12 7 19933
51064 12 7 20049
51066 12 8 19958
51076 12 11 19679
51080 12 4 19768
51082 12 4 20452
51084 12 8 19798
51086 12 8 19994
51092 12 11 19979
51096 12 7 20037
51100 12 4 19552
51106 12 8 19806
51108 12 4 19864
51114 12 7 19641
51116 12 4 19868
51152 12 7 20421
51174 12 11 20079
51186 12 8 20086
51204 12 11 19839
51206 12 7 19941
51208 12 8 20202
51212 12 4 20188
51218 12 4 20344
51228 12 7 19845
51230 12 7 19973
51240 12 4 20356
51272 12 8 20282
51274 12 11 19691
51276 12 8 19602
51278 12 4 19460
51280 12 11 19483
51282 12 11 19495
51286 12 4 19664
51292 12 11 19775
51294 12 11 19799
51300 12 8 19914
51304 12 7 20081
51306 12 11 20083
51310 12 11 20163
51322 12 7 19809
51350 12 7 20277
51352 12 4 20436
51354 12 4 20392
51358 12 8 19818
51360 12 8 19898
51362 12 7 20161
51376 12 7 20297
51380 12 4 20364
51390 12 4 19804
51404 12 7 20353
51410 12 8 20430
51412 12 8 19538
51418 12 11 20423
51430 12 7 20045
51436 12 8 19886
51438 12 8 19910
51444 12 11 19591
51456 12 11 19911
51460 12 11 20215
51462 12 7 20409
51470 12 7 19521
51472 12 4 19656
51474 12 8 19726
51476 12 4 19860
51484 12 11 20115
51492 12 7 20325
51514 12 4 19604
51516 12 11 19659
51522 12 7 19937
51524 12 11 19903
51526 12 4 20432
51528 12 7 19765
51554 12 7 19769
51558 12 7 20013
51590 12 11 20135
51592 12 4 20440
51606 12 7 19773
51608 12 4 19844
51610 12 11 20199
51618 12 8 20374
51626 12 4 20360
51634 12 7 19945
51648 12 8 19526
51654 12 7 20425
51676 12 4 19472
51684 12 7 20281
51686 12 7 19589
51688 12 11 19683
51692 12 8 20286
51718 12 8 19522
51746 12 7 19481
51780 12 8 19486
51782 12 7 19833
51818 12 7 19797
51820 12 7 19613
51828 12 11 19947
51836 12 8 20066
51868 12 11 19523
51900 12 4 20140
51914 12 4 19640
51916 12 4 20004
51920 12 11 19555
51922 12 8 19622
51948 12 4 20012
52012 12 11 19895
52014 12 4 20076
52028 12 7 19737
52030 12 7 19793
52050 12 7 19525
52062 12 7 20253
52098 12 4 19532
52102 12 7 19661
52108 12 4 20156
52110 12 7 20193
52148 12 8 20326
52162 12 4 19716
52164 12 8 19754
52168 12 7 19553
52182 12 8 19706
52184 12 8 19534
52186 12 8 19570
52188 12 8 19638
52192 12 4 20164
52194 12 7 19781
52196 12 11 20283
52218 12 7 20093
52220 12 11 20431
52222 12 11 20447
52226 12 11 20307
52228 12 11 19915
52230 12 7 20117
52240 12 7 19893
52242 12 7 19901
52244 12 11 19787
52246 12 4 20000
52248 12 8 20050
52256 12 11 20463
52262 12 4 20476
52282 12 8 19810
52286 12 7 19913
52298 12 11 19655
52326 12 8 20090
52358 12 8 20394
52386 12 11 19687
52390 12 4 20368
52392 12 4 20248
52406 12 11 19759
52426 12 4 20316
52460 12 8 20154
52464 12 11 19459
52470 12 7 19821
52496 12 4 19920
52500 12 11 20087
52516 12 11 19927
52522 12 4 19692
52526 12 4 20260
52528 12 7 20321
52534 12 11 20471
52536 12 8 20474
52544 12 8 20206
52546 12 8 20390
52548 12 11 19579
52550 12 7 19665
52552 12 11 20059
52554 12 8 19746
52556 12 4 19936
52616 12 7 19597
52622 12 4 19588
52632 12 4 19984
52668 12 11 19547
52670 12 11 19615
52692 12 8 20354
52696 12 8 20378
52712 12 4 20228
52716 12 7 19649
52732 12 11 19727
52734 12 11 20227
52736 12 7 19921
52738 12 8 19842
52744 12 11 19999
52770 12 11 20379
52772 12 8 19498
52774 12 11 19543
52776 12 7 20109
52784 12 11 20219
52826 12 4 19964
52832 12 4 19808
52842 12 8 19966
52868 12 4 19736
52872 12 7 20169
52876 12 11 19763
52884 12 11 19835
52888 12 11 19567
52890 12 7 20433
52956 12 8 19834
52964 12 7 20305
52968 12 4 19976
52970 12 4 20236
52978 12 7 19557
52984 12 7 19533
53020 12 7 19561
53024 12 7 20173
53030 12 4 20416
53032 12 8 20470
53098 12 4 19852
53100 12 8 19722
53104 12 8 19902
53110 12 8 19610
53112 12 11 19899
53116 12 8 19774
53172 12 8 19562
53176 12 8 20266
53180 12 8 20426
53186 12 7 19881
53200 12 7 20205
53204 12 7 19485
53236 12 11 19843
53238 12 8 19670
53278 12 4 19776
53282 12 8 19462
53284 12 11 19463
53286 12 4 19464
53288 12 7 19465
53290 12 8 19926
53316 12 8 20274
53324 12 11 19847
53346 12 8 20302
53364 12 11 19911
53380 12 7 20241
53392 12 8 19962
53394 12 7 20073
53412 12 11 19671
53454 12 11 19527
53458 12 11 20147
53470 12 7 19961
53478 12 7 19793
53496 12 7 19637
53498 12 8 19918
53514 12 4 20072
53574 12 8 20438
53576 12 4 19620
53578 12 4 19928
53604 12 11 20231
53606 12 11 19747
53608 12 8 19762
53614 12 7 19677
53618 12 7 20249
53620 12 11 20275
53622 12 7 20333
53624 12 8 19658
53626 12 4 19660
53642 12 7 20049
53648 12 8 20098
53652 12 11 20351
53658 12 8 20110
53666 12 4 19972
53676 12 11 19795
53686 12 4 20160
53690 12 11 19619
53692 12 8 19974
53746 12 11 19699
53810 12 8 20278
53812 12 11 20279
53818 12 4 20312
53820 12 8 19758
53822 12 7 20221
53824 12 4 19548
53826 12 8 19922
53866 12 7 20345
53868 12 11 19955
53870 12 4 19536
53872 12 8 20118
53888 12 7 20469
53890 12 8 19782
53898 12 4 20044
53908 12 8 20014
53942 12 7 19601
53954 12 8 20166
53964 12 4 19508
53966 12 4 19788
53972 12 11 19883
53978 12 4 19924
54006 12 8 20446
54072 12 8 20298
54146 12 4 19896
54150 12 4 19960
54152 12 7 20097
54164 12 7 20401
54172 12 8 19734
54174 12 11 20419
54220 12 11 19639
54222 12 7 20389
54226 12 8 19718
54254 12 4 20272
54280 12 4 20256
54324 12 11 20055
54326 12 4 20120
54330 12 7 20229
54334 12 8 19942
54336 12 4 20096
54348 12 4 20456
54406 12 11 19479
54408 12 4 19520
54416 12 7 20197
54418 12 7 19765
54420 12 7 19717
54490 12 8 19946
54492 12 4 20248
54546 12 4 19524
54554 12 8 20038
54556 12 4 19644
54582 12 8 19930
54584 12 11 19711
54598 12 4 20428
54636 12 11 19851
54638 12 8 20250
54676 12 11 19611
54680 12 11 19755
54684 12 4 20296
54686 12 11 20383
54730 12 4 19844
54762 12 8 19786
54802 12 11 19571
54812 12 7 20465
54816 12 11 19763
54822 12 11 19635
54832 12 8 20182
54834 12 8 20054
54874 12 8 19662
54914 12 8 19642
54916 12 4 19784
54922 12 4 20384
54924 12 4 19772
54926 12 11 19491
54988 12 8 19546
55014 12 4 19968
55018 12 11 20111
55034 12 8 19482
55036 12 7 20061
55066 12 8 19858
55080 12 11 19779
55094 12 7 19653
55108 12 8 19894
55116 12 4 20304
55138 12 11 20259
55160 12 4 20300
55186 12 11 19499
55192 12 11 19475
55194 12 4 20220
55196 12 4 19956
55290 12 8 19726
55316 12 11 20167
55324 12 4 19992
55366 12 4 20364
55386 12 8 19882
55468 12 4 20152
55470 12 11 20435
55490 12 11 20023
55492 12 4 19768
55498 12 4 20108
55512 12 4 20284
55514 12 4 19500
55518 12 8 20002
55532 12 4 20032
55534 12 8 20170
55536 12 7 19473
55540 12 11 19767
55562 12 4 19664
55570 12 11 20083
55576 12 8 19654
55578 12 7 19745
55612 12 7 19721
55656 12 11 18943
55658 12 4 19040
55660 12 8 19162
55662 12 11 18471
55664 12 11 18607
55666 12 4 18636
55668 12 8 19326
55670 12 8 18674
55672 12 8 18682
55674 12 11 18951
55676 12 7 19245
55678 12 11 19399
55680 12 7 19305
55682 12 4 18892
55684 12 8 19150
55686 12 11 19155
55688 12 4 19400
55690 12 8 18898
55692 12 11 18675
55694 12 11 19359
55696 12 11 19011
55700 12 4 19392
55702 12 7 18437
55704 12 4 19324
55706 12 7 19297
55710 12 7 19337
55714 12 7 18433
55716 12 8 19010
55718 12 8 19046
55722 12 11 19335
55736 12 11 19151
55738 12 11 18487
55740 12 8 18438
55742 12 4 19092
55744 12 7 19097
55746 12 11 18551
55748 12 8 18646
55750 12 7 18993
55752 12 4 19240
55754 12 7 19449
55756 12 8 19126
55758 12 11 18483
55760 12 11 18767
55762 12 8 18806
55764 12 8 19062
55766 12 7 19213
55768 12 11 19263
55770 12 7 19333
55772 12 4 18656
55774 12 11 19219
55776 12 4 19260
55778 12 8 18622
55780 12 4 18680
55782 12 7 18733
55784 12 8 18866
55790 12 7 19269
55792 12 8 19254
55796 12 7 18541
55800 12 8 18818
55804 12 7 19413
55806 12 7 18589
55808 12 4 19024
55812 12 11 18591
55814 12 7 18769
55816 12 4 18984
55822 12 11 18923
55824 12 4 18968
55826 12 11 18771
55828 12 8 19194
55830 12 11 18475
55832 12 8 18626
55834 12 11 18815
55836 12 7 18833
55842 12 7 19157
55844 12 7 19277
55846 12 8 18614
55848 12 11 18615
55850 12 4 18924
55852 12 8 19214
55854 12 7 18481
55856 12 7 18489
55858 12 11 18495
55860 12 11 18547
55862 12 7 18557
55866 12 4 18676
55870 12 8 18762
55872 12 4 18768
55874 12 7 18841
55876 12 4 18860
55878 12 11 18919
55880 12 8 18994
55882 12 7 19105
55884 12 7 19209
55888 12 8 19314
55892 12 7 19437
55894 12 7 18605
55896 12 11 18735
55898 12 4 18916
55900 12 8 19130
55902 12 8 18814
55904 12 11 18695
55906 12 11 18987
55910 12 11 19091
55912 12 4 19376
55914 12 7 19397
55918 12 11 18911
55920 12 7 18457
55926 12 8 19246
55932 12 4 18824
55944 12 11 19135
55948 12 11 19231
55960 12 11 19071
55962 12 4 18472
55964 12 4 19072
55970 12 8 18586
55978 12 7 18477
55980 12 8 19078
55982 12 8 18446
55984 12 8 18558
55986 12 11 18587
55992 12 7 19261
56000 12 11 18511
56002 12 11 18803
56018 12 7 18813
56032 12 7 19349
56034 12 4 18792
56036 12 8 18598
56046 12 7 18945
56048 12 8 18946
56058 12 4 19192
56060 12 8 18498
56064 12 8 18978
56066 12 8 19058
56070 12 4 19312
56076 12 7 18517
56078 12 4 18544
56088 12 8 19090
56090 12 11 18823
56092 12 11 19003
56096 12 8 19386
56100 12 4 18632
56102 12 8 18534
56104 12 4 19112
56106 12 8 19390
56110 12 8 19422
56118 12 8 18962
56120 12 11 18963
56122 12 4 19308
56138 12 7 18533
56140 12 8 18842
56142 12 11 19271
56144 12 4 18460
56154 12 4 18604
56164 12 4 18936
56166 12 8 18954
56170 12 8 19006
56172 12 11 19031
56174 12 4 19140
56176 12 8 19262
56184 12 4 18728
56186 12 4 19088
56192 12 11 18535
56194 12 7 18593
56196 12 4 19148
56198 12 4 18896
56200 12 11 19267
56202 12 11 19299
56214 12 11 19443
56216 12 4 19448
56220 12 11 19095
56232 12 11 19171
56236 12 7 18877
56238 12 7 18941
56240 12 8 19070
56242 12 7 19393
56244 12 4 19216
56246 12 11 19295
56264 12 11 19347
56270 12 8 18854
56274 12 8 18638
56280 12 4 18812
56294 12 7 18905
56300 12 8 18702
56308 12 11 18967
56312 12 4 19180
56316 12 4 18588
56320 12 7 18933
56322 12 7 18529
56324 12 4 18568
56326 12 11 18791
56328 12 11 18991
56330 12 8 18474
56332 12 11 18507
56334 12 8 18754
56336 12 8 19370
56340 12 11 19439
56344 12 11 18463
56350 12 4 18512
56352 12 7 18949
56360 12 7 19101
56364 12 4 19244
56372 12 8 18442
56382 12 7 18793
56384 12 11 18843
56396 12 8 18466
56400 12 7 18649
56402 12 4 18744
56418 12 4 19084
56424 12 4 19364
56426 12 7 19177
56432 12 11 18435
56436 12 4 18708
56438 12 4 18532
56442 12 4 19232
56446 12 11 18467
56448 12 7 18505
56450 12 4 18540
56452 12 7 18697
56454 12 7 18761
56458 12 8 18882
56460 12 7 19389
56462 12 8 18526
56484 12 8 19358
56488 12 4 18992
56490 12 4 19248
56492 12 11 19455
56498 12 7 19045
56516 12 7 18753
56520 12 7 18897
56522 12 8 18942
56524 12 11 18979
56526 12 11 19215
56530 12 11 19339
56532 12 8 19350
56536 12 4 18952
56566 12 7 19153
56592 12 4 18876
56600 12 7 18501
56602 12 7 19285
56606 12 7 19005
56608 12 7 19237
56616 12 4 19276
56618 12 4 18464
56622 12 7 18705
56642 12 8 18802
56648 12 11 19331
56654 12 7 18885
56656 12 7 19113
56658 12 4 18836
56670 12 7 18485
56676 12 4 18844
56718 12 11 18831
56720 12 4 18612
56722 12 4 19104
56724 12 4 19116
56728 12 4 19152
56750 12 11 19415
56766 12 7 18581
56772 12 11 19275
56778 12 8 18726
56780 12 7 19185
56782 12 4 18484
56786 12 8 19454
56788 12 7 19001
56822 12 4 18688
56824 12 8 19318
56846 12 11 19055
56858 12 7 18513
56890 12 7 18509
56902 12 4 19452
56908 12 7 18797
56910 12 7 18893
56912 12 7 19085
56934 12 4 18616
56936 12 11 18635
56938 12 8 18706
56942 12 8 18786
56944 12 4 18816
56946 12 4 18828
56948 12 4 18864
56952 12 7 18957
56954 12 8 18958
56962 12 8 19342
56978 12 7 19453
56980 12 8 19294
56982 12 4 18716
57006 12 8 18594
57010 12 4 18524
57030 12 8 19170
57034 12 11 18743
57042 12 7 19221
57044 12 8 18966
57048 12 11 18751
57056 12 7 19109
57060 12 7 18461
57066 12 7 18853
57102 12 11 18971
57108 12 7 19017
57112 12 11 19043
57114 12 7 19161
57118 12 11 18879
57126 12 4 18448
57136 12 7 18857
57148 12 4 19432
57152 12 8 18570
57188 12 4 19000
57190 12 4 18960
57192 12 11 19355
57194 12 4 19356
57208 12 11 19307
57210 12 8 19366
57212 12 11 18439
57214 12 7 18981
57216 12 8 18742
57218 12 7 18765
57220 12 8 19082
57264 12 11 18871
57282 12 11 18907
57284 12 8 19222
57288 12 11 18659
57296 12 7 19357
57300 12 11 18583
57302 12 11 19391
57310 12 7 18977
57326 12 8 18562
57334 12 11 18747
57336 12 11 18755
57346 12 11 19187
57356 12 4 18600
57364 12 11 18595
57368 12 4 19132
57380 12 7 18633
57384 12 8 19002
57386 12 7 19301
57388 12 8 18506
57402 12 7 19165
57426 12 7 19273
57430 12 4 19228
57434 12 7 19121
57442 12 7 18973
57458 12 11 19343
57460 12 11 18995
57462 12 8 18714
57464 12 4 18888
57492 12 8 19338
57502 12 4 19172
57504 12 4 19268
57506 12 8 19098
57516 12 11 18647
57522 12 11 18899
57524 12 4 18944
57526 12 11 19199
57560 12 11 18555
57594 12 8 18518
57596 12 7 18681
57598 12 4 18700
57604 12 11 19099
57638 12 4 18628
57646 12 8 19446
57656 12 7 18921
57672 12 8 18918
57674 12 11 18495
57682 12 4 19272
57684 12 8 19326
57686 12 7 19433
57688 12 7 18717
57716 12 4 19160
57764 12 8 19018
57770 12 11 18915
57802 12 11 19207
57822 12 11 18451
57824 12 11 19163
57830 12 4 18764
57834 12 4 19024
57836 12 11 19235
57854 12 4 18872
57870 12 8 19322
57872 12 8 18578
57874 12 8 18642
57876 12 8 18798
57878 12 7 19117
57884 12 8 18482
57950 12 8 19390
57962 12 8 19226
57984 12 11 18947
57992 12 11 19431
58004 12 8 19122
58016 12 4 19120
58020 12 8 19250
58036 12 8 18554
58044 12 11 18639
58056 12 7 18789
58068 12 4 19348
58092 12 4 19284
58114 12 7 18677
58120 12 11 19379
58132 12 8 19138
58136 12 4 18548
58138 12 11 18667
58142 12 7 18721
58144 12 11 19367
58148 12 8 19134
58152 12 7 18685
58158 12 4 18480
58160 12 8 19210
58162 12 11 19211
58164 12 7 18673
58166 12 4 19340
58186 12 4 18624
58188 12 7 18585
58190 12 7 18661
58208 12 8 18942
58214 12 8 18750
58230 12 8 18486
58238 12 4 19144
58240 12 11 19247
58244 12 8 18634
58248 12 11 19051
58274 12 11 19071
58322 12 8 19242
58326 12 11 18523
58330 12 4 18832
58342 12 4 19328
58364 12 7 18965
58366 12 4 18432
58380 12 11 19383
58382 12 4 19052
58388 12 11 18727
58390 12 8 18882
58396 12 4 18660
58398 12 11 19075
58432 12 4 18784
58438 12 4 19256
58446 12 11 19167
58448 12 8 18778
58450 12 11 18891
58452 12 8 18894
58456 12 8 18558
58474 12 4 18552
58490 12 11 18447
58494 12 8 18622
58526 12 8 18546
58540 12 8 18610
58542 12 11 18611
58544 12 4 19204
58548 12 7 18969
58552 12 7 18441
58558 12 7 18801
58576 12 8 18694
58600 12 8 18602
58610 12 4 19428
58614 12 7 18537
58660 12 4 19424
58662 12 7 19425
58664 12 8 19190
58692 12 8 18870
58696 12 8 19026
58700 12 7 18521
58702 12 11 19135
58724 12 4 18616
58732 12 7 18561
58808 12 4 18512
58842 12 7 19369
58850 12 8 18826
58866 12 8 18442
58868 12 11 18459
58904 12 4 18724
58932 12 7 18473
58940 12 8 19406
58942 12 8 19082
58944 12 8 18674
58952 12 4 18932
59016 12 4 19108
59020 12 8 18934
59050 12 8 18614
59054 12 4 18924
59056 12 8 19214
59072 12 11 19323
59074 12 11 19087
59102 12 8 18658
59142 12 4 19188
59150 12 7 18625
59170 12 8 18514
59172 12 11 18559
59210 12 8 18762
59214 12 8 18954
59224 12 8 18630
59252 12 4 18684
59298 12 8 19446
59320 12 11 18719
59332 12 4 18744
59340 12 7 19429
59364 12 8 19142
59366 12 11 19251
59372 12 8 18566
59374 12 11 18575
59376 12 4 18704
59400 12 7 18829
59458 12 8 19326
59486 12 4 19020
59530 12 4 19296
59540 12 7 19037
59546 12 7 19173
59570 12 11 18731
59576 12 4 19064
59578 12 4 18468
59634 12 7 18941
59660 12 4 18936
59666 12 7 19209
59686 12 4 21872
59688 12 8 21822
59690 12 7 22129
59692 12 11 22243
59694 12 7 21929
59696 12 4 10316
59698 12 8 10350
59700 12 11 10351
59702 12 7 10569
59704 12 7 10733
59706 12 4 10804
59708 12 8 10302
59710 12 11 11015
59712 12 8 11094
59714 12 11 10483
59716 12 4 10796
59718 12 8 11218
59720 12 7 10789
59722 12 4 10708
59724 12 7 10541
59726 12 4 10580
59728 12 4 10364
59730 12 4 10528
59732 12 8 10330
59734 12 4 10288
59736 12 8 10750
59738 12 4 10816
59740 12 8 11190
59742 12 4 10644
59744 12 7 10653
59746 12 8 10778
59748 12 8 11202
59754 12 4 10520
59756 12 11 10635
59758 12 11 10815
59760 12 8 10910
59762 12 11 10651
59764 12 8 10738
59766 12 11 10855
59768 12 8 10962
59770 12 4 11188
59772 12 4 11248
59774 12 7 10817
59776 12 7 10325
59778 12 8 10642
59780 12 7 10665
59782 12 11 10847
59784 12 4 10880
59786 12 4 11064
59788 12 11 11159
59790 12 11 10319
59794 12 8 10506
59796 12 11 10759
59798 12 8 10986
59800 12 11 10999
59802 12 8 11062
59804 12 11 10507
59806 12 11 11115
59808 12 4 10852
59810 12 11 10423
59812 12 8 10682
59814 12 4 10544
59816 12 8 10510
59822 12 8 10586
59824 12 4 10468
59826 12 4 10780
59830 12 4 10744
59834 12 11 10303
59842 12 8 10818
59844 12 7 11045
59846 12 4 10564
59850 12 8 11238
59852 12 4 10824
59854 12 4 11040
59860 12 4 10600
59862 12 7 11249
59864 12 8 10994
59868 12 7 11157
59870 12 8 10334
59872 12 7 10285
59874 12 4 10296
59876 12 7 10313
59878 12 4 10428
59880 12 4 10904
59884 12 4 11180
59886 12 7 10309
59894 12 11 11183
59904 12 8 10650
59908 12 4 10396
59912 12 7 10829
59914 12 7 10717
59916 12 7 10449
59922 12 11 11203
59932 12 4 10572
59934 12 7 10465
59936 12 11 10575
59938 12 8 11250
59940 12 8 10646
59942 12 11 10647
59944 12 7 10777
59954 12 4 11148
59968 12 7 10949
59972 12 4 10408
59978 12 7 10885
59980 12 11 11055
59982 12 7 10973
59984 12 8 10978
59988 12 7 10793
59990 12 4 10856
60000 12 8 10966
60002 12 4 10464
60010 12 7 11213
60014 12 11 10447
60018 12 8 11098
60020 12 7 10989
60022 12 8 10698
60026 12 8 10870
60038 12 8 10446
60040 12 7 10545
60044 12 4 10684
60052 12 7 10769
60054 12 4 11044
60056 12 11 11235
60058 12 11 10579
60064 12 4 10784
60068 12 4 10720
60076 12 4 10292
60080 12 8 10782
60082 12 11 10347
60086 12 7 10365
60090 12 4 10388
60092 12 4 10500
60100 12 7 10505
60102 12 11 10899
60104 12 8 10462
60110 12 7 10461
60114 12 7 10861
60118 12 7 10689
60122 12 7 11137
60124 12 11 11227
60126 12 4 10504
60130 12 8 10398
60134 12 7 10585
60148 12 7 10669
60150 12 7 10341
60154 12 8 10774
60156 12 8 10790
60164 12 7 10333
60166 12 11 10683
60168 12 4 10956
60170 12 7 10845
60172 12 7 10757
60176 12 8 11222
60180 12 7 10377
60192 12 8 10902
60200 12 8 10710
60202 12 11 11199
60206 12 4 10724
60208 12 8 11054
60210 12 11 10639
60214 12 11 10559
60216 12 7 10945
60220 12 8 10526
60222 12 4 10768
60224 12 11 10919
60228 12 11 11255
60230 12 7 10705
60232 12 4 10808
60234 12 11 10335
60238 12 8 10590
60240 12 4 10636
60244 12 11 10715
60246 12 4 10752
60248 12 4 10812
60250 12 4 10840
60252 12 4 10888
60258 12 4 10764
60260 12 8 10810
60274 12 4 11144
60278 12 11 10379
60280 12 4 10568
60284 12 7 10773
60288 12 8 10354
60292 12 7 10913
60294 12 7 11025
60298 12 7 10649
60302 12 7 10393
60330 12 11 10427
60338 12 4 10860
60342 12 7 10381
60344 12 4 10480
60368 12 4 10620
60374 12 11 11215
60386 12 8 10614
60388 12 4 10732
60396 12 4 10828
60400 12 7 10833
60402 12 7 10481
60404 12 11 10515
60420 12 11 10479
60422 12 4 10792
60428 12 11 10819
60430 12 11 10839
60450 12 8 10638
60452 12 7 10805
60456 12 8 11214
60458 12 8 10678
60460 12 4 11120
60474 12 4 10308
60476 12 4 10488
60480 12 11 10443
60486 12 11 11231
60496 12 11 10719
60498 12 8 10930
60502 12 7 10361
60504 12 7 11021
60510 12 8 11058
60516 12 7 10637
60520 12 11 10331
60526 12 8 10518
60528 12 11 10523
60546 12 8 11142
60560 12 8 10706
60566 12 11 11047
60570 12 7 10889
60572 12 11 10503
60574 12 8 10442
60576 12 4 10692
60608 12 7 10357
60620 12 4 10452
60634 12 7 10401
60662 12 4 10896
60664 12 7 10897
60666 12 11 10967
60668 12 11 10859
60678 12 4 11060
60686 12 8 11042
60694 12 4 10592
60696 12 8 10958
60698 12 11 11003
60700 12 11 11011
60712 12 7 10965
60722 12 7 10597
60724 12 4 11048
60738 12 11 20503
60740 12 4 20496
60742 12 8 20502
60744 12 7 20505
60750 12 7 20513
60758 12 11 20571
60760 12 4 20816
60766 12 4 20520
60768 12 4 20556
60770 12 7 20557
60772 12 4 20524
60774 12 11 20527
60776 12 8 20570
60780 12 4 20584
60784 12 8 20510
60786 12 4 20576
60788 12 8 20562
60798 12 4 20612
60804 12 4 20628
60814 12 11 20627
60818 12 11 20591
60822 12 8 20662
60828 12 7 20585
60830 12 4 20624
60834 12 8 20514
60836 12 11 20663
60840 12 7 20549
60844 12 8 20538
60846 12 4 20572
60848 12 7 20581
60850 12 4 20668
60852 12 11 20611
60854 12 4 20644
60856 12 8 20530
60858 12 7 20589
60862 12 7 20633
60864 12 7 20641
60866 12 4 20540
60868 12 4 20664
60870 12 4 20544
60874 12 7 20649
60876 12 11 20631
60878 12 7 20525
60886 12 7 20609
60888 12 7 20681
60892 12 11 20639
60894 12 11 20595
60900 12 7 20561
60904 12 7 20685
60908 12 8 20658
60910 12 4 20672
60922 12 4 20632
60924 12 8 20650
60926 12 11 20659
60928 12 7 20701
60940 12 8 20542
60942 12 11 20683
60946 12 8 20710
60958 12 8 20674
60960 12 8 20682
60976 12 4 20684
60978 12 4 20692
60986 12 11 20731
60988 12 11 20551
60990 12 4 20680
60994 12 8 20546
61002 12 4 20588
61006 12 7 20657
61010 12 8 20582
61014 12 11 20511
61018 12 11 20715
61020 12 11 20623
61024 12 4 20756
61026 12 7 20481
61028 12 11 20535
61032 12 4 20560
61036 12 8 20618
61038 12 4 20696
61046 12 11 20603
61050 12 7 20773
61052 12 11 20599
61056 12 4 20728
61064 12 4 20736
61066 12 4 20740
61068 12 7 20529
61074 12 7 20665
61080 12 7 20565
61088 12 4 20716
61090 12 11 20755
61092 12 8 20798
61102 12 4 20488
61112 12 7 20729
61118 12 7 20797
61124 12 8 20754
61126 12 11 20771
61128 12 8 20598
61130 12 11 20783
61134 12 7 20785
61160 12 4 20732
61166 12 11 20619
61170 12 8 20730
61176 12 8 20666
61180 12 8 20590
61182 12 8 20606
61186 12 7 20813
61188 12 8 20846
61198 12 4 20804
61202 12 7 20857
61204 12 8 20822
61206 12 7 20853
61210 12 7 20605
61216 12 4 20784
61220 12 8 20858
61228 12 11 20499
61236 12 4 20888
61262 12 7 20753
61264 12 8 20762
61276 12 7 20717
61284 12 8 20850
61290 12 8 20786
61296 12 11 20699
61308 12 11 20763
61312 12 4 20872
61318 12 11 20815
61328 12 8 20734
61330 12 11 20811
61340 12 11 20739
61346 12 7 20577
61354 12 8 20870
61356 12 11 20875
61358 12 7 20937
61378 12 7 20841
61382 12 8 20906
61396 12 4 20832
61398 12 11 20703
61404 12 4 20884
61410 12 11 20559
61414 12 4 20792
61424 12 8 20834
61432 12 11 20823
61438 12 8 20938
61444 12 8 20930
61446 12 4 20776
61460 12 8 20842
61464 12 7 20909
61466 12 4 20940
61468 12 11 20947
61494 12 11 20523
61500 12 11 20583
61526 12 11 20555
61554 12 11 20967
61572 12 7 20925
61580 12 8 20974
61582 12 7 20953
61584 12 11 20799
61592 12 4 20788
61598 12 8 20706
61604 12 7 20689
61618 12 4 20868
61622 12 4 20704
61624 12 4 20920
61626 12 8 20746
61628 12 4 20996
61630 12 11 20775
61634 12 8 20806
61660 12 8 20966
61664 12 4 20900
61666 12 11 20647
61674 12 7 20705
61676 12 11 20743
61678 12 11 20751
61680 12 7 20533
61682 12 4 20688
61684 12 7 20829
61694 12 11 20931
61696 12 4 21304
61724 12 8 20854
61726 12 7 20501
61728 12 8 20554
61734 12 8 20586
61746 12 11 21007
61748 12 7 20981
61750 12 11 20847
61752 12 4 20856
61756 12 7 21025
61762 12 7 20997
61764 12 11 20587
61768 12 8 20678
61772 12 4 20492
61774 12 7 21049
61780 12 8 20750
61782 12 7 20761
61792 12 7 21081
61796 12 11 20567
61798 12 8 20774
61806 12 4 20952
61824 12 11 21011
61826 12 11 20995
61828 12 7 21001
61832 12 11 21031
61848 12 7 21061
61860 12 7 20789
61862 12 4 20968
61864 12 4 21080
61872 12 11 20999
61908 12 7 20945
61912 12 11 20983
61914 12 11 20987
61916 12 8 20998
61920 12 8 21066
61930 12 4 21104
61940 12 4 21000
61944 12 7 20509
61946 12 4 20772
61948 12 7 21113
61954 12 4 20796
61962 12 8 20862
61964 12 7 21169
61970 12 11 20643
61974 12 7 20885
61976 12 4 20484
61980 12 7 20777
61982 12 8 20778
61984 12 11 20779
61992 12 8 21014
62006 12 8 20918
62008 12 4 21160
62010 12 11 21159
62012 12 11 20839
62020 12 8 20498
62022 12 7 20861
62024 12 11 21139
62026 12 8 20626
62036 12 8 21110
62038 12 8 21158
62040 12 7 21085
62042 12 4 21096
62056 12 4 21112
62058 12 8 21022
62070 12 11 21051
62072 12 7 20865
62080 12 8 20718
62084 12 8 21142
62090 12 11 21091
62096 12 4 21120
62098 12 4 20500
62104 12 11 21079
62116 12 8 20886
62128 12 4 21152
62142 12 7 21121
62144 12 4 20616
62146 12 8 20958
62154 12 11 20651
62170 12 7 21097
62172 12 4 20976
62176 12 8 20686
62178 12 7 20805
62188 12 4 21024
62190 12 4 20812
62208 12 4 21192
62210 12 7 20745
62218 12 11 21027
62224 12 7 20673
62234 12 8 20970
62238 12 7 21045
62240 12 8 20810
62244 12 4 21172
62266 12 4 21200
62268 12 7 20517
62272 12 8 21226
62274 12 7 20521
62276 12 8 21018
62304 12 8 21094
62306 12 8 21098
62308 12 8 21178
62310 12 8 21202
62314 12 4 21180
62326 12 8 20638
62328 12 11 20891
62330 12 8 21082
62332 12 11 21099
62334 12 11 21127
62336 12 8 21134
62338 12 7 21161
62340 12 4 20516
62342 12 8 21206
62354 12 7 21197
62356 12 8 20758
62362 12 8 21218
62372 12 4 21204
62418 12 11 21071
62420 12 8 21106
62424 12 8 21054
62434 12 8 21222
62442 12 11 20747
62446 12 11 20579
62454 12 8 20866
62456 12 8 21318
62460 12 11 21231
62464 12 7 20965
62466 12 4 20988
62468 12 7 20961
62474 12 11 20735
62486 12 7 20901
62500 12 8 21126
62502 12 4 21128
62508 12 4 20828
62510 12 4 21040
62522 12 4 21256
62528 12 7 21205
62536 12 4 21284
62540 12 7 20677
62554 12 8 21290
62558 12 8 21114
62562 12 11 21123
62574 12 7 21213
62576 12 4 21296
62578 12 8 20882
62620 12 7 21273
62622 12 4 20700
62624 12 4 21176
62632 12 4 21276
62642 12 11 20919
62652 12 11 21199
62654 12 4 20528
62672 12 4 21236
62674 12 7 21293
62680 12 4 20656
62724 12 8 21322
62740 12 11 20887
62744 12 4 20948
62750 12 7 20741
62764 12 8 21298
62774 12 4 21260
62778 12 4 21196
62794 12 11 21059
62808 12 8 21258
62814 12 8 21062
62820 12 8 21302
62846 12 4 21316
62848 12 11 21319
62850 12 8 21330
62856 12 8 21238
62862 12 8 20642
62864 12 7 21033
62866 12 8 21122
62876 12 7 20825
62878 12 4 20652
62880 12 11 20955
62884 12 8 20982
62898 12 7 21337
62928 12 8 21138
62950 12 8 20986
62956 12 8 20910
62998 12 11 20935
63010 12 4 21268
63016 12 11 21323
63018 12 7 21349
63020 12 4 21188
63028 12 4 20912
63030 12 8 21010
63032 12 11 21075
63056 12 7 21297
63062 12 7 21345
63066 12 7 21165
63070 12 8 21166
63074 12 11 21283
63076 12 11 21391
63088 12 7 21093
63114 12 11 21355
63118 12 4 21004
63120 12 11 21291
63130 12 8 20954
63136 12 7 21393
63158 12 11 21351
63164 12 4 20864
63170 12 7 20985
63202 12 7 21377
63242 12 11 21331
63244 12 8 21370
63250 12 4 21068
63252 12 7 21069
63260 12 7 21397
63280 12 4 21100
63284 12 8 20794
63290 12 4 21408
63292 12 8 20482
63294 12 11 21399
63304 12 7 20613
63318 12 8 21398
63326 12 8 21358
63328 12 4 21388
63340 12 8 21382
63344 12 4 21332
63364 12 7 21417
63376 12 7 20841
63380 12 4 20916
63404 12 7 21401
63406 12 8 21414
63458 12 8 21362
63460 12 4 21372
63462 12 11 21103
63476 12 7 20697
63506 12 8 21210
63536 12 7 20593
63564 12 7 21185
63584 12 4 20932
63598 12 8 21454
63602 12 4 21336
63604 12 11 20687
63606 12 11 21479
63608 12 7 21265
63610 12 7 21413
63614 12 11 21483
63624 12 8 21482
63630 12 7 20949
63632 12 8 20594
63658 12 8 21438
63664 12 7 21281
63700 12 8 21150
63722 12 11 21447
63724 12 11 21451
63726 12 4 21456
63728 12 11 21463
63736 12 11 21439
63754 12 8 21314
63760 12 8 24874
63762 12 11 24891
63764 12 4 24948
63766 12 4 11752
63768 12 8 11414
63770 12 8 12242
63772 12 4 11536
63774 12 4 11880
63776 12 7 11881
63778 12 4 12064
63780 12 11 11603
63782 12 11 11651
63784 12 11 11571
63786 12 8 11762
63788 12 11 11915
63790 12 7 11905
63792 12 7 11393
63794 12 7 11713
63796 12 11 11439
63798 12 4 12184
63800 12 11 11551
63802 12 4 12208
63804 12 4 12028
63806 12 7 12061
63808 12 7 12109
63812 12 7 12277
63814 12 4 11320
63816 12 7 11389
63818 12 7 11505
63820 12 7 11521
63822 12 8 11586
63824 12 8 11910
63828 12 7 11417
63830 12 8 11470
63832 12 8 11558
63834 12 7 12093
63836 12 7 11309
63838 12 8 11434
63842 12 11 11423
63844 12 11 11827
63848 12 11 12191
63850 12 11 11539
63852 12 11 11823
63854 12 7 12273
63856 12 11 11975
63860 12 11 12147
63864 12 11 11771
63866 12 8 11710
63868 12 4 11852
63870 12 8 11642
63872 12 11 11883
63874 12 8 12226
63876 12 4 11340
63878 12 8 12006
63880 12 7 11293
63882 12 8 11322
63884 12 4 11616
63886 12 7 11965
63894 12 4 12240
63898 12 8 11818
63904 12 8 11662
63906 12 4 11964
63908 12 4 11740
63910 12 7 12101
63914 12 8 12166
63916 12 11 11435
63918 12 7 11705
63922 12 4 11528
63924 12 8 11578
63928 12 11 11347
63934 12 4 11396
63936 12 11 11535
63938 12 11 11899
63942 12 7 11485
63948 12 7 11533
63950 12 7 11865
63952 12 8 11934
63954 12 7 11629
63956 12 7 11817
63964 12 7 11909
63968 12 11 12103
63972 12 11 11407
63974 12 7 11461
63978 12 4 11600
63982 12 4 12120
63984 12 8 11314
63986 12 4 11668
63988 12 4 11792
64002 12 4 12068
64004 12 11 11331
64008 12 8 11594
64010 12 8 11806
64012 12 7 11345
64014 12 7 11929
64018 12 4 11500
64020 12 4 11888
64022 12 8 11542
64024 12 4 11676
64030 12 11 11851
64034 12 11 11399
64036 12 7 12001
64040 12 11 11747
64044 12 4 11572
64046 12 7 11621
64048 12 11 11491
64052 12 11 11635
64056 12 4 11416
64058 12 4 11580
64064 12 8 11670
64068 12 8 11998
64070 12 7 12057
64074 12 8 11722
64076 12 4 12088
64086 12 4 11288
64088 12 7 12173
64090 12 4 11660
64100 12 8 12086
64102 12 4 12140
64104 12 4 12188
64108 12 4 11460
64110 12 7 12005
64118 12 11 11319
64122 12 7 11369
64126 12 8 11834
64128 12 8 11902
64136 12 8 11930
64142 12 4 11272
64144 12 11 12131
64148 12 8 11782
64150 12 11 11607
64168 12 4 11612
64170 12 7 11613
64172 12 4 11624
64174 12 4 11784
64176 12 8 12034
64184 12 11 11691
64186 12 4 11988
64188 12 8 11494
64192 12 11 11855
64200 12 8 12282
64208 12 7 11405
64212 12 11 11563
64214 12 4 11704
64216 12 4 12264
64218 12 8 11978
64220 12 8 11742
64230 12 11 11951
64232 12 4 12072
64236 12 11 11611
64238 12 11 11735
64254 12 11 12163
64260 12 4 11348
64262 12 11 11907
64264 12 11 12039
64266 12 8 12042
64268 12 7 11269
64270 12 7 11721
64272 12 8 11962
64282 12 8 11430
64296 12 4 11816
64298 12 11 11415
64300 12 7 12117
64302 12 7 11497
64304 12 8 11754
64306 12 7 12077
64314 12 8 12234
64316 12 8 11938
64322 12 11 11959
64324 12 4 11972
64326 12 4 11920
64328 12 4 12076
64330 12 8 11418
64342 12 11 11351
64352 12 8 12270
64368 12 7 11717
64376 12 7 11469
64378 12 7 11645
64390 12 8 11454
64398 12 4 11840
64402 12 11 11411
64408 12 8 11890
64410 12 11 11519
64412 12 11 11999
64414 12 11 11419
64418 12 4 11392
64422 12 4 11980
64438 12 11 12231
64440 12 8 12026
64444 12 4 11944
64448 12 11 12143
64460 12 4 11336
64474 12 8 11894
64484 12 7 11757
64488 12 4 11344
64490 12 11 12235
64492 12 7 12081
64496 12 8 11514
64510 12 4 12144
64516 12 11 11879
64518 12 4 11444
64522 12 11 11955
64524 12 4 12236
64526 12 7 12185
64536 12 7 11609
64540 12 4 11432
64542 12 7 12029
64544 12 8 11358
64556 12 11 11935
64568 12 4 12052
64574 12 11 11679
64580 12 4 11520
64596 12 8 11342
64600 12 8 11278
64602 12 11 11363
64604 12 8 11522
64606 12 8 11614
64622 12 4 11644
64628 12 7 11825
64630 12 8 14350
64632 12 4 14872
64634 12 8 14962
64638 12 11 14399
64640 12 7 14829
64642 12 4 14836
64644 12 11 15131
64646 12 4 15196
64648 12 4 15300
64650 12 11 14871
64652 12 11 15151
64654 12 4 15156
64656 12 8 15270
64660 12 4 14724
64664 12 11 15143
64666 12 8 14634
64670 12 4 14984
64672 12 8 14886
64674 12 8 14586
64676 12 11 15091
64678 12 8 14778
64680 12 7 14845
64684 12 4 14908
64704 12 7 15273
64706 12 4 14436
64710 12 8 14922
64712 12 8 14354
64722 12 7 14881
64730 12 11 15195
64732 12 4 15116
64734 12 11 14779
64736 12 4 14828
64744 12 8 14466
64746 12 11 14503
64748 12 8 15202
64750 12 11 14931
64752 12 4 14940
64756 12 4 14500
64762 12 11 14875
64770 12 7 14433
64774 12 8 15346
64776 12 8 14346
64784 12 8 15298
64786 12 7 14753
64792 12 4 15236
64794 12 11 15107
64796 12 4 15312
64804 12 4 14504
64806 12 7 14773
64808 12 11 15231
64810 12 7 14505
64820 12 11 14891
64822 12 7 14701
64828 12 7 14405
64836 12 4 15068
64838 12 11 15259
64840 12 4 14796
64842 12 4 14340
64844 12 11 14643
64848 12 8 15130
64852 12 4 14852
64854 12 4 14660
64860 12 7 14777
64862 12 8 14870
64864 12 7 14569
64874 12 7 15349
64880 12 7 14957
64884 12 4 14696
64886 12 4 15268
64890 12 11 14987
64892 12 11 14487
64906 12 7 15345
64908 12 11 14435
64910 12 7 15313
64922 12 4 14484
64926 12 7 15305
64928 12 8 14662
64930 12 7 15357
64936 12 11 14803
64944 12 8 14670
64950 12 4 14948
64952 12 8 15342
64954 12 7 14669
64958 12 7 15277
64960 12 11 14671
64962 12 8 15294
64968 12 7 15317
64970 12 7 15229
64978 12 8 14494
64980 12 7 14805
64982 12 7 14809
64984 12 11 14811
65004 12 4 15180
65008 12 7 14637
65016 12 4 15264
65020 12 8 14698
65022 12 11 15167
65056 12 7 14865
65060 12 7 14981
65070 12 8 14682
65072 12 4 15224
65080 12 11 14347
65084 12 11 14879
65088 12 4 14464
65104 12 7 14721
65106 12 4 15252
65110 12 11 14551
65112 12 4 14576
65114 12 11 15351
65116 12 7 14821
65118 12 11 15039
65120 12 8 15126
65124 12 4 14404
65128 12 11 15243
65130 12 11 14471
65132 12 4 14832
65134 12 4 15248
65136 12 8 14570
65140 12 11 15275
65150 12 4 15212
65158 12 7 14369
65168 12 7 14565
65172 12 4 15060
65174 12 7 15257
65180 12 7 15109
65182 12 11 15271
65186 12 4 15140
65190 12 8 14510
65194 12 11 14507
65196 12 7 15341
65200 12 4 15256
65202 12 11 15267
65204 12 11 14883
65206 12 8 14342
65216 12 8 14694
65224 12 7 15153
65226 12 7 15285
65228 12 11 14407
65236 12 8 15030
65238 12 11 14623
65250 12 11 15079
65252 12 7 15253
65270 12 11 14539
65274 12 8 14378
65276 12 8 14358
65296 12 11 14635
65298 12 7 15157
65300 12 11 15279
65302 12 8 15338
65320 12 7 15041
65324 12 4 15348
65338 12 7 14373
65340 12 11 14455
65342 12 7 14481
65344 12 8 15114
65352 12 11 14395
65354 12 11 14847
65356 12 11 15111
65358 12 4 15112
65384 12 11 14899
65386 12 8 15138
65388 12 4 15220
65390 12 4 14412
65400 12 7 14441
65402 12 8 14810
65404 12 11 14927
65406 12 4 14468
65408 12 7 14625
65412 12 11 15247
65414 12 4 15324
65424 12 4 14644
65432 12 4 14700
65434 12 4 15100
65438 12 11 14627
65442 12 8 14702
65460 12 4 14452
65462 12 8 14426
65470 12 11 15343
65484 12 11 14727
65490 12 11 15227
65496 12 11 14759
65508 12 4 14928
65518 12 11 15255
65520 12 7 15173
65522 12 11 15127
65526 12 7 14605
65536 12 11 14339
65556 12 4 15352
65558 12 11 14499
65560 12 8 15122
65562 12 8 15314
65564 12 4 14364
65566 12 8 15266
65568 12 8 15354
65578 12 7 14381
65594 12 4 14552
65596 12 7 15009
65600 12 8 14918
65640 12 4 14380
65648 12 11 14527
65656 12 11 15303
65664 12 7 15117
65668 12 8 14930
65670 12 4 15144
65676 12 8 14530
65682 12 4 14788
65694 12 7 14617
65706 12 8 14830
65724 12 4 14600
65726 12 4 15300
65728 12 11 15307
65730 12 8 15350
65734 12 4 14568
65736 12 7 14909
65738 12 11 14915
65740 12 7 14925
65756 12 7 14537
65758 12 8 14754
65762 12 4 15328
65770 12 8 15006
65810 12 4 14492
65820 12 7 15329
65824 12 8 14982
65826 12 11 15183
65828 12 11 15331
65840 12 8 14954
65866 12 4 15340
65884 12 4 14456
65900 12 7 15265
65902 12 8 15286
65904 12 8 14606
65926 12 11 15087
65950 12 11 14711
65952 12 11 14799
65958 12 4 14476
65970 12 11 15119
65972 12 7 15261
65974 12 8 15334
65998 12 11 15355
66000 12 7 14685
66038 12 11 13035
66040 12 8 13042
66042 12 11 12635
66044 12 8 13294
66046 12 8 13302
66048 12 8 12626
66050 12 8 12834
66052 12 11 12611
66054 12 8 12402
66056 12 11 12431
66058 12 4 12460
66060 12 11 12619
66062 12 4 13056
66064 12 8 12466
66066 12 4 12780
66068 12 8 12906
66070 12 4 13240
66072 12 8 13270
66074 12 8 12698
66076 12 4 12948
66080 12 11 12511
66082 12 11 12763
66084 12 11 12767
66088 12 8 12366
66090 12 7 13253
66092 12 4 12452
66094 12 4 12488
66096 12 8 13130
66100 12 7 13293
66102 12 7 12813
66108 12 11 12363
66110 12 8 12574
66112 12 8 12838
66120 12 11 13171
66124 12 11 12959
66126 12 11 12391
66128 12 11 12583
66132 12 4 12524
66134 12 8 12870
66136 12 4 12764
66140 12 8 12622
66142 12 4 12624
66144 12 8 12586
66148 12 4 12304
66154 12 8 12538
66156 12 11 13235
66160 12 8 12530
66162 12 4 12500
66164 12 11 12819
66172 12 4 12608
66174 12 4 12328
66176 12 7 12701
66180 12 11 12547
66182 12 11 12911
66184 12 7 13121
66192 12 4 13180
66198 12 7 12293
66202 12 7 12661
66206 12 7 12881
66216 12 7 12529
66218 12 4 12384
66230 12 11 13307
66232 12 7 13089
66236 12 7 13085
66254 12 11 12659
66260 12 11 13283
66262 12 11 12487
66264 12 11 13119
66266 12 7 13269
66272 12 8 12338
66274 12 8 12442
66276 12 8 12474
66280 12 11 12595
66282 12 11 12855
66284 12 8 13194
66286 12 11 13219
66294 12 11 12331
66302 12 8 12614
66306 12 8 12842
66308 12 4 12912
66314 12 7 12745
66316 12 11 13187
66318 12 4 12344
66320 12 4 13044
66322 12 7 12557
66324 12 7 12289
66328 12 4 13288
66334 12 7 12669
66336 12 8 12670
66338 12 11 12603
66340 12 11 13143
66346 12 7 12461
66352 12 8 13274
66354 12 8 12386
66356 12 7 12793
66360 12 11 12399
66362 12 4 12816
66368 12 4 13304
66372 12 11 12995
66374 12 8 13202
66378 12 11 12535
66380 12 4 12672
66384 12 8 13182
66386 12 11 13227
66390 12 8 13014
66392 12 4 13296
66396 12 11 12515
66398 12 8 13138
66400 12 8 12566
66408 12 11 13095
66410 12 11 13295
66412 12 8 12370
66414 12 8 12494
66416 12 11 12495
66424 12 7 12381
66428 12 8 13118
66430 12 4 13292
66432 12 7 12505
66442 12 4 13072
66448 12 8 13310
66454 12 11 12435
66456 12 4 13016
66458 12 11 13275
66472 12 7 13141
66478 12 4 12868
66482 12 11 13259
66486 12 8 12502
66494 12 4 12804
66496 12 7 12653
66500 12 4 12472
66504 12 8 12718
66506 12 7 13101
66516 12 7 13117
66518 12 7 12425
66522 12 11 12339
66524 12 11 12787
66526 12 8 13022
66528 12 4 13148
66530 12 4 12888
66532 12 11 13255
66558 12 7 12437
66560 12 4 12944
66562 12 8 13206
66564 12 7 12969
66572 12 4 12840
66574 12 4 12376
66576 12 8 12890
66578 12 4 13176
66580 12 11 12759
66582 12 4 12892
66588 12 11 12447
66592 12 7 12801
66602 12 7 13161
66606 12 11 12739
66608 12 7 13297
66612 12 11 12715
66614 12 11 12847
66616 12 4 13128
66626 12 11 13211
66640 12 4 12520
66642 12 8 12926
66650 12 7 12729
66680 12 4 12372
66686 12 4 13160
66688 12 4 13120
66700 12 11 12651
66702 12 7 13273
66714 12 7 12781
66716 12 4 12796
66722 12 11 13031
66726 12 4 12956
66728 12 8 13086
66734 12 11 12607
66736 12 11 12639
66738 12 4 12916
66748 12 7 13177
66750 12 11 12647
66776 12 7 13145
66780 12 4 12708
66782 12 11 13151
66786 12 11 13215
66788 12 11 13131
66792 12 4 12564
66794 12 11 12875
66796 12 7 12617
66804 12 7 13261
66806 12 7 13037
66828 12 7 12485
66830 12 8 12794
66832 12 7 13185
66870 12 7 12913
66874 12 11 12955
66876 12 4 12616
66878 12 11 12795
66882 12 4 12740
66888 12 7 12805
66890 12 4 12920
66892 12 11 12931
66894 12 11 12967
66896 12 8 13102
66898 12 7 13301
66914 12 7 12405
66930 12 4 12468
66942 12 4 12812
66948 12 8 13046
66954 12 8 12802
66958 12 7 12853
66960 12 8 12998
66962 12 4 13028
66970 12 8 13238
66972 12 7 12773
66984 12 11 12951
66992 12 4 12736
67002 12 4 12864
67006 12 4 12936
67008 12 8 13158
67018 12 11 12643
67024 12 11 13303
67026 12 8 12594
67044 12 7 12561
67046 12 7 12789
67048 12 7 12997
67060 12 4 12340
67074 12 11 13563
67076 12 11 14159
67078 12 4 14328
67080 12 8 13566
67084 12 7 14177
67086 12 11 13987
67088 12 11 14255
67090 12 4 13836
67092 12 4 13712
67094 12 11 14335
67098 12 4 13352
67100 12 8 14234
67104 12 4 13892
67106 12 11 13947
67108 12 11 14295
67110 12 4 14212
67112 12 11 13435
67116 12 11 14275
67118 12 8 13726
67120 12 11 13703
67122 12 11 13991
67130 12 11 14251
67132 12 11 14175
67134 12 11 13527
67136 12 4 14008
67138 12 4 14084
67140 12 7 13825
67144 12 4 13976
67146 12 11 14135
67148 12 7 13529
67150 12 4 14076
67152 12 4 14184
67154 12 11 13555
67156 12 4 13560
67158 12 7 13849
67160 12 11 14115
67162 12 8 13830
67164 12 7 13373
67170 12 11 13439
67172 12 4 13832
67174 12 8 13942
67176 12 7 14109
67180 12 8 13498
67184 12 7 13509
67186 12 8 14114
67190 12 4 13644
67192 12 8 14086
67196 12 7 14105
67198 12 7 13409
67200 12 7 14009
67202 12 8 13898
67204 12 4 14224
67206 12 4 14280
67208 12 7 13329
67210 12 7 13837
67214 12 4 13444
67218 12 8 14198
67228 12 4 14080
67232 12 7 13393
67238 12 7 14241
67240 12 7 13549
67242 12 7 13477
67246 12 4 13880
67248 12 7 13981
67250 12 7 14077
67252 12 4 13568
67254 12 11 13823
67256 12 11 13927
67258 12 4 13928
67260 12 7 13621
67262 12 7 13617
67266 12 11 13911
67268 12 8 14170
67272 12 11 14007
67276 12 8 13314
67278 12 7 13437
67280 12 8 13658
67282 12 11 13895
67286 12 4 14172
67288 12 11 14319
67290 12 8 13610
67294 12 7 13637
67296 12 4 13548
67300 12 7 13653
67312 12 11 13827
67314 12 8 13478
67320 12 8 13686
67322 12 8 13458
67330 12 8 13694
67334 12 8 13598
67336 12 8 13950
67342 12 7 14189
67344 12 11 13811
67346 12 8 14110
67350 12 11 13339
67356 12 11 13415
67358 12 4 14180
67362 12 7 13369
67368 12 8 13910
67374 12 7 14257
67378 12 7 14333
67382 12 8 13578
67384 12 4 13744
67388 12 7 13333
67396 12 7 13457
67398 12 4 13556
67400 12 4 14296
67402 12 7 14329
67404 12 4 13348
67420 12 4 14068
67428 12 11 13543
67430 12 4 14152
67432 12 4 14248
67434 12 8 13958
67436 12 8 14298
67438 12 11 13751
67448 12 4 13952
67456 12 4 13392
67464 12 4 13664
67466 12 11 13407
67470 12 7 13853
67472 12 4 14088
67476 12 8 13586
67478 12 7 13937
67480 12 8 14046
67482 12 8 14182
67484 12 7 13921
67486 12 7 13401
67490 12 7 13813
67496 12 4 14136
67502 12 11 14219
67504 12 8 14310
67506 12 7 13753
67508 12 11 14011
67512 12 8 13758
67526 12 11 13763
67530 12 7 13821
67542 12 11 13871
67548 12 8 14102
67552 12 7 13541
67556 12 11 14259
67560 12 11 13483
67562 12 8 13494
67564 12 11 13495
67582 12 7 14093
67586 12 8 14246
67590 12 4 13896
67602 12 11 13779
67608 12 11 13447
67616 12 4 13452
67620 12 11 13695
67628 12 7 13517
67630 12 11 13575
67632 12 8 13834
67638 12 7 13645
67640 12 11 14019
67646 12 4 13472
67648 12 11 13399
67654 12 4 13924
67668 12 4 13684
67670 12 11 13719
67672 12 11 13915
67678 12 7 13845
67684 12 4 13328
67686 12 4 13360
67688 12 4 13584
67694 12 4 14004
67706 12 4 13872
67708 12 11 13791
67712 12 8 13374
67714 12 8 13874
67718 12 7 13473
67720 12 4 13800
67722 12 11 14099
67726 12 8 13646
67728 12 11 14083
67736 12 7 13449
67740 12 8 14082
67748 12 7 13593
67750 12 8 13762
67764 12 7 13789
67768 12 8 13954
67776 12 4 14124
67778 12 4 13480
67786 12 11 14027
67788 12 11 14315
67792 12 8 13394
67794 12 4 13500
67810 12 7 13877
67812 12 7 13961
67822 12 11 14235
67824 12 11 14087
67834 12 8 13946
67836 12 8 13966
67840 12 7 14053
67854 12 8 13714
67856 12 11 14303
67858 12 7 14185
67864 12 11 13663
67866 12 7 14073
67884 12 4 14188
67890 12 4 13760
67902 12 8 14258
67912 12 11 13943
67914 12 8 13914
67928 12 7 14161
67936 12 4 13320
67938 12 4 14200
67946 12 11 13755
67954 12 4 14276
67960 12 7 13977
67962 12 11 13455
67964 12 8 14106
67976 12 11 13971
67978 12 4 14264
67998 12 11 13659
68000 12 8 14266
68002 12 11 13851
68006 12 7 13397
68008 12 11 13471
68010 12 8 13854
68012 12 11 13907
68014 12 11 14131
68018 12 8 13730
68032 12 4 13368
68034 12 4 13524
68038 12 7 14269
68040 12 4 13400
68058 12 11 14091
68068 12 4 14232
68074 12 7 14137
68076 12 8 13518
68092 12 7 14221
68132 12 7 14085
68142 12 7 14069
68148 12 11 13675
68150 12 8 13902
68156 12 4 13808
68158 12 4 14072
68160 12 11 14287
68168 12 11 14327
68196 12 11 13723
68214 12 11 2995
68216 12 4 7936
68226 12 8 8150
