0 4 19 7608
2 4 23 7599
6 4 23 7647
8 4 21 8065
12 4 3 7650
14 4 1 8080
16 4 21 7657
18 4 2 7709
20 4 21 8173
22 4 10 7785
24 4 10 8097
26 4 9 7280
28 4 23 7467
30 4 9 7652
32 4 3 7866
34 4 1 7432
36 4 10 8001
38 4 14 8002
40 4 15 8003
42 4 19 8004
44 4 22 8114
48 4 23 7803
50 4 23 7659
52 4 14 7870
54 4 23 8019
56 4 1 8020
58 4 2 8021
60 4 3 8022
62 4 14 7990
64 4 22 8186
66 4 22 7910
68 4 3 8046
70 4 21 8101
72 4 2 7793
74 4 9 7784
76 4 15 7799
78 4 23 7791
80 4 3 7794
82 4 1 7792
84 4 10 7797
86 4 9 7796
88 4 21 7801
90 4 22 7838
92 4 22 7406
94 4 19 7488
96 4 5 7819
98 4 14 7882
100 4 5 7831
102 4 10 7905
104 4 2 7841
106 4 23 7899
108 4 5 7735
110 4 9 7736
112 4 10 7737
114 4 14 7738
116 4 10 8121
118 4 19 7656
122 4 21 7417
124 4 19 7668
126 4 1 7684
128 4 21 7777
130 4 1 7852
132 4 15 7883
134 4 15 7859
136 4 15 7871
138 4 5 7867
140 4 9 7868
142 4 21 7873
144 4 9 7880
146 4 3 7878
148 4 10 7881
150 4 9 7412
152 4 22 7490
154 4 3 7710
156 4 3 7266
158 4 15 7283
160 4 23 7407
162 4 23 7887
166 4 10 7749
168 4 23 7779
170 4 2 8117
172 4 21 7885
174 4 5 7903
176 4 3 7902
180 4 15 7907
182 4 1 7252
184 4 23 8055
186 4 21 7909
188 4 3 7914
190 4 10 7281
192 4 14 8098
194 4 21 7933
196 4 9 7940
198 4 22 8054
200 4 5 7195
202 4 23 8067
204 4 9 7196
206 4 1 8068
208 4 10 7197
210 4 2 8069
212 4 14 7198
214 4 3 8070
216 4 15 7199
218 4 5 8071
220 4 19 7200
222 4 9 8072
224 4 21 7201
226 4 23 8079
228 4 15 8099
230 4 19 8100
232 4 23 8103
234 4 19 8064
236 4 10 7413
238 4 15 7415
240 4 15 7499
242 4 19 7500
244 4 3 7722
246 4 22 7802
248 4 15 7919
250 4 5 7207
252 4 22 8102
254 4 5 7219
256 4 3 8094
258 4 19 7224
260 4 2 8093
262 4 21 7225
264 4 1 8092
266 4 22 7226
268 4 23 8091
270 4 23 7227
272 4 22 8090
274 4 1 7228
276 4 21 8089
278 4 2 7229
280 4 19 8088
282 4 3 7230
284 4 15 8087
286 4 5 7231
288 4 14 8086
290 4 10 7233
292 4 9 8084
294 4 9 7208
296 4 10 7209
298 4 10 8073
300 4 2 8081
302 4 15 7211
304 4 15 8075
306 4 21 7213
308 4 21 8077
310 4 22 7214
312 4 22 8078
314 4 15 7235
316 4 5 8095
318 4 14 7282
320 4 14 8110
324 4 21 7993
326 4 22 7994
328 4 23 7995
330 4 1 7996
332 4 10 8049
334 4 9 7232
336 4 10 8085
338 4 14 7234
340 4 5 8083
342 4 19 7212
344 4 19 8076
348 4 22 8066
350 4 9 7268
352 4 1 8116
354 4 1 4044
358 4 10 3893
360 4 23 4043
362 4 5 4047
364 4 9 4048
366 4 10 4049
382 4 2 4045
392 4 2 3889
394 4 3 3890
396 4 5 3891
398 4 9 3892
400 4 21 4089
402 4 22 4090
410 4 15 3451
412 4 22 3454
414 4 23 3455
434 4 19 3452
436 4 21 3453
448 4 5 3699
450 4 9 3700
452 4 21 3705
454 4 1 3276
456 4 2 3277
458 4 3 3278
460 4 10 3281
462 4 14 3282
464 4 15 3283
466 4 19 3284
472 4 10 3701
474 4 14 3702
476 4 15 3703
478 4 19 3704
504 4 14 3870
506 4 19 3872
508 4 10 4073
528 4 5 4071
532 4 21 3345
534 4 22 3346
536 4 2 3349
538 4 14 4014
540 4 19 4016
542 4 3 4058
544 4 10 4061
566 4 22 3286
568 4 1 3288
574 4 23 3347
576 4 1 3348
580 4 2 3361
582 4 5 3363
584 4 9 3364
586 4 1 3456
588 4 3 3458
590 4 5 3459
592 4 10 3545
614 4 3 3362
624 4 2 3457
652 4 15 3871
654 4 21 3873
676 4 15 3883
678 4 19 3884
680 4 22 3886
686 4 21 3885
762 4 19 4064
764 4 21 4077
766 4 23 4079
768 4 1 4080
770 4 15 4087
802 4 1 4032
804 4 5 4035
814 4 1 3552
816 4 3 3554
818 4 9 3556
820 4 21 3693
822 4 22 3694
824 4 3 3698
826 4 10 4037
828 4 14 4038
834 4 23 3695
836 4 1 3696
838 4 2 3697
844 4 2 3553
848 4 5 3555
892 4 23 3383
894 4 3 3386
896 4 15 4063
898 4 21 4065
900 4 22 4066
902 4 1 4068
934 4 9 3808
936 4 10 3809
942 4 14 3678
944 4 15 3679
946 4 19 3680
954 4 21 3681
976 4 22 3682
978 4 23 3683
980 4 2 3685
986 4 14 3810
1012 4 15 3811
1018 4 1 3684
1036 4 22 3778
1038 4 23 3779
1040 4 2 3781
1046 4 1 3780
1096 4 3 3782
1098 4 9 3784
1100 4 10 3785
1104 4 5 3783
1136 4 14 3786
1138 4 15 3787
1140 4 19 3788
1148 4 21 3789
1250 4 22 3706
1252 4 23 3707
1254 4 1 3708
1268 4 2 3709
1310 4 14 3714
1312 4 15 3715
1314 4 19 3716
1322 4 21 3717
1370 4 22 3718
1372 4 23 3719
1374 4 1 3720
1382 4 2 3721
1450 4 3 3722
1452 4 5 3723
1454 4 10 3725
1466 4 9 3724
1496 4 14 3726
1498 4 15 3727
1500 4 19 3728
1502 4 21 3729
1504 4 22 3730
1506 4 23 3731
1508 4 1 3732
1562 4 2 3733
1564 4 3 3734
1566 4 5 3735
1568 4 9 3736
1570 4 10 3737
1572 4 14 3738
1574 4 15 3739
1616 4 19 3740
1674 4 21 3741
1676 4 1 3744
1678 4 2 3745
1688 4 22 3742
1690 4 23 3743
1696 4 3 3746
1698 4 5 3747
1700 4 9 3748
1702 4 10 3749
1704 4 14 3750
1754 4 15 3751
1774 4 19 3752
1776 4 22 3754
1778 4 23 3755
1798 4 21 3753
1818 4 1 3756
1820 4 2 3757
1822 4 3 3758
1824 4 10 3761
1832 4 5 3759
1834 4 9 3760
1838 4 14 3762
1872 4 14 3546
1874 4 15 3547
1876 4 19 3548
1878 4 21 3549
1880 4 22 3550
1882 4 23 3551
1896 4 15 3763
1898 4 19 3764
1900 4 21 3765
1902 4 22 3766
1904 4 23 3767
1906 4 1 3768
1908 4 2 3769
1934 4 3 3770
1936 4 5 3771
1938 4 9 3772
1968 4 10 3773
1994 4 14 3774
1996 4 15 3775
1998 4 19 3776
2000 4 21 3777
2042 4 22 3790
2044 4 23 3791
2046 4 2 3793
2052 4 1 3792
2096 4 15 3667
2098 4 19 3668
2100 4 21 3669
2108 4 22 3670
2208 4 3 3710
2210 4 5 3711
2212 4 9 3712
2226 4 10 3713
2268 4 1 6288
2270 4 2 6289
2272 4 3 6290
2274 4 5 6291
2276 4 5 6171
2278 4 14 6174
2280 4 22 6310
2282 4 23 6311
2284 4 1 6312
2286 4 2 6313
2288 4 23 6335
2290 4 1 6336
2300 4 3 6326
2302 4 15 6415
2304 4 10 6497
2306 4 14 6498
2308 4 15 6499
2310 4 19 6500
2312 4 23 6623
2322 4 9 6388
2324 4 15 6619
2326 4 19 6620
2328 4 21 6621
2330 4 22 6622
2332 4 19 6176
2334 4 21 6177
2336 4 22 6178
2338 4 23 6179
2340 4 9 6208
2342 4 10 6209
2344 4 14 6210
2346 4 15 6211
2348 4 1 7008
2350 4 23 7019
2352 4 1 7020
2354 4 2 7021
2356 4 3 7022
2358 4 9 6316
2360 4 10 6317
2362 4 14 6318
2364 4 15 6319
2366 4 1 6324
2376 4 5 6219
2378 4 3 6422
2380 4 10 6965
2382 4 14 6966
2384 4 15 6967
2386 4 19 6968
2388 4 15 6199
2390 4 3 6962
2400 4 21 6969
2412 4 9 6928
2414 4 21 6957
2416 4 22 6958
2418 4 23 6959
2420 4 1 6960
2422 4 14 6282
2424 4 5 6423
2426 4 9 6976
2428 4 15 6991
2430 4 19 6992
2432 4 21 6993
2434 4 22 6994
2436 4 14 6426
2438 4 15 6427
2440 4 19 6428
2442 4 21 6429
2444 4 19 6704
2446 4 22 6742
2448 4 14 6750
2450 4 15 6751
2452 4 19 6752
2454 4 21 6753
2456 4 22 6754
2458 4 5 6963
2460 4 3 6974
2462 4 19 6212
2464 4 21 6213
2466 4 22 6214
2468 4 23 6215
2470 4 15 6727
2472 4 19 6728
2474 4 21 6729
2476 4 22 6730
2478 4 5 6747
2480 4 14 6366
2482 4 15 6367
2484 4 19 6368
2486 4 21 6369
2488 4 14 6714
2490 4 9 6772
2492 4 10 6773
2494 4 14 6774
2496 4 15 6775
2498 4 15 6955
2500 4 22 6970
2502 4 23 6971
2504 4 1 6972
2506 4 2 6973
2508 4 2 6985
2510 4 9 6232
2512 4 10 6233
2514 4 14 6234
2516 4 15 6235
2518 4 14 6270
2520 4 15 6271
2522 4 19 6272
2524 4 21 6273
2526 4 23 6287
2528 4 3 6314
2538 4 22 6238
2540 4 23 6239
2542 4 1 6240
2544 4 2 6241
2546 4 9 6292
2548 4 22 6250
2550 4 23 6251
2552 4 1 6252
2554 4 2 6253
2572 4 14 6246
2574 4 15 6247
2576 4 19 6248
2578 4 21 6249
2588 4 3 6254
2590 4 5 6255
2592 4 9 6256
2594 4 10 6257
2596 4 19 6296
2598 4 22 6298
2608 4 14 6258
2610 4 15 6259
2612 4 19 6260
2614 4 21 6261
2616 4 15 6295
2626 4 22 6262
2628 4 23 6263
2630 4 1 6264
2632 4 2 6265
2634 4 9 6304
2644 4 3 6266
2646 4 5 6267
2648 4 9 6268
2650 4 10 6269
2652 4 23 6299
2662 4 22 6274
2664 4 23 6275
2666 4 1 6276
2668 4 2 6277
2678 4 10 6305
2680 4 14 6306
2682 4 15 6307
2684 4 19 6308
2686 4 21 6309
2688 4 23 6203
2690 4 1 6204
2692 4 2 6205
2694 4 3 6206
2696 4 9 6748
2698 4 23 6995
2700 4 1 6996
2702 4 2 6997
2704 4 3 6998
2722 4 3 6902
2724 4 5 6903
2734 4 3 6278
2736 4 5 6279
2738 4 9 6280
2740 4 10 6281
2742 4 5 6315
2752 4 19 6356
2754 4 21 6357
2756 4 22 6358
2758 4 23 6359
2760 4 9 6364
2770 4 15 6283
2772 4 19 6284
2774 4 21 6285
2776 4 22 6286
2778 4 2 6325
2788 4 22 6370
2790 4 23 6371
2792 4 1 6372
2794 4 2 6373
2796 4 5 6411
2806 4 1 6300
2808 4 2 6301
2810 4 3 6302
2812 4 5 6303
2814 4 2 6337
2816 4 1 6348
2818 4 2 6349
2820 4 3 6350
2822 4 5 6351
2832 4 10 6413
2834 4 10 6221
2836 4 10 6977
2862 4 2 6625
2864 4 3 6626
2866 4 5 6627
2868 4 9 6628
2870 4 19 6668
2876 4 22 6442
2878 4 23 6443
2880 4 1 6444
2882 4 2 6445
2884 4 19 6680
2886 4 21 6741
2896 4 19 6320
2898 4 21 6321
2900 4 22 6322
2902 4 23 6323
2904 4 23 6347
2906 4 15 6343
2908 4 19 6344
2910 4 21 6345
2912 4 22 6346
2922 4 9 6400
2932 4 5 6327
2934 4 9 6328
2936 4 10 6329
2938 4 14 6330
2940 4 10 6365
2942 4 15 6331
2944 4 19 6332
2946 4 21 6333
2948 4 22 6334
2958 4 3 6398
2968 4 5 6339
2970 4 9 6340
2972 4 10 6341
2974 4 14 6342
2976 4 1 6384
2986 4 9 6352
2988 4 10 6353
2990 4 14 6354
2992 4 15 6355
2994 4 14 6378
3004 4 1 6360
3006 4 2 6361
3008 4 3 6362
3010 4 5 6363
3012 4 3 6386
3022 4 15 6451
3032 4 19 6776
3034 4 10 7013
3044 4 3 6374
3046 4 5 6375
3048 4 9 6376
3050 4 10 6377
3052 4 5 6387
3062 4 19 6380
3064 4 21 6381
3066 4 22 6382
3068 4 23 6383
3070 4 5 6399
3072 4 3 7046
3074 4 5 7047
3076 4 9 7048
3078 4 10 7049
3080 4 15 7075
3082 4 1 7092
3084 4 2 7093
3086 4 3 7094
3088 4 5 7095
3090 4 23 6755
3092 4 1 6756
3094 4 2 6757
3096 4 3 6758
3098 4 2 6769
3100 4 3 6770
3102 4 22 7018
3104 4 19 6188
3106 4 2 6193
3108 4 3 6194
3110 4 5 6195
3112 4 9 6196
3114 4 21 6201
3116 4 21 6717
3118 4 15 6739
3128 4 22 6394
3130 4 23 6395
3132 4 1 6396
3134 4 2 6397
3136 4 22 6406
3138 4 1 6228
3140 4 23 6683
3142 4 3 7070
3144 4 5 7071
3146 4 9 7072
3148 4 10 7073
3158 4 14 6390
3160 4 15 6391
3162 4 19 6392
3164 4 21 6393
3166 4 10 6401
3176 4 14 6402
3178 4 15 6403
3180 4 19 6404
3182 4 21 6405
3184 4 19 6416
3194 4 23 6407
3196 4 1 6408
3198 4 2 6409
3200 4 3 6410
3202 4 14 6414
3204 4 1 6216
3208 4 21 6453
3234 4 21 6417
3236 4 22 6418
3238 4 23 6419
3240 4 1 6420
3242 4 3 6434
3244 4 23 6743
3246 4 1 6744
3248 4 2 6745
3250 4 3 6746
3252 4 1 6768
3254 4 22 6910
3256 4 23 6911
3258 4 1 6912
3260 4 2 6913
3262 4 2 6961
3264 4 23 7067
3274 4 10 6425
3276 4 22 6430
3278 4 23 6431
3280 4 1 6432
3282 4 2 6433
3292 4 5 6435
3294 4 9 6436
3296 4 10 6437
3298 4 14 6438
3300 4 19 6440
3302 4 15 6811
3304 4 19 6812
3306 4 21 6813
3308 4 22 6814
3310 4 22 6898
3312 4 23 6899
3314 4 1 6900
3316 4 2 6901
3318 4 3 6914
3320 4 15 6979
3322 4 15 7051
3332 4 14 6450
3334 4 22 6454
3336 4 23 6455
3338 4 1 6456
3340 4 2 6457
3342 4 14 6462
3354 4 9 6904
3356 4 10 6905
3358 4 14 6906
3360 4 15 6907
3362 4 19 6932
3364 4 15 7003
3366 4 21 7065
3368 4 5 6783
3370 4 9 6784
3372 4 10 6785
3374 4 14 6786
3376 4 5 6807
3378 4 9 6808
3380 4 10 6809
3382 4 14 6810
3384 4 21 6921
3386 4 14 6930
3388 4 23 7031
3398 4 15 6787
3400 4 19 6788
3402 4 21 6789
3404 4 22 6790
3408 4 22 6922
3410 4 1 7032
3420 4 23 6791
3422 4 1 6792
3424 4 2 6793
3426 4 3 6794
3430 4 23 6923
3432 4 2 7033
3442 4 5 6795
3444 4 9 6796
3446 4 10 6797
3448 4 14 6798
3452 4 1 6924
3454 4 3 7034
3464 4 15 6799
3466 4 19 6800
3468 4 21 6801
3470 4 22 6802
3474 4 2 6925
3476 4 5 7035
3486 4 23 6803
3488 4 1 6804
3490 4 2 6805
3492 4 3 6806
3496 4 3 6926
3498 4 9 7036
3508 4 9 6832
3510 4 10 6833
3512 4 14 6834
3514 4 15 6835
3518 4 22 6934
3520 4 14 7050
3530 4 3 6890
3532 4 5 6891
3534 4 9 6892
3536 4 10 6893
3540 4 15 6919
3542 4 22 7066
3544 4 10 7085
3546 4 14 7086
3548 4 15 7087
3550 4 19 7088
3572 4 14 7026
3574 4 21 7089
3576 4 2 6421
3588 4 21 6441
3590 4 3 6446
3592 4 5 6447
3594 4 9 6448
3596 4 10 6449
3598 4 19 6884
3600 4 22 6886
3602 4 1 6888
3604 4 2 6889
3616 4 21 6933
3618 4 1 7068
3622 4 21 6885
3626 4 23 6887
3634 4 5 6939
3636 4 9 6880
3638 4 10 6881
3640 4 14 6882
3642 4 15 6883
3654 4 9 6940
3656 4 15 7063
3658 4 1 6876
3660 4 2 6877
3662 4 3 6878
3664 4 5 6879
3676 4 10 6941
3678 4 14 7062
3680 4 19 6872
3682 4 21 6873
3684 4 22 6874
3686 4 23 6875
3698 4 14 6942
3700 4 10 7061
3702 4 9 6868
3704 4 10 6869
3706 4 14 6870
3708 4 15 6871
3720 4 15 6943
3722 4 9 7060
3724 4 1 6864
3726 4 2 6865
3728 4 3 6866
3730 4 5 6867
3742 4 19 6944
3744 4 5 7059
3746 4 19 6860
3748 4 21 6861
3750 4 22 6862
3752 4 23 6863
3764 4 21 6945
3766 4 3 7058
3768 4 9 6856
3770 4 10 6857
3772 4 14 6858
3774 4 15 6859
3786 4 22 6946
3788 4 2 7057
3790 4 1 6852
3792 4 2 6853
3794 4 3 6854
3796 4 5 6855
3808 4 23 6947
3810 4 1 7056
3812 4 19 6848
3814 4 21 6849
3816 4 22 6850
3818 4 23 6851
3830 4 1 6948
3832 4 23 7055
3834 4 1 6840
3836 4 2 6841
3838 4 3 6842
3840 4 5 6843
3842 4 9 6844
3844 4 10 6845
3846 4 14 6846
3848 4 15 6847
3850 4 2 6949
3852 4 3 6950
3854 4 21 7053
3856 4 9 6760
3858 4 10 6761
3860 4 14 6762
3862 4 15 6763
3864 4 2 6781
3866 4 19 6836
3868 4 21 6837
3870 4 22 6838
3872 4 23 6839
3874 4 5 6951
3876 4 10 7037
3878 4 14 7038
3880 4 15 7039
3882 4 19 7040
3884 4 1 6816
3886 4 2 6817
3888 4 3 6818
3890 4 5 6819
3892 4 9 6820
3894 4 10 6821
3896 4 14 6822
3898 4 15 6823
3900 4 23 6935
3902 4 1 6936
3904 4 21 7041
3906 4 19 6824
3908 4 21 6825
3910 4 22 6826
3912 4 23 6827
3914 4 1 6828
3916 4 2 6829
3918 4 3 6830
3920 4 5 6831
3922 4 2 6937
3924 4 3 6938
3926 4 23 7043
3928 4 1 7044
3950 4 2 7045
3960 4 14 6894
3962 4 15 6895
3964 4 19 6896
3966 4 21 6897
3970 4 10 6953
3972 4 19 7064
3982 4 5 6915
3984 4 9 6916
3986 4 10 6917
3988 4 14 6918
3990 4 5 6927
3994 4 2 7069
4004 4 23 6815
4026 4 22 7054
4048 4 19 7052
4070 4 22 7042
4088 4 10 6497
4090 4 14 6498
4092 4 15 6499
4094 4 19 6500
4102 4 15 6775
4116 4 9 7084
4126 4 19 6908
4128 4 21 6909
4130 4 9 6952
4134 4 15 8415
4136 4 1 8240
4138 4 10 8401
4140 4 22 8238
4142 4 3 8626
4144 4 10 8629
4146 4 22 8550
4148 4 1 8228
4150 4 22 8286
4152 4 5 8843
4154 4 5 8435
4156 4 2 8445
4158 4 23 8683
4160 4 1 8276
4162 4 23 8239
4164 4 21 8429
4166 4 10 8557
4168 4 19 8284
4170 4 21 8549
4174 4 15 9063
4176 4 15 8403
4178 4 19 8404
4180 4 21 8405
4182 4 22 8406
4184 4 2 8541
4186 4 5 8807
4188 4 9 8808
4190 4 10 8809
4192 4 14 8810
4194 4 3 9022
4196 4 1 9080
4198 4 2 9153
4200 4 1 408
4202 4 22 958
4204 4 21 1017
4206 4 22 1018
4208 4 23 1019
4210 4 1 1020
4212 4 3 1022
4214 4 5 1023
4232 4 14 390
4234 4 15 391
4236 4 22 394
4242 4 19 392
4246 4 2 397
4248 4 3 398
4250 4 19 428
4252 4 2 433
4300 4 2 1
4302 4 3 2
4304 4 5 3
4306 4 10 5
4308 4 19 8
4310 4 21 9
4312 4 10 365
4314 4 3 374
4316 4 5 375
4318 4 15 379
4320 4 3 386
4338 4 14 378
4340 4 2 385
4386 4 9 292
4388 4 10 293
4390 4 15 295
4394 4 9 952
4396 4 21 957
4404 4 5 951
4408 4 15 955
4410 4 19 956
4478 4 1 384
4484 4 10 449
4486 4 14 450
4488 4 15 451
4490 4 10 461
4492 4 15 463
4494 4 22 934
4496 4 23 935
4498 4 5 939
4500 4 9 940
4602 4 19 152
4604 4 19 188
4606 4 2 205
4608 4 5 207
4610 4 23 251
4612 4 5 267
4616 4 21 189
4618 4 1 192
4620 4 22 250
4624 4 3 254
4630 4 15 187
4636 4 23 191
4640 4 2 193
4688 4 22 190
4692 4 3 194
4694 4 9 196
4696 4 10 977
4698 4 14 978
4700 4 21 981
4736 4 3 350
4740 4 19 980
4762 4 14 858
4764 4 1 984
4766 4 3 986
4768 4 14 990
4770 4 21 993
4772 4 22 994
4774 4 23 995
4776 4 2 61
4778 4 22 850
4782 4 23 863
4846 4 22 310
4856 4 10 209
4858 4 5 219
4860 4 9 220
4862 4 10 221
4864 4 15 223
4866 4 19 224
4868 4 19 416
4870 4 22 418
4872 4 3 422
4874 4 10 425
4876 4 15 427
4878 4 2 805
4880 4 9 808
4882 4 10 809
4884 4 3 1010
4886 4 9 1012
4968 4 3 206
5018 4 21 249
5024 4 2 253
5028 4 5 255
5030 4 3 962
5032 4 15 967
5080 4 21 165
5082 4 2 445
5084 4 23 467
5086 4 9 472
5088 4 14 474
5090 4 19 476
5092 4 21 477
5094 4 22 478
5096 4 23 479
5098 4 3 482
5100 4 5 483
5102 4 10 485
5198 4 10 161
5200 4 9 316
5222 4 21 153
5226 4 14 162
5230 4 21 321
5236 4 5 315
5240 4 22 322
5242 4 10 833
5244 4 21 837
5256 4 14 210
5258 4 10 941
5260 4 19 944
5262 4 23 947
5264 4 2 949
5266 4 3 950
5270 4 5 1011
5272 4 15 1015
5290 4 22 226
5298 4 14 1014
5336 4 23 143
5338 4 14 354
5340 4 21 357
5342 4 2 361
5344 4 3 362
5346 4 9 364
5350 4 5 147
5352 4 14 150
5414 4 21 237
5416 4 22 238
5418 4 5 243
5440 4 10 905
5442 4 14 906
5444 4 21 909
5446 4 5 915
5448 4 9 916
5450 4 14 918
5458 4 14 930
5460 4 19 932
5512 4 15 907
5514 4 23 911
5520 4 10 917
5524 4 14 942
5528 4 1 948
5598 4 1 228
5602 4 23 239
5674 4 3 266
5724 4 3 86
5726 4 5 87
5728 4 21 93
5730 4 15 115
5732 4 9 124
5734 4 10 125
5736 4 14 126
5738 4 15 127
5792 4 10 101
5796 4 15 355
5800 4 5 363
5824 4 1 300
5826 4 15 919
5828 4 21 921
5830 4 2 925
5834 4 15 931
5836 4 21 933
5860 4 2 985
5894 4 15 271
5896 4 3 170
5898 4 9 844
5900 4 14 846
5902 4 10 269
5906 4 1 276
5910 4 9 856
5916 4 1 48
5918 4 2 49
5920 4 9 52
5922 4 10 65
5924 4 19 68
5926 4 1 72
5928 4 5 75
5930 4 9 76
5932 4 10 77
5934 4 14 78
5936 4 19 80
5946 4 5 99
5950 4 22 106
6080 4 14 270
6084 4 23 311
6090 4 19 212
6112 4 23 959
6174 4 1 960
6194 4 22 898
6196 4 1 900
6234 4 15 823
6246 4 10 281
6250 4 21 297
6256 4 23 875
6258 4 5 171
6262 4 23 887
6264 4 2 865
6268 4 2 877
6334 4 14 822
6338 4 1 828
6342 4 9 904
6344 4 2 793
6348 4 5 831
6360 4 22 694
6362 4 21 705
6364 4 3 710
6372 4 23 683
6376 4 3 698
6422 4 19 716
6424 4 1 720
6442 4 15 727
6444 4 23 731
6494 4 14 738
6496 4 19 740
6540 4 10 749
6542 4 21 753
6588 4 9 760
6590 4 19 764
6610 4 5 771
6612 4 10 773
6638 4 14 174
6710 4 19 908
6714 4 1 912
6716 4 3 914
6720 4 22 922
6726 4 21 945
6728 4 22 946
6736 4 2 997
6738 4 3 998
6794 4 15 211
6798 4 3 218
6802 4 2 313
6876 4 10 509
6880 4 22 802
6904 4 1 516
6906 4 5 519
6932 4 23 527
6934 4 2 529
6962 4 22 538
6964 4 2 541
7016 4 21 549
7018 4 23 551
7036 4 19 560
7038 4 22 562
7064 4 15 571
7066 4 22 574
7072 4 14 582
7074 4 21 585
7082 4 10 593
7084 4 15 595
7138 4 9 604
7140 4 14 606
7154 4 5 615
7156 4 10 617
7162 4 3 626
7164 4 9 628
7212 4 21 489
7216 4 2 637
7232 4 14 498
7234 4 19 500
7258 4 5 639
7260 4 10 641
7264 4 3 650
7266 4 2 661
7268 4 5 663
7274 4 9 652
7324 4 1 672
7326 4 10 677
7342 4 9 688
7428 4 3 782
7430 4 9 784
7458 4 15 811
7462 4 5 867
7498 4 9 268
7504 4 19 272
7506 4 23 275
7510 4 5 843
7514 4 10 845
7516 4 5 855
7520 4 10 857
7522 4 15 859
7648 4 1 816
7670 4 22 2382
7672 4 23 2383
7674 4 1 2384
7676 4 2 2385
7678 4 3 2386
7680 4 5 2387
7682 4 9 2388
7684 4 15 2403
7686 4 19 2404
7688 4 21 2405
7690 4 22 2406
7692 4 23 2407
7704 4 3 2410
7706 4 9 2412
7740 4 5 2375
7742 4 9 2376
7748 4 23 2875
7750 4 2 2793
7752 4 5 2795
7754 4 3 2890
7756 4 10 2893
7758 4 19 2896
7760 4 15 2859
7762 4 1 2864
7766 4 5 2891
7768 4 9 2892
7772 4 14 2894
7774 4 15 2895
7778 4 21 2897
7810 4 19 2392
7816 4 14 2870
7818 4 15 2871
7820 4 1 2876
7832 4 21 2873
7834 4 22 2874
7838 4 2 2877
7846 4 19 2800
7848 4 21 2801
7850 4 3 2878
7852 4 10 2881
7854 4 19 2884
7864 4 5 2879
7868 4 14 2882
7882 4 22 2802
7884 4 23 2803
7886 4 1 2804
7888 4 2 2805
7890 4 3 2806
7892 4 5 2807
7900 4 1 2912
7902 4 14 2918
7908 4 10 2605
7910 4 21 2609
7912 4 23 2611
7914 4 9 2616
7916 4 10 2617
7918 4 15 2619
7920 4 19 2620
7922 4 22 2622
7924 4 5 2627
7926 4 10 2629
7928 4 22 2730
7930 4 23 2731
7932 4 1 2732
7934 4 2 2733
7936 4 3 2734
7938 4 5 2735
7940 4 14 2594
7942 4 22 2598
7944 4 2 2601
7948 4 14 2606
7950 4 15 2607
7964 4 15 2739
7966 4 19 2740
7968 4 21 2741
7970 4 22 2742
7986 4 9 2088
7988 4 14 2090
7992 4 10 2089
7996 4 15 2091
7998 4 19 2092
8000 4 21 2093
8002 4 22 2094
8004 4 23 2587
8006 4 3 2590
8010 4 15 2595
8012 4 21 2597
8018 4 14 2738
8046 4 19 2104
8048 4 21 2105
8050 4 22 2106
8052 4 23 2107
8054 4 1 2108
8056 4 2 2109
8058 4 3 2110
8068 4 9 2628
8072 4 14 2630
8112 4 14 2570
8114 4 15 2571
8116 4 23 2575
8118 4 9 2580
8120 4 14 2582
8122 4 15 2583
8124 4 19 2584
8126 4 21 2585
8128 4 10 2737
8162 4 23 2119
8164 4 5 2123
8180 4 22 2118
8184 4 1 2120
8186 4 2 2121
8188 4 3 2122
8192 4 9 2124
8194 4 19 2632
8196 4 2 2637
8198 4 5 2639
8200 4 9 2640
8202 4 14 2642
8238 4 1 2552
8240 4 10 2557
8242 4 19 2560
8244 4 21 2561
8246 4 22 2562
8248 4 23 2563
8250 4 1 2564
8256 4 19 2572
8258 4 21 2573
8308 4 15 2643
8310 4 1 2648
8312 4 3 2650
8314 4 5 2651
8316 4 10 2653
8318 4 14 2654
8320 4 15 2655
8322 4 19 2656
8324 4 23 2659
8326 4 14 2666
8328 4 15 2667
8330 4 9 2736
8358 4 21 2069
8360 4 22 2070
8362 4 23 2071
8364 4 1 2072
8366 4 2 2073
8368 4 23 2551
8372 4 2 2553
8374 4 3 2554
8376 4 5 2555
8378 4 9 2556
8406 4 1 2132
8408 4 2 2133
8410 4 3 2134
8412 4 5 2135
8414 4 9 2136
8416 4 10 2137
8418 4 14 2138
8428 4 5 2663
8430 4 10 2665
8500 4 3 2146
8502 4 5 2147
8504 4 9 2148
8506 4 10 2149
8508 4 14 2150
8510 4 15 2151
8512 4 19 2152
8514 4 19 2668
8516 4 22 2670
8518 4 5 2675
8520 4 10 2677
8522 4 14 2678
8554 4 3 2074
8556 4 5 2075
8558 4 9 2076
8566 4 10 2077
8568 4 14 2078
8570 4 15 2079
8572 4 19 2080
8574 4 21 2081
8576 4 22 2082
8578 4 23 2083
8580 4 1 2084
8582 4 2 2085
8584 4 3 2086
8586 4 5 2087
8638 4 14 2162
8640 4 15 2163
8642 4 19 2164
8644 4 21 2165
8646 4 22 2166
8648 4 23 2167
8650 4 1 2168
8652 4 15 2679
8654 4 21 2681
8656 4 3 2686
8658 4 5 2687
8660 4 10 2689
8716 4 23 2095
8718 4 1 2096
8720 4 2 2097
8722 4 3 2098
8724 4 5 2099
8726 4 9 2100
8728 4 10 2101
8730 4 14 2102
8732 4 15 2103
8788 4 2 2169
8790 4 3 2170
8792 4 5 2171
8794 4 9 2172
8796 4 10 2173
8798 4 14 2174
8800 4 15 2175
8802 4 14 2690
8804 4 21 2693
8806 4 2 2697
8808 4 5 2699
8810 4 9 2700
8866 4 19 2512
8868 4 21 2513
8870 4 1 2516
8872 4 2 2517
8874 4 5 2519
8876 4 14 2522
8878 4 15 2523
8880 4 1 2528
8882 4 2 2529
8884 4 3 2530
8886 4 5 2531
8888 4 9 2532
8922 4 10 2221
8924 4 5 2231
8926 4 5 2243
8928 4 10 2245
8930 4 22 2250
8932 4 14 2414
8934 4 23 2419
8958 4 23 2227
8960 4 2 2229
8964 4 9 2232
8968 4 9 2244
8994 4 21 2189
8996 4 22 2190
8998 4 23 2191
9000 4 1 2192
9002 4 2 2193
9004 4 3 2194
9006 4 5 2195
9008 4 9 2196
9010 4 10 2197
9046 4 15 2499
9048 4 19 2500
9050 4 21 2501
9052 4 1 2504
9054 4 2 2505
9060 4 22 2514
9062 4 23 2515
9068 4 3 2518
9076 4 21 2729
9120 4 15 2211
9122 4 19 2212
9124 4 21 2213
9126 4 22 2214
9128 4 23 2215
9130 4 1 2216
9132 4 2 2217
9134 4 3 2218
9136 4 5 2219
9168 4 9 2484
9170 4 10 2485
9172 4 15 2487
9174 4 19 2488
9176 4 22 2490
9178 4 2 2493
9180 4 3 2494
9188 4 22 2502
9190 4 23 2503
9238 4 14 2234
9240 4 15 2235
9242 4 19 2236
9244 4 21 2237
9246 4 22 2238
9248 4 23 2239
9250 4 1 2240
9252 4 2 2241
9254 4 3 2242
9286 4 5 2111
9288 4 9 2112
9290 4 10 2113
9292 4 14 2114
9294 4 15 2115
9296 4 19 2116
9298 4 21 2117
9304 4 14 2486
9310 4 21 2489
9356 4 22 2262
9358 4 23 2263
9360 4 1 2264
9362 4 2 2265
9364 4 3 2266
9366 4 5 2267
9368 4 9 2268
9370 4 10 2269
9410 4 5 2915
9428 4 2 2913
9430 4 3 2914
9434 4 9 2916
9436 4 10 2917
9506 4 10 2125
9508 4 14 2126
9510 4 15 2127
9512 4 19 2128
9514 4 21 2129
9516 4 22 2130
9518 4 23 2131
9520 4 10 2473
9522 4 14 2474
9524 4 15 2475
9526 4 19 2476
9528 4 21 2477
9578 4 14 2270
9580 4 15 2271
9582 4 19 2272
9584 4 22 2286
9586 4 23 2287
9588 4 1 2288
9590 4 2 2289
9620 4 23 2311
9622 4 1 2312
9624 4 10 2317
9636 4 2 2313
9638 4 3 2314
9642 4 14 2318
9650 4 9 2304
9652 4 14 2306
9654 4 19 2308
9656 4 9 2328
9658 4 10 2329
9660 4 19 2332
9662 4 1 2396
9664 4 3 2398
9666 4 10 2401
9680 4 10 2305
9684 4 15 2307
9716 4 2 2397
9720 4 5 2399
9722 4 9 2400
9726 4 14 2402
9804 4 14 2330
9806 4 15 2331
9852 4 19 2356
9854 4 23 2359
9860 4 14 2798
9882 4 9 2796
9884 4 10 2797
9912 4 5 2447
9914 4 9 2448
9916 4 14 2450
9918 4 15 2451
9920 4 21 2453
9922 4 1 2456
9924 4 2 2457
9926 4 14 2462
9928 4 15 2463
9930 4 19 2464
9932 4 21 2465
9934 4 22 2466
9996 4 23 2335
9998 4 3 2338
10030 4 15 2139
10032 4 19 2140
10034 4 21 2141
10036 4 22 2142
10038 4 23 2143
10040 4 1 2144
10042 4 2 2145
10048 4 10 2449
10054 4 19 2452
10082 4 5 2411
10084 4 10 2413
10098 4 1 2408
10116 4 21 2333
10118 4 22 2334
10122 4 1 2336
10124 4 2 2337
10128 4 5 2351
10130 4 9 2352
10132 4 10 2353
10134 4 14 2354
10136 4 15 2355
10196 4 21 2153
10198 4 22 2154
10200 4 23 2155
10202 4 1 2156
10204 4 2 2157
10206 4 3 2158
10208 4 5 2159
10210 4 9 2160
10212 4 10 2161
10254 4 22 2370
10256 4 23 2371
10258 4 1 2372
10260 4 2 2373
10262 4 3 2374
10264 4 3 2722
10266 4 5 2723
10268 4 9 2724
10270 4 10 2725
10272 4 14 2726
10390 4 21 2357
10410 4 22 2358
10414 4 22 2058
10416 4 9 2064
10418 4 19 2068
10432 4 23 2059
10434 4 1 2060
10436 4 2 2061
10438 4 3 2062
10440 4 5 2063
10444 4 10 2065
10446 4 14 2066
10448 4 15 2067
10466 4 5 2423
10468 4 9 2424
10470 4 10 2425
10472 4 14 2426
10474 4 15 2427
10476 4 19 2428
10478 4 21 2429
10480 4 23 2767
10482 4 1 2768
10484 4 2 2769
10486 4 3 2770
10488 4 15 2799
10560 4 1 2048
10562 4 5 2051
10564 4 21 2057
10568 4 2 2049
10570 4 3 2050
10574 4 9 2052
10576 4 10 2053
10578 4 14 2054
10580 4 15 2055
10582 4 19 2056
10612 4 3 2794
10696 4 14 9222
10698 4 19 9224
10700 4 9 9496
10702 4 10 4221
10704 4 19 4296
10706 4 10 4185
10708 4 19 4224
10710 4 3 4146
10716 4 21 4957
10718 4 2 5081
10736 4 9 4148
10738 4 14 4186
10740 4 1 4888
10742 4 15 4955
10744 4 19 4956
10746 4 22 4958
10766 4 22 4226
10768 4 1 4516
10770 4 5 4579
10772 4 22 4130
10774 4 22 4178
10778 4 9 4208
10788 4 15 4583
10828 4 5 4123
10830 4 21 4129
10834 4 14 4150
10836 4 14 4174
10838 4 2 4181
10848 4 23 4959
10850 4 19 5100
10880 4 10 4209
10882 4 14 4222
10884 4 15 4907
10886 4 19 4908
10888 4 21 4909
10890 4 22 4910
10892 4 1 4924
10896 4 19 4212
10900 4 19 4236
10926 4 3 4134
10932 4 22 5078
10946 4 21 4285
10948 4 3 4578
10962 4 5 4183
10964 4 23 4227
10966 4 10 4281
10968 4 5 4519
10970 4 10 4725
10972 4 10 4917
10974 4 15 4919
10976 4 19 4920
10978 4 23 5103
10982 4 2 4697
10986 4 14 4882
11020 4 9 4136
11022 4 22 4142
11024 4 5 4159
11026 4 19 4176
11028 4 3 4290
11030 4 2 4805
11032 4 10 5109
11108 4 23 4143
11110 4 19 4152
11116 4 1 5080
11134 4 10 4173
11136 4 15 4175
11138 4 1 4408
11140 4 22 4514
11142 4 23 4743
11144 4 3 4902
11146 4 3 5106
11148 4 14 5110
11178 4 14 4450
11180 4 19 4584
11182 4 3 4734
11184 4 5 4735
11186 4 9 4736
11188 4 10 4797
11190 4 21 4849
11214 4 19 4500
11220 4 9 4748
11234 4 23 4191
11236 4 2 4193
11240 4 22 4898
11256 4 22 4166
11258 4 9 4184
11260 4 22 4202
11262 4 2 4205
11264 4 5 4267
11266 4 15 4295
11268 4 22 4634
11270 4 19 4740
11272 4 10 4749
11274 4 2 4853
11276 4 5 5107
11318 4 21 4237
11320 4 22 4238
11322 4 21 4357
11324 4 22 4358
11326 4 23 4359
11328 4 2 4361
11330 4 3 4362
11332 4 5 4363
11334 4 9 4364
11336 4 14 4366
11338 4 15 4367
11340 4 19 4368
11358 4 21 4369
11360 4 19 4596
11362 4 22 4598
11364 4 15 4655
11374 4 1 4360
11384 4 14 4594
11388 4 14 4654
11446 4 23 4239
11456 4 10 4365
11472 4 5 4591
11476 4 10 4653
11518 4 1 4240
11538 4 3 4374
11542 4 2 4601
11584 4 2 4241
11594 4 22 4370
11596 4 23 4371
11598 4 1 4372
11600 4 2 4373
11602 4 1 4588
11604 4 3 4590
11624 4 3 4242
11634 4 19 4380
11642 4 1 4600
11644 4 9 4604
11674 4 5 4243
11696 4 9 4376
11698 4 10 4377
11700 4 14 4378
11702 4 15 4379
11704 4 23 4587
11708 4 5 4651
11752 4 19 4248
11756 4 21 4381
11758 4 22 4382
11760 4 23 4383
11772 4 1 4384
11774 4 10 4605
11776 4 19 4608
11778 4 22 4658
11806 4 21 4249
11834 4 2 4385
11836 4 22 4586
11840 4 3 4650
11886 4 22 4250
11906 4 14 4390
11910 4 21 4609
11952 4 23 4251
11986 4 19 4188
11988 4 21 4189
11990 4 14 4906
11992 4 1 4912
12020 4 2 5117
12038 4 1 4252
12052 4 2 4397
12054 4 23 4611
12056 4 3 4614
12084 4 2 4253
12088 4 15 4391
12094 4 3 4398
12096 4 3 4506
12120 4 3 4254
12130 4 19 4404
12132 4 1 4612
12134 4 14 4618
12158 4 3 4266
12170 4 15 4403
12172 4 21 4513
12198 4 14 4282
12208 4 10 4413
12210 4 9 4616
12212 4 15 4619
12236 4 15 4283
12248 4 2 4409
12250 4 3 4410
12252 4 5 4411
12254 4 9 4412
12256 4 9 4592
12258 4 15 4595
12260 4 23 4647
12354 4 14 4402
12356 4 23 4407
12358 4 19 4524
12360 4 10 4581
12362 4 22 4694
12364 4 1 5104
12386 4 22 4286
12396 4 3 4422
12398 4 2 4517
12422 4 2 4289
12446 4 22 4418
12448 4 23 4419
12450 4 1 4420
12452 4 2 4421
12456 4 21 4597
12458 4 22 4646
12500 4 5 4291
12512 4 3 4434
12514 4 10 4521
12540 4 9 4292
12566 4 22 4430
12568 4 23 4431
12570 4 1 4432
12572 4 2 4433
12576 4 23 4599
12578 4 21 4645
12626 4 14 4294
12638 4 9 4436
12640 4 15 4523
12666 4 23 4299
12692 4 10 4437
12696 4 5 4603
12744 4 1 4300
12756 4 14 4438
12758 4 21 4525
12788 4 2 4685
12830 4 5 4387
12846 4 22 4442
12848 4 3 4602
12850 4 14 4606
12876 4 3 4386
12888 4 3 4446
12890 4 22 4526
12914 4 5 4195
12916 4 10 4401
12918 4 21 4441
12920 4 3 4746
12922 4 19 4896
12924 4 3 5070
12948 4 5 4423
12950 4 19 4428
12952 4 21 4429
12954 4 15 4751
12956 4 23 4791
12958 4 22 4802
12960 4 1 4804
13004 4 1 4132
13006 4 22 4406
13008 4 2 4445
13010 4 5 4447
13012 4 21 4465
13014 4 22 4466
13016 4 21 4537
13018 4 1 4672
13020 4 10 4689
13022 4 15 5111
13024 4 5 4399
13030 4 19 4464
13036 4 2 4577
13044 4 15 4571
13126 4 5 4207
13130 4 14 4426
13132 4 10 4497
13160 4 21 4405
13170 4 15 4451
13172 4 19 4452
13174 4 21 4453
13176 4 22 4454
13178 4 15 4607
13180 4 22 4610
13182 4 14 4642
13206 4 14 4414
13216 4 3 4470
13242 4 15 4427
13266 4 5 4471
13270 4 2 4613
13310 4 21 4177
13320 4 9 4496
13348 4 5 4435
13352 4 23 4491
13354 4 1 4540
13388 4 15 4439
13390 4 23 4455
13392 4 2 4529
13394 4 3 4530
13396 4 9 4532
13398 4 19 4752
13400 4 2 4793
13402 4 22 4850
13404 4 23 4851
13456 4 1 4444
13470 4 3 4494
13472 4 23 4515
13498 4 23 4443
13502 4 14 4498
13504 4 22 4622
13506 4 3 4626
13540 4 10 4449
13542 4 14 4462
13544 4 19 4680
13546 4 22 4682
13548 4 21 4753
13550 4 14 4762
13552 4 14 4798
13554 4 19 4800
13604 4 15 4499
13634 4 23 4467
13638 4 10 4761
13640 4 21 4801
13642 4 23 4803
13684 4 21 4333
13686 4 22 4334
13688 4 2 4337
13690 4 3 4338
13692 4 9 4340
13694 4 1 4456
13696 4 1 4468
13698 4 22 4754
13700 4 23 4755
13702 4 9 4808
13704 4 14 4846
13750 4 2 4457
13754 4 1 4756
13758 4 10 4809
13760 4 14 4810
13802 4 14 4342
13804 4 19 4344
13806 4 21 4345
13810 4 3 4458
13814 4 2 4757
13820 4 15 4811
13864 4 22 4346
13866 4 23 4347
13868 4 2 4349
13872 4 5 4459
13876 4 3 4758
13880 4 19 4812
13926 4 3 4350
13928 4 9 4352
13930 4 10 4353
13934 4 9 4460
13938 4 5 4759
13942 4 21 4813
13990 4 10 4461
13994 4 9 4760
13998 4 22 4814
14000 4 23 4815
14036 4 2 4469
14040 4 21 4789
14046 4 1 4816
14048 4 15 4847
14082 4 14 4198
14084 4 15 4199
14086 4 19 4200
14090 4 15 4463
14094 4 15 4763
14098 4 15 4799
14190 4 15 4151
14192 4 2 4157
14194 4 10 4197
14196 4 3 4206
14204 4 21 5101
14292 4 22 4490
14302 4 21 4501
14304 4 22 4502
14306 4 23 4503
14308 4 1 4504
14310 4 10 4617
14312 4 21 4621
14314 4 10 4665
14340 4 9 4472
14344 4 19 4788
14350 4 3 4806
14352 4 5 4807
14394 4 10 4473
14396 4 15 4787
14404 4 5 4819
14406 4 9 4820
14442 4 14 4474
14444 4 14 4786
14452 4 10 4821
14454 4 14 4822
14488 4 5 4303
14490 4 14 4306
14494 4 15 4475
14496 4 10 4785
14504 4 15 4823
14544 4 9 4304
14550 4 19 4476
14552 4 9 4784
14558 4 19 4824
14560 4 21 4825
14612 4 21 4477
14614 4 22 4478
14616 4 5 4783
14644 4 22 4826
14670 4 23 4479
14672 4 3 4782
14698 4 23 4827
14700 4 3 4962
14712 4 1 4480
14714 4 2 4781
14722 4 1 4828
14754 4 23 4311
14756 4 3 4314
14760 4 2 4481
14762 4 23 4779
14770 4 2 4829
14804 4 2 4313
14810 4 3 4482
14812 4 21 4777
14818 4 3 4830
14846 4 5 4831
14848 4 5 4963
14864 4 5 4483
14866 4 15 4775
14894 4 10 4317
14896 4 15 4319
14900 4 9 4484
14904 4 9 4832
14906 4 10 4833
14908 4 9 4964
14922 4 19 4320
14926 4 10 4485
14928 4 23 4767
14930 4 10 4773
14936 4 14 4834
14992 4 14 4486
14996 4 15 4835
14998 4 19 4836
15000 4 21 4837
15002 4 22 4838
15004 4 10 4965
15014 4 19 4392
15016 4 21 4393
15018 4 22 4394
15020 4 23 4395
15024 4 21 4765
15026 4 22 4766
15036 4 23 4839
15090 4 22 4742
15092 4 1 4768
15094 4 2 4769
15096 4 3 4770
15098 4 5 4771
15102 4 1 4840
15104 4 14 4966
15138 4 1 4324
15140 4 2 4325
15142 4 5 4327
15144 4 15 4487
15152 4 9 4772
15154 4 14 4774
15156 4 2 4841
15158 4 3 4842
15160 4 5 4843
15176 4 15 4967
15216 4 19 4488
15222 4 9 4844
15224 4 19 4968
15246 4 10 4329
15248 4 14 4330
15250 4 19 4332
15254 4 21 4489
15256 4 19 4776
15258 4 22 4778
15260 4 1 4780
15264 4 10 4845
15306 4 23 4335
15352 4 1 4492
15356 4 1 4792
15362 4 19 4848
15364 4 1 4852
15404 4 10 4425
15408 4 2 4493
15416 4 22 4790
15418 4 5 4795
15420 4 9 4796
15464 4 23 4131
15466 4 23 4155
15468 4 1 4168
15470 4 15 4187
15472 4 9 4196
15474 4 1 4396
15480 4 10 4737
15486 4 19 5112
15746 4 22 4202
15748 4 23 4203
15750 4 2 4205
15810 4 5 4495
15814 4 3 4794
15816 4 2 4817
15818 4 3 4818
15862 4 2 5205
15864 4 10 5197
15868 4 1 5876
15870 4 2 5877
15872 4 3 5878
15874 4 5 5879
15876 4 19 5920
15880 4 5 5615
15882 4 5 5867
15884 4 9 5868
15886 4 10 5869
15888 4 14 5870
15890 4 5 5903
15892 4 10 5209
15894 4 14 5162
15906 4 23 5911
15908 4 1 5912
15910 4 2 5913
15912 4 3 5914
15916 4 21 5993
15918 4 22 5994
15920 4 23 5995
15922 4 1 5996
15924 4 14 6050
15940 4 10 5893
15942 4 14 5894
15944 4 15 5895
15946 4 19 5896
15948 4 3 5902
15952 4 19 5932
15954 4 15 5151
15956 4 22 5202
15958 4 19 5644
15960 4 2 5193
15962 4 23 5203
15970 4 5 6071
15972 4 9 6072
15974 4 10 6073
15976 4 14 6074
15986 4 2 5889
15988 4 3 5890
15990 4 5 5891
15992 4 9 5892
15994 4 21 5909
16006 4 23 5131
16008 4 3 5206
16018 4 19 6016
16020 4 21 6017
16022 4 22 6018
16024 4 23 6019
16030 4 22 5190
16032 4 23 5215
16034 4 3 5290
16036 4 3 5482
16038 4 21 5609
16040 4 3 6046
16042 4 5 6047
16044 4 9 6048
16046 4 10 6049
16048 4 19 6076
16050 4 23 6079
16052 4 1 6128
16054 4 2 6129
16068 4 3 5146
16070 4 23 5155
16072 4 15 5211
16074 4 2 5361
16076 4 3 5362
16078 4 5 5363
16080 4 9 5364
16082 4 5 5711
16084 4 23 5779
16086 4 21 5921
16088 4 22 5922
16090 4 23 5923
16092 4 1 5924
16094 4 5 6011
16096 4 5 6035
16098 4 9 6036
16118 4 9 5232
16130 4 21 6065
16152 4 14 5786
16154 4 19 5788
16156 4 21 5789
16158 4 14 5834
16160 4 5 5855
16164 4 9 5196
16166 4 1 5360
16168 4 14 5606
16170 4 3 5662
16172 4 3 5926
16174 4 5 5927
16176 4 10 5929
16178 4 10 6025
16180 4 19 6088
16182 4 21 6089
16184 4 22 6090
16186 4 23 6091
16196 4 3 5218
16198 4 14 5354
16200 4 1 5480
16202 4 5 5495
16204 4 9 5496
16220 4 5 5195
16222 4 19 5200
16224 4 3 5494
16232 4 2 5157
16234 4 14 5210
16236 4 23 5467
16238 4 2 5481
16240 4 14 5846
16250 4 9 5220
16252 4 14 5222
16254 4 22 5250
16256 4 23 5251
16262 4 5 5327
16268 4 2 5325
16280 4 10 5221
16282 4 21 5249
16288 4 23 5323
16298 4 15 5223
16302 4 3 5254
16310 4 19 5224
16314 4 2 5253
16322 4 21 5225
16326 4 5 5255
16342 4 22 5226
16348 4 9 5256
16350 4 14 5318
16360 4 23 5227
16362 4 10 5257
16368 4 14 5330
16378 4 1 5228
16384 4 14 5258
16386 4 10 5317
16396 4 2 5229
16400 4 22 5262
16408 4 5 5231
16418 4 3 5194
16420 4 19 5248
16422 4 14 5642
16436 4 21 5945
16438 4 22 5946
16440 4 23 5947
16442 4 1 5948
16444 4 3 6058
16446 4 5 6059
16454 4 10 5233
16460 4 23 5263
16470 4 14 5234
16472 4 19 5260
16484 4 21 5237
16490 4 5 5267
16500 4 22 5238
16510 4 23 5239
16516 4 14 5270
16526 4 1 5240
16530 4 9 5268
16532 4 1 5324
16542 4 23 5647
16544 4 2 6093
16546 4 3 6094
16548 4 9 6096
16556 4 23 5143
16584 4 2 5265
16586 4 15 5271
16588 4 9 5712
16590 4 10 5713
16592 4 14 5714
16594 4 23 5839
16596 4 23 5851
16598 4 1 5852
16600 4 2 5853
16602 4 3 5854
16604 4 1 5984
16606 4 10 6109
16608 4 14 6110
16610 4 15 6111
16612 4 19 6112
16614 4 22 6114
16616 4 23 6115
16618 4 1 6116
16620 4 2 6117
16628 4 2 5241
16642 4 3 5242
16648 4 19 5272
16650 4 3 5326
16660 4 5 5243
16670 4 9 5244
16676 4 23 5275
16678 4 9 5328
16688 4 14 5246
16698 4 15 5247
16704 4 2 5277
16714 4 1 5252
16736 4 15 5259
16742 4 5 5279
16752 4 21 5261
16760 4 19 5344
16762 4 21 5345
16764 4 22 5346
16766 4 23 5347
16768 4 9 5352
16770 4 23 5479
16772 4 23 5611
16792 4 1 5120
16794 4 22 5478
16796 4 10 5497
16798 4 21 5657
16800 4 3 5710
16804 4 10 5269
16806 4 23 5287
16808 4 23 5695
16810 4 1 5696
16812 4 3 5698
16814 4 22 5838
16816 4 2 5841
16818 4 3 5842
16820 4 5 5843
16822 4 9 5844
16824 4 14 5930
16826 4 21 6101
16828 4 22 6102
16830 4 23 6103
16832 4 1 6104
16834 4 1 5264
16836 4 22 5286
16856 4 1 5276
16858 4 5 5339
16860 4 10 5341
16862 4 14 5342
16864 4 5 5351
16866 4 22 5658
16868 4 9 5916
16870 4 10 5917
16872 4 15 5919
16874 4 3 5986
16876 4 3 6034
16912 4 3 5266
16918 4 19 5284
16920 4 15 5331
16930 4 21 5273
16944 4 22 5274
16950 4 1 5288
16958 4 19 5152
16970 4 21 5357
16980 4 5 6095
17002 4 3 5278
17012 4 14 5522
17014 4 15 5535
17016 4 19 5572
17018 4 9 5592
17020 4 14 5594
17034 4 9 5280
17046 4 15 5283
17048 4 10 5293
17058 4 21 5525
17060 4 19 5536
17062 4 22 5610
17064 4 1 5612
17066 4 2 5613
17078 4 9 5148
17082 4 5 5291
17086 4 3 6118
17088 4 5 6119
17090 4 10 6121
17104 4 1 5540
17106 4 2 5541
17118 4 22 5514
17120 4 2 5529
17122 4 22 5538
17124 4 21 5573
17126 4 2 5577
17134 4 23 5515
17138 4 3 5530
17150 4 1 5516
17154 4 5 5531
17156 4 22 5574
17164 4 2 5517
17168 4 9 5532
17172 4 23 5575
17182 4 3 5518
17186 4 10 5533
17190 4 1 5576
17200 4 5 5519
17204 4 14 5534
17214 4 9 5520
17218 4 23 5539
17226 4 21 5537
17228 4 1 5564
17230 4 2 5565
17240 4 9 5292
17254 4 15 5127
17264 4 14 5918
17274 4 19 5980
17276 4 21 5981
17286 4 9 6060
17288 4 10 6061
17314 4 2 5289
17318 4 14 5294
17320 4 21 5333
17326 4 15 5523
17330 4 15 5559
17338 4 19 5524
17340 4 14 5558
17348 4 23 5503
17350 4 10 5557
17358 4 1 5504
17360 4 9 5556
17364 4 3 5578
17374 4 2 5505
17376 4 5 5555
17390 4 22 5166
17392 4 2 5169
17394 4 3 5506
17396 4 3 5554
17400 4 5 5579
17402 4 9 5580
17422 4 5 5507
17424 4 2 5553
17432 4 10 5581
17442 4 1 5552
17452 4 9 5508
17454 4 22 5550
17458 4 14 5582
17466 4 10 5509
17468 4 21 5549
17474 4 15 5583
17486 4 15 5547
17492 4 19 5584
17502 4 21 5585
17506 4 14 5510
17508 4 5 5543
17510 4 10 5545
17514 4 22 5586
17526 4 23 5587
17530 4 15 5487
17532 4 14 5498
17534 4 23 5527
17536 4 3 5542
17546 4 19 5488
17548 4 21 5489
17552 4 1 5528
17558 4 15 5511
17560 4 9 5544
17562 4 14 5546
17564 4 1 5588
17566 4 2 5589
17580 4 3 5590
17584 4 19 5512
17586 4 19 5548
17588 4 23 5551
17592 4 5 5591
17600 4 21 5513
17616 4 10 5521
17620 4 19 5560
17630 4 21 5561
17632 4 15 5607
17648 4 14 5150
17652 4 15 5499
17654 4 19 5500
17656 4 22 5502
17660 4 10 5905
17662 4 15 5907
17664 4 19 5908
17666 4 5 5915
17668 4 9 6024
17670 4 15 6063
17672 4 19 6064
17676 4 21 6077
17678 4 22 6078
17776 4 1 5600
17788 4 22 5526
17792 4 23 5563
17800 4 1 1024
17802 4 2 1025
17804 4 19 1332
17806 4 23 1335
17808 4 1 1540
17810 4 5 1543
17812 4 14 1546
17818 4 3 1026
17820 4 5 1027
17822 4 9 1028
17824 4 10 1029
17826 4 14 1030
17828 4 15 1031
17830 4 19 1032
17832 4 5 1039
17834 4 9 1040
17836 4 10 1041
17838 4 14 1042
17840 4 15 1043
17842 4 19 1044
17844 4 21 1045
17846 4 9 1616
17848 4 1 2020
17850 4 2 2021
17852 4 3 2022
17854 4 5 2023
17856 4 9 2024
17858 4 10 2025
17984 4 21 1033
17986 4 22 1034
17988 4 23 1035
17990 4 1 1036
17992 4 2 1037
17994 4 3 1038
17996 4 1 1048
17998 4 5 1051
18000 4 10 1053
18028 4 2 1049
18030 4 3 1050
18102 4 22 1046
18104 4 23 1047
18108 4 10 1617
18340 4 9 1052
18420 4 14 1054
18422 4 15 1055
18424 4 19 1056
18426 4 21 1057
18428 4 22 1058
18430 4 23 1059
18432 4 1 1060
18434 4 2 1061
18436 4 3 1062
18438 4 5 1063
18440 4 10 1065
18442 4 14 1090
18444 4 15 1091
18446 4 19 1092
18448 4 21 1093
18450 4 22 1094
18452 4 23 1095
18454 4 1 1096
18456 4 3 1098
18458 4 5 1339
18460 4 9 1340
18462 4 10 1341
18464 4 14 1342
18466 4 15 1343
18468 4 19 1344
18470 4 21 1345
18492 4 9 1064
18496 4 14 1066
18498 4 15 1067
18500 4 19 1068
18502 4 21 1069
18534 4 2 1097
18538 4 5 1099
18540 4 9 1100
18542 4 10 1101
18544 4 14 1102
18790 4 22 1070
18792 4 23 1071
18912 4 1 1072
18914 4 2 1073
18916 4 3 1074
18918 4 5 1075
18984 4 9 1076
18986 4 10 1077
18988 4 14 1078
18990 4 15 1079
18992 4 19 1080
18994 4 21 1081
18996 4 22 1082
18998 4 23 1083
19000 4 1 1084
19002 4 2 1085
19004 4 21 1501
19006 4 22 1502
19008 4 23 1503
19176 4 1 1504
19178 4 2 1505
19180 4 3 1506
19182 4 3 1086
19184 4 5 1087
19186 4 9 1088
19188 4 10 1089
19518 4 15 1103
19520 4 19 1104
19522 4 21 1105
19524 4 22 1106
19526 4 23 1107
19528 4 1 1108
19530 4 2 1109
19532 4 3 1110
19630 4 5 1111
19632 4 9 1112
19634 4 10 1113
19636 4 14 1114
19638 4 15 1115
19640 4 19 1116
19642 4 21 1117
19644 4 22 1118
19646 4 23 1119
19648 4 1 1120
19650 4 2 1121
19652 4 3 1122
19654 4 5 1123
19816 4 19 1428
19818 4 21 1429
19820 4 22 1430
19822 4 23 1431
19824 4 1 1432
19826 4 2 1433
19828 4 3 1434
19830 4 5 1435
19882 4 9 1124
19884 4 10 1125
19886 4 14 1126
19888 4 15 1127
19890 4 19 1128
19892 4 21 1129
19894 4 21 1261
19896 4 22 1262
19962 4 22 1130
19964 4 23 1131
19966 4 1 1132
19968 4 2 1133
19970 4 3 1134
19972 4 5 1135
19974 4 9 1136
19976 4 10 1137
19978 4 14 1138
19980 4 15 1139
19982 4 19 1140
19984 4 21 1141
19988 4 10 1437
19990 4 14 1438
19992 4 14 2026
19994 4 15 2027
19996 4 19 2028
19998 4 23 2031
20020 4 15 1559
20022 4 22 1562
20024 4 9 1568
20032 4 21 2029
20034 4 22 2030
20038 4 1 2032
20040 4 2 2033
20042 4 3 2034
20044 4 5 2035
20258 4 9 1436
20264 4 15 1439
20284 4 22 1142
20286 4 23 1143
20288 4 1 1144
20290 4 2 1145
20292 4 3 1146
20294 4 5 1147
20296 4 9 1148
20298 4 10 1149
20300 4 14 1150
20302 4 15 1151
20304 4 19 1152
20306 4 21 1153
20308 4 22 1154
20310 4 23 1155
20312 4 1 1156
20314 4 10 1161
20316 4 21 1165
20318 4 23 1167
20320 4 2 1169
20322 4 9 1172
20354 4 1 1168
20358 4 3 1170
20360 4 5 1171
20364 4 10 1173
20388 4 2 1157
20390 4 3 1158
20392 4 5 1159
20394 4 9 1160
20398 4 14 1162
20400 4 15 1163
20402 4 19 1164
20406 4 22 1166
20660 4 14 1174
20662 4 15 1175
20664 4 19 1176
20666 4 21 1177
20782 4 22 1178
20784 4 5 1183
20786 4 15 1187
20818 4 23 1179
20820 4 2 1181
20822 4 3 1182
20828 4 19 1188
20854 4 1 1180
20862 4 9 1184
20864 4 10 1185
20866 4 14 1186
21128 4 21 1189
21130 4 23 1191
21132 4 3 1194
21164 4 22 1190
21168 4 1 1192
21170 4 2 1193
21174 4 5 1195
21352 4 9 1196
21354 4 10 1197
21356 4 14 1198
21358 4 15 1199
21474 4 19 1200
21476 4 23 1203
21478 4 14 1210
21510 4 22 1202
21514 4 3 1206
21516 4 5 1207
21518 4 10 1209
21544 4 21 1201
21550 4 1 1204
21552 4 2 1205
21558 4 9 1208
21820 4 15 1211
21822 4 21 1213
21824 4 1 1216
21856 4 19 1212
21860 4 22 1214
21862 4 23 1215
21866 4 2 1217
22044 4 3 1218
22046 4 5 1219
22048 4 9 1220
22050 4 10 1221
22166 4 14 1222
22168 4 23 1227
22170 4 5 1231
22194 4 15 1223
22196 4 19 1224
22198 4 21 1225
22200 4 22 1226
22204 4 1 1228
22206 4 2 1229
22208 4 3 1230
22212 4 9 1232
22512 4 10 1233
22514 4 15 1235
22516 4 19 1236
22548 4 14 1234
22554 4 21 1237
22556 4 22 1238
22558 4 23 1239
22736 4 1 1240
22738 4 2 1241
22740 4 3 1242
22742 4 5 1243
22858 4 9 1244
22860 4 21 1249
22862 4 1 1252
22894 4 10 1245
22896 4 19 1248
22900 4 23 1251
22904 4 2 1253
22930 4 14 1246
22932 4 15 1247
22938 4 22 1250
23202 4 3 1266
23204 4 9 1268
23206 4 15 1271
23238 4 5 1267
23242 4 10 1269
23244 4 14 1270
23248 4 19 1272
23426 4 21 1273
23428 4 22 1274
23430 4 23 1275
23432 4 1 1276
23546 4 2 1277
23548 4 15 1283
23550 4 22 1286
23580 4 5 1279
23582 4 14 1282
23586 4 21 1285
23590 4 23 1287
23802 4 3 1254
23804 4 5 1255
23806 4 9 1256
23808 4 10 1257
23810 4 14 1258
23812 4 15 1259
23814 4 19 1260
23818 4 1 1264
23822 4 1 1336
23840 4 21 1333
23842 4 22 1334
23848 4 2 1337
23850 4 3 1338
23944 4 23 1263
23948 4 2 1265
24032 4 1 1288
24034 4 3 1290
24036 4 10 1293
24068 4 2 1289
24072 4 5 1291
24074 4 9 1292
24078 4 14 1294
24256 4 15 1295
24258 4 19 1296
24260 4 21 1297
24262 4 22 1298
24356 4 3 1278
24360 4 9 1280
24362 4 10 1281
24368 4 19 1284
24376 4 23 1299
24378 4 10 1305
24380 4 21 1309
24402 4 1 1300
24404 4 2 1301
24406 4 3 1302
24408 4 5 1303
24410 4 9 1304
24414 4 14 1306
24416 4 15 1307
24418 4 19 1308
24702 4 22 1310
24704 4 1 1312
24706 4 2 1313
24738 4 23 1311
24744 4 3 1314
24746 4 5 1315
24748 4 9 1316
24926 4 10 1317
24928 4 14 1318
24930 4 15 1319
24932 4 19 1320
25048 4 21 1321
25050 4 1 1324
25052 4 15 1331
25076 4 22 1322
25078 4 23 1323
25082 4 2 1325
25084 4 3 1326
25086 4 5 1327
25088 4 9 1328
25090 4 10 1329
25092 4 14 1330
25394 4 5 1351
25396 4 10 1353
25398 4 19 1356
25430 4 9 1352
25434 4 14 1354
25436 4 15 1355
25440 4 21 1357
25618 4 22 1358
25620 4 23 1359
25622 4 1 1360
25624 4 2 1361
25740 4 3 1362
25742 4 15 1367
25744 4 23 1371
25768 4 5 1363
25770 4 9 1364
25772 4 10 1365
25774 4 14 1366
25778 4 19 1368
25780 4 21 1369
25782 4 22 1370
25786 4 1 1372
26076 4 2 1541
26124 4 9 1544
26386 4 22 1346
26388 4 23 1347
26390 4 1 1348
26392 4 2 1349
26394 4 3 1350
26470 4 2 1373
26472 4 5 1375
26474 4 9 1376
26506 4 3 1374
26512 4 10 1377
26514 4 14 1378
26516 4 15 1379
26694 4 19 1380
26696 4 21 1381
26698 4 22 1382
26700 4 23 1383
26816 4 1 1384
26818 4 5 1387
26820 4 22 1394
26852 4 3 1386
26856 4 14 1390
26858 4 15 1391
26860 4 21 1393
26886 4 2 1385
26892 4 9 1388
26894 4 10 1389
26900 4 19 1392
27162 4 23 1395
27164 4 2 1397
27166 4 9 1400
27198 4 1 1396
27202 4 3 1398
27204 4 5 1399
27208 4 10 1401
27386 4 14 1402
27388 4 15 1403
27390 4 19 1404
27392 4 21 1405
27508 4 22 1406
27510 4 9 1412
27512 4 19 1416
27536 4 23 1407
27538 4 1 1408
27540 4 2 1409
27542 4 3 1410
27544 4 5 1411
27548 4 10 1413
27550 4 14 1414
27552 4 15 1415
27854 4 21 1417
27856 4 2 1421
27858 4 3 1422
27890 4 22 1418
27892 4 23 1419
27894 4 1 1420
27900 4 5 1423
28078 4 9 1424
28080 4 10 1425
28082 4 14 1426
28084 4 15 1427
28200 4 19 1440
28202 4 2 1445
28204 4 10 1449
28228 4 21 1441
28230 4 22 1442
28232 4 23 1443
28234 4 1 1444
28238 4 3 1446
28240 4 5 1447
28242 4 9 1448
28246 4 14 1450
28546 4 15 1451
28548 4 21 1453
28550 4 22 1454
28582 4 19 1452
28588 4 23 1455
28590 4 1 1456
28592 4 2 1457
28770 4 3 1458
28772 4 5 1459
28774 4 9 1460
28776 4 10 1461
29166 4 5 1507
29168 4 14 1510
29170 4 2 1517
29202 4 10 1509
29206 4 21 1513
29208 4 22 1514
29210 4 1 1516
29236 4 9 1508
29242 4 15 1511
29244 4 19 1512
29250 4 23 1515
29512 4 23 1491
29514 4 1 1492
29516 4 2 1493
29546 4 22 1478
29548 4 23 1479
29550 4 9 1484
29558 4 3 1494
29560 4 5 1495
29562 4 9 1496
29740 4 10 1497
29742 4 14 1498
29744 4 15 1499
29746 4 19 1500
29828 4 14 1462
29830 4 15 1463
29832 4 19 1464
29834 4 21 1465
29836 4 22 1466
29838 4 23 1467
29844 4 3 1542
29928 4 10 1545
29930 4 1 1468
29932 4 2 1469
29934 4 3 1470
29936 4 5 1471
29938 4 9 1472
29940 4 10 1473
29942 4 14 1474
29944 4 15 1475
29946 4 19 1476
29948 4 19 1728
29950 4 21 1729
29952 4 15 1751
29954 4 21 1981
29956 4 1 1984
29958 4 5 1987
29960 4 9 1988
29980 4 15 1715
29982 4 10 1725
29984 4 15 1727
29990 4 22 1730
29992 4 23 1731
29994 4 1 1732
29996 4 2 1733
29998 4 3 1734
30000 4 5 1735
30004 4 2 1985
30026 4 22 1982
30028 4 23 1983
30034 4 3 1986
30180 4 21 1477
30186 4 1 1480
30188 4 2 1481
30190 4 3 1482
30192 4 5 1483
30196 4 10 1485
30198 4 14 1486
30200 4 15 1487
30202 4 19 1488
30204 4 21 1489
30206 4 22 1490
30252 4 3 1518
30254 4 5 1519
30256 4 9 1520
30258 4 10 1521
30260 4 14 1522
30262 4 15 1523
30264 4 19 1524
30706 4 21 1525
30708 4 22 1526
30710 4 23 1527
30712 4 1 1528
30800 4 2 1085
30808 4 1 1504
30814 4 9 1736
30816 4 10 1737
30818 4 19 1740
30918 4 14 1738
30920 4 15 1739
30924 4 21 1741
30960 4 2 1529
30962 4 14 1534
30964 4 22 1538
30988 4 3 1530
30990 4 5 1531
30992 4 9 1532
30994 4 10 1533
30998 4 15 1535
31000 4 19 1536
31002 4 21 1537
31006 4 23 1539
31306 4 19 1548
31308 4 22 1550
31310 4 2 1553
31344 4 15 1547
31348 4 21 1549
31352 4 23 1551
31354 4 1 1552
31536 4 3 1554
31538 4 5 1555
31540 4 9 1556
31542 4 10 1557
31658 4 22 1574
31660 4 9 1580
31662 4 19 1584
31694 4 1 1576
31696 4 5 1579
31700 4 14 1582
31702 4 15 1583
31728 4 23 1575
31732 4 2 1577
31734 4 3 1578
31740 4 10 1581
32152 4 21 1585
32154 4 22 1586
32156 4 23 1587
32158 4 1 1588
32160 4 2 1589
32162 4 3 1590
32164 4 5 1591
32382 4 9 1592
32384 4 10 1593
32386 4 14 1594
32388 4 15 1595
32470 4 14 1558
32474 4 19 1560
32476 4 21 1561
32480 4 23 1563
32482 4 1 1564
32484 4 2 1565
32486 4 3 1566
32488 4 5 1567
32490 4 9 1568
32492 4 10 1569
32494 4 14 1570
32496 4 15 1571
32498 4 19 1572
32500 4 21 1573
32502 4 19 1620
32504 4 21 1621
32506 4 23 1623
32508 4 5 1627
32510 4 14 2026
32512 4 22 2030
32514 4 1 2032
32516 4 5 2035
32518 4 23 1131
32554 4 15 2027
32556 4 21 2029
32564 4 3 2034
32832 4 22 1622
32836 4 1 1624
32838 4 2 1625
32840 4 3 1626
32844 4 9 1628
32846 4 10 1629
32848 4 14 1630
32850 4 15 1631
32852 4 19 1632
32854 4 21 1633
33004 4 1 1756
33006 4 5 1759
33008 4 22 1766
33032 4 2 1757
33034 4 3 1758
33038 4 9 1760
33040 4 10 1761
33042 4 14 1762
33044 4 15 1763
33046 4 19 1764
33048 4 21 1765
33344 4 22 1610
33346 4 23 1611
33348 4 1 1612
33350 4 2 1613
33352 4 3 1614
33354 4 5 1615
33570 4 9 1616
33572 4 10 1617
33574 4 14 1618
33576 4 15 1619
33656 4 19 1596
33658 4 21 1597
33660 4 22 1598
33662 4 23 1599
33664 4 1 1600
33666 4 2 1601
33668 4 3 1602
33670 4 5 1603
33672 4 9 1604
33674 4 10 1605
33676 4 14 1606
33678 4 15 1607
33680 4 19 1608
33682 4 21 1609
33684 4 14 1714
33686 4 19 1716
33688 4 21 1717
33690 4 19 1968
33692 4 2 1973
33694 4 15 1979
33696 4 19 1980
33734 4 22 1718
33736 4 23 1719
33738 4 1 1720
33740 4 2 1721
33742 4 3 1722
33744 4 5 1723
33772 4 21 1969
33774 4 22 1970
33776 4 23 1971
33778 4 1 1972
33782 4 3 1974
33784 4 5 1975
33786 4 9 1976
33788 4 10 1977
33790 4 14 1978
34116 4 1 2020
34118 4 5 2023
34246 4 3 1026
34248 4 5 1039
34250 4 10 1041
34272 4 2 2021
34274 4 3 2022
34278 4 9 2024
34280 4 10 2025
34386 4 23 1767
34388 4 1 1768
34390 4 2 1769
34620 4 3 1770
34622 4 5 1771
34624 4 9 1772
34626 4 10 1773
34628 4 14 1774
34630 4 15 1775
34632 4 19 1776
34634 4 21 1777
34636 4 22 1778
34740 4 22 1634
34742 4 23 1635
34744 4 1 1636
34746 4 2 1637
34748 4 3 1638
34750 4 5 1639
34752 4 9 1640
34754 4 10 1641
34756 4 14 1642
34758 4 15 1643
34760 4 19 1644
34762 4 21 1645
34764 4 2 1649
34766 4 3 1650
34768 4 9 1652
34770 4 10 1653
34772 4 19 1752
34774 4 21 1753
34776 4 22 1754
34778 4 23 1755
34780 4 2 1949
34782 4 3 1950
34784 4 15 1955
34786 4 23 2019
34812 4 22 1646
34814 4 23 1647
34816 4 1 1648
34822 4 5 1651
34828 4 14 1654
34862 4 9 1940
34864 4 1 1948
34870 4 5 1951
34872 4 9 1952
34874 4 10 1953
34876 4 14 1954
34880 4 15 2015
34882 4 21 2017
34884 4 22 2018
35140 4 15 1655
35142 4 19 1656
35144 4 21 1657
35146 4 23 1659
35148 4 1 1660
35182 4 22 1658
35188 4 2 1661
35190 4 3 1662
35192 4 5 1663
35194 4 9 1664
35196 4 10 1665
35198 4 14 1666
35490 4 15 1667
35492 4 19 1668
35494 4 21 1669
35496 4 23 1671
35498 4 1 1672
35500 4 2 1673
35502 4 10 1677
35504 4 2 1745
35536 4 22 1670
35544 4 3 1674
35546 4 5 1675
35548 4 9 1676
35552 4 14 1678
35842 4 15 1679
35844 4 19 1680
35846 4 21 1681
35848 4 23 1683
35850 4 1 1684
35852 4 2 1685
35854 4 10 1689
35858 4 3 1746
35890 4 22 1682
35898 4 3 1686
35900 4 5 1687
35902 4 9 1688
35906 4 14 1690
36212 4 15 1691
36214 4 19 1692
36216 4 21 1693
36218 4 23 1695
36220 4 1 1696
36222 4 2 1697
36224 4 10 1701
36228 4 5 1747
36260 4 22 1694
36268 4 3 1698
36270 4 5 1699
36272 4 9 1700
36276 4 14 1702
36582 4 15 1703
36584 4 21 1705
36586 4 22 1706
36588 4 23 1707
36592 4 9 1748
36620 4 19 1704
36628 4 1 1708
36630 4 2 1709
36632 4 3 1710
36634 4 5 1711
36636 4 9 1712
36638 4 10 1713
36884 4 10 1749
36886 4 14 1750
36888 4 19 1956
36890 4 22 1958
36892 4 23 1959
36924 4 21 1957
36930 4 1 1960
36932 4 2 1961
36934 4 3 1962
36936 4 5 1963
36938 4 9 1964
36940 4 10 1965
37196 4 9 1724
37200 4 14 1726
37810 4 22 1742
37812 4 23 1743
37814 4 1 1744
38508 4 23 1779
38510 4 5 1783
38512 4 10 1989
38644 4 1 1780
38646 4 2 1781
38648 4 3 1782
38652 4 9 1784
38654 4 10 1785
38656 4 14 1786
38658 4 15 1787
38660 4 19 1788
38662 4 21 1789
38838 4 22 1790
38840 4 3 1794
38844 4 14 1990
38872 4 23 1791
38874 4 1 1792
38876 4 2 1793
38880 4 5 1795
38882 4 9 1796
38884 4 10 1797
38886 4 14 1798
38888 4 15 1799
38890 4 19 1800
39150 4 21 1801
39152 4 23 1803
39154 4 1 1804
39184 4 22 1802
39190 4 2 1805
39192 4 3 1806
39194 4 5 1807
39196 4 9 1808
39198 4 10 1809
39200 4 14 1810
39202 4 15 1811
39204 4 19 1812
39464 4 21 1813
39466 4 22 1814
39468 4 1 1816
39470 4 3 1818
39604 4 23 1815
39608 4 2 1817
39612 4 5 1819
39614 4 9 1820
39616 4 10 1821
39618 4 14 1822
39620 4 15 1823
39622 4 19 1824
39624 4 21 1825
39822 4 22 1826
39824 4 1 1828
39826 4 2 1829
40028 4 23 1827
40034 4 3 1830
40036 4 5 1831
40038 4 9 1832
40040 4 10 1833
40042 4 14 1834
40044 4 15 1835
40046 4 19 1836
40048 4 21 1837
40186 4 22 1838
40188 4 23 1839
40190 4 2 1841
40324 4 1 1840
40328 4 3 1842
40330 4 5 1843
40332 4 9 1844
40334 4 10 1845
40336 4 14 1846
40516 4 15 1847
40518 4 23 1851
40520 4 15 1991
40644 4 19 1848
40646 4 21 1849
40648 4 22 1850
40652 4 1 1852
40654 4 2 1853
40656 4 3 1854
40756 4 5 1855
40758 4 15 1859
40762 4 19 1992
40784 4 9 1856
40786 4 10 1857
40788 4 14 1858
40792 4 19 1860
40794 4 21 1861
40796 4 22 1862
40798 4 23 1863
40800 4 1 1864
40802 4 2 1865
40986 4 3 1866
40988 4 10 1869
40990 4 14 1870
40994 4 21 1993
41022 4 5 1867
41024 4 9 1868
41030 4 15 1871
41032 4 19 1872
41034 4 21 1873
41036 4 22 1874
41038 4 23 1875
41040 4 1 1876
41042 4 2 1877
41322 4 3 1878
41324 4 5 1879
41326 4 9 1880
41464 4 10 1881
41466 4 14 1882
41468 4 15 1883
41470 4 19 1884
41472 4 21 1885
41474 4 22 1886
41654 4 22 1994
41656 4 23 1995
41658 4 1 1996
41776 4 23 1887
41778 4 1 1888
41780 4 2 1889
41782 4 3 1890
41784 4 5 1891
41786 4 9 1892
41788 4 10 1893
41790 4 14 1894
41792 4 15 1895
41794 4 19 1896
41796 4 21 1897
41804 4 2 1997
41900 4 22 1898
41902 4 23 1899
41904 4 1 1900
41906 4 2 1901
41908 4 3 1902
41910 4 5 1903
41912 4 9 1904
41914 4 10 1905
41916 4 14 1906
41924 4 3 1998
41926 4 5 1999
41928 4 9 2000
42326 4 15 1907
42328 4 19 1908
42330 4 21 1909
42332 4 22 1910
42334 4 23 1911
42336 4 1 1912
42338 4 2 1913
42340 4 3 1914
42342 4 5 1915
42344 4 9 1916
42346 4 10 1917
42354 4 10 2001
42482 4 14 1918
42484 4 15 1919
42486 4 19 1920
42488 4 21 1921
42490 4 22 1922
42492 4 23 1923
42778 4 2 1925
42878 4 1 1924
42882 4 3 1926
42884 4 5 1927
42886 4 9 1928
42888 4 10 1929
42890 4 14 1930
42892 4 15 1931
42894 4 19 1932
42896 4 21 1933
42898 4 22 1934
42900 4 23 1935
42902 4 1 1936
42904 4 2 1937
42906 4 3 1938
42908 4 14 2002
42910 4 15 2003
42912 4 19 2004
42914 4 21 2005
42916 4 22 2006
42918 4 23 2007
42920 4 1 2008
42922 4 2 2009
42924 4 9 2012
43208 4 5 1939
43212 4 10 1941
43214 4 14 1942
43216 4 15 1943
43218 4 19 1944
43220 4 21 1945
43222 4 22 1946
43236 4 3 2010
43238 4 5 2011
43240 4 10 2013
43242 4 14 2014
43336 4 23 1947
43360 4 19 2016
43864 4 14 1966
43866 4 15 1967
43868 4 9 2036
43870 4 19 2040
43872 4 21 2041
43904 4 10 2037
43906 4 14 2038
43908 4 15 2039
43914 4 22 2042
43916 4 23 2043
43918 4 1 2044
43920 4 2 2045
44204 4 19 1980
44232 4 3 2046
44488 4 3 1470
44492 4 21 1981
44494 4 22 1982
44496 4 23 1983
44498 4 1 1984
44500 4 2 1985
44502 4 3 1986
44504 4 5 1987
44506 4 9 1988
44566 4 9 1472
45346 4 3 1026
45348 4 5 1027
45350 4 19 1032
45354 4 9 1040
45358 4 19 1044
45360 4 21 1045
45502 4 22 1130
45504 4 23 1131
45506 4 3 1134
45508 4 5 1135
45510 4 10 1137
45512 4 14 1138
45514 4 15 1139
45526 4 5 1567
45528 4 9 1568
45530 4 14 2026
45532 4 15 2027
45534 4 19 2028
45538 4 22 2030
45540 4 23 2031
45544 4 2 2033
45546 4 3 2034
45548 4 5 2035
45818 4 5 2047
46068 4 19 7860
46070 4 22 8006
46074 4 21 7741
46078 4 1 14336
46080 4 2 14337
46082 4 3 14338
46084 4 5 14339
46086 4 10 14389
46088 4 22 14562
46090 4 3 14698
46092 4 14 14918
46094 4 15 14919
46096 4 3 15214
46098 4 22 15234
46100 4 1 15236
46146 4 9 14340
46148 4 21 14909
46152 4 14 15146
46154 4 10 14341
46156 4 5 14915
46158 4 19 14920
46160 4 9 15144
46162 4 14 14342
46164 4 10 14917
46166 4 23 14923
46168 4 15 15147
46170 4 15 14343
46172 4 22 14922
46174 4 9 14928
46176 4 1 15152
46178 4 19 14344
46180 4 2 14925
46182 4 3 14926
46184 4 21 15149
46186 4 21 14345
46192 4 22 15150
46194 4 22 14346
46196 4 1 14924
46198 4 5 14927
46200 4 23 15151
46202 4 23 14347
46206 4 22 14982
46208 4 5 15143
46210 4 1 14348
46212 4 9 14724
46214 4 2 15201
46216 4 3 15202
46218 4 5 15203
46220 4 2 14349
46222 4 15 14391
46224 4 15 14427
46226 4 22 14898
46228 4 3 14350
46230 4 5 14351
46232 4 9 14352
46234 4 10 14353
46236 4 14 14402
46238 4 14 14558
46240 4 21 14561
46242 4 1 14624
46244 4 3 14626
46246 4 5 14627
46248 4 15 14739
46250 4 14 14846
46252 4 2 14997
46254 4 19 15148
46256 4 23 15295
46258 4 19 15328
46320 4 14 14354
46322 4 15 14355
46324 4 14 14870
46326 4 15 14871
46328 4 19 14872
46330 4 22 15306
46332 4 1 15308
46334 4 2 15309
46336 4 19 14356
46338 4 19 14584
46340 4 23 14587
46342 4 19 14692
46344 4 21 14357
46346 4 22 14358
46348 4 23 14359
46350 4 1 14360
46352 4 2 14469
46354 4 3 14686
46356 4 5 14771
46358 4 10 14773
46360 4 14 14774
46362 4 21 15017
46364 4 9 15024
46366 4 1 15068
46368 4 3 15286
46370 4 9 15288
46372 4 10 15289
46424 4 2 14361
46426 4 5 14435
46430 4 2 14625
46434 4 2 14877
46436 4 10 15061
46438 4 3 14362
46440 4 21 15197
46442 4 22 15198
46444 4 23 15199
46446 4 9 15336
46448 4 5 14363
46452 4 19 15016
46454 4 9 14364
46456 4 21 14729
46458 4 1 14996
46462 4 10 14365
46464 4 14 14366
46466 4 15 14367
46468 4 19 14368
46470 4 19 14380
46472 4 3 14458
46474 4 1 14768
46476 4 3 14842
46478 4 2 15081
46518 4 21 14369
46520 4 22 14370
46522 4 23 14371
46524 4 1 14372
46526 4 21 14381
46528 4 15 14751
46530 4 21 14753
46532 4 19 14776
46534 4 2 14793
46536 4 15 14835
46582 4 2 14373
46584 4 3 14374
46586 4 5 14375
46588 4 9 14376
46590 4 10 14401
46592 4 9 14784
46594 4 10 14785
46596 4 15 14787
46598 4 14 14810
46600 4 3 15082
46602 4 2 15213
46604 4 22 15222
46652 4 10 14377
46654 4 19 14428
46656 4 9 14436
46658 4 10 14437
46660 4 21 14465
46662 4 9 15168
46664 4 14 14378
46666 4 14 14990
46668 4 22 15066
46670 4 14 15206
46672 4 15 14379
46674 4 22 14406
46676 4 3 15034
46678 4 9 15036
46680 4 9 15132
46682 4 10 15193
46710 4 22 14382
46712 4 1 14408
46716 4 5 15287
46720 4 23 14383
46722 4 10 14761
46724 4 9 15324
46726 4 15 15327
46728 4 1 14384
46730 4 3 14542
46732 4 9 14544
46734 4 10 14545
46736 4 23 14803
46738 4 21 14897
46740 4 2 14385
46742 4 3 14386
46744 4 5 14387
46746 4 9 14388
46748 4 5 14399
46750 4 2 14565
46752 4 1 14780
46754 4 2 14781
46756 4 5 14867
46758 4 23 14995
46762 4 10 15085
46764 4 3 15238
46828 4 14 14390
46830 4 21 14837
46836 4 2 14409
46838 4 5 14411
46840 4 9 14424
46842 4 15 14475
46844 4 22 15282
46846 4 19 14392
46848 4 21 14393
46850 4 22 14394
46852 4 23 14395
46854 4 14 14570
46856 4 21 14573
46858 4 23 14791
46860 4 9 14880
46862 4 5 15215
46864 4 3 15334
46906 4 1 14396
46908 4 22 14694
46910 4 23 14695
46912 4 1 14696
46914 4 10 15253
46916 4 14 15254
46918 4 15 15255
46920 4 15 15315
46922 4 2 14397
46924 4 3 14398
46926 4 9 14532
46944 4 9 14400
46946 4 23 14419
46948 4 2 14421
46952 4 15 14559
46956 4 5 14843
46958 4 5 15047
46966 4 19 14548
46990 4 15 14403
46994 4 22 14586
46998 4 19 14404
47000 4 15 14523
47002 4 2 14553
47004 4 21 15245
47006 4 1 15248
47008 4 21 14405
47010 4 5 14423
47014 4 14 14606
47016 4 15 14607
47020 4 3 14782
47026 4 14 15158
47030 4 23 14407
47036 4 1 14564
47048 4 3 14410
47052 4 9 14412
47062 4 2 14697
47064 4 2 14757
47066 4 10 15073
47068 4 15 15075
47070 4 15 15207
47072 4 19 15208
47074 4 22 15210
47080 4 19 15256
47146 4 10 14413
47152 4 5 15323
47154 4 14 14414
47158 4 15 14415
47160 4 19 14416
47162 4 21 14417
47164 4 22 14418
47166 4 10 14473
47168 4 1 14804
47170 4 2 14805
47172 4 5 14807
47174 4 22 14826
47176 4 1 14828
47178 4 2 14829
47180 4 19 14908
47182 4 14 15302
47234 4 1 14420
47238 4 3 14422
47240 4 23 14503
47242 4 5 14831
47244 4 10 14833
47246 4 14 14834
47252 4 21 15065
47254 4 2 15297
47314 4 10 15325
47316 4 14 15326
47328 4 19 14812
47336 4 10 14425
47338 4 2 14541
47342 4 14 14426
47348 4 15 15159
47366 4 23 14479
47370 4 21 14429
47372 4 22 14430
47374 4 23 14431
47376 4 1 14432
47378 4 5 14507
47380 4 9 14508
47382 4 9 14712
47384 4 15 14715
47386 4 19 14740
47388 4 2 14769
47390 4 22 14790
47392 4 14 14930
47394 4 23 14983
47396 4 14 15038
47452 4 2 14433
47454 4 3 14434
47470 4 5 15239
47472 4 9 15240
47474 4 14 15242
47484 4 14 14438
47486 4 15 14439
47490 4 9 14472
47492 4 10 14521
47494 4 1 14900
47536 4 19 14440
47538 4 9 14448
47540 4 14 14498
47542 4 15 14499
47544 4 3 14530
47546 4 9 14748
47548 4 21 14441
47550 4 1 14528
47552 4 21 15305
47554 4 22 14442
47556 4 3 14794
47558 4 9 14796
47560 4 23 14899
47562 4 23 14443
47564 4 10 14533
47566 4 15 14535
47568 4 5 14759
47572 4 14 14786
47574 4 1 14444
47576 4 2 14445
47578 4 3 14446
47580 4 5 14447
47582 4 10 14461
47584 4 14 14462
47586 4 15 14463
47588 4 15 14511
47590 4 15 14799
47592 4 21 14801
47594 4 14 14858
47596 4 22 15006
47598 4 9 15108
47652 4 10 14449
47656 4 23 14815
47658 4 14 14450
47660 4 15 14451
47662 4 19 14452
47664 4 21 14453
47666 4 23 14467
47668 4 22 14502
47670 4 10 14821
47672 4 22 14850
47674 4 10 14869
47676 4 1 15356
47678 4 2 15357
47724 4 22 14454
47730 4 23 14455
47732 4 21 14705
47734 4 1 14456
47738 4 5 15335
47740 4 2 14457
47742 4 2 14673
47744 4 14 14798
47748 4 23 15307
47758 4 5 14459
47760 4 5 14579
47762 4 14 14582
47764 4 15 14811
47766 4 9 14460
47768 4 9 14868
47770 4 23 15331
47782 4 19 14464
47788 4 19 14704
47790 4 3 14758
47796 4 22 14802
47870 4 22 14466
47872 4 5 15095
47874 4 9 15096
47876 4 10 15097
47878 4 21 15173
47880 4 22 15174
47890 4 3 15118
47892 4 5 15119
47894 4 9 15120
47896 4 1 14468
47898 4 23 14863
47900 4 1 14864
47902 4 14 15122
47904 4 15 15123
47906 4 19 15124
47926 4 3 14470
47928 4 3 14566
47930 4 10 14569
47932 4 2 14841
47934 4 5 14471
47936 4 5 14495
47938 4 3 15130
47974 4 14 14474
47982 4 10 15037
48002 4 19 14476
48004 4 10 15217
48006 4 14 15218
48008 4 15 15219
48010 4 21 14477
48016 4 19 14788
48022 4 9 15204
48024 4 22 14478
48026 4 14 15134
48028 4 19 15136
48030 4 1 15164
48032 4 2 15165
48034 4 3 15166
48040 4 1 14480
48042 4 2 14481
48044 4 3 14482
48046 4 5 14483
48048 4 21 14537
48050 4 22 14538
48052 4 1 14540
48056 4 3 14770
48058 4 23 14839
48060 4 23 15067
48062 4 21 15329
48112 4 9 14484
48114 4 9 14496
48116 4 19 15160
48118 4 21 15161
48120 4 23 15163
48122 4 10 14485
48124 4 14 14486
48126 4 15 14487
48128 4 19 14488
48132 4 23 14539
48134 4 1 14720
48136 4 5 14723
48138 4 21 14813
48140 4 10 14881
48142 4 21 14885
48144 4 5 14891
48146 4 10 15025
48148 4 15 15063
48150 4 5 15131
48152 4 15 15231
48212 4 21 14489
48214 4 22 14574
48216 4 23 14575
48218 4 22 14838
48220 4 22 14490
48226 4 23 15247
48230 4 23 14491
48234 4 2 15249
48236 4 3 15250
48238 4 5 15251
48240 4 1 14492
48242 4 2 14493
48244 4 19 14716
48246 4 21 14717
48248 4 22 14718
48256 4 3 14494
48258 4 23 14911
48260 4 22 15354
48276 4 10 14497
48280 4 14 15170
48290 4 19 14500
48292 4 21 14501
48300 4 14 15074
48304 4 10 15145
48306 4 1 15212
48308 4 22 15318
48384 4 1 14504
48386 4 14 14822
48388 4 15 15183
48390 4 19 15184
48392 4 2 14505
48394 4 3 14878
48396 4 5 14927
48398 4 3 14506
48400 4 9 14928
48412 4 10 14509
48414 4 14 14510
48416 4 22 14514
48418 4 23 14515
48422 4 10 14809
48424 4 22 14874
48428 4 23 15007
48500 4 19 14512
48504 4 2 15153
48506 4 21 14513
48510 4 3 15154
48512 4 5 15155
48514 4 9 15156
48516 4 21 15293
48528 4 1 14516
48530 4 2 14517
48532 4 10 14725
48534 4 19 14728
48536 4 1 14816
48542 4 15 15027
48544 4 9 15060
48600 4 3 14518
48604 4 5 14519
48606 4 2 14529
48608 4 9 14520
48614 4 21 15221
48626 4 14 14522
48628 4 23 15103
48630 4 1 15104
48632 4 21 15233
48648 4 19 14524
48650 4 21 14525
48652 4 22 14526
48654 4 23 14527
48656 4 3 14710
48658 4 1 14840
48660 4 10 15205
48662 4 9 15216
48664 4 9 15276
48734 4 5 14531
48736 4 10 14845
48746 4 14 14534
48750 4 19 14536
48752 4 15 14547
48756 4 19 15196
48760 4 21 15209
48822 4 1 14876
48828 4 5 15035
48832 4 9 15132
48902 4 5 14543
48904 4 9 14544
48910 4 15 14607
48912 4 23 14803
48914 4 23 15355
48954 4 14 14546
48978 4 21 14549
48980 4 22 14550
48982 4 23 14551
48984 4 1 14552
48986 4 21 14693
48988 4 5 14699
48990 4 9 14700
48992 4 14 14702
48994 4 19 14932
48996 4 22 14934
48998 4 23 14935
49000 4 9 14988
49002 4 22 15078
49004 4 10 15337
49006 4 3 15358
49068 4 3 14554
49070 4 5 14555
49072 4 9 14556
49074 4 10 14557
49076 4 23 14875
49082 4 19 15220
49086 4 22 15246
49136 4 3 14350
49138 4 9 14352
49146 4 19 14560
49150 4 15 14739
49152 4 3 14746
49154 4 21 14789
49156 4 14 14846
49214 4 23 14563
49230 4 2 14385
49232 4 3 14386
49236 4 2 14565
49244 4 5 14567
49246 4 9 14568
49252 4 19 14572
49258 4 1 14576
49264 4 22 15258
49266 4 23 15259
49322 4 19 14392
49334 4 15 14571
49340 4 3 14578
49344 4 9 14880
49348 4 3 15334
49412 4 2 14577
49416 4 9 14580
49426 4 1 15260
49490 4 2 15261
49502 4 10 14581
49506 4 19 14584
49508 4 21 14585
49510 4 23 14587
49518 4 3 15262
49574 4 15 14583
49578 4 5 15263
49580 4 19 14356
49596 4 2 14589
49598 4 3 14590
49600 4 9 14592
49606 4 2 14853
49610 4 9 15264
49670 4 1 14588
49674 4 10 15265
49684 4 5 14591
49688 4 21 14597
49690 4 9 14844
49694 4 10 15133
49698 4 14 15266
49750 4 10 14593
49752 4 14 14594
49754 4 15 14595
49756 4 19 14596
49758 4 22 14598
49760 4 23 14599
49762 4 1 14600
49764 4 5 15191
49766 4 14 15194
49770 4 15 15267
49824 4 19 15268
49836 4 2 14601
49838 4 19 14608
49840 4 21 14609
49842 4 22 14610
49844 4 14 15026
49846 4 14 15062
49852 4 21 15269
49908 4 3 14602
49910 4 5 14603
49912 4 9 14604
49914 4 10 14605
49916 4 1 14612
49918 4 2 14613
49920 4 3 14614
49922 4 19 14848
49924 4 2 14901
49928 4 22 15270
50010 4 23 14611
50012 4 9 14616
50014 4 14 14618
50016 4 15 14619
50018 4 3 14830
50020 4 15 14907
50026 4 23 15271
50092 4 5 14615
50094 4 19 14620
50096 4 21 14621
50098 4 22 14622
50100 4 10 14749
50104 4 21 14921
50108 4 1 15272
50170 4 10 14617
50176 4 9 14628
50178 4 14 14630
50180 4 15 14631
50182 4 22 14778
50186 4 10 14929
50190 4 2 15273
50256 4 23 14623
50258 4 19 14632
50260 4 21 14633
50262 4 23 14635
50264 4 23 14767
50268 4 15 14931
50272 4 3 15274
50330 4 5 14351
50332 4 10 14353
50338 4 14 14426
50436 4 10 14629
50442 4 1 14636
50444 4 2 14637
50446 4 3 14638
50448 4 9 14808
50452 4 10 14989
50456 4 5 15275
50520 4 22 14634
50524 4 9 14640
50526 4 10 14641
50528 4 15 14643
50530 4 22 14766
50532 4 14 14906
50538 4 10 15277
50604 4 5 14639
50606 4 9 14652
50608 4 10 14653
50610 4 14 14654
50612 4 19 14836
50616 4 22 15018
50620 4 14 15278
50684 4 14 14642
50688 4 19 14656
50690 4 21 14657
50692 4 23 14659
50694 4 23 14755
50696 4 5 14903
50702 4 15 15279
50758 4 19 14644
50760 4 21 14645
50762 4 22 14646
50764 4 23 14647
50766 4 9 14940
50768 4 10 14941
50770 4 14 14942
50772 4 19 14944
50774 4 21 14945
50776 4 1 14948
50778 4 22 15114
50780 4 23 15115
50782 4 2 15117
50784 4 2 15189
50786 4 19 15232
50788 4 21 15341
50790 4 22 15342
50852 4 1 14648
50854 4 2 14649
50856 4 3 14650
50858 4 5 14651
50862 4 21 14933
50864 4 21 14969
50866 4 22 14970
50868 4 23 14971
50870 4 1 14972
50872 4 19 15052
50874 4 21 15077
50878 4 9 15120
50880 4 10 15121
50882 4 14 15338
50884 4 14 15350
50956 4 15 14655
50958 4 9 14664
50960 4 10 14665
50962 4 14 14666
50964 4 1 14852
50968 4 22 15054
50972 4 19 15280
51036 4 22 14658
51040 4 1 14660
51042 4 2 14661
51044 4 5 14663
51046 4 5 14711
51048 4 19 14884
51054 4 21 15281
51118 4 3 14662
51122 4 21 14669
51124 4 22 14670
51126 4 23 14671
51128 4 15 14703
51132 4 19 14896
51136 4 23 15283
51202 4 15 14667
51204 4 3 14674
51206 4 5 14675
51208 4 9 14676
51210 4 15 14883
51212 4 21 15053
51218 4 1 15284
51274 4 19 14668
51276 4 14 14762
51278 4 15 14763
51280 4 21 14765
51282 4 19 15292
51294 4 1 14672
51296 4 14 14678
51298 4 15 14679
51300 4 21 14681
51302 4 22 14730
51306 4 3 14902
51310 4 2 15285
51366 4 2 14457
51368 4 2 14673
51372 4 14 14798
51384 4 10 14677
51386 4 22 14682
51388 4 1 14684
51390 4 2 14685
51392 4 3 14890
51394 4 14 15050
51400 4 1 15296
51464 4 19 14680
51468 4 5 14687
51470 4 9 14688
51472 4 14 14690
51474 4 5 14747
51478 4 10 14905
51482 4 10 15301
51544 4 23 14683
51550 4 1 14720
51552 4 2 14721
51554 4 3 14722
51556 4 14 14894
51560 4 15 15051
51564 4 3 15310
51620 4 21 14357
51622 4 22 14358
51624 4 23 14359
51626 4 3 14686
51628 4 5 14771
51630 4 10 14773
51632 4 21 15017
51634 4 9 15024
51644 4 10 14689
51648 4 9 14712
51650 4 10 14713
51652 4 14 14714
51654 4 9 14760
51658 4 9 14916
51662 4 9 15312
51718 4 15 14691
51720 4 23 14779
51722 4 9 15300
51756 4 1 14396
51760 4 3 14410
51762 4 22 14694
51764 4 23 14695
51768 4 2 14697
51770 4 1 14756
51772 4 2 14757
51774 4 2 14817
51776 4 3 14818
51778 4 9 14820
51780 4 5 14879
51782 4 10 15253
51784 4 14 15254
51786 4 19 15304
51788 4 15 15315
51854 4 2 14337
51858 4 3 14698
51860 4 3 15214
51862 4 22 15234
51864 4 1 15236
51876 4 10 14701
51878 4 14 14702
51882 4 23 15019
51884 4 15 15039
51886 4 21 15041
51950 4 19 14464
51952 4 19 14704
51956 4 15 14799
51958 4 21 14801
51962 4 23 14455
51964 4 21 14705
51968 4 15 14823
51970 4 5 15359
51972 4 22 14706
51974 4 23 14707
51976 4 1 14708
51978 4 2 14709
51980 4 14 15002
51982 4 15 15003
51984 4 19 15004
51986 4 1 15020
51988 4 2 15021
51990 4 21 15029
51992 4 10 15049
51996 4 21 15221
52052 4 23 14527
52056 4 9 15216
52068 4 21 14429
52070 4 1 14432
52082 4 15 14715
52084 4 19 14740
52086 4 15 14775
52092 4 14 15038
52150 4 2 14493
52152 4 19 14716
52154 4 21 14717
52156 4 22 14718
52158 4 23 14719
52162 4 14 14726
52164 4 15 14727
52168 4 23 14851
52170 4 10 15169
52174 4 5 15287
52176 4 1 15332
52244 4 21 14813
52246 4 9 14892
52248 4 10 15025
52310 4 1 14348
52312 4 9 14724
52320 4 2 14517
52334 4 21 14849
52336 4 15 14895
52344 4 15 15291
52406 4 9 14364
52408 4 10 14449
52410 4 21 14729
52412 4 1 14996
52422 4 23 14731
52424 4 1 14732
52426 4 2 14733
52428 4 3 14734
52430 4 15 14751
52432 4 19 14752
52434 4 21 14777
52436 4 2 14793
52472 4 5 14735
52474 4 9 14736
52476 4 10 14737
52478 4 14 14738
52482 4 21 15005
52484 4 9 15048
52486 4 5 15059
52488 4 5 15107
52490 4 23 15223
52492 4 2 15225
52494 4 3 15226
52552 4 19 14560
52574 4 21 14741
52576 4 22 14742
52578 4 23 14743
52580 4 1 14744
52584 4 22 14946
52586 4 23 14947
52588 4 19 15028
52590 4 2 15069
52592 4 9 15072
52598 4 2 15237
52600 4 15 15243
52602 4 2 15333
52664 4 2 14745
52666 4 22 14814
52678 4 5 14819
52692 4 15 14499
52694 4 19 14500
52696 4 9 14748
52698 4 22 14898
52700 4 1 15212
52704 4 2 14613
52706 4 10 14749
52710 4 14 14750
52712 4 3 14794
52714 4 9 14796
52716 4 10 14797
52718 4 21 14369
52720 4 22 14370
52722 4 23 14371
52724 4 21 14381
52734 4 21 14753
52736 4 22 14754
52738 4 19 14776
52812 4 9 14412
52826 4 19 15256
52830 4 15 14463
52842 4 10 14533
52852 4 19 15196
52862 4 23 14383
52864 4 1 14456
52866 4 10 14761
52868 4 5 15335
52876 4 19 14764
52880 4 1 14792
52930 4 21 14621
52936 4 10 14365
52938 4 15 14367
52940 4 19 14368
52942 4 1 14768
52944 4 2 15081
52950 4 23 14431
52952 4 5 14507
52954 4 9 14508
52956 4 10 14509
52958 4 2 14769
52962 4 2 14481
52964 4 3 14770
52966 4 9 14784
52968 4 23 15067
52970 4 21 15329
52976 4 1 14360
52982 4 9 14772
52986 4 14 14774
52988 4 22 14826
52990 4 23 14827
52992 4 3 15298
52994 4 14 15302
53100 4 5 14387
53102 4 5 14399
53106 4 5 14423
53108 4 1 14780
53110 4 2 14781
53112 4 3 14782
53114 4 5 14783
53116 4 5 14867
53118 4 23 14995
53120 4 10 15085
53166 4 2 14373
53168 4 3 14374
53174 4 3 15082
53178 4 9 14376
53182 4 21 14477
53184 4 10 14785
53186 4 14 14786
53188 4 15 14787
53190 4 19 14788
53194 4 14 14810
53196 4 9 14904
53198 4 2 15201
53200 4 5 15203
53202 4 22 15222
53262 4 22 14790
53268 4 21 14393
53274 4 14 14570
53276 4 19 14572
53278 4 21 14573
53282 4 9 14880
53316 4 22 14442
53318 4 22 14454
53324 4 5 14795
53330 4 23 14899
53332 4 9 15084
53382 4 1 14444
53384 4 3 14446
53394 4 19 14800
53400 4 14 14858
53402 4 22 15006
53404 4 1 15008
53406 4 3 15010
53408 4 5 15011
53410 4 1 15080
53412 4 5 15311
53472 4 1 14384
53474 4 3 14542
53476 4 9 14544
53478 4 10 14545
53480 4 14 14606
53482 4 23 14803
53486 4 15 14415
53488 4 21 14417
53490 4 10 14473
53492 4 1 14804
53494 4 2 14805
53496 4 3 14806
53498 4 5 14807
53502 4 1 14828
53504 4 3 14854
53506 4 5 14855
53566 4 23 15007
53580 4 2 15213
53582 4 5 14459
53586 4 10 14581
53588 4 14 14582
53596 4 9 14424
53598 4 19 14812
53600 4 14 15158
53604 4 19 15208
53608 4 14 14486
53632 4 23 14815
53636 4 23 14515
53638 4 1 14816
53712 4 14 14450
53714 4 19 14452
53716 4 21 14453
53718 4 10 14821
53720 4 1 15356
53722 4 2 15357
53724 4 1 14504
53732 4 19 14824
53734 4 21 14825
53736 4 15 15183
53738 4 19 15184
53780 4 19 14416
53798 4 2 14829
53800 4 19 14908
53858 4 19 14608
53862 4 3 14830
53864 4 15 14907
53866 4 23 14419
53868 4 3 14422
53870 4 23 14503
53872 4 5 14831
53874 4 9 14832
53876 4 10 14833
53878 4 14 14834
53880 4 21 15065
53884 4 15 15255
53886 4 2 15297
53888 4 22 15330
53942 4 1 14372
53946 4 15 14835
53948 4 1 14636
53950 4 3 14638
53956 4 14 14390
53958 4 21 14837
53962 4 22 14574
53966 4 2 14577
53972 4 22 14838
53978 4 5 14483
53980 4 21 14537
53982 4 22 14538
53984 4 1 14540
53986 4 23 14839
53992 4 22 14526
54000 4 9 14568
54008 4 2 14841
54012 4 14 14366
54014 4 19 14380
54016 4 3 14842
54018 4 9 14400
54022 4 2 14421
54026 4 5 14843
54028 4 5 15047
54032 4 5 14591
54034 4 9 14844
54036 4 2 14853
54038 4 5 14531
54046 4 10 14353
54052 4 1 14624
54054 4 5 14627
54056 4 15 14739
54060 4 19 15148
54062 4 15 14847
54064 4 14 15314
54066 4 3 14602
54070 4 19 14848
54072 4 2 14901
54074 4 10 15133
54086 4 15 14451
54090 4 22 14850
54092 4 10 14869
54102 4 9 14652
54118 4 9 14592
54132 4 9 14856
54134 4 10 14857
54136 4 22 14886
54138 4 1 14888
54140 4 2 14889
54186 4 5 14447
54196 4 15 14859
54198 4 19 14860
54200 4 21 14861
54202 4 22 14862
54204 4 23 14863
54206 4 2 14865
54208 4 3 14866
54210 4 3 14878
54212 4 10 14893
54214 4 3 14974
54216 4 5 14975
54218 4 10 14977
54220 4 14 14978
54222 4 19 14980
54224 4 3 15118
54226 4 5 15119
54228 4 23 15187
54284 4 1 14468
54292 4 1 14864
54302 4 15 14979
54308 4 19 15124
54310 4 21 15125
54312 4 1 15188
54382 4 9 14460
54384 4 9 14868
54386 4 5 15083
54396 4 15 14355
54398 4 14 14870
54400 4 15 14871
54402 4 19 14872
54404 4 21 14873
54406 4 22 15306
54408 4 23 15307
54410 4 1 15308
54412 4 23 15319
54414 4 3 15322
54454 4 14 14510
54462 4 22 14874
54464 4 3 14554
54466 4 5 14555
54468 4 10 14557
54470 4 23 14875
54472 4 21 15245
54474 4 1 15248
54480 4 1 14876
54482 4 15 15231
54486 4 21 14513
54488 4 2 14877
54490 4 10 15061
54492 4 2 14505
54500 4 5 14927
54520 4 22 14394
54532 4 19 14488
54534 4 10 14881
54536 4 5 15131
54538 4 14 14882
54542 4 14 14666
54544 4 15 14883
54546 4 21 15053
54554 4 1 14660
54566 4 21 14885
54578 4 23 14887
54620 4 3 14674
54622 4 9 14676
54626 4 14 15050
54638 4 23 14539
54640 4 5 14891
54642 4 3 15034
54644 4 5 15035
54646 4 9 15132
54652 4 9 14892
54654 4 15 15063
54682 4 2 14685
54684 4 14 14894
54702 4 21 14669
54704 4 22 14670
54712 4 21 14897
54714 4 2 14349
54716 4 15 14427
54724 4 1 15212
54736 4 9 15084
54738 4 9 14436
54740 4 14 14438
54742 4 15 14439
54744 4 10 14521
54746 4 1 14900
54750 4 9 14604
54756 4 2 14613
54766 4 1 14672
54772 4 22 14730
54798 4 19 14680
54812 4 22 14634
54828 4 23 14611
54842 4 22 14418
54852 4 9 14340
54854 4 21 14909
54856 4 14 15146
54858 4 22 14910
54860 4 22 15138
54862 4 3 14494
54864 4 23 14911
54866 4 23 15139
54868 4 1 14912
54870 4 1 15140
54872 4 2 14913
54874 4 2 15141
54876 4 3 14914
54878 4 3 15142
54880 4 10 14341
54882 4 5 14915
54884 4 9 15144
54888 4 10 14689
54896 4 9 14760
54898 4 9 14916
54900 4 14 14342
54902 4 10 14917
54904 4 15 15147
54906 4 1 14336
54908 4 3 14338
54910 4 5 14339
54912 4 14 14918
54916 4 2 14337
54922 4 15 14919
54924 4 3 15214
54928 4 10 14497
54930 4 19 14920
54932 4 14 15170
54938 4 5 14615
54944 4 10 14749
54948 4 15 14343
54950 4 23 14347
54952 4 22 14922
54954 4 5 15143
54958 4 21 14345
54960 4 23 14923
54962 4 22 15150
54964 4 22 14346
54966 4 22 14502
54968 4 1 14924
54970 4 23 15151
54972 4 19 14344
54974 4 19 14512
54976 4 2 14925
54978 4 2 15153
54984 4 3 14926
54986 4 21 15149
54998 4 3 14506
55000 4 9 14928
55002 4 1 15152
55018 4 21 14429
55026 4 15 14715
55030 4 14 14930
55036 4 23 14623
55044 4 15 14931
55046 4 21 14549
55048 4 23 14551
55052 4 5 14651
55056 4 19 14932
55058 4 21 14933
55060 4 22 14934
55062 4 23 14935
55064 4 21 14969
55066 4 19 15052
55070 4 22 15078
55072 4 14 15338
55074 4 3 15358
55132 4 1 14936
55134 4 2 14937
55136 4 3 14938
55138 4 5 14939
55140 4 9 14940
55142 4 15 14943
55144 4 1 14984
55146 4 2 14985
55148 4 3 14986
55150 4 14 15110
55152 4 21 15113
55154 4 22 15126
55156 4 2 15129
55158 4 21 15185
55160 4 15 15339
55162 4 19 15340
55226 4 19 14644
55228 4 22 14646
55238 4 10 14941
55240 4 14 14942
55248 4 22 15114
55250 4 2 15117
55252 4 22 15186
55256 4 21 15341
55326 4 19 14944
55328 4 21 14945
55330 4 1 14948
55334 4 22 15342
55340 4 21 14741
55342 4 22 14742
55344 4 23 14743
55350 4 22 14946
55352 4 23 14947
55356 4 2 15189
55358 4 19 15232
55360 4 15 15243
55422 4 2 14949
55424 4 3 14950
55426 4 5 14951
55428 4 9 14952
55430 4 10 14953
55432 4 15 14955
55434 4 2 15069
55436 4 3 15070
55438 4 5 15071
55440 4 15 15087
55442 4 21 15089
55444 4 23 15091
55446 4 3 15094
55448 4 15 15171
55450 4 23 15343
55452 4 1 15344
55524 4 14 14954
55528 4 19 14956
55530 4 21 14957
55532 4 1 14960
55538 4 5 15095
55540 4 14 15098
55542 4 19 15172
55546 4 2 15345
55618 4 22 14958
55620 4 23 14959
55624 4 15 14991
55626 4 19 14992
55632 4 21 15173
55634 4 23 15175
55636 4 1 15176
55640 4 3 15346
55704 4 2 14961
55706 4 3 14962
55708 4 5 14963
55710 4 9 14964
55712 4 10 14965
55714 4 15 14967
55716 4 19 14968
55718 4 22 15030
55720 4 2 15033
55722 4 15 15099
55724 4 21 15101
55726 4 2 15177
55728 4 5 15179
55730 4 9 15180
55732 4 5 15347
55734 4 9 15348
55804 4 14 14966
55810 4 15 15039
55812 4 19 15040
55814 4 22 15042
55820 4 23 15103
55822 4 3 15106
55824 4 10 15181
55828 4 10 15349
55894 4 2 14649
55906 4 14 15350
55912 4 22 14970
55914 4 23 14971
55916 4 1 14972
55918 4 2 14973
55922 4 9 14976
55928 4 10 15121
55934 4 15 15351
56016 4 21 14981
56024 4 19 15352
56108 4 1 15020
56110 4 3 15022
56112 4 5 15023
56116 4 21 15125
56122 4 21 15353
56192 4 5 14363
56194 4 22 14982
56198 4 23 14431
56204 4 9 14508
56206 4 22 14790
56208 4 23 14983
56220 4 5 14987
56222 4 3 14998
56224 4 9 15000
56226 4 10 15001
56232 4 14 15134
56234 4 21 15137
56236 4 9 15192
56300 4 22 14550
56304 4 5 14699
56306 4 14 14702
56308 4 9 14988
56310 4 10 15337
56316 4 10 14629
56320 4 1 14636
56322 4 3 14638
56324 4 9 14808
56326 4 10 14989
56328 4 14 14378
56330 4 3 14518
56332 4 14 14990
56334 4 14 15206
56346 4 21 14993
56348 4 22 14994
56350 4 23 15055
56352 4 2 15057
56354 4 19 15160
56356 4 22 15162
56358 4 23 15163
56428 4 5 14399
56434 4 3 14782
56436 4 23 14995
56440 4 21 14729
56442 4 1 14996
56448 4 14 14402
56450 4 2 14997
56452 4 19 15328
56460 4 5 14999
56466 4 23 15043
56468 4 1 15044
56470 4 2 15045
56476 4 1 15164
56478 4 5 15167
56480 4 23 15211
56536 4 22 14706
56538 4 23 14707
56540 4 1 14708
56542 4 5 14735
56544 4 10 14737
56548 4 15 15003
56550 4 19 15004
56552 4 21 15005
56554 4 9 15048
56556 4 10 15049
56558 4 5 15059
56560 4 5 15107
56610 4 1 14444
56612 4 3 14446
56616 4 19 14800
56620 4 14 14858
56628 4 5 15311
56634 4 14 14510
56640 4 10 14809
56652 4 2 15009
56658 4 1 15080
56704 4 9 15012
56706 4 10 15013
56708 4 14 15014
56710 4 15 15015
56712 4 14 15086
56714 4 15 15303
56752 4 3 14386
56754 4 9 14388
56756 4 19 15016
56758 4 3 15238
56760 4 21 14357
56762 4 22 14358
56764 4 3 14686
56766 4 21 15017
56768 4 9 15024
56774 4 5 14639
56782 4 22 15018
56786 4 10 14701
56790 4 23 15019
56794 4 21 15041
56800 4 2 14709
56808 4 2 15021
56814 4 21 15029
56820 4 21 15221
56882 4 2 14469
56890 4 3 15286
56892 4 9 15288
56894 4 10 14485
56900 4 2 14721
56902 4 5 14723
56904 4 21 14813
56906 4 10 15025
56908 4 22 14598
56910 4 1 14600
56912 4 14 15026
56914 4 14 15062
56920 4 2 14517
56924 4 14 14726
56926 4 19 14728
56928 4 15 15027
56934 4 1 14744
56936 4 19 15028
56940 4 9 15072
56964 4 23 15031
56966 4 1 15032
56972 4 1 15056
56974 4 3 15058
56980 4 2 15249
56982 4 5 15251
56984 4 9 15252
57050 4 15 14379
57052 4 14 14474
57054 4 1 14528
57058 4 5 14891
57064 4 9 15036
57066 4 10 15037
57070 4 5 15299
57120 4 14 14714
57124 4 19 14740
57126 4 14 15038
57150 4 21 15233
57218 4 3 15046
57224 4 5 15227
57226 4 14 15230
57228 4 19 15244
57278 4 9 14400
57280 4 23 14419
57282 4 1 14420
57284 4 2 14421
57286 4 5 14843
57288 4 5 15047
57320 4 3 14674
57324 4 10 14677
57330 4 3 14890
57332 4 14 15050
57336 4 23 14683
57344 4 14 14894
57350 4 3 14650
57356 4 21 14933
57362 4 9 14664
57364 4 14 14666
57366 4 15 14667
57380 4 15 14655
57456 4 14 14738
57476 4 9 15060
57482 4 2 14877
57484 4 10 15061
57490 4 2 14601
57494 4 22 14610
57510 4 9 14892
57514 4 19 15064
57516 4 23 15079
57518 4 5 15191
57522 4 3 14422
57524 4 23 14503
57526 4 5 14831
57528 4 9 14832
57530 4 10 14833
57532 4 21 15065
57534 4 10 15253
57536 4 15 15255
57540 4 22 15066
57542 4 21 15305
57544 4 10 15313
57546 4 1 14480
57548 4 2 14481
57550 4 5 14483
57554 4 1 14540
57556 4 3 14770
57558 4 23 15067
57560 4 21 15329
57564 4 1 14360
57568 4 1 15068
57574 4 10 15289
57598 4 22 15234
57600 4 2 15237
57602 4 21 15257
57664 4 2 14409
57666 4 9 14412
57670 4 19 14500
57672 4 21 14501
57674 4 10 15073
57676 4 14 15074
57678 4 15 15075
57680 4 19 15076
57682 4 1 15212
57686 4 19 15256
57688 4 22 15282
57758 4 21 14549
57776 4 3 15190
57782 4 22 14802
57792 4 10 14365
57794 4 19 14368
57796 4 3 14458
57798 4 1 14768
57802 4 2 14373
57804 4 3 14374
57806 4 5 14375
57808 4 9 14784
57810 4 3 15082
57812 4 22 15222
57814 4 9 14868
57816 4 5 15083
57820 4 3 15250
57822 4 3 14794
57824 4 5 14795
57826 4 10 14797
57828 4 23 14899
57830 4 9 15084
57842 4 5 14867
57844 4 10 15085
57866 4 19 15088
57870 4 22 15090
57874 4 2 15093
57882 4 23 15235
57954 4 15 14955
57964 4 1 15092
57972 4 10 15097
58038 4 22 14466
58058 4 9 15096
58070 4 22 15174
58148 4 19 15100
58152 4 22 15102
58156 4 2 15105
58160 4 2 15141
58164 4 3 15178
58228 4 14 14522
58246 4 1 15104
58314 4 9 14736
58328 4 2 14445
58330 4 10 14461
58332 4 15 14463
58334 4 15 14511
58336 4 9 15108
58338 4 10 15109
58352 4 15 15111
58354 4 19 15112
58356 4 21 15113
58360 4 1 15116
58364 4 23 15127
58370 4 21 15185
58372 4 22 15186
58432 4 19 14644
58434 4 21 14645
58452 4 23 15115
58458 4 22 15150
58516 4 23 14467
58526 4 21 14861
58542 4 5 15119
58544 4 9 15120
58546 4 10 15121
58548 4 23 15151
58610 4 1 14468
58612 4 9 14520
58620 4 1 14864
58632 4 14 15122
58634 4 15 15123
58636 4 19 15124
58638 4 21 15125
58642 4 1 15188
58710 4 2 14985
58722 4 1 15128
58728 4 15 15135
58736 4 9 15192
58796 4 5 14471
58798 4 5 14495
58800 4 3 15130
58804 4 21 15161
58810 4 19 14488
58814 4 21 14885
58816 4 5 15131
58834 4 5 14591
58836 4 19 14848
58838 4 10 15133
58840 4 22 14478
58860 4 19 15136
58866 4 2 15165
58940 4 23 14911
58948 4 1 14912
58964 4 3 14914
58974 4 22 14922
58980 4 5 14915
58986 4 15 14499
58988 4 10 15145
58990 4 22 15318
59002 4 14 14342
59004 4 10 14917
59006 4 15 15147
59010 4 5 14351
59012 4 10 14353
59016 4 1 14624
59018 4 3 14626
59020 4 5 14627
59022 4 14 14846
59024 4 19 15148
59026 4 23 15295
59038 4 21 14345
59040 4 23 14923
59048 4 22 14346
59060 4 9 14928
59078 4 21 14513
59080 4 3 15154
59082 4 5 15155
59084 4 9 15156
59086 4 10 15157
59088 4 21 15293
59090 4 22 15294
59126 4 22 14406
59128 4 9 14424
59130 4 19 14812
59132 4 14 15158
59134 4 15 15207
59136 4 19 15208
59138 4 14 14426
59140 4 23 14563
59144 4 2 14625
59148 4 15 15159
59152 4 9 14484
59156 4 19 14992
59174 4 14 15182
59250 4 3 15166
59260 4 9 15228
59328 4 10 14377
59330 4 19 14428
59334 4 21 14465
59336 4 9 14472
59338 4 9 15168
59340 4 19 14716
59342 4 21 14717
59344 4 23 14719
59350 4 15 14727
59352 4 10 15169
59356 4 19 14920
59358 4 14 15170
59404 4 22 14958
59520 4 5 15179
59524 4 15 15195
59530 4 9 15252
59630 4 1 14504
59632 4 14 14822
59634 4 19 14824
59636 4 15 15183
59638 4 19 15184
59640 4 5 15359
59648 4 21 14825
59722 4 3 14866
59748 4 2 15189
59750 4 19 15232
59756 4 5 15215
59758 4 10 14593
59760 4 15 14595
59766 4 14 15194
59792 4 14 14414
59794 4 10 15193
59800 4 19 14596
59824 4 10 14533
59826 4 14 14534
59828 4 19 14536
59830 4 15 14547
59832 4 5 14759
59834 4 19 15196
59838 4 21 15209
59840 4 3 14362
59842 4 10 14413
59844 4 21 15197
59846 4 22 15198
59848 4 23 15199
59850 4 1 15200
59852 4 5 15323
59854 4 9 15336
59894 4 1 14348
59896 4 21 14477
59898 4 10 14785
59900 4 14 14786
59902 4 2 15201
59904 4 3 15202
59906 4 5 15203
59908 4 9 15204
59910 4 14 15290
59950 4 19 14524
59952 4 22 14526
59954 4 23 14527
59956 4 10 15205
59958 4 9 15276
59962 4 14 14990
59972 4 3 14410
59976 4 15 14475
59994 4 22 15210
60068 4 9 14748
60070 4 22 14898
60084 4 10 14401
60086 4 14 14810
60088 4 2 15213
60090 4 1 14336
60092 4 2 14337
60094 4 3 14338
60096 4 3 14698
60098 4 15 14919
60100 4 3 15214
60102 4 22 15234
60104 4 1 15236
60106 4 19 14392
60108 4 23 14395
60114 4 3 15334
60118 4 21 14525
60120 4 3 14710
60122 4 9 15216
60124 4 19 14476
60126 4 3 14554
60128 4 5 14555
60130 4 10 15217
60132 4 14 15218
60134 4 15 15219
60136 4 19 15220
60198 4 9 14376
60202 4 15 14787
60214 4 23 15223
60216 4 1 15224
60218 4 2 15225
60220 4 3 15226
60222 4 19 15316
60224 4 9 15324
60226 4 15 15327
60284 4 10 15229
60292 4 21 15317
60346 4 23 14539
60348 4 1 14540
60350 4 1 14876
60352 4 15 15231
60360 4 23 14947
60368 4 15 15243
60372 4 15 15039
60376 4 21 15041
60384 4 21 15233
60392 4 22 14742
60408 4 23 15235
60476 4 3 14386
60480 4 2 14565
60484 4 3 15238
60486 4 5 14435
60492 4 5 15239
60494 4 9 15240
60496 4 10 15241
60498 4 14 15242
60500 4 22 15306
60502 4 2 15309
60574 4 19 14404
60576 4 22 14490
60578 4 15 14523
60580 4 2 14553
60584 4 9 14556
60586 4 10 14557
60588 4 23 14875
60590 4 21 15245
60592 4 22 15246
60594 4 23 15247
60596 4 1 15248
60648 4 23 14491
60726 4 1 14396
60730 4 9 14412
60732 4 22 14694
60734 4 1 14696
60736 4 2 14757
60752 4 14 15254
60758 4 15 15315
60760 4 22 15330
60842 4 3 14566
60844 4 5 14567
60846 4 9 14568
60848 4 22 14574
60850 4 23 14575
60852 4 1 14576
60854 4 22 15258
60860 4 10 14569
60862 4 14 14570
60864 4 15 14571
60866 4 19 14572
60868 4 23 15259
60874 4 2 14577
60876 4 5 14579
60878 4 9 14580
60880 4 14 14582
60882 4 1 15260
60884 4 3 14578
60886 4 15 14583
60888 4 2 15261
60894 4 10 14581
60896 4 19 14584
60898 4 21 14585
60900 4 23 14587
60902 4 3 15262
60906 4 1 14588
60908 4 5 15263
60914 4 22 14586
60916 4 2 14589
60918 4 3 14590
60920 4 9 14592
60922 4 9 15264
60928 4 14 14594
60932 4 10 15265
60938 4 5 14591
60940 4 21 14597
60942 4 14 15266
60952 4 23 14599
60956 4 15 15267
60960 4 3 14602
60962 4 5 14603
60964 4 10 14605
60966 4 19 15268
60972 4 2 14601
60974 4 19 14608
60976 4 21 14609
60980 4 21 15269
60986 4 9 14604
60988 4 1 14612
60990 4 2 14613
60992 4 3 14614
60994 4 22 15270
61000 4 23 14611
61002 4 9 14616
61004 4 14 14618
61006 4 15 14619
61008 4 23 15271
61014 4 5 14615
61016 4 19 14620
61018 4 21 14621
61020 4 22 14622
61022 4 1 15272
61026 4 10 14617
61030 4 9 14628
61032 4 14 14630
61034 4 15 14631
61036 4 2 15273
61042 4 23 14623
61044 4 19 14632
61046 4 21 14633
61048 4 23 14635
61050 4 3 15274
61054 4 10 14629
61058 4 1 14636
61060 4 2 14637
61062 4 3 14638
61064 4 5 15275
61080 4 22 14634
61082 4 9 14640
61084 4 10 14641
61086 4 15 14643
61088 4 10 15277
61094 4 5 14639
61096 4 9 14652
61098 4 10 14653
61100 4 14 14654
61102 4 14 15278
61108 4 14 14642
61110 4 19 14656
61112 4 21 14657
61114 4 23 14659
61116 4 15 15279
61122 4 15 14655
61124 4 9 14664
61126 4 10 14665
61128 4 14 14666
61130 4 19 15280
61136 4 22 14658
61138 4 1 14660
61140 4 2 14661
61142 4 5 14663
61144 4 21 15281
61146 4 15 14391
61150 4 5 14411
61158 4 22 15282
61164 4 3 14662
61166 4 21 14669
61168 4 22 14670
61170 4 23 14671
61172 4 23 15283
61178 4 15 14667
61180 4 3 14674
61182 4 5 14675
61184 4 9 14676
61186 4 1 15284
61192 4 1 14672
61194 4 14 14678
61196 4 15 14679
61198 4 21 14681
61200 4 2 15285
61202 4 21 14357
61204 4 22 14382
61206 4 1 14408
61208 4 2 14469
61210 4 2 14493
61216 4 9 15024
61218 4 1 15068
61220 4 3 15286
61222 4 5 15287
61292 4 19 14728
61294 4 21 14849
61296 4 15 14895
61298 4 15 15291
61300 4 19 14668
61302 4 14 14762
61304 4 15 14763
61306 4 21 14765
61308 4 19 15292
61312 4 3 15154
61318 4 21 15293
61330 4 3 14350
61334 4 14 14402
61336 4 14 14426
61344 4 15 15159
61346 4 23 15295
61352 4 10 14677
61354 4 22 14682
61356 4 1 14684
61358 4 2 14685
61360 4 1 15296
61362 4 23 14419
61364 4 1 14420
61366 4 3 14422
61370 4 10 14833
61372 4 14 14834
61374 4 2 15297
61376 4 5 14771
61378 4 9 14772
61380 4 10 14773
61382 4 22 14826
61384 4 23 14827
61386 4 3 15298
61388 4 14 15302
61392 4 9 15036
61394 4 5 15299
61396 4 15 14691
61398 4 23 14779
61400 4 9 15300
61406 4 19 14680
61408 4 5 14687
61410 4 9 14688
61412 4 14 14690
61414 4 10 15301
61416 4 15 14415
61418 4 19 14416
61428 4 2 14829
61430 4 19 14908
61436 4 9 15012
61438 4 10 15013
61440 4 14 15014
61442 4 15 15303
61446 4 23 14695
61448 4 1 14756
61450 4 2 14817
61452 4 3 14818
61454 4 9 14820
61456 4 19 15304
61458 4 21 14441
61460 4 1 14528
61462 4 22 15066
61464 4 21 15305
61468 4 15 14355
61470 4 2 14457
61472 4 14 14870
61474 4 19 14872
61482 4 23 15307
61484 4 1 15308
61488 4 23 15319
61490 4 2 15321
61492 4 3 15322
61544 4 23 14683
61548 4 1 14720
61550 4 2 14721
61552 4 3 14722
61554 4 3 15310
61556 4 15 14799
61558 4 19 14800
61564 4 2 15009
61566 4 3 15010
61568 4 5 15311
61574 4 10 14689
61576 4 9 14712
61578 4 10 14713
61580 4 14 14714
61582 4 9 15312
61594 4 15 14847
61596 4 14 15314
61610 4 5 14879
61640 4 15 14499
61642 4 21 14501
61644 4 10 15145
61646 4 22 15318
61656 4 1 15320
61706 4 23 14383
61708 4 5 14423
61718 4 10 15325
61720 4 14 15326
61762 4 9 14352
61766 4 14 14558
61768 4 21 14561
61770 4 2 14997
61772 4 19 15328
61774 4 1 14480
61778 4 3 14482
61780 4 19 14548
61782 4 3 14770
61784 4 23 15067
61786 4 21 15329
61800 4 9 14460
61802 4 5 14471
61804 4 23 15331
61808 4 22 14718
61810 4 23 14719
61816 4 23 14851
61818 4 1 15332
61824 4 21 14945
61826 4 22 14946
61830 4 19 15028
61832 4 2 15333
61836 4 21 14393
61842 4 21 14573
61848 4 1 14456
61850 4 10 14761
61852 4 5 15335
61854 4 3 14362
61864 4 21 14549
61866 4 22 14550
61868 4 5 14699
61870 4 14 14702
61872 4 9 14988
61874 4 23 15019
61876 4 10 15337
61878 4 1 14648
61880 4 5 14651
61882 4 19 14932
61884 4 21 14933
61886 4 23 14935
61888 4 21 14969
61890 4 14 15338
61892 4 1 14936
61894 4 2 14937
61896 4 5 14939
61902 4 3 14986
61904 4 15 15339
61910 4 3 14938
61912 4 9 14940
61914 4 10 14941
61916 4 15 14943
61918 4 19 15340
61922 4 22 14646
61930 4 19 14944
61932 4 21 15341
61944 4 1 14948
61946 4 22 15342
61948 4 2 14949
61950 4 5 14951
61952 4 9 14952
61956 4 3 15070
61960 4 23 15343
61964 4 3 14950
61968 4 10 14953
61970 4 15 14955
61972 4 19 14956
61974 4 1 15344
61978 4 14 14954
61982 4 21 14957
61984 4 23 14959
61986 4 1 14960
61988 4 2 15345
61992 4 22 14958
61996 4 15 14991
61998 4 19 14992
62000 4 21 14993
62002 4 3 15346
62004 4 2 14961
62006 4 3 14962
62008 4 9 14964
62012 4 1 15032
62016 4 5 15347
62028 4 19 14968
62030 4 9 15348
62038 4 15 15039
62040 4 19 15040
62042 4 22 15042
62044 4 10 15349
62048 4 2 14649
62056 4 1 14972
62058 4 14 15350
62068 4 9 14976
62070 4 10 14977
62072 4 15 15351
62076 4 5 14975
62080 4 14 14978
62084 4 21 14981
62086 4 19 15352
62096 4 3 15022
62098 4 5 15023
62100 4 21 15353
62102 4 3 14494
62104 4 5 14495
62106 4 22 15354
62108 4 3 14542
62110 4 14 14606
62112 4 23 14803
62114 4 23 15355
62116 4 14 14450
62118 4 21 14453
62120 4 10 14497
62122 4 10 14821
62124 4 1 15356
62128 4 19 14452
62130 4 22 14502
62134 4 2 15357
62138 4 21 14693
62142 4 22 14934
62148 4 3 15358
62150 4 21 14705
62152 4 14 14822
62154 4 15 14823
62156 4 19 14824
62158 4 15 15183
62160 4 5 15359
62162 4 23 11527
62164 4 9 11712
62166 4 5 11951
62168 4 9 11952
62170 4 15 11955
62172 4 21 11957
62174 4 10 12133
62210 4 23 11959
62212 4 1 11960
62214 4 15 11991
62216 4 21 11993
62218 4 23 11995
62220 4 1 11996
62222 4 23 11947
62224 4 1 11948
62226 4 9 12000
62228 4 10 12001
62230 4 9 12012
62232 4 10 12013
62234 4 19 12016
62236 4 21 12017
62238 4 1 12020
62240 4 2 12021
62242 4 9 12024
62244 4 14 12026
62254 4 19 12004
62256 4 21 12005
62258 4 1 12008
62260 4 2 12009
62266 4 21 12029
62268 4 22 12030
62270 4 3 11914
62272 4 22 11922
62274 4 21 12173
62276 4 15 11511
62278 4 21 11801
62280 4 23 12139
62300 4 15 11919
62302 4 10 12085
62304 4 1 12140
62306 4 23 11491
62308 4 9 11400
62310 4 9 11868
62312 4 15 11871
62314 4 10 12169
62342 4 14 11942
62344 4 10 12037
62346 4 3 12226
62352 4 15 12051
62354 4 21 12053
62356 4 14 11534
62358 4 1 12128
62360 4 5 12131
62370 4 5 11411
62372 4 19 11488
62374 4 21 11717
62376 4 10 11809
62378 4 1 12248
62400 4 19 11392
62402 4 2 12033
62404 4 3 12034
62406 4 14 12074
62408 4 15 12075
62410 4 10 11497
62412 4 19 11560
62414 4 22 12150
62416 4 23 12151
62418 4 21 11549
62420 4 1 11552
62422 4 2 11805
62424 4 9 11808
62426 4 15 11439
62428 4 10 11929
62430 4 14 12110
62432 4 21 12113
62434 4 21 11621
62436 4 19 11716
62442 4 1 12164
62472 4 1 11516
62474 4 14 11702
62478 4 3 11686
62480 4 15 11715
62494 4 5 11627
62496 4 3 12238
62500 4 14 11414
62502 4 1 11912
62504 4 3 11398
62512 4 1 11660
62514 4 10 11389
62522 4 22 11502
62524 4 1 11816
62526 4 1 11420
62528 4 5 11723
62530 4 23 11779
62532 4 23 12079
62538 4 10 11689
62540 4 21 11849
62542 4 23 12235
62562 4 3 12106
62564 4 15 11907
62568 4 23 11923
62570 4 15 11835
62572 4 21 11837
62574 4 5 11915
62594 4 1 11864
62596 4 14 12170
62602 4 22 12114
62604 4 22 11718
62614 4 14 11810
62616 4 21 12149
62618 4 21 11393
62620 4 22 11646
62622 4 22 11658
62624 4 5 11795
62626 4 14 11870
62654 4 5 11783
62656 4 9 11916
62658 4 19 12244
62670 4 10 11821
62672 4 2 11937
62678 4 10 11641
62682 4 23 12055
62684 4 14 12158
62704 4 9 11340
62706 4 2 11505
62708 4 22 11598
62710 4 15 11787
62712 4 14 11354
62718 4 10 11521
62722 4 9 11772
62724 4 2 11793
62728 4 2 12249
62730 4 5 11435
62732 4 9 11460
62762 4 2 11601
62766 4 22 11910
62770 4 19 11824
62772 4 3 11854
62774 4 19 11920
62776 4 1 12200
62778 4 10 12205
62800 4 22 11550
62804 4 3 11866
62810 4 14 11498
62812 4 1 11636
62814 4 10 11797
62816 4 15 12231
62818 4 14 11834
62820 4 22 11514
62822 4 5 11543
62824 4 5 11975
62826 4 9 11976
62828 4 10 12181
62832 4 2 11517
62836 4 5 11843
62838 4 3 12046
62840 4 9 12072
62842 4 23 12247
62884 4 14 11918
62886 4 22 12042
62890 4 10 12049
62892 4 21 11921
62894 4 14 12050
62900 4 5 11555
62902 4 3 11542
62904 4 23 11971
62906 4 1 11972
62918 4 21 11501
62922 4 19 11788
62924 4 23 11791
62926 4 14 12086
62928 4 3 11926
62930 4 1 12068
62940 4 15 11703
62942 4 23 12067
62966 4 1 11348
62968 4 2 12045
62970 4 2 12081
62972 4 10 12145
62976 4 15 11763
62978 4 23 11767
62980 4 19 11776
63002 4 15 11535
63004 4 22 11538
63010 4 3 11374
63012 4 15 12063
63016 4 10 12157
63018 4 9 11832
63022 4 10 12121
63026 4 1 11540
63028 4 15 11967
63030 4 22 11970
63032 4 1 12188
63034 4 2 11541
63048 4 9 11544
63060 4 1 11768
63062 4 15 12147
63080 4 10 11545
63088 4 23 12127
63090 4 14 11546
63096 4 3 12214
63098 4 15 11547
63112 4 10 12253
63142 4 9 11556
63148 4 5 12227
63150 4 21 11861
63156 4 1 11828
63176 4 2 11577
63184 4 9 11676
63186 4 19 11368
63188 4 14 12038
63190 4 21 12125
63196 4 2 11385
63198 4 15 12039
63200 4 14 12134
63204 4 22 11562
63212 4 19 12028
63218 4 9 12240
63228 4 3 11782
63232 4 3 12250
63246 4 22 11778
63274 4 14 11930
63294 4 22 12126
63304 4 14 11306
63306 4 1 11336
63308 4 19 12064
63310 4 23 12091
63312 4 19 12124
63344 4 3 12166
63352 4 14 11582
63364 4 22 12210
63368 4 19 11944
63374 4 19 11728
63380 4 15 12183
63382 4 21 12185
63410 4 21 11729
63418 4 22 12186
63446 4 22 11730
63450 4 15 11979
63454 4 23 12187
63482 4 23 11731
63490 4 5 12191
63492 4 1 11732
63496 4 23 11983
63500 4 9 12192
63528 4 2 11733
63536 4 10 12193
63538 4 3 11734
63542 4 5 11987
63546 4 14 12194
63574 4 5 11735
63576 4 5 11963
63582 4 15 12195
63584 4 9 11736
63592 4 19 12196
63620 4 10 11737
63628 4 21 12197
63656 4 14 11738
63664 4 22 12198
63666 4 15 11739
63674 4 23 12199
63702 4 19 11740
63710 4 5 12203
63738 4 21 11741
63746 4 9 12204
63774 4 22 11742
63782 4 15 12207
63810 4 23 11743
63818 4 21 12209
63846 4 1 11744
63854 4 23 12211
63906 4 2 11745
63914 4 1 12212
63942 4 3 11746
63950 4 2 12213
63978 4 5 11747
63986 4 19 12220
64014 4 9 11748
64022 4 5 12215
64050 4 3 11266
64054 4 19 12100
64056 4 3 12262
64058 4 14 12266
64082 4 22 11310
64084 4 3 11314
64086 4 21 12101
64106 4 19 11752
64114 4 23 12223
64142 4 14 11750
64150 4 14 12218
64178 4 15 11751
64186 4 22 12222
64214 4 21 11753
64222 4 14 12230
64250 4 15 12135
64252 4 19 12160
64254 4 23 11755
64262 4 19 12232
64290 4 5 11603
64294 4 22 11754
64302 4 21 12233
64330 4 2 11757
64338 4 2 12237
64366 4 3 11758
64374 4 21 12245
64404 4 9 11760
64430 4 15 12159
64440 4 5 11939
64484 4 3 11578
64500 4 22 11358
64504 4 3 12118
64534 4 10 11557
64538 4 21 11765
64558 4 23 11839
64560 4 21 11873
64586 4 10 11761
64646 4 23 12163
64648 4 9 11592
64650 4 19 11404
64652 4 1 11492
64654 4 19 12148
64682 4 14 11270
64684 4 15 11415
64686 4 22 12162
64688 4 22 12270
64690 4 3 12274
64718 4 5 11831
64720 4 3 11602
64730 4 2 11553
64734 4 10 11857
64736 4 22 12078
64740 4 22 12138
64754 4 3 11590
64774 4 23 11611
64778 4 5 11759
64780 4 9 11580
64782 4 14 11558
64794 4 2 11709
64796 4 3 11362
64800 4 2 12117
64828 4 15 11619
64834 4 19 11608
64864 4 5 11819
64866 4 21 11633
64870 4 15 11727
64902 4 14 12242
64910 4 3 11614
64914 4 1 11648
64934 4 15 12171
64936 4 19 11668
64938 4 9 12168
64952 4 22 12234
64960 4 5 12071
64978 4 9 11616
64988 4 3 11626
65006 4 21 11597
65012 4 5 12155
65014 4 19 11596
65016 4 21 11681
65018 4 23 11695
65020 4 23 11635
65024 4 2 12225
65036 4 14 11318
65038 4 22 11322
65040 4 2 11841
65042 4 5 11891
65068 4 3 11326
65070 4 3 11842
65072 4 23 12103
65104 4 9 11928
65128 4 19 11704
65132 4 1 11444
65142 4 9 11700
65146 4 14 11666
65150 4 5 11699
65160 4 9 11688
65166 4 10 11701
65174 4 1 11708
65176 4 1 11756
65204 4 3 11770
65224 4 14 11966
65238 4 21 11981
65244 4 1 11984
65250 4 14 11990
65354 4 3 11302
65356 4 14 11330
65358 4 14 12254
65360 4 22 12258
65448 4 22 11274
65450 4 3 11278
65452 4 14 12278
65454 4 22 12282
65480 4 14 11282
65484 4 3 12286
65510 4 22 11286
65530 4 3 11290
65532 4 14 11294
65548 4 22 11298
65624 4 19 11344
65680 4 15 11379
65756 4 1 11672
65874 4 3 11662
65944 4 19 11680
65954 4 10 11713
65968 4 19 12040
65970 4 1 12092
65998 4 21 12041
66000 4 2 12093
66030 4 3 12094
66058 4 23 12043
66060 4 10 12097
66088 4 1 12044
66090 4 14 12098
66124 4 14 11774
66130 4 5 12047
66132 4 2 12105
66158 4 9 12048
66160 4 15 12099
66184 4 22 12102
66214 4 1 12104
66242 4 10 12061
66244 4 1 12116
66268 4 5 11711
66278 4 14 12062
66280 4 9 12120
66304 4 10 11653
66310 4 14 11654
66316 4 15 11655
66322 4 19 11656
66328 4 21 11657
66334 4 21 11645
66340 4 3 11650
66350 4 9 11652
66356 4 2 11661
66366 4 15 11667
66372 4 5 11663
66378 4 9 11664
66384 4 10 11665
66390 4 22 11670
66428 4 9 12132
66478 4 3 12070
66480 4 5 12095
66508 4 1 12080
66510 4 9 12096
66578 4 22 11694
66580 4 2 11697
66604 4 19 11932
66628 4 1 11696
66656 4 14 11714
66698 4 5 12083
66700 4 21 12161
66740 4 10 12073
66742 4 22 12162
66904 4 22 12198
66940 4 23 12211
66988 4 22 12222
67000 4 19 12232
67068 4 19 11764
67212 4 22 12246
67226 4 19 11064
67228 4 1 11176
67238 4 2 11177
67240 4 19 11184
67242 4 22 11186
67244 4 23 11187
67246 4 10 11193
67248 4 5 11191
67250 4 9 11192
67252 4 14 11194
67254 4 5 11059
67256 4 19 10248
67264 4 22 10970
67266 4 2 10973
67268 4 22 10478
67270 4 1 10720
67272 4 3 10734
67274 4 21 11137
67292 4 1 10360
67294 4 2 11141
67296 4 1 10624
67298 4 15 11207
67302 4 1 11116
67310 4 22 10646
67312 4 14 11146
67326 4 5 10411
67334 4 15 11171
67336 4 10 10305
67338 4 23 11211
67340 4 9 10352
67348 4 3 11154
67350 4 23 11079
67352 4 10 11217
67368 4 15 10331
67370 4 9 10400
67372 4 2 10445
67392 4 10 10977
67406 4 5 10483
67408 4 3 11094
67410 4 19 10272
67412 4 21 11185
67414 4 9 10880
67430 4 10 10317
67432 4 23 10743
67450 4 1 10636
67452 4 22 11126
67468 4 22 10682
67470 4 3 10686
67472 4 23 10935
67492 4 3 11130
67494 4 19 11148
67498 4 10 10473
67500 4 14 10678
67504 4 3 10674
67506 4 15 10907
67508 4 23 10911
67514 4 5 10939
67516 4 14 10690
67518 4 15 10943
67520 4 23 10947
67526 4 19 10464
67542 4 5 10699
67544 4 21 10981
67546 4 3 11034
67558 4 23 11055
67560 4 1 10468
67562 4 9 10292
67568 4 3 11070
67574 4 23 10707
67586 4 9 10280
67600 4 9 11168
67612 4 1 10888
67618 4 10 10893
67620 4 23 10923
67624 4 5 11203
67638 4 15 10703
67642 4 19 11196
67644 4 15 11219
67656 4 22 11198
67662 4 2 10985
67702 4 15 10931
67754 4 5 10387
67774 4 19 10368
67796 4 15 10487
67800 4 23 10491
67816 4 5 10495
67832 4 15 10499
67836 4 23 10503
67852 4 5 10507
67878 4 15 10511
67894 4 23 10515
67910 4 15 10523
67926 4 5 10519
67942 4 23 10527
67958 4 5 10531
67974 4 9 10544
67990 4 19 10536
68006 4 3 11262
68030 4 21 10549
68046 4 1 10540
68062 4 21 10561
68078 4 10 10557
68092 4 9 10664
68096 4 2 10565
68110 4 1 10456
68128 4 19 10572
68144 4 1 10576
68164 4 10 10605
68178 4 2 10553
68252 4 14 10642
68278 4 15 11159
68296 4 15 10451
68316 4 5 10423
68338 4 9 10244
68346 4 15 11111
68360 4 22 11222
68374 4 1 10240
68378 4 5 10255
68386 4 1 10276
68408 4 9 11084
68432 4 15 10259
68456 4 21 10297
68462 4 14 10342
68466 4 23 10287
68474 4 22 11150
68490 4 15 10655
68526 4 19 11088
68538 4 15 10415
68552 4 23 10419
68556 4 2 10325
68564 4 3 10434
68574 4 9 10364
68578 4 21 10441
68584 4 21 10429
68588 4 2 10313
68608 4 19 10404
68698 4 1 10264
68702 4 14 11170
68740 4 21 10321
68760 4 15 10355
68772 4 23 10899
68774 4 5 10903
68820 4 5 10915
68822 4 15 10919
68856 4 5 10927
68858 4 19 10956
68930 4 3 10962
69322 4 3 17926
69324 4 5 17927
69326 4 9 17928
69328 4 10 17929
69330 4 14 17930
69332 4 15 17931
69334 4 19 17932
69336 4 21 17933
69338 4 10 17977
69340 4 19 18028
69342 4 23 18379
69344 4 9 18420
69346 4 9 17496
69348 4 1 17552
69350 4 2 17601
69352 4 3 17602
69354 4 5 17603
69356 4 9 17604
69358 4 2 17697
69360 4 3 17866
69362 4 5 17867
69364 4 9 17868
69366 4 10 17869
69368 4 23 18211
69370 4 15 18231
69372 4 19 18232
69374 4 21 18233
69376 4 22 18234
69378 4 1 18272
69380 4 15 18315
69382 4 10 17605
69384 4 14 17606
69386 4 15 17607
69388 4 19 17608
69390 4 10 17701
69392 4 22 17466
69394 4 2 17517
69396 4 3 17518
69398 4 5 17519
69400 4 9 17520
69402 4 15 17559
69404 4 22 17562
69406 4 23 17563
69408 4 21 17789
69410 4 10 18145
69412 4 15 18003
69414 4 19 18004
69416 4 21 18005
69418 4 22 18006
69420 4 14 18158
69422 4 9 18180
69424 4 10 18181
69426 4 14 18182
69428 4 15 18183
69430 4 10 18229
69432 4 15 17451
69434 4 5 17459
69436 4 9 17460
69438 4 10 17461
69440 4 14 17462
69442 4 21 17813
69444 4 9 18300
69446 4 1 18404
69448 4 2 18405
69450 4 3 18406
69452 4 5 18407
69454 4 9 17544
69456 4 23 17467
69458 4 19 17488
69460 4 22 17490
69462 4 23 17491
69464 4 1 17492
69466 4 2 17493
69468 4 21 17561
69470 4 19 17572
69472 4 19 18184
69474 4 9 18288
69476 4 10 17473
69478 4 14 17474
69480 4 15 17475
69482 4 19 17476
69484 4 9 17592
69486 4 22 17454
69488 4 23 17455
69490 4 1 17456
69492 4 2 17457
69494 4 10 17545
69496 4 1 17816
69498 4 2 17817
69500 4 3 17818
69502 4 5 17819
69504 4 2 17853
69506 4 19 17860
69508 4 10 17905
69510 4 5 17783
69512 4 5 17843
69514 4 19 17848
69516 4 21 17849
69518 4 22 17850
69520 4 23 17851
69522 4 15 18327
69526 4 19 17416
69528 4 3 17938
69530 4 5 17939
69532 4 9 17940
69534 4 10 17941
69536 4 14 17942
69538 4 15 17943
69540 4 19 17944
69542 4 21 17945
69544 4 22 18030
69546 4 23 18031
69548 4 5 18383
69552 4 15 17463
69554 4 19 17596
69556 4 15 17799
69558 4 14 18302
69560 4 15 18303
69562 4 19 18304
69564 4 21 18305
69566 4 5 18323
69568 4 14 17714
69570 4 2 17793
69572 4 3 17794
69574 4 5 17795
69576 4 9 17796
69578 4 21 18017
69580 4 22 18018
69582 4 23 18019
69584 4 1 18020
69586 4 14 18038
69588 4 23 18247
69590 4 2 17445
69592 4 22 17574
69602 4 1 17564
69606 4 23 17983
69608 4 1 17984
69610 4 2 17985
69612 4 3 17986
69614 4 9 18036
69616 4 21 18245
69618 4 1 17588
69620 4 19 17824
69622 4 21 17825
69624 4 22 17826
69626 4 23 17827
69638 4 23 18307
69640 4 2 17805
69642 4 3 17806
69644 4 5 17807
69646 4 9 17808
69648 4 19 18328
69650 4 14 17534
69652 4 15 17535
69654 4 19 17536
69656 4 21 17537
69658 4 5 17591
69660 4 15 17427
69662 4 15 17511
69664 4 5 17699
69666 4 14 17798
69668 4 3 18226
69670 4 1 17744
69672 4 10 17857
69694 4 21 17417
69696 4 22 17418
69698 4 23 17419
69700 4 1 17420
69702 4 3 17422
69704 4 1 17756
69706 4 2 17757
69708 4 3 17758
69710 4 5 17759
69712 4 3 17782
69714 4 1 17840
69716 4 10 18157
69718 4 3 18370
69720 4 5 18371
69722 4 9 18372
69724 4 10 18373
69728 4 15 18051
69730 4 19 18052
69732 4 21 18053
69734 4 22 18054
69736 4 5 18059
69738 4 9 18060
69740 4 10 18061
69742 4 14 18062
69744 4 21 18173
69746 4 3 18178
69748 4 21 18365
69750 4 19 17548
69752 4 21 17549
69754 4 22 17550
69756 4 23 17551
69758 4 23 17599
69760 4 2 17637
69762 4 3 17638
69764 4 9 17772
69766 4 21 17513
69768 4 22 17514
69770 4 23 17515
69772 4 1 17516
69774 4 3 17566
69776 4 5 17567
69778 4 9 17568
69780 4 10 17569
69782 4 19 17584
69784 4 23 17587
69786 4 2 17589
69788 4 3 17590
69790 4 19 17740
69792 4 21 17741
69794 4 9 17820
69796 4 21 17609
69798 4 22 17610
69800 4 23 17611
69802 4 1 17612
69804 4 2 17613
69806 4 3 17614
69808 4 5 17615
69810 4 9 17616
69812 4 10 17737
69814 4 22 17766
69816 4 1 18248
69818 4 9 18324
69836 4 10 17617
69850 4 14 17618
69852 4 15 17619
69854 4 19 17620
69856 4 21 17621
69858 4 22 17742
69862 4 2 18249
69864 4 10 18325
69874 4 23 17623
69876 4 1 17624
69878 4 2 17625
69880 4 3 17626
69882 4 22 17730
69886 4 9 18312
69888 4 23 17539
69898 4 15 17631
69902 4 5 18251
69904 4 19 17428
69906 4 21 17429
69908 4 22 17430
69910 4 23 17431
69914 4 1 17636
69916 4 21 17765
69918 4 23 17995
69920 4 21 18257
69922 4 5 17411
69924 4 9 17412
69926 4 10 17413
69928 4 14 17414
69930 4 19 17632
69932 4 21 17633
69934 4 22 17634
69936 4 23 17635
69938 4 5 17639
69940 4 19 18160
69942 4 2 18165
69944 4 22 18258
69954 4 5 17423
69956 4 9 17424
69958 4 10 17425
69960 4 14 17426
69964 4 19 17644
69966 4 21 17645
69968 4 22 17646
69970 4 23 17647
69972 4 5 17771
69974 4 1 17780
69976 4 2 18261
69978 4 15 18279
69980 4 19 17512
69982 4 9 17640
69984 4 10 17641
69986 4 14 17642
69988 4 15 17643
69990 4 1 17648
69992 4 2 17649
69994 4 3 17650
69996 4 5 17651
69998 4 1 17792
70000 4 23 17875
70002 4 1 18260
70004 4 15 17487
70014 4 9 17652
70016 4 10 17653
70018 4 14 17654
70020 4 15 17655
70024 4 14 17858
70026 4 5 18263
70028 4 15 17595
70038 4 19 17656
70040 4 21 17657
70042 4 22 17658
70044 4 23 17659
70048 4 1 17972
70050 4 3 18262
70052 4 21 17573
70062 4 1 17660
70064 4 2 17661
70066 4 3 17662
70068 4 5 17663
70072 4 14 17870
70074 4 9 18264
70076 4 10 17593
70086 4 9 17664
70088 4 10 17665
70090 4 14 17666
70092 4 15 17667
70094 4 19 17872
70098 4 10 17521
70100 4 14 17834
70102 4 22 18150
70104 4 14 17594
70114 4 19 17668
70116 4 21 17669
70118 4 22 17670
70120 4 23 17671
70124 4 14 17966
70126 4 10 18265
70128 4 23 17575
70138 4 14 17726
70140 4 15 17727
70142 4 19 17728
70144 4 21 17729
70146 4 15 17871
70150 4 10 18289
70160 4 2 17673
70162 4 3 17674
70164 4 5 17675
70166 4 9 17676
70168 4 14 17738
70172 4 15 18015
70174 4 14 18266
70176 4 1 17540
70178 4 10 17677
70180 4 14 17678
70182 4 15 17679
70184 4 19 17680
70194 4 9 17832
70198 4 15 18291
70200 4 23 18103
70202 4 1 18104
70204 4 2 18105
70206 4 3 18106
70208 4 15 18111
70210 4 19 18112
70212 4 21 18113
70214 4 22 18114
70216 4 15 18195
70218 4 19 18196
70220 4 14 18362
70222 4 15 18063
70224 4 19 18064
70226 4 21 18065
70228 4 22 18066
70230 4 5 18119
70232 4 9 18120
70234 4 10 18121
70236 4 14 18122
70238 4 5 18179
70240 4 23 18199
70242 4 22 18366
70252 4 21 17693
70254 4 22 17694
70256 4 23 17695
70258 4 1 17696
70260 4 23 17791
70264 4 15 18135
70266 4 21 18269
70268 4 10 17485
70278 4 21 17681
70280 4 22 17682
70282 4 23 17683
70284 4 1 17684
70286 4 10 17809
70290 4 15 18267
70292 4 5 17483
70302 4 10 17689
70304 4 14 17690
70306 4 15 17691
70308 4 19 17692
70312 4 23 17815
70314 4 19 18268
70324 4 15 17715
70326 4 19 17716
70328 4 21 17717
70330 4 22 17718
70332 4 10 17797
70334 4 10 18037
70338 4 5 18275
70340 4 3 17494
70350 4 14 17702
70352 4 15 17703
70354 4 19 17704
70356 4 21 17705
70360 4 14 17822
70362 4 22 18270
70364 4 22 17706
70366 4 23 17707
70368 4 1 17708
70370 4 2 17709
70380 4 9 17760
70382 4 21 17981
70386 4 19 18280
70388 4 3 17506
70398 4 3 17710
70400 4 5 17711
70402 4 9 17712
70404 4 10 17713
70408 4 3 17842
70410 4 3 18274
70420 4 1 17720
70422 4 1 17732
70424 4 2 17733
70426 4 3 17734
70428 4 5 17735
70430 4 15 17967
70434 4 21 18293
70436 4 9 17532
70446 4 3 17722
70448 4 5 17723
70450 4 9 17724
70452 4 10 17725
70456 4 1 17852
70458 4 5 18287
70468 4 5 17555
70470 4 9 17556
70472 4 10 17557
70474 4 14 17558
70478 4 9 17700
70480 4 3 17830
70482 4 22 18246
70484 4 9 18348
70486 4 5 18047
70488 4 9 18048
70490 4 10 18049
70492 4 14 18050
70502 4 15 18159
70506 4 15 18339
70508 4 15 18423
70510 4 1 17408
70512 4 2 17409
70514 4 3 17410
70516 4 5 17471
70518 4 1 18068
70520 4 2 18069
70522 4 3 18070
70524 4 5 18071
70526 4 23 18127
70528 4 1 18128
70530 4 2 18129
70532 4 3 18130
70534 4 22 18186
70536 4 21 18197
70538 4 2 18357
70540 4 22 17538
70562 4 10 18337
70564 4 1 17444
70566 4 14 17522
70568 4 15 17523
70570 4 19 17524
70572 4 23 17743
70574 4 14 17750
70576 4 15 17751
70578 4 19 17752
70580 4 21 17753
70582 4 22 17790
70584 4 14 17810
70586 4 3 18310
70588 4 3 18334
70590 4 1 17672
70600 4 2 17793
70602 4 3 17794
70612 4 2 18321
70632 4 2 17829
70634 4 22 17874
70640 4 19 17452
70642 4 3 17446
70644 4 5 17447
70646 4 9 17448
70648 4 10 17449
70650 4 23 17719
70652 4 23 17767
70654 4 1 17768
70656 4 2 17769
70658 4 3 17770
70660 4 2 18309
70662 4 2 18153
70664 4 3 18154
70666 4 5 18155
70668 4 9 18156
70670 4 10 18217
70672 4 14 18218
70674 4 15 18219
70676 4 19 18220
70678 4 21 18221
70680 4 15 18243
70682 4 10 18409
70694 4 23 18007
70696 4 1 18008
70698 4 2 18009
70700 4 3 18010
70702 4 5 18011
70704 4 9 18012
70706 4 10 18013
70708 4 14 18014
70710 4 23 18067
70712 4 3 18166
70714 4 5 18335
70716 4 23 18415
70728 4 10 17605
70730 4 14 17606
70740 4 23 17731
70742 4 10 18241
70744 4 2 18273
70746 4 1 17432
70748 4 2 17469
70750 4 3 17470
70752 4 10 17533
70754 4 22 18174
70756 4 23 18175
70758 4 1 18176
70760 4 2 18177
70768 4 9 17496
70770 4 1 17552
70772 4 3 17698
70774 4 1 18212
70776 4 9 18228
70778 4 9 18408
70780 4 21 17501
70782 4 22 17502
70784 4 23 17503
70786 4 1 17504
70788 4 1 17576
70790 4 23 17755
70792 4 21 17861
70794 4 9 18180
70796 4 10 18181
70798 4 14 18182
70802 4 10 18229
70804 4 22 18330
70808 4 9 17436
70814 4 5 17519
70820 4 19 17812
70822 4 2 18333
70824 4 9 17484
70830 4 10 17473
70832 4 14 17474
70834 4 15 17475
70836 4 19 17476
70838 4 22 17478
70840 4 1 17480
70842 4 2 17481
70844 4 10 17497
70846 4 14 17498
70848 4 15 17499
70850 4 14 17570
70852 4 1 17996
70856 4 15 17559
70868 4 5 17687
70870 4 9 17688
70880 4 2 17421
70882 4 10 17581
70884 4 2 17745
70886 4 3 17746
70888 4 5 17747
70890 4 9 17748
70892 4 21 18041
70894 4 22 18042
70896 4 23 18043
70898 4 1 18044
70900 4 14 18242
70902 4 19 18244
70904 4 9 18276
70906 4 5 18311
70916 4 3 17482
70924 4 19 17500
70926 4 2 17505
70934 4 3 17434
70936 4 5 17435
70938 4 10 17761
70940 4 14 17762
70942 4 15 17763
70944 4 19 17764
70946 4 14 18326
70948 4 1 17528
70950 4 2 17529
70952 4 3 17530
70954 4 5 17531
70956 4 2 17553
70962 4 23 17479
70968 4 3 17554
70972 4 22 17946
70974 4 2 17949
70976 4 1 18032
70978 4 23 18055
70980 4 1 18056
70982 4 3 18058
70984 4 9 18072
70986 4 15 18123
70988 4 19 18124
70990 4 5 18131
70992 4 9 18132
70994 4 14 18134
70996 4 1 18200
70998 4 2 18201
71000 4 3 17950
71002 4 9 17952
71004 4 10 17953
71006 4 2 18033
71018 4 1 18140
71020 4 3 18142
71024 4 5 18203
71026 4 2 17433
71028 4 15 17547
71030 4 19 17800
71032 4 22 17802
71034 4 23 17803
71036 4 22 17862
71038 4 23 17863
71040 4 1 17864
71042 4 2 17865
71044 4 1 17876
71046 4 19 17980
71048 4 23 18295
71054 4 2 18057
71072 4 15 17811
71076 4 14 17450
71078 4 19 17512
71100 4 5 18059
71116 4 3 18178
71120 4 21 18341
71122 4 23 18115
71124 4 1 18116
71126 4 2 18117
71128 4 3 18118
71130 4 19 18136
71132 4 21 18137
71134 4 22 18138
71136 4 23 18139
71138 4 22 18198
71140 4 9 18204
71142 4 1 18368
71160 4 19 18196
71164 4 19 18364
71186 4 9 18360
71188 4 21 18077
71190 4 22 18078
71192 4 23 18079
71194 4 1 18080
71196 4 10 18085
71198 4 14 18086
71200 4 15 18087
71202 4 19 18088
71204 4 1 18188
71206 4 3 18190
71208 4 22 18354
71210 4 10 18073
71212 4 14 18074
71214 4 15 18075
71216 4 19 18076
71226 4 23 18187
71230 4 19 18352
71240 4 2 18081
71242 4 3 18082
71244 4 5 18083
71246 4 9 18084
71250 4 2 18189
71252 4 21 18353
71254 4 5 18095
71256 4 9 18096
71258 4 10 18097
71260 4 14 18098
71262 4 15 18099
71264 4 19 18100
71266 4 21 18101
71268 4 22 18102
71270 4 9 18192
71272 4 10 18193
71274 4 5 18359
71284 4 5 18107
71286 4 9 18108
71288 4 10 18109
71290 4 14 18110
71294 4 14 18194
71296 4 10 18361
71310 4 21 18125
71312 4 22 18126
71318 4 23 18367
71332 4 10 18133
71340 4 2 18369
71352 4 2 18141
71356 4 5 18143
71362 4 14 18374
71364 4 10 17545
71374 4 14 18146
71376 4 15 18147
71378 4 19 18148
71380 4 21 18149
71384 4 22 18210
71386 4 19 18388
71398 4 21 18089
71400 4 22 18090
71402 4 23 18091
71404 4 1 18092
71408 4 5 18191
71410 4 23 18355
71412 4 1 18416
71414 4 2 18417
71424 4 21 18161
71426 4 22 18162
71428 4 23 18163
71430 4 1 18164
71434 4 5 18227
71436 4 23 18391
71458 4 15 18351
71460 4 1 17564
71484 4 14 18386
71490 4 10 17425
71492 4 14 17426
71498 4 2 18093
71500 4 3 18094
71514 4 3 18358
71516 4 23 18427
71518 4 1 18428
71520 4 9 17544
71522 4 10 17773
71524 4 10 17857
71530 4 10 18049
71546 4 15 18363
71548 4 3 18430
71558 4 10 18205
71560 4 14 18206
71562 4 15 18207
71564 4 19 18208
71568 4 23 18235
71570 4 19 18412
71594 4 1 17588
71604 4 1 17780
71608 4 10 17749
71610 4 19 17596
71632 4 1 18356
71634 4 21 18425
71636 4 2 17445
71638 4 21 17561
71640 4 15 17859
71642 4 23 17563
71644 4 19 17836
71646 4 21 17837
71648 4 22 17838
71650 4 23 17839
71652 4 9 17856
71654 4 3 17878
71656 4 5 17879
71658 4 14 17906
71660 4 15 17907
71662 4 21 17909
71664 4 2 17997
71670 4 19 18016
71682 4 10 18421
71690 4 10 17881
71694 4 3 17998
71714 4 15 17883
71716 4 19 17884
71718 4 22 17886
71724 4 5 17999
71740 4 1 17888
71742 4 2 17889
71744 4 9 17892
71746 4 14 17894
71748 4 15 17895
71750 4 9 18000
71752 4 10 18001
71772 4 19 17896
71774 4 22 17898
71776 4 23 17899
71780 4 14 18002
71796 4 14 18422
71800 4 21 17441
71802 4 3 17914
71804 4 9 17916
71806 4 10 17917
71808 4 14 17918
71810 4 15 17919
71812 4 10 18025
71814 4 14 18026
71834 4 21 17921
71836 4 22 17922
71838 4 2 17925
71842 4 15 18027
71858 4 14 17942
71860 4 21 17945
71864 4 1 17948
71868 4 23 18031
71892 4 14 17954
71894 4 19 17956
71896 4 21 17957
71900 4 3 18034
71918 4 2 18429
71924 4 3 17962
71926 4 5 17963
71928 4 10 17965
71932 4 5 18035
71948 4 9 17844
71950 4 10 17845
71952 4 14 17846
71954 4 15 17847
71956 4 3 17854
71958 4 14 17714
71962 4 19 17428
71966 4 22 17430
71968 4 23 17431
71970 4 5 18167
71972 4 9 18168
71974 4 10 18169
71976 4 14 18170
71978 4 23 18331
71984 4 2 18021
71986 4 5 18023
71988 4 9 18024
71998 4 1 18152
72012 4 9 17880
72022 4 14 17882
72032 4 3 17890
72034 4 5 17891
72040 4 10 17893
72050 4 21 17897
72058 4 22 17958
72060 4 23 17959
72062 4 1 17960
72064 4 2 17961
72066 4 22 17982
72068 4 22 17910
72070 4 23 17911
72072 4 1 17912
72074 4 2 17913
72076 4 15 17979
72082 4 19 17908
72090 4 23 17923
72092 4 1 17924
72100 4 5 17915
72112 4 19 17920
72120 4 23 17947
72130 4 15 17955
72142 4 9 17964
72148 4 21 17597
72150 4 15 17739
72152 4 19 18316
72154 4 21 18317
72156 4 22 18318
72158 4 23 18319
72160 4 9 17472
72182 4 19 18340
72184 4 22 18402
72190 4 15 17991
72192 4 21 17993
72194 4 22 17994
72200 4 23 18151
72218 4 22 17934
72220 4 23 17935
72222 4 1 17936
72224 4 2 17937
72226 4 21 18029
72238 4 23 17887
72288 4 3 18418
72292 4 5 17831
72294 4 21 17465
72296 4 5 17411
72298 4 9 17412
72300 4 10 17413
72302 4 14 17414
72304 4 2 18165
72306 4 15 17511
72308 4 9 17436
72312 4 1 17828
72314 4 15 17835
72318 4 19 17992
72326 4 23 17467
72330 4 2 17577
72332 4 3 17578
72334 4 5 17579
72336 4 9 17580
72338 4 14 17582
72340 4 5 17699
72342 4 14 17798
72344 4 3 18226
72346 4 1 18236
72348 4 2 18237
72350 4 3 18238
72352 4 5 18239
72354 4 21 18329
72356 4 1 18332
72358 4 1 18392
72360 4 14 17930
72362 4 15 17931
72364 4 19 17932
72366 4 21 17933
72368 4 10 17977
72370 4 15 17451
72372 4 10 17437
72374 4 14 17438
72376 4 15 17439
72378 4 19 17440
72380 4 19 17548
72382 4 21 17549
72384 4 1 17600
72386 4 2 17637
72388 4 3 17638
72390 4 9 17772
72392 4 2 17841
72394 4 5 17987
72396 4 9 17988
72398 4 10 17989
72400 4 14 17990
72402 4 21 18185
72412 4 10 18145
72414 4 10 18217
72416 4 14 18218
72418 4 15 18219
72420 4 19 18220
72422 4 15 18243
72424 4 23 18283
72426 4 1 18284
72428 4 2 18285
72430 4 3 18286
72432 4 19 18292
72446 4 2 18213
72448 4 3 18214
72450 4 9 18216
72452 4 14 18230
72456 4 10 18253
72458 4 14 18254
72460 4 15 18255
72462 4 23 18271
72464 4 1 17744
72486 4 9 18012
72496 4 9 18420
72502 4 15 18003
72504 4 19 18004
72506 4 21 18005
72508 4 22 18006
72510 4 14 18158
72512 4 19 17452
72514 4 21 17513
72516 4 1 17516
72518 4 22 17526
72520 4 23 17527
72524 4 9 17736
72526 4 19 17788
72528 4 14 17834
72530 4 5 17507
72532 4 9 17508
72534 4 10 17509
72536 4 14 17510
72542 4 22 17550
72544 4 23 17551
72546 4 2 17565
72548 4 23 17599
72550 4 2 17877
72552 4 5 18347
72574 4 21 18389
72582 4 22 17490
72586 4 1 17492
72588 4 2 17493
72592 4 3 17830
72594 4 9 18288
72596 4 19 17488
72598 4 14 17522
72602 4 19 17524
72604 4 21 17525
72606 4 14 17546
72608 4 19 17560
72610 4 14 17810
72612 4 3 18334
72614 4 14 18338
72616 4 2 17829
72620 4 15 17415
72622 4 3 17482
72624 4 2 17433
72628 4 23 17515
72638 4 21 17873
72644 4 5 18215
72650 4 22 17442
72656 4 1 17432
72658 4 3 17458
72670 4 14 18398
72672 4 15 18399
72674 4 19 18400
72676 4 21 18401
72678 4 22 18414
72682 4 1 17444
72684 4 22 17790
72688 4 5 17459
72690 4 9 17460
72692 4 10 17461
72694 4 14 17462
72696 4 9 18300
72698 4 3 17422
72706 4 2 17421
72708 4 9 18276
72710 4 2 9201
72712 4 2 9165
72714 4 10 8425
72716 4 15 8403
72726 4 10 8677
72728 4 15 9039
72730 4 3 8602
72732 4 10 9133
72740 4 19 9148
72770 4 19 18728
72772 4 3 18590
72774 4 19 18596
72776 4 21 18609
72778 4 14 18498
72780 4 5 18615
72782 4 21 18621
72784 4 9 18748
72786 4 10 18437
72788 4 9 18496
72790 4 22 18754
72792 4 22 18766
72794 4 23 18767
72796 4 1 18768
72798 4 2 18769
72800 4 9 18856
72802 4 2 19057
72804 4 5 18531
72806 4 22 18634
72808 4 5 18483
72810 4 5 18447
72812 4 1 18732
72814 4 10 18629
72816 4 14 18630
72818 4 10 18641
72820 4 19 18656
72822 4 14 18582
72824 4 3 18650
72826 4 23 18659
72828 4 1 18600
72830 4 19 18668
72832 4 19 18788
72834 4 5 18435
72836 4 21 18657
72838 4 21 18789
72840 4 1 18816
72842 4 2 18817
72844 4 3 18818
72846 4 5 18819
72848 4 10 18833
72850 4 15 18871
72852 4 14 19098
72854 4 3 18470
72856 4 10 18713
72858 4 14 18714
72860 4 1 18780
72862 4 9 18460
72864 4 22 18694
72866 4 14 18762
72868 4 15 18763
72870 4 19 18764
72872 4 21 18765
72874 4 22 18778
72876 4 15 18811
72878 4 5 18831
72880 4 22 18850
72882 4 10 18533
72884 4 15 18535
72886 4 14 18534
72888 4 15 18511
72890 4 19 18512
72892 4 21 18513
72894 4 22 18514
72896 4 10 18593
72898 4 23 18743
72900 4 1 18744
72902 4 19 18536
72904 4 21 18537
72906 4 23 18539
72908 4 3 18542
72910 4 19 18632
72912 4 5 18519
72914 4 2 18541
72916 4 14 18474
72918 4 9 18544
72920 4 5 18543
72922 4 1 18612
72924 4 14 18546
72926 4 23 18575
72928 4 10 18545
72930 4 9 18604
72932 4 15 18547
72934 4 3 18602
72936 4 9 18580
72938 4 1 18588
72940 4 19 18548
72942 4 3 18626
72944 4 21 18549
72946 4 10 18581
72948 4 5 18459
72950 4 15 18691
72952 4 19 18464
72954 4 23 18695
72956 4 23 18551
72958 4 15 18643
72960 4 23 18491
72962 4 22 18550
72964 4 22 18478
72966 4 1 18552
72968 4 5 18555
72970 4 1 18648
72972 4 21 18489
72974 4 3 18554
72976 4 9 18568
72978 4 15 18631
72980 4 3 18506
72982 4 14 18558
72984 4 3 18566
72986 4 2 18613
72988 4 1 18528
72990 4 2 18565
72992 4 9 18676
72994 4 2 18433
72996 4 9 18436
72998 4 22 18682
73000 4 2 18529
73002 4 22 18574
73004 4 10 18605
73006 4 14 18606
73008 4 15 18607
73010 4 19 18608
73012 4 19 18680
73014 4 23 18803
73016 4 1 18804
73018 4 2 18805
73020 4 3 18806
73022 4 21 18813
73024 4 9 18904
73026 4 21 19041
73028 4 23 19079
73030 4 15 18595
73032 4 23 18611
73034 4 10 18617
73036 4 5 18651
73038 4 21 18597
73040 4 15 18499
73042 4 21 18705
73044 4 21 18669
73046 4 2 18589
73048 4 9 18472
73050 4 5 18591
73052 4 19 18572
73054 4 23 18635
73056 4 23 18479
73058 4 1 18480
73060 4 2 18481
73062 4 3 18482
73066 4 9 18520
73068 4 22 18898
73070 4 23 18899
73072 4 1 18900
73074 4 2 18901
73076 4 10 18905
73078 4 3 19154
73080 4 14 19338
73082 4 23 19379
73084 4 1 18492
73086 4 2 18493
73088 4 3 18494
73090 4 5 18495
73092 4 3 18614
73094 4 21 18633
73096 4 19 19100
73098 4 21 19101
73100 4 22 19102
73102 4 23 19103
73104 4 3 19118
73106 4 5 19119
73108 4 9 18484
73110 4 9 18532
73112 4 2 18781
73122 4 21 18501
73124 4 23 18563
73126 4 1 18564
73130 4 10 18449
73132 4 21 18465
73134 4 22 18466
73136 4 19 18476
73138 4 3 18698
73140 4 23 18755
73142 4 1 19248
73144 4 2 19249
73146 4 3 19250
73148 4 5 19251
73150 4 9 19252
73152 4 10 19253
73154 4 14 19254
73156 4 15 19255
73158 4 14 19350
73160 4 9 19372
73162 4 14 18450
73166 4 23 18467
73170 4 5 18699
73172 4 1 18756
73182 4 21 19257
73184 4 22 19258
73186 4 23 19259
73188 4 1 19260
73190 4 15 19351
73194 4 15 18583
73196 4 19 18584
73198 4 21 18585
73200 4 22 18586
73202 4 22 18610
73204 4 9 18628
73206 4 14 18738
73208 4 15 18751
73210 4 1 18888
73212 4 15 18451
73214 4 10 18677
73216 4 2 18469
73218 4 1 18696
73220 4 15 18463
73222 4 21 18693
73224 4 3 18458
73226 4 10 18689
73228 4 23 18455
73230 4 2 18685
73232 4 22 18454
73234 4 23 18683
73236 4 21 18453
73238 4 1 18684
73240 4 1 18456
73242 4 9 18688
73244 4 2 18457
73246 4 14 18690
73248 4 2 18697
73260 4 5 18471
73262 4 10 18701
73264 4 14 18678
73266 4 21 18477
73268 4 15 18703
73270 4 10 18473
73272 4 21 18681
73274 4 9 18700
73276 4 5 18687
73278 4 5 18507
73280 4 9 18508
73282 4 10 18509
73284 4 14 18510
73286 4 10 18521
73288 4 14 18522
73290 4 15 18523
73292 4 19 18524
73294 4 14 18570
73296 4 15 18571
73298 4 21 18573
73300 4 23 18839
73302 4 19 18692
73304 4 22 18490
73306 4 23 18707
73308 4 3 18686
73310 4 15 18439
73316 4 2 18721
73318 4 5 19155
73320 4 9 19156
73322 4 10 19157
73324 4 14 19158
73326 4 14 19206
73328 4 15 19207
73330 4 19 19208
73332 4 21 19209
73334 4 5 19311
73336 4 22 19342
73346 4 3 19202
73348 4 5 19203
73350 4 9 19204
73352 4 10 19205
73362 4 19 19340
73366 4 19 18440
73374 4 15 18715
73376 4 22 19198
73378 4 23 19199
73380 4 1 19200
73382 4 2 19201
73392 4 15 19339
73396 4 21 18441
73398 4 22 18442
73406 4 22 18718
73408 4 22 19210
73410 4 23 19211
73412 4 1 19212
73414 4 2 19213
73416 4 3 19214
73418 4 5 19215
73420 4 9 19216
73422 4 10 19217
73424 4 21 19341
73426 4 23 19343
73434 4 23 18719
73436 4 15 19171
73438 4 19 19172
73440 4 21 19173
73442 4 22 19174
73452 4 2 19321
73456 4 23 18443
73458 4 19 18452
73466 4 10 18725
73468 4 3 19238
73470 4 5 19239
73472 4 9 19240
73474 4 10 19241
73476 4 3 19262
73478 4 5 19263
73480 4 9 19264
73482 4 10 19265
73484 4 10 19349
73486 4 1 19356
73490 4 1 18444
73498 4 14 18726
73500 4 22 19222
73502 4 23 19223
73504 4 1 19224
73506 4 2 19225
73516 4 3 19346
73520 4 9 18448
73530 4 2 18733
73532 4 14 19242
73534 4 15 19243
73536 4 19 19244
73538 4 21 19245
73548 4 9 19348
73560 4 3 18734
73562 4 9 19180
73564 4 10 19181
73566 4 14 19182
73568 4 15 19183
73578 4 15 19327
73584 4 14 18462
73592 4 9 18724
73602 4 22 19282
73604 4 23 19283
73606 4 1 19284
73608 4 2 19285
73612 4 2 19357
73620 4 10 18485
73624 4 22 18742
73634 4 23 19295
73636 4 1 19296
73638 4 2 19297
73640 4 3 19298
73644 4 22 19378
73646 4 22 18598
73648 4 23 18599
73652 4 23 19139
73654 4 1 19140
73656 4 2 19141
73658 4 3 19142
73660 4 5 19143
73662 4 9 19144
73664 4 10 19145
73666 4 14 19146
73668 4 15 19279
73670 4 19 19280
73676 4 19 18488
73682 4 19 18752
73692 4 21 19329
73694 4 22 19330
73696 4 23 19331
73698 4 1 19332
73702 4 19 19388
73710 4 19 18716
73738 4 21 18717
73740 4 5 19167
73742 4 9 19168
73744 4 10 19169
73746 4 14 19170
73756 4 3 19310
73770 4 21 18525
73772 4 22 18526
73774 4 19 18500
73776 4 14 18486
73778 4 2 18553
73780 4 23 18587
73782 4 15 18487
73784 4 19 18740
73790 4 3 18578
73792 4 5 18579
73794 4 10 18737
73796 4 21 18753
73810 4 21 18729
73820 4 15 19159
73822 4 19 19160
73824 4 21 19161
73826 4 22 19162
73830 4 9 19312
73832 4 10 18461
73834 4 10 18665
73836 4 23 18671
73838 4 1 18672
73840 4 2 18673
73842 4 3 18674
73844 4 1 18720
73846 4 9 18820
73850 4 23 19163
73852 4 1 19164
73854 4 2 19165
73856 4 3 19166
73866 4 2 19309
73882 4 3 18770
73884 4 5 18771
73886 4 9 18772
73888 4 10 18773
73890 4 9 18844
73892 4 10 18869
73894 4 19 19004
73896 4 15 19099
73898 4 14 18594
73900 4 19 18620
73902 4 9 18796
73904 4 14 12738
73906 4 22 12814
73908 4 10 12869
73922 4 23 12815
73924 4 14 12822
73926 4 19 12824
73928 4 2 12829
73930 4 21 12837
73932 4 3 12830
73934 4 5 12831
73936 4 22 12838
73938 4 14 12666
73940 4 19 12668
73942 4 21 13077
73944 4 1 13080
73946 4 3 13118
73948 4 10 13121
73950 4 10 13025
73952 4 22 13258
73954 4 23 13259
73956 4 14 12858
73958 4 23 13031
73960 4 23 13115
73976 4 10 13133
73978 4 14 13134
73980 4 5 12603
73982 4 9 12736
73984 4 15 13039
73986 4 5 13251
73988 4 3 12758
73990 4 15 12871
73992 4 1 13068
74004 4 1 12468
74006 4 9 13156
74008 4 14 13194
74010 4 9 12832
74012 4 15 12835
74014 4 23 12839
74016 4 2 12841
74018 4 15 13027
74020 4 15 12847
74022 4 15 12967
74024 4 19 12968
74026 4 21 12969
74028 4 22 12754
74030 4 1 12756
74032 4 5 12963
74034 4 9 12964
74036 4 14 12966
74038 4 23 13067
74040 4 10 13301
74076 4 10 12749
74078 4 14 12750
74080 4 5 12975
74082 4 10 12977
74084 4 14 12978
74086 4 3 13082
74088 4 5 13083
74090 4 1 13104
74126 4 22 12802
74128 4 9 12844
74130 4 1 13056
74132 4 2 13081
74150 4 15 12547
74152 4 19 12548
74154 4 14 12798
74156 4 21 12849
74160 4 15 13135
74162 4 1 13224
74182 4 3 13070
74184 4 21 13125
74186 4 3 12854
74188 4 10 12857
74190 4 19 13256
74192 4 23 12875
74194 4 1 12660
74196 4 1 12852
74198 4 21 12873
74216 4 15 13099
74218 4 15 12775
74222 4 2 13225
74224 4 5 13227
74226 4 9 13228
74228 4 5 12795
74236 4 5 12555
74238 4 21 13197
74240 4 23 13199
74242 4 9 13216
74244 4 10 13217
74246 4 14 13218
74248 4 21 13221
74250 4 23 13127
74256 4 15 13015
74258 4 19 13016
74260 4 15 12799
74262 4 5 12843
74270 4 22 13030
74272 4 3 12614
74274 4 9 12616
74276 4 10 12953
74278 4 15 12955
74280 4 2 12985
74286 4 14 13302
74288 4 15 12859
74290 4 10 13265
74292 4 10 12809
74294 4 19 12812
74302 4 14 12558
74304 4 23 12767
74306 4 23 13103
74338 4 2 12805
74342 4 1 12840
74346 4 19 13028
74348 4 3 13214
74350 4 2 12541
74352 4 9 13036
74354 4 9 12580
74356 4 14 12870
74358 4 10 13001
74360 4 14 13206
74380 4 21 12825
74382 4 22 12826
74388 4 10 13169
74390 4 19 13172
74394 4 22 13198
74446 4 19 12584
74448 4 23 12587
74452 4 5 13071
74454 4 3 12998
74458 4 21 12537
74466 4 9 12664
74468 4 10 12737
74480 4 5 13059
74482 4 22 12406
74486 4 14 13266
74492 4 5 13263
74498 4 15 12823
74500 4 19 12848
74502 4 9 13252
74504 4 10 13253
74530 4 1 13260
74532 4 14 12402
74534 4 23 13247
74538 4 15 12667
74542 4 22 13078
74544 4 9 12364
74546 4 22 12610
74548 4 21 12777
74550 4 5 12951
74552 4 21 13185
74580 4 2 13261
74582 4 2 12361
74584 4 3 12362
74586 4 5 12567
74588 4 14 12570
74590 4 14 13014
74592 4 22 13246
74594 4 21 13305
74624 4 22 13222
74626 4 3 12782
74630 4 9 12856
74632 4 22 13174
74634 4 2 13213
74636 4 23 12551
74638 4 2 12661
74640 4 3 13202
74642 4 22 12598
74644 4 1 12360
74646 4 10 13049
74650 4 9 12952
74670 4 9 12760
74672 4 19 12764
74674 4 21 12765
74684 4 9 13048
74704 4 21 12549
74706 4 10 13073
74708 4 15 13075
74710 4 5 12663
74714 4 23 13079
74716 4 22 12790
74718 4 22 12370
74720 4 19 13196
74722 4 21 12789
74724 4 22 13042
74738 4 15 12787
74740 4 1 12792
74752 4 9 12520
74754 4 1 13116
74756 4 21 12609
74758 4 23 12671
74760 4 3 12950
74762 4 9 13180
74764 4 23 12359
74766 4 3 13046
74770 4 5 13047
74778 4 14 13050
74780 4 23 12959
74782 4 2 12961
74784 4 2 13129
74786 4 5 13131
74788 4 15 13207
74824 4 15 13051
74838 4 5 12363
74840 4 19 13052
74844 4 21 13053
74846 4 3 12578
74858 4 10 12365
74860 4 23 13055
74864 4 1 13308
74868 4 14 12762
74870 4 19 12800
74896 4 2 13057
74898 4 19 12572
74900 4 22 12574
74902 4 1 13092
74904 4 2 13105
74910 4 19 13112
74914 4 1 12744
74918 4 9 12868
74920 4 3 13058
74924 4 14 13074
74954 4 5 12591
74958 4 9 13024
74964 4 23 12395
74966 4 2 12397
74968 4 10 13181
74970 4 15 13183
74972 4 19 13208
74974 4 21 13209
74980 4 21 12957
74982 4 19 12980
74984 4 23 12983
74988 4 19 13220
75022 4 19 12788
75024 4 10 12845
75048 4 23 13307
75052 4 14 12846
75066 4 5 12651
75068 4 5 12807
75080 4 23 12323
75082 4 5 12327
75084 4 21 12393
75086 4 14 13002
75088 4 3 13010
75090 4 22 13102
75106 4 2 12613
75116 4 19 13100
75118 4 15 13195
75148 4 22 13018
75152 4 5 13203
75170 4 3 12650
75172 4 2 13177
75176 4 3 13310
75184 4 22 12958
75194 4 5 13143
75202 4 9 13144
75210 4 10 13145
75218 4 14 13146
75220 4 15 13147
75228 4 19 13148
75230 4 21 13149
75238 4 22 13150
75240 4 23 13151
75248 4 1 13152
75256 4 2 13153
75258 4 3 13154
75266 4 5 13155
75286 4 10 13157
75294 4 14 13158
75302 4 15 13159
75310 4 19 13160
75318 4 22 12766
75342 4 22 13162
75350 4 1 13164
75358 4 2 13165
75366 4 3 13166
75374 4 10 12377
75378 4 9 12988
75380 4 10 12989
75382 4 3 13094
75406 4 15 12331
75408 4 23 12335
75410 4 2 12385
75416 4 15 13003
75418 4 19 13004
75420 4 5 13095
75454 4 21 13173
75462 4 5 13167
75470 4 9 13168
75478 4 23 13175
75488 4 19 13304
75490 4 1 13176
75498 4 23 12611
75504 4 3 13178
75512 4 22 13186
75520 4 23 13187
75528 4 19 13040
75558 4 9 13192
75598 4 3 12314
75602 4 9 12472
75606 4 5 13023
75630 4 14 12810
75632 4 5 12351
75634 4 15 12355
75636 4 5 12471
75638 4 5 13011
75640 4 1 13020
75672 4 5 13179
75692 4 2 13201
75710 4 23 12971
75714 4 9 13120
75718 4 3 12806
75720 4 5 12867
75744 4 9 12808
75748 4 10 13085
75752 4 19 13184
75786 4 1 12372
75788 4 23 12539
75796 4 23 13019
75798 4 21 13161
75800 4 1 13188
75840 4 15 12535
75842 4 14 12990
75844 4 5 13035
75846 4 10 13193
75868 4 21 13257
75876 4 2 12973
75878 4 9 13108
75880 4 15 13111
75894 4 5 13215
75960 4 1 12552
75980 4 15 13303
76002 4 2 12589
76006 4 21 12525
76012 4 23 13091
76036 4 23 12791
76038 4 21 12405
76080 4 9 13072
76084 4 14 13110
76086 4 21 13137
76088 4 23 13139
76124 4 22 12526
76128 4 2 12853
76130 4 14 13038
76132 4 23 13043
76134 4 23 13163
76192 4 15 13267
76214 4 9 12652
76218 4 14 13062
76246 4 3 13142
76268 4 23 12863
76270 4 22 13114
76274 4 15 13171
76316 4 21 12621
76320 4 19 13124
76334 4 23 12599
76336 4 23 12803
76348 4 14 13098
76360 4 22 13306
76378 4 5 12387
76380 4 5 12999
76382 4 9 13000
76398 4 9 12388
76402 4 9 13096
76424 4 1 12588
76428 4 23 12851
76430 4 14 13026
76458 4 1 12972
76460 4 2 13009
76486 4 22 12874
76502 4 1 12816
76504 4 2 12817
76508 4 3 12818
76510 4 5 12819
76512 4 9 12820
76514 4 10 12821
76516 4 21 12813
76542 4 22 12394
76584 4 1 12384
76586 4 3 12986
76588 4 5 12987
76606 4 9 12376
76634 4 14 12378
76638 4 5 12771
76670 4 15 12379
76672 4 15 12991
76674 4 19 12992
76692 4 19 12380
76696 4 21 12993
76714 4 3 12290
76716 4 21 12381
76720 4 22 12994
76744 4 3 12302
76746 4 14 12306
76748 4 22 12382
76750 4 23 12995
76752 4 1 12996
76782 4 22 12310
76784 4 23 12383
76788 4 2 12997
76828 4 5 12339
76830 4 3 12386
76834 4 21 13005
76864 4 15 12343
76870 4 22 13006
76900 4 23 12347
76906 4 23 13007
76938 4 15 12319
76940 4 15 12391
76944 4 1 13008
76980 4 14 12294
76982 4 5 12399
76986 4 9 13012
77026 4 2 13045
77028 4 23 13115
77032 4 14 12366
77034 4 10 12401
77038 4 10 13013
77070 4 23 12407
77120 4 2 12745
77124 4 2 12937
77160 4 10 12521
77162 4 3 12530
77164 4 15 12739
77168 4 1 13044
77204 4 3 13022
77220 4 19 12404
77278 4 22 12298
77282 4 23 12467
77286 4 2 13021
77330 4 3 12470
77364 4 10 12473
77490 4 19 12536
77518 4 2 13189
77564 4 1 12852
77570 4 22 13054
77574 4 14 13086
77576 4 2 13141
77596 4 15 13087
77616 4 19 13088
77634 4 21 13089
77636 4 22 13090
77678 4 2 13093
77680 4 10 13097
77760 4 21 13101
77782 4 1 12576
77788 4 3 13106
77804 4 23 12959
77808 4 10 13037
77814 4 15 12979
77816 4 1 13128
77844 4 14 13302
77854 4 21 13113
77872 4 15 13123
77896 4 19 12776
77932 4 2 13117
77990 4 23 12983
78002 4 3 13214
78004 4 10 13229
78038 4 9 13264
78106 4 21 13065
78112 4 1 12672
78142 4 23 12659
78148 4 19 12836
78156 4 5 13191
78158 4 19 13256
78196 4 5 13059
78236 4 5 12603
78238 4 3 13250
78240 4 3 13262
78316 4 1 12564
78390 4 23 13151
78432 4 23 13175
78474 4 1 12540
78500 4 21 13245
78530 4 23 13187
78574 4 5 13107
78576 4 1 13212
78610 4 14 13122
78646 4 9 13048
78650 4 2 12565
78740 4 5 13047
78760 4 3 9710
78762 4 14 9714
78778 4 22 9718
78780 4 3 9746
78782 4 14 9750
78784 4 22 9706
78786 4 22 9754
78788 4 22 9766
78790 4 3 9770
78792 4 15 9775
78794 4 23 9779
78800 4 3 9758
78802 4 14 9762
78806 4 10 9785
78808 4 3 9926
78810 4 14 10182
78818 4 2 9565
78820 4 10 10145
78822 4 22 10126
78824 4 1 10020
78828 4 2 9841
78830 4 19 10016
78832 4 23 9827
78834 4 5 9879
78848 4 5 9891
78856 4 23 9971
78858 4 2 10069
78872 4 15 9583
78874 4 21 9789
78876 4 3 9686
78884 4 5 9279
78886 4 21 9309
78890 4 22 9874
78908 4 14 9930
78910 4 19 9980
78912 4 21 9225
78914 4 14 9798
78920 4 9 9916
78926 4 9 10024
78928 4 21 9993
78940 4 19 10232
78948 4 23 10007
78950 4 23 10055
78964 4 23 9263
78966 4 15 9943
78968 4 15 9283
78970 4 22 10102
78974 4 5 10011
78976 4 19 10064
78978 4 3 9734
78980 4 3 9698
78988 4 10 10169
78990 4 22 9730
78992 4 14 9702
78994 4 23 10043
79012 4 15 10039
79014 4 5 10059
79016 4 14 10098
79036 4 19 10076
79040 4 14 9726
79048 4 2 9793
79054 4 3 9950
79070 4 2 9985
79074 4 5 10047
79098 4 15 9523
79152 4 3 10082
79162 4 9 9964
79186 4 23 10175
79192 4 21 10149
79202 4 21 10089
79238 4 23 10187
79248 4 21 10197
79250 4 3 10094
79252 4 19 9860
79262 4 14 10158
79268 4 9 10204
79270 4 1 10140
79272 4 9 10108
79280 4 3 10226
79284 4 19 10220
79338 4 5 10215
79346 4 2 10153
79348 4 19 10028
79350 4 23 10163
79380 4 3 9722
79384 4 14 9738
79386 4 22 9742
79388 4 19 10208
79548 4 10 19761
79550 4 5 19879
79552 4 15 20099
79554 4 14 19762
79556 4 9 19880
79558 4 21 20101
79560 4 10 19749
79562 4 1 19864
79564 4 10 20085
79566 4 9 19748
79568 4 5 20083
79570 4 5 19747
79572 4 19 19860
79574 4 3 20082
79576 4 15 19751
79578 4 21 19861
79580 4 14 20086
79582 4 21 19753
79584 4 22 19862
79586 4 15 20087
79588 4 9 19760
79590 4 19 19872
79592 4 19 20100
79594 4 1 19756
79596 4 10 19869
79598 4 9 20096
79600 4 5 19759
79602 4 15 19871
79604 4 14 20098
79606 4 15 19763
79608 4 21 19873
79610 4 22 20102
79612 4 21 19765
79614 4 23 19875
79616 4 1 20104
79618 4 2 19769
79620 4 15 19883
79622 4 15 20111
79624 4 21 19717
79626 4 15 20051
79628 4 21 19789
79630 4 19 19896
79632 4 15 20123
79634 4 3 19746
79636 4 14 19858
79638 4 1 20080
79640 4 14 19750
79642 4 15 19859
79644 4 9 20084
79646 4 19 19464
79648 4 21 19465
79650 4 22 19466
79652 4 23 19467
79654 4 2 19541
79656 4 14 19834
79658 4 3 19914
79660 4 1 20140
79662 4 21 19729
79664 4 22 19850
79666 4 14 20062
79668 4 23 19731
79670 4 19 20064
79672 4 15 13355
79674 4 21 13837
79676 4 22 13838
79678 4 21 13897
79680 4 22 13898
79682 4 23 13899
79684 4 5 14335
79706 4 19 13356
79708 4 9 13808
79710 4 15 13811
79716 4 1 13900
79718 4 10 13365
79720 4 1 13804
79722 4 3 13806
79724 4 9 13832
79726 4 10 13833
79728 4 15 13835
79730 4 21 13369
79734 4 23 13839
79736 4 2 13841
79738 4 3 13842
79740 4 5 13843
79742 4 19 13368
79744 4 1 13828
79746 4 2 13829
79748 4 3 13830
79750 4 14 14242
79752 4 15 14243
79754 4 5 13375
79756 4 1 13852
79758 4 2 13853
79760 4 5 13855
79762 4 9 13856
79764 4 14 13858
79766 4 23 13371
79774 4 10 13857
79778 4 1 13372
79780 4 21 13729
79782 4 23 13731
79784 4 1 13732
79786 4 2 14237
79788 4 5 14239
79790 4 14 13378
79796 4 10 13845
79798 4 14 13846
79800 4 15 13847
79802 4 2 13613
79804 4 5 13615
79806 4 9 13616
79808 4 10 13617
79810 4 10 13629
79812 4 14 13774
79814 4 22 14306
79816 4 2 14309
79818 4 2 14033
79820 4 5 14035
79822 4 9 14264
79824 4 14 14266
79826 4 15 14267
79828 4 15 13547
79830 4 3 13602
79832 4 9 13604
79834 4 21 13969
79836 4 10 14277
79838 4 15 14279
79860 4 3 13350
79862 4 5 13351
79864 4 3 13674
79866 4 1 13684
79868 4 3 14130
79870 4 1 13312
79872 4 2 13313
79874 4 21 13717
79876 4 1 13720
79878 4 21 13753
79880 4 22 14078
79882 4 1 14296
79884 4 21 13609
79886 4 22 13610
79888 4 1 13612
79890 4 1 13696
79892 4 2 13697
79894 4 5 13699
79896 4 15 13583
79898 4 9 13688
79900 4 14 13690
79902 4 15 13751
79904 4 9 13760
79906 4 2 13901
79908 4 22 14234
79910 4 23 14235
79934 4 21 13885
79936 4 22 13886
79938 4 1 13888
79940 4 15 14255
79942 4 19 14256
79944 4 21 13345
79946 4 14 13366
79948 4 19 13632
79950 4 19 13764
79952 4 22 13766
79954 4 2 14225
79956 4 10 14313
79958 4 2 13409
79964 4 10 13905
79966 4 14 13906
79968 4 15 13907
79970 4 23 13707
79972 4 3 13710
79978 4 23 13887
79984 4 22 14258
79986 4 2 13553
79988 4 3 13554
79990 4 5 13555
79994 4 10 13689
79996 4 2 14129
79998 4 21 14173
80000 4 15 14315
80002 4 19 14316
80022 4 21 13549
80026 4 22 13970
80028 4 2 13973
80030 4 14 14122
80032 4 19 14124
80034 4 21 14125
80036 4 9 14216
80038 4 14 14218
80040 4 15 14219
80070 4 9 13460
80072 4 14 13462
80074 4 1 13552
80076 4 1 13744
80078 4 2 13745
80080 4 14 13966
80082 4 15 13451
80084 4 19 13932
80086 4 21 13933
80088 4 23 13935
80090 4 2 14273
80092 4 3 14274
80094 4 21 13909
80096 4 22 13910
80098 4 23 13911
80102 4 9 14036
80118 4 3 13410
80120 4 5 13675
80122 4 9 13676
80124 4 10 13761
80126 4 2 13433
80128 4 9 13436
80130 4 14 13438
80132 4 10 13473
80134 4 15 13871
80136 4 2 13913
80138 4 5 13915
80140 4 23 13443
80142 4 1 13792
80144 4 3 13962
80146 4 9 13964
80148 4 10 13965
80150 4 3 13638
80152 4 10 13641
80158 4 19 13908
80160 4 1 14068
80188 4 9 13736
80190 4 14 13738
80192 4 15 13739
80194 4 21 13921
80196 4 1 13924
80198 4 5 14311
80202 4 3 14034
80210 4 14 13786
80212 4 21 13789
80214 4 5 13879
80216 4 19 14292
80218 4 23 14295
80220 4 2 14297
80222 4 5 14299
80224 4 9 14300
80254 4 5 13591
80258 4 9 13352
80262 4 22 13694
80264 4 1 13780
80266 4 23 14259
80268 4 22 13346
80270 4 23 13347
80272 4 19 13716
80276 4 10 13737
80280 4 14 13474
80284 4 14 14278
80292 4 23 13971
80304 4 23 13611
80306 4 19 13692
80308 4 15 13775
80310 4 19 13776
80312 4 21 13777
80314 4 23 13383
80318 4 23 13767
80320 4 1 14200
80322 4 2 14201
80326 4 3 13626
80328 4 19 13980
80330 4 21 13981
80332 4 22 13982
80336 4 10 13353
80352 4 1 13348
80354 4 10 13377
80356 4 23 13695
80360 4 2 13625
80366 4 14 13678
80368 4 22 13754
80370 4 2 13757
80372 4 21 13441
80378 4 10 14265
80402 4 23 14079
80404 4 1 14080
80406 4 3 14082
80408 4 9 14312
80414 4 1 13912
80422 4 14 14110
80424 4 15 14111
80426 4 21 14113
80440 4 23 13467
80442 4 22 13478
80444 4 2 13601
80446 4 3 13722
80448 4 5 13759
80450 4 1 13768
80456 4 19 14280
80494 4 9 13376
80502 4 23 13983
80512 4 9 13472
80518 4 1 13756
80520 4 9 13388
80522 4 15 13391
80524 4 19 13464
80528 4 2 13721
80530 4 15 13703
80546 4 23 13791
80548 4 22 13958
80550 4 3 13974
80552 4 9 13976
80554 4 5 14011
80556 4 10 14037
80574 4 15 14183
80576 4 19 14184
80578 4 22 14186
80580 4 1 14212
80582 4 2 14213
80584 4 2 13445
80586 4 5 13447
80588 4 23 13851
80594 4 5 14215
80600 4 2 13949
80606 4 21 13465
80608 4 22 13466
80610 4 19 13608
80612 4 21 13633
80618 4 2 13865
80620 4 3 13866
80622 4 21 13873
80624 4 10 13929
80664 4 14 13450
80666 4 9 13532
80668 4 14 13570
80670 4 14 14302
80672 4 15 14303
80674 4 21 14305
80676 4 19 13452
80678 4 22 13454
80680 4 21 13681
80684 4 21 14185
80686 4 15 13379
80688 4 22 13382
80690 4 3 13518
80692 4 5 13519
80694 4 10 13521
80696 4 21 13597
80698 4 9 13628
80700 4 23 13683
80704 4 3 13614
80708 4 15 13619
80712 4 15 13799
80718 4 2 13469
80720 4 10 13557
80722 4 22 13622
80750 4 9 13448
80762 4 5 13315
80766 4 1 13708
80768 4 2 13709
80772 4 22 13718
80774 4 23 13719
80782 4 23 13575
80786 4 9 14240
80788 4 1 14260
80790 4 2 14261
80808 4 3 13434
80810 4 5 13435
80816 4 9 13520
80820 4 10 13773
80822 4 1 13528
80824 4 2 13529
80828 4 10 13677
80830 4 9 13748
80832 4 10 13749
80838 4 9 13916
80840 4 15 13967
80842 4 22 14330
80844 4 23 14331
80846 4 2 14333
80848 4 15 13523
80850 4 5 13567
80854 4 23 14307
80862 4 15 13691
80866 4 22 14174
80868 4 23 14175
80874 4 3 13698
80876 4 19 13740
80878 4 22 13742
80880 4 23 13743
80882 4 2 13781
80884 4 1 13360
80886 4 3 14178
80888 4 5 14179
80890 4 9 14180
80892 4 9 14204
80894 4 14 14206
80900 4 2 13517
80902 4 10 13593
80904 4 1 13600
80908 4 19 14304
80942 4 3 14226
80944 4 5 14227
80946 4 9 14228
80948 4 14 14230
80950 4 15 14231
80952 4 21 14233
80956 4 3 14238
80960 4 1 14056
80962 4 3 14058
80964 4 10 14241
80968 4 19 14244
80970 4 21 14245
80982 4 2 13769
80984 4 5 13771
80988 4 15 13787
80990 4 19 13788
80992 4 19 13860
80994 4 19 13572
81000 4 15 14207
81004 4 19 14232
81018 4 21 13453
81020 4 3 13458
81030 4 3 14214
81038 4 3 13746
81040 4 5 13747
81042 4 14 13762
81046 4 21 14041
81048 4 5 13483
81050 4 5 13795
81052 4 22 13946
81054 4 23 14199
81056 4 23 14247
81058 4 1 14248
81060 4 2 14249
81064 4 5 14275
81066 4 9 14276
81084 4 5 14083
81086 4 10 14085
81088 4 10 14109
81116 4 10 14205
81120 4 1 14092
81122 4 21 14101
81124 4 1 14104
81126 4 2 14105
81128 4 9 14108
81130 4 5 14119
81132 4 10 14121
81156 4 21 13741
81160 4 3 13770
81162 4 9 13772
81164 4 2 13793
81166 4 19 13524
81168 4 22 13526
81170 4 23 13527
81172 4 19 13596
81178 4 3 14202
81184 4 10 14181
81188 4 9 13724
81198 4 2 13997
81200 4 3 13998
81202 4 5 13999
81206 4 9 13904
81210 4 23 13359
81216 4 10 14229
81222 4 21 13573
81242 4 22 13574
81252 4 3 14262
81256 4 23 13671
81258 4 21 13693
81260 4 23 13947
81288 4 22 13370
81302 4 21 13525
81306 4 10 13713
81312 4 9 14000
81314 4 1 14272
81316 4 9 13580
81318 4 21 13729
81324 4 5 14059
81328 4 2 13373
81340 4 22 13514
81342 4 2 13637
81346 4 19 13992
81348 4 22 13994
81352 4 19 14040
81388 4 10 13581
81390 4 1 13852
81398 4 3 14250
81400 4 3 13470
81402 4 10 13485
81404 4 1 13564
81410 4 21 14257
81414 4 19 14028
81416 4 22 14030
81420 4 22 14066
81438 4 22 13406
81450 4 10 13845
81454 4 19 13848
81462 4 5 13831
81464 4 3 14286
81478 4 2 13805
81480 4 21 14281
81496 4 1 13384
81498 4 9 13568
81500 4 10 13569
81502 4 23 13623
81504 4 10 13701
81506 4 21 13705
81512 4 2 14081
81592 4 3 13686
81594 4 14 13714
81596 4 3 13782
81598 4 21 13849
81600 4 22 13850
81616 4 21 13477
81618 4 23 13587
81626 4 22 13682
81628 4 3 13734
81630 4 19 13836
81662 4 3 13674
81664 4 19 13704
81670 4 2 14093
81700 4 3 13758
81702 4 14 13618
81708 4 5 13963
81710 4 10 13965
81740 4 14 13522
81742 4 14 13606
81748 4 1 13936
81758 4 21 13333
81760 4 22 13550
81766 4 21 13765
81774 4 5 14203
81778 4 21 13585
81780 4 9 13712
81798 4 10 13605
81800 4 1 14140
81802 4 21 14221
81804 4 1 14224
81846 4 21 13837
81850 4 1 13840
81854 4 10 13389
81858 4 2 13733
81860 4 1 13948
81862 4 23 14187
81922 4 2 14297
81924 4 9 14300
81950 4 2 13361
81986 4 3 14298
81990 4 3 13362
82024 4 19 14268
82026 4 21 14269
82028 4 22 14270
82034 4 5 13363
82074 4 22 13358
82076 4 5 14251
82078 4 10 14253
82080 4 14 14254
82086 4 9 13364
82092 4 14 13930
82094 4 19 14088
82096 4 21 14089
82098 4 15 14135
82100 4 22 14138
82126 4 21 13357
82128 4 19 14208
82130 4 22 14210
82132 4 19 14220
82166 4 19 14136
82172 4 14 14050
82174 4 21 14053
82176 4 22 14114
82204 4 22 13874
82206 4 23 13875
82208 4 3 13950
82258 4 15 13355
82260 4 14 13942
82262 4 15 13943
82264 4 15 13991
82294 4 9 13880
82296 4 14 13882
82300 4 14 13978
82322 4 14 13354
82326 4 10 13953
82328 4 19 13956
82332 4 3 14010
82358 4 10 13917
82360 4 14 13918
82364 4 10 13989
82394 4 2 13721
82430 4 1 13984
82432 4 2 13985
82436 4 15 14039
82458 4 1 13372
82460 4 10 13893
82462 4 15 13895
82466 4 15 13979
82494 4 22 14006
82496 4 23 14007
82500 4 21 14065
82524 4 5 13867
82526 4 10 13869
82530 4 5 13951
82554 4 14 13318
82556 4 5 13471
82558 4 15 13535
82570 4 23 13335
82572 4 22 13442
82574 4 5 13543
82590 4 3 14046
82592 4 5 14047
82596 4 15 14087
82620 4 19 13800
82622 4 21 13801
82626 4 2 13937
82654 4 21 13861
82656 4 22 13862
82660 4 9 13952
82686 4 14 14074
82688 4 15 14075
82692 4 9 14120
82714 4 3 13374
82718 4 9 13796
82720 4 15 14291
82726 4 2 13889
82728 4 5 13891
82732 4 19 13968
82754 4 5 13459
82760 4 23 14223
82766 4 1 14308
82772 4 10 14097
82774 4 14 14098
82778 4 22 14126
82800 4 2 13409
82804 4 2 13925
82806 4 5 13927
82810 4 9 13988
82836 4 23 14115
82838 4 1 14116
82842 4 1 14128
82866 4 14 13690
82876 4 9 13640
82880 4 3 13938
82882 4 9 13940
82886 4 10 14001
82918 4 15 13367
82922 4 5 13903
82924 4 14 14002
82926 4 15 14003
82928 4 23 14319
82948 4 21 13561
82954 4 5 13627
82978 4 19 13332
82980 4 5 13579
82990 4 22 13802
82996 4 1 13864
83000 4 2 13517
83006 4 2 13529
83010 4 10 13677
83014 4 10 13761
83016 4 15 13931
83018 4 9 13340
83020 4 2 13577
83040 4 23 13803
83044 4 14 13870
83050 4 5 13639
83054 4 3 13878
83060 4 2 13961
83064 4 5 14011
83110 4 21 14005
83112 4 3 14070
83114 4 9 14072
83116 4 5 14131
83148 4 23 14127
83172 4 10 13617
83174 4 14 13702
83180 4 2 14309
83186 4 9 14060
83188 4 14 14062
83196 4 15 14147
83224 4 1 13708
83240 4 23 13863
83244 4 3 13890
83252 4 19 13752
83264 4 2 13457
83266 4 1 13516
83268 4 22 13586
83288 4 19 13320
83290 4 14 13594
83300 4 1 13588
83314 4 10 13341
83318 4 22 14222
83324 4 9 13892
83328 4 3 13926
83350 4 1 13876
83354 4 10 13881
83360 4 15 13607
83362 4 2 13685
83364 4 2 13913
83366 4 3 13914
83370 4 9 14132
83372 4 19 13620
83374 4 15 13631
83400 4 9 13868
83406 4 19 13896
83434 4 9 13928
83438 4 5 13939
83448 4 10 13473
83454 4 9 13916
83456 4 22 14330
83466 4 14 13798
83468 4 22 14042
83470 4 2 14045
83504 4 14 13894
83510 4 15 13919
83516 4 15 13883
83522 4 19 13920
83530 4 2 14129
83540 4 1 13972
83544 4 10 14085
83546 4 14 14086
83548 4 14 14122
83550 4 15 14123
83556 4 14 14110
83558 4 19 14112
83560 4 23 14139
83580 4 10 13941
83584 4 1 13960
83594 4 19 13944
83598 4 15 13955
83618 4 22 13598
83620 4 3 13626
83626 4 22 13706
83632 4 9 14096
83670 4 2 13973
83680 4 21 14125
83682 4 23 13515
83686 4 10 13629
83690 4 15 13799
83692 4 22 13946
83696 4 1 14044
83698 4 10 14145
83700 4 9 14216
83702 4 15 14219
83756 4 23 13959
83760 4 5 13975
83788 4 19 13380
83796 4 21 13597
83806 4 1 13996
83808 4 9 14012
83862 4 22 13634
83888 4 15 13475
83898 4 14 13954
83904 4 3 13986
83910 4 10 13977
83914 4 21 13993
83916 4 22 13994
83926 4 22 13742
83932 4 10 13353
83934 4 15 13763
83938 4 3 14034
83940 4 23 14259
83946 4 2 13589
83964 4 2 13709
83974 4 23 13995
83978 4 21 14029
83992 4 9 13592
84052 4 5 13531
84054 4 23 13635
84062 4 3 13794
84068 4 1 14236
84110 4 15 13343
84112 4 9 13460
84114 4 14 13630
84116 4 23 13791
84118 4 23 14067
84122 4 15 14111
84156 4 21 13945
84160 4 15 14051
84166 4 3 13722
84168 4 5 13723
84170 4 1 13768
84172 4 21 13957
84200 4 21 13549
84204 4 5 13987
84210 4 2 14009
84216 4 14 13738
84218 4 15 13739
84222 4 21 13921
84224 4 22 13922
84226 4 1 13924
84238 4 1 13384
84242 4 5 13711
84246 4 1 14080
84260 4 2 13553
84262 4 3 13554
84264 4 5 13555
84270 4 14 14278
84274 4 22 13778
84282 4 23 14091
84288 4 22 13790
84290 4 21 13849
84292 4 10 14013
84304 4 23 13923
84306 4 5 14311
84308 4 1 14320
84310 4 3 14322
84312 4 5 14323
84316 4 23 13875
84318 4 2 13877
84322 4 22 14090
84328 4 21 14137
84332 4 23 14031
84336 4 10 14061
84348 4 19 14004
84354 4 10 14073
84356 4 5 14131
84360 4 1 14008
84366 4 9 14048
84380 4 14 13726
84388 4 2 13469
84392 4 21 13729
84394 4 22 13730
84396 4 23 14055
84398 4 1 14056
84400 4 2 14057
84422 4 3 14058
84424 4 14 14242
84448 4 1 13816
84450 4 2 13817
84452 4 3 14178
84454 4 5 14179
84456 4 14 14326
84462 4 5 14263
84466 4 19 13476
84470 4 21 13753
84474 4 9 13784
84476 4 10 13785
84478 4 22 14054
84530 4 9 14084
84532 4 1 14092
84534 4 2 14093
84536 4 3 14094
84540 4 10 13485
84546 4 22 13886
84556 4 23 13731
84562 4 5 14059
84574 4 21 13789
84580 4 5 14095
84582 4 21 14101
84584 4 22 14102
84588 4 5 14119
84594 4 21 14113
84596 4 21 14173
84598 4 23 14175
84600 4 1 14176
84604 4 10 14049
84610 4 19 14076
84626 4 23 14103
84630 4 3 14106
84634 4 10 14121
84642 4 2 14321
84672 4 21 14077
84678 4 19 14100
84684 4 19 13704
84688 4 5 14107
84690 4 23 14115
84692 4 2 14117
84700 4 15 14099
84706 4 3 14118
84712 4 15 14063
84716 4 5 14071
84718 4 9 14072
84732 4 23 13443
84738 4 1 13792
84744 4 9 13964
84748 4 9 14264
84750 4 10 14265
84752 4 14 14266
84770 4 3 13866
84788 4 5 13891
84806 4 23 14043
84812 4 10 14217
84852 4 21 13357
84854 4 9 13808
84856 4 15 13811
84860 4 1 13900
84862 4 9 14324
84864 4 22 13358
84868 4 14 13810
84870 4 19 13812
84872 4 21 13813
84876 4 10 14325
84882 4 23 13815
84884 4 3 14226
84886 4 10 14229
84890 4 2 13361
84894 4 5 13819
84896 4 9 13820
84898 4 14 13822
84902 4 15 14327
84904 4 3 13362
84908 4 10 13821
84910 4 19 13824
84912 4 21 13825
84916 4 19 14328
84918 4 5 13363
84922 4 5 13807
84926 4 23 13827
84930 4 21 14329
84932 4 9 13364
84936 4 3 13806
84938 4 9 13832
84940 4 10 13833
84954 4 14 13354
84956 4 21 13837
84958 4 23 13839
84960 4 2 13841
84962 4 3 13842
84964 4 5 14335
84966 4 15 13355
84980 4 10 13365
84984 4 15 13835
84992 4 9 13880
85000 4 19 13368
85004 4 2 13829
85006 4 10 13845
85008 4 15 13847
85010 4 21 13369
85014 4 5 13843
85016 4 9 13856
85018 4 10 13857
85020 4 22 13370
85024 4 1 13732
85026 4 2 14237
85028 4 5 14239
85032 4 1 13852
85034 4 2 13853
85036 4 23 14247
85038 4 3 14250
85044 4 5 13855
85048 4 14 13858
85064 4 3 13830
85068 4 15 14243
85100 4 22 13334
85104 4 1 13456
85106 4 23 13551
85126 4 9 13316
85128 4 10 13533
85140 4 10 13317
85142 4 14 13534
85156 4 15 13535
85158 4 15 13319
85160 4 5 13471
85162 4 19 13536
85178 4 22 13322
85180 4 21 13537
85192 4 23 13323
85194 4 22 13538
85206 4 1 13324
85208 4 23 13539
85220 4 9 13328
85222 4 1 13540
85234 4 10 13329
85236 4 2 13541
85250 4 5 13543
85252 4 1 13336
85254 4 9 13544
85266 4 2 13337
85268 4 10 13545
85280 4 3 13338
85282 4 14 13546
85300 4 10 13905
85314 4 15 13331
85316 4 19 13548
85328 4 21 13333
85330 4 22 13550
85336 4 2 13985
85342 4 22 13406
85344 4 19 13932
85346 4 23 13935
85348 4 2 14273
85352 4 2 13325
85354 4 14 13558
85376 4 14 13582
85382 4 19 14280
85384 4 19 13344
85386 4 15 13559
85398 4 14 13342
85400 4 1 13444
85402 4 2 13457
85404 4 23 13563
85430 4 22 13994
85436 4 19 13440
85438 4 9 13664
85440 4 10 13725
85442 4 19 13884
85444 4 1 14032
85470 4 1 13408
85472 4 15 13439
85474 4 22 13670
85476 4 15 13727
85478 4 19 13872
85480 4 22 14330
85482 4 23 14331
85516 4 2 13409
85520 4 14 13906
85522 4 9 13688
85524 4 15 13751
85526 4 2 13901
85538 4 23 14007
85548 4 5 13339
85550 4 3 13566
85568 4 22 14234
85574 4 19 14052
85576 4 22 14114
85580 4 23 14211
85582 4 19 14220
85584 4 9 13748
85586 4 19 13320
85588 4 14 13594
85594 4 5 13327
85596 4 15 13571
85608 4 19 13452
85610 4 3 13458
85612 4 5 13687
85616 4 21 13909
85618 4 22 13910
85620 4 15 14183
85622 4 1 14212
85624 4 3 14214
85668 4 14 13330
85670 4 1 13576
85682 4 3 13542
85684 4 3 13578
85750 4 3 13326
85752 4 19 13584
85764 4 1 13516
85766 4 22 13586
85786 4 22 14258
85808 4 2 14141
85810 4 3 14142
85812 4 5 14143
85816 4 21 14209
85818 4 5 14251
85820 4 9 14252
85822 4 14 14254
85824 4 19 14268
85826 4 22 14270
85828 4 1 13768
85830 4 15 13451
85834 4 21 13933
85838 4 21 14185
85840 4 22 13970
85848 4 10 14109
85850 4 15 13583
85852 4 9 13760
85854 4 21 13321
85856 4 15 13595
85868 4 2 13565
85870 4 14 13990
85900 4 9 14144
85910 4 23 14271
85912 4 19 14292
85914 4 21 14293
85920 4 10 13689
85926 4 19 14316
85930 4 2 13973
85932 4 14 14122
85934 4 19 14124
85936 4 21 14125
85940 4 14 14218
85950 4 10 14181
85952 4 22 14318
85968 4 1 14068
85970 4 1 13636
85976 4 1 14332
85980 4 10 13809
85984 4 22 14282
85986 4 21 14317
86008 4 22 13814
86012 4 23 14283
86034 4 5 14227
86052 4 15 13823
86056 4 1 14284
86058 4 2 14285
86080 4 22 13826
86082 4 21 14281
86104 4 2 13445
86106 4 14 13450
86108 4 10 13557
86110 4 23 13851
86114 4 5 13519
86116 4 9 13724
86118 4 1 14200
86120 4 3 14202
86122 4 5 14203
86128 4 15 13859
86130 4 9 14288
86132 4 10 14289
86152 4 9 13844
86156 4 5 14287
86182 4 3 14238
86200 4 21 14245
86202 4 3 14286
86218 4 3 13854
86224 4 10 14301
86242 4 9 14204
86244 4 10 14205
86246 4 15 14207
86248 4 14 14230
86250 4 19 14232
86252 4 14 14314
86254 4 1 14092
86280 4 21 14089
86282 4 22 14090
86288 4 22 14138
86292 4 2 14249
86342 4 3 13818
86386 4 5 13831
86392 4 19 13848
86396 4 2 13805
86404 4 14 13834
86406 4 15 13679
86408 4 14 14302
86410 4 15 14303
86412 4 19 14304
86430 4 1 13840
86438 4 15 13547
86440 4 3 13602
86442 4 21 13969
86504 4 3 13470
86508 4 21 14257
86512 4 14 14290
86542 4 2 14033
86544 4 3 14034
86546 4 3 14130
86548 4 9 13388
86552 4 1 13564
86554 4 2 13721
86556 4 1 13948
86582 4 5 14275
86584 4 3 14334
86600 4 14 13462
86602 4 1 13744
86604 4 10 13929
86614 4 5 14263
86616 4 3 14310
86622 4 15 14231
86664 4 5 13531
86666 4 23 13635
86668 4 10 13713
86672 4 2 13997
86674 4 1 14272
86696 4 21 14269
86704 4 22 14294
86706 4 2 14297
86708 4 3 14298
86724 4 10 14253
86728 4 23 13911
86732 4 5 14035
86734 4 9 14036
86752 4 3 13734
86754 4 21 13345
86756 4 19 13632
86758 4 2 13673
86760 4 5 13735
86762 4 19 13764
86764 4 23 14079
86766 4 1 14080
86768 4 2 14225
86770 4 9 14312
86772 4 10 14313
86808 4 10 13449
86810 4 5 13483
86812 4 2 13613
86814 4 10 13629
86816 4 14 13774
86818 4 22 13790
86820 4 5 13795
86822 4 19 14064
86824 4 2 14069
86826 4 23 14199
86868 4 1 13384
86870 4 9 13568
86872 4 10 13701
86874 4 21 13705
86890 4 21 13441
86892 4 21 13561
86894 4 9 13700
86898 4 15 13763
86902 4 23 14259
86936 4 23 13671
86950 4 22 13898
86952 4 23 13899
86962 4 23 14295
86968 4 5 14299
86974 4 2 14081
86980 4 3 13746
86982 4 22 13754
86984 4 3 13758
86986 4 14 13762
86988 4 1 13936
87030 4 14 13750
87032 4 15 13967
87040 4 22 13934
87044 4 19 14184
87098 4 10 13905
87100 4 14 13906
87102 4 19 13908
87106 4 21 13717
87108 4 23 13719
87112 4 2 13949
87116 4 14 14134
87118 4 1 14296
87156 4 19 13596
87220 4 1 13360
87222 4 19 13572
87226 4 21 13573
87272 4 22 13574
87284 4 23 13623
87288 4 21 14041
87290 4 1 13372
87294 4 9 13580
87298 4 2 13373
87306 4 15 14267
87310 4 10 13581
87314 4 3 13410
87316 4 5 13675
87348 4 19 13560
87350 4 15 13631
87358 4 15 14291
87362 4 9 14060
87368 4 3 14070
87370 4 9 14072
87372 4 15 14147
87374 4 3 13374
87378 4 9 13796
87400 4 23 13467
87402 4 22 13478
87404 4 3 13722
87406 4 5 13759
87408 4 14 14110
87410 4 19 14112
87412 4 23 14139
87418 4 1 13912
87424 4 5 14215
87426 4 15 13367
87430 4 5 13903
87432 4 14 14002
87434 4 15 14003
87452 4 23 13587
87454 4 5 13627
87456 4 19 13836
87458 4 19 13452
87460 4 22 13454
87470 4 15 13523
87476 4 10 14133
87480 4 1 14140
87512 4 19 13884
87516 4 9 13640
87532 4 21 13921
87536 4 5 14311
87538 4 1 14320
87542 4 5 13591
87546 4 21 13693
87552 4 3 13782
87554 4 10 14013
87556 4 22 14054
87578 4 9 13376
87580 4 2 13433
87582 4 5 13435
87586 4 23 13779
87588 4 15 13871
87592 4 23 13983
87644 4 5 13723
87646 4 21 13957
87652 4 9 14180
87656 4 14 14206
87660 4 21 14005
87668 4 19 13320
87680 4 9 14300
87682 4 2 13913
87684 4 9 13916
87686 4 9 14132
87690 4 1 14332
87692 4 2 14333
87710 4 23 13551
87712 4 9 13316
87718 4 14 13534
87722 4 15 13535
87728 4 22 13322
87734 4 22 13538
87736 4 1 13324
87742 4 14 13558
87752 4 10 13329
87760 4 1 13336
87776 4 9 14228
87780 4 21 14233
87786 4 3 13962
87788 4 5 13963
87790 4 9 13964
87794 4 3 13998
87802 4 2 14261
87808 4 9 14240
87810 4 21 13333
87812 4 22 13550
87820 4 14 13678
87824 4 15 13931
87830 4 9 16460
87832 4 15 16463
87834 4 1 16468
87836 4 2 16469
87838 4 3 16470
87840 4 14 16558
87842 4 15 16559
87844 4 2 16637
87846 4 19 16860
87848 4 21 16861
87850 4 3 16950
87852 4 5 16975
87854 4 15 17171
87874 4 19 16452
87876 4 21 16453
87880 4 14 16462
87884 4 3 16554
87888 4 10 16857
87890 4 10 17169
87892 4 9 16448
87894 4 14 16450
87896 4 1 16456
87898 4 3 16458
87900 4 5 16459
87902 4 5 16555
87904 4 19 16560
87906 4 14 16858
87908 4 9 17168
87910 4 14 16474
87912 4 15 16475
87914 4 3 16482
87916 4 5 16483
87918 4 10 16485
87920 4 10 16557
87922 4 23 16563
87924 4 15 16859
87926 4 22 17174
87928 4 3 16494
87930 4 9 16496
87932 4 14 16498
87934 4 19 16500
87936 4 21 16501
87938 4 5 16567
87940 4 9 16568
87942 4 9 16868
87944 4 2 17177
87946 4 14 16486
87948 4 21 16489
87950 4 23 16503
87952 4 2 16505
87954 4 3 16506
87956 4 2 16565
87958 4 10 16569
87960 4 1 16864
87962 4 3 17178
87970 4 19 16488
87978 4 2 16865
87980 4 23 17175
87982 4 22 16478
87984 4 1 16480
87986 4 5 16543
87988 4 9 16544
87990 4 14 16546
87992 4 1 16564
87994 4 15 16595
87996 4 3 16866
87998 4 23 17199
88004 4 10 16509
88006 4 14 16510
88008 4 19 16512
88012 4 3 16578
88014 4 10 16869
88016 4 5 17179
88018 4 3 16818
88020 4 5 16819
88022 4 9 16820
88024 4 10 16821
88026 4 22 16898
88028 4 2 16409
88030 4 2 16745
88032 4 3 16746
88034 4 5 16747
88036 4 9 16748
88038 4 21 16813
88040 4 9 16856
88042 4 10 17037
88044 4 3 17322
88046 4 23 17343
88048 4 19 16596
88050 4 21 16597
88052 4 22 16598
88054 4 23 16599
88056 4 15 17351
88058 4 15 16643
88060 4 19 16644
88062 4 21 16645
88064 4 22 16646
88066 4 5 16651
88068 4 5 16783
88070 4 9 16784
88072 4 10 16785
88074 4 14 16786
88076 4 2 16961
88078 4 15 17039
88080 4 19 17040
88082 4 21 17041
88084 4 22 17042
88086 4 23 17271
88088 4 22 17294
88090 4 22 17330
88092 4 9 16508
88094 4 21 16537
88100 4 10 16533
88102 4 14 16534
88104 4 19 16536
88108 4 9 16592
88110 4 3 16878
88112 4 14 17194
88114 4 15 16583
88116 4 21 16585
88118 4 10 16641
88120 4 23 16659
88122 4 1 16660
88124 4 2 16661
88126 4 1 16684
88128 4 2 16685
88130 4 3 16686
88132 4 5 16687
88134 4 15 16895
88140 4 9 17072
88142 4 9 17180
88144 4 10 17181
88146 4 23 17211
88160 4 3 16662
88162 4 5 16663
88164 4 9 16664
88166 4 10 16665
88168 4 19 16692
88178 4 14 16402
88180 4 15 16403
88182 4 19 16404
88184 4 3 16638
88186 4 9 16832
88188 4 22 16982
88190 4 23 16983
88192 4 1 16984
88194 4 2 16985
88196 4 14 16990
88198 4 21 16993
88200 4 1 17152
88202 4 19 17232
88204 4 21 17233
88206 4 22 17234
88208 4 23 17235
88210 4 15 17255
88212 4 19 17256
88214 4 22 17258
88216 4 2 17357
88218 4 15 16523
88220 4 19 16524
88222 4 2 16577
88224 4 3 16590
88226 4 3 16602
88228 4 21 16885
88230 4 3 17214
88232 4 5 17107
88234 4 9 17108
88236 4 10 17109
88238 4 14 17110
88240 4 22 17198
88246 4 22 16886
88248 4 23 16887
88250 4 1 16888
88252 4 2 16889
88254 4 22 17006
88256 4 1 16444
88258 4 2 16445
88260 4 3 16446
88262 4 5 16447
88264 4 10 16833
88266 4 14 16834
88268 4 15 16835
88270 4 19 16836
88272 4 1 17392
88274 4 1 16408
88280 4 22 16574
88284 4 9 16604
88286 4 3 16650
88288 4 19 16896
88290 4 21 16981
88292 4 15 17027
88294 4 2 17213
88312 4 19 16740
88314 4 22 16742
88316 4 9 16940
88318 4 9 17012
88320 4 22 17402
88322 4 23 17403
88324 4 2 17405
88326 4 1 16708
88328 4 2 16709
88332 4 9 16688
88334 4 10 16689
88336 4 14 16690
88338 4 15 16691
88340 4 1 16792
88350 4 10 16677
88352 4 3 17202
88354 4 5 17203
88356 4 9 17204
88358 4 10 17205
88360 4 22 17270
88368 4 1 16972
88378 4 9 16676
88380 4 9 16904
88382 4 5 16579
88384 4 9 16616
88386 4 2 16517
88388 4 23 17043
88390 4 1 17044
88392 4 2 17045
88394 4 3 17046
88396 4 19 17220
88398 4 5 17383
88400 4 9 17384
88402 4 10 17385
88404 4 14 17386
88410 4 5 16591
88412 4 14 16594
88414 4 23 16539
88416 4 14 16930
88418 4 21 16513
88420 4 22 16514
88422 4 23 16515
88424 4 1 16516
88434 4 5 16699
88436 4 2 17033
88438 4 1 16612
88440 4 2 16613
88442 4 3 16614
88444 4 14 16654
88446 4 23 16875
88448 4 5 16831
88450 4 10 16581
88454 4 5 16903
88458 4 14 16954
88460 4 15 16955
88462 4 19 16956
88464 4 21 16957
88466 4 2 17321
88468 4 19 16788
88470 4 21 16789
88472 4 22 16790
88474 4 23 16791
88476 4 15 16847
88478 4 19 17064
88480 4 21 17065
88482 4 22 17066
88484 4 23 17067
88486 4 21 17113
88488 4 23 17115
88490 4 1 17116
88492 4 9 17192
88494 4 2 17201
88496 4 1 16672
88498 4 2 16793
88500 4 1 16816
88502 4 10 16881
88504 4 14 16882
88506 4 15 16883
88508 4 19 16884
88518 4 21 17281
88520 4 2 17309
88522 4 22 17318
88534 4 9 16976
88536 4 10 16977
88538 4 14 16978
88540 4 15 16979
88542 4 5 17299
88544 4 21 16657
88546 4 22 16946
88548 4 23 16947
88550 4 1 16948
88552 4 2 16949
88554 4 3 16974
88558 4 19 16992
88562 4 14 17026
88568 4 21 17257
88572 4 15 16727
88574 4 19 16728
88576 4 21 16729
88578 4 22 16730
88580 4 3 16830
88582 4 15 16871
88584 4 19 16872
88586 4 21 16873
88588 4 22 16874
88590 4 2 16973
88592 4 22 16994
88594 4 21 17221
88604 4 2 17129
88606 4 14 16750
88608 4 15 16751
88610 4 23 16827
88612 4 1 16828
88614 4 3 17286
88616 4 19 16464
88618 4 23 16467
88620 4 10 16473
88624 4 2 16481
88626 4 21 16561
88628 4 22 16562
88632 4 19 16632
88634 4 23 16863
88636 4 1 16900
88638 4 19 17172
88640 4 15 17303
88650 4 1 17020
88652 4 15 17147
88654 4 5 16735
88656 4 9 16736
88658 4 10 16737
88660 4 14 16738
88662 4 14 17014
88664 4 3 16542
88666 4 5 16879
88670 4 19 16764
88672 4 21 16765
88674 4 22 16766
88676 4 23 16767
88678 4 3 16410
88680 4 5 16411
88682 4 9 16412
88684 4 10 16413
88686 4 23 17007
88688 4 1 17008
88690 4 2 17009
88692 4 3 17010
88694 4 1 17368
88712 4 3 17142
88714 4 2 16625
88718 4 23 16971
88720 4 22 16634
88724 4 21 16741
88728 4 23 16743
88730 4 19 16416
88732 4 21 16417
88734 4 22 16418
88736 4 5 16507
88738 4 14 16822
88744 4 14 16666
88746 4 23 16683
88748 4 9 16640
88750 4 23 16647
88752 4 5 16531
88754 4 19 16800
88760 4 3 16986
88762 4 5 16987
88764 4 10 16989
88766 4 23 16995
88768 4 10 17061
88772 4 2 17153
88774 4 22 17282
88776 4 23 17283
88778 4 1 17284
88780 4 5 17323
88786 4 15 16607
88788 4 15 16943
88790 4 10 16725
88792 4 15 16811
88794 4 22 17222
88796 4 23 17223
88798 4 1 17224
88800 4 2 17225
88802 4 2 17237
88804 4 3 17238
88806 4 5 17239
88808 4 9 17240
88810 4 19 17304
88812 4 10 17337
88816 4 15 16823
88818 4 19 16824
88820 4 21 16825
88822 4 22 16826
88824 4 2 16817
88826 4 22 17150
88828 4 23 16959
88830 4 15 16547
88832 4 9 16424
88834 4 14 16426
88836 4 1 16432
88838 4 2 16433
88840 4 5 16435
88842 4 21 16549
88844 4 22 16550
88846 4 1 16852
88848 4 14 17158
88856 4 10 16425
88866 4 9 17156
88876 4 21 16465
88884 4 22 16862
88886 4 14 17170
88894 4 5 17227
88896 4 9 17228
88898 4 10 17229
88900 4 14 17230
88924 4 5 17011
88926 4 22 16490
88928 4 1 16492
88930 4 2 16493
88936 4 3 16566
88938 4 15 16595
88940 4 14 16894
88942 4 1 17200
88950 4 9 16496
88952 4 10 16497
88958 4 5 16867
88960 4 1 17176
88966 4 10 16617
88972 4 3 16938
88974 4 5 16939
88976 4 23 17019
88980 4 22 17114
88986 4 22 17138
88988 4 23 17139
88990 4 1 17140
88994 4 1 17260
89020 4 23 16527
89022 4 2 16529
89024 4 3 16530
89028 4 1 16588
89030 4 14 16870
89032 4 5 17191
89034 4 3 16902
89044 4 19 16656
89054 4 2 17141
89058 4 14 17266
89060 4 19 17268
89062 4 21 17269
89064 4 21 17305
89066 4 19 17316
89084 4 22 16526
89094 4 9 16880
89096 4 15 17195
89098 4 2 16901
89100 4 19 17004
89102 4 21 17005
89104 4 15 16655
89110 4 19 16944
89112 4 9 17288
89114 4 1 17308
89116 4 3 17370
89118 4 14 16606
89124 4 5 16843
89126 4 22 17126
89130 4 23 17307
89132 4 15 16667
89138 4 22 16838
89140 4 23 16839
89142 4 1 16840
89146 4 15 16991
89154 4 14 17062
89156 4 15 17183
89158 4 19 17184
89160 4 21 17185
89162 4 22 17186
89164 4 15 17387
89176 4 3 16806
89194 4 2 17285
89200 4 1 17344
89218 4 3 16674
89220 4 14 16678
89222 4 21 16681
89240 4 10 17241
89244 4 9 17300
89256 4 23 16707
89260 4 15 16403
89264 4 21 16405
89274 4 1 16396
89276 4 21 16693
89278 4 9 16700
89280 4 14 16906
89282 4 15 16907
89284 4 19 16980
89286 4 1 17092
89294 4 14 16570
89296 4 15 16571
89298 4 19 16608
89300 4 15 16787
89302 4 2 16877
89304 4 9 16532
89306 4 22 16538
89308 4 19 16668
89310 4 21 16669
89312 4 5 16675
89314 4 1 16804
89316 4 2 16805
89318 4 21 16837
89320 4 14 17038
89322 4 1 17056
89330 4 9 16688
89332 4 10 16689
89336 4 2 16745
89338 4 3 16746
89340 4 5 16747
89344 4 5 16807
89346 4 9 16808
89348 4 10 16809
89350 4 14 16810
89352 4 9 16856
89354 4 10 16893
89356 4 9 16952
89372 4 19 17328
89376 4 21 16609
89378 4 22 16610
89380 4 14 16726
89382 4 2 17273
89396 4 15 16415
89402 4 23 16419
89412 4 23 16755
89414 4 1 16756
89424 4 10 17001
89426 4 3 17154
89428 4 10 17397
89464 4 2 16757
89486 4 1 16420
89488 4 2 16421
89490 4 3 16422
89492 4 5 16423
89496 4 3 16758
89512 4 9 16964
89516 4 5 17155
89518 4 19 17400
89550 4 15 16427
89562 4 19 16428
89564 4 21 16429
89566 4 22 16430
89568 4 23 16431
89572 4 19 16644
89578 4 9 16760
89588 4 21 16945
89592 4 10 17157
89594 4 3 17358
89620 4 1 16432
89624 4 3 16434
89628 4 5 16759
89638 4 9 16436
89640 4 10 16437
89642 4 14 16438
89644 4 15 16439
89650 4 21 16645
89658 4 14 16762
89662 4 15 17159
89664 4 9 17312
89666 4 10 17313
89668 4 14 17314
89670 4 15 17315
89696 4 19 16440
89698 4 21 16441
89700 4 22 16442
89702 4 23 16443
89704 4 10 16761
89706 4 19 17160
89716 4 10 16449
89720 4 15 16451
89724 4 1 16768
89726 4 2 17165
89728 4 9 17216
89730 4 10 17217
89732 4 14 17218
89734 4 15 17219
89768 4 19 16452
89770 4 21 16453
89772 4 22 16454
89774 4 23 16455
89776 4 15 16763
89778 4 2 16769
89780 4 5 17167
89782 4 15 17339
89784 4 21 17341
89786 4 22 17342
89788 4 2 17369
89816 4 2 16457
89834 4 10 16461
89836 4 14 16462
89842 4 5 16771
89844 4 21 17029
89846 4 23 17031
89848 4 1 17032
89850 4 19 17136
89882 4 22 16466
89886 4 9 16472
89888 4 3 16770
89890 4 23 17103
89892 4 2 17105
89894 4 3 17106
89896 4 2 17117
89898 4 3 17118
89900 4 5 17119
89902 4 9 17120
89906 4 22 17210
89942 4 1 16468
89944 4 2 16469
89946 4 3 16470
89948 4 5 16471
89952 4 9 16772
89956 4 22 17030
89962 4 14 17074
89964 4 15 17075
89966 4 19 17076
89970 4 15 17171
89972 4 21 17197
90004 4 23 16479
90008 4 10 16773
90012 4 1 17104
90018 4 5 17143
90020 4 10 17145
90022 4 14 17146
90028 4 1 17272
90046 4 14 16474
90048 4 15 16475
90050 4 19 16476
90052 4 21 16477
90056 4 14 16774
90064 4 21 17077
90066 4 9 17132
90068 4 10 17133
90070 4 15 17135
90072 4 21 17173
90076 4 15 17231
90106 4 15 16775
90108 4 10 17121
90110 4 15 17123
90112 4 19 17124
90116 4 9 17144
90122 4 1 17236
90138 4 21 16537
90152 4 10 17193
90154 4 3 17322
90156 4 14 17350
90158 4 10 17373
90160 4 14 17374
90162 4 15 17375
90164 4 19 17376
90176 4 3 16482
90180 4 9 16484
90182 4 10 16485
90186 4 19 16776
90192 4 14 17134
90196 4 22 17174
90198 4 23 17187
90200 4 1 17188
90202 4 3 17190
90206 4 19 17280
90234 4 9 16544
90236 4 10 16545
90242 4 19 16812
90244 4 1 17068
90246 4 3 17070
90248 4 5 17071
90252 4 14 17122
90258 4 23 17199
90260 4 1 17212
90288 4 14 16486
90290 4 15 16487
90292 4 19 16488
90294 4 21 16489
90298 4 21 16777
90300 4 23 17175
90306 4 2 17189
90310 4 3 17262
90312 4 5 17263
90314 4 10 17265
90318 4 14 17302
90340 4 23 16491
90342 4 1 16492
90352 4 22 16778
90356 4 15 17015
90358 4 21 17017
90360 4 22 17018
90364 4 2 17069
90370 4 19 17148
90372 4 1 17200
90394 4 15 16391
90396 4 21 16393
90398 4 19 16920
90400 4 22 16922
90402 4 22 16970
90404 4 15 17051
90406 4 19 17088
90410 4 2 16397
90412 4 19 16908
90414 4 2 16925
90418 4 14 17002
90420 4 5 17095
90432 4 1 16504
90434 4 2 16505
90440 4 3 16782
90442 4 3 17178
90448 4 9 17264
90452 4 10 17289
90454 4 14 17290
90456 4 19 17292
90460 4 23 17319
90488 4 5 16495
90490 4 9 16496
90496 4 1 16780
90498 4 14 16966
90500 4 15 16967
90502 4 21 16969
90506 4 19 17016
90512 4 15 17111
90542 4 14 16498
90544 4 15 16499
90546 4 19 16500
90548 4 21 16501
90552 4 2 16781
90558 4 19 16968
90562 4 2 16997
90564 4 5 16999
90566 4 9 17000
90570 4 1 17128
90572 4 2 17177
90600 4 1 16528
90608 4 21 16801
90612 4 9 17276
90614 4 10 17277
90616 4 15 17279
90622 4 15 17291
90626 4 5 17311
90648 4 2 16541
90656 4 10 16509
90658 4 14 16510
90660 4 15 16511
90662 4 19 16512
90666 4 3 16794
90670 4 3 16998
90676 4 2 17021
90678 4 3 17022
90680 4 5 17023
90684 4 21 17137
90686 4 5 17179
90712 4 9 16952
90714 4 10 16953
90716 4 21 17329
90722 4 21 16525
90732 4 15 16799
90738 4 14 17242
90740 4 15 17243
90742 4 21 17245
90748 4 14 17278
90752 4 10 17301
90780 4 10 16533
90782 4 14 16534
90784 4 15 16535
90786 4 19 16536
90790 4 22 16802
90798 4 9 17024
90800 4 5 17047
90802 4 9 17048
90804 4 10 17049
90808 4 3 17166
90810 4 14 17194
90836 4 1 16576
90838 4 2 16577
90842 4 14 17206
90844 4 15 17207
90846 4 19 17208
90848 4 3 17214
90854 4 19 17244
90858 4 5 17287
90878 4 15 17039
90880 4 19 17040
90884 4 22 17042
90886 4 22 17294
90894 4 22 16574
90896 4 23 16575
90906 4 14 17050
90908 4 2 17057
90910 4 5 17059
90912 4 9 17060
90916 4 14 17182
90918 4 2 17213
90934 4 15 16583
90936 4 19 16584
90940 4 22 16586
90942 4 15 16895
90956 4 1 16516
90958 4 2 16517
90960 4 1 16600
90962 4 5 16795
90964 4 9 16796
90966 4 22 16814
90968 4 9 16844
90970 4 10 16845
90972 4 10 17025
90974 4 14 17254
90978 4 2 16637
90980 4 5 16975
90982 4 22 16394
90986 4 1 16720
90988 4 10 16905
90992 4 22 16958
90994 4 23 17091
91010 4 5 17407
91012 4 22 16406
91014 4 22 16694
91016 4 15 16739
91018 4 22 16910
91020 4 1 16924
91022 4 1 16960
91026 4 19 17100
91050 4 19 16788
91052 4 21 16789
91054 4 22 16790
91056 4 23 16791
91060 4 3 17058
91066 4 19 17064
91068 4 21 17065
91070 4 22 17066
91074 4 9 17192
91076 4 19 17196
91080 4 23 16803
91082 4 21 17161
91084 4 22 17162
91086 4 23 17163
91088 4 1 17164
91090 4 5 17215
91092 4 9 17324
91094 4 10 17325
91096 4 14 17326
91098 4 5 17359
91100 4 9 17360
91102 4 10 17361
91104 4 14 17362
91108 4 10 16725
91118 4 21 17209
91120 4 2 17237
91124 4 9 17240
91128 4 19 17304
91132 4 3 16818
91134 4 5 16819
91136 4 9 16820
91138 4 10 16821
91140 4 21 17401
91144 4 1 16732
91150 4 15 17267
91154 4 21 17269
91164 4 15 17327
91172 4 15 16751
91174 4 23 16827
91176 4 1 16828
91178 4 2 17333
91180 4 3 17334
91182 4 5 17335
91184 4 9 17336
91196 4 23 16695
91198 4 1 16696
91200 4 2 16697
91202 4 3 16698
91206 4 1 16636
91208 4 9 16724
91210 4 22 16754
91212 4 2 16937
91214 4 10 17013
91218 4 21 17125
91238 4 9 16856
91248 4 15 16847
91250 4 9 16388
91252 4 10 16701
91254 4 2 16721
91256 4 3 16890
91258 4 5 16891
91262 4 5 17083
91274 4 10 16797
91276 4 14 16798
91278 4 2 16829
91284 4 1 16792
91286 4 9 16892
91288 4 10 16893
91298 4 9 16976
91304 4 5 17227
91306 4 9 17228
91310 4 14 17230
91322 4 3 16662
91324 4 5 16663
91326 4 9 16664
91328 4 10 16665
91330 4 19 16692
91340 4 1 16876
91342 4 5 16963
91344 4 10 17073
91358 4 19 16992
91360 4 21 16993
91372 4 5 16735
91374 4 10 16737
91376 4 14 16738
91378 4 22 16886
91380 4 23 16887
91382 4 1 16888
91384 4 2 16889
91386 4 14 17014
91394 4 19 16932
91396 4 21 16933
91398 4 22 16934
91400 4 23 16935
91402 4 3 16962
91406 4 2 17393
91408 4 9 17396
91434 4 9 17144
91440 4 3 16986
91442 4 5 16987
91444 4 9 16988
91446 4 10 16989
91448 4 10 17061
91450 4 14 16582
91452 4 2 16649
91454 4 5 16783
91456 4 9 16784
91466 4 10 17181
91468 4 23 17271
91470 4 19 17364
91472 4 21 17365
91474 4 22 17366
91476 4 23 17367
91478 4 14 17398
91534 4 1 16408
91536 4 9 16604
91538 4 1 16612
91540 4 2 16613
91542 4 3 16614
91544 4 5 16615
91552 4 23 16875
91554 4 14 16942
91556 4 21 16981
91564 4 9 17204
91570 4 22 17378
91594 4 22 16982
91596 4 23 16983
91598 4 1 16984
91600 4 2 16985
91616 4 21 17149
91618 4 15 17255
91620 4 19 17256
91622 4 21 17257
91624 4 22 17258
91626 4 2 17357
91628 4 19 17388
91630 4 21 17389
91632 4 22 17390
91634 4 23 17391
91638 4 3 17394
91640 4 5 17395
91660 4 23 17067
91662 4 19 16740
91666 4 23 16743
91668 4 9 16940
91670 4 9 17012
91700 4 22 16946
91702 4 23 16947
91704 4 1 16948
91706 4 2 16949
91708 4 3 16974
91710 4 1 17020
91712 4 23 17151
91716 4 2 16601
91718 4 15 16727
91720 4 19 16728
91722 4 21 16729
91724 4 22 16730
91726 4 15 16931
91728 4 22 16994
91730 4 23 17331
91732 4 14 16678
91734 4 21 16681
91740 4 15 16835
91742 4 19 16836
91744 4 10 17241
91746 4 22 16502
91748 4 23 16539
91754 4 9 17132
91758 4 14 17134
91762 4 21 17113
91764 4 22 17114
91766 4 23 17115
91768 4 1 17116
91774 4 19 16404
91776 4 3 16638
91796 4 19 16764
91798 4 21 16765
91800 4 22 16766
91802 4 23 16767
91804 4 21 16945
91806 4 3 17358
91820 4 22 17138
91822 4 23 17139
91824 4 1 17140
91826 4 2 17141
91830 4 22 16514
91834 4 1 16600
91856 4 2 17033
91868 4 19 16464
91872 4 10 16473
91874 4 21 16561
91876 4 22 16562
91878 4 2 16589
91882 4 15 16679
91884 4 23 16707
91886 4 10 16965
91888 4 5 17011
91892 4 22 17150
91910 4 14 16930
91934 4 23 16515
91938 4 5 16699
91956 4 15 16823
91958 4 19 16824
91960 4 21 16825
91962 4 22 16826
91966 4 19 17400
91970 4 23 16995
91974 4 21 16741
91986 4 10 17001
91988 4 10 17397
91990 4 1 16684
91992 4 2 16685
91994 4 3 16686
91996 4 5 16687
91998 4 9 17072
92012 4 14 16690
92014 4 15 16691
92018 4 9 17216
92024 4 15 17219
92026 4 19 17052
92028 4 21 17053
92030 4 22 17054
92032 4 23 17055
92034 4 21 17293
92042 4 9 16748
92046 4 19 16620
92048 4 21 16621
92050 4 2 17117
92054 4 5 17119
92058 4 5 17131
92060 4 14 17266
92062 4 15 17267
92068 4 1 16900
92070 4 15 17303
92080 4 3 17262
92086 4 10 17265
92100 4 14 17314
92102 4 15 17315
92106 4 5 16519
92108 4 9 16520
92110 4 14 16522
92112 4 9 16580
92114 4 22 16622
92136 4 3 16830
92138 4 9 16556
92140 4 21 16633
92142 4 22 16718
92144 4 23 16719
92154 4 22 16634
92158 4 3 16722
92170 4 3 16410
92172 4 5 16411
92174 4 9 16412
92176 4 10 16413
92178 4 23 16815
92182 4 9 16652
92184 4 10 16653
92186 4 14 16750
92190 4 19 16848
92192 4 21 16897
92194 4 5 17275
92196 4 3 17286
92198 4 23 17379
92200 4 1 17380
92202 4 2 17381
92204 4 3 17382
92210 4 1 16444
92212 4 2 16445
92214 4 5 16447
92216 4 10 16617
92218 4 23 17019
92220 4 22 16538
92222 4 19 16668
92224 4 21 16669
92226 4 1 16804
92228 4 2 16805
92230 4 14 17038
92232 4 22 17282
92234 4 23 17283
92236 4 1 17284
92238 4 2 17285
92240 4 9 16508
92244 4 14 16546
92250 4 14 16894
92270 4 22 17222
92272 4 23 17223
92274 4 1 17224
92276 4 2 17225
92278 4 5 16951
92294 4 15 17015
92296 4 19 17016
92298 4 21 17017
92302 4 15 17111
92308 4 5 17239
92310 4 9 17240
92316 4 10 16521
92324 4 1 16816
92326 4 19 17352
92344 4 10 17277
92346 4 14 17278
92348 4 15 17279
92350 4 14 16606
92352 4 15 16811
92356 4 15 17207
92358 4 19 17208
92360 4 21 17209
92368 4 19 17244
92370 4 21 17245
92372 4 9 17324
92376 4 14 17326
92388 4 2 16997
92400 4 3 16446
92408 4 19 16680
92420 4 1 17320
92432 4 22 17318
92472 4 1 17068
92476 4 3 17070
92480 4 19 17148
92482 4 19 17388
92486 4 22 17390
92498 4 5 17047
92520 4 1 17212
92532 4 15 17075
92540 4 19 16452
92544 4 23 16455
92546 4 3 16554
92548 4 10 16857
92550 4 19 16440
92552 4 21 16441
92554 4 22 16442
92556 4 19 16548
92558 4 22 16850
92560 4 1 16432
92562 4 2 16433
92564 4 5 16435
92566 4 21 16549
92568 4 23 16851
92570 4 1 16420
92572 4 2 16421
92574 4 3 16422
92576 4 23 16551
92578 4 2 16853
92580 4 19 16428
92582 4 21 16429
92584 4 22 16430
92586 4 1 16552
92588 4 3 16854
92590 4 9 16436
92592 4 10 16437
92594 4 14 16438
92596 4 2 16553
92598 4 5 16855
92600 4 9 16448
92604 4 15 16451
92606 4 5 16555
92608 4 14 16858
92622 4 9 17060
92626 4 14 16474
92628 4 15 16475
92630 4 21 16477
92632 4 10 16557
92634 4 15 16859
92638 4 2 16469
92640 4 3 16470
92642 4 14 16558
92644 4 19 16860
92646 4 9 16460
92648 4 14 16462
92650 4 15 16463
92652 4 15 16559
92654 4 21 16861
92658 4 3 16458
92662 4 19 16560
92664 4 22 16862
92676 4 10 17145
92680 4 1 17272
92682 4 14 16498
92684 4 19 16500
92686 4 21 16501
92688 4 9 16568
92690 4 10 16869
92692 4 3 16482
92694 4 5 16483
92696 4 10 16485
92698 4 23 16563
92700 4 2 16865
92702 4 22 16478
92706 4 2 16481
92708 4 1 16564
92710 4 3 16866
92712 4 23 16503
92714 4 2 16505
92716 4 3 16506
92718 4 10 16569
92720 4 14 16870
92722 4 14 16486
92724 4 19 16488
92726 4 21 16489
92728 4 2 16565
92730 4 1 16864
92742 4 3 16494
92746 4 10 16497
92748 4 5 16567
92750 4 9 16868
92758 4 21 17077
92760 4 9 17132
92762 4 10 17133
92764 4 15 17135
92766 4 15 17231
92770 4 3 17058
92782 4 9 17192
92792 4 9 17144
92800 4 1 16396
92802 4 9 16700
92804 4 15 16907
92806 4 19 16908
92810 4 2 17093
92820 4 23 16395
92822 4 9 16400
92824 4 3 16710
92826 4 5 16723
92828 4 23 16923
92830 4 9 16928
92832 4 3 17094
92846 4 21 16393
92852 4 22 16922
92856 4 22 17090
92868 4 15 16391
92872 4 19 16920
92884 4 15 17051
92886 4 10 17085
92888 4 19 17328
92896 4 1 16384
92898 4 3 16386
92900 4 5 16711
92902 4 9 16712
92904 4 1 16912
92906 4 3 16914
92908 4 1 17080
92926 4 10 16713
92928 4 23 16911
92932 4 22 17078
92944 4 2 16385
92948 4 14 16714
92952 4 2 16913
92954 4 23 17079
92966 4 10 16389
92968 4 14 16390
92970 4 15 16715
92972 4 19 16716
92974 4 14 16918
92976 4 15 16919
92978 4 14 17086
92994 4 19 16392
92998 4 21 16717
93002 4 21 16921
93004 4 15 17087
93018 4 2 16397
93022 4 5 17095
93026 4 3 16398
93030 4 2 16925
93032 4 3 16926
93034 4 9 17096
93048 4 5 16399
93056 4 5 16927
93058 4 10 17097
93074 4 10 16401
93082 4 10 16929
93084 4 14 17098
93098 4 10 16509
93100 4 14 16510
93104 4 3 16578
93106 4 3 16878
93118 4 23 17115
93122 4 2 17201
93126 4 23 16407
93130 4 23 16731
93134 4 1 16936
93136 4 22 17102
93154 4 1 17092
93160 4 14 17134
93166 4 1 17188
93168 4 3 17190
93170 4 19 17280
93172 4 15 16523
93174 4 19 16524
93176 4 22 16526
93178 4 3 16590
93180 4 21 16885
93184 4 5 16387
93188 4 2 16733
93192 4 5 16915
93194 4 15 16943
93196 4 2 17081
93212 4 1 16612
93214 4 2 16613
93216 4 3 16614
93222 4 22 17378
93226 4 14 16414
93230 4 1 16744
93234 4 10 16941
93236 4 19 17112
93250 4 22 16694
93252 4 22 16910
93254 4 2 16937
93256 4 10 17013
93258 4 21 17101
93260 4 23 17307
93278 4 23 17331
93282 4 22 17114
93290 4 23 17139
93294 4 1 17260
93298 4 21 16705
93300 4 3 16734
93310 4 23 16587
93312 4 14 16702
93316 4 23 16899
93326 4 14 16534
93328 4 19 16536
93330 4 9 16592
93332 4 19 16896
93334 4 5 16651
93340 4 2 17189
93344 4 3 17262
93346 4 5 17263
93350 4 14 17302
93352 4 22 16394
93354 4 10 16905
93356 4 23 17091
93360 4 22 16406
93364 4 15 16739
93366 4 1 16924
93370 4 15 17099
93386 4 5 16783
93390 4 10 16785
93392 4 2 16961
93394 4 22 17330
93398 4 5 16843
93400 4 19 16656
93402 4 9 16388
93404 4 3 16890
93412 4 19 17100
93418 4 10 16749
93420 4 9 16916
93422 4 10 16917
93426 4 23 16959
93428 4 9 17084
93444 4 19 16596
93446 4 21 16597
93450 4 14 16666
93452 4 3 16806
93456 4 5 17107
93458 4 9 17108
93460 4 14 17110
93462 4 22 17126
93464 4 22 17198
93466 4 1 17344
93468 4 21 17353
93470 4 22 17354
93472 4 23 17355
93474 4 1 17356
93476 4 15 17399
93488 4 19 16788
93490 4 21 16789
93492 4 22 16790
93494 4 23 16791
93496 4 19 17196
93504 4 1 16720
93510 4 21 17005
93512 4 21 17089
93530 4 14 16642
93536 4 23 16779
93540 4 23 17127
93582 4 10 17301
93598 4 5 17287
93612 4 15 17291
93614 4 19 17292
93632 4 23 17319
93636 4 19 16704
93660 4 1 16636
93672 4 2 17141
93678 4 21 17269
93680 4 19 17316
93684 4 14 17338
93692 4 19 17136
93702 4 2 17237
93704 4 3 17238
93708 4 19 17304
93710 4 22 17246
93712 4 23 17247
93714 4 1 17248
93716 4 23 17259
93718 4 15 17339
93720 4 19 17340
93722 4 21 17341
93724 4 22 17342
93736 4 2 16577
93738 4 3 16602
93740 4 21 16657
93742 4 3 16986
93744 4 5 16987
93746 4 10 16989
93748 4 10 17061
93756 4 5 17323
93764 4 14 16786
93766 4 23 17271
93780 4 3 17082
93794 4 5 17227
93798 4 14 17230
93800 4 5 17383
93802 4 9 17384
93804 4 10 17385
93806 4 14 17386
93820 4 2 17249
93824 4 10 16641
93826 4 15 17039
93828 4 19 17040
93830 4 9 17180
93832 4 10 17181
93834 4 22 17294
93836 4 22 16982
93838 4 23 16983
93840 4 1 16984
93842 4 2 16985
93844 4 19 17232
93846 4 21 17233
93848 4 22 17234
93850 4 23 17235
93852 4 3 16410
93856 4 10 16413
93858 4 23 16611
93860 4 23 16815
93862 4 1 16408
93864 4 22 16574
93868 4 23 16623
93870 4 9 16628
93884 4 1 16624
93898 4 2 16625
93910 4 3 16626
93912 4 5 16627
93938 4 15 16871
93940 4 19 16872
93942 4 21 16873
93944 4 22 16874
93946 4 2 16973
93948 4 23 17295
93950 4 1 17296
93952 4 2 17297
93954 4 3 17298
93956 4 10 16629
93958 4 14 16630
93972 4 15 16631
93976 4 22 16970
93984 4 19 16632
93990 4 23 16971
93998 4 22 16634
94004 4 19 17004
94012 4 23 16635
94024 4 19 16416
94026 4 22 16418
94028 4 5 16507
94030 4 10 16605
94032 4 14 16822
94036 4 23 17223
94038 4 1 17224
94040 4 2 17225
94046 4 5 17239
94066 4 2 17117
94068 4 3 17118
94076 4 9 16640
94116 4 2 16853
94126 4 3 16854
94130 4 10 16437
94134 4 5 16855
94142 4 15 16619
94146 4 9 16448
94152 4 14 16618
94154 4 14 16858
94166 4 14 16474
94168 4 15 16475
94174 4 15 16859
94176 4 2 16745
94182 4 9 16748
94184 4 3 17322
94234 4 1 16540
94236 4 22 16706
94238 4 3 16902
94242 4 3 17346
94244 4 5 17347
94246 4 9 17348
94248 4 10 17349
94262 4 22 16598
94264 4 22 16838
94266 4 1 16840
94268 4 2 16841
94270 4 1 16972
94272 4 19 17028
94274 4 10 16581
94276 4 14 16726
94280 4 15 16607
94300 4 1 16648
94312 4 14 16954
94314 4 15 16955
94316 4 19 16956
94318 4 21 16957
94320 4 21 17281
94322 4 23 16803
94330 4 5 16639
94372 4 5 17011
94374 4 22 17150
94394 4 22 17402
94396 4 23 17403
94398 4 1 17404
94400 4 2 17405
94410 4 2 17369
94414 4 2 16409
94416 4 14 16594
94422 4 10 17109
94438 4 23 16839
94442 4 14 16990
94444 4 15 16991
94446 4 19 16992
94450 4 14 17062
94452 4 14 16570
94454 4 15 16571
94456 4 19 16572
94458 4 21 16573
94460 4 19 16668
94462 4 21 16669
94464 4 22 16670
94466 4 23 16671
94468 4 2 16877
94470 4 9 17036
94472 4 22 16658
94474 4 3 16818
94476 4 9 16820
94478 4 10 16821
94480 4 22 16898
94482 4 5 17035
94484 4 15 17255
94486 4 21 17257
94488 4 22 17258
94490 4 22 17306
94492 4 2 17393
94494 4 3 17394
94496 4 5 17395
94498 4 9 17396
94510 4 15 16523
94520 4 2 16517
94536 4 23 17043
94538 4 1 17044
94540 4 2 17045
94544 4 15 17183
94546 4 22 17186
94548 4 19 17220
94550 4 15 17387
94556 4 14 16402
94558 4 15 16403
94560 4 19 16404
94562 4 3 16638
94564 4 9 16832
94566 4 9 16460
94568 4 15 16463
94572 4 2 16637
94574 4 21 16861
94584 4 15 16655
94586 4 9 16532
94588 4 22 16538
94590 4 23 16683
94592 4 21 16837
94594 4 19 16944
94596 4 3 17250
94598 4 5 17251
94600 4 9 17252
94602 4 10 17253
94604 4 21 17377
94630 4 5 16735
94632 4 9 16736
94634 4 14 16738
94636 4 22 16754
94638 4 3 16842
94640 4 21 17125
94642 4 3 17130
94644 4 3 17274
94646 4 1 17332
94652 4 3 16518
94656 4 1 16672
94658 4 22 16682
94662 4 2 16793
94664 4 21 16849
94688 4 2 17285
94690 4 10 17337
94694 4 19 17328
94704 4 10 16701
94708 4 5 16975
94720 4 10 16533
94726 4 3 16650
94730 4 10 16593
94738 4 14 16750
94740 4 15 16751
94742 4 19 16752
94744 4 21 16753
94746 4 23 16827
94748 4 19 16848
94750 4 10 17193
94752 4 2 17333
94754 4 5 17335
94756 4 10 17373
94758 4 14 17374
94760 4 15 17375
94762 4 19 17376
94786 4 19 16608
94792 4 5 16675
94794 4 15 16787
94796 4 1 16804
94798 4 2 16805
94800 4 2 16817
94830 4 22 16814
94838 4 14 17386
94844 4 5 16411
94848 4 15 16415
94850 4 1 16756
94852 4 19 16416
94854 4 21 16417
94858 4 23 16419
94860 4 23 16755
94868 4 5 16423
94870 4 3 16758
94872 4 9 16424
94874 4 10 16425
94876 4 14 16426
94878 4 15 16427
94880 4 5 16759
94886 4 22 16430
94888 4 23 16431
94890 4 9 16760
94896 4 3 16434
94898 4 5 16435
94900 4 10 16761
94908 4 15 16439
94910 4 14 16762
94914 4 21 16441
94918 4 23 16443
94920 4 15 16763
94924 4 10 16449
94930 4 1 16768
94936 4 22 16454
94940 4 2 16769
94944 4 2 16457
94948 4 5 16459
94950 4 3 16770
94954 4 10 16461
94956 4 14 16462
94960 4 5 16771
94962 4 19 16464
94964 4 21 16465
94966 4 22 16466
94968 4 23 16467
94970 4 9 16472
94972 4 1 16468
94974 4 2 16469
94976 4 3 16470
94978 4 5 16471
94980 4 9 16772
94988 4 10 16473
94992 4 23 16479
94994 4 2 16481
94996 4 10 16773
94998 4 19 17172
95004 4 19 16476
95006 4 21 16477
95008 4 14 16774
95018 4 15 16775
95024 4 9 16484
95026 4 10 16485
95028 4 19 16776
95030 4 10 16881
95032 4 15 16883
95034 4 9 17288
95036 4 1 17308
95038 4 3 17370
95040 4 5 16543
95042 4 9 16544
95044 4 10 16545
95046 4 14 16546
95048 4 19 16812
95052 4 15 16487
95054 4 19 16488
95058 4 21 16777
95060 4 22 16490
95062 4 23 16491
95064 4 1 16492
95066 4 2 16493
95068 4 22 16778
95072 4 1 16504
95074 4 2 16505
95078 4 3 16782
95082 4 5 16495
95086 4 10 16497
95088 4 1 16780
95096 4 3 17046
95108 4 15 16499
95112 4 21 16501
95114 4 2 16781
95116 4 23 16527
95118 4 1 16528
95120 4 2 16529
95122 4 3 16530
95124 4 21 16801
95130 4 15 16511
95132 4 19 16512
95134 4 3 16794
95136 4 5 16579
95138 4 9 16616
95142 4 9 16784
95146 4 14 16786
95148 4 2 16961
95150 4 3 17226
95152 4 5 17359
95154 4 9 17360
95156 4 10 17361
95158 4 14 17362
95178 4 15 17267
95180 4 19 17268
95182 4 21 17269
95184 4 9 17324
95186 4 10 17325
95188 4 14 17326
95190 4 15 17327
95192 4 2 16541
95194 4 3 16662
95196 4 9 16664
95198 4 3 16962
95200 4 5 16963
95220 4 21 16525
95224 4 15 16799
95226 4 19 17364
95228 4 21 17365
95230 4 22 17366
95232 4 23 17367
95234 4 14 17398
95238 4 22 17354
95240 4 23 17355
95244 4 15 16583
95246 4 19 16584
95248 4 21 16585
95250 4 22 16586
95254 4 14 16534
95256 4 15 16535
95260 4 22 16802
95262 4 14 16930
95272 4 23 16587
95274 4 23 16899
95276 4 5 16795
95278 4 9 16796
95280 4 9 16844
95282 4 10 16845
95284 4 14 17254
95286 4 3 16602
95288 4 21 16657
95290 4 3 16542
95302 4 5 16807
95304 4 10 16809
95306 4 14 16810
95310 4 5 16879
95312 4 1 16996
95314 4 3 17034
95316 4 21 17329
95318 4 23 17379
95320 4 1 17380
95322 4 3 17382
95336 4 1 16576
95342 4 15 16931
95346 4 23 16575
95354 4 19 16620
95356 4 21 16621
95362 4 1 16600
95374 4 2 16673
95384 4 2 17381
95394 4 15 16547
95396 4 1 16612
95398 4 2 16613
95400 4 5 16615
95402 4 14 16654
95410 4 23 16875
95412 4 22 16886
95414 4 23 16887
95416 4 1 16888
95418 4 22 17006
95424 4 5 17371
95426 4 22 17378
95442 4 3 16746
95444 4 9 16856
95446 4 10 17037
95448 4 23 17343
95450 4 22 16982
95454 4 3 16986
95458 4 10 16989
95460 4 10 17061
95462 4 1 17152
95464 4 2 17153
95472 4 5 16507
95474 4 23 17007
95476 4 1 17008
95478 4 2 17009
95480 4 3 17010
95482 4 9 17372
95484 4 21 17161
95486 4 22 17162
95488 4 23 17163
95490 4 5 17215
95498 4 5 16891
95508 4 10 16737
95512 4 14 17014
95524 4 14 16906
95526 4 19 16908
95528 4 9 16400
95530 4 9 16928
95532 4 23 16395
95534 4 23 16923
95536 4 21 16393
95538 4 22 16922
95540 4 15 16391
95542 4 19 16920
95546 4 3 16914
95548 4 1 16384
95550 4 1 16912
95552 4 23 16911
95554 4 2 16385
95556 4 2 16913
95558 4 10 16389
95560 4 14 16918
95564 4 15 16919
95566 4 19 16392
95570 4 2 16397
95572 4 2 16925
95574 4 3 16398
95576 4 3 16926
95578 4 5 16399
95580 4 5 16927
95582 4 10 16401
95584 4 10 16929
95592 4 22 16550
95594 4 1 16852
95596 4 14 16678
95598 4 15 16679
95600 4 21 16681
95602 4 10 17241
95606 4 21 16465
95610 4 21 16561
95612 4 22 16562
95626 4 1 16564
95628 4 23 16863
95632 4 1 16396
95634 4 15 16907
95642 4 5 17407
95644 4 15 15547
95646 4 22 15838
95648 4 15 16243
95650 4 19 16244
95652 4 21 16245
95654 4 22 16246
95658 4 2 15589
95660 4 22 15694
95662 4 23 15371
95664 4 19 16208
95666 4 21 16209
95668 4 22 16210
95670 4 23 16211
95672 4 3 15638
95674 4 19 15716
95676 4 10 15725
95678 4 5 16359
95680 4 9 16360
95682 4 10 16361
95684 4 14 16362
95686 4 23 16379
95688 4 1 16380
95690 4 2 16381
95692 4 3 16382
95700 4 5 16191
95702 4 9 16192
95704 4 10 16193
95706 4 14 16194
95708 4 14 15642
95710 4 2 15685
95712 4 9 16048
95714 4 10 15401
95716 4 1 15408
95718 4 5 15423
95720 4 15 15703
95722 4 21 15705
95724 4 22 15706
95726 4 21 15753
95728 4 21 16041
95730 4 21 16113
95732 4 1 16116
95734 4 3 16154
95736 4 14 16170
95738 4 14 16242
95756 4 22 15586
95758 4 3 16346
95760 4 5 16347
95762 4 10 16349
95764 4 5 15627
95766 4 3 15554
95768 4 2 16369
95770 4 3 16370
95772 4 5 16371
95774 4 9 16372
95776 4 15 16375
95778 4 3 15374
95780 4 5 15387
95782 4 9 15388
95784 4 10 15389
95786 4 14 15390
95788 4 22 15406
95790 4 15 15787
95792 4 21 15789
95794 4 2 15805
95798 4 22 16114
95800 4 23 16115
95802 4 19 16160
95806 4 15 16255
95808 4 19 16256
95810 4 21 16257
95812 4 22 16258
95842 4 5 15399
95844 4 23 16247
95846 4 1 16248
95848 4 2 16249
95850 4 3 16250
95856 4 9 15364
95858 4 9 15376
95860 4 9 15712
95862 4 10 15713
95864 4 15 15715
95866 4 15 15799
95868 4 15 15991
95870 4 2 16117
95872 4 2 16189
95884 4 21 15393
95886 4 9 16108
95888 4 10 16109
95890 4 5 15723
95912 4 2 15709
95914 4 2 16033
95916 4 3 16034
95918 4 5 16035
95920 4 9 16036
95922 4 9 16336
95924 4 1 15636
95926 4 3 15782
95928 4 1 15996
95930 4 3 15650
95932 4 21 16197
95934 4 23 16199
95936 4 1 16200
95938 4 22 16222
95940 4 23 16223
95942 4 1 16224
95944 4 2 16225
95946 4 19 16340
95948 4 23 16343
95966 4 10 15413
95968 4 23 15683
95972 4 1 15420
95974 4 14 15654
95976 4 5 15783
95978 4 1 16128
95986 4 23 15635
95988 4 10 16241
95994 4 14 15714
95996 4 1 15720
95998 4 3 16046
96042 4 22 15430
96044 4 10 15545
96046 4 14 15546
96048 4 21 15717
96050 4 14 15690
96052 4 10 15785
96054 4 23 16139
96056 4 3 15590
96058 4 9 15592
96060 4 10 15593
96062 4 22 15754
96064 4 19 16232
96066 4 23 16235
96068 4 21 15633
96072 4 9 16228
96074 4 14 16230
96076 4 15 16231
96082 4 23 15587
96084 4 21 15681
96086 4 2 15997
96088 4 10 16097
96090 4 15 16099
96092 4 19 16100
96094 4 22 16138
96096 4 1 16152
96098 4 3 16202
96100 4 5 16203
96104 4 14 16350
96132 4 10 15689
96134 4 3 15698
96136 4 5 15699
96138 4 9 15700
96140 4 9 15808
96146 4 10 15629
96148 4 3 15686
96150 4 10 16181
96152 4 14 16182
96154 4 15 16183
96156 4 2 16201
96170 4 23 15695
96176 4 2 15853
96184 4 21 16053
96192 4 1 15708
96198 4 10 16229
96220 4 10 15701
96232 4 2 16141
96234 4 5 16143
96236 4 3 16226
96238 4 5 16227
96240 4 15 15403
96242 4 2 15433
96244 4 9 15436
96246 4 10 15437
96248 4 14 15438
96250 4 19 15740
96252 4 19 15752
96254 4 1 15756
96256 4 10 15761
96278 4 10 15365
96280 4 1 16056
96282 4 2 16057
96284 4 3 16058
96286 4 5 16059
96288 4 14 15378
96290 4 5 15855
96292 4 9 15856
96294 4 14 15858
96304 4 21 16137
96308 4 2 15697
96310 4 23 16151
96314 4 22 15394
96316 4 23 15395
96320 4 5 15591
96324 4 23 15767
96326 4 2 15769
96328 4 19 15992
96330 4 21 15993
96332 4 22 15994
96334 4 23 15995
96336 4 14 16158
96338 4 19 16196
96340 4 1 16332
96362 4 19 15704
96364 4 10 15965
96370 4 14 16110
96372 4 15 16111
96374 4 14 15426
96376 4 15 15427
96378 4 1 15432
96380 4 1 15792
96382 4 21 15801
96386 4 14 15726
96388 4 19 16040
96390 4 15 15379
96392 4 19 15380
96394 4 21 15381
96396 4 22 15382
96398 4 9 15400
96400 4 3 15722
96402 4 2 15745
96404 4 3 15770
96406 4 21 15777
96412 4 10 15857
96416 4 23 16163
96460 4 9 16096
96462 4 3 15626
96464 4 15 16327
96466 4 19 16328
96468 4 21 16329
96470 4 22 16330
96472 4 5 15411
96474 4 5 15747
96476 4 2 16177
96478 4 3 16178
96480 4 5 16179
96482 4 9 16180
96484 4 21 16185
96486 4 23 16187
96488 4 1 16188
96506 4 22 16042
96508 4 5 16119
96510 4 9 16120
96512 4 10 16121
96514 4 14 16122
96516 4 9 16060
96518 4 10 16061
96520 4 14 16062
96522 4 15 16063
96524 4 23 16259
96526 4 1 15444
96528 4 5 15759
96530 4 9 15760
96532 4 1 16236
96534 4 3 16238
96536 4 5 16239
96544 4 22 15790
96548 4 22 15634
96550 4 1 15384
96562 4 9 15976
96580 4 2 15409
96582 4 1 15816
96584 4 19 15860
96586 4 5 16263
96590 4 9 15832
96598 4 9 15412
96600 4 23 15743
96602 4 10 15833
96604 4 19 16268
96610 4 1 15624
96634 4 19 15692
96642 4 23 15803
96644 4 19 16172
96646 4 21 16173
96648 4 22 16174
96650 4 23 16175
96652 4 23 15407
96654 4 2 15553
96656 4 3 16190
96658 4 22 15418
96660 4 21 15837
96662 4 1 15852
96664 4 3 16334
96666 4 21 15549
96668 4 22 15550
96670 4 1 15552
96672 4 15 15763
96682 4 21 15645
96690 4 22 15982
96692 4 10 16157
96720 4 1 15804
96722 4 23 15983
96724 4 2 15985
96726 4 3 15986
96728 4 19 15548
96730 4 9 15640
96732 4 5 15807
96734 4 23 15827
96736 4 14 16026
96738 4 19 16028
96740 4 21 16029
96742 4 14 16206
96762 4 10 15641
96766 4 14 16086
96768 4 15 16087
96770 4 19 16088
96772 4 21 16089
96774 4 22 16354
96776 4 23 16355
96778 4 2 16357
96780 4 10 15845
96784 4 1 15984
96790 4 21 15369
96792 4 5 15435
96800 4 10 16337
96804 4 10 15425
96806 4 21 16161
96820 4 3 15410
96822 4 19 15632
96826 4 22 16102
96850 4 2 16129
96852 4 22 16150
96854 4 3 15362
96866 4 23 15623
96870 4 23 15755
96876 4 15 15775
96900 4 15 15367
96906 4 9 16348
96912 4 15 15643
96916 4 21 15849
96922 4 15 16171
96946 4 2 16165
96948 4 3 16166
96950 4 5 16167
96952 4 9 16168
96954 4 2 15865
96956 4 3 15866
96958 4 5 15867
96960 4 9 15868
96962 4 5 15999
96974 4 15 15967
96976 4 19 15968
96978 4 21 15969
96980 4 22 15970
96982 4 1 16032
96988 4 15 15391
96996 4 15 16207
97000 4 21 16233
97002 4 22 16234
97006 4 21 16365
97008 4 22 16366
97010 4 1 16368
97022 4 15 16027
97040 4 22 16198
97052 4 3 16082
97054 4 5 16083
97056 4 9 16084
97058 4 10 16085
97060 4 14 16146
97062 4 15 16147
97064 4 19 16148
97066 4 21 16149
97076 4 19 15404
97080 4 15 15739
97082 4 2 15793
97084 4 3 15794
97086 4 5 15795
97088 4 22 16078
97092 4 14 16098
97094 4 21 16101
97098 4 15 16219
97100 4 19 16364
97102 4 14 16374
97136 4 19 15644
97148 4 22 16162
97174 4 23 15551
97178 4 1 15744
97194 4 15 15439
97200 4 22 15850
97202 4 3 16118
97222 4 2 15733
97224 4 3 15734
97226 4 5 15735
97228 4 9 15736
97230 4 22 15778
97232 4 23 15779
97234 4 1 15780
97236 4 2 15781
97248 4 22 15646
97250 4 19 15680
97252 4 1 15840
97254 4 2 15841
97256 4 3 15842
97258 4 21 15921
97260 4 23 15923
97262 4 10 15929
97264 4 14 15930
97266 4 19 15932
97268 4 1 16044
97272 4 22 16186
97274 4 21 16221
97276 4 10 16373
97310 4 21 15429
97316 4 10 16037
97318 4 14 15402
97322 4 15 15631
97324 4 1 15768
97332 4 22 16054
97336 4 1 16356
97344 4 23 16367
97378 4 2 15421
97382 4 14 15702
97400 4 3 16214
97402 4 5 16215
97404 4 9 16216
97406 4 10 16217
97414 4 2 15757
97448 4 9 15652
97450 4 10 15653
97486 4 15 15655
97506 4 21 15657
97518 4 19 15656
97526 4 23 15659
97538 4 22 15658
97544 4 2 15661
97546 4 14 15786
97558 4 1 15660
97560 4 3 15662
97562 4 9 15988
97576 4 9 15664
97578 4 21 15765
97592 4 5 15663
97594 4 10 15665
97596 4 21 15741
97624 4 14 15666
97626 4 9 15748
97642 4 15 15667
97646 4 15 15751
97660 4 19 15668
97664 4 3 15758
97678 4 21 15669
97680 4 10 15749
97694 4 22 15586
97700 4 2 15721
97742 4 22 15670
97746 4 22 15766
97760 4 23 15671
97762 4 1 15732
97778 4 1 15672
97782 4 23 15791
97796 4 2 15673
97798 4 23 15719
97812 4 14 15810
97814 4 15 15811
97816 4 10 15905
97818 4 14 15906
97820 4 2 15913
97822 4 3 15914
97824 4 9 15916
97826 4 15 16051
97828 4 21 16065
97836 4 21 16269
97856 4 3 15806
97858 4 19 15824
97860 4 21 15933
97862 4 23 15935
97864 4 2 15937
97866 4 5 15939
97868 4 9 15940
97870 4 19 16052
97872 4 5 16071
97880 4 19 16220
97882 4 19 16376
97904 4 5 15675
97908 4 22 15802
97922 4 3 15674
97924 4 5 15711
97940 4 9 15676
97944 4 9 15724
97958 4 14 15678
97960 4 14 15798
97974 4 23 16103
97976 4 1 16104
97978 4 2 16105
97980 4 3 16106
97984 4 15 15679
97988 4 15 15727
98000 4 5 15639
98002 4 1 16236
98006 4 5 16239
98010 4 22 15682
98012 4 10 15797
98028 4 1 15684
98032 4 14 15738
98046 4 15 15691
98050 4 19 15800
98056 4 1 16344
98076 4 21 16113
98078 4 1 16116
98084 4 9 15688
98088 4 3 15746
98092 4 21 16341
98128 4 23 15731
98140 4 10 16241
98174 4 5 15375
98182 4 19 15848
98184 4 10 15917
98186 4 15 15919
98192 4 1 15924
98202 4 10 16049
98244 4 15 16063
98246 4 2 16081
98250 4 1 15360
98252 4 22 15370
98254 4 5 15651
98256 4 15 15847
98264 4 21 15957
98266 4 23 15959
98268 4 2 15961
98270 4 3 15962
98272 4 9 15964
98274 4 14 16050
98276 4 1 16080
98282 4 1 16212
98284 4 22 16378
98322 4 19 16172
98350 4 22 16342
98376 4 14 15762
98378 4 2 16033
98380 4 3 16034
98382 4 5 16035
98384 4 14 16038
98386 4 15 16039
98388 4 21 16161
98390 4 15 16195
98458 4 2 15589
98462 4 2 16237
98472 4 21 15849
98516 4 2 16369
98518 4 5 16371
98520 4 9 16372
98526 4 9 15784
98532 4 5 16107
98540 4 10 16169
98542 4 1 16260
98570 4 5 15363
98572 4 2 15625
98574 4 1 15696
98576 4 14 15750
98578 4 9 15844
98580 4 21 15861
98582 4 23 15863
98584 4 19 16124
98586 4 21 16125
98588 4 22 16126
98600 4 9 16240
98602 4 15 16339
98604 4 21 16377
98646 4 3 15386
98648 4 10 15677
98650 4 23 15851
98652 4 2 15889
98654 4 3 15890
98656 4 10 15893
98658 4 15 15895
98660 4 19 15896
98662 4 19 16076
98668 4 2 16345
98670 4 15 16363
98696 4 5 15795
98698 4 9 15796
98700 4 3 15422
98704 4 19 15764
98714 4 21 15981
98716 4 5 15399
98718 4 21 15585
98736 4 1 16164
98738 4 10 16205
98742 4 2 16249
98744 4 3 16250
98802 4 21 15693
98846 4 5 15687
98854 4 23 15707
98860 4 19 15788
98864 4 2 15805
98866 4 22 16090
98868 4 1 16140
98872 4 3 16142
98874 4 9 16144
98878 4 14 16170
98948 4 3 15650
98954 4 10 16145
98994 4 2 15373
98998 4 23 15407
99006 4 19 16040
99008 4 2 16117
99070 4 1 15648
99074 4 21 15801
99078 4 22 16042
99080 4 23 16331
99100 4 9 15400
99102 4 14 15630
99104 4 3 15722
99108 4 9 16132
99110 4 15 16135
99124 4 22 15394
99126 4 1 15396
99128 4 2 15397
99134 4 15 15859
99136 4 23 16043
99138 4 9 16252
99178 4 21 15657
99184 4 1 16152
99200 4 15 16327
99236 4 1 15780
99238 4 23 16055
99240 4 23 16079
99250 4 19 16136
99258 4 1 16356
99290 4 23 15383
99300 4 3 15710
99316 4 10 16181
99322 4 3 16226
99360 4 9 15424
99366 4 2 16093
99388 4 10 15413
99394 4 21 15993
99396 4 14 16254
99426 4 10 15389
99428 4 22 15406
99430 4 15 16255
99432 4 19 16256
99434 4 21 16257
99440 4 5 15771
99442 4 9 15772
99452 4 19 16352
99454 4 21 16353
99464 4 10 16253
99470 4 19 15776
99482 4 9 16180
99488 4 1 16188
99502 4 23 15395
99506 4 10 15737
99542 4 2 15745
99544 4 22 15742
99546 4 23 15743
99548 4 22 15826
99550 4 9 16072
99552 4 10 16073
99554 4 15 16159
99556 4 15 16267
99572 4 9 15412
99618 4 3 15398
99620 4 14 15414
99622 4 15 15415
99624 4 19 15416
99626 4 14 15642
99628 4 2 15649
99632 4 19 15728
99634 4 21 15729
99636 4 22 15730
99638 4 5 16047
99640 4 9 16048
99646 4 2 16213
99694 4 14 15402
99704 4 23 16367
99706 4 22 15982
99708 4 3 16346
99724 4 5 15807
99730 4 21 15789
99738 4 15 16183
99740 4 19 16184
99752 4 2 15385
99766 4 22 15994
99768 4 19 16112
99814 4 22 16162
99828 4 10 15797
99838 4 19 15392
99842 4 19 16208
99846 4 22 16210
99848 4 23 16211
99862 4 10 15593
99864 4 23 15767
99878 4 10 15665
99904 4 23 15671
99934 4 15 15667
99940 4 19 15668
99952 4 21 15669
99962 4 10 15929
99964 4 19 15932
99966 4 21 15933
99970 4 1 15936
100006 4 10 15809
100008 4 1 15828
100010 4 2 15925
100012 4 3 15926
100014 4 2 15949
100016 4 5 15951
100018 4 9 15952
100020 4 19 16064
100022 4 15 16075
100024 4 22 16270
100062 4 9 15928
100064 4 15 16051
100068 4 21 16065
100070 4 14 16266
100100 4 10 15905
100102 4 14 15906
100122 4 19 15908
100132 4 21 16245
100158 4 21 15813
100160 4 23 15815
100162 4 21 15873
100164 4 22 15874
100166 4 10 15881
100168 4 14 15882
100170 4 19 15884
100172 4 22 16066
100174 4 5 16095
100176 4 2 16261
100204 4 2 15817
100206 4 10 15869
100208 4 19 15872
100214 4 1 15876
100218 4 23 16067
100220 4 3 16262
100222 4 5 16383
100252 4 3 15818
100256 4 15 15871
100260 4 2 15877
100262 4 9 15880
100266 4 1 16068
100268 4 5 16263
100298 4 5 15819
100300 4 9 15820
100302 4 21 15897
100304 4 1 15900
100306 4 2 15901
100308 4 3 15902
100310 4 9 15904
100312 4 2 16069
100314 4 3 16070
100316 4 9 16264
100344 4 14 15822
100350 4 21 15909
100352 4 23 15911
100354 4 1 15912
100358 4 23 16091
100360 4 10 16265
100392 4 2 15937
100396 4 9 15940
100402 4 21 15825
100408 4 10 15941
100410 4 14 15942
100412 4 19 15944
100414 4 19 16052
100416 4 5 16071
100448 4 21 15945
100450 4 23 15947
100452 4 1 15948
100486 4 2 15829
100492 4 10 15953
100494 4 14 15954
100496 4 19 15956
100544 4 2 15361
100548 4 19 15836
100554 4 23 15971
100556 4 1 15972
100558 4 3 15974
100562 4 21 16077
100564 4 1 16272
100596 4 21 15921
100598 4 23 15923
100602 4 14 15930
100606 4 10 16373
100614 4 14 15366
100618 4 23 15839
100622 4 5 15879
100626 4 21 15885
100628 4 1 15888
100630 4 23 15983
100632 4 3 15986
100634 4 2 16045
100638 4 3 16094
100640 4 5 16251
100686 4 5 16371
100690 4 15 16375
100692 4 23 16379
100694 4 1 16380
100696 4 2 16381
100698 4 3 16382
100702 4 19 15368
100706 4 14 15846
100712 4 10 15977
100714 4 15 15979
100716 4 19 15980
100720 4 1 16092
100722 4 3 16334
100762 4 9 15844
100764 4 21 15861
100766 4 23 15863
100768 4 1 15864
100772 4 9 15964
100778 4 5 16167
100790 4 22 16378
100834 4 2 15541
100836 4 3 15542
100838 4 19 15584
100840 4 21 15621
100846 4 14 15978
100848 4 23 16031
100852 4 10 16133
100856 4 2 16333
100886 4 19 15440
100888 4 23 15443
100892 4 5 15555
100894 4 1 15588
100896 4 2 15637
100900 4 22 15862
100902 4 3 15998
100906 4 21 16125
100908 4 23 16127
100910 4 23 16271
100946 4 1 16116
100950 4 1 15672
100956 4 5 15375
100962 4 15 15919
100968 4 1 15924
100976 4 15 15847
100982 4 21 15957
100986 4 1 15960
101014 4 5 15423
101016 4 15 15703
101040 4 9 15988
101044 4 9 16060
101046 4 10 16061
101048 4 14 16062
101050 4 15 16171
101054 4 23 15851
101080 4 3 15962
101088 4 3 15854
101092 4 22 15898
101102 4 14 16074
101106 4 1 16284
101108 4 2 16285
101110 4 14 16326
101142 4 10 15365
101146 4 19 15692
101148 4 5 15723
101186 4 21 16341
101206 4 19 15920
101208 4 15 15967
101210 4 19 15968
101212 4 10 16049
101250 4 21 15381
101252 4 9 15628
101264 4 15 16123
101266 4 3 16130
101270 4 14 16134
101274 4 15 16351
101340 4 22 15682
101342 4 10 15797
101362 4 14 15678
101382 4 22 15886
101436 4 2 15625
101448 4 22 16126
101466 4 3 16370
101472 4 9 15664
101484 4 22 15658
101486 4 14 15990
101506 4 22 15706
101508 4 21 16041
101510 4 14 16170
101514 4 21 15813
101526 4 9 15892
101528 4 19 16076
101532 4 14 16338
101562 4 3 15410
101566 4 19 15632
101568 4 2 15997
101572 4 3 16202
101574 4 5 16203
101630 4 10 15989
101634 4 3 15374
101640 4 2 15805
101646 4 19 16160
101652 4 15 15799
101654 4 10 15845
101672 4 19 15812
101682 4 2 16261
101706 4 22 15814
101738 4 1 15816
101770 4 10 15821
101772 4 15 15823
101808 4 22 15970
101810 4 1 16032
101840 4 23 16199
101846 4 21 15777
101848 4 5 15855
101850 4 9 15856
101852 4 10 15857
101854 4 14 15858
101858 4 15 15427
101860 4 1 15792
101862 4 10 16037
101866 4 15 16087
101868 4 21 16089
101870 4 5 16155
101874 4 3 15830
101876 4 14 15834
101908 4 5 15831
101916 4 10 16217
101950 4 9 15832
101994 4 2 15865
101996 4 5 15867
101998 4 9 15868
102000 4 5 15999
102002 4 14 16050
102030 4 21 15837
102058 4 1 15804
102072 4 19 15776
102076 4 22 15418
102082 4 1 15852
102116 4 14 15966
102126 4 3 15866
102132 4 21 15969
102142 4 9 16216
102148 4 5 16359
102152 4 10 16361
102154 4 14 16362
102168 4 1 15372
102170 4 9 16156
102176 4 9 16348
102202 4 21 16053
102204 4 1 16152
102206 4 2 15757
102216 4 19 15860
102248 4 15 16015
102276 4 21 15393
102282 4 2 15769
102284 4 14 16158
102286 4 14 15762
102288 4 2 16033
102290 4 3 16034
102294 4 15 16195
102296 4 1 15840
102298 4 3 15842
102300 4 5 15843
102310 4 2 15409
102386 4 23 16055
102388 4 2 16129
102392 4 19 16088
102398 4 22 16354
102434 4 19 15656
102438 4 1 15660
102452 4 3 15662
102460 4 15 15739
102462 4 15 16219
102466 4 19 15428
102468 4 21 15429
102470 4 5 15627
102472 4 23 15647
102474 4 10 15689
102476 4 5 15975
102500 4 10 15377
102502 4 23 15407
102504 4 3 15434
102506 4 2 15553
102508 4 22 15694
102512 4 9 15772
102514 4 14 15774
102518 4 23 16103
102522 4 3 16190
102524 4 10 16205
102526 4 14 16218
102528 4 19 16352
102558 4 19 16232
102560 4 21 16233
102562 4 22 16234
102564 4 23 16235
102568 4 1 15420
102570 4 21 15681
102576 4 10 16097
102578 4 14 16098
102582 4 22 16138
102588 4 14 16374
102636 4 9 15712
102638 4 10 15713
102640 4 15 15715
102642 4 2 16189
102648 4 1 16128
102650 4 15 15391
102658 4 1 16368
102660 4 14 15402
102662 4 23 15419
102664 4 21 15549
102666 4 1 15552
102668 4 1 15744
102670 4 15 15763
102672 4 1 15768
102674 4 22 15778
102676 4 23 15779
102678 4 2 15781
102680 4 23 15803
102682 4 22 16054
102684 4 19 16172
102686 4 21 16173
102688 4 22 16174
102690 4 9 16204
102756 4 15 15991
102758 4 2 16117
102760 4 21 15405
102762 4 22 15622
102766 4 1 15696
102768 4 14 15750
102770 4 1 15996
102776 4 5 16131
102780 4 23 16223
102782 4 1 16224
102818 4 19 15380
102828 4 1 16056
102830 4 2 16057
102832 4 5 16059
102836 4 15 16123
102840 4 23 16163
102870 4 9 15640
102914 4 22 16246
102944 4 1 16200
102946 4 23 15431
102948 4 22 15586
102950 4 3 15626
102952 4 2 15697
102956 4 22 15718
102958 4 2 15721
102960 4 23 16151
102984 4 10 15677
102998 4 10 15545
103000 4 14 15546
103004 4 21 15717
103012 4 2 16357
103050 4 2 15985
103078 4 23 15587
103088 4 10 16241
103120 4 9 15652
103122 4 15 15655
103126 4 21 15657
103130 4 23 15659
103142 4 10 15665
103144 4 14 15666
103150 4 21 15669
103158 4 23 16175
103160 4 15 16207
103176 4 5 15675
103178 4 3 15674
103180 4 23 15371
103188 4 9 15676
103196 4 10 15425
103200 4 2 15709
103206 4 9 16036
103208 4 21 16161
103212 4 9 16228
103214 4 15 16231
103216 4 9 16336
103256 4 3 16106
103262 4 15 16039
103268 4 2 16105
103302 4 22 16090
103304 4 1 16140
103308 4 3 15698
103310 4 5 15699
103314 4 9 15808
103316 4 1 16176
103318 4 1 15684
103320 4 10 15629
103324 4 10 16181
103326 4 14 16182
103328 4 2 16201
103346 4 19 16100
103348 4 19 16364
103354 4 15 16111
103356 4 14 15642
103358 4 2 15649
103360 4 2 15685
103366 4 5 15759
103368 4 9 15760
103370 4 5 16047
103372 4 9 16048
103376 4 1 16236
103378 4 3 16238
103414 4 1 16344
103420 4 10 16133
103424 4 9 15688
103478 4 22 15730
103486 4 10 15773
103492 4 2 16153
103500 4 21 16353
103550 4 1 15636
103552 4 2 15853
103556 4 5 16119
103558 4 9 16120
103560 4 10 16121
103570 4 3 16358
103600 4 10 15725
103602 4 23 16379
103604 4 1 16380
103612 4 14 15714
103616 4 10 16157
103622 4 1 15384
103626 4 14 16038
103636 4 19 15896
103640 4 14 15654
103642 4 5 15783
103658 4 21 15921
103664 4 10 16373
103668 4 21 15933
103672 4 1 15936
103678 4 2 15949
103680 4 5 15951
103682 4 9 15952
103686 4 2 15925
103688 4 3 15926
103694 4 2 15913
103696 4 3 15914
103698 4 9 15916
103702 4 10 15905
103704 4 14 15906
103706 4 19 15908
103714 4 19 15884
103718 4 21 15873
103726 4 10 15869
103730 4 19 15872
103736 4 2 15877
103746 4 22 15898
103748 4 1 15900
103752 4 2 15901
103754 4 3 15902
103756 4 9 15904
103762 4 23 15911
103766 4 19 15824
103768 4 2 15937
103776 4 10 15941
103778 4 14 15942
103780 4 19 15944
103784 4 21 15945
103786 4 23 15947
103788 4 1 15948
103800 4 19 15392
103804 4 3 16118
103806 4 5 15747
103808 4 5 15411
103810 4 19 15680
103816 4 19 15932
103824 4 1 26708
103826 4 9 26736
103828 4 14 26738
103830 4 19 27088
103832 4 14 27170
103834 4 3 27298
103836 4 9 27324
103838 4 15 27603
103840 4 21 27605
103842 4 22 27606
103844 4 15 26643
103848 4 2 26829
103852 4 15 27171
103854 4 19 27172
103858 4 9 27588
103860 4 10 27589
103862 4 15 27591
103864 4 1 26732
103866 4 2 26745
103868 4 2 26949
103870 4 10 27001
103872 4 14 27002
103874 4 2 27117
103876 4 21 27137
103878 4 15 27495
103880 4 19 27496
103882 4 22 27498
103884 4 22 27510
103934 4 21 26657
103936 4 22 26862
103938 4 23 26863
103940 4 14 27014
103942 4 15 27303
103944 4 19 27304
103946 4 23 27367
103948 4 15 27579
103992 4 9 26784
103994 4 22 26790
103996 4 2 26925
103998 4 19 27016
104000 4 21 27149
104002 4 9 27504
104004 4 10 27505
104006 4 9 27516
104008 4 2 26757
104010 4 9 26844
104012 4 5 26855
104014 4 21 27017
104016 4 9 27168
104018 4 21 27353
104020 4 23 27355
104022 4 2 27357
104024 4 22 27438
104026 4 1 27440
104028 4 2 27441
104030 4 1 26696
104032 4 14 26714
104036 4 9 26880
104038 4 1 27212
104040 4 2 27213
104042 4 5 27215
104044 4 9 27228
104048 4 22 27354
104052 4 23 27499
104054 4 5 26747
104056 4 19 27280
104058 4 21 27281
104060 4 22 27318
104062 4 23 27319
104064 4 2 27321
104066 4 15 27351
104068 4 14 27398
104070 4 15 27399
104072 4 21 27401
104074 4 23 26983
104076 4 1 26984
104078 4 14 27314
104080 4 15 27315
104082 4 19 27316
104084 4 14 27362
104086 4 15 27363
104088 4 21 27365
104094 4 15 27471
104096 4 15 26679
104098 4 19 26776
104100 4 22 26922
104102 4 21 26993
104104 4 10 27061
104106 4 15 27183
104108 4 19 27184
104110 4 9 27372
104112 4 9 27480
104114 4 14 27482
104116 4 19 27592
104128 4 15 27459
104130 4 21 27461
104132 4 1 27464
104138 4 23 26647
104142 4 15 26715
104144 4 14 27050
104146 4 19 27052
104148 4 23 27079
104150 4 1 27080
104152 4 2 27081
104154 4 22 27162
104156 4 23 27163
104162 4 22 27330
104164 4 19 27340
104166 4 1 27344
104168 4 19 27412
104226 4 19 26656
104228 4 5 27155
104230 4 9 27156
104232 4 14 27158
104234 4 21 27581
104236 4 22 27582
104238 4 1 27584
104240 4 2 26661
104242 4 19 26788
104244 4 2 27129
104246 4 9 27132
104248 4 14 27266
104250 4 15 27267
104252 4 21 27269
104254 4 23 27511
104256 4 2 27513
104258 4 3 27514
104260 4 9 27564
104262 4 1 26768
104264 4 3 26770
104266 4 19 26800
104268 4 21 26801
104270 4 15 27099
104272 4 23 27547
104274 4 1 27548
104310 4 10 26821
104312 4 15 26823
104314 4 23 27007
104316 4 5 27083
104318 4 22 27174
104320 4 21 27485
104322 4 1 27488
104324 4 14 27542
104326 4 14 26690
104328 4 10 26701
104330 4 1 26804
104332 4 1 26900
104334 4 5 27095
104336 4 9 27096
104338 4 22 27210
104340 4 14 27326
104342 4 15 27327
104344 4 23 27343
104346 4 5 27467
104348 4 22 27594
104350 4 9 26796
104352 4 15 26895
104354 4 21 26897
104356 4 23 26911
104358 4 19 27208
104360 4 1 27308
104362 4 2 27309
104364 4 5 27311
104366 4 15 27543
104368 4 19 27544
104370 4 21 27545
104372 4 19 26740
104378 4 19 27040
104380 4 19 27136
104386 4 3 27550
104430 4 5 26639
104432 4 5 26831
104442 4 10 27349
104448 4 19 27400
104452 4 3 26806
104456 4 19 27004
104460 4 10 27097
104462 4 3 27154
104468 4 21 27497
104486 4 10 26725
104488 4 21 26885
104490 4 21 27005
104492 4 19 27076
104494 4 15 27555
104496 4 22 27558
104498 4 2 27597
104500 4 10 26761
104502 4 2 26853
104504 4 23 27139
104506 4 1 27140
104508 4 21 27209
104510 4 2 27345
104512 4 5 27347
104514 4 19 27424
104516 4 14 27446
104518 4 19 27448
104520 4 19 27580
104522 4 9 26988
104524 4 10 27049
104526 4 10 27169
104532 4 23 27583
104572 4 19 27364
104582 4 21 26825
104588 4 3 27166
104590 4 5 27551
104592 4 10 27553
104594 4 14 27554
104596 4 15 26703
104598 4 14 26810
104600 4 15 26943
104602 4 19 26944
104604 4 22 27018
104606 4 1 27020
104608 4 10 27145
104612 4 1 27176
104614 4 2 27177
104616 4 1 27332
104666 4 1 26744
104674 4 3 27346
104676 4 9 27348
104684 4 3 27442
104686 4 15 27447
104688 4 10 27469
104690 4 1 26780
104694 4 3 27010
104696 4 1 27236
104698 4 3 27238
104700 4 5 27239
104702 4 19 27352
104704 4 19 27628
104706 4 22 27630
104708 4 23 27631
104710 4 9 26652
104712 4 15 26859
104714 4 9 26868
104716 4 14 26870
104718 4 22 27054
104720 4 19 27064
104722 4 5 27119
104724 4 19 27160
104726 4 23 27187
104728 4 15 27195
104730 4 2 27201
104732 4 3 27202
104734 4 1 27380
104736 4 22 27534
104798 4 23 26791
104800 4 5 27191
104802 4 9 27192
104804 4 14 27194
104806 4 1 27536
104808 4 2 27537
104810 4 5 27539
104812 4 10 26665
104814 4 23 26767
104816 4 9 26820
104818 4 2 27489
104820 4 3 27490
104822 4 5 27491
104824 4 14 27494
104878 4 2 26709
104880 4 10 26881
104882 4 2 27285
104884 4 5 27287
104886 4 10 27289
104888 4 19 27388
104890 4 22 27390
104892 4 23 27391
104916 4 22 26886
104918 4 15 26907
104922 4 15 27063
104924 4 21 27077
104926 4 21 27233
104928 4 19 27472
104930 4 21 27641
104932 4 22 27642
104934 4 23 27643
104936 4 14 26726
104938 4 23 26995
104948 4 14 27386
104950 4 1 27392
104956 4 19 26716
104958 4 10 26809
104960 4 22 26874
104962 4 2 26913
104964 4 19 27148
104966 4 23 27199
105000 4 9 26808
105002 4 3 26914
105004 4 9 26916
105006 4 1 27032
105008 4 14 27086
105010 4 15 27123
105014 4 21 27197
105016 4 10 27301
105018 4 14 27302
105076 4 23 27067
105082 4 22 27270
105084 4 5 27419
105086 4 10 27421
105088 4 19 27508
105092 4 19 26884
105094 4 3 26890
105098 4 9 26964
105100 4 23 27031
105102 4 10 27241
105104 4 15 27519
105106 4 19 27520
105108 4 21 27521
105110 4 1 27596
105114 4 5 26867
105144 4 14 27506
105146 4 15 27507
105166 4 15 26979
105168 4 21 27101
105174 4 9 27492
105214 4 2 27381
105216 4 3 27382
105220 4 23 27559
105226 4 1 26816
105228 4 22 26838
105230 4 19 27124
105232 4 22 27126
105234 4 22 27198
105238 4 3 27322
105240 4 5 27323
105242 4 21 27449
105244 4 23 27451
105246 4 5 27623
105262 4 9 26928
105270 4 1 27356
105278 4 3 27646
105282 4 3 26842
105286 4 15 26991
105292 4 1 27200
105294 4 1 27224
105296 4 9 27300
105298 4 9 27312
105300 4 14 27350
105378 4 10 26953
105380 4 19 26956
105382 4 23 26959
105384 4 2 26961
105386 4 9 27204
105388 4 14 27206
105390 4 10 27229
105392 4 10 27385
105394 4 15 27387
105396 4 10 27493
105398 4 5 27587
105450 4 10 27013
105454 4 3 27286
105458 4 22 27414
105460 4 1 27416
105462 4 2 27417
105482 4 21 27161
105486 4 1 27164
105490 4 15 27207
105494 4 14 27242
105498 4 2 27465
105500 4 2 27561
105520 4 1 26720
105522 4 21 26837
105526 4 9 27036
105528 4 3 27082
105530 4 14 27134
105532 4 5 27143
105536 4 1 27452
105540 4 22 27486
105542 4 23 27487
105546 4 3 27622
105548 4 9 27636
105550 4 14 27638
105552 4 15 27639
105622 4 19 26812
105624 4 14 26894
105626 4 23 26899
105632 4 9 27264
105636 4 10 27325
105638 4 23 27331
105644 4 21 27509
105648 4 22 27522
105650 4 19 27640
105652 4 2 27645
105720 4 19 26776
105722 4 23 26779
105724 4 5 26999
105728 4 22 27186
105732 4 1 27188
105734 4 2 27189
105740 4 10 27397
105800 4 2 27153
105812 4 23 27535
105862 4 19 27256
105864 4 21 27257
105866 4 5 27263
105868 4 1 27404
105870 4 2 27405
105872 4 3 27406
105874 4 2 27573
105876 4 3 27574
105878 4 9 27576
105928 4 14 27254
105932 4 2 27261
105938 4 5 27407
105980 4 21 26861
105984 4 15 27159
106016 4 1 26852
106026 4 9 27384
106034 4 1 27644
106040 4 3 26806
106042 4 21 26873
106060 4 1 26828
106062 4 15 26847
106066 4 10 27073
106068 4 19 27100
106070 4 3 27178
106074 4 1 27368
106076 4 2 27369
106078 4 3 27418
106136 4 1 26912
106140 4 19 27328
106142 4 21 27329
106146 4 23 27607
106148 4 1 27608
106150 4 2 27609
106192 4 3 26902
106194 4 9 26904
106196 4 23 27103
106198 4 2 27105
106200 4 9 27240
106204 4 9 27552
106206 4 1 27560
106212 4 3 27610
106232 4 9 27324
106248 4 10 27265
106250 4 9 27408
106262 4 19 26908
106264 4 5 27179
106266 4 10 27181
106268 4 22 27366
106270 4 5 27455
106272 4 9 27456
106274 4 1 27476
106276 4 3 27478
106278 4 21 27593
106280 4 5 27647
106286 4 15 27303
106292 4 3 26650
106294 4 2 26685
106304 4 2 27081
106308 4 3 27226
106312 4 1 27572
106316 4 23 27583
106318 4 1 27584
106372 4 3 27022
106390 4 21 26957
106392 4 23 27247
106394 4 2 27249
106396 4 10 27409
106398 4 9 27432
106400 4 10 27433
106402 4 23 27595
106404 4 2 26757
106406 4 5 26759
106410 4 1 27248
106412 4 14 27410
106416 4 14 27434
106420 4 22 27618
106422 4 23 27619
106424 4 2 27621
106428 4 14 27290
106430 4 21 27293
106432 4 2 27333
106434 4 9 27336
106436 4 21 27533
106442 4 3 27598
106444 4 5 27599
106446 4 10 27601
106460 4 22 27294
106462 4 1 27296
106466 4 5 27335
106474 4 5 27575
106482 4 21 27185
106484 4 23 27379
106486 4 9 27480
106488 4 15 27483
106494 4 14 27182
106496 4 22 27378
106500 4 5 27479
106504 4 3 26686
106510 4 14 27062
106512 4 23 27211
106516 4 21 27305
106518 4 14 27470
106562 4 21 26669
106566 4 2 26877
106570 4 3 27058
106574 4 10 27121
106576 4 22 27150
106580 4 23 27403
106584 4 3 27538
106588 4 14 27602
106650 4 23 26983
106652 4 22 27138
106664 4 5 27443
106666 4 14 27446
106682 4 9 27072
106688 4 5 27371
106692 4 23 27391
106694 4 3 27454
106696 4 10 26749
106698 4 14 26750
106700 4 5 26939
106702 4 14 26942
106706 4 21 27425
106708 4 23 27427
106710 4 21 27437
106712 4 9 27612
106714 4 10 27613
106716 4 14 27614
106718 4 14 26930
106720 4 19 26932
106722 4 23 26935
106724 4 3 26938
106726 4 1 27428
106728 4 3 27430
106730 4 5 27431
106732 4 19 27436
106736 4 1 27620
106754 4 15 27435
106794 4 5 26855
106798 4 9 27000
106800 4 1 27128
106804 4 14 27230
106808 4 3 27250
106812 4 21 27413
106816 4 21 27617
106818 4 19 27124
106820 4 21 27125
106824 4 22 27450
106828 4 5 27623
106832 4 10 27637
106836 4 19 26740
106838 4 21 26741
106840 4 15 27243
106842 4 21 27245
106844 4 19 27484
106846 4 23 27547
106848 4 2 27549
106854 4 21 26765
106856 4 9 26784
106858 4 22 26958
106862 4 23 27439
106866 4 2 27453
106868 4 9 27624
106870 4 14 27626
106872 4 15 27627
106876 4 23 26947
106890 4 10 27445
106894 4 9 26772
106896 4 15 26895
106898 4 21 27089
106900 4 9 27144
106902 4 9 27540
106904 4 15 27543
106906 4 19 27544
106908 4 22 27546
106954 4 22 26766
106956 4 2 26949
106958 4 5 26951
106964 4 14 27422
106966 4 15 27423
106968 4 1 27632
106970 4 3 27634
106972 4 5 27635
107050 4 2 26901
107052 4 9 27048
107058 4 1 27176
107136 4 15 26679
107138 4 15 26967
107144 4 21 27461
107146 4 22 27462
107152 4 10 27481
107154 4 14 27482
107160 4 21 26969
107166 4 23 27463
107170 4 2 27477
107178 4 1 26984
107180 4 14 27314
107182 4 15 27315
107198 4 15 27471
107200 4 23 26767
107202 4 9 27216
107204 4 14 27218
107206 4 19 27220
107208 4 23 27223
107210 4 1 27284
107212 4 14 27578
107252 4 3 26878
107254 4 2 26997
107260 4 2 27393
107310 4 19 27508
107314 4 3 26974
107316 4 9 26976
107320 4 19 27316
107328 4 21 27401
107330 4 3 27466
107332 4 10 27577
107336 4 22 26994
107338 4 3 27070
107342 4 22 27234
107346 4 5 27515
107428 4 5 26639
107430 4 3 26746
107434 4 21 27065
107436 4 9 27276
107438 4 14 27278
107442 4 21 27341
107446 4 9 27396
107452 4 5 27563
107516 4 10 26965
107520 4 9 27108
107524 4 19 27172
107526 4 9 27240
107530 4 14 27590
107532 4 15 27591
107582 4 2 26745
107584 4 10 27001
107586 4 14 27002
107590 4 19 27496
107594 4 22 27510
107598 4 1 26996
107602 4 15 27039
107606 4 22 27246
107608 4 9 27468
107666 4 1 27044
107668 4 2 27045
107674 4 14 27374
107676 4 3 27394
107678 4 5 27395
107684 4 10 27541
107758 4 3 27334
107760 4 15 27339
107762 4 1 27524
107764 4 2 27525
107766 4 3 27526
107768 4 5 27527
107770 4 9 27528
107774 4 9 27600
107778 4 5 27611
107836 4 15 26715
107844 4 9 27228
107852 4 22 27078
107856 4 3 27142
107858 4 22 27318
107860 4 23 27319
107866 4 9 27348
107870 4 19 27364
107874 4 23 27523
107956 4 10 26821
107962 4 15 27015
107966 4 14 27506
107970 4 9 27516
107974 4 21 27629
107982 4 22 27090
107984 4 5 27251
107986 4 9 27252
108018 4 5 26627
108022 4 10 26833
108026 4 14 26906
108028 4 15 27147
108030 4 19 27196
108032 4 23 27271
108034 4 1 27500
108038 4 23 27571
108040 4 3 27586
108104 4 21 26837
108134 4 10 26893
108136 4 9 27012
108138 4 21 27041
108142 4 19 27160
108148 4 22 27282
108150 4 1 27392
108152 4 22 27402
108156 4 19 27532
108218 4 5 27263
108260 4 1 26924
108264 4 23 27187
108266 4 2 27189
108268 4 10 27253
108278 4 15 27411
108280 4 15 27531
108284 4 22 27534
108422 4 22 26670
108424 4 1 26972
108428 4 2 27093
108462 4 21 26885
108464 4 15 27075
108468 4 19 27556
108470 4 2 27597
108474 4 22 27642
108478 4 1 26804
108492 4 10 27553
108512 4 1 27560
108524 4 10 27565
108526 4 14 27566
108528 4 15 27567
108584 4 1 27548
108594 4 1 27368
108598 4 3 27418
108622 4 23 26959
108624 4 5 27059
108628 4 23 27175
108632 4 2 27381
108638 4 10 27517
108644 4 21 27557
108648 4 3 27562
108740 4 14 26978
108742 4 19 26992
108748 4 5 27203
108750 4 23 27235
108826 4 21 27029
108832 4 9 27192
108894 4 19 26716
108940 4 1 27032
108942 4 3 27034
108946 4 1 27104
108952 4 14 27518
108956 4 1 27608
108958 4 3 27610
109016 4 2 26661
109018 4 5 27023
109020 4 9 27024
109024 4 2 27501
109026 4 5 27503
109028 4 23 27511
109030 4 1 27512
109032 4 2 27513
109174 4 3 26998
109176 4 5 27071
109180 4 1 27236
109182 4 5 27239
109186 4 1 27356
109188 4 23 27475
109192 4 23 27535
109194 4 1 27572
109200 4 22 27630
109298 4 9 27636
109302 4 19 27124
109304 4 21 27125
109314 4 10 27637
109320 4 1 27152
109324 4 5 27215
109328 4 1 27344
109330 4 21 27413
109360 4 14 27134
109368 4 14 27638
109410 4 1 27380
109464 4 19 27088
109468 4 22 27606
109522 4 3 26650
109530 4 23 27583
109562 4 3 27226
109606 4 19 27280
109608 4 10 27349
109656 4 1 26768
109660 4 15 27099
109668 4 9 27084
109676 4 14 27386
109680 4 15 27519
109682 4 19 27520
109752 4 15 27135
109754 4 14 27266
109756 4 15 27267
109814 4 22 26862
109816 4 23 27367
109830 4 21 27005
109832 4 14 27146
109834 4 21 27233
109836 4 5 27455
109838 4 10 27457
109846 4 5 27647
109902 4 10 26809
109904 4 23 27199
109908 4 19 27604
109954 4 23 27079
110004 4 14 27086
110008 4 15 27123
110014 4 9 27408
110108 4 23 27151
110154 4 5 27071
110168 4 9 26796
110170 4 3 27094
110172 4 1 27308
110174 4 5 27311
110176 4 21 27473
110224 4 22 27474
110276 4 22 27198
110284 4 1 27404
110336 4 10 27385
110340 4 5 27587
110358 4 1 27536
110382 4 15 26703
110394 4 21 27569
110396 4 22 27570
110456 4 22 27114
110458 4 9 27168
110460 4 23 27247
110464 4 22 27438
110474 4 1 27620
110478 4 10 27625
110558 4 5 27143
110568 4 2 27585
110622 4 10 26749
110624 4 10 27109
110626 4 14 27110
110634 4 10 27445
110636 4 9 27612
110640 4 15 27615
110690 4 21 26753
110692 4 14 26930
110694 4 21 27113
110696 4 1 27428
110698 4 5 27431
110700 4 19 27616
110776 4 23 27115
110780 4 21 27209
110792 4 19 27448
110798 4 2 27633
110800 4 5 27635
110918 4 2 27117
110970 4 15 26943
110980 4 23 27559
111034 4 19 27484
111046 4 9 26784
111050 4 21 27149
111054 4 2 27453
111062 4 3 27646
111182 4 10 27061
111186 4 9 27372
111244 4 2 26709
111248 4 5 27287
111252 4 22 27390
111256 4 1 27416
111420 4 19 27472
111502 4 23 27007
111622 4 22 27342
111736 4 2 27189
111748 4 9 27228
111804 4 10 27001
111806 4 3 27154
111808 4 15 27495
111998 4 23 27331
112190 4 19 27208
112248 4 9 27300
112376 4 19 27412
112498 4 3 27454
112594 4 9 27432
112772 4 19 27436
112858 4 23 27379
112914 4 15 27471
113032 4 15 27459
113054 4 2 27477
113310 4 19 27352
113622 4 23 27343
113760 4 9 27216
115016 4 1 27648
115018 4 15 27787
115020 4 19 27992
115022 4 21 27993
115024 4 22 27994
115026 4 23 27995
115028 4 14 28218
115030 4 15 28219
115032 4 21 28221
115034 4 2 28237
115036 4 5 28431
115038 4 2 27649
115040 4 10 27725
115042 4 2 27865
115044 4 9 27868
115046 4 14 28002
115048 4 22 28018
115054 4 19 28220
115058 4 1 28596
115060 4 2 28597
115062 4 3 28598
115064 4 5 28599
115066 4 3 27650
115068 4 5 27651
115070 4 9 27652
115072 4 10 27653
115074 4 10 27869
115076 4 3 27878
115078 4 15 28099
115080 4 19 28100
115082 4 22 28102
115084 4 9 28108
115086 4 14 28182
115088 4 19 28184
115090 4 5 28191
115092 4 15 28207
115094 4 22 28210
115096 4 19 28256
115098 4 19 28364
115100 4 1 28404
115102 4 1 28524
115160 4 14 27654
115162 4 15 27655
115164 4 19 27656
115166 4 21 27657
115168 4 21 27777
115170 4 22 27778
115172 4 14 27786
115174 4 22 27790
115176 4 21 28017
115178 4 19 28040
115180 4 21 28041
115182 4 22 28042
115184 4 22 28150
115186 4 23 28151
115188 4 2 28153
115190 4 1 28236
115192 4 5 28263
115194 4 19 28532
115196 4 21 28533
115198 4 22 28534
115200 4 23 28535
115202 4 19 28628
115204 4 9 28648
115206 4 10 28649
115208 4 14 28650
115210 4 15 28651
115282 4 22 27658
115284 4 10 28109
115286 4 15 28111
115288 4 19 28112
115290 4 21 28113
115292 4 23 27659
115294 4 2 27733
115296 4 5 28071
115298 4 10 28073
115300 4 14 28074
115302 4 23 28115
115304 4 14 28170
115306 4 15 28171
115308 4 21 28173
115310 4 3 28238
115312 4 2 28525
115314 4 1 27660
115320 4 19 28172
115324 4 2 28177
115326 4 3 28178
115328 4 5 28179
115330 4 9 28180
115332 4 5 28611
115334 4 9 28612
115336 4 10 28613
115338 4 14 28614
115340 4 15 28615
115342 4 2 27661
115344 4 22 27682
115346 4 14 27690
115348 4 9 27712
115350 4 21 27885
115352 4 23 27887
115354 4 21 27957
115356 4 2 28057
115358 4 23 28475
115360 4 1 28476
115362 4 2 28477
115364 4 3 28478
115366 4 9 28600
115368 4 14 28602
115370 4 15 28639
115372 4 19 28640
115374 4 3 27662
115376 4 23 27707
115378 4 3 27842
115380 4 1 27852
115382 4 22 28306
115384 4 23 28307
115386 4 1 28308
115388 4 3 28310
115392 4 10 28601
115396 4 15 28603
115398 4 5 27663
115400 4 9 27664
115402 4 5 28119
115404 4 9 28120
115406 4 10 28121
115408 4 14 28122
115410 4 19 28268
115416 4 1 27840
115426 4 10 28325
115428 4 14 28326
115430 4 15 28327
115432 4 19 28328
115434 4 14 28518
115436 4 10 27665
115438 4 14 27666
115440 4 15 27667
115442 4 19 27668
115444 4 10 27689
115446 4 3 27782
115448 4 23 27791
115450 4 1 27792
115452 4 3 27794
115454 4 23 27839
115456 4 19 27884
115458 4 10 28001
115460 4 19 28028
115462 4 22 28066
115464 4 1 28068
115466 4 9 28144
115468 4 1 28176
115476 4 1 28248
115478 4 3 28250
115480 4 5 28251
115482 4 2 28273
115484 4 5 28299
115486 4 23 28343
115488 4 15 28423
115490 4 10 28445
115492 4 14 28458
115494 4 19 28460
115496 4 19 28556
115498 4 5 28575
115500 4 22 28594
115566 4 21 27669
115568 4 14 27834
115570 4 21 27837
115572 4 5 27879
115574 4 1 28032
115576 4 15 28519
115578 4 19 28520
115580 4 21 28521
115582 4 22 28522
115584 4 22 27670
115586 4 1 27684
115588 4 10 28013
115590 4 14 28014
115592 4 19 28064
115594 4 21 28065
115596 4 23 27671
115598 4 1 27672
115600 4 2 27673
115602 4 3 27674
115604 4 14 27678
115606 4 15 27679
115608 4 19 27680
115610 4 5 27771
115612 4 10 27773
115614 4 14 27774
115616 4 5 27891
115618 4 10 27893
115620 4 15 27931
115622 4 22 27934
115624 4 1 28008
115626 4 3 28058
115628 4 22 28114
115630 4 15 28243
115632 4 23 28367
115704 4 5 27675
115706 4 9 28156
115708 4 10 28157
115710 4 14 28158
115712 4 15 28159
115714 4 9 27676
115716 4 2 28033
115718 4 5 28035
115720 4 9 28036
115722 4 3 28118
115724 4 5 28395
115726 4 10 28397
115728 4 14 28398
115730 4 23 28403
115732 4 21 28653
115734 4 10 27677
115736 4 9 27688
115738 4 3 28226
115740 4 5 28227
115742 4 9 28228
115744 4 10 28229
115746 4 19 28244
115748 4 21 28245
115750 4 22 28246
115752 4 23 28247
115754 4 22 28582
115768 4 21 27681
115784 4 22 28378
115786 4 23 28379
115788 4 2 28381
115790 4 3 28394
115860 4 21 27861
115862 4 23 27863
115864 4 1 27864
115866 4 19 28004
115876 4 10 28565
115878 4 23 27683
115880 4 19 27776
115884 4 15 28183
115892 4 9 28396
115898 4 2 28441
115900 4 3 28442
115902 4 19 28580
115904 4 1 28584
115906 4 22 28642
115912 4 2 27685
115914 4 23 28019
115916 4 2 28021
115918 4 3 28022
115920 4 2 28165
115922 4 3 27686
115924 4 2 27889
115926 4 23 28091
115928 4 2 28093
115930 4 3 28094
115932 4 23 28163
115934 4 5 28383
115936 4 5 27687
115942 4 3 27998
115944 4 23 28007
115946 4 10 28385
115948 4 15 28387
115950 4 3 28454
115952 4 3 28538
116008 4 5 28059
116010 4 15 27691
116018 4 21 28185
116020 4 19 27692
116022 4 21 27693
116024 4 22 27694
116026 4 23 27695
116028 4 3 27746
116030 4 9 27784
116032 4 23 28103
116034 4 2 28105
116036 4 3 28106
116038 4 1 28116
116040 4 19 28136
116042 4 21 28137
116044 4 22 28138
116046 4 23 28139
116048 4 3 28154
116050 4 10 28421
116052 4 5 28491
116054 4 9 28492
116056 4 10 28493
116058 4 14 28494
116064 4 1 28548
116066 4 2 28549
116132 4 1 27696
116134 4 15 27811
116142 4 22 27982
116146 4 1 28080
116148 4 9 28624
116150 4 10 28625
116152 4 15 28627
116154 4 21 28629
116156 4 22 28666
116158 4 2 27697
116160 4 5 27723
116162 4 22 27970
116164 4 1 27972
116166 4 14 28038
116168 4 1 28044
116170 4 1 28356
116172 4 2 28357
116174 4 3 28358
116176 4 5 28359
116178 4 3 27698
116180 4 5 27699
116182 4 9 27700
116184 4 10 27701
116186 4 3 27710
116188 4 14 27738
116190 4 1 27984
116192 4 14 28146
116194 4 15 28147
116196 4 19 28148
116198 4 21 28149
116200 4 21 28161
116202 4 23 28295
116204 4 1 28296
116206 4 2 28297
116208 4 3 28298
116210 4 5 28311
116212 4 9 28312
116214 4 10 28313
116216 4 14 28314
116218 4 5 28527
116220 4 14 28530
116222 4 15 28555
116224 4 14 28566
116226 4 15 28567
116228 4 23 28643
116292 4 14 27702
116294 4 21 27945
116296 4 22 27946
116298 4 1 27948
116300 4 15 28063
116302 4 14 28542
116304 4 15 28543
116306 4 19 28544
116308 4 21 28545
116310 4 15 27703
116312 4 19 27704
116314 4 21 27705
116316 4 22 27706
116318 4 2 27709
116320 4 14 27726
116322 4 19 27728
116324 4 21 27729
116326 4 5 27843
116328 4 9 27844
116330 4 14 27846
116332 4 5 27939
116334 4 5 27963
116336 4 15 28123
116338 4 21 28125
116340 4 22 28126
116342 4 2 28141
116344 4 3 28142
116442 4 1 27708
116444 4 10 27965
116446 4 14 27966
116448 4 15 27967
116450 4 19 27968
116452 4 23 28127
116454 4 1 28128
116456 4 2 28129
116458 4 3 28130
116460 4 9 28432
116494 4 5 27711
116496 4 22 27730
116498 4 10 27941
116500 4 15 27943
116502 4 19 27944
116504 4 9 28132
116506 4 10 28133
116508 4 14 28134
116510 4 15 28135
116512 4 10 28145
116514 4 15 28483
116522 4 2 28009
116524 4 9 28012
116526 4 10 28037
116528 4 3 28070
116538 4 5 28539
116540 4 10 27713
116542 4 14 27714
116544 4 15 27715
116546 4 19 27716
116548 4 23 27803
116550 4 1 27804
116552 4 3 27806
116554 4 19 27812
116560 4 5 28023
116562 4 10 28025
116564 4 14 28026
116566 4 22 28030
116568 4 15 28039
116570 4 10 28097
116572 4 9 28276
116574 4 2 28333
116576 4 3 28334
116578 4 9 28336
116580 4 5 28347
116582 4 19 28484
116584 4 3 28550
116648 4 21 27717
116650 4 22 27718
116652 4 23 27719
116654 4 1 27720
116656 4 1 27732
116658 4 15 27799
116662 4 3 28034
116666 4 2 28117
116668 4 5 28131
116670 4 21 28389
116672 4 22 28390
116674 4 23 28391
116676 4 1 28392
116678 4 5 28479
116680 4 14 28482
116686 4 22 28546
116688 4 9 28564
116690 4 15 28579
116752 4 2 27721
116754 4 15 27751
116756 4 19 27752
116758 4 22 27754
116760 4 23 27851
116768 4 1 28164
116770 4 23 28187
116772 4 2 28189
116774 4 3 28190
116776 4 22 28366
116778 4 10 28541
116780 4 3 27722
116782 4 19 27788
116786 4 3 28010
116790 4 21 28053
116792 4 9 28192
116794 4 10 28193
116796 4 14 28194
116798 4 15 28195
116800 4 22 28462
116806 4 9 27724
116814 4 10 28181
116824 4 19 28568
116830 4 3 27890
116840 4 15 28363
116848 4 15 28219
116852 4 21 28221
116862 4 15 27727
116930 4 15 27775
116940 4 1 28104
116946 4 3 28262
116948 4 21 28365
116950 4 23 27731
116952 4 3 27734
116954 4 5 27735
116956 4 9 27736
116958 4 5 27795
116960 4 22 28054
116962 4 19 28232
116964 4 21 28233
116966 4 23 28235
116968 4 3 28382
116970 4 2 28417
116996 4 23 27659
116998 4 2 27733
117002 4 15 28171
117006 4 22 28222
117008 4 23 28223
117010 4 1 28224
117012 4 2 28225
117018 4 9 28612
117022 4 14 28662
117024 4 15 28663
117034 4 10 27737
117036 4 22 27838
117038 4 1 27900
117044 4 22 28234
117052 4 14 28386
117056 4 19 28388
117060 4 22 28486
117062 4 23 28487
117064 4 1 28488
117066 4 2 28489
117142 4 15 27739
117144 4 19 27740
117146 4 21 27741
117148 4 22 27742
117150 4 1 27744
117152 4 10 28061
117154 4 2 28213
117156 4 3 28214
117158 4 5 28215
117160 4 9 28216
117162 4 21 28269
117164 4 1 28272
117166 4 14 28278
117168 4 3 28346
117170 4 5 28551
117172 4 9 28552
117174 4 10 28553
117176 4 14 28554
117178 4 1 28668
117236 4 23 27743
117238 4 22 27874
117240 4 23 27875
117242 4 3 27974
117244 4 5 27975
117252 4 5 28155
117254 4 14 28434
117256 4 15 28435
117258 4 19 28436
117260 4 21 28437
117262 4 22 28570
117282 4 2 27745
117286 4 2 28249
117290 4 5 28251
117292 4 2 28369
117314 4 5 27747
117316 4 9 27748
117318 4 10 27749
117320 4 14 27750
117322 4 9 27820
117324 4 23 27899
117326 4 9 27940
117328 4 9 27976
117330 4 21 27981
117332 4 19 28076
117334 4 22 28078
117336 4 23 28079
117338 4 22 28162
117340 4 21 28341
117346 4 1 28368
117348 4 23 28427
117350 4 2 28429
117352 4 22 28450
117354 4 23 28451
117356 4 1 28500
117358 4 2 28501
117360 4 9 28540
117434 4 21 27753
117438 4 9 27760
117440 4 10 27761
117442 4 3 27830
117448 4 1 28188
117456 4 19 28208
117458 4 21 28209
117462 4 5 28275
117464 4 19 28352
117466 4 21 28353
117468 4 23 28355
117472 4 15 28399
117474 4 19 28400
117476 4 21 28401
117478 4 22 28402
117480 4 23 28463
117482 4 21 28605
117484 4 19 28664
117554 4 23 27755
117556 4 1 27756
117558 4 2 27757
117560 4 3 27758
117562 4 14 27762
117564 4 5 27783
117566 4 15 27847
117568 4 19 27848
117570 4 14 27858
117572 4 19 27908
117574 4 21 27909
117576 4 22 27910
117578 4 5 28119
117580 4 9 28120
117582 4 5 28143
117584 4 23 28175
117586 4 19 28268
117594 4 19 28340
117596 4 2 28345
117598 4 10 28433
117600 4 2 28453
117602 4 23 28571
117604 4 1 28572
117606 4 3 28586
117608 4 5 28587
117610 4 9 28588
117612 4 10 28589
117614 4 3 28622
117616 4 5 28623
117692 4 5 27759
117698 4 22 28006
117700 4 14 28038
117710 4 9 28576
117788 4 15 27763
117790 4 19 27764
117792 4 21 27765
117794 4 22 27766
117796 4 23 27767
117798 4 1 27768
117800 4 2 27769
117802 4 10 27905
117804 4 23 28055
117806 4 19 28316
117808 4 21 28317
117810 4 23 28319
117812 4 21 28377
117814 4 3 28418
117816 4 3 28658
117818 4 10 28661
117886 4 3 27770
117946 4 23 27671
117948 4 1 27672
117956 4 5 27771
117958 4 9 27772
117960 4 10 27773
117962 4 14 27774
117966 4 10 27893
117968 4 14 27894
117970 4 10 27917
117972 4 15 27919
117980 4 19 28160
117986 4 22 28438
118066 4 23 27935
118068 4 1 27936
118070 4 21 28029
118072 4 14 28062
118076 4 1 28104
118082 4 1 28644
118084 4 2 28645
118086 4 3 28646
118088 4 5 28647
118090 4 23 27683
118100 4 19 28256
118108 4 9 28396
118116 4 14 27654
118118 4 15 27655
118120 4 19 27656
118122 4 21 27777
118124 4 22 27778
118126 4 23 27779
118128 4 1 27780
118130 4 14 27786
118132 4 19 27932
118136 4 22 28150
118140 4 1 28152
118144 4 22 28258
118146 4 23 28259
118148 4 2 28261
118150 4 5 28263
118152 4 14 28362
118156 4 21 28533
118158 4 22 28534
118162 4 22 28606
118222 4 2 27781
118224 4 22 27922
118226 4 10 27953
118228 4 14 27954
118230 4 15 27955
118232 4 15 27979
118238 4 5 28443
118240 4 1 28452
118248 4 3 27782
118252 4 22 28066
118254 4 1 28068
118266 4 2 28273
118268 4 14 28458
118270 4 19 28460
118274 4 5 28575
118276 4 22 28594
118328 4 5 28491
118336 4 10 27785
118338 4 23 27923
118340 4 5 28203
118342 4 9 28204
118344 4 10 28205
118346 4 14 28206
118348 4 2 28393
118374 4 1 27648
118376 4 15 27787
118384 4 2 28237
118388 4 5 28599
118400 4 15 28195
118406 4 22 28354
118410 4 10 28577
118412 4 21 27789
118414 4 2 27841
118418 4 1 28020
118420 4 14 28098
118426 4 10 28265
118428 4 14 28266
118430 4 15 28339
118432 4 23 28415
118442 4 19 28040
118444 4 21 28041
118446 4 22 28042
118448 4 1 28236
118450 4 9 28648
118452 4 10 28649
118454 4 14 28650
118464 4 5 27687
118472 4 2 27793
118476 4 14 27834
118478 4 15 27835
118480 4 21 27837
118482 4 3 27998
118484 4 9 28000
118488 4 23 28007
118490 4 19 28028
118492 4 1 28032
118494 4 9 28060
118500 4 22 28174
118508 4 5 28299
118516 4 15 28423
118518 4 19 28424
118524 4 3 28538
118620 4 3 28358
118628 4 9 27796
118632 4 22 28270
118634 4 23 28271
118638 4 10 27797
118640 4 2 27817
118642 4 5 28071
118644 4 9 28072
118646 4 14 28074
118648 4 22 28090
118650 4 23 28607
118652 4 1 28608
118654 4 2 28609
118656 4 3 28610
118658 4 14 27798
118660 4 19 27800
118662 4 23 28031
118668 4 22 28318
118674 4 22 27718
118676 4 23 27719
118698 4 9 28252
118700 4 10 28253
118702 4 14 28254
118704 4 15 28255
118706 4 21 27801
118708 4 19 27860
118710 4 22 28294
118716 4 2 28573
118718 4 3 28574
118720 4 22 27802
118722 4 15 27859
118724 4 15 28315
118726 4 23 28631
118728 4 1 28632
118730 4 2 28633
118732 4 3 28634
118734 4 10 27713
118742 4 2 27805
118744 4 3 27806
118748 4 2 27949
118756 4 23 28043
118758 4 10 28217
118760 4 2 28333
118762 4 3 28334
118764 4 5 28335
118770 4 22 28630
118834 4 5 27807
118836 4 9 27808
118838 4 10 27809
118840 4 14 27810
118842 4 9 27832
118844 4 10 27833
118846 4 2 27901
118848 4 5 27903
118850 4 15 27907
118852 4 21 27933
118856 4 22 27946
118858 4 14 27990
118860 4 15 28063
118862 4 14 28146
118866 4 21 28161
118868 4 22 28186
118870 4 14 28230
118872 4 10 28301
118874 4 14 28338
118876 4 5 28527
118878 4 9 28528
118880 4 10 28529
118882 4 14 28530
118886 4 19 28604
118958 4 1 27696
118960 4 15 27811
118962 4 15 27823
118964 4 3 27842
118966 4 2 27889
118968 4 1 28080
118974 4 14 28626
118982 4 14 27714
119000 4 15 28039
119002 4 10 28097
119012 4 3 28550
119014 4 21 27813
119016 4 10 27965
119018 4 14 27966
119020 4 19 27968
119022 4 15 28003
119028 4 1 28260
119032 4 3 28490
119034 4 22 27814
119036 4 3 27818
119038 4 2 28081
119040 4 3 28082
119042 4 5 28083
119044 4 15 28279
119046 4 14 28290
119048 4 15 28291
119050 4 19 28292
119052 4 21 28293
119054 4 23 27815
119056 4 1 27816
119058 4 21 28281
119060 4 23 28283
119062 4 1 28284
119064 4 2 28285
119066 4 3 28286
119068 4 5 28287
119070 4 9 28288
119072 4 10 28289
119082 4 22 28282
119124 4 5 27819
119126 4 14 28170
119128 4 15 28171
119136 4 3 28274
119140 4 10 28361
119150 4 9 27820
119152 4 9 27976
119154 4 10 27977
119158 4 22 28486
119160 4 23 28487
119162 4 2 28489
119164 4 15 28495
119166 4 10 27821
119168 4 14 27870
119170 4 15 27871
119172 4 21 27873
119174 4 5 28107
119176 4 5 28635
119178 4 9 28636
119180 4 10 28637
119182 4 14 28638
119184 4 14 27822
119186 4 2 27829
119192 4 5 28095
119194 4 10 28109
119196 4 14 28110
119198 4 19 28112
119200 4 23 28115
119202 4 9 28300
119216 4 19 28280
119226 4 19 27824
119228 4 21 27825
119230 4 22 27826
119232 4 23 27827
119234 4 15 27895
119236 4 21 27897
119238 4 9 27916
119240 4 3 27950
119242 4 1 28140
119244 4 3 28226
119246 4 9 28228
119248 4 10 28229
119250 4 9 28348
119252 4 10 28349
119254 4 15 28351
119256 4 23 28439
119258 4 10 28457
119260 4 22 28654
119262 4 23 28655
119264 4 1 28656
119266 4 2 28657
119336 4 1 27828
119338 4 5 27831
119342 4 2 28093
119344 4 9 28096
119346 4 15 28099
119348 4 21 28101
119350 4 22 28102
119352 4 1 28164
119354 4 1 28320
119374 4 10 27761
119384 4 15 28399
119386 4 19 28400
119388 4 21 28401
119390 4 22 28402
119392 4 23 28463
119454 4 21 27669
119466 4 19 27836
119470 4 5 27879
119480 4 23 28067
119486 4 21 28137
119492 4 23 28211
119496 4 22 28474
119498 4 15 28519
119500 4 19 28520
119502 4 21 28521
119504 4 22 28522
119506 4 1 28548
119594 4 1 27900
119608 4 19 28388
119610 4 2 28417
119616 4 3 27782
119620 4 19 27884
119628 4 2 28273
119630 4 23 28343
119632 4 9 27664
119634 4 1 27840
119636 4 2 28321
119638 4 3 28322
119640 4 10 28325
119642 4 14 28326
119644 4 15 28327
119646 4 19 28328
119658 4 5 28323
119660 4 9 28324
119664 4 3 27662
119674 4 22 28306
119676 4 23 28307
119678 4 1 28308
119680 4 2 28309
119682 4 3 28310
119684 4 15 27703
119686 4 21 27705
119688 4 22 27706
119690 4 5 27843
119692 4 9 27844
119694 4 10 27845
119696 4 14 27846
119698 4 5 27939
119700 4 9 27952
119702 4 15 28123
119704 4 19 28124
119706 4 21 28125
119708 4 22 28126
119710 4 3 28142
119712 4 15 28411
119714 4 19 28412
119716 4 21 28413
119718 4 22 28414
119720 4 14 28590
119722 4 15 28591
119724 4 19 28592
119726 4 21 28593
119728 4 2 28669
119796 4 5 27783
119798 4 15 27847
119802 4 21 27849
119804 4 22 27850
119808 4 5 28143
119812 4 23 28295
119814 4 3 28298
119816 4 22 28342
119818 4 2 28345
119882 4 2 27721
119888 4 22 27754
119890 4 9 27760
119892 4 23 27851
119896 4 2 28189
119898 4 3 28190
119900 4 15 28207
119902 4 21 28209
119904 4 22 28210
119906 4 5 28275
119914 4 21 28605
119918 4 23 27707
119922 4 21 28329
119924 4 22 28330
119926 4 23 28331
119928 4 1 28332
119932 4 10 28601
119934 4 14 28602
119936 4 15 28603
119938 4 2 27853
119940 4 3 27854
119942 4 5 27855
119944 4 9 27856
119946 4 10 27857
119950 4 5 27951
119952 4 2 27997
119956 4 10 28337
119958 4 1 28344
119964 4 21 28557
119966 4 22 28558
120096 4 22 27682
120098 4 21 27861
120100 4 22 27862
120102 4 23 27863
120104 4 1 27864
120106 4 19 27908
120108 4 23 27911
120110 4 1 27912
120112 4 5 27915
120114 4 9 27964
120116 4 5 27999
120118 4 19 28004
120120 4 15 28075
120122 4 3 28166
120124 4 5 28167
120132 4 21 28425
120134 4 22 28426
120136 4 5 28455
120138 4 23 28475
120140 4 2 28477
120142 4 3 28478
120144 4 10 28565
120150 4 21 28665
120216 4 2 27649
120218 4 2 27865
120220 4 3 27866
120222 4 5 27867
120224 4 9 27868
120226 4 14 28002
120228 4 22 28018
120236 4 1 28212
120238 4 19 28496
120240 4 21 28497
120242 4 3 28502
120244 4 5 28503
120246 4 14 28578
120250 4 2 28597
120252 4 3 28598
120314 4 3 27650
120316 4 5 27651
120318 4 9 27652
120320 4 10 27869
120322 4 3 27878
120324 4 14 28182
120326 4 19 28184
120328 4 5 28191
120336 4 19 28364
120338 4 1 28404
120346 4 19 27872
120350 4 14 27906
120354 4 22 28378
120356 4 23 28379
120358 4 1 28380
120360 4 2 28381
120362 4 23 28427
120364 4 1 28428
120366 4 2 28429
120368 4 3 28430
120374 4 10 28637
120438 4 23 27743
120440 4 22 27874
120442 4 23 27875
120444 4 1 27876
120446 4 2 27877
120448 4 3 27974
120450 4 5 27975
120454 4 15 28435
120538 4 9 27880
120540 4 10 27881
120542 4 14 27882
120544 4 15 27883
120546 4 1 27924
120548 4 9 27928
120550 4 21 27969
120552 4 1 27996
120554 4 21 28005
120556 4 9 28252
120558 4 10 28253
120562 4 9 28264
120564 4 3 28370
120566 4 5 28371
120568 4 2 28621
120630 4 10 27689
120638 4 5 28179
120648 4 5 28299
120652 4 2 27661
120654 4 14 27690
120660 4 21 27885
120662 4 22 27886
120664 4 23 27887
120666 4 1 27888
120668 4 21 27957
120670 4 22 27982
120672 4 2 28057
120674 4 5 28059
120678 4 1 28188
120682 4 10 28277
120684 4 1 28440
120686 4 14 28446
120688 4 15 28447
120690 4 19 28448
120692 4 21 28449
120700 4 1 28620
120708 4 15 28639
120710 4 19 28640
120712 4 22 28666
120786 4 3 27686
120790 4 15 27823
120792 4 2 27889
120796 4 3 28094
120798 4 23 28163
120800 4 5 28383
120810 4 9 27724
120812 4 3 27890
120814 4 9 28156
120816 4 15 28159
120818 4 10 28181
120820 4 22 28222
120822 4 1 28224
120824 4 15 28363
120826 4 15 28375
120828 4 19 28376
120830 4 23 27671
120832 4 1 27672
120834 4 5 27771
120836 4 9 27772
120838 4 10 27773
120842 4 9 27892
120848 4 10 27917
120850 4 14 27918
120854 4 1 28008
120856 4 10 28049
120858 4 19 28052
120860 4 3 28058
120862 4 19 28160
120864 4 21 28257
120868 4 22 28438
120870 4 21 28569
120954 4 19 27896
120958 4 22 27898
120962 4 15 28027
120968 4 10 28349
120970 4 14 28350
120976 4 3 28514
120978 4 5 28515
120980 4 9 28516
120982 4 10 28517
120986 4 23 28655
120988 4 1 28656
120990 4 2 28657
121054 4 10 27749
121056 4 23 27899
121058 4 9 27940
121060 4 19 28076
121062 4 22 28078
121064 4 22 28162
121066 4 21 28341
121068 4 1 28356
121070 4 5 28359
121072 4 22 28450
121074 4 23 28451
121092 4 5 27807
121094 4 14 27810
121100 4 3 27902
121104 4 9 27904
121108 4 2 27913
121114 4 2 28009
121116 4 9 28012
121118 4 21 28053
121120 4 1 28056
121122 4 3 28070
121124 4 14 28146
121126 4 19 28148
121132 4 14 28230
121134 4 15 28267
121136 4 10 28301
121138 4 5 28311
121140 4 10 28313
121142 4 14 28338
121144 4 14 28374
121146 4 19 28472
121152 4 5 28539
121154 4 15 28555
121224 4 15 27763
121226 4 21 27765
121230 4 10 27905
121232 4 19 28316
121234 4 21 28317
121236 4 23 28319
121238 4 21 28377
121240 4 3 28658
121242 4 10 28661
121246 4 15 27871
121292 4 1 27756
121306 4 22 27910
121312 4 3 27914
121320 4 5 28119
121322 4 9 28120
121328 4 9 28168
121334 4 9 28312
121338 4 19 28340
121340 4 10 28373
121344 4 9 28384
121346 4 2 28453
121350 4 3 28586
121352 4 5 28587
121354 4 9 28588
121356 4 10 28589
121468 4 5 27999
121606 4 19 27920
121608 4 2 28045
121610 4 5 28047
121614 4 14 28050
121624 4 3 28406
121630 4 23 28583
121706 4 21 27921
121708 4 23 27935
121710 4 1 27936
121712 4 15 27991
121714 4 14 28062
121716 4 5 28407
121718 4 9 28408
121720 4 10 28409
121722 4 14 28410
121724 4 21 28581
121728 4 22 27922
121730 4 23 27923
121732 4 2 28441
121736 4 5 28443
121738 4 9 28444
121740 4 1 28452
121742 4 10 27785
121754 4 2 28393
121772 4 2 27925
121774 4 3 27926
121776 4 5 27927
121778 4 9 27928
121780 4 10 27929
121782 4 14 27930
121784 4 3 27986
121786 4 5 27987
121788 4 9 27988
121790 4 10 27989
121794 4 19 28196
121796 4 22 28198
121798 4 23 28199
121800 4 5 28239
121802 4 9 28240
121804 4 10 28241
121806 4 14 28242
121816 4 9 28372
121818 4 15 28471
121820 4 19 28616
121822 4 21 28617
121824 4 23 28619
121828 4 23 28667
121854 4 21 28197
121860 4 1 28200
121862 4 2 28201
121864 4 3 28202
121994 4 2 27673
121996 4 14 27678
121998 4 19 27680
122000 4 21 27681
122002 4 15 27931
122004 4 22 27934
122006 4 22 28114
122014 4 3 28394
122016 4 21 27777
122018 4 22 27778
122020 4 23 27779
122022 4 19 27932
122024 4 22 28150
122026 4 23 28151
122030 4 2 28153
122032 4 22 28258
122034 4 23 28259
122036 4 2 28261
122038 4 14 28362
122040 4 22 28606
122050 4 21 27933
122054 4 22 27946
122056 4 15 28063
122060 4 5 28527
122062 4 9 28528
122064 4 10 28529
122066 4 14 28530
122072 4 3 27674
122076 4 15 27679
122082 4 14 27774
122092 4 15 28243
122094 4 15 27775
122102 4 2 27937
122104 4 3 27938
122106 4 23 27983
122110 4 21 28029
122114 4 2 28213
122116 4 3 28214
122118 4 9 28216
122120 4 9 28360
122128 4 9 28420
122130 4 14 28458
122132 4 15 28459
122134 4 19 28460
122136 4 21 28461
122138 4 15 28531
122140 4 5 28551
122142 4 14 28554
122146 4 1 28644
122148 4 2 28645
122150 4 3 28646
122152 4 5 28647
122154 4 1 28668
122242 4 15 28123
122244 4 21 28125
122246 4 22 28126
122264 4 1 28368
122270 4 5 27711
122272 4 22 27730
122274 4 2 27853
122278 4 10 27857
122280 4 10 27941
122282 4 14 27942
122284 4 15 27943
122286 4 19 27944
122290 4 2 27997
122292 4 23 28103
122294 4 2 28105
122296 4 9 28132
122298 4 14 28134
122300 4 15 28135
122302 4 10 28145
122304 4 3 28154
122306 4 3 28262
122308 4 14 28266
122312 4 21 28365
122314 4 15 28483
122318 4 9 28492
122320 4 10 28493
122322 4 21 28557
122326 4 23 28631
122328 4 2 28633
122398 4 14 27702
122416 4 23 27947
122418 4 1 27948
122426 4 9 28192
122428 4 10 28193
122430 4 14 28194
122434 4 21 28389
122436 4 23 28391
122438 4 1 28392
122440 4 1 28416
122442 4 9 28456
122444 4 14 28542
122446 4 15 28543
122448 4 19 28544
122450 4 21 28545
122532 4 23 27803
122534 4 1 27804
122536 4 2 27805
122538 4 2 27949
122542 4 22 28042
122544 4 23 28043
122546 4 10 28217
122548 4 2 28333
122550 4 3 28334
122552 4 5 28335
122554 4 9 28336
122556 4 22 28630
122564 4 3 27950
122572 4 10 28457
122620 4 19 28124
122626 4 15 28411
122628 4 19 28412
122632 4 22 28414
122636 4 15 28591
122638 4 19 28592
122640 4 21 28593
122642 4 2 28669
122646 4 10 27953
122648 4 14 27954
122650 4 15 27955
122652 4 19 27956
122654 4 15 27979
122656 4 19 27980
122658 4 5 28479
122660 4 9 28480
122662 4 10 28481
122664 4 14 28482
122670 4 22 28498
122672 4 23 28499
122724 4 2 27661
122736 4 2 28057
122740 4 15 28447
122750 4 15 28639
122754 4 22 27958
122756 4 23 27959
122758 4 1 27960
122760 4 2 27961
122762 4 3 27962
122764 4 10 28013
122766 4 14 28014
122768 4 15 28015
122770 4 19 28064
122772 4 15 28231
122776 4 10 28517
122778 4 23 28523
122850 4 19 27704
122854 4 14 27726
122856 4 19 27728
122858 4 21 27729
122860 4 5 27963
122866 4 2 28141
122896 4 1 27708
122898 4 21 27813
122900 4 10 27965
122902 4 14 27966
122904 4 15 27967
122906 4 19 27968
122908 4 15 28003
122910 4 23 28127
122912 4 2 28129
122914 4 3 28130
122920 4 1 28260
122922 4 9 28432
122924 4 14 28434
122928 4 3 28490
122930 4 22 28570
122932 4 2 28585
122934 4 3 28670
122936 4 5 28671
123012 4 15 27883
123022 4 15 28255
123028 4 2 27697
123030 4 5 27759
123032 4 22 27970
123034 4 23 27971
123036 4 1 27972
123038 4 2 27973
123040 4 2 27985
123042 4 22 28006
123044 4 14 28038
123046 4 1 28044
123048 4 2 28177
123050 4 3 28178
123054 4 22 28222
123056 4 23 28223
123062 4 21 28233
123064 4 22 28234
123068 4 2 28405
123070 4 5 28419
123072 4 19 28424
123074 4 9 28576
123076 4 5 28611
123078 4 14 28614
123080 4 15 28615
123082 4 15 28663
123158 4 23 27743
123160 4 22 27874
123162 4 23 27875
123174 4 21 28437
123182 4 2 27877
123200 4 9 27820
123206 4 21 27981
123218 4 10 27977
123220 4 22 28486
123222 4 23 28487
123224 4 2 28489
123226 4 15 28495
123228 4 14 27978
123230 4 14 28170
123232 4 15 28171
123234 4 19 28172
123236 4 1 28248
123238 4 2 28249
123242 4 3 28274
123246 4 21 28641
123288 4 14 27750
123298 4 2 28429
123300 4 1 28500
123302 4 2 28501
123320 4 10 28277
123322 4 1 28440
123328 4 21 28629
123352 4 3 27698
123354 4 9 27700
123356 4 14 27738
123358 4 1 27984
123360 4 23 28295
123362 4 1 28296
123364 4 2 28297
123366 4 3 28298
123374 4 14 28314
123376 4 23 28643
123418 4 21 28197
123438 4 14 28302
123440 4 15 28303
123442 4 19 28304
123444 4 21 28305
123448 4 19 28616
123452 4 22 28618
123604 4 9 28360
123616 4 1 27648
123618 4 10 27713
123620 4 19 27716
123622 4 19 27992
123624 4 21 27993
123626 4 22 27994
123628 4 23 27995
123630 4 5 28023
123632 4 9 28024
123634 4 14 28026
123636 4 15 28039
123638 4 14 28218
123640 4 21 28221
123642 4 2 28237
123644 4 9 28276
123646 4 5 28347
123648 4 5 28431
123736 4 2 27853
123766 4 5 27687
123768 4 23 27791
123770 4 2 27793
123772 4 3 27794
123774 4 14 27834
123776 4 21 27837
123778 4 3 27998
123780 4 23 28007
123782 4 1 28032
123784 4 9 28060
123786 4 10 28385
123790 4 3 28454
123792 4 3 28538
123800 4 5 27999
123802 4 19 28004
123806 4 22 28330
123810 4 21 28425
123812 4 22 28426
123818 4 9 28000
123820 4 10 28001
123830 4 14 28386
123834 4 15 28423
123840 4 10 27665
123842 4 19 27668
123844 4 10 27689
123854 4 19 28028
123860 4 5 28299
123868 4 2 27865
123870 4 3 27866
123872 4 9 27868
123874 4 14 28002
123876 4 22 28018
123880 4 21 28497
123882 4 3 28502
123884 4 5 28503
123886 4 1 28596
123888 4 2 28597
123892 4 5 28599
123916 4 22 27682
123940 4 3 28478
123942 4 10 28565
123946 4 14 28602
123960 4 21 28005
123978 4 2 28621
123988 4 2 27985
124034 4 1 27672
124040 4 15 27679
124044 4 10 27773
124050 4 10 27893
124056 4 3 28058
124060 4 23 28367
124062 4 9 27712
124064 4 3 27722
124068 4 3 27902
124072 4 2 27913
124074 4 2 28009
124076 4 3 28010
124078 4 5 28011
124082 4 10 28037
124084 4 21 28053
124086 4 3 28070
124092 4 15 28195
124094 4 15 28267
124096 4 15 28399
124098 4 19 28400
124100 4 22 28402
124104 4 15 28447
124108 4 22 28462
124110 4 21 28473
124114 4 1 28476
124118 4 2 28513
124204 4 22 27670
124212 4 3 27962
124220 4 19 28016
124224 4 21 28065
124226 4 15 28231
124228 4 3 28514
124230 4 5 28515
124300 4 14 27654
124302 4 15 27655
124304 4 19 27656
124310 4 14 27786
124312 4 21 28017
124316 4 23 28151
124320 4 5 28263
124322 4 19 28532
124324 4 21 28533
124326 4 22 28534
124328 4 23 28535
124348 4 2 27685
124350 4 21 27789
124354 4 23 28019
124356 4 1 28020
124358 4 2 28021
124360 4 3 28022
124362 4 14 28098
124366 4 10 28133
124370 4 2 28165
124372 4 10 28265
124374 4 15 28339
124382 4 23 28415
124384 4 5 28563
124386 4 23 28595
124460 4 14 27714
124464 4 19 27812
124476 4 10 28025
124482 4 10 28097
124492 4 19 28484
124494 4 3 28550
124558 4 15 27895
124560 4 21 27897
124562 4 22 27898
124564 4 15 28027
124566 4 9 28348
124568 4 10 28349
124570 4 14 28350
124572 4 15 28351
124578 4 9 28516
124584 4 15 27667
124592 4 1 27792
124600 4 22 28066
124602 4 1 28068
124604 4 1 28176
124614 4 10 28445
124616 4 15 27775
124636 4 1 28644
124638 4 2 28645
124640 4 3 28646
124642 4 5 28647
124646 4 15 27715
124652 4 3 27806
124656 4 22 28030
124666 4 14 27798
124668 4 19 27800
124670 4 23 28031
124676 4 14 28254
124680 4 19 28316
124682 4 21 28317
124684 4 22 28318
124686 4 23 28319
124688 4 3 28658
124690 4 5 28659
124692 4 9 28660
124694 4 10 28661
124696 4 21 27669
124706 4 5 27879
124714 4 15 28519
124718 4 21 28521
124720 4 22 28522
124722 4 9 27676
124724 4 21 27717
124726 4 23 27719
124728 4 1 27720
124730 4 1 27732
124732 4 2 28033
124734 4 3 28034
124736 4 5 28035
124738 4 9 28036
124740 4 2 28117
124742 4 3 28118
124744 4 5 28131
124746 4 21 28389
124748 4 22 28390
124750 4 23 28391
124752 4 5 28395
124754 4 14 28398
124756 4 23 28403
124758 4 5 28479
124764 4 22 28546
124766 4 23 28547
124768 4 9 28564
124770 4 15 28579
124772 4 21 28653
124940 4 22 27790
124948 4 19 28040
124950 4 21 28041
124952 4 22 28042
124956 4 10 28217
124958 4 1 28236
124972 4 19 28628
124976 4 9 28648
124978 4 10 28649
124980 4 14 28650
124982 4 15 28651
125080 4 19 28376
125084 4 10 27917
125086 4 19 27920
125088 4 2 28045
125090 4 3 28046
125094 4 9 28048
125096 4 10 28049
125098 4 14 28050
125100 4 15 28051
125104 4 5 28227
125106 4 19 28244
125108 4 21 28245
125110 4 23 28247
125112 4 21 28257
125116 4 21 28485
125118 4 22 28582
125120 4 23 28583
125214 4 19 28052
125216 4 19 28160
125228 4 21 28569
125330 4 23 27731
125332 4 3 27734
125334 4 5 27735
125336 4 9 27736
125338 4 22 28054
125342 4 23 28235
125344 4 3 28382
125346 4 2 28417
125352 4 1 28488
125356 4 15 27763
125358 4 19 27764
125360 4 21 27765
125362 4 23 27767
125364 4 1 27768
125366 4 2 27769
125368 4 23 28055
125374 4 21 28377
125376 4 3 28418
125380 4 15 27907
125384 4 1 28056
125386 4 14 28146
125388 4 19 28148
125390 4 21 28149
125392 4 5 28311
125396 4 14 28338
125398 4 14 28374
125400 4 19 28472
125402 4 15 28555
125404 4 2 27661
125406 4 14 27690
125408 4 23 27707
125414 4 21 27957
125416 4 2 28057
125422 4 10 28601
125426 4 15 28639
125436 4 9 27772
125442 4 10 27893
125444 4 14 27894
125448 4 15 27919
125458 4 22 28438
125482 4 9 28624
125486 4 21 28629
125490 4 22 28666
125500 4 15 27835
125514 4 22 28174
125518 4 15 27739
125520 4 19 27740
125522 4 1 27744
125524 4 10 28061
125526 4 21 28269
125528 4 1 28272
125530 4 14 28278
125532 4 3 28346
125534 4 5 28551
125536 4 9 28552
125538 4 10 28553
125540 4 14 28554
125550 4 15 27991
125558 4 10 28409
125562 4 21 28581
125572 4 14 27702
125576 4 10 27833
125578 4 21 27933
125582 4 22 27946
125586 4 15 28063
125590 4 14 28542
125592 4 15 28543
125594 4 19 28544
125596 4 21 28545
125600 4 22 27958
125604 4 2 27961
125630 4 3 27782
125640 4 19 27836
125648 4 23 28067
125652 4 2 28069
125654 4 19 28136
125656 4 21 28137
125658 4 9 28144
125664 4 23 28211
125666 4 14 28422
125674 4 22 28474
125678 4 5 28575
125680 4 22 28594
125796 4 23 27659
125798 4 10 27797
125800 4 14 27822
125802 4 5 28071
125804 4 9 28072
125806 4 10 28073
125808 4 14 28074
125810 4 21 28089
125812 4 22 28090
125814 4 5 28095
125816 4 23 28115
125818 4 14 28170
125820 4 15 28171
125822 4 3 28238
125824 4 3 28286
125826 4 5 28287
125828 4 9 28288
125830 4 10 28361
125832 4 21 28509
125834 4 23 28511
125836 4 2 28525
125838 4 23 28607
125840 4 1 28608
125842 4 3 28610
125916 4 22 27862
125922 4 23 27911
125926 4 5 27915
125930 4 15 28075
125932 4 3 28166
125934 4 5 28167
125936 4 5 28455
125938 4 21 28665
125940 4 5 27747
125942 4 10 27749
125944 4 14 27750
125946 4 23 27899
125950 4 21 28077
125952 4 22 28078
125954 4 23 28079
125956 4 22 28162
125958 4 21 28341
125960 4 23 28427
125964 4 2 28429
125966 4 2 28501
125968 4 9 28540
126034 4 15 27811
126036 4 3 27842
126038 4 1 28080
126040 4 22 28306
126042 4 23 28307
126044 4 1 28308
126046 4 2 28309
126050 4 10 28625
126056 4 22 27814
126058 4 15 27823
126060 4 2 28081
126062 4 3 28082
126064 4 5 28083
126066 4 9 28084
126068 4 15 28279
126070 4 19 28280
126072 4 9 28504
126074 4 10 28505
126076 4 14 28506
126078 4 15 28507
126132 4 10 28085
126134 4 14 28086
126136 4 15 28087
126138 4 19 28088
126140 4 21 28281
126142 4 1 28284
126144 4 2 28285
126146 4 19 28508
126234 4 3 27686
126236 4 2 27721
126238 4 1 27828
126240 4 2 27889
126242 4 23 28091
126244 4 1 28092
126246 4 2 28093
126248 4 3 28094
126250 4 9 28096
126252 4 23 28163
126254 4 1 28164
126258 4 2 28189
126260 4 14 28290
126262 4 15 28291
126264 4 19 28292
126266 4 22 28366
126268 4 5 28383
126270 4 1 28440
126272 4 22 28510
126274 4 1 28512
126276 4 10 28541
126280 4 14 28626
126402 4 10 28025
126422 4 1 28020
126426 4 14 28098
126428 4 15 28339
126430 4 3 27650
126432 4 9 27652
126434 4 10 27653
126438 4 5 27831
126440 4 15 28099
126442 4 19 28100
126444 4 21 28101
126446 4 22 28102
126448 4 9 28108
126450 4 15 28207
126452 4 22 28210
126454 4 5 28275
126456 4 1 28320
126458 4 19 28364
126460 4 1 28524
126532 4 19 27692
126534 4 21 27693
126536 4 22 27730
126538 4 3 27746
126542 4 9 27784
126544 4 10 27941
126546 4 19 27944
126548 4 5 27951
126550 4 23 28103
126552 4 1 28104
126554 4 2 28105
126556 4 3 28106
126558 4 1 28116
126564 4 22 28138
126566 4 10 28145
126568 4 3 28154
126570 4 3 28262
126572 4 21 28365
126574 4 10 28421
126578 4 5 28491
126582 4 10 28493
126584 4 14 28494
126586 4 21 28557
126672 4 10 27821
126674 4 14 27870
126676 4 15 27871
126678 4 21 27873
126680 4 5 28107
126682 4 22 28378
126684 4 23 28379
126686 4 1 28380
126688 4 2 28381
126690 4 5 28635
126692 4 9 28636
126694 4 10 28637
126696 4 14 28638
126720 4 22 27658
126724 4 2 27829
126726 4 10 28109
126728 4 14 28110
126730 4 15 28111
126732 4 19 28112
126734 4 21 28113
126740 4 2 28225
126742 4 9 28300
126744 4 15 28375
126746 4 3 28526
126830 4 2 27673
126832 4 14 27678
126834 4 19 27680
126836 4 15 27931
126838 4 22 27934
126840 4 22 28114
126900 4 1 27720
126916 4 9 28480
126918 4 14 28482
126930 4 9 28036
126940 4 23 28403
126950 4 21 28653
126952 4 5 27663
126954 4 9 27664
126956 4 23 27755
126958 4 1 27756
126960 4 5 27783
126964 4 22 27910
126966 4 5 28119
126968 4 9 28120
126970 4 10 28121
126972 4 14 28122
126976 4 9 28168
126978 4 10 28169
126980 4 23 28175
126982 4 19 28268
126984 4 10 28325
126986 4 14 28326
126988 4 15 28327
126990 4 19 28340
126992 4 9 28384
126994 4 2 28453
126998 4 14 28518
127000 4 1 28536
127002 4 23 28571
127004 4 1 28572
127006 4 3 28574
127008 4 3 28586
127010 4 9 28588
127012 4 10 28589
127014 4 3 28622
127114 4 15 27703
127116 4 22 27706
127118 4 14 27726
127120 4 19 27728
127122 4 5 27843
127124 4 9 27844
127126 4 5 27939
127128 4 9 27952
127130 4 5 27963
127132 4 15 28123
127134 4 19 28124
127136 4 21 28125
127138 4 22 28126
127140 4 2 28141
127144 4 14 28590
127146 4 15 28591
127148 4 19 28592
127234 4 1 27708
127236 4 23 27743
127238 4 10 27965
127240 4 14 27966
127242 4 15 27967
127244 4 23 28127
127246 4 1 28128
127248 4 2 28129
127250 4 3 28130
127252 4 5 28155
127254 4 9 28432
127256 4 14 28434
127258 4 15 28435
127260 4 21 28437
127262 4 22 28570
127264 4 2 28585
127332 4 23 27719
127340 4 3 28034
127350 4 22 28390
127358 4 22 28546
127364 4 5 27711
127370 4 15 27943
127372 4 2 27997
127378 4 2 28021
127382 4 10 28133
127384 4 14 28134
127386 4 15 28135
127390 4 10 28265
127392 4 14 28266
127398 4 9 28408
127402 4 23 28415
127404 4 15 28483
127408 4 23 28595
127410 4 23 28631
127412 4 1 28632
127414 4 2 28633
127518 4 23 27695
127524 4 5 27879
127546 4 23 28139
127558 4 15 28519
127562 4 22 28522
127564 4 1 28548
127566 4 2 28549
127674 4 19 27824
127676 4 21 27825
127678 4 22 27826
127682 4 21 27897
127684 4 9 27916
127686 4 1 28140
127688 4 9 28348
127690 4 10 28349
127692 4 15 28351
127694 4 23 28439
127696 4 22 28654
127698 4 23 28655
127700 4 1 28656
127702 4 2 28657
127750 4 14 27762
127754 4 15 27847
127756 4 19 27848
127758 4 14 27858
127760 4 5 28143
127762 4 23 28295
127764 4 3 28298
127766 4 2 28345
127768 4 10 28433
127776 4 5 28623
127796 4 19 28460
127836 4 3 27698
127838 4 9 27700
127840 4 10 27701
127842 4 3 27710
127846 4 10 27809
127848 4 14 27810
127858 4 15 28147
127864 4 21 28161
127866 4 14 28230
127868 4 10 28301
127874 4 14 28314
127880 4 5 28527
127882 4 9 28528
127884 4 14 28530
127888 4 14 28566
127890 4 15 28567
127994 4 14 27654
127996 4 15 27655
127998 4 21 27777
128000 4 22 27778
128002 4 19 27932
128006 4 22 28150
128008 4 23 28151
128010 4 1 28152
128012 4 2 28153
128014 4 22 28258
128016 4 23 28259
128018 4 5 28263
128020 4 14 28362
128022 4 19 28532
128024 4 21 28533
128026 4 23 28535
128028 4 22 28606
128030 4 3 28670
128032 4 5 28671
128168 4 5 27675
128170 4 5 27723
128172 4 9 27724
128174 4 3 27890
128176 4 9 28156
128178 4 10 28157
128180 4 14 28158
128182 4 15 28159
128184 4 10 28181
128186 4 1 28356
128188 4 2 28357
128190 4 5 28359
128192 4 15 28363
128194 4 22 28450
128196 4 19 28568
128262 4 5 27771
128264 4 9 27772
128266 4 5 27891
128268 4 9 27892
128274 4 14 27918
128284 4 19 28160
128336 4 23 28079
128338 4 22 28162
128364 4 1 28164
128400 4 2 27685
128408 4 2 28165
128426 4 9 27964
128438 4 5 28167
128450 4 2 28453
128458 4 2 28537
128460 4 21 28665
128548 4 1 27660
128550 4 2 27733
128552 4 5 27819
128554 4 14 27978
128556 4 5 28071
128568 4 19 28172
128570 4 21 28173
128574 4 1 28248
128576 4 2 28249
128578 4 3 28274
128580 4 23 28343
128586 4 23 28607
128588 4 3 28610
128590 4 5 28611
128592 4 9 28612
128594 4 10 28613
128596 4 14 28614
128598 4 21 28641
128600 4 14 28662
128726 4 2 27757
128730 4 21 27909
128746 4 5 28587
128762 4 19 28028
128786 4 10 27689
128790 4 19 27884
128792 4 22 27970
128794 4 2 27973
128796 4 2 27985
128798 4 9 28000
128802 4 22 28006
128806 4 2 28177
128808 4 3 28178
128810 4 5 28179
128814 4 5 28299
128816 4 5 28419
128818 4 15 28423
128820 4 19 28424
128828 4 15 28615
128948 4 23 27683
128950 4 15 27691
128952 4 10 27869
128954 4 3 27878
128956 4 14 28182
128958 4 15 28183
128960 4 19 28184
128962 4 21 28185
128964 4 5 28191
128966 4 1 28404
128968 4 2 28441
128970 4 3 28442
128972 4 9 28444
128974 4 19 28580
128976 4 1 28584
129044 4 9 27832
129046 4 10 27833
129050 4 5 27903
129052 4 21 27933
129058 4 14 27990
129060 4 15 28063
129066 4 19 28604
129070 4 15 27751
129072 4 21 27753
129074 4 22 27754
129076 4 23 27851
129078 4 21 27885
129080 4 22 27886
129082 4 1 27888
129084 4 22 27982
129094 4 1 28188
129098 4 3 28190
129100 4 10 28277
129106 4 15 28399
129108 4 19 28400
129110 4 21 28401
129114 4 14 28446
129116 4 15 28447
129118 4 19 28448
129122 4 21 28605
129124 4 1 28620
129268 4 19 27788
129272 4 23 27947
129276 4 2 28009
129278 4 3 28010
129280 4 21 28053
129282 4 9 28192
129284 4 10 28193
129288 4 15 28195
129290 4 19 28352
129292 4 22 28354
129294 4 23 28355
129296 4 21 28389
129298 4 23 28391
129302 4 22 28402
129304 4 1 28416
129306 4 9 28456
129308 4 22 28462
129310 4 2 28513
129312 4 10 28577
129314 4 19 28652
129414 4 1 27924
129416 4 2 27925
129418 4 3 27926
129420 4 3 27986
129422 4 5 27987
129424 4 9 27988
129426 4 19 28196
129428 4 21 28197
129430 4 22 28198
129432 4 23 28199
129434 4 1 28200
129436 4 2 28201
129438 4 3 28202
129440 4 14 28302
129442 4 15 28303
129444 4 19 28304
129446 4 21 28305
129448 4 15 28471
129450 4 19 28616
129452 4 21 28617
129454 4 22 28618
129456 4 23 28619
129486 4 1 28464
129488 4 2 28465
129490 4 3 28466
129492 4 5 28467
129494 4 9 28468
129496 4 10 28469
129498 4 14 28470
129648 4 10 27785
129650 4 2 27865
129652 4 3 27866
129654 4 5 27867
129656 4 23 27923
129658 4 5 28203
129660 4 9 28204
129662 4 10 28205
129664 4 14 28206
129666 4 1 28212
129668 4 2 28393
129670 4 19 28496
129672 4 21 28497
129674 4 23 28499
129676 4 5 28503
129678 4 14 28578
129754 4 9 27652
129758 4 9 27760
129760 4 10 27761
129762 4 19 27776
129768 4 15 28099
129770 4 19 28100
129772 4 21 28101
129774 4 9 28108
129776 4 15 28207
129778 4 19 28208
129780 4 21 28209
129782 4 22 28210
129784 4 19 28256
129786 4 5 28275
129790 4 21 28353
129792 4 19 28364
129794 4 23 28463
129796 4 1 28524
129798 4 19 28664
129896 4 5 27879
129914 4 15 28519
129916 4 21 28521
129944 4 15 27739
129946 4 19 27740
129948 4 22 27742
129950 4 23 27935
129952 4 2 27937
129954 4 3 27938
129956 4 15 27991
129958 4 2 28213
129960 4 3 28214
129962 4 5 28215
129964 4 9 28216
129966 4 9 28360
129968 4 9 28420
129970 4 5 28551
129974 4 14 28554
129976 4 1 28668
130056 4 23 27803
130058 4 2 27805
130060 4 2 27949
130062 4 19 28040
130064 4 22 28042
130066 4 23 28043
130068 4 10 28217
130070 4 2 28333
130072 4 5 28335
130074 4 9 28336
130076 4 22 28630
130078 4 1 27648
130080 4 2 27649
130082 4 10 27725
130084 4 15 27787
130086 4 19 27992
130088 4 22 27994
130090 4 23 27995
130092 4 14 28218
130094 4 15 28219
130096 4 19 28220
130098 4 21 28221
130100 4 2 28237
130102 4 5 28431
130104 4 1 28596
130106 4 2 28597
130108 4 5 28599
130184 4 23 27971
130188 4 1 28044
130190 4 10 28109
130192 4 14 28110
130200 4 23 28223
130206 4 15 28375
130208 4 19 28376
130210 4 2 28405
130212 4 3 28526
130220 4 15 28663
130310 4 10 27677
130312 4 19 27824
130314 4 21 27825
130316 4 3 27950
130318 4 2 28045
130320 4 9 28048
130322 4 3 28226
130324 4 5 28227
130326 4 9 28228
130328 4 10 28229
130330 4 19 28244
130332 4 21 28245
130334 4 22 28246
130336 4 10 28457
130338 4 21 28485
130340 4 22 28582
130344 4 1 28656
130346 4 2 28657
130442 4 14 28338
130446 4 9 28528
130448 4 14 28530
130454 4 1 27960
130456 4 2 27961
130458 4 3 27962
130460 4 10 28013
130462 4 14 28014
130464 4 15 28015
130466 4 19 28064
130468 4 15 28231
130470 4 3 28514
130472 4 10 28517
130474 4 23 28523
130476 4 23 27731
130478 4 3 27734
130480 4 9 27736
130482 4 5 27759
130484 4 5 27795
130486 4 22 27838
130492 4 14 28038
130494 4 22 28054
130496 4 19 28232
130498 4 21 28233
130500 4 22 28234
130502 4 23 28235
130506 4 3 28358
130508 4 1 28368
130510 4 3 28382
130512 4 2 28417
130514 4 22 28486
130516 4 23 28487
130518 4 1 28488
130520 4 9 28576
130604 4 14 27654
130606 4 19 27656
130608 4 22 27790
130612 4 21 28041
130616 4 1 28236
130620 4 21 28533
130622 4 22 28534
130624 4 19 28628
130628 4 10 28649
130630 4 14 28650
130632 4 15 28651
130658 4 23 27659
130664 4 10 28073
130666 4 23 28115
130670 4 15 28171
130680 4 9 28612
130688 4 10 27929
130694 4 10 27989
130696 4 21 28005
130698 4 5 28239
130700 4 9 28240
130702 4 10 28241
130704 4 14 28242
130706 4 9 28252
130708 4 3 28370
130710 4 9 28372
130716 4 2 28621
130718 4 23 28667
130798 4 23 27671
130800 4 3 27674
130804 4 15 27679
130808 4 14 27774
130814 4 15 28243
130818 4 9 27688
130822 4 3 28046
130828 4 15 28051
130842 4 23 28247
130844 4 3 28406
130926 4 2 27745
130930 4 23 27839
130938 4 19 28172
130944 4 3 28250
130946 4 5 28251
130948 4 2 28273
130950 4 3 28274
130954 4 2 28369
130960 4 21 28461
130964 4 9 28552
130968 4 19 28556
130970 4 22 28594
131058 4 19 27800
131060 4 9 27880
131062 4 14 27882
131066 4 21 27969
131068 4 1 27996
131072 4 23 28031
131080 4 10 28253
131082 4 14 28254
131084 4 15 28255
131086 4 9 28264
131090 4 5 28371
131096 4 3 28658
131098 4 5 28659
131100 4 9 28660
131102 4 10 28661
131204 4 9 27892
131206 4 10 27917
131208 4 14 27918
131210 4 19 27920
131214 4 5 28047
131218 4 14 28050
131224 4 21 28257
131230 4 23 28583
131234 4 23 27779
131236 4 21 27813
131242 4 14 27966
131244 4 15 28003
131246 4 22 28150
131252 4 22 28258
131256 4 1 28260
131258 4 2 28261
131262 4 3 28490
131266 4 3 28670
131346 4 15 27775
131348 4 10 27941
131350 4 19 27944
131354 4 1 28104
131356 4 2 28105
131358 4 10 28145
131360 4 3 28262
131362 4 21 28365
131366 4 15 27655
131372 4 21 28017
131380 4 5 28263
131390 4 10 27881
131396 4 9 27928
131410 4 21 27789
131414 4 1 28020
131418 4 14 28134
131420 4 10 28265
131422 4 14 28266
131424 4 15 28339
131426 4 23 28415
131428 4 23 28631
131430 4 1 28632
131432 4 2 28633
131438 4 15 27943
131440 4 2 27997
131450 4 15 28483
131460 4 3 27902
131464 4 2 27913
131466 4 2 28009
131468 4 9 28012
131472 4 3 28070
131474 4 15 28267
131476 4 23 28475
131478 4 2 28477
131480 4 5 28539
131482 4 5 27663
131484 4 23 27755
131488 4 5 27783
131490 4 5 28119
131492 4 9 28120
131494 4 14 28122
131496 4 19 28268
131498 4 19 28340
131504 4 3 28574
131506 4 3 28622
131510 4 1 27744
131512 4 9 27796
131514 4 5 27819
131516 4 10 28061
131518 4 21 28269
131520 4 22 28270
131522 4 23 28271
131524 4 1 28272
131526 4 14 28278
131528 4 3 28346
131536 4 23 28607
131538 4 2 28609
131644 4 10 28361
131674 4 10 27713
131676 4 19 27716
131680 4 21 27993
131684 4 5 28023
131686 4 9 28024
131688 4 14 28026
131690 4 15 28039
131692 4 9 28276
131694 4 5 28347
131700 4 1 27888
131702 4 22 27982
131712 4 1 28440
131724 4 15 28627
131756 4 22 27814
131758 4 15 27823
131760 4 2 28081
131762 4 3 28082
131764 4 5 28083
131766 4 15 28279
131768 4 19 28280
131780 4 23 27815
131782 4 1 27816
131784 4 2 27817
131786 4 10 28085
131788 4 14 28086
131790 4 15 28087
131792 4 21 28281
131794 4 22 28282
131796 4 23 28283
131798 4 1 28284
131800 4 2 28285
131802 4 19 28508
131806 4 1 28608
131898 4 21 28089
131900 4 22 28090
131902 4 5 28095
131904 4 3 28286
131906 4 5 28287
131908 4 9 28288
131910 4 10 28289
131912 4 21 28509
131914 4 23 28511
131968 4 3 27818
131972 4 1 28092
131974 4 3 28094
131976 4 9 28096
131978 4 14 28290
131980 4 15 28291
131982 4 19 28292
131984 4 21 28293
131986 4 22 28510
131988 4 1 28512
132046 4 21 27801
132048 4 15 27847
132050 4 19 27848
132052 4 22 27850
132054 4 22 28294
132056 4 22 28342
132062 4 2 28573
132064 4 5 28623
132066 4 3 27698
132068 4 14 27738
132072 4 2 27757
132074 4 14 27762
132080 4 1 27984
132082 4 5 28143
132084 4 23 28295
132086 4 1 28296
132088 4 2 28297
132090 4 3 28298
132092 4 5 28311
132094 4 9 28312
132096 4 14 28314
132098 4 2 28345
132100 4 10 28433
132104 4 3 28586
132106 4 5 28587
132108 4 10 28589
132114 4 23 28643
132206 4 10 27689
132212 4 10 28001
132216 4 2 28177
132218 4 5 28179
132222 4 5 28299
132224 4 15 28423
132226 4 14 27822
132228 4 2 27829
132230 4 10 28109
132234 4 19 28112
132236 4 9 28300
132250 4 21 27945
132254 4 14 28146
132258 4 22 28186
132262 4 10 28301
132264 4 14 28338
132274 4 23 28199
132276 4 1 28200
132280 4 14 28302
132284 4 19 28304
132286 4 21 28305
132288 4 1 28464
132290 4 2 28465
132292 4 3 28466
132296 4 9 28468
132298 4 10 28469
132300 4 14 28470
132302 4 23 28559
132304 4 1 28560
132306 4 2 28561
132308 4 3 28562
132314 4 22 28618
132408 4 3 27662
132410 4 3 27842
132412 4 1 28080
132414 4 22 28306
132416 4 23 28307
132418 4 1 28308
132420 4 2 28309
132422 4 3 28310
132424 4 9 28600
132426 4 10 28601
132428 4 15 28603
132432 4 10 28625
132434 4 21 28629
132518 4 9 27700
132522 4 19 27908
132528 4 3 27914
132530 4 5 27915
132534 4 1 28056
132538 4 15 28147
132540 4 19 28148
132552 4 10 28313
132558 4 10 28373
132560 4 14 28374
132562 4 19 28472
132564 4 15 28555
132570 4 9 28588
132684 4 22 27802
132686 4 2 27853
132688 4 3 27854
132690 4 5 27855
132692 4 15 28315
132694 4 1 28344
132700 4 3 28634
132702 4 15 27763
132704 4 21 27765
132706 4 23 27767
132708 4 1 27768
132710 4 14 27798
132712 4 10 27905
132714 4 23 28031
132716 4 23 28055
132718 4 19 28316
132720 4 21 28317
132722 4 22 28318
132724 4 23 28319
132726 4 21 28377
132728 4 3 28418
132730 4 3 28658
132732 4 5 28659
132808 4 1 27828
132810 4 5 27831
132816 4 22 28102
132818 4 1 28320
132820 4 1 27840
132822 4 2 28321
132824 4 3 28322
132828 4 19 27860
132834 4 2 27841
132836 4 5 28323
132838 4 9 28324
132842 4 15 27859
132848 4 9 27664
132854 4 10 28121
132858 4 3 28166
132860 4 5 28167
132862 4 10 28169
132864 4 10 28325
132866 4 14 28326
132868 4 15 28327
132870 4 19 28328
132872 4 9 28384
132874 4 14 28518
132876 4 1 28536
132878 4 2 28537
132944 4 1 27852
132946 4 21 27861
132948 4 1 27912
132950 4 5 27999
132952 4 19 28004
132954 4 21 28329
132956 4 22 28330
132958 4 23 28331
132960 4 1 28332
132962 4 21 28425
132964 4 22 28426
132968 4 14 28602
133038 4 1 27804
133040 4 19 27812
133042 4 2 27949
133046 4 22 28030
133052 4 22 28042
133054 4 10 28097
133058 4 2 28333
133060 4 3 28334
133064 4 9 28336
133066 4 19 28484
133068 4 3 28550
133072 4 9 28648
133074 4 10 28649
133170 4 10 27857
133174 4 5 27951
133178 4 10 28337
133180 4 5 28491
133182 4 10 28493
133184 4 21 28557
133186 4 22 28558
133230 4 14 28098
133250 4 22 27910
133256 4 23 28175
133262 4 2 28453
133278 4 10 27749
133280 4 23 27899
133282 4 19 28076
133284 4 22 28078
133286 4 22 28162
133288 4 21 28341
133326 4 3 28274
133418 4 19 27824
133420 4 22 27826
133422 4 15 27895
133424 4 21 27897
133426 4 15 28027
133428 4 1 28140
133430 4 9 28348
133432 4 10 28349
133434 4 14 28350
133436 4 15 28351
133438 4 23 28439
133442 4 9 28516
133444 4 10 28517
133448 4 23 28655
133530 4 10 27761
133534 4 19 27788
133536 4 3 27830
133538 4 9 28192
133540 4 10 28193
133556 4 22 28354
133558 4 23 28355
133560 4 21 28389
133562 4 23 28391
133564 4 5 28395
133566 4 9 28396
133568 4 14 28398
133570 4 23 28463
133572 4 23 28547
133574 4 10 28577
133576 4 19 28652
133578 4 19 28664
133676 4 2 27697
133678 4 5 27723
133682 4 5 27795
133686 4 9 27940
133688 4 9 27976
133690 4 9 28156
133692 4 10 28157
133694 4 14 28158
133696 4 10 28181
133698 4 19 28232
133700 4 21 28233
133702 4 1 28356
133706 4 3 28358
133708 4 5 28359
133710 4 1 28368
133714 4 22 28450
133716 4 23 28451
133718 4 19 28568
133802 4 2 27937
133806 4 15 27991
133808 4 2 28213
133810 4 3 28214
133812 4 9 28216
133814 4 9 28360
133816 4 9 28420
133820 4 14 28554
133828 4 9 28072
133830 4 10 28073
133854 4 1 28152
133862 4 2 28261
133864 4 14 28362
133866 4 22 28606
133868 4 9 27724
133870 4 3 27890
133874 4 15 28159
133878 4 15 28363
133880 4 3 27650
133890 4 9 28108
133894 4 22 28210
133898 4 19 28364
133900 4 1 28524
133910 4 23 28103
133912 4 2 28105
133914 4 10 28145
133916 4 3 28154
133924 4 9 28492
133930 4 2 27721
133934 4 22 27754
133936 4 23 27851
133940 4 23 28163
133942 4 1 28164
133948 4 3 28190
133950 4 22 28366
133952 4 15 28399
133954 4 21 28401
133956 4 10 28541
133958 4 21 28605
133962 4 1 27672
133964 4 5 27771
133966 4 10 27773
133968 4 5 27891
133970 4 10 27893
133972 4 1 28008
133974 4 3 28058
133976 4 23 28367
134010 4 2 28369
134014 4 19 28460
134024 4 19 28556
134026 4 9 27880
134028 4 14 27882
134032 4 21 27969
134034 4 21 28005
134036 4 5 28239
134044 4 9 28264
134054 4 23 28667
134084 4 10 27929
134090 4 9 28240
134108 4 3 27914
134132 4 2 27913
134154 4 15 28111
134156 4 21 28113
134158 4 22 28222
134160 4 1 28224
134162 4 15 28375
134164 4 19 28376
134166 4 3 28526
134170 4 22 27970
134172 4 23 27971
134174 4 1 28044
134184 4 2 28405
134212 4 14 27678
134214 4 21 27681
134216 4 14 27870
134218 4 21 27873
134220 4 15 27931
134222 4 5 28107
134224 4 22 28378
134226 4 23 28379
134228 4 1 28380
134230 4 2 28381
134232 4 3 28394
134234 4 5 28635
134236 4 9 28636
134238 4 14 28638
134310 4 23 27731
134314 4 9 27736
134324 4 23 28235
134334 4 2 28417
134336 4 22 28486
134338 4 23 28487
134340 4 1 28488
134342 4 3 27686
134344 4 2 27889
134356 4 5 28383
134358 4 1 28440
134364 4 14 28626
134374 4 9 28120
134380 4 9 28168
134392 4 5 28455
134398 4 5 27687
134402 4 23 27791
134404 4 22 27838
134406 4 1 27900
134408 4 3 27998
134410 4 9 28000
134412 4 23 28007
134414 4 10 28385
134416 4 14 28386
134418 4 15 28387
134420 4 19 28388
134422 4 3 28454
134424 4 3 28538
134490 4 21 27717
134492 4 23 27719
134494 4 15 27799
134498 4 23 27947
134500 4 1 27948
134502 4 2 28033
134504 4 3 28034
134506 4 9 28036
134508 4 5 28131
134522 4 22 28390
134526 4 1 28392
134532 4 1 28416
134534 4 9 28456
134536 4 14 28542
134538 4 15 28543
134540 4 19 28544
134542 4 22 28546
134550 4 21 28653
134656 4 10 27785
134658 4 23 27923
134660 4 5 28203
134662 4 10 28205
134664 4 14 28206
134666 4 2 28393
134682 4 9 27676
134684 4 23 27683
134692 4 3 28118
134704 4 10 28397
134708 4 23 28403
134710 4 2 28441
134712 4 3 28442
134714 4 1 28452
134716 4 5 28479
134718 4 9 28480
134724 4 9 28564
134726 4 1 28584
134728 4 22 28642
134822 4 21 27753
134828 4 2 28009
134830 4 3 28010
134832 4 5 28011
134836 4 1 28188
134848 4 19 28400
134852 4 22 28402
134854 4 14 28446
134858 4 22 28462
134860 4 21 28473
134862 4 2 28513
134866 4 1 28620
134996 4 3 27878
134998 4 14 28182
135000 4 19 28184
135002 4 5 28191
135004 4 1 28404
135016 4 23 28223
135024 4 5 28611
135026 4 14 28614
135028 4 15 28663
135030 4 10 27917
135032 4 19 27920
135034 4 2 28045
135036 4 3 28046
135038 4 5 28047
135040 4 10 28049
135042 4 14 28050
135044 4 15 28051
135046 4 19 28244
135048 4 23 28247
135050 4 21 28257
135056 4 23 28583
135058 4 21 27921
135066 4 2 28021
135068 4 14 28062
135072 4 10 28133
135074 4 15 28135
135076 4 2 28165
135078 4 5 28407
135080 4 9 28408
135082 4 10 28409
135084 4 14 28410
135088 4 5 28563
135090 4 21 28581
135092 4 23 28595
135094 4 1 28644
135096 4 2 28645
135098 4 3 28646
135186 4 5 27843
135188 4 10 27845
135190 4 9 27952
135192 4 15 28411
135194 4 19 28412
135196 4 21 28413
135198 4 22 28414
135200 4 14 28590
135202 4 15 28591
135204 4 21 28593
135206 4 2 28669
135266 4 21 27789
135278 4 14 28134
135298 4 14 27990
135304 4 14 28194
135326 4 22 28234
135362 4 2 27985
135364 4 22 28006
135366 4 2 28177
135368 4 3 28178
135372 4 5 28419
135374 4 19 28424
135380 4 15 28615
135384 4 2 27937
135396 4 19 27692
135398 4 21 27693
135402 4 1 28104
135404 4 3 28106
135406 4 1 28116
135408 4 19 28136
135410 4 21 28137
135412 4 22 28138
135414 4 10 28421
135416 4 14 28422
135418 4 22 28066
135420 4 23 28067
135422 4 2 28069
135438 4 22 28474
135442 4 10 27689
135448 4 10 28001
135456 4 5 28299
135458 4 15 28423
135486 4 1 27912
135492 4 21 28329
135494 4 22 28330
135498 4 21 28425
135500 4 22 28426
135502 4 9 28600
135522 4 14 27750
135526 4 15 27871
135528 4 14 27906
135530 4 21 27981
135532 4 19 28076
135534 4 21 28077
135536 4 23 28079
135538 4 22 28162
135540 4 23 28427
135542 4 1 28428
135544 4 2 28429
135546 4 3 28430
135548 4 1 28500
135550 4 2 28501
135552 4 9 28540
135624 4 1 27648
135626 4 19 27992
135628 4 22 27994
135630 4 23 27995
135632 4 14 28218
135634 4 21 28221
135636 4 2 28237
135638 4 5 28431
135640 4 1 27708
135642 4 10 27965
135644 4 14 27966
135646 4 15 27967
135648 4 23 28127
135650 4 2 28129
135652 4 3 28130
135654 4 9 28432
135656 4 14 28434
135658 4 15 28435
135660 4 22 28570
135662 4 2 28585
135668 4 15 27847
135674 4 23 28295
135688 4 23 27743
135690 4 22 27874
135696 4 3 27974
135698 4 5 27975
135704 4 5 28155
135712 4 19 28436
135714 4 21 28437
135794 4 9 27772
135798 4 14 27894
135802 4 15 27919
135806 4 19 28160
135808 4 22 28438
135818 4 1 28140
135820 4 9 28348
135822 4 10 28349
135826 4 23 28439
135834 4 21 27885
135836 4 1 27888
135838 4 22 27982
135848 4 10 28277
135860 4 22 28666
135864 4 2 27781
135866 4 22 27922
135872 4 15 28183
135874 4 21 28185
135890 4 5 28443
135892 4 9 28444
135900 4 19 28580
135984 4 15 27667
135988 4 1 27792
135990 4 14 27834
135992 4 15 27835
135996 4 9 28060
136000 4 1 28068
136002 4 22 28174
136004 4 1 28176
136006 4 10 28445
136010 4 22 27886
136012 4 21 27957
136018 4 10 28037
136036 4 21 28449
136040 4 23 28475
136042 4 1 28476
136046 4 5 28539
136054 4 15 28639
136056 4 19 28640
136160 4 23 27899
136164 4 9 28156
136166 4 10 28157
136172 4 5 28359
136174 4 22 28450
136178 4 19 28568
136186 4 9 27976
136224 4 1 27756
136238 4 23 28175
136252 4 10 28589
136264 4 10 28385
136282 4 9 27964
136284 4 15 28075
136292 4 5 28167
136302 4 21 28665
136332 4 21 27825
136334 4 3 27950
136336 4 3 28226
136338 4 9 28228
136340 4 10 28229
136342 4 10 28457
136346 4 1 28656
136352 4 3 27782
136354 4 23 27935
136356 4 3 27938
136358 4 23 27983
136360 4 21 28029
136366 4 9 28144
136370 4 1 28248
136374 4 2 28273
136380 4 15 28459
136382 4 19 28460
136386 4 15 28531
136388 4 5 28551
136394 4 5 28575
136396 4 22 28594
136490 4 3 27722
136514 4 10 27761
136522 4 21 28209
136528 4 23 28355
136534 4 21 28197
136536 4 14 28302
136538 4 21 28305
136540 4 1 28464
136542 4 2 28465
136544 4 3 28466
136546 4 5 28467
136550 4 10 28469
136554 4 23 28559
136556 4 1 28560
136558 4 2 28561
136560 4 3 28562
136716 4 2 27925
136718 4 3 27926
136720 4 3 27986
136722 4 5 27987
136724 4 9 27988
136726 4 19 28196
136728 4 22 28198
136730 4 23 28199
136732 4 15 28471
136734 4 19 28616
136736 4 21 28617
136738 4 23 28619
136740 4 2 27901
136744 4 1 28056
136746 4 14 28146
136750 4 5 28311
136754 4 14 28338
136760 4 15 28555
136790 4 19 27836
136804 4 23 28211
136810 4 2 27661
136812 4 22 27682
136814 4 9 27712
136818 4 1 27864
136830 4 3 28070
136832 4 15 28267
136844 4 2 28477
136846 4 3 28478
136850 4 10 28565
136956 4 21 27717
136958 4 1 27732
136960 4 10 27953
136962 4 14 27954
136964 4 19 27956
136968 4 2 28117
136986 4 10 28481
136988 4 14 28482
136990 4 9 28564
136992 4 15 28579
137076 4 5 27711
137078 4 10 27941
137080 4 15 27943
137090 4 10 28145
137092 4 14 28266
137094 4 15 28483
137096 4 23 28631
137098 4 2 28633
137106 4 23 27803
137108 4 1 27804
137110 4 19 27812
137114 4 22 28030
137116 4 15 28039
137118 4 10 28097
137120 4 2 28333
137122 4 3 28334
137124 4 9 28336
137126 4 19 28484
137128 4 3 28550
137134 4 9 28048
137136 4 10 28049
137142 4 5 28227
137144 4 19 28244
137146 4 21 28245
137152 4 21 28485
137154 4 22 28582
137158 4 5 27735
137160 4 9 27820
137162 4 10 27977
137166 4 19 28232
137174 4 23 28487
137176 4 1 28488
137178 4 2 28489
137180 4 15 28495
137248 4 21 27813
137254 4 15 28003
137256 4 22 28258
137258 4 23 28259
137260 4 1 28260
137262 4 3 28490
137264 4 3 28670
137266 4 5 28671
137268 4 19 27692
137270 4 9 27784
137272 4 2 27853
137274 4 10 27857
137280 4 23 28103
137282 4 1 28116
137286 4 10 28337
137288 4 21 28365
137290 4 5 28491
137294 4 10 28493
137296 4 14 28494
137298 4 21 28557
137300 4 22 28558
137392 4 2 27865
137394 4 3 27866
137398 4 15 27979
137400 4 19 27980
137402 4 14 28002
137404 4 5 28203
137406 4 9 28204
137408 4 10 28205
137410 4 1 28212
137412 4 19 28496
137414 4 21 28497
137416 4 22 28498
137418 4 23 28499
137420 4 3 28502
137422 4 5 28503
137424 4 14 28578
137496 4 5 27747
137500 4 21 27981
137504 4 2 28429
137516 4 19 28076
137530 4 9 28540
137568 4 2 28081
137570 4 3 28082
137572 4 9 28084
137574 4 9 28504
137576 4 10 28505
137578 4 14 28506
137580 4 15 28507
137624 4 10 28085
137626 4 14 28086
137628 4 15 28087
137630 4 21 28281
137632 4 1 28284
137634 4 2 28285
137636 4 19 28508
137638 4 5 28071
137640 4 21 28089
137642 4 22 28090
137644 4 5 28095
137646 4 3 28286
137648 4 5 28287
137650 4 9 28288
137652 4 21 28509
137654 4 23 28511
137658 4 1 28092
137660 4 3 28094
137662 4 9 28096
137664 4 14 28290
137666 4 15 28291
137668 4 19 28292
137670 4 22 28510
137672 4 1 28512
137730 4 22 27898
137732 4 22 27958
137734 4 3 27962
137736 4 10 28013
137738 4 15 28015
137740 4 19 28016
137742 4 15 28027
137744 4 15 28231
137746 4 9 28348
137748 4 10 28349
137750 4 14 28350
137752 4 3 28514
137754 4 5 28515
137756 4 9 28516
137758 4 10 28517
137760 4 23 28523
137838 4 9 27664
137844 4 14 28122
137850 4 10 28325
137852 4 14 28326
137854 4 15 28327
137858 4 14 28518
137862 4 21 27669
137866 4 23 27695
137870 4 5 27879
137872 4 1 28032
137878 4 23 28139
137882 4 15 28519
137884 4 19 28520
137886 4 21 28521
137888 4 22 28522
137890 4 1 28548
137892 4 2 28549
137988 4 9 27652
137990 4 15 28099
137992 4 19 28100
137994 4 21 28101
138000 4 22 28210
138002 4 5 28275
138006 4 1 28524
138008 4 23 27659
138012 4 9 28072
138014 4 10 28073
138016 4 23 28115
138018 4 14 28170
138020 4 15 28171
138022 4 3 28238
138024 4 10 28361
138026 4 2 28525
138028 4 23 28607
138030 4 3 28610
138032 4 10 28109
138034 4 14 28110
138036 4 15 28111
138038 4 21 28113
138040 4 22 28222
138042 4 1 28224
138044 4 2 28225
138046 4 15 28375
138048 4 3 28526
138050 4 3 27698
138052 4 3 27710
138054 4 5 27807
138056 4 10 27809
138058 4 21 27933
138062 4 15 28147
138064 4 21 28161
138066 4 14 28230
138068 4 5 28527
138070 4 9 28528
138072 4 10 28529
138074 4 14 28530
138076 4 14 28566
138078 4 15 28567
138168 4 14 27654
138170 4 19 27656
138172 4 21 27777
138174 4 14 27786
138176 4 21 28017
138178 4 19 28040
138180 4 21 28041
138186 4 1 28236
138188 4 5 28263
138190 4 19 28532
138192 4 21 28533
138194 4 22 28534
138196 4 23 28535
138198 4 19 28628
138200 4 9 28648
138202 4 10 28649
138204 4 15 28651
138314 4 2 28537
138330 4 5 27687
138336 4 23 28007
138340 4 15 28387
138380 4 21 28077
138396 4 2 27721
138402 4 1 28164
138408 4 22 28366
138414 4 10 28541
138420 4 14 27702
138424 4 15 27799
138430 4 15 28063
138434 4 22 28390
138440 4 14 28542
138446 4 21 28545
138516 4 23 27719
138518 4 2 28033
138520 4 3 28034
138522 4 9 28036
138530 4 23 28391
138536 4 22 28546
138538 4 23 28547
138550 4 21 28353
138552 4 22 28354
138566 4 19 28652
138614 4 10 27713
138622 4 10 28097
138632 4 15 27739
138634 4 19 27740
138638 4 3 27938
138640 4 10 28061
138644 4 3 28214
138646 4 5 28215
138650 4 2 28249
138652 4 21 28269
138654 4 14 28278
138656 4 3 28346
138658 4 9 28360
138670 4 9 28552
138672 4 10 28553
138678 4 1 28668
138778 4 9 27700
138790 4 5 28311
138794 4 14 28314
138810 4 2 28273
138826 4 22 28594
138882 4 14 28470
138952 4 23 28019
138958 4 10 28133
138960 4 15 28135
138966 4 10 28409
138968 4 23 28415
138970 4 5 28563
138972 4 23 28595
138998 4 14 28482
139018 4 3 28478
139070 4 5 27723
139072 4 9 28156
139076 4 14 28158
139078 4 10 28181
139080 4 1 28356
139082 4 2 28357
139086 4 22 28450
139090 4 5 27891
139092 4 9 27892
139094 4 10 27917
139096 4 14 27918
139100 4 19 28052
139102 4 19 28160
139104 4 21 28257
139106 4 21 28569
139108 4 23 27743
139112 4 15 27967
139114 4 23 28127
139116 4 3 28130
139120 4 9 28432
139124 4 15 28435
139126 4 21 28437
139132 4 23 27755
139134 4 5 27783
139136 4 21 27801
139138 4 15 27847
139140 4 19 27848
139142 4 19 27860
139148 4 5 28143
139150 4 19 28268
139152 4 22 28294
139154 4 23 28295
139156 4 19 28340
139158 4 22 28342
139160 4 2 28345
139162 4 10 28433
139166 4 1 28572
139168 4 2 28573
139170 4 3 28574
139172 4 3 28622
139268 4 5 27759
139270 4 22 27970
139272 4 22 28006
139274 4 14 28038
139278 4 21 28233
139280 4 22 28234
139282 4 9 28576
139284 4 19 27788
139302 4 10 28577
139310 4 5 28203
139346 4 23 27683
139350 4 15 28183
139352 4 21 28185
139354 4 5 28191
139356 4 2 28441
139362 4 19 28580
139366 4 21 27921
139370 4 15 27991
139378 4 14 28410
139380 4 21 28581
139386 4 3 28646
139388 4 10 27677
139390 4 2 28045
139394 4 3 28226
139398 4 9 28228
139404 4 22 28246
139408 4 22 28582
139412 4 19 27920
139416 4 5 28047
139424 4 3 28406
139426 4 23 28583
139438 4 9 28396
139440 4 10 28397
139450 4 22 28642
139472 4 2 27757
139474 4 19 27908
139476 4 21 27909
139484 4 1 28296
139488 4 9 28312
139494 4 10 28373
139496 4 2 28453
139500 4 5 28587
139502 4 9 28588
139504 4 10 28589
139506 4 23 28643
139600 4 5 27843
139602 4 9 27952
139604 4 15 28123
139606 4 19 28124
139608 4 21 28125
139610 4 15 28411
139612 4 21 28413
139614 4 22 28414
139618 4 15 28591
139620 4 19 28592
139622 4 21 28593
139624 4 2 28669
139730 4 2 28165
139744 4 2 27649
139746 4 15 27787
139750 4 14 28002
139752 4 22 28018
139754 4 14 28218
139756 4 15 28219
139758 4 19 28220
139760 4 2 28237
139762 4 1 28596
139764 4 2 28597
139766 4 3 28598
139768 4 5 28599
139834 4 2 27661
139836 4 3 27662
139838 4 23 27707
139840 4 1 27852
139844 4 21 27885
139850 4 2 28057
139852 4 5 28059
139854 4 22 28306
139856 4 23 28307
139858 4 3 28310
139860 4 21 28329
139864 4 1 28332
139866 4 21 28425
139884 4 10 28601
139888 4 15 28603
139890 4 15 28639
139998 4 9 27832
140002 4 5 27903
140006 4 14 27990
140008 4 22 28186
140010 4 10 28301
140012 4 19 28604
140014 4 15 27751
140016 4 21 27753
140018 4 23 27851
140028 4 15 28399
140032 4 21 28401
140036 4 15 28447
140038 4 21 28605
140040 4 1 28620
140044 4 19 27932
140046 4 22 28150
140048 4 1 28152
140052 4 22 28258
140054 4 23 28259
140056 4 14 28362
140058 4 22 28606
140060 4 3 28670
140062 4 5 28671
140064 4 10 27797
140066 4 2 27817
140068 4 5 27819
140070 4 5 28071
140074 4 22 28090
140080 4 22 28270
140082 4 23 28271
140084 4 3 28274
140090 4 22 28282
140092 4 23 28283
140096 4 2 28525
140100 4 1 28608
140102 4 2 28609
140190 4 1 27660
140192 4 2 27733
140196 4 2 27973
140200 4 19 28172
140202 4 21 28173
140204 4 2 28177
140206 4 3 28178
140208 4 5 28179
140212 4 23 28223
140214 4 2 28225
140218 4 2 28405
140220 4 5 28419
140222 4 5 28611
140224 4 9 28612
140226 4 10 28613
140228 4 14 28614
140230 4 15 28615
140232 4 14 28662
140234 4 15 28663
140350 4 1 27924
140354 4 5 27987
140356 4 19 28196
140358 4 23 28199
140360 4 5 28239
140362 4 10 28241
140364 4 14 28242
140368 4 15 28303
140370 4 19 28304
140372 4 15 28471
140374 4 19 28616
140376 4 21 28617
140378 4 22 28618
140380 4 23 28619
140462 4 22 27886
140468 4 10 28277
140484 4 9 27880
140486 4 14 27882
140490 4 21 28005
140496 4 9 28252
140498 4 9 28264
140500 4 3 28370
140502 4 5 28371
140504 4 9 28372
140506 4 2 28621
140508 4 23 28667
140568 4 1 27696
140570 4 15 27811
140572 4 15 27823
140576 4 2 27889
140578 4 22 27982
140582 4 1 28080
140584 4 23 28091
140586 4 3 28094
140596 4 2 28309
140598 4 5 28383
140606 4 10 28625
140608 4 14 28626
140612 4 21 28629
140614 4 22 28666
140710 4 21 28041
140712 4 1 28236
140718 4 22 28534
140726 4 15 28651
140758 4 2 27949
140762 4 22 28042
140764 4 10 28217
140766 4 2 28333
140768 4 5 28335
140770 4 9 28336
140772 4 22 28630
140778 4 14 28650
140780 4 22 27802
140782 4 2 27853
140784 4 3 27854
140786 4 15 27859
140794 4 10 28265
140796 4 14 28266
140798 4 15 28315
140802 4 1 28344
140804 4 15 28483
140806 4 23 28631
140808 4 1 28632
140810 4 2 28633
140812 4 3 28634
140880 4 10 27821
140884 4 15 27871
140886 4 5 28107
140888 4 22 28378
140890 4 23 28379
140892 4 1 28380
140894 4 5 28635
140896 4 9 28636
140898 4 10 28637
140900 4 14 28638
141018 4 14 27978
141026 4 2 28249
141030 4 23 28343
141032 4 21 28641
141040 4 10 28397
141048 4 1 28452
141060 4 1 27984
141066 4 2 28297
141072 4 14 28314
141080 4 15 27775
141082 4 23 27935
141086 4 21 28029
141094 4 10 28145
141112 4 5 28647
141188 4 22 27790
141300 4 21 28353
141318 4 9 27676
141344 4 21 28653
141346 4 19 27824
141348 4 21 27825
141350 4 15 27895
141352 4 9 27916
141354 4 1 28140
141358 4 10 28229
141362 4 10 28349
141364 4 23 28439
141366 4 10 28457
141370 4 23 28655
141372 4 1 28656
141374 4 2 28657
141454 4 15 27763
141456 4 10 27905
141458 4 23 28031
141462 4 10 28253
141464 4 14 28254
141466 4 19 28316
141468 4 22 28318
141470 4 23 28319
141472 4 21 28377
141474 4 3 28658
141476 4 5 28659
141478 4 9 28660
141480 4 10 28661
141596 4 10 27761
141598 4 19 27776
141600 4 15 28207
141602 4 19 28208
141604 4 21 28209
141612 4 23 28463
141620 4 1 27912
141622 4 9 27964
141624 4 15 28075
141628 4 5 28167
141630 4 5 28455
141632 4 21 28665
141674 4 15 27739
141676 4 19 27740
141680 4 3 27938
141682 4 2 28213
141684 4 3 28214
141688 4 9 28360
141700 4 9 27952
141710 4 15 28591
141712 4 21 28593
141718 4 15 28003
141728 4 3 28490
141756 4 2 28697
141758 4 14 28870
141760 4 15 28871
141762 4 19 28872
141764 4 21 28873
141766 4 3 28890
141768 4 10 29037
141770 4 22 28730
141772 4 9 29036
141774 4 1 29044
141776 4 2 29045
141778 4 3 29046
141780 4 5 29047
141782 4 15 29219
141784 4 23 28767
141786 4 5 28723
141788 4 2 28685
141790 4 3 28686
141792 4 5 28687
141794 4 9 28688
141796 4 19 28704
141798 4 10 28965
141800 4 14 28966
141802 4 15 28967
141804 4 19 28968
141806 4 10 29025
141808 4 22 29090
141810 4 21 29137
141812 4 23 29187
141814 4 10 28713
141816 4 14 28714
141818 4 15 28715
141820 4 19 28716
141822 4 21 28777
141824 4 22 28778
141826 4 23 28779
141828 4 1 28780
141830 4 21 28933
141832 4 22 28934
141834 4 23 28935
141836 4 1 28936
141838 4 9 29072
141840 4 21 29161
141842 4 19 29352
141860 4 15 28895
141864 4 22 29222
141866 4 23 28947
141868 4 1 28948
141870 4 2 28949
141872 4 3 28950
141874 4 5 28975
141876 4 22 29042
141878 4 3 28698
141880 4 5 28699
141882 4 9 28700
141884 4 10 28701
141886 4 9 28820
141888 4 15 29051
141890 4 19 29052
141892 4 21 29053
141894 4 22 29054
141896 4 23 29067
141898 4 3 29082
141900 4 23 28731
141902 4 1 28732
141904 4 2 28733
141906 4 3 28734
141908 4 5 28735
141910 4 9 28736
141912 4 10 28737
141914 4 23 28743
141916 4 1 28744
141918 4 2 28745
141920 4 3 28746
141922 4 2 28877
141924 4 5 28891
141926 4 9 28892
141928 4 10 28893
141930 4 14 28894
141932 4 5 29095
141934 4 5 29167
141936 4 9 29168
141938 4 10 29169
141940 4 14 29170
141942 4 9 29408
141944 4 10 28941
141946 4 14 28942
141948 4 15 28943
141950 4 19 28944
141952 4 5 29011
141954 4 9 29012
141956 4 10 29013
141958 4 14 29014
141960 4 3 29154
141962 4 5 29155
141964 4 9 29156
141966 4 10 29157
141968 4 23 29319
141970 4 21 29365
141972 4 19 29580
141974 4 10 28677
141976 4 14 28678
141978 4 14 29086
141980 4 15 29087
141982 4 19 29088
141984 4 21 29089
141986 4 21 29173
141988 4 5 29239
142012 4 15 28883
142014 4 19 28884
142016 4 21 28885
142018 4 22 28886
142020 4 23 28887
142022 4 1 28888
142024 4 2 28889
142028 4 21 29221
142030 4 3 29466
142032 4 14 28738
142034 4 15 28739
142036 4 19 28740
142038 4 21 28741
142040 4 5 28867
142042 4 14 28882
142044 4 14 29230
142046 4 15 29231
142048 4 19 29232
142050 4 21 29233
142052 4 15 29243
142054 4 19 29244
142056 4 22 28742
142058 4 19 29100
142060 4 21 29101
142062 4 22 29102
142064 4 23 29103
142066 4 1 29104
142068 4 9 28772
142070 4 10 28773
142072 4 14 28774
142074 4 15 28775
142076 4 10 28845
142078 4 14 28846
142080 4 15 28847
142082 4 19 28848
142084 4 1 28900
142086 4 22 28970
142088 4 23 28971
142090 4 1 28972
142092 4 2 28973
142094 4 10 28977
142096 4 14 29110
142098 4 15 29111
142100 4 2 29165
142102 4 14 29242
142104 4 21 28681
142106 4 22 28682
142108 4 23 28683
142110 4 1 28684
142112 4 10 28689
142114 4 14 28726
142116 4 15 28727
142118 4 21 28729
142120 4 9 28676
142122 4 1 28696
142124 4 23 28827
142126 4 21 28861
142128 4 22 29270
142130 4 23 29271
142132 4 1 29272
142134 4 2 29273
142136 4 23 29283
142138 4 15 29315
142142 4 5 28675
142144 4 9 28712
142146 4 1 28804
142148 4 2 28805
142150 4 3 28806
142152 4 5 28807
142154 4 19 29124
142156 4 15 29279
142158 4 19 29280
142160 4 21 29281
142162 4 22 29282
142188 4 23 29031
142190 4 1 29032
142192 4 2 29033
142194 4 3 29034
142198 4 5 29263
142200 4 23 29427
142202 4 14 28690
142204 4 15 28691
142206 4 19 28692
142208 4 21 28693
142210 4 19 28932
142212 4 15 28679
142214 4 21 28765
142218 4 9 29120
142220 4 10 29121
142222 4 14 29122
142224 4 15 29123
142226 4 10 29217
142228 4 1 28756
142230 4 2 28757
142232 4 3 28758
142234 4 5 28759
142236 4 10 28953
142242 4 3 28710
142250 4 1 28828
142252 4 2 28829
142254 4 1 28912
142256 4 2 28913
142258 4 3 28914
142260 4 5 28915
142272 4 5 29035
142274 4 9 29096
142276 4 10 29097
142278 4 14 29098
142280 4 15 29099
142282 4 19 29292
142284 4 2 29309
142286 4 3 29310
142288 4 5 29311
142290 4 9 29312
142292 4 1 29320
142294 4 22 29342
142296 4 23 29343
142298 4 2 29381
142300 4 2 29393
142302 4 3 28722
142304 4 10 28749
142310 4 2 28721
142312 4 2 28781
142322 4 19 29112
142324 4 9 28928
142326 4 10 28929
142328 4 14 28930
142330 4 15 28931
142332 4 22 29018
142334 4 9 29132
142336 4 10 29133
142338 4 14 29134
142340 4 15 29135
142342 4 15 29183
142344 4 19 29184
142346 4 21 29185
142348 4 22 29186
142350 4 23 29223
142352 4 10 29313
142354 4 22 29354
142356 4 1 29392
142358 4 3 28782
142360 4 5 28783
142362 4 9 28784
142364 4 10 28785
142366 4 5 28795
142368 4 22 28790
142370 4 23 28791
142372 4 1 28792
142374 4 2 28793
142376 4 3 28794
142378 4 19 28764
142380 4 14 28750
142382 4 10 28761
142384 4 19 28776
142394 4 3 28974
142396 4 9 28796
142398 4 10 28797
142400 4 14 28798
142402 4 15 28799
142404 4 22 28814
142406 4 14 28786
142408 4 15 28787
142410 4 19 28788
142412 4 21 28789
142414 4 21 28957
142416 4 15 28763
142418 4 9 28808
142420 4 10 28809
142422 4 14 28810
142424 4 15 28811
142426 4 5 28927
142428 4 9 29204
142430 4 10 29205
142432 4 14 29206
142434 4 15 29207
142436 4 3 29214
142438 4 22 29294
142442 4 19 28800
142444 4 21 28801
142446 4 22 28802
142448 4 23 28803
142450 4 23 28815
142470 4 23 29007
142480 4 14 29158
142482 4 2 29213
142496 4 10 28821
142498 4 14 28822
142500 4 15 28823
142502 4 19 28824
142504 4 22 28826
142506 4 1 28816
142508 4 2 28817
142510 4 3 28818
142512 4 5 28819
142514 4 21 28825
142524 4 14 29074
142526 4 15 29075
142528 4 19 29076
142530 4 21 29077
142540 4 10 29193
142542 4 14 29194
142544 4 15 29195
142546 4 19 29196
142548 4 14 29254
142550 4 23 29307
142552 4 3 29442
142554 4 5 29443
142560 4 22 29198
142562 4 23 29199
142564 4 1 29200
142566 4 2 29201
142568 4 3 29202
142584 4 9 28724
142588 4 19 28812
142590 4 21 28813
142592 4 15 29063
142594 4 19 29064
142596 4 21 29065
142598 4 22 29066
142600 4 21 29245
142602 4 3 29250
142610 4 9 28832
142612 4 10 28833
142614 4 14 28834
142616 4 15 28835
142618 4 14 29038
142620 4 19 28836
142622 4 21 28837
142624 4 22 28838
142626 4 23 28839
142628 4 15 28955
142630 4 21 28717
142632 4 22 28718
142634 4 23 28719
142636 4 1 28720
142642 4 9 28868
142644 4 23 28911
142646 4 22 28922
142648 4 23 28923
142650 4 1 28924
142652 4 2 28925
142654 4 5 28951
142656 4 1 28960
142658 4 2 28961
142660 4 3 28962
142662 4 5 28963
142664 4 21 29125
142666 4 19 29256
142668 4 3 29274
142670 4 5 29275
142672 4 9 29276
142674 4 10 29277
142676 4 14 29314
142678 4 2 29321
142680 4 19 29364
142682 4 5 29407
142694 4 1 28984
142696 4 2 28985
142698 4 3 28986
142700 4 5 28987
142702 4 10 29073
142704 4 23 29127
142706 4 1 29128
142708 4 2 29129
142710 4 3 29130
142712 4 14 29326
142714 4 14 29386
142726 4 2 28841
142728 4 3 28842
142730 4 5 28843
142732 4 9 28844
142734 4 3 28854
142736 4 3 28938
142738 4 1 29224
142740 4 2 29225
142742 4 3 29226
142744 4 5 29227
142746 4 5 29251
142748 4 9 29252
142760 4 15 28751
142762 4 19 28752
142764 4 21 28753
142766 4 22 28754
142768 4 1 29188
142770 4 2 29189
142772 4 3 29190
142774 4 5 29191
142776 4 1 29284
142788 4 5 28831
142790 4 3 28866
142792 4 15 29027
142794 4 19 29028
142796 4 21 29029
142798 4 22 29030
142800 4 14 29050
142802 4 2 29117
142804 4 3 29118
142806 4 9 28760
142808 4 22 28862
142810 4 23 28863
142812 4 1 28864
142814 4 2 28865
142816 4 10 28869
142834 4 1 29140
142836 4 2 29141
142838 4 3 29142
142840 4 5 29143
142844 4 19 29328
142846 4 5 29587
142848 4 10 28725
142852 4 22 29258
142854 4 23 29259
142856 4 1 29260
142858 4 2 29261
142860 4 23 29295
142872 4 3 28674
142878 4 22 28850
142880 4 23 28851
142882 4 1 28852
142884 4 2 28853
142886 4 5 28855
142888 4 1 28876
142892 4 22 28946
142902 4 19 29160
142912 4 14 29302
142914 4 15 29303
142916 4 19 29304
142918 4 21 29305
142920 4 23 29355
142924 4 2 29465
142926 4 22 29498
142928 4 15 29531
142930 4 3 29550
142946 4 15 28703
142968 4 10 29049
142970 4 5 29083
142974 4 3 29178
143026 4 23 29235
143028 4 1 29236
143030 4 2 29237
143032 4 3 29238
143036 4 1 29416
143038 4 3 29694
143040 4 15 28907
143042 4 19 28908
143044 4 21 28909
143046 4 22 28910
143048 4 22 28958
143050 4 22 28694
143052 4 23 28695
143062 4 15 29255
143064 4 3 29382
143066 4 5 29383
143068 4 9 29384
143070 4 10 29385
143072 4 9 29504
143074 4 10 29505
143076 4 14 29506
143078 4 15 29507
143080 4 3 29598
143082 4 5 29599
143084 4 9 29600
143086 4 10 29601
143092 4 15 28715
143096 4 15 28895
143102 4 14 28930
143126 4 23 28755
143128 4 3 28830
143130 4 23 28875
143132 4 9 28916
143134 4 10 28917
143136 4 14 28918
143138 4 15 28919
143140 4 19 28956
143142 4 14 28978
143144 4 15 28979
143146 4 19 28980
143148 4 21 28981
143150 4 14 29062
143152 4 3 29262
143154 4 14 29266
143156 4 15 29267
143158 4 19 29268
143160 4 21 29269
143162 4 1 29308
143164 4 22 29318
143166 4 21 29353
143168 4 22 29402
143196 4 2 28769
143202 4 14 28906
143204 4 19 28920
143206 4 21 28921
143218 4 9 29144
143222 4 19 29412
143224 4 21 29413
143226 4 22 29414
143228 4 23 29415
143230 4 23 29499
143232 4 19 29532
143234 4 21 29533
143236 4 22 29534
143238 4 23 29535
143240 4 1 29548
143242 4 15 29627
143246 4 5 28711
143254 4 22 28874
143266 4 19 29040
143278 4 19 29316
143280 4 21 29317
143282 4 15 29327
143292 4 10 28809
143294 4 14 28810
143306 4 14 28954
143308 4 9 28976
143310 4 1 29296
143312 4 2 29297
143314 4 3 29298
143316 4 5 29299
143318 4 9 29300
143332 4 19 28680
143334 4 19 28896
143336 4 21 28897
143338 4 22 28898
143340 4 23 28899
143368 4 1 28744
143376 4 1 28672
143378 4 2 28673
143380 4 3 28878
143382 4 5 28879
143384 4 9 28880
143386 4 10 28881
143388 4 3 28926
143390 4 1 29068
143392 4 2 29069
143394 4 3 29070
143396 4 5 29071
143398 4 15 29159
143400 4 10 29253
143402 4 14 29278
143414 4 3 28698
143422 4 14 28738
143426 4 1 28768
143430 4 21 28849
143434 4 2 29009
143436 4 19 29016
143438 4 1 29344
143440 4 2 29345
143442 4 3 29346
143444 4 5 29347
143446 4 9 29360
143448 4 10 29361
143450 4 14 29362
143452 4 15 29363
143454 4 3 29370
143456 4 2 29429
143458 4 3 29430
143460 4 5 29431
143462 4 9 29432
143464 4 10 29433
143466 4 9 29660
143468 4 10 29661
143470 4 14 29662
143472 4 15 29663
143484 4 22 28970
143486 4 23 28971
143544 4 3 28902
143546 4 5 28903
143548 4 9 28904
143550 4 10 28905
143554 4 14 28942
143556 4 15 28943
143558 4 19 28944
143560 4 9 28964
143562 4 21 29257
143564 4 22 29306
143598 4 5 29035
143656 4 21 29161
143660 4 14 28702
143662 4 14 28762
143664 4 22 28766
143678 4 19 29220
143680 4 22 29246
143690 4 22 28730
143692 4 1 28816
143706 4 21 29017
143708 4 9 29048
143710 4 9 29348
143712 4 10 29349
143714 4 14 29350
143716 4 15 29351
143718 4 1 29464
143720 4 1 29536
143742 4 9 29156
143748 4 23 29319
143750 4 10 29625
143766 4 15 28967
143768 4 19 28968
143800 4 23 29007
143802 4 2 28937
143804 4 21 28945
143806 4 14 29086
143808 4 15 29087
143810 4 19 29088
143812 4 21 29089
143816 4 1 29356
143818 4 2 29357
143820 4 3 29358
143822 4 5 29359
143824 4 2 29417
143826 4 1 29488
143860 4 1 28840
143868 4 9 29036
143872 4 21 29293
143874 4 1 29500
143876 4 2 29501
143878 4 3 29502
143880 4 5 29503
143882 4 5 29611
143896 4 5 28747
143898 4 9 28748
143908 4 3 29322
143910 4 5 29323
143912 4 9 29324
143914 4 10 29325
143916 4 22 29366
143918 4 23 29367
143920 4 1 29368
143922 4 2 29369
143924 4 10 29565
143926 4 19 29676
143978 4 2 28805
143980 4 3 28806
143982 4 5 28807
143992 4 23 29031
144020 4 9 29096
144022 4 10 29097
144026 4 15 29099
144028 4 19 29292
144030 4 22 28742
144058 4 22 28982
144060 4 23 28983
144074 4 2 29309
144078 4 22 29342
144080 4 23 29343
144082 4 2 29393
144084 4 3 29394
144086 4 5 29395
144088 4 9 29396
144090 4 10 29397
144092 4 15 29483
144094 4 19 29484
144096 4 21 29485
144098 4 22 29486
144100 4 5 29491
144102 4 2 29513
144116 4 10 28749
144118 4 19 28776
144122 4 10 28797
144128 4 21 28993
144130 4 22 28994
144132 4 23 28995
144134 4 1 28996
144136 4 3 28998
144138 4 5 28999
144140 4 9 29000
144142 4 10 29001
144144 4 3 29022
144146 4 10 29145
144148 4 5 29179
144150 4 14 29434
144152 4 15 29435
144154 4 19 29436
144156 4 21 29437
144158 4 10 29457
144160 4 14 29458
144162 4 21 29461
144164 4 15 29471
144188 4 2 28841
144192 4 5 28843
144200 4 19 28848
144202 4 23 28959
144208 4 14 29110
144210 4 15 29111
144212 4 14 29242
144214 4 23 29403
144216 4 1 29404
144218 4 2 29405
144220 4 3 29406
144222 4 19 29496
144224 4 2 29633
144234 4 3 28770
144236 4 3 28782
144240 4 9 28784
144252 4 9 28988
144254 4 10 28989
144256 4 14 28990
144258 4 15 28991
144260 4 22 29174
144262 4 23 29175
144264 4 21 29449
144266 4 22 29450
144268 4 23 29451
144270 4 1 29452
144272 4 23 29643
144274 4 1 29644
144294 4 22 28790
144296 4 23 28791
144298 4 2 28793
144300 4 19 28992
144302 4 2 29453
144304 4 3 29454
144306 4 5 29455
144308 4 9 29456
144336 4 5 28795
144338 4 19 28800
144340 4 21 28801
144342 4 22 28802
144344 4 23 28803
144348 4 2 28997
144350 4 14 29002
144352 4 15 29003
144354 4 19 29004
144356 4 21 29005
144358 4 22 29006
144360 4 2 29153
144362 4 10 29181
144364 4 14 29422
144366 4 15 29423
144368 4 19 29424
144370 4 21 29425
144372 4 15 29459
144374 4 19 29460
144376 4 22 29462
144378 4 23 29463
144442 4 23 28815
144444 4 14 28870
144446 4 15 28871
144448 4 21 28873
144454 4 3 29010
144456 4 10 29037
144460 4 14 29182
144462 4 5 29467
144464 4 9 29468
144466 4 10 29469
144468 4 14 29470
144470 4 2 29489
144472 4 10 29673
144488 4 19 28692
144494 4 5 28939
144496 4 23 28947
144498 4 1 28948
144500 4 2 28949
144502 4 3 28950
144504 4 5 28975
144508 4 9 29372
144510 4 10 29373
144512 4 14 29374
144514 4 15 29375
144516 4 19 29376
144518 4 21 29401
144530 4 3 28854
144546 4 22 28814
144548 4 22 28862
144552 4 10 28869
144558 4 15 29015
144560 4 14 29026
144564 4 9 29180
144566 4 19 29472
144568 4 21 29473
144570 4 22 29474
144572 4 23 29475
144574 4 14 29482
144576 4 9 29672
144596 4 10 28713
144600 4 15 28715
144602 4 19 28716
144628 4 10 28821
144636 4 19 28836
144648 4 1 29008
144654 4 19 29136
144656 4 9 29192
144658 4 22 29270
144660 4 23 29271
144664 4 2 29273
144666 4 15 29315
144668 4 21 29329
144670 4 22 29330
144672 4 23 29331
144674 4 1 29332
144676 4 22 29438
144678 4 23 29439
144680 4 1 29440
144682 4 2 29441
144684 4 9 29444
144686 4 3 29490
144688 4 1 29596
144690 4 2 29597
144692 4 19 29664
144722 4 2 28877
144724 4 14 29074
144726 4 15 29075
144728 4 19 29076
144730 4 21 29077
144732 4 14 29254
144758 4 10 28881
144798 4 9 28832
144800 4 10 28833
144810 4 14 29038
144812 4 21 29197
144814 4 19 29208
144830 4 23 29415
144834 4 10 29481
144838 4 15 29675
144840 4 1 29692
144872 4 22 29042
144882 4 2 29213
144884 4 14 29218
144904 4 9 29480
144908 4 22 29558
144910 4 2 29609
144912 4 14 29626
144924 4 5 28927
144944 4 21 28861
144960 4 15 29051
144962 4 19 29052
144964 4 21 29053
144966 4 22 29054
144968 4 23 29067
144970 4 15 29183
144972 4 19 29184
144974 4 21 29185
144978 4 23 29223
144980 4 14 29302
144982 4 15 29303
144988 4 1 29476
144990 4 2 29477
144992 4 3 29478
144994 4 5 29479
144996 4 23 29487
144998 4 3 29550
145000 4 19 29568
145002 4 19 29628
145016 4 19 28728
145020 4 1 29044
145022 4 2 29045
145024 4 3 29046
145026 4 5 29047
145028 4 9 29120
145030 4 10 29121
145032 4 14 29122
145034 4 15 29123
145036 4 10 29217
145038 4 10 29265
145040 4 14 29398
145042 4 10 29445
145044 4 14 29446
145046 4 15 29447
145048 4 19 29448
145050 4 2 29573
145072 4 9 28820
145082 4 1 28864
145084 4 2 28865
145086 4 1 28900
145088 4 15 29039
145090 4 10 29085
145092 4 9 29240
145094 4 21 29509
145096 4 22 29510
145098 4 23 29511
145100 4 1 29512
145102 4 23 29559
145128 4 19 29328
145166 4 22 28922
145168 4 1 28924
145170 4 2 28925
145182 4 21 29041
145186 4 19 29256
145204 4 19 29508
145216 4 2 28685
145218 4 5 28687
145220 4 19 28704
145234 4 2 28901
145236 4 9 28952
145240 4 22 29078
145242 4 23 29079
145244 4 1 29080
145246 4 2 29081
145248 4 2 29093
145250 4 5 29203
145252 4 10 29301
145258 4 19 29436
145264 4 5 29527
145266 4 9 29528
145268 4 10 29529
145270 4 14 29530
145272 4 10 29589
145274 4 3 29610
145276 4 9 29684
145312 4 3 28686
145316 4 9 28688
145340 4 23 29187
145342 4 2 29309
145344 4 3 29310
145346 4 5 29311
145348 4 9 29312
145352 4 9 29360
145360 4 3 29370
145362 4 3 29526
145364 4 14 29638
145400 4 19 28872
145404 4 15 28907
145406 4 22 28910
145408 4 22 28958
145410 4 21 29113
145412 4 22 29114
145414 4 23 29115
145416 4 1 29116
145418 4 5 29131
145420 4 23 29247
145422 4 15 29591
145424 4 19 29592
145426 4 21 29593
145428 4 22 29594
145430 4 15 29639
145440 4 9 28928
145442 4 10 28929
145448 4 9 29132
145450 4 10 29133
145454 4 15 29135
145456 4 10 29313
145458 4 10 28689
145462 4 9 28760
145480 4 3 29094
145482 4 2 29117
145484 4 3 29118
145486 4 3 29418
145488 4 5 29419
145490 4 9 29420
145492 4 10 29421
145504 4 10 29553
145506 4 9 29588
145508 4 21 29677
145532 4 21 28681
145534 4 5 28711
145536 4 14 28726
145538 4 15 28727
145540 4 21 28729
145552 4 1 28876
145554 4 21 28969
145560 4 22 29246
145564 4 21 29317
145566 4 23 29355
145568 4 19 29544
145570 4 21 29545
145572 4 22 29546
145574 4 23 29547
145576 4 2 29549
145578 4 14 29566
145580 4 21 29641
145606 4 23 28695
145608 4 22 28706
145610 4 23 28707
145612 4 2 28709
145614 4 5 28771
145616 4 10 28857
145618 4 19 28860
145620 4 5 29119
145622 4 15 29171
145624 4 22 29234
145626 4 9 29504
145628 4 10 29505
145630 4 14 29506
145632 4 15 29507
145638 4 1 28708
145646 4 14 28858
145648 4 15 28859
145674 4 1 28756
145676 4 3 28758
145680 4 19 28908
145682 4 21 28909
145686 4 9 28976
145688 4 23 29091
145690 4 23 29127
145692 4 1 29128
145694 4 2 29129
145696 4 3 29130
145698 4 9 29264
145700 4 23 29391
145702 4 14 29590
145722 4 15 28679
145726 4 22 28682
145728 4 23 28683
145730 4 1 28684
145752 4 1 29092
145758 4 22 29162
145760 4 23 29163
145774 4 3 29514
145776 4 5 29515
145778 4 9 29516
145780 4 10 29517
145782 4 2 29585
145784 4 1 29608
145816 4 23 28755
145822 4 14 28918
145824 4 15 28919
145826 4 19 29100
145828 4 21 29101
145830 4 22 29102
145832 4 23 29103
145834 4 14 29266
145836 4 15 29267
145838 4 19 29268
145840 4 21 29269
145842 4 22 29318
145844 4 9 29576
145846 4 10 29577
145848 4 14 29578
145850 4 15 29579
145852 4 14 29686
145864 4 5 29011
145866 4 10 29013
145868 4 14 29014
145872 4 2 28697
145874 4 3 28710
145876 4 3 28902
145880 4 9 28904
145882 4 10 28941
145886 4 9 28964
145888 4 1 28984
145890 4 2 28985
145892 4 10 29073
145894 4 10 29229
145896 4 10 29241
145898 4 21 29257
145900 4 22 29306
145938 4 15 29015
145940 4 19 29016
145948 4 1 29344
145950 4 2 29345
145952 4 3 29346
145956 4 10 29433
145966 4 14 29482
145968 4 3 29586
145982 4 5 28747
145984 4 15 28763
145986 4 9 28808
145988 4 10 28809
145990 4 14 28810
145992 4 15 28811
145994 4 23 29019
145996 4 3 29214
145998 4 22 29366
146000 4 23 29367
146002 4 1 29368
146004 4 2 29369
146006 4 14 29554
146008 4 15 29555
146010 4 19 29556
146012 4 21 29557
146030 4 19 29184
146032 4 21 29185
146038 4 19 28680
146046 4 3 28722
146052 4 21 28741
146054 4 9 28772
146056 4 10 28773
146062 4 5 28867
146064 4 14 28882
146068 4 23 28971
146070 4 2 28973
146072 4 3 28974
146074 4 2 29009
146076 4 2 29165
146078 4 14 29230
146080 4 15 29231
146082 4 21 29233
146084 4 15 29243
146086 4 19 29244
146088 4 1 29248
146090 4 2 29249
146092 4 2 29429
146094 4 3 29430
146096 4 5 29431
146098 4 9 29432
146104 4 14 29662
146130 4 9 29036
146156 4 22 28694
146160 4 1 29188
146162 4 2 29189
146164 4 5 29191
146166 4 15 29255
146168 4 3 29382
146170 4 5 29383
146172 4 9 29384
146174 4 10 29385
146176 4 9 29492
146178 4 10 29493
146180 4 5 29551
146182 4 9 29552
146184 4 3 29598
146186 4 5 29599
146188 4 9 29600
146190 4 10 29601
146224 4 21 28777
146226 4 22 28778
146228 4 23 28779
146230 4 1 28780
146234 4 9 28748
146244 4 3 29322
146246 4 5 29323
146248 4 9 29324
146250 4 10 29325
146268 4 19 29676
146290 4 21 28705
146292 4 3 28830
146310 4 21 29137
146312 4 23 29139
146318 4 14 29518
146320 4 15 29519
146322 4 19 29520
146324 4 21 29521
146326 4 14 29602
146328 4 22 29666
146330 4 23 29667
146344 4 15 28751
146346 4 19 28752
146348 4 21 28753
146350 4 22 28754
146352 4 9 29024
146358 4 3 29190
146364 4 1 29284
146370 4 14 29494
146372 4 15 29495
146418 4 1 29236
146420 4 2 29237
146422 4 3 29238
146424 4 1 29416
146426 4 1 28672
146428 4 2 28673
146438 4 3 28926
146440 4 9 29120
146442 4 10 29121
146448 4 15 29159
146450 4 10 29265
146452 4 15 29603
146454 4 19 29604
146456 4 21 29605
146458 4 22 29606
146478 4 19 28692
146482 4 14 28906
146484 4 22 28730
146490 4 3 29046
146502 4 2 28769
146506 4 3 28818
146508 4 5 28819
146512 4 10 28833
146526 4 3 28674
146534 4 2 28853
146536 4 19 29160
146538 4 1 28696
146540 4 22 28742
146542 4 14 28750
146556 4 1 29104
146558 4 22 29138
146562 4 15 29147
146564 4 19 29148
146566 4 22 29150
146568 4 23 29151
146572 4 15 29399
146574 4 21 29617
146576 4 22 29618
146578 4 23 29619
146580 4 1 29620
146582 4 19 29640
146584 4 1 29680
146656 4 10 28905
146662 4 15 28943
146664 4 19 28944
146696 4 3 28782
146698 4 5 28783
146702 4 10 28785
146704 4 14 28786
146708 4 19 28788
146710 4 21 28789
146712 4 23 29175
146722 4 19 28764
146724 4 22 28790
146726 4 23 28791
146728 4 1 28792
146730 4 2 28793
146732 4 19 28992
146734 4 21 28993
146736 4 23 28995
146738 4 10 29145
146740 4 14 29146
146746 4 21 29149
146750 4 1 29176
146752 4 2 29453
146754 4 3 29454
146756 4 5 29455
146758 4 9 29456
146760 4 9 29612
146762 4 10 29613
146764 4 14 29614
146766 4 15 29615
146768 4 19 29616
146770 4 2 29645
146818 4 3 28794
146822 4 22 28994
146828 4 3 28998
146830 4 5 28999
146832 4 9 29000
146834 4 10 29001
146842 4 10 29457
146844 4 14 29458
146846 4 21 29461
146848 4 3 29646
146850 4 5 29647
146852 4 9 29648
146854 4 10 29649
146890 4 9 28988
146892 4 10 28989
146894 4 2 28997
146896 4 14 29002
146898 4 15 29003
146900 4 19 29004
146902 4 21 29005
146904 4 22 29174
146906 4 2 29177
146912 4 15 29459
146914 4 19 29460
146916 4 22 29462
146918 4 15 29651
146920 4 19 29652
146922 4 21 29653
146924 4 22 29654
146952 4 2 28721
146954 4 9 28676
146956 4 15 28703
146966 4 3 29082
146968 4 22 29198
146970 4 23 29199
146972 4 1 29200
146974 4 3 29202
146976 4 22 29270
146978 4 23 29271
146982 4 23 29283
146984 4 15 29315
146986 4 2 29333
146988 4 3 29334
146990 4 5 29335
146992 4 9 29336
146994 4 1 29428
146996 4 21 29665
146998 4 2 29693
147014 4 3 28686
147032 4 14 28798
147036 4 22 28814
147044 4 9 29180
147048 4 10 29133
147050 4 14 29134
147052 4 15 29135
147062 4 1 29392
147066 4 23 28707
147072 4 5 28771
147074 4 9 28856
147098 4 5 28723
147100 4 3 28770
147106 4 21 28957
147110 4 19 29028
147112 4 21 29029
147116 4 2 29105
147118 4 3 29106
147120 4 5 29107
147122 4 9 29108
147124 4 22 29126
147126 4 1 29152
147128 4 19 29400
147130 4 2 29621
147132 4 3 29622
147134 4 5 29623
147136 4 9 29624
147138 4 22 29642
147140 4 23 29679
147180 4 21 28717
147182 4 22 28718
147184 4 1 28720
147186 4 5 28855
147188 4 22 28946
147196 4 22 29054
147200 4 3 29178
147202 4 14 29302
147204 4 15 29303
147206 4 19 29304
147208 4 21 29305
147220 4 2 29465
147222 4 1 29476
147230 4 21 29497
147232 4 19 29628
147248 4 2 28781
147250 4 21 28813
147252 4 5 28675
147254 4 9 28712
147256 4 15 28751
147262 4 2 28805
147264 4 3 28806
147266 4 5 28807
147270 4 23 29043
147272 4 19 29124
147274 4 2 29561
147276 4 3 29562
147278 4 5 29563
147280 4 9 29564
147282 4 3 29574
147302 4 23 28803
147310 4 10 29181
147312 4 14 29182
147314 4 10 28821
147316 4 14 28822
147318 4 15 28823
147320 4 19 28824
147330 4 19 28836
147332 4 21 28837
147334 4 22 28838
147336 4 23 28839
147338 4 9 29192
147342 4 2 28817
147346 4 21 28825
147360 4 14 28834
147362 4 15 28835
147374 4 22 28922
147376 4 2 28925
147378 4 5 28951
147380 4 1 29008
147382 4 21 29041
147384 4 21 29329
147386 4 22 29330
147388 4 23 29331
147390 4 1 29332
147392 4 9 29444
147414 4 9 28724
147416 4 9 28868
147420 4 23 28923
147422 4 1 28924
147432 4 10 29109
147434 4 3 29274
147436 4 5 29275
147438 4 9 29276
147440 4 10 29277
147442 4 2 29321
147444 4 21 29581
147446 4 22 29582
147448 4 23 29583
147450 4 1 29584
147452 4 23 29691
147468 4 1 28840
147472 4 9 29012
147476 4 14 29014
147478 4 19 29112
147480 4 3 29154
147482 4 5 29155
147484 4 9 29156
147486 4 10 29157
147488 4 21 29293
147490 4 21 29365
147492 4 21 29629
147494 4 22 29630
147496 4 23 29631
147498 4 1 29632
147516 4 15 29063
147518 4 19 29064
147520 4 21 29065
147522 4 22 29066
147524 4 21 29245
147542 4 3 29550
147562 4 1 29272
147568 4 10 28845
147570 4 14 28846
147574 4 19 28848
147584 4 2 29201
147606 4 3 29250
147632 4 10 28941
147634 4 14 28942
147636 4 15 28943
147638 4 19 28944
147640 4 10 28725
147642 4 19 28896
147644 4 22 28898
147646 4 23 28899
147648 4 5 28927
147650 4 9 28940
147652 4 9 29204
147654 4 10 29205
147656 4 14 29206
147658 4 15 29207
147660 4 22 29258
147662 4 23 29259
147664 4 1 29260
147666 4 2 29261
147668 4 23 29295
147670 4 5 29371
147672 4 1 29560
147674 4 21 29569
147676 4 22 29570
147678 4 23 29571
147680 4 1 29572
147682 4 3 29682
147718 4 14 28726
147720 4 21 28729
147722 4 21 28765
147724 4 2 28937
147736 4 19 29172
147738 4 1 29356
147740 4 3 29358
147742 4 2 29417
147744 4 3 29514
147748 4 9 29516
147750 4 10 29517
147752 4 19 29544
147758 4 2 29549
147762 4 5 29575
147764 4 1 29608
147800 4 1 28900
147806 4 1 28972
147808 4 2 28973
147810 4 2 29009
147812 4 15 29039
147814 4 10 29085
147816 4 14 29242
147822 4 22 29510
147824 4 23 29511
147826 4 1 29512
147828 4 23 29559
147858 4 23 28755
147860 4 9 28916
147862 4 10 28917
147864 4 14 28918
147866 4 15 28919
147868 4 14 29266
147870 4 15 29267
147872 4 19 29268
147874 4 21 29269
147876 4 22 29318
147878 4 10 28749
147898 4 2 28865
147900 4 14 28870
147908 4 10 29037
147910 4 14 28690
147912 4 15 28691
147918 4 9 29144
147920 4 10 28689
147926 4 22 28802
147928 4 22 29006
147930 4 3 29094
147932 4 21 28933
147934 4 22 28934
147936 4 23 28935
147938 4 1 28936
147958 4 19 28752
147960 4 21 28753
147964 4 1 29188
147968 4 3 29190
147970 4 5 29191
147972 4 1 29284
148004 4 14 29026
148020 4 19 29016
148022 4 9 29240
148038 4 10 28713
148040 4 14 28714
148042 4 15 28715
148048 4 3 28854
148050 4 15 28895
148052 4 9 29072
148054 4 1 29164
148056 4 22 29222
148058 4 1 29224
148060 4 2 29225
148062 4 3 29226
148064 4 5 29227
148066 4 1 29656
148068 4 2 29657
148070 4 3 29658
148072 4 5 29659
148074 4 10 29685
148100 4 9 28772
148102 4 10 28773
148104 4 14 28882
148112 4 3 28974
148114 4 2 29165
148120 4 9 28760
148124 4 1 28960
148126 4 3 28962
148128 4 5 28963
148130 4 10 29049
148140 4 22 29438
148142 4 23 29439
148144 4 1 29440
148146 4 2 29441
148148 4 14 28738
148150 4 15 28739
148152 4 19 28740
148158 4 1 28912
148160 4 2 28913
148162 4 5 28915
148164 4 5 29035
148166 4 14 29230
148170 4 19 29232
148172 4 21 29233
148174 4 2 29309
148176 4 3 29310
148178 4 9 29312
148180 4 1 29320
148182 4 2 29381
148210 4 10 28677
148212 4 14 28678
148220 4 14 29086
148224 4 19 29088
148228 4 10 29133
148230 4 21 29173
148232 4 5 29239
148234 4 19 29316
148236 4 21 29317
148238 4 15 29327
148242 4 2 29357
148248 4 1 29488
148280 4 15 28907
148282 4 19 28908
148284 4 21 28909
148286 4 22 28910
148310 4 21 28945
148312 4 5 29023
148316 4 22 29114
148330 4 5 29359
148332 4 10 29409
148338 4 15 29591
148340 4 19 29592
148342 4 21 29593
148344 4 22 29678
148374 4 14 28702
148378 4 15 28727
148390 4 22 28874
148396 4 1 29092
148400 4 19 29220
148402 4 22 29246
148404 4 3 29418
148406 4 5 29419
148408 4 9 29420
148410 4 10 29421
148412 4 22 29522
148414 4 2 29525
148424 4 9 29588
148426 4 23 29607
148428 4 21 29641
148430 4 5 29683
148476 4 1 28768
148480 4 1 29344
148482 4 2 29345
148484 4 3 29346
148486 4 5 29347
148488 4 10 29433
148492 4 23 29235
148494 4 1 29236
148496 4 2 29237
148498 4 3 29238
148504 4 9 29324
148506 4 10 29325
148508 4 10 29565
148510 4 23 28875
148518 4 21 28921
148522 4 9 29048
148524 4 3 29262
148526 4 9 29348
148528 4 10 29349
148530 4 14 29350
148532 4 15 29351
148534 4 19 29412
148536 4 22 29414
148538 4 23 29415
148540 4 10 29481
148542 4 1 29536
148558 4 10 29193
148560 4 14 29194
148562 4 15 29195
148564 4 19 29196
148566 4 21 29377
148568 4 22 29378
148570 4 23 29379
148572 4 1 29380
148598 4 1 29464
148604 4 1 28852
148608 4 1 28876
148618 4 23 29355
148626 4 5 28867
148636 4 15 29243
148638 4 19 29244
148654 4 2 28829
148656 4 21 28849
148658 4 9 29360
148660 4 10 29361
148662 4 14 29362
148664 4 15 29363
148666 4 3 29370
148680 4 19 28692
148682 4 5 28939
148684 4 23 28947
148686 4 1 28948
148688 4 2 28949
148690 4 3 28950
148692 4 9 29372
148694 4 10 29373
148696 4 14 29374
148698 4 15 29375
148700 4 19 29376
148710 4 14 28978
148712 4 19 28980
148714 4 22 28982
148716 4 23 28983
148718 4 14 29218
148728 4 10 28965
148740 4 5 29311
148744 4 22 29342
148758 4 9 28868
148788 4 14 28774
148790 4 15 28775
148792 4 2 28841
148794 4 3 28842
148796 4 5 28843
148798 4 9 28844
148800 4 23 28959
148806 4 10 28977
148808 4 14 29110
148810 4 15 29111
148818 4 5 29251
148820 4 9 29252
148822 4 23 29403
148824 4 1 29404
148826 4 2 29405
148828 4 3 29406
148830 4 19 29496
148858 4 3 28902
148860 4 5 28903
148868 4 9 28964
148870 4 21 29257
148872 4 22 29306
148874 4 3 28878
148876 4 5 28879
148878 4 9 28880
148880 4 10 28881
148882 4 1 29068
148884 4 2 29069
148886 4 3 29070
148888 4 5 29071
148890 4 10 29253
148900 4 3 29202
148910 4 23 29031
148912 4 1 29032
148914 4 2 29033
148916 4 3 29034
148932 4 1 28756
148934 4 2 28757
148936 4 3 28758
148946 4 10 28953
148948 4 14 28954
148950 4 22 28958
148960 4 1 29116
148962 4 5 29131
148966 4 9 29264
148982 4 22 29594
148984 4 3 29634
148986 4 5 29635
148988 4 9 29636
148990 4 10 29637
148992 4 15 29639
149030 4 19 28968
149032 4 9 29096
149034 4 10 29097
149036 4 14 29098
149038 4 15 29099
149046 4 23 29343
149048 4 2 29393
149052 4 22 28766
149054 4 23 28767
149056 4 5 28831
149066 4 22 29030
149068 4 2 29117
149070 4 3 29118
149072 4 19 29160
149088 4 23 29523
149090 4 1 29524
149094 4 10 29553
149098 4 2 29681
149122 4 10 28845
149142 4 23 28971
149174 4 5 29083
149190 4 5 29035
149204 4 2 28961
149226 4 15 28763
149228 4 9 28808
149230 4 10 28809
149232 4 14 28810
149234 4 15 28811
149236 4 3 29214
149252 4 15 28979
149256 4 21 28981
149260 4 22 29090
149262 4 21 29137
149264 4 14 29266
149270 4 1 29308
149272 4 21 29353
149274 4 15 29483
149276 4 19 29484
149278 4 21 29485
149280 4 22 29486
149282 4 2 29513
149284 4 14 29518
149286 4 15 29519
149288 4 19 29520
149290 4 21 29521
149292 4 14 29602
149344 4 22 28706
149346 4 23 28707
149348 4 1 28708
149350 4 2 28709
149354 4 10 28857
149356 4 14 28858
149358 4 15 28859
149360 4 19 28860
149362 4 23 29055
149364 4 2 29057
149366 4 3 29058
149368 4 9 29084
149370 4 15 29171
149372 4 10 29337
149374 4 14 29338
149376 4 15 29339
149378 4 19 29340
149380 4 21 29341
149382 4 14 29410
149384 4 23 29655
149396 4 1 29056
149402 4 5 29059
149404 4 9 29060
149406 4 10 29061
149466 4 23 28695
149468 4 9 29504
149470 4 10 29505
149472 4 14 29506
149474 4 15 29507
149476 4 21 28717
149492 4 2 29465
149522 4 14 29158
149524 4 3 29394
149526 4 5 29395
149528 4 9 29396
149530 4 10 29397
149532 4 5 29491
149534 4 3 28674
149538 4 23 28719
149552 4 2 28853
149556 4 23 28911
149574 4 14 29314
149576 4 19 29364
149580 4 22 29498
149590 4 15 29531
149620 4 5 28759
149636 4 21 29089
149638 4 1 29296
149640 4 2 29297
149642 4 3 29298
149644 4 5 29299
149696 4 2 28769
149698 4 19 28812
149700 4 19 28920
149706 4 21 29413
149712 4 23 29499
149714 4 5 29011
149716 4 9 29012
149722 4 3 29154
149726 4 9 29156
149732 4 5 28747
149744 4 22 29366
149746 4 23 29367
149748 4 1 29368
149750 4 2 29369
149752 4 19 29676
149796 4 1 28672
149798 4 2 28673
149806 4 3 28926
149808 4 15 29159
149814 4 14 28906
149822 4 5 28975
149824 4 15 29063
149828 4 21 29065
149842 4 21 29401
149844 4 19 29532
149846 4 21 29533
149848 4 22 29534
149850 4 23 29535
149852 4 1 29548
149902 4 9 28976
149904 4 1 28984
149906 4 2 28985
149908 4 3 28986
149910 4 5 28987
149912 4 23 29091
149914 4 23 29127
149916 4 1 29128
149918 4 2 29129
149920 4 3 29130
149928 4 9 29300
149930 4 14 29326
149932 4 23 29391
150012 4 9 28988
150014 4 10 28989
150016 4 14 28990
150018 4 15 28991
150020 4 21 29449
150022 4 22 29450
150024 4 23 29451
150026 4 1 29452
150052 4 22 28790
150054 4 23 28791
150056 4 2 28793
150058 4 19 28992
150060 4 2 29453
150062 4 3 29454
150064 4 5 29455
150066 4 9 29456
150068 4 21 28993
150070 4 22 28994
150072 4 23 28995
150074 4 1 28996
150076 4 3 28998
150078 4 5 28999
150080 4 9 29000
150082 4 10 29001
150084 4 14 29434
150086 4 19 29436
150088 4 10 29457
150090 4 14 29458
150092 4 21 29461
150094 4 3 28782
150096 4 9 28784
150098 4 5 28795
150100 4 2 28997
150102 4 14 29002
150104 4 15 29003
150106 4 19 29004
150108 4 21 29005
150110 4 14 29422
150112 4 21 29425
150114 4 15 29459
150116 4 19 29460
150118 4 22 29462
150150 4 19 28680
150156 4 21 28897
150158 4 22 28898
150162 4 9 28940
150164 4 22 29258
150166 4 23 29259
150168 4 1 29260
150170 4 2 29261
150198 4 10 28821
150202 4 22 28826
150204 4 1 29008
150208 4 22 29330
150210 4 23 29331
150212 4 1 29332
150214 4 9 29444
150218 4 3 28914
150228 4 23 29007
150230 4 22 29042
150238 4 2 29213
150240 4 19 29292
150252 4 9 29480
150256 4 22 29558
150258 4 2 29609
150292 4 23 28815
150298 4 21 28873
150300 4 3 29010
150302 4 10 29037
150304 4 5 29467
150306 4 9 29468
150308 4 10 29469
150310 4 14 29470
150312 4 2 29489
150316 4 19 28776
150318 4 9 28796
150320 4 10 28797
150322 4 15 28799
150324 4 3 29022
150328 4 15 29435
150332 4 21 29437
150334 4 15 29471
150340 4 22 28814
150342 4 22 28862
150346 4 10 28869
150348 4 15 29015
150350 4 14 29026
150352 4 19 29472
150354 4 21 29473
150356 4 22 29474
150358 4 23 29475
150360 4 14 29482
150362 4 9 28928
150364 4 14 28930
150366 4 15 28931
150368 4 22 29018
150370 4 15 29051
150372 4 19 29052
150374 4 22 29054
150376 4 23 29067
150378 4 15 29183
150380 4 19 29184
150382 4 21 29185
150384 4 23 29223
150386 4 22 29354
150388 4 1 29476
150390 4 2 29477
150392 4 5 29479
150394 4 23 29487
150396 4 19 29568
150434 4 22 28730
150436 4 9 29036
150438 4 1 29044
150440 4 2 29045
150442 4 3 29046
150444 4 5 29047
150446 4 9 29120
150448 4 14 29122
150450 4 15 29123
150452 4 10 29217
150454 4 15 29219
150456 4 14 29398
150458 4 1 29500
150460 4 2 29501
150462 4 3 29502
150464 4 5 29503
150466 4 5 29695
150492 4 22 28922
150494 4 2 28925
150498 4 21 29041
150508 4 19 29508
150562 4 3 29406
150572 4 22 28802
150574 4 3 28866
150576 4 22 29006
150580 4 15 29423
150582 4 19 29424
150586 4 23 29463
150594 4 10 28929
150598 4 19 29040
150610 4 5 29239
150612 4 10 29313
150650 4 2 28937
150666 4 2 29417
150670 4 21 28765
150726 4 22 28742
150732 4 22 29078
150734 4 23 29079
150736 4 2 29081
150738 4 19 29100
150740 4 21 29101
150742 4 22 29102
150744 4 23 29103
150746 4 1 29104
150748 4 22 29138
150750 4 23 29139
150752 4 14 29266
150754 4 15 29267
150760 4 1 29308
150762 4 15 29399
150772 4 9 29576
150774 4 10 29577
150776 4 14 29578
150778 4 15 29579
150780 4 23 29667
150782 4 14 29686
150820 4 21 29053
150836 4 3 29478
150840 4 19 29628
150908 4 1 29056
150910 4 2 29057
150912 4 3 29058
150922 4 21 29209
150924 4 22 29210
150926 4 23 29211
150928 4 1 29212
150940 4 15 29411
150992 4 23 28875
150996 4 9 29348
151002 4 15 29351
151036 4 1 28720
151050 4 14 29314
151088 4 3 28698
151090 4 9 28700
151092 4 9 28820
151100 4 15 29039
151102 4 10 29085
151104 4 21 29509
151106 4 22 29510
151108 4 23 29511
151110 4 1 29512
151112 4 23 29559
151114 4 1 29140
151116 4 2 29141
151118 4 3 29142
151120 4 5 29143
151122 4 1 29068
151132 4 2 28721
151134 4 19 28836
151136 4 21 28837
151138 4 23 28839
151140 4 21 28861
151142 4 15 28955
151144 4 19 29136
151146 4 3 29166
151150 4 23 29199
151154 4 2 29201
151156 4 3 29202
151158 4 9 29216
151160 4 22 29270
151162 4 23 29271
151166 4 23 29283
151168 4 15 29315
151170 4 22 29438
151172 4 1 29440
151174 4 1 29596
151176 4 2 29597
151178 4 14 29650
151180 4 21 29665
151182 4 14 29674
151236 4 22 29486
151238 4 2 29513
151242 4 5 28699
151244 4 10 28701
151246 4 14 28738
151250 4 21 28849
151252 4 5 28867
151254 4 2 29009
151256 4 2 29429
151258 4 3 29430
151260 4 5 29431
151262 4 9 29432
151264 4 9 29660
151266 4 10 29661
151268 4 14 29662
151270 4 15 29663
151272 4 21 28681
151274 4 5 28711
151276 4 14 28726
151280 4 21 28969
151282 4 19 29544
151284 4 22 29546
151286 4 23 29547
151288 4 2 29549
151290 4 14 29566
151304 4 2 29129
151320 4 22 28910
151322 4 22 28958
151324 4 21 29113
151328 4 23 29115
151330 4 1 29116
151332 4 5 29131
151334 4 15 29591
151340 4 22 29594
151350 4 14 28918
151352 4 19 28956
151354 4 3 29262
151356 4 5 28747
151360 4 10 28809
151362 4 15 28811
151364 4 23 29019
151366 4 22 29366
151374 4 14 29554
151376 4 15 29555
151378 4 19 29556
151380 4 21 29557
151382 4 23 29235
151384 4 1 29236
151386 4 2 29237
151388 4 3 29238
151398 4 19 29172
151408 4 9 28676
151410 4 15 28703
151414 4 22 28718
151416 4 23 28827
151418 4 5 28855
151422 4 5 28963
151424 4 10 29049
151426 4 5 29083
151428 4 21 29125
151430 4 3 29178
151438 4 2 29273
151442 4 2 29333
151444 4 3 29334
151446 4 5 29335
151448 4 9 29336
151450 4 3 29490
151452 4 21 29497
151454 4 23 29595
151456 4 2 29693
151498 4 14 29074
151500 4 15 29075
151502 4 19 29076
151504 4 21 29077
151506 4 10 29193
151508 4 14 29194
151510 4 15 29195
151512 4 19 29196
151514 4 23 29307
151516 4 21 29377
151518 4 22 29378
151520 4 23 29379
151522 4 1 29380
151524 4 15 29567
151580 4 2 28697
151582 4 3 28710
151584 4 3 28902
151588 4 9 28964
151592 4 2 28985
151596 4 10 29073
151602 4 10 29229
151604 4 10 29241
151608 4 14 29386
151642 4 5 28723
151644 4 9 28724
151650 4 5 28831
151654 4 15 29027
151656 4 19 29028
151658 4 21 29029
151660 4 22 29030
151662 4 2 29105
151664 4 3 29106
151666 4 5 29107
151668 4 9 29108
151670 4 10 29109
151672 4 2 29117
151674 4 22 29126
151682 4 10 29277
151686 4 19 29400
151688 4 22 29522
151690 4 23 29523
151692 4 1 29524
151694 4 2 29525
151696 4 21 29581
151698 4 22 29582
151700 4 23 29583
151702 4 1 29584
151704 4 2 29681
151706 4 23 29691
151742 4 1 28852
151746 4 1 28876
151752 4 14 29134
151754 4 15 29135
151756 4 23 29355
151758 4 10 28689
151760 4 14 28702
151768 4 3 29094
151772 4 5 29419
151774 4 9 29420
151776 4 10 29421
151778 4 9 29588
151782 4 19 28728
151786 4 10 29121
151788 4 14 29122
151792 4 10 29265
151796 4 14 28750
151798 4 10 28761
151800 4 19 28764
151804 4 21 28993
151812 4 1 29080
151818 4 10 29145
151820 4 14 29146
151822 4 15 29147
151824 4 19 29148
151826 4 21 29149
151828 4 22 29150
151830 4 23 29151
151832 4 5 29203
151842 4 14 29458
151844 4 5 29527
151846 4 9 29528
151848 4 3 29610
151850 4 9 29612
151852 4 10 29613
151854 4 14 29614
151856 4 15 29615
151858 4 19 29616
151860 4 21 29617
151862 4 22 29618
151864 4 23 29619
151866 4 1 29620
151868 4 19 29640
151870 4 9 29684
151908 4 2 28685
151910 4 3 28686
151912 4 5 28687
151920 4 2 28901
151922 4 9 28952
151924 4 15 29015
151926 4 3 29022
151928 4 2 29093
151932 4 2 29345
151934 4 3 29346
151936 4 5 29347
151938 4 9 29360
151940 4 10 29361
151942 4 14 29362
151944 4 15 29363
151946 4 3 29526
151952 4 10 29529
151954 4 14 29530
151956 4 3 29586
151958 4 10 29589
152018 4 22 28694
152020 4 23 28695
152026 4 5 28771
152028 4 5 29119
152030 4 3 29382
152032 4 5 29383
152034 4 9 29384
152036 4 10 29385
152038 4 9 29504
152040 4 10 29505
152042 4 14 29506
152044 4 15 29507
152084 4 3 29118
152094 4 10 29553
152096 4 1 29188
152098 4 2 29189
152100 4 3 29190
152102 4 5 29191
152104 4 15 29255
152124 4 22 29198
152134 4 9 28760
152136 4 3 28770
152138 4 3 28782
152140 4 9 28784
152142 4 14 28786
152144 4 15 28787
152146 4 21 28789
152150 4 21 28957
152160 4 14 29050
152166 4 1 29152
152168 4 2 29153
152170 4 23 29175
152176 4 14 29422
152180 4 19 29424
152184 4 15 29459
152188 4 2 29621
152190 4 3 29622
152192 4 5 29623
152194 4 9 29624
152196 4 22 29642
152198 4 21 29677
152258 4 1 28840
152260 4 5 29011
152262 4 10 29013
152264 4 14 29014
152266 4 19 29112
152268 4 21 29293
152270 4 2 28769
152272 4 2 28781
152274 4 19 28812
152276 4 21 28813
152278 4 9 28832
152280 4 10 28833
152282 4 15 28835
152284 4 14 29038
152292 4 19 29208
152294 4 5 29215
152296 4 9 29228
152298 4 21 29245
152300 4 3 29250
152304 4 21 29413
152308 4 23 29499
152310 4 19 29532
152316 4 1 29692
152352 4 10 28713
152354 4 14 28714
152360 4 9 28844
152362 4 3 28854
152364 4 15 28895
152366 4 3 28938
152368 4 1 29164
152370 4 1 29224
152372 4 2 29225
152374 4 3 29226
152376 4 5 29227
152378 4 9 29252
152380 4 1 29656
152382 4 2 29657
152384 4 3 29658
152386 4 5 29659
152448 4 19 28704
152460 4 10 29301
152464 4 5 29023
152474 4 1 29356
152476 4 3 29358
152480 4 10 29409
152484 4 19 29592
152488 4 22 29678
152500 4 3 29082
152508 4 9 29336
152510 4 1 29428
152514 4 19 28692
152516 4 21 28693
152526 4 19 28920
152530 4 19 28932
152536 4 15 28979
152538 4 19 28980
152540 4 14 29062
152542 4 14 29218
152544 4 3 29262
152546 4 14 29266
152550 4 22 29318
152552 4 21 29353
152554 4 22 29402
152566 4 15 29627
152638 4 1 29044
152640 4 2 29045
152642 4 3 29046
152646 4 15 29219
152658 4 5 29611
152660 4 21 29629
152662 4 22 29630
152664 4 23 29631
152666 4 1 29632
152706 4 21 28765
152708 4 2 28937
152724 4 5 29575
152732 4 2 29357
152740 4 15 28763
152746 4 14 28810
152748 4 5 28927
152750 4 9 29204
152752 4 10 29205
152754 4 14 29206
152756 4 15 29207
152758 4 3 29214
152760 4 22 29258
152766 4 22 29294
152768 4 23 29295
152770 4 1 29560
152806 4 5 28675
152808 4 9 28712
152810 4 15 28751
152812 4 21 28753
152814 4 22 28754
152816 4 1 28804
152818 4 2 28805
152820 4 3 28806
152822 4 9 29024
152824 4 23 29043
152826 4 19 29124
152828 4 15 29279
152830 4 19 29280
152832 4 21 29281
152834 4 22 29282
152836 4 9 29492
152838 4 10 29493
152840 4 14 29494
152842 4 15 29495
152844 4 2 29561
152846 4 3 29562
152848 4 5 29563
152850 4 9 29564
152852 4 3 29574
152916 4 15 28679
152920 4 22 28682
152922 4 23 28683
152924 4 21 28729
152930 4 22 29162
152932 4 23 29163
152934 4 3 29514
152936 4 5 29515
152938 4 9 29516
152940 4 10 29517
152942 4 1 29608
152946 4 1 28924
152948 4 2 28925
152950 4 5 28951
152952 4 1 28960
152954 4 2 28961
152956 4 3 28962
152960 4 19 29256
152986 4 5 29551
152988 4 9 29552
152992 4 19 29100
152994 4 21 29101
152996 4 22 29102
152998 4 23 29103
153002 4 15 29267
153006 4 21 29269
153010 4 10 29577
153012 4 14 29578
153014 4 15 29579
153016 4 14 29686
153020 4 14 29194
153032 4 1 29380
153034 4 1 28672
153040 4 3 28878
153044 4 3 28926
153058 4 10 29253
153062 4 14 29278
153064 4 10 29445
153066 4 14 29446
153068 4 15 29447
153070 4 19 29448
153072 4 15 29603
153074 4 19 29604
153076 4 21 29605
153078 4 22 29606
153110 4 9 26372
153112 4 21 26557
153114 4 22 26270
153116 4 9 26528
153118 4 3 26286
153126 4 22 26330
153134 4 1 26164
153136 4 14 26098
153138 4 21 26053
153140 4 2 26069
153142 4 1 26368
153144 4 1 26452
153146 4 19 26616
153148 4 5 26059
153152 4 22 26414
153154 4 23 26151
153158 4 22 26210
153160 4 19 26292
153162 4 19 26592
153182 4 5 26155
153184 4 1 26260
153186 4 14 26338
153188 4 21 26389
153196 4 15 26159
153198 4 2 25769
153200 4 1 26176
153212 4 14 26002
153216 4 22 26198
153218 4 22 26606
153220 4 23 26031
153226 4 14 26566
153238 4 9 26348
153240 4 5 26383
153252 4 23 26403
153254 4 15 26483
153256 4 22 26378
153264 4 15 26255
153266 4 2 26537
153268 4 3 26466
153270 4 21 26533
153288 4 23 26547
153294 4 10 26205
153300 4 1 26572
153302 4 2 26597
153322 4 5 26431
153330 4 15 26435
153332 4 2 26357
153350 4 23 26427
153356 4 5 26443
153366 4 5 26119
153374 4 10 26601
153378 4 21 26065
153382 4 14 26326
153398 4 14 25906
153414 4 2 26585
153424 4 19 26568
153428 4 19 26580
153436 4 15 26183
153438 4 2 26561
153440 4 1 26620
153458 4 15 26147
153488 4 23 26103
153490 4 9 26108
153502 4 1 26296
153522 4 9 26300
153532 4 5 26215
153534 4 3 26142
153538 4 5 26503
153540 4 9 26228
153542 4 1 26308
153546 4 14 26458
153554 4 10 26313
153612 4 14 26398
153624 4 9 26504
153636 4 23 26523
153654 4 15 26543
153700 4 9 26192
153764 4 1 26416
153972 4 10 29773
153974 4 9 29700
153976 4 10 29857
153978 4 5 30011
153980 4 9 30012
153982 4 1 29720
153984 4 21 29873
153986 4 9 29796
153988 4 5 29807
153990 4 9 29808
153992 4 10 29809
153994 4 14 29810
153996 4 5 29819
153998 4 9 29820
154000 4 2 29829
154002 4 14 29906
154004 4 19 29980
154006 4 23 29899
154008 4 21 29837
154010 4 10 29761
154012 4 3 29782
154014 4 3 29830
154016 4 1 29708
154018 4 14 29798
154020 4 21 29741
154022 4 22 29706
154026 4 15 29715
154028 4 19 29716
154030 4 21 29717
154032 4 22 29718
154034 4 14 29882
154036 4 21 29909
154038 4 15 29859
154040 4 22 29742
154042 4 15 29763
154044 4 19 29764
154046 4 21 29765
154048 4 22 29766
154050 4 23 29935
154052 4 22 29982
154054 4 19 29836
154056 4 1 29756
154058 4 15 29799
154060 4 19 29800
154062 4 21 29801
154064 4 22 29802
154066 4 2 29901
154068 4 15 29991
154070 4 23 29719
154072 4 3 29866
154074 4 2 29757
154076 4 14 29726
154078 4 15 29727
154080 4 19 29728
154082 4 21 29729
154084 4 3 29734
154086 4 15 29811
154088 4 14 29714
154090 4 10 29869
154092 4 1 29696
154094 4 2 29697
154096 4 3 29698
154098 4 5 29699
154100 4 15 29787
154102 4 1 29900
154104 4 10 30085
154106 4 22 29730
154108 4 23 29731
154110 4 1 29732
154112 4 2 29733
154114 4 5 29735
154116 4 9 29736
154118 4 10 29737
154120 4 14 29738
154122 4 15 29739
154124 4 23 29743
154126 4 5 29759
154130 4 2 29913
154132 4 14 29990
154134 4 23 30031
154136 4 1 30032
154138 4 2 30033
154140 4 3 30034
154142 4 9 30204
154144 4 10 30205
154146 4 23 30343
154148 4 2 30393
154152 4 9 29916
154154 4 1 29996
154160 4 15 30015
154162 4 21 29705
154164 4 21 29849
154166 4 22 29850
154168 4 1 29852
154170 4 23 29851
154172 4 2 29853
154174 4 10 29821
154176 4 14 29822
154178 4 15 29823
154180 4 19 29824
154182 4 21 29897
154184 4 22 29898
154186 4 14 29774
154188 4 15 29775
154190 4 3 29758
154192 4 21 29861
154194 4 22 29778
154196 4 2 29781
154198 4 19 29788
154200 4 21 29789
154202 4 22 29790
154204 4 23 29791
154206 4 3 29902
154208 4 10 29917
154210 4 14 29918
154212 4 15 29919
154214 4 19 29920
154216 4 1 29936
154218 4 2 29937
154220 4 14 29942
154222 4 23 29983
154224 4 9 30048
154226 4 10 30049
154228 4 21 30101
154230 4 5 30275
154242 4 9 29772
154244 4 5 29903
154248 4 5 29915
154250 4 10 29713
154254 4 10 29701
154256 4 14 29702
154258 4 15 29703
154260 4 19 29704
154262 4 14 29762
154264 4 9 29868
154266 4 2 29709
154268 4 3 29710
154270 4 5 29711
154272 4 9 29712
154276 4 21 29777
154288 4 19 30040
154290 4 21 30041
154292 4 22 30042
154294 4 23 30043
154296 4 9 30084
154298 4 10 30145
154300 4 14 30146
154302 4 21 30269
154312 4 10 29797
154316 4 22 30030
154320 4 23 29779
154322 4 1 29780
154326 4 14 29858
154330 4 14 30014
154332 4 3 30058
154334 4 5 30059
154336 4 9 30060
154338 4 10 30061
154340 4 9 30072
154342 4 22 30222
154344 4 1 30272
154348 4 23 29803
154350 4 1 29804
154352 4 2 29805
154354 4 3 29806
154356 4 19 29956
154358 4 5 29999
154360 4 9 29748
154362 4 10 29749
154364 4 14 29750
154366 4 15 29751
154368 4 19 29752
154370 4 21 29753
154372 4 22 29754
154374 4 23 29755
154376 4 2 29817
154378 4 3 29818
154380 4 19 29860
154382 4 9 29760
154386 4 9 29856
154388 4 14 29978
154392 4 5 29783
154394 4 9 29784
154396 4 10 29785
154398 4 14 29786
154400 4 5 29867
154402 4 19 29884
154404 4 9 29904
154406 4 1 29912
154408 4 1 29792
154410 4 2 29793
154412 4 3 29794
154414 4 5 29795
154416 4 14 29870
154418 4 10 29893
154420 4 15 29907
154422 4 3 29914
154426 4 19 29812
154428 4 19 29908
154440 4 19 29872
154442 4 1 29876
154444 4 2 29877
154446 4 3 29878
154448 4 5 29879
154450 4 15 29895
154452 4 19 29896
154454 4 21 29813
154456 4 22 29814
154458 4 23 29815
154460 4 1 29816
154462 4 3 29854
154464 4 5 29855
154466 4 10 29845
154468 4 14 29846
154470 4 15 29847
154472 4 19 29848
154474 4 21 29825
154476 4 22 29826
154478 4 23 29827
154480 4 1 29828
154482 4 9 29880
154484 4 10 29881
154486 4 23 29911
154488 4 5 29831
154490 4 9 29832
154492 4 10 29833
154494 4 14 29834
154496 4 22 29874
154498 4 23 29875
154500 4 15 29943
154502 4 19 29944
154504 4 21 29945
154506 4 22 29946
154508 4 14 30062
154520 4 15 29871
154532 4 21 29885
154534 4 22 29886
154536 4 23 29887
154538 4 1 29888
154540 4 19 30016
154542 4 10 30073
154544 4 14 30098
154546 4 2 30165
154552 4 2 29961
154554 4 3 29962
154556 4 5 29963
154558 4 9 29964
154560 4 3 30106
154562 4 5 30119
154564 4 21 30125
154566 4 22 30126
154572 4 1 29744
154574 4 2 29745
154576 4 3 29746
154578 4 5 29747
154590 4 1 29984
154592 4 2 29985
154594 4 3 29986
154596 4 5 29987
154598 4 21 30077
154600 4 22 30078
154602 4 23 30079
154604 4 1 30080
154606 4 5 30107
154608 4 2 30357
154618 4 2 29889
154620 4 3 29890
154622 4 5 29891
154624 4 9 29892
154628 4 21 30017
154630 4 14 30074
154632 4 15 30099
154634 4 5 30167
154638 4 21 30089
154640 4 22 30090
154642 4 23 30091
154644 4 1 30092
154646 4 2 30093
154648 4 3 30094
154650 4 5 30095
154652 4 22 30102
154654 4 1 30116
154666 4 3 29926
154668 4 5 29927
154670 4 9 29928
154672 4 10 29929
154674 4 14 29930
154676 4 9 30000
154678 4 10 30001
154680 4 19 30268
154694 4 22 30174
154696 4 23 30175
154698 4 1 30176
154700 4 2 30177
154702 4 2 30273
154704 4 3 30274
154718 4 15 29931
154720 4 19 29932
154722 4 21 29933
154724 4 22 29934
154726 4 9 30096
154728 4 10 30097
154730 4 23 30103
154732 4 2 30117
154736 4 10 29725
154738 4 19 29740
154742 4 22 30006
154744 4 23 30007
154746 4 1 30008
154748 4 2 30009
154750 4 9 30180
154752 4 21 30185
154754 4 1 30200
154756 4 2 30201
154758 4 3 30202
154760 4 5 30203
154762 4 23 30211
154764 4 21 30377
154766 4 9 30384
154768 4 22 30570
154770 4 15 30579
154774 4 22 29862
154776 4 23 29863
154778 4 1 29864
154780 4 2 29865
154782 4 15 30063
154784 4 19 30064
154786 4 21 30065
154788 4 22 30066
154790 4 19 30088
154792 4 1 30104
154806 4 3 29974
154808 4 5 29975
154810 4 9 29976
154812 4 10 29977
154814 4 10 29989
154816 4 5 30035
154818 4 19 30076
154820 4 3 30250
154822 4 10 29965
154824 4 14 29966
154826 4 15 29967
154828 4 19 29968
154830 4 21 29969
154832 4 9 30120
154852 4 15 29835
154854 4 9 30036
154856 4 10 30037
154858 4 14 30038
154860 4 15 30039
154862 4 9 30168
154864 4 23 29767
154866 4 1 29948
154868 4 2 29949
154870 4 3 29950
154872 4 5 29951
154874 4 14 30002
154876 4 15 30003
154878 4 19 30004
154880 4 21 30005
154882 4 3 30010
154884 4 1 30248
154888 4 1 29768
154890 4 2 29769
154892 4 3 29770
154894 4 5 29771
154896 4 10 29905
154898 4 2 29925
154900 4 10 30013
154904 4 15 44039
154906 4 19 44244
154908 4 9 44084
154910 4 10 44073
154912 4 9 44060
154914 4 22 44078
154916 4 23 44079
154918 4 1 44080
154920 4 2 44081
154922 4 3 44082
154924 4 5 44095
154926 4 2 44105
154928 4 9 44096
154930 4 3 44106
154932 4 22 44138
154934 4 23 44139
154936 4 3 43010
154938 4 5 43047
154940 4 23 43223
154942 4 5 43251
154944 4 1 43056
154946 4 2 43057
154948 4 15 43027
154950 4 9 43060
154952 4 22 43030
154954 4 3 43226
154956 4 19 43052
154958 4 22 43090
154960 4 21 43149
154962 4 14 43050
154964 4 22 43042
154966 4 9 43132
154968 4 1 43044
154970 4 15 43135
154972 4 14 43014
154974 4 15 43015
154976 4 19 43016
154978 4 21 43017
154980 4 10 43061
154982 4 14 43062
154984 4 23 43151
154986 4 1 43164
154988 4 5 43059
154990 4 14 43170
154992 4 9 43216
154994 4 23 43019
154996 4 1 43020
154998 4 23 43067
155000 4 10 43181
155002 4 1 43008
155004 4 10 43013
155006 4 1 43224
155008 4 21 43245
155010 4 19 43124
155012 4 21 43125
155014 4 22 43126
155016 4 23 43127
155018 4 5 43179
155020 4 9 43180
155022 4 23 43043
155024 4 15 43063
155026 4 19 43064
155028 4 21 43065
155030 4 22 43066
155032 4 19 43268
155034 4 21 43269
155036 4 10 43037
155038 4 14 43038
155040 4 15 43039
155042 4 19 43040
155044 4 21 43041
155046 4 5 43143
155048 4 23 43235
155050 4 1 43068
155052 4 2 43069
155054 4 3 43070
155056 4 5 43071
155058 4 5 43083
155060 4 14 43290
155062 4 1 43356
155064 4 23 43079
155066 4 1 43080
155068 4 2 43081
155070 4 3 43082
155072 4 9 43084
155074 4 23 43295
155076 4 2 43357
155078 4 22 43138
155080 4 5 43107
155082 4 9 43108
155084 4 10 43109
155086 4 14 43110
155088 4 1 43248
155090 4 9 43348
155092 4 9 43396
155094 4 21 43113
155096 4 22 43114
155098 4 23 43115
155100 4 1 43116
155102 4 2 43249
155104 4 14 43350
155106 4 21 43401
155108 4 23 43091
155110 4 1 43092
155112 4 2 43093
155114 4 3 43094
155116 4 15 43231
155118 4 19 43232
155120 4 5 43095
155122 4 9 43096
155124 4 10 43097
155126 4 14 43098
155128 4 21 43233
155130 4 22 43234
155132 4 15 43099
155134 4 19 43100
155136 4 21 43101
155138 4 22 43102
155140 4 15 43111
155142 4 19 43112
155144 4 19 43244
155146 4 23 43103
155148 4 1 43104
155150 4 2 43105
155152 4 3 43106
155154 4 22 43162
155156 4 23 43163
155158 4 9 43252
155168 4 10 43085
155172 4 21 43329
155174 4 22 43330
155176 4 23 43331
155178 4 1 43332
155180 4 15 43363
155182 4 5 43407
155184 4 19 43172
155186 4 23 43175
155188 4 1 43176
155190 4 2 43177
155192 4 3 43178
155194 4 21 43257
155196 4 9 43408
155198 4 10 43145
155200 4 14 43146
155202 4 15 43147
155204 4 19 43148
155206 4 10 43217
155208 4 10 43265
155210 4 22 43270
155212 4 23 43271
155216 4 22 43150
155218 4 22 43222
155220 4 10 43289
155222 4 23 43139
155224 4 1 43140
155226 4 2 43141
155228 4 3 43142
155230 4 19 43196
155232 4 21 43197
155234 4 9 43156
155236 4 10 43157
155238 4 14 43158
155240 4 15 43159
155242 4 22 43198
155244 4 23 43199
155248 4 23 43187
155250 4 1 43188
155252 4 2 43189
155254 4 3 43190
155256 4 3 43430
155258 4 10 43625
155260 4 15 43207
155262 4 19 43208
155264 4 21 43209
155266 4 22 43210
155268 4 1 43128
155270 4 2 43129
155272 4 3 43130
155274 4 5 43131
155276 4 21 43053
155280 4 2 43117
155282 4 3 43118
155284 4 5 43119
155286 4 14 43134
155288 4 21 43137
155290 4 23 43211
155292 4 15 43339
155294 4 5 43035
155296 4 9 43036
155298 4 15 43051
155300 4 1 43212
155302 4 2 43213
155304 4 3 43214
155306 4 5 43215
155308 4 14 43086
155310 4 15 43087
155312 4 19 43088
155314 4 21 43089
155316 4 5 43263
155318 4 2 43225
155320 4 1 43236
155322 4 2 43237
155324 4 3 43238
155326 4 5 43239
155328 4 22 43258
155330 4 23 43259
155334 4 9 43240
155336 4 10 43241
155338 4 14 43242
155340 4 15 43243
155342 4 1 43260
155344 4 2 43261
155346 4 5 43023
155348 4 15 43291
155350 4 19 43292
155352 4 21 43293
155354 4 22 43294
155356 4 3 43382
155358 4 5 43443
155376 4 1 43272
155378 4 2 43273
155380 4 3 43274
155382 4 5 43275
155384 4 19 43436
155386 4 9 43480
155388 4 21 43533
155390 4 9 43588
155398 4 10 43277
155400 4 14 43278
155402 4 15 43279
155404 4 19 43280
155406 4 21 43437
155408 4 19 43496
155410 4 22 43534
155426 4 5 43311
155428 4 9 43312
155430 4 10 43313
155432 4 14 43314
155434 4 19 43328
155436 4 22 43390
155438 4 1 43476
155440 4 21 43677
155452 4 23 43307
155454 4 1 43308
155456 4 2 43309
155458 4 3 43310
155460 4 5 43335
155462 4 10 43337
155464 4 19 43340
155466 4 21 43341
155468 4 3 43346
155470 4 5 43359
155472 4 9 43432
155474 4 10 43433
155476 4 15 43495
155478 4 15 43759
155490 4 23 43319
155492 4 1 43320
155494 4 2 43321
155496 4 3 43322
155498 4 2 43333
155500 4 23 43391
155502 4 2 43477
155504 4 22 43678
155516 4 15 43315
155518 4 19 43316
155520 4 21 43317
155522 4 22 43318
155524 4 22 43342
155526 4 23 43343
155528 4 1 43344
155530 4 2 43345
155532 4 5 43347
155534 4 14 43362
155536 4 14 43434
155538 4 15 43435
155540 4 10 43505
155542 4 21 43761
155544 4 5 43203
155546 4 9 43204
155548 4 10 43205
155550 4 14 43206
155552 4 14 43218
155554 4 15 43219
155556 4 19 43220
155558 4 21 43221
155560 4 23 43247
155562 4 2 43369
155564 4 19 43448
155566 4 10 43025
155568 4 19 43364
155570 4 21 43365
155572 4 22 43366
155574 4 23 43367
155576 4 21 43389
155580 4 9 43336
155584 4 14 43338
155592 4 21 43413
155604 4 10 43349
155606 4 3 43358
155608 4 9 43420
155618 4 15 43351
155620 4 19 43352
155622 4 21 43353
155624 4 22 43354
155626 4 1 43368
155628 4 15 43579
155632 4 1 43152
155634 4 2 43153
155636 4 3 43154
155638 4 5 43155
155640 4 9 43300
155642 4 10 43301
155644 4 14 43302
155646 4 15 43303
155648 4 19 43304
155650 4 9 43360
155652 4 5 43323
155654 4 9 43324
155656 4 10 43325
155658 4 14 43326
155660 4 5 43383
155662 4 10 43445
155682 4 9 43264
155692 4 15 43195
155694 4 23 43031
155696 4 1 43032
155698 4 2 43033
155700 4 3 43034
155702 4 2 43429
155704 4 19 43520
155706 4 21 43521
155708 4 22 43522
155710 4 23 43523
155712 4 19 43832
155714 4 2 43045
155716 4 1 43296
155718 4 2 43297
155720 4 3 43298
155722 4 5 43299
155724 4 9 43384
155726 4 10 43385
155758 4 5 43683
155760 4 9 43684
155762 4 10 43685
155764 4 14 43686
155766 4 23 43703
155768 4 21 43953
155770 4 10 44009
155786 4 10 43397
155788 4 14 43398
155790 4 15 43399
155792 4 19 43400
155794 4 9 43444
155796 4 3 43526
155798 4 5 43527
155800 4 23 43727
155816 4 22 43402
155818 4 23 43403
155820 4 1 43404
155822 4 2 43405
155824 4 14 43446
155826 4 23 43535
155828 4 1 43536
155830 4 10 43733
155832 4 1 43392
155834 4 2 43393
155836 4 3 43394
155838 4 5 43395
155840 4 22 43450
155842 4 23 43451
155844 4 1 43452
155846 4 2 43453
155848 4 21 43497
155850 4 22 43498
155852 4 23 43499
155854 4 1 43500
155856 4 1 43512
155858 4 2 43513
155860 4 3 43514
155862 4 5 43515
155864 4 1 43524
155866 4 21 43833
155868 4 2 43885
155870 4 3 43886
155872 4 22 43954
155874 4 1 43968
155876 4 2 43009
155878 4 22 43018
155882 4 10 43421
155884 4 14 43422
155886 4 15 43423
155888 4 19 43424
155890 4 21 43605
155892 4 22 43606
155894 4 23 43607
155896 4 1 43608
155898 4 2 43609
155900 4 15 43615
155902 4 15 43627
155904 4 21 43857
155906 4 5 43011
155908 4 9 43012
155910 4 21 43425
155912 4 22 43426
155914 4 23 43427
155916 4 1 43428
155918 4 5 43611
155920 4 9 43612
155922 4 14 43614
155936 4 3 43262
155948 4 22 43378
155950 4 23 43379
155952 4 1 43380
155954 4 2 43381
155956 4 15 43387
155958 4 10 43517
155960 4 23 43547
155962 4 14 43758
155974 4 19 43388
155976 4 1 43416
155978 4 2 43417
155980 4 3 43418
155982 4 5 43419
155984 4 5 43431
155986 4 9 43708
155988 4 2 43765
156016 4 19 43460
156018 4 21 43461
156020 4 22 43462
156022 4 23 43463
156024 4 22 43714
156026 4 1 43716
156028 4 14 43854
156030 4 10 43961
156052 4 1 43464
156054 4 2 43465
156056 4 3 43466
156058 4 5 43467
156060 4 23 43715
156062 4 2 43717
156064 4 15 43855
156066 4 14 43962
156070 4 9 43072
156072 4 10 43073
156074 4 14 43074
156076 4 15 43075
156078 4 19 43076
156080 4 21 43077
156082 4 22 43078
156084 4 21 43173
156086 4 22 43174
156088 4 1 43200
156090 4 5 43287
156092 4 9 43288
156108 4 15 43507
156110 4 19 43508
156112 4 21 43509
156114 4 22 43510
156116 4 10 43613
156118 4 23 43643
156120 4 1 43644
156122 4 2 43645
156124 4 3 43646
156126 4 9 43756
156156 4 23 43679
156158 4 1 43680
156160 4 2 43681
156162 4 3 43682
156164 4 15 43699
156166 4 23 43775
156168 4 14 43914
156190 4 9 43024
156194 4 10 43409
156196 4 14 43410
156198 4 15 43411
156200 4 19 43412
156202 4 21 43485
156206 4 3 43370
156208 4 5 43371
156210 4 9 43372
156212 4 10 43373
156214 4 15 43447
156216 4 10 43709
156218 4 22 43438
156220 4 23 43439
156222 4 1 43440
156224 4 2 43441
156226 4 14 43458
156228 4 10 43529
156230 4 14 43530
156232 4 19 43532
156238 4 14 43374
156240 4 15 43375
156242 4 19 43376
156244 4 21 43377
156246 4 9 43528
156248 4 15 43531
156250 4 2 43549
156252 4 10 43577
156260 4 5 43227
156262 4 9 43228
156264 4 10 43229
156266 4 14 43230
156268 4 23 43355
156278 4 10 43673
156280 4 14 43674
156282 4 15 43675
156284 4 19 43676
156286 4 23 43799
156288 4 21 43965
156292 4 15 43171
156294 4 14 43182
156296 4 15 43183
156298 4 9 43120
156300 4 19 43184
156302 4 21 43185
156304 4 22 43186
156306 4 9 43144
156322 4 10 43313
156328 4 22 43558
156330 4 23 43559
156332 4 1 43560
156334 4 2 43561
156336 4 3 43778
156338 4 5 43779
156340 4 3 43790
156342 4 5 43791
156344 4 10 43133
156362 4 3 43562
156364 4 5 43563
156366 4 9 43564
156368 4 10 43565
156370 4 3 43766
156372 4 2 43789
156374 4 10 43793
156376 4 14 43794
156380 4 3 43202
156388 4 3 43454
156390 4 5 43455
156392 4 9 43456
156394 4 10 43457
156396 4 15 43459
156398 4 2 43201
156400 4 3 43550
156402 4 5 43551
156404 4 9 43552
156406 4 10 43553
156408 4 14 43578
156410 4 9 43816
156414 4 10 43169
156424 4 5 43479
156426 4 21 43701
156432 4 14 43146
156442 4 19 43136
156456 4 23 43595
156458 4 1 43596
156460 4 2 43597
156462 4 3 43598
156464 4 5 43599
156466 4 9 43732
156468 4 22 43834
156470 4 1 43008
156474 4 9 43600
156476 4 10 43601
156478 4 14 43602
156480 4 15 43603
156482 4 19 43604
156484 4 5 43839
156518 4 19 43856
156520 4 10 43013
156536 4 19 43616
156538 4 21 43617
156540 4 22 43618
156542 4 23 43619
156544 4 14 43626
156546 4 3 43874
156548 4 2 43993
156558 4 22 43246
156568 4 14 43026
156582 4 14 43386
156594 4 23 43751
156596 4 1 43752
156598 4 2 43753
156600 4 3 43754
156602 4 9 43768
156604 4 3 43922
156606 4 23 43979
156608 4 2 44029
156622 4 19 43028
156624 4 21 43029
156630 4 19 43628
156632 4 21 43629
156634 4 22 43630
156636 4 23 43631
156638 4 3 43718
156640 4 5 43755
156642 4 1 43764
156646 4 3 43046
156648 4 9 43048
156650 4 22 43054
156652 4 3 43250
156664 4 21 43641
156666 4 15 43651
156668 4 19 43652
156670 4 21 43653
156672 4 22 43654
156674 4 15 43663
156676 4 5 43875
156678 4 15 43891
156686 4 5 43047
156688 4 10 43049
156690 4 23 43055
156692 4 5 43251
156704 4 22 43642
156706 4 5 43659
156708 4 9 43660
156710 4 10 43661
156712 4 14 43662
156714 4 19 43664
156716 4 19 43880
156718 4 19 43892
156726 4 23 43139
156728 4 1 43140
156730 4 2 43141
156732 4 3 43142
156734 4 10 43181
156736 4 5 43647
156738 4 9 43648
156740 4 10 43649
156742 4 14 43650
156744 4 22 43750
156746 4 19 43796
156750 4 9 43156
156752 4 10 43157
156758 4 14 43170
156760 4 23 43655
156762 4 1 43656
156764 4 2 43657
156766 4 3 43658
156768 4 10 43757
156770 4 1 43776
156782 4 2 43069
156796 4 3 43082
156816 4 15 43099
156820 4 15 43111
156822 4 19 43112
156824 4 19 43244
156830 4 10 43325
156834 4 2 43621
156836 4 3 43622
156838 4 5 43623
156840 4 9 43624
156842 4 10 43769
156844 4 9 43792
156860 4 1 43092
156888 4 22 43486
156890 4 23 43487
156892 4 1 43488
156894 4 2 43489
156896 4 19 43736
156898 4 1 43872
156914 4 22 43102
156926 4 5 43719
156928 4 9 43720
156930 4 10 43721
156932 4 14 43722
156934 4 22 43966
156952 4 23 43103
156954 4 1 43104
156956 4 2 43105
156958 4 3 43106
156970 4 15 43723
156972 4 19 43724
156974 4 21 43725
156976 4 22 43726
156978 4 23 43967
156994 4 3 43310
156996 4 5 43359
157004 4 23 43163
157014 4 14 43734
157036 4 9 43132
157038 4 19 43328
157042 4 21 43737
157044 4 22 43738
157046 4 23 43739
157048 4 1 43740
157050 4 1 43800
157052 4 15 43963
157068 4 15 43135
157070 4 2 43333
157072 4 2 43357
157074 4 10 43745
157076 4 14 43746
157078 4 15 43747
157080 4 19 43748
157082 4 2 43801
157084 4 19 43964
157092 4 5 43035
157128 4 1 43344
157140 4 14 43338
157156 4 2 43165
157158 4 3 43166
157160 4 5 43167
157162 4 9 43168
157164 4 23 43175
157166 4 1 43176
157168 4 2 43177
157170 4 3 43178
157172 4 15 43327
157174 4 1 43728
157176 4 2 43729
157178 4 3 43730
157180 4 5 43731
157182 4 21 43797
157188 4 1 40960
157190 4 2 40961
157192 4 3 40962
157194 4 5 40963
157196 4 21 40993
157198 4 3 41130
157200 4 9 41216
157202 4 3 41442
157204 4 15 41447
157206 4 19 41448
157208 4 22 41450
157210 4 1 41464
157212 4 3 41478
157214 4 5 41479
157216 4 21 41509
157218 4 22 41510
157220 4 5 41707
157222 4 15 41891
157224 4 19 41892
157226 4 21 41893
157228 4 22 41894
157288 4 9 40964
157290 4 10 40965
157292 4 14 40966
157294 4 15 40967
157296 4 19 40968
157298 4 14 41002
157300 4 9 41132
157302 4 14 41230
157304 4 10 41505
157306 4 14 41506
157308 4 19 41508
157310 4 10 41553
157312 4 15 41555
157314 4 19 41556
157316 4 2 41561
157318 4 3 41562
157320 4 19 41580
157322 4 22 41642
157324 4 23 41643
157326 4 22 41678
157328 4 23 41679
157330 4 1 41680
157332 4 2 41681
157334 4 23 41775
157336 4 1 41776
157338 4 15 41879
157340 4 19 41880
157342 4 21 41881
157344 4 15 41951
157346 4 3 41970
157348 4 15 41975
157350 4 21 41977
157444 4 21 40969
157446 4 22 40970
157448 4 23 40971
157450 4 1 40972
157452 4 9 41036
157454 4 10 41037
157456 4 1 41044
157458 4 22 41066
157460 4 21 41125
157462 4 9 41240
157464 4 21 41257
157466 4 10 41421
157468 4 9 41468
157470 4 10 41469
157472 4 15 41471
157474 4 10 41601
157476 4 15 41603
157478 4 5 41671
157480 4 3 41826
157482 4 5 41827
157484 4 3 41862
157486 4 5 41863
157488 4 9 41864
157490 4 10 41865
157536 4 2 40973
157538 4 3 40974
157540 4 5 40975
157542 4 9 40976
157544 4 10 40977
157546 4 23 41127
157548 4 1 41128
157550 4 5 41131
157552 4 19 41196
157554 4 21 41197
157556 4 22 41258
157558 4 9 41360
157560 4 10 41457
157562 4 15 41459
157564 4 2 41597
157566 4 3 41598
157568 4 21 41641
157570 4 1 41656
157572 4 14 41686
157574 4 10 41733
157576 4 9 41744
157622 4 14 40978
157624 4 15 40979
157626 4 19 40980
157628 4 21 40981
157630 4 22 40982
157632 4 19 41004
157634 4 21 41005
157636 4 10 41097
157638 4 15 41135
157640 4 21 41173
157642 4 22 41174
157644 4 21 41317
157646 4 22 41318
157648 4 1 41320
157650 4 22 41486
157652 4 1 41488
157654 4 2 41489
157656 4 5 41491
157658 4 19 41520
157660 4 21 41617
157662 4 3 41682
157664 4 9 41684
157666 4 10 41685
157668 4 15 41699
157670 4 2 41717
157672 4 19 41832
157674 4 1 41872
157676 4 3 41874
157678 4 22 41918
157742 4 23 40983
157744 4 1 40984
157746 4 2 40985
157748 4 3 40986
157750 4 15 40991
157752 4 15 41003
157754 4 10 41133
157756 4 15 41231
157758 4 5 41515
157760 4 9 41516
157762 4 10 41517
157764 4 21 41557
157766 4 22 41558
157768 4 1 41560
157770 4 5 41563
157772 4 9 41564
157774 4 21 41581
157776 4 5 41647
157778 4 14 41650
157782 4 5 41683
157788 4 5 41779
157790 4 9 41780
157796 4 5 41875
157798 4 1 41956
157800 4 9 41972
157802 4 14 41974
157804 4 19 41976
157870 4 5 40987
157872 4 9 40988
157874 4 10 40989
157876 4 14 40990
157878 4 1 41008
157880 4 2 41009
157882 4 9 41096
157884 4 19 41136
157886 4 23 41175
157888 4 1 41176
157890 4 2 41321
157892 4 3 41322
157894 4 5 41323
157896 4 23 41487
157898 4 9 41492
157900 4 10 41493
157902 4 14 41494
157904 4 15 41519
157906 4 22 41618
157914 4 14 41698
157916 4 3 41718
157918 4 21 41833
157920 4 23 41919
158012 4 19 40992
158014 4 5 41215
158016 4 5 41443
158018 4 10 41445
158020 4 1 41476
158022 4 2 41477
158024 4 5 41887
158026 4 9 41888
158028 4 10 41889
158030 4 14 41890
158058 4 22 40994
158060 4 23 40995
158062 4 1 40996
158064 4 2 40997
158066 4 5 41383
158068 4 9 41384
158070 4 10 41385
158072 4 14 41386
158074 4 15 41387
158076 4 19 41388
158078 4 21 41389
158080 4 22 41390
158082 4 21 41737
158142 4 3 40998
158144 4 5 40999
158146 4 9 41000
158148 4 10 41001
158150 4 15 41051
158152 4 22 41054
158154 4 10 41061
158156 4 14 41062
158158 4 15 41063
158160 4 9 41264
158162 4 14 41266
158164 4 19 41268
158166 4 5 41311
158168 4 23 41331
158170 4 10 41481
158172 4 1 41548
158174 4 5 41635
158176 4 23 41691
158302 4 22 41006
158304 4 23 41007
158306 4 1 41092
158314 4 14 41206
158316 4 19 41436
158324 4 15 41567
158328 4 2 41657
158336 4 3 41766
158338 4 5 41767
158340 4 21 41773
158342 4 19 41796
158344 4 23 41811
158346 4 22 41858
158348 4 23 41859
158350 4 1 41860
158434 4 3 41010
158436 4 5 41011
158438 4 3 41094
158446 4 15 41207
158448 4 22 41438
158456 4 19 41568
158460 4 3 41658
158468 4 21 41761
158470 4 22 41762
158472 4 19 41772
158474 4 21 41797
158476 4 1 41812
158554 4 9 41012
158556 4 10 41625
158558 4 14 41626
158560 4 2 41669
158562 4 3 41670
158564 4 10 41013
158566 4 14 41014
158568 4 15 41015
158570 4 19 41016
158572 4 21 41017
158574 4 22 41018
158576 4 23 41019
158578 4 1 41020
158580 4 2 41021
158582 4 10 41325
158584 4 14 41326
158586 4 15 41327
158588 4 19 41328
158590 4 21 41329
158592 4 22 41330
158594 4 1 41368
158596 4 5 41371
158598 4 9 41372
158600 4 9 41480
158602 4 23 41535
158604 4 3 41538
158606 4 3 41634
158608 4 14 41734
158610 4 15 41735
158612 4 19 41736
158614 4 2 41813
158642 4 23 41367
158646 4 2 41369
158648 4 3 41370
158654 4 10 41373
158658 4 1 41584
158660 4 2 41585
158662 4 3 41586
158664 4 5 41587
158890 4 3 41022
158892 4 10 41313
158894 4 14 41314
158896 4 15 41315
158898 4 1 41356
158900 4 2 41357
158902 4 22 41462
158904 4 5 41023
158906 4 9 41024
158908 4 10 41025
158910 4 14 41026
158912 4 15 41027
158918 4 19 41064
158920 4 9 41084
158922 4 10 41085
158924 4 14 41086
158926 4 15 41087
158928 4 22 41222
158930 4 23 41223
158932 4 1 41224
158934 4 2 41225
158936 4 1 41248
158938 4 14 41362
158940 4 21 41401
158942 4 23 41403
158944 4 2 41405
158946 4 21 41521
158948 4 23 41547
158950 4 2 41549
158952 4 21 41701
158954 4 23 41703
158956 4 1 41704
158958 4 22 41738
158960 4 3 41814
159074 4 19 41028
159076 4 21 41029
159078 4 22 41030
159080 4 23 41031
159082 4 1 41032
159084 4 2 41033
159086 4 3 41034
159090 4 19 41052
159092 4 21 41053
159094 4 23 41067
159096 4 1 41068
159098 4 19 41088
159100 4 3 41226
159102 4 5 41227
159104 4 10 41229
159106 4 10 41241
159108 4 15 41243
159110 4 19 41244
159112 4 2 41249
159116 4 15 41363
159118 4 19 41364
159120 4 21 41365
159122 4 22 41366
159124 4 22 41378
159126 4 3 41406
159128 4 9 41408
159130 4 10 41409
159132 4 1 41428
159134 4 5 41431
159136 4 19 41496
159138 4 22 41522
159140 4 19 41532
159142 4 3 41550
159144 4 9 41552
159146 4 9 41624
159148 4 2 41705
159150 4 23 41739
159152 4 3 41742
159154 4 5 41815
159184 4 5 41407
159190 4 14 41410
159192 4 15 41411
159194 4 19 41412
159350 4 5 41035
159352 4 9 41252
159354 4 14 41254
159356 4 15 41255
159358 4 10 41565
159360 4 2 41957
159362 4 3 41958
159372 4 14 41038
159374 4 15 41039
159378 4 21 41233
159380 4 22 41234
159382 4 1 41236
159386 4 21 41269
159388 4 22 41270
159390 4 21 41413
159392 4 22 41414
159394 4 23 41415
159398 4 2 41465
159400 4 5 41539
159402 4 9 41540
159404 4 10 41541
159406 4 14 41542
159408 4 3 41706
159410 4 10 41781
159412 4 14 41782
159414 4 15 41783
159416 4 19 41784
159418 4 3 41862
159426 4 2 41909
159428 4 3 41910
159430 4 5 41911
159432 4 9 41912
159506 4 19 41040
159508 4 21 41041
159510 4 22 41042
159512 4 23 41043
159514 4 2 41201
159516 4 19 41256
159518 4 1 41260
159520 4 3 41262
159522 4 5 41263
159524 4 10 41433
159526 4 1 41500
159528 4 14 41566
159530 4 9 41852
159532 4 15 41855
159534 4 14 41866
159536 4 10 41961
159538 4 19 41964
159628 4 2 41045
159630 4 3 41070
159632 4 9 41312
159634 4 14 41482
159636 4 15 41483
159638 4 19 41484
159640 4 21 41485
159642 4 21 41605
159644 4 22 41606
159646 4 1 41608
159648 4 21 41785
159650 4 1 41908
159652 4 3 41046
159654 4 5 41047
159656 4 9 41048
159658 4 10 41049
159660 4 5 41059
159662 4 23 41103
159664 4 10 41121
159666 4 23 41271
159668 4 2 41273
159670 4 3 41274
159672 4 5 41347
159674 4 9 41348
159676 4 14 41350
159678 4 23 41475
159680 4 21 41569
159682 4 10 41577
159684 4 19 41640
159686 4 9 41708
159688 4 14 41710
159690 4 15 41711
159692 4 5 41719
159694 4 15 41927
159758 4 14 41050
159764 4 9 41600
159866 4 23 41055
159868 4 1 41056
159870 4 2 41057
159872 4 3 41058
159874 4 22 41102
159876 4 9 41108
159878 4 10 41109
159880 4 14 41122
159882 4 10 41277
159884 4 14 41278
159886 4 19 41280
159888 4 3 41574
159894 4 15 41627
159896 4 19 41628
159898 4 9 41636
159900 4 10 41637
159902 4 14 41638
159904 4 3 41646
159908 4 19 41712
159910 4 22 41714
159912 4 23 41715
159914 4 23 41871
159916 4 19 41928
160000 4 9 41060
160002 4 19 41724
160004 4 21 41725
160006 4 22 41726
160008 4 23 41727
160038 4 10 41265
160056 4 15 41531
160062 4 15 41651
160166 4 21 41065
160168 4 5 41179
160170 4 9 41180
160172 4 19 41208
160174 4 2 41297
160184 4 21 41125
160198 4 3 41826
160270 4 2 41069
160272 4 15 41183
160274 4 5 41275
160276 4 3 41514
160288 4 23 41607
160294 4 5 41071
160296 4 21 41437
160300 4 14 41554
160306 4 9 41072
160308 4 10 41073
160310 4 14 41074
160312 4 15 41075
160314 4 21 41209
160316 4 3 41298
160320 4 3 41490
160324 4 19 41676
160326 4 2 41777
160332 4 5 41959
160334 4 9 41960
160384 4 19 41076
160386 4 9 41276
160388 4 21 41077
160392 4 22 41078
160394 4 23 41079
160396 4 1 41080
160398 4 2 41081
160400 4 22 41210
160402 4 1 41308
160404 4 9 41492
160408 4 15 41495
160410 4 21 41677
160412 4 3 41778
160416 4 14 41962
160418 4 15 41963
160470 4 3 41082
160474 4 14 41602
160478 4 19 41604
160480 4 5 41083
160482 4 21 41293
160484 4 23 41295
160486 4 1 41452
160488 4 2 41513
160508 4 22 41402
160512 4 1 41404
160518 4 23 41523
160520 4 1 41524
160522 4 2 41525
160524 4 3 41526
160528 4 22 41702
160642 4 21 41089
160646 4 2 41873
160648 4 3 41874
160652 4 23 41895
160654 4 1 41896
160656 4 2 41897
160658 4 3 41898
160660 4 22 41090
160662 4 5 41119
160664 4 5 41299
160666 4 21 41305
160668 4 23 41391
160670 4 1 41392
160672 4 10 41529
160674 4 23 41595
160676 4 23 41667
160678 4 2 41693
160680 4 23 41091
160684 4 19 41880
160686 4 21 41881
160688 4 22 41882
160690 4 5 41899
160692 4 9 41900
160694 4 10 41901
160696 4 14 41902
160714 4 2 41657
160718 4 23 41859
160722 4 2 41093
160724 4 21 41221
160728 4 14 41506
160730 4 9 41672
160732 4 10 41673
160734 4 9 41828
160736 4 10 41829
160738 4 14 41830
160740 4 15 41831
160748 4 3 41094
160760 4 5 41095
160764 4 9 41516
160770 4 15 41639
160772 4 14 41674
160774 4 15 41675
160776 4 21 41905
160780 4 9 40988
160784 4 9 41096
160788 4 2 41321
160794 4 15 41519
160806 4 19 40980
160808 4 21 40981
160814 4 21 41317
160816 4 1 41320
160820 4 19 41520
160822 4 3 41682
160824 4 9 41684
160826 4 10 41685
160834 4 14 41098
160836 4 15 41099
160838 4 19 41100
160840 4 21 41101
160844 4 10 41361
160848 4 2 41537
160852 4 19 41616
160854 4 1 41668
160856 4 2 41729
160858 4 9 41732
160860 4 15 41735
160962 4 1 41104
160964 4 2 41105
160966 4 3 41106
160968 4 5 41107
160970 4 10 41169
160972 4 14 41170
160974 4 15 41171
160976 4 19 41172
160978 4 3 41238
160980 4 10 41337
160982 4 2 41381
160984 4 3 41382
160986 4 1 41440
160988 4 23 41787
160990 4 1 41788
160992 4 2 41789
160994 4 3 41790
160996 4 5 41791
160998 4 9 41792
161000 4 10 41793
161002 4 14 41794
161004 4 21 41857
161116 4 14 41110
161118 4 15 41111
161120 4 19 41112
161122 4 21 41113
161124 4 22 41114
161126 4 23 41115
161128 4 1 41116
161130 4 1 41332
161132 4 19 41748
161134 4 21 41749
161136 4 22 41750
161138 4 23 41751
161140 4 15 41807
161142 4 19 41808
161144 4 21 41809
161146 4 22 41810
161208 4 2 41117
161212 4 15 41543
161214 4 19 41544
161216 4 21 41545
161218 4 22 41546
161300 4 3 41118
161308 4 15 41687
161328 4 9 41120
161332 4 22 41630
161334 4 23 41631
161336 4 1 41632
161338 4 2 41633
161340 4 1 41716
161394 4 15 41123
161396 4 9 41168
161398 4 9 41816
161400 4 10 41817
161402 4 14 41818
161404 4 15 41819
161406 4 22 41870
161408 4 19 41124
161410 4 23 41463
161412 4 2 41501
161414 4 5 41503
161416 4 9 41504
161418 4 19 41700
161428 4 21 41257
161430 4 22 41126
161432 4 3 40974
161434 4 9 40976
161436 4 23 41127
161438 4 1 41128
161440 4 22 41258
161450 4 5 41131
161452 4 19 41196
161454 4 21 41197
161456 4 9 41360
161458 4 10 41457
161460 4 15 41459
161462 4 21 41641
161464 4 14 41686
161466 4 9 41744
161468 4 2 41129
161472 4 2 40961
161476 4 3 41130
161480 4 21 41509
161482 4 22 41510
161484 4 1 41512
161486 4 5 41707
161512 4 10 41733
161514 4 9 40964
161516 4 15 40967
161518 4 19 40968
161520 4 9 41132
161522 4 14 41230
161526 4 23 41679
161528 4 1 41680
161538 4 21 41977
161540 4 23 40983
161542 4 2 40985
161546 4 10 41133
161548 4 15 41231
161552 4 5 41683
161558 4 1 41872
161564 4 9 41972
161566 4 14 41134
161568 4 10 41757
161570 4 14 41758
161572 4 15 41759
161574 4 19 41760
161588 4 22 41174
161592 4 21 41617
161594 4 3 41766
161596 4 5 41767
161598 4 19 41796
161600 4 23 41811
161606 4 2 41009
161610 4 19 41136
161612 4 23 41175
161618 4 22 41618
161622 4 22 41762
161624 4 21 41797
161626 4 1 41812
161628 4 21 41137
161630 4 19 41232
161632 4 9 41720
161634 4 10 41721
161636 4 14 41722
161638 4 15 41723
161642 4 3 41730
161644 4 5 41731
161648 4 22 41138
161650 4 23 41139
161652 4 1 41140
161654 4 2 41141
161656 4 23 41163
161658 4 5 41251
161662 4 10 41301
161664 4 19 41304
161668 4 23 41307
161670 4 10 41589
161672 4 2 41609
161674 4 3 41610
161676 4 5 41611
161678 4 9 41612
161680 4 14 41614
161682 4 15 41615
161684 4 23 41619
161686 4 1 41620
161688 4 2 41621
161690 4 3 41622
161694 4 1 41692
161696 4 5 41743
161698 4 2 41885
161700 4 3 41886
161760 4 3 41142
161762 4 5 41143
161764 4 9 41144
161766 4 10 41145
161768 4 23 41247
161770 4 23 41379
161774 4 23 41643
161776 4 2 41645
161778 4 19 41688
161780 4 1 41776
161836 4 14 41146
161838 4 15 41147
161844 4 23 41763
161846 4 1 41764
161848 4 22 41834
161850 4 1 41836
161852 4 2 41837
161854 4 3 41838
161860 4 19 41148
161870 4 2 41765
161884 4 21 41149
161886 4 22 41150
161888 4 23 41151
161890 4 1 41152
161892 4 2 41153
161894 4 21 41185
161896 4 23 41427
161902 4 9 41768
161904 4 10 41769
161906 4 14 41770
161908 4 5 41839
161910 4 9 41840
161912 4 10 41841
161914 4 14 41842
161992 4 3 41154
161994 4 5 41155
161996 4 9 41156
161998 4 10 41157
162000 4 2 41177
162002 4 5 41203
162004 4 1 41488
162006 4 2 41489
162010 4 14 41746
162018 4 15 41771
162070 4 14 41158
162072 4 14 41422
162080 4 19 41772
162084 4 23 41835
162088 4 15 41159
162090 4 19 41160
162092 4 21 41161
162094 4 22 41162
162096 4 3 41178
162098 4 9 41204
162100 4 9 41492
162102 4 10 41493
162106 4 15 41747
162114 4 22 41774
162190 4 1 41164
162192 4 2 41165
162194 4 3 41166
162196 4 5 41167
162198 4 3 41250
162200 4 1 41380
162202 4 5 41647
162204 4 10 41649
162206 4 14 41650
162208 4 22 41690
162210 4 5 41779
162278 4 1 41104
162288 4 15 41171
162316 4 10 41913
162318 4 14 41914
162320 4 15 41915
162322 4 19 41916
162424 4 22 41918
162430 4 22 40982
162446 4 5 41491
162450 4 2 41717
162454 4 10 40989
162472 4 14 41494
162476 4 3 41718
162504 4 23 41919
162558 4 21 41065
162564 4 10 41181
162566 4 14 41182
162570 4 2 41297
162572 4 5 41395
162574 4 9 41396
162576 4 10 41397
162578 4 15 41399
162580 4 14 41578
162582 4 15 41579
162584 4 22 41978
162586 4 23 41979
162588 4 1 41980
162590 4 2 41981
162664 4 3 41514
162666 4 19 41616
162668 4 19 41184
162696 4 22 41186
162700 4 19 41820
162702 4 21 41821
162704 4 22 41822
162706 4 1 41824
162708 4 23 41187
162710 4 1 41188
162712 4 2 41189
162714 4 3 41190
162716 4 9 41432
162718 4 23 41439
162726 4 15 41843
162732 4 2 41861
162780 4 5 41191
162782 4 9 41192
162784 4 9 41852
162786 4 10 41853
162788 4 14 41854
162790 4 15 41855
162796 4 15 41663
162798 4 19 41664
162800 4 22 41666
162810 4 21 41869
162812 4 10 41193
162814 4 14 41194
162816 4 5 41659
162818 4 10 41661
162820 4 14 41662
162822 4 1 41848
162824 4 2 41849
162826 4 5 41851
162828 4 19 41856
162830 4 15 41867
162844 4 15 41195
162852 4 23 41823
162864 4 22 41198
162866 4 23 41199
162872 4 14 41458
162876 4 22 41570
162878 4 1 41572
162884 4 9 41744
162886 4 2 41825
162948 4 1 41200
162950 4 10 41205
162952 4 23 41259
162958 4 3 41850
162962 4 19 41040
162964 4 22 41042
162966 4 2 41201
162968 4 19 41256
162970 4 10 41433
162978 4 14 41866
162980 4 3 41202
162984 4 23 41223
162986 4 1 41224
162988 4 3 41226
162990 4 9 41228
162992 4 10 41229
162994 4 15 41531
162996 4 19 41532
163038 4 9 41660
163048 4 10 41877
163064 4 21 41773
163110 4 9 41072
163112 4 10 41073
163114 4 15 41075
163116 4 21 41209
163118 4 3 41298
163126 4 2 41777
163128 4 2 41957
163130 4 3 41958
163134 4 9 41960
163140 4 2 41081
163142 4 22 41210
163152 4 3 41778
163154 4 10 41961
163156 4 14 41962
163158 4 15 41963
163160 4 19 41964
163162 4 23 41211
163164 4 1 41212
163166 4 2 41213
163168 4 3 41214
163170 4 5 41467
163172 4 21 41473
163184 4 9 41876
163186 4 21 41905
163234 4 19 40992
163236 4 5 41215
163240 4 5 41887
163242 4 9 41888
163244 4 10 41889
163246 4 14 41890
163252 4 21 40993
163254 4 9 41216
163258 4 15 41891
163260 4 19 41892
163262 4 21 41893
163264 4 22 41894
163266 4 10 41217
163268 4 15 41219
163270 4 23 41883
163278 4 15 41903
163280 4 14 41218
163282 4 19 41220
163284 4 1 41884
163292 4 19 41904
163322 4 21 41437
163324 4 9 41828
163326 4 10 41829
163328 4 14 41830
163332 4 5 41023
163334 4 10 41025
163336 4 14 41026
163338 4 10 41061
163340 4 14 41062
163350 4 2 41225
163352 4 1 41248
163354 4 14 41362
163362 4 2 41549
163432 4 19 41028
163436 4 23 41031
163442 4 5 41227
163448 4 2 41249
163450 4 15 41363
163452 4 19 41364
163454 4 22 41366
163458 4 3 41550
163460 4 5 41551
163462 4 9 41552
163536 4 14 41002
163542 4 22 41642
163546 4 23 41775
163562 4 15 41003
163574 4 9 41780
163576 4 1 41872
163578 4 3 41874
163580 4 5 41875
163584 4 21 41137
163586 4 19 41232
163594 4 15 41723
163596 4 9 41036
163598 4 14 41038
163600 4 21 41233
163602 4 22 41234
163604 4 23 41235
163606 4 1 41236
163608 4 21 41269
163612 4 2 41333
163614 4 5 41335
163616 4 9 41336
163618 4 21 41413
163622 4 2 41465
163624 4 5 41539
163626 4 9 41540
163628 4 10 41541
163630 4 14 41542
163632 4 5 41575
163634 4 9 41576
163636 4 3 41706
163638 4 2 41909
163642 4 5 41911
163644 4 9 41912
163720 4 2 41237
163722 4 10 41289
163724 4 19 41292
163726 4 3 41358
163728 4 1 41728
163730 4 1 41104
163734 4 5 41107
163736 4 9 41120
163744 4 23 41631
163746 4 1 41632
163758 4 21 41965
163760 4 5 41239
163762 4 19 41952
163764 4 21 41953
163766 4 22 41954
163768 4 23 41955
163772 4 1 40972
163776 4 10 41037
163778 4 15 41039
163780 4 1 41044
163782 4 9 41240
163784 4 10 41421
163786 4 10 41781
163790 4 15 41783
163792 4 19 41784
163794 4 3 41862
163796 4 5 41863
163798 4 9 41864
163800 4 10 41865
163804 4 15 41051
163806 4 19 41052
163808 4 23 41067
163810 4 1 41068
163812 4 10 41241
163814 4 14 41242
163816 4 15 41243
163818 4 19 41244
163820 4 22 41378
163822 4 1 41428
163824 4 2 41429
163826 4 5 41431
163828 4 19 41496
163832 4 23 41571
163834 4 9 41624
163836 4 3 41742
163838 4 3 41802
163840 4 5 41815
163914 4 21 41245
163916 4 2 41309
163920 4 2 41873
163924 4 1 41920
163926 4 22 41246
163928 4 3 41310
163936 4 2 41921
163942 4 10 41145
163952 4 19 41688
163956 4 5 41899
163958 4 10 41901
164016 4 3 41166
164036 4 3 41898
164044 4 5 41251
164046 4 23 41619
164048 4 2 41621
164054 4 5 41035
164056 4 9 41252
164058 4 10 41253
164060 4 14 41254
164062 4 15 41255
164066 4 23 41499
164068 4 2 41501
164072 4 14 41530
164074 4 10 41565
164076 4 5 41623
164078 4 19 41700
164080 4 22 41906
164148 4 21 41041
164156 4 1 41260
164158 4 5 41263
164162 4 1 41500
164164 4 14 41566
164176 4 23 40971
164178 4 21 41125
164184 4 9 40976
164186 4 10 40977
164188 4 23 41127
164190 4 22 41258
164216 4 23 41043
164222 4 2 41261
164224 4 3 41262
164230 4 21 41509
164234 4 21 41533
164238 4 21 41629
164240 4 5 41707
164242 4 23 41907
164316 4 3 40998
164318 4 9 41000
164322 4 15 41063
164324 4 19 41064
164326 4 9 41264
164328 4 10 41265
164330 4 14 41266
164332 4 15 41267
164334 4 23 41331
164336 4 21 41401
164338 4 2 41405
164340 4 22 41474
164342 4 10 41481
164344 4 15 41651
164346 4 23 41691
164348 4 22 41738
164350 4 10 41757
164352 4 19 41760
164354 4 21 41917
164430 4 5 40999
164432 4 10 41001
164436 4 22 41054
164442 4 19 41268
164444 4 5 41311
164450 4 5 41635
164514 4 9 41048
164516 4 23 41103
164518 4 10 41121
164522 4 1 41272
164524 4 2 41273
164528 4 3 41466
164530 4 10 41505
164532 4 14 41506
164534 4 15 41507
164536 4 21 41569
164538 4 19 41640
164542 4 9 41708
164546 4 1 41740
164618 4 5 41275
164620 4 9 41276
164622 4 19 41076
164628 4 23 41055
164630 4 9 41108
164632 4 10 41109
164634 4 14 41122
164636 4 10 41277
164640 4 15 41279
164642 4 19 41280
164644 4 19 41472
164646 4 5 41515
164648 4 9 41516
164650 4 14 41518
164652 4 3 41574
164656 4 14 41638
164658 4 3 41646
164660 4 15 41675
164662 4 19 41712
164664 4 22 41714
164666 4 2 41741
164668 4 23 41871
164744 4 21 41281
164746 4 22 41282
164748 4 23 41283
164750 4 1 41284
164752 4 2 41453
164754 4 3 41454
164758 4 10 41709
164762 4 21 41929
164764 4 23 41943
164766 4 2 41945
164818 4 2 41285
164820 4 3 41286
164822 4 5 41287
164824 4 9 41288
164826 4 5 41455
164828 4 9 41456
164832 4 21 41713
164836 4 22 41930
164838 4 5 41947
164840 4 10 41949
164896 4 14 41290
164898 4 15 41291
164904 4 5 41359
164906 4 19 41400
164910 4 5 41923
164912 4 9 41924
164914 4 10 41925
164916 4 14 41926
164920 4 1 41944
164924 4 3 41946
164926 4 2 41969
164980 4 5 41083
164982 4 21 41293
164984 4 22 41294
164986 4 23 41295
164988 4 1 41296
164990 4 23 41451
164992 4 1 41452
164994 4 2 41513
164998 4 9 41948
165002 4 14 41950
165066 4 19 41208
165074 4 21 41209
165086 4 22 41090
165088 4 3 41118
165090 4 5 41119
165098 4 5 41299
165100 4 9 41300
165102 4 10 41301
165104 4 14 41302
165106 4 15 41303
165108 4 19 41304
165112 4 22 41306
165114 4 23 41307
165116 4 14 41374
165118 4 15 41375
165120 4 19 41376
165122 4 21 41377
165124 4 23 41391
165126 4 10 41529
165128 4 9 41588
165130 4 10 41589
165132 4 14 41590
165134 4 15 41591
165136 4 19 41592
165138 4 22 41594
165140 4 23 41595
165142 4 1 41596
165144 4 2 41609
165146 4 3 41610
165148 4 14 41614
165150 4 23 41667
165152 4 15 41687
165154 4 2 41693
165156 4 5 41743
165158 4 3 41754
165160 4 5 41755
165162 4 2 41885
165200 4 21 41593
165204 4 5 41611
165206 4 9 41612
165208 4 10 41613
165212 4 15 41615
165260 4 3 41886
165472 4 2 41081
165486 4 21 41245
165488 4 2 41309
165490 4 22 41798
165492 4 1 41800
165494 4 2 41801
165496 4 3 41982
165502 4 5 41803
165504 4 10 41805
165506 4 14 41806
165508 4 5 41983
165520 4 21 41053
165534 4 2 41045
165536 4 3 41070
165538 4 9 41312
165540 4 21 41605
165542 4 22 41606
165544 4 1 41608
165546 4 21 41785
165548 4 3 41022
165550 4 10 41313
165552 4 14 41314
165554 4 15 41315
165556 4 19 41316
165558 4 21 41461
165560 4 22 41462
165568 4 10 41745
165572 4 23 41979
165626 4 15 40979
165628 4 19 40980
165630 4 22 40982
165632 4 10 41097
165634 4 21 41317
165636 4 22 41318
165638 4 23 41319
165640 4 1 41320
165642 4 14 41434
165644 4 22 41486
165648 4 5 41491
165650 4 21 41497
165652 4 19 41520
165654 4 2 41717
165662 4 19 41832
165744 4 5 40987
165746 4 9 40988
165748 4 10 40989
165750 4 9 41096
165752 4 2 41321
165754 4 3 41322
165756 4 5 41323
165758 4 9 41324
165760 4 15 41435
165762 4 23 41487
165764 4 9 41492
165768 4 22 41498
165770 4 15 41519
165772 4 3 41718
165780 4 21 41833
165856 4 10 41013
165858 4 15 41015
165860 4 19 41016
165862 4 23 41019
165864 4 1 41020
165866 4 10 41325
165868 4 14 41326
165870 4 15 41327
165872 4 19 41328
165874 4 22 41330
165876 4 1 41368
165878 4 9 41480
165880 4 23 41535
165882 4 3 41538
165884 4 3 41634
165886 4 14 41734
165888 4 15 41735
165890 4 19 41736
165892 4 2 41813
165918 4 14 41014
165922 4 21 41017
165926 4 2 41021
165936 4 21 41329
165942 4 5 41371
166062 4 23 41691
166064 4 14 41110
166066 4 19 41112
166068 4 21 41113
166070 4 22 41114
166072 4 23 41115
166074 4 1 41116
166076 4 1 41332
166078 4 19 41748
166080 4 21 41749
166082 4 22 41750
166084 4 23 41751
166086 4 15 41807
166088 4 19 41808
166090 4 21 41809
166092 4 22 41810
166100 4 2 41333
166102 4 3 41334
166106 4 9 41336
166112 4 1 41416
166116 4 9 41576
166180 4 3 41106
166184 4 10 41169
166186 4 14 41170
166188 4 15 41171
166190 4 10 41337
166192 4 3 41382
166194 4 5 41791
166196 4 9 41792
166198 4 10 41793
166200 4 14 41794
166202 4 14 41338
166204 4 15 41339
166206 4 19 41340
166208 4 21 41341
166210 4 3 41346
166212 4 2 41417
166214 4 3 41418
166216 4 22 41786
166220 4 1 41896
166224 4 5 41971
166272 4 22 41342
166274 4 23 41343
166276 4 1 41344
166278 4 2 41345
166280 4 15 41351
166282 4 5 41419
166284 4 9 41420
166286 4 15 41795
166290 4 9 41900
166294 4 10 41973
166356 4 10 41049
166358 4 5 41347
166360 4 9 41348
166362 4 10 41349
166364 4 14 41350
166366 4 23 41475
166368 4 10 41577
166370 4 5 41719
166374 4 14 41830
166376 4 15 41831
166378 4 3 41922
166450 4 19 41352
166452 4 21 41353
166454 4 22 41354
166456 4 23 41355
166458 4 19 41652
166460 4 9 41756
166492 4 21 41077
166494 4 1 41356
166496 4 2 41357
166548 4 1 41128
166550 4 5 41131
166552 4 19 41196
166554 4 21 41197
166556 4 23 41199
166558 4 9 41360
166560 4 14 41686
166562 4 14 41098
166564 4 19 41100
166566 4 21 41101
166568 4 15 41183
166570 4 10 41361
166576 4 19 41616
166578 4 1 41668
166586 4 15 41027
166592 4 19 41064
166594 4 22 41222
166602 4 21 41401
166606 4 21 41521
166608 4 23 41547
166614 4 21 41029
166618 4 1 41032
166620 4 3 41034
166622 4 3 41226
166624 4 5 41227
166626 4 9 41228
166630 4 15 41363
166634 4 21 41365
166636 4 22 41366
166638 4 3 41406
166640 4 9 41408
166642 4 22 41522
166644 4 5 41551
166646 4 9 41552
166648 4 23 41739
166742 4 22 41018
166744 4 23 41367
166748 4 2 41369
166750 4 3 41370
166754 4 9 41372
166756 4 10 41373
166760 4 1 41536
166764 4 22 41582
166766 4 23 41583
166768 4 1 41584
166770 4 2 41585
166772 4 3 41586
166774 4 5 41587
166776 4 1 41752
166778 4 2 41753
167156 4 19 41052
167160 4 23 41067
167162 4 10 41241
167164 4 19 41244
167170 4 19 41496
167174 4 3 41742
167176 4 3 41142
167178 4 10 41145
167190 4 1 41164
167192 4 5 41167
167206 4 2 41105
167214 4 19 41172
167216 4 3 41238
167220 4 1 41440
167230 4 21 41857
167254 4 22 40994
167256 4 1 40996
167258 4 2 40997
167260 4 5 41383
167262 4 9 41384
167264 4 10 41385
167266 4 14 41386
167268 4 15 41387
167270 4 19 41388
167272 4 21 41389
167274 4 15 41543
167276 4 21 41545
167278 4 22 41546
167280 4 21 41689
167282 4 21 41737
167360 4 23 40995
167376 4 22 41390
167444 4 1 41392
167446 4 2 41393
167448 4 3 41394
167462 4 19 41844
167464 4 21 41845
167466 4 22 41846
167468 4 23 41847
167518 4 5 41179
167520 4 10 41181
167522 4 14 41182
167526 4 5 41395
167528 4 9 41396
167530 4 10 41397
167532 4 14 41398
167534 4 14 41578
167536 4 15 41579
167542 4 2 41981
167590 4 9 41180
167594 4 15 41399
167628 4 9 41084
167630 4 10 41085
167632 4 15 41087
167644 4 22 41402
167646 4 23 41403
167648 4 1 41404
167658 4 23 41523
167660 4 1 41524
167662 4 2 41525
167664 4 3 41526
167668 4 21 41701
167670 4 22 41702
167672 4 23 41703
167674 4 1 41704
167678 4 10 41757
167680 4 14 41758
167684 4 3 41814
167688 4 23 41931
167690 4 2 41933
167692 4 5 41935
167694 4 23 41967
167846 4 1 41068
167848 4 19 41088
167858 4 5 41407
167862 4 10 41409
167864 4 14 41410
167866 4 15 41411
167868 4 19 41412
167870 4 1 41428
167872 4 3 41430
167874 4 5 41431
167878 4 5 41527
167880 4 9 41528
167882 4 2 41705
167886 4 5 41815
167888 4 9 41936
167890 4 14 41938
167892 4 21 41941
167894 4 1 41968
167920 4 10 41937
167924 4 15 41939
167926 4 19 41940
167930 4 22 41942
168078 4 9 41036
168080 4 14 41038
168082 4 15 41039
168088 4 21 41269
168090 4 2 41333
168100 4 23 41415
168104 4 2 41465
168112 4 19 41724
168114 4 22 41726
168116 4 23 41727
168118 4 10 41781
168120 4 14 41782
168122 4 15 41783
168124 4 3 41862
168126 4 9 41864
168128 4 2 41909
168130 4 3 41910
168134 4 22 41966
168276 4 21 40969
168278 4 1 40972
168282 4 10 41037
168284 4 1 41044
168286 4 9 41240
168288 4 10 41421
168292 4 5 41863
168296 4 10 41865
168298 4 14 41158
168300 4 22 41186
168302 4 14 41422
168304 4 19 41820
168306 4 22 41822
168308 4 1 41824
168310 4 22 41834
168312 4 23 41835
168314 4 1 41836
168316 4 15 41423
168318 4 19 41424
168320 4 21 41425
168322 4 22 41426
168348 4 21 41149
168350 4 23 41151
168352 4 21 41185
168354 4 23 41427
168356 4 5 41839
168358 4 9 41840
168360 4 14 41842
168368 4 14 41242
168370 4 15 41243
168378 4 2 41429
168390 4 22 41570
168394 4 2 41573
168396 4 9 41624
168400 4 3 41802
168498 4 23 41187
168500 4 1 41188
168502 4 2 41189
168504 4 9 41432
168506 4 23 41439
168508 4 22 41858
168510 4 1 41860
168512 4 2 41861
168514 4 19 41040
168516 4 22 41042
168518 4 2 41201
168520 4 19 41256
168522 4 10 41433
168524 4 9 41852
168526 4 15 41855
168528 4 14 41866
168534 4 1 41320
168538 4 21 41497
168540 4 22 41798
168542 4 2 41801
168560 4 5 41983
168562 4 19 41004
168564 4 23 41007
168566 4 1 41092
168568 4 14 41206
168570 4 19 41436
168572 4 3 41766
168574 4 5 41767
168576 4 21 41773
168578 4 23 41811
168582 4 23 41859
168586 4 5 41071
168588 4 21 41221
168590 4 21 41437
168594 4 10 41829
168598 4 1 41008
168600 4 3 41010
168602 4 3 41094
168604 4 15 41207
168606 4 22 41438
168608 4 21 41761
168610 4 22 41762
168612 4 19 41772
168614 4 1 41812
168652 4 10 41913
168654 4 14 41914
168656 4 15 41915
168658 4 19 41916
168660 4 2 41441
168662 4 5 41443
168664 4 9 41444
168666 4 10 41445
168668 4 1 41476
168670 4 1 40960
168672 4 3 40962
168674 4 5 40963
168676 4 3 41442
168678 4 15 41447
168680 4 19 41448
168682 4 22 41450
168684 4 5 41479
168686 4 19 40992
168696 4 14 41446
168700 4 2 41477
168742 4 21 40993
168750 4 21 41449
168754 4 3 41478
168804 4 23 41295
168806 4 23 41451
168808 4 1 41452
168812 4 22 41954
168826 4 2 41513
168836 4 1 41284
168844 4 22 41282
168852 4 9 41708
168856 4 21 41929
168858 4 2 41285
168860 4 3 41286
168862 4 5 41287
168864 4 5 41455
168866 4 9 41456
168868 4 19 41712
168870 4 22 41714
168872 4 22 41930
168886 4 19 41196
168890 4 22 41198
168892 4 10 41457
168894 4 14 41458
168896 4 15 41459
168898 4 19 41460
168902 4 1 41572
168906 4 21 41641
168910 4 9 41744
168912 4 2 41825
169000 4 14 41314
169002 4 21 41461
169004 4 22 41462
169030 4 19 41124
169032 4 5 41215
169034 4 23 41463
169036 4 2 41501
169038 4 9 41504
169040 4 19 41700
169042 4 5 41887
169044 4 9 41888
169046 4 10 41889
169050 4 2 40961
169054 4 3 41130
169056 4 9 41216
169058 4 1 41464
169060 4 21 41509
169062 4 22 41510
169064 4 5 41707
169066 4 15 41891
169068 4 21 41893
169070 4 22 41894
169110 4 23 41271
169112 4 1 41272
169114 4 3 41274
169116 4 3 41466
169118 4 10 41505
169120 4 14 41506
169122 4 15 41507
169124 4 21 41569
169130 4 1 41740
169132 4 23 41211
169134 4 1 41212
169136 4 2 41213
169138 4 5 41467
169140 4 21 41473
169142 4 9 41636
169144 4 15 41639
169150 4 9 41876
169152 4 21 41905
169158 4 22 41066
169160 4 9 41468
169162 4 10 41469
169164 4 14 41470
169166 4 15 41471
169168 4 22 41534
169170 4 10 41601
169172 4 15 41603
169174 4 19 41604
169176 4 5 41671
169178 4 3 41826
169180 4 5 41827
169236 4 10 41277
169238 4 14 41278
169240 4 15 41279
169242 4 19 41472
169244 4 5 41515
169246 4 9 41516
169248 4 14 41518
169250 4 3 41574
169256 4 2 41741
169280 4 1 41404
169300 4 5 41059
169302 4 5 41347
169304 4 14 41350
169306 4 23 41475
169310 4 5 41719
169368 4 10 41013
169370 4 14 41014
169372 4 19 41016
169376 4 22 41018
169382 4 19 41328
169384 4 21 41329
169394 4 23 41535
169396 4 3 41538
169398 4 3 41634
169400 4 14 41734
169408 4 3 40998
169410 4 9 41000
169412 4 10 41061
169414 4 15 41063
169440 4 14 41482
169442 4 15 41483
169444 4 19 41484
169446 4 21 41485
169448 4 21 41605
169452 4 21 41785
169454 4 1 41908
169502 4 15 40979
169504 4 19 40980
169506 4 22 40982
169508 4 10 41097
169512 4 22 41318
169518 4 1 41488
169520 4 5 41491
169522 4 19 41520
169524 4 2 41717
169526 4 19 41832
169528 4 1 41872
169532 4 5 40987
169534 4 9 40988
169542 4 3 41322
169546 4 23 41487
169548 4 9 41492
169550 4 14 41494
169552 4 15 41519
169554 4 3 41718
169556 4 21 41833
169562 4 9 41072
169564 4 10 41073
169566 4 14 41074
169568 4 3 41154
169570 4 22 41174
169572 4 2 41177
169574 4 5 41203
169576 4 21 41209
169588 4 2 41489
169590 4 3 41490
169594 4 19 41676
169598 4 14 41746
169600 4 2 41777
169694 4 22 41078
169696 4 23 41079
169698 4 1 41080
169700 4 15 41159
169702 4 23 41175
169704 4 3 41178
169706 4 9 41204
169708 4 22 41210
169720 4 10 41493
169724 4 15 41495
169726 4 21 41677
169730 4 15 41747
169732 4 3 41778
169828 4 23 41067
169838 4 22 41378
169840 4 1 41428
169870 4 1 41920
169890 4 9 41252
169892 4 10 41253
169894 4 15 41255
169896 4 23 41259
169898 4 23 41499
169902 4 5 41503
169904 4 10 41565
169908 4 22 41906
169912 4 21 41041
169916 4 1 41260
169918 4 2 41261
169920 4 5 41263
169922 4 1 41500
169926 4 1 41512
169928 4 14 41566
169932 4 23 41907
169946 4 3 41502
169952 4 14 41530
169954 4 5 41623
169960 4 23 41799
169966 4 2 41957
169968 4 5 41959
170030 4 9 40964
170032 4 14 40966
170034 4 14 41002
170036 4 2 41093
170042 4 2 41273
170052 4 19 41508
170054 4 10 41553
170056 4 14 41554
170058 4 15 41555
170060 4 2 41561
170062 4 19 41580
170064 4 22 41642
170066 4 23 41643
170068 4 1 41644
170070 4 9 41672
170072 4 10 41673
170076 4 23 41775
170078 4 15 41951
170080 4 3 41970
170192 4 23 41511
170196 4 21 41533
170198 4 21 41629
170204 4 9 41804
170210 4 10 41961
170212 4 15 41963
170284 4 1 41296
170286 4 1 41452
170290 4 2 41069
170294 4 3 41514
170296 4 23 40983
170298 4 15 40991
170300 4 15 41003
170302 4 5 41095
170308 4 19 41280
170316 4 10 41517
170320 4 21 41557
170322 4 22 41558
170324 4 23 41559
170326 4 9 41564
170328 4 21 41581
170332 4 14 41638
170334 4 5 41647
170336 4 9 41648
170338 4 14 41650
170340 4 14 41674
170342 4 15 41675
170346 4 9 41780
170350 4 1 41956
170352 4 14 41974
170484 4 5 41023
170492 4 9 41084
170494 4 10 41085
170496 4 15 41087
170498 4 14 41362
170508 4 21 41701
170510 4 23 41703
170512 4 1 41704
170516 4 3 41814
170530 4 19 41364
170544 4 22 41522
170556 4 22 41402
170568 4 3 41526
170572 4 14 41602
170576 4 22 41702
170584 4 1 41932
170588 4 3 41934
170592 4 23 41967
170690 4 5 41407
170706 4 14 41938
170716 4 1 41968
170730 4 3 41430
170748 4 22 41090
170750 4 5 41299
170752 4 23 41391
170754 4 1 41392
170756 4 3 41394
170760 4 23 41595
170762 4 23 41667
170770 4 14 41254
170784 4 3 41958
170790 4 14 41062
170792 4 3 41202
170794 4 22 41222
170796 4 23 41223
170798 4 1 41224
170800 4 15 41531
170804 4 1 41548
170808 4 22 41030
170812 4 3 41226
170814 4 9 41228
170816 4 10 41229
170818 4 2 41249
170820 4 19 41532
170828 4 3 41262
170844 4 19 41964
170866 4 14 41098
170868 4 15 41099
170870 4 19 41100
170874 4 10 41361
170880 4 2 41369
170884 4 10 41373
170890 4 1 41536
170892 4 2 41537
170896 4 22 41582
170898 4 23 41583
170900 4 1 41584
170902 4 2 41585
170904 4 3 41586
170906 4 1 41668
170908 4 2 41729
170910 4 5 41731
170912 4 9 41732
170920 4 2 41753
171022 4 9 41036
171026 4 22 41234
171030 4 22 41270
171032 4 5 41539
171034 4 9 41540
171036 4 10 41541
171038 4 14 41542
171044 4 5 41911
171120 4 1 41116
171122 4 2 41117
171124 4 5 41383
171126 4 9 41384
171128 4 10 41385
171130 4 15 41543
171132 4 19 41544
171134 4 21 41545
171136 4 22 41546
171138 4 21 41689
171140 4 19 41748
171142 4 21 41749
171144 4 22 41750
171218 4 10 41025
171228 4 1 41248
171240 4 10 41001
171250 4 19 41268
171262 4 14 41026
171268 4 2 41225
171272 4 2 41549
171280 4 21 41053
171298 4 5 41227
171304 4 22 41366
171306 4 5 41551
171308 4 9 41552
171312 4 23 41031
171334 4 10 40965
171338 4 19 40968
171340 4 1 41008
171342 4 2 41009
171344 4 5 41011
171346 4 5 41071
171348 4 3 41094
171360 4 19 41556
171364 4 3 41562
171366 4 19 41568
171370 4 3 41658
171374 4 22 41678
171376 4 23 41679
171378 4 1 41680
171380 4 23 41919
171384 4 15 41975
171468 4 1 40984
171470 4 2 40985
171474 4 19 41004
171476 4 21 41005
171478 4 22 41006
171480 4 1 41092
171492 4 1 41560
171494 4 5 41563
171498 4 15 41567
171502 4 2 41657
171506 4 3 41682
171508 4 5 41683
171510 4 9 41684
171514 4 23 41859
171516 4 22 41918
171520 4 19 41976
171734 4 5 41035
171756 4 23 41043
171830 4 3 41046
171832 4 23 41103
171834 4 10 41121
171844 4 19 41640
171846 4 9 41708
171850 4 15 41927
171852 4 19 41196
171866 4 10 41457
171868 4 14 41458
171874 4 23 41571
171878 4 2 41573
171882 4 21 41641
171884 4 3 41802
171886 4 2 41825
171956 4 23 41055
171958 4 9 41108
171960 4 14 41122
171968 4 3 41574
171970 4 3 41646
171972 4 19 41712
171974 4 22 41714
171976 4 19 41928
171980 4 1 41236
171984 4 3 41334
171990 4 22 41414
171992 4 1 41416
171994 4 5 41575
171996 4 9 41576
172002 4 23 41235
172008 4 5 41335
172024 4 9 41048
172026 4 10 41049
172028 4 5 41347
172030 4 9 41348
172032 4 14 41350
172034 4 23 41475
172036 4 10 41577
172040 4 5 41179
172042 4 10 41181
172046 4 5 41395
172048 4 10 41397
172050 4 14 41578
172052 4 15 41579
172058 4 2 41981
172066 4 19 41208
172136 4 14 41650
172204 4 3 41370
172206 4 5 41371
172224 4 5 41587
172226 4 9 41720
172228 4 10 41721
172320 4 9 41300
172324 4 19 41376
172326 4 21 41377
172328 4 9 41588
172330 4 10 41589
172332 4 14 41590
172334 4 15 41591
172336 4 19 41592
172338 4 21 41593
172340 4 22 41594
172344 4 1 41596
172346 4 5 41743
172348 4 3 41754
172350 4 5 41755
172352 4 22 41138
172358 4 10 41301
172360 4 14 41302
172362 4 15 41303
172364 4 19 41304
172388 4 2 41609
172390 4 3 41610
172392 4 5 41611
172394 4 9 41612
172396 4 10 41613
172398 4 14 41614
172400 4 15 41615
172406 4 2 41885
172408 4 3 41886
172568 4 5 41119
172572 4 21 41305
172576 4 15 41375
172594 4 2 41693
172624 4 5 40975
172626 4 14 41050
172628 4 5 41131
172630 4 2 41597
172632 4 3 41598
172634 4 5 41599
172636 4 9 41600
172638 4 1 41656
172640 4 10 41733
172642 4 23 41787
172644 4 2 41789
172646 4 10 41913
172648 4 14 41914
172704 4 22 41066
172706 4 3 41082
172726 4 5 41671
172816 4 2 41045
172818 4 3 41070
172820 4 9 41312
172824 4 15 41483
172826 4 21 41485
172830 4 22 41606
172832 4 23 41607
172834 4 1 41608
172836 4 21 41785
172840 4 5 41923
172842 4 14 41926
172844 4 2 41969
172910 4 23 41163
172920 4 23 41307
172944 4 1 41140
172966 4 15 41687
173116 4 21 41101
173118 4 15 41183
173122 4 19 41616
173130 4 15 41135
173132 4 21 41173
173134 4 22 41174
173136 4 21 41617
173142 4 15 41699
173152 4 19 41136
173154 4 23 41175
173156 4 1 41176
173158 4 22 41618
173164 4 14 41698
173172 4 2 41141
173174 4 5 41251
173176 4 10 41313
173178 4 15 41315
173180 4 19 41316
173182 4 23 41619
173184 4 1 41620
173186 4 2 41621
173188 4 3 41622
173190 4 1 41692
173192 4 10 41745
173256 4 2 41501
173260 4 5 41503
173266 4 22 41798
173284 4 15 41243
173292 4 19 41496
173302 4 5 41815
173304 4 9 41012
173308 4 2 41057
173310 4 3 41058
173312 4 22 41102
173314 4 10 41625
173316 4 14 41626
173318 4 15 41627
173320 4 19 41628
173322 4 2 41669
173324 4 3 41670
173392 4 21 41629
173394 4 5 41803
173396 4 10 41805
173404 4 9 41120
173406 4 3 41238
173408 4 22 41630
173410 4 23 41631
173412 4 1 41632
173414 4 2 41633
173416 4 1 41716
173422 4 3 41790
173424 4 19 41844
173426 4 21 41845
173428 4 22 41846
173430 4 19 41868
173432 4 21 41965
173498 4 15 41015
173500 4 1 41020
173504 4 14 41326
173506 4 15 41327
173508 4 19 41328
173510 4 22 41330
173518 4 19 41736
173522 4 5 40999
173524 4 15 41051
173526 4 22 41054
173528 4 19 41268
173530 4 5 41311
173532 4 5 41635
173540 4 10 41109
173556 4 10 41637
173560 4 15 41639
173566 4 15 41675
173570 4 23 41871
173668 4 1 41128
173680 4 15 41459
173688 4 14 41686
173690 4 9 41744
173698 4 3 41142
173700 4 5 41143
173702 4 9 41144
173704 4 14 41230
173706 4 23 41247
173720 4 1 41644
173722 4 2 41645
173724 4 19 41688
173728 4 1 41776
173730 4 15 41951
173836 4 1 41164
173838 4 2 41165
173840 4 3 41166
173842 4 15 41231
173844 4 3 41250
173850 4 14 41518
173856 4 9 41648
173858 4 10 41649
173862 4 22 41690
173864 4 5 41779
173944 4 9 41264
173946 4 10 41265
173948 4 15 41267
173958 4 15 41651
173962 4 10 41757
173964 4 19 41760
173966 4 21 41917
173968 4 19 41352
173970 4 22 41354
173972 4 19 41652
173974 4 21 41653
173976 4 22 41654
173978 4 23 41655
173980 4 3 41694
173982 4 5 41695
173984 4 9 41696
173986 4 10 41697
173988 4 9 41756
174060 4 23 41559
174062 4 1 41560
174064 4 15 41567
174074 4 5 41011
174090 4 10 41193
174092 4 10 41205
174094 4 5 41659
174096 4 9 41660
174098 4 10 41661
174100 4 14 41662
174102 4 1 41848
174104 4 2 41849
174106 4 19 41856
174108 4 15 41867
174110 4 10 41877
174112 4 23 41883
174114 4 5 41887
174116 4 10 41889
174172 4 9 41192
174174 4 15 41663
174176 4 19 41664
174178 4 21 41665
174180 4 22 41666
174182 4 9 41852
174184 4 10 41853
174186 4 14 41854
174188 4 14 41866
174190 4 21 41869
174192 4 14 41878
174194 4 1 41884
174196 4 15 41891
174198 4 21 41893
174258 4 1 41392
174270 4 15 41099
174320 4 1 41044
174326 4 10 41469
174328 4 15 41471
174344 4 1 41272
174352 4 9 41672
174356 4 1 41740
174404 4 15 41279
174424 4 9 41072
174426 4 10 41073
174428 4 14 41074
174430 4 21 41209
174432 4 1 41488
174436 4 5 41491
174438 4 19 41676
174440 4 2 41777
174442 4 22 41078
174444 4 23 41079
174446 4 1 41080
174448 4 22 41210
174450 4 9 41492
174452 4 14 41494
174454 4 15 41495
174456 4 21 41677
174458 4 3 41778
174470 4 9 41096
174472 4 9 41132
174492 4 2 41681
174496 4 15 41879
174498 4 19 41880
174502 4 15 41975
174504 4 21 41977
174614 4 10 41133
174620 4 5 41563
174634 4 10 41685
174644 4 9 41972
174646 4 19 41976
174754 4 9 41360
174766 4 3 41118
174768 4 5 41119
174770 4 22 41138
174782 4 15 41687
174814 4 22 41546
174816 4 21 41689
174838 4 9 41000
174842 4 15 41063
174846 4 14 41266
174848 4 23 41331
174852 4 23 41691
174860 4 10 41313
175008 4 23 41463
175010 4 23 41499
175014 4 5 41503
175016 4 9 41504
175020 4 22 41906
175024 4 9 41084
175026 4 10 41085
175032 4 21 41521
175036 4 1 41524
175038 4 2 41525
175044 4 23 41703
175046 4 1 41704
175048 4 3 41814
175052 4 2 41933
175054 4 23 41967
175146 4 1 41068
175148 4 3 41406
175154 4 3 41430
175158 4 22 41522
175160 4 9 41528
175166 4 9 41936
175168 4 21 41941
175170 4 1 41968
175172 4 9 41036
175174 4 14 41038
175178 4 1 41236
175180 4 21 41269
175182 4 2 41333
175184 4 9 41336
175190 4 2 41465
175194 4 9 41576
175198 4 2 41909
175200 4 3 41910
175202 4 9 41912
175204 4 1 40960
175210 4 1 41260
175212 4 2 41261
175214 4 1 41464
175222 4 1 41512
175224 4 5 41707
175230 4 5 41059
175236 4 21 41281
175238 4 22 41282
175240 4 23 41283
175242 4 3 41454
175244 4 3 41466
175248 4 19 41640
175250 4 9 41708
175252 4 10 41709
175256 4 15 41711
175260 4 21 41929
175262 4 23 41943
175264 4 2 41945
175266 4 3 41946
175354 4 2 41285
175356 4 3 41286
175358 4 9 41288
175360 4 5 41455
175370 4 21 41713
175372 4 22 41714
175374 4 23 41715
175378 4 22 41930
175380 4 5 41947
175382 4 10 41949
175384 4 14 41950
175466 4 3 41238
175470 4 23 41631
175474 4 1 41716
175478 4 2 41789
175482 4 21 41965
175486 4 22 40982
175488 4 22 41174
175490 4 21 41317
175492 4 22 41318
175494 4 22 41486
175498 4 2 41489
175502 4 2 41717
175504 4 19 41832
175508 4 10 40989
175510 4 23 41175
175516 4 23 41487
175520 4 10 41493
175522 4 14 41494
175524 4 3 41718
175526 4 21 41833
175530 4 10 41049
175534 4 14 41350
175540 4 5 41719
175542 4 21 41137
175544 4 19 41232
175546 4 1 41584
175548 4 9 41720
175550 4 10 41721
175552 4 14 41722
175554 4 15 41723
175556 4 19 41724
175558 4 21 41725
175560 4 23 41727
175564 4 3 41730
175566 4 5 41731
175568 4 1 41752
175634 4 9 41060
175638 4 23 41415
175640 4 1 41416
175652 4 22 41726
175660 4 10 41781
175662 4 14 41782
175664 4 22 41966
175732 4 2 41237
175734 4 10 41289
175736 4 19 41292
175738 4 3 41358
175740 4 1 41728
175848 4 1 41656
175852 4 10 41013
175854 4 19 41016
175856 4 10 41325
175862 4 9 41480
175868 4 14 41734
175872 4 2 41813
175904 4 14 41014
175906 4 21 41017
175912 4 19 41328
175914 4 21 41329
175918 4 5 41371
175924 4 19 41736
175926 4 22 40994
175928 4 2 40997
175934 4 14 41386
175936 4 15 41387
175938 4 19 41388
175940 4 21 41389
175942 4 21 41737
175946 4 15 41027
175950 4 19 41064
175954 4 10 41265
175960 4 2 41405
175972 4 21 41029
175974 4 1 41032
175976 4 15 41363
175978 4 19 41364
175980 4 21 41365
175984 4 9 41408
175988 4 23 41739
175992 4 1 41272
176004 4 9 41672
176032 4 15 41051
176034 4 19 41052
176036 4 23 41067
176040 4 19 41244
176042 4 22 41378
176044 4 19 41496
176046 4 3 41742
176052 4 9 41300
176054 4 10 41301
176056 4 14 41302
176058 4 15 41303
176060 4 19 41304
176066 4 21 41377
176070 4 9 41588
176072 4 10 41589
176074 4 14 41590
176076 4 15 41591
176078 4 19 41592
176082 4 2 41609
176086 4 14 41614
176090 4 5 41755
176096 4 1 41128
176108 4 14 41686
176120 4 2 41621
176126 4 3 41154
176128 4 2 41177
176130 4 5 41203
176138 4 14 41746
176140 4 15 41159
176142 4 3 41178
176144 4 9 41204
176150 4 15 41495
176152 4 15 41747
176154 4 14 41110
176156 4 19 41112
176158 4 22 41114
176160 4 1 41116
176162 4 1 41332
176166 4 19 41544
176170 4 19 41748
176172 4 21 41749
176174 4 22 41750
176176 4 23 41751
176178 4 15 41807
176180 4 19 41808
176182 4 21 41809
176184 4 22 41810
176268 4 23 41367
176274 4 22 41582
176276 4 23 41583
176280 4 3 41586
176288 4 2 41753
176306 4 2 41585
176330 4 3 41754
176360 4 19 41352
176366 4 21 41653
176370 4 9 41756
176372 4 14 41134
176376 4 15 41267
176380 4 1 41404
176382 4 22 41474
176388 4 14 41758
176390 4 15 41759
176394 4 21 41917
176398 4 5 41935
176466 4 19 41136
176468 4 14 41146
176470 4 15 41147
176472 4 19 41148
176474 4 14 41158
176478 4 19 41160
176480 4 22 41162
176484 4 15 41207
176486 4 22 41438
176488 4 21 41761
176490 4 22 41762
176492 4 23 41763
176494 4 1 41764
176496 4 2 41765
176498 4 19 41772
176500 4 22 41774
176502 4 21 41797
176504 4 1 41812
176506 4 22 41834
176508 4 1 41836
176510 4 3 41838
176618 4 19 41004
176620 4 15 41135
176622 4 21 41149
176624 4 22 41150
176626 4 1 41152
176628 4 2 41153
176632 4 9 41156
176634 4 10 41157
176638 4 14 41206
176640 4 19 41436
176642 4 3 41766
176644 4 5 41767
176646 4 9 41768
176648 4 10 41769
176650 4 14 41770
176652 4 15 41771
176654 4 21 41773
176656 4 19 41796
176658 4 23 41811
176834 4 14 41002
176836 4 14 41230
176840 4 19 41508
176842 4 19 41580
176848 4 23 41775
176852 4 15 41951
176876 4 9 41072
176878 4 10 41073
176886 4 23 41319
176894 4 2 41777
176898 4 22 41078
176900 4 1 41080
176908 4 9 41324
176920 4 23 40983
176926 4 3 41166
176932 4 5 41647
176938 4 5 41779
176940 4 9 41780
176950 4 10 41517
176952 4 21 41581
176962 4 1 41956
176966 4 15 41039
176968 4 9 41240
176984 4 15 41783
176986 4 19 41784
176988 4 3 41862
176990 4 9 41864
176992 4 10 41865
177068 4 2 41045
177070 4 3 41070
177074 4 14 41482
177076 4 15 41483
177078 4 21 41485
177080 4 21 41605
177082 4 22 41606
177084 4 1 41608
177086 4 21 41785
177088 4 1 41908
177090 4 14 41338
177092 4 3 41346
177094 4 2 41417
177096 4 3 41418
177098 4 22 41786
177100 4 1 41104
177102 4 5 41107
177104 4 10 41169
177106 4 14 41170
177108 4 3 41238
177110 4 2 41381
177112 4 1 41440
177126 4 1 41788
177132 4 5 41791
177134 4 9 41792
177136 4 10 41793
177138 4 19 41844
177140 4 22 41846
177142 4 21 41857
177146 4 10 41913
177148 4 14 41914
177150 4 15 41915
177152 4 19 41916
177266 4 10 41337
177268 4 3 41382
177280 4 14 41794
177362 4 22 41342
177364 4 15 41351
177366 4 5 41419
177368 4 9 41420
177370 4 15 41795
177416 4 2 41309
177422 4 14 41434
177424 4 21 41497
177428 4 3 41502
177432 4 5 41623
177434 4 22 41798
177436 4 23 41799
177438 4 1 41800
177440 4 2 41801
177442 4 3 41982
177500 4 14 41242
177504 4 2 41429
177506 4 3 41430
177508 4 22 41570
177510 4 23 41571
177512 4 2 41573
177514 4 9 41624
177516 4 3 41802
177518 4 3 41310
177524 4 15 41435
177526 4 22 41498
177532 4 23 41511
177534 4 21 41629
177536 4 5 41803
177538 4 9 41804
177542 4 14 41806
177544 4 5 41983
177726 4 2 41369
177732 4 9 41480
177772 4 3 41814
177776 4 1 41068
177780 4 15 41243
177788 4 5 41431
177798 4 5 41815
177800 4 15 41123
177802 4 9 41168
177804 4 9 41816
177806 4 10 41817
177808 4 14 41818
177810 4 15 41819
177812 4 22 41870
177814 4 19 41952
177816 4 21 41953
177818 4 22 41954
177870 4 22 41186
177872 4 15 41195
177874 4 14 41422
177876 4 19 41820
177878 4 21 41821
177880 4 22 41822
177882 4 23 41823
177884 4 1 41824
177940 4 22 41198
177944 4 14 41458
177946 4 19 41460
177950 4 1 41572
177956 4 2 41825
177958 4 21 40969
177960 4 22 41066
177964 4 10 41469
177966 4 22 41534
177974 4 5 41671
177976 4 3 41826
177978 4 5 41827
178000 4 21 41221
178004 4 9 41348
178006 4 10 41349
178008 4 21 41437
178010 4 9 41828
178012 4 10 41829
178014 4 14 41830
178016 4 15 41831
178018 4 3 41922
178078 4 22 40982
178086 4 22 41486
178100 4 10 40989
178114 4 3 41718
178124 4 19 41184
178138 4 23 41835
178142 4 2 41837
178220 4 21 41185
178222 4 23 41187
178224 4 2 41189
178226 4 3 41190
178228 4 23 41427
178230 4 5 41839
178232 4 9 41840
178234 4 10 41841
178236 4 14 41842
178238 4 15 41843
178318 4 2 41393
178320 4 3 41394
178326 4 2 41633
178334 4 21 41845
178338 4 23 41847
178410 4 14 41194
178412 4 1 41200
178414 4 10 41205
178416 4 23 41259
178420 4 10 41661
178422 4 1 41848
178424 4 2 41849
178426 4 3 41850
178428 4 5 41851
178430 4 19 41856
178432 4 15 41867
178434 4 10 41877
178494 4 19 41040
178496 4 5 41191
178498 4 9 41192
178500 4 2 41201
178502 4 19 41256
178504 4 10 41433
178506 4 15 41663
178508 4 19 41664
178510 4 9 41852
178512 4 10 41853
178514 4 14 41854
178516 4 15 41855
178518 4 14 41866
178522 4 14 41878
178640 4 1 41092
178644 4 23 41211
178646 4 1 41212
178648 4 3 41214
178650 4 9 41432
178654 4 23 41439
178656 4 5 41467
178658 4 21 41557
178660 4 23 41559
178662 4 15 41567
178664 4 2 41657
178666 4 22 41858
178668 4 23 41859
178670 4 1 41860
178672 4 2 41861
178674 4 9 41876
178754 4 1 41044
178760 4 10 41421
178772 4 5 41863
178780 4 9 41912
178884 4 14 41662
178920 4 22 41666
178944 4 3 41058
178946 4 10 41109
178948 4 10 41277
178954 4 10 41637
178958 4 3 41646
178960 4 23 41871
178966 4 21 41089
178968 4 10 41097
178970 4 10 41133
178974 4 21 41245
178982 4 19 41520
178986 4 5 41683
178988 4 10 41685
178990 4 15 41699
178992 4 1 41872
178994 4 2 41873
178998 4 5 41875
179000 4 1 41920
179002 4 9 41972
179098 4 9 41660
179108 4 5 41887
179110 4 10 41889
179116 4 21 41665
179126 4 15 41891
179128 4 21 41893
179132 4 23 41091
179134 4 9 41132
179138 4 22 41246
179140 4 22 41678
179142 4 23 41679
179144 4 2 41681
179146 4 15 41879
179148 4 19 41880
179150 4 21 41881
179152 4 22 41882
179154 4 2 41921
179156 4 21 41977
179218 4 10 41217
179226 4 23 41883
179232 4 15 41903
179234 4 14 41218
179242 4 1 41884
179248 4 19 41904
179254 4 10 41301
179256 4 19 41304
179264 4 5 41611
179266 4 9 41612
179268 4 14 41614
179270 4 15 41615
179272 4 5 41743
179274 4 2 41885
179276 4 3 41886
179298 4 19 40992
179300 4 5 41215
179304 4 15 41219
179318 4 9 41888
179322 4 14 41890
179386 4 1 40960
179388 4 21 40993
179390 4 9 41216
179394 4 19 41220
179396 4 1 41464
179408 4 19 41892
179412 4 22 41894
179490 4 15 41339
179492 4 21 41341
179494 4 1 41380
179496 4 23 41895
179498 4 1 41896
179500 4 2 41897
179502 4 3 41898
179504 4 5 41971
179572 4 23 41343
179574 4 1 41344
179576 4 23 41379
179578 4 5 41899
179580 4 9 41900
179582 4 10 41901
179584 4 14 41902
179586 4 10 41973
179674 4 5 41095
179680 4 21 41473
179688 4 15 41639
179690 4 14 41674
179694 4 21 41905
179696 4 9 41252
179698 4 10 41253
179700 4 23 41499
179704 4 5 41503
179706 4 14 41530
179710 4 19 41700
179712 4 22 41906
179714 4 2 41957
179716 4 5 41959
179718 4 1 41260
179720 4 2 41261
179722 4 1 41500
179724 4 21 41509
179726 4 1 41512
179728 4 21 41533
179732 4 5 41707
179734 4 23 41907
179736 4 10 41961
179738 4 15 41963
179760 4 21 41269
179766 4 5 41539
179768 4 10 41541
179770 4 14 41542
179772 4 3 41706
179780 4 3 41910
179782 4 5 41911
179866 4 2 41597
179868 4 5 41599
179958 4 9 41264
179964 4 1 41404
179966 4 22 41474
179970 4 10 41757
179974 4 19 41760
179976 4 21 41917
179980 4 5 41935
179988 4 21 41005
179990 4 21 41173
179994 4 5 41563
179998 4 21 41617
180002 4 9 41684
180006 4 22 41918
180008 4 19 41976
180014 4 2 41009
180016 4 1 41176
180018 4 10 41553
180020 4 3 41562
180022 4 19 41568
180028 4 1 41680
180030 4 14 41698
180032 4 23 41919
180034 4 15 41975
180076 4 10 41289
180078 4 3 41358
180080 4 5 41359
180082 4 19 41400
180088 4 23 41607
180090 4 5 41923
180092 4 9 41924
180094 4 10 41925
180096 4 14 41926
180098 4 2 41969
180156 4 3 41046
180158 4 5 41059
180160 4 10 41121
180162 4 23 41271
180164 4 21 41569
180166 4 19 41640
180168 4 9 41708
180170 4 14 41710
180172 4 15 41711
180174 4 15 41927
180178 4 22 41102
180180 4 14 41122
180184 4 3 41574
180188 4 19 41712
180190 4 22 41714
180192 4 23 41715
180194 4 19 41928
180196 4 21 41281
180198 4 22 41282
180200 4 23 41283
180202 4 3 41454
180206 4 10 41709
180210 4 21 41929
180212 4 23 41943
180214 4 2 41945
180216 4 2 41285
180218 4 3 41286
180220 4 9 41288
180222 4 5 41455
180226 4 21 41713
180230 4 22 41930
180232 4 5 41947
180234 4 10 41949
180240 4 23 41523
180242 4 2 41525
180244 4 3 41526
180246 4 10 41601
180248 4 14 41602
180252 4 21 41701
180254 4 22 41702
180262 4 15 41759
180268 4 1 41932
180272 4 3 41934
180386 4 5 41407
180388 4 15 41411
180394 4 10 41457
180398 4 5 41527
180400 4 9 41528
180404 4 9 41936
180406 4 10 41937
180408 4 14 41938
180410 4 15 41939
180412 4 19 41940
180414 4 21 41941
180416 4 22 41942
180418 4 1 41968
180572 4 15 41291
180574 4 19 41292
180586 4 1 41944
180590 4 3 41946
180656 4 21 41293
180658 4 22 41294
180660 4 1 41296
180672 4 9 41948
180676 4 14 41950
180742 4 10 41505
180744 4 15 41507
180746 4 19 41508
180748 4 19 41580
180752 4 23 41643
180754 4 1 41644
180756 4 23 41775
180758 4 15 41951
180760 4 5 41239
180764 4 23 41451
180766 4 1 41452
180776 4 21 41953
180778 4 22 41954
180780 4 23 41955
180838 4 15 41003
180842 4 10 41517
180844 4 14 41518
180846 4 21 41581
180848 4 5 41647
180850 4 9 41648
180852 4 14 41650
180856 4 1 41956
180858 4 5 41035
180860 4 9 41072
180862 4 21 41209
180866 4 14 41254
180868 4 3 41298
180874 4 10 41565
180882 4 3 41958
180886 4 9 41960
180954 4 23 41043
180962 4 3 41262
180964 4 1 41308
180970 4 14 41566
180978 4 14 41962
180982 4 19 41964
181050 4 3 41238
181074 4 23 41415
181076 4 1 41416
181078 4 19 41724
181080 4 22 41726
181082 4 23 41727
181088 4 22 41966
181166 4 14 40966
181170 4 14 41506
181174 4 14 41554
181176 4 15 41555
181178 4 2 41561
181182 4 10 41673
181184 4 3 41970
181236 4 15 40991
181240 4 9 41516
181244 4 22 41558
181248 4 9 41564
181254 4 14 41974
181258 4 19 40968
181284 4 2 40985
181286 4 19 41004
181310 4 9 41132
181328 4 5 41179
181330 4 10 41181
181332 4 10 41313
181334 4 5 41395
181336 4 15 41399
181338 4 21 41461
181340 4 22 41462
181342 4 14 41578
181344 4 15 41579
181346 4 22 41978
181348 4 23 41979
181350 4 1 41980
181352 4 2 41981
181420 4 2 41309
181428 4 22 41798
181434 4 3 41982
181436 4 3 41310
181440 4 15 41435
181448 4 14 41806
181450 4 5 41983
181452 4 21 40125
181454 4 22 40126
181456 4 19 40280
181458 4 9 40324
181460 4 21 40389
181462 4 23 40391
181464 4 1 40392
181466 4 10 40565
181468 4 1 40572
181470 4 22 40738
181472 4 15 40819
181474 4 2 40861
181476 4 5 40863
181478 4 9 40864
181480 4 2 40933
181540 4 21 40029
181542 4 2 40201
181544 4 10 40241
181546 4 21 40245
181548 4 3 40250
181550 4 1 40296
181552 4 9 40528
181554 4 3 40646
181556 4 5 40647
181558 4 9 40648
181560 4 15 40723
181602 4 15 40027
181604 4 23 40175
181606 4 1 40176
181608 4 15 40495
181610 4 21 40545
181612 4 1 40584
181614 4 2 40585
181616 4 5 40587
181618 4 5 40671
181620 4 14 40674
181622 4 1 40752
181624 4 2 40753
181626 4 3 40754
181628 4 1 40824
181630 4 9 40852
181688 4 3 40586
181690 4 1 40680
181696 4 5 40755
181698 4 14 39978
181700 4 14 40086
181702 4 1 40164
181704 4 10 40205
181706 4 9 40588
181708 4 10 40589
181710 4 14 40590
181712 4 14 40626
181714 4 15 40627
181716 4 15 40675
181718 4 19 40676
181720 4 21 40677
181722 4 3 40682
181724 4 21 40737
181726 4 9 40756
181728 4 14 40758
181730 4 15 40759
181732 4 5 40851
181802 4 9 40372
181804 4 15 40375
181808 4 15 40591
181810 4 2 40681
181814 4 10 40757
181818 4 5 39963
181820 4 3 40082
181822 4 10 40169
181824 4 14 40230
181826 4 19 40292
181828 4 21 40293
181830 4 23 40415
181832 4 2 40417
181834 4 5 40419
181836 4 22 40498
181838 4 10 40505
181840 4 23 40667
181886 4 23 40031
181890 4 5 40191
181892 4 3 40202
181894 4 14 40242
181898 4 2 40393
181900 4 3 40394
181904 4 14 40650
181906 4 19 40652
181908 4 21 40653
181910 4 19 40724
181958 4 2 39949
181960 4 9 39964
181962 4 5 40083
181966 4 22 40414
181968 4 10 40421
181970 4 19 40424
181972 4 22 40486
181974 4 23 40499
181978 4 1 40668
182028 4 10 40121
182030 4 14 40122
182032 4 10 40385
182034 4 14 40386
182036 4 19 40388
182038 4 23 40571
182040 4 1 40956
182042 4 2 40957
182044 4 3 40958
182058 4 15 40831
182060 4 19 40832
182062 4 22 40834
182064 4 23 40835
182066 4 3 40838
182068 4 5 40839
182106 4 14 39990
182108 4 19 40064
182110 4 19 40316
182112 4 23 40403
182114 4 3 40826
182116 4 5 40827
182118 4 10 40829
182176 4 15 40015
182178 4 2 40057
182180 4 3 40106
182184 4 22 40294
182186 4 14 40338
182192 4 9 40420
182194 4 9 40444
182196 4 1 40560
182200 4 21 40869
182202 4 22 40870
182204 4 1 40872
182206 4 21 40917
182264 4 14 40062
182266 4 1 40092
182268 4 22 40174
182272 4 10 40337
182276 4 14 40422
182278 4 10 40445
182280 4 2 40561
182284 4 10 40865
182286 4 14 40866
182288 4 15 40867
182290 4 19 40916
182340 4 15 40327
182342 4 21 40329
182344 4 22 40402
182346 4 10 40901
182348 4 14 40902
182350 4 15 40903
182352 4 19 40844
182354 4 23 40847
182372 4 1 40524
182374 4 2 40525
182376 4 3 40526
182378 4 21 40725
182380 4 22 40726
182382 4 1 40728
182384 4 19 40952
182386 4 23 40955
182388 4 3 40490
182390 4 1 40776
182392 4 1 40788
182394 4 3 40790
182396 4 5 40815
182426 4 15 39943
182428 4 14 40110
182430 4 23 40223
182432 4 19 40496
182434 4 14 40794
182436 4 9 40816
182440 4 14 40830
182490 4 14 40206
182492 4 10 40289
182494 4 1 40404
182496 4 10 40733
182498 4 14 40734
182500 4 15 40735
182502 4 23 40007
182506 4 3 40298
182508 4 10 40301
182510 4 19 40460
182514 4 19 40580
182516 4 1 40644
182518 4 23 40679
182560 4 19 40100
182562 4 2 40105
182564 4 15 40219
182566 4 15 40291
182568 4 2 40405
182572 4 23 40739
182574 4 2 40741
182620 4 15 40183
182622 4 22 40186
182624 4 19 40376
182626 4 1 40440
182628 4 5 40695
182630 4 23 40703
182632 4 9 40912
182634 4 14 40914
182636 4 15 40915
182638 4 14 39966
182640 4 21 40149
182642 4 21 40173
182644 4 5 40203
182646 4 2 40381
182648 4 9 40384
182650 4 21 40413
182652 4 21 40425
182654 4 5 40431
182656 4 23 40487
182658 4 9 40600
182660 4 10 40853
182662 4 14 40854
182664 4 19 40856
182716 4 1 40236
182718 4 2 40333
182720 4 3 40334
182722 4 19 40556
182726 4 19 40628
182734 4 1 40332
182736 4 1 40416
182780 4 2 40033
182782 4 9 40084
182784 4 15 40231
182786 4 2 40297
182790 4 15 40339
182794 4 3 40406
182796 4 1 40488
182798 4 2 40489
182800 4 9 40492
182802 4 10 40601
182868 4 14 40194
182870 4 5 40443
182872 4 5 40467
182874 4 2 40537
182876 4 3 40538
182878 4 15 40771
182880 4 1 40800
182884 4 21 40161
182914 4 10 40157
182916 4 14 40218
182918 4 14 40506
182920 4 19 40508
182922 4 15 40555
182924 4 15 40939
182926 4 21 40941
182928 4 22 40942
182960 4 15 39955
182962 4 22 40270
182964 4 2 40273
182966 4 5 40611
182968 4 10 40613
182970 4 14 40614
182972 4 1 40704
182974 4 2 40705
182976 4 3 40706
182978 4 23 40787
182982 4 21 40845
182984 4 2 40153
182990 4 14 40290
182992 4 19 40592
182996 4 14 40698
183006 4 23 40331
183010 4 22 40906
183012 4 23 40907
183014 4 1 40908
183016 4 23 40943
183018 4 1 40944
183020 4 3 40946
183024 4 19 40208
183026 4 10 40469
183028 4 14 40470
183030 4 19 40472
183032 4 1 40632
183034 4 3 40634
183036 4 5 40635
183038 4 15 40687
183076 4 5 40659
183078 4 9 40660
183080 4 14 40662
183082 4 5 40683
183084 4 10 40685
183090 4 5 40707
183092 4 15 40951
183094 4 15 40663
183096 4 22 40666
183098 4 9 40708
183104 4 14 40746
183108 4 22 40954
183114 4 22 40222
183116 4 22 40474
183118 4 23 40475
183120 4 3 40478
183122 4 10 40637
183124 4 15 40639
183126 4 19 40640
183128 4 2 40693
183166 4 21 40257
183168 4 15 40447
183170 4 22 40450
183172 4 15 40699
183174 4 21 40701
183176 4 22 40822
183178 4 9 40876
183180 4 1 40596
183182 4 2 40597
183184 4 3 40598
183190 4 19 40904
183194 4 15 40747
183212 4 15 40135
183214 4 22 40138
183218 4 14 40170
183220 4 2 40453
183222 4 23 40619
183224 4 1 40620
183226 4 9 40636
183230 4 15 40651
183232 4 14 40722
183236 4 1 39936
183238 4 23 39971
183240 4 1 39972
183242 4 21 40533
183244 4 22 40534
183246 4 1 40536
183248 4 21 40581
183250 4 3 40922
183252 4 5 40923
183254 4 10 40925
183256 4 5 40131
183258 4 10 40133
183262 4 10 40253
183264 4 5 40407
183266 4 10 40409
183268 4 2 40621
183272 4 10 40649
183274 4 1 40692
183276 4 10 40721
183278 4 15 40723
183294 4 1 40152
183296 4 9 40396
183298 4 14 40398
183300 4 5 40491
183302 4 23 40583
183308 4 2 40945
183324 4 19 40232
183326 4 19 40436
183328 4 22 40438
183330 4 14 40494
183332 4 19 40604
183334 4 3 40934
183336 4 5 40935
183338 4 5 40947
183340 4 10 40949
183364 4 22 39958
183366 4 22 39970
183368 4 10 40193
183370 4 14 40446
183374 4 3 40658
183378 4 22 40846
183444 4 2 39937
183446 4 3 40226
183448 4 15 40483
183450 4 19 40688
183452 4 21 40689
183454 4 10 40709
183456 4 2 40729
183458 4 5 40731
183460 4 22 40918
183462 4 23 40919
183464 4 2 40921
183536 4 3 40406
183544 4 21 40833
183548 4 1 40836
183552 4 9 40840
183600 4 2 40837
183642 4 9 40576
183644 4 14 40578
183646 4 15 40579
183674 4 9 40000
183676 4 14 40326
183680 4 3 40430
183684 4 3 40694
183690 4 3 40730
183694 4 19 40808
183718 4 23 40139
183720 4 3 40142
183722 4 22 40426
183724 4 22 40510
183726 4 10 40541
183728 4 19 40544
183730 4 23 40631
183732 4 3 40742
183734 4 5 40743
183736 4 9 40744
183738 4 15 40807
183740 4 14 40266
183742 4 3 40274
183744 4 23 40319
183746 4 3 40502
183748 4 23 40811
183750 4 1 40812
183752 4 2 40813
183758 4 5 40959
183774 4 1 40044
183776 4 3 40046
183780 4 9 40672
183782 4 10 40673
183804 4 5 40851
183822 4 2 40261
183824 4 19 40412
183828 4 22 40678
183834 4 2 40825
183838 4 19 40268
183844 4 9 40504
183848 4 14 40818
183854 4 14 40086
183896 4 10 40145
183898 4 14 40146
183902 4 21 40449
183904 4 22 40630
183908 4 19 40700
183918 4 22 40294
183934 4 14 40422
183944 4 15 40255
183946 4 9 40468
183950 4 5 40539
183952 4 2 40657
183956 4 15 40927
183958 4 19 40928
183960 4 21 40929
183964 4 23 40067
183966 4 1 40068
183968 4 5 40071
183974 4 22 40594
183976 4 23 40595
183980 4 23 40727
184038 4 10 39941
184042 4 5 40287
184044 4 22 40354
184046 4 23 40451
184048 4 14 40530
184054 4 23 40655
184100 4 15 40051
184102 4 9 40072
184104 4 19 40076
184106 4 15 40303
184108 4 21 40305
184110 4 23 40511
184112 4 9 40552
184114 4 10 40889
184116 4 14 40890
184118 4 15 40891
184128 4 1 40512
184130 4 2 40513
184132 4 3 40514
184152 4 22 40018
184154 4 21 40077
184156 4 1 40080
184158 4 1 40308
184160 4 9 40516
184162 4 10 40517
184164 4 14 40518
184166 4 19 40520
184168 4 21 40521
184170 4 10 40553
184172 4 21 40893
184174 4 22 40894
184176 4 23 40895
184250 4 3 40022
184256 4 21 40473
184258 4 21 40497
184264 4 22 40522
184268 4 5 40803
184318 4 1 40020
184322 4 14 40302
184330 4 19 40868
184332 4 2 40885
184334 4 5 40887
184336 4 9 40888
184338 4 5 40023
184344 4 2 40477
184346 4 1 40500
184352 4 23 40523
184356 4 9 40804
184410 4 14 39942
184414 4 9 40288
184416 4 5 40359
184418 4 1 40452
184420 4 15 40531
184424 4 19 40652
184426 4 1 40656
184428 4 14 40722
184544 4 5 40419
184622 4 23 40187
184624 4 1 40188
184628 4 21 40377
184630 4 21 40401
184632 4 1 40524
184634 4 3 40610
184636 4 23 40715
184638 4 1 40716
184642 4 19 40940
184722 4 10 40073
184726 4 5 40551
184732 4 3 40886
184754 4 5 40095
184756 4 9 40312
184758 4 15 40315
184760 4 21 40557
184770 4 2 40897
184776 4 2 40081
184780 4 2 40309
184782 4 1 40320
184784 4 2 40321
184790 4 3 40898
184792 4 5 40899
184794 4 21 40905
184846 4 22 40102
184848 4 21 40113
184850 4 22 40558
184858 4 15 40351
184862 4 9 40096
184864 4 1 40104
184866 4 19 40112
184868 4 22 40342
184870 4 23 40559
184882 4 15 40111
184888 4 5 40563
184894 4 2 40909
184898 4 19 40256
184900 4 9 40432
184902 4 15 40435
184906 4 21 40629
184908 4 2 40645
184956 4 23 40115
184958 4 21 40317
184964 4 19 40736
184968 4 3 40814
184970 4 9 40900
184976 4 10 40325
184984 4 3 40910
184986 4 21 39957
184988 4 10 39965
184992 4 9 40780
184994 4 9 40792
184996 4 23 40799
185000 4 9 40828
185002 4 10 40829
185030 4 15 40363
185032 4 15 40567
185042 4 1 40932
185056 4 22 40870
185058 4 1 40872
185104 4 10 40637
185106 4 15 40639
185108 4 19 40640
185114 4 22 40114
185120 4 21 40437
185122 4 3 40562
185124 4 14 40566
185126 4 3 40934
185128 4 9 40936
185130 4 10 40937
185184 4 14 40122
185186 4 10 40385
185190 4 23 40571
185202 4 21 40125
185206 4 21 40389
185208 4 23 40391
185210 4 1 40572
185220 4 2 40129
185224 4 21 40569
185228 4 3 40574
185232 4 3 40130
185236 4 22 40570
185240 4 5 40575
185266 4 9 40396
185276 4 14 40938
185286 4 3 40790
185290 4 5 40815
185338 4 21 40797
185342 4 9 40816
185386 4 21 40029
185400 4 23 40031
185428 4 15 40459
185430 4 19 40460
185432 4 22 40462
185434 4 23 40643
185436 4 1 40644
185470 4 3 40382
185472 4 22 40546
185474 4 2 40549
185476 4 10 40769
185480 4 14 40854
185482 4 15 40855
185502 4 1 40248
185506 4 5 40599
185512 4 10 40745
185514 4 15 40843
185516 4 23 40007
185522 4 15 40495
185526 4 15 39943
185528 4 10 40037
185530 4 23 40223
185532 4 5 40371
185534 4 22 40582
185568 4 3 40238
185570 4 2 40453
185572 4 3 40454
185574 4 15 40615
185578 4 19 40748
185580 4 2 40849
185582 4 10 40877
185584 4 14 40878
185586 4 23 40931
185590 4 9 40252
185594 4 14 40410
185596 4 3 40622
185600 4 22 40750
185602 4 3 40850
185604 4 21 40881
185606 4 23 40883
185608 4 14 40926
185664 4 5 40143
185668 4 10 40289
185670 4 1 40608
185680 4 10 40805
185686 4 5 40911
185750 4 23 40739
185756 4 5 40587
185770 4 9 40588
185772 4 10 40589
185774 4 15 40675
185800 4 9 40144
185804 4 15 40291
185806 4 2 40609
185816 4 14 40806
185870 4 21 40161
185872 4 22 40366
185874 4 2 40573
185900 4 14 39990
185902 4 19 40316
185906 4 5 40827
185920 4 1 39984
185930 4 19 40760
185932 4 21 40761
185934 4 23 40763
185936 4 10 40817
185986 4 14 40614
185990 4 9 40684
185996 4 2 40705
186006 4 14 40662
186020 4 10 39989
186026 4 1 40488
186028 4 14 40494
186030 4 1 40764
186032 4 2 40765
186034 4 3 40766
186036 4 23 40823
186080 4 9 40204
186082 4 22 40210
186086 4 1 40356
186088 4 2 40441
186090 4 14 40602
186094 4 21 40809
186096 4 22 40810
186148 4 10 40085
186150 4 3 40214
186154 4 14 40362
186156 4 3 40442
186158 4 15 40603
186162 4 19 40820
186164 4 21 40821
186214 4 23 40211
186216 4 22 40318
186220 4 5 40395
186224 4 1 40548
186226 4 21 40605
186230 4 10 40697
186232 4 14 40698
186234 4 22 40714
186304 4 5 40215
186306 4 5 40299
186310 4 19 40328
186314 4 3 40598
186316 4 22 40606
186320 4 10 40901
186322 4 15 40903
186396 4 23 39971
186404 4 21 40581
186444 4 21 40053
186446 4 2 40249
186456 4 21 40749
186464 4 19 40880
186466 4 3 40058
186468 4 14 40254
186478 4 23 40751
186486 4 1 40884
186490 4 1 40332
186500 4 22 40186
186504 4 23 40703
186508 4 14 40914
186512 4 14 40182
186516 4 22 40378
186518 4 1 40524
186520 4 3 40526
186576 4 3 40082
186580 4 15 40279
186582 4 23 40415
186588 4 2 40669
186590 4 3 40718
186594 4 15 40879
186650 4 5 40083
186654 4 1 40284
186662 4 3 40670
186664 4 9 40720
186668 4 22 40882
186722 4 19 40844
186736 4 19 40064
186742 4 19 40832
186744 4 21 40833
186750 4 10 40457
186754 4 23 40607
186802 4 22 40246
186804 4 23 40343
186806 4 19 40352
186810 4 2 40501
186814 4 21 40617
186818 4 10 40841
186822 4 21 40857
186824 4 3 40874
186876 4 23 40247
186878 4 5 40347
186880 4 21 40353
186884 4 5 40503
186890 4 5 40623
186892 4 14 40842
186896 4 2 40861
186898 4 5 40875
186948 4 3 40274
186950 4 10 40277
186954 4 1 40344
186958 4 19 40616
186960 4 19 40772
186966 4 23 40859
186968 4 1 40860
186974 4 21 40173
186980 4 21 40593
186984 4 19 40856
187022 4 21 40281
187026 4 9 40348
187030 4 9 40624
187032 4 21 40773
187038 4 3 40862
187040 4 9 40864
187044 4 22 39994
187048 4 10 40661
187052 4 14 40950
187094 4 2 40525
187096 4 15 40663
187102 4 22 40726
187106 4 22 40954
187108 4 23 40955
187154 4 14 40698
187180 4 3 40490
187200 4 22 40930
187228 4 14 40110
187270 4 15 40831
187298 4 5 40839
187318 4 9 40000
187320 4 22 40162
187324 4 22 40534
187328 4 22 40690
187330 4 19 40808
187334 4 9 40924
187336 4 10 40925
187388 4 14 40506
187390 4 15 40507
187392 4 3 40610
187398 4 22 40942
187448 4 1 40716
187464 4 15 40447
187466 4 22 40630
187468 4 15 40747
187500 4 23 40367
187502 4 2 40717
187536 4 3 40298
187540 4 15 40771
187646 4 14 40302
187656 4 2 40885
187658 4 5 40887
187664 4 15 40303
187666 4 22 40306
187668 4 10 40889
187670 4 14 40890
187672 4 19 40892
187708 4 21 40893
187710 4 22 40894
187722 4 3 40550
187764 4 2 40309
187820 4 2 40057
187822 4 3 40106
187824 4 14 40338
187832 4 21 40917
187836 4 23 40331
187846 4 1 40908
187848 4 14 40938
187850 4 23 40943
187854 4 14 40062
187858 4 10 40337
187862 4 14 40866
187886 4 9 40564
187890 4 22 40858
187896 4 3 40958
187898 4 5 40959
187902 4 10 40565
187906 4 5 40863
187912 4 2 40345
187916 4 19 40388
187972 4 14 40350
187976 4 1 40392
188042 4 22 40354
188096 4 9 40432
188098 4 22 40642
188100 4 2 40645
188102 4 2 40873
188142 4 22 40378
188166 4 14 40122
188170 4 23 40319
188186 4 22 40126
188190 4 9 40324
188222 4 21 40437
188228 4 10 40937
188230 4 10 40949
188234 4 2 40237
188236 4 21 40545
188238 4 22 40654
188240 4 15 40699
188242 4 22 40702
188282 4 10 39989
188290 4 3 40766
188316 4 9 40384
188362 4 1 40440
188366 4 15 40915
188400 4 3 40250
188404 4 2 40417
188406 4 10 40469
188408 4 14 40470
188410 4 22 40498
188454 4 22 40474
188456 4 23 40475
188540 4 14 40734
188558 4 15 40267
188562 4 3 40502
188564 4 10 40529
188636 4 2 40201
188644 4 2 40801
188648 4 2 40945
188684 4 21 40269
188690 4 19 40532
188770 4 1 40704
188776 4 21 40845
188778 4 3 40202
188788 4 3 40802
188792 4 5 40947
188888 4 15 40687
188902 4 23 40799
188914 4 2 40693
188926 4 22 39958
188928 4 10 40193
188936 4 19 40928
189018 4 3 40790
189038 4 10 40241
189040 4 21 40245
189042 4 10 40445
189048 4 3 40946
189086 4 14 40242
189088 4 19 40292
189090 4 3 40394
189092 4 9 40444
189100 4 9 40948
189160 4 10 40289
189212 4 14 40770
189324 4 14 40086
189328 4 19 40556
189330 4 14 40626
189332 4 3 40682
189336 4 3 40730
189338 4 9 40768
189388 4 22 40822
189466 4 9 40576
189492 4 22 40594
189542 4 15 40339
189544 4 22 40402
189584 4 3 40694
189640 4 3 40406
189644 4 19 40604
189646 4 5 40719
189764 4 19 40652
189812 4 5 40479
189814 4 10 40481
189820 4 14 40710
189822 4 19 40712
189824 4 21 40713
189826 4 1 40848
189906 4 22 40342
189908 4 15 40567
189910 4 21 40569
189950 4 15 40351
189952 4 19 40568
189954 4 22 40570
189958 4 3 40910
190084 4 9 40528
190102 4 10 40505
190126 4 21 40737
190238 4 22 40210
190242 4 2 40441
190292 4 3 40214
190296 4 3 40442
190298 4 10 40601
190300 4 22 40606
190434 4 22 40546
190440 4 14 40854
190446 4 2 40657
190608 4 23 40511
190610 4 1 40512
190612 4 3 40514
190616 4 10 40865
190672 4 9 40516
190674 4 10 40517
190676 4 19 40520
190678 4 1 40560
190852 4 22 40918
190966 4 23 40751
191046 4 22 40426
191048 4 10 40541
191050 4 23 40631
191100 4 21 40557
191104 4 2 40885
191188 4 14 40938
191246 4 14 40890
191304 4 10 40553
191368 4 23 40559
191374 4 9 40900
191406 4 22 40558
191440 4 1 40320
191442 4 3 40562
191530 4 3 40406
191676 4 23 40571
191760 4 14 40722
192262 4 10 39229
192264 4 23 39679
192266 4 14 39710
192286 4 22 39210
192288 4 3 39766
192290 4 23 39799
192292 4 10 39805
192294 4 14 39818
192296 4 10 39853
192298 4 22 39930
192300 4 1 39932
192354 4 5 39527
192356 4 15 39603
192358 4 5 39851
192360 4 15 39891
192382 4 21 39821
192384 4 3 39886
192386 4 14 39890
192388 4 22 39306
192396 4 23 39631
192398 4 2 39201
192400 4 5 39563
192402 4 9 39720
192404 4 1 39728
192430 4 14 39218
192432 4 14 39770
192434 4 15 39795
192436 4 14 39806
192438 4 2 39825
192440 4 21 39857
192470 4 3 39214
192472 4 15 39567
192474 4 10 39721
192476 4 9 39732
192518 4 2 39225
192520 4 15 39675
192522 4 9 39708
192530 4 23 39715
192532 4 2 39777
192562 4 1 38984
192566 4 23 39883
192586 4 10 39121
192590 4 21 39809
192592 4 23 39811
192622 4 10 39745
192624 4 14 39746
192626 4 19 39760
192644 4 3 39346
192646 4 9 39360
192648 4 21 39737
192652 4 3 39910
192670 4 15 39723
192672 4 3 39826
192688 4 9 39036
192690 4 3 39514
192692 4 15 39807
192696 4 2 39861
192710 4 19 39040
192712 4 21 39521
192714 4 19 39808
192742 4 1 39596
192744 4 23 39871
192746 4 21 39065
192748 4 15 39351
192750 4 1 39536
192752 4 23 39751
192754 4 9 39852
192782 4 21 39281
192800 4 3 39238
192802 4 19 39580
192806 4 1 39764
192808 4 15 39843
192810 4 23 39847
192812 4 9 39924
192850 4 19 39592
192876 4 3 39622
192890 4 9 39324
192892 4 15 39387
192896 4 21 39185
192900 4 1 39800
192902 4 14 39314
192906 4 22 39918
192928 4 21 39437
192930 4 2 39693
192934 4 15 39627
192936 4 10 39781
192938 4 22 39318
192942 4 2 39921
192962 4 2 39501
192966 4 21 39197
192968 4 22 39414
192980 4 14 39494
192982 4 19 39784
192994 4 15 39915
193002 4 5 39191
193006 4 19 39916
193022 4 19 39508
193086 4 23 39487
193090 4 1 39752
193106 4 9 39756
193118 4 3 39250
193128 4 22 39834
193138 4 23 39391
193154 4 2 39141
193166 4 1 39368
193176 4 15 39375
193184 4 3 39130
193188 4 23 39379
193206 4 5 39395
193258 4 14 39794
193260 4 21 39137
193266 4 10 39409
193274 4 15 39879
193278 4 5 39875
193282 4 2 39465
193284 4 3 39286
193292 4 19 39100
193300 4 3 39658
193334 4 15 39483
193382 4 14 39170
193384 4 10 39205
193396 4 3 39154
193398 4 21 39161
193444 4 3 39742
193526 4 3 39550
193534 4 22 39426
193550 4 14 39554
193636 4 1 39572
193644 4 9 39576
193652 4 21 38945
193662 4 10 38953
193746 4 22 39642
193824 4 2 39789
194328 4 2 38765
194332 4 1 38896
194334 4 19 38904
194336 4 5 41987
194338 4 23 41995
194340 4 1 41996
194342 4 3 41998
194344 4 23 42067
194346 4 15 42111
194348 4 5 42119
194350 4 9 42120
194352 4 10 42121
194354 4 14 42122
194356 4 3 42262
194358 4 15 42363
194360 4 19 42496
194362 4 21 42497
194364 4 22 42498
194366 4 23 42499
194368 4 2 42669
194370 4 3 42670
194372 4 5 42671
194374 4 9 42672
194376 4 3 42694
194378 4 23 42787
194380 4 5 42815
194382 4 9 42816
194384 4 10 42817
194386 4 14 42818
194388 4 9 42936
194402 4 19 42232
194404 4 3 42454
194406 4 5 42455
194408 4 9 42456
194410 4 10 42457
194412 4 21 42521
194414 4 23 42811
194416 4 1 42812
194418 4 2 42813
194420 4 3 42814
194422 4 2 42825
194424 4 23 42835
194426 4 23 42895
194428 4 23 42235
194430 4 1 42236
194432 4 2 42237
194434 4 3 42238
194436 4 5 42263
194438 4 23 42379
194440 4 1 42380
194442 4 2 42381
194444 4 3 42382
194446 4 15 42591
194448 4 21 42617
194450 4 9 42228
194452 4 10 42229
194454 4 14 42230
194456 4 15 42231
194458 4 2 42333
194460 4 5 42347
194462 4 19 42112
194464 4 5 42167
194466 4 9 42168
194468 4 10 42169
194470 4 14 42170
194472 4 10 42181
194474 4 3 42226
194476 4 22 42258
194478 4 2 42489
194480 4 3 42826
194482 4 5 42827
194484 4 9 42828
194486 4 10 42829
194488 4 19 42868
194490 4 10 42937
194492 4 23 42991
194496 4 9 42468
194498 4 10 42469
194500 4 14 42470
194502 4 15 42471
194504 4 1 42524
194506 4 21 42821
194508 4 22 42822
194510 4 23 42823
194512 4 1 42824
194514 4 14 42830
194516 4 1 42836
194518 4 15 42891
194520 4 15 42171
194522 4 19 42172
194524 4 21 42173
194526 4 22 42174
194528 4 1 42260
194530 4 21 42293
194532 4 22 42294
194534 4 23 42295
194536 4 1 42368
194538 4 5 42419
194540 4 3 42490
194542 4 2 42849
194544 4 3 42850
194546 4 5 42851
194548 4 9 42852
194550 4 21 42869
194552 4 23 42115
194554 4 1 42116
194556 4 2 42117
194558 4 3 42118
194560 4 14 42362
194572 4 9 42264
194574 4 10 42265
194576 4 14 42266
194578 4 15 42267
194580 4 10 42313
194582 4 14 42314
194584 4 15 42315
194586 4 19 42316
194588 4 22 42318
194590 4 23 42319
194592 4 1 42320
194594 4 2 42321
194596 4 3 42550
194598 4 22 42570
194600 4 5 42983
194602 4 19 42088
194612 4 19 42196
194614 4 14 42338
194618 4 21 42713
194620 4 22 42714
194622 4 23 42715
194624 4 1 42716
194626 4 15 42747
194628 4 3 42838
194630 4 5 42839
194632 4 9 42840
194634 4 10 42841
194636 4 22 42918
194638 4 19 42940
194640 4 1 42056
194642 4 3 42058
194644 4 14 42098
194646 4 15 42099
194656 4 21 42197
194658 4 19 42340
194662 4 19 42592
194664 4 21 42593
194666 4 22 42594
194668 4 23 42595
194670 4 1 42776
194672 4 2 42777
194674 4 3 42778
194676 4 5 42779
194678 4 15 42819
194680 4 19 42820
194682 4 19 42856
194684 4 21 42857
194686 4 21 42905
194688 4 5 42035
194690 4 14 42074
194692 4 15 42075
194694 4 19 42076
194696 4 21 42077
194698 4 10 42241
194700 4 22 42222
194702 4 23 42223
194704 4 1 42224
194706 4 2 42225
194708 4 1 42440
194710 4 2 42441
194712 4 3 42442
194714 4 5 42443
194716 4 19 42472
194718 4 21 42473
194720 4 22 42474
194722 4 23 42475
194724 4 19 42616
194726 4 2 42837
194728 4 19 42016
194730 4 15 42147
194732 4 15 42003
194734 4 3 42106
194736 4 14 42146
194738 4 2 42153
194740 4 3 42154
194744 4 10 42025
194746 4 19 42064
194748 4 19 42148
194750 4 1 42560
194752 4 2 42561
194754 4 3 42562
194756 4 5 42563
194758 4 21 42749
194760 4 9 42864
194776 4 15 42123
194778 4 19 42124
194780 4 21 42125
194782 4 22 42126
194784 4 2 42165
194786 4 10 42217
194788 4 14 42218
194790 4 15 42219
194792 4 19 42220
194794 4 5 42227
194796 4 1 42392
194798 4 9 42564
194800 4 10 42565
194802 4 14 42566
194804 4 15 42567
194806 4 15 42759
194808 4 3 42910
194810 4 5 42911
194812 4 9 42912
194814 4 10 42913
194816 4 23 42919
194818 4 1 42920
194830 4 14 42134
194832 4 21 42137
194834 4 10 42145
194836 4 22 42198
194862 4 2 42537
194866 4 19 42040
194868 4 22 42042
194870 4 23 42043
194872 4 3 42166
194874 4 23 42175
194876 4 2 42177
194878 4 10 42205
194880 4 14 42206
194882 4 21 42221
194884 4 2 42297
194886 4 3 42298
194888 4 2 42393
194890 4 14 42914
194892 4 15 42915
194894 4 19 42916
194896 4 21 42917
194898 4 2 42921
194900 4 19 42964
194902 4 21 42965
194904 4 9 42984
194942 4 10 42421
194944 4 14 42422
194946 4 15 42423
194948 4 19 42424
194952 4 23 42607
194954 4 3 42982
194956 4 1 42008
194958 4 2 42009
194960 4 3 42010
194962 4 5 42011
194964 4 21 42185
194966 4 22 42186
194968 4 23 42187
194970 4 1 42188
194972 4 1 42488
194976 4 2 42057
194980 4 5 42059
194984 4 15 42207
194986 4 19 42208
194988 4 21 42209
194990 4 22 42210
194992 4 14 42446
194994 4 15 42447
194996 4 19 42448
194998 4 21 42449
195000 4 3 42514
195002 4 2 42897
195004 4 3 42898
195006 4 5 42899
195008 4 9 42900
195018 4 5 41999
195020 4 9 42000
195022 4 10 42001
195024 4 1 42140
195026 4 2 42141
195028 4 3 42142
195030 4 5 42143
195032 4 9 42144
195034 4 1 42212
195036 4 2 42213
195038 4 3 42214
195040 4 9 42216
195042 4 22 42450
195044 4 23 42451
195046 4 1 42452
195048 4 2 42453
195050 4 15 42519
195052 4 10 42901
195054 4 14 42902
195056 4 15 42903
195058 4 19 42904
195068 4 22 42462
195070 4 23 42463
195072 4 1 42464
195074 4 2 42465
195076 4 2 42189
195078 4 5 42191
195080 4 9 42384
195082 4 10 42385
195084 4 14 42410
195086 4 5 42203
195088 4 23 42199
195090 4 1 42200
195092 4 22 42390
195094 4 23 42391
195096 4 3 42430
195106 4 21 42233
195108 4 22 42234
195110 4 21 42317
195122 4 9 42240
195140 4 10 42037
195142 4 10 42193
195144 4 15 42303
195146 4 19 42304
195148 4 21 42305
195150 4 22 42306
195152 4 9 42540
195154 4 10 42541
195156 4 14 42542
195158 4 15 42543
195160 4 19 42712
195162 4 5 42863
195178 4 3 42034
195182 4 9 42012
195184 4 10 42013
195186 4 14 42014
195188 4 15 42015
195190 4 10 42109
195192 4 14 42386
195194 4 15 42387
195196 4 19 42388
195198 4 21 42389
195200 4 15 42495
195204 4 14 42242
195206 4 15 42243
195208 4 19 42364
195210 4 3 42370
195216 4 3 41986
195254 4 21 42113
195260 4 19 42244
195262 4 21 42245
195264 4 23 42355
195266 4 1 42356
195268 4 2 42357
195270 4 3 42358
195274 4 9 42552
195276 4 10 42553
195278 4 14 42554
195280 4 15 42555
195282 4 10 42673
195284 4 19 42700
195286 4 21 42701
195288 4 22 42702
195290 4 23 42703
195292 4 5 42803
195304 4 21 41993
195306 4 23 42079
195308 4 3 42082
195310 4 14 42194
195312 4 23 42271
195318 4 9 42456
195320 4 5 42467
195322 4 3 42538
195324 4 14 42950
195326 4 15 42951
195328 4 19 42952
195330 4 21 42953
195340 4 10 42277
195342 4 14 42278
195344 4 15 42279
195346 4 19 42280
195348 4 21 42281
195350 4 23 42055
195352 4 9 42060
195354 4 14 42062
195356 4 22 42282
195358 4 23 42283
195360 4 1 42284
195362 4 2 42285
195364 4 3 42286
195366 4 5 42287
195368 4 19 42328
195370 4 21 42689
195372 4 14 42734
195374 4 15 42735
195376 4 19 42736
195378 4 21 42737
195380 4 9 42996
195382 4 10 42997
195384 4 14 42998
195386 4 15 42999
195388 4 19 43000
195418 4 23 42211
195422 4 23 42259
195430 4 9 42288
195434 4 3 42634
195436 4 5 42971
195438 4 9 42972
195440 4 10 42973
195442 4 14 42974
195444 4 1 42992
195454 4 14 42050
195468 4 5 42215
195472 4 2 42261
195480 4 10 42289
195484 4 14 42638
195486 4 22 42978
195488 4 23 42979
195490 4 1 42980
195492 4 2 42981
195494 4 2 42993
195504 4 22 41994
195506 4 5 42083
195508 4 10 42085
195510 4 15 42195
195512 4 9 42276
195520 4 10 42481
195522 4 5 42551
195524 4 22 42954
195526 4 23 42955
195528 4 1 42956
195530 4 2 42957
195540 4 1 42272
195542 4 2 42273
195544 4 3 42274
195546 4 5 42275
195550 4 5 42107
195552 4 21 42161
195554 4 22 42162
195556 4 23 42163
195558 4 1 42164
195602 4 9 42108
195604 4 21 42329
195606 4 22 42330
195608 4 23 42331
195610 4 1 42332
195612 4 23 42415
195614 4 1 42416
195616 4 2 42417
195618 4 3 42418
195620 4 22 42426
195622 4 23 42427
195624 4 1 42428
195626 4 2 42429
195628 4 2 42585
195648 4 23 42523
195650 4 15 42051
195652 4 19 42052
195654 4 14 42326
195656 4 15 42327
195660 4 2 42045
195664 4 10 42061
195668 4 15 42063
195670 4 2 42069
195674 4 9 42348
195676 4 10 42349
195678 4 14 42350
195680 4 15 42351
195682 4 21 42713
195686 4 10 42745
195688 4 14 42746
195692 4 2 43005
195694 4 3 43006
195696 4 5 43007
195708 4 9 42336
195710 4 10 42337
195712 4 2 42033
195724 4 3 42586
195726 4 5 42587
195728 4 9 42588
195730 4 10 42589
195732 4 1 42596
195734 4 2 42597
195736 4 3 42598
195738 4 5 42599
195740 4 9 42708
195744 4 1 42068
195790 4 21 42041
195794 4 23 42103
195796 4 22 42114
195804 4 5 42359
195806 4 23 42367
195808 4 14 42794
195810 4 15 42795
195812 4 19 42796
195814 4 21 42797
195816 4 15 42831
195828 4 14 42110
195832 4 9 42360
195834 4 10 42361
195840 4 14 42362
195842 4 21 42365
195846 4 14 42122
195850 4 22 42366
195852 4 9 42036
195860 4 10 42457
195862 4 21 42521
195874 4 3 42106
195876 4 5 42155
195878 4 9 42156
195880 4 10 42157
195882 4 14 42158
195884 4 5 42371
195886 4 1 42500
195888 4 2 42501
195890 4 3 42502
195892 4 5 42503
195894 4 22 42750
195896 4 23 42751
195898 4 1 42752
195900 4 2 42753
195902 4 3 42754
195904 4 5 42755
195906 4 9 42756
195908 4 19 42844
195910 4 14 42878
195912 4 15 42879
195914 4 19 42880
195916 4 21 42881
195918 4 5 42251
195920 4 9 42252
195922 4 10 42253
195924 4 14 42254
195926 4 14 42458
195928 4 15 42459
195930 4 19 42460
195932 4 21 42461
195936 4 1 41984
195954 4 22 42630
195956 4 23 42631
195958 4 1 42632
195960 4 2 42633
195964 4 1 42908
195970 4 3 42190
195974 4 9 42192
195982 4 2 42201
195984 4 3 42202
196024 4 9 42420
196026 4 19 42556
196028 4 21 42557
196030 4 22 42558
196032 4 23 42559
196034 4 21 42665
196036 4 22 42666
196038 4 1 42668
196040 4 21 42761
196042 4 3 42862
196058 4 21 42749
196070 4 19 42748
196076 4 21 42425
196090 4 5 42671
196092 4 10 42769
196100 4 15 42087
196120 4 2 42717
196122 4 3 42718
196124 4 5 42719
196126 4 9 42720
196128 4 21 42893
196134 4 10 42265
196148 4 22 42570
196152 4 10 42097
196166 4 3 42574
196168 4 5 42575
196170 4 9 42576
196172 4 10 42577
196174 4 1 42644
196202 4 14 42002
196206 4 2 42009
196212 4 5 42407
196222 4 1 42140
196224 4 19 42100
196232 4 21 42581
196234 4 22 42582
196236 4 23 42583
196238 4 1 42584
196240 4 5 42647
196258 4 1 42080
196260 4 2 42081
196266 4 5 42179
196268 4 3 42394
196274 4 9 42636
196276 4 10 42637
196288 4 9 42084
196292 4 14 42086
196296 4 9 42180
196298 4 5 42395
196304 4 2 42645
196306 4 3 42646
196320 4 21 42125
196322 4 23 42127
196332 4 9 42396
196334 4 3 42466
196336 4 23 42571
196338 4 22 42618
196340 4 23 42619
196342 4 1 42620
196344 4 2 42621
196356 4 22 42066
196358 4 23 42175
196360 4 1 42176
196364 4 3 42178
196366 4 10 42397
196382 4 2 42549
196384 4 14 42770
196386 4 22 42798
196398 4 22 42018
196400 4 1 42020
196402 4 2 42021
196404 4 22 42078
196406 4 5 42203
196414 4 21 42269
196416 4 5 42335
196420 4 3 42370
196422 4 1 42512
196430 4 21 42653
196432 4 22 42654
196434 4 23 42655
196436 4 1 42656
196438 4 2 42657
196440 4 3 42658
196442 4 5 42659
196444 4 15 42711
196448 4 23 42907
196450 4 3 42958
196452 4 5 42959
196454 4 9 42960
196456 4 10 42961
196466 4 5 42431
196468 4 14 42434
196470 4 1 42572
196472 4 2 42573
196474 4 3 42682
196484 4 15 42435
196486 4 21 42437
196488 4 14 42578
196490 4 15 42579
196492 4 2 42693
196494 4 22 42222
196496 4 23 42223
196500 4 2 42225
196512 4 1 42476
196514 4 2 42477
196516 4 3 42478
196518 4 5 42479
196520 4 15 42039
196524 4 15 42075
196526 4 21 42077
196536 4 14 42398
196544 4 9 42480
196546 4 3 42526
196548 4 9 42600
196550 4 19 42928
196552 4 21 42929
196554 4 22 42930
196556 4 23 42931
196576 4 19 42004
196578 4 21 42005
196588 4 19 42448
196590 4 5 42491
196592 4 5 42539
196594 4 1 42704
196596 4 2 42705
196598 4 3 42706
196600 4 5 42707
196602 4 19 42760
196604 4 3 42826
196606 4 5 42827
196608 4 9 42828
196610 4 10 42829
196628 4 22 42006
196630 4 23 42007
196636 4 23 42295
196638 4 1 42296
196640 4 1 42368
196648 4 9 42492
196650 4 19 42544
196652 4 10 42721
196654 4 14 42722
196656 4 15 42723
196658 4 19 42724
196660 4 2 42849
196662 4 3 42850
196664 4 5 42851
196666 4 9 42852
196668 4 1 42896
196692 4 15 42375
196694 4 19 42376
196696 4 21 42377
196698 4 22 42378
196700 4 10 42493
196702 4 14 42494
196704 4 19 42640
196706 4 21 42641
196708 4 22 42642
196710 4 23 42643
196712 4 23 42859
196728 4 1 42320
196734 4 21 42089
196736 4 22 42090
196738 4 23 42091
196740 4 21 42101
196748 4 5 42239
196754 4 9 42432
196756 4 10 42433
196760 4 14 42674
196774 4 2 42093
196776 4 3 42094
196778 4 5 42095
196780 4 22 42102
196788 4 15 42255
196790 4 3 42430
196794 4 19 42436
196798 4 22 42438
196800 4 15 42675
196814 4 9 41988
196816 4 10 41989
196818 4 14 41990
196820 4 15 41991
196830 4 10 42601
196838 4 5 42227
196840 4 21 42317
196848 4 15 42567
196868 4 23 41995
196870 4 1 41996
196872 4 2 41997
196874 4 3 41998
196884 4 14 42602
196886 4 3 42070
196888 4 5 42071
196890 4 9 42072
196892 4 10 42073
196894 4 15 42399
196896 4 19 42400
196898 4 9 42780
196900 4 10 42781
196902 4 14 42782
196904 4 15 42783
196930 4 19 42076
196934 4 2 42141
196936 4 3 42142
196938 4 5 42143
196940 4 9 42144
196942 4 15 42483
196952 4 21 42401
196954 4 22 42402
196956 4 23 42403
196958 4 1 42404
196978 4 1 42596
196986 4 15 42303
196988 4 19 42304
196996 4 10 42541
196998 4 14 42542
197000 4 15 42543
197014 4 19 42508
197016 4 21 42509
197018 4 22 42510
197020 4 23 42511
197022 4 22 42522
197032 4 9 42684
197034 4 10 42685
197036 4 14 42686
197038 4 15 42687
197056 4 19 42616
197062 4 3 42322
197064 4 5 42323
197066 4 9 42324
197068 4 10 42325
197070 4 10 42445
197072 4 10 42661
197074 4 14 42662
197076 4 15 42663
197078 4 19 42664
197098 4 21 42545
197100 4 22 42546
197102 4 19 42568
197104 4 21 42569
197132 4 23 42019
197136 4 3 42022
197138 4 9 42024
197142 4 21 42149
197144 4 22 42150
197146 4 23 42151
197148 4 1 42152
197152 4 21 42257
197156 4 22 42270
197158 4 3 42334
197164 4 3 42622
197166 4 5 42623
197170 4 22 42654
197182 4 9 42660
197186 4 21 42785
197188 4 1 42860
197190 4 2 42861
197192 4 22 42870
197194 4 23 42871
197196 4 1 42872
197198 4 2 42873
197200 4 3 42874
197202 4 5 42875
197204 4 9 42876
197206 4 22 42906
197228 4 21 42329
197230 4 22 42330
197232 4 23 42331
197234 4 1 42332
197236 4 15 42411
197238 4 19 42412
197240 4 21 42413
197242 4 22 42414
197248 4 1 42428
197262 4 15 42183
197264 4 9 42204
197276 4 3 42718
197278 4 5 42719
197282 4 21 42893
197284 4 10 42985
197286 4 14 42986
197288 4 15 42987
197290 4 19 42988
197294 4 19 42184
197296 4 15 42003
197300 4 14 42146
197302 4 2 42153
197304 4 3 42154
197310 4 14 42158
197312 4 5 42299
197314 4 9 42300
197316 4 10 42301
197318 4 14 42302
197322 4 14 42374
197324 4 2 42405
197334 4 9 42528
197338 4 23 42751
197340 4 1 42752
197350 4 1 42788
197352 4 2 42789
197354 4 3 42790
197356 4 5 42791
197358 4 19 42844
197360 4 10 42877
197362 4 1 42932
197428 4 2 42045
197430 4 14 42050
197432 4 21 42725
197434 4 22 42726
197436 4 23 42727
197438 4 1 42728
197440 4 2 42729
197446 4 21 42053
197448 4 22 42054
197450 4 3 42730
197452 4 5 42731
197454 4 9 42732
197456 4 10 42733
197484 4 14 42734
197486 4 15 42735
197488 4 19 42736
197490 4 21 42737
197492 4 1 41984
197496 4 23 42247
197498 4 1 42248
197500 4 2 42249
197502 4 14 42290
197504 4 9 42312
197508 4 21 42473
197510 4 22 42474
197512 4 23 42475
197520 4 2 42633
197522 4 14 42842
197540 4 9 42060
197542 4 10 42061
197544 4 14 42062
197546 4 15 42063
197552 4 1 42716
197556 4 14 42746
197560 4 19 42064
197570 4 19 42088
197574 4 22 42714
197576 4 23 42715
197584 4 1 42056
197586 4 2 42057
197588 4 3 42058
197590 4 5 42059
197592 4 10 42649
197594 4 14 42650
197596 4 15 42651
197598 4 19 42652
197600 4 5 42695
197606 4 14 42098
197608 4 15 42099
197610 4 19 42592
197612 4 21 42593
197614 4 22 42594
197616 4 23 42595
197618 4 1 42776
197620 4 2 42777
197622 4 3 42778
197624 4 5 42779
197626 4 21 42905
197630 4 9 42348
197632 4 10 42349
197634 4 14 42350
197642 4 15 41991
197644 4 21 42065
197646 4 15 42339
197654 4 23 42067
197656 4 19 42496
197658 4 21 42497
197660 4 22 42498
197662 4 23 42499
197664 4 3 42694
197678 4 1 42092
197680 4 23 42115
197682 4 1 42116
197684 4 2 42117
197686 4 3 42118
197690 4 9 42696
197692 4 10 42697
197694 4 14 42698
197696 4 15 42699
197698 4 10 42709
197700 4 14 42806
197702 4 15 42807
197704 4 19 42808
197706 4 21 42809
197708 4 22 42810
197750 4 9 42096
197752 4 5 42119
197754 4 9 42120
197756 4 10 42121
197758 4 14 42122
197768 4 14 42710
197770 4 5 42815
197772 4 9 42816
197774 4 10 42817
197776 4 14 42818
197808 4 14 42458
197810 4 15 42459
197814 4 22 42462
197828 4 1 42080
197830 4 2 42081
197832 4 3 42082
197844 4 3 42574
197846 4 5 42575
197848 4 9 42636
197850 4 10 42637
197884 4 9 42132
197886 4 10 42133
197900 4 3 42250
197904 4 2 42333
197906 4 3 42586
197908 4 5 42587
197910 4 9 42588
197912 4 10 42589
197914 4 9 42612
197916 4 10 42613
197918 4 14 42614
197920 4 15 42615
197922 4 22 42678
197924 4 23 42679
197926 4 1 42680
197928 4 2 42681
197932 4 23 42775
197934 4 14 42854
197936 4 9 42948
197938 4 10 42949
197960 4 14 42074
197976 4 3 42526
197978 4 3 41986
197980 4 14 42110
197982 4 21 42665
197984 4 22 42666
197986 4 23 42667
197988 4 1 42668
197990 4 22 42786
197992 4 5 41987
197994 4 15 42111
197996 4 2 42669
197998 4 3 42670
198002 4 9 42672
198004 4 23 42787
198024 4 9 42576
198030 4 23 42103
198032 4 22 42114
198034 4 14 42794
198036 4 15 42795
198038 4 19 42796
198040 4 21 42797
198042 4 15 42831
198044 4 23 42235
198046 4 1 42236
198048 4 2 42237
198050 4 3 42238
198052 4 23 42379
198054 4 1 42380
198056 4 2 42381
198058 4 3 42382
198060 4 19 42484
198062 4 21 42485
198064 4 22 42486
198066 4 23 42487
198068 4 15 42591
198070 4 1 42608
198072 4 2 42609
198074 4 21 42677
198076 4 15 42843
198078 4 14 42938
198090 4 3 42166
198102 4 19 42040
198106 4 22 42042
198110 4 23 42367
198114 4 15 42123
198116 4 19 42124
198118 4 21 42125
198120 4 22 42126
198126 4 14 42566
198128 4 15 42567
198130 4 15 42759
198200 4 22 42318
198218 4 1 42476
198220 4 2 42477
198224 4 5 42527
198226 4 23 42967
198228 4 1 42968
198230 4 2 42969
198232 4 3 42970
198244 4 10 42181
198250 4 9 42828
198252 4 10 42829
198256 4 21 42293
198258 4 22 42294
198260 4 23 42295
198266 4 3 42850
198272 4 5 42167
198274 4 9 42168
198276 4 10 42169
198278 4 15 42207
198280 4 19 42208
198282 4 21 42209
198284 4 22 42210
198286 4 23 42211
198288 4 22 42258
198292 4 14 42446
198294 4 15 42447
198298 4 21 42449
198302 4 3 42634
198312 4 2 42897
198314 4 3 42898
198316 4 5 42899
198318 4 9 42900
198320 4 23 42991
198342 4 15 42171
198344 4 19 42172
198346 4 22 42174
198348 4 1 42212
198350 4 2 42213
198352 4 3 42214
198354 4 5 42215
198356 4 9 42216
198358 4 1 42260
198360 4 2 42261
198368 4 2 42453
198370 4 9 42492
198372 4 14 42638
198382 4 10 42901
198384 4 14 42902
198386 4 15 42903
198388 4 19 42904
198410 4 1 42440
198426 4 2 42837
198432 4 1 42704
198434 4 2 42705
198440 4 19 42760
198452 4 10 42721
198454 4 14 42722
198456 4 15 42723
198460 4 1 42896
198462 4 19 42556
198464 4 21 42557
198466 4 22 42558
198468 4 23 42559
198476 4 21 42761
198478 4 1 42560
198482 4 3 42562
198484 4 5 42563
198492 4 10 42769
198494 4 2 41985
198502 4 21 42005
198504 4 19 42016
198508 4 19 42256
198510 4 15 42291
198512 4 9 42420
198518 4 3 42514
198520 4 5 42539
198522 4 5 42635
198534 4 5 42935
198556 4 14 42218
198558 4 15 42219
198562 4 22 42234
198572 4 14 42626
198574 4 23 42799
198576 4 1 42800
198578 4 2 42801
198580 4 3 42802
198582 4 23 42811
198584 4 1 42812
198586 4 2 42813
198588 4 3 42814
198590 4 23 42835
198592 4 2 42909
198606 4 19 41992
198614 4 10 42025
198618 4 3 42262
198620 4 19 42292
198628 4 15 42519
198632 4 9 42648
198644 4 9 42936
198664 4 23 42175
198666 4 1 42176
198668 4 2 42177
198670 4 3 42178
198680 4 22 42798
198682 4 21 42185
198684 4 22 42186
198686 4 23 42187
198688 4 1 42188
198690 4 21 42221
198692 4 9 42240
198702 4 21 42629
198708 4 9 42804
198710 4 10 42805
198712 4 21 42821
198714 4 22 42822
198716 4 23 42823
198718 4 1 42824
198722 4 1 42836
198748 4 1 42128
198750 4 2 42129
198752 4 3 42130
198754 4 5 42131
198756 4 15 42183
198758 4 1 42308
198760 4 2 42309
198762 4 3 42310
198764 4 5 42311
198766 4 21 42341
198770 4 19 42184
198780 4 5 42203
198810 4 10 42037
198816 4 10 42193
198818 4 22 42342
198820 4 2 42345
198822 4 3 42346
198824 4 10 42373
198826 4 15 42375
198828 4 19 42376
198830 4 22 42378
198832 4 14 42494
198836 4 21 42509
198838 4 22 42510
198840 4 23 42511
198842 4 22 42522
198844 4 9 42540
198846 4 10 42541
198848 4 14 42542
198850 4 15 42543
198852 4 19 42580
198854 4 15 42639
198856 4 19 42688
198858 4 5 42863
198860 4 15 42867
198882 4 10 42157
198894 4 10 42109
198896 4 3 42322
198898 4 5 42323
198900 4 10 42325
198902 4 14 42386
198904 4 15 42387
198906 4 19 42388
198908 4 10 42445
198910 4 15 42495
198916 4 23 42547
198918 4 1 42548
198920 4 19 42568
198952 4 9 42264
198954 4 10 42265
198956 4 14 42266
198958 4 15 42267
198960 4 22 42222
198962 4 23 42223
198968 4 1 42056
198972 4 3 42058
198976 4 21 42197
199000 4 15 42819
199002 4 19 42820
199004 4 2 42825
199006 4 22 42894
199030 4 19 42196
199050 4 14 42830
199052 4 3 42838
199054 4 5 42839
199056 4 9 42840
199058 4 10 42841
199060 4 22 42918
199098 4 15 42147
199108 4 3 42862
199112 4 19 42148
199122 4 9 42864
199160 4 1 41984
199164 4 23 42247
199166 4 1 42248
199184 4 23 42631
199186 4 1 42632
199188 4 2 42633
199192 4 14 42842
199216 4 19 42220
199226 4 15 42567
199228 4 3 42910
199230 4 9 42912
199232 4 10 42913
199236 4 9 42108
199240 4 21 42329
199242 4 22 42330
199244 4 23 42331
199270 4 23 42343
199272 4 1 42344
199288 4 5 42515
199290 4 9 42516
199292 4 10 42517
199294 4 14 42518
199296 4 9 42684
199298 4 10 42685
199300 4 14 42686
199302 4 15 42687
199306 4 9 42792
199308 4 10 42793
199326 4 22 42018
199328 4 23 42019
199330 4 1 42020
199334 4 3 42022
199336 4 5 42023
199368 4 1 42512
199370 4 9 42552
199372 4 10 42553
199374 4 14 42554
199376 4 15 42555
199378 4 2 42657
199380 4 3 42658
199382 4 5 42659
199386 4 15 42711
199388 4 5 42803
199390 4 23 42871
199392 4 2 42873
199394 4 22 42906
199396 4 14 42962
199426 4 14 42134
199428 4 15 42135
199430 4 21 42137
199432 4 10 42145
199434 4 15 42159
199436 4 19 42160
199438 4 21 42161
199440 4 1 42164
199442 4 22 42198
199444 4 9 42228
199446 4 14 42230
199448 4 15 42231
199450 4 5 42347
199452 4 9 42372
199454 4 5 42383
199456 4 3 42406
199458 4 9 42504
199460 4 14 42506
199462 4 15 42507
199464 4 10 42529
199466 4 1 42596
199468 4 3 42598
199470 4 5 42599
199472 4 22 42690
199474 4 23 42691
199476 4 22 42882
199478 4 23 42883
199480 4 1 42884
199482 4 2 42885
199484 4 2 42933
199510 4 21 42017
199526 4 3 42382
199536 4 2 42525
199542 4 3 42610
199544 4 5 42611
199546 4 19 42676
199568 4 14 42038
199574 4 3 42478
199580 4 22 42618
199582 4 23 42619
199584 4 2 42621
199586 4 1 42692
199588 4 15 42927
199590 4 23 42967
199620 4 14 42242
199622 4 15 42243
199624 4 21 42245
199626 4 19 42364
199644 4 19 42700
199646 4 21 42701
199648 4 22 42702
199650 4 23 42703
199660 4 15 42303
199662 4 19 42304
199664 4 21 42305
199666 4 22 42306
199674 4 14 42170
199676 4 2 42489
199682 4 21 42173
199686 4 3 42490
199692 4 19 42244
199696 4 23 42355
199698 4 1 42356
199700 4 2 42357
199702 4 3 42358
199704 4 14 42398
199706 4 10 42673
199708 4 19 42928
199710 4 21 42929
199714 4 23 42931
199748 4 9 42420
199782 4 23 42043
199790 4 10 42205
199792 4 14 42206
199794 4 2 42297
199796 4 3 42298
199798 4 14 42914
199800 4 19 42916
199802 4 19 42964
199804 4 21 42965
199806 4 9 42984
199842 4 19 41992
199864 4 19 42136
199872 4 14 42182
199874 4 21 42257
199876 4 19 42268
199880 4 3 42622
199882 4 5 42623
199884 4 9 42624
199886 4 10 42625
199888 4 1 42860
199896 4 3 42934
199926 4 21 42377
199930 4 10 42493
199934 4 10 42313
199936 4 14 42314
199938 4 15 42315
199940 4 19 42316
199944 4 21 42041
199946 4 22 42042
199950 4 22 42114
199956 4 9 42240
199972 4 15 42915
199976 4 21 42917
200018 4 5 42911
200024 4 1 42920
200030 4 10 42229
200044 4 9 42708
200050 4 3 42082
200052 4 14 42194
200054 4 23 42271
200056 4 3 42454
200058 4 5 42455
200060 4 9 42456
200062 4 10 42457
200064 4 5 42467
200084 4 14 42950
200086 4 15 42951
200088 4 19 42952
200090 4 21 42953
200132 4 2 42921
200134 4 5 42083
200136 4 9 42084
200140 4 15 42195
200142 4 9 42276
200144 4 9 42468
200146 4 10 42469
200148 4 14 42470
200150 4 15 42471
200152 4 10 42481
200156 4 23 42583
200162 4 2 42645
200172 4 22 42954
200174 4 23 42955
200176 4 1 42956
200178 4 2 42957
200210 4 10 42421
200218 4 2 42717
200220 4 3 42718
200222 4 5 42719
200224 4 9 42720
200226 4 21 42893
200228 4 5 41999
200230 4 10 42001
200232 4 14 42002
200234 4 1 42008
200236 4 3 42010
200238 4 14 42026
200240 4 19 42028
200242 4 23 42031
200244 4 3 42046
200246 4 5 42047
200248 4 9 42048
200250 4 10 42049
200252 4 3 42070
200254 4 5 42071
200256 4 9 42072
200258 4 22 42138
200260 4 23 42139
200262 4 2 42369
200264 4 15 42399
200266 4 19 42400
200268 4 5 42407
200270 4 9 42408
200272 4 14 42482
200274 4 15 42627
200276 4 19 42628
200278 4 2 42765
200280 4 3 42766
200282 4 5 42767
200284 4 9 42780
200286 4 10 42781
200288 4 14 42782
200290 4 15 42783
200292 4 14 42890
200380 4 1 42068
200382 4 1 42104
200384 4 14 42110
200386 4 10 42337
200388 4 21 42353
200390 4 9 42360
200400 4 19 42748
200402 4 22 42786
200404 4 23 43003
200406 4 1 43004
200422 4 2 42105
200424 4 15 42111
200426 4 9 42336
200428 4 22 42354
200430 4 10 42361
200436 4 23 42787
200438 4 21 43001
200440 4 22 43002
200472 4 10 42037
200506 4 1 42236
200510 4 3 42238
200520 4 15 42591
200528 4 21 42233
200530 4 22 42234
200544 4 2 42801
200548 4 2 42909
200558 4 10 42805
200566 4 15 42207
200568 4 19 42208
200570 4 21 42209
200580 4 21 42449
200582 4 2 42897
200584 4 3 42898
200586 4 5 42899
200588 4 9 42900
200590 4 1 42212
200596 4 9 42216
200602 4 1 42452
200604 4 2 42453
200606 4 10 42901
200608 4 14 42902
200610 4 15 42903
200612 4 19 42904
200620 4 19 42232
200622 4 21 42293
200626 4 1 42368
200628 4 5 42419
200630 4 23 42439
200634 4 19 42592
200636 4 23 42595
200638 4 1 42776
200654 4 19 42856
200656 4 21 42857
200658 4 21 42869
200660 4 23 42895
200690 4 10 42169
200696 4 3 42226
200698 4 2 42489
200706 4 3 42826
200708 4 5 42827
200714 4 5 42839
200716 4 9 42840
200720 4 19 42868
200722 4 15 42891
200724 4 10 42937
200726 4 19 42940
200728 4 23 42991
200764 4 3 42370
200794 4 10 42325
200822 4 22 42318
200824 4 23 42319
200828 4 2 42321
200834 4 2 42357
200850 4 21 42653
200852 4 22 42654
200854 4 23 42655
200856 4 1 42656
200858 4 23 42907
200862 4 15 42027
200866 4 21 42029
200868 4 22 42030
200872 4 1 42032
200886 4 10 42409
200970 4 3 41986
200980 4 21 42761
201004 4 19 42184
201006 4 3 42106
201014 4 5 42371
201016 4 1 42500
201018 4 2 42501
201020 4 3 42502
201022 4 5 42503
201024 4 22 42750
201026 4 23 42751
201028 4 1 42752
201030 4 2 42753
201032 4 3 42754
201034 4 5 42755
201036 4 9 42756
201040 4 5 41987
201046 4 5 42671
201048 4 9 42672
201052 4 10 42097
201054 4 15 42123
201056 4 21 42125
201058 4 22 42126
201062 4 5 42179
201064 4 1 42392
201066 4 3 42394
201068 4 9 42396
201074 4 10 42577
201076 4 9 42636
201078 4 1 42644
201082 4 5 42911
201108 4 19 42100
201116 4 9 42180
201120 4 2 42393
201122 4 5 42395
201124 4 10 42397
201132 4 3 42646
201134 4 5 42647
201170 4 19 42136
201182 4 22 42258
201190 4 10 42829
201200 4 1 42260
201202 4 2 42849
201206 4 5 42851
201208 4 9 42852
201210 4 9 42564
201212 4 10 42565
201218 4 1 42044
201220 4 21 42113
201222 4 5 42299
201224 4 10 42301
201226 4 14 42302
201232 4 1 42344
201234 4 2 42345
201238 4 19 42352
201240 4 9 42444
201244 4 9 42516
201246 4 10 42517
201248 4 14 42518
201250 4 19 42580
201252 4 1 42788
201254 4 3 42790
201256 4 5 42791
201258 4 22 42858
201290 4 15 42003
201298 4 9 42300
201306 4 14 42374
201316 4 2 42789
201324 4 1 42932
201350 4 19 42124
201354 4 23 42127
201356 4 5 42251
201358 4 9 42252
201360 4 10 42253
201362 4 14 42254
201364 4 23 42571
201380 4 10 42373
201432 4 1 42188
201442 4 22 42522
201452 4 15 42639
201454 4 15 42867
201466 4 19 42640
201468 4 21 42641
201470 4 22 42642
201472 4 23 42643
201478 4 9 42324
201482 4 10 42661
201484 4 14 42662
201486 4 15 42663
201488 4 19 42664
201526 4 1 42440
201528 4 2 42441
201530 4 3 42442
201532 4 5 42443
201536 4 1 42020
201544 4 5 42335
201560 4 15 42711
201598 4 23 42211
201602 4 23 42259
201604 4 3 42634
201616 4 5 42215
201620 4 2 42261
201622 4 14 42638
201624 4 9 42012
201626 4 10 42013
201628 4 14 42014
201630 4 15 42015
201632 4 10 42109
201634 4 14 42386
201636 4 15 42387
201638 4 19 42388
201640 4 21 42389
201642 4 15 42495
201644 4 14 42530
201646 4 19 42532
201648 4 21 42533
201650 4 21 42545
201652 4 22 42546
201654 4 23 42547
201656 4 1 42548
201658 4 14 42590
201710 4 19 42508
201712 4 21 42509
201714 4 22 42510
201716 4 23 42511
201718 4 19 42688
201730 4 5 42023
201746 4 5 41999
201752 4 3 42070
201756 4 9 42072
201760 4 15 42399
201768 4 15 42087
201770 4 9 42204
201772 4 19 42484
201774 4 21 42485
201776 4 2 42525
201778 4 5 42683
201780 4 2 42717
201782 4 3 42718
201784 4 5 42719
201788 4 10 42985
201790 4 14 42986
201792 4 15 42987
201794 4 19 42988
201814 4 14 42050
201824 4 10 42277
201826 4 14 42278
201828 4 15 42279
201830 4 19 42280
201832 4 21 42281
201834 4 10 42289
201836 4 19 42340
201840 4 21 42593
201842 4 22 42594
201846 4 3 42730
201848 4 10 42733
201852 4 10 42865
201854 4 15 42975
201856 4 19 42976
201858 4 21 42977
201860 4 22 42978
201862 4 23 42979
201864 4 1 42980
201866 4 2 42981
201868 4 2 42993
201904 4 9 42060
201906 4 14 42062
201908 4 15 42063
201918 4 22 42282
201920 4 23 42283
201922 4 1 42284
201924 4 2 42285
201926 4 3 42286
201928 4 5 42287
201930 4 9 42288
201932 4 14 42338
201934 4 21 42689
201936 4 21 42713
201938 4 22 42714
201940 4 23 42715
201942 4 1 42716
201944 4 14 42746
201952 4 5 42971
201954 4 9 42972
201956 4 10 42973
201958 4 14 42974
201960 4 1 42992
202098 4 23 42835
202108 4 5 42467
202110 4 14 42446
202112 4 15 42447
202118 4 5 42491
202122 4 23 42451
202128 4 9 42492
202130 4 9 42468
202132 4 10 42469
202154 4 1 42836
202158 4 14 42146
202160 4 2 42153
202166 4 5 42263
202170 4 19 42520
202176 4 10 42877
202200 4 1 42476
202206 4 5 42479
202208 4 5 42527
202210 4 21 42089
202212 4 22 42090
202214 4 23 42091
202216 4 21 42101
202218 4 5 42431
202220 4 9 42432
202222 4 10 42433
202224 4 14 42434
202226 4 14 42674
202228 4 3 42034
202230 4 5 42107
202238 4 10 42145
202240 4 15 42159
202242 4 19 42160
202244 4 21 42161
202246 4 22 42162
202248 4 1 42164
202252 4 9 42372
202256 4 3 42406
202258 4 9 42504
202260 4 10 42505
202262 4 14 42506
202264 4 15 42507
202266 4 10 42529
202268 4 3 42622
202276 4 21 42845
202278 4 22 42846
202280 4 23 42847
202282 4 1 42848
202284 4 22 42882
202286 4 23 42883
202288 4 1 42884
202290 4 2 42885
202292 4 5 42923
202294 4 9 42924
202296 4 10 42925
202298 4 14 42926
202300 4 2 42933
202330 4 23 42163
202352 4 3 42886
202376 4 2 42093
202378 4 3 42094
202380 4 5 42095
202382 4 22 42102
202384 4 15 42435
202386 4 19 42436
202388 4 21 42437
202390 4 22 42438
202392 4 15 42675
202414 4 2 41985
202416 4 9 41988
202418 4 10 41989
202420 4 15 41991
202422 4 19 42004
202424 4 21 42005
202428 4 15 42291
202440 4 5 42539
202442 4 1 42572
202444 4 2 42573
202446 4 10 42601
202448 4 5 42635
202450 4 1 42704
202452 4 3 42706
202454 4 5 42707
202456 4 19 42760
202494 4 1 41984
202496 4 23 42247
202498 4 1 42248
202500 4 2 42249
202502 4 14 42290
202504 4 22 42630
202506 4 23 42631
202508 4 1 42632
202510 4 2 42633
202512 4 14 42842
202514 4 19 41992
202516 4 23 41995
202518 4 2 41997
202520 4 3 41998
202522 4 22 42006
202524 4 23 42007
202526 4 3 42262
202528 4 19 42292
202540 4 19 42544
202542 4 14 42578
202544 4 15 42579
202546 4 14 42602
202548 4 9 42648
202550 4 10 42721
202552 4 14 42722
202554 4 15 42723
202556 4 19 42724
202558 4 2 42849
202616 4 15 42531
202622 4 22 42534
202624 4 23 42535
202626 4 1 42536
202630 4 22 42738
202632 4 23 42739
202634 4 1 42740
202636 4 2 42741
202638 4 3 42742
202640 4 5 42743
202642 4 9 42744
202644 4 15 42963
202726 4 5 42035
202744 4 19 42472
202746 4 21 42473
202748 4 22 42474
202750 4 23 42475
202752 4 22 42246
202754 4 1 42272
202756 4 2 42273
202758 4 3 42274
202760 4 5 42275
202762 4 14 42458
202764 4 15 42459
202766 4 19 42460
202768 4 10 42757
202770 4 14 42758
202794 4 2 42045
202796 4 1 42056
202800 4 5 42059
202802 4 15 42099
202804 4 23 42307
202806 4 10 42649
202808 4 15 42651
202810 4 5 42695
202812 4 21 42725
202814 4 22 42726
202816 4 23 42727
202818 4 1 42728
202820 4 1 42776
202822 4 3 42778
202824 4 5 42779
202826 4 22 42966
202828 4 3 42994
202884 4 2 42033
202892 4 3 42250
202894 4 3 42586
202896 4 5 42587
202898 4 9 42588
202900 4 10 42589
202902 4 23 42775
202904 4 23 42379
202906 4 1 42380
202908 4 2 42381
202910 4 3 42382
202916 4 22 42486
202920 4 1 42608
202922 4 2 42609
202924 4 21 42677
202926 4 15 42843
202928 4 14 42938
202938 4 9 42036
202944 4 5 42227
202948 4 21 42317
202952 4 14 42650
202956 4 19 42652
202958 4 23 42799
202960 4 3 42802
202962 4 2 42909
202964 4 22 42990
203014 4 5 42827
203016 4 9 42828
203030 4 3 42850
203034 4 9 42852
203038 4 15 42051
203040 4 19 42052
203042 4 21 42053
203046 4 14 42326
203048 4 15 42327
203062 4 2 42729
203066 4 5 42731
203082 4 5 42995
203138 4 23 42055
203142 4 10 42061
203148 4 19 42328
203150 4 14 42734
203152 4 15 42735
203154 4 19 42736
203156 4 21 42737
203158 4 9 42996
203160 4 10 42997
203162 4 14 42998
203164 4 15 42999
203166 4 2 43005
203168 4 3 43006
203170 4 5 43007
203224 4 21 42149
203226 4 22 42150
203228 4 1 42152
203232 4 21 42257
203234 4 19 42268
203244 4 1 42860
203246 4 2 42861
203276 4 1 42068
203278 4 10 42337
203280 4 19 42556
203282 4 21 42557
203284 4 23 42559
203286 4 19 42748
203288 4 23 43003
203290 4 1 43004
203306 4 19 42064
203308 4 9 42336
203310 4 1 42560
203312 4 2 42561
203314 4 3 42562
203316 4 2 42669
203320 4 21 42749
203324 4 22 43002
203346 4 2 42069
203348 4 19 42088
203352 4 19 42196
203354 4 9 42348
203356 4 10 42349
203358 4 14 42350
203360 4 15 42351
203362 4 5 42359
203370 4 10 42745
203372 4 15 42747
203374 4 14 42794
203376 4 15 42795
203378 4 19 42796
203380 4 21 42797
203382 4 10 42805
203390 4 22 42918
203432 4 3 42154
203434 4 5 42155
203436 4 9 42156
203440 4 2 42237
203452 4 2 42405
203454 4 1 42500
203456 4 2 42501
203458 4 3 42502
203462 4 9 42528
203464 4 15 42591
203466 4 21 42617
203472 4 19 42844
203560 4 2 42105
203578 4 22 42042
203580 4 23 42043
203582 4 14 42206
203584 4 21 42221
203586 4 14 42914
203588 4 15 42915
203590 4 19 42916
203592 4 21 42917
203594 4 19 42964
203596 4 19 42112
203598 4 10 42181
203600 4 2 42189
203602 4 5 42191
203604 4 9 42192
203606 4 3 42226
203608 4 9 42384
203610 4 10 42385
203618 4 1 42524
203622 4 2 42705
203638 4 14 42830
203640 4 19 42868
203642 4 5 42887
203644 4 15 42891
203702 4 14 42110
203706 4 21 42353
203712 4 21 42665
203714 4 22 42666
203718 4 22 42786
203720 4 15 42111
203724 4 22 42354
203730 4 23 42787
203732 4 23 42199
203734 4 1 42200
203736 4 3 42202
203740 4 21 42293
203742 4 22 42294
203744 4 1 42296
203746 4 22 42390
203748 4 23 42391
203750 4 5 42419
203752 4 23 42439
203760 4 21 42521
203770 4 2 42825
203772 4 10 42889
203774 4 23 42895
203776 4 1 42896
203822 4 9 42360
203828 4 10 42361
203832 4 10 42553
203836 4 15 42555
203838 4 5 42803
203848 4 19 42700
203850 4 21 42701
203852 4 22 42702
203854 4 23 42703
203860 4 23 42115
203862 4 1 42116
203864 4 2 42117
203870 4 14 42362
203872 4 21 42365
203878 4 23 42667
203882 4 14 42806
203884 4 19 42808
203886 4 22 42810
203934 4 5 42119
203936 4 9 42120
203938 4 14 42122
203944 4 15 42363
203946 4 22 42366
203952 4 9 42672
203956 4 5 42815
203958 4 9 42816
203960 4 14 42818
204004 4 22 41994
204010 4 5 42239
204014 4 14 42410
204022 4 5 42551
204026 4 22 42954
204028 4 1 42956
204062 4 21 41993
204068 4 15 42255
204072 4 3 42430
204080 4 3 42538
204084 4 14 42950
204086 4 21 42953
204140 4 22 42114
204150 4 9 42804
204152 4 15 42831
204154 4 19 42016
204156 4 9 42420
204162 4 1 42668
204164 4 21 42761
204166 4 10 42025
204168 4 21 42425
204174 4 5 42671
204176 4 10 42769
204180 4 2 42477
204186 4 23 42967
204188 4 1 42968
204190 4 2 42969
204192 4 3 42970
204204 4 10 42157
204206 4 14 42158
204250 4 23 42163
204252 4 1 42164
204294 4 9 42204
204304 4 10 42985
204306 4 14 42986
204308 4 15 42987
204310 4 19 42988
204314 4 10 42169
204316 4 14 42170
204318 4 2 42489
204324 4 9 42840
204330 4 15 42171
204334 4 22 42174
204336 4 3 42490
204344 4 2 42777
204346 4 15 42819
204348 4 19 42820
204352 4 21 42857
204404 4 14 42038
204406 4 5 42251
204408 4 10 42253
204410 4 14 42254
204412 4 3 42466
204414 4 22 42618
204416 4 23 42619
204418 4 1 42620
204420 4 2 42621
204422 4 1 42692
204450 4 15 42123
204452 4 21 42125
204454 4 22 42126
204456 4 2 42165
204458 4 1 42392
204460 4 3 42910
204462 4 5 42911
204464 4 10 42913
204466 4 1 42920
204468 4 3 42166
204470 4 23 42175
204474 4 3 42298
204476 4 2 42393
204484 4 2 42921
204486 4 9 42984
204488 4 10 42097
204490 4 5 42179
204492 4 3 42394
204494 4 3 42574
204496 4 5 42575
204498 4 9 42636
204500 4 1 42644
204502 4 19 42100
204504 4 9 42180
204506 4 5 42395
204510 4 1 42584
204512 4 3 42646
204514 4 5 42647
204516 4 21 42017
204518 4 1 42128
204520 4 2 42129
204522 4 3 42130
204524 4 5 42131
204526 4 15 42183
204530 4 1 42308
204532 4 2 42309
204534 4 3 42310
204536 4 5 42311
204538 4 21 42341
204540 4 19 42484
204552 4 3 42610
204554 4 5 42611
204556 4 5 42683
204558 4 10 42853
204560 4 14 42938
204630 4 9 42132
204632 4 10 42133
204634 4 19 42184
204642 4 14 42290
204644 4 9 42312
204646 4 9 42612
204648 4 10 42613
204650 4 14 42614
204652 4 15 42615
204654 4 14 42854
204668 4 22 42678
204670 4 23 42679
204672 4 1 42680
204674 4 2 42681
204712 4 23 42127
204720 4 9 42396
204750 4 3 42178
204758 4 10 42397
204788 4 9 42576
204790 4 14 42626
204794 4 2 42813
204798 4 23 42835
204800 4 22 42066
204808 4 19 42460
204810 4 21 42461
204812 4 2 42549
204846 4 23 42583
204850 4 21 42629
204854 4 22 42822
204858 4 1 42836
204862 4 15 42147
204872 4 3 42514
204876 4 22 42558
204882 4 3 42862
204884 4 2 42897
204886 4 9 42900
204920 4 19 42148
204930 4 15 42519
204936 4 5 42563
204938 4 9 42648
204940 4 9 42864
204942 4 10 42901
204944 4 15 42903
204976 4 14 42134
204978 4 15 42135
204980 4 19 42136
204984 4 5 42383
204996 4 2 42885
204998 4 2 42933
205000 4 3 42934
205004 4 5 42299
205006 4 9 42300
205008 4 10 42301
205010 4 14 42302
205012 4 14 42374
205014 4 22 42750
205018 4 1 42788
205020 4 2 42789
205022 4 3 42790
205024 4 5 42791
205056 4 1 42800
205058 4 2 42801
205064 4 1 42812
205116 4 23 42823
205156 4 9 42456
205168 4 23 42895
205170 4 15 42039
205172 4 9 42108
205174 4 21 42329
205176 4 22 42330
205178 4 23 42331
205180 4 1 42332
205182 4 15 42411
205184 4 19 42412
205186 4 21 42413
205188 4 22 42414
205190 4 23 42415
205192 4 1 42416
205194 4 2 42417
205196 4 3 42418
205198 4 22 42426
205200 4 23 42427
205202 4 1 42428
205204 4 2 42429
205206 4 9 42480
205208 4 2 42513
205210 4 2 42585
205212 4 15 42771
205214 4 19 42772
205216 4 21 42773
205218 4 22 42774
205220 4 15 42939
205266 4 19 42004
205274 4 2 42573
205282 4 19 42760
205284 4 22 42006
205286 4 15 42435
205288 4 21 42437
205292 4 15 42579
205296 4 14 42722
205302 4 22 53378
205304 4 23 53715
205306 4 2 53717
205308 4 15 53903
205310 4 21 53929
205312 4 23 53931
205314 4 15 53939
205316 4 21 53941
205318 4 22 54050
205320 4 3 54078
205322 4 9 54080
205324 4 3 54258
205376 4 22 53546
205378 4 1 53548
205380 4 3 53550
205382 4 22 53762
205384 4 3 53922
205386 4 1 53992
205388 4 2 53993
205390 4 19 54000
205392 4 23 54003
205394 4 21 54061
205396 4 9 54068
205398 4 1 53740
205400 4 1 53752
205402 4 19 53820
205404 4 14 53962
205406 4 14 54070
205408 4 15 54071
205410 4 19 54072
205412 4 15 54107
205414 4 19 54108
205416 4 21 54109
205418 4 2 54113
205420 4 9 53504
205422 4 15 53795
205424 4 22 53810
205426 4 23 53811
205428 4 15 53963
205430 4 22 53966
205432 4 15 53987
205434 4 2 54209
205436 4 3 54210
205438 4 3 53262
205440 4 9 53492
205442 4 19 53496
205444 4 10 53529
205446 4 21 53533
205448 4 2 53753
205450 4 23 53787
205452 4 1 53788
205454 4 22 54074
205456 4 1 54076
205458 4 2 54077
205460 4 15 54119
205462 4 21 54121
205464 4 22 54122
205466 4 21 54217
205528 4 5 53335
205532 4 15 53555
205534 4 23 53655
205536 4 19 53700
205540 4 10 54177
205542 4 14 54178
205544 4 15 54179
205548 4 1 53416
205550 4 5 53419
205556 4 22 53954
205572 4 14 53290
205574 4 2 53405
205576 4 3 53538
205578 4 9 53540
205580 4 10 53577
205582 4 22 53642
205584 4 15 53663
205586 4 3 53706
205588 4 2 53789
205590 4 2 53921
205592 4 2 53945
205594 4 21 54049
205596 4 23 54051
205598 4 3 54054
205600 4 14 54094
205602 4 14 54142
205660 4 5 53359
205662 4 10 53361
205664 4 15 53363
205666 4 23 53367
205668 4 10 53433
205670 4 22 53654
205672 4 19 53736
205674 4 21 53737
205676 4 22 53834
205678 4 21 53857
205728 4 1 53728
205730 4 9 53732
205732 4 14 53938
205734 4 2 54173
205736 4 3 54174
205738 4 9 54176
205740 4 21 53329
205742 4 1 53332
205744 4 2 53345
205746 4 21 53389
205748 4 14 53554
205750 4 19 53760
205752 4 21 53761
205754 4 1 53860
205756 4 5 53863
205758 4 1 54004
205804 4 1 53428
205806 4 15 53507
205816 4 3 53994
205820 4 21 54001
205842 4 23 53355
205846 4 15 53543
205852 4 22 53714
205854 4 9 53744
205856 4 5 53791
205858 4 19 53808
205862 4 19 54048
205868 4 3 54126
205924 4 22 53258
205926 4 3 53478
205930 4 14 53530
205932 4 3 53562
205934 4 5 53563
205936 4 19 53640
205938 4 21 53665
205940 4 1 53836
205942 4 9 53864
205944 4 15 53879
205950 4 5 54127
205952 4 10 54129
205954 4 15 54131
205956 4 1 54136
206020 4 21 53521
206022 4 22 53522
206024 4 9 53612
206030 4 14 53746
206032 4 23 53883
206034 4 19 53988
206036 4 21 53989
206088 4 19 53580
206094 4 10 53745
206100 4 19 54120
206104 4 2 53453
206106 4 5 53455
206108 4 21 53773
206110 4 22 53774
206112 4 1 53776
206114 4 1 54088
206116 4 2 54089
206118 4 5 54091
206154 4 5 53719
206156 4 14 53722
206158 4 23 53763
206162 4 1 54052
206164 4 1 54112
206166 4 21 54253
206168 4 22 54254
206170 4 23 54255
206172 4 2 53957
206174 4 3 53958
206176 4 9 53960
206178 4 23 54159
206180 4 1 54160
206182 4 3 54162
206184 4 15 53399
206186 4 22 53402
206188 4 19 53904
206190 4 21 53905
206192 4 23 53907
206194 4 23 53991
206196 4 9 54032
206198 4 10 54033
206200 4 15 54035
206202 4 9 54260
206204 4 3 53310
206206 4 3 53358
206208 4 23 53643
206210 4 22 53726
206212 4 15 53843
206214 4 1 53908
206216 4 2 53909
206218 4 1 53944
206220 4 14 54082
206264 4 22 53498
206268 4 19 53796
206272 4 9 54020
206274 4 14 54022
206276 4 15 54023
206280 4 9 53336
206284 4 10 53505
206288 4 23 53571
206292 4 3 53790
206298 4 23 53967
206302 4 10 54093
206374 4 14 53254
206376 4 19 53280
206378 4 22 53510
206380 4 3 53754
206382 4 21 53809
206384 4 10 54165
206386 4 3 54186
206388 4 10 54189
206390 4 19 54228
206392 4 21 54229
206400 4 14 53710
206402 4 19 53712
206406 4 2 53801
206414 4 5 54235
206418 4 10 53289
206422 4 2 53513
206424 4 1 53596
206426 4 3 53598
206428 4 21 53689
206430 4 5 53695
206432 4 9 53804
206434 4 15 53807
206438 4 21 53869
206440 4 23 53943
206442 4 2 54041
206444 4 5 54115
206446 4 10 54117
206448 4 2 54125
206542 4 15 53591
206548 4 21 53797
206550 4 10 53829
206552 4 15 53831
206554 4 10 53841
206556 4 10 53913
206558 4 21 53917
206608 4 5 53479
206610 4 14 53578
206612 4 5 53587
206614 4 3 53694
206620 4 23 53799
206622 4 1 53800
206624 4 10 53877
206674 4 15 53327
206676 4 22 53474
206678 4 23 53475
206682 4 14 53566
206684 4 23 53859
206686 4 9 53876
206688 4 3 53946
206690 4 9 53948
206692 4 10 53949
206696 4 9 54128
206802 4 5 53323
206804 4 22 53534
206808 4 2 53729
206810 4 10 53733
206814 4 10 54057
206816 4 19 54060
206822 4 9 54236
206824 4 10 54237
206826 4 1 54268
206828 4 2 54269
206900 4 10 53793
206902 4 14 53794
206904 4 15 54263
206906 4 19 54264
206908 4 22 54266
206912 4 10 53805
206918 4 14 53830
206920 4 22 54062
206924 4 9 54116
206942 4 22 53318
206944 4 3 53334
206946 4 2 53825
206948 4 9 53828
206950 4 3 53898
206952 4 15 54083
206954 4 19 54084
206956 4 22 54086
206960 4 19 53256
206964 4 22 53594
206970 4 3 53802
206976 4 14 54118
206978 4 19 54132
206980 4 21 54133
206982 4 22 54218
207054 4 15 53627
207056 4 19 53628
207058 4 23 53979
207060 4 2 53981
207062 4 3 53982
207096 4 5 53551
207102 4 10 54069
207150 4 19 53364
207152 4 22 53582
207154 4 15 53723
207156 4 1 53812
207160 4 5 54175
207172 4 19 53748
207174 4 23 53751
207176 4 9 53912
207184 4 14 54226
207188 4 3 53370
207190 4 15 53567
207192 4 22 53570
207194 4 21 53833
207196 4 15 54095
207198 4 21 54097
207200 4 22 54098
207202 4 14 53302
207204 4 2 53813
207206 4 3 53814
207208 4 9 53816
207212 4 21 54265
207228 4 1 53536
207232 4 9 53840
207240 4 5 54055
207242 4 14 53314
207244 4 10 53349
207246 4 10 53865
207248 4 15 53867
207250 4 19 53868
207256 4 10 54105
207258 4 19 53604
207260 4 2 53609
207262 4 5 53647
207264 4 1 53824
207268 4 9 54140
207270 4 10 54141
207272 4 23 54219
207274 4 1 54220
207276 4 15 54227
207278 4 14 53410
207280 4 14 53614
207282 4 3 53934
207284 4 5 53935
207286 4 10 53937
207288 4 9 54092
207290 4 10 54249
207292 4 14 54250
207294 4 19 54252
207296 4 21 53377
207298 4 10 53853
207300 4 19 53856
207302 4 5 53899
207304 4 9 53900
207308 4 3 53970
207310 4 5 53983
207312 4 10 53985
207314 4 23 54099
207316 4 14 54106
207318 4 9 54200
207374 4 1 53320
207376 4 5 53755
207378 4 9 53756
207380 4 23 53919
207382 4 1 54064
207384 4 2 54065
207386 4 3 54066
207392 4 21 54085
207410 4 9 53264
207412 4 23 53619
207414 4 5 53635
207416 4 9 53636
207418 4 21 53953
207420 4 9 54044
207422 4 15 54047
207424 4 1 54100
207426 4 3 54102
207428 4 3 54138
207446 4 15 53855
207450 4 10 53901
207454 4 19 53940
207462 4 9 53312
207466 4 3 53646
207474 4 2 54161
207478 4 10 53613
207484 4 9 53924
207486 4 2 54005
207488 4 3 54006
207490 4 14 54010
207492 4 15 54011
207494 4 21 54013
207496 4 23 54087
207550 4 14 53602
207558 4 22 54134
207560 4 1 53428
207562 4 2 53429
207568 4 21 53977
207574 4 22 54002
207576 4 19 54024
207578 4 22 54026
207580 4 23 54027
207654 4 22 54014
207656 4 23 54015
207658 4 2 54017
207660 4 10 54213
207662 4 19 54216
207700 4 23 53595
207706 4 1 53896
207712 4 10 54081
207714 4 22 53282
207716 4 1 53284
207722 4 3 54018
207758 4 5 54019
207764 4 5 54103
207800 4 1 53488
207802 4 5 53539
207808 4 14 53698
207810 4 5 53803
207814 4 9 54104
207816 4 21 54145
207818 4 22 54146
207820 4 1 54148
207822 4 3 54150
207824 4 5 54151
207826 4 10 54153
207844 4 1 54028
207846 4 2 54029
207848 4 3 54030
207874 4 2 53273
207876 4 5 53275
207880 4 21 54025
207886 4 14 54034
207894 4 19 54036
207912 4 2 53921
207916 4 21 54049
207926 4 14 53662
207928 4 9 53972
207930 4 14 53974
207932 4 15 53975
207934 4 22 54158
207936 4 15 54191
207938 4 21 54193
207940 4 22 54194
207942 4 23 53379
207944 4 14 53782
207946 4 3 53838
207948 4 19 53844
207950 4 21 53845
207952 4 23 53847
207954 4 23 53895
207958 4 5 54187
208000 4 1 53380
208002 4 22 53678
208004 4 1 53680
208010 4 2 53849
208016 4 9 54188
208018 4 23 54195
208086 4 2 53741
208088 4 1 53764
208090 4 2 53765
208094 4 9 53852
208096 4 23 54039
208102 4 22 54110
208104 4 23 54123
208170 4 15 53435
208172 4 9 53516
208174 4 19 53520
208176 4 19 53556
208178 4 23 53559
208186 4 1 53920
208188 4 19 53928
208190 4 2 53933
208194 4 10 53997
208256 4 10 53385
208258 4 1 53632
208264 4 23 53871
208270 4 5 54163
208272 4 23 53415
208276 4 15 53783
208290 4 5 54271
208330 4 9 53432
208338 4 15 53711
208346 4 21 54205
208348 4 22 54206
208350 4 23 54207
208352 4 22 54230
208416 4 9 53420
208418 4 3 53586
208422 4 10 53589
208426 4 1 53692
208430 4 14 53950
208432 4 1 54040
208436 4 5 54043
208494 4 9 53876
208498 4 14 53482
208506 4 2 54209
208522 4 22 53966
208532 4 15 53483
208536 4 5 53611
208538 4 2 53693
208540 4 19 53880
208616 4 2 53561
208618 4 15 53735
208620 4 22 53858
208624 4 10 53973
208628 4 1 53440
208630 4 9 53444
208632 4 10 53457
208634 4 14 53878
208636 4 21 53881
208644 4 5 53671
208650 4 1 53464
208652 4 5 53467
208654 4 3 53682
208656 4 9 53888
208658 4 10 53889
208660 4 15 53891
208674 4 2 53441
208678 4 19 53664
208690 4 2 54221
208692 4 9 54224
208694 4 2 53381
208696 4 9 53384
208700 4 21 53605
208702 4 2 53837
208706 4 23 54147
208708 4 2 54149
208712 4 19 54192
208718 4 19 53472
208722 4 5 53683
208728 4 15 54059
208730 4 5 54223
208734 4 15 54239
208736 4 19 54240
208742 4 22 53666
208744 4 1 53668
208746 4 14 53890
208752 4 10 54225
208754 4 14 53350
208758 4 1 53404
208760 4 1 53608
208762 4 3 53610
208764 4 2 53621
208768 4 22 53774
208772 4 23 53835
208776 4 9 54164
208778 4 10 54261
208780 4 14 54262
208846 4 21 53449
208848 4 23 53463
208852 4 2 53681
208854 4 22 53894
208858 4 1 54208
208864 4 22 53462
208868 4 1 53884
208870 4 2 53885
208874 4 19 53436
208876 4 22 53438
208878 4 9 53672
208880 4 3 53886
208882 4 5 53887
208884 4 23 54231
208886 4 1 54232
208888 4 3 54234
208890 4 2 53249
208892 4 14 53458
208896 4 10 53469
208898 4 14 53470
208900 4 21 53677
208902 4 19 53688
208904 4 3 53778
208906 4 10 53781
208908 4 21 53893
208914 4 15 54143
208918 4 14 54238
208926 4 15 54251
209002 4 19 53460
209004 4 9 53468
209006 4 19 53892
209048 4 19 53448
209052 4 10 53673
209058 4 14 53926
209060 4 15 53927
209062 4 21 54241
209064 4 23 54243
209066 4 1 54244
209070 4 1 53452
209076 4 1 53848
209078 4 3 53850
209084 4 2 54245
209086 4 3 54246
209088 4 5 54247
209156 4 9 53492
209158 4 15 53495
209160 4 5 53515
209162 4 21 53701
209164 4 23 53703
209168 4 21 53749
209170 4 2 53897
209178 4 19 54180
209180 4 14 54226
209184 4 2 54233
209188 4 2 54257
209260 4 21 53581
209262 4 22 53582
209264 4 1 53584
209268 4 9 53708
209272 4 1 53956
209276 4 3 54042
209330 4 10 53505
209334 4 3 53790
209342 4 1 54112
209344 4 19 53484
209346 4 9 53792
209354 4 19 53964
209362 4 9 54212
209384 4 10 53817
209392 4 19 54144
209436 4 10 53925
209476 4 19 53424
209480 4 21 53929
209482 4 22 53930
209486 4 10 53961
209488 4 10 54009
209492 4 3 54258
209532 4 10 53517
209572 4 15 53903
209576 4 23 53931
209580 4 21 53941
209582 4 22 54050
209586 4 15 53591
209596 4 21 53917
209598 4 21 53641
209600 4 2 54005
209604 4 5 54007
209610 4 23 54063
209614 4 14 53734
209616 4 21 53953
209620 4 10 54045
209626 4 2 54101
209634 4 14 54214
209638 4 2 54017
209648 4 5 54103
209656 4 2 53345
209658 4 14 53554
209660 4 1 53860
209662 4 5 53863
209664 4 1 54004
209670 4 2 53825
209690 4 5 54091
209704 4 5 53323
209706 4 19 53544
209712 4 22 53990
209716 4 10 54237
209722 4 5 53407
209726 4 19 53412
209730 4 14 53914
209732 4 15 53915
209734 4 19 53916
209742 4 21 54253
209746 4 1 54256
209760 4 1 54052
209768 4 5 53371
209770 4 15 53759
209774 4 5 53911
209776 4 2 53969
209782 4 15 54215
209784 4 22 53294
209786 4 9 53768
209788 4 22 54038
209792 4 15 53303
209794 4 19 53340
209796 4 15 53615
209798 4 10 53661
209800 4 2 53705
209802 4 21 53725
209806 4 15 53951
209808 4 5 53971
209810 4 21 54037
209848 4 21 53269
209854 4 21 53653
209856 4 1 53656
209858 4 3 53658
209860 4 14 53998
209862 4 15 53999
209902 4 1 53500
209904 4 3 53502
209906 4 3 53622
209910 4 14 53818
209912 4 5 53923
209914 4 23 53955
209916 4 9 54056
209960 4 23 53307
209966 4 14 53986
209968 4 14 54154
209970 4 19 54156
209972 4 1 54196
209974 4 3 54198
209976 4 5 54199
209982 4 1 53560
209984 4 15 53579
209988 4 23 53763
209994 4 23 54255
210042 4 10 53853
210048 4 9 53900
210124 4 2 53525
210128 4 1 53968
210134 4 9 53828
210136 4 1 54028
210148 4 1 54124
210192 4 9 53540
210194 4 23 53571
210208 4 2 53573
210210 4 5 53575
210212 4 23 53643
210214 4 2 53645
210216 4 2 53957
210218 4 3 53958
210220 4 23 54111
210224 4 15 54155
210230 4 3 54162
210286 4 22 53618
210290 4 10 53769
210302 4 14 54202
210352 4 9 53600
210354 4 10 53697
210360 4 9 54152
210362 4 10 54165
210364 4 14 54166
210366 4 19 54168
210370 4 23 54267
210374 4 10 53589
210436 4 2 54125
210472 4 22 53642
210474 4 2 53777
210476 4 2 53789
210478 4 2 54173
210480 4 3 54174
210482 4 5 54175
210526 4 15 53639
210578 4 5 53959
210588 4 21 54157
210592 4 2 54197
210636 4 15 54119
210668 4 5 53839
210768 4 3 53574
210790 4 10 53601
210794 4 21 54145
210804 4 10 54153
210828 4 21 53917
210830 4 9 54020
210832 4 15 54023
210866 4 19 53592
210870 4 10 53805
210874 4 14 53830
210878 4 22 54062
210882 4 9 54116
210888 4 10 53613
210898 4 23 54087
210906 4 23 53835
210926 4 14 53614
210930 4 5 53935
210952 4 19 53820
210960 4 3 53310
210964 4 22 53726
210968 4 1 53944
210974 4 1 54064
210978 4 3 54066
210982 4 21 54085
211010 4 15 53699
211050 4 5 53359
211054 4 15 53567
211056 4 21 53833
211058 4 21 53857
211060 4 19 53976
211062 4 15 54095
211110 4 21 53389
211116 4 21 54169
211118 4 22 54170
211120 4 23 54171
211144 4 3 53754
211158 4 21 54229
211168 4 14 53722
211194 4 1 53380
211202 4 23 53499
211204 4 19 53736
211206 4 21 53737
211208 4 22 53978
211210 4 3 54078
211212 4 10 54081
211214 4 15 54203
211256 4 22 53546
211262 4 3 53922
211264 4 19 53952
211266 4 2 54137
211312 4 19 53796
211326 4 1 53764
211328 4 22 53870
211330 4 9 53996
211386 4 22 53678
211390 4 21 53845
211398 4 2 53717
211466 4 10 54177
211528 4 10 53385
211538 4 22 54206
211546 4 22 53594
211554 4 21 54133
211572 4 3 53970
211582 4 14 53662
211592 4 1 54148
211600 4 19 53604
211602 4 23 53607
211604 4 9 53648
211606 4 14 53650
211610 4 15 53975
211612 4 21 54181
211614 4 22 54182
211616 4 23 54183
211618 4 1 54184
211620 4 14 54190
211628 4 23 54219
211630 4 15 54227
211714 4 3 53670
211716 4 5 53851
211720 4 2 54185
211726 4 2 54221
211728 4 3 54222
211772 4 15 53687
211788 4 14 53254
211790 4 19 53256
211804 4 3 53262
211806 4 10 53529
211808 4 21 53533
211812 4 21 54121
211814 4 22 54122
211816 4 21 54217
211820 4 10 53289
211840 4 3 54126
211842 4 9 53444
211846 4 5 53647
211848 4 19 53664
211856 4 1 54220
211864 4 23 53787
211868 4 1 54076
211886 4 10 53781
211918 4 5 53515
211922 4 23 53703
211928 4 3 54234
211948 4 23 53943
211950 4 9 54104
211958 4 14 53674
211960 4 21 54241
211962 4 22 54242
211964 4 1 54244
211996 4 21 53449
211998 4 1 53452
212002 4 3 54246
212010 4 3 53934
212032 4 14 54250
212036 4 10 53469
212074 4 23 54039
212076 4 5 54139
212084 4 2 54113
212122 4 10 53577
212124 4 15 53663
212132 4 14 54142
212136 4 23 53859
212138 4 5 54127
212140 4 9 54128
212142 4 10 54129
212148 4 2 54173
212166 4 9 53864
212244 4 21 53329
212246 4 1 53332
212282 4 10 53769
212302 4 22 53582
212306 4 15 53723
212308 4 1 53956
212382 4 1 53728
212384 4 2 53729
212386 4 10 53733
212390 4 19 54060
212396 4 1 54268
212420 4 2 53789
212424 4 3 53694
212430 4 15 53831
212434 4 22 54062
212436 4 3 54114
212486 4 23 53907
212494 4 15 54035
212498 4 1 53836
212504 4 1 54136
212512 4 2 53933
212514 4 23 53967
212520 4 14 53938
212528 4 2 53621
212560 4 10 54165
212570 4 22 53486
212574 4 5 54211
212576 4 9 54212
212610 4 3 53370
212612 4 10 53865
212614 4 19 53868
212618 4 22 54098
212668 4 14 54070
212670 4 15 54071
212674 4 21 54109
212722 4 19 54000
212724 4 9 54068
212762 4 1 53992
212764 4 21 54061
212766 4 10 54201
212822 4 23 54255
212824 4 1 54256
212836 4 5 53335
212840 4 22 53954
212844 4 1 53428
212852 4 3 53994
212892 4 9 53420
212900 4 14 53950
212972 4 10 53793
212990 4 21 53665
212994 4 15 54011
213014 4 5 54103
213036 4 3 53610
213038 4 1 53824
213040 4 2 53837
213100 4 15 53399
213102 4 23 53631
213106 4 5 54259
213108 4 9 54260
213164 4 22 53294
213172 4 22 53654
213200 4 23 54027
213226 4 22 53318
213234 4 23 53919
213238 4 19 54084
213280 4 5 53899
213316 4 23 53895
213364 4 23 53811
213366 4 15 53963
213368 4 15 53987
213372 4 14 54022
213414 4 22 53474
213420 4 9 53876
213422 4 15 53879
213490 4 2 53249
213494 4 21 53677
213496 4 15 53891
213498 4 19 53892
213538 4 9 53444
213540 4 22 53666
213544 4 22 53882
213546 4 1 53884
213584 4 10 53661
213586 4 1 53872
213588 4 5 53875
213590 4 3 53946
213592 4 9 53948
213598 4 19 54204
213642 4 1 54196
213650 4 21 53857
213658 4 10 54045
213662 4 2 54101
213666 4 14 54214
213672 4 5 53911
213724 4 19 53700
213726 4 5 53791
213792 4 1 53500
213796 4 23 53955
213818 4 1 53896
213848 4 1 53608
213852 4 22 53774
213856 4 5 54091
213932 4 19 53988
213996 4 14 53914
214092 4 15 53867
214100 4 10 54105
214146 4 9 53636
214152 4 3 54138
214192 4 23 53979
214194 4 2 53981
214196 4 3 54270
214340 4 19 53964
214344 4 9 54212
214434 4 21 53653
214460 4 21 53869
214472 4 21 54229
214530 4 23 53991
214580 4 10 53985
214584 4 5 54199
214626 4 15 54155
214636 4 9 53744
214638 4 1 53956
214668 4 15 53591
214672 4 9 53840
214674 4 21 53917
214678 4 5 54055
214682 4 19 54132
214730 4 23 53883
214740 4 22 54050
214788 4 23 54219
214836 4 1 54148
215080 4 14 53710
215082 4 2 53801
215084 4 21 53809
215134 4 9 53492
215138 4 2 53897
215140 4 23 54231
215168 4 23 53643
215238 4 19 53748
215292 4 10 53385
215296 4 23 53871
215300 4 5 54163
215342 4 1 53788
215420 4 10 53877
215518 4 19 53640
215522 4 21 54217
215610 4 10 53889
215816 4 19 53892
215818 4 21 53893
215862 4 22 53894
215914 4 5 53887
215916 4 14 53926
215922 4 21 54241
216010 4 10 53853
216074 4 14 54190
216094 4 21 54037
216132 4 9 53516
216136 4 19 53928
216328 4 19 53556
216660 4 1 57344
216662 4 5 57371
216664 4 22 57402
216666 4 14 57410
216668 4 1 57464
216670 4 14 57350
216672 4 15 57363
216674 4 19 57364
216676 4 21 57365
216678 4 22 57366
216680 4 1 57368
216682 4 1 57428
216684 4 5 57587
216686 4 23 55391
216688 4 9 55600
216690 4 10 55601
216692 4 14 55602
216694 4 15 55603
216696 4 9 55720
216698 4 10 55721
216700 4 14 55722
216702 4 15 55723
216704 4 19 55820
216706 4 21 56001
216710 4 1 55296
216712 4 2 55297
216714 4 3 55322
216716 4 5 55323
216718 4 9 55324
216720 4 10 55325
216722 4 5 55455
216724 4 19 55460
216726 4 5 55611
216728 4 9 55612
216730 4 10 55613
216732 4 14 55614
216734 4 22 55630
216736 4 14 55782
216738 4 2 55789
216740 4 22 56014
216742 4 23 56015
216744 4 1 56016
216746 4 2 56017
216748 4 5 56151
216750 4 2 56257
216752 4 22 56278
216760 4 22 55510
216772 4 15 55303
216774 4 22 55306
216776 4 23 55343
216778 4 1 55344
216780 4 14 55446
216782 4 19 55448
216784 4 14 55458
216786 4 23 55763
216788 4 2 55765
216790 4 3 55766
216792 4 15 55807
216794 4 21 55821
216796 4 23 55955
216798 4 1 55956
216800 4 2 55957
216802 4 3 55958
216804 4 1 56052
216806 4 10 56069
216808 4 3 56090
216810 4 5 55335
216812 4 14 55338
216814 4 10 55349
216816 4 14 55350
216818 4 1 55512
216820 4 2 55513
216822 4 3 55514
216824 4 5 55515
216826 4 19 55772
216828 4 5 55899
216830 4 9 55900
216832 4 10 55901
216834 4 14 55902
216836 4 10 56129
216838 4 9 55396
216840 4 10 55397
216842 4 14 55398
216844 4 15 55399
216846 4 5 55383
216848 4 9 55384
216850 4 14 55386
216852 4 23 55487
216854 4 19 55712
216856 4 21 55713
216858 4 22 55714
216860 4 23 55715
216862 4 15 55771
216864 4 1 55872
216870 4 21 55461
216872 4 14 55482
216876 4 10 55637
216878 4 14 55638
216880 4 15 55639
216882 4 19 55640
216884 4 14 55650
216886 4 22 56002
216888 4 23 56003
216890 4 1 56004
216892 4 2 56005
216894 4 10 56081
216896 4 3 56138
216898 4 5 56139
216900 4 14 56142
216910 4 22 55426
216912 4 23 55427
216914 4 2 55429
216916 4 3 55430
216918 4 5 55431
216920 4 2 55525
216922 4 19 55628
216924 4 5 55671
216926 4 21 55677
216928 4 23 55871
216930 4 22 56086
216932 4 23 56087
216934 4 1 56088
216936 4 2 56089
216938 4 5 56091
216940 4 9 56116
216942 4 21 56277
216960 4 19 55424
216966 4 1 55428
216980 4 9 55684
216982 4 3 55706
216986 4 3 55970
216988 4 5 55971
216990 4 9 55972
216992 4 10 55973
216994 4 22 55978
216996 4 2 56137
217012 4 5 55359
217014 4 5 55467
217016 4 14 55470
217018 4 23 55547
217020 4 1 55548
217022 4 2 55549
217024 4 3 55550
217026 4 9 55588
217028 4 10 55589
217030 4 2 55909
217032 4 3 55910
217034 4 5 55911
217036 4 9 55912
217038 4 2 55969
217040 4 19 56168
217042 4 21 56169
217044 4 22 56170
217046 4 23 56171
217048 4 19 56216
217050 4 21 56217
217060 4 22 55450
217062 4 1 55452
217064 4 2 55453
217066 4 2 55561
217068 4 22 55594
217070 4 14 55578
217072 4 15 55579
217074 4 19 55580
217076 4 21 55581
217078 4 21 55497
217080 4 22 55498
217082 4 23 55499
217084 4 1 55500
217086 4 23 55595
217088 4 1 55308
217090 4 3 55574
217092 4 5 55575
217094 4 9 55576
217096 4 10 55577
217098 4 9 55648
217100 4 22 55882
217102 4 9 56296
217104 4 10 56297
217106 4 14 56298
217108 4 15 56299
217112 4 3 55298
217114 4 5 55299
217116 4 9 55300
217118 4 10 55301
217120 4 1 55488
217124 4 23 55451
217132 4 23 55667
217136 4 1 55764
217142 4 19 55796
217144 4 21 55797
217146 4 22 55798
217148 4 23 55799
217150 4 3 55802
217152 4 22 55834
217154 4 23 56051
217156 4 14 56190
217158 4 23 56231
217162 4 2 55405
217164 4 3 55406
217166 4 5 55407
217168 4 9 55408
217170 4 23 55691
217176 4 15 55447
217178 4 15 55459
217180 4 22 55570
217182 4 5 55587
217184 4 2 55633
217186 4 3 55634
217188 4 5 55635
217190 4 9 55636
217192 4 3 55646
217196 4 10 55997
217198 4 14 55998
217200 4 15 55999
217202 4 19 56000
217204 4 23 56135
217206 4 1 56136
217208 4 10 56141
217210 4 3 56222
217240 4 15 55339
217242 4 9 55672
217244 4 10 55673
217246 4 14 55674
217248 4 15 55675
217250 4 10 55757
217252 4 14 55758
217254 4 15 55759
217256 4 19 55760
217258 4 21 55761
217260 4 22 55822
217262 4 23 55823
217264 4 1 55824
217266 4 5 56127
217286 4 21 55425
217288 4 22 55522
217300 4 14 55974
217302 4 15 55975
217304 4 19 55976
217306 4 21 55977
217308 4 19 56108
217310 4 21 56109
217312 4 15 56215
217316 4 19 55340
217318 4 21 55521
217320 4 1 55572
217322 4 22 55642
217324 4 23 55643
217326 4 1 55644
217328 4 2 55645
217330 4 3 56042
217332 4 5 56043
217334 4 9 56044
217336 4 10 56045
217338 4 14 56106
217340 4 21 56145
217350 4 21 55401
217352 4 23 55403
217354 4 3 55610
217356 4 22 55738
217358 4 23 55739
217360 4 1 55740
217362 4 2 55741
217364 4 3 55946
217366 4 5 55947
217368 4 23 56027
217370 4 1 56028
217372 4 2 56029
217374 4 3 56030
217376 4 9 56032
217392 4 9 55468
217394 4 10 55469
217398 4 2 55345
217408 4 5 55683
217420 4 14 55326
217422 4 21 55329
217424 4 21 55341
217426 4 3 55346
217428 4 1 55404
217432 4 10 55541
217434 4 14 55542
217436 4 21 55629
217438 4 10 55877
217440 4 14 55878
217442 4 15 55879
217444 4 19 55880
217446 4 21 55881
217448 4 5 56019
217450 4 9 56020
217452 4 10 56021
217454 4 14 56022
217456 4 3 56150
217458 4 3 56162
217460 4 1 56256
217478 4 14 55566
217480 4 15 55567
217482 4 19 55568
217484 4 21 55569
217486 4 3 55886
217488 4 5 55887
217490 4 9 55888
217492 4 10 55889
217502 4 3 55478
217504 4 10 55481
217506 4 21 55485
217508 4 22 55486
217510 4 1 55380
217512 4 5 55311
217514 4 9 55312
217516 4 10 55313
217518 4 14 55314
217530 4 9 55444
217532 4 23 55355
217534 4 21 55605
217536 4 22 55606
217538 4 23 55607
217540 4 1 55608
217542 4 2 55777
217544 4 22 55462
217546 4 9 55492
217548 4 2 55501
217550 4 5 55803
217552 4 9 55804
217554 4 10 55805
217556 4 14 55806
217558 4 10 55817
217560 4 15 55819
217564 4 15 55387
217566 4 19 55388
217568 4 21 55389
217570 4 22 55390
217572 4 23 55523
217576 4 9 55420
217578 4 10 55421
217580 4 14 55422
217582 4 15 55423
217584 4 23 55619
217586 4 1 55620
217588 4 2 55621
217590 4 3 55622
217592 4 1 55656
217594 4 15 55747
217596 4 19 55748
217598 4 21 55749
217600 4 22 55750
217602 4 21 55845
217604 4 10 55961
217606 4 14 55962
217618 4 3 55382
217628 4 22 55534
217630 4 3 55658
217632 4 5 55659
217634 4 9 55660
217636 4 10 55661
217638 4 2 55669
217640 4 9 55792
217642 4 10 55793
217644 4 14 55794
217646 4 15 55795
217648 4 22 55918
217650 4 10 55985
217652 4 9 56008
217654 4 10 56009
217668 4 5 55623
217670 4 9 55624
217672 4 10 55625
217674 4 14 55626
217676 4 15 55963
217678 4 19 55964
217680 4 21 55965
217682 4 22 55966
217698 4 5 55515
217706 4 23 55631
217708 4 1 55980
217710 4 2 55981
217712 4 3 55982
217714 4 5 55983
217730 4 1 55632
217752 4 14 55662
217754 4 15 55663
217756 4 19 55664
217758 4 21 55665
217760 4 14 56010
217762 4 15 56011
217764 4 19 56012
217766 4 21 56013
217798 4 3 55670
217800 4 14 55302
217802 4 1 55392
217804 4 2 55393
217806 4 3 55394
217808 4 2 55609
217810 4 2 55825
217812 4 3 55826
217814 4 5 55827
217816 4 9 55828
217818 4 23 55967
217820 4 15 55315
217822 4 2 55321
217824 4 19 55364
217826 4 21 55365
217828 4 22 55366
217830 4 23 55367
217832 4 2 55369
217834 4 10 55553
217836 4 19 55556
217838 4 21 55557
217840 4 22 55558
217842 4 23 55559
217844 4 19 55724
217846 4 9 55744
217848 4 14 55866
217850 4 15 55867
217852 4 19 55868
217854 4 21 55869
217856 4 9 55924
217858 4 21 56193
217870 4 9 55360
217872 4 14 55362
217874 4 15 55363
217880 4 1 55368
217884 4 3 55370
217896 4 2 55693
217898 4 3 55694
217900 4 5 55695
217902 4 9 55696
217904 4 22 55726
217908 4 1 55908
217910 4 14 55926
217912 4 15 55927
217914 4 19 55928
217916 4 21 55929
217918 4 22 55954
217920 4 22 56134
217922 4 15 56203
217936 4 23 55307
217938 4 1 55440
217940 4 2 55441
217942 4 3 55502
217944 4 5 55503
217946 4 2 55753
217948 4 3 55754
217950 4 5 55755
217952 4 9 55756
217954 4 2 55801
217956 4 10 55949
217970 4 14 55410
217972 4 19 55412
217974 4 23 55571
217976 4 22 55582
217978 4 15 55591
217980 4 19 55604
217982 4 14 56130
217984 4 15 56131
217986 4 19 56132
217988 4 21 56133
217990 4 22 56194
217992 4 22 56206
218014 4 15 55327
218016 4 19 55328
218020 4 22 55342
218024 4 10 55361
218042 4 23 55835
218044 4 14 55914
218046 4 15 55915
218048 4 19 55916
218050 4 21 55917
218052 4 10 55925
218064 4 9 56164
218066 4 10 56165
218080 4 22 55474
218082 4 23 55475
218084 4 1 55476
218086 4 2 55477
218094 4 5 55647
218096 4 5 55707
218098 4 22 56038
218100 4 23 56039
218102 4 1 56040
218104 4 2 56041
218106 4 5 56163
218108 4 2 56245
218128 4 9 55504
218138 4 1 55428
218142 4 1 55524
218152 4 22 55978
218154 4 5 56115
218174 4 15 55483
218176 4 19 55484
218178 4 15 55351
218180 4 21 55353
218182 4 23 55535
218184 4 1 55536
218186 4 3 55538
218188 4 2 55537
218192 4 19 55352
218196 4 22 55354
218200 4 23 55319
218202 4 9 55348
218206 4 22 55318
218216 4 10 55517
218218 4 15 55519
218220 4 19 55520
218224 4 15 55627
218226 4 2 55657
218228 4 10 55685
218230 4 5 55767
218232 4 14 55770
218234 4 14 55818
218236 4 21 55833
218238 4 23 55943
218240 4 14 56034
218242 4 15 56035
218244 4 19 56036
218246 4 21 56037
218248 4 2 56101
218252 4 3 55358
218254 4 15 55375
218256 4 22 55378
218258 4 14 55554
218260 4 15 55555
218262 4 1 55356
218264 4 2 55357
218266 4 5 55371
218268 4 9 55372
218270 4 10 55373
218272 4 14 55374
218274 4 10 55433
218276 4 19 55436
218278 4 21 55437
218280 4 22 55438
218282 4 23 55439
218284 4 21 55545
218294 4 22 55678
218296 4 9 55816
218298 4 15 55903
218300 4 19 55904
218302 4 21 55905
218304 4 22 55906
218306 4 23 55907
218308 4 23 55919
218310 4 1 55920
218312 4 2 55921
218314 4 3 55922
218316 4 15 56071
218318 4 1 56160
218320 4 2 56161
218322 4 10 56225
218334 4 5 55551
218342 4 9 55552
218370 4 23 55379
218372 4 22 55546
218378 4 5 55935
218380 4 9 55936
218382 4 10 55937
218384 4 14 55938
218386 4 14 56178
218388 4 15 56179
218390 4 19 56180
218392 4 21 56181
218394 4 22 56182
218416 4 3 55322
218418 4 10 55325
218420 4 1 55332
218422 4 2 55333
218424 4 3 55334
218428 4 15 55411
218432 4 21 55413
218434 4 23 55511
218436 4 14 55590
218438 4 1 55836
218440 4 2 55837
218442 4 3 55838
218444 4 5 55839
218446 4 2 55861
218448 4 3 55862
218450 4 5 55863
218452 4 9 55864
218454 4 10 55913
218456 4 5 55923
218458 4 23 56123
218460 4 1 56124
218462 4 2 56125
218464 4 3 56126
218466 4 19 56204
218468 4 21 56205
218470 4 23 56315
218472 4 2 56317
218488 4 5 55479
218490 4 9 55480
218500 4 23 55655
218504 4 10 56057
218506 4 14 56058
218508 4 15 56059
218510 4 19 56060
218512 4 23 56183
218514 4 1 56244
218534 4 23 55679
218536 4 1 55680
218538 4 2 55681
218540 4 3 55682
218542 4 23 55727
218562 4 19 55316
218574 4 1 55692
218586 4 9 56128
218602 4 5 55323
218604 4 9 55324
218610 4 5 55611
218612 4 9 55612
218614 4 10 55613
218616 4 14 55614
218618 4 2 55789
218620 4 3 56018
218642 4 2 55573
218650 4 15 55675
218662 4 10 55697
218664 4 15 55615
218666 4 19 55616
218668 4 21 55617
218670 4 22 55618
218672 4 23 55751
218690 4 9 55984
218692 4 5 55383
218696 4 14 55386
218698 4 23 55487
218702 4 2 55909
218726 4 19 55304
218728 4 21 55305
218738 4 21 55509
218740 4 10 55745
218752 4 2 55381
218754 4 22 55330
218756 4 22 55414
218758 4 1 55596
218760 4 2 55597
218762 4 3 55598
218764 4 5 55599
218766 4 15 55651
218768 4 19 55652
218770 4 21 55653
218772 4 22 55654
218774 4 19 55700
218776 4 19 55784
218778 4 21 55785
218780 4 22 55786
218782 4 23 55787
218784 4 22 55846
218786 4 23 55847
218788 4 1 55848
218790 4 2 55849
218792 4 5 56103
218794 4 9 56104
218796 4 10 56189
218798 4 23 55331
218800 4 21 55449
218802 4 19 55472
218804 4 9 55708
218806 4 10 55709
218808 4 14 55710
218810 4 15 55711
218812 4 21 55773
218814 4 22 55774
218816 4 23 55775
218818 4 1 55776
218820 4 19 55856
218822 4 15 55939
218824 4 19 55940
218826 4 21 55941
218828 4 22 55942
218830 4 3 55994
218832 4 3 56114
218834 4 23 55415
218836 4 1 55416
218838 4 2 55417
218840 4 2 55489
218842 4 3 55490
218844 4 10 56093
218846 4 14 56094
218848 4 15 56095
218850 4 19 56096
218852 4 5 56223
218864 4 3 55562
218866 4 5 55563
218868 4 9 55564
218870 4 10 55565
218872 4 15 55699
218874 4 10 55409
218880 4 21 55473
218882 4 2 55561
218884 4 22 55594
218886 4 22 55690
218888 4 2 56053
218890 4 3 56054
218892 4 5 56055
218894 4 9 56056
218896 4 3 56102
218898 4 5 56235
218912 4 15 55471
218922 4 14 55698
218924 4 3 55850
218926 4 5 55851
218928 4 9 55852
218930 4 10 55853
218942 4 22 56110
218944 4 23 56111
218946 4 1 56112
218948 4 2 56113
218954 4 3 55442
218956 4 5 55443
218968 4 3 55670
218970 4 21 55701
218972 4 22 55702
218974 4 23 55703
218976 4 1 55704
218978 4 2 55885
218980 4 14 55986
218982 4 15 55987
218984 4 19 55988
218986 4 21 55989
218988 4 14 56010
218996 4 22 56050
218998 4 5 56259
219018 4 23 55763
219020 4 1 55764
219026 4 22 55834
219028 4 10 55493
219030 4 14 55494
219032 4 15 55495
219034 4 19 55496
219036 4 14 55578
219038 4 15 55579
219040 4 19 55580
219042 4 21 55581
219044 4 14 55686
219046 4 15 55687
219048 4 19 55688
219050 4 21 55689
219052 4 9 55840
219054 4 9 55960
219056 4 19 56312
219088 4 19 55676
219092 4 3 55790
219094 4 15 56119
219096 4 19 56120
219098 4 21 56121
219100 4 22 56122
219102 4 9 56212
219114 4 14 55518
219122 4 9 55768
219124 4 10 55769
219142 4 9 55300
219146 4 15 55339
219164 4 5 55635
219166 4 9 55636
219174 4 1 55344
219176 4 9 55396
219178 4 10 55397
219180 4 14 55398
219184 4 9 55432
219188 4 3 55610
219190 4 10 55829
219192 4 14 55830
219194 4 15 55831
219196 4 19 55832
219198 4 23 55955
219200 4 1 55956
219202 4 2 55957
219204 4 3 55958
219206 4 1 55968
219208 4 23 56027
219210 4 1 56028
219212 4 2 56029
219214 4 3 56030
219216 4 9 56032
219218 4 10 56069
219220 4 19 56252
219222 4 21 56253
219224 4 22 56254
219226 4 23 56255
219240 4 1 55308
219252 4 22 55666
219254 4 3 55778
219256 4 5 55779
219258 4 9 55780
219260 4 10 55781
219262 4 22 55882
219264 4 10 56105
219266 4 19 56300
219268 4 21 56301
219270 4 22 56302
219272 4 23 56303
219296 4 19 55808
219298 4 21 55809
219300 4 22 55810
219302 4 23 55811
219304 4 22 56062
219306 4 23 56063
219308 4 1 56064
219310 4 2 56065
219312 4 9 56272
219320 4 15 55639
219352 4 1 55728
219354 4 22 55762
219406 4 1 56184
219418 4 5 55791
219422 4 2 55345
219424 4 1 55404
219432 4 5 55743
219444 4 15 55747
219446 4 19 55748
219448 4 21 55749
219450 4 22 55750
219456 4 9 55600
219458 4 10 55601
219460 4 14 55602
219462 4 15 55603
219464 4 14 55446
219468 4 2 55309
219470 4 3 55310
219472 4 9 55648
219474 4 15 55387
219476 4 19 55388
219478 4 21 55389
219480 4 22 55390
219482 4 2 55729
219484 4 3 55730
219486 4 5 55731
219488 4 9 55732
219496 4 1 55320
219506 4 3 55742
219508 4 23 55895
219510 4 1 55896
219512 4 2 55897
219514 4 3 55898
219516 4 21 56061
219520 4 1 55380
219522 4 1 55512
219526 4 3 55514
219528 4 5 55515
219530 4 21 55641
219532 4 19 55772
219534 4 2 55873
219536 4 3 55874
219538 4 5 55875
219540 4 9 55876
219542 4 2 56233
219544 4 9 56260
219546 4 10 56261
219548 4 14 56262
219550 4 15 56263
219566 4 9 55384
219568 4 10 55385
219574 4 19 55712
219576 4 21 55713
219578 4 22 55714
219580 4 23 55715
219582 4 1 55716
219584 4 2 55717
219586 4 3 55718
219588 4 5 55719
219590 4 1 55872
219592 4 14 56082
219594 4 15 56083
219596 4 19 56084
219598 4 21 56085
219600 4 1 56220
219602 4 2 56221
219622 4 2 55405
219624 4 3 55406
219626 4 5 55407
219628 4 9 55408
219630 4 14 55746
219652 4 21 55821
219656 4 1 55944
219658 4 19 55556
219660 4 21 55557
219662 4 22 55558
219664 4 23 55559
219666 4 2 55693
219674 4 1 55908
219676 4 21 55317
219678 4 5 55335
219680 4 9 55336
219682 4 10 55337
219684 4 14 55338
219686 4 10 55349
219688 4 10 55841
219690 4 14 55842
219692 4 15 55843
219694 4 19 55844
219696 4 5 55899
219698 4 9 55900
219700 4 10 55901
219702 4 22 55930
219704 4 14 56070
219706 4 22 56314
219722 4 3 55454
219724 4 5 55491
219734 4 1 55812
219736 4 2 55813
219738 4 3 55814
219740 4 5 55815
219742 4 23 55979
219744 4 15 56227
219746 4 19 56228
219748 4 21 56229
219750 4 22 56230
219752 4 1 56268
219754 4 2 56269
219756 4 3 56270
219758 4 5 56271
219760 4 21 56313
219768 4 5 55299
219774 4 10 55757
219776 4 14 55758
219778 4 22 55822
219780 4 23 55823
219782 4 1 55824
219796 4 3 55754
219800 4 9 55756
219812 4 3 56198
219814 4 5 56199
219816 4 9 56200
219818 4 10 56201
219820 4 21 56289
219822 4 22 56290
219836 4 9 55720
219838 4 10 55721
219840 4 14 55722
219842 4 15 55723
219846 4 14 55326
219848 4 15 55327
219850 4 19 55328
219852 4 21 55329
219862 4 23 55835
219864 4 3 55322
219866 4 10 55325
219868 4 1 55332
219880 4 1 55836
219882 4 2 55837
219884 4 3 55838
219892 4 14 55494
219906 4 14 55578
219910 4 19 55580
219912 4 21 55581
219916 4 22 55342
219920 4 10 55361
219924 4 15 55363
219928 4 15 55915
219934 4 10 55925
219936 4 21 55341
219938 4 3 55346
219940 4 10 55877
219942 4 14 55878
219944 4 15 55879
219946 4 19 55880
219948 4 21 55881
219954 4 2 55501
219956 4 14 55302
219958 4 23 55355
219960 4 1 55392
219962 4 2 55393
219964 4 3 55394
219966 4 5 55395
219968 4 19 55400
219970 4 22 55402
219972 4 10 55445
219974 4 2 55609
219976 4 14 55734
219978 4 15 55735
219980 4 19 55736
219982 4 21 55737
219984 4 14 55890
219986 4 21 55893
219988 4 22 55894
219990 4 2 55945
219992 4 9 55948
219994 4 15 56023
219996 4 19 56024
219998 4 21 56025
220000 4 22 56026
220002 4 5 56031
220004 4 2 56197
220044 4 5 55347
220054 4 23 55883
220066 4 22 55738
220068 4 23 55739
220070 4 1 55740
220072 4 2 55741
220074 4 1 55884
220080 4 15 55459
220082 4 5 56019
220084 4 9 56020
220086 4 10 56021
220088 4 14 56022
220090 4 3 56150
220092 4 2 55297
220094 4 5 55455
220096 4 19 55460
220098 4 22 56014
220100 4 23 56015
220102 4 1 56016
220104 4 2 56017
220106 4 5 56151
220118 4 10 55997
220120 4 19 56000
220122 4 23 56135
220124 4 1 56136
220126 4 10 56141
220130 4 21 55461
220140 4 22 56002
220142 4 2 56005
220144 4 3 56138
220146 4 5 56139
220148 4 14 56142
220150 4 15 55351
220152 4 19 55352
220154 4 21 55353
220156 4 22 55354
220162 4 15 55891
220164 4 19 55892
220170 4 1 55296
220182 4 14 55782
220186 4 23 55547
220190 4 2 55549
220194 4 1 55356
220198 4 15 55903
220200 4 19 55904
220202 4 21 55905
220204 4 22 55906
220206 4 23 55907
220216 4 1 55368
220220 4 2 55321
220222 4 19 55364
220224 4 21 55365
220226 4 22 55366
220228 4 23 55367
220230 4 14 55866
220248 4 3 55334
220256 4 9 55864
220276 4 14 55926
220278 4 15 55927
220280 4 19 55928
220282 4 21 55929
220284 4 22 56134
220286 4 5 55419
220288 4 15 55447
220292 4 19 55376
220294 4 21 55377
220296 4 22 55378
220298 4 23 55931
220300 4 1 55932
220302 4 2 55933
220304 4 3 55934
220330 4 23 55379
220334 4 9 55936
220336 4 10 55937
220338 4 14 55938
220342 4 19 55436
220344 4 21 55437
220346 4 22 55438
220362 4 22 55606
220364 4 23 55607
220366 4 1 55608
220368 4 9 55816
220372 4 9 55372
220374 4 10 55373
220376 4 14 55374
220386 4 23 55919
220388 4 1 55920
220392 4 3 55922
220394 4 15 56071
220404 4 21 55701
220406 4 22 55702
220408 4 23 55703
220410 4 1 55704
220414 4 23 55307
220416 4 2 55309
220418 4 15 55435
220420 4 2 55465
220430 4 2 55801
220448 4 3 56318
220450 4 5 56319
220454 4 15 55303
220464 4 2 55765
220468 4 15 55807
220470 4 21 55821
220472 4 1 55572
220474 4 9 55396
220482 4 10 55829
220484 4 14 55830
220486 4 15 55831
220488 4 19 55832
220490 4 1 55968
220492 4 19 55628
220502 4 3 55310
220506 4 3 55466
220516 4 5 55323
220518 4 9 55324
220540 4 15 55771
220548 4 21 56085
220550 4 19 56264
220552 4 21 56265
220554 4 22 56266
220556 4 23 56267
220570 4 23 55319
220572 4 14 55950
220574 4 15 55951
220576 4 19 55952
220578 4 21 55953
220580 4 3 56066
220584 4 3 55622
220598 4 5 55479
220600 4 10 55481
220602 4 21 55485
220604 4 22 55486
220616 4 1 55956
220618 4 2 55957
220620 4 3 55958
220622 4 1 56052
220624 4 9 56068
220630 4 5 56283
220632 4 9 56284
220634 4 10 56285
220636 4 14 56286
220650 4 5 55383
220680 4 15 55399
220682 4 21 55401
220692 4 3 55946
220702 4 10 55445
220706 4 15 56023
220722 4 19 55448
220732 4 10 56069
220736 4 21 55425
220746 4 10 55673
220752 4 5 55683
220754 4 5 55707
220760 4 14 55758
220762 4 15 55759
220764 4 19 55760
220766 4 14 55974
220768 4 15 55975
220770 4 19 55976
220772 4 21 55977
220774 4 5 56127
220776 4 9 56140
220778 4 15 56215
220794 4 21 55497
220796 4 22 55498
220798 4 23 55499
220800 4 1 55500
220802 4 3 55658
220804 4 9 55660
220806 4 10 55661
220808 4 2 55669
220810 4 22 55918
220814 4 21 55677
220816 4 19 55604
220828 4 22 55318
220830 4 10 55517
220836 4 2 55657
220838 4 5 55767
220840 4 14 55770
220844 4 21 55833
220846 4 23 55943
220858 4 23 55679
220860 4 1 55680
220862 4 3 55682
220864 4 1 55800
220866 4 21 56073
220868 4 1 56076
220870 4 23 56195
220872 4 1 56196
220892 4 9 55420
220894 4 14 55422
220896 4 15 55423
220898 4 9 55444
220900 4 1 55512
220906 4 15 55543
220918 4 22 55990
220920 4 23 55991
220922 4 1 55992
220924 4 2 55993
220926 4 15 56155
220928 4 2 56233
220930 4 2 56305
220992 4 9 55456
220996 4 10 55457
221004 4 23 55583
221006 4 1 55584
221008 4 2 55585
221010 4 3 55586
221018 4 5 55815
221022 4 9 55996
221036 4 5 55311
221050 4 10 55685
221054 4 10 55409
221060 4 21 55473
221062 4 2 55561
221064 4 22 55594
221068 4 3 56054
221070 4 5 56055
221072 4 9 56056
221080 4 19 55796
221082 4 21 55797
221084 4 22 55798
221086 4 23 55799
221088 4 3 55802
221090 4 3 55382
221098 4 22 55534
221104 4 19 55592
221106 4 21 55593
221108 4 9 55792
221110 4 10 55793
221112 4 14 55794
221114 4 15 55795
221116 4 10 55985
221118 4 21 56097
221120 4 22 56098
221122 4 23 56099
221124 4 1 56100
221126 4 19 56288
221142 4 22 55474
221144 4 23 55475
221146 4 1 55476
221148 4 15 55483
221150 4 19 55484
221152 4 2 55825
221154 4 3 55826
221156 4 5 55827
221158 4 9 55828
221168 4 3 56006
221170 4 5 56067
221172 4 9 56248
221174 4 15 56251
221176 4 23 56279
221178 4 1 56280
221180 4 2 56281
221182 4 3 56282
221198 4 5 55467
221202 4 10 55469
221204 4 14 55470
221214 4 14 56034
221216 4 15 56035
221218 4 19 56036
221220 4 21 56037
221222 4 2 56101
221234 4 23 56027
221236 4 1 56028
221238 4 2 56029
221242 4 9 56032
221244 4 22 55426
221246 4 23 55427
221248 4 2 55429
221250 4 3 55430
221252 4 5 55431
221254 4 23 55871
221258 4 1 55620
221260 4 2 55621
221264 4 23 55631
221266 4 15 55747
221268 4 19 55748
221270 4 10 55961
221272 4 14 55962
221274 4 1 55980
221276 4 2 55981
221278 4 3 55982
221280 4 5 55983
221308 4 5 55623
221310 4 9 55624
221312 4 10 55625
221314 4 14 55626
221316 4 1 55632
221326 4 15 55963
221328 4 19 55964
221330 4 21 55965
221332 4 22 55966
221356 4 9 55516
221358 4 15 55627
221380 4 10 56249
221382 4 14 56250
221400 4 14 55854
221402 4 15 55855
221412 4 5 55491
221416 4 22 55330
221420 4 2 55597
221422 4 3 55598
221424 4 5 55599
221426 4 23 55331
221428 4 21 55773
221430 4 22 55774
221432 4 23 55775
221434 4 1 55776
221444 4 14 55350
221448 4 3 55514
221452 4 19 55772
221454 4 5 55899
221456 4 9 55900
221458 4 10 55901
221460 4 14 55902
221462 4 14 56070
221464 4 10 56129
221466 4 9 56260
221468 4 10 56261
221470 4 14 56262
221472 4 15 56263
221502 4 5 55659
221512 4 9 56008
221514 4 10 56009
221516 4 14 56046
221518 4 15 56047
221520 4 19 56048
221522 4 21 56049
221556 4 14 55662
221558 4 15 55663
221564 4 14 56010
221566 4 15 56011
221568 4 19 56012
221570 4 21 56013
221582 4 15 55387
221584 4 21 55389
221586 4 22 55390
221588 4 1 55440
221590 4 2 55441
221594 4 5 55443
221596 4 23 55523
221602 4 23 55703
221606 4 2 55885
221608 4 5 55995
221636 4 9 55492
221658 4 19 55364
221662 4 2 55369
221664 4 10 55553
221666 4 19 55556
221668 4 21 55557
221670 4 22 55558
221672 4 23 55559
221674 4 9 55744
221676 4 2 55321
221686 4 19 55724
221688 4 14 55434
221690 4 23 55463
221692 4 1 55464
221722 4 5 55299
221726 4 1 55488
221728 4 9 55504
221732 4 2 55681
221736 4 23 55727
221740 4 22 56074
221742 4 23 56075
221746 4 2 56077
221748 4 3 56078
221750 4 5 56079
221752 4 9 56080
221754 4 1 56196
221774 4 19 55340
221782 4 21 55521
221784 4 1 55524
221786 4 2 55525
221792 4 21 55857
221794 4 22 55858
221796 4 23 55859
221798 4 1 55860
221800 4 5 55959
221802 4 3 56042
221804 4 5 56043
221806 4 9 56044
221808 4 10 56045
221810 4 22 56086
221812 4 23 56087
221814 4 1 56088
221816 4 2 56089
221818 4 14 56106
221820 4 9 56116
221846 4 19 55316
221848 4 1 55692
221850 4 2 55345
221864 4 15 55471
221878 4 1 55356
221880 4 2 55357
221882 4 2 55537
221884 4 5 55539
221886 4 19 55544
221890 4 19 55904
221896 4 23 55919
221900 4 1 56148
221902 4 2 56149
221904 4 10 56153
221906 4 1 56160
221908 4 2 56161
221922 4 15 55351
221926 4 3 55358
221928 4 23 55535
221930 4 3 55538
221932 4 9 55540
221936 4 9 55708
221938 4 10 55709
221940 4 14 55710
221942 4 15 55711
221976 4 3 55370
221980 4 22 55726
221986 4 21 55785
221988 4 22 55786
221990 4 23 55787
221992 4 14 55530
221994 4 15 55531
221996 4 19 55532
221998 4 21 55533
222002 4 22 55642
222004 4 23 55643
222006 4 1 55644
222008 4 2 55645
222018 4 10 55865
222028 4 21 56145
222056 4 3 55562
222058 4 5 55563
222060 4 9 55564
222062 4 10 55565
222074 4 1 55308
222076 4 3 55574
222078 4 5 55575
222080 4 9 55576
222082 4 10 55577
222084 4 22 55882
222086 4 15 55615
222088 4 19 55616
222090 4 21 55617
222092 4 22 55618
222094 4 10 55733
222096 4 2 55381
222098 4 3 55778
222100 4 5 55779
222102 4 9 55780
222104 4 10 55781
222106 4 21 55317
222112 4 10 55337
222116 4 10 55841
222118 4 14 55842
222120 4 15 55843
222122 4 19 55844
222124 4 22 55930
222128 4 2 55753
222130 4 3 55754
222132 4 5 55755
222134 4 9 55756
222164 4 9 55876
222168 4 14 55482
222170 4 22 55510
222180 4 1 55836
222182 4 2 55837
222184 4 22 56002
222186 4 1 56004
222188 4 2 56005
222190 4 23 56051
222192 4 10 56081
222196 4 22 56218
222198 4 23 56219
222200 4 15 56287
222236 4 14 55830
222238 4 15 55831
222240 4 19 55832
222242 4 9 56068
222288 4 1 55320
222296 4 3 55742
222298 4 23 55895
222300 4 1 55896
222302 4 2 55897
222304 4 3 55898
222306 4 21 56061
222308 4 23 55415
222310 4 2 55417
222312 4 2 55489
222314 4 3 55490
222316 4 10 56093
222318 4 14 56094
222320 4 15 56095
222322 4 19 56096
222350 4 23 55391
222354 4 10 55721
222356 4 14 55722
222358 4 15 55723
222360 4 19 55820
222370 4 19 56144
222404 4 9 55588
222406 4 10 55589
222410 4 2 55909
222412 4 3 55910
222414 4 9 55912
222416 4 2 55969
222418 4 19 56168
222420 4 22 56170
222422 4 14 56214
222424 4 19 56216
222426 4 21 56217
222478 4 10 56273
222480 4 14 56274
222482 4 15 56275
222484 4 19 56276
222502 4 19 55424
222508 4 1 55428
222512 4 3 55970
222514 4 5 55971
222516 4 9 55972
222518 4 10 55973
222520 4 22 55978
222536 4 22 55666
222548 4 10 56105
222550 4 15 56143
222552 4 1 56208
222554 4 2 56209
222556 4 3 56210
222558 4 5 56211
222594 4 3 55454
222596 4 1 55812
222598 4 2 55813
222608 4 19 55304
222610 4 22 55306
222614 4 9 55432
222616 4 10 55433
222618 4 19 55436
222620 4 21 55437
222624 4 19 55448
222634 4 10 55745
222640 4 21 55905
222644 4 5 55947
222650 4 3 56030
222654 4 10 56225
222658 4 21 56253
222660 4 22 56254
222696 4 9 55492
222700 4 10 55601
222702 4 15 55603
222704 4 2 55705
222706 4 1 55752
222708 4 5 55803
222710 4 9 55804
222712 4 10 55805
222714 4 14 55806
222716 4 9 56236
222718 4 10 56237
222720 4 14 56238
222722 4 15 56239
222724 4 5 56295
222726 4 5 56307
222742 4 10 55421
222754 4 19 55748
222756 4 21 55749
222758 4 22 55750
222760 4 21 55845
222772 4 19 56240
222774 4 21 56241
222776 4 22 56242
222778 4 23 56243
222810 4 14 55446
222818 4 3 55958
222824 4 21 55449
222826 4 19 55472
222828 4 10 55505
222830 4 14 55506
222832 4 15 55507
222834 4 19 55508
222842 4 10 55649
222844 4 23 55751
222852 4 19 55856
222854 4 15 55939
222856 4 19 55940
222858 4 21 55941
222860 4 22 55942
222862 4 10 56033
222864 4 22 56110
222866 4 1 56112
222868 4 2 56113
222870 4 3 56114
222872 4 14 56202
222874 4 5 56247
222898 4 1 55416
222902 4 3 55418
222906 4 14 55566
222908 4 15 55567
222910 4 19 55568
222912 4 21 55569
222914 4 15 55783
222916 4 3 55886
222918 4 5 55887
222920 4 9 55888
222922 4 10 55889
222930 4 5 56223
222960 4 19 55808
222962 4 21 55809
222964 4 22 55810
222966 4 23 55811
222972 4 1 55656
222974 4 10 55697
222976 4 15 56119
222978 4 19 56120
222980 4 21 56121
222982 4 22 56122
223028 4 3 56198
223030 4 10 56201
223032 4 21 56289
223034 4 22 56290
223050 4 10 55409
223056 4 23 55439
223058 4 21 55509
223060 4 1 55788
223064 4 15 55447
223072 4 2 55477
223076 4 2 55633
223080 4 9 55636
223082 4 3 55646
223084 4 5 55647
223088 4 15 55951
223090 4 19 55952
223092 4 10 55997
223094 4 14 55998
223096 4 15 55999
223098 4 19 56000
223100 4 3 56006
223102 4 22 56038
223104 4 23 56039
223106 4 1 56040
223108 4 2 56041
223110 4 19 56072
223112 4 23 56135
223114 4 5 56163
223116 4 23 56279
223118 4 1 56280
223120 4 2 56281
223170 4 3 55682
223210 4 21 56145
223226 4 1 55596
223232 4 14 55698
223234 4 3 55850
223236 4 5 55851
223238 4 9 55852
223240 4 10 55853
223242 4 5 56007
223284 4 15 55651
223286 4 19 55652
223288 4 21 55653
223290 4 22 55654
223292 4 19 55676
223298 4 3 55790
223300 4 22 55846
223302 4 23 55847
223304 4 1 55848
223306 4 2 55849
223316 4 10 56189
223318 4 9 56212
223320 4 3 56246
223388 4 22 55774
223398 4 23 56111
223446 4 15 55711
223458 4 3 55994
223462 4 5 56199
223464 4 9 56200
223502 4 2 55405
223504 4 3 55406
223506 4 9 55408
223512 4 22 55570
223514 4 5 55587
223516 4 5 55767
223518 4 9 55768
223520 4 10 55769
223524 4 5 55791
223542 4 2 56185
223544 4 5 56187
223546 4 15 56191
223548 4 19 56192
223550 4 3 56222
223552 4 1 56232
223596 4 22 55498
223600 4 23 55595
223602 4 3 55658
223606 4 14 55854
223608 4 15 55855
223610 4 22 55918
223638 4 14 55302
223648 4 2 55825
223650 4 3 55826
223654 4 9 55828
223656 4 5 56067
223658 4 2 55501
223666 4 15 55699
223668 4 21 55725
223674 4 10 55817
223676 4 15 55819
223678 4 9 56308
223680 4 10 56309
223682 4 14 56310
223684 4 15 56311
223732 4 2 55969
223742 4 14 55686
223744 4 15 55687
223746 4 19 55688
223748 4 21 55689
223752 4 9 55336
223764 4 14 56070
223768 4 14 55458
223772 4 5 55479
223774 4 9 55480
223780 4 10 55637
223782 4 14 55638
223784 4 15 55639
223786 4 14 55650
223788 4 23 55655
223798 4 23 56003
223806 4 10 56057
223808 4 14 56058
223810 4 15 56059
223812 4 19 56060
223814 4 3 56090
223816 4 5 56139
223818 4 23 56183
223820 4 5 56283
223822 4 9 56284
223824 4 10 56285
223826 4 14 56286
223868 4 21 55341
223870 4 1 55404
223872 4 3 55526
223874 4 5 55527
223876 4 9 55528
223878 4 10 55529
223880 4 1 55560
223894 4 21 55761
223896 4 22 55822
223898 4 1 55824
223900 4 10 55877
223902 4 14 55878
223904 4 15 55879
223906 4 19 55880
223908 4 5 56019
223910 4 9 56020
223912 4 10 56021
223914 4 14 56022
223918 4 23 56207
223920 4 9 56224
223954 4 3 55430
223960 4 19 55640
223962 4 9 55684
223964 4 2 56137
223972 4 14 55602
223978 4 9 55720
223986 4 21 56001
224020 4 15 55435
224022 4 19 55712
224024 4 21 55713
224026 4 22 55714
224028 4 23 55715
224030 4 14 56082
224032 4 15 56083
224034 4 19 56084
224036 4 21 56085
224048 4 23 55355
224050 4 22 55402
224052 4 10 55445
224058 4 14 55890
224060 4 15 55891
224062 4 21 55893
224064 4 22 55894
224070 4 9 55948
224074 4 15 56023
224076 4 19 56024
224078 4 21 56025
224080 4 5 56031
224086 4 10 56249
224088 4 14 56250
224090 4 15 56251
224132 4 21 55953
224156 4 23 55307
224160 4 1 55440
224162 4 2 55441
224164 4 5 55443
224166 4 9 55456
224168 4 2 55465
224170 4 3 55502
224172 4 5 55503
224180 4 2 55801
224182 4 10 55949
224184 4 14 55986
224186 4 15 55987
224188 4 19 55988
224190 4 21 55989
224192 4 3 56318
224194 4 5 56319
224272 4 3 55466
224282 4 10 55457
224290 4 15 55519
224292 4 19 55520
224296 4 10 55685
224308 4 2 56209
224312 4 5 56211
224320 4 23 55763
224322 4 1 55764
224324 4 2 55765
224326 4 3 55766
224334 4 15 55807
224352 4 10 56081
224356 4 23 56231
224388 4 1 55464
224434 4 21 55569
224442 4 10 55889
224446 4 3 55622
224456 4 10 55697
224462 4 14 55326
224464 4 19 55328
224466 4 21 55329
224472 4 5 55407
224474 4 15 55459
224476 4 10 55541
224480 4 21 55629
224482 4 23 55691
224484 4 2 55693
224486 4 5 55695
224488 4 23 55835
224500 4 1 56136
224502 4 10 56141
224504 4 3 56150
224506 4 10 56213
224510 4 14 56226
224512 4 1 56256
224552 4 3 55322
224554 4 5 55323
224556 4 10 55325
224558 4 2 55333
224560 4 3 55334
224562 4 23 55511
224564 4 5 55611
224566 4 9 55612
224568 4 2 55789
224570 4 2 55861
224572 4 3 55862
224574 4 5 55863
224576 4 9 55864
224578 4 3 56018
224580 4 23 56123
224582 4 1 56124
224584 4 2 56125
224586 4 3 56126
224588 4 23 56315
224618 4 10 55493
224620 4 15 55495
224622 4 19 55496
224624 4 14 55578
224626 4 19 55580
224628 4 9 55648
224630 4 1 55668
224632 4 9 55840
224634 4 22 55870
224636 4 9 56092
224638 4 9 56296
224640 4 10 56297
224642 4 14 56298
224644 4 15 56299
224696 4 5 55803
224724 4 14 55410
224726 4 15 55411
224728 4 19 55412
224730 4 22 55450
224732 4 23 55451
224734 4 2 55453
224736 4 23 55571
224738 4 22 55582
224740 4 19 55604
224742 4 23 55667
224744 4 22 55690
224752 4 3 55802
224754 4 1 55836
224756 4 2 55837
224758 4 10 55913
224760 4 14 56118
224762 4 14 56130
224764 4 15 56131
224766 4 19 56132
224768 4 21 56133
224770 4 14 56190
224772 4 22 56194
224774 4 15 56287
224824 4 15 55327
224828 4 22 55342
224830 4 3 55346
224834 4 14 55542
224842 4 21 55881
224844 4 14 55914
224846 4 15 55915
224848 4 19 55916
224850 4 21 55917
224852 4 14 55926
224854 4 19 55928
224856 4 3 56162
224858 4 9 56164
224860 4 10 56165
224888 4 9 55324
224892 4 1 55332
224894 4 19 55460
224896 4 21 55461
224898 4 22 55510
224900 4 22 55630
224906 4 3 55838
224912 4 22 56014
224914 4 1 56016
224916 4 2 56017
224920 4 3 56138
224922 4 14 56142
224924 4 5 56151
224926 4 22 56218
224928 4 23 56219
224930 4 2 56257
224974 4 3 55574
224976 4 5 55575
224978 4 9 55576
224986 4 22 55882
224996 4 19 56300
224998 4 21 56301
225000 4 22 56302
225002 4 23 56303
225064 4 19 55340
225066 4 21 55521
225070 4 3 56042
225074 4 9 56044
225076 4 10 56045
225078 4 14 56106
225080 4 3 55298
225082 4 10 55301
225084 4 15 55339
225086 4 9 55504
225088 4 22 55522
225092 4 15 55975
225094 4 21 56073
225096 4 23 56075
225098 4 1 56076
225100 4 15 56107
225102 4 19 56108
225104 4 21 56109
225148 4 1 55296
225150 4 19 55628
225152 4 21 55677
225160 4 5 55959
225162 4 22 56086
225164 4 23 56087
225166 4 1 56088
225168 4 2 56089
225170 4 5 56091
225172 4 19 56156
225174 4 21 56157
225176 4 22 56158
225178 4 23 56159
225208 4 22 55426
225212 4 2 55429
225216 4 1 55524
225218 4 2 55525
225220 4 3 55970
225222 4 10 55973
225224 4 22 55978
225234 4 5 56115
225272 4 5 55431
225286 4 9 56116
225290 4 23 55427
225296 4 5 55455
225302 4 5 55671
225306 4 23 55871
225310 4 23 56015
225324 4 21 56277
225392 4 5 55347
225394 4 15 55351
225396 4 21 55353
225398 4 22 55354
225400 4 23 55535
225402 4 1 55536
225404 4 14 55734
225406 4 15 55735
225408 4 21 55737
225410 4 23 55883
225414 4 19 55892
225418 4 22 56146
225420 4 23 56147
225422 4 9 56152
225424 4 2 56197
225450 4 9 55348
225452 4 1 55356
225456 4 22 55738
225458 4 23 55739
225460 4 2 55741
225462 4 1 55884
225464 4 15 55903
225466 4 19 55904
225468 4 23 55907
225470 4 1 56148
225472 4 2 56149
225474 4 10 56153
225560 4 5 55539
225592 4 15 55771
225594 4 19 56264
225596 4 21 56265
225598 4 22 56266
225600 4 23 56267
225628 4 2 55357
225634 4 22 55906
225638 4 23 55919
225640 4 1 55920
225642 4 1 56160
225644 4 2 56161
225648 4 19 55352
225652 4 3 55358
225654 4 5 55359
225656 4 3 55538
225658 4 9 55540
225660 4 23 55547
225662 4 1 55548
225664 4 2 55549
225666 4 3 55550
225668 4 9 55552
225674 4 5 55911
225678 4 14 56154
225680 4 14 56166
225684 4 21 56169
225686 4 22 56170
225688 4 23 56171
225690 4 2 56173
225790 4 5 55371
225792 4 10 55373
225794 4 14 55374
225798 4 19 55544
225800 4 21 55545
225802 4 5 55551
225808 4 3 55922
225814 4 15 56167
225816 4 1 56172
225884 4 9 55360
225886 4 10 55361
225888 4 14 55362
225890 4 3 55370
225892 4 23 55379
225894 4 22 55546
225900 4 10 55925
225902 4 5 55935
225904 4 9 55936
225906 4 10 55937
225908 4 14 55938
225910 4 5 56175
225912 4 14 56178
225914 4 19 56180
225916 4 21 56181
225918 4 22 56182
225948 4 19 55364
225950 4 21 55365
225952 4 22 55366
225954 4 2 55369
225956 4 10 55553
225958 4 15 55375
225960 4 19 55376
225962 4 22 55378
225968 4 21 55413
225970 4 14 55554
225972 4 15 55555
225974 4 2 55573
225976 4 14 55590
225978 4 15 55591
225986 4 5 55923
225988 4 23 55931
225990 4 1 55932
225992 4 2 55933
225998 4 3 56174
226000 4 9 56176
226002 4 10 56177
226004 4 19 56204
226006 4 21 56205
226084 4 2 55633
226086 4 3 55634
226088 4 9 55636
226090 4 3 55646
226092 4 5 55647
226124 4 15 55987
226126 4 19 55988
226130 4 22 55462
226132 4 2 55501
226136 4 10 55565
226138 4 15 55699
226140 4 21 55725
226150 4 15 55819
226152 4 9 56308
226154 4 10 56309
226156 4 14 56310
226188 4 14 55638
226190 4 15 55639
226214 4 5 56139
226216 4 5 55491
226238 4 19 55796
226250 4 22 55474
226252 4 23 55475
226254 4 1 55476
226256 4 15 55483
226266 4 23 56279
226272 4 3 56282
226274 4 23 55355
226282 4 19 55736
226290 4 22 55894
226296 4 23 55403
226300 4 23 55739
226302 4 1 55740
226306 4 5 55947
226308 4 22 55414
226310 4 3 55454
226318 4 19 55700
226320 4 19 55784
226322 4 21 55785
226324 4 22 55786
226326 4 23 55787
226328 4 1 55812
226330 4 2 55813
226332 4 3 55814
226334 4 22 55846
226336 4 2 55849
226338 4 23 55979
226340 4 5 56103
226342 4 9 56104
226344 4 10 56189
226346 4 15 56227
226348 4 19 56228
226350 4 21 56229
226352 4 22 56230
226354 4 21 56313
226460 4 22 56206
226504 4 23 55583
226506 4 1 55584
226508 4 2 55585
226510 4 3 55586
226512 4 21 55593
226520 4 5 55815
226522 4 9 55996
226524 4 1 56268
226526 4 2 56269
226528 4 3 56270
226530 4 5 56271
226532 4 10 56273
226534 4 14 56274
226536 4 15 56275
226538 4 19 56276
226570 4 22 55318
226572 4 15 55627
226574 4 5 55767
226578 4 14 55818
226580 4 23 55943
226602 4 14 55602
226604 4 15 55603
226622 4 3 55478
226628 4 21 55485
226634 4 3 55958
226636 4 1 56052
226648 4 5 55563
226654 4 15 55303
226656 4 22 55306
226660 4 9 55432
226662 4 19 55448
226664 4 23 56027
226666 4 1 56028
226668 4 3 56030
226670 4 9 56032
226672 4 19 56252
226674 4 21 56253
226676 4 22 56254
226678 4 23 56255
226680 4 23 55319
226682 4 10 55445
226688 4 21 55953
226690 4 3 56066
226698 4 15 56251
226722 4 15 55747
226724 4 19 55748
226726 4 21 55749
226728 4 22 55750
226730 4 19 56240
226734 4 22 56242
226736 4 23 56243
226742 4 3 55442
226746 4 21 55701
226748 4 22 55702
226750 4 23 55703
226752 4 1 55704
226754 4 2 55885
226762 4 14 56298
226764 4 15 56299
226766 4 23 55415
226768 4 1 55416
226770 4 2 55417
226772 4 3 55490
226774 4 10 56093
226776 4 15 56095
226778 4 19 56096
226780 4 5 56223
226784 4 10 55433
226796 4 21 55905
226802 4 23 55391
226806 4 10 55721
226808 4 14 55722
226810 4 15 55723
226812 4 19 55820
226814 4 3 55298
226818 4 1 55488
226822 4 23 55679
226826 4 3 55682
226828 4 23 55727
226832 4 22 56074
226834 4 23 56075
226838 4 1 56196
226842 4 1 55680
226846 4 1 55800
226852 4 22 55594
226860 4 2 56053
226862 4 9 56056
226864 4 3 56102
226874 4 5 56235
226936 4 1 55764
226940 4 3 55766
226948 4 23 56051
226962 4 10 55829
226964 4 14 55830
226966 4 15 55831
226968 4 19 55832
226972 4 1 55956
226984 4 9 55768
226996 4 19 55424
227006 4 3 55706
227010 4 5 55971
227012 4 9 55972
227016 4 10 56057
227018 4 15 56059
227020 4 23 56183
227022 4 1 56244
227052 4 21 55425
227060 4 5 55683
227062 4 5 55707
227064 4 14 55974
227068 4 19 55976
227070 4 21 55977
227072 4 22 56038
227074 4 2 56041
227076 4 5 56163
227078 4 2 56245
227110 4 5 55455
227116 4 5 55671
227128 4 1 55512
227130 4 3 55514
227132 4 5 55515
227134 4 19 55772
227136 4 9 56260
227138 4 10 56261
227140 4 14 56262
227142 4 15 56263
227146 4 9 55492
227154 4 1 55752
227156 4 5 55803
227168 4 10 56237
227172 4 5 56295
227174 4 5 56307
227208 4 3 55754
227210 4 5 55755
227212 4 9 55756
227214 4 10 55505
227216 4 14 55506
227218 4 15 55507
227220 4 19 55508
227222 4 15 55615
227224 4 19 55616
227226 4 21 55617
227228 4 23 55751
227230 4 10 56033
227240 4 1 55572
227246 4 22 55858
227248 4 23 55859
227250 4 1 55860
227252 4 5 55959
227254 4 3 55382
227260 4 19 55592
227264 4 9 55792
227268 4 14 55794
227270 4 15 55795
227272 4 21 56097
227274 4 22 56098
227276 4 23 56099
227278 4 1 56100
227280 4 19 56288
227282 4 2 55309
227284 4 3 55310
227286 4 1 55404
227288 4 9 55672
227290 4 10 55673
227292 4 15 55675
227294 4 5 55743
227296 4 21 55761
227304 4 10 55757
227306 4 14 55758
227310 4 22 55822
227312 4 1 55824
227314 4 5 56127
227316 4 3 55658
227318 4 2 55669
227320 4 14 55854
227322 4 15 55855
227326 4 9 55516
227340 4 19 55436
227342 4 23 55439
227344 4 21 55473
227346 4 21 55509
227348 4 21 55605
227350 4 22 55606
227352 4 1 55608
227354 4 2 55777
227356 4 1 55788
227358 4 9 55816
227362 4 3 56054
227364 4 5 56055
227368 4 23 56291
227370 4 1 56292
227372 4 2 56293
227374 4 3 56294
227416 4 5 55311
227418 4 10 55313
227420 4 15 55315
227422 4 19 55316
227424 4 2 55321
227428 4 5 55407
227434 4 14 55518
227436 4 15 55519
227438 4 19 55556
227440 4 21 55557
227442 4 22 55558
227444 4 1 55692
227446 4 2 55693
227450 4 19 55724
227452 4 1 55728
227454 4 14 55746
227456 4 22 55762
227458 4 14 55866
227460 4 15 55867
227462 4 19 55868
227464 4 21 55869
227466 4 1 55908
227468 4 10 56117
227470 4 9 56128
227472 4 2 56185
227474 4 3 56186
227476 4 5 56187
227478 4 9 56188
227480 4 19 56192
227482 4 21 56193
227484 4 10 56213
227536 4 1 55320
227538 4 9 55708
227540 4 10 55709
227542 4 14 55710
227544 4 15 55711
227546 4 3 55742
227630 4 2 55297
227634 4 5 55611
227636 4 10 55613
227638 4 14 55614
227644 4 14 55782
227652 4 2 56017
227654 4 22 56086
227656 4 1 56088
227668 4 23 56159
227670 4 21 56277
227672 4 22 56278
227674 4 1 56304
227700 4 19 52868
227702 4 2 53041
227716 4 2 53053
227718 4 21 52977
227720 4 10 52925
227722 4 9 53188
227724 4 14 52698
227726 4 14 53142
227728 4 15 53143
227730 4 1 53220
227752 4 5 52755
227756 4 3 53222
227772 4 5 52623
227774 4 2 52717
227776 4 22 53146
227796 4 22 52798
227798 4 5 53067
227814 4 10 52913
227816 4 5 53151
227818 4 2 52993
227820 4 2 53233
227838 4 21 52761
227842 4 23 53231
227862 4 5 52731
227864 4 19 53132
227866 4 14 53214
227868 4 10 53237
227870 4 14 53238
227904 4 22 52570
227908 4 14 53166
227930 4 23 53135
227932 4 14 52554
227934 4 5 52971
227936 4 10 53213
227956 4 10 52469
227958 4 5 52983
227960 4 22 53002
227962 4 22 53026
227964 4 2 53029
227966 4 1 52536
227968 4 23 52751
227970 4 2 52945
227972 4 2 52405
227974 4 3 53030
227976 4 10 53033
227996 4 21 52773
228000 4 10 52721
228008 4 2 52765
228012 4 19 52820
228026 4 21 52593
228030 4 23 53063
228052 4 23 53195
228054 4 1 53196
228080 4 2 52789
228082 4 21 53241
228108 4 14 52422
228112 4 21 52941
228138 4 22 52498
228140 4 23 52619
228142 4 22 53038
228144 4 9 52384
228148 4 1 52932
228152 4 2 52933
228158 4 9 52540
228160 4 5 52803
228172 4 23 52439
228180 4 22 53122
228196 4 9 53152
228206 4 22 53182
228208 4 22 52690
228210 4 1 53160
228212 4 23 52679
228214 4 10 53045
228216 4 22 53086
228218 4 21 52845
228220 4 23 53147
228234 4 14 52902
228238 4 19 53108
228242 4 10 52589
228244 4 3 52562
228246 4 9 52576
228248 4 21 52965
228266 4 14 52950
228268 4 21 52953
228292 4 14 52530
228294 4 14 52566
228296 4 22 52966
228320 4 2 53209
228334 4 22 53230
228344 4 1 52632
228360 4 22 52546
228362 4 22 52954
228394 4 19 53036
228398 4 1 52356
228400 4 3 52418
228402 4 9 53008
228404 4 19 52856
228406 4 15 53215
228420 4 19 52652
228438 4 2 53113
228448 4 5 52647
228480 4 5 53019
228494 4 1 52920
228506 4 15 52987
228512 4 23 52907
228544 4 14 52890
228546 4 23 52895
228558 4 19 52664
228560 4 15 52879
228570 4 14 52494
228578 4 19 53012
228628 4 2 53173
228632 4 14 53202
228638 4 19 53204
228662 4 1 53136
228672 4 21 53097
228710 4 9 53128
228742 4 10 52313
228746 4 22 53098
228858 4 15 53071
228898 4 5 53079
228974 4 3 53102
229020 4 14 53226
229228 4 19 56328
229230 4 22 56354
229232 4 23 56355
229234 4 1 56356
229236 4 2 56357
229238 4 23 56391
229240 4 1 56392
229242 4 15 56435
229244 4 15 56327
229246 4 3 56382
229248 4 1 56380
229250 4 10 56325
229252 4 21 56329
229254 4 5 56383
229256 4 9 56384
229258 4 10 56385
229260 4 14 56386
229262 4 15 56387
229264 4 1 56464
229266 4 23 56499
229268 4 10 56529
229270 4 14 56326
229272 4 22 56330
229274 4 14 56338
229276 4 10 56409
229278 4 14 56410
229280 4 15 56423
229282 4 19 56352
229284 4 21 56353
229286 4 21 56389
229288 4 23 56403
229290 4 23 56439
229292 4 22 56390
229294 4 5 56503
229296 4 19 56448
229298 4 21 56449
229300 4 22 56450
229302 4 23 56451
229304 4 15 56471
229306 4 19 56472
229308 4 21 56473
229310 4 22 56474
229312 4 19 56700
229314 4 5 56839
229316 4 21 56509
229318 4 23 56331
229320 4 23 56379
229322 4 2 56381
229324 4 3 56334
229326 4 5 56335
229328 4 9 56336
229330 4 10 56337
229332 4 1 56320
229334 4 2 56321
229338 4 2 56585
229340 4 3 56646
229342 4 21 56497
229350 4 23 56475
229352 4 23 56523
229354 4 1 56524
229356 4 2 56525
229358 4 3 56526
229360 4 22 56582
229362 4 14 56746
229364 4 9 56816
229366 4 3 56358
229368 4 5 56359
229370 4 9 56360
229372 4 10 56361
229374 4 19 56436
229376 4 22 56462
229378 4 21 56485
229380 4 15 56339
229382 4 19 56340
229384 4 21 56341
229386 4 22 56342
229388 4 3 56574
229390 4 9 56444
229392 4 10 56445
229394 4 14 56446
229396 4 15 56447
229398 4 15 56651
229400 4 14 56770
229402 4 15 56771
229404 4 19 56772
229406 4 21 56773
229408 4 14 56938
229410 4 15 56411
229412 4 14 56350
229414 4 15 56351
229416 4 19 56388
229418 4 14 56470
229420 4 5 56515
229422 4 9 56516
229424 4 10 56517
229426 4 14 56518
229428 4 21 56581
229430 4 9 56744
229432 4 23 56811
229434 4 23 56343
229436 4 1 56344
229438 4 2 56345
229440 4 3 56346
229442 4 5 56347
229444 4 3 56322
229458 4 1 56536
229460 4 2 56537
229462 4 3 56538
229464 4 5 56539
229466 4 2 56717
229468 4 5 56863
229470 4 9 56864
229472 4 10 56865
229474 4 14 56866
229476 4 21 56905
229478 4 22 56906
229480 4 23 56907
229482 4 1 56908
229484 4 1 56944
229486 4 5 56959
229488 4 19 57000
229490 4 1 57172
229492 4 15 57287
229494 4 3 56430
229496 4 5 56431
229498 4 9 56432
229500 4 10 56433
229510 4 5 56527
229512 4 22 56774
229514 4 2 56405
229516 4 3 56406
229518 4 5 56407
229520 4 9 56408
229522 4 19 56412
229524 4 5 56371
229526 4 9 56372
229528 4 10 56373
229530 4 14 56374
229532 4 21 56437
229534 4 5 56587
229536 4 9 56588
229538 4 10 56589
229540 4 14 56590
229542 4 15 56615
229544 4 15 56783
229546 4 3 56394
229548 4 14 56434
229550 4 10 56481
229552 4 14 56482
229554 4 15 56483
229556 4 19 56484
229558 4 19 56604
229560 4 14 56614
229562 4 2 56825
229566 4 10 56493
229568 4 14 56494
229570 4 15 56495
229572 4 19 56496
229574 4 2 56633
229576 4 3 56634
229578 4 5 56635
229580 4 9 56636
229582 4 15 56639
229584 4 21 56641
229586 4 9 56648
229588 4 1 56872
229590 4 5 57091
229594 4 9 56504
229596 4 10 56505
229598 4 14 56506
229600 4 15 56507
229602 4 19 56580
229604 4 10 56625
229606 4 5 56575
229608 4 9 56576
229610 4 10 56577
229612 4 14 56578
229614 4 3 56586
229616 4 19 56724
229618 4 21 56725
229620 4 22 56726
229622 4 23 56727
229624 4 5 56743
229626 4 23 56823
229628 4 19 57012
229630 4 1 56452
229632 4 2 56453
229634 4 3 56454
229636 4 5 56455
229638 4 15 56375
229640 4 19 56376
229642 4 21 56377
229644 4 22 56378
229654 4 23 56583
229656 4 15 56699
229678 4 5 56719
229680 4 9 56720
229682 4 10 56721
229684 4 14 56722
229686 4 15 56723
229688 4 3 56838
229700 4 21 57085
229702 4 22 57086
229704 4 23 57087
229706 4 1 57088
229708 4 1 57256
229710 4 2 57317
229712 4 1 56512
229714 4 19 56628
229716 4 3 56502
229718 4 23 56547
229720 4 1 56548
229722 4 2 56549
229724 4 3 56550
229726 4 5 56599
229728 4 5 56323
229734 4 5 56551
229736 4 9 56552
229738 4 10 56553
229740 4 14 56554
229742 4 21 56689
229744 4 3 56718
229746 4 3 56742
229748 4 3 56910
229750 4 23 56367
229752 4 21 56425
229754 4 2 56417
229756 4 3 56418
229758 4 5 56419
229760 4 9 56420
229762 4 19 56424
229764 4 14 56530
229766 4 15 56531
229768 4 19 56532
229770 4 21 56533
229772 4 10 56541
229774 4 19 56556
229776 4 21 56737
229778 4 10 56457
229780 4 14 56458
229782 4 15 56459
229784 4 19 56460
229786 4 23 56535
229788 4 1 56584
229794 4 1 56476
229796 4 2 56477
229798 4 22 56498
229800 4 15 56567
229810 4 22 56642
229812 4 23 56643
229814 4 1 56644
229816 4 2 56645
229818 4 21 56413
229820 4 22 56414
229822 4 23 56415
229824 4 1 56416
229826 4 10 56733
229828 4 14 56734
229830 4 15 56735
229832 4 19 56736
229842 4 15 56555
229844 4 22 56570
229846 4 23 56571
229848 4 1 56572
229850 4 2 56573
229852 4 15 56579
229854 4 9 56732
229864 4 22 56738
229866 4 23 56739
229868 4 1 56740
229870 4 2 56741
229872 4 22 56426
229874 4 23 56427
229876 4 1 56428
229878 4 2 56429
229880 4 9 56456
229882 4 2 56513
229892 4 10 56685
229894 4 14 56686
229896 4 15 56687
229898 4 19 56688
229900 4 23 56715
229902 4 1 56752
229904 4 23 56835
229906 4 10 56937
229916 4 14 56542
229918 4 15 56543
229920 4 19 56544
229922 4 21 56545
229924 4 1 56788
229926 4 14 56362
229928 4 15 56363
229930 4 19 56364
229932 4 21 56365
229934 4 2 56369
229936 4 23 56595
229938 4 1 56596
229940 4 2 56597
229942 4 3 56598
229944 4 22 56714
229946 4 1 56716
229960 4 5 56479
229962 4 9 56480
229964 4 2 56501
229966 4 19 56568
229970 4 1 56440
229972 4 2 56441
229974 4 3 56442
229976 4 5 56443
229978 4 23 56487
229980 4 1 56728
229982 4 2 56729
229984 4 3 56730
229986 4 5 56731
229988 4 15 56795
229990 4 19 56796
229992 4 21 56797
229994 4 22 56798
229996 4 21 56821
229998 4 10 56913
230000 4 1 56920
230002 4 21 56977
230004 4 23 56991
230014 4 3 56478
230016 4 22 56546
230018 4 9 56324
230022 4 22 56438
230036 4 23 56871
230038 4 2 56909
230046 4 2 56465
230048 4 3 56466
230050 4 5 56467
230052 4 9 56468
230054 4 22 56486
230056 4 9 56684
230086 4 10 56745
230088 4 22 56834
230090 4 9 56936
230098 4 10 56565
230100 4 14 56566
230102 4 5 56659
230104 4 9 56660
230106 4 5 56779
230108 4 9 56780
230110 4 22 56786
230112 4 14 56950
230114 4 15 56951
230116 4 19 56952
230118 4 21 56953
230120 4 3 56958
230122 4 19 57228
230124 4 21 57229
230126 4 22 57230
230128 4 23 57231
230130 4 1 57232
230132 4 21 57313
230134 4 22 57314
230136 4 2 56561
230138 4 3 56562
230140 4 5 56563
230142 4 9 56564
230144 4 22 56594
230146 4 21 56845
230148 4 23 56511
230150 4 9 56600
230152 4 10 56601
230154 4 14 56602
230156 4 15 56603
230158 4 22 56846
230162 4 10 56397
230164 4 1 56620
230166 4 2 56621
230168 4 3 56622
230170 4 5 56623
230172 4 14 56650
230174 4 9 56696
230176 4 10 56697
230184 4 10 56661
230186 4 14 56662
230188 4 1 56668
230190 4 5 56887
230192 4 9 56888
230194 4 10 56889
230196 4 14 56890
230198 4 15 57119
230200 4 19 57120
230202 4 22 56690
230204 4 1 56692
230216 4 23 56775
230218 4 1 56776
230220 4 2 56777
230222 4 3 56778
230224 4 10 56781
230226 4 14 56782
230228 4 19 56784
230230 4 23 56787
230232 4 2 57293
230234 4 3 57294
230236 4 5 57295
230238 4 9 57296
230240 4 23 57303
230242 4 19 57312
230244 4 14 57322
230250 4 10 56637
230252 4 5 57079
230254 4 9 57080
230256 4 10 57081
230258 4 14 57082
230260 4 2 57125
230262 4 3 57126
230264 4 5 57127
230266 4 9 57128
230270 4 21 56605
230272 4 22 56606
230274 4 23 56607
230276 4 1 56608
230278 4 2 56609
230280 4 3 57066
230282 4 5 57067
230284 4 9 57068
230286 4 10 57069
230288 4 14 57070
230292 4 3 56514
230294 4 14 56830
230296 4 15 56831
230298 4 19 56832
230300 4 21 56833
230302 4 23 56943
230314 4 3 56610
230316 4 5 56611
230318 4 9 56612
230320 4 10 56613
230322 4 10 56853
230324 4 2 57065
230332 4 22 56366
230340 4 23 56691
230344 4 2 56693
230348 4 5 56803
230350 4 9 56804
230352 4 10 56805
230354 4 14 56806
230356 4 1 56812
230358 4 2 56813
230360 4 3 56814
230362 4 5 56815
230364 4 22 56822
230366 4 14 56854
230368 4 15 57083
230372 4 21 56629
230374 4 22 56630
230376 4 23 56631
230378 4 1 56632
230380 4 14 56638
230382 4 2 56861
230396 4 3 56862
230402 4 21 56557
230404 4 22 56558
230406 4 23 56559
230408 4 1 56560
230414 4 2 56489
230416 4 3 56490
230418 4 5 56491
230420 4 9 56492
230422 4 5 56647
230424 4 19 56652
230426 4 15 56663
230428 4 19 56664
230430 4 21 56665
230432 4 22 56666
230434 4 23 56667
230436 4 2 56873
230438 4 9 56876
230440 4 10 57093
230442 4 1 57100
230454 4 21 56653
230456 4 22 56654
230458 4 23 56655
230460 4 1 56656
230462 4 2 56657
230464 4 3 56658
230466 4 3 56874
230470 4 15 56675
230472 4 19 56676
230474 4 21 56677
230476 4 22 56678
230478 4 23 56679
230480 4 2 56885
230482 4 1 56368
230484 4 2 56669
230486 4 3 56670
230488 4 5 56671
230490 4 9 56672
230492 4 10 56673
230494 4 2 56705
230496 4 3 56706
230502 4 3 56370
230506 4 23 56463
230508 4 23 56799
230510 4 1 56800
230512 4 2 56801
230514 4 3 56802
230516 4 15 56807
230518 4 19 56808
230520 4 21 56809
230522 4 22 56810
230524 4 5 56875
230526 4 22 57182
230530 4 9 56708
230532 4 10 56709
230534 4 14 56710
230536 4 15 56711
230538 4 19 56712
230540 4 2 56393
230542 4 9 56540
230580 4 2 56753
230582 4 3 56754
230584 4 5 56755
230586 4 9 56756
230588 4 21 56761
230590 4 19 56352
230592 4 21 56353
230594 4 21 56389
230606 4 10 56757
230608 4 14 56758
230610 4 15 56759
230612 4 19 56760
230614 4 1 56836
230616 4 15 56939
230620 4 5 56359
230622 4 9 56360
230624 4 10 56361
230628 4 3 56766
230630 4 5 56767
230632 4 9 56768
230634 4 10 56769
230636 4 2 56837
230638 4 19 56940
230656 4 1 56680
230658 4 2 56681
230660 4 3 56682
230662 4 5 56683
230664 4 21 56713
230666 4 21 56785
230686 4 15 56399
230688 4 21 56401
230690 4 22 56402
230692 4 1 56404
230694 4 1 56500
230696 4 21 56569
230698 4 3 56826
230700 4 5 56827
230702 4 9 56828
230704 4 10 56829
230706 4 23 56919
230708 4 22 56990
230710 4 9 56396
230712 4 9 56528
230714 4 19 56616
230716 4 21 56617
230718 4 22 56618
230720 4 23 56619
230722 4 10 56649
230724 4 3 56694
230726 4 5 56695
230752 4 9 56624
230764 4 22 56942
230766 4 10 52189
230768 4 5 52163
230772 4 2 52113
230788 4 1 54272
230790 4 2 54273
230792 4 3 54274
230794 4 5 54275
230796 4 19 54412
230798 4 5 54527
230800 4 19 54652
230802 4 2 54693
230804 4 15 54939
230806 4 21 54941
230808 4 22 54942
230810 4 2 55041
230812 4 3 55042
230814 4 5 55043
230816 4 9 55044
230818 4 1 55220
230820 4 15 55239
230876 4 9 54276
230878 4 5 54299
230880 4 1 54812
230882 4 2 54813
230884 4 3 54814
230886 4 5 54815
230888 4 5 54947
230890 4 9 54948
230892 4 10 54949
230894 4 14 54950
230896 4 5 55067
230898 4 10 54277
230900 4 19 54376
230902 4 19 54808
230904 4 21 54809
230906 4 22 54810
230908 4 23 54811
230910 4 1 54872
230912 4 14 54278
230914 4 2 54465
230916 4 23 54511
230918 4 23 54883
230920 4 1 54884
230922 4 2 54885
230924 4 3 54886
230926 4 19 55240
230928 4 15 54279
230930 4 19 54280
230932 4 21 54281
230934 4 22 54282
230936 4 2 54285
230938 4 23 54367
230940 4 10 54517
230942 4 14 54518
230944 4 19 54520
230946 4 22 54726
230948 4 3 54730
230950 4 10 54769
230952 4 21 54881
230954 4 19 55108
230956 4 21 55109
230958 4 23 55111
230960 4 9 55164
230962 4 2 55293
230964 4 5 55295
231018 4 23 54283
231020 4 1 54284
231022 4 10 54925
231024 4 14 54926
231026 4 15 54927
231028 4 19 54928
231034 4 22 55110
231042 4 15 54327
231044 4 19 54328
231046 4 10 54337
231048 4 22 54378
231050 4 23 54823
231060 4 10 54985
231088 4 3 54286
231090 4 5 54287
231092 4 9 54288
231094 4 10 54289
231096 4 2 54381
231098 4 3 54430
231100 4 3 54610
231102 4 9 54612
231104 4 10 54613
231106 4 22 54654
231108 4 9 54756
231110 4 15 54759
231112 4 3 54778
231114 4 9 54780
231116 4 10 54781
231118 4 22 54786
231120 4 3 54970
231122 4 9 55032
231124 4 10 55033
231126 4 14 55070
231128 4 15 55071
231130 4 19 55072
231132 4 23 55147
231134 4 3 55222
231136 4 14 55250
231138 4 15 55251
231204 4 14 54290
231206 4 15 54291
231208 4 19 54292
231210 4 21 54293
231212 4 14 54338
231214 4 15 54411
231216 4 22 54666
231218 4 23 54667
231220 4 2 54669
231222 4 19 54856
231224 4 21 54857
231226 4 22 54858
231228 4 23 54859
231230 4 23 54895
231232 4 5 54911
231234 4 21 55265
231296 4 22 54294
231298 4 22 54354
231300 4 1 54356
231302 4 2 54357
231304 4 14 54794
231306 4 23 54295
231308 4 1 54296
231310 4 2 54297
231312 4 3 54298
231314 4 9 54300
231316 4 19 54532
231318 4 3 54670
231320 4 5 54671
231322 4 9 54672
231324 4 10 54673
231326 4 15 54771
231328 4 19 54772
231330 4 21 54773
231332 4 22 54774
231334 4 14 54782
231336 4 14 55046
231338 4 9 55152
231340 4 10 55153
231342 4 14 55154
231344 4 15 55155
231414 4 1 54824
231416 4 2 54825
231418 4 3 54826
231420 4 5 54827
231430 4 14 55274
231452 4 10 54301
231454 4 14 54302
231456 4 15 54303
231458 4 19 54304
231460 4 10 54361
231462 4 23 54391
231464 4 2 54453
231466 4 2 54621
231468 4 1 54728
231476 4 2 54933
231478 4 9 54984
231490 4 21 55073
231496 4 14 55190
231498 4 15 55191
231560 4 21 54305
231562 4 22 54306
231564 4 23 54307
231566 4 1 54308
231568 4 2 54309
231570 4 3 54310
231572 4 9 54312
231574 4 10 54313
231576 4 19 54352
231578 4 21 54353
231580 4 19 54760
231582 4 9 54792
231584 4 22 54834
231586 4 5 54887
231588 4 9 54888
231590 4 10 54889
231592 4 23 55123
231594 4 1 55124
231596 4 2 55125
231598 4 3 55126
231600 4 15 55131
231602 4 19 55132
231604 4 21 55133
231606 4 22 55134
231608 4 23 55135
231610 4 2 55221
231612 4 10 55273
231616 4 3 55294
231720 4 5 54311
231726 4 14 54314
231730 4 3 54418
231732 4 3 54466
231734 4 9 54468
231736 4 14 54470
231738 4 15 54471
231742 4 15 54951
231744 4 1 55040
231752 4 22 55254
231754 4 23 55255
231756 4 1 55256
231758 4 19 55264
231760 4 22 55290
231852 4 15 54315
231854 4 19 54316
231856 4 21 54317
231858 4 22 54318
231860 4 9 54480
231862 4 22 54534
231864 4 5 54731
231866 4 23 54943
231868 4 2 54945
231870 4 3 54946
231872 4 1 55028
231874 4 2 55029
231876 4 21 55157
231878 4 22 55158
231880 4 3 55162
231932 4 23 54319
231934 4 5 54563
231936 4 9 54564
231938 4 10 54565
231940 4 15 54675
231942 4 21 54821
231944 4 1 54320
231946 4 15 54591
231948 4 21 54593
231950 4 22 54594
231952 4 14 54710
231954 4 2 54321
231956 4 21 54401
231958 4 23 54403
231960 4 10 54445
231962 4 5 54791
231964 4 5 55019
231966 4 9 55020
231968 4 10 55021
231970 4 14 55022
231972 4 3 54322
231974 4 5 54323
231976 4 9 54324
231978 4 10 54325
231980 4 23 54427
231982 4 14 54614
231984 4 15 54615
231986 4 19 54616
231988 4 5 54659
231990 4 9 54912
231992 4 9 55092
231994 4 10 55093
231996 4 14 55094
231998 4 1 55112
232000 4 2 55113
232002 4 3 55114
232004 4 5 55115
232006 4 9 55236
232064 4 14 54326
232066 4 15 54339
232068 4 21 54341
232070 4 22 54342
232072 4 14 54686
232080 4 1 54932
232088 4 21 54329
232090 4 22 54330
232096 4 22 54510
232098 4 14 54590
232116 4 23 55099
232118 4 1 55100
232120 4 3 55102
232122 4 21 55193
232124 4 22 55194
232126 4 10 55249
232196 4 23 54331
232198 4 1 54332
232200 4 14 54674
232202 4 19 55084
232204 4 21 55085
232206 4 22 55086
232208 4 23 55087
232222 4 5 55103
232224 4 2 54333
232226 4 3 54334
232228 4 5 54335
232230 4 9 54336
232232 4 9 54360
232234 4 5 54419
232236 4 1 54440
232238 4 19 54604
232240 4 23 54727
232242 4 15 54987
232244 4 21 54989
232246 4 23 55015
232248 4 1 55016
232250 4 3 55018
232252 4 2 55053
232254 4 19 55060
232262 4 22 55098
232264 4 23 55183
232266 4 1 55184
232376 4 19 54340
232382 4 23 54343
232384 4 1 54344
232386 4 3 54382
232388 4 9 54528
232390 4 10 54601
232392 4 23 54643
232396 4 23 54787
232398 4 3 54790
232400 4 14 54806
232402 4 23 54871
232404 4 19 54892
232406 4 3 54982
232408 4 19 55036
232410 4 22 55038
232412 4 23 55039
232414 4 19 55276
232416 4 21 55277
232494 4 2 54345
232496 4 3 54346
232498 4 5 54347
232504 4 2 54789
232514 4 14 55118
232516 4 15 55119
232518 4 19 55120
232520 4 22 55122
232522 4 3 55258
232524 4 5 55259
232526 4 1 55292
232608 4 9 54348
232610 4 10 54349
232612 4 14 54350
232614 4 15 54351
232616 4 3 54454
232618 4 23 54463
232620 4 10 54757
232626 4 14 54890
232628 4 22 54906
232630 4 23 54907
232632 4 1 54908
232634 4 5 54995
232636 4 15 55047
232638 4 10 55117
232640 4 5 55127
232642 4 10 55129
232752 4 23 54355
232758 4 3 54358
232762 4 5 54611
232766 4 19 54724
232768 4 14 54758
232770 4 19 54784
232774 4 21 54833
232776 4 3 54958
232778 4 5 54959
232780 4 2 55197
232782 4 10 55225
232784 4 14 55238
232866 4 5 54359
232868 4 10 54481
232870 4 19 54484
232872 4 23 54535
232874 4 19 54832
232884 4 10 54649
232890 4 1 54788
232914 4 14 54362
232916 4 3 54586
232918 4 9 54588
232920 4 10 54589
232922 4 19 54748
232924 4 14 54866
232926 4 15 54867
232928 4 19 54868
232930 4 21 54869
232932 4 23 55231
232934 4 15 54363
232936 4 19 54364
232938 4 21 54365
232940 4 22 54366
232942 4 19 54400
232944 4 22 54450
232946 4 19 54712
232948 4 21 54713
232950 4 21 54725
232956 4 15 55059
232964 4 9 55104
232966 4 10 55105
232968 4 14 55106
232970 4 5 55163
233042 4 22 54726
233052 4 1 54368
233054 4 2 54369
233056 4 3 54370
233058 4 5 54371
233060 4 15 54975
233062 4 19 54976
233064 4 22 54978
233066 4 14 55082
233108 4 9 54372
233110 4 10 54373
233112 4 14 54374
233114 4 15 54375
233122 4 2 54873
233124 4 19 55216
233126 4 21 55217
233128 4 22 55218
233130 4 23 55219
233192 4 21 54377
233196 4 5 54779
233200 4 21 54929
233218 4 2 55101
233224 4 23 54379
233230 4 1 54668
233232 4 3 54802
233234 4 9 54804
233236 4 10 54805
233238 4 15 54807
233240 4 9 54924
233242 4 1 54380
233244 4 14 54626
233246 4 19 54628
233248 4 21 54629
233250 4 19 54820
233262 4 9 54612
233282 4 21 55037
233290 4 5 54383
233294 4 5 54803
233300 4 22 54966
233302 4 1 54968
233304 4 2 54969
233306 4 9 54996
233308 4 9 54384
233310 4 2 54729
233312 4 19 55048
233314 4 21 55049
233316 4 22 55050
233318 4 23 55051
233320 4 10 54385
233322 4 1 54488
233324 4 3 54490
233326 4 21 54653
233328 4 10 54745
233330 4 14 54746
233332 4 1 55280
233334 4 2 55281
233336 4 3 55282
233338 4 5 55283
233340 4 14 54386
233342 4 15 54387
233344 4 19 54388
233346 4 21 54389
233348 4 3 54394
233350 4 15 54567
233352 4 22 54714
233354 4 22 54870
233356 4 14 54962
233358 4 15 54963
233360 4 19 54964
233362 4 19 55024
233364 4 21 55025
233366 4 22 55026
233368 4 23 55027
233370 4 21 55097
233372 4 3 55186
233374 4 5 55187
233376 4 9 55188
233378 4 10 55189
233380 4 22 55266
233382 4 23 55267
233384 4 1 55268
233386 4 2 55269
233448 4 22 54390
233450 4 9 54660
233458 4 22 54882
233486 4 1 54392
233488 4 2 54393
233490 4 14 54530
233492 4 5 54971
233494 4 9 54972
233496 4 10 54973
233498 4 14 54974
233500 4 5 55271
233532 4 5 54395
233540 4 15 55095
233542 4 9 54396
233544 4 10 54397
233546 4 14 54398
233548 4 15 54399
233550 4 2 54405
233552 4 3 54406
233554 4 10 54529
233556 4 14 54650
233558 4 23 54835
233560 4 1 54836
233562 4 2 54837
233564 4 3 54838
233568 4 23 54967
233574 4 22 55230
233650 4 22 54402
233654 4 1 54404
233656 4 10 54421
233658 4 14 54422
233660 4 1 54428
233672 4 1 54860
233674 4 2 54861
233676 4 3 54862
233678 4 5 54863
233680 4 15 54903
233682 4 22 54930
233686 4 10 54949
233788 4 5 54407
233790 4 9 54408
233792 4 10 54409
233794 4 14 54410
233796 4 5 54839
233798 4 9 54840
233832 4 14 54290
233834 4 19 54292
233836 4 21 54293
233846 4 5 54911
233848 4 1 54272
233852 4 3 54274
233856 4 2 54693
233860 4 19 54940
233866 4 15 55239
233868 4 21 54413
233870 4 22 54414
233872 4 23 54415
233874 4 1 54416
233882 4 10 54841
233924 4 2 54417
233926 4 15 54531
233942 4 15 54471
233952 4 22 55290
233960 4 5 54419
233972 4 19 55060
233974 4 9 54420
233976 4 19 54640
233978 4 22 54738
233986 4 19 55096
233988 4 19 55252
234026 4 15 54423
234028 4 19 54424
234030 4 21 54425
234032 4 22 54426
234038 4 9 54864
234040 4 10 54865
234096 4 9 54912
234108 4 2 54429
234122 4 9 54288
234126 4 22 54654
234138 4 14 55250
234140 4 5 54431
234142 4 23 54715
234144 4 1 54716
234146 4 3 54718
234148 4 5 54719
234150 4 21 54785
234152 4 9 54828
234154 4 14 54830
234156 4 15 55023
234158 4 9 54432
234160 4 10 54433
234162 4 14 54434
234164 4 15 54435
234166 4 19 54436
234168 4 21 54437
234170 4 23 54451
234172 4 1 54452
234174 4 21 54497
234176 4 22 54498
234178 4 2 54513
234180 4 3 54514
234182 4 9 54516
234184 4 21 54677
234186 4 1 54692
234188 4 14 54734
234190 4 15 54735
234192 4 3 54874
234194 4 5 54875
234196 4 19 54904
234198 4 9 55176
234200 4 9 55284
234202 4 10 55285
234204 4 23 55291
234292 4 22 54438
234294 4 23 54439
234296 4 5 54455
234298 4 14 54458
234304 4 23 54499
234310 4 22 54702
234312 4 10 54733
234314 4 21 54737
234404 4 21 54989
234418 4 2 54441
234420 4 3 54442
234422 4 5 54443
234424 4 9 54444
234426 4 21 54533
234428 4 22 54630
234430 4 15 54687
234432 4 19 54688
234434 4 21 54749
234436 4 22 54762
234438 4 14 54770
234440 4 21 54917
234442 4 5 54983
234444 4 3 55054
234446 4 5 55055
234448 4 9 55056
234450 4 10 55057
234452 4 2 55161
234454 4 3 55270
234538 4 14 54446
234540 4 15 54447
234542 4 19 54448
234544 4 21 54449
234546 4 1 54512
234548 4 3 54526
234550 4 10 54793
234556 4 3 55102
234558 4 5 55151
234562 4 19 55204
234564 4 21 55205
234566 4 22 55206
234568 4 1 55208
234570 4 23 55243
234572 4 1 55244
234574 4 2 55245
234576 4 3 55246
234636 4 22 54450
234646 4 15 55107
234656 4 14 54674
234664 4 15 55287
234706 4 10 55033
234716 4 14 55190
234722 4 10 54349
234734 4 5 54995
234744 4 9 54456
234746 4 10 54457
234754 4 15 54711
234766 4 1 55136
234828 4 15 54459
234830 4 19 54460
234832 4 21 54461
234834 4 22 54462
234836 4 9 54600
234838 4 2 54609
234842 4 19 54988
234846 4 22 54990
234854 4 9 55260
234856 4 10 55261
234910 4 14 54350
234912 4 23 54463
234918 4 14 54890
234920 4 10 55117
234926 4 1 54464
234930 4 14 55118
234936 4 21 55121
234938 4 14 54278
234944 4 23 54511
234948 4 1 54884
234950 4 2 54885
234960 4 19 55240
234966 4 3 54466
234968 4 5 54467
234972 4 10 54469
234974 4 14 54470
234978 4 15 54951
234982 4 9 55128
234986 4 14 55130
235094 4 19 54472
235100 4 15 54831
235104 4 21 54473
235106 4 22 54474
235108 4 5 55139
235110 4 9 55140
235112 4 10 55141
235114 4 14 55142
235120 4 9 54900
235130 4 23 54475
235132 4 1 54476
235134 4 1 54896
235136 4 3 54898
235138 4 5 54899
235140 4 15 55143
235142 4 19 55144
235144 4 21 55145
235146 4 22 55146
235148 4 3 55150
235162 4 2 54477
235172 4 1 55148
235174 4 3 54478
235176 4 23 54775
235178 4 14 54842
235180 4 19 54844
235182 4 21 54845
235184 4 14 55226
235186 4 5 54479
235196 4 2 55149
235200 4 22 54318
235204 4 22 54534
235206 4 5 54731
235208 4 21 55157
235212 4 23 55159
235214 4 3 55162
235218 4 10 54481
235220 4 14 54482
235222 4 15 54483
235224 4 19 54484
235226 4 23 54535
235230 4 19 54628
235232 4 15 54651
235234 4 15 54795
235236 4 19 54796
235238 4 19 54820
235240 4 19 54832
235244 4 15 54843
235248 4 5 54923
235252 4 1 54944
235256 4 1 55028
235258 4 21 55061
235260 4 9 55068
235262 4 10 55213
235330 4 21 54485
235332 4 1 55172
235334 4 2 55173
235336 4 3 55174
235338 4 5 55175
235340 4 22 54486
235342 4 14 54494
235344 4 10 54901
235352 4 23 55171
235354 4 23 54487
235356 4 10 55177
235358 4 14 55178
235360 4 15 55179
235362 4 19 55180
235368 4 2 54489
235372 4 5 54491
235374 4 15 54495
235376 4 1 54536
235378 4 9 54732
235380 4 9 54744
235388 4 2 54897
235394 4 9 54960
235396 4 19 55156
235398 4 10 55165
235400 4 14 55166
235402 4 15 55167
235404 4 19 55168
235474 4 9 54492
235476 4 10 54493
235484 4 21 55169
235486 4 22 55170
235530 4 19 54496
235532 4 1 54524
235540 4 21 55181
235542 4 15 55203
235558 4 1 54500
235560 4 2 54501
235564 4 5 54743
235578 4 22 55182
235660 4 3 54502
235662 4 5 54503
235664 4 9 54504
235666 4 10 54505
235668 4 22 54522
235670 4 23 54523
235672 4 23 54703
235674 4 19 54736
235676 4 1 55088
235678 4 2 55089
235680 4 5 55091
235682 4 9 55116
235690 4 14 55202
235746 4 14 54506
235748 4 15 54507
235750 4 19 54508
235752 4 21 54509
235754 4 14 54602
235756 4 15 54603
235762 4 14 55034
235764 4 15 55035
235774 4 2 55257
235824 4 15 54327
235826 4 22 54330
235832 4 14 54590
235854 4 23 54991
235856 4 1 54992
235858 4 2 54993
235860 4 3 54994
235902 4 5 54515
235908 4 15 54627
235910 4 21 54629
235916 4 15 54891
235922 4 14 55286
235990 4 15 54279
235992 4 19 54280
235994 4 2 54285
235996 4 10 54517
235998 4 14 54518
236000 4 15 54519
236002 4 19 54520
236004 4 3 54730
236006 4 10 54769
236014 4 3 55090
236078 4 21 54521
236080 4 14 54962
236082 4 15 54963
236084 4 19 54964
236086 4 21 54965
236130 4 2 54525
236146 4 23 55207
236180 4 5 54275
236182 4 5 54527
236184 4 19 54652
236186 4 2 55041
236188 4 3 55042
236190 4 5 55043
236192 4 9 55044
236194 4 1 55220
236198 4 19 54340
236202 4 9 54528
236204 4 23 54643
236206 4 23 54787
236208 4 3 54790
236212 4 3 54982
236216 4 22 55038
236228 4 10 54529
236230 4 23 54595
236232 4 1 54596
236234 4 14 54650
236236 4 1 54776
236238 4 1 54980
236240 4 1 54392
236244 4 15 54531
236246 4 10 54913
236248 4 5 54971
236250 4 9 54972
236252 4 10 54973
236254 4 5 55271
236262 4 5 54839
236266 4 23 54295
236268 4 3 54298
236270 4 9 54300
236272 4 19 54532
236274 4 3 54670
236276 4 9 54672
236278 4 10 54673
236280 4 14 54782
236292 4 3 55054
236304 4 19 54316
236320 4 2 55029
236360 4 5 54959
236366 4 2 54537
236368 4 3 54538
236370 4 14 54986
236376 4 15 54675
236378 4 5 54539
236384 4 21 54617
236386 4 14 54914
236388 4 19 54952
236390 4 21 54953
236392 4 22 54954
236394 4 23 54955
236396 4 9 54540
236398 4 10 54541
236400 4 14 54542
236402 4 15 54543
236404 4 19 54544
236406 4 21 54545
236408 4 22 54546
236410 4 23 54547
236412 4 1 54548
236414 4 19 54568
236416 4 21 54569
236418 4 22 54570
236420 4 23 54571
236422 4 1 54572
236424 4 2 54573
236426 4 3 54574
236428 4 5 54575
236430 4 9 54576
236432 4 21 54605
236434 4 22 54606
236436 4 14 54854
236468 4 23 54619
236470 4 1 54620
236472 4 23 54631
236474 4 1 54632
236476 4 2 54633
236478 4 3 54634
236480 4 21 54641
236482 4 3 54682
236484 4 5 54683
236486 4 10 54685
236488 4 23 54691
236492 4 21 54893
236494 4 21 54905
236496 4 21 55001
236498 4 22 55002
236500 4 23 55003
236502 4 1 55004
236504 4 14 55058
236506 4 3 55198
236508 4 5 55199
236510 4 9 55200
236512 4 10 55201
236514 4 1 55232
236516 4 2 55233
236518 4 3 55234
236520 4 5 55235
236522 4 14 55262
236568 4 10 54997
236570 4 14 54998
236572 4 15 54999
236574 4 19 55000
236768 4 2 54549
236770 4 3 54550
236772 4 5 54551
236774 4 9 54552
236776 4 10 54553
236778 4 14 54554
236780 4 15 54555
236782 4 19 54556
236784 4 21 54557
236786 4 10 54577
236788 4 14 54578
236790 4 15 54579
236792 4 19 54580
236794 4 21 54581
236796 4 22 54582
236798 4 1 54584
236800 4 2 54585
236802 4 23 54607
236804 4 1 54608
236806 4 5 54635
236808 4 9 54636
236810 4 10 54637
236812 4 14 54638
236814 4 1 54644
236816 4 3 54646
236818 4 5 54647
236820 4 10 54661
236822 4 14 54662
236824 4 15 54663
236826 4 19 54664
236828 4 19 54676
236830 4 15 54855
236832 4 19 54880
236834 4 22 54894
236836 4 14 54902
236838 4 22 54918
236844 4 14 54974
236846 4 2 55005
236848 4 3 55006
236850 4 5 55007
236852 4 10 55009
236854 4 14 55010
236856 4 15 55011
236858 4 19 55012
236860 4 21 55013
236862 4 22 55014
236864 4 9 55224
236866 4 19 55288
236894 4 23 54583
236914 4 9 55008
237162 4 22 54558
237164 4 23 54559
237166 4 1 54560
237168 4 2 54561
237170 4 21 54701
237172 4 5 54935
237174 4 9 54936
237176 4 10 54937
237178 4 14 54938
237180 4 15 54975
237182 4 19 54976
237184 4 21 54977
237186 4 10 55237
237240 4 3 54562
237242 4 22 54618
237244 4 3 54910
237246 4 19 55024
237248 4 22 55026
237250 4 23 55027
237252 4 5 55223
237254 4 23 54319
237256 4 5 54563
237258 4 9 54564
237260 4 10 54565
237262 4 14 54566
237264 4 21 54821
237266 4 22 54822
237268 4 23 55243
237270 4 1 55244
237272 4 2 55245
237274 4 5 55247
237276 4 1 55280
237278 4 5 55283
237330 4 14 54386
237332 4 15 54387
237334 4 19 54388
237336 4 3 54394
237338 4 15 54567
237348 4 21 55097
237436 4 3 54622
237438 4 5 54623
237440 4 9 54624
237442 4 10 54625
237496 4 22 54642
237498 4 3 54694
237500 4 9 54696
237502 4 10 54697
237508 4 15 54915
237532 4 15 55263
237804 4 23 54919
237806 4 1 54920
237808 4 3 54922
237820 4 21 55241
237856 4 2 54645
237862 4 9 54648
237864 4 23 54655
237866 4 1 54656
237868 4 2 54657
237870 4 3 54658
237880 4 2 54921
238060 4 14 54362
238062 4 15 54423
238064 4 19 54424
238066 4 22 54426
238068 4 2 54429
238070 4 3 54586
238072 4 5 54587
238074 4 9 54588
238076 4 10 54589
238080 4 9 54864
238082 4 10 54865
238084 4 14 54866
238086 4 15 54867
238088 4 21 54869
238096 4 2 55185
238098 4 23 55231
238170 4 21 54329
238182 4 10 55249
238184 4 14 55250
238186 4 1 54320
238188 4 15 54591
238190 4 19 54592
238192 4 21 54593
238194 4 22 54594
238196 4 15 54639
238198 4 10 54709
238200 4 14 54710
238202 4 3 55030
238252 4 2 54597
238254 4 3 54598
238266 4 15 55083
238268 4 9 55272
238320 4 5 54599
238324 4 19 54628
238326 4 21 54797
238330 4 23 55015
238332 4 1 55016
238334 4 2 55017
238342 4 22 54462
238346 4 2 54609
238348 4 15 54987
238350 4 21 54989
238352 4 22 54990
238354 4 23 55183
238356 4 3 55258
238368 4 21 54341
238370 4 23 54343
238372 4 1 54344
238374 4 3 54346
238376 4 10 54601
238378 4 14 54806
238380 4 14 55118
238382 4 15 55119
238384 4 19 55120
238386 4 22 55122
238430 4 2 54333
238434 4 9 54360
238436 4 1 54440
238438 4 19 54604
238440 4 23 54727
238448 4 1 55184
238598 4 3 54286
238600 4 9 54288
238602 4 10 54289
238604 4 22 54354
238606 4 1 54356
238608 4 3 54358
238610 4 2 54381
238612 4 3 54610
238614 4 5 54611
238616 4 9 54612
238618 4 10 54613
238620 4 14 54758
238622 4 15 54759
238624 4 3 54778
238626 4 10 54781
238628 4 22 54786
238630 4 14 54794
238632 4 21 54833
238634 4 21 54929
238640 4 10 54961
238642 4 3 54970
238644 4 10 55225
238646 4 15 55251
238728 4 3 54322
238730 4 5 54323
238732 4 23 54427
238738 4 15 54615
238744 4 9 54912
238754 4 1 55112
238756 4 2 55113
238758 4 3 55114
238828 4 23 54979
238894 4 10 54361
238896 4 2 54453
238900 4 1 54728
238908 4 15 55191
238934 4 5 54695
238940 4 14 54698
238942 4 15 54699
238944 4 19 54700
238946 4 1 54704
238948 4 2 54705
238950 4 3 54706
239024 4 1 54380
239028 4 2 54513
239030 4 5 54515
239050 4 19 54820
239062 4 10 55285
239066 4 15 55287
239452 4 19 54640
239454 4 14 54842
239456 4 21 54845
239462 4 19 55096
239538 4 22 54342
239540 4 3 54382
239546 4 14 54686
239552 4 23 55039
239594 4 21 54665
239612 4 23 54931
239618 4 15 55275
239756 4 10 54649
239760 4 1 54788
239762 4 19 54892
239774 4 14 54398
239780 4 14 54650
239782 4 22 54966
239784 4 23 54967
239786 4 1 54968
239788 4 22 55230
239792 4 14 54482
239810 4 5 54275
239818 4 5 55043
239824 4 10 54385
239826 4 21 54653
239830 4 2 55281
239832 4 3 55282
239840 4 3 54430
239842 4 22 54654
239846 4 9 54780
239860 4 19 55072
239862 4 23 55147
239864 4 3 55222
239888 4 21 54749
239890 4 22 54750
239892 4 23 54751
239894 4 1 54752
239896 4 2 54753
239898 4 3 54754
239900 4 5 54755
239902 4 23 54763
239904 4 1 54764
239906 4 2 54765
239908 4 3 54766
239910 4 5 54767
239912 4 9 54768
239926 4 2 54981
239928 4 10 55045
240040 4 9 54324
240042 4 5 54659
240044 4 9 55092
240046 4 10 55093
240048 4 14 55094
240056 4 5 55115
240058 4 9 55236
240060 4 22 54390
240062 4 9 54660
240116 4 15 54687
240118 4 21 54689
240120 4 22 54690
240146 4 3 54934
240150 4 5 54983
240264 4 14 54290
240266 4 21 54293
240268 4 23 54379
240270 4 15 54411
240272 4 22 54666
240274 4 23 54667
240276 4 1 54668
240278 4 2 54669
240280 4 3 54802
240282 4 9 54804
240284 4 15 54807
240286 4 19 54856
240288 4 21 54857
240290 4 23 54859
240292 4 5 54911
240294 4 9 54924
240296 4 21 55265
240360 4 23 54295
240362 4 1 54296
240370 4 5 54671
240372 4 9 54672
240374 4 10 54673
240376 4 15 54771
240378 4 21 54773
240380 4 22 54774
240382 4 14 54782
240384 4 15 54783
240386 4 14 55046
240456 4 23 54331
240458 4 23 54451
240460 4 14 54674
240468 4 23 55291
240502 4 9 54432
240504 4 14 54434
240506 4 19 54436
240508 4 21 54437
240510 4 23 54439
240512 4 5 54455
240514 4 14 54458
240518 4 22 54702
240520 4 21 54737
240522 4 3 54874
240526 4 22 54678
240528 4 23 54679
240530 4 1 54680
240532 4 2 54681
240536 4 22 54858
240538 4 23 54895
240540 4 19 54916
240542 4 15 54939
240544 4 19 54940
240546 4 21 54941
240548 4 5 55031
240610 4 9 54684
240628 4 5 54707
240630 4 9 54708
240632 4 15 54747
240634 4 9 54816
240636 4 14 54818
240638 4 15 54819
240640 4 3 54850
240642 4 5 54851
240644 4 9 54852
240646 4 10 54853
240650 4 1 54956
240652 4 2 54957
240654 4 19 55192
240662 4 2 55209
240664 4 5 55211
240666 4 9 55212
240668 4 15 55227
240670 4 19 55228
240678 4 14 55262
240800 4 14 54326
240824 4 5 54443
240834 4 19 54688
240844 4 14 54770
240846 4 21 54917
240858 4 3 55270
240950 4 14 55058
240956 4 9 55200
240962 4 10 54433
240970 4 22 54438
240972 4 21 54497
240974 4 22 54498
240976 4 23 54499
240978 4 1 54692
240982 4 19 54904
240984 4 9 55176
240988 4 2 54273
240990 4 3 54274
240992 4 19 54412
240994 4 2 54693
241000 4 22 54942
241002 4 15 55239
241006 4 3 54622
241048 4 9 54876
241050 4 10 54877
241052 4 14 54878
241066 4 21 55229
241074 4 21 55253
241282 4 22 54558
241284 4 1 54560
241286 4 2 54561
241288 4 21 54701
241290 4 15 54975
241296 4 10 55237
241304 4 9 54456
241314 4 3 54502
241316 4 9 54504
241320 4 22 54522
241466 4 14 54710
241482 4 10 54457
241486 4 15 54711
241488 4 10 54733
241490 4 9 55104
241492 4 15 55107
241494 4 1 55136
241496 4 15 54363
241498 4 21 54365
241500 4 22 54366
241502 4 19 54400
241504 4 22 54450
241506 4 19 54712
241508 4 21 54713
241514 4 15 55059
241518 4 10 55105
241520 4 14 55106
241532 4 21 54725
241540 4 14 54386
241542 4 15 54387
241544 4 21 54389
241546 4 22 54714
241550 4 21 55025
241552 4 22 55026
241554 4 23 55027
241556 4 3 55186
241558 4 5 55187
241560 4 9 55188
241562 4 10 55189
241564 4 5 54431
241566 4 23 54715
241568 4 23 54775
241570 4 9 54828
241572 4 14 54830
241574 4 15 55023
241576 4 1 55052
241580 4 1 54716
241582 4 2 54717
241584 4 3 54718
241586 4 5 54719
241588 4 9 54720
241590 4 10 54721
241592 4 15 54723
241594 4 21 54785
241596 4 19 55048
241598 4 21 55049
241600 4 1 55196
241660 4 14 54722
241664 4 5 55139
241666 4 9 55140
241668 4 1 55148
241700 4 22 54354
241704 4 5 54479
241706 4 19 54724
241708 4 19 54784
241710 4 15 55143
241712 4 21 55145
241714 4 2 55149
241716 4 2 55197
241720 4 19 54364
241732 4 19 55084
241734 4 23 55087
241736 4 5 55163
241738 4 15 54279
241740 4 21 54281
241742 4 22 54282
241744 4 23 54367
241746 4 22 54726
241748 4 19 55108
241750 4 21 55109
241752 4 9 55164
241754 4 2 55293
241756 4 5 55295
241760 4 5 54335
241762 4 9 54336
241774 4 22 55098
241776 4 10 54301
241778 4 14 54302
241780 4 19 54304
241784 4 2 54621
241792 4 9 54384
241794 4 2 54477
241796 4 2 54729
241802 4 23 55051
241806 4 19 54280
241810 4 10 54517
241812 4 19 54520
241814 4 3 54730
241816 4 10 54769
241818 4 21 54881
241824 4 15 54315
241826 4 22 54318
241828 4 9 54480
241830 4 22 54534
241832 4 5 54731
241834 4 21 55157
241836 4 22 55158
241838 4 3 55162
241840 4 1 54488
241842 4 3 54490
241844 4 5 54491
241846 4 1 54536
241848 4 9 54732
241850 4 9 54744
241852 4 1 54896
241854 4 5 54899
241858 4 9 54960
241860 4 19 55156
241862 4 14 55238
241884 4 15 54435
241886 4 1 54452
241890 4 3 54514
241892 4 9 54516
241896 4 15 54735
241918 4 5 54503
241922 4 23 54523
241924 4 19 54736
241926 4 1 55088
241928 4 2 55089
241930 4 9 55116
241932 4 10 55177
241934 4 14 55178
241936 4 15 55179
241938 4 14 55202
241960 4 22 54738
241964 4 10 54829
241968 4 15 54987
241978 4 19 55060
241980 4 19 55096
241982 4 23 55195
241984 4 23 54739
241986 4 1 54740
241988 4 2 54741
241990 4 3 54742
242018 4 1 54500
242020 4 2 54501
242022 4 5 54743
242024 4 1 55172
242026 4 2 55173
242028 4 22 55182
242040 4 10 54745
242048 4 10 54385
242058 4 14 54746
242066 4 15 54495
242104 4 14 54362
242106 4 2 54429
242108 4 3 54586
242110 4 9 54588
242112 4 10 54589
242114 4 19 54748
242116 4 10 54865
242118 4 14 54866
242122 4 21 54869
242124 4 23 55231
242132 4 23 54655
242148 4 22 54750
242152 4 1 54752
242154 4 2 54753
242160 4 21 54761
242162 4 22 54762
242172 4 2 54777
242184 4 10 55045
242190 4 10 55057
242192 4 3 55078
242194 4 5 55079
242196 4 9 55080
242402 4 5 54287
242404 4 2 54381
242406 4 3 54430
242408 4 9 54756
242410 4 14 55070
242414 4 23 55147
242416 4 14 55250
242418 4 9 54348
242420 4 14 54350
242422 4 15 54351
242424 4 10 54757
242426 4 5 54887
242428 4 10 54889
242430 4 22 54906
242432 4 1 54908
242434 4 5 54995
242436 4 15 55047
242438 4 10 55117
242440 4 10 55273
242444 4 1 54356
242446 4 3 54610
242448 4 10 54613
242452 4 15 54759
242454 4 3 54778
242458 4 14 54794
242460 4 21 54833
242464 4 15 55251
242484 4 22 54786
242488 4 3 54970
242492 4 21 54305
242494 4 19 54352
242496 4 21 54353
242498 4 19 54760
242504 4 23 55123
242506 4 1 55124
242508 4 2 55125
242510 4 3 55126
242512 4 15 55131
242628 4 22 55062
242630 4 2 55065
242638 4 10 55081
242640 4 3 55138
242642 4 15 55275
242794 4 2 54285
242798 4 14 54518
242838 4 2 54297
242848 4 19 54772
242856 4 9 55152
242858 4 10 55153
242860 4 14 55154
242862 4 15 55155
242938 4 3 54478
242948 4 14 54842
242954 4 14 55226
242956 4 10 54529
242958 4 23 54595
242960 4 1 54596
242962 4 3 54598
242964 4 1 54776
242966 4 1 54980
242972 4 15 55083
242974 4 9 55272
243010 4 21 54377
243022 4 5 54779
243034 4 9 55032
243038 4 15 55035
243040 4 3 55222
243120 4 9 54300
243132 4 15 54783
243144 4 23 54355
243146 4 2 54357
243182 4 9 54612
243200 4 19 54340
243202 4 23 54343
243204 4 1 54344
243206 4 5 54347
243210 4 9 54528
243214 4 23 54787
243216 4 1 54788
243218 4 2 54789
243220 4 3 54790
243222 4 14 54806
243224 4 23 54871
243226 4 19 54892
243228 4 3 54982
243232 4 5 55259
243234 4 9 55260
243236 4 1 55292
243312 4 2 54321
243314 4 21 54401
243316 4 23 54403
243318 4 10 54421
243320 4 1 54428
243322 4 10 54445
243324 4 5 54791
243328 4 23 54307
243332 4 9 54792
243340 4 2 55221
243344 4 3 55294
243348 4 14 54446
243350 4 15 54447
243352 4 19 54448
243354 4 10 54793
243356 4 23 55099
243358 4 3 55102
243360 4 5 55151
243362 4 21 55193
243364 4 23 55243
243366 4 1 55244
243368 4 2 55245
243370 4 3 55246
243372 4 22 54294
243390 4 10 54481
243392 4 19 54484
243394 4 14 54626
243398 4 15 54651
243400 4 15 54795
243402 4 19 54796
243408 4 5 54923
243410 4 9 55068
243412 4 10 55213
243428 4 19 54832
243434 4 5 54599
243438 4 15 54627
243442 4 21 54797
243450 4 14 55286
243454 4 22 54798
243456 4 23 54799
243458 4 1 54800
243460 4 2 54801
243462 4 23 54991
243464 4 1 54992
243466 4 3 54994
243468 4 22 55242
243510 4 23 54379
243512 4 5 54383
243516 4 23 54667
243518 4 3 54802
243520 4 5 54803
243522 4 9 54804
243524 4 10 54805
243528 4 9 54924
243530 4 22 54966
243532 4 2 54969
243534 4 9 54996
243596 4 21 54341
243602 4 10 54601
243630 4 10 54277
243632 4 19 54376
243634 4 19 54808
243636 4 21 54809
243638 4 22 54810
243640 4 23 54811
243642 4 1 54872
243646 4 9 55056
243652 4 23 55063
243654 4 1 55064
243658 4 14 55214
243660 4 15 55215
243734 4 9 54276
243736 4 9 54372
243738 4 10 54373
243740 4 15 54375
243742 4 1 54812
243744 4 2 54813
243746 4 3 54814
243748 4 5 54815
243750 4 2 54873
243752 4 5 54947
243754 4 9 54948
243756 4 10 54949
243758 4 3 55066
243760 4 5 55067
243762 4 19 55216
243764 4 21 55217
243766 4 22 55218
243768 4 23 55219
243854 4 10 54685
243858 4 10 54817
243862 4 15 54819
243864 4 2 54957
243866 4 3 55198
243868 4 5 55199
243870 4 2 55209
243872 4 3 55210
243874 4 5 55211
243942 4 1 54380
243960 4 23 54319
243962 4 5 54563
243964 4 9 54564
243966 4 10 54565
243968 4 21 54821
243970 4 22 54822
243972 4 1 55280
243974 4 5 55283
243988 4 1 54284
243992 4 19 54328
243994 4 10 54337
243996 4 22 54378
243998 4 23 54823
244000 4 10 54925
244002 4 14 54926
244004 4 15 54927
244006 4 10 54985
244010 4 1 55100
244014 4 22 55194
244016 4 5 54299
244020 4 22 54402
244022 4 1 54404
244026 4 1 54824
244028 4 2 54825
244030 4 3 54826
244032 4 5 54827
244034 4 15 54903
244036 4 22 54930
244042 4 14 54950
244044 4 14 55274
244114 4 19 54472
244128 4 15 54831
244132 4 19 54988
244136 4 15 55023
244204 4 5 54359
244210 4 23 54535
244232 4 5 54611
244244 4 5 54959
244246 4 10 55225
244250 4 22 54306
244252 4 2 54309
244254 4 3 54310
244256 4 9 54312
244258 4 10 54313
244260 4 22 54834
244262 4 19 55132
244264 4 21 55133
244266 4 22 55134
244268 4 9 54396
244270 4 2 54405
244272 4 3 54406
244274 4 21 54413
244276 4 22 54414
244278 4 1 54416
244280 4 23 54835
244282 4 1 54836
244284 4 2 54837
244286 4 3 54838
244288 4 10 54841
244348 4 5 54407
244350 4 9 54408
244352 4 10 54409
244354 4 2 54417
244356 4 15 54531
244358 4 5 54839
244360 4 9 54840
244390 4 14 54482
244392 4 19 54640
244402 4 15 54843
244404 4 19 54844
244408 4 23 54943
244410 4 1 54944
244416 4 22 55050
244418 4 21 55061
244424 4 23 55279
244502 4 22 54846
244504 4 23 54847
244506 4 1 54848
244508 4 2 54849
244510 4 5 55019
244512 4 10 55021
244514 4 14 55022
244516 4 22 55278
244572 4 9 54852
244576 4 9 54876
244578 4 10 54877
244580 4 14 54878
244582 4 15 54879
244592 4 15 55227
244598 4 21 55253
244694 4 9 54540
244696 4 10 54541
244698 4 14 54542
244700 4 19 54544
244702 4 23 54547
244704 4 1 54548
244706 4 19 54568
244708 4 21 54569
244710 4 23 54571
244712 4 3 54574
244714 4 5 54575
244716 4 22 54606
244718 4 23 54619
244720 4 23 54631
244722 4 1 54632
244724 4 2 54633
244726 4 21 54641
244728 4 14 54854
244730 4 21 54893
244734 4 22 55002
244736 4 23 55003
244738 4 1 55232
244740 4 2 55233
244744 4 5 55235
244746 4 2 54549
244748 4 3 54550
244750 4 5 54551
244752 4 9 54552
244754 4 10 54553
244756 4 14 54554
244758 4 15 54579
244760 4 19 54580
244762 4 21 54581
244764 4 22 54582
244766 4 1 54584
244768 4 2 54585
244770 4 1 54608
244772 4 5 54635
244774 4 10 54637
244776 4 14 54638
244778 4 1 54644
244780 4 5 54647
244782 4 15 54855
244784 4 19 54880
244786 4 22 54894
244788 4 5 55007
244790 4 10 55009
244792 4 14 55010
244794 4 9 55224
244796 4 14 54290
244798 4 15 54291
244800 4 21 54293
244802 4 14 54338
244806 4 2 54669
244808 4 22 54678
244812 4 1 54680
244814 4 19 54856
244816 4 21 54857
244820 4 23 54859
244822 4 23 54895
244824 4 5 54911
244826 4 5 55031
244828 4 21 55265
244906 4 10 54421
244908 4 14 54422
244910 4 1 54860
244912 4 2 54861
244914 4 3 54862
244916 4 5 54863
244960 4 15 54423
244962 4 19 54424
244964 4 22 54426
244970 4 9 54864
244972 4 10 54865
244986 4 19 54748
244992 4 14 54362
244994 4 22 54390
244998 4 9 54588
245002 4 14 54866
245004 4 15 54867
245006 4 19 54868
245008 4 21 54869
245010 4 22 54882
245070 4 15 54387
245072 4 3 54394
245074 4 15 54567
245076 4 22 54870
245078 4 14 54962
245080 4 15 54963
245082 4 19 54964
245084 4 21 55097
245086 4 22 55266
245088 4 23 55267
245090 4 1 55268
245092 4 2 55269
245116 4 3 55258
245166 4 10 54433
245168 4 14 54434
245170 4 19 54436
245172 4 21 54437
245174 4 21 54497
245176 4 22 54498
245178 4 21 54677
245180 4 1 54692
245182 4 3 54874
245184 4 5 54875
245186 4 19 54904
245188 4 9 55176
245198 4 23 54451
245200 4 1 54452
245212 4 23 55291
245232 4 22 55074
245234 4 23 55075
245236 4 1 55076
245238 4 2 55077
245352 4 10 54577
245360 4 23 54607
245366 4 3 54646
245372 4 19 54664
245378 4 14 54902
245380 4 22 54918
245386 4 19 54280
245396 4 21 54881
245408 4 14 54278
245410 4 14 54326
245412 4 2 54465
245414 4 23 54511
245416 4 23 54883
245418 4 1 54884
245420 4 2 54885
245422 4 3 54886
245424 4 1 54932
245426 4 19 55240
245482 4 9 54348
245484 4 14 54350
245486 4 21 54353
245488 4 23 54463
245490 4 10 54757
245496 4 9 54888
245498 4 10 54889
245500 4 14 54890
245504 4 5 54995
245506 4 15 55047
245508 4 10 55117
245514 4 3 55126
245516 4 5 55127
245518 4 9 55128
245520 4 10 55129
245522 4 15 55131
245524 4 10 55273
245600 4 2 54513
245602 4 5 54515
245604 4 9 54516
245610 4 21 54629
245612 4 15 54891
245624 4 9 54360
245660 4 10 54997
245662 4 14 54998
245664 4 15 54999
245666 4 19 55000
245678 4 9 54552
245696 4 9 55008
245712 4 1 54680
245724 4 23 54475
245726 4 1 54488
245728 4 2 54489
245730 4 5 54491
245732 4 9 54732
245734 4 1 54896
245736 4 2 54897
245738 4 3 54898
245740 4 5 54899
245742 4 15 55143
245744 4 19 55144
245746 4 22 55146
245748 4 2 55149
245750 4 3 55150
245752 4 19 55156
245754 4 10 55165
245756 4 15 55167
245758 4 19 55168
245760 4 21 55169
245834 4 22 54474
245836 4 9 54900
245838 4 10 54901
245842 4 23 55159
245844 4 1 55160
245846 4 22 54486
245858 4 23 55171
245870 4 15 54663
245874 4 19 54676
245882 4 15 55011
245884 4 21 55013
245886 4 22 55014
245888 4 19 55288
245910 4 10 54949
245920 4 22 54438
245926 4 23 54499
245940 4 1 54620
245944 4 5 54683
245948 4 21 54905
245954 4 10 55201
245962 4 14 55262
245968 4 3 54454
245976 4 23 54907
245978 4 1 54908
245980 4 2 54909
246034 4 3 54562
246036 4 22 54618
246038 4 3 54910
246044 4 15 54411
246062 4 3 54322
246064 4 5 54323
246066 4 23 54427
246068 4 14 54614
246070 4 15 54615
246072 4 19 54616
246074 4 9 54912
246076 4 1 55112
246078 4 2 55113
246080 4 3 55114
246082 4 14 54530
246086 4 10 54913
246088 4 19 54952
246090 4 21 54953
246092 4 22 54954
246094 4 10 55069
246096 4 5 54539
246102 4 21 54617
246104 4 14 54914
246110 4 23 54955
246114 4 3 54622
246116 4 10 54625
246120 4 22 54642
246124 4 9 54696
246126 4 10 54697
246128 4 15 54915
246136 4 15 55263
246142 4 2 54681
246144 4 19 54916
246146 4 15 54939
246148 4 19 54940
246150 4 21 54941
246152 4 2 54441
246154 4 3 54442
246156 4 5 54443
246162 4 21 54749
246164 4 22 54762
246166 4 14 54770
246170 4 5 54983
246178 4 3 55270
246186 4 2 54645
246190 4 23 54655
246192 4 1 54656
246194 4 2 54657
246200 4 21 54665
246208 4 23 54919
246210 4 1 54920
246212 4 2 54921
246214 4 23 54931
246216 4 15 55275
246232 4 3 54658
246236 4 23 54763
246238 4 5 54767
246248 4 3 54922
246254 4 21 55241
246356 4 5 54599
246368 4 5 54923
246372 4 23 54379
246378 4 1 54668
246384 4 15 54807
246386 4 9 54924
246388 4 23 54283
246390 4 1 54284
246392 4 10 54301
246394 4 15 54303
246402 4 21 54329
246404 4 23 54391
246414 4 19 54928
246416 4 2 54933
246418 4 9 54984
246424 4 15 55071
246426 4 21 55073
246428 4 19 55108
246430 4 21 55109
246432 4 22 55110
246434 4 10 55249
246522 4 21 54377
246536 4 21 54929
246538 4 15 55251
246570 4 23 54751
246572 4 3 54754
246588 4 2 54981
246590 4 10 55045
246640 4 21 54689
246642 4 22 54690
246648 4 3 54934
246660 4 22 54558
246662 4 23 54559
246664 4 1 54560
246666 4 5 54935
246668 4 9 54936
246670 4 10 54937
246672 4 14 54938
246716 4 1 54272
246718 4 3 54274
246720 4 19 54412
246726 4 2 54693
246736 4 22 54942
246738 4 2 55041
246740 4 3 55042
246742 4 9 55044
246744 4 15 55239
246810 4 15 54315
246812 4 19 54316
246814 4 21 54317
246820 4 15 54483
246822 4 22 54534
246824 4 23 54535
246830 4 23 54943
246834 4 2 54945
246836 4 3 54946
246838 4 1 55028
246840 4 2 55029
246842 4 19 55048
246846 4 23 55051
246848 4 21 55061
246938 4 5 54299
246950 4 5 54815
246956 4 5 54827
246962 4 9 54948
246968 4 3 55066
246970 4 5 55067
246972 4 22 55074
246978 4 2 55137
246980 4 2 55209
246982 4 3 55210
246992 4 9 55248
247100 4 9 54312
247102 4 3 54466
247104 4 9 54468
247106 4 14 54470
247108 4 15 54471
247110 4 15 54951
247112 4 22 55254
247114 4 1 55256
247116 4 22 55290
247194 4 5 54695
247198 4 14 54698
247200 4 15 54699
247202 4 1 54704
247206 4 9 54708
247208 4 15 54747
247210 4 3 54850
247212 4 9 54852
247218 4 19 55192
247242 4 14 54818
247244 4 15 54819
247246 4 2 54957
247250 4 5 55199
247254 4 5 55211
247262 4 3 54358
247266 4 1 54536
247270 4 5 54611
247272 4 9 54612
247276 4 9 54744
247284 4 9 54960
247286 4 10 54961
247288 4 2 55197
247292 4 14 55238
247358 4 21 54521
247360 4 15 54567
247362 4 22 54870
247368 4 19 54964
247370 4 21 54965
247374 4 5 55043
247378 4 1 55220
247380 4 22 55266
247384 4 2 55269
247386 4 21 55289
247456 4 5 54383
247460 4 14 54398
247462 4 15 54399
247464 4 14 54650
247468 4 5 54803
247472 4 22 54966
247474 4 23 54967
247476 4 1 54968
247478 4 2 54969
247480 4 9 54996
247482 4 22 55230
247548 4 3 54286
247550 4 9 54288
247554 4 22 54654
247560 4 9 54780
247564 4 22 54786
247566 4 3 54970
247568 4 9 55032
247570 4 10 55033
247572 4 3 55222
247576 4 1 54392
247578 4 2 54393
247580 4 14 54530
247584 4 15 54555
247586 4 5 54635
247588 4 9 54636
247592 4 10 54661
247594 4 5 54971
247596 4 9 54972
247598 4 10 54973
247600 4 14 54974
247602 4 2 55005
247604 4 3 55006
247606 4 5 55007
247608 4 10 55009
247612 4 19 55012
247616 4 5 55271
247692 4 1 54368
247694 4 3 54370
247696 4 5 54371
247702 4 21 54701
247704 4 15 54975
247706 4 19 54976
247708 4 21 54977
247710 4 22 54978
247712 4 14 55082
247714 4 10 55237
247774 4 15 54639
247776 4 23 54979
247778 4 10 54529
247780 4 23 54595
247782 4 1 54596
247784 4 1 54776
247786 4 1 54980
247802 4 23 54751
247820 4 15 54339
247822 4 19 54340
247824 4 23 54343
247826 4 1 54344
247830 4 23 54787
247832 4 3 54790
247834 4 14 54806
247840 4 3 54982
247844 4 5 54443
247874 4 15 54303
247896 4 15 55071
247928 4 2 54537
247930 4 14 54986
247934 4 2 55281
247936 4 5 55283
247938 4 2 54333
247940 4 1 54440
247942 4 15 54459
247944 4 19 54460
247946 4 21 54461
247948 4 9 54600
247950 4 19 54604
247956 4 10 54829
247958 4 15 54831
247960 4 15 54987
247962 4 19 54988
247966 4 22 54990
247968 4 23 55015
247970 4 1 55052
247972 4 2 55053
247974 4 19 55060
247976 4 19 55096
247978 4 23 55183
247980 4 1 55184
247982 4 23 55195
248070 4 23 54511
248072 4 22 54798
248080 4 1 54992
248082 4 2 54993
248084 4 3 54994
248086 4 22 55242
248134 4 9 54348
248152 4 15 55047
248176 4 23 54571
248178 4 5 54575
248180 4 23 54631
248184 4 21 54893
248188 4 14 54998
248192 4 19 55000
248268 4 21 54545
248274 4 2 54597
248276 4 3 54598
248282 4 3 54634
248284 4 23 54691
248288 4 14 54854
248302 4 23 55003
248304 4 1 55004
248306 4 14 55058
248308 4 15 55083
248310 4 9 55272
248460 4 3 54550
248472 4 15 54855
248484 4 9 55008
248488 4 14 55010
248680 4 3 54334
248682 4 5 54419
248684 4 9 54420
248688 4 5 54599
248700 4 1 55016
248702 4 2 55017
248704 4 3 55018
248714 4 19 55252
248776 4 2 54321
248784 4 5 55019
248786 4 9 55020
248788 4 10 55021
248840 4 5 54431
248842 4 19 54472
248844 4 23 54715
248852 4 15 55023
248856 4 21 54389
248858 4 3 54562
248860 4 22 54714
248862 4 19 55024
248864 4 21 55025
248866 4 22 55026
248868 4 23 55027
248870 4 3 55186
248872 4 9 55188
248874 4 10 55189
248876 4 5 55223
248940 4 15 54315
248952 4 23 54943
248954 4 3 54946
248980 4 15 54591
248982 4 19 54592
248984 4 21 54593
248988 4 3 55030
248990 4 22 54678
248996 4 19 54856
249000 4 23 54895
249008 4 2 54453
249010 4 14 54506
249012 4 15 54507
249014 4 21 54509
249016 4 14 54602
249018 4 2 54621
249034 4 14 55034
249036 4 15 55035
249040 4 19 55072
249044 4 23 55147
249046 4 14 55190
249048 4 15 55191
249142 4 15 54363
249144 4 3 54382
249146 4 19 54400
249150 4 23 54643
249152 4 10 54649
249154 4 14 54686
249156 4 19 54712
249158 4 21 54713
249160 4 21 54725
249162 4 19 55036
249164 4 21 55037
249166 4 22 55038
249168 4 23 55039
249170 4 15 55059
249172 4 19 55276
249174 4 21 55277
249246 4 10 54313
249248 4 14 54314
249250 4 10 54361
249252 4 3 54418
249254 4 1 55040
249256 4 19 55132
249258 4 22 55134
249260 4 19 55264
249264 4 3 54274
249266 4 5 54527
249268 4 19 54652
249270 4 15 54939
249272 4 22 54942
249282 4 3 55042
249290 4 15 55239
249370 4 22 54750
249374 4 1 54752
249376 4 2 54753
249378 4 21 54761
249380 4 22 54762
249382 4 23 54763
249384 4 3 54766
249388 4 2 54777
249396 4 3 55078
249398 4 5 55079
249400 4 9 55080
249402 4 23 54295
249404 4 1 54296
249406 4 3 54670
249408 4 5 54671
249410 4 9 54672
249412 4 15 54771
249414 4 21 54773
249416 4 22 54774
249418 4 14 55046
249440 4 9 54384
249442 4 1 54716
249444 4 15 54723
249446 4 2 54729
249448 4 21 54785
249454 4 19 54844
249458 4 1 54944
249464 4 21 55049
249470 4 1 55196
249472 4 14 55226
249474 4 23 55279
249552 4 23 54775
249594 4 3 54442
249596 4 21 54533
249598 4 3 54586
249600 4 5 54587
249602 4 9 54588
249604 4 22 54630
249610 4 19 54808
249612 4 23 54811
249614 4 1 54872
249626 4 22 55062
249628 4 23 55063
249630 4 1 55064
249636 4 3 55138
249638 4 2 55161
249640 4 2 55185
249642 4 15 55215
249808 4 14 54482
249828 4 10 55213
249832 4 1 54764
249836 4 21 54809
249838 4 22 54810
249852 4 2 55065
249860 4 10 55081
249864 4 14 55214
249956 4 5 54815
249964 4 5 55067
249966 4 22 55074
249986 4 3 54814
250008 4 14 54626
250014 4 19 54796
250016 4 19 54820
250018 4 19 54832
250028 4 21 54953
250030 4 22 54954
250044 4 3 54430
250048 4 14 54590
250052 4 9 54756
250080 4 14 55250
250178 4 9 54876
250180 4 14 54878
250182 4 15 54879
250194 4 1 55076
250200 4 2 55209
250406 4 3 54370
250436 4 23 54331
250438 4 1 54332
250444 4 9 54336
250448 4 19 54364
250450 4 22 54366
250454 4 23 54727
250456 4 19 55084
250458 4 21 55085
250460 4 22 55086
250462 4 23 55087
250464 4 22 55098
250466 4 5 55103
250468 4 5 55163
250538 4 3 54502
250540 4 5 54503
250542 4 9 54504
250544 4 10 54517
250546 4 14 54518
250548 4 15 54519
250550 4 19 54736
250552 4 1 55088
250554 4 2 55089
250556 4 3 55090
250558 4 5 55091
250560 4 9 55116
250624 4 9 54324
250626 4 5 54395
250628 4 5 54659
250630 4 9 55092
250632 4 10 55093
250634 4 14 55094
250636 4 15 55095
250638 4 1 55112
250642 4 5 55115
250644 4 9 55236
250720 4 15 54567
250730 4 21 55097
250732 4 22 55266
250756 4 10 54337
250758 4 22 54378
250760 4 14 54446
250762 4 15 54447
250764 4 22 54510
250766 4 1 54512
250768 4 10 54793
250772 4 23 55099
250774 4 1 55100
250776 4 2 55101
250778 4 3 55102
250780 4 5 55151
250782 4 21 55193
250784 4 22 55194
250786 4 23 55243
250788 4 1 55244
250790 4 3 55246
250882 4 22 54450
250884 4 5 54455
250886 4 9 54456
250888 4 10 54457
250890 4 15 54711
250894 4 9 55104
250896 4 10 55105
250898 4 14 55106
250900 4 15 55107
250902 4 1 55136
250964 4 15 54279
250968 4 2 54285
250972 4 19 54304
250974 4 23 54367
250976 4 22 54726
250978 4 1 54728
250988 4 19 55108
250990 4 21 55109
250992 4 22 55110
250994 4 23 55111
250996 4 9 55164
251070 4 14 54614
251072 4 15 54615
251076 4 9 54912
251176 4 14 54350
251178 4 23 54463
251184 4 10 54889
251186 4 14 54890
251196 4 5 55127
251198 4 10 55129
251202 4 23 54343
251204 4 3 54346
251206 4 1 54464
251208 4 2 54465
251210 4 10 54601
251212 4 14 55118
251214 4 15 55119
251216 4 19 55120
251218 4 21 55121
251220 4 22 55122
251288 4 21 54305
251290 4 19 54352
251292 4 19 54760
251294 4 9 54792
251298 4 23 55123
251300 4 1 55124
251302 4 2 55125
251304 4 3 55126
251306 4 15 55131
251308 4 2 55221
251312 4 2 55293
251314 4 3 55294
251386 4 3 54466
251388 4 9 54468
251390 4 10 54469
251394 4 9 54888
251402 4 9 55128
251406 4 14 55130
251470 4 2 54309
251472 4 21 54353
251494 4 22 54306
251496 4 23 54307
251504 4 22 54834
251510 4 21 55133
251514 4 23 55135
251522 4 5 55295
251664 4 21 54473
251666 4 22 54474
251668 4 2 54477
251670 4 10 54721
251672 4 14 54722
251674 4 5 55139
251676 4 9 55140
251678 4 10 55141
251680 4 14 55142
251682 4 1 55148
251732 4 23 54475
251734 4 1 54476
251736 4 5 54479
251738 4 19 54724
251740 4 1 54896
251742 4 5 54899
251744 4 15 55143
251746 4 19 55144
251748 4 21 55145
251750 4 22 55146
251752 4 2 55149
251754 4 3 55150
251870 4 3 54898
251908 4 2 54297
251912 4 19 54772
251916 4 9 55152
251918 4 10 55153
251920 4 14 55154
251922 4 15 55155
251978 4 1 54488
251980 4 2 54489
251982 4 5 54491
251984 4 9 54732
251988 4 2 54897
251992 4 19 55156
251994 4 10 55165
251996 4 15 55167
251998 4 19 55168
252002 4 9 54480
252004 4 22 54486
252006 4 14 54494
252010 4 5 54731
252012 4 9 54900
252014 4 10 54901
252016 4 21 55157
252018 4 22 55158
252020 4 23 55159
252022 4 1 55160
252024 4 3 55162
252026 4 23 55171
252160 4 9 54492
252162 4 10 54493
252164 4 15 54495
252176 4 14 55166
252182 4 21 55169
252184 4 22 55170
252300 4 21 54485
252302 4 21 54497
252304 4 23 54499
252306 4 2 54501
252308 4 5 54743
252310 4 1 55172
252312 4 2 55173
252314 4 3 55174
252316 4 5 55175
252318 4 22 55182
252368 4 9 54432
252370 4 10 54433
252372 4 19 54436
252376 4 22 54498
252378 4 1 54692
252380 4 3 54874
252382 4 19 54904
252384 4 9 55176
252386 4 23 54487
252388 4 19 54496
252392 4 22 54522
252394 4 23 54523
252396 4 1 54524
252400 4 10 55177
252402 4 14 55178
252404 4 15 55179
252406 4 19 55180
252408 4 21 55181
252410 4 14 55202
252412 4 15 55203
252414 4 19 55204
252416 4 21 55205
252418 4 23 55207
252518 4 1 54440
252520 4 15 54459
252522 4 19 54460
252524 4 9 54600
252526 4 19 54604
252532 4 22 54990
252534 4 23 55183
252574 4 15 54387
252576 4 22 54714
252578 4 19 55024
252582 4 23 55027
252586 4 5 55187
252594 4 1 55268
252668 4 14 54506
252680 4 14 55034
252710 4 2 54705
252712 4 15 54747
252714 4 3 54850
252716 4 9 54852
252718 4 10 54853
252722 4 10 54877
252726 4 1 54956
252728 4 19 55192
252732 4 15 55227
252734 4 19 55228
252736 4 21 55229
252794 4 15 54831
252798 4 19 54988
252802 4 1 55052
252806 4 1 54716
252808 4 9 54720
252820 4 22 54354
252822 4 3 54358
252826 4 19 54784
252828 4 3 54958
252830 4 5 54959
252832 4 2 55197
252834 4 14 55238
252838 4 1 54620
252842 4 10 54685
252844 4 23 54691
252846 4 9 54816
252848 4 15 54819
252850 4 21 54905
252852 4 2 54957
252854 4 3 55198
252856 4 5 55199
252858 4 9 55200
252860 4 10 55201
252972 4 2 54525
252974 4 3 54526
252986 4 22 55206
252990 4 1 55208
253072 4 9 54684
253078 4 10 54817
253080 4 14 54818
253084 4 5 54851
253098 4 14 54950
253116 4 3 55210
253118 4 5 55211
253234 4 15 54651
253236 4 15 54795
253240 4 15 54843
253242 4 21 54845
253246 4 1 54944
253286 4 9 54372
253288 4 10 54373
253290 4 1 54812
253292 4 2 54813
253294 4 2 54873
253320 4 23 55219
253400 4 1 54272
253404 4 19 54652
253420 4 21 55289
253444 4 3 54778
253446 4 5 54779
253448 4 9 54780
253450 4 3 54970
253456 4 15 55035
253460 4 3 54562
253464 4 22 55026
253468 4 5 55223
253472 4 15 54579
253474 4 19 54580
253476 4 1 54584
253478 4 1 54608
253480 4 1 54644
253482 4 5 54647
253484 4 15 54855
253486 4 19 54880
253488 4 23 54919
253490 4 1 54920
253492 4 3 54922
253494 4 9 55224
253496 4 21 55241
253502 4 3 54610
253504 4 5 54611
253506 4 9 54612
253508 4 21 54833
253514 4 10 54961
253516 4 10 55225
253518 4 3 54478
253520 4 23 54775
253524 4 19 54844
253532 4 14 55226
253626 4 9 54396
253628 4 14 54398
253630 4 14 54650
253634 4 23 54967
253636 4 1 54968
253638 4 22 55230
253640 4 14 54362
253642 4 3 54586
253644 4 9 54588
253646 4 19 54748
253648 4 14 54866
253650 4 15 54867
253652 4 21 54869
253654 4 23 55231
253658 4 23 54571
253660 4 23 54619
253662 4 21 54641
253666 4 5 54683
253670 4 9 54696
253672 4 14 54854
253676 4 15 54915
253680 4 1 55232
253682 4 2 55233
253684 4 3 55234
253686 4 5 55235
253688 4 14 55262
253690 4 15 55263
253782 4 9 54324
253786 4 9 55092
253800 4 22 54558
253802 4 1 54560
253804 4 21 54701
253808 4 19 54976
253810 4 21 54977
253812 4 10 55237
253820 4 1 54536
253824 4 9 54744
253830 4 9 54960
253838 4 3 54274
253840 4 19 54412
253842 4 2 54693
253844 4 15 54939
253846 4 21 54941
253848 4 22 54942
253852 4 3 55042
253856 4 15 55239
253858 4 14 54278
253862 4 23 54511
253864 4 23 54883
253866 4 1 54884
253868 4 2 54885
253870 4 19 55240
253892 4 22 54798
253894 4 23 54799
253896 4 2 54801
253898 4 23 54991
253900 4 1 54992
253902 4 3 54994
253904 4 22 55242
253908 4 19 54448
253910 4 5 54563
253912 4 9 54564
253914 4 14 54566
253928 4 2 55245
253932 4 5 55247
254040 4 21 54329
254042 4 14 54590
254044 4 10 54925
254046 4 9 54984
254064 4 3 54430
254068 4 9 54756
254082 4 9 54288
254086 4 14 54758
254088 4 15 54759
254092 4 10 54781
254094 4 22 54786
254096 4 21 54929
254100 4 15 55251
254104 4 5 54599
254106 4 19 54640
254110 4 1 55016
254112 4 2 55017
254114 4 19 55096
254148 4 3 54310
254150 4 3 54418
254154 4 14 54470
254156 4 15 54471
254162 4 15 54603
254164 4 15 54951
254166 4 22 55254
254168 4 23 55255
254170 4 1 55256
254172 4 2 55257
254174 4 22 55290
254240 4 23 54343
254242 4 5 54347
254244 4 15 54459
254248 4 2 54609
254250 4 23 54787
254252 4 1 54788
254254 4 2 54789
254256 4 23 54871
254258 4 3 55258
254260 4 5 55259
254262 4 9 55260
254264 4 10 55261
254266 4 1 55292
254392 4 19 55132
254394 4 22 55134
254398 4 19 55264
254404 4 14 54290
254406 4 21 54293
254408 4 22 54666
254410 4 2 54669
254412 4 19 54856
254414 4 21 54857
254416 4 23 54859
254418 4 5 54911
254420 4 21 55265
254426 4 3 54394
254436 4 3 55186
254444 4 23 55267
254524 4 5 54443
254526 4 15 54687
254528 4 19 54688
254530 4 21 54749
254532 4 14 54770
254534 4 21 54917
254536 4 5 54983
254538 4 3 55270
254540 4 1 54392
254542 4 14 54530
254544 4 5 54971
254546 4 9 54972
254548 4 10 54973
254550 4 5 55271
254552 4 23 54595
254554 4 3 54598
254556 4 1 54776
254558 4 21 55001
254560 4 1 55004
254564 4 9 55272
254568 4 9 54348
254570 4 14 54350
254574 4 10 54757
254576 4 19 54760
254578 4 5 54887
254582 4 22 54906
254586 4 15 55047
254588 4 10 55117
254596 4 15 55131
254600 4 5 54299
254602 4 21 54401
254604 4 22 54402
254606 4 1 54824
254608 4 2 54825
254610 4 5 54827
254612 4 15 54903
254616 4 10 54949
254620 4 14 55274
254624 4 23 54655
254626 4 1 54656
254628 4 14 54662
254630 4 23 54763
254632 4 5 54767
254634 4 22 54918
254640 4 2 54921
254642 4 23 54931
254644 4 15 55275
254646 4 15 54339
254648 4 9 54528
254650 4 23 54643
254652 4 10 54649
254654 4 19 55036
254656 4 22 55038
254664 4 3 54382
254670 4 14 54686
254676 4 23 55039
254682 4 22 54846
254684 4 23 54847
254686 4 1 54848
254688 4 5 55019
254690 4 10 55021
254692 4 14 55022
254694 4 22 55278
254696 4 14 54842
254710 4 22 55050
254712 4 14 55226
254716 4 10 54385
254720 4 21 54653
254722 4 21 54821
254724 4 22 54822
254726 4 14 54986
254728 4 1 55280
254730 4 2 55281
254732 4 3 55282
254734 4 5 55283
254782 4 9 54432
254784 4 23 54451
254786 4 1 54452
254788 4 2 54513
254790 4 9 54516
254792 4 14 54626
254794 4 15 54627
254796 4 14 54674
254798 4 14 54734
254800 4 21 54797
254802 4 5 54875
254804 4 15 54891
254806 4 9 55284
254808 4 10 55285
254810 4 14 55286
254812 4 15 55287
254814 4 23 55291
254894 4 15 54663
254900 4 22 54690
254902 4 14 54902
254904 4 3 54934
254906 4 15 55011
254908 4 21 55013
254910 4 22 55014
254912 4 19 55288
254924 4 1 55220
254986 4 15 54279
254988 4 21 54281
254992 4 23 54307
254994 4 22 54726
254996 4 3 54730
254998 4 9 54792
255006 4 21 55133
255072 4 2 66993
255074 4 9 66996
255076 4 14 67022
255078 4 15 67023
255080 4 22 67482
255082 4 2 67485
255084 4 3 67558
255086 4 19 67192
255088 4 21 67193
255090 4 5 67211
255092 4 15 67287
255094 4 22 67290
255096 4 1 67472
255098 4 2 67473
255100 4 5 67475
255102 4 1 67544
255104 4 22 67578
255106 4 1 67580
255108 4 2 66645
255110 4 5 66647
255112 4 2 66693
255114 4 9 66696
255116 4 10 66985
255118 4 5 67043
255120 4 3 67198
255122 4 5 67199
255124 4 3 67210
255162 4 14 66638
255164 4 21 66641
255166 4 22 66786
255168 4 2 66789
255170 4 1 67244
255202 4 14 66614
255204 4 1 66848
255206 4 15 66855
255208 4 9 67128
255210 4 5 67223
255212 4 14 67226
255214 4 1 67376
255216 4 15 67383
255218 4 19 67384
255220 4 21 67385
255222 4 23 67387
255224 4 1 67388
255226 4 1 67172
255228 4 2 67173
255230 4 5 67175
255232 4 19 67264
255234 4 14 67478
255236 4 19 67480
255238 4 21 67481
255240 4 9 67176
255242 4 10 67177
255244 4 14 67178
255246 4 22 67266
255250 4 23 67483
255254 4 10 67549
255256 4 14 67550
255258 4 19 66652
255260 4 9 66660
255262 4 1 66932
255264 4 5 67007
255266 4 9 67008
255268 4 19 67516
255270 4 21 67517
255272 4 23 67519
255274 4 5 66719
255276 4 9 66720
255278 4 1 66860
255280 4 3 66874
255282 4 10 66877
255284 4 19 67168
255286 4 21 67169
255288 4 19 67180
255290 4 23 67243
255292 4 9 67404
255294 4 9 67428
255296 4 9 67452
255298 4 3 67522
255350 4 15 66675
255352 4 1 66692
255354 4 5 66743
255356 4 10 66745
255358 4 19 66892
255360 4 3 66910
255362 4 2 67005
255364 4 21 67061
255366 4 15 67251
255404 4 10 66733
255406 4 15 66735
255408 4 9 66888
255410 4 5 66911
255412 4 21 67049
255414 4 5 67247
255416 4 2 67533
255418 4 3 67534
255420 4 9 67536
255424 4 23 66943
255428 4 2 67545
255430 4 3 67546
255432 4 5 67547
255464 4 23 66679
255466 4 19 67216
255468 4 21 67217
255470 4 1 67220
255472 4 2 67377
255474 4 3 67378
255476 4 5 67379
255478 4 10 67381
255480 4 14 67382
255482 4 21 66701
255484 4 15 66711
255486 4 14 67010
255488 4 1 67436
255490 4 3 67438
255492 4 5 67439
255494 4 2 66705
255496 4 19 66712
255498 4 15 67011
255500 4 9 67440
255502 4 10 67441
255504 4 14 67442
255522 4 19 66664
255524 4 23 66739
255526 4 9 66948
255528 4 19 66952
255530 4 21 66953
255532 4 3 67018
255534 4 9 67248
255536 4 22 67302
255538 4 2 67305
255540 4 19 67444
255542 4 15 67527
255614 4 23 66715
255616 4 1 66716
255618 4 14 67154
255620 4 23 67231
255622 4 1 67232
255624 4 5 67355
255626 4 1 67424
255628 4 3 67426
255630 4 5 67451
255632 4 14 67502
255634 4 2 66561
255636 4 22 66606
255638 4 3 67270
255642 4 19 67288
255644 4 10 67345
255646 4 23 67495
255648 4 1 67496
255692 4 23 67291
255694 4 1 67292
255696 4 2 67293
255698 4 14 67346
255700 4 15 67347
255702 4 19 67348
255704 4 2 67497
255706 4 3 67498
255708 4 5 67499
255720 4 14 66566
255722 4 15 66567
255724 4 5 66683
255726 4 14 66686
255728 4 2 66933
255730 4 5 66935
255732 4 9 67092
255734 4 2 67209
255736 4 5 67283
255738 4 10 67285
255740 4 14 67286
255790 4 22 66654
255792 4 1 66800
255794 4 9 66840
255796 4 9 66900
255798 4 1 66956
255800 4 19 67024
255802 4 1 67028
255804 4 15 67203
255844 4 23 66655
255846 4 9 66804
255848 4 19 66844
255850 4 21 66905
255852 4 2 66957
255854 4 22 67026
255856 4 2 67029
255858 4 19 67204
255904 4 23 66727
255906 4 1 66728
255910 4 14 66890
255912 4 10 66997
255914 4 19 67000
255916 4 3 67054
255918 4 15 67107
255920 4 19 67108
255922 4 22 67110
255924 4 19 67300
255926 4 1 67400
255928 4 2 67401
255930 4 3 67402
255932 4 19 67420
255936 4 15 67551
255938 4 19 67552
255940 4 5 67559
256004 4 15 66723
256006 4 19 66724
256010 4 21 66893
256012 4 3 66958
256014 4 5 67055
256016 4 23 67111
256018 4 2 67113
256020 4 3 67114
256024 4 22 67230
256026 4 15 67299
256028 4 21 67421
256030 4 22 67422
256032 4 14 67466
256034 4 5 67523
256098 4 14 66674
256100 4 10 66901
256102 4 22 66978
256104 4 21 67181
256106 4 1 67508
256108 4 2 67509
256110 4 5 67511
256112 4 22 66570
256114 4 1 66620
256120 4 5 66731
256122 4 1 66836
256124 4 21 67025
256126 4 1 67064
256128 4 19 67120
256130 4 14 67142
256132 4 19 67144
256134 4 19 67240
256136 4 5 67367
256140 4 2 67437
256214 4 3 66610
256216 4 22 66798
256220 4 3 66862
256222 4 15 66927
256224 4 19 66928
256226 4 21 67301
256228 4 10 67333
256274 4 14 66578
256276 4 3 67066
256282 4 22 67518
256284 4 3 66574
256286 4 9 66624
256292 4 9 66732
256294 4 3 66838
256296 4 23 67027
256298 4 2 67065
256300 4 22 67122
256302 4 22 67146
256304 4 2 67149
256306 4 21 67241
256308 4 9 67368
256314 4 15 67443
256398 4 3 67030
256400 4 9 67032
256402 4 23 67039
256410 4 14 67034
256412 4 19 67036
256414 4 1 67040
256422 4 19 66592
256424 4 2 66873
256426 4 22 66990
256428 4 10 67537
256430 4 15 67539
256432 4 19 67540
256434 4 15 66651
256436 4 1 66656
256438 4 23 66931
256440 4 23 66979
256442 4 22 67062
256444 4 9 67080
256446 4 15 67083
256448 4 19 67468
256450 4 23 67471
256452 4 15 67503
256454 4 19 67504
256456 4 22 67506
256458 4 5 67571
256514 4 23 66619
256518 4 10 66805
256522 4 9 66876
256526 4 14 67094
256528 4 5 67235
256530 4 19 67372
256532 4 21 67373
256534 4 22 67374
256536 4 10 67465
256618 4 1 66752
256620 4 5 66755
256622 4 5 67067
256628 4 3 67246
256630 4 21 67253
256632 4 22 67254
256634 4 3 67258
256636 4 1 67340
256638 4 3 67342
256640 4 5 67343
256642 4 21 67577
256720 4 15 66747
256722 4 22 66750
256724 4 9 67068
256726 4 14 67070
256728 4 15 67071
256734 4 2 67245
256736 4 19 67252
256738 4 14 67334
256740 4 15 67335
256742 4 19 67336
256744 4 19 67576
256800 4 2 66981
256802 4 9 66984
256804 4 9 67020
256816 4 5 67583
256818 4 23 66583
256820 4 9 66588
256822 4 22 66642
256824 4 21 66761
256826 4 5 66839
256828 4 5 66899
256830 4 15 66963
256836 4 1 67088
256838 4 5 67151
256842 4 1 67484
256938 4 23 66751
256940 4 10 66769
256942 4 14 66770
256944 4 19 66820
256946 4 23 67063
256948 4 21 67073
256950 4 23 67267
256952 4 1 67268
256990 4 10 66697
256992 4 14 66698
256994 4 9 67056
256996 4 10 67057
256998 4 15 67275
257000 4 19 67276
257002 4 21 67277
257004 4 2 67317
257006 4 9 67416
257008 4 10 67417
257010 4 15 67419
257012 4 21 67541
257026 4 19 66760
257028 4 21 66821
257030 4 23 66823
257036 4 19 67072
257038 4 3 67078
257046 4 19 67324
257102 4 10 67081
257104 4 9 67152
257106 4 15 67239
257110 4 21 67505
257152 4 5 67031
257154 4 9 67308
257156 4 23 67567
257158 4 1 67568
257160 4 2 67569
257162 4 2 66765
257164 4 19 67456
257166 4 21 67457
257168 4 23 67459
257170 4 1 67460
257172 4 3 67462
257210 4 3 67042
257216 4 22 67458
257220 4 2 67461
257272 4 21 67037
257274 4 19 67312
257276 4 9 67572
257278 4 14 67574
257280 4 15 67575
257284 4 21 66773
257286 4 5 66815
257288 4 2 66825
257292 4 22 67074
257294 4 23 67075
257300 4 14 67322
257302 4 15 67323
257304 4 21 67325
257348 4 22 66774
257350 4 23 66775
257352 4 2 67077
257384 4 15 66579
257386 4 23 66643
257388 4 2 66837
257390 4 9 66864
257392 4 3 66898
257394 4 14 66962
257398 4 10 67021
257400 4 22 67086
257402 4 3 67150
257406 4 15 67479
257408 4 2 67557
257460 4 19 66688
257462 4 22 67014
257464 4 10 67201
257466 4 15 67263
257468 4 14 67406
257470 4 19 67408
257472 4 21 67409
257476 4 3 67510
257478 4 2 67521
257528 4 15 67167
257532 4 15 67407
257542 4 2 66669
257544 4 9 66672
257548 4 23 67195
257552 4 5 67271
257554 4 10 67273
257556 4 3 67282
257560 4 21 67289
257570 4 1 66944
257572 4 5 66947
257576 4 23 67327
257624 4 10 66913
257626 4 5 67115
257628 4 9 67116
257630 4 1 67280
257632 4 5 67391
257634 4 9 67392
257636 4 10 67393
257638 4 9 67512
257640 4 10 67513
257642 4 14 67514
257644 4 21 67565
257648 4 15 67131
257650 4 22 67134
257654 4 14 67394
257700 4 23 66919
257702 4 21 66965
257704 4 23 66967
257706 4 2 67281
257708 4 15 67395
257710 4 19 67396
257712 4 21 67397
257714 4 3 67486
257716 4 9 67488
257718 4 22 67566
257728 4 5 67295
257730 4 9 67296
257732 4 2 67389
257748 4 2 67137
257750 4 5 67139
257754 4 22 67398
257808 4 10 67297
257814 4 5 67487
257830 4 1 66632
257832 4 10 66781
257836 4 23 67183
257838 4 14 67310
257842 4 14 67418
257882 4 1 66800
257884 4 2 66801
257886 4 15 67095
257888 4 21 67097
257890 4 22 67098
257892 4 23 67123
257894 4 21 67313
257896 4 22 67314
257898 4 15 67371
257936 4 23 67099
257938 4 1 67100
257940 4 2 67101
257946 4 23 67375
257950 4 14 66830
257952 4 9 67188
257954 4 14 67202
257956 4 22 67350
257958 4 23 67351
257960 4 1 67352
257962 4 21 67361
257964 4 21 67529
257966 4 22 67530
257968 4 23 67531
257986 4 19 66928
257992 4 3 67162
257994 4 5 67163
258000 4 14 67370
258002 4 19 67432
258004 4 21 67433
258006 4 22 67434
258008 4 21 67445
258010 4 22 67446
258012 4 23 67447
258014 4 1 66608
258016 4 5 67103
258018 4 10 67105
258022 4 3 67294
258024 4 9 67356
258026 4 10 67357
258028 4 14 67358
258030 4 3 67366
258032 4 19 67528
258034 4 21 66605
258038 4 10 66949
258040 4 5 67019
258046 4 21 67553
258048 4 22 67554
258050 4 1 67556
258096 4 3 66958
258098 4 1 66980
258100 4 1 66992
258104 4 23 67087
258108 4 23 67171
258112 4 21 67265
258170 4 21 66809
258174 4 10 67009
258180 4 3 67126
258182 4 14 67154
258184 4 21 67157
258186 4 14 67274
258190 4 1 67400
258192 4 2 67401
258194 4 10 67405
258196 4 14 67490
258198 4 14 67526
258270 4 23 66583
258286 4 19 66904
258292 4 15 67515
258298 4 23 67555
258340 4 23 66799
258356 4 1 67568
258430 4 19 66808
258438 4 19 67312
258440 4 9 67440
258504 4 9 66768
258508 4 19 67048
258516 4 10 67501
258574 4 22 66582
258578 4 22 67158
258580 4 23 67159
258586 4 3 67570
258590 4 2 66585
258594 4 1 67160
258596 4 2 67161
258600 4 10 67573
258616 4 2 66597
258622 4 10 66853
258624 4 14 67214
258630 4 10 67453
258636 4 15 66855
258696 4 1 66764
258700 4 2 67089
258706 4 23 67483
258732 4 1 66680
258734 4 15 66687
258736 4 21 67001
258738 4 22 67002
258744 4 3 67306
258746 4 3 67354
258748 4 1 67364
258812 4 14 67118
258814 4 9 67344
258834 4 19 66652
258840 4 5 67007
258852 4 15 67203
258864 4 3 66658
258868 4 22 66738
258872 4 10 66841
258874 4 22 67050
258876 4 1 67052
258878 4 21 67205
258880 4 3 67318
258882 4 1 67424
258884 4 2 67425
258886 4 5 67427
258888 4 5 67451
258892 4 22 67470
258896 4 9 67560
258968 4 10 66661
258972 4 23 66847
258974 4 22 67206
258976 4 9 67428
258978 4 14 67430
258980 4 15 67431
258982 4 2 67545
258986 4 9 67548
258988 4 5 66587
258990 4 14 66878
258992 4 15 66879
258994 4 3 66970
258996 4 5 67091
258998 4 1 67172
259000 4 2 67197
259004 4 5 67319
259006 4 3 67390
259074 4 10 67381
259106 4 14 66590
259108 4 23 66883
259110 4 5 66887
259112 4 14 66974
259114 4 10 67093
259118 4 9 67200
259122 4 9 67320
259124 4 23 67399
259168 4 21 66653
259172 4 14 66854
259174 4 9 66888
259176 4 5 66911
259178 4 2 66969
259182 4 14 67166
259184 4 5 67355
259188 4 19 67420
259190 4 2 67449
259194 4 2 67533
259196 4 5 67535
259198 4 9 67536
259292 4 9 67152
259302 4 19 67228
259364 4 23 66691
259376 4 1 67532
259408 4 22 66678
259410 4 5 66719
259412 4 19 66964
259414 4 15 67215
259418 4 5 67547
259420 4 19 67564
259472 4 14 67142
259474 4 19 67144
259476 4 14 67334
259480 4 19 67336
259482 4 19 67576
259490 4 3 67342
259508 4 2 66561
259512 4 1 67496
259532 4 19 67288
259552 4 9 67356
259560 4 9 67500
259578 4 22 66906
259580 4 1 66908
259584 4 9 67104
259588 4 15 67359
259590 4 19 67360
259610 4 19 67192
259614 4 1 67472
259616 4 3 67474
259618 4 5 67475
259622 4 23 67579
259644 4 9 66720
259676 4 14 66710
259682 4 1 67328
259684 4 2 67329
259686 4 3 67330
259692 4 10 67489
259740 4 1 66860
259744 4 3 66910
259798 4 1 66704
259800 4 21 66713
259802 4 19 67240
259812 4 22 67038
259816 4 3 66574
259820 4 3 66706
259822 4 22 66714
259824 4 2 67041
259844 4 15 66735
259850 4 5 67247
259854 4 3 67534
259860 4 15 66711
259874 4 19 66712
259876 4 23 67027
259884 4 19 66832
259886 4 21 67085
259892 4 15 67455
259916 4 19 66952
259918 4 1 67196
259968 4 14 66566
259970 4 5 66683
259976 4 3 67234
260024 4 3 66958
260030 4 22 67230
260048 4 15 67551
260050 4 5 67559
260054 4 10 66745
260058 4 21 67061
260094 4 19 66592
260098 4 1 67292
260104 4 14 67538
260146 4 15 66747
260150 4 9 67068
260170 4 9 66732
260172 4 1 66752
260174 4 5 66755
260196 4 9 66756
260198 4 23 66811
260200 4 3 66814
260204 4 22 66882
260212 4 23 67315
260214 4 10 67321
260216 4 22 67338
260218 4 22 67362
260284 4 10 66757
260286 4 5 66815
260288 4 10 66817
260292 4 1 66884
260300 4 1 67316
260304 4 23 67339
260306 4 23 67363
260380 4 10 66913
260384 4 1 67280
260386 4 5 67391
260388 4 9 67392
260422 4 2 67293
260424 4 14 67346
260426 4 15 67347
260442 4 15 66759
260446 4 10 67249
260450 4 2 67257
260454 4 14 66758
260456 4 14 67250
260458 4 21 67253
260460 4 22 67254
260462 4 23 67255
260466 4 5 67067
260476 4 14 66794
260480 4 14 66866
260484 4 9 66960
260500 4 19 67480
260562 4 19 66796
260576 4 14 67550
260582 4 23 66751
260590 4 3 67054
260594 4 19 67108
260598 4 15 67323
260706 4 19 66760
260710 4 5 67055
260716 4 21 67457
260718 4 1 67460
260720 4 9 67080
260724 4 15 67503
260726 4 19 67504
260734 4 1 67244
260738 4 14 66770
260740 4 21 67073
260742 4 23 67267
260744 4 1 67268
260764 4 23 66775
260770 4 3 66826
260772 4 5 66827
260776 4 2 67269
260780 4 19 67324
260782 4 22 67326
260836 4 3 66778
260840 4 19 67072
260842 4 3 67078
260884 4 1 66848
260888 4 5 67079
260890 4 19 67084
260892 4 9 67332
260896 4 22 67410
260898 4 1 67412
260900 4 2 67413
260902 4 3 67450
261040 4 3 66610
261046 4 10 67141
261100 4 3 67090
261106 4 3 67414
261270 4 23 66619
261274 4 10 66805
261276 4 19 67372
261282 4 10 67465
261326 4 19 66844
261330 4 5 66863
261342 4 9 67548
261344 4 19 67564
261356 4 23 67171
261372 4 22 67422
261378 4 19 66664
261382 4 9 67248
261388 4 15 67527
261392 4 19 67120
261398 4 5 67367
261400 4 9 66624
261402 4 22 67122
261408 4 9 67368
261412 4 14 66890
261416 4 19 67000
261422 4 3 67402
261424 4 19 67420
261440 4 19 67552
261444 4 22 66642
261500 4 21 67193
261504 4 22 67290
261508 4 2 67473
261510 4 1 67544
261578 4 1 67328
261590 4 9 66948
261598 4 19 67444
261634 4 14 67166
261640 4 2 67449
261650 4 1 66992
261734 4 1 67184
261738 4 19 67216
261740 4 5 67307
261744 4 10 67369
261750 4 15 67467
261752 4 9 67476
261810 4 21 66893
261834 4 15 67119
261836 4 3 67150
261838 4 23 67567
261840 4 1 67568
261842 4 3 67570
261888 4 19 66808
261890 4 5 66839
261894 4 21 67121
261950 4 1 66656
262024 4 10 67477
262068 4 15 67515
262122 4 19 67180
262164 4 9 67536
262196 4 5 66779
262198 4 9 67008
262204 4 23 67519
262240 4 10 66949
262244 4 10 67513
262250 4 1 67556
262254 4 23 66943
262258 4 3 67546
262268 4 9 67128
262334 4 23 66991
262340 4 14 67358
262348 4 15 67539
262390 4 1 67208
262392 4 2 67365
262466 4 3 66970
262468 4 10 66973
262472 4 15 67071
262476 4 19 67336
262478 4 9 67524
262516 4 21 67181
262558 4 14 66974
262560 4 19 66976
262570 4 10 67525
262660 4 1 66956
262666 4 23 67207
262668 4 1 67232
262678 4 14 67502
262738 4 23 67351
262740 4 21 67361
262748 4 22 67530
262818 4 2 66645
262820 4 10 66985
262824 4 3 67474
262828 4 23 67579
262830 4 2 67581
262878 4 1 66692
262886 4 23 66979
262996 4 3 66790
262998 4 14 66986
263000 4 9 67236
263002 4 22 67242
263008 4 23 67423
263010 4 3 67582
263086 4 14 66962
263098 4 5 67583
263130 4 21 66905
263132 4 2 66957
263134 4 14 67094
263140 4 23 67507
263190 4 2 66933
263194 4 10 67285
263196 4 19 67432
263198 4 21 67433
263248 4 19 67108
263274 4 3 67342
263276 4 21 67577
263296 4 23 66751
263338 4 3 67030
263340 4 9 67032
263348 4 23 67075
263366 4 14 67034
263368 4 19 67036
263370 4 9 67440
263384 4 1 67064
263392 4 2 67065
263416 4 5 66683
263420 4 1 66632
263422 4 21 66965
263424 4 23 67183
263452 4 9 67308
263460 4 19 67312
263510 4 21 67445
263574 4 2 67209
263614 4 9 66984
263616 4 5 67091
263622 4 10 67237
263624 4 19 67264
263628 4 5 67463
263634 4 22 67542
263704 4 9 66996
263706 4 10 67093
263712 4 14 67238
263718 4 9 67464
263724 4 23 67543
263812 4 21 67277
263816 4 15 67491
263818 4 19 67492
263820 4 21 67493
263822 4 21 67541
263910 4 1 66860
263964 4 23 67363
264004 4 14 67454
264050 4 2 67233
264054 4 15 67563
264132 4 14 67214
264246 4 1 67520
264288 4 23 66931
264290 4 15 67203
264292 4 21 67205
264328 4 1 66932
264330 4 19 67204
264332 4 22 67206
264384 4 2 66693
264386 4 3 67210
264492 4 9 67344
264542 4 5 67103
264544 4 1 67208
264546 4 19 67360
264548 4 10 67561
264684 4 14 66638
264688 4 15 67239
264806 4 5 67235
264812 4 19 67192
264814 4 3 67270
264816 4 5 67271
264818 4 3 67282
264822 4 23 67495
264898 4 5 67043
264900 4 3 67198
265002 4 14 67562
265072 4 22 67038
265110 4 1 66752
265528 4 3 67354
265716 4 14 67274
265930 4 2 68897
265932 4 5 68899
265934 4 9 68900
265936 4 5 68923
265938 4 9 68924
265940 4 15 68615
265942 4 2 68753
265944 4 10 68901
265946 4 14 68902
265948 4 15 68903
265950 4 19 68904
265952 4 22 68906
265954 4 23 69399
265956 4 1 69400
265958 4 2 69401
265960 4 3 69402
265962 4 9 69452
265964 4 10 69453
265968 4 10 68613
265970 4 21 68917
265972 4 14 69010
265974 4 15 69011
265976 4 19 69012
265978 4 21 69013
265980 4 10 69057
265982 4 14 69058
265984 4 15 69059
265986 4 19 69060
265988 4 14 69238
265990 4 1 69292
265992 4 10 69093
265994 4 14 69094
265996 4 15 69095
265998 4 19 69096
266000 4 23 69195
266002 4 21 69097
266004 4 22 69098
266006 4 23 69099
266008 4 1 69100
266010 4 1 69196
266012 4 23 68871
266014 4 1 68644
266016 4 21 68773
266018 4 5 68803
266020 4 9 68804
266022 4 10 68805
266024 4 14 68890
266026 4 19 68940
266028 4 9 69056
266030 4 15 69275
266032 4 19 69276
266034 4 21 69277
266036 4 22 69278
266038 4 23 69279
266040 4 14 69334
266042 4 15 69335
266044 4 19 69336
266046 4 21 69337
266048 4 3 69378
266050 4 21 69505
266052 4 23 69531
266054 4 1 69532
266056 4 2 69533
266058 4 5 69535
266070 4 21 68617
266072 4 19 68688
266074 4 21 68689
266076 4 22 68690
266078 4 23 68691
266080 4 9 68840
266082 4 15 68843
266084 4 9 68852
266086 4 15 68891
266088 4 22 68966
266090 4 19 69180
266092 4 14 69538
266094 4 15 69539
266096 4 19 69540
266098 4 21 69541
266100 4 2 69569
266106 4 9 68648
266108 4 10 68649
266110 4 14 68650
266112 4 15 68651
266114 4 1 68836
266116 4 5 68839
266118 4 10 68853
266120 4 15 68939
266122 4 22 69170
266124 4 2 68849
266128 4 9 69284
266130 4 10 69285
266132 4 14 69286
266134 4 15 69287
266136 4 5 69451
266138 4 22 69506
266140 4 23 69507
266142 4 1 69508
266144 4 2 69509
266150 4 9 68636
266152 4 15 68639
266154 4 2 68645
266156 4 23 68919
266158 4 19 68640
266160 4 22 68642
266162 4 3 68646
266164 4 1 68920
266166 4 21 68653
266168 4 22 68654
266170 4 23 68655
266172 4 1 68656
266174 4 21 68749
266176 4 3 68802
266178 4 19 69240
266180 4 21 69241
266182 4 22 69242
266184 4 23 69243
266186 4 1 69244
266188 4 2 69245
266202 4 15 68663
266204 4 19 68664
266206 4 21 68665
266208 4 22 68666
266210 4 1 69076
266212 4 3 69078
266214 4 10 69153
266216 4 14 69154
266218 4 1 69280
266220 4 9 68624
266222 4 10 68625
266224 4 14 68626
266226 4 15 68627
266228 4 23 68727
266230 4 1 68728
266232 4 2 68729
266234 4 3 68730
266236 4 21 69109
266246 4 5 68731
266248 4 9 68732
266250 4 10 68733
266252 4 14 68734
266262 4 22 68618
266264 4 23 68619
266266 4 23 68787
266268 4 1 68788
266270 4 2 68789
266272 4 3 68790
266274 4 3 69150
266276 4 5 69295
266278 4 9 69296
266280 4 10 69297
266282 4 14 69298
266284 4 5 69403
266294 4 15 68735
266296 4 21 68737
266298 4 23 68775
266300 4 1 68776
266302 4 2 68813
266304 4 19 68856
266306 4 22 68930
266308 4 1 68932
266310 4 9 69116
266312 4 3 69546
266314 4 5 69547
266316 4 9 69548
266318 4 10 69549
266320 4 23 69555
266332 4 5 68779
266334 4 10 68781
266336 4 15 68855
266338 4 23 68931
266340 4 2 68933
266342 4 3 68934
266344 4 5 68935
266346 4 9 68936
266348 4 10 69117
266350 4 14 69550
266352 4 15 69551
266354 4 19 69552
266356 4 21 69553
266358 4 1 69556
266378 4 23 68679
266380 4 1 68680
266382 4 2 68681
266384 4 3 68682
266386 4 3 68742
266390 4 2 68837
266392 4 3 68838
266396 4 10 68913
266398 4 14 68914
266400 4 15 68915
266402 4 19 68916
266404 4 23 68967
266406 4 15 69023
266408 4 3 69042
266410 4 5 69043
266412 4 9 69044
266414 4 10 69045
266416 4 14 69226
266418 4 3 69354
266420 4 5 69355
266422 4 9 69356
266424 4 10 69357
266426 4 22 69398
266428 4 1 69424
266430 4 14 69586
266432 4 15 69587
266434 4 19 69588
266436 4 21 69589
266448 4 14 68674
266450 4 15 68675
266452 4 19 68676
266454 4 21 68677
266456 4 23 68739
266460 4 10 68841
266462 4 14 68842
266466 4 1 68968
266468 4 22 69038
266470 4 23 69039
266472 4 1 69040
266474 4 2 69041
266476 4 19 69072
266478 4 21 69073
266480 4 22 69074
266482 4 23 69075
266484 4 5 69151
266486 4 10 69225
266492 4 21 69361
266494 4 22 69362
266496 4 21 69397
266498 4 5 69427
266500 4 5 69571
266502 4 9 69572
266504 4 10 69573
266506 4 14 69574
266508 4 3 69606
266528 4 22 68858
266530 4 23 68859
266532 4 1 68860
266534 4 2 68861
266536 4 22 68918
266540 4 10 68637
266546 4 10 68673
266548 4 19 68784
266552 4 22 68942
266554 4 2 68969
266556 4 1 69052
266558 4 15 69167
266560 4 1 69364
266562 4 2 69365
266564 4 3 69366
266566 4 5 69367
266568 4 23 69543
266570 4 21 69565
266572 4 22 69566
266574 4 23 69567
266576 4 1 69568
266578 4 3 69570
266580 4 5 69583
266600 4 14 68878
266602 4 3 69210
266604 4 5 69211
266606 4 9 69212
266608 4 10 69213
266610 4 3 69222
266618 4 21 68845
266622 4 21 68641
266628 4 22 68678
266630 4 21 68785
266634 4 23 68943
266636 4 3 68970
266638 4 3 69054
266640 4 19 69168
266642 4 10 69369
266644 4 14 69370
266646 4 15 69371
266648 4 19 69372
266650 4 1 69544
266652 4 15 69575
266654 4 19 69576
266656 4 21 69577
266658 4 22 69578
266660 4 23 69579
266662 4 23 69591
266700 4 9 68948
266702 4 14 68950
266704 4 15 68951
266706 4 1 68956
266708 4 19 68952
266710 4 21 68953
266712 4 22 68954
266714 4 2 68957
266716 4 2 68609
266718 4 3 68610
266720 4 5 68611
266722 4 9 68612
266724 4 5 68647
266726 4 23 68811
266728 4 1 68812
266730 4 3 68850
266732 4 23 68907
266734 4 2 68909
266736 4 3 68910
266738 4 22 68990
266740 4 23 69231
266742 4 10 69429
266744 4 14 69430
266746 4 15 69431
266748 4 19 69432
266750 4 14 69526
266772 4 22 68774
266782 4 5 69007
266784 4 9 69008
266792 4 9 69488
266794 4 10 69489
266796 4 14 69490
266798 4 15 69491
266808 4 3 69534
266824 4 21 68701
266826 4 22 68702
266828 4 23 68703
266830 4 1 68704
266836 4 10 68973
266840 4 3 69066
266842 4 5 69067
266844 4 9 69068
266846 4 10 69069
266848 4 10 69177
266850 4 21 69265
266852 4 22 69266
266854 4 23 69267
266856 4 1 69268
266858 4 21 69301
266860 4 19 69504
266872 4 19 69600
266874 4 21 69601
266876 4 22 69602
266878 4 23 69603
266894 4 10 68697
266896 4 14 68698
266898 4 15 68699
266900 4 19 68700
266906 4 9 68972
266910 4 21 69061
266912 4 22 69062
266914 4 23 69063
266916 4 1 69064
266918 4 1 69172
266920 4 9 69260
266922 4 10 69261
266924 4 14 69262
266926 4 15 69263
266928 4 19 69300
266930 4 19 69492
266942 4 1 69592
266944 4 2 69593
266946 4 3 69594
266948 4 5 69595
266960 4 2 68801
266962 4 19 68808
266964 4 19 68844
266966 4 3 68862
266976 4 14 68998
266978 4 5 69055
266980 4 9 69368
266982 4 14 69418
266984 4 19 69420
266986 4 21 69421
266988 4 19 69456
266990 4 15 69479
267036 4 9 68696
267038 4 1 68716
267040 4 2 68717
267042 4 3 68718
267044 4 5 68719
267046 4 1 68764
267048 4 5 68971
267050 4 2 68993
267052 4 5 68995
267054 4 23 69207
267056 4 1 69208
267058 4 5 69607
267060 4 9 69608
267062 4 10 69609
267064 4 14 69610
267086 4 10 68709
267088 4 3 68766
267090 4 5 68767
267092 4 9 68768
267094 4 10 68769
267104 4 14 68974
267106 4 1 68992
267118 4 15 69251
267130 4 10 69621
267132 4 14 69622
267134 4 15 69623
267136 4 19 69624
267150 4 1 68908
267156 4 10 69009
267162 4 15 69059
267166 4 3 69306
267168 4 5 69307
267170 4 9 69308
267172 4 10 69309
267174 4 9 69344
267176 4 10 69345
267190 4 10 68949
267196 4 1 68620
267198 4 2 68621
267200 4 3 68622
267202 4 5 68623
267204 4 15 68687
267216 4 5 68683
267218 4 9 68684
267220 4 10 68685
267222 4 14 68686
267248 4 23 68955
267256 4 9 68720
267258 4 19 68760
267260 4 21 68761
267262 4 22 68762
267264 4 2 68765
267266 4 14 68770
267270 4 3 68994
267274 4 9 68996
267282 4 19 69252
267284 4 21 69253
267286 4 22 69254
267306 4 10 68721
267308 4 14 68722
267310 4 19 68724
267312 4 10 68997
267332 4 19 68712
267334 4 21 68713
267336 4 15 68783
267338 4 15 68807
267340 4 2 68825
267342 4 10 68865
267344 4 21 68893
267346 4 23 68895
267348 4 10 68937
267350 4 14 68938
267352 4 14 69022
267354 4 2 69065
267356 4 19 69408
267358 4 21 69409
267360 4 23 69411
267362 4 10 69465
267364 4 14 69502
267366 4 2 69617
267368 4 3 69618
267370 4 5 69619
267372 4 9 69620
267378 4 1 68608
267380 4 19 68832
267382 4 23 68835
267384 4 23 68847
267386 4 1 68848
267388 4 1 68944
267390 4 2 68945
267392 4 3 68946
267394 4 5 68947
267396 4 15 69155
267398 4 10 68613
267400 4 21 68917
267402 4 15 68795
267404 4 19 68796
267406 4 5 68911
267408 4 9 68912
267410 4 22 69218
267412 4 23 69219
267414 4 1 69220
267416 4 2 69221
267418 4 21 68809
267432 4 19 68736
267436 4 22 68738
267438 4 22 69014
267440 4 23 69015
267442 4 1 69016
267444 4 2 69017
267446 4 15 69047
267448 4 21 69049
267450 4 19 69216
267452 4 21 69217
267454 4 22 69302
267464 4 22 69026
267466 4 23 69027
267468 4 1 69028
267470 4 2 69029
267476 4 19 68628
267478 4 22 68630
267480 4 23 68631
267482 4 22 68786
267484 4 9 69080
267486 4 10 69081
267488 4 14 69082
267490 4 15 69083
267492 4 14 69310
267494 4 15 69311
267496 4 19 69312
267498 4 21 69313
267500 4 23 69327
267502 4 21 68653
267506 4 23 68655
267508 4 5 68671
267510 4 9 68672
267512 4 5 68791
267514 4 9 68792
267516 4 10 69105
267518 4 14 69106
267520 4 15 69107
267522 4 19 69108
267524 4 23 69255
267526 4 1 69256
267528 4 2 69257
267530 4 3 69258
267532 4 19 69288
267534 4 1 69304
267536 4 2 69305
267538 4 1 69520
267556 4 23 68715
267558 4 1 68752
267572 4 19 69084
267582 4 23 69303
267610 4 14 68914
267612 4 19 68916
267614 4 2 68921
267620 4 19 69048
267624 4 22 69050
267628 4 2 69077
267632 4 5 69079
267634 4 15 69215
267642 4 22 69422
267646 4 2 69425
267648 4 3 69426
267658 4 21 68797
267660 4 22 68798
267670 4 9 69248
267676 4 22 68750
267692 4 15 69227
267694 4 1 69364
267702 4 1 69580
267716 4 23 68751
267732 4 19 69228
267748 4 2 69581
267780 4 21 68905
267784 4 2 69137
267786 4 3 69138
267788 4 5 69139
267790 4 9 69140
267792 4 23 69159
267794 4 19 69384
267814 4 14 69070
267816 4 15 69071
267822 4 5 69091
267824 4 9 69092
267836 4 23 69279
267838 4 2 68633
267862 4 19 68748
267864 4 15 68867
267866 4 19 68868
267868 4 21 68869
267870 4 22 68870
267872 4 14 68962
267874 4 5 69223
267876 4 14 69442
267878 4 15 69443
267880 4 19 69444
267882 4 21 69445
267884 4 22 69554
267896 4 9 68864
267898 4 5 68851
267900 4 5 69115
267902 4 15 68663
267904 4 19 68664
267908 4 1 68692
267910 4 2 68693
267912 4 23 68775
267916 4 2 68777
267918 4 3 68778
267922 4 19 69000
267924 4 21 69001
267926 4 22 69002
267928 4 23 69003
267930 4 14 69118
267932 4 2 69233
267934 4 22 69314
267936 4 22 69350
267938 4 23 69351
267940 4 1 69352
267942 4 2 69353
267944 4 2 69377
267960 4 9 68780
267964 4 14 68782
267966 4 15 69119
267968 4 21 68821
267970 4 22 68822
267972 4 23 68823
267974 4 1 68824
267976 4 3 68874
267978 4 10 68877
267980 4 5 69031
267982 4 10 69093
267984 4 15 69095
267986 4 3 69126
267988 4 23 69195
267990 4 5 69247
267992 4 9 69332
268002 4 5 68827
268004 4 10 68829
268006 4 14 68830
268008 4 15 68831
268010 4 15 68879
268012 4 22 68882
268014 4 10 69033
268016 4 21 69097
268018 4 1 69100
268020 4 9 69128
268022 4 1 69196
268024 4 10 69249
268026 4 10 69333
268042 4 22 68726
268044 4 1 68800
268050 4 5 68839
268052 4 10 68853
268054 4 1 68872
268056 4 15 68939
268064 4 21 69085
268066 4 1 69280
268074 4 23 69375
268076 4 3 69414
268078 4 5 69415
268080 4 9 69416
268082 4 10 69417
268086 4 2 69521
268118 4 21 68833
268120 4 22 68834
268124 4 14 68854
268136 4 5 68803
268138 4 9 68804
268140 4 14 68806
268142 4 5 68863
268144 4 21 69145
268148 4 10 69285
268150 4 14 69286
268152 4 15 69287
268154 4 9 69464
268172 4 1 69064
268200 4 19 69504
268228 4 1 68884
268230 4 2 68885
268232 4 2 69197
268234 4 3 69198
268236 4 5 69199
268238 4 9 69200
268268 4 23 68727
268270 4 1 68728
268276 4 21 69109
268280 4 21 68629
268296 4 3 68886
268298 4 5 68887
268300 4 9 68888
268302 4 10 68889
268304 4 23 68667
268306 4 1 68668
268308 4 2 68669
268310 4 3 68670
268342 4 14 68926
268344 4 15 68927
268346 4 19 68928
268348 4 21 68929
268350 4 21 68941
268352 4 5 69271
268354 4 9 69272
268356 4 10 69273
268358 4 14 69274
268360 4 3 69342
268362 4 2 69389
268384 4 9 68852
268386 4 15 68891
268388 4 19 68940
268392 4 9 69056
268404 4 22 69362
268406 4 14 69538
268412 4 21 69541
268414 4 2 69569
268434 4 10 68637
268436 4 14 68638
268448 4 2 68657
268452 4 19 68640
268458 4 23 68643
268460 4 3 68658
268472 4 10 69057
268482 4 10 68649
268484 4 14 68650
268486 4 15 68651
268494 4 2 68645
268496 4 23 68919
268506 4 1 68920
268508 4 1 68632
268510 4 19 68652
268512 4 10 68793
268514 4 14 68794
268516 4 10 68925
268524 4 1 69004
268526 4 2 69005
268528 4 14 69046
268530 4 14 69166
268532 4 2 69173
268534 4 3 69174
268536 4 5 69175
268538 4 9 69176
268540 4 3 69246
268542 4 9 69404
268544 4 10 69405
268546 4 14 69406
268548 4 15 69407
268550 4 21 69493
268552 4 22 69494
268554 4 23 69495
268556 4 1 69496
268558 4 15 69503
268560 4 3 69510
268562 4 5 68791
268566 4 14 68866
268568 4 3 68958
268586 4 19 69480
268588 4 21 69481
268590 4 22 69482
268592 4 23 69483
268612 4 23 69159
268652 4 1 68788
268654 4 2 68789
268656 4 3 68790
268660 4 3 69150
268662 4 5 69163
268664 4 22 69434
268666 4 23 69435
268668 4 1 69436
268670 4 2 69437
268672 4 9 69596
268674 4 10 69597
268676 4 14 69598
268678 4 15 69599
268698 4 23 68739
268702 4 1 68680
268708 4 3 68742
268752 4 21 69169
268760 4 23 69423
268762 4 10 68673
268764 4 10 68697
268770 4 19 68700
268772 4 1 69172
268778 4 22 68678
268780 4 23 68943
268784 4 5 68659
268786 4 9 68660
268788 4 10 68661
268790 4 14 68662
268792 4 14 69010
268796 4 19 69012
268798 4 21 69013
268800 4 15 69131
268802 4 10 69141
268804 4 14 69142
268806 4 15 69143
268808 4 19 69144
268820 4 2 69101
268822 4 3 69102
268824 4 5 69103
268826 4 9 69104
268834 4 2 68705
268836 4 1 68740
268838 4 9 68756
268840 4 10 68757
268842 4 14 68758
268844 4 15 68759
268852 4 3 68826
268854 4 22 69038
268856 4 23 69039
268858 4 10 69225
268860 4 1 69232
268862 4 14 69250
268864 4 5 69259
268890 4 3 68706
268892 4 2 68741
268894 4 19 68760
268896 4 21 68761
268900 4 23 68763
268904 4 9 68828
268910 4 3 69042
268914 4 14 69226
268916 4 15 69239
268920 4 19 69264
268952 4 3 69366
268954 4 5 69367
268956 4 23 69543
268958 4 3 68922
268976 4 1 69544
268978 4 5 68731
268980 4 9 68732
268982 4 10 68733
268984 4 14 68734
269002 4 3 68694
269010 4 9 68708
269012 4 21 69181
269014 4 5 68695
269016 4 21 68701
269018 4 22 68702
269022 4 5 68707
269024 4 22 69182
269030 4 23 68703
269034 4 10 68973
269046 4 22 68714
269064 4 14 69094
269068 4 19 69096
269070 4 5 69151
269072 4 21 69289
269074 4 23 69303
269076 4 21 69397
269082 4 22 69410
269084 4 23 69411
269086 4 9 69536
269126 4 22 69098
269128 4 23 69099
269132 4 23 69291
269140 4 9 68696
269146 4 5 68719
269148 4 1 68764
269150 4 2 68765
269154 4 3 68838
269158 4 23 68967
269160 4 5 68971
269166 4 9 69044
269168 4 10 69045
269170 4 22 69170
269174 4 14 69586
269178 4 19 69588
269180 4 21 69589
269182 4 5 69607
269184 4 9 69608
269186 4 10 69609
269188 4 14 69610
269258 4 10 69189
269260 4 14 69190
269262 4 15 69191
269264 4 19 69192
269274 4 2 69185
269276 4 3 69186
269278 4 9 69188
269280 4 21 69193
269288 4 10 68709
269292 4 10 68841
269296 4 1 68968
269300 4 2 68609
269302 4 3 68610
269304 4 9 68612
269306 4 5 68647
269308 4 23 68907
269314 4 22 68990
269316 4 10 69429
269318 4 14 69430
269320 4 15 69431
269322 4 19 69432
269324 4 14 69526
269328 4 21 68917
269338 4 2 68993
269342 4 23 69207
269344 4 1 69208
269356 4 10 68721
269358 4 14 68722
269360 4 15 68723
269362 4 19 68724
269370 4 3 68766
269372 4 5 68767
269376 4 15 68771
269378 4 19 68772
269380 4 10 68997
269382 4 2 69209
269384 4 21 69229
269426 4 21 68725
269434 4 14 68974
269436 4 1 68992
269440 4 10 69621
269442 4 14 69622
269444 4 15 69623
269446 4 19 69624
269474 4 22 68846
269476 4 2 68873
269480 4 14 69034
269482 4 15 69035
269484 4 19 69036
269486 4 21 69037
269488 4 23 69111
269490 4 1 69112
269492 4 2 69113
269494 4 3 69114
269496 4 10 69129
269498 4 19 69132
269500 4 22 69230
269502 4 5 69319
269504 4 9 69320
269506 4 10 69321
269508 4 14 69322
269510 4 22 69338
269512 4 23 69339
269514 4 1 69340
269516 4 2 69341
269518 4 22 69458
269520 4 15 69527
269522 4 19 69528
269524 4 21 69529
269526 4 22 69530
269528 4 10 69585
269584 4 21 68857
269596 4 21 69133
269598 4 22 69134
269600 4 23 69135
269602 4 19 69156
269604 4 3 69210
269606 4 5 69211
269608 4 9 69212
269610 4 10 69213
269612 4 3 69222
269616 4 15 69299
269618 4 3 69438
269620 4 5 69439
269622 4 9 69440
269624 4 10 69441
269626 4 3 69474
269634 4 21 68737
269644 4 15 68963
269646 4 23 69087
269648 4 1 69088
269650 4 2 69089
269652 4 3 69090
269654 4 22 69146
269656 4 2 69149
269658 4 3 69162
269660 4 23 69171
269662 4 19 69360
269664 4 1 69376
269738 4 1 69040
269740 4 2 69041
269742 4 15 69251
269758 4 14 68770
269768 4 22 69254
269804 4 22 68774
269806 4 2 68933
269808 4 5 68935
269810 4 5 69007
269812 4 9 69008
269814 4 9 69488
269816 4 10 69489
269818 4 14 69490
269820 4 15 69491
269824 4 3 69018
269826 4 9 69020
269828 4 10 69021
269830 4 9 69032
269850 4 23 68775
269852 4 1 68776
269854 4 2 68777
269856 4 3 68778
269858 4 22 69350
269860 4 23 69351
269862 4 1 69352
269864 4 2 69353
269866 4 2 69377
269868 4 5 68779
269872 4 10 68781
269874 4 14 68782
269880 4 10 68805
269884 4 14 69334
269886 4 21 69337
269888 4 14 69358
269890 4 15 69359
269892 4 3 69378
269908 4 19 69084
269922 4 3 68802
269926 4 1 69052
269928 4 21 68785
269930 4 3 69054
269940 4 10 68913
269944 4 15 68915
269948 4 3 69354
269950 4 5 69355
269952 4 9 69356
269954 4 10 69357
269956 4 1 69424
269966 4 15 69023
269968 4 19 68844
269970 4 3 68862
269974 4 22 69014
269976 4 23 69015
269978 4 1 69016
269980 4 2 69017
269982 4 15 69047
269994 4 9 69368
270008 4 21 69121
270010 4 22 69122
270012 4 23 69123
270014 4 1 69124
270024 4 1 69076
270026 4 2 69077
270028 4 3 69078
270030 4 5 69079
270038 4 2 69425
270040 4 3 69426
270056 4 19 69096
270074 4 23 69099
270078 4 14 69418
270080 4 15 69419
270082 4 19 69420
270084 4 21 69421
270086 4 10 69537
270088 4 3 68634
270090 4 3 69006
270100 4 2 69173
270104 4 5 69175
270108 4 2 69497
270110 4 3 69498
270112 4 5 69499
270114 4 9 69500
270120 4 1 68632
270134 4 21 68653
270136 4 22 68654
270140 4 1 68656
270142 4 5 68671
270144 4 21 68749
270148 4 14 68866
270150 4 5 68959
270152 4 10 69105
270156 4 19 69240
270158 4 21 69241
270160 4 22 69242
270162 4 1 69244
270164 4 2 69245
270166 4 19 69288
270168 4 1 69304
270170 4 2 69305
270172 4 19 69480
270174 4 21 69481
270176 4 22 69482
270178 4 23 69483
270180 4 2 69557
270182 4 3 69558
270184 4 5 69559
270186 4 9 69560
270196 4 21 68665
270208 4 21 69085
270210 4 1 69280
270224 4 19 69276
270226 4 21 69277
270228 4 22 69278
270230 4 5 69427
270240 4 2 68825
270242 4 10 68865
270244 4 14 69022
270246 4 22 69026
270248 4 23 69027
270250 4 1 69028
270252 4 2 69029
270264 4 23 69531
270266 4 1 69532
270268 4 2 69533
270270 4 3 69534
270272 4 2 69617
270274 4 5 69619
270276 4 9 69620
270292 4 1 68608
270294 4 19 68832
270296 4 23 68835
270298 4 23 68847
270300 4 1 68848
270310 4 22 68870
270316 4 1 69148
270320 4 2 69161
270326 4 5 69223
270330 4 15 69611
270332 4 19 69612
270334 4 21 69613
270336 4 22 69614
270338 4 9 68840
270342 4 14 68842
270344 4 15 68843
270358 4 21 69361
270360 4 22 69362
270364 4 22 68750
270366 4 15 68783
270370 4 21 68893
270372 4 23 68895
270374 4 10 68937
270376 4 9 68948
270378 4 10 68949
270380 4 14 68950
270382 4 2 68969
270384 4 23 69051
270386 4 2 69065
270388 4 15 69227
270390 4 5 69475
270392 4 9 69476
270394 4 10 69477
270396 4 14 69478
270398 4 23 69615
270402 4 3 69618
270424 4 23 68751
270426 4 2 68801
270430 4 2 68897
270432 4 9 68900
270434 4 5 68923
270436 4 19 68952
270438 4 22 68954
270440 4 23 68955
270442 4 3 68970
270444 4 2 69053
270446 4 5 69055
270448 4 19 69228
270450 4 15 69515
270452 4 19 69516
270454 4 21 69517
270456 4 22 69518
270458 4 1 69616
270476 4 1 68812
270480 4 21 69001
270486 4 22 69314
270494 4 1 68824
270508 4 10 68829
270512 4 15 68831
270518 4 23 69147
270526 4 14 69346
270528 4 15 69347
270530 4 19 69348
270532 4 21 69349
270534 4 15 68795
270536 4 19 68796
270540 4 22 68798
270542 4 15 69203
270544 4 19 69204
270546 4 21 69205
270548 4 22 69206
270568 4 9 68852
270576 4 23 69279
270596 4 10 68853
270612 4 23 69375
270630 4 5 68911
270632 4 9 68912
270634 4 22 68726
270644 4 3 69414
270646 4 5 69415
270648 4 9 69416
270650 4 10 69417
270654 4 5 68791
270664 4 14 68794
270670 4 23 68787
270672 4 1 68788
270674 4 21 68845
270676 4 2 68849
270678 4 23 68871
270680 4 5 69163
270682 4 1 69460
270684 4 2 69461
270686 4 3 69462
270688 4 5 69463
270690 4 10 69501
270692 4 22 69506
270694 4 23 69507
270696 4 1 69508
270698 4 2 69509
270700 4 9 69596
270702 4 10 69597
270706 4 15 69599
270734 4 9 68672
270740 4 15 69107
270742 4 19 69108
270748 4 9 69284
270750 4 10 69285
270752 4 14 69286
270754 4 15 69287
270756 4 5 69451
270766 4 21 69013
270774 4 1 69136
270776 4 19 69156
270778 4 23 69087
270786 4 5 68659
270788 4 9 68660
270790 4 10 68661
270800 4 5 68863
270810 4 9 69464
270828 4 22 69398
270830 4 9 69080
270834 4 14 69082
270836 4 15 69083
270838 4 21 69169
270840 4 22 69446
270842 4 23 69447
270844 4 1 69448
270846 4 2 69449
270850 4 3 68670
270854 4 23 68883
270856 4 1 69160
270864 4 10 69213
270896 4 15 68699
270898 4 19 68700
270902 4 5 68875
270904 4 9 68876
270906 4 10 68877
270908 4 9 68972
270910 4 2 69185
270912 4 3 69186
270914 4 5 69187
270918 4 9 69260
270920 4 10 69261
270922 4 14 69262
270926 4 9 69428
270928 4 1 69592
270930 4 2 69593
270932 4 3 69594
270934 4 5 69595
270964 4 22 68834
270968 4 14 68854
270970 4 22 68858
270972 4 23 68859
270974 4 1 68860
270976 4 2 68861
270982 4 15 69179
270984 4 1 69184
270986 4 14 69214
271014 4 21 68701
271016 4 23 68703
271020 4 15 68879
271022 4 19 68880
271024 4 21 68881
271026 4 22 68882
271028 4 10 68973
271030 4 10 69189
271036 4 22 69194
271040 4 22 69266
271042 4 23 69267
271044 4 1 69268
271046 4 21 69433
271048 4 19 69600
271050 4 21 69601
271052 4 22 69602
271054 4 23 69603
271088 4 22 68810
271100 4 1 68776
271102 4 2 68777
271104 4 2 68813
271106 4 19 68856
271108 4 22 68930
271110 4 1 68932
271114 4 19 69048
271116 4 21 69049
271122 4 2 69125
271124 4 10 69153
271126 4 14 69154
271128 4 22 69302
271134 4 1 69352
271136 4 2 69413
271138 4 22 69422
271140 4 2 69545
271142 4 3 69546
271144 4 5 69547
271146 4 9 69548
271148 4 10 69549
271150 4 23 69555
271180 4 15 68747
271184 4 21 68833
271192 4 1 68944
271194 4 2 68945
271196 4 3 68946
271198 4 22 69086
271216 4 15 69155
271224 4 23 69315
271226 4 1 69316
271228 4 2 69317
271230 4 3 69318
271232 4 1 69328
271234 4 2 69329
271236 4 3 69330
271238 4 5 69331
271240 4 19 69360
271242 4 21 69457
271244 4 3 69522
271246 4 5 69523
271248 4 9 69524
271250 4 10 69525
271252 4 9 69584
271282 4 3 69222
271302 4 5 68635
271304 4 2 68753
271310 4 21 68617
271318 4 15 68891
271322 4 14 69538
271324 4 15 69539
271326 4 19 69540
271328 4 21 69541
271330 4 2 69569
271332 4 2 68609
271334 4 3 68610
271336 4 5 68611
271338 4 9 68612
271340 4 23 68811
271344 4 23 69231
271346 4 23 68907
271348 4 1 68908
271350 4 2 68909
271352 4 3 68910
271354 4 3 69306
271356 4 5 69307
271358 4 9 69308
271360 4 10 69309
271362 4 21 68809
271364 4 5 69271
271366 4 9 69272
271368 4 10 69273
271370 4 14 69274
271390 4 9 68924
271398 4 19 69456
271400 4 15 69479
271436 4 23 68955
271452 4 14 68926
271454 4 15 68927
271456 4 21 68929
271458 4 14 69046
271460 4 14 69166
271478 4 19 68616
271482 4 5 68743
271484 4 9 68744
271486 4 10 68745
271488 4 14 68746
271490 4 23 68979
271492 4 1 68980
271494 4 19 68988
271496 4 15 68999
271498 4 19 69024
271500 4 21 69025
271502 4 5 69127
271504 4 22 69470
271506 4 23 69471
271508 4 1 69472
271510 4 2 69473
271512 4 21 69625
271514 4 22 69626
271516 4 23 69627
271518 4 1 69628
271538 4 10 68673
271542 4 22 68942
271544 4 1 69052
271546 4 21 69565
271548 4 22 69566
271550 4 23 69567
271552 4 1 69568
271554 4 3 69570
271556 4 22 68678
271558 4 21 68785
271562 4 3 69054
271564 4 15 69575
271566 4 19 69576
271568 4 21 69577
271570 4 22 69578
271572 4 23 69579
271578 4 15 68807
271580 4 10 68865
271588 4 14 68938
271590 4 19 69408
271592 4 21 69409
271594 4 23 69411
271596 4 10 69465
271598 4 14 69502
271636 4 21 68773
271638 4 5 68779
271640 4 10 68781
271644 4 15 68855
271646 4 14 68890
271648 4 23 68931
271652 4 3 68934
271654 4 5 68935
271656 4 9 68936
271662 4 15 69335
271664 4 19 69336
271670 4 21 69505
271672 4 14 69550
271674 4 15 69551
271676 4 19 69552
271678 4 21 69553
271680 4 1 69556
271712 4 23 68619
271714 4 5 68755
271716 4 3 69234
271718 4 5 69235
271720 4 9 69236
271722 4 22 69290
271724 4 9 69380
271726 4 10 69381
271728 4 14 69382
271730 4 15 69383
271738 4 23 68871
271754 4 3 68838
271758 4 23 68967
271762 4 5 69043
271764 4 9 69044
271768 4 14 69586
271770 4 15 69587
271772 4 19 69588
271774 4 21 69589
271782 4 1 68968
271784 4 22 69038
271786 4 23 69039
271788 4 1 69040
271790 4 2 69041
271792 4 5 69571
271794 4 9 69572
271796 4 10 69573
271798 4 14 69574
271800 4 3 69606
271806 4 21 69061
271808 4 22 69062
271810 4 23 69063
271812 4 1 69064
271814 4 19 69300
271820 4 3 69066
271822 4 5 69067
271824 4 9 69068
271826 4 10 69069
271828 4 21 69301
271836 4 9 68648
271838 4 10 68649
271840 4 9 68696
271842 4 1 68716
271844 4 2 68717
271846 4 5 68719
271848 4 1 68764
271850 4 5 68971
271852 4 5 69607
271854 4 9 69608
271856 4 10 69609
271858 4 14 69610
271892 4 2 69185
271900 4 19 68688
271902 4 22 68690
271904 4 10 68709
271906 4 3 68766
271908 4 9 68768
271910 4 10 68769
271912 4 14 68974
271914 4 1 68992
271920 4 15 69623
271922 4 19 69624
271950 4 21 69601
271968 4 15 69191
271976 4 15 68951
271978 4 1 68956
271980 4 1 69364
271982 4 2 69365
271984 4 3 69366
271986 4 5 69367
271988 4 1 69580
271990 4 2 68993
271992 4 3 68994
271994 4 5 68995
271996 4 9 68996
272014 4 10 68721
272016 4 14 68722
272018 4 19 68724
272020 4 10 68997
272024 4 21 68953
272028 4 2 68957
272030 4 10 69369
272032 4 14 69370
272034 4 15 69371
272036 4 19 69372
272038 4 2 69581
272054 4 2 68969
272064 4 5 69583
272084 4 23 69591
272098 4 2 69617
272102 4 5 69619
272104 4 9 69620
272106 4 23 68787
272108 4 1 68788
272110 4 2 68789
272122 4 3 68790
272124 4 3 69150
272126 4 14 68614
272128 4 2 68633
272130 4 23 68799
272132 4 3 68814
272134 4 5 68815
272136 4 9 68816
272138 4 14 68818
272140 4 15 68819
272142 4 19 68820
272144 4 19 68892
272146 4 3 68922
272148 4 23 68991
272150 4 14 69130
272152 4 21 69157
272154 4 22 69158
272156 4 14 69466
272158 4 15 69467
272160 4 19 69468
272162 4 21 69469
272164 4 1 69484
272166 4 2 69485
272168 4 3 69486
272170 4 5 69487
272172 4 23 69519
272208 4 5 68743
272218 4 1 68980
272224 4 5 69127
272228 4 21 68737
272246 4 9 69548
272276 4 1 69556
272278 4 10 69105
272282 4 15 69107
272284 4 19 69108
272296 4 22 68618
272300 4 3 68754
272308 4 9 69236
272310 4 10 69237
272314 4 5 69295
272316 4 9 69296
272318 4 10 69297
272320 4 14 69298
272330 4 2 69629
272332 4 3 69630
272334 4 5 69631
272346 4 21 68833
272352 4 23 68847
272364 4 5 68947
272376 4 2 69161
272400 4 21 69349
272410 4 3 69582
272452 4 5 69403
272454 4 22 69434
272456 4 23 69435
272458 4 1 69436
272460 4 2 69437
272484 4 3 68874
272492 4 22 68894
272496 4 1 68896
272500 4 5 69031
272508 4 10 69093
272510 4 15 69095
272512 4 19 69096
272514 4 3 69126
272516 4 9 69164
272518 4 23 69195
272520 4 5 69247
272522 4 14 69394
272528 4 14 69454
272532 4 9 69536
272534 4 1 69604
272568 4 22 68882
272572 4 3 68898
272574 4 5 68899
272580 4 10 69033
272588 4 21 69097
272590 4 23 69099
272592 4 1 69100
272594 4 9 69128
272596 4 10 69165
272598 4 1 69196
272600 4 10 69249
272602 4 15 69395
272608 4 15 69455
272612 4 10 69537
272614 4 2 69605
272644 4 2 68873
272646 4 23 69111
272648 4 1 69112
272650 4 2 69113
272652 4 3 69114
272654 4 19 69132
272660 4 23 69135
272666 4 15 69299
272678 4 22 68846
272682 4 5 69319
272684 4 9 69320
272686 4 10 69321
272688 4 14 69322
272690 4 22 69458
272718 4 5 68803
272720 4 9 68804
272722 4 19 68940
272724 4 9 69056
272726 4 15 69275
272728 4 19 69276
272730 4 21 69277
272734 4 1 68620
272736 4 3 68622
272738 4 5 68623
272740 4 5 68683
272742 4 9 68684
272744 4 10 68685
272746 4 14 68686
272748 4 15 68687
272750 4 19 69120
272796 4 2 69125
272802 4 22 69422
272804 4 21 68653
272806 4 22 68654
272808 4 23 68655
272812 4 21 68749
272816 4 21 69241
272818 4 22 69242
272820 4 1 69244
272822 4 2 69245
272824 4 14 68674
272826 4 15 68675
272828 4 2 68705
272830 4 1 68740
272838 4 3 68826
272840 4 5 69259
272842 4 23 68679
272844 4 1 68680
272846 4 3 68706
272848 4 2 68741
272850 4 5 68827
272852 4 9 68828
272854 4 10 68829
272858 4 19 69264
272866 4 5 68671
272874 4 19 69288
272878 4 2 69305
272880 4 5 68635
272884 4 23 69399
272886 4 1 69400
272888 4 2 69401
272890 4 3 69402
272908 4 22 68666
272910 4 1 68692
272914 4 1 68800
272916 4 1 68872
272918 4 19 69000
272920 4 23 69003
272922 4 2 69233
272924 4 23 69363
272926 4 3 69414
272928 4 5 69415
272930 4 9 69416
272932 4 10 69417
272962 4 19 68616
272966 4 3 68634
272968 4 19 68652
272970 4 14 68710
272980 4 9 68960
272982 4 15 68987
272986 4 15 68999
272988 4 1 69004
272990 4 2 69005
272992 4 3 69270
272994 4 9 69404
272996 4 10 69405
272998 4 14 69406
273000 4 15 69407
273042 4 10 68793
273044 4 14 68794
273050 4 15 68927
273052 4 19 68928
273054 4 21 68929
273056 4 21 68941
273060 4 2 69173
273062 4 3 69174
273064 4 5 69175
273066 4 9 69176
273070 4 10 69273
273072 4 14 69274
273074 4 3 69342
273076 4 21 69385
273078 4 22 69386
273080 4 23 69387
273082 4 1 69388
273084 4 2 69389
273086 4 21 69493
273088 4 22 69494
273090 4 23 69495
273092 4 1 69496
273094 4 15 69503
273132 4 14 68998
273134 4 9 69368
273144 4 14 69034
273146 4 15 69035
273148 4 10 69129
273152 4 14 69178
273186 4 22 68750
273212 4 23 68751
273224 4 3 68802
273230 4 2 68981
273242 4 23 69243
273248 4 1 69472
273250 4 2 69473
273252 4 22 69542
273292 4 14 69166
273302 4 3 69510
273338 4 23 68811
273340 4 3 68850
273344 4 9 69116
273346 4 14 69118
273348 4 10 69429
273350 4 19 69432
273376 4 9 68780
273380 4 2 68849
273382 4 5 68851
273384 4 23 68871
273386 4 5 69115
273388 4 10 69117
273390 4 15 69119
273394 4 14 69286
273396 4 15 69287
273398 4 5 69451
273400 4 1 69460
273406 4 10 69501
273412 4 1 69508
273414 4 2 69509
273438 4 10 68901
273440 4 14 68902
273442 4 15 68903
273444 4 19 68904
273454 4 9 69452
273494 4 5 68983
273496 4 9 68984
273498 4 10 68985
273500 4 14 68986
273508 4 3 69006
273512 4 3 69282
273530 4 15 68711
273534 4 3 68958
273536 4 5 68959
273538 4 10 68961
273540 4 15 68975
273542 4 19 68976
273544 4 21 68977
273546 4 22 68978
273552 4 3 68982
273554 4 2 69269
273556 4 5 69283
273570 4 10 69285
273614 4 3 69246
273618 4 14 68866
273628 4 19 69480
273630 4 21 69481
273632 4 22 69482
273634 4 23 69483
273636 4 21 68857
273638 4 3 69210
273640 4 5 69211
273642 4 9 69212
273644 4 10 69213
273646 4 3 69438
273648 4 5 69439
273650 4 9 69440
273652 4 10 69441
273654 4 15 68795
273656 4 19 68796
273658 4 22 68798
273660 4 22 68810
273662 4 22 68858
273664 4 23 68859
273666 4 2 68861
273668 4 9 68864
273670 4 9 68912
273672 4 22 68918
273674 4 9 69224
273676 4 3 69390
273678 4 5 69391
273680 4 9 69392
273682 4 10 69393
273684 4 5 69511
273686 4 9 69512
273688 4 10 69513
273690 4 14 69514
273710 4 19 68712
273712 4 21 68713
273716 4 10 68865
273718 4 14 69022
273722 4 5 69619
273726 4 19 68628
273728 4 22 68630
273730 4 23 68667
273732 4 1 68668
273734 4 3 68670
273738 4 23 68883
273740 4 3 68886
273742 4 9 68888
273744 4 10 68889
273746 4 9 69152
273748 4 1 69160
273750 4 10 69201
273752 4 14 69202
273798 4 9 69080
273800 4 10 69081
273802 4 14 69082
273804 4 15 69083
273806 4 21 69169
273816 4 22 69446
273818 4 23 69447
273820 4 1 69448
273822 4 2 69449
273834 4 22 69050
273836 4 21 69217
273838 4 22 69014
273840 4 23 69015
273842 4 1 69016
273844 4 2 69017
273850 4 19 69216
273854 4 19 68748
273856 4 15 68867
273858 4 19 68868
273860 4 21 68869
273862 4 22 68870
273864 4 5 69223
273886 4 21 69037
273910 4 15 69527
273912 4 22 69530
273914 4 10 69585
273938 4 10 68613
273940 4 23 68907
273942 4 1 68908
273944 4 2 68909
273946 4 21 68917
273948 4 10 69009
273950 4 14 69010
273952 4 15 69011
273956 4 10 69057
273958 4 14 69058
273960 4 15 69059
273962 4 19 69060
273964 4 14 69238
273966 4 1 69292
273968 4 3 69306
273970 4 5 69307
273972 4 9 69308
273974 4 9 69344
273976 4 10 69345
274016 4 1 68752
274018 4 22 68774
274022 4 23 69531
274024 4 1 69532
274026 4 2 69533
274028 4 3 69534
274042 4 22 69026
274044 4 23 69027
274046 4 1 69028
274048 4 2 69029
274050 4 9 69488
274052 4 10 69489
274054 4 14 69490
274056 4 15 69491
274128 4 2 69557
274130 4 3 69558
274132 4 5 69559
274134 4 9 69560
274194 4 14 68938
274198 4 15 69095
274200 4 19 69096
274202 4 23 69195
274204 4 19 69408
274210 4 9 69536
274226 4 1 69100
274228 4 1 69196
274234 4 15 69479
274236 4 10 69537
274240 4 1 68644
274244 4 14 68890
274254 4 5 69535
274264 4 23 68727
274266 4 2 68729
274268 4 3 68730
274270 4 14 68962
274272 4 21 68989
274274 4 3 69018
274276 4 5 69019
274278 4 10 69021
274280 4 3 69030
274282 4 23 69183
274284 4 5 69343
274286 4 14 69442
274288 4 15 69443
274290 4 19 69444
274292 4 21 69445
274324 4 21 68773
274328 4 2 68933
274330 4 3 68934
274332 4 5 68935
274334 4 5 69007
274336 4 14 69334
274338 4 15 69335
274340 4 19 69336
274342 4 21 69505
274374 4 21 68905
274376 4 22 68906
274378 4 2 69137
274380 4 3 69138
274382 4 5 69139
274384 4 9 69140
274386 4 2 69293
274388 4 3 69294
274390 4 19 69384
274398 4 10 69453
274472 4 14 68794
274488 4 9 69176
274496 4 1 69496
274506 4 15 68963
274514 4 23 69171
274516 4 1 69376
274518 4 14 68878
274524 4 19 69036
274530 4 1 69112
274532 4 19 69132
274540 4 3 69222
274542 4 22 69230
274544 4 3 69474
274582 4 5 68791
274590 4 23 69255
274592 4 1 69256
274594 4 2 69257
274596 4 3 69258
274640 4 2 69497
274642 4 3 69498
274644 4 5 69499
274646 4 9 69500
274686 4 5 68815
274694 4 9 69272
274698 4 1 69412
274730 4 3 68754
274740 4 10 68805
274742 4 19 68940
274750 4 21 69337
274752 4 3 69378
274754 4 9 68636
274756 4 10 68637
274758 4 14 68638
274760 4 2 68645
274762 4 2 68657
274764 4 10 68673
274766 4 3 68694
274768 4 10 68697
274770 4 14 68698
274772 4 15 68699
274774 4 22 68942
274776 4 19 68964
274778 4 15 69167
274780 4 1 69172
274782 4 21 69181
274784 4 21 69565
274786 4 22 69566
274788 4 23 69567
274790 4 3 69570
274792 4 1 69592
274794 4 2 69593
274796 4 3 69594
274836 4 19 68640
274838 4 21 68641
274840 4 23 68643
274842 4 3 68646
274844 4 3 68658
274846 4 22 68678
274848 4 5 68695
274850 4 21 68701
274852 4 22 68702
274856 4 23 68943
274858 4 21 68965
274860 4 19 69168
274862 4 10 69177
274864 4 22 69182
274866 4 15 69575
274868 4 21 69577
274870 4 22 69578
274872 4 23 69579
274874 4 19 69600
274876 4 21 69601
274878 4 23 69603
274922 4 10 69381
274924 4 14 69382
274926 4 15 69383
274930 4 2 68825
274938 4 14 69070
274940 4 15 69071
274942 4 5 69475
274944 4 9 69476
274946 4 10 69477
274948 4 14 69478
274994 4 3 68814
274998 4 15 68819
275002 4 3 68922
275006 4 21 69157
275014 4 14 69274
275024 4 14 69466
275026 4 15 69467
275028 4 19 69468
275048 4 2 68801
275050 4 19 68844
275062 4 5 69091
275064 4 9 69092
275066 4 9 69368
275068 4 15 69515
275070 4 19 69516
275072 4 21 69517
275074 4 22 69518
275110 4 15 68747
275112 4 3 68874
275114 4 10 68877
275116 4 5 69031
275122 4 3 69126
275126 4 5 69247
275128 4 15 68879
275138 4 9 69128
275186 4 5 68911
275190 4 22 69218
275192 4 23 69219
275194 4 1 69220
275196 4 2 69221
275204 4 14 69514
275224 4 22 68858
275244 4 9 68816
275246 4 10 68817
275248 4 14 68818
275258 4 22 69158
275300 4 14 69322
275310 4 15 68663
275312 4 22 68666
275320 4 3 69414
275322 4 5 69415
275328 4 15 69047
275332 4 22 69050
275334 4 19 69216
275358 4 14 68674
275362 4 19 68676
275364 4 23 68739
275366 4 19 69072
275368 4 21 69073
275370 4 22 69074
275372 4 5 69151
275374 4 21 69397
275376 4 23 69087
275378 4 1 69088
275380 4 2 69089
275382 4 3 69090
275392 4 19 69360
275400 4 2 69113
275410 4 5 68755
275414 4 5 69235
275436 4 22 68750
275438 4 19 68784
275442 4 22 68894
275448 4 23 69051
275450 4 1 69052
275452 4 21 69061
275454 4 22 69062
275456 4 23 69063
275458 4 2 69065
275460 4 19 69300
275462 4 1 69364
275464 4 3 69366
275466 4 5 69367
275468 4 14 69394
275476 4 1 69568
275478 4 5 69583
275520 4 23 68751
275522 4 21 68785
275526 4 3 68898
275528 4 9 68900
275532 4 2 69053
275534 4 3 69054
275536 4 5 69055
275538 4 3 69066
275540 4 9 69068
275542 4 10 69069
275544 4 21 69301
275550 4 19 69576
275556 4 23 69591
275602 4 19 69024
275610 4 1 69472
275612 4 2 69473
275614 4 9 68624
275616 4 10 68625
275618 4 14 68626
275632 4 1 68884
275634 4 2 68885
275640 4 21 69109
275644 4 2 69197
275646 4 3 69198
275648 4 5 69199
275650 4 9 69200
275662 4 22 69554
275664 4 15 69611
275666 4 19 69612
275668 4 21 69613
275670 4 22 69614
275724 4 3 69138
275760 4 5 68659
275762 4 9 68660
275764 4 10 68661
275766 4 14 68662
275770 4 14 69010
275774 4 19 69012
275778 4 2 69101
275780 4 3 69102
275782 4 5 69103
275784 4 9 69104
275786 4 15 69131
275788 4 10 69141
275790 4 14 69142
275792 4 15 69143
275796 4 21 69373
275798 4 22 69374
275840 4 2 68873
275848 4 3 69114
275850 4 21 69133
275852 4 22 69134
275854 4 23 69135
275856 4 1 69136
275858 4 15 69299
275864 4 10 69321
275868 4 22 69338
275870 4 23 69339
275872 4 1 69340
275874 4 2 69341
275878 4 19 69528
275880 4 21 69529
275886 4 22 69590
275980 4 1 68944
275982 4 2 68945
275984 4 3 68946
275986 4 22 69086
275990 4 23 69147
275998 4 1 69316
276000 4 2 69317
276002 4 3 69318
276004 4 1 69328
276006 4 2 69329
276008 4 3 69330
276010 4 5 69331
276012 4 3 69522
276014 4 5 69523
276016 4 9 69524
276020 4 9 69584
276036 4 23 68787
276040 4 21 68845
276042 4 5 69163
276044 4 9 69596
276046 4 10 69597
276048 4 14 69598
276050 4 15 69599
276060 4 14 68818
276078 4 21 69469
276094 4 23 68811
276098 4 10 69429
276100 4 19 69432
276102 4 5 68851
276104 4 23 68871
276106 4 5 69115
276110 4 3 69462
276112 4 5 69463
276114 4 10 69501
276126 4 23 68775
276130 4 22 68930
276132 4 9 69116
276136 4 9 69548
276138 4 10 69549
276142 4 10 68781
276146 4 23 68931
276150 4 10 69117
276152 4 15 69119
276160 4 14 69550
276162 4 15 69551
276164 4 21 69553
276196 4 2 68609
276198 4 3 68610
276200 4 5 68611
276206 4 3 68778
276210 4 1 68812
276214 4 19 69000
276216 4 21 69001
276218 4 22 69002
276222 4 14 69118
276224 4 23 69231
276226 4 22 69314
276230 4 14 69430
276234 4 10 69561
276236 4 14 69562
276238 4 15 69563
276240 4 19 69564
276280 4 9 68780
276284 4 2 68849
276288 4 9 69284
276290 4 14 69286
276292 4 15 69287
276294 4 5 69451
276298 4 9 68876
276308 4 1 69064
276310 4 9 69164
276312 4 14 69454
276314 4 19 68808
276320 4 10 68913
276322 4 14 68914
276324 4 2 68921
276328 4 15 69023
276330 4 15 69215
276336 4 15 69419
276338 4 19 69420
276340 4 21 69421
276342 4 19 69456
276392 4 22 69458
276408 4 19 68880
276410 4 22 68882
276416 4 5 69067
276420 4 10 69165
276422 4 15 69455
276424 4 3 68754
276432 4 10 69237
276434 4 15 69323
276436 4 19 69324
276438 4 21 69325
276440 4 22 69326
276442 4 2 69629
276444 4 3 69630
276446 4 5 69631
276506 4 3 68634
276510 4 10 68925
276512 4 1 69004
276514 4 2 69005
276516 4 3 69006
276542 4 3 68790
276544 4 3 69150
276546 4 22 69434
276548 4 23 69435
276550 4 1 69436
276552 4 2 69437
276572 4 14 69346
276574 4 15 69347
276576 4 19 69348
276578 4 21 69349
276590 4 2 68753
276606 4 5 68743
276608 4 10 68745
276612 4 5 68983
276614 4 9 68984
276616 4 10 68985
276618 4 14 68986
276620 4 15 68987
276622 4 19 68988
276624 4 3 69270
276678 4 2 68981
276680 4 3 68982
276684 4 5 69283
276736 4 21 68617
276742 4 5 68863
276744 4 15 68891
276746 4 9 69056
276748 4 21 69145
276750 4 14 69538
276752 4 15 69539
276754 4 19 69540
276756 4 21 69541
276782 4 23 68667
276784 4 3 68670
276786 4 21 68857
276792 4 3 69438
276794 4 5 69439
276798 4 10 69441
276800 4 15 68615
276802 4 3 69018
276804 4 5 69019
276806 4 9 69020
276808 4 10 69021
276810 4 9 69032
276812 4 21 69121
276814 4 22 69122
276816 4 23 69123
276818 4 1 69124
276820 4 5 69379
276866 4 19 68832
276868 4 21 68833
276870 4 23 68835
276872 4 23 68847
276874 4 1 68848
276882 4 5 68947
276886 4 15 69155
276916 4 10 70697
276918 4 21 70713
276920 4 15 70927
276922 4 22 70714
276924 4 19 70928
276926 4 5 70731
276928 4 9 70732
276930 4 1 70872
276932 4 1 70740
276934 4 9 70852
276936 4 5 70779
276938 4 9 70780
276940 4 10 70781
276942 4 14 70782
276944 4 19 70832
276946 4 23 70871
276948 4 1 70896
276950 4 3 70670
276952 4 14 69686
276954 4 15 69687
276956 4 19 69688
276958 4 21 69689
276960 4 22 69810
276962 4 1 69824
276964 4 3 70066
276966 4 5 70067
276968 4 9 70068
276970 4 10 70069
276972 4 3 70090
276974 4 15 70143
276976 4 10 70573
276978 4 14 70574
276980 4 15 70575
276982 4 19 70576
276984 4 22 70578
276986 4 2 70593
276988 4 15 69831
276990 4 2 69741
276992 4 3 69742
276994 4 5 69743
276996 4 9 69744
276998 4 1 69992
277000 4 9 70200
277002 4 2 69729
277004 4 3 69730
277006 4 19 69652
277008 4 10 69973
277010 4 14 69998
277012 4 15 69999
277014 4 19 70000
277016 4 21 70001
277018 4 5 70055
277020 4 1 70076
277022 4 2 70221
277024 4 3 69838
277026 4 15 69927
277028 4 2 69969
277030 4 10 69817
277032 4 15 70059
277034 4 14 69818
277036 4 19 69844
277038 4 14 69674
277040 4 23 69727
277042 4 15 69651
277044 4 23 69787
277046 4 1 69788
277048 4 2 69789
277050 4 3 69790
277052 4 3 69982
277062 4 23 70135
277064 4 1 70136
277068 4 5 70223
277070 4 3 70270
277072 4 5 69779
277074 4 14 69842
277076 4 21 69929
277078 4 9 70092
277080 4 23 70099
277082 4 3 69778
277084 4 10 69841
277086 4 19 69928
277088 4 2 70089
277090 4 21 70097
277092 4 2 69633
277094 4 3 69634
277096 4 5 69635
277098 4 9 69636
277100 4 14 69722
277102 4 15 69783
277104 4 10 70081
277106 4 10 69637
277108 4 3 69886
277110 4 14 69638
277112 4 23 69883
277114 4 5 69911
277116 4 22 70098
277118 4 15 69639
277120 4 19 69640
277122 4 21 69641
277124 4 22 69642
277126 4 15 69891
277128 4 14 69914
277130 4 15 69915
277132 4 23 69643
277134 4 1 69644
277136 4 2 69645
277138 4 3 69646
277140 4 10 69673
277142 4 10 69745
277144 4 19 69772
277146 4 5 70091
277148 4 5 69647
277150 4 9 69648
277152 4 10 69649
277154 4 14 69650
277156 4 5 69767
277158 4 2 69897
277160 4 21 69665
277164 4 2 69921
277166 4 5 69659
277168 4 9 69660
277170 4 10 69661
277172 4 14 69662
277174 4 9 69780
277176 4 14 69926
277178 4 9 70044
277180 4 14 70058
277182 4 15 69675
277184 4 19 69676
277186 4 21 69677
277188 4 22 69678
277190 4 9 69684
277192 4 21 70109
277194 4 23 69679
277196 4 1 69680
277198 4 2 69681
277200 4 3 69682
277202 4 22 69690
277206 4 22 70110
277208 4 21 70121
277210 4 5 69731
277212 4 9 69732
277214 4 10 69733
277216 4 14 69734
277218 4 21 69797
277220 4 21 69809
277222 4 1 69908
277224 4 9 69756
277226 4 10 69757
277228 4 14 69758
277230 4 15 69759
277232 4 19 69832
277234 4 9 69972
277236 4 21 69761
277238 4 22 69762
277240 4 23 69763
277242 4 1 69764
277244 4 21 69833
277246 4 15 69975
277248 4 15 69723
277250 4 19 69724
277252 4 21 69725
277254 4 22 69726
277256 4 19 69940
277258 4 1 69968
277260 4 19 69976
277262 4 21 69977
277272 4 9 69768
277274 4 10 69769
277284 4 5 69803
277288 4 23 69991
277290 4 10 70057
277292 4 9 69804
277294 4 14 69782
277296 4 3 69874
277298 4 5 69875
277300 4 9 69876
277302 4 10 69877
277304 4 21 69941
277306 4 14 69854
277308 4 15 69855
277310 4 19 69856
277312 4 21 69857
277314 4 3 69898
277316 4 3 69910
277318 4 22 69858
277320 4 23 69859
277322 4 1 69860
277324 4 2 69861
277326 4 5 69899
277328 4 9 69912
277330 4 14 69866
277332 4 15 69867
277334 4 19 69868
277336 4 21 69869
277338 4 22 69870
277340 4 23 69871
277342 4 22 69942
277348 4 2 69873
277350 4 10 69913
277352 4 5 70103
277362 4 19 69892
277364 4 21 69893
277366 4 22 69894
277368 4 23 69895
277370 4 1 69896
277372 4 15 70119
277376 4 5 69887
277378 4 9 69888
277380 4 10 69889
277382 4 14 69890
277384 4 23 70111
277386 4 1 70112
277388 4 1 69656
277390 4 2 69657
277392 4 1 69668
277394 4 15 69771
277396 4 19 69664
277398 4 21 69845
277400 4 15 69819
277402 4 19 69820
277404 4 21 69821
277406 4 22 69822
277408 4 9 69840
277432 4 23 69931
277434 4 1 69932
277436 4 2 69933
277438 4 3 69934
277440 4 5 69935
277442 4 9 70224
277444 4 15 70227
277446 4 10 70297
277448 4 5 69707
277450 4 9 69708
277452 4 10 69709
277454 4 14 69710
277456 4 14 69770
277458 4 5 69863
277460 4 14 69878
277462 4 15 69663
277470 4 9 69936
277472 4 10 69937
277474 4 14 69938
277476 4 15 69939
277488 4 19 70216
277490 4 21 70229
277492 4 1 70232
277494 4 2 70233
277496 4 10 70525
277498 4 2 69765
277512 4 15 69951
277514 4 19 69952
277516 4 21 69953
277518 4 22 69954
277520 4 3 70078
277522 4 5 70079
277524 4 22 70122
277526 4 21 70133
277528 4 10 70189
277550 4 23 69955
277552 4 1 69956
277554 4 2 69957
277556 4 3 69958
277558 4 10 70093
277560 4 14 70094
277562 4 19 70132
277564 4 2 70137
277566 4 3 70198
277568 4 9 70020
277570 4 22 70038
277572 4 1 70256
277576 4 2 69813
277578 4 3 69814
277580 4 5 69815
277582 4 9 69816
277584 4 21 70013
277586 4 2 70173
277590 4 15 69879
277592 4 19 69880
277594 4 21 69881
277596 4 22 69882
277598 4 19 70024
277600 4 21 70025
277602 4 1 70100
277604 4 9 69696
277606 4 10 69697
277608 4 14 69698
277610 4 15 69699
277612 4 23 69715
277616 4 1 69872
277618 4 23 70027
277620 4 1 70028
277622 4 2 70029
277624 4 3 70030
277626 4 2 70113
277628 4 3 70114
277630 4 23 70039
277632 4 1 70040
277634 4 2 70041
277636 4 3 70042
277638 4 14 70082
277640 4 15 70083
277642 4 3 70138
277644 4 22 70158
277646 4 1 69716
277648 4 2 69717
277650 4 3 69718
277652 4 5 69719
277654 4 9 69792
277656 4 3 69802
277658 4 23 69811
277660 4 5 70043
277662 4 23 69655
277664 4 22 69666
277666 4 1 69920
277678 4 19 70084
277680 4 5 70139
277682 4 19 69700
277702 4 5 70115
277704 4 9 70116
277706 4 10 70117
277708 4 14 70118
277740 4 3 69658
277742 4 23 69691
277744 4 1 69692
277746 4 22 69798
277748 4 23 69799
277750 4 1 69800
277752 4 2 69801
277754 4 2 69993
277756 4 9 70008
277758 4 1 69632
277762 4 19 69760
277764 4 2 70077
277766 4 3 70102
277768 4 5 69791
277770 4 1 69812
277774 4 15 69843
277776 4 19 70060
277788 4 3 70150
277790 4 5 70151
277792 4 9 70152
277794 4 10 70153
277796 4 9 70164
277798 4 5 70235
277800 4 22 70290
277802 4 14 70310
277814 4 14 70154
277816 4 15 70155
277818 4 19 70156
277820 4 21 70157
277822 4 10 70165
277824 4 9 70236
277826 4 23 70291
277828 4 15 70311
277830 4 10 69793
277832 4 14 69794
277834 4 15 69795
277836 4 19 69796
277848 4 5 70031
277850 4 9 70032
277852 4 10 70033
277854 4 14 70034
277856 4 15 70035
277858 4 19 70036
277860 4 21 70037
277862 4 19 70120
277864 4 23 70327
277866 4 1 70328
277868 4 2 70329
277870 4 3 70330
277872 4 5 70331
277874 4 9 70332
277876 4 10 70333
277878 4 14 70478
277880 4 23 70579
277892 4 21 70145
277894 4 22 70146
277896 4 23 70147
277898 4 1 70148
277900 4 1 70292
277902 4 2 70449
277906 4 23 69751
277908 4 1 69752
277910 4 2 69753
277912 4 3 69754
277914 4 2 69825
277916 4 3 69826
277918 4 5 69827
277920 4 9 69828
277922 4 19 69904
277924 4 21 69905
277926 4 22 69906
277928 4 23 69907
277930 4 15 70023
277932 4 22 70074
277934 4 2 70209
277936 4 3 70210
277938 4 2 69693
277940 4 3 69694
277942 4 5 69755
277944 4 19 69784
277946 4 3 69766
277948 4 5 69983
277950 4 9 69984
277952 4 10 69985
277954 4 14 69986
277956 4 23 70075
277978 4 5 69683
277988 4 5 69959
277990 4 9 69960
277992 4 10 69961
277994 4 14 69962
277998 4 5 70163
278000 4 14 70298
278008 4 14 70190
278010 4 15 70191
278012 4 19 70192
278014 4 21 70193
278016 4 1 70340
278018 4 3 70342
278020 4 1 69728
278022 4 15 69735
278028 4 22 70194
278030 4 23 70195
278032 4 1 70196
278034 4 2 70197
278036 4 2 70341
278038 4 23 70351
278040 4 3 70606
278058 4 3 70174
278060 4 1 70304
278062 4 2 70305
278064 4 3 70306
278066 4 5 70307
278076 4 22 69774
278078 4 23 69775
278080 4 1 69776
278082 4 2 69777
278092 4 19 70108
278094 4 5 70211
278096 4 9 70212
278098 4 10 70213
278100 4 14 70214
278102 4 15 70215
278104 4 15 69747
278106 4 19 69748
278108 4 21 69749
278110 4 22 69750
278112 4 21 69773
278114 4 9 69900
278116 4 10 69901
278118 4 14 69902
278120 4 15 69903
278122 4 9 70104
278124 4 10 70105
278126 4 14 70106
278128 4 15 70107
278130 4 15 70203
278132 4 19 70204
278134 4 21 70205
278136 4 22 70206
278138 4 23 70207
278150 4 22 69702
278152 4 3 69862
278166 4 3 69850
278168 4 5 69851
278170 4 9 69852
278172 4 10 69853
278174 4 15 69987
278176 4 19 69988
278178 4 21 69989
278180 4 22 69990
278184 4 23 70051
278186 4 1 70052
278188 4 2 70053
278190 4 3 70054
278192 4 14 70226
278194 4 3 70234
278196 4 22 70278
278198 4 23 70279
278200 4 1 70280
278228 4 19 70144
278230 4 22 69834
278232 4 23 69835
278234 4 1 69836
278236 4 2 69837
278238 4 22 69930
278240 4 14 69974
278242 4 5 70007
278266 4 23 70003
278268 4 1 70004
278270 4 2 70005
278272 4 3 70006
278274 4 22 70014
278276 4 2 70125
278278 4 9 70188
278280 4 1 70208
278282 4 14 69746
278284 4 10 70045
278286 4 14 70046
278288 4 15 70047
278290 4 19 70048
278292 4 9 70176
278304 4 23 69823
278306 4 5 69947
278308 4 9 69948
278310 4 10 69949
278312 4 14 69950
278314 4 2 70149
278322 4 22 70062
278324 4 23 70063
278326 4 1 70064
278328 4 2 70065
278330 4 10 70201
278332 4 3 70222
278340 4 23 69703
278342 4 1 69704
278344 4 2 69705
278346 4 3 69706
278348 4 21 69785
278368 4 15 70095
278370 4 14 70322
278372 4 10 70417
278374 4 14 70418
278376 4 15 70419
278378 4 19 70420
278380 4 23 70615
278382 4 10 69805
278384 4 14 69806
278390 4 2 70089
278392 4 14 70262
278394 4 15 70263
278396 4 19 70264
278398 4 21 70265
278400 4 15 70395
278402 4 19 70396
278404 4 21 70397
278406 4 22 70398
278408 4 15 70407
278410 4 5 70415
278412 4 1 70424
278414 4 15 69807
278416 4 19 69808
278420 4 14 69842
278424 4 22 70266
278426 4 23 70267
278428 4 1 70268
278430 4 2 70269
278432 4 23 70399
278434 4 1 70400
278436 4 2 70401
278438 4 3 70402
278440 4 19 70408
278442 4 9 70416
278444 4 2 70425
278448 4 10 69685
278468 4 19 70216
278470 4 3 70258
278472 4 5 70259
278474 4 9 70260
278476 4 10 70261
278478 4 22 70338
278480 4 21 70541
278482 4 19 70588
278500 4 23 69943
278502 4 1 69944
278504 4 2 69945
278506 4 3 69946
278512 4 9 70128
278514 4 10 70129
278516 4 14 70130
278518 4 15 70131
278520 4 22 70230
278522 4 5 70271
278532 4 21 69701
278552 4 14 70094
278556 4 3 70282
278558 4 5 70283
278560 4 9 70284
278562 4 10 70285
278564 4 9 70308
278566 4 10 70309
278568 4 23 70339
278570 4 1 70556
278594 4 23 69667
278628 4 22 69954
278636 4 22 70314
278638 4 23 70315
278640 4 1 70316
278642 4 2 70317
278644 4 1 70448
278646 4 9 70512
278648 4 15 70551
278652 4 1 69680
278662 4 1 69956
278672 4 3 70318
278674 4 5 70319
278676 4 9 70320
278678 4 10 70321
278680 4 10 70513
278682 4 19 70552
278686 4 22 69846
278688 4 23 69847
278690 4 1 69848
278692 4 2 69849
278694 4 15 69963
278696 4 19 69964
278698 4 21 69965
278700 4 22 69966
278702 4 22 70026
278704 4 21 70049
278706 4 22 70050
278708 4 22 70134
278710 4 10 70225
278712 4 10 70273
278722 4 3 69922
278724 4 5 69923
278726 4 9 69924
278728 4 10 69925
278730 4 5 69971
278732 4 2 70257
278742 4 10 69829
278744 4 14 69830
278746 4 9 70056
278780 4 3 69994
278782 4 5 69995
278784 4 9 69996
278786 4 10 69997
278788 4 23 70231
278800 4 3 69730
278812 4 5 70343
278814 4 9 70344
278816 4 10 70345
278818 4 14 70346
278820 4 19 70600
278826 4 5 69695
278830 4 5 69731
278832 4 9 69732
278840 4 2 70185
278846 4 19 70192
278850 4 19 70252
278852 4 21 70253
278854 4 22 70254
278856 4 23 70255
278858 4 21 70313
278862 4 15 70347
278864 4 19 70348
278866 4 21 70349
278868 4 22 70350
278870 4 5 70511
278872 4 15 70599
278912 4 10 70009
278914 4 14 70010
278916 4 15 70011
278918 4 19 70012
278920 4 21 70061
278922 4 10 70081
278924 4 15 70227
278936 4 1 70376
278938 4 15 70515
278960 4 19 69736
278962 4 21 69737
278964 4 22 69738
278966 4 23 69739
278968 4 1 69740
278972 4 15 69711
278974 4 19 69712
278976 4 21 69713
278978 4 22 69714
278996 4 2 69741
278998 4 5 69743
279000 4 9 69768
279002 4 10 69769
279006 4 10 70057
279008 4 19 70372
279010 4 21 70373
279012 4 22 70374
279014 4 23 70375
279016 4 1 70388
279036 4 5 65511
279038 4 21 65421
279064 4 1 67584
279066 4 21 67689
279068 4 1 67692
279070 4 2 67693
279072 4 9 67816
279074 4 22 68182
279076 4 23 68267
279078 4 2 68269
279080 4 3 68270
279082 4 21 68409
279084 4 2 67585
279086 4 15 67879
279088 4 19 68024
279090 4 23 68039
279092 4 21 68601
279094 4 22 68602
279096 4 23 68603
279098 4 1 68604
279100 4 3 67586
279102 4 5 67587
279104 4 9 67588
279106 4 10 67589
279108 4 23 67619
279110 4 9 67744
279112 4 3 68294
279114 4 5 68295
279116 4 9 68296
279118 4 10 68297
279120 4 19 68336
279122 4 21 68337
279124 4 22 68338
279126 4 23 68339
279128 4 15 68419
279130 4 19 68420
279132 4 21 68421
279134 4 23 68423
279190 4 14 67590
279192 4 15 67591
279194 4 19 67592
279196 4 21 67593
279198 4 3 67706
279200 4 9 67708
279202 4 1 67740
279204 4 2 67741
279206 4 5 67743
279208 4 10 67853
279210 4 3 67898
279212 4 15 67939
279214 4 19 67940
279216 4 21 67941
279218 4 2 67981
279220 4 19 68120
279222 4 21 68385
279224 4 22 68386
279226 4 1 68388
279228 4 1 68424
279230 4 2 68425
279232 4 9 68524
279234 4 14 68526
279236 4 15 68527
279312 4 22 67594
279314 4 14 67614
279316 4 1 67812
279318 4 2 67813
279320 4 3 67814
279322 4 5 67815
279324 4 23 67823
279326 4 23 67595
279328 4 19 67688
279330 4 19 67964
279332 4 21 67965
279334 4 22 67966
279336 4 2 68041
279338 4 15 68263
279340 4 22 68266
279342 4 19 68408
279344 4 3 68498
279346 4 1 67596
279350 4 1 67968
279352 4 3 68042
279360 4 5 68499
279362 4 2 67597
279364 4 3 67826
279366 4 3 68114
279368 4 5 68115
279370 4 10 68117
279372 4 2 68209
279374 4 9 68332
279376 4 14 68334
279378 4 15 68335
279380 4 1 68544
279382 4 3 67598
279384 4 5 67599
279386 4 9 67600
279388 4 10 67601
279390 4 10 67673
279392 4 21 67701
279394 4 1 67776
279396 4 1 67788
279398 4 22 67810
279400 4 1 67884
279402 4 14 67890
279404 4 19 67892
279406 4 21 67893
279408 4 22 68062
279410 4 23 68099
279412 4 10 68201
279414 4 19 68204
279416 4 19 68216
279418 4 9 68284
279420 4 22 68410
279422 4 9 68416
279424 4 21 68457
279478 4 14 67602
279480 4 15 67603
279482 4 19 67604
279484 4 21 67605
279486 4 21 67665
279490 4 15 67891
279494 4 21 67929
279496 4 1 68100
279498 4 10 68177
279500 4 9 68596
279502 4 10 68597
279556 4 22 67606
279558 4 23 67847
279560 4 2 67849
279562 4 5 67899
279564 4 3 68102
279566 4 10 68105
279568 4 23 67607
279570 4 1 67608
279572 4 2 67609
279574 4 3 67610
279576 4 3 67862
279578 4 10 67865
279584 4 15 68119
279586 4 5 68127
279590 4 3 68210
279596 4 3 68354
279598 4 23 68555
279658 4 5 67611
279660 4 5 67839
279662 4 9 67840
279664 4 10 67841
279666 4 14 67842
279668 4 9 67612
279670 4 14 67650
279672 4 15 67651
279674 4 9 67900
279676 4 23 67955
279678 4 10 67613
279680 4 9 67660
279682 4 14 67662
279684 4 10 67901
279686 4 3 67958
279700 4 19 67880
279702 4 21 67881
279704 4 22 67882
279706 4 23 67883
279708 4 15 67615
279710 4 19 67616
279712 4 21 67617
279714 4 22 67618
279716 4 14 67626
279718 4 3 68030
279720 4 9 68056
279722 4 14 68058
279724 4 19 68084
279726 4 22 68290
279728 4 9 68320
279730 4 10 68321
279732 4 14 68322
279734 4 15 68323
279736 4 22 68398
279738 4 2 68401
279740 4 3 68402
279742 4 22 68482
279826 4 1 67620
279828 4 3 68162
279830 4 9 68164
279832 4 9 68200
279834 4 21 68289
279836 4 2 67621
279838 4 3 67622
279840 4 5 67623
279842 4 9 67624
279844 4 22 67870
279846 4 23 67871
279848 4 1 67872
279850 4 2 67873
279852 4 3 67874
279890 4 10 67625
279892 4 5 67959
279910 4 15 67627
279912 4 19 67628
279914 4 21 67629
279916 4 22 67630
279918 4 21 67677
279920 4 9 67768
279922 4 5 67923
279924 4 9 67924
279926 4 14 67926
279928 4 9 68236
279930 4 9 68248
279932 4 15 68251
279934 4 3 68258
279936 4 5 68259
279938 4 9 68260
279940 4 10 68261
279942 4 1 68316
279944 4 23 68579
280002 4 23 67631
280004 4 1 67632
280006 4 2 67633
280008 4 3 67634
280010 4 15 67639
280012 4 5 67827
280018 4 10 68165
280020 4 5 68199
280022 4 1 68244
280024 4 1 68328
280026 4 2 68329
280028 4 5 68331
280030 4 3 68546
280090 4 5 67635
280092 4 9 67636
280094 4 10 67637
280096 4 14 67638
280098 4 9 67648
280100 4 9 67828
280104 4 14 68202
280106 4 15 68203
280108 4 2 68245
280110 4 5 68247
280112 4 5 68547
280114 4 9 68548
280116 4 10 68549
280118 4 14 68550
280194 4 19 67640
280196 4 21 67641
280198 4 22 67642
280200 4 23 67643
280202 4 3 67694
280204 4 19 67928
280206 4 2 67969
280208 4 5 67971
280210 4 9 67972
280212 4 23 68015
280214 4 10 68033
280216 4 14 68034
280218 4 9 68128
280220 4 5 68211
280278 4 1 67644
280280 4 2 67645
280282 4 3 67646
280284 4 5 67647
280286 4 5 67695
280288 4 22 67702
280290 4 1 67704
280292 4 15 67927
280296 4 23 67967
280298 4 14 67974
280300 4 22 67978
280302 4 2 68017
280304 4 2 68029
280306 4 19 68072
280308 4 9 68212
280310 4 9 68500
280382 4 10 67649
280384 4 14 67854
280386 4 19 67856
280388 4 21 67857
280390 4 9 67996
280392 4 22 68146
280394 4 23 68147
280396 4 1 68148
280398 4 2 68149
280400 4 1 68364
280402 4 2 68365
280404 4 3 68366
280406 4 14 68490
280414 4 19 67652
280416 4 21 67653
280418 4 22 67654
280420 4 22 67678
280422 4 9 67684
280424 4 10 67685
280426 4 3 67790
280428 4 9 67792
280430 4 3 67802
280434 4 10 67937
280438 4 5 68031
280440 4 1 68196
280442 4 10 68213
280444 4 9 68224
280446 4 1 68232
280448 4 22 68458
280450 4 23 68459
280452 4 22 68506
280454 4 23 68507
280456 4 2 68509
280546 4 23 67655
280548 4 1 67656
280550 4 2 67657
280552 4 3 67658
280554 4 10 67769
280556 4 1 67992
280558 4 2 67993
280560 4 23 68003
280562 4 1 68004
280564 4 2 68005
280566 4 14 68022
280568 4 21 68133
280570 4 22 68134
280572 4 22 68170
280574 4 15 68215
280576 4 23 68363
280578 4 9 68428
280580 4 10 68429
280582 4 14 68430
280584 4 14 68502
280586 4 21 68505
280588 4 2 68545
280652 4 5 67659
280656 4 10 67925
280660 4 5 68235
280666 4 10 67661
280670 4 15 67663
280672 4 19 67664
280674 4 23 67679
280676 4 1 67680
280678 4 5 67683
280680 4 22 67798
280682 4 23 67799
280684 4 15 67807
280688 4 14 67938
280692 4 9 68032
280694 4 2 68197
280696 4 14 68214
280698 4 22 68230
280700 4 2 68233
280702 4 3 68462
280704 4 5 68463
280706 4 3 68510
280708 4 5 68511
280710 4 9 68512
280818 4 22 67666
280824 4 10 67793
280828 4 23 67667
280834 4 1 67800
280838 4 1 67668
280840 4 1 67932
280842 4 2 67933
280844 4 3 67934
280846 4 10 68081
280848 4 2 67669
280850 4 3 67670
280852 4 5 67671
280854 4 9 67672
280856 4 10 67757
280858 4 2 67825
280860 4 1 67980
280862 4 14 68178
280864 4 21 68181
280868 4 3 68330
280872 4 23 68543
280874 4 15 68551
280876 4 19 68552
280934 4 14 67674
280936 4 15 67675
280938 4 19 67676
280944 4 3 67778
280946 4 19 67784
280952 4 15 68023
280954 4 23 68063
280956 4 1 68064
280966 4 2 68389
280968 4 5 68391
281076 4 2 67681
281078 4 3 67682
281080 4 19 67868
281084 4 15 67963
281088 4 3 68150
281090 4 5 68151
281092 4 9 68152
281098 4 3 68222
281100 4 5 68223
281106 4 10 68465
281206 4 14 67686
281208 4 15 67687
281210 4 15 67867
281212 4 9 67936
281218 4 14 68142
281220 4 15 68143
281222 4 21 68145
281228 4 22 68218
281230 4 23 68219
281236 4 1 68460
281312 4 21 68265
281320 4 1 67584
281324 4 22 67690
281326 4 23 67691
281330 4 21 67785
281334 4 22 67858
281336 4 15 68035
281338 4 19 68036
281340 4 21 68037
281342 4 2 68077
281344 4 5 68079
281346 4 9 68080
281350 4 5 68187
281352 4 23 68231
281354 4 14 68310
281356 4 23 68375
281358 4 5 68475
281360 4 9 68476
281362 4 3 68534
281364 4 2 68557
281366 4 9 68560
281490 4 9 67696
281492 4 10 67697
281494 4 14 67698
281496 4 15 67699
281498 4 5 67719
281502 4 3 67970
281506 4 3 67982
281508 4 1 68016
281510 4 21 68217
281560 4 19 67700
281562 4 15 68275
281564 4 22 68278
281566 4 2 68317
281568 4 15 68503
281610 4 23 67703
281614 4 2 67705
281616 4 2 67729
281620 4 19 67988
281622 4 22 67990
281624 4 23 67991
281630 4 1 68220
281632 4 2 68221
281704 4 5 67707
281708 4 10 67709
281716 4 15 68179
281722 4 23 68387
281780 4 14 67710
281784 4 5 67791
281788 4 21 68241
281790 4 15 67711
281792 4 19 67712
281794 4 21 67713
281796 4 22 67714
281798 4 23 67715
281800 4 1 67716
281802 4 3 67718
281804 4 5 67803
281806 4 9 67804
281808 4 1 67920
281810 4 23 67979
281812 4 19 68012
281814 4 10 68285
281816 4 14 68286
281818 4 15 68287
281820 4 19 68288
281896 4 2 67717
281976 4 9 67720
281982 4 2 67801
281984 4 22 68242
281986 4 10 67721
281988 4 14 67722
281990 4 15 67723
281992 4 19 67724
281994 4 5 67983
281996 4 3 68018
281998 4 5 68019
282000 4 10 68225
282002 4 14 68226
282004 4 15 68227
282006 4 19 68228
282056 4 21 67725
282058 4 22 67726
282060 4 23 67727
282062 4 1 67728
282064 4 9 67984
282066 4 10 67985
282068 4 15 67987
282070 4 21 68229
282130 4 3 67730
282132 4 5 67731
282134 4 9 67732
282136 4 10 67733
282138 4 23 67787
282140 4 14 67818
282142 4 2 67861
282148 4 2 68065
282150 4 21 68073
282152 4 23 68075
282154 4 1 68076
282156 4 1 68184
282158 4 3 68198
282160 4 3 68234
282162 4 9 68368
282164 4 3 68390
282166 4 15 68467
282168 4 19 68468
282170 4 5 68535
282240 4 14 67734
282242 4 15 67735
282244 4 19 67736
282246 4 21 67737
282248 4 22 67738
282250 4 1 67860
282252 4 10 67997
282254 4 14 67998
282256 4 15 67999
282258 4 19 68000
282260 4 5 68067
282262 4 9 68176
282264 4 22 68254
282266 4 23 68255
282268 4 1 68256
282270 4 2 68257
282272 4 15 68479
282274 4 2 68605
282276 4 3 68606
282278 4 5 68607
282338 4 23 67739
282340 4 1 68412
282342 4 2 68413
282344 4 3 68414
282346 4 5 68415
282348 4 14 68418
282354 4 21 67593
282360 4 3 67742
282362 4 5 67743
282364 4 14 67794
282366 4 15 67795
282368 4 19 67796
282370 4 21 67797
282372 4 15 67939
282376 4 21 67941
282378 4 22 67942
282380 4 23 67943
282382 4 1 67944
282384 4 2 67945
282386 4 3 67946
282390 4 19 68120
282392 4 3 68126
282402 4 9 68524
282404 4 10 68525
282408 4 15 68527
282492 4 3 67586
282498 4 9 67744
282502 4 19 68420
282508 4 10 67745
282510 4 14 67746
282512 4 15 67747
282514 4 21 67749
282516 4 1 67956
282518 4 5 68103
282526 4 19 67748
282534 4 22 68158
282536 4 1 68160
282538 4 2 68161
282540 4 14 68262
282542 4 3 68486
282544 4 5 68487
282546 4 9 68488
282548 4 10 68489
282550 4 10 68585
282604 4 22 67750
282606 4 23 67751
282608 4 1 67752
282610 4 2 67753
282612 4 3 67754
282614 4 2 67957
282616 4 9 68104
282622 4 9 67756
282626 4 23 68471
282628 4 1 68472
282630 4 2 68473
282632 4 3 68474
282634 4 10 68537
282644 4 5 67755
282650 4 15 68539
282652 4 19 68540
282654 4 21 68541
282656 4 22 68542
282706 4 3 67886
282708 4 5 67887
282710 4 15 67975
282712 4 19 68180
282740 4 14 67758
282742 4 15 67759
282744 4 19 67760
282746 4 21 67761
282748 4 23 67811
282750 4 14 67866
282752 4 10 68237
282754 4 14 68238
282756 4 15 68239
282758 4 19 68240
282760 4 9 68380
282812 4 22 67762
282814 4 23 67763
282816 4 1 67764
282818 4 2 67765
282820 4 21 67869
282822 4 5 68007
282828 4 22 68038
282830 4 2 68377
282832 4 2 68497
282882 4 3 67766
282888 4 3 68066
282892 4 5 67767
282894 4 2 67789
282896 4 14 68166
282898 4 15 68167
282900 4 19 68168
282902 4 21 68169
282904 4 23 68195
282920 4 5 68259
282926 4 23 67655
282928 4 1 67656
282950 4 14 67770
282952 4 3 67838
282954 4 21 68205
282956 4 22 68206
282958 4 23 68207
282960 4 1 68208
282964 4 10 68249
282966 4 14 68250
282970 4 19 68504
282972 4 15 67771
282974 4 5 67875
282976 4 10 68129
282978 4 14 68130
282980 4 21 68373
282982 4 22 68374
282984 4 19 67772
282986 4 21 67773
282988 4 22 67774
282990 4 23 67775
282992 4 22 67786
282994 4 10 67913
282996 4 9 68056
282998 4 19 68060
283000 4 19 68084
283002 4 14 68106
283004 4 15 68107
283006 4 19 68108
283008 4 14 68118
283010 4 3 68246
283012 4 2 68293
283014 4 22 68362
283016 4 19 68432
283018 4 21 68433
283020 4 22 68434
283022 4 23 68435
283024 4 1 68436
283090 4 2 67777
283094 4 5 67779
283100 4 22 67810
283104 4 1 68028
283106 4 22 68062
283176 4 9 67780
283178 4 10 67781
283180 4 14 67782
283182 4 15 67783
283184 4 14 67878
283186 4 2 67885
283192 4 1 68040
283194 4 23 68171
283198 4 1 68376
283204 4 5 68559
283208 4 3 68594
283324 4 1 67824
283326 4 5 68091
283380 4 9 68008
283382 4 10 68009
283384 4 15 68011
283386 4 2 68125
283396 4 10 68501
283412 4 9 67792
283422 4 22 68074
283426 4 23 68183
283430 4 1 68232
283434 4 23 68315
283618 4 5 67683
283620 4 9 67720
283626 4 1 67800
283636 4 3 68078
283640 4 9 68188
283648 4 5 68319
283756 4 10 67805
283758 4 14 67806
283760 4 1 67920
283770 4 22 68422
283772 4 23 68519
283856 4 19 67808
283862 4 21 68469
283864 4 22 68470
283866 4 21 67809
283872 4 10 68477
283874 4 14 68478
283880 4 10 67601
283896 4 23 68099
283898 4 9 68284
283916 4 15 68311
283918 4 19 68312
283920 4 21 68313
283922 4 22 68314
283926 4 22 67594
283928 4 14 67614
283930 4 1 67812
283932 4 2 67813
283934 4 3 67814
283936 4 5 67815
283938 4 23 67823
283940 4 19 67880
283942 4 21 67881
283944 4 22 67882
283946 4 23 67883
283948 4 23 68003
283952 4 3 68006
283954 4 21 68121
283956 4 22 68122
283958 4 23 68123
283960 4 1 68124
283962 4 3 68138
283964 4 5 68139
283966 4 2 68185
283968 4 3 68186
283970 4 23 68411
284074 4 23 68231
284076 4 10 67817
284078 4 3 68042
284082 4 3 68558
284106 4 15 67819
284108 4 19 67820
284110 4 21 67821
284112 4 22 67822
284114 4 5 67851
284116 4 9 67852
284118 4 9 68068
284120 4 22 68086
284122 4 2 68137
284124 4 3 68378
284132 4 23 68483
284134 4 15 68515
284136 4 19 68516
284138 4 21 68517
284140 4 22 68518
284232 4 1 68364
284234 4 3 68366
284236 4 5 68367
284238 4 10 68417
284242 4 3 67670
284250 4 3 68330
284252 4 5 68331
284254 4 23 68543
284256 4 2 67597
284258 4 3 67826
284260 4 9 68332
284262 4 14 68334
284264 4 15 68335
284266 4 1 68544
284268 4 5 68547
284270 4 9 68548
284272 4 23 67631
284278 4 5 67827
284282 4 2 68329
284286 4 3 68546
284288 4 5 67635
284292 4 14 67638
284294 4 9 67828
284300 4 10 68549
284302 4 14 68550
284304 4 10 67829
284306 4 14 67830
284308 4 15 67831
284310 4 19 67832
284312 4 22 67930
284314 4 23 67931
284316 4 22 68026
284318 4 14 68082
284320 4 15 68551
284322 4 19 68552
284324 4 21 68553
284326 4 22 68554
284380 4 21 67833
284382 4 23 68027
284386 4 10 68333
284390 4 23 68555
284392 4 22 67834
284394 4 23 67835
284396 4 1 67836
284398 4 2 67837
284400 4 2 67921
284402 4 15 68083
284406 4 22 68266
284408 4 3 68282
284410 4 19 68480
284470 4 14 68250
284474 4 10 68453
284476 4 14 68454
284478 4 15 68455
284480 4 19 68456
284482 4 5 67611
284484 4 5 67839
284486 4 9 67840
284488 4 10 67841
284490 4 14 67842
284494 4 14 68070
284498 4 23 68087
284500 4 1 68088
284502 4 3 68090
284504 4 9 68140
284506 4 10 68141
284508 4 5 68355
284574 4 15 67843
284576 4 19 67844
284578 4 21 67845
284580 4 22 67846
284582 4 3 67922
284584 4 21 68085
284586 4 23 68267
284588 4 2 68269
284590 4 5 68283
284592 4 21 68481
284644 4 22 67606
284646 4 23 67847
284648 4 1 67848
284650 4 2 67849
284652 4 3 67850
284654 4 21 68061
284656 4 2 68101
284658 4 3 68102
284660 4 10 68105
284662 4 14 68298
284664 4 15 68299
284666 4 21 68301
284668 4 1 68496
284766 4 14 67590
284768 4 15 67591
284770 4 19 67592
284774 4 9 67708
284778 4 10 67853
284780 4 3 67898
284786 4 23 68387
284790 4 2 68425
284792 4 10 67649
284794 4 14 67854
284796 4 15 67855
284798 4 19 67856
284800 4 21 67857
284802 4 9 67996
284806 4 2 68365
284812 4 14 68490
284886 4 23 67859
284888 4 22 68146
284890 4 1 68148
284892 4 2 68149
284900 4 14 68190
284902 4 19 68252
284904 4 14 67734
284906 4 19 67736
284908 4 21 67737
284910 4 22 67738
284916 4 14 67998
284922 4 5 68067
284924 4 9 68176
284944 4 23 67607
284946 4 3 67610
284948 4 3 67862
284950 4 5 67863
284952 4 9 67864
284954 4 10 67865
284956 4 15 68119
284958 4 5 68127
284960 4 3 68354
284962 4 9 68596
284964 4 10 68597
284966 4 14 68598
284968 4 15 68599
285030 4 14 67866
285044 4 15 67687
285046 4 15 67867
285048 4 14 68142
285050 4 15 68143
285054 4 10 68213
285056 4 22 68218
285058 4 23 67679
285064 4 19 67868
285066 4 3 68150
285068 4 5 68151
285070 4 9 68152
285072 4 14 68214
285074 4 3 68222
285090 4 2 68377
285094 4 2 67621
285096 4 5 67623
285098 4 22 67870
285100 4 23 67871
285102 4 1 67872
285104 4 2 67873
285106 4 3 67874
285148 4 9 67624
285176 4 5 67875
285178 4 9 67876
285184 4 10 67877
285190 4 14 67782
285192 4 14 67878
285204 4 2 67585
285206 4 15 67879
285208 4 19 68024
285210 4 1 68172
285212 4 2 68173
285214 4 5 68175
285216 4 19 68444
285218 4 21 68601
285220 4 23 68603
285222 4 1 68604
285344 4 9 67600
285346 4 10 67673
285360 4 10 68201
285362 4 19 68204
285366 4 22 68410
285368 4 9 68416
285370 4 21 68457
285390 4 9 67756
285396 4 9 67888
285398 4 10 67889
285404 4 3 68306
285406 4 5 68307
285408 4 9 68308
285410 4 10 68309
285412 4 5 68379
285476 4 14 67602
285478 4 19 67604
285480 4 21 67605
285482 4 21 67665
285488 4 15 67891
285492 4 21 67893
285496 4 1 68100
285498 4 10 68177
285584 4 22 67894
285586 4 23 67895
285592 4 22 68458
285594 4 23 68459
285596 4 2 68461
285598 4 1 67896
285600 4 2 67897
285602 4 3 68462
285604 4 5 68463
285606 4 9 68464
285636 4 5 67899
285638 4 9 67612
285642 4 15 67651
285644 4 21 67653
285646 4 9 67900
285650 4 10 67613
285654 4 14 67662
285656 4 19 67664
285658 4 10 67901
285660 4 3 67958
285662 4 14 67902
285664 4 15 67903
285666 4 19 67904
285668 4 21 67905
285670 4 22 67906
285672 4 23 67907
285674 4 1 67908
285676 4 2 67909
285678 4 3 67910
285680 4 5 68043
285682 4 9 68044
285684 4 10 68045
285686 4 14 68046
285688 4 15 68047
285690 4 19 68048
285692 4 21 68049
285694 4 22 68110
285696 4 23 68111
285698 4 1 68112
285700 4 2 68113
285702 4 21 68361
285704 4 5 68439
285706 4 9 68440
285708 4 10 68441
285710 4 14 68442
285712 4 15 68443
285738 4 22 68050
285740 4 23 68051
285750 4 15 68155
285752 4 10 68189
285754 4 22 68302
285756 4 23 68303
285764 4 19 68324
285766 4 21 68325
285768 4 22 68326
285772 4 3 68426
285774 4 3 68438
285784 4 15 68575
285786 4 21 68577
285788 4 22 68578
285826 4 14 68154
286024 4 5 67911
286026 4 9 67912
286028 4 10 67913
286030 4 14 67914
286032 4 15 67915
286034 4 19 67916
286036 4 21 67917
286038 4 22 67918
286040 4 23 67919
286042 4 1 68052
286044 4 2 68053
286046 4 3 68054
286048 4 5 68055
286050 4 14 68106
286056 4 21 68109
286058 4 22 68434
286064 4 2 68437
286092 4 9 68056
286094 4 10 68057
286096 4 14 68058
286098 4 15 68059
286100 4 19 68060
286102 4 19 68156
286104 4 21 68157
286106 4 22 68362
286108 4 19 67772
286158 4 2 68293
286160 4 19 68348
286162 4 2 68353
286166 4 19 68432
286168 4 21 68433
286178 4 1 68520
286180 4 2 68521
286182 4 3 68522
286184 4 5 68523
286186 4 5 68595
286396 4 5 67803
286398 4 9 67804
286402 4 1 67920
286404 4 19 68012
286406 4 15 68419
286408 4 21 68421
286420 4 2 67921
286450 4 15 67627
286452 4 19 67628
286454 4 22 67630
286456 4 5 67659
286458 4 5 67923
286460 4 9 67924
286462 4 10 67925
286464 4 14 67926
286466 4 3 68114
286468 4 5 68115
286470 4 9 68116
286472 4 5 68235
286474 4 9 68236
286478 4 5 68259
286480 4 10 68261
286482 4 14 68538
286484 4 23 68579
286550 4 1 67644
286552 4 3 67646
286554 4 5 67695
286556 4 15 67927
286558 4 19 67964
286560 4 23 67967
286562 4 14 67974
286564 4 2 68029
286566 4 9 68500
286568 4 19 67640
286570 4 21 67641
286572 4 3 67694
286574 4 19 67928
286576 4 9 68128
286580 4 15 67603
286584 4 21 67929
286590 4 22 67930
286604 4 22 68026
286606 4 1 67668
286608 4 1 67932
286610 4 2 67933
286612 4 3 67934
286614 4 5 67935
286616 4 9 67960
286618 4 10 68081
286624 4 15 68131
286626 4 21 68373
286628 4 1 68484
286688 4 14 67686
286690 4 9 67936
286692 4 10 67937
286698 4 1 68460
286702 4 19 67652
286714 4 1 68196
286724 4 15 67663
286732 4 2 67681
286734 4 14 67938
286736 4 2 68197
286742 4 10 68465
286746 4 21 67593
286748 4 1 67740
286752 4 14 67794
286754 4 15 67795
286756 4 21 67797
286758 4 15 67939
286760 4 19 67940
286762 4 21 67941
286764 4 22 67942
286766 4 23 67943
286770 4 3 67946
286772 4 2 67981
286774 4 19 68120
286776 4 3 68126
286778 4 9 68524
286780 4 10 68525
286782 4 14 68526
286784 4 15 68527
286882 4 3 67742
286888 4 19 67796
286900 4 2 67945
286992 4 5 67947
286994 4 9 67948
286996 4 10 67949
286998 4 14 67950
287000 4 21 68001
287002 4 21 68013
287004 4 23 68291
287040 4 15 67951
287042 4 19 67952
287044 4 21 67953
287046 4 22 67954
287048 4 22 68002
287050 4 22 68014
287052 4 1 68292
287094 4 22 67678
287096 4 3 67790
287098 4 9 67792
287108 4 10 67745
287110 4 14 67746
287112 4 15 67747
287114 4 21 67749
287118 4 5 68103
287120 4 22 68158
287122 4 23 68159
287124 4 1 68160
287126 4 2 68161
287128 4 14 68262
287130 4 22 67750
287132 4 23 67751
287134 4 1 67752
287136 4 2 67753
287138 4 3 67754
287140 4 2 67957
287142 4 9 68104
287146 4 1 68472
287150 4 3 68474
287152 4 15 68539
287154 4 19 68540
287156 4 21 68541
287158 4 22 68542
287166 4 5 67683
287168 4 22 67798
287170 4 23 67799
287176 4 22 68230
287178 4 2 68233
287180 4 10 67625
287182 4 5 67959
287200 4 10 67961
287202 4 21 67977
287204 4 14 67962
287206 4 19 67976
287212 4 3 67682
287214 4 15 67963
287222 4 5 68223
287224 4 23 67595
287232 4 21 67965
287234 4 22 67966
287238 4 10 67973
287244 4 2 68041
287294 4 1 67596
287296 4 1 67968
287298 4 3 68042
287302 4 22 67642
287304 4 23 67643
287308 4 9 67696
287310 4 10 67697
287312 4 14 67698
287314 4 5 67719
287316 4 2 67969
287318 4 3 67970
287320 4 5 67971
287322 4 9 67972
287324 4 23 68015
287326 4 1 68016
287328 4 5 68211
287330 4 21 68217
287434 4 19 68180
287440 4 9 68308
287460 4 2 67645
287462 4 5 67647
287464 4 22 67702
287466 4 23 67703
287468 4 1 67704
287470 4 22 67978
287472 4 9 68212
287476 4 19 67712
287480 4 23 67715
287482 4 1 67716
287484 4 3 67718
287486 4 23 67979
287488 4 10 68285
287490 4 14 68286
287492 4 15 68287
287494 4 19 68288
287496 4 2 67669
287498 4 5 67671
287500 4 9 67672
287502 4 10 67757
287504 4 1 67980
287506 4 21 68181
287518 4 5 67743
287534 4 1 68424
287546 4 15 67699
287550 4 3 67982
287552 4 10 67721
287554 4 14 67722
287556 4 19 67724
287558 4 5 67983
287560 4 3 68018
287562 4 21 67725
287564 4 22 67726
287566 4 23 67727
287568 4 9 67984
287570 4 10 67985
287572 4 14 67986
287574 4 15 67987
287576 4 9 68020
287578 4 10 68021
287580 4 21 68229
287632 4 2 67705
287634 4 2 67729
287636 4 19 67988
287638 4 21 67989
287640 4 22 67990
287642 4 23 67991
287644 4 1 68220
287646 4 2 68221
287692 4 23 67655
287694 4 3 67658
287696 4 10 67769
287698 4 1 67992
287700 4 2 67993
287702 4 3 67994
287704 4 5 67995
287708 4 2 68005
287710 4 14 68022
287712 4 21 68025
287714 4 22 68170
287716 4 15 68215
287718 4 5 68271
287720 4 14 68274
287722 4 15 68275
287724 4 19 68276
287726 4 22 68278
287728 4 23 68279
287730 4 2 68281
287732 4 10 68381
287734 4 15 68383
287736 4 19 68384
287738 4 9 68428
287740 4 10 68429
287742 4 14 68430
287744 4 15 68431
287746 4 23 68495
287748 4 14 68502
287750 4 19 68528
287752 4 21 68529
287754 4 1 68532
287756 4 2 68533
287758 4 2 68545
287760 4 10 68561
287762 4 14 68562
287764 4 15 68563
287766 4 21 68565
287840 4 10 67649
287842 4 14 67854
287844 4 19 67856
287846 4 21 67857
287848 4 9 67996
287850 4 1 68364
287852 4 2 68365
287854 4 3 68366
287856 4 14 68490
287858 4 14 67734
287860 4 19 67736
287862 4 1 67860
287866 4 14 67998
287868 4 15 67999
287872 4 5 68067
287874 4 14 68166
287876 4 21 68169
287878 4 9 68176
287880 4 19 68252
287882 4 21 68253
287884 4 22 68254
287886 4 23 68255
287888 4 1 68256
287890 4 2 68257
287892 4 15 68479
287894 4 9 68536
287994 4 2 67657
288002 4 5 67815
288014 4 1 68004
288026 4 1 68124
288028 4 21 68133
288030 4 22 68134
288032 4 1 68136
288046 4 10 68273
288050 4 23 68363
288052 4 10 68369
288054 4 15 68371
288064 4 21 68505
288072 4 19 68600
288196 4 2 67789
288198 4 9 68008
288200 4 10 68009
288202 4 14 68010
288204 4 15 68011
288206 4 9 68068
288208 4 15 68071
288210 4 2 68125
288212 4 2 68137
288218 4 23 68195
288220 4 5 68427
288222 4 10 68501
288224 4 3 68582
288358 4 2 68017
288370 4 5 68019
288432 4 15 67675
288434 4 19 67676
288436 4 19 67784
288438 4 15 68023
288440 4 23 68063
288444 4 5 68391
288446 4 2 67585
288448 4 15 67879
288450 4 19 68024
288452 4 21 68601
288456 4 1 68604
288484 4 15 67831
288486 4 19 67832
288492 4 21 67833
288494 4 23 68027
288496 4 1 67776
288498 4 2 67777
288500 4 5 67779
288502 4 1 68028
288520 4 19 68072
288524 4 15 67615
288526 4 21 67617
288528 4 22 67618
288530 4 3 68030
288532 4 9 68320
288534 4 10 68321
288536 4 14 68322
288538 4 15 68323
288540 4 22 68398
288542 4 2 68401
288544 4 3 68402
288546 4 22 68482
288552 4 22 67654
288558 4 5 68031
288562 4 10 68213
288564 4 22 68506
288566 4 23 68507
288568 4 2 68509
288572 4 10 67661
288580 4 9 68032
288586 4 3 68510
288588 4 5 68511
288590 4 9 68512
288594 4 21 67641
288598 4 10 68033
288600 4 14 68034
288610 4 9 68128
288612 4 21 67689
288614 4 22 67690
288618 4 23 67763
288620 4 2 67765
288622 4 9 67780
288628 4 21 67785
288630 4 22 67858
288636 4 15 68035
288638 4 19 68036
288642 4 22 68038
288644 4 14 68310
288646 4 23 68375
288650 4 2 68377
288652 4 5 68475
288654 4 9 68476
288656 4 10 68477
288658 4 2 68497
288660 4 3 68534
288662 4 2 68557
288664 4 9 68560
288666 4 3 68594
288760 4 23 68039
288764 4 22 68602
288772 4 14 67782
288774 4 14 67878
288776 4 1 68040
288778 4 23 68171
288794 4 10 67817
288802 4 3 68558
288808 4 19 67904
288810 4 23 67907
288812 4 5 68043
288814 4 9 68044
288816 4 10 68045
288818 4 14 68046
288822 4 19 68048
288824 4 21 68049
288826 4 22 68050
288832 4 1 68340
288834 4 2 68341
288836 4 3 68342
288838 4 5 68343
288840 4 9 68344
288842 4 10 68345
288844 4 14 68346
288846 4 14 68394
288848 4 15 68395
288850 4 19 68396
288852 4 21 68397
288854 4 15 68575
288856 4 19 68576
288858 4 21 68577
288860 4 22 68578
288864 4 15 67903
288868 4 21 67905
288890 4 23 68051
288892 4 22 68110
288894 4 1 68112
288896 4 2 68113
288906 4 21 68361
288912 4 10 68441
289098 4 3 67910
289140 4 10 68189
289142 4 22 68302
289144 4 23 68303
289148 4 21 68325
289150 4 22 68326
289164 4 10 67913
289166 4 14 67914
289168 4 15 67915
289170 4 19 67916
289172 4 1 68052
289174 4 2 68053
289180 4 10 68057
289182 4 19 68156
289184 4 21 68157
289186 4 15 68347
289188 4 19 68348
289190 4 21 68349
289192 4 22 68350
289194 4 23 68351
289196 4 1 68352
289198 4 2 68353
289200 4 5 68403
289202 4 9 68404
289204 4 10 68405
289206 4 14 68406
289212 4 3 68522
289216 4 5 68595
289308 4 14 67626
289310 4 19 67772
289312 4 21 67773
289314 4 22 67774
289322 4 22 67918
289334 4 19 68060
289336 4 19 68084
289338 4 14 68106
289340 4 15 68107
289342 4 19 68108
289346 4 22 68290
289350 4 22 68362
289356 4 19 68432
289358 4 21 68433
289508 4 23 67847
289510 4 2 67849
289512 4 3 67850
289514 4 21 68061
289516 4 2 68101
289518 4 3 67598
289524 4 1 67788
289526 4 22 67810
289528 4 1 67884
289536 4 3 67730
289538 4 9 67732
289540 4 3 67766
289546 4 3 67778
289550 4 23 67787
289552 4 2 67861
289560 4 2 68065
289562 4 3 68066
289564 4 9 68368
289566 4 2 68389
289568 4 3 68390
289572 4 22 68410
289574 4 15 68467
289576 4 19 68468
289578 4 22 68470
289580 4 5 68535
289668 4 21 67737
289670 4 22 67738
289692 4 2 68605
289694 4 3 68606
289696 4 5 68607
289698 4 15 67819
289700 4 5 67839
289702 4 9 67840
289704 4 10 67841
289706 4 5 67851
289708 4 9 67852
289718 4 10 68069
289720 4 14 68070
289724 4 22 68086
289726 4 23 68087
289728 4 1 68088
289730 4 2 68089
289732 4 9 68092
289734 4 19 68096
289736 4 21 68097
289740 4 9 68140
289742 4 10 68141
289748 4 3 68318
289750 4 5 68355
289752 4 10 68357
289754 4 3 68378
289760 4 15 68515
289762 4 21 68517
289764 4 22 68518
289766 4 1 68580
289862 4 1 67644
289866 4 5 67647
289874 4 5 67731
289878 4 3 67790
289880 4 5 67791
289882 4 3 67802
289884 4 14 67818
289886 4 21 68073
289888 4 22 68074
289890 4 23 68075
289892 4 1 68076
289894 4 23 68183
289896 4 1 68184
289898 4 3 68234
289900 4 21 68241
289902 4 23 68315
289908 4 21 68469
289914 4 1 68508
289996 4 23 67691
290000 4 2 67801
290002 4 15 67807
290004 4 9 67816
290006 4 2 68077
290008 4 3 68078
290010 4 5 68079
290014 4 5 68187
290016 4 9 68188
290018 4 23 68231
290020 4 22 68242
290022 4 5 68319
290026 4 9 68476
290028 4 14 68478
290034 4 10 68513
290112 4 1 67668
290114 4 1 67932
290116 4 2 67933
290124 4 14 67830
290128 4 22 67930
290132 4 15 68551
290134 4 19 68552
290136 4 22 68554
290138 4 22 67834
290140 4 2 67837
290142 4 2 67921
290144 4 15 68083
290170 4 15 67843
290172 4 22 67846
290174 4 3 67922
290176 4 21 68085
290214 4 14 67842
290228 4 3 68090
290244 4 14 68358
290246 4 19 68360
290250 4 2 68581
290326 4 22 67786
290330 4 5 68091
290344 4 10 68093
290346 4 14 68094
290348 4 15 68095
290354 4 22 68098
290366 4 9 68356
290372 4 15 68359
290566 4 10 67601
290570 4 14 67890
290572 4 19 67892
290574 4 23 68099
290576 4 1 68100
290578 4 9 68284
290580 4 14 67602
290582 4 21 67605
290584 4 21 67665
290594 4 10 68177
290604 4 3 68102
290606 4 22 67606
290616 4 10 68105
290618 4 10 67745
290620 4 14 67746
290624 4 21 67749
290626 4 1 67956
290628 4 5 68103
290630 4 22 68158
290632 4 1 68160
290634 4 2 68161
290636 4 14 68262
290638 4 3 68486
290640 4 5 68487
290642 4 10 68489
290644 4 10 68585
290646 4 22 67750
290650 4 2 67753
290652 4 3 67754
290654 4 2 67957
290656 4 9 68104
290658 4 15 68539
290660 4 19 68540
290662 4 21 68541
290664 4 22 68542
290670 4 1 67848
290678 4 14 68298
290680 4 15 68299
290682 4 1 68496
290694 4 21 67917
290708 4 21 68109
290718 4 22 68434
290720 4 23 68435
290722 4 1 68436
290724 4 2 68437
290826 4 14 67902
290832 4 1 67908
290842 4 23 68111
290848 4 3 68306
290854 4 3 68426
290856 4 3 68438
290968 4 2 67597
290970 4 23 67607
290972 4 1 67608
290974 4 2 67609
290976 4 5 67923
290978 4 10 67925
290980 4 3 68114
290982 4 5 68115
290984 4 9 68116
290986 4 10 68117
290988 4 2 68209
290990 4 3 68210
290992 4 5 68235
290994 4 9 68332
290996 4 15 68335
290998 4 14 68538
291000 4 1 68544
291068 4 23 67775
291072 4 14 68118
291074 4 3 68246
291080 4 3 67610
291082 4 3 67862
291084 4 10 67865
291086 4 15 68119
291088 4 5 68127
291094 4 3 68354
291096 4 23 68555
291098 4 14 67590
291100 4 21 67593
291102 4 1 67740
291104 4 2 67741
291110 4 21 67941
291112 4 2 67981
291124 4 3 67814
291128 4 23 67823
291132 4 21 67881
291134 4 22 67882
291138 4 2 68005
291140 4 21 68121
291142 4 22 68122
291144 4 23 68123
291148 4 3 68138
291150 4 5 68139
291152 4 2 68185
291154 4 3 68186
291158 4 9 68272
291164 4 23 68411
291170 4 22 68530
291172 4 23 68531
291174 4 2 68533
291278 4 2 67789
291286 4 2 68125
291298 4 14 67794
291300 4 15 67795
291306 4 22 67942
291312 4 3 67946
291330 4 9 67864
291344 4 19 67928
291350 4 15 67771
291356 4 5 67935
291358 4 9 67960
291360 4 10 68129
291362 4 14 68130
291364 4 15 68131
291366 4 19 68132
291368 4 21 68373
291370 4 22 68374
291372 4 1 68484
291422 4 23 67655
291424 4 2 67657
291428 4 1 68004
291430 4 3 68006
291432 4 21 68133
291434 4 22 68134
291436 4 23 68135
291440 4 22 68170
291442 4 23 68363
291444 4 10 68369
291446 4 14 68370
291450 4 21 68505
291452 4 19 68600
291528 4 14 68010
291544 4 2 67813
291552 4 23 67883
291640 4 9 67684
291642 4 14 67686
291644 4 15 67687
291646 4 15 67867
291648 4 14 68142
291650 4 15 68143
291652 4 19 68144
291654 4 21 68145
291656 4 22 68218
291658 4 23 68219
291704 4 10 67649
291706 4 23 67859
291708 4 22 68146
291710 4 23 68147
291712 4 1 68148
291714 4 2 68149
291716 4 14 68190
291756 4 23 67679
291758 4 3 67682
291760 4 19 67868
291762 4 15 67963
291764 4 3 68150
291766 4 5 68151
291768 4 9 68152
291770 4 10 68153
291772 4 3 68222
291774 4 5 68223
291822 4 5 68043
291830 4 21 68049
291832 4 22 68050
291836 4 15 68155
291852 4 15 68575
291898 4 15 67915
291904 4 3 68054
291906 4 10 68057
291912 4 15 68347
291914 4 19 68348
291918 4 22 68350
291920 4 23 68351
291930 4 3 68522
291980 4 23 68159
291988 4 1 68364
291990 4 5 68367
291992 4 10 68417
291994 4 2 68485
292000 4 9 68488
292084 4 1 67620
292086 4 23 67631
292088 4 1 67632
292090 4 2 67633
292092 4 15 67639
292094 4 3 68162
292096 4 5 68163
292098 4 9 68164
292100 4 10 68165
292102 4 5 68199
292104 4 9 68200
292106 4 1 68244
292108 4 21 68289
292162 4 5 67767
292194 4 15 68167
292198 4 21 68169
292204 4 19 68252
292206 4 21 68253
292210 4 23 68255
292224 4 15 68479
292230 4 3 68582
292234 4 3 68606
292236 4 5 68607
292304 4 3 67658
292306 4 1 67992
292314 4 14 68022
292322 4 15 68215
292326 4 9 68428
292330 4 14 68502
292334 4 2 68545
292342 4 1 68040
292344 4 23 68171
292348 4 1 68172
292350 4 2 68173
292352 4 3 68174
292354 4 5 68175
292356 4 3 68294
292358 4 5 68295
292360 4 9 68296
292362 4 19 68336
292364 4 22 68338
292366 4 15 68407
292368 4 19 68444
292370 4 5 68583
292372 4 9 68584
292438 4 14 67734
292472 4 19 67604
292480 4 15 67891
292488 4 9 68596
292490 4 10 68597
292492 4 2 67669
292494 4 3 67670
292496 4 5 67671
292498 4 14 68178
292500 4 15 68551
292502 4 19 68552
292504 4 3 67706
292506 4 5 67707
292508 4 10 67709
292512 4 15 68179
292518 4 5 67887
292520 4 15 67975
292522 4 19 68180
292524 4 23 68471
292526 4 2 68473
292528 4 10 68537
292532 4 9 67672
292536 4 1 67980
292538 4 21 68181
292540 4 1 67584
292544 4 1 67692
292546 4 9 67816
292548 4 22 67858
292550 4 22 68182
292566 4 1 68184
292568 4 21 68241
292578 4 3 67730
292580 4 5 67731
292582 4 9 67732
292592 4 3 68234
292666 4 23 68231
292668 4 5 68475
292672 4 14 68478
292674 4 22 67798
292686 4 22 68242
292704 4 3 68306
292708 4 10 68309
292710 4 19 68324
292712 4 21 68325
292714 4 22 68326
292728 4 15 68191
292730 4 19 68192
292732 4 21 68193
292734 4 22 68194
292736 4 23 68243
292740 4 1 68304
292742 4 2 68305
292746 4 14 68322
292752 4 23 68327
292754 4 14 68514
292852 4 14 67650
292856 4 21 67653
292860 4 10 67685
292862 4 10 67937
292864 4 5 68031
292866 4 1 68196
292868 4 10 68213
292870 4 22 68458
292872 4 23 68459
292876 4 2 68509
292878 4 9 67660
292882 4 19 67664
292888 4 14 67938
292890 4 9 68032
292892 4 2 68197
292894 4 14 68214
292896 4 3 68462
292898 4 5 68463
292906 4 10 67733
292908 4 14 67818
292910 4 2 67861
292912 4 3 68198
292944 4 5 67635
292946 4 9 67636
292948 4 14 67638
292950 4 9 67648
292952 4 10 67673
292954 4 14 67674
292956 4 19 67676
292958 4 21 67701
292962 4 10 68201
292964 4 14 68202
292966 4 15 68203
292968 4 19 68204
292970 4 19 68216
292972 4 2 68245
292974 4 5 68247
292976 4 9 68416
292978 4 21 68457
293044 4 14 67770
293046 4 21 68205
293048 4 22 68206
293050 4 23 68207
293052 4 1 68208
293054 4 9 68248
293056 4 14 68250
293058 4 15 68251
293060 4 3 68258
293062 4 9 68260
293064 4 1 68316
293066 4 14 68466
293068 4 19 68504
293070 4 5 68571
293072 4 9 68572
293074 4 10 68573
293148 4 1 67608
293152 4 3 68114
293156 4 10 68117
293164 4 15 68335
293166 4 1 68544
293188 4 22 67642
293190 4 23 67643
293194 4 2 67969
293196 4 5 67971
293198 4 9 67972
293200 4 23 68015
293202 4 5 68211
293206 4 2 67645
293208 4 5 67647
293210 4 5 67695
293212 4 22 67702
293214 4 1 67704
293216 4 22 67978
293220 4 9 68212
293266 4 10 67769
293270 4 2 67993
293284 4 10 68429
293314 4 9 67696
293316 4 10 67697
293318 4 14 67698
293320 4 5 67719
293324 4 3 67970
293328 4 1 68016
293330 4 21 68217
293342 4 15 68143
293366 4 23 67703
293368 4 2 67705
293370 4 2 67729
293372 4 19 67988
293374 4 22 67990
293376 4 23 67991
293378 4 1 68220
293380 4 2 68221
293412 4 5 68223
293430 4 22 67666
293432 4 22 67678
293436 4 9 67792
293438 4 10 67793
293440 4 23 67955
293442 4 9 68224
293444 4 1 68232
293446 4 10 67721
293448 4 15 67723
293450 4 19 67724
293452 4 10 68225
293454 4 14 68226
293456 4 15 68227
293458 4 19 68228
293502 4 21 67725
293504 4 22 67726
293506 4 23 67727
293508 4 9 67984
293510 4 10 67985
293512 4 15 67987
293514 4 21 68229
293518 4 23 67667
293520 4 5 67683
293524 4 23 67799
293526 4 1 67800
293528 4 3 67958
293530 4 22 68230
293532 4 2 68233
293544 4 5 68079
293558 4 22 67654
293566 4 3 67802
293576 4 23 68507
293580 4 10 67661
293588 4 15 67807
293598 4 5 68511
293622 4 5 67659
293624 4 5 67923
293626 4 10 67925
293628 4 14 67926
293634 4 9 68116
293636 4 5 68235
293640 4 15 67627
293642 4 19 67628
293644 4 22 67630
293648 4 9 67924
293652 4 9 68236
293656 4 5 68259
293658 4 10 68261
293660 4 23 68579
293662 4 14 67758
293664 4 15 67759
293666 4 19 67760
293668 4 23 67811
293670 4 14 67866
293672 4 10 68237
293674 4 14 68238
293676 4 15 68239
293678 4 19 68240
293680 4 15 68311
293682 4 21 68313
293684 4 22 68314
293686 4 9 68380
293688 4 10 68381
293690 4 14 68382
293692 4 2 68449
293694 4 5 68451
293696 4 9 68452
293700 4 3 68474
293702 4 15 68491
293704 4 19 68492
293706 4 22 68494
293708 4 15 68539
293792 4 14 67710
293810 4 9 67720
293882 4 23 67775
293886 4 14 68118
293888 4 3 68246
293914 4 9 67768
293918 4 3 67838
293928 4 10 68249
293940 4 10 68453
293942 4 14 68454
293944 4 15 68455
293946 4 19 68456
293952 4 23 68567
293954 4 1 68568
293956 4 2 68569
293958 4 3 68570
293966 4 14 68574
294118 4 14 67734
294120 4 19 67736
294126 4 15 67999
294128 4 5 68067
294130 4 23 68087
294132 4 2 68089
294140 4 21 68097
294142 4 22 68098
294156 4 1 68256
294164 4 14 68358
294174 4 1 68580
294176 4 2 68581
294268 4 21 67677
294384 4 21 67749
294388 4 5 68103
294400 4 5 68487
294408 4 23 67595
294410 4 19 67688
294412 4 22 67834
294414 4 23 67835
294416 4 1 67836
294418 4 2 67921
294420 4 15 68263
294422 4 19 68264
294424 4 21 68265
294426 4 22 68266
294428 4 3 68282
294430 4 19 68408
294432 4 19 68480
294434 4 3 68498
294436 4 1 68556
294490 4 1 67584
294492 4 1 67596
294494 4 2 67693
294498 4 19 67844
294500 4 21 67845
294502 4 3 67922
294504 4 23 68267
294506 4 1 68268
294508 4 2 68269
294510 4 3 68270
294512 4 5 68283
294514 4 21 68409
294516 4 21 68481
294518 4 5 68499
294520 4 22 68566
294586 4 21 68121
294590 4 1 68124
294592 4 5 68271
294594 4 9 68272
294604 4 19 68528
294612 4 1 68532
294698 4 19 67700
294702 4 5 67995
294704 4 15 68275
294706 4 19 68276
294708 4 21 68277
294710 4 22 68278
294712 4 23 68279
294714 4 1 68280
294716 4 2 68281
294718 4 2 68317
294724 4 19 68384
294726 4 23 68495
294728 4 15 68503
294732 4 10 68561
294734 4 14 68562
294736 4 15 68563
294738 4 19 68564
294740 4 21 68565
294944 4 9 67600
294946 4 10 67601
294948 4 22 67810
294952 4 19 67892
294954 4 21 67893
294958 4 9 68284
294960 4 15 67711
294962 4 22 67714
294964 4 23 67715
294966 4 1 67716
294968 4 23 67979
294970 4 10 68285
294972 4 14 68286
294974 4 15 68287
294976 4 19 68288
295044 4 15 67615
295046 4 22 67618
295048 4 14 67626
295050 4 9 68056
295052 4 14 68058
295054 4 19 68084
295056 4 22 68290
295058 4 22 68398
295060 4 2 68401
295062 4 22 68482
295064 4 5 67947
295066 4 9 67948
295068 4 10 67949
295070 4 23 68291
295072 4 15 67951
295074 4 19 67952
295076 4 21 67953
295078 4 1 68292
295082 4 21 67773
295084 4 22 67774
295090 4 19 68060
295096 4 15 68107
295098 4 19 68108
295104 4 19 68432
295106 4 21 68433
295108 4 3 67586
295110 4 5 67587
295112 4 9 67588
295114 4 1 68172
295122 4 5 68295
295126 4 10 68297
295128 4 19 68336
295132 4 23 68339
295134 4 15 68407
295136 4 19 68444
295214 4 23 67847
295216 4 1 67848
295218 4 3 67850
295220 4 10 68105
295222 4 14 68298
295224 4 15 68299
295226 4 19 68300
295228 4 21 68301
295230 4 1 68496
295274 4 15 67903
295276 4 23 68051
295282 4 22 68194
295286 4 23 68303
295288 4 1 68304
295290 4 2 68305
295298 4 1 68340
295300 4 2 68341
295302 4 5 68343
295304 4 10 68345
295306 4 14 68346
295308 4 9 68392
295310 4 10 68393
295312 4 14 68394
295314 4 19 68396
295316 4 21 68397
295318 4 21 68445
295320 4 22 68446
295322 4 15 68575
295326 4 14 68586
295328 4 15 68587
295330 4 19 68588
295332 4 21 68589
295428 4 3 67886
295430 4 9 67888
295432 4 10 67889
295438 4 15 67975
295440 4 22 68110
295442 4 23 68111
295444 4 2 68113
295446 4 10 68189
295450 4 5 68307
295456 4 5 68379
295458 4 3 68426
295460 4 3 68438
295462 4 5 68439
295464 4 10 68441
295468 4 2 68473
295552 4 21 67785
295554 4 22 67858
295556 4 15 68035
295558 4 19 68036
295560 4 21 68037
295562 4 14 68310
295564 4 23 68375
295570 4 3 68534
295574 4 9 68560
295584 4 19 68312
295590 4 9 68380
295596 4 15 68383
295668 4 22 68074
295724 4 10 68069
295734 4 19 68096
295740 4 23 68195
295744 4 5 68355
295756 4 15 67807
295760 4 3 68078
295764 4 9 68188
295772 4 5 68511
295776 4 21 67617
295778 4 3 68030
295788 4 10 68321
295796 4 3 68402
295890 4 21 68325
295952 4 2 67669
295954 4 3 67670
295956 4 2 67825
295958 4 5 67827
295960 4 1 68328
295962 4 2 68329
295964 4 3 68330
295966 4 5 68331
295968 4 23 68543
295970 4 3 68546
295972 4 15 68551
295976 4 21 68553
296048 4 23 67607
296050 4 1 67608
296052 4 3 67826
296054 4 21 67833
296060 4 15 68119
296062 4 2 68209
296064 4 3 68210
296066 4 9 68332
296068 4 10 68333
296070 4 14 68334
296072 4 15 68335
296074 4 1 68544
296076 4 5 68547
296078 4 9 68548
296080 4 10 68549
296082 4 23 68555
296158 4 23 67619
296162 4 2 68173
296174 4 21 68337
296252 4 5 68043
296254 4 9 68044
296256 4 15 68047
296258 4 14 68154
296268 4 3 68342
296272 4 9 68344
296282 4 15 68395
296296 4 22 68578
296500 4 1 68052
296504 4 15 68347
296506 4 19 68348
296508 4 21 68349
296510 4 22 68350
296512 4 23 68351
296514 4 1 68352
296516 4 2 68353
296520 4 23 68399
296522 4 1 68400
296528 4 5 68403
296530 4 9 68404
296532 4 10 68405
296534 4 14 68406
296536 4 23 68447
296538 4 1 68448
296544 4 2 68053
296578 4 1 68520
296580 4 2 68521
296582 4 3 68522
296584 4 5 68523
296586 4 22 68590
296588 4 23 68591
296590 4 2 68593
296592 4 5 68595
296756 4 3 67610
296758 4 3 67862
296760 4 10 67865
296764 4 5 68127
296766 4 3 68354
296768 4 5 67839
296770 4 9 67840
296776 4 14 68070
296780 4 1 68088
296788 4 9 68140
296790 4 10 68141
296804 4 15 68095
296944 4 14 67902
296948 4 19 67904
296950 4 21 67905
296952 4 22 67906
296954 4 23 67907
296958 4 14 68046
296960 4 21 68049
296962 4 22 68050
296968 4 1 68112
296972 4 15 68155
296974 4 21 68361
296978 4 9 68440
296982 4 15 68443
296992 4 9 67912
296996 4 15 67915
296998 4 22 67918
297000 4 23 67919
297004 4 10 68057
297008 4 15 68059
297018 4 21 68157
297034 4 23 67655
297036 4 2 67657
297040 4 1 68004
297044 4 21 68133
297046 4 22 68134
297048 4 1 68136
297052 4 23 68363
297054 4 10 68369
297056 4 15 68371
297058 4 21 68505
297060 4 19 68600
297062 4 10 67649
297064 4 1 67824
297066 4 14 67854
297068 4 15 67855
297070 4 19 67856
297072 4 9 67996
297076 4 23 68159
297078 4 1 68160
297080 4 1 68364
297082 4 2 68365
297084 4 3 68366
297086 4 5 68367
297088 4 10 68417
297090 4 2 68485
297096 4 14 68490
297170 4 3 67730
297174 4 23 67787
297178 4 23 68063
297180 4 1 68064
297182 4 2 68065
297184 4 9 68368
297186 4 3 68390
297190 4 19 68468
297192 4 5 68535
297200 4 23 68135
297208 4 14 68370
297212 4 19 68372
297262 4 15 67771
297264 4 1 67932
297266 4 5 67935
297268 4 9 67960
297270 4 10 68129
297272 4 14 68130
297274 4 21 68373
297276 4 22 68374
297278 4 1 68484
297292 4 9 67780
297294 4 10 67781
297296 4 15 67783
297310 4 1 68376
297316 4 3 68594
297324 4 2 67885
297334 4 2 68497
297342 4 22 67762
297344 4 23 67763
297346 4 2 67765
297348 4 21 67869
297354 4 22 68038
297356 4 2 68377
297360 4 15 67819
297362 4 5 67851
297364 4 9 67852
297368 4 22 68086
297370 4 2 68137
297372 4 3 68378
297374 4 15 68515
297376 4 21 68517
297378 4 22 68518
297398 4 14 67758
297404 4 14 67866
297408 4 14 68238
297410 4 15 68239
297428 4 21 68025
297448 4 15 68383
297452 4 23 68495
297528 4 14 67590
297530 4 15 67591
297532 4 3 67706
297534 4 10 67709
297536 4 1 67740
297538 4 5 67743
297540 4 10 67853
297542 4 3 67898
297544 4 2 67981
297546 4 21 68385
297548 4 22 68386
297550 4 23 68387
297552 4 1 68388
297554 4 1 68424
297556 4 2 68425
297558 4 9 68524
297560 4 14 68526
297628 4 10 67673
297630 4 1 67776
297632 4 2 67777
297634 4 3 67778
297636 4 19 67784
297642 4 2 68389
297646 4 22 68410
297672 4 3 67766
297676 4 15 68023
297682 4 3 68066
297684 4 5 68391
297862 4 15 67615
297864 4 22 67618
297920 4 1 68592
298190 4 5 68175
298208 4 23 67595
298220 4 3 68498
298222 4 1 67584
298226 4 2 67693
298228 4 23 68267
298230 4 2 68269
298232 4 3 68270
298238 4 3 67598
298250 4 1 67788
298252 4 1 67884
298262 4 1 67812
298264 4 5 67815
298266 4 19 67880
298268 4 22 67882
298274 4 21 68121
298276 4 22 68122
298278 4 1 68124
298280 4 3 68138
298282 4 2 68185
298284 4 3 68186
298288 4 10 68273
298290 4 14 68274
298296 4 23 67739
298300 4 19 67820
298302 4 21 67821
298304 4 1 68412
298306 4 2 68413
298308 4 3 68414
298310 4 5 68415
298312 4 14 68418
298314 4 23 68483
298318 4 19 68516
298382 4 14 67674
298384 4 19 67676
298390 4 10 68201
298392 4 14 68202
298394 4 19 68216
298396 4 5 68247
298398 4 9 68416
298438 4 9 67744
298440 4 5 67803
298442 4 10 67805
298444 4 14 67806
298446 4 1 67920
298448 4 15 68419
298450 4 19 68420
298452 4 21 68421
298454 4 22 68422
298456 4 23 68423
298458 4 23 68519
298598 4 23 68111
298618 4 9 68008
298620 4 10 68009
298622 4 14 68010
298634 4 5 68427
298636 4 10 68501
298642 4 10 67769
298646 4 2 67993
298654 4 15 68215
298656 4 9 68428
298658 4 10 68429
298660 4 14 68430
298662 4 15 68431
298666 4 2 68545
298738 4 23 67919
298782 4 22 68434
298784 4 23 68435
298786 4 1 68436
298790 4 5 67911
298794 4 19 67916
298800 4 21 68109
298810 4 2 68437
298906 4 9 68044
298908 4 14 68046
298930 4 14 68442
299040 4 15 67879
299176 4 19 68240
299184 4 3 68450
299186 4 5 68451
299188 4 9 68452
299192 4 3 68474
299194 4 10 68537
299248 4 3 67838
299252 4 10 68249
299254 4 14 68250
299256 4 10 68453
299258 4 14 68454
299260 4 15 68455
299262 4 19 68456
299264 4 23 68567
299266 4 1 68568
299268 4 2 68569
299270 4 3 68570
299272 4 5 68571
299274 4 9 68572
299276 4 10 68573
299362 4 9 67600
299368 4 19 68204
299372 4 21 68457
299374 4 14 67650
299376 4 21 67653
299378 4 9 67684
299380 4 23 67895
299382 4 9 67936
299384 4 10 67937
299386 4 1 68196
299388 4 22 68458
299390 4 23 68459
299392 4 1 68460
299394 4 2 68461
299442 4 9 67660
299444 4 19 67664
299446 4 23 67679
299448 4 2 67681
299450 4 1 67896
299452 4 14 67938
299454 4 2 68197
299456 4 3 68462
299458 4 5 68463
299460 4 9 68464
299462 4 10 68465
299510 4 21 68205
299512 4 22 68206
299520 4 3 68258
299522 4 9 68260
299524 4 1 68316
299528 4 19 68504
299534 4 19 67808
299542 4 21 68073
299544 4 23 68183
299546 4 1 68184
299548 4 3 68234
299556 4 21 68469
299558 4 22 68470
299628 4 23 67751
299630 4 9 67756
299634 4 2 67957
299638 4 19 68180
299658 4 1 68472
299664 4 15 68491
299666 4 19 68492
299668 4 21 68493
299670 4 22 68494
299676 4 19 68540
299678 4 21 68541
299774 4 21 67689
299776 4 22 67690
299778 4 21 67809
299786 4 2 68077
299788 4 5 68187
299790 4 9 68188
299792 4 23 68231
299800 4 10 68477
299802 4 14 68478
299874 4 14 67734
299876 4 10 67997
299880 4 5 68067
299884 4 9 68176
299886 4 19 68252
299888 4 21 68253
299892 4 23 68255
299894 4 2 68257
299896 4 15 68479
299900 4 2 68605
299902 4 3 68606
299904 4 5 68607
299910 4 1 67836
299912 4 2 67921
299916 4 22 68266
299920 4 19 68480
299924 4 15 67843
299926 4 19 67844
299928 4 21 67845
299930 4 3 67922
299938 4 21 68481
299988 4 1 67932
299990 4 2 67933
299996 4 10 68129
300000 4 15 68131
300026 4 14 67746
300028 4 21 67749
300030 4 5 68103
300036 4 2 68161
300038 4 14 68262
300048 4 5 68487
300130 4 14 67854
300132 4 19 67856
300134 4 9 67996
300138 4 2 68365
300140 4 3 68366
300244 4 23 67847
300250 4 10 68105
300254 4 15 68299
300256 4 21 68301
300258 4 1 68496
300266 4 15 67783
300268 4 21 67869
300270 4 2 67885
300276 4 1 68376
300278 4 2 68377
300302 4 1 67596
300304 4 2 67693
300322 4 1 67644
300324 4 15 67927
300326 4 19 67964
300328 4 23 67967
300330 4 14 67974
300332 4 2 68029
300334 4 9 68500
300336 4 2 67789
300346 4 2 68125
300350 4 19 68168
300362 4 3 67658
300372 4 22 68170
300380 4 9 68428
300382 4 14 68430
300398 4 2 68317
300408 4 14 67770
300414 4 23 68207
300442 4 1 68004
300450 4 23 68363
300452 4 21 68505
300456 4 22 67654
300460 4 3 67790
300462 4 3 67802
300464 4 5 68031
300468 4 22 68074
300470 4 1 68076
300474 4 10 68213
300476 4 1 68232
300478 4 23 68315
300480 4 22 68506
300482 4 23 68507
300484 4 1 68508
300486 4 2 68509
300552 4 10 67661
300558 4 15 67807
300560 4 9 68032
300564 4 3 68078
300566 4 5 68079
300570 4 14 68214
300572 4 2 68233
300574 4 5 68319
300578 4 5 68511
300580 4 9 68512
300582 4 10 68513
300646 4 15 68191
300648 4 21 68193
300654 4 14 68322
300658 4 14 68514
300664 4 9 67852
300666 4 22 67870
300668 4 1 67872
300672 4 22 68086
300674 4 3 68378
300760 4 5 67803
300764 4 1 67920
300784 4 19 68156
300790 4 22 68350
300794 4 22 68362
300802 4 2 68521
300804 4 3 68522
300904 4 1 67740
300906 4 15 67939
300908 4 19 67940
300910 4 23 67943
300912 4 3 67946
300914 4 2 67981
300916 4 19 68120
300918 4 3 68126
300920 4 21 68385
300926 4 9 68524
300928 4 10 68525
300932 4 15 68527
301014 4 21 68121
301016 4 23 68123
301020 4 9 68272
301028 4 21 68277
301030 4 1 68280
301032 4 2 68281
301034 4 19 68528
301036 4 21 68529
301038 4 22 68530
301044 4 10 68561
301144 4 1 68124
301186 4 23 68063
301188 4 2 68065
301202 4 10 67997
301204 4 9 68092
301206 4 10 68093
301208 4 14 68094
301216 4 21 68253
301220 4 23 68255
301224 4 10 68357
301226 4 15 68359
301228 4 19 68360
301250 4 2 68449
301264 4 5 67923
301266 4 10 67925
301268 4 3 68114
301270 4 5 68115
301272 4 9 68116
301274 4 5 68235
301276 4 14 68538
301278 4 1 67752
301280 4 3 67754
301284 4 9 68104
301302 4 19 68540
301306 4 22 68542
301374 4 2 67669
301380 4 1 68328
301382 4 3 68330
301386 4 23 68543
301388 4 15 68551
301390 4 19 68552
301392 4 2 67597
301394 4 3 67826
301402 4 9 68332
301404 4 14 68334
301406 4 15 68335
301408 4 1 68544
301430 4 10 68429
301438 4 23 67631
301440 4 2 67633
301446 4 2 68329
301450 4 3 68546
301452 4 5 67635
301454 4 14 67638
301458 4 9 67828
301462 4 10 68333
301472 4 10 68549
301474 4 14 68550
301538 4 10 67829
301540 4 14 67830
301542 4 15 67831
301544 4 14 68082
301546 4 14 68178
301560 4 21 68553
301562 4 22 68554
301630 4 23 67607
301632 4 1 67608
301634 4 21 67833
301636 4 15 68119
301644 4 23 68555
301648 4 19 68264
301652 4 1 68556
301658 4 10 67781
301660 4 10 67817
301662 4 22 67858
301664 4 14 67878
301668 4 3 68042
301670 4 22 68182
301674 4 23 68375
301684 4 3 68558
301686 4 5 68559
301688 4 9 68560
301690 4 3 68594
301766 4 23 68279
301878 4 1 68268
301882 4 22 68566
301896 4 1 68568
302082 4 15 67903
302084 4 5 68043
302086 4 9 68044
302088 4 15 68047
302090 4 23 68051
302092 4 14 68154
302096 4 22 68302
302098 4 23 68303
302102 4 3 68342
302108 4 15 68575
302110 4 19 68576
302112 4 21 68577
302114 4 22 68578
302204 4 22 67630
302208 4 9 67924
302210 4 9 68236
302214 4 5 68259
302216 4 10 68261
302218 4 23 68579
302222 4 10 68069
302224 4 23 68087
302226 4 2 68089
302230 4 21 68097
302234 4 3 68318
302238 4 14 68358
302242 4 1 68580
302244 4 2 68581
302274 4 19 68096
302290 4 1 68172
302292 4 2 68173
302294 4 3 68174
302298 4 22 68338
302300 4 5 68583
302302 4 9 68584
302310 4 3 68294
302312 4 5 68295
302318 4 15 68407
302326 4 5 68103
302334 4 1 68364
302340 4 3 68486
302342 4 5 68487
302350 4 1 68304
302354 4 14 68394
302356 4 21 68397
302358 4 21 68445
302360 4 22 68446
302362 4 14 68586
302366 4 19 68588
302368 4 21 68589
302436 4 3 68402
302440 4 14 68406
302442 4 23 68447
302446 4 22 68590
302564 4 14 67602
302566 4 19 67604
302568 4 3 67862
302570 4 5 67863
302572 4 9 67864
302574 4 14 67890
302576 4 15 67891
302578 4 21 67893
302580 4 10 68177
302582 4 9 68596
302584 4 10 68597
302586 4 14 68598
302588 4 15 68599
302656 4 23 68135
302658 4 1 68136
302664 4 14 68370
302666 4 15 68371
302668 4 19 68600
302670 4 2 67585
302672 4 15 67879
302674 4 19 68024
302676 4 23 68039
302678 4 21 68601
302680 4 22 68602
302682 4 23 68603
302684 4 1 68604
302732 4 5 68067
302740 4 2 68257
302796 4 3 65730
302798 4 22 65954
302800 4 3 66414
302802 4 15 66479
302804 4 22 66542
302806 4 5 65791
302808 4 5 65959
302810 4 22 66362
302812 4 5 65971
302814 4 23 66543
302816 4 1 66544
302836 4 21 66229
302844 4 22 65726
302846 4 1 66292
302848 4 5 66475
302850 4 10 66537
302854 4 19 66192
302856 4 2 66293
302862 4 23 65967
302864 4 15 66131
302866 4 19 66516
302868 4 2 66521
302870 4 9 65888
302872 4 5 66295
302888 4 9 66200
302890 4 2 66401
302910 4 23 65859
302912 4 10 66153
302914 4 22 66398
302916 4 1 65620
302920 4 21 66445
302940 4 2 65681
302942 4 10 65877
302944 4 3 66186
302946 4 10 65685
302948 4 22 65882
302950 4 5 66187
302952 4 3 65802
302962 4 22 65690
302964 4 14 66370
302966 4 5 66427
302968 4 10 66393
302976 4 15 65963
302978 4 9 66320
302980 4 15 66323
302984 4 3 66066
302992 4 19 65892
302996 4 22 66470
302998 4 21 66517
303022 4 1 65896
303024 4 22 66374
303026 4 1 66472
303058 4 9 65864
303060 4 1 66196
303062 4 15 66419
303082 4 19 65868
303084 4 23 65931
303086 4 19 66420
303112 4 22 65846
303114 4 22 66014
303118 4 14 65914
303120 4 19 66036
303122 4 21 66409
303124 4 22 66446
303158 4 23 66339
303168 4 9 66548
303170 4 10 66549
303174 4 22 65906
303176 4 1 66040
303178 4 22 66410
303180 4 23 66447
303224 4 15 66443
303230 4 19 66444
303234 4 9 66452
303236 4 19 66552
303238 4 21 65677
303240 4 21 66313
303242 4 22 66314
303268 4 9 65552
303270 4 15 66299
303274 4 1 66376
303306 4 2 66353
303308 4 22 66434
303336 4 19 66348
303338 4 21 66433
303366 4 5 66283
303368 4 10 66309
303370 4 5 66451
303412 4 22 65918
303416 4 15 66431
303436 4 1 65944
303448 4 1 66220
303450 4 1 66436
303470 4 5 66127
303474 4 23 66531
303494 4 22 65834
303496 4 23 66303
303498 4 1 66400
303506 4 5 65839
303510 4 9 66404
303512 4 5 65935
303514 4 3 66438
303516 4 5 66439
303536 4 15 65939
303538 4 19 66216
303540 4 14 66442
303566 4 10 65949
303572 4 3 66450
303574 4 21 66529
303602 4 5 66259
303612 4 19 66120
303616 4 10 66525
303618 4 3 66330
303624 4 10 66357
303626 4 3 66510
303632 4 21 66457
303634 4 2 66005
303642 4 5 65995
303646 4 5 66535
303666 4 15 65999
303670 4 9 66536
303672 4 10 66405
303678 4 1 65824
303680 4 22 66506
303682 4 22 66494
303698 4 10 66021
303702 4 2 66533
303722 4 21 66025
303726 4 3 66534
303754 4 3 66078
303758 4 14 66526
303778 4 10 66513
303802 4 14 66514
303858 4 10 66141
303884 4 22 66098
303892 4 3 66102
303894 4 22 66074
303910 4 14 66082
303928 4 14 66538
304000 4 9 65720
304008 4 5 66547
304018 4 1 66556
304116 4 1 66508
304146 4 14 66178
304154 4 22 66182
304718 4 22 84182
304720 4 19 84012
304722 4 21 84013
304724 4 22 84014
304726 4 23 84015
304728 4 22 84026
304730 4 14 84118
304732 4 23 84327
304734 4 2 84029
304736 4 14 81926
304738 4 15 81927
304740 4 19 81928
304742 4 21 81929
304744 4 5 82127
304746 4 1 81956
304748 4 21 81953
304750 4 19 82252
304752 4 21 82253
304754 4 22 82254
304756 4 23 82255
304758 4 14 82262
304760 4 23 82267
304762 4 1 82268
304764 4 2 82269
304766 4 3 82270
304768 4 19 82276
304770 4 5 82439
304772 4 19 82648
304776 4 21 81941
304778 4 22 81942
304780 4 22 81954
304782 4 23 81955
304784 4 14 82010
304786 4 23 82435
304788 4 1 82436
304790 4 2 82437
304792 4 3 82438
304794 4 3 82450
304804 4 10 81985
304806 4 14 81986
304808 4 15 81987
304810 4 19 81988
304812 4 9 81924
304814 4 1 81920
304816 4 2 81969
304818 4 2 81921
304820 4 15 82047
304822 4 21 82049
304824 4 5 82103
304826 4 9 82104
304828 4 2 82161
304830 4 1 82412
304832 4 2 82413
304834 4 3 82414
304836 4 5 82415
304838 4 2 82533
304840 4 22 82650
304844 4 1 82100
304846 4 5 82007
304848 4 15 82131
304850 4 3 82138
304852 4 9 82140
304854 4 10 82141
304856 4 10 82153
304858 4 14 82154
304860 4 19 82156
304862 4 1 82160
304864 4 15 82191
304866 4 3 82210
304868 4 10 82345
304870 4 19 82516
304872 4 21 82517
304874 4 22 82518
304876 4 23 82519
304878 4 1 82520
304880 4 2 82521
304882 4 3 82522
304884 4 5 82523
304886 4 10 82549
304888 4 1 82712
304890 4 23 81931
304892 4 1 81932
304898 4 15 82155
304902 4 23 82159
304904 4 14 82406
304906 4 15 82407
304908 4 19 82408
304910 4 21 82409
304912 4 22 82578
304914 4 15 82587
304920 4 5 81983
304922 4 5 82031
304924 4 9 82032
304926 4 10 82033
304928 4 14 82034
304930 4 21 82109
304932 4 21 82265
304936 4 2 81945
304938 4 3 81946
304940 4 5 81947
304942 4 9 81948
304944 4 1 82016
304948 4 19 82048
304952 4 22 82050
304954 4 21 82157
304956 4 1 82352
304958 4 2 82353
304960 4 3 82354
304962 4 5 82355
304964 4 3 82378
304966 4 5 82379
304970 4 15 82035
304972 4 19 82036
304974 4 21 82037
304976 4 22 82038
304978 4 14 82046
304980 4 9 82164
304982 4 2 82377
304994 4 2 81933
304996 4 3 81934
304998 4 15 82359
305000 4 19 82360
305002 4 21 82361
305004 4 22 82362
305006 4 10 82405
305008 4 22 82410
305010 4 9 81936
305012 4 10 81937
305014 4 2 82149
305016 4 3 82150
305018 4 5 82151
305020 4 9 82152
305022 4 14 82166
305024 4 21 82421
305026 4 22 82422
305028 4 23 82423
305030 4 1 82424
305032 4 5 82583
305034 4 5 82595
305040 4 2 82017
305042 4 3 82018
305044 4 5 82019
305046 4 9 82020
305048 4 10 82105
305050 4 15 82083
305052 4 19 82084
305054 4 21 82085
305056 4 22 82086
305058 4 1 82280
305060 4 2 82281
305062 4 3 82282
305064 4 5 82283
305066 4 3 82462
305070 4 2 82173
305072 4 3 82174
305074 4 5 82175
305076 4 9 82176
305078 4 23 82183
305080 4 1 82244
305082 4 2 82245
305084 4 3 82246
305086 4 5 82247
305088 4 1 82256
305090 4 19 82420
305092 4 9 82644
305096 4 14 81938
305112 4 23 82015
305114 4 19 82132
305116 4 21 82133
305118 4 22 82134
305120 4 23 82135
305122 4 1 82172
305124 4 15 82203
305126 4 9 82248
305128 4 10 82249
305130 4 14 82250
305132 4 15 82251
305134 4 22 82266
305136 4 9 82416
305138 4 10 82417
305140 4 14 82418
305142 4 15 82419
305144 4 15 82431
305146 4 14 82562
305148 4 10 82585
305150 4 14 82646
305166 4 1 81992
305168 4 2 81993
305170 4 23 82075
305172 4 1 82076
305174 4 2 82077
305176 4 3 82078
305178 4 14 82082
305182 4 22 82122
305184 4 23 82123
305186 4 1 82124
305188 4 2 82125
305190 4 10 82321
305192 4 9 82464
305194 4 2 82473
305196 4 9 82584
305198 4 21 82709
305202 4 2 82221
305204 4 3 82222
305206 4 5 82223
305208 4 9 82224
305210 4 19 82288
305214 4 22 81930
305218 4 3 81970
305220 4 22 82110
305222 4 23 82111
305224 4 1 82112
305226 4 2 82113
305228 4 9 82236
305230 4 10 82237
305232 4 15 82239
305234 4 10 82297
305236 4 15 82299
305238 4 19 82300
305240 4 21 82301
305242 4 22 82302
305244 4 14 82322
305246 4 2 82401
305248 4 14 82574
305250 4 15 82575
305252 4 19 82576
305254 4 21 82577
305256 4 21 82589
305258 4 22 82590
305260 4 19 82600
305262 4 21 82685
305264 4 3 81958
305266 4 5 81959
305268 4 9 81960
305270 4 10 81961
305272 4 5 82055
305274 4 2 81957
305284 4 9 82080
305286 4 15 82143
305288 4 3 82534
305290 4 5 82535
305292 4 9 82536
305294 4 10 82537
305296 4 5 82619
305298 4 9 82620
305300 4 10 82621
305302 4 14 82622
305304 4 23 82651
305306 4 1 82652
305308 4 2 82653
305310 4 3 82654
305312 4 23 82867
305314 4 1 82868
305316 4 2 82869
305318 4 3 82870
305320 4 15 82875
305322 4 19 82876
305324 4 21 82877
305326 4 22 82878
305338 4 22 82062
305340 4 23 82063
305342 4 1 82064
305344 4 2 82065
305346 4 23 82279
305348 4 21 82385
305350 4 22 82386
305352 4 23 82387
305354 4 1 82388
305356 4 21 82493
305364 4 2 82005
305366 4 3 82006
305368 4 10 82057
305370 4 5 82511
305372 4 9 82512
305374 4 10 82513
305376 4 14 82514
305378 4 14 82598
305380 4 15 82647
305382 4 3 81922
305384 4 5 81923
305386 4 23 81967
305388 4 23 82087
305390 4 1 82088
305392 4 2 82089
305394 4 3 82090
305396 4 14 82214
305398 4 14 82334
305408 4 3 82042
305410 4 5 82043
305412 4 9 82044
305414 4 10 82045
305416 4 5 82211
305418 4 19 82336
305420 4 2 82101
305422 4 3 82102
305424 4 15 81999
305426 4 19 82000
305428 4 21 82001
305430 4 22 82002
305432 4 9 82092
305434 4 10 82093
305436 4 14 82094
305438 4 15 82095
305440 4 22 82158
305442 4 15 82011
305462 4 15 82263
305464 4 19 82264
305466 4 10 82381
305490 4 21 81989
305492 4 22 82026
305494 4 15 82179
305496 4 19 82180
305498 4 22 82182
305500 4 14 82190
305502 4 22 82338
305508 4 10 81973
305510 4 14 81974
305512 4 15 81975
305514 4 19 81976
305516 4 14 82142
305518 4 1 82292
305520 4 2 82293
305522 4 3 82294
305524 4 5 82295
305526 4 14 82298
305528 4 9 82356
305548 4 23 82039
305550 4 10 82081
305552 4 9 82128
305554 4 3 81994
305556 4 2 82029
305564 4 23 82003
305566 4 10 82009
305568 4 21 82397
305570 4 22 82398
305572 4 23 82399
305574 4 1 82400
305576 4 1 82472
305578 4 15 82515
305582 4 15 81939
305588 4 10 82117
305590 4 14 82118
305592 4 15 82119
305594 4 19 82120
305596 4 14 82178
305598 4 1 82208
305600 4 21 82277
305602 4 5 82403
305604 4 23 82411
305606 4 10 82453
305608 4 14 82454
305610 4 15 82455
305612 4 19 82456
305614 4 10 82465
305616 4 5 81971
305628 4 3 82030
305630 4 10 82129
305638 4 3 82162
305640 4 5 82163
305642 4 10 82177
305644 4 3 82390
305646 4 22 82506
305648 4 23 82507
305650 4 1 82508
305652 4 2 82509
305654 4 19 82588
305656 4 3 82690
305658 4 10 82741
305660 4 15 81951
305662 4 19 81952
305666 4 3 82114
305668 4 5 82367
305670 4 9 82368
305672 4 10 82369
305674 4 14 82370
305676 4 14 82430
305678 4 22 82494
305686 4 3 82066
305688 4 5 82067
305690 4 9 82068
305692 4 10 82069
305702 4 14 81950
305706 4 2 82041
305718 4 19 82144
305720 4 21 82145
305722 4 22 82146
305724 4 23 82147
305726 4 9 82320
305728 4 2 82341
305730 4 3 82342
305732 4 5 82343
305734 4 9 82344
305736 4 9 82380
305738 4 19 82540
305756 4 19 82204
305758 4 22 82206
305760 4 2 82365
305762 4 3 82366
305774 4 1 82484
305776 4 2 82485
305778 4 3 82486
305780 4 5 82487
305782 4 15 82563
305784 4 5 82931
305786 4 9 82932
305788 4 10 82933
305790 4 14 82934
305800 4 10 81925
305802 4 5 82391
305804 4 9 82392
305806 4 10 82393
305808 4 14 82394
305810 4 14 82502
305812 4 15 82503
305814 4 19 82504
305816 4 21 82505
305818 4 1 82544
305820 4 2 82545
305822 4 3 82546
305824 4 5 82547
305850 4 21 82205
305854 4 23 82207
305856 4 10 82357
305858 4 10 82021
305860 4 14 82022
305862 4 15 82023
305864 4 19 82024
305866 4 21 82121
305882 4 2 82173
305884 4 3 82174
305894 4 5 82139
305922 4 1 82184
305924 4 2 82185
305926 4 3 82186
305928 4 5 82187
305952 4 10 82237
305954 4 14 82238
305958 4 19 82240
305984 4 14 82226
305986 4 15 82227
305988 4 19 82228
305990 4 21 82229
305992 4 23 82231
305994 4 10 82633
305996 4 14 82634
305998 4 15 82635
306000 4 19 82636
306002 4 2 82641
306018 4 23 81943
306020 4 1 81944
306022 4 15 82215
306024 4 19 82216
306026 4 21 82217
306028 4 22 82218
306030 4 22 82230
306032 4 2 82425
306034 4 21 82637
306036 4 22 82638
306038 4 23 82639
306040 4 1 82640
306042 4 3 82642
306072 4 15 82167
306076 4 21 82301
306080 4 15 82323
306082 4 22 82434
306084 4 22 82554
306086 4 23 82555
306088 4 1 82556
306090 4 2 82557
306092 4 19 82732
306094 4 21 82733
306126 4 2 82257
306128 4 3 82258
306130 4 5 82259
306132 4 9 82260
306134 4 10 82261
306156 4 23 82267
306162 4 3 82270
306166 4 5 82271
306168 4 9 82272
306170 4 10 82273
306172 4 14 82274
306174 4 15 82275
306184 4 5 82319
306186 4 22 82110
306194 4 21 82193
306196 4 14 82070
306198 4 15 82071
306200 4 19 82072
306202 4 21 82073
306204 4 22 82242
306206 4 9 81984
306208 4 1 82004
306210 4 22 82014
306212 4 23 82579
306214 4 1 82580
306216 4 2 82581
306218 4 3 82582
306220 4 23 82615
306222 4 1 82616
306224 4 2 82617
306226 4 3 82618
306228 4 1 82664
306230 4 14 82778
306232 4 15 82779
306234 4 19 82780
306236 4 21 82781
306238 4 3 82786
306240 4 5 82787
306242 4 9 82788
306244 4 10 82789
306272 4 23 82051
306274 4 1 82052
306276 4 2 82053
306278 4 3 82054
306280 4 14 82058
306282 4 15 82059
306284 4 19 82060
306286 4 21 82061
306288 4 10 82225
306290 4 1 82364
306304 4 15 82359
306314 4 23 82603
306316 4 1 82604
306318 4 2 82605
306320 4 3 82606
306322 4 23 82831
306324 4 1 82832
306326 4 2 82833
306328 4 3 82834
306330 4 5 82835
306332 4 9 82836
306334 4 10 82837
306336 4 2 82845
306338 4 3 82846
306340 4 5 82847
306342 4 9 82848
306356 4 10 82321
306368 4 22 82302
306386 4 15 82107
306388 4 19 82108
306390 4 2 82137
306392 4 5 82199
306394 4 9 82200
306396 4 10 82201
306398 4 14 82202
306400 4 1 82220
306426 4 10 82165
306430 4 2 82209
306446 4 15 82131
306448 4 19 82516
306450 4 21 82517
306452 4 22 82518
306454 4 23 82519
306456 4 10 82549
306458 4 5 82007
306468 4 10 82345
306470 4 19 82096
306472 4 21 82097
306474 4 22 82098
306476 4 23 82099
306478 4 1 82136
306482 4 2 81981
306500 4 22 82566
306502 4 23 82567
306504 4 1 82568
306506 4 2 82569
306508 4 22 82782
306510 4 23 82783
306512 4 1 82784
306514 4 2 82785
306516 4 14 82790
306518 4 15 82791
306520 4 19 82792
306522 4 21 82793
306534 4 15 82191
306536 4 19 82192
306540 4 21 82313
306542 4 22 82314
306544 4 23 82315
306546 4 1 82316
306548 4 2 82329
306550 4 3 82330
306552 4 5 82331
306554 4 9 82332
306556 4 1 82520
306558 4 2 82521
306560 4 3 82522
306562 4 5 82523
306564 4 10 82597
306566 4 1 82712
306568 4 22 82926
306592 4 1 82040
306594 4 5 82091
306598 4 23 82195
306600 4 1 82196
306602 4 2 82197
306604 4 3 82198
306606 4 21 82241
306608 4 9 82524
306610 4 10 82525
306612 4 14 82526
306614 4 15 82527
306616 4 9 82548
306618 4 5 82727
306632 4 14 82142
306636 4 22 82398
306644 4 15 82623
306646 4 19 82624
306648 4 21 82625
306650 4 22 82626
306652 4 14 82838
306654 4 15 82839
306656 4 19 82840
306658 4 21 82841
306660 4 22 82842
306662 4 23 82843
306664 4 1 82844
306666 4 10 82849
306668 4 14 82850
306670 4 15 82851
306672 4 19 82852
306684 4 2 82101
306718 4 19 82396
306720 4 9 81996
306728 4 15 82311
306730 4 14 82358
306732 4 5 82607
306734 4 9 82608
306736 4 10 82609
306738 4 14 82610
306740 4 2 82809
306742 4 3 82810
306744 4 5 82811
306746 4 9 82812
306748 4 10 82813
306750 4 14 82814
306752 4 15 82815
306754 4 5 82823
306756 4 9 82824
306758 4 10 82825
306760 4 14 82826
306764 4 14 81950
306766 4 9 82008
306774 4 14 82106
306786 4 5 82451
306800 4 1 82592
306822 4 21 82289
306824 4 22 82290
306826 4 2 82461
306828 4 15 81939
306830 4 19 81940
306832 4 23 82027
306834 4 5 82079
306836 4 10 82453
306838 4 14 82454
306840 4 15 82455
306842 4 19 82456
306846 4 15 82539
306848 4 23 82543
306850 4 3 82594
306874 4 19 82168
306876 4 21 82169
306878 4 22 82170
306880 4 23 82171
306886 4 21 82181
306890 4 15 82395
306910 4 15 82143
306922 4 19 82324
306924 4 23 82651
306926 4 1 82652
306928 4 2 82653
306930 4 3 82654
306932 4 9 82752
306934 4 10 82753
306936 4 14 82754
306938 4 15 82755
306942 4 19 82876
306944 4 21 82877
306946 4 22 82878
306948 4 5 82883
306950 4 9 82884
306952 4 10 82885
306954 4 14 82886
306988 4 21 81929
306998 4 14 82382
307006 4 1 81944
307008 4 22 81954
307038 4 1 82532
307052 4 15 81951
307070 4 19 82012
307072 4 15 82611
307074 4 19 82612
307076 4 21 82613
307078 4 22 82614
307088 4 22 82770
307090 4 23 82771
307092 4 1 82772
307094 4 2 82773
307098 4 15 82779
307100 4 19 82780
307114 4 22 81990
307116 4 21 82385
307118 4 22 82386
307120 4 23 82387
307122 4 1 82388
307124 4 9 82488
307126 4 14 82490
307128 4 15 82491
307130 4 23 82495
307132 4 3 82558
307134 4 5 82559
307136 4 9 82560
307138 4 10 82561
307150 4 5 81947
307152 4 9 81948
307156 4 23 82303
307158 4 1 82304
307160 4 2 82305
307162 4 3 82306
307164 4 19 82384
307166 4 19 82660
307168 4 21 82661
307170 4 22 82662
307172 4 23 82663
307174 4 22 82794
307176 4 23 82795
307178 4 1 82796
307180 4 2 82797
307182 4 3 82798
307184 4 5 82799
307186 4 9 82800
307188 4 21 82805
307190 4 22 82806
307192 4 23 82807
307194 4 1 82808
307230 4 1 81968
307232 4 22 81978
307234 4 2 82341
307242 4 19 82444
307244 4 21 82445
307246 4 22 82446
307248 4 23 82447
307250 4 5 82463
307252 4 9 82728
307258 4 9 82056
307276 4 1 82736
307278 4 2 82737
307280 4 3 82738
307282 4 5 82739
307300 4 10 82009
307302 4 10 82057
307304 4 22 82074
307306 4 5 82511
307308 4 9 82512
307310 4 10 82513
307312 4 14 82514
307314 4 15 82647
307316 4 22 82686
307318 4 23 82687
307320 4 1 82688
307322 4 2 82689
307324 4 19 82816
307326 4 21 82817
307328 4 22 82818
307330 4 23 82819
307332 4 1 82820
307334 4 2 82821
307336 4 3 82822
307338 4 15 82827
307340 4 19 82828
307342 4 21 82829
307344 4 22 82830
307352 4 23 82015
307358 4 19 82024
307360 4 21 82121
307362 4 15 82203
307372 4 19 82312
307374 4 22 82434
307376 4 14 82574
307378 4 15 82575
307380 4 19 82576
307382 4 21 82577
307384 4 19 82936
307386 4 21 82937
307388 4 22 82938
307390 4 23 82939
307394 4 23 82075
307396 4 1 82076
307398 4 2 82077
307410 4 9 82464
307412 4 15 82035
307414 4 19 82036
307416 4 14 82046
307422 4 3 82054
307424 4 9 82128
307426 4 14 82130
307428 4 9 82164
307430 4 22 82194
307432 4 2 82377
307434 4 5 82655
307436 4 9 82656
307438 4 10 82657
307440 4 14 82658
307442 4 15 82719
307444 4 19 82720
307446 4 21 82721
307448 4 22 82722
307450 4 14 82742
307452 4 15 82935
307466 4 21 82013
307478 4 2 82629
307480 4 3 82630
307482 4 5 82631
307484 4 9 82632
307494 4 3 82774
307496 4 5 82775
307498 4 9 82776
307500 4 10 82777
307504 4 23 82783
307516 4 1 81980
307526 4 10 82489
307542 4 15 82887
307544 4 19 82888
307546 4 21 82889
307548 4 22 82890
307550 4 14 82898
307552 4 15 82899
307554 4 19 82900
307556 4 21 82901
307558 4 22 82902
307560 4 23 82903
307562 4 1 82904
307576 4 19 82204
307578 4 22 82206
307580 4 2 82365
307582 4 3 82366
307586 4 2 82485
307588 4 3 82486
307594 4 2 81957
307598 4 14 81986
307602 4 9 82080
307604 4 9 82284
307606 4 10 82285
307608 4 14 82286
307610 4 15 82287
307612 4 3 82534
307614 4 5 82535
307616 4 9 82536
307620 4 5 82619
307622 4 9 82620
307624 4 10 82621
307626 4 14 82622
307628 4 1 82928
307640 4 1 81920
307644 4 22 82110
307648 4 1 82112
307650 4 2 82113
307652 4 9 82236
307654 4 10 82237
307656 4 15 82239
307658 4 10 82297
307664 4 21 82589
307666 4 22 82590
307668 4 19 82600
307670 4 14 81998
307674 4 1 82064
307676 4 2 82065
307678 4 9 82116
307680 4 1 82292
307682 4 2 82293
307684 4 3 82294
307686 4 5 82295
307688 4 10 82333
307690 4 19 82696
307692 4 21 82697
307694 4 22 82698
307696 4 23 82699
307698 4 5 82943
307718 4 19 82132
307720 4 21 82133
307722 4 22 82134
307724 4 2 82137
307726 4 1 82172
307730 4 2 82401
307732 4 15 82431
307734 4 3 82474
307746 4 21 82685
307786 4 5 82115
307788 4 3 82126
307798 4 15 82671
307800 4 19 82672
307802 4 21 82673
307804 4 22 82674
307806 4 23 82735
307808 4 23 82759
307810 4 1 82760
307812 4 2 82761
307814 4 3 82762
307834 4 5 82139
307842 4 1 82184
307844 4 2 82185
307852 4 21 82457
307854 4 22 82458
307856 4 23 82459
307858 4 1 82460
307860 4 22 82758
307862 4 10 82801
307864 4 14 82802
307866 4 15 82803
307868 4 19 82804
307878 4 10 82813
307880 4 14 82814
307882 4 15 82815
307894 4 5 82391
307896 4 9 82392
307898 4 10 82393
307900 4 14 82394
307902 4 10 81997
307906 4 19 82000
307918 4 15 82107
307920 4 10 82129
307924 4 22 82278
307926 4 3 82390
307928 4 9 82524
307930 4 10 82525
307932 4 14 82526
307934 4 15 82527
307938 4 1 82940
307948 4 23 82063
307956 4 23 82279
307960 4 2 82701
307962 4 3 82702
307964 4 5 82703
307966 4 9 82704
307968 4 10 82705
307970 4 14 82706
307972 4 15 82707
307974 4 19 82708
307976 4 5 82871
307978 4 9 82872
307980 4 10 82873
307982 4 14 82874
307984 4 23 82879
307986 4 1 82880
307988 4 2 82881
307990 4 3 82882
308004 4 5 81935
308006 4 10 81949
308012 4 21 82325
308014 4 22 82326
308016 4 23 82327
308018 4 1 82328
308020 4 23 82339
308022 4 1 82340
308032 4 21 82037
308034 4 22 82038
308038 4 23 82099
308040 4 1 82136
308042 4 9 82212
308044 4 21 82313
308050 4 14 82346
308052 4 23 82471
308062 4 9 81972
308066 4 21 82169
308068 4 23 82171
308070 4 5 82199
308072 4 9 82200
308074 4 14 82202
308078 4 21 82205
308082 4 23 82207
308086 4 23 82363
308090 4 2 82389
308092 4 1 82496
308094 4 2 82497
308096 4 3 82498
308098 4 5 82499
308100 4 14 82550
308102 4 19 82684
308146 4 15 82731
308154 4 1 82016
308162 4 10 82213
308164 4 23 82219
308166 4 1 82352
308168 4 2 82353
308170 4 3 82354
308172 4 5 82355
308210 4 15 82131
308224 4 9 82296
308226 4 21 82337
308236 4 2 82845
308238 4 3 82846
308240 4 5 82847
308242 4 9 82848
308244 4 21 82853
308246 4 22 82854
308248 4 23 82855
308250 4 1 82856
308252 4 2 82857
308254 4 3 82858
308256 4 5 82859
308278 4 14 82358
308280 4 9 81984
308284 4 22 82014
308286 4 23 82303
308292 4 15 82335
308294 4 23 82579
308296 4 1 82580
308298 4 2 82581
308300 4 3 82582
308308 4 1 82664
308320 4 2 82017
308324 4 10 82105
308326 4 21 82241
308330 4 3 82018
308332 4 5 82019
308336 4 19 82348
308338 4 21 82349
308340 4 22 82350
308342 4 23 82351
308344 4 15 82467
308346 4 19 82468
308348 4 21 82469
308350 4 22 82470
308352 4 21 82565
308392 4 2 82617
308410 4 15 81963
308412 4 19 81964
308414 4 21 81965
308416 4 22 81966
308418 4 21 82025
308424 4 9 82188
308426 4 1 82208
308432 4 15 82371
308434 4 19 82372
308436 4 5 82403
308438 4 10 82453
308440 4 14 82454
308442 4 15 82455
308446 4 15 82539
308448 4 15 82551
308472 4 23 82039
308474 4 10 82081
308480 4 23 82159
308484 4 19 82192
308486 4 5 82307
308488 4 9 82308
308490 4 10 82309
308492 4 14 82310
308494 4 2 82329
308496 4 3 82330
308498 4 5 82331
308500 4 9 82332
308502 4 9 82404
308504 4 21 82541
308520 4 3 81982
308522 4 3 82426
308524 4 5 82427
308526 4 9 82428
308528 4 10 82429
308538 4 21 82757
308542 4 5 82031
308544 4 9 82032
308546 4 10 82033
308548 4 14 82034
308550 4 2 82221
308552 4 5 82223
308554 4 9 82224
308556 4 21 82373
308558 4 22 82374
308560 4 23 82375
308562 4 1 82376
308564 4 3 82402
308566 4 3 82510
308594 4 15 82143
308604 4 19 82312
308606 4 3 81922
308608 4 5 81923
308610 4 23 81967
308612 4 15 82047
308614 4 19 82048
308616 4 21 82049
308618 4 22 82050
308626 4 2 82161
308628 4 14 82214
308630 4 14 82334
308636 4 3 82378
308638 4 5 82379
308640 4 23 82675
308642 4 1 82676
308644 4 2 82677
308646 4 3 82678
308648 4 5 82715
308650 4 9 82716
308652 4 10 82717
308654 4 14 82718
308656 4 2 82941
308674 4 2 81921
308676 4 1 82028
308678 4 3 82030
308684 4 5 82103
308686 4 9 82104
308688 4 2 82149
308690 4 9 82152
308692 4 21 82157
308694 4 3 82162
308696 4 5 82163
308698 4 14 82166
308702 4 1 82412
308704 4 2 82413
308706 4 3 82414
308708 4 5 82415
308710 4 22 82506
308712 4 23 82507
308714 4 1 82508
308716 4 2 82509
308718 4 2 82533
308720 4 3 82690
308722 4 3 82942
308750 4 15 82299
308752 4 19 82300
308754 4 21 82301
308756 4 22 82302
308824 4 19 82912
308826 4 21 82913
308828 4 22 82914
308830 4 23 82915
308832 4 1 82916
308834 4 2 82917
308836 4 3 82918
308850 4 15 82287
308860 4 10 82093
308866 4 22 82158
308880 4 22 81930
308900 4 1 82388
308902 4 21 82493
308904 4 3 82558
308906 4 5 82559
308910 4 10 82561
308962 4 22 82002
308968 4 23 81991
308990 4 9 82452
308992 4 10 82681
308998 4 21 81953
309000 4 2 82173
309002 4 3 82174
309004 4 9 82176
309006 4 23 82183
309008 4 1 82244
309010 4 2 82245
309012 4 3 82246
309014 4 19 82252
309016 4 21 82253
309018 4 22 82254
309020 4 23 82255
309022 4 1 82256
309024 4 19 82432
309026 4 5 82439
309028 4 14 82466
309030 4 9 82500
309032 4 9 82644
309052 4 2 82005
309054 4 3 82006
309056 4 5 82511
309064 4 14 82598
309068 4 21 82661
309070 4 22 82662
309076 4 22 82806
309078 4 23 82807
309080 4 1 82808
309082 4 19 82816
309084 4 21 82817
309086 4 22 82818
309088 4 23 82819
309094 4 3 82822
309122 4 1 82220
309124 4 1 82496
309126 4 2 82497
309162 4 5 82463
309166 4 2 82905
309168 4 3 82906
309170 4 5 82907
309172 4 9 82908
309174 4 10 82909
309176 4 14 82910
309178 4 15 82911
309180 4 5 82919
309182 4 9 82920
309184 4 10 82921
309186 4 14 82922
309188 4 15 82923
309190 4 19 82924
309192 4 21 82925
309204 4 14 82058
309208 4 19 82060
309210 4 21 82061
309214 4 10 82225
309216 4 23 82243
309218 4 15 82671
309226 4 9 82692
309228 4 10 82693
309230 4 14 82694
309232 4 15 82695
309234 4 15 82743
309236 4 19 82744
309238 4 21 82745
309240 4 22 82746
309242 4 23 82759
309264 4 1 82076
309266 4 2 82077
309268 4 3 82078
309270 4 14 82082
309272 4 9 81984
309276 4 1 82304
309278 4 2 82305
309292 4 3 82786
309296 4 9 82788
309298 4 10 82789
309302 4 23 82795
309304 4 1 82796
309306 4 2 82797
309308 4 3 82798
309310 4 5 82799
309312 4 9 82800
309326 4 21 82013
309328 4 1 82232
309330 4 2 82233
309332 4 3 82234
309334 4 5 82235
309336 4 3 82318
309338 4 2 82629
309342 4 5 82631
309346 4 5 82763
309348 4 9 82764
309350 4 10 82765
309352 4 14 82766
309354 4 15 82767
309356 4 19 82768
309358 4 21 82769
309360 4 3 82774
309368 4 3 82930
309382 4 9 81996
309384 4 15 82359
309386 4 19 82360
309388 4 21 82361
309390 4 22 82362
309392 4 22 82410
309394 4 5 82607
309396 4 9 82608
309398 4 10 82609
309400 4 14 82610
309402 4 5 82823
309404 4 9 82824
309406 4 10 82825
309408 4 14 82826
309410 4 23 82831
309412 4 1 82832
309414 4 2 82833
309416 4 3 82834
309418 4 5 82835
309420 4 9 82836
309422 4 10 82837
309452 4 14 82502
309454 4 15 82503
309456 4 19 82504
309458 4 21 82505
309460 4 14 82790
309462 4 15 82791
309464 4 19 82792
309466 4 21 82793
309512 4 1 81992
309520 4 15 82083
309538 4 2 82257
309540 4 3 82258
309542 4 15 82263
309544 4 10 82321
309546 4 10 82381
309548 4 5 82451
309554 4 22 82542
309556 4 9 82584
309558 4 14 82586
309560 4 10 82645
309562 4 15 82659
309564 4 14 82682
309566 4 14 82730
309612 4 5 82295
309614 4 10 81973
309616 4 14 81974
309618 4 19 81976
309620 4 14 82142
309628 4 14 82298
309630 4 9 82356
309632 4 15 82623
309634 4 19 82624
309636 4 21 82625
309638 4 22 82626
309640 4 10 82849
309642 4 14 82850
309644 4 15 82851
309646 4 19 82852
309648 4 9 82860
309650 4 10 82861
309652 4 14 82862
309654 4 15 82863
309656 4 19 82864
309658 4 21 82865
309660 4 22 82866
309684 4 22 82074
309686 4 21 82397
309688 4 22 82398
309690 4 23 82399
309692 4 1 82400
309694 4 15 82515
309696 4 22 82686
309698 4 23 82687
309700 4 1 82688
309702 4 2 82689
309704 4 15 82827
309706 4 19 82828
309708 4 21 82829
309710 4 22 82830
309712 4 14 82838
309714 4 15 82839
309716 4 19 82840
309718 4 21 82841
309720 4 22 82842
309722 4 23 82843
309724 4 1 82844
309742 4 14 81950
309744 4 2 82041
309746 4 19 82516
309748 4 21 82517
309750 4 22 82518
309752 4 23 82519
309754 4 1 82592
309756 4 19 82144
309758 4 21 82145
309760 4 23 82147
309762 4 9 82320
309764 4 2 82341
309766 4 3 82342
309768 4 5 82343
309770 4 9 82380
309772 4 19 82540
309774 4 9 82752
309776 4 10 82753
309778 4 14 82754
309780 4 15 82755
309782 4 5 82883
309784 4 9 82884
309786 4 10 82885
309788 4 14 82886
309790 4 23 82891
309792 4 1 82892
309794 4 2 82893
309796 4 3 82894
309798 4 5 82895
309800 4 9 82896
309802 4 10 82897
309822 4 21 81941
309824 4 22 81942
309826 4 23 81943
309828 4 22 81954
309830 4 23 81955
309832 4 3 81994
309834 4 14 82010
309836 4 23 82027
309838 4 5 82079
309840 4 23 82435
309842 4 1 82436
309844 4 2 82437
309846 4 3 82438
309848 4 3 82450
309850 4 10 82453
309852 4 15 82455
309854 4 10 82465
309856 4 23 82543
309858 4 3 82594
309860 4 1 82628
309892 4 10 82117
309894 4 15 82119
309896 4 19 82120
309900 4 19 82348
309904 4 15 82371
309906 4 19 82372
309908 4 5 82403
309918 4 3 82066
309920 4 5 82067
309922 4 9 82068
309924 4 10 82069
309926 4 10 82189
309936 4 15 82383
309938 4 23 82723
309940 4 1 82724
309942 4 2 82725
309944 4 3 82726
309946 4 23 82747
309948 4 1 82748
309950 4 2 82749
309952 4 3 82750
309982 4 19 81940
309986 4 19 81964
309988 4 21 81965
309990 4 21 81977
309994 4 9 82188
309996 4 23 82291
310000 4 14 82454
310004 4 9 82476
310006 4 10 82477
310008 4 14 82478
310010 4 15 82479
310012 4 14 82538
310046 4 5 82439
310048 4 2 81933
310050 4 3 81934
310060 4 10 82405
310062 4 14 82070
310064 4 15 82071
310066 4 19 82072
310068 4 15 82179
310070 4 19 82180
310072 4 21 82181
310074 4 22 82182
310076 4 14 82190
310078 4 2 82221
310080 4 3 82222
310082 4 5 82223
310086 4 22 82242
310088 4 21 82373
310090 4 22 82374
310092 4 23 82375
310098 4 5 82643
310100 4 1 82700
310102 4 5 82751
310122 4 5 81983
310124 4 5 82031
310130 4 19 82096
310132 4 21 82097
310134 4 22 82098
310136 4 23 82099
310138 4 21 82109
310140 4 21 82265
310142 4 19 82528
310144 4 21 82529
310146 4 22 82530
310148 4 23 82531
310150 4 9 82596
310168 4 3 81946
310172 4 9 81948
310182 4 19 82384
310208 4 9 82344
310210 4 21 82385
310220 4 15 81975
310224 4 23 82003
310234 4 1 82472
310240 4 22 81966
310254 4 23 82051
310256 4 1 82052
310258 4 2 82053
310260 4 3 82054
310268 4 14 82130
310272 4 1 82364
310274 4 5 82655
310276 4 9 82656
310278 4 10 82657
310280 4 14 82658
310288 4 15 82695
310290 4 15 82719
310292 4 19 82720
310294 4 21 82721
310296 4 22 82722
310324 4 1 82016
310328 4 2 82353
310330 4 3 82354
310332 4 5 82355
310334 4 23 81931
310336 4 1 81932
310338 4 5 82007
310344 4 10 82141
310348 4 14 82154
310350 4 15 82155
310352 4 19 82156
310354 4 1 82160
310360 4 5 82175
310364 4 3 82210
310368 4 14 82406
310370 4 15 82407
310372 4 19 82408
310374 4 21 82409
310376 4 19 82420
310378 4 1 82520
310380 4 5 82523
310382 4 22 82578
310386 4 1 82712
310420 4 21 82001
310422 4 10 82129
310424 4 3 82390
310426 4 2 82017
310428 4 3 82018
310430 4 5 82019
310432 4 9 82020
310434 4 9 81936
310436 4 10 81937
310442 4 22 82002
310444 4 19 82132
310446 4 21 82133
310448 4 22 82134
310450 4 23 82135
310454 4 3 82150
310456 4 5 82151
310462 4 10 82177
310464 4 9 82416
310466 4 10 82417
310468 4 14 82418
310470 4 15 82419
310472 4 21 82421
310474 4 22 82422
310476 4 23 82423
310478 4 1 82424
310480 4 5 82475
310482 4 14 82562
310484 4 5 82583
310486 4 19 82588
310556 4 10 81925
310566 4 1 82544
310568 4 2 82545
310570 4 3 82546
310572 4 5 82547
310576 4 1 82028
310578 4 3 82030
310580 4 23 82219
310592 4 21 82157
310594 4 23 82039
310596 4 2 82329
310598 4 3 82330
310600 4 5 82331
310604 4 21 82541
310608 4 10 82081
310612 4 3 82042
310614 4 5 82043
310616 4 10 82045
310618 4 14 82178
310620 4 15 82215
310622 4 19 82216
310624 4 21 82217
310626 4 22 82218
310628 4 1 82532
310630 4 14 81938
310634 4 19 82204
310636 4 21 82205
310638 4 22 82206
310640 4 14 82226
310642 4 15 82227
310644 4 21 82229
310646 4 21 82289
310648 4 22 82290
310650 4 2 82365
310652 4 3 82366
310660 4 5 82499
310662 4 10 82729
310664 4 5 82931
310666 4 9 82932
310668 4 10 82933
310670 4 14 82934
310690 4 19 82048
310694 4 22 82050
310708 4 14 82046
310710 4 9 82164
310712 4 2 82377
310714 4 9 81996
310716 4 1 82184
310718 4 3 82186
310720 4 15 82311
310722 4 14 82358
310736 4 10 82609
310738 4 14 82610
310752 4 9 82032
310754 4 10 82033
310760 4 2 81993
310762 4 9 82008
310764 4 15 82011
310770 4 1 82100
310776 4 9 82140
310786 4 21 82709
310800 4 10 82021
310802 4 14 82022
310804 4 15 82023
310808 4 15 82167
310812 4 1 82004
310814 4 22 82014
310816 4 23 82579
310820 4 2 82581
310822 4 3 82582
310824 4 23 82615
310826 4 1 82616
310828 4 3 82618
310830 4 1 82664
310832 4 10 82057
310838 4 10 82513
310840 4 14 82514
310842 4 15 82647
310846 4 1 82244
310848 4 2 82245
310856 4 1 82256
310858 4 23 82267
310860 4 1 82268
310862 4 2 82269
310864 4 3 82270
310866 4 19 82432
310870 4 19 82648
310892 4 19 82456
310896 4 1 81956
310898 4 9 82248
310900 4 10 82249
310902 4 22 82266
310904 4 5 82271
310906 4 9 82272
310908 4 10 82273
310910 4 14 82274
310912 4 21 82433
310914 4 9 82440
310916 4 10 82441
310918 4 14 82442
310920 4 15 82443
310922 4 21 82649
310990 4 3 81958
310992 4 5 81959
310994 4 9 81960
310996 4 10 81961
311012 4 15 82275
311018 4 1 82448
311020 4 19 82552
311022 4 21 82553
311024 4 22 82554
311026 4 23 82555
311028 4 1 82556
311030 4 2 82557
311060 4 14 81962
311066 4 19 82276
311068 4 2 82449
311084 4 9 82056
311094 4 2 82629
311098 4 5 82631
311100 4 9 82632
311102 4 1 82736
311104 4 2 82737
311106 4 3 82738
311108 4 5 82739
311122 4 22 82062
311124 4 23 82063
311126 4 1 82064
311128 4 2 82065
311130 4 23 82279
311138 4 14 82082
311162 4 1 82088
311172 4 15 82347
311174 4 23 82675
311176 4 1 82676
311180 4 3 82678
311182 4 5 82715
311184 4 9 82716
311186 4 10 82717
311188 4 14 82718
311232 4 23 81979
311234 4 5 81995
311238 4 5 82055
311240 4 23 82291
311242 4 2 82317
311248 4 22 82350
311250 4 23 82351
311252 4 15 82467
311254 4 19 82468
311256 4 21 82469
311258 4 22 82470
311260 4 15 82551
311262 4 19 82564
311298 4 2 82005
311300 4 3 82006
311304 4 23 82603
311306 4 1 82604
311308 4 2 82605
311310 4 3 82606
311312 4 2 82845
311314 4 3 82846
311316 4 5 82847
311318 4 9 82848
311328 4 3 82594
311336 4 21 82097
311338 4 22 82098
311340 4 23 82099
311366 4 21 82121
311368 4 15 82299
311372 4 21 82301
311376 4 22 82434
311400 4 2 81981
311410 4 22 82566
311412 4 23 82567
311414 4 1 82568
311416 4 2 82569
311432 4 23 82015
311434 4 9 82092
311436 4 10 82093
311438 4 14 82094
311440 4 15 82095
311448 4 1 82172
311450 4 3 82474
311476 4 2 82617
311480 4 14 82778
311482 4 15 82779
311484 4 19 82780
311486 4 21 82781
311488 4 1 82040
311490 4 5 82091
311492 4 9 82524
311494 4 10 82525
311496 4 14 82526
311498 4 15 82527
311500 4 9 82548
311502 4 9 81924
311506 4 22 82122
311508 4 23 82123
311510 4 1 82124
311512 4 2 82125
311514 4 2 82473
311518 4 2 82185
311522 4 5 82187
311526 4 22 82458
311528 4 23 82459
311530 4 1 82460
311532 4 22 82758
311540 4 9 82236
311542 4 10 82237
311544 4 14 82238
311546 4 19 82240
311552 4 3 82438
311556 4 19 82480
311558 4 21 82481
311560 4 22 82482
311562 4 23 82483
311564 4 1 82628
311566 4 3 82714
311596 4 15 82203
311598 4 3 81970
311606 4 19 82108
311608 4 22 82110
311610 4 23 82111
311612 4 1 82112
311614 4 2 82137
311616 4 1 82148
311618 4 2 82401
311620 4 3 82570
311622 4 5 82571
311624 4 9 82572
311626 4 23 82591
311628 4 23 82627
311630 4 14 82670
311632 4 21 82685
311650 4 19 81952
311652 4 2 82029
311654 4 1 82280
311656 4 2 82281
311658 4 3 82282
311660 4 5 82283
311662 4 5 82367
311664 4 10 82369
311666 4 14 82430
311668 4 22 82494
311670 4 10 82501
311672 4 2 82665
311674 4 9 82668
311676 4 5 82679
311678 4 9 82680
311704 4 2 82113
311728 4 15 82011
311732 4 5 82139
311740 4 1 81968
311742 4 22 81978
311750 4 9 82344
311752 4 9 82380
311754 4 19 82444
311756 4 21 82445
311758 4 22 82446
311760 4 5 82463
311762 4 9 82728
311764 4 23 82891
311766 4 1 82892
311768 4 2 82893
311774 4 9 82896
311776 4 10 82897
311778 4 2 82905
311780 4 3 82906
311782 4 5 82907
311784 4 9 82908
311786 4 10 82909
311788 4 14 82910
311790 4 15 82911
311818 4 21 82325
311820 4 22 82326
311822 4 23 82327
311824 4 1 82328
311848 4 15 82059
311852 4 10 82225
311864 4 19 82660
311866 4 21 82661
311868 4 22 82662
311870 4 23 82663
311876 4 23 82807
311878 4 1 82808
311882 4 10 81997
311896 4 22 82278
311914 4 10 82573
311916 4 2 82593
311948 4 15 82131
311950 4 10 82153
311954 4 15 82191
311960 4 2 82521
311962 4 3 82522
311976 4 1 82160
311988 4 2 82173
311990 4 3 82174
311996 4 14 82586
311998 4 5 81971
312000 4 22 81990
312002 4 9 82488
312004 4 14 82490
312006 4 15 82491
312008 4 23 82495
312010 4 3 82558
312012 4 5 82559
312014 4 9 82560
312016 4 10 82561
312018 4 19 82168
312020 4 21 82169
312022 4 22 82170
312024 4 23 82171
312026 4 5 82199
312028 4 14 82202
312030 4 1 82220
312032 4 23 82363
312036 4 23 82375
312038 4 2 82389
312040 4 21 82601
312042 4 22 82602
312070 4 5 81935
312072 4 10 81949
312080 4 23 82339
312082 4 1 82340
312088 4 19 82060
312102 4 23 82447
312104 4 14 82046
312112 4 9 82128
312116 4 22 82194
312118 4 5 82307
312120 4 10 82309
312122 4 9 82404
312124 4 19 82492
312126 4 5 82655
312132 4 14 82742
312134 4 15 82935
312166 4 1 81980
312172 4 10 82489
312180 4 19 82144
312182 4 21 82145
312184 4 22 82146
312186 4 23 82147
312188 4 9 82320
312190 4 10 81985
312192 4 15 81987
312194 4 19 81988
312196 4 15 82143
312198 4 23 82651
312200 4 1 82652
312202 4 2 82653
312204 4 3 82654
312206 4 15 82875
312208 4 19 82876
312210 4 21 82877
312212 4 22 82878
312216 4 19 82180
312218 4 21 82181
312220 4 22 82182
312226 4 19 82204
312228 4 22 82206
312230 4 2 82365
312232 4 3 82366
312234 4 5 82931
312244 4 15 82071
312248 4 2 82221
312250 4 3 82222
312254 4 9 82224
312258 4 5 82751
312268 4 3 82402
312304 4 14 82154
312306 4 15 82155
312318 4 19 82192
312322 4 3 82330
312324 4 5 82331
312326 4 9 82332
312328 4 22 82926
312342 4 9 82608
312350 4 3 81982
312352 4 23 81991
312364 4 3 82426
312366 4 5 82427
312368 4 9 82428
312370 4 9 82452
312372 4 10 82681
312374 4 19 82912
312376 4 21 82913
312378 4 22 82914
312380 4 23 82915
312382 4 1 82916
312384 4 2 82917
312386 4 3 82918
312388 4 5 82919
312390 4 9 82920
312392 4 10 82921
312394 4 14 82922
312396 4 15 82923
312398 4 19 82924
312400 4 21 82925
312418 4 22 82110
312424 4 14 82574
312426 4 15 82575
312428 4 19 82576
312430 4 21 82577
312432 4 19 82600
312436 4 21 81941
312438 4 22 81942
312440 4 23 81943
312442 4 22 81954
312472 4 15 81999
312474 4 19 82000
312484 4 23 82135
312488 4 5 82475
312490 4 23 82027
312506 4 21 82253
312510 4 23 82255
312512 4 9 82500
312516 4 19 82012
312518 4 15 82611
312520 4 19 82612
312522 4 21 82613
312524 4 22 82614
312536 4 3 82150
312538 4 5 82151
312540 4 9 82152
312542 4 5 82163
312548 4 23 82075
312558 4 21 82709
312580 4 15 82731
312582 4 14 81998
312588 4 9 82116
312590 4 1 82292
312592 4 2 82293
312594 4 3 82294
312596 4 5 82295
312598 4 14 82298
312600 4 10 82333
312602 4 19 82696
312604 4 21 82697
312606 4 22 82698
312608 4 23 82699
312610 4 2 82701
312612 4 3 82702
312614 4 5 82703
312616 4 9 82704
312618 4 9 82860
312620 4 10 82861
312622 4 14 82862
312626 4 19 82864
312628 4 21 82865
312630 4 22 82866
312632 4 5 82871
312634 4 9 82872
312636 4 10 82873
312638 4 14 82874
312640 4 5 82943
312672 4 2 81957
312676 4 14 81986
312680 4 9 82080
312682 4 3 82534
312684 4 5 82535
312686 4 9 82536
312688 4 10 82537
312690 4 5 82619
312692 4 9 82620
312694 4 10 82621
312696 4 14 82622
312704 4 23 82159
312710 4 9 82308
312714 4 14 82310
312720 4 14 82406
312722 4 21 82409
312726 4 15 82587
312764 4 10 82429
312772 4 23 82183
312774 4 1 82244
312776 4 2 82245
312778 4 3 82246
312780 4 1 82256
312782 4 9 82644
312804 4 21 82757
312808 4 2 82017
312810 4 5 82019
312812 4 9 82020
312816 4 10 82105
312818 4 21 82241
312834 4 21 82565
312872 4 2 82101
312876 4 9 82200
312878 4 10 82201
312884 4 2 82497
312886 4 15 82683
312888 4 19 82684
312890 4 22 82710
312934 4 2 81921
312942 4 3 82162
312944 4 14 82166
312946 4 1 82412
312948 4 2 82413
312950 4 3 82414
312952 4 5 82415
312954 4 21 82421
312956 4 1 82424
312958 4 5 82583
312960 4 5 82595
312990 4 3 82042
312992 4 9 82044
312994 4 10 82045
312998 4 14 82118
313002 4 10 82165
313004 4 2 82209
313006 4 23 82411
313066 4 19 82588
313068 4 1 81920
313070 4 22 81930
313072 4 2 81969
313074 4 9 82236
313076 4 10 82237
313078 4 14 82238
313080 4 15 82239
313082 4 10 82297
313084 4 15 82299
313086 4 19 82300
313088 4 21 82301
313090 4 14 82322
313092 4 15 82323
313094 4 22 82554
313096 4 1 82556
313102 4 21 82589
313104 4 19 82732
313106 4 21 82733
313150 4 23 82363
313152 4 3 82102
313154 4 14 82226
313156 4 15 82227
313158 4 19 82228
313160 4 23 82231
313162 4 2 82461
313164 4 5 82211
313166 4 15 82215
313168 4 19 82216
313170 4 21 82217
313172 4 22 82230
313174 4 15 82599
313180 4 1 82088
313182 4 2 82089
313186 4 14 82214
313188 4 19 82096
313192 4 23 82099
313196 4 1 82136
313198 4 9 82212
313200 4 21 82313
313202 4 22 82314
313204 4 23 82315
313206 4 1 82316
313208 4 14 82346
313214 4 23 82519
313224 4 10 82549
313226 4 9 82740
313258 4 9 81924
313260 4 14 81950
313264 4 9 82008
313266 4 15 82011
313272 4 21 82073
313280 4 14 82106
313286 4 1 82124
313292 4 19 82288
313294 4 19 82396
313296 4 9 82464
313298 4 2 82473
313302 4 5 82691
313332 4 9 82140
313344 4 1 81944
313352 4 22 82218
313354 4 2 82425
313358 4 5 81983
313362 4 5 82031
313364 4 9 82032
313366 4 14 82034
313368 4 2 82041
313372 4 21 82109
313380 4 21 82265
313384 4 3 82510
313394 4 21 82529
313398 4 23 82531
313400 4 1 82592
313442 4 15 82083
313444 4 19 82084
313446 4 21 82085
313448 4 2 82257
313450 4 3 82258
313452 4 5 82259
313454 4 9 82260
313456 4 15 82263
313458 4 19 82264
313460 4 15 82659
313462 4 2 82665
313464 4 3 82666
313466 4 5 82667
313498 4 1 82280
313500 4 2 82281
313514 4 21 82013
313518 4 2 82629
313520 4 3 82630
313542 4 2 82809
313544 4 3 82810
313546 4 5 82811
313548 4 9 82812
313550 4 10 82813
313552 4 14 82814
313554 4 15 82815
313556 4 23 81931
313558 4 1 81932
313562 4 5 82175
313572 4 5 82247
313576 4 15 82407
313578 4 19 82408
313582 4 19 82420
313626 4 21 82229
313628 4 22 82290
313630 4 5 82367
313632 4 9 82368
313636 4 14 82370
313638 4 10 82633
313640 4 14 82634
313642 4 15 82635
313644 4 19 82636
313692 4 21 82637
313694 4 22 82638
313696 4 23 82639
313698 4 1 82640
313714 4 2 82641
313744 4 15 82539
313748 4 9 81936
313750 4 10 81937
313752 4 9 82248
313754 4 10 82249
313756 4 14 82250
313758 4 15 82251
313760 4 9 82416
313762 4 10 82417
313764 4 14 82418
313766 4 15 82419
313770 4 22 82422
313772 4 23 82423
313776 4 14 82646
313824 4 5 82115
313834 4 23 82735
313844 4 14 81962
313858 4 10 82261
313860 4 14 82262
313862 4 23 82267
313864 4 1 82268
313866 4 3 82270
313868 4 19 82276
313872 4 10 82645
313874 4 19 82648
313922 4 21 81953
313934 4 1 81956
313940 4 19 82024
313946 4 22 82134
313948 4 1 82172
313950 4 15 82203
313958 4 22 82266
313960 4 19 82312
313966 4 15 82431
313968 4 21 82433
313970 4 9 82440
313972 4 10 82441
313974 4 14 82442
313976 4 15 82443
313978 4 19 82552
313980 4 14 82562
313982 4 10 82585
313986 4 19 82936
313988 4 21 82937
313990 4 22 82938
313992 4 23 82939
314042 4 2 82269
314046 4 5 82271
314048 4 9 82272
314050 4 10 82273
314052 4 14 82274
314056 4 15 82023
314060 4 15 82167
314068 4 15 82275
314076 4 21 82553
314078 4 21 82649
314090 4 23 82555
314094 4 2 82557
314108 4 9 81972
314112 4 21 82205
314116 4 23 82207
314118 4 2 82365
314124 4 1 82016
314126 4 1 82028
314128 4 3 82030
314130 4 5 82091
314132 4 10 82129
314134 4 23 82195
314136 4 1 82196
314138 4 2 82197
314140 4 3 82198
314142 4 10 82213
314144 4 23 82219
314146 4 3 82390
314148 4 22 82506
314150 4 23 82507
314152 4 1 82508
314154 4 2 82509
314164 4 5 82727
314166 4 10 82741
314168 4 1 82940
314170 4 3 82942
314200 4 3 82126
314202 4 15 82671
314204 4 19 82672
314206 4 21 82673
314208 4 22 82674
314210 4 23 82759
314212 4 1 82760
314214 4 2 82761
314216 4 3 82762
314224 4 21 82289
314234 4 5 82499
314236 4 10 82729
314240 4 15 81963
314242 4 19 81964
314244 4 21 81965
314246 4 9 82188
314256 4 10 82009
314258 4 10 82057
314260 4 22 82074
314262 4 21 82397
314264 4 22 82398
314266 4 23 82399
314268 4 5 82511
314270 4 9 82512
314272 4 14 82514
314274 4 15 82515
314276 4 15 82647
314278 4 22 82686
314280 4 23 82687
314282 4 1 82688
314284 4 2 82689
314304 4 5 82043
314308 4 14 82178
314310 4 21 82277
314314 4 3 81994
314324 4 1 82112
314326 4 2 82113
314328 4 21 82193
314330 4 23 82435
314332 4 1 82436
314334 4 3 82450
314340 4 9 82476
314342 4 10 82477
314344 4 14 82478
314346 4 15 82479
314348 4 19 82480
314350 4 21 82481
314352 4 22 82482
314354 4 23 82483
314362 4 1 82628
314364 4 2 82713
314366 4 2 82929
314422 4 1 82064
314428 4 10 82333
314430 4 5 81923
314432 4 23 81967
314434 4 15 82047
314436 4 21 82049
314438 4 22 82050
314444 4 9 82104
314446 4 2 82161
314450 4 14 82334
314456 4 2 82533
314458 4 22 82650
314460 4 23 82675
314462 4 2 82677
314464 4 3 82678
314466 4 2 82941
314506 4 1 82400
314508 4 14 82838
314510 4 15 82839
314512 4 19 82840
314514 4 21 82841
314516 4 22 82842
314518 4 23 82843
314520 4 1 82844
314526 4 22 82314
314532 4 1 82520
314550 4 14 82046
314552 4 23 82051
314556 4 9 82128
314558 4 14 82130
314560 4 22 82194
314564 4 9 82656
314566 4 14 82658
314568 4 14 82742
314580 4 1 82232
314582 4 2 82233
314584 4 3 82234
314586 4 5 82235
314588 4 5 82763
314590 4 9 82764
314592 4 10 82765
314594 4 14 82766
314596 4 15 82767
314598 4 19 82768
314600 4 21 82769
314602 4 3 82930
314608 4 21 81977
314610 4 23 81979
314612 4 5 81995
314624 4 23 82291
314636 4 14 82538
314638 4 3 82570
314640 4 5 82571
314642 4 9 82572
314646 4 23 82591
314708 4 14 82070
314730 4 9 82284
314732 4 10 82285
314734 4 14 82286
314736 4 15 82287
314738 4 9 82296
314746 4 10 82537
314748 4 21 82853
314750 4 22 82854
314752 4 23 82855
314754 4 1 82856
314756 4 2 82857
314758 4 3 82858
314760 4 5 82859
314762 4 23 82867
314764 4 1 82868
314766 4 2 82869
314768 4 3 82870
314770 4 1 82928
314806 4 23 82063
314810 4 23 82279
314812 4 10 82705
314814 4 14 82706
314816 4 15 82707
314818 4 19 82708
314820 4 23 82879
314822 4 1 82880
314824 4 2 82881
314826 4 3 82882
314828 4 10 81973
314830 4 14 81974
314832 4 19 81976
314834 4 14 82142
314836 4 15 82623
314838 4 19 82624
314840 4 21 82625
314842 4 22 82626
314844 4 10 82849
314846 4 14 82850
314848 4 15 82851
314850 4 19 82852
314856 4 14 82082
314864 4 22 82254
314872 4 10 82321
314874 4 10 82381
314876 4 9 82500
314882 4 14 82682
314884 4 14 82730
314886 4 5 82391
314888 4 9 82392
314890 4 10 82393
314892 4 14 82394
314894 4 14 82502
314896 4 15 82503
314898 4 19 82504
314900 4 21 82505
314902 4 23 82303
314904 4 1 82304
314906 4 2 82305
314908 4 3 82306
314910 4 22 82794
314912 4 23 82795
314914 4 1 82796
314916 4 2 82797
314918 4 3 82798
314920 4 5 82799
314922 4 9 82800
314928 4 10 82513
314932 4 19 82816
314934 4 21 82817
314936 4 22 82818
314938 4 23 82819
314940 4 1 82820
314942 4 2 82821
314944 4 3 82822
314946 4 15 82359
314948 4 19 82360
314950 4 21 82361
314952 4 22 82362
314954 4 23 82831
314956 4 1 82832
314958 4 2 82833
314960 4 3 82834
314962 4 5 82835
314964 4 9 82836
314966 4 10 82837
314996 4 15 82575
314998 4 19 82576
315000 4 21 82577
315010 4 5 81983
315012 4 5 82031
315014 4 9 82032
315020 4 21 82265
315022 4 19 82096
315024 4 23 82099
315026 4 1 82136
315038 4 19 82144
315040 4 21 82145
315042 4 23 82147
315044 4 9 82320
315046 4 9 82752
315048 4 10 82753
315050 4 14 82754
315052 4 15 82755
315054 4 5 82883
315056 4 9 82884
315058 4 10 82885
315060 4 14 82886
315088 4 3 82186
315092 4 14 82358
315094 4 3 82066
315096 4 5 82067
315098 4 9 82068
315100 4 10 82189
315102 4 23 82723
315104 4 1 82724
315106 4 2 82725
315108 4 3 82726
315110 4 23 82747
315112 4 1 82748
315114 4 2 82749
315116 4 3 82750
315118 4 21 82457
315120 4 22 82458
315122 4 23 82459
315124 4 1 82460
315126 4 10 82801
315128 4 14 82802
315130 4 15 82803
315132 4 19 82804
315146 4 19 82456
315148 4 10 82465
315150 4 1 82292
315152 4 2 82293
315154 4 3 82294
315158 4 14 82298
315162 4 1 82052
315172 4 10 82657
315176 4 15 82719
315178 4 19 82720
315180 4 21 82721
315182 4 22 82722
315184 4 9 81984
315192 4 15 82335
315194 4 23 82579
315196 4 1 82580
315198 4 2 82581
315200 4 3 82582
315202 4 19 82348
315204 4 21 82349
315206 4 22 82350
315208 4 23 82351
315210 4 15 82467
315212 4 19 82468
315214 4 21 82469
315216 4 22 82470
315224 4 10 82129
315238 4 10 81997
315240 4 1 82040
315242 4 9 82092
315246 4 15 82107
315250 4 10 82153
315252 4 19 82156
315254 4 23 82159
315256 4 19 82192
315258 4 5 82307
315260 4 9 82308
315266 4 2 82329
315268 4 5 82331
315270 4 22 82926
315280 4 9 82860
315282 4 10 82861
315284 4 14 82862
315286 4 15 82863
315288 4 19 82864
315290 4 21 82865
315292 4 22 82866
315296 4 5 82223
315298 4 9 82224
315300 4 21 82373
315302 4 22 82374
315304 4 23 82375
315306 4 1 82376
315308 4 3 82402
315310 4 2 82341
315312 4 3 82342
315314 4 5 82343
315316 4 9 82344
315318 4 9 82380
315320 4 3 82030
315322 4 2 82149
315324 4 9 82152
315326 4 3 82162
315328 4 5 82163
315338 4 3 82690
315350 4 22 81966
315354 4 21 82025
315364 4 15 82551
315366 4 10 82009
315388 4 14 81926
315390 4 15 81927
315392 4 21 81929
315394 4 15 81951
315396 4 19 81952
315398 4 21 81989
315400 4 2 82029
315402 4 3 82114
315404 4 22 82122
315406 4 23 82123
315408 4 2 82125
315410 4 5 82127
315414 4 3 82282
315416 4 5 82283
315418 4 5 82319
315420 4 5 82367
315422 4 9 82368
315424 4 10 82369
315426 4 14 82430
315428 4 1 82484
315430 4 2 82485
315432 4 3 82486
315434 4 5 82487
315436 4 22 82494
315438 4 10 82501
315440 4 10 82669
315442 4 23 82711
315444 4 23 82927
315508 4 3 82318
315512 4 3 82630
315518 4 2 81921
315526 4 14 82166
315530 4 2 82413
315532 4 3 82414
315534 4 5 82415
315536 4 19 82168
315538 4 21 82169
315540 4 23 82171
315542 4 5 82199
315544 4 14 82202
315546 4 1 82220
315548 4 23 82363
315550 4 2 82389
315560 4 14 82058
315562 4 15 82059
315564 4 21 82061
315566 4 10 82225
315568 4 9 82692
315570 4 10 82693
315572 4 14 82694
315574 4 15 82695
315576 4 15 82743
315578 4 19 82744
315580 4 21 82745
315582 4 22 82746
315584 4 14 81938
315592 4 14 82370
315594 4 5 82931
315598 4 10 82933
315600 4 14 82934
315610 4 5 81971
315612 4 21 82385
315614 4 22 82386
315616 4 23 82387
315618 4 1 82388
315620 4 3 82558
315622 4 5 82559
315624 4 9 82560
315626 4 10 82561
315630 4 10 82021
315662 4 14 82442
315666 4 19 82552
315668 4 2 82017
315670 4 9 82020
315674 4 10 82105
315676 4 21 82241
315684 4 9 82548
315686 4 10 82117
315688 4 15 82119
315690 4 1 82208
315696 4 15 82371
315698 4 19 82372
315700 4 5 82403
315710 4 23 82891
315712 4 1 82892
315714 4 2 82893
315716 4 3 82894
315718 4 5 82895
315720 4 9 82896
315722 4 10 82897
315724 4 9 81996
315732 4 22 82410
315734 4 5 82607
315736 4 9 82608
315738 4 10 82609
315740 4 14 82610
315744 4 1 82028
315748 4 15 82047
315750 4 19 82048
315752 4 21 82049
315754 4 5 82103
315756 4 21 82157
315760 4 1 82352
315762 4 2 82353
315764 4 3 82354
315766 4 5 82355
315768 4 3 82378
315818 4 3 81970
315824 4 14 82094
315828 4 23 82111
315830 4 2 82137
315834 4 21 82685
315836 4 15 82035
315838 4 19 82036
315840 4 21 82037
315842 4 23 82039
315846 4 10 82081
315848 4 9 82128
315850 4 9 82164
315862 4 9 82332
315864 4 2 82377
315866 4 9 82404
315868 4 19 82492
315870 4 21 82541
315878 4 19 82756
315922 4 14 82502
315930 4 14 82790
315932 4 15 82791
315934 4 19 82792
315936 4 21 82793
315938 4 2 81933
315940 4 3 81934
315948 4 21 82337
315956 4 10 82405
315958 4 23 82603
315960 4 1 82604
315962 4 2 82605
315964 4 3 82606
315998 4 3 82174
316000 4 23 82183
316004 4 21 82253
316008 4 14 82466
316016 4 19 82060
316018 4 5 82115
316020 4 3 82126
316022 4 23 82243
316024 4 15 82611
316026 4 21 82613
316028 4 22 82614
316030 4 15 82671
316032 4 19 82672
316034 4 21 82673
316036 4 22 82674
316038 4 23 82735
316072 4 9 81972
316082 4 3 82366
316084 4 2 82969
316086 4 1 82980
316088 4 2 82981
316090 4 19 83060
316092 4 23 82979
316094 4 5 82983
316096 4 10 83021
316098 4 19 83108
316100 4 21 83109
316102 4 15 83155
316104 4 1 83244
316106 4 5 82947
316108 4 9 82948
316110 4 10 82949
316112 4 14 82950
316114 4 14 82986
316116 4 15 82987
316118 4 1 83052
316120 4 15 82999
316122 4 9 83044
316124 4 10 83141
316126 4 14 83142
316128 4 15 83143
316130 4 19 83144
316132 4 15 83287
316134 4 14 83298
316136 4 14 83310
316138 4 2 83005
316140 4 1 83028
316142 4 3 83342
316144 4 21 83061
316146 4 22 83074
316148 4 23 83075
316150 4 19 83000
316152 4 14 83034
316154 4 19 83096
316156 4 21 83097
316158 4 14 83238
316162 4 1 83076
316164 4 2 83077
316166 4 2 83137
316168 4 21 83229
316170 4 9 82972
316172 4 21 83145
316174 4 19 82964
316176 4 21 82965
316178 4 22 82966
316180 4 23 82967
316182 4 10 83045
316184 4 22 83158
316186 4 21 83001
316188 4 2 83041
316190 4 22 83098
316192 4 23 83099
316194 4 15 83239
316196 4 1 83004
316198 4 3 83042
316200 4 1 83088
316202 4 2 83089
316204 4 3 83234
316210 4 10 83009
316212 4 14 83010
316214 4 15 83011
316216 4 19 83012
316218 4 1 83040
316222 4 19 83132
316224 4 21 83169
316226 4 23 83267
316228 4 21 82989
316230 4 1 83112
316232 4 2 83113
316234 4 5 83223
316244 4 2 82993
316246 4 3 82994
316248 4 5 82995
316250 4 9 82996
316254 4 1 83184
316256 4 3 83258
316258 4 1 83292
316260 4 22 83518
316262 4 14 83070
316264 4 15 83071
316266 4 9 83140
316268 4 22 82990
316270 4 3 83030
316272 4 5 83031
316274 4 9 83032
316276 4 10 83033
316278 4 10 83129
316280 4 14 83322
316282 4 1 82968
316284 4 2 83029
316286 4 14 83082
316288 4 15 83083
316290 4 21 83157
316294 4 19 83156
316296 4 21 83529
316298 4 3 83090
316300 4 5 83091
316302 4 14 83130
316304 4 19 83216
316306 4 5 83235
316310 4 9 83008
316312 4 9 83224
316314 4 21 83289
316316 4 3 83018
316318 4 15 83023
316320 4 19 83072
316322 4 21 83073
316326 4 15 83215
316328 4 19 83228
316330 4 21 83013
316340 4 14 83118
316342 4 15 83119
316346 4 5 83247
316348 4 15 83347
316352 4 19 83252
316354 4 10 83153
316356 4 1 83160
316358 4 2 83161
316360 4 3 83162
316362 4 5 83163
316364 4 3 83186
316368 4 14 83286
316370 4 10 83453
316372 4 19 83504
316374 4 3 83066
316376 4 5 83067
316378 4 23 83159
316382 4 19 83084
316384 4 21 83085
316386 4 1 83232
316388 4 14 82974
316390 4 15 82975
316392 4 19 82976
316394 4 21 82977
316396 4 9 83020
316398 4 3 83150
316400 4 14 83154
316402 4 22 83110
316404 4 23 83111
316406 4 2 83185
316408 4 3 82958
316410 4 5 82959
316412 4 9 82960
316414 4 10 82961
316416 4 5 83043
316418 4 2 83197
316420 4 2 82957
316422 4 9 82984
316424 4 9 83188
316426 4 19 82952
316428 4 21 82953
316430 4 22 82954
316432 4 23 82955
316434 4 14 82962
316436 4 15 83047
316438 4 1 82944
316440 4 10 82997
316442 4 3 83102
316444 4 5 83103
316446 4 19 83240
316448 4 19 82988
316452 4 10 83261
316454 4 14 83262
316456 4 15 83263
316458 4 19 83264
316460 4 2 83509
316462 4 3 83510
316464 4 5 83511
316466 4 9 83512
316468 4 9 83536
316470 4 21 83865
316472 4 5 83055
316474 4 9 83056
316476 4 10 83057
316478 4 14 83058
316480 4 22 83218
316482 4 1 83268
316484 4 2 83269
316486 4 3 83270
316488 4 5 83271
316490 4 22 83338
316492 4 23 83339
316504 4 15 83311
316506 4 19 83312
316508 4 21 83313
316510 4 22 83314
316512 4 21 83553
316514 4 15 83851
316520 4 22 82978
316528 4 21 83133
316530 4 22 83134
316532 4 23 83135
316534 4 1 83136
316536 4 23 83147
316538 4 21 83493
316540 4 22 83494
316542 4 23 83495
316544 4 1 83496
316546 4 19 83528
316548 4 10 83537
316550 4 10 83837
316552 4 19 83912
316554 4 23 82991
316556 4 1 82992
316558 4 19 83036
316560 4 21 83037
316562 4 22 83038
316564 4 23 83039
316566 4 5 83139
316568 4 21 83217
316570 4 1 82956
316572 4 5 83019
316574 4 14 83022
316576 4 22 83014
316578 4 23 83015
316580 4 1 83016
316582 4 2 83017
316584 4 2 83053
316586 4 3 83054
316588 4 15 83059
316590 4 10 83225
316594 4 3 82946
316598 4 22 83122
316600 4 23 83123
316602 4 3 83222
316604 4 10 83249
316608 4 3 83114
316610 4 5 83115
316612 4 9 83128
316614 4 2 83245
316616 4 21 83193
316618 4 22 83194
316620 4 23 83195
316622 4 1 83196
316624 4 14 83202
316626 4 1 83280
316628 4 2 83281
316630 4 3 83282
316632 4 5 83283
316634 4 9 83284
316636 4 23 83375
316638 4 23 83567
316640 4 22 83086
316642 4 23 83087
316646 4 5 83187
316648 4 2 83233
316650 4 10 82985
316652 4 22 83002
316654 4 1 83124
316656 4 2 83125
316658 4 14 83250
316660 4 9 83260
316662 4 15 82963
316664 4 22 83062
316666 4 23 83063
316668 4 10 83177
316674 4 3 83078
316676 4 5 83079
316678 4 22 83230
316680 4 14 82998
316682 4 9 83068
316684 4 10 83069
316686 4 15 83227
316690 4 15 83035
316692 4 9 83092
316694 4 10 83093
316696 4 9 83236
316698 4 15 82951
316702 4 9 83080
316704 4 10 83081
316706 4 23 83231
316710 4 21 83253
316712 4 22 83254
316714 4 23 83255
316716 4 1 83256
316728 4 2 83293
316730 4 10 83489
316732 4 14 83490
316734 4 15 83491
316736 4 19 83492
316738 4 21 83505
316740 4 1 83508
316742 4 9 83524
316744 4 10 83525
316746 4 14 83526
316748 4 15 83527
316750 4 14 83730
316752 4 2 83881
316754 4 21 83913
316756 4 22 83914
316758 4 23 83915
316760 4 2 82945
316762 4 23 83003
316764 4 1 83100
316766 4 2 83101
316768 4 21 83241
316772 4 14 83094
316774 4 15 83095
316776 4 3 83138
316778 4 10 83237
316780 4 10 82973
316782 4 9 83116
316784 4 10 83117
316786 4 9 83152
316788 4 3 83246
316800 4 9 83272
316802 4 10 83273
316804 4 14 83274
316806 4 15 83275
316808 4 19 83288
316810 4 1 83316
316812 4 15 83503
316824 4 14 83046
316826 4 1 83064
316828 4 2 83065
316830 4 14 83214
316834 4 2 83149
316836 4 22 83170
316838 4 23 83171
316840 4 1 83172
316842 4 2 83173
316844 4 2 83305
316846 4 1 83364
316858 4 19 83348
316860 4 21 83349
316862 4 22 83350
316864 4 23 83351
316866 4 3 83414
316868 4 14 83466
316870 4 22 83506
316872 4 3 82970
316874 4 3 82982
316876 4 19 83048
316878 4 21 83049
316880 4 1 83148
316886 4 14 83178
316888 4 15 83179
316890 4 19 83180
316892 4 21 83181
316894 4 23 83183
316896 4 23 83327
316898 4 1 83328
316900 4 2 83329
316902 4 3 83330
316904 4 5 83391
316906 4 9 83392
316908 4 10 83393
316910 4 21 83565
316912 4 9 83164
316914 4 10 83165
316916 4 14 83166
316918 4 15 83167
316920 4 19 83168
316922 4 21 83265
316924 4 22 83266
316926 4 10 83285
316934 4 22 83182
316936 4 14 83358
316942 4 19 83540
316944 4 21 83541
316946 4 22 83542
316948 4 23 83543
316950 4 1 83544
316972 4 10 83321
316974 4 15 83455
316988 4 1 83376
316990 4 3 83198
316992 4 5 83199
316994 4 9 83200
316996 4 10 83201
316998 4 19 83204
317000 4 2 83377
317002 4 22 83146
317004 4 21 83205
317006 4 22 83206
317008 4 23 83207
317010 4 1 83208
317012 4 3 83378
317014 4 5 83379
317016 4 2 83209
317018 4 3 83210
317020 4 5 83211
317022 4 9 83212
317028 4 19 83456
317030 4 21 83457
317032 4 22 83458
317034 4 23 83459
317036 4 14 83838
317038 4 5 83007
317040 4 22 83050
317042 4 23 83051
317044 4 5 83151
317046 4 19 83024
317048 4 21 83025
317050 4 22 83026
317052 4 23 83027
317062 4 3 83174
317064 4 5 83175
317068 4 23 83315
317070 4 3 83318
317078 4 2 83137
317080 4 10 83189
317082 4 14 83190
317084 4 15 83191
317086 4 19 83192
317088 4 5 83259
317090 4 2 83497
317102 4 21 83385
317104 4 23 83435
317106 4 1 83436
317108 4 2 83437
317110 4 3 83438
317112 4 3 83522
317114 4 9 83860
317116 4 19 83276
317118 4 21 83277
317120 4 22 83278
317122 4 23 83279
317124 4 23 83291
317126 4 1 83424
317142 4 19 83120
317144 4 21 83121
317146 4 14 83226
317148 4 9 83248
317168 4 19 83300
317172 4 21 83337
317174 4 2 83425
317176 4 3 83426
317178 4 5 83427
317180 4 9 83428
317182 4 10 83429
317184 4 10 83849
317186 4 19 83852
317200 4 15 83323
317202 4 19 83324
317204 4 21 83325
317206 4 22 83326
317208 4 21 83373
317210 4 3 83294
317212 4 5 83295
317214 4 9 83296
317216 4 10 83297
317218 4 10 83333
317220 4 14 83334
317222 4 15 83335
317224 4 19 83336
317226 4 15 83443
317228 4 19 83444
317230 4 21 83445
317232 4 22 83446
317234 4 22 83710
317236 4 3 83906
317242 4 3 82946
317246 4 3 83126
317248 4 5 83127
317250 4 10 83213
317252 4 15 83251
317270 4 14 83106
317272 4 15 83107
317274 4 15 83203
317276 4 23 83243
317278 4 22 83290
317286 4 5 83343
317288 4 9 83344
317290 4 10 83345
317292 4 14 83346
317294 4 9 83464
317296 4 10 83465
317302 4 22 82966
317328 4 5 83451
317330 4 9 83452
317332 4 14 83550
317344 4 19 83360
317346 4 21 83361
317348 4 22 83362
317350 4 23 83363
317352 4 23 83519
317354 4 2 83545
317360 4 5 83499
317362 4 9 83500
317364 4 10 83501
317366 4 14 83502
317368 4 22 83530
317370 4 23 83531
317386 4 2 83401
317388 4 3 83402
317390 4 5 83403
317392 4 9 83404
317394 4 15 83419
317396 4 15 83467
317398 4 19 83468
317400 4 3 83006
317418 4 15 83299
317424 4 14 83706
317426 4 15 83707
317428 4 19 83708
317430 4 21 83709
317432 4 10 83921
317434 4 23 83927
317446 4 15 83131
317452 4 19 83420
317454 4 21 83421
317456 4 22 83422
317458 4 23 83423
317460 4 14 83454
317462 4 15 83551
317464 4 15 83599
317466 4 19 83396
317468 4 21 83397
317470 4 22 83398
317472 4 23 83399
317474 4 1 83400
317490 4 9 83368
317492 4 10 83141
317494 4 14 83142
317496 4 15 83143
317498 4 19 83144
317502 4 14 83298
317504 4 15 83359
317506 4 1 83568
317518 4 10 83369
317520 4 14 83370
317522 4 15 83371
317524 4 19 83372
317526 4 22 83554
317528 4 23 83555
317538 4 9 83380
317540 4 10 83381
317542 4 14 83382
317544 4 15 83383
317546 4 19 83384
317548 4 14 83574
317550 4 9 83008
317564 4 3 83306
317566 4 5 83307
317568 4 9 83308
317570 4 10 83309
317572 4 5 83319
317574 4 9 83320
317576 4 22 83374
317578 4 23 83507
317580 4 2 83569
317582 4 19 82952
317584 4 21 82953
317586 4 22 82954
317588 4 23 82955
317592 4 2 83257
317594 4 21 83301
317596 4 22 83302
317598 4 23 83303
317600 4 1 83304
317602 4 1 83340
317604 4 2 83341
317606 4 15 83395
317610 4 3 83138
317614 4 1 83556
317616 4 2 83557
317618 4 3 83558
317620 4 5 83559
317622 4 21 83853
317646 4 14 83394
317648 4 1 83604
317650 4 2 83605
317652 4 3 83606
317654 4 5 83607
317656 4 19 83624
317658 4 21 83625
317660 4 23 83699
317662 4 14 83874
317664 4 1 82956
317666 4 22 83386
317668 4 23 83387
317670 4 1 83388
317672 4 2 83389
317674 4 22 83410
317676 4 23 83411
317678 4 1 83412
317680 4 2 83413
317682 4 14 83430
317684 4 14 83898
317702 4 22 83170
317730 4 19 83552
317732 4 21 83721
317734 4 9 83896
317736 4 15 83899
317740 4 9 83104
317742 4 10 83105
317744 4 22 83242
317784 4 14 82950
317840 4 3 83354
317842 4 5 83355
317844 4 9 83356
317846 4 10 83357
317848 4 10 83405
317850 4 3 83498
317852 4 1 83520
317854 4 19 83720
317922 4 2 83053
317938 4 14 83406
317940 4 15 83407
317942 4 19 83408
317944 4 21 83409
317946 4 23 83579
317948 4 10 83585
317950 4 22 83854
317952 4 1 83880
317966 4 3 83018
317984 4 14 83538
317986 4 15 83587
317988 4 14 83598
317996 4 5 83439
317998 4 9 83440
318000 4 10 83441
318002 4 14 83442
318004 4 2 83521
318012 4 3 83282
318016 4 9 83284
318026 4 21 83313
318030 4 5 83415
318032 4 9 83416
318034 4 10 83417
318036 4 14 83418
318038 4 19 83588
318040 4 19 83900
318044 4 14 80010
318046 4 5 80211
318048 4 9 80212
318050 4 23 80255
318052 4 22 80446
318054 4 1 80544
318056 4 1 80568
318058 4 22 80578
318060 4 5 80583
318062 4 10 80585
318064 4 23 80783
318066 4 23 80075
318068 4 2 80089
318070 4 1 80244
318072 4 14 80262
318074 4 19 80420
318076 4 22 80866
318078 4 2 80869
318090 4 15 80263
318094 4 19 80588
318098 4 23 80867
318102 4 14 80166
318104 4 19 80168
318106 4 22 80230
318108 4 2 80233
318110 4 22 80530
318112 4 1 80724
318114 4 3 80726
318116 4 5 80727
318118 4 21 80085
318120 4 1 80088
318122 4 3 80162
318124 4 9 80164
318126 4 1 80256
318128 4 3 80258
318130 4 23 80411
318132 4 10 80549
318134 4 3 80834
318136 4 5 80835
318138 4 9 80836
318140 4 14 79986
318142 4 23 80399
318144 4 21 80469
318146 4 14 80526
318148 4 9 80596
318150 4 15 80599
318152 4 22 80710
318154 4 2 80713
318156 4 5 80847
318158 4 3 80882
318160 4 9 80884
318162 4 10 80885
318164 4 14 80058
318166 4 15 80143
318168 4 1 80148
318170 4 15 80251
318172 4 23 80339
318174 4 14 80430
318176 4 21 80433
318178 4 10 80501
318180 4 14 80706
318182 4 15 80707
318184 4 21 80709
318186 4 2 80053
318188 4 5 80139
318190 4 23 80147
318192 4 22 80242
318194 4 2 80329
318196 4 10 80333
318198 4 15 80335
318200 4 15 80431
318202 4 22 80434
318204 4 9 80500
318206 4 10 80621
318208 4 22 80698
318210 4 23 80699
318212 4 3 80774
318214 4 23 80795
318216 4 2 80797
318218 4 3 80798
318220 4 19 80804
318290 4 10 80009
318292 4 15 80215
318294 4 15 80227
318296 4 14 80382
318298 4 5 80403
318300 4 2 80425
318302 4 3 80426
318304 4 9 80428
318306 4 21 80577
318308 4 23 80591
318352 4 23 79931
318354 4 1 79932
318356 4 10 80237
318358 4 19 80240
318360 4 2 80485
318362 4 1 80892
318364 4 2 80893
318366 4 5 80895
318368 4 5 79887
318370 4 9 79924
318372 4 3 80270
318374 4 9 80272
318378 4 1 80532
318382 4 2 80569
318388 4 21 80649
318390 4 1 80508
318392 4 2 80509
318394 4 3 80510
318396 4 5 80559
318398 4 10 80561
318400 4 14 80562
318402 4 21 80805
318404 4 23 80807
318406 4 3 80810
318408 4 5 79911
318410 4 10 79985
318412 4 19 80096
318414 4 22 80350
318416 4 22 80410
318418 4 5 80535
318420 4 14 80538
318422 4 2 80581
318424 4 14 80682
318426 4 21 80685
318428 4 23 80687
318430 4 3 80690
318432 4 5 80739
318434 4 22 80770
318436 4 22 80134
318438 4 1 80196
318440 4 22 80254
318442 4 3 80414
318444 4 5 80415
318446 4 15 80455
318448 4 15 80467
318450 4 10 80525
318452 4 21 80565
318454 4 22 80722
318458 4 5 80883
318462 4 15 80095
318464 4 1 80592
318466 4 2 80593
318468 4 5 80595
318470 4 10 80645
318472 4 22 80650
318474 4 1 80652
318476 4 2 80653
318478 4 22 80746
318480 4 22 80062
318482 4 19 80132
318484 4 9 80404
318486 4 10 80405
318488 4 15 80419
318494 4 3 80894
318496 4 2 79897
318498 4 2 80041
318500 4 15 80275
318502 4 5 80295
318504 4 9 80296
318506 4 1 80412
318508 4 23 80459
318510 4 21 80613
318512 4 3 80654
318514 4 5 80655
318516 4 9 80692
318566 4 19 80120
318568 4 9 80236
318570 4 5 80283
318572 4 9 80284
318574 4 19 80516
318576 4 2 80665
318578 4 3 80666
318580 4 5 80667
318582 4 3 80822
318584 4 5 80823
318586 4 9 80824
318592 4 19 80372
318596 4 5 80463
318598 4 9 80464
318602 4 19 80552
318604 4 3 80558
318606 4 10 80705
318610 4 21 80133
318612 4 22 80266
318616 4 21 80385
318618 4 21 80397
318620 4 5 80439
318622 4 10 80441
318624 4 21 80517
318626 4 15 80647
318628 4 15 80671
318630 4 1 80832
318634 4 9 79912
318636 4 1 80220
318640 4 10 80537
318646 4 2 80737
318650 4 14 80838
318652 4 15 80839
318654 4 19 80840
318712 4 23 80099
318714 4 3 80246
318716 4 5 80247
318718 4 5 80307
318720 4 9 80476
318722 4 10 80477
318726 4 2 80689
318730 4 5 80691
318780 4 22 80386
318782 4 1 80388
318784 4 2 80545
318786 4 3 80546
318788 4 5 80763
318790 4 19 80876
318792 4 21 80877
318794 4 22 80878
318796 4 19 79952
318798 4 19 80048
318800 4 22 80050
318802 4 19 80084
318804 4 21 80361
318806 4 1 80364
318808 4 21 80553
318810 4 22 80554
318812 4 1 80556
318814 4 19 80576
318816 4 22 80686
318880 4 2 80005
318882 4 23 80015
318884 4 10 80129
318886 4 14 80130
318888 4 21 80481
318890 4 1 80484
318892 4 10 80609
318896 4 22 80614
318898 4 23 80615
318900 4 9 80764
318950 4 5 79935
318952 4 9 80020
318954 4 15 80131
318956 4 3 80138
318958 4 3 80486
318960 4 10 80489
318962 4 15 80611
318964 4 2 80617
318966 4 5 80619
318968 4 9 80620
318970 4 10 80765
319020 4 10 79961
319022 4 23 80111
319024 4 3 80114
319026 4 1 80124
319028 4 3 80126
319032 4 23 80243
319034 4 19 80360
319036 4 15 80443
319038 4 2 80497
319040 4 19 80528
319096 4 14 80106
319098 4 15 80107
319102 4 21 80277
319104 4 10 80321
319106 4 15 80479
319108 4 19 80480
319110 4 10 80693
319112 4 15 80695
319114 4 19 80696
319116 4 5 80703
319166 4 22 79966
319168 4 14 80094
319172 4 10 80273
319176 4 9 80584
319178 4 14 80586
319182 4 14 80850
319184 4 15 80851
319186 4 21 80853
319202 4 22 80206
319204 4 19 80300
319208 4 10 80597
319210 4 14 80598
319212 4 3 80762
319214 4 1 80784
319216 4 2 80785
319218 4 5 80787
319222 4 2 80101
319226 4 10 80309
319230 4 19 80336
319236 4 15 80683
319240 4 15 80779
319242 4 19 80780
319244 4 22 80782
319246 4 21 80793
319248 4 2 80857
319312 4 23 79883
319314 4 2 80293
319316 4 14 80490
319318 4 19 80492
319320 4 22 80494
319322 4 5 80751
319324 4 9 80752
319326 4 10 80753
319380 4 5 80043
319382 4 14 80118
319386 4 23 80495
319388 4 1 80496
319390 4 23 80747
319392 4 1 80748
319394 4 3 80750
319398 4 22 80110
319402 4 19 80324
319406 4 3 80342
319410 4 2 80677
319412 4 5 80679
319414 4 23 80723
319416 4 9 80788
319418 4 10 80789
319420 4 15 80791
319422 4 22 80794
319424 4 1 80856
319516 4 9 80188
319518 4 9 80200
319520 4 14 80274
319524 4 22 80590
319526 4 9 80608
319530 4 19 80720
319532 4 21 80721
319534 4 23 80843
319538 4 23 80171
319540 4 23 80279
319542 4 22 80398
319546 4 19 80456
319554 4 14 80646
319556 4 19 80660
319560 4 1 80880
319620 4 10 80069
319622 4 19 80072
319628 4 23 80363
319630 4 14 80370
319634 4 10 80417
319636 4 3 80534
319638 4 3 80582
319642 4 23 80771
319646 4 5 80187
319650 4 21 80289
319652 4 10 80381
319654 4 1 80472
319656 4 2 80473
319658 4 15 80575
319668 4 1 80676
319670 4 5 80775
319672 4 9 80776
319674 4 14 80778
319676 4 14 80886
319738 4 14 80142
319742 4 22 80338
319748 4 21 80781
319752 4 15 79927
319754 4 3 80222
319756 4 21 80265
319758 4 15 80311
319760 4 2 80629
319762 4 9 80716
319764 4 10 80717
319766 4 15 80719
319768 4 3 80858
319770 4 9 80860
319772 4 10 80861
319776 4 19 80144
319780 4 2 80341
319786 4 14 80790
319792 4 23 80147
319820 4 5 80799
319822 4 9 80800
319824 4 14 80802
319826 4 2 80149
319828 4 3 80150
319830 4 14 80502
319832 4 15 80503
319834 4 21 80505
319838 4 10 80801
319840 4 15 80803
319842 4 10 80153
319844 4 14 80154
319848 4 19 80348
319850 4 22 80506
319854 4 1 80796
319862 4 5 80211
319864 4 9 80212
319876 4 23 80783
319888 4 23 80183
319892 4 14 80406
319896 4 10 80513
319900 4 9 80560
319904 4 15 80755
319966 4 1 79956
319968 4 1 79980
319970 4 5 80355
319972 4 21 80625
319974 4 22 80626
319976 4 1 80628
320034 4 5 80403
320038 4 23 80591
320040 4 15 80035
320042 4 19 80204
320044 4 21 80205
320048 4 10 80429
320050 4 21 80445
320052 4 14 80574
320054 4 1 80604
320056 4 2 80605
320058 4 3 80606
320110 4 1 80100
320114 4 1 80424
320116 4 15 80527
320118 4 9 80656
320120 4 10 80657
320122 4 15 80659
320126 4 10 80825
320184 4 23 80291
320186 4 23 80639
320188 4 1 80640
320192 4 2 80749
320194 4 19 80768
320196 4 23 80819
320202 4 14 80202
320204 4 21 80349
320210 4 15 80539
320216 4 1 80712
320220 4 5 79875
320222 4 22 80290
320224 4 2 80641
320226 4 3 80642
320230 4 14 80754
320232 4 21 80769
320234 4 1 80820
320236 4 14 80826
320238 4 15 80827
320240 4 15 79891
320242 4 5 79995
320244 4 3 80354
320246 4 23 80519
320248 4 2 80521
320250 4 2 80533
320254 4 9 80680
320256 4 15 80767
320258 4 19 80792
320260 4 1 80844
320262 4 9 79984
320264 4 5 80463
320266 4 14 80466
320272 4 9 80632
320280 4 9 80848
320282 4 10 79901
320286 4 9 80368
320290 4 23 80387
320292 4 3 80570
320294 4 1 80724
320296 4 2 80725
320300 4 23 80315
320302 4 2 80317
320310 4 14 80622
320316 4 2 80773
320318 4 1 80784
320322 4 3 80786
320372 4 10 80261
320376 4 23 80711
320382 4 14 80718
320386 4 9 80728
320388 4 14 80730
320390 4 1 79908
320392 4 21 80325
320394 4 15 80515
320398 4 23 80651
320402 4 21 80745
320406 4 10 80777
320410 4 14 80814
320412 4 21 80157
320414 4 15 80179
320416 4 19 80180
320418 4 3 80294
320420 4 5 80451
320422 4 10 80453
320424 4 15 80563
320426 4 19 80564
320428 4 19 80600
320430 4 19 80636
320432 4 21 80637
320500 4 15 79987
320502 4 1 80004
320504 4 19 80192
320506 4 22 80194
320510 4 10 80633
320512 4 14 80634
320514 4 5 80643
320516 4 3 80870
320518 4 5 80871
320520 4 9 80872
320522 4 19 80000
320524 4 1 80172
320526 4 5 80175
320528 4 15 80359
320530 4 23 80471
320532 4 15 80887
320534 4 21 80889
320536 4 22 80890
320564 4 19 80216
320568 4 1 80268
320572 4 1 80460
320578 4 3 80594
320580 4 19 80756
320586 4 1 80208
320588 4 23 80399
320590 4 14 80526
320592 4 21 80589
320602 4 9 80884
320616 4 9 80464
320624 4 3 79946
320626 4 9 80260
320628 4 3 80390
320630 4 9 80392
320632 4 23 80531
320636 4 22 80602
320638 4 23 80603
320642 4 1 80700
320644 4 2 80701
320704 4 2 80089
320706 4 9 80176
320710 4 22 80314
320714 4 14 80478
320716 4 9 80524
320718 4 1 80580
320720 4 9 80740
320722 4 14 80742
320724 4 15 80743
320726 4 2 80821
320824 4 10 80201
320828 4 23 80351
320836 4 14 80550
320844 4 19 80720
320848 4 14 80766
320922 4 2 80221
320926 4 3 80402
320930 4 21 80493
320936 4 15 80731
320938 4 3 80846
320986 4 14 80358
320988 4 21 80373
320990 4 22 80374
320992 4 19 80432
320994 4 19 80732
320996 4 22 80734
320998 4 23 80831
321004 4 21 80841
321034 4 9 80236
321036 4 2 80665
321044 4 5 80823
321056 4 22 79942
321058 4 19 80048
321060 4 19 80228
321066 4 5 80571
321068 4 9 80572
321086 4 3 80654
321088 4 5 80655
321090 4 9 80692
321094 4 22 80806
321096 4 2 80809
321098 4 14 80862
321100 4 15 80863
321102 4 19 80864
321164 4 22 80074
321174 4 10 80729
321238 4 15 79915
321244 4 10 80177
321246 4 5 80523
321292 4 22 80242
321300 4 22 80698
321302 4 23 80699
321304 4 3 80774
321308 4 22 80518
321314 4 21 80697
321332 4 22 79978
321348 4 1 80736
321350 4 14 80058
321352 4 21 80073
321356 4 1 80352
321360 4 15 80707
321362 4 19 80708
321370 4 9 80812
321372 4 19 80816
321386 4 10 80645
321412 4 15 80335
321414 4 19 80336
321422 4 2 80857
321426 4 22 80350
321450 4 5 80247
321456 4 3 80690
321458 4 5 80691
321474 4 15 80275
321480 4 15 80695
321504 4 22 80002
321506 4 21 80661
321508 4 1 80664
321510 4 23 80855
321514 4 19 80888
321528 4 22 80782
321530 4 21 80793
321588 4 9 80320
321592 4 14 80334
321596 4 5 80595
321716 4 19 80300
321726 4 5 80787
321728 4 3 80306
321772 4 2 80305
321776 4 1 80496
321780 4 1 80748
321836 4 22 80326
321838 4 2 80353
321850 4 10 80813
321924 4 5 80307
321942 4 5 80319
321946 4 9 80332
321950 4 15 80623
322042 4 23 80147
322056 4 15 80143
322062 4 15 80347
322066 4 21 80709
322082 4 21 80457
322108 4 5 80475
322120 4 10 80069
322136 4 10 80885
322138 4 23 79991
322140 4 19 80024
322142 4 21 80085
322144 4 14 80226
322146 4 9 80356
322148 4 14 80394
322150 4 21 80529
322152 4 2 80557
322228 4 1 80400
322244 4 5 80847
322254 4 5 80547
322306 4 23 79931
322314 4 19 80528
322316 4 10 80573
322388 4 5 79887
322390 4 10 80093
322394 4 23 80447
322398 4 1 80520
322402 4 14 80670
322404 4 3 80222
322406 4 19 80288
322408 4 19 80468
322410 4 21 80757
322412 4 22 80758
322414 4 1 80760
322416 4 2 80761
322422 4 19 80828
322452 4 2 80281
322460 4 19 80744
322534 4 10 80537
322540 4 22 80770
322554 4 22 80734
322556 4 23 80735
322586 4 21 80301
322588 4 22 80302
322592 4 23 80567
322632 4 14 80250
322640 4 14 80610
322644 4 3 80702
322648 4 3 80738
322650 4 1 80772
322714 4 5 79971
322718 4 3 80270
322720 4 10 80357
322722 4 23 80507
322724 4 19 80540
322726 4 22 80542
322728 4 5 80631
322730 4 22 80674
322734 4 15 80851
322736 4 19 80852
322800 4 21 80229
322864 4 22 80590
322876 4 3 80390
322908 4 15 80467
322922 4 10 79961
322924 4 3 80030
322930 4 3 80450
322932 4 3 80630
322936 4 22 80662
322938 4 22 80818
322990 4 2 80197
322998 4 15 80551
323004 4 5 80571
323008 4 9 80644
323078 4 5 80343
323084 4 9 80752
323092 4 2 80845
323096 4 3 80234
323100 4 5 80439
323108 4 21 80673
323184 4 15 79927
323188 4 2 80629
323192 4 15 80719
323218 4 2 80089
323222 4 14 80478
323226 4 2 80821
323234 4 14 80862
323250 4 21 80865
323290 4 15 80659
323300 4 21 80469
323320 4 3 80426
323396 4 3 80102
323400 4 21 80409
323402 4 19 80648
323462 4 10 80549
323464 4 19 80672
323466 4 3 80834
323532 4 2 80377
323534 4 9 80380
323536 4 15 80635
323588 4 15 80395
323632 4 14 80430
323636 4 3 80678
323646 4 1 80844
323718 4 19 80312
323722 4 23 80579
323730 4 3 80714
323732 4 19 80876
323734 4 22 80878
323736 4 23 80879
323798 4 9 80080
323804 4 2 80413
323808 4 10 80669
323852 4 10 80729
323856 4 22 80062
323858 4 9 80404
323860 4 10 80405
323864 4 22 80566
323868 4 1 80892
323870 4 3 80894
323920 4 2 80473
323934 4 21 80157
323936 4 23 80435
323940 4 10 80453
323942 4 5 80499
323946 4 9 80704
323948 4 5 80715
323950 4 15 80815
324000 4 23 80039
324010 4 19 80612
324084 4 14 80166
324086 4 22 80230
324088 4 3 80462
324090 4 22 80530
324092 4 10 80681
324170 4 15 80371
324242 4 5 80367
324246 4 1 80532
324252 4 14 80550
324254 4 15 80587
324336 4 1 79956
324340 4 2 80437
324384 4 9 80020
324388 4 23 80423
324392 4 15 80611
324398 4 22 80830
324454 4 15 80311
324456 4 2 80461
324478 4 10 80849
324538 4 23 80015
324542 4 21 80421
324550 4 10 80609
324552 4 2 80833
324654 4 14 80418
324662 4 5 80895
324750 4 9 80836
324752 4 10 80837
324800 4 22 79966
324802 4 5 80211
324804 4 10 80369
324808 4 14 80586
324810 4 23 80783
324814 4 22 80866
324816 4 23 80867
324818 4 1 80868
324882 4 23 80675
324920 4 14 80010
324928 4 22 80578
324930 4 19 80588
324936 4 22 80842
325026 4 19 80396
325038 4 5 80691
325044 4 3 80870
325048 4 10 80873
325108 4 19 79952
325112 4 21 80361
325114 4 2 80365
325116 4 19 80576
325122 4 14 80874
325124 4 15 80875
325198 4 2 80005
325206 4 22 80614
325256 4 15 80275
325258 4 1 80412
325266 4 3 80654
325270 4 5 80703
325274 4 9 80764
325428 4 14 80778
325448 4 2 80053
325450 4 15 80335
325452 4 15 80431
325458 4 19 80684
325462 4 15 80779
325464 4 21 80793
325466 4 2 80857
325528 4 10 80429
325588 4 3 80570
325630 4 19 80660
325636 4 23 80411
325676 4 22 80470
325678 4 2 80665
325682 4 22 80854
325720 4 10 79961
325722 4 1 80124
325724 4 15 80443
325796 4 22 80398
325806 4 9 80848
325858 4 15 80179
325894 4 23 80531
325956 4 14 80262
325996 4 19 80516
326052 4 21 80517
326122 4 21 80349
326338 4 5 80307
326340 4 10 80477
326350 4 5 80739
326412 4 19 80480
326456 4 19 80636
326484 4 21 80325
326578 4 5 80751
326682 4 3 80558
326744 4 5 80139
326748 4 9 80500
326756 4 2 80797
326798 4 15 80143
326802 4 10 80501
326806 4 9 80788
326892 4 15 80503
326940 4 10 80153
326944 4 22 80506
326990 4 23 80891
327092 4 1 80544
327194 4 10 80537
327256 4 5 80883
327272 4 23 80591
327330 4 21 80817
327332 4 2 80881
327380 4 22 80206
327382 4 23 80399
327388 4 3 80762
327390 4 1 80784
327468 4 5 79887
327476 4 1 80532
327482 4 21 80649
327614 4 3 80714
327674 4 15 80719
327796 4 21 80409
327836 4 15 80755
327878 4 2 80857
328178 4 3 80582
328182 4 22 80686
328240 4 23 80315
328244 4 2 80773
328300 4 19 80780
329152 4 1 80896
329154 4 23 80991
329156 4 1 81628
329158 4 2 81629
329160 4 3 81630
329162 4 5 81631
329164 4 5 81691
329166 4 2 80897
329168 4 3 80898
329170 4 3 81522
329172 4 5 81523
329174 4 9 81524
329176 4 10 81525
329182 4 2 81389
329184 4 3 81390
329186 4 9 81392
329196 4 10 81549
329198 4 10 81897
329200 4 5 80899
329202 4 10 81309
329204 4 14 81310
329206 4 15 81311
329208 4 1 81508
329210 4 23 81915
329212 4 1 81916
329214 4 2 81917
329216 4 3 81918
329218 4 9 80900
329220 4 14 80938
329222 4 5 81247
329224 4 9 81248
329226 4 10 81249
329228 4 21 81481
329230 4 22 81482
329232 4 23 81483
329234 4 1 81484
329236 4 1 81544
329238 4 22 81854
329240 4 10 80901
329242 4 19 81036
329244 4 22 81146
329246 4 15 81227
329248 4 3 81882
329250 4 5 81883
329252 4 9 81884
329254 4 10 81885
329256 4 14 80902
329258 4 19 80988
329260 4 2 81269
329262 4 3 81270
329264 4 19 81324
329266 4 23 81411
329268 4 21 81601
329270 4 23 81603
329272 4 1 81604
329274 4 5 81607
329276 4 19 81804
329278 4 23 81807
329280 4 3 81894
329282 4 5 81895
329284 4 15 80903
329286 4 19 80904
329288 4 21 80905
329290 4 22 80906
329292 4 15 80987
329294 4 23 81087
329296 4 14 81142
329298 4 19 81144
329300 4 22 81458
329302 4 1 81460
329304 4 2 81461
329306 4 3 81534
329308 4 9 81596
329310 4 10 81597
329312 4 15 81599
329314 4 3 81606
329316 4 2 81713
329318 4 3 81798
329320 4 5 81799
329322 4 9 81800
329324 4 14 81802
329326 4 1 81808
329328 4 9 81812
329392 4 23 80907
329394 4 1 80908
329396 4 2 80909
329398 4 3 80910
329400 4 1 81004
329402 4 2 81065
329404 4 22 81518
329406 4 23 81519
329408 4 1 81520
329410 4 2 81521
329412 4 15 81623
329414 4 15 81647
329416 4 21 81649
329418 4 22 81650
329420 4 23 81675
329470 4 5 80911
329472 4 10 81369
329474 4 15 81371
329476 4 19 81372
329478 4 1 81424
329480 4 14 81910
329482 4 15 81911
329484 4 19 81912
329486 4 21 81913
329488 4 9 80912
329492 4 15 81671
329494 4 19 81672
329496 4 21 81673
329498 4 22 81674
329500 4 22 81746
329502 4 10 80913
329504 4 2 80993
329506 4 5 80995
329508 4 9 80996
329510 4 22 81410
329512 4 14 80914
329514 4 15 81095
329516 4 23 81219
329518 4 1 81556
329520 4 3 81558
329522 4 2 81677
329524 4 3 81678
329526 4 2 81701
329528 4 15 80915
329530 4 21 81037
329532 4 10 81201
329534 4 2 81761
329536 4 5 81763
329538 4 9 81764
329540 4 2 81845
329542 4 19 80916
329544 4 1 80980
329546 4 3 80982
329548 4 23 81111
329550 4 1 81112
329552 4 2 81113
329554 4 10 81117
329556 4 3 81294
329558 4 2 81437
329560 4 1 81748
329562 4 2 81749
329564 4 9 81752
329566 4 21 80917
329568 4 22 81290
329570 4 23 81291
329572 4 2 81293
329574 4 14 81430
329576 4 22 80918
329578 4 23 80919
329580 4 1 80920
329582 4 2 80921
329584 4 10 81069
329586 4 5 81115
329588 4 9 81416
329590 4 10 81417
329592 4 14 81418
329594 4 2 81497
329596 4 10 81573
329598 4 5 81739
329600 4 14 81742
329602 4 23 81831
329604 4 1 81832
329606 4 2 81833
329608 4 3 81834
329610 4 15 81887
329666 4 3 80922
329668 4 3 81066
329670 4 14 81526
329672 4 15 81527
329674 4 19 81528
329676 4 21 81529
329678 4 3 81642
329680 4 5 80923
329684 4 21 81589
329686 4 22 81590
329688 4 23 81591
329690 4 1 81592
329694 4 3 81762
329700 4 9 80924
329702 4 22 81530
329704 4 23 81531
329706 4 1 81532
329708 4 2 81533
329710 4 1 81640
329712 4 10 80925
329714 4 14 80926
329716 4 15 80927
329718 4 19 80928
329720 4 5 81175
329722 4 10 81177
329724 4 1 81184
329726 4 2 81185
329728 4 22 81206
329730 4 1 81208
329732 4 21 81217
329736 4 23 81303
329738 4 22 81314
329740 4 15 81359
329742 4 10 81513
329746 4 22 81638
329748 4 1 81676
329754 4 21 81757
329756 4 23 81759
329758 4 9 81836
329818 4 21 80929
329820 4 22 80930
329822 4 23 80931
329824 4 1 80932
329826 4 21 81097
329828 4 22 81098
329832 4 2 81557
329836 4 5 81559
329840 4 23 81723
329842 4 1 81724
329844 4 2 81725
329846 4 3 81726
329848 4 15 81779
329850 4 22 81782
329904 4 2 80933
329906 4 14 81550
329908 4 15 81551
329910 4 19 81552
329912 4 21 81553
329914 4 3 80934
329916 4 5 80935
329918 4 9 80936
329920 4 10 80937
329922 4 9 80972
329924 4 10 80973
329926 4 14 81406
329928 4 15 81407
329930 4 21 81409
329932 4 19 81540
329934 4 21 81541
329936 4 22 81542
329938 4 23 81543
329940 4 19 81588
329942 4 15 81767
329944 4 19 81768
329946 4 22 81770
329948 4 5 81859
330016 4 15 80939
330018 4 19 80940
330020 4 21 80941
330022 4 22 80942
330024 4 15 80963
330026 4 19 80964
330028 4 2 81353
330030 4 5 81355
330032 4 9 81368
330034 4 1 81412
330036 4 2 81413
330038 4 3 81414
330040 4 23 81555
330042 4 3 81582
330044 4 19 81900
330046 4 21 81901
330048 4 22 81902
330050 4 23 81903
330106 4 23 80943
330108 4 1 80944
330110 4 2 80945
330112 4 3 80946
330114 4 21 80965
330116 4 22 80966
330118 4 14 81274
330120 4 21 81277
330122 4 21 81313
330124 4 23 81339
330126 4 1 81340
330128 4 14 81358
330130 4 22 81554
330132 4 5 81583
330134 4 2 81905
330136 4 3 81906
330138 4 5 81907
330140 4 9 81908
330196 4 5 80947
330198 4 9 80948
330200 4 10 80949
330202 4 14 80950
330204 4 1 80992
330206 4 21 81013
330208 4 1 81160
330210 4 3 81162
330212 4 5 81163
330214 4 10 81489
330216 4 14 81490
330218 4 15 81491
330220 4 19 81492
330222 4 5 81535
330224 4 9 81584
330226 4 10 81585
330228 4 14 81586
330230 4 15 81587
330232 4 1 81856
330234 4 15 81899
330308 4 15 80951
330310 4 19 80952
330312 4 21 80953
330314 4 22 80954
330316 4 23 81099
330318 4 10 81105
330320 4 15 81563
330322 4 19 81564
330324 4 21 81565
330326 4 22 81566
330328 4 5 81715
330332 4 9 81740
330334 4 10 81741
330338 4 15 81791
330340 4 21 81793
330394 4 23 80955
330396 4 1 80956
330398 4 10 81381
330400 4 15 81383
330402 4 19 81384
330404 4 14 81562
330406 4 14 81730
330408 4 15 81731
330410 4 19 81732
330412 4 21 81733
330426 4 2 80957
330428 4 9 81020
330430 4 10 81021
330432 4 14 81022
330434 4 15 81119
330436 4 19 81120
330438 4 9 81656
330440 4 14 81658
330442 4 15 81659
330444 4 9 81776
330446 4 3 80958
330448 4 5 80959
330450 4 9 80960
330452 4 10 80961
330454 4 14 81094
330456 4 3 81102
330458 4 1 81136
330462 4 23 81459
330472 4 1 81568
330476 4 9 81728
330480 4 19 81780
330482 4 21 81781
330486 4 15 81803
330548 4 14 80962
330550 4 21 81121
330552 4 22 81122
330554 4 23 81123
330556 4 1 81124
330558 4 22 81578
330560 4 23 81579
330562 4 1 81580
330564 4 2 81581
330566 4 23 81783
330568 4 1 81784
330570 4 2 81785
330572 4 3 81786
330658 4 23 80967
330660 4 2 81125
330662 4 3 81126
330664 4 9 81128
330666 4 14 81130
330668 4 19 81228
330670 4 22 81230
330672 4 23 81231
330674 4 21 81577
330676 4 14 81766
330678 4 1 80968
330680 4 2 80969
330682 4 3 80970
330684 4 5 80971
330686 4 10 81093
330688 4 1 81100
330690 4 15 81143
330694 4 5 81271
330696 4 15 81299
330706 4 2 81569
330708 4 2 81641
330710 4 23 81651
330712 4 23 81711
330716 4 19 81792
330720 4 22 81794
330724 4 21 81805
330726 4 22 81806
330730 4 3 81858
330836 4 14 80974
330838 4 5 81055
330840 4 9 81056
330842 4 10 81057
330844 4 3 81198
330846 4 9 81200
330848 4 19 81576
330850 4 15 80975
330852 4 19 80976
330854 4 21 80977
330856 4 22 80978
330862 4 15 81023
330864 4 3 81030
330866 4 14 81082
330870 4 9 81164
330872 4 10 81273
330874 4 19 81480
330876 4 3 81498
330878 4 5 81499
330880 4 9 81500
330888 4 14 81622
330890 4 10 81645
330892 4 9 81716
330898 4 19 81852
330970 4 23 80979
330972 4 9 81536
330974 4 15 81539
330976 4 21 81697
330978 4 22 81698
330982 4 21 81769
330986 4 23 81795
330992 4 2 80981
330996 4 5 80983
330998 4 21 81025
331000 4 9 81092
331002 4 23 81147
331004 4 10 81165
331010 4 9 81272
331012 4 3 81294
331016 4 19 81300
331018 4 22 81302
331020 4 21 81421
331024 4 21 81637
331026 4 1 81652
331028 4 3 81654
331030 4 5 81655
331032 4 19 81660
331034 4 19 81708
331042 4 1 81904
331112 4 9 80984
331118 4 14 81598
331122 4 10 80985
331124 4 22 81218
331126 4 5 81343
331128 4 9 81344
331130 4 10 81345
331132 4 14 81346
331134 4 9 81680
331136 4 10 81681
331138 4 14 81682
331140 4 15 81683
331142 4 19 81888
331144 4 14 80986
331148 4 22 81602
331162 4 19 81144
331178 4 21 81145
331188 4 2 81809
331190 4 21 80989
331192 4 10 81609
331194 4 14 81610
331196 4 15 81611
331198 4 19 81612
331200 4 22 80990
331202 4 21 81613
331204 4 22 81614
331206 4 23 81615
331208 4 1 81616
331218 4 2 81629
331220 4 5 81631
331250 4 2 80993
331252 4 3 80994
331258 4 9 81104
331260 4 3 81222
331262 4 5 81223
331264 4 10 81225
331268 4 1 81292
331270 4 2 81293
331274 4 14 81694
331276 4 22 81722
331278 4 3 81846
331280 4 5 81847
331282 4 9 81848
331336 4 10 80997
331338 4 14 80998
331340 4 15 80999
331342 4 19 81000
331344 4 21 81001
331346 4 22 81002
331348 4 23 81003
331350 4 14 81046
331352 4 15 81047
331354 4 19 81048
331356 4 21 81049
331358 4 22 81050
331360 4 23 81051
331362 4 1 81052
331364 4 2 81053
331366 4 19 81096
331368 4 14 81106
331370 4 19 81240
331372 4 1 81244
331374 4 2 81245
331376 4 21 81325
331378 4 22 81326
331380 4 1 81328
331382 4 3 81438
331384 4 5 81439
331386 4 9 81440
331388 4 10 81441
331390 4 5 81547
331392 4 10 81621
331394 4 14 81850
331396 4 2 81893
331572 4 23 80907
331574 4 1 80908
331576 4 2 80909
331596 4 23 81675
331598 4 2 81005
331600 4 3 81006
331602 4 5 81007
331604 4 9 81008
331606 4 2 81089
331608 4 5 81103
331610 4 21 81265
331612 4 22 81266
331614 4 23 81267
331616 4 5 81463
331618 4 9 81464
331620 4 10 81465
331622 4 14 81466
331624 4 5 81595
331626 4 9 81632
331628 4 2 81821
331630 4 5 81823
331632 4 23 81855
331634 4 2 81881
331696 4 10 81009
331698 4 14 81010
331700 4 15 81011
331702 4 19 81012
331704 4 3 81054
331706 4 1 81088
331708 4 14 81226
331714 4 5 81415
331716 4 14 81502
331718 4 9 81560
331720 4 19 81624
331722 4 22 81626
331724 4 23 81627
331726 4 19 81756
331798 4 5 81163
331806 4 22 81014
331808 4 23 81171
331810 4 2 81173
331812 4 2 81197
331814 4 15 81215
331816 4 15 81755
331818 4 23 81015
331820 4 1 81148
331824 4 10 81537
331828 4 2 81545
331832 4 1 81016
331834 4 1 81196
331836 4 3 81210
331838 4 14 81754
331840 4 2 81017
331844 4 14 81058
331846 4 14 81154
331852 4 10 81357
331854 4 14 81442
331858 4 3 81018
331862 4 22 81206
331864 4 2 81209
331872 4 1 81592
331874 4 22 81662
331876 4 10 81765
331878 4 5 81019
331880 4 19 81156
331882 4 21 81157
331884 4 23 81159
331886 4 22 81170
331888 4 9 81476
331890 4 10 81477
331892 4 14 81478
331894 4 15 81479
331896 4 21 81685
331914 4 9 81116
331924 4 1 81772
331926 4 2 81773
331928 4 3 81774
331930 4 5 81775
331932 4 10 81789
331990 4 19 81024
331992 4 3 81090
331994 4 15 81155
332002 4 15 81695
332010 4 15 81131
332012 4 19 81132
332014 4 23 81135
332020 4 5 81571
332026 4 5 81751
332028 4 22 81026
332030 4 23 81027
332032 4 1 81028
332034 4 2 81029
332036 4 10 81033
332038 4 5 81067
332040 4 19 81192
332042 4 21 81193
332044 4 23 81195
332046 4 5 81295
332048 4 9 81296
332050 4 14 81298
332052 4 15 81503
332054 4 19 81504
332056 4 21 81505
332058 4 22 81506
332060 4 23 81507
332062 4 23 81567
332064 4 14 81718
332066 4 15 81719
332068 4 19 81720
332070 4 15 81851
332072 4 1 81868
332074 4 15 81875
332178 4 5 81031
332180 4 14 81034
332182 4 15 81395
332184 4 19 81396
332186 4 19 81420
332188 4 15 81575
332190 4 23 81687
332192 4 1 81688
332194 4 2 81689
332196 4 3 81690
332202 4 9 81032
332204 4 15 81083
332206 4 19 81084
332208 4 22 81086
332210 4 5 81319
332212 4 21 81493
332214 4 22 81494
332216 4 23 81495
332218 4 1 81496
332220 4 21 81853
332250 4 15 81035
332256 4 19 81648
332262 4 14 81826
332264 4 15 81827
332266 4 19 81828
332268 4 21 81829
332270 4 10 80901
332272 4 19 81036
332276 4 9 81656
332278 4 10 81657
332280 4 14 81658
332284 4 3 81882
332286 4 5 81883
332288 4 9 81884
332290 4 10 81885
332294 4 5 80923
332296 4 21 81037
332300 4 3 81762
332308 4 22 81038
332310 4 23 81039
332312 4 1 81040
332314 4 2 81041
332316 4 2 81077
332322 4 22 81194
332324 4 5 81199
332326 4 2 81509
332328 4 3 81510
332330 4 5 81511
332332 4 9 81512
332334 4 9 81548
332338 4 3 81822
332342 4 9 81824
332344 4 5 81835
332412 4 3 81042
332414 4 5 81043
332416 4 9 81044
332418 4 10 81045
332420 4 1 81064
332422 4 14 81166
332428 4 3 81174
332430 4 5 81211
332432 4 10 81213
332434 4 14 81214
332436 4 19 81216
332438 4 1 81220
332440 4 19 81228
332444 4 15 81251
332446 4 2 81389
332448 4 3 81390
332450 4 19 81468
332454 4 5 81523
332456 4 9 81524
332458 4 19 81600
332460 4 9 81608
332462 4 14 81634
332464 4 21 81661
332466 4 3 81738
332468 4 10 81825
332470 4 23 81867
332472 4 10 81897
332574 4 21 81241
332576 4 22 81242
332578 4 23 81243
332584 4 3 81246
332586 4 3 81282
332588 4 5 81283
332590 4 9 81284
332592 4 10 81285
332594 4 14 81286
332596 4 15 81287
332598 4 19 81288
332610 4 5 81679
332872 4 9 81176
332878 4 9 81320
332880 4 10 81321
332882 4 14 81394
332884 4 9 81416
332886 4 15 81419
332888 4 15 81431
332892 4 10 81561
332894 4 15 81563
332896 4 19 81564
332898 4 9 81572
332904 4 5 81715
332906 4 23 81747
332908 4 14 81814
332910 4 15 81815
332912 4 19 81816
332914 4 21 81817
332916 4 9 81872
332918 4 22 81878
332994 4 15 81059
332996 4 19 81060
332998 4 21 81061
333000 4 22 81062
333002 4 3 81078
333004 4 5 81079
333006 4 10 81081
333008 4 2 81233
333010 4 3 81234
333012 4 19 81252
333014 4 21 81289
333022 4 9 81668
333024 4 23 81783
333026 4 3 81786
333032 4 23 81891
333034 4 1 81892
333096 4 23 81063
333098 4 15 81179
333100 4 1 81184
333102 4 2 81185
333104 4 1 81232
333106 4 15 81359
333108 4 21 81757
333110 4 22 81758
333112 4 23 81759
333114 4 1 81760
333116 4 9 81836
333170 4 3 80922
333174 4 14 81526
333176 4 19 81528
333178 4 21 81529
333198 4 9 81068
333200 4 14 81178
333204 4 1 81208
333206 4 15 81239
333208 4 10 81513
333210 4 19 81540
333212 4 21 81541
333214 4 23 81543
333216 4 15 81635
333222 4 22 80918
333224 4 23 80919
333226 4 2 80921
333228 4 10 81069
333230 4 5 81115
333234 4 10 81417
333236 4 2 81497
333238 4 10 81573
333244 4 2 81833
333246 4 3 81834
333248 4 14 81070
333250 4 15 81071
333252 4 19 81072
333254 4 21 81073
333256 4 22 81074
333258 4 23 81075
333260 4 1 81076
333262 4 15 81107
333264 4 19 81108
333266 4 21 81109
333268 4 22 81110
333270 4 2 81221
333276 4 9 81224
333278 4 21 81253
333280 4 23 81255
333282 4 1 81256
333284 4 14 81514
333286 4 15 81515
333288 4 19 81516
333290 4 21 81517
333292 4 3 81546
333294 4 23 81663
333296 4 1 81664
333298 4 2 81665
333300 4 10 81693
333302 4 10 81861
333304 4 21 81877
333306 4 14 81898
333332 4 22 81254
333338 4 2 81257
333340 4 3 81258
333342 4 5 81259
333494 4 9 81080
333506 4 22 81578
333508 4 1 81580
333510 4 2 81581
333512 4 19 81696
333524 4 5 81919
333604 4 14 81082
333616 4 10 81645
333630 4 21 81085
333634 4 19 81180
333636 4 21 81181
333638 4 23 81183
333640 4 9 81260
333642 4 15 81263
333652 4 3 81570
333654 4 23 81639
333658 4 10 81909
333724 4 15 80903
333726 4 21 80905
333728 4 22 80906
333730 4 23 81087
333732 4 14 81142
333734 4 22 81458
333736 4 2 81461
333738 4 3 81534
333740 4 2 81713
333742 4 3 81798
333744 4 5 81799
333746 4 9 81800
333748 4 14 81802
333762 4 21 81625
333790 4 2 81881
333798 4 5 81343
333802 4 21 81373
333804 4 10 81813
333806 4 5 81091
333812 4 22 81134
333816 4 3 81270
333818 4 23 81411
333820 4 2 81593
333822 4 21 81637
333826 4 2 80981
333830 4 9 81092
333840 4 22 81302
333844 4 3 81654
333850 4 19 81708
333854 4 1 80968
333856 4 2 80969
333858 4 5 80971
333860 4 10 81093
333862 4 1 81100
333866 4 5 81271
333870 4 19 81324
333876 4 2 81569
333878 4 2 81641
333880 4 23 81651
333884 4 3 81858
333888 4 5 80959
333890 4 10 80961
333892 4 14 81094
333894 4 3 81102
333898 4 23 81459
333900 4 1 81460
333904 4 3 81558
333906 4 1 81568
333908 4 3 81678
333910 4 9 81728
333912 4 14 80914
333916 4 15 81095
333928 4 2 81677
333932 4 10 81765
333940 4 14 81046
333970 4 21 80929
333972 4 23 80931
333974 4 1 80932
333976 4 21 81097
333978 4 22 81098
333984 4 5 81559
333986 4 2 81701
333988 4 23 81723
333990 4 1 81724
333992 4 2 81725
333994 4 3 81726
334012 4 15 80951
334014 4 21 80953
334016 4 22 80954
334018 4 23 81099
334026 4 21 81565
334030 4 5 81739
334032 4 9 81740
334034 4 10 81741
334036 4 14 81742
334046 4 15 81143
334056 4 19 81804
334058 4 21 81805
334060 4 22 81806
334066 4 2 81101
334068 4 23 81315
334070 4 1 81316
334072 4 2 81317
334074 4 14 81646
334084 4 1 81136
334094 4 15 81803
334104 4 5 81463
334108 4 10 81465
334110 4 9 81632
334112 4 2 80993
334114 4 3 80994
334116 4 5 80995
334120 4 22 81290
334122 4 1 81292
334124 4 2 81293
334126 4 22 81722
334128 4 3 81846
334130 4 5 81847
334132 4 9 81848
334154 4 22 81002
334158 4 21 81325
334160 4 22 81326
334164 4 10 81621
334198 4 2 81305
334200 4 3 81306
334202 4 5 81307
334204 4 9 81308
334222 4 3 81666
334334 4 23 81111
334336 4 1 81112
334338 4 2 81113
334340 4 3 81114
334342 4 10 81117
334344 4 14 81118
334354 4 2 81749
334356 4 3 81750
334358 4 9 81752
334360 4 23 81771
334436 4 15 81119
334438 4 1 81772
334512 4 19 81120
334520 4 9 81776
334522 4 14 80962
334524 4 21 81121
334526 4 22 81122
334528 4 23 81123
334530 4 1 81124
334532 4 10 81129
334534 4 14 81754
334536 4 23 81783
334538 4 1 81784
334540 4 2 81785
334544 4 9 81788
334600 4 23 80967
334602 4 2 81125
334606 4 5 81127
334608 4 9 81128
334610 4 14 81130
334614 4 23 81231
334616 4 21 81577
334618 4 15 81755
334622 4 5 81787
334710 4 21 81133
334716 4 5 81571
334720 4 10 81609
334722 4 14 81610
334730 4 5 81751
334732 4 3 81810
334734 4 5 81811
334814 4 9 80960
334826 4 15 81779
334828 4 19 81780
334830 4 21 81781
334832 4 22 81782
334836 4 2 81137
334838 4 3 81138
334840 4 5 81139
334842 4 9 81140
334844 4 10 81141
334852 4 2 81797
334860 4 10 81801
334938 4 19 81144
334948 4 9 81812
334952 4 3 80970
334960 4 15 81791
334962 4 19 81792
334964 4 21 81793
334966 4 22 81794
334980 4 15 80987
334988 4 15 81599
334990 4 3 81606
335002 4 19 80988
335004 4 21 81145
335008 4 1 81604
335010 4 5 81607
335016 4 15 81611
335038 4 5 81883
335040 4 9 81884
335042 4 10 81885
335046 4 15 81035
335056 4 14 81826
335058 4 15 81827
335060 4 19 81828
335062 4 21 81829
335064 4 23 81015
335068 4 10 81201
335070 4 15 81227
335072 4 9 81536
335076 4 2 81545
335078 4 21 81697
335080 4 2 81149
335082 4 3 81150
335084 4 5 81151
335086 4 9 81152
335088 4 10 81153
335090 4 5 81235
335092 4 9 81236
335094 4 14 81238
335096 4 1 81376
335098 4 3 81378
335100 4 5 81379
335102 4 21 81385
335104 4 22 81386
335106 4 21 81481
335108 4 23 81483
335110 4 3 81594
335112 4 2 81605
335114 4 5 81643
335116 4 3 81714
335118 4 3 81870
335210 4 2 81017
335214 4 10 81057
335216 4 14 81058
335222 4 14 81442
335238 4 5 81019
335240 4 19 81156
335242 4 21 81157
335244 4 22 81158
335246 4 23 81159
335250 4 9 81476
335252 4 10 81477
335254 4 14 81478
335256 4 14 81550
335258 4 15 81551
335260 4 19 81552
335262 4 10 81669
335264 4 21 81685
335266 4 22 81890
335326 4 5 80947
335328 4 9 80948
335330 4 21 81013
335332 4 1 81160
335334 4 2 81161
335336 4 3 81162
335338 4 5 81163
335340 4 10 81369
335342 4 15 81371
335344 4 1 81424
335348 4 15 81491
335350 4 19 81492
335352 4 5 81535
335354 4 10 81633
335356 4 1 81856
335358 4 14 81910
335360 4 19 81912
335362 4 21 81913
335436 4 19 80976
335442 4 15 81023
335446 4 9 81164
335448 4 19 81480
335450 4 3 81498
335452 4 5 81499
335454 4 14 81622
335456 4 19 81852
335460 4 3 80982
335462 4 5 80983
335472 4 21 81421
335474 4 2 81437
335486 4 10 81045
335488 4 14 81166
335492 4 2 81173
335494 4 3 81174
335496 4 15 81251
335498 4 3 81522
335500 4 5 81523
335502 4 9 81608
335504 4 3 81738
335506 4 15 81167
335510 4 2 81653
335512 4 15 81671
335514 4 21 81673
335516 4 23 81699
335518 4 1 81700
335520 4 21 81745
335522 4 22 81746
335524 4 19 81168
335526 4 21 81169
335528 4 5 81343
335530 4 14 81346
335532 4 15 81467
335534 4 22 81734
335536 4 23 81735
335538 4 10 81753
335544 4 1 81196
335568 4 22 81014
335580 4 1 81172
335586 4 2 81197
335588 4 15 81215
335590 4 19 81216
335594 4 22 81230
335600 4 15 81743
335602 4 19 81744
335604 4 10 81825
335606 4 23 81867
335668 4 10 80925
335670 4 14 80926
335672 4 15 80927
335674 4 5 81175
335678 4 2 81185
335684 4 15 81359
335686 4 10 81513
335688 4 22 81638
335690 4 1 81676
335692 4 21 81757
335696 4 9 81836
335722 4 19 80928
335724 4 10 81177
335730 4 23 81219
335732 4 23 81303
335736 4 1 81556
335744 4 9 81068
335746 4 14 81178
335748 4 15 81179
335752 4 21 81541
335754 4 23 81543
335756 4 15 81635
335758 4 19 81636
335788 4 19 81180
335790 4 21 81181
335792 4 22 81182
335796 4 9 81260
335798 4 10 81261
335802 4 22 81278
335804 4 23 81279
335806 4 21 81493
335808 4 22 81494
335810 4 3 81570
335814 4 22 81710
335902 4 3 81186
335904 4 5 81187
335906 4 21 81217
335908 4 1 81232
335914 4 15 81395
335916 4 19 81396
335918 4 21 81397
335920 4 14 81574
335924 4 3 81702
335934 4 10 81837
336008 4 9 81188
336010 4 10 81189
336012 4 14 81190
336014 4 15 81191
336016 4 19 81264
336020 4 10 81321
336022 4 15 81323
336024 4 9 81380
336026 4 10 81393
336028 4 9 81644
336030 4 14 81730
336032 4 19 81732
336034 4 21 81733
336036 4 14 81814
336038 4 14 81862
336040 4 9 81872
336042 4 9 81896
336102 4 22 81026
336106 4 22 81038
336108 4 1 81040
336112 4 2 81077
336116 4 21 81193
336118 4 22 81194
336122 4 19 81504
336124 4 21 81505
336126 4 22 81506
336128 4 2 81509
336130 4 3 81510
336132 4 9 81512
336134 4 9 81548
336138 4 5 81835
336140 4 15 81851
336214 4 1 81016
336220 4 3 81210
336238 4 14 80974
336242 4 9 81056
336248 4 9 81416
336250 4 10 81417
336252 4 15 81419
336254 4 9 81572
336256 4 19 81576
336258 4 22 81878
336262 4 23 81039
336268 4 2 81821
336270 4 3 81822
336274 4 9 81824
336308 4 15 80915
336316 4 2 81761
336318 4 5 81763
336320 4 2 81845
336322 4 14 81202
336324 4 15 81203
336326 4 19 81204
336328 4 21 81205
336330 4 23 81315
336332 4 2 81317
336334 4 3 81318
336336 4 23 81375
336340 4 14 81490
336342 4 9 81584
336344 4 10 81585
336346 4 14 81586
336348 4 5 81703
336350 4 14 81778
336352 4 19 81864
336354 4 15 81899
336420 4 3 81018
336424 4 15 81095
336432 4 23 81207
336436 4 2 81209
336438 4 15 81239
336444 4 21 81589
336446 4 1 81592
336450 4 22 81662
336454 4 3 81762
336456 4 9 81764
336458 4 10 81765
336460 4 15 81767
336462 4 19 81768
336464 4 21 81769
336548 4 22 81578
336550 4 23 81579
336552 4 1 81580
336554 4 23 81819
336560 4 5 81211
336562 4 9 81212
336566 4 14 81214
336572 4 21 81229
336576 4 1 81304
336578 4 2 81389
336580 4 19 81468
336582 4 22 81518
336584 4 1 81520
336586 4 22 81530
336588 4 23 81531
336590 4 1 81532
336592 4 19 81600
336594 4 15 81623
336596 4 14 81634
336598 4 21 81661
336600 4 21 81709
336602 4 1 81712
336604 4 14 81790
336606 4 1 81820
336608 4 14 81826
336772 4 10 80985
336774 4 22 81218
336778 4 10 81537
336780 4 14 81538
336782 4 9 81680
336784 4 10 81681
336786 4 14 81682
336788 4 15 81683
336790 4 15 81695
336806 4 3 81558
336814 4 9 81044
336828 4 3 81390
336838 4 19 81072
336840 4 23 81075
336842 4 2 81221
336844 4 3 81222
336846 4 5 81223
336848 4 9 81224
336850 4 10 81693
336852 4 2 80993
336854 4 9 80996
336868 4 10 81225
336870 4 22 81410
336874 4 15 81515
336876 4 21 81517
336880 4 14 81694
336882 4 10 81861
336954 4 1 81088
336956 4 14 81226
336960 4 22 81626
336962 4 23 81627
336964 4 19 81756
336966 4 10 80901
336974 4 23 80967
337010 4 23 81519
337144 4 15 81059
337146 4 22 81062
337148 4 3 81078
337150 4 5 81079
337152 4 10 81081
337154 4 2 81233
337156 4 3 81234
337158 4 19 81252
337160 4 21 81289
337168 4 23 81891
337170 4 1 81892
337204 4 10 81237
337208 4 10 81309
337210 4 19 81312
337216 4 1 81388
337222 4 1 81796
337304 4 10 80997
337306 4 14 81046
337308 4 15 81047
337310 4 22 81050
337312 4 1 81052
337314 4 19 81096
337320 4 22 81242
337322 4 23 81243
337324 4 1 81244
337326 4 2 81245
337332 4 10 81285
337334 4 19 81288
337336 4 15 81347
337338 4 22 81350
337340 4 3 81438
337342 4 5 81439
337344 4 9 81440
337346 4 5 81547
337348 4 5 81679
337350 4 9 81692
337352 4 2 81893
337374 4 3 81282
337378 4 9 81284
337382 4 14 81286
337384 4 15 81287
337388 4 3 81330
337392 4 19 81348
337394 4 21 81349
337398 4 23 81351
337400 4 1 81352
337568 4 9 80900
337570 4 14 80938
337572 4 5 81247
337574 4 9 81248
337576 4 10 81249
337578 4 14 81250
337582 4 10 81465
337586 4 22 81482
337588 4 1 81484
337590 4 1 81544
337592 4 9 81632
337594 4 14 81670
337596 4 22 81854
337686 4 19 81060
337708 4 22 81074
337710 4 15 81107
337712 4 19 81108
337716 4 21 81253
337718 4 22 81254
337722 4 1 81256
337724 4 2 81257
337728 4 5 81259
337732 4 3 81306
337734 4 5 81307
337736 4 9 81308
337738 4 1 81400
337740 4 5 81403
337742 4 10 81405
337744 4 21 81469
337746 4 23 81471
337748 4 3 81546
337750 4 23 81663
337752 4 1 81664
337756 4 3 81666
337758 4 22 81686
337760 4 10 81729
337792 4 23 81399
337796 4 2 81401
337798 4 3 81402
337802 4 9 81404
337806 4 19 81432
337808 4 21 81433
337810 4 22 81434
337812 4 23 81435
337978 4 19 81180
337982 4 23 81183
337988 4 14 81262
337996 4 2 81281
338000 4 2 81617
338002 4 5 81619
338008 4 10 81777
338078 4 9 81188
338080 4 10 81189
338082 4 14 81190
338100 4 2 81005
338102 4 9 81008
338104 4 2 81089
338108 4 22 81266
338110 4 23 81267
338112 4 1 81268
338116 4 9 81464
338118 4 14 81466
338120 4 2 81509
338122 4 5 81511
338124 4 5 81595
338128 4 5 81823
338132 4 23 81855
338134 4 2 81881
338204 4 14 80902
338206 4 1 80968
338210 4 2 80981
338216 4 10 81093
338226 4 5 81271
338228 4 9 81272
338230 4 15 81299
338232 4 19 81300
338234 4 19 81324
338240 4 21 81637
338242 4 2 81641
338244 4 23 81651
338246 4 19 81708
338252 4 23 81807
338254 4 3 81858
338256 4 3 81894
338258 4 5 81895
338350 4 14 81082
338352 4 22 81146
338356 4 19 81480
338360 4 23 80943
338362 4 21 80965
338364 4 22 80966
338366 4 14 81274
338368 4 15 81275
338370 4 19 81276
338372 4 21 81277
338374 4 21 81313
338376 4 3 81462
338380 4 19 81552
338382 4 21 81553
338384 4 5 81583
338386 4 23 81687
338388 4 1 81688
338390 4 3 81690
338392 4 14 81838
338394 4 15 81839
338396 4 2 81869
338398 4 2 81905
338400 4 3 81906
338402 4 5 81907
338484 4 1 81280
338488 4 2 81485
338490 4 9 81488
338496 4 9 81620
338504 4 14 81886
338596 4 5 81331
338598 4 14 81334
338612 4 2 81425
338614 4 3 81426
338616 4 5 81427
338618 4 9 81428
338620 4 10 81429
338624 4 10 81717
338840 4 9 81080
338854 4 19 81696
338858 4 5 81919
338860 4 21 80917
338864 4 5 80995
338866 4 9 81104
338868 4 22 81290
338870 4 23 81291
338872 4 1 81292
338874 4 2 81293
338876 4 14 81430
338878 4 22 81722
338880 4 3 81846
338882 4 5 81847
338884 4 9 81848
338886 4 10 81849
338944 4 19 80916
338948 4 3 80982
338950 4 9 81092
338952 4 23 81147
338958 4 19 81660
338960 4 1 81748
338962 4 2 81749
338966 4 1 81028
338968 4 10 81033
338970 4 5 81295
338972 4 9 81296
338974 4 10 81297
338976 4 14 81298
338978 4 21 81325
338980 4 22 81326
338982 4 23 81327
338984 4 22 81422
338986 4 15 81503
338988 4 14 81718
338990 4 15 81719
338992 4 19 81720
338994 4 21 81721
338996 4 22 81830
338998 4 1 81868
339076 4 2 81017
339092 4 21 81301
339094 4 22 81302
339096 4 10 81357
339106 4 2 81653
339108 4 5 81655
339110 4 1 81700
339122 4 1 81904
339218 4 1 81556
339288 4 19 81444
339292 4 22 81470
339296 4 1 81472
339298 4 2 81473
339300 4 3 81474
339420 4 5 80899
339424 4 10 81237
339428 4 14 81310
339430 4 15 81311
339436 4 23 81387
339440 4 9 81476
339442 4 10 81477
339444 4 15 81479
339446 4 1 81508
339452 4 22 81818
339454 4 23 81915
339456 4 1 81916
339458 4 2 81917
339460 4 3 81918
339564 4 14 80926
339566 4 3 81018
339580 4 22 81638
339582 4 10 81765
339584 4 2 81101
339592 4 1 81316
339594 4 2 81317
339596 4 3 81318
339598 4 23 81375
339600 4 21 81493
339602 4 23 81495
339604 4 1 81496
339606 4 14 81646
339610 4 22 81866
339668 4 9 81032
339672 4 19 81084
339674 4 22 81086
339676 4 5 81319
339680 4 22 81494
339684 4 21 81853
339686 4 5 81055
339688 4 9 81056
339690 4 14 81058
339696 4 15 81191
339704 4 14 81322
339706 4 15 81323
339710 4 14 81394
339712 4 15 81431
339714 4 14 81442
339716 4 10 81561
339720 4 15 81671
339722 4 19 81672
339726 4 14 81730
339728 4 19 81732
339730 4 21 81745
339734 4 15 81815
339736 4 21 81817
339742 4 10 81873
339860 4 10 80997
339862 4 22 81002
339864 4 14 81106
339876 4 1 81328
339882 4 5 81439
339884 4 10 81441
339886 4 10 81621
339896 4 14 81850
339968 4 2 81329
339974 4 9 81332
339976 4 10 81333
339980 4 15 81335
339982 4 19 81336
339984 4 21 81337
339986 4 22 81338
339988 4 19 81360
339990 4 21 81361
339992 4 22 81362
339994 4 23 81363
339996 4 1 81364
339998 4 2 81365
340000 4 3 81366
340002 4 5 81367
340004 4 22 81374
340060 4 10 81429
340062 4 19 81684
340110 4 9 81704
340112 4 10 81705
340114 4 14 81706
340116 4 15 81707
340166 4 21 81445
340168 4 9 81452
340170 4 19 81456
340172 4 5 81667
340186 4 1 81736
340406 4 1 80944
340408 4 2 80945
340410 4 23 81339
340412 4 1 81340
340414 4 2 81341
340416 4 3 81342
340418 4 14 81358
340420 4 22 81554
340426 4 1 81760
340430 4 9 81860
340488 4 3 81090
340490 4 19 81168
340492 4 5 81343
340494 4 9 81344
340496 4 10 81345
340498 4 14 81346
340500 4 21 81373
340502 4 15 81467
340508 4 9 81680
340510 4 10 81681
340512 4 14 81682
340514 4 10 81753
340516 4 10 81813
340520 4 19 81888
340522 4 21 81889
340798 4 15 80939
340800 4 19 80940
340802 4 22 80942
340804 4 2 81353
340806 4 3 81354
340808 4 5 81355
340810 4 9 81356
340812 4 9 81368
340814 4 23 81555
340818 4 19 81816
340824 4 15 81863
340826 4 19 81900
340828 4 21 81901
340830 4 22 81902
340936 4 5 81175
340942 4 1 81232
340952 4 23 81759
340954 4 9 81836
340984 4 15 81443
340990 4 22 81446
340992 4 2 81449
340994 4 3 81450
340998 4 10 81453
341000 4 14 81454
341002 4 15 81455
341018 4 2 81737
341156 4 1 81448
341160 4 5 81451
341170 4 21 81457
341288 4 5 80911
341290 4 1 81160
341292 4 2 81161
341296 4 10 81369
341298 4 14 81370
341300 4 15 81371
341302 4 19 81372
341304 4 1 81424
341306 4 10 81633
341314 4 2 81857
341316 4 14 81910
341318 4 15 81911
341320 4 19 81912
341322 4 21 81913
341460 4 9 81584
341462 4 10 81585
341464 4 5 81703
341468 4 19 81864
341470 4 2 81149
341472 4 3 81150
341474 4 9 81152
341476 4 10 81153
341478 4 1 81376
341480 4 2 81377
341482 4 3 81378
341484 4 5 81379
341496 4 3 81594
341498 4 2 81605
341500 4 3 81870
341568 4 9 81380
341574 4 21 81733
341578 4 23 80955
341580 4 1 80956
341582 4 10 81381
341584 4 14 81382
341586 4 15 81383
341588 4 19 81384
341590 4 23 81423
341592 4 14 81562
341594 4 1 81628
341596 4 2 81629
341598 4 5 81691
341600 4 5 81871
341602 4 1 81880
341668 4 9 81236
341778 4 3 80898
341782 4 9 81044
341788 4 1 81220
341790 4 2 81389
341792 4 3 81390
341794 4 5 81391
341796 4 9 81392
341798 4 19 81468
341800 4 3 81522
341802 4 9 81524
341804 4 10 81525
341810 4 2 81533
341812 4 10 81549
341816 4 9 81608
341818 4 21 81661
341822 4 1 81820
341824 4 10 81897
341938 4 5 81031
341942 4 3 81186
341954 4 22 81398
341956 4 19 81420
341958 4 14 81574
341960 4 15 81575
341962 4 3 81702
341964 4 23 81723
341966 4 2 81725
341968 4 3 81726
341970 4 14 81874
341972 4 23 81879
341978 4 9 81908
342050 4 22 81254
342068 4 10 81405
342072 4 21 81433
342080 4 23 81447
342082 4 21 81469
342094 4 5 81475
342156 4 5 81727
342342 4 3 80934
342344 4 9 80972
342346 4 10 80973
342348 4 14 81406
342350 4 15 81407
342352 4 19 81408
342354 4 21 81409
342356 4 1 81436
342358 4 9 81536
342360 4 14 81538
342362 4 15 81539
342364 4 19 81588
342366 4 22 81698
342368 4 19 81876
342432 4 10 80913
342438 4 9 80996
342442 4 5 81223
342446 4 22 81410
342448 4 14 81694
342452 4 5 81091
342462 4 21 81637
342468 4 3 81894
342474 4 15 80963
342476 4 19 80964
342478 4 10 81009
342480 4 14 81010
342482 4 15 81011
342484 4 3 81054
342486 4 1 81412
342488 4 2 81413
342490 4 3 81414
342492 4 5 81415
342494 4 14 81502
342496 4 9 81560
342498 4 3 81582
342500 4 19 81624
342502 4 22 81626
342504 4 19 81756
342506 4 23 81831
342508 4 1 81832
342510 4 3 81834
342584 4 22 80918
342586 4 23 80919
342588 4 1 80920
342592 4 10 81069
342594 4 3 81198
342596 4 9 81200
342598 4 9 81416
342600 4 10 81417
342602 4 14 81418
342606 4 2 81497
342608 4 9 81572
342610 4 10 81573
342612 4 19 81576
342614 4 5 81739
342616 4 9 81740
342618 4 14 81742
342626 4 22 81878
342628 4 15 81887
342634 4 23 81903
342736 4 1 80980
342740 4 5 80983
342742 4 10 81165
342758 4 19 81708
342760 4 3 81858
342776 4 22 81830
342992 4 21 80917
343000 4 14 81430
343062 4 22 81446
343186 4 19 80916
343190 4 3 80982
343192 4 21 81025
343200 4 1 81748
343202 4 2 81749
343208 4 14 81046
343210 4 15 81047
343212 4 19 81048
343214 4 19 81240
343220 4 19 81288
343230 4 9 81440
343236 4 10 81621
343242 4 2 81893
343342 4 14 81154
343932 4 15 80903
343934 4 19 80904
343936 4 21 80905
343938 4 3 80958
343940 4 23 81087
343942 4 14 81094
343944 4 3 81102
343946 4 1 81136
343948 4 22 81458
343950 4 23 81459
343952 4 1 81460
343954 4 2 81461
343956 4 3 81498
343958 4 5 81499
343960 4 10 81501
343962 4 3 81534
343964 4 9 81596
343966 4 10 81597
343968 4 14 81598
343970 4 3 81606
343972 4 2 81713
343974 4 9 81728
343976 4 15 81803
343978 4 19 81852
343980 4 22 81914
344074 4 15 81275
344076 4 21 81277
344078 4 3 81462
344082 4 19 81552
344084 4 21 81553
344086 4 2 81869
344088 4 2 81005
344090 4 5 81007
344092 4 9 81008
344094 4 5 81103
344096 4 5 81247
344098 4 9 81248
344100 4 14 81250
344102 4 21 81265
344108 4 9 81464
344110 4 10 81465
344112 4 14 81466
344114 4 5 81595
344116 4 9 81632
344118 4 14 81670
344120 4 23 81855
344202 4 14 81346
344218 4 9 81044
344286 4 2 81665
344288 4 3 81666
344504 4 5 81019
344506 4 19 81156
344508 4 23 81159
344510 4 22 81170
344516 4 9 81476
344520 4 14 81478
344522 4 15 81479
344528 4 15 81551
344530 4 10 81669
344532 4 21 81685
344534 4 22 81818
344536 4 22 81890
344540 4 2 81917
344620 4 15 80975
344622 4 21 80977
344624 4 9 81020
344626 4 14 81022
344628 4 15 81023
344630 4 3 81030
344632 4 9 81164
344634 4 10 81273
344636 4 19 81480
344638 4 9 80900
344640 4 2 81149
344646 4 10 81249
344660 4 1 81484
344662 4 1 81544
344666 4 22 81854
344738 4 22 81278
344740 4 1 81280
344742 4 2 81485
344744 4 3 81486
344746 4 5 81487
344748 4 9 81488
344750 4 14 81526
344752 4 21 81529
344754 4 2 81617
344756 4 3 81618
344758 4 9 81620
344760 4 3 81642
344762 4 10 81777
344764 4 19 81840
344766 4 14 81886
344830 4 5 80947
344832 4 9 80948
344834 4 10 80949
344838 4 5 81163
344842 4 15 81203
344844 4 10 81489
344846 4 14 81490
344848 4 15 81491
344850 4 19 81492
344852 4 5 81535
344854 4 9 81584
344856 4 14 81586
344858 4 15 81587
344862 4 1 81856
344864 4 15 81899
344946 4 9 81032
344948 4 15 81083
344950 4 19 81084
344952 4 19 81180
344954 4 21 81181
344960 4 5 81319
344962 4 21 81493
344964 4 22 81494
344966 4 23 81495
344968 4 1 81496
344970 4 3 81570
344974 4 21 81853
344978 4 10 81909
345058 4 9 81416
345076 4 19 80976
345078 4 22 80978
345092 4 9 81500
345096 4 21 81589
345098 4 22 81590
345100 4 14 81622
345102 4 22 81662
345106 4 9 81716
345192 4 15 81011
345206 4 19 81624
345210 4 19 81756
345216 4 22 81026
345218 4 1 81028
345220 4 10 81033
345222 4 5 81295
345226 4 14 81298
345228 4 15 81503
345230 4 14 81718
345236 4 1 81868
345240 4 23 81027
345244 4 19 81192
345246 4 23 81195
345248 4 19 81504
345250 4 21 81505
345252 4 22 81506
345254 4 23 81507
345256 4 23 81567
345262 4 15 81851
345266 4 15 81875
345342 4 5 80899
345368 4 22 81038
345370 4 1 81040
345372 4 2 81041
345376 4 22 81194
345380 4 1 81268
345382 4 2 81509
345384 4 3 81510
345386 4 5 81511
345388 4 9 81512
345390 4 9 81548
345392 4 2 81821
345394 4 3 81822
345396 4 9 81824
345398 4 5 81835
345400 4 2 81881
345478 4 10 80925
345480 4 14 80926
345482 4 9 81068
345484 4 5 81175
345486 4 22 81206
345490 4 15 81239
345492 4 10 81513
345494 4 22 81638
345496 4 15 81767
345498 4 19 81768
345500 4 14 81070
345502 4 19 81072
345506 4 19 81108
345508 4 22 81110
345512 4 9 81224
345514 4 14 81514
345516 4 15 81515
345518 4 19 81516
345520 4 21 81517
345524 4 1 81664
345526 4 10 81693
345528 4 10 81861
345530 4 21 81877
345532 4 14 81898
345620 4 23 80907
345622 4 2 80909
345624 4 3 80910
345626 4 1 81004
345630 4 9 81212
345632 4 19 81228
345634 4 21 81229
345636 4 23 81231
345638 4 1 81304
345640 4 22 81518
345642 4 23 81519
345644 4 1 81520
345646 4 2 81521
345648 4 15 81623
345650 4 14 81634
345652 4 15 81647
345654 4 21 81649
345656 4 23 81675
345658 4 21 81709
345660 4 1 81712
345662 4 14 81826
345664 4 19 81828
345748 4 2 80897
345750 4 3 80898
345756 4 10 81045
345758 4 14 81166
345766 4 5 81523
345768 4 9 81524
345772 4 10 81549
345774 4 9 81608
345778 4 3 81738
345856 4 3 80922
345858 4 3 81066
345868 4 15 81527
345870 4 19 81528
345876 4 21 81625
345884 4 21 81865
345948 4 9 80924
345964 4 23 81531
345970 4 1 81640
345978 4 15 81827
345982 4 21 81841
345984 4 22 81842
345986 4 23 81843
346068 4 19 80904
346084 4 10 81597
346094 4 21 81013
346116 4 23 80979
346118 4 23 81015
346120 4 19 81024
346122 4 1 81148
346124 4 22 81218
346126 4 14 81406
346128 4 15 81407
346130 4 19 81408
346134 4 9 81536
346136 4 10 81537
346142 4 2 81545
346144 4 15 81695
346146 4 21 81697
346148 4 22 81698
346150 4 19 81876
346222 4 5 80935
346224 4 9 80936
346228 4 14 81178
346230 4 15 81179
346232 4 19 81540
346234 4 21 81541
346236 4 22 81542
346238 4 23 81543
346240 4 15 81635
346242 4 19 81636
346248 4 5 81859
346322 4 14 80938
346360 4 15 81071
346362 4 22 81074
346368 4 21 81109
346372 4 23 81255
346374 4 1 81256
346392 4 22 81050
346394 4 1 81052
346396 4 19 81096
346400 4 1 81244
346402 4 2 81245
346418 4 2 81077
346422 4 21 81193
346442 4 9 81392
346454 4 2 80933
346458 4 22 81158
346464 4 15 81275
346558 4 23 80943
346560 4 1 80944
346562 4 2 80945
346564 4 23 81339
346566 4 1 81340
346568 4 14 81358
346570 4 22 81554
346574 4 19 80940
346576 4 22 80942
346578 4 2 81353
346580 4 5 81355
346582 4 9 81368
346584 4 23 81555
346590 4 22 81902
346592 4 14 80914
346596 4 21 80929
346598 4 22 80930
346600 4 23 80931
346602 4 3 80958
346604 4 9 80960
346606 4 10 80961
346608 4 14 81094
346610 4 15 81095
346612 4 21 81097
346614 4 10 81177
346616 4 23 81219
346618 4 23 81303
346620 4 1 81556
346622 4 2 81557
346624 4 3 81558
346626 4 5 81559
346628 4 1 81568
346630 4 2 81677
346632 4 3 81678
346634 4 2 81701
346636 4 15 81779
346638 4 19 81780
346640 4 22 81782
346752 4 9 81056
346754 4 14 81058
346756 4 9 81320
346760 4 14 81394
346762 4 15 81431
346764 4 14 81442
346768 4 14 81814
346770 4 15 81815
346772 4 21 81817
346774 4 9 81872
346776 4 23 80955
346778 4 1 80956
346780 4 10 81381
346782 4 15 81383
346784 4 19 81384
346786 4 14 81562
346788 4 15 80951
346790 4 19 80952
346792 4 22 80954
346794 4 1 80968
346796 4 2 80969
346798 4 3 80970
346802 4 10 81093
346804 4 23 81099
346808 4 9 81176
346810 4 9 81200
346812 4 15 81563
346814 4 19 81564
346816 4 21 81565
346818 4 22 81566
346820 4 2 81569
346822 4 23 81711
346824 4 5 81715
346826 4 23 81747
346828 4 15 81791
346830 4 21 81793
346832 4 22 81794
346928 4 5 81067
346996 4 19 81084
346998 4 21 81085
347000 4 19 81180
347004 4 23 81183
347006 4 9 81260
347008 4 15 81263
347014 4 3 81570
347016 4 23 81639
347022 4 21 81025
347024 4 15 81131
347026 4 19 81132
347028 4 23 81135
347030 4 5 81571
347036 4 3 81750
347038 4 5 81751
347042 4 3 81198
347048 4 10 81417
347050 4 15 81419
347056 4 19 81576
347062 4 19 81816
347064 4 22 81878
347070 4 23 81903
347072 4 22 80918
347074 4 23 80919
347094 4 1 81184
347096 4 3 81186
347098 4 5 81187
347100 4 15 81395
347104 4 14 81574
347106 4 15 81575
347108 4 3 81702
347110 4 2 81905
347112 4 5 81907
347114 4 9 81908
347116 4 5 81031
347134 4 14 80974
347162 4 23 80967
347164 4 2 81125
347166 4 3 81126
347168 4 14 81130
347170 4 23 81171
347172 4 15 81215
347174 4 19 81216
347178 4 22 81230
347182 4 21 81577
347184 4 14 81766
347186 4 10 81825
347188 4 14 80962
347190 4 3 81078
347192 4 5 81079
347194 4 9 81080
347196 4 3 81210
347198 4 21 81289
347200 4 5 81343
347202 4 21 81373
347204 4 15 81467
347206 4 22 81578
347208 4 23 81579
347212 4 2 81581
347214 4 19 81696
347216 4 23 81783
347218 4 2 81785
347220 4 3 81786
347222 4 10 81813
347226 4 23 81891
347228 4 5 81919
347312 4 15 80963
347314 4 19 80964
347322 4 3 81582
347326 4 21 80965
347328 4 22 80966
347332 4 21 81277
347334 4 21 81313
347336 4 5 81583
347340 4 3 81906
347348 4 1 80992
347350 4 14 81202
347352 4 15 81203
347354 4 21 81205
347356 4 23 81375
347366 4 10 81585
347368 4 14 81586
347370 4 15 81587
347372 4 5 81703
347374 4 19 81864
347458 4 9 80972
347460 4 10 80973
347466 4 21 81409
347468 4 19 81588
347470 4 5 80923
347476 4 3 81018
347478 4 14 81082
347482 4 2 81209
347486 4 9 81500
347488 4 10 81501
347494 4 23 81591
347496 4 1 81592
347498 4 14 81622
347502 4 9 81716
347504 4 2 81761
347506 4 3 81762
347508 4 5 81763
347510 4 10 81765
347592 4 5 81091
347598 4 22 81134
347600 4 2 81593
347602 4 10 81609
347604 4 14 81610
347606 4 3 81810
347608 4 5 81811
347610 4 2 81149
347612 4 3 81150
347614 4 9 81152
347616 4 10 81153
347618 4 1 81376
347620 4 3 81378
347622 4 5 81379
347626 4 22 81386
347630 4 23 81483
347632 4 3 81594
347634 4 2 81605
347636 4 3 81870
347640 4 9 81008
347642 4 2 81089
347644 4 21 81265
347646 4 22 81266
347648 4 23 81267
347650 4 5 81463
347654 4 14 81466
347656 4 5 81595
347660 4 5 81823
347662 4 23 81855
347670 4 9 80984
347672 4 15 80987
347674 4 19 81144
347676 4 22 81458
347686 4 14 81598
347688 4 15 81599
347692 4 15 81803
347694 4 1 81808
347762 4 1 81064
347764 4 5 81211
347768 4 14 81214
347780 4 19 81600
347782 4 14 81634
347786 4 23 81867
347788 4 14 80902
347790 4 14 80986
347792 4 19 80988
347794 4 21 81145
347796 4 21 81601
347798 4 22 81602
347800 4 23 81603
347802 4 1 81604
347804 4 5 81607
347806 4 19 81804
347808 4 21 81805
347810 4 23 81807
347812 4 2 81809
347814 4 5 81895
347946 4 14 81166
347954 4 5 81523
347966 4 21 80989
347980 4 15 81611
347982 4 19 81612
348034 4 22 80990
348036 4 21 81613
348038 4 22 81614
348040 4 23 81615
348042 4 1 81616
348044 4 3 81798
348046 4 9 81800
348048 4 9 81812
348094 4 14 81262
348096 4 22 81278
348098 4 1 81280
348100 4 2 81281
348112 4 5 81619
348116 4 22 81710
348118 4 10 81777
348120 4 14 81886
348184 4 10 80997
348186 4 22 81002
348188 4 14 81106
348190 4 21 81325
348192 4 22 81326
348194 4 1 81328
348200 4 10 81441
348202 4 10 81621
348204 4 14 81850
348212 4 9 81164
348228 4 19 81852
348230 4 23 80907
348238 4 9 81212
348242 4 22 81518
348246 4 2 81521
348250 4 15 81647
348252 4 21 81649
348254 4 23 81675
348256 4 1 81712
348258 4 14 81826
348266 4 1 81088
348268 4 14 81226
348292 4 21 81865
348362 4 1 80896
348364 4 23 80991
348368 4 14 81382
348372 4 23 81423
348374 4 1 81628
348376 4 2 81629
348378 4 3 81630
348380 4 5 81631
348382 4 15 81671
348384 4 22 81674
348386 4 5 81691
348388 4 22 81746
348390 4 21 81841
348392 4 22 81842
348394 4 1 81844
348396 4 5 81871
348398 4 1 81880
348470 4 5 81007
348472 4 5 81103
348474 4 5 81247
348476 4 9 81248
348478 4 14 81250
348484 4 10 81465
348486 4 9 81632
348488 4 14 81670
348490 4 1 81160
348492 4 2 81161
348496 4 10 81369
348498 4 15 81371
348500 4 1 81424
348502 4 10 81633
348506 4 19 81912
348522 4 21 81229
348544 4 15 81179
348558 4 19 81768
348572 4 1 80980
348574 4 5 80983
348578 4 10 81165
348580 4 2 81269
348582 4 3 81270
348584 4 23 81411
348586 4 21 81421
348588 4 21 81637
348594 4 5 81175
348602 4 22 81314
348614 4 22 81182
348620 4 10 81261
348626 4 23 81279
348634 4 9 80924
348636 4 22 81530
348638 4 23 81531
348642 4 1 81640
348654 4 23 81843
348658 4 2 81017
348664 4 5 81271
348666 4 9 81272
348668 4 15 81299
348670 4 19 81300
348672 4 10 81357
348674 4 2 81641
348676 4 23 81651
348678 4 3 81858
348686 4 3 81486
348698 4 19 81840
348702 4 5 81151
348706 4 5 81235
348708 4 9 81236
348710 4 14 81238
348716 4 5 81643
348718 4 3 81714
348722 4 10 81189
348724 4 15 81191
348726 4 19 81264
348732 4 15 81323
348734 4 10 81393
348736 4 9 81644
348738 4 14 81730
348740 4 19 81732
348744 4 14 81862
348748 4 9 81896
348754 4 22 81146
348756 4 10 81273
348758 4 10 81645
348764 4 2 81101
348766 4 23 81315
348770 4 2 81317
348774 4 23 81495
348776 4 1 81496
348778 4 14 81646
348780 4 22 81866
348786 4 15 81035
348788 4 2 81065
348790 4 23 81111
348792 4 10 81117
348794 4 14 81118
348804 4 19 81648
348808 4 22 81650
348812 4 23 81771
348818 4 21 81829
348904 4 1 81100
348912 4 19 81324
348920 4 22 81806
348926 4 3 81894
348930 4 9 81092
348932 4 15 81167
348936 4 21 81301
348938 4 22 81302
348942 4 1 81652
348944 4 2 81653
348946 4 3 81654
348948 4 5 81655
348950 4 19 81660
348952 4 23 81699
348954 4 1 81700
348956 4 19 81708
348964 4 1 81904
349036 4 2 80957
349038 4 19 81036
349040 4 15 81059
349042 4 19 81060
349044 4 21 81061
349046 4 19 81120
349048 4 9 81656
349050 4 10 81657
349052 4 14 81658
349054 4 15 81659
349056 4 9 81668
349058 4 9 81776
349060 4 3 81882
349062 4 9 81884
349064 4 10 81885
349140 4 23 81147
349142 4 3 81294
349184 4 2 81209
349202 4 14 81070
349206 4 19 81108
349208 4 21 81253
349212 4 2 81305
349214 4 5 81307
349216 4 9 81308
349218 4 21 81469
349220 4 23 81471
349222 4 14 81514
349224 4 15 81515
349226 4 19 81516
349230 4 23 81663
349234 4 2 81665
349236 4 3 81666
349238 4 21 81877
349240 4 14 81898
349334 4 9 81332
349336 4 19 81360
349340 4 1 81364
349342 4 5 81367
349344 4 22 81374
349346 4 21 81445
349348 4 9 81452
349350 4 19 81456
349352 4 5 81667
349354 4 9 81704
349356 4 10 81705
349358 4 14 81706
349360 4 1 81736
349380 4 19 81156
349382 4 22 81158
349386 4 9 81476
349388 4 14 81478
349390 4 14 81550
349392 4 15 81551
349398 4 21 81685
349400 4 22 81890
349416 4 9 80912
349424 4 14 81322
349428 4 15 81431
349436 4 19 81672
349438 4 21 81673
349446 4 15 81731
349450 4 21 81745
349458 4 10 81873
349560 4 15 80927
349566 4 2 81185
349568 4 21 81217
349570 4 23 81303
349572 4 15 81359
349574 4 1 81676
349576 4 21 81757
349578 4 23 81759
349580 4 9 81836
349594 4 1 81556
349596 4 3 81558
349598 4 2 81677
349600 4 3 81678
349602 4 2 81701
349608 4 10 80961
349610 4 14 81094
349618 4 1 81568
349624 4 14 81046
349626 4 19 81240
349628 4 21 81241
349630 4 22 81242
349632 4 23 81243
349634 4 1 81244
349636 4 5 81283
349638 4 10 81285
349640 4 19 81288
349642 4 15 81347
349644 4 22 81350
349648 4 9 81440
349650 4 5 81679
349652 4 9 81692
349654 4 2 81893
349656 4 10 80985
349658 4 22 81218
349660 4 5 81343
349662 4 9 81344
349664 4 14 81346
349666 4 9 81680
349668 4 10 81681
349670 4 14 81682
349672 4 15 81683
349674 4 10 81753
349676 4 19 81888
349678 4 21 81889
349736 4 3 81330
349738 4 5 81331
349742 4 14 81334
349744 4 21 81337
349746 4 22 81338
349750 4 21 81349
349752 4 2 81425
349754 4 3 81426
349756 4 9 81428
349758 4 19 81684
349764 4 15 81707
349766 4 10 81717
349768 4 5 81019
349774 4 22 81170
349778 4 10 81477
349794 4 22 81254
349796 4 5 81259
349800 4 3 81306
349804 4 1 81400
349806 4 5 81403
349808 4 10 81405
349814 4 22 81686
349816 4 10 81729
349820 4 14 81034
349822 4 14 81274
349824 4 15 81275
349826 4 19 81276
349830 4 23 81687
349832 4 1 81688
349834 4 2 81689
349836 4 3 81690
349838 4 14 81838
349840 4 15 81839
349842 4 2 81905
349844 4 5 81907
349914 4 10 81381
349934 4 5 81871
349942 4 3 81282
349946 4 9 81284
349950 4 14 81286
349956 4 1 81352
349960 4 5 81427
349970 4 19 81072
349972 4 2 81221
349974 4 3 81222
349976 4 5 81223
349978 4 9 81224
349984 4 21 81517
349986 4 10 81693
349988 4 10 81861
349990 4 2 80993
349992 4 9 80996
349998 4 10 81225
350000 4 22 81410
350002 4 14 81694
350004 4 19 81024
350008 4 9 81536
350010 4 10 81537
350012 4 14 81538
350014 4 2 81545
350016 4 15 81695
350022 4 9 81080
350026 4 22 81578
350028 4 1 81580
350032 4 19 81696
350036 4 3 81786
350040 4 5 81919
350042 4 23 80979
350044 4 23 81015
350046 4 1 81148
350050 4 15 81539
350054 4 21 81697
350056 4 22 81698
350062 4 15 81407
350064 4 19 81408
350074 4 19 81876
350116 4 21 80929
350118 4 23 80931
350120 4 21 81097
350132 4 5 81559
350140 4 3 81186
350142 4 5 81187
350146 4 15 81395
350148 4 19 81396
350150 4 21 81397
350154 4 3 81702
350156 4 14 81202
350158 4 15 81203
350162 4 23 81375
350166 4 14 81490
350168 4 9 81584
350170 4 10 81585
350172 4 14 81586
350176 4 19 81864
350190 4 22 81362
350196 4 19 81444
350200 4 3 81450
350204 4 10 81453
350208 4 22 81470
350224 4 2 81737
350324 4 2 80981
350334 4 19 81300
350358 4 23 81231
350362 4 23 81519
350364 4 1 81520
350370 4 1 81712
350376 4 9 81260
350400 4 2 80969
350402 4 5 81055
350406 4 14 81154
350408 4 9 81176
350410 4 15 81563
350412 4 19 81564
350414 4 2 81569
350416 4 23 81711
350418 4 23 81747
350448 4 21 80905
350450 4 23 81087
350454 4 2 81461
350462 4 2 81713
350466 4 22 81914
350474 4 9 81236
350476 4 10 81237
350478 4 10 81309
350480 4 19 81312
350486 4 1 81388
350492 4 1 81796
350494 4 15 80951
350496 4 22 80954
350500 4 23 81099
350504 4 9 81200
350510 4 21 81565
350512 4 5 81715
350518 4 22 80978
350520 4 14 81082
350530 4 23 81591
350556 4 23 81351
350572 4 22 81026
350574 4 1 81028
350576 4 5 81295
350578 4 10 81297
350580 4 14 81298
350582 4 21 81325
350584 4 23 81327
350586 4 15 81503
350588 4 19 81504
350590 4 21 81505
350592 4 23 81507
350594 4 14 81718
350596 4 15 81719
350598 4 19 81720
350600 4 21 81721
350602 4 22 81830
350604 4 1 81868
350606 4 15 81875
350688 4 5 80995
350690 4 9 81104
350692 4 22 81290
350694 4 1 81292
350696 4 2 81293
350698 4 22 81722
350700 4 3 81846
350702 4 5 81847
350704 4 9 81848
350710 4 22 81098
350716 4 22 81398
350718 4 19 81420
350720 4 23 81723
350722 4 1 81724
350724 4 2 81725
350726 4 3 81726
350728 4 14 81874
350730 4 23 81879
350796 4 19 81432
350798 4 22 81434
350804 4 23 81447
350808 4 5 81451
350814 4 5 81475
350816 4 5 81727
350824 4 3 81102
350826 4 1 81136
350830 4 23 81459
350834 4 9 81728
350844 4 23 81399
350848 4 2 81401
350850 4 3 81402
350866 4 2 81473
350868 4 3 81474
350878 4 23 80955
350888 4 9 81380
350890 4 9 81644
350898 4 14 81730
350904 4 21 81733
350976 4 19 81168
350978 4 21 81169
350980 4 1 81196
350982 4 22 81734
350984 4 23 81735
351050 4 3 81042
351054 4 14 81166
351058 4 5 81523
351062 4 3 81738
351064 4 22 80918
351066 4 1 80920
351072 4 10 81105
351074 4 9 81416
351076 4 14 81418
351078 4 15 81419
351080 4 2 81497
351082 4 5 81739
351084 4 9 81740
351086 4 10 81741
351088 4 14 81742
351090 4 15 81887
351156 4 23 81171
351158 4 1 81172
351160 4 3 81174
351162 4 2 81197
351164 4 15 81743
351166 4 19 81744
351190 4 21 81745
351192 4 22 81746
351240 4 19 80916
351244 4 21 81025
351246 4 23 81111
351248 4 1 81112
351250 4 3 81114
351252 4 10 81117
351254 4 15 81131
351256 4 19 81132
351258 4 23 81135
351260 4 10 81165
351264 4 2 81437
351266 4 5 81571
351268 4 1 81748
351270 4 2 81749
351272 4 3 81750
351274 4 5 81751
351276 4 9 81752
351378 4 14 81346
351380 4 15 81467
351384 4 14 81682
351392 4 1 81016
351394 4 21 81121
351396 4 22 81122
351398 4 10 81129
351400 4 14 81754
351402 4 9 81788
351404 4 22 81014
351406 4 2 81125
351408 4 3 81126
351410 4 5 81127
351412 4 15 81755
351414 4 5 81787
351416 4 10 81009
351420 4 1 81088
351422 4 14 81226
351424 4 1 81412
351426 4 14 81502
351428 4 9 81560
351430 4 19 81624
351432 4 22 81626
351434 4 23 81627
351436 4 19 81756
351440 4 23 81063
351442 4 5 81175
351450 4 1 81232
351452 4 23 81339
351454 4 2 81341
351456 4 3 81342
351458 4 14 81358
351460 4 15 81359
351466 4 22 81758
351470 4 1 81760
351472 4 9 81836
351474 4 10 81837
351476 4 9 81860
351558 4 15 80915
351560 4 5 80923
351564 4 21 81037
351568 4 10 81201
351570 4 22 81206
351572 4 23 81207
351582 4 10 81645
351588 4 3 81762
351592 4 9 81764
351594 4 15 81767
351596 4 21 81769
351598 4 23 81795
351600 4 2 81845
351686 4 3 81018
351694 4 22 81314
351704 4 23 80967
351710 4 14 81130
351716 4 21 81577
351718 4 14 81766
351720 4 3 80934
351722 4 9 80936
351724 4 9 80972
351726 4 23 80979
351728 4 9 81068
351734 4 15 81239
351736 4 10 81513
351738 4 19 81540
351740 4 21 81541
351742 4 22 81542
351744 4 15 81635
351756 4 22 81770
351762 4 5 81859
351850 4 19 81648
351854 4 23 81771
351856 4 9 81020
351858 4 3 81030
351860 4 9 81116
351862 4 15 81119
351864 4 2 81137
351866 4 3 81138
351868 4 5 81139
351870 4 1 81772
351872 4 2 81773
351874 4 3 81774
351876 4 5 81775
351878 4 10 81789
351880 4 2 81797
351948 4 2 80957
351950 4 19 81120
351954 4 14 81658
351956 4 15 81659
351958 4 9 81776
351960 4 9 81260
351966 4 1 81280
351970 4 2 81485
351972 4 9 81488
351978 4 9 81620
351984 4 14 81886
351988 4 19 81204
351990 4 23 81315
351992 4 2 81317
351994 4 3 81318
351998 4 14 81778
352002 4 22 80930
352006 4 9 80960
352010 4 1 81556
352012 4 2 81557
352016 4 1 81568
352018 4 15 81779
352020 4 19 81780
352022 4 21 81781
352024 4 22 81782
352086 4 14 80962
352088 4 15 81059
352090 4 3 81078
352092 4 5 81079
352098 4 23 81123
352100 4 2 81233
352102 4 3 81234
352106 4 23 81579
352108 4 2 81581
352112 4 23 81783
352114 4 1 81784
352116 4 2 81785
352118 4 3 81786
352120 4 23 81891
352122 4 1 81892
352236 4 10 81213
352240 4 2 81389
352244 4 22 81530
352246 4 23 81531
352248 4 1 81532
352250 4 14 81790
352252 4 1 81820
352260 4 19 80952
352264 4 3 80970
352266 4 15 81143
352272 4 22 81566
352276 4 15 81791
352278 4 19 81792
352280 4 21 81793
352282 4 22 81794
352366 4 14 81310
352372 4 23 81387
352374 4 1 81388
352380 4 23 81915
352382 4 1 81916
352384 4 3 81918
352408 4 10 81141
352410 4 14 81142
352412 4 19 81144
352414 4 21 81613
352416 4 22 81614
352418 4 23 81615
352420 4 3 81798
352422 4 5 81799
352424 4 9 81800
352426 4 10 81801
352428 4 14 81802
352430 4 9 81812
352528 4 9 81596
352530 4 10 81597
352532 4 14 81598
352538 4 14 80902
352542 4 1 81100
352548 4 15 81299
352550 4 19 81324
352552 4 23 81411
352554 4 21 81601
352556 4 22 81602
352558 4 23 81603
352560 4 5 81607
352562 4 23 81651
352564 4 19 81804
352566 4 21 81805
352568 4 22 81806
352570 4 23 81807
352572 4 3 81858
352574 4 3 81894
352576 4 5 81895
352662 4 15 80987
352668 4 15 81599
352670 4 3 81606
352672 4 1 81808
352674 4 19 80988
352676 4 21 81145
352680 4 1 81604
352684 4 2 81809
352688 4 22 81134
352692 4 2 81593
352694 4 10 81609
352696 4 14 81610
352698 4 15 81611
352700 4 3 81810
352702 4 5 81811
352738 4 3 81090
352742 4 9 81344
352744 4 21 81373
352748 4 1 81580
352750 4 10 81813
352752 4 5 81919
352756 4 9 81056
352760 4 19 81264
352764 4 2 81353
352766 4 3 81354
352768 4 9 81356
352770 4 9 81368
352772 4 10 81393
352774 4 14 81394
352778 4 10 81561
352780 4 9 81572
352784 4 9 81644
352786 4 14 81814
352788 4 15 81815
352790 4 19 81816
352792 4 21 81817
352794 4 14 81862
352796 4 15 81863
352798 4 9 81872
352800 4 22 81878
352802 4 19 81900
352804 4 21 81901
352904 4 15 81311
352906 4 9 81476
352908 4 10 81477
352910 4 15 81479
352912 4 1 81508
352914 4 22 81818
352918 4 2 81917
352922 4 3 81210
352936 4 23 81819
352944 4 5 81391
352952 4 2 81533
352958 4 2 81005
352960 4 22 81038
352962 4 2 81041
352964 4 2 81089
352966 4 5 81199
352968 4 21 81265
352970 4 22 81266
352972 4 1 81268
352974 4 2 81509
352976 4 3 81510
352978 4 5 81511
352980 4 5 81595
352982 4 2 81821
352984 4 3 81822
352986 4 5 81823
352988 4 9 81824
352990 4 2 81881
353074 4 15 81215
353076 4 19 81216
353080 4 22 81230
353082 4 15 81251
353086 4 10 81825
353088 4 23 81867
353090 4 15 81035
353092 4 23 81147
353104 4 15 81623
353112 4 21 81649
353120 4 15 81827
353124 4 21 81829
353200 4 10 81297
353202 4 21 81325
353204 4 22 81326
353208 4 22 81422
353212 4 15 81719
353222 4 15 81011
353224 4 10 81069
353226 4 5 81115
353230 4 2 81413
353232 4 5 81415
353236 4 23 81831
353238 4 1 81832
353240 4 2 81833
353242 4 3 81834
353306 4 1 81040
353308 4 19 81192
353310 4 22 81194
353316 4 9 81512
353318 4 9 81548
353320 4 5 81835
353330 4 5 81187
353344 4 9 81836
353346 4 10 81837
353354 4 23 81339
353370 4 14 81274
353372 4 15 81275
353374 4 19 81276
353376 4 21 81313
353378 4 23 81687
353380 4 1 81688
353386 4 15 81839
353388 4 2 81905
353390 4 5 81907
353408 4 3 81486
353410 4 5 81487
353412 4 14 81526
353414 4 21 81529
353416 4 3 81642
353418 4 19 81840
353426 4 3 81630
353434 4 3 81654
353436 4 15 81671
353438 4 23 81699
353442 4 21 81841
353444 4 22 81842
353446 4 23 81843
353518 4 10 81201
353522 4 5 81763
353536 4 9 81104
353538 4 22 81290
353542 4 10 81369
353544 4 14 81370
353546 4 19 81372
353548 4 14 81430
353550 4 22 81722
353552 4 3 81846
353554 4 5 81847
353558 4 10 81849
353560 4 2 81857
353632 4 10 80997
353634 4 22 81002
353638 4 1 81328
353640 4 3 81438
353642 4 5 81439
353644 4 10 81441
353646 4 10 81621
353648 4 14 81850
353650 4 22 81026
353652 4 23 81027
353656 4 23 81195
353658 4 19 81504
353660 4 21 81505
353662 4 22 81506
353664 4 23 81567
353666 4 15 81851
353670 4 19 80976
353672 4 9 81164
353680 4 5 81499
353684 4 2 81713
353686 4 19 81852
353688 4 22 81914
353690 4 9 81032
353692 4 15 81083
353694 4 19 81084
353696 4 19 81180
353698 4 21 81181
353700 4 5 81319
353702 4 21 81493
353704 4 22 81494
353706 4 23 81495
353708 4 3 81570
353710 4 21 81853
353712 4 10 81909
353714 4 9 80900
353716 4 5 81247
353718 4 10 81249
353720 4 21 81481
353722 4 22 81482
353724 4 1 81484
353726 4 1 81544
353728 4 22 81854
353732 4 9 81008
353736 4 23 81267
353738 4 5 81463
353740 4 9 81464
353742 4 14 81466
353746 4 23 81855
353748 4 5 80947
353750 4 9 80948
353752 4 1 81160
353754 4 5 81163
353756 4 10 81489
353758 4 15 81491
353760 4 19 81492
353762 4 5 81535
353764 4 1 81856
353790 4 5 81271
353792 4 9 81272
353796 4 19 81300
353798 4 21 81421
353800 4 2 81641
353804 4 19 81708
353816 4 9 80936
353818 4 9 80972
353828 4 19 81768
353846 4 1 81760
353854 4 19 81072
353856 4 3 81222
353858 4 9 81224
353860 4 14 81514
353862 4 15 81515
353864 4 21 81517
353866 4 10 81693
353874 4 9 81320
353922 4 21 81205
353924 4 23 81375
353926 4 9 81584
353928 4 10 81585
353930 4 5 81703
353932 4 19 81864
353936 4 15 81527
353938 4 19 81528
353942 4 21 81625
353944 4 23 81627
353946 4 21 81865
353948 4 23 81315
353950 4 1 81316
353956 4 1 81496
353958 4 14 81646
353960 4 22 81866
353970 4 14 81214
353980 4 19 81600
353990 4 1 81028
353996 4 15 81503
354002 4 23 81507
354008 4 19 81720
354010 4 1 81868
354012 4 15 81875
354018 4 3 81462
354020 4 14 81550
354022 4 19 81552
354024 4 21 81553
354026 4 2 81869
354028 4 2 81149
354030 4 9 81152
354032 4 1 81376
354034 4 2 81377
354036 4 5 81379
354042 4 23 81483
354044 4 3 81594
354046 4 3 81870
354048 4 10 81381
354050 4 14 81382
354052 4 15 81383
354054 4 23 81423
354058 4 2 81629
354060 4 5 81691
354062 4 5 81871
354064 4 1 81880
354066 4 5 81055
354096 4 14 81322
354100 4 15 81431
354104 4 19 81672
354108 4 14 81730
354110 4 19 81732
354114 4 10 81873
354116 4 15 81395
354118 4 21 81397
354120 4 22 81398
354122 4 19 81420
354124 4 23 81723
354126 4 2 81725
354128 4 3 81726
354132 4 23 81879
354152 4 14 81406
354154 4 15 81407
354156 4 19 81408
354158 4 1 81436
354160 4 9 81536
354162 4 14 81538
354164 4 15 81539
354166 4 22 81698
354168 4 19 81876
354172 4 15 81107
354174 4 19 81108
354176 4 21 81253
354178 4 23 81255
354184 4 19 81516
354186 4 3 81546
354188 4 23 81663
354190 4 1 81664
354192 4 2 81665
354194 4 21 81877
354196 4 14 81898
354200 4 3 81198
354202 4 9 81200
354210 4 19 81576
354266 4 5 81823
354272 4 10 80901
354274 4 19 81036
354276 4 15 81059
354278 4 19 81060
354282 4 22 81146
354286 4 19 81252
354288 4 21 81289
354290 4 9 81656
354292 4 10 81657
354294 4 14 81658
354296 4 9 81668
354298 4 3 81882
354300 4 5 81883
354302 4 9 81884
354304 4 10 81885
354368 4 22 81278
354370 4 1 81280
354378 4 2 81617
354380 4 3 81618
354384 4 10 81777
354390 4 1 80920
354394 4 14 81418
354402 4 9 81740
354404 4 14 81742
354406 4 15 81887
354408 4 10 80985
354412 4 9 81344
354414 4 14 81346
354416 4 9 81680
354418 4 10 81681
354424 4 19 81888
354426 4 21 81889
354442 4 19 81156
354444 4 23 81159
354446 4 9 81476
354448 4 14 81478
354452 4 15 81551
354454 4 10 81669
354456 4 21 81685
354458 4 22 81890
354464 4 5 81079
354470 4 22 81578
354472 4 2 81581
354474 4 19 81696
354476 4 23 81783
354478 4 3 81786
354480 4 23 81891
354482 4 1 81892
354504 4 14 81046
354506 4 15 81047
354508 4 19 81240
354510 4 1 81244
354512 4 5 81283
354514 4 19 81288
354520 4 9 81440
354522 4 5 81547
354524 4 5 81679
354526 4 2 81893
354532 4 1 81100
354544 4 19 81804
354548 4 23 81807
354554 4 5 81895
354580 4 15 81191
354586 4 9 81380
354594 4 21 81733
354596 4 9 81896
354598 4 3 80898
354602 4 9 81044
354606 4 3 81390
354608 4 3 81522
354610 4 9 81524
354612 4 10 81525
354614 4 10 81549
354616 4 9 81608
354618 4 21 81661
354620 4 10 81897
354644 4 10 80949
354648 4 15 81203
354652 4 14 81490
354658 4 14 81586
354660 4 15 81587
354664 4 15 81899
354666 4 15 80939
354668 4 19 80940
354670 4 19 80964
354678 4 23 81555
354682 4 10 81573
354694 4 22 81902
354696 4 23 81903
354772 4 9 81092
354776 4 21 81301
354778 4 22 81302
354780 4 10 81357
354784 4 2 81653
354786 4 5 81655
354788 4 1 81700
354792 4 1 81904
354794 4 23 80943
354796 4 1 80944
354798 4 21 80965
354800 4 5 81031
354804 4 21 81313
354810 4 14 81574
354812 4 15 81575
354814 4 5 81583
354818 4 2 81689
354826 4 3 81906
354830 4 9 81908
354928 4 5 80911
354932 4 21 81013
354936 4 3 81162
354938 4 10 81369
354942 4 1 81424
354946 4 10 81633
354948 4 14 81910
354950 4 15 81911
354952 4 19 81912
354954 4 21 81913
355024 4 23 81459
355026 4 2 81461
355032 4 10 81501
355040 4 5 80899
355042 4 10 81309
355048 4 23 81387
355052 4 10 81477
355054 4 1 81508
355056 4 1 81796
355060 4 23 81915
355142 4 9 81080
355148 4 21 81373
355160 4 9 78984
355162 4 5 79307
355166 4 14 79286
355168 4 19 79468
355170 4 19 79672
355172 4 10 79681
355174 4 5 79427
355176 4 9 79452
355184 4 19 79588
355186 4 3 79846
355200 4 1 79592
355204 4 3 79618
355208 4 21 79709
355210 4 21 79397
355212 4 22 79530
355214 4 2 79713
355216 4 10 79813
355220 4 3 79606
355228 4 9 79416
355232 4 22 79842
355234 4 10 79561
355236 4 10 79405
355238 4 15 79827
355240 4 22 79830
355260 4 14 79622
355268 4 10 79477
355270 4 9 79572
355280 4 23 79243
355288 4 5 79247
355296 4 10 79693
355304 4 10 79633
355312 4 9 79584
355316 4 9 79332
355318 4 2 79509
355320 4 9 79704
355322 4 10 79501
355330 4 21 79793
355340 4 5 79643
355342 4 21 79505
355354 4 3 79726
355356 4 22 79434
355372 4 22 78954
355374 4 21 79757
355390 4 2 79401
355392 4 2 79761
355394 4 21 79409
355400 4 15 79659
355402 4 23 79423
355412 4 14 79802
355414 4 21 79817
355428 4 2 79689
355438 4 1 79376
355440 4 1 79676
355442 4 5 79823
355446 4 10 79381
355448 4 15 79851
355450 4 23 79495
355462 4 14 79778
355482 4 14 79298
355484 4 23 79567
355488 4 15 79743
355502 4 15 79539
355504 4 23 79771
355510 4 21 79685
355516 4 23 79735
355542 4 19 79576
355552 4 1 79832
355620 4 1 79580
355668 4 1 79460
355680 4 19 79456
355704 4 2 79785
355724 4 3 79534
355994 4 3 99426
355996 4 2 99437
355998 4 5 99811
356000 4 15 100055
356002 4 9 100196
356004 4 3 99462
356006 4 5 99463
356008 4 9 99464
356010 4 10 99465
356012 4 9 99536
356014 4 9 99836
356018 4 5 99475
356020 4 1 99532
356022 4 2 99533
356024 4 23 99531
356026 4 3 99534
356028 4 23 99483
356030 4 10 99525
356032 4 19 99780
356034 4 23 99603
356036 4 1 99604
356038 4 2 99605
356040 4 3 99606
356042 4 10 99777
356044 4 22 100070
356046 4 3 99558
356048 4 5 99559
356050 4 1 99544
356052 4 2 99545
356054 4 14 99442
356056 4 23 99555
356058 4 3 99546
356060 4 5 99547
356064 4 21 99553
356066 4 22 99554
356068 4 19 99552
356070 4 19 99576
356072 4 2 99581
356074 4 9 99596
356076 4 3 99762
356078 4 21 99445
356082 4 15 99755
356084 4 10 99453
356086 4 22 99590
356088 4 23 99591
356090 4 1 99592
356092 4 2 99593
356094 4 10 99765
356096 4 14 99982
356098 4 5 99535
356100 4 10 99537
356102 4 3 99594
356104 4 10 100101
356106 4 14 99538
356108 4 15 99539
356110 4 19 99540
356112 4 21 99541
356114 4 22 99542
356116 4 23 99543
356118 4 9 99548
356120 4 10 99549
356122 4 14 99550
356124 4 15 99551
356126 4 1 99556
356128 4 2 99557
356130 4 9 99560
356132 4 10 99561
356134 4 14 99562
356136 4 15 99563
356138 4 19 99564
356140 4 21 99565
356142 4 1 99436
356144 4 1 99568
356146 4 2 99569
356148 4 3 99570
356150 4 5 99571
356152 4 5 99595
356156 4 9 99980
356158 4 14 99574
356160 4 15 99575
356162 4 9 99572
356164 4 10 99573
356166 4 22 99566
356168 4 23 99567
356170 4 2 99617
356172 4 3 99618
356174 4 5 99619
356176 4 9 99620
356178 4 19 99984
356180 4 23 100011
356182 4 2 100013
356184 4 5 99583
356186 4 9 99584
356188 4 19 99864
356190 4 19 99444
356192 4 5 99487
356194 4 9 99488
356196 4 10 99489
356198 4 14 99490
356200 4 21 99589
356202 4 1 99652
356204 4 15 99779
356206 4 15 99407
356208 4 19 99408
356214 4 2 99713
356216 4 14 99406
356218 4 2 99425
356224 4 15 99707
356226 4 10 99405
356230 4 14 99706
356234 4 9 99404
356242 4 10 99705
356244 4 5 99403
356252 4 9 99704
356254 4 23 99399
356256 4 1 99400
356258 4 2 99401
356260 4 3 99402
356266 4 22 99530
356268 4 5 99703
356272 4 21 99409
356278 4 5 99715
356280 4 19 99396
356282 4 21 99397
356288 4 1 99700
356290 4 15 99395
356298 4 23 99699
356302 4 22 99410
356308 4 9 99716
356310 4 14 99394
356318 4 22 99698
356322 4 23 99411
356328 4 10 99717
356330 4 10 99393
356338 4 21 99697
356342 4 1 99412
356348 4 14 99718
356350 4 9 99392
356358 4 19 99696
356360 4 5 99391
356368 4 15 99695
356372 4 2 99413
356378 4 15 99719
356382 4 1 99424
356386 4 3 99414
356392 4 19 99720
356394 4 23 99423
356402 4 5 99727
356406 4 5 99415
356412 4 21 99721
356416 4 9 99416
356418 4 10 99417
356420 4 14 99418
356422 4 15 99419
356426 4 22 99722
356428 4 2 99761
356430 4 22 99422
356438 4 3 99726
356440 4 21 99421
356448 4 2 99725
356450 4 19 99420
356458 4 1 99724
356460 4 1 99772
356462 4 2 99773
356464 4 5 100075
356468 4 22 99398
356474 4 2 99701
356476 4 2 99365
356478 4 3 99366
356480 4 5 99367
356482 4 9 99368
356484 4 2 99521
356486 4 15 99611
356488 4 10 99813
356490 4 22 99506
356492 4 3 99810
356494 4 22 99818
356496 4 15 99383
356498 4 19 99384
356500 4 21 99385
356502 4 22 99386
356504 4 9 99788
356506 4 22 100022
356508 4 21 100069
356510 4 3 99378
356512 4 3 99666
356514 4 19 99432
356516 4 2 99473
356518 4 15 99479
356522 4 22 99782
356524 4 19 99480
356528 4 3 99798
356530 4 21 99433
356532 4 14 99526
356534 4 15 99527
356536 4 19 99528
356538 4 21 99529
356542 4 14 99766
356544 4 2 99377
356546 4 19 99492
356548 4 3 99582
356550 4 10 99789
356552 4 14 99790
356554 4 15 99791
356556 4 19 99792
356558 4 10 99981
356560 4 2 99461
356562 4 14 99814
356564 4 15 99815
356566 4 19 99816
356568 4 21 99817
356570 4 19 100296
356572 4 19 99588
356574 4 5 99427
356576 4 14 99634
356578 4 1 99328
356580 4 2 99329
356582 4 3 99330
356584 4 5 99331
356586 4 9 99332
356588 4 9 99512
356590 4 23 99819
356592 4 1 99820
356594 4 3 99474
356606 4 9 99500
356608 4 19 99804
356610 4 21 99805
356612 4 3 99510
356614 4 22 99830
356616 4 23 99831
356618 4 21 99361
356620 4 22 99362
356622 4 23 99363
356624 4 1 99364
356626 4 1 99520
356628 4 9 99812
356630 4 15 99827
356632 4 15 99491
356636 4 15 99803
356638 4 21 99337
356640 4 22 99338
356642 4 23 99339
356644 4 1 99340
356646 4 21 99493
356650 4 2 99833
356652 4 5 99499
356658 4 22 99494
356660 4 23 99495
356662 4 1 99496
356664 4 2 99497
356666 4 14 99838
356668 4 9 100064
356670 4 5 100195
356672 4 5 100267
356674 4 2 99509
356680 4 10 99429
356682 4 22 99434
356684 4 19 99672
356686 4 21 99673
356688 4 22 99674
356690 4 23 99675
356692 4 19 100008
356694 4 21 100009
356696 4 3 99498
356702 4 10 99501
356706 4 22 99806
356708 4 14 99502
356712 4 23 99807
356714 4 15 99503
356718 4 1 99808
356720 4 19 99504
356724 4 2 99809
356726 4 21 99505
356740 4 21 99373
356742 4 22 99374
356744 4 23 99375
356746 4 1 99376
356748 4 1 99508
356754 4 21 99829
356760 4 5 99511
356774 4 10 99333
356776 4 14 99334
356778 4 15 99335
356780 4 19 99336
356782 4 10 99513
356786 4 2 99821
356796 4 2 99341
356798 4 3 99342
356800 4 5 99343
356802 4 9 99344
356804 4 14 99514
356808 4 3 99822
356818 4 10 99345
356820 4 14 99346
356822 4 15 99347
356824 4 19 99348
356826 4 15 99515
356830 4 5 99823
356840 4 21 99349
356842 4 22 99350
356844 4 23 99351
356846 4 1 99352
356848 4 19 99516
356852 4 9 99824
356862 4 2 99353
356864 4 3 99354
356866 4 5 99355
356868 4 9 99356
356870 4 21 99517
356874 4 10 99825
356884 4 10 99357
356886 4 14 99358
356888 4 15 99359
356890 4 19 99360
356892 4 22 99518
356896 4 14 99826
356914 4 23 99519
356928 4 10 99369
356930 4 14 99370
356932 4 15 99371
356934 4 19 99372
356936 4 3 99522
356940 4 19 99828
356958 4 5 99523
356964 4 1 99388
356966 4 9 99428
356968 4 21 99685
356970 4 23 99747
356972 4 19 99456
356988 4 3 99702
356994 4 23 99507
356998 4 22 99686
357000 4 23 99687
357002 4 1 99688
357004 4 2 99689
357006 4 5 98919
357008 4 10 98633
357010 4 14 98634
357012 4 15 98635
357014 4 19 98636
357016 4 14 98658
357018 4 15 98659
357020 4 19 98660
357022 4 21 98661
357024 4 10 98693
357026 4 5 98775
357028 4 14 98970
357030 4 15 98971
357032 4 19 98972
357034 4 21 98973
357036 4 22 98578
357038 4 19 98624
357040 4 22 98602
357042 4 23 98603
357044 4 1 98604
357046 4 2 98605
357048 4 9 98716
357050 4 10 98717
357052 4 14 98718
357054 4 15 98719
357056 4 2 99157
357058 4 21 98637
357060 4 3 98714
357062 4 14 98310
357064 4 19 98552
357066 4 14 98958
357068 4 23 98579
357070 4 14 98670
357072 4 21 98721
357074 4 10 98573
357076 4 1 98748
357078 4 2 98749
357080 4 3 98750
357082 4 5 98751
357084 4 1 98928
357086 4 1 98964
357088 4 2 98965
357090 4 3 98966
357092 4 5 98967
357102 4 9 99064
357104 4 1 99132
357106 4 2 99133
357108 4 3 99134
357110 4 5 99135
357112 4 23 98363
357114 4 1 98364
357116 4 2 98365
357118 4 3 98366
357120 4 2 98473
357122 4 23 98615
357124 4 1 98616
357126 4 2 98617
357128 4 3 98618
357130 4 21 98625
357132 4 15 98815
357134 4 19 98816
357136 4 21 98817
357138 4 22 98818
357140 4 5 99159
357142 4 9 99160
357144 4 19 99176
357146 4 19 98372
357148 4 21 98373
357150 4 22 98374
357152 4 23 98375
357154 4 23 98483
357156 4 10 98609
357158 4 14 98610
357160 4 15 98611
357162 4 19 98612
357164 4 15 98647
357166 4 23 98819
357168 4 1 98820
357170 4 2 98821
357172 4 3 98822
357174 4 22 99154
357176 4 3 99158
357178 4 1 99180
357180 4 14 98694
357182 4 10 98729
357184 4 3 98546
357186 4 10 98357
357188 4 1 98652
357190 4 2 98653
357192 4 3 98654
357194 4 5 98655
357196 4 3 98786
357198 4 9 98956
357200 4 23 98507
357202 4 2 98917
357204 4 21 98781
357206 4 19 98564
357208 4 19 98720
357210 4 22 98806
357212 4 23 98699
357214 4 22 98734
357216 4 1 98316
357218 4 9 98572
357220 4 5 98943
357222 4 21 99117
357224 4 22 99118
357226 4 23 99119
357228 4 1 99120
357230 4 15 99139
357232 4 19 98780
357234 4 1 98640
357236 4 2 98641
357238 4 3 98642
357240 4 5 98643
357242 4 9 98656
357244 4 2 98353
357246 4 3 98354
357248 4 5 98355
357250 4 9 98356
357252 4 21 98361
357254 4 21 98481
357256 4 1 98532
357258 4 5 98931
357260 4 21 98649
357262 4 1 98376
357264 4 2 98377
357266 4 3 98378
357268 4 5 98379
357270 4 22 98746
357272 4 2 98797
357274 4 3 98798
357276 4 5 98799
357278 4 9 98800
357280 4 21 98829
357282 4 23 99155
357284 4 15 98695
357286 4 19 98696
357288 4 21 98697
357290 4 22 98698
357292 4 1 98940
357296 4 23 98723
357298 4 14 98778
357300 4 14 98730
357302 4 15 98731
357304 4 19 98732
357306 4 21 98733
357308 4 1 98808
357310 4 22 98422
357312 4 23 98423
357314 4 1 98424
357316 4 2 98425
357318 4 3 98426
357320 4 5 98427
357322 4 9 98428
357324 4 10 98429
357326 4 1 98496
357328 4 2 98497
357330 4 3 98678
357332 4 9 98884
357334 4 10 98885
357336 4 14 98886
357338 4 15 98887
357340 4 14 99234
357342 4 14 98394
357344 4 15 98395
357346 4 19 98396
357348 4 21 98397
357350 4 22 98398
357352 4 23 98399
357354 4 1 98400
357356 4 2 98401
357358 4 3 98486
357360 4 5 98487
357362 4 3 98666
357364 4 3 98846
357366 4 5 98847
357368 4 9 98848
357370 4 10 98849
357372 4 22 99226
357374 4 3 98414
357376 4 9 98416
357378 4 14 98418
357380 4 15 98419
357382 4 19 98420
357384 4 21 98421
357386 4 21 98493
357388 4 22 98494
357390 4 23 98495
357392 4 1 98736
357394 4 2 98737
357396 4 3 98738
357398 4 5 98739
357400 4 23 98879
357402 4 9 99232
357412 4 3 98402
357414 4 5 98403
357416 4 9 98404
357418 4 10 98405
357422 4 9 98488
357424 4 5 98667
357426 4 14 98850
357428 4 15 98851
357430 4 19 98852
357432 4 21 98853
357434 4 23 99227
357438 4 5 98415
357442 4 10 98417
357444 4 19 98492
357458 4 22 98878
357460 4 22 98410
357462 4 23 98411
357464 4 1 98412
357466 4 2 98413
357476 4 15 98491
357480 4 1 98676
357482 4 14 98874
357484 4 15 98875
357486 4 19 98876
357488 4 21 98877
357490 4 5 99231
357500 4 15 98455
357502 4 19 98456
357504 4 21 98457
357506 4 22 98458
357510 4 19 98504
357512 4 23 98675
357514 4 3 98870
357516 4 5 98871
357518 4 9 98872
357520 4 10 98873
357522 4 1 99240
357534 4 2 98689
357536 4 9 98740
357538 4 10 98741
357540 4 14 98742
357542 4 15 98743
357544 4 21 98757
357546 4 22 98758
357548 4 23 98759
357550 4 1 98760
357552 4 1 98916
357562 4 1 98952
357574 4 5 99171
357576 4 9 99172
357578 4 10 99173
357580 4 14 99174
357582 4 19 98588
357584 4 21 98589
357586 4 22 98590
357588 4 23 98591
357590 4 2 98725
357592 4 3 98726
357594 4 5 98727
357596 4 9 98728
357598 4 23 98951
357600 4 19 99116
357602 4 22 99142
357604 4 2 98785
357616 4 5 98955
357620 4 2 99181
357622 4 3 99182
357624 4 5 99183
357626 4 9 99184
357636 4 10 98381
357638 4 14 98382
357640 4 15 98383
357642 4 19 98384
357646 4 22 98482
357648 4 10 98657
357650 4 22 98830
357652 4 23 98831
357654 4 1 98832
357656 4 2 98833
357658 4 5 99207
357660 4 23 98747
357662 4 10 98825
357664 4 14 98826
357666 4 15 98827
357668 4 19 98828
357672 4 9 98932
357674 4 14 99138
357684 4 22 98386
357686 4 23 98387
357688 4 1 98388
357690 4 2 98389
357694 4 1 98484
357696 4 23 98663
357698 4 3 98834
357700 4 5 98835
357702 4 9 98836
357704 4 10 98837
357706 4 15 99223
357716 4 3 98390
357718 4 5 98391
357720 4 9 98392
357722 4 10 98393
357726 4 2 98485
357728 4 1 98664
357730 4 14 98838
357732 4 15 98839
357734 4 19 98840
357736 4 21 98841
357738 4 19 99224
357760 4 2 98665
357762 4 22 98842
357764 4 23 98843
357766 4 1 98844
357768 4 2 98845
357770 4 21 99225
357780 4 14 98406
357782 4 15 98407
357784 4 19 98408
357786 4 21 98409
357790 4 10 98489
357792 4 9 98668
357794 4 22 98854
357796 4 23 98855
357798 4 1 98856
357800 4 2 98857
357802 4 1 99228
357814 4 10 98669
357816 4 3 98858
357818 4 5 98859
357820 4 9 98860
357822 4 10 98861
357824 4 2 99229
357846 4 2 98677
357848 4 1 98880
357850 4 2 98881
357852 4 3 98882
357854 4 5 98883
357856 4 10 99233
357866 4 14 98430
357868 4 15 98431
357870 4 19 98432
357872 4 21 98433
357876 4 3 98498
357878 4 5 98679
357880 4 19 98888
357882 4 21 98889
357884 4 22 98890
357886 4 23 98891
357888 4 15 99235
357898 4 22 98434
357900 4 23 98435
357902 4 1 98436
357904 4 2 98437
357908 4 5 98499
357910 4 9 98680
357912 4 1 98892
357914 4 2 98893
357916 4 3 98894
357918 4 5 98895
357920 4 19 99236
357930 4 3 98438
357932 4 5 98439
357934 4 9 98440
357936 4 10 98441
357940 4 9 98500
357942 4 10 98681
357944 4 9 98896
357946 4 10 98897
357948 4 14 98898
357950 4 15 98899
357952 4 21 99237
357954 4 14 98442
357956 4 15 98443
357958 4 19 98444
357960 4 21 98445
357962 4 10 98501
357964 4 3 98510
357966 4 1 98904
357968 4 2 98905
357970 4 3 98906
357972 4 5 98907
357974 4 5 99075
357984 4 22 98446
357986 4 23 98447
357988 4 1 98448
357990 4 2 98449
357994 4 14 98502
357996 4 15 98683
357998 4 9 98908
358000 4 10 98909
358002 4 14 98910
358004 4 15 98911
358006 4 23 99239
358018 4 19 98684
358036 4 19 98912
358038 4 21 98913
358040 4 22 98914
358042 4 23 98915
358044 4 5 98451
358046 4 9 98452
358048 4 10 98453
358050 4 14 98454
358060 4 15 98503
358064 4 23 98687
358066 4 22 98866
358068 4 23 98867
358070 4 1 98868
358072 4 2 98869
358074 4 3 99242
358086 4 15 98671
358088 4 19 98672
358090 4 21 98673
358092 4 22 98674
358094 4 22 98686
358096 4 14 98862
358098 4 15 98863
358100 4 19 98864
358102 4 21 98865
358104 4 21 99177
358106 4 22 99178
358108 4 2 99241
358110 4 1 98304
358112 4 2 98305
358114 4 3 98306
358116 4 5 98307
358118 4 23 98711
358120 4 15 98563
358122 4 15 98707
358132 4 5 98463
358134 4 9 98464
358136 4 10 98465
358138 4 14 98466
358142 4 21 98505
358144 4 14 98682
358146 4 19 98900
358148 4 21 98901
358150 4 22 98902
358152 4 23 98903
358154 4 22 99238
358156 4 22 98614
358158 4 23 98735
358170 4 1 98688
358172 4 15 98923
358174 4 19 98924
358176 4 21 98925
358178 4 22 98926
358180 4 5 99243
358192 4 23 98807
358198 4 2 99253
358200 4 5 98559
358202 4 9 98560
358204 4 3 98570
358206 4 22 98626
358208 4 23 98627
358210 4 9 99112
358212 4 1 99144
358214 4 2 99145
358216 4 3 99146
358218 4 5 99147
358220 4 15 98311
358222 4 19 98312
358262 4 23 98819
358552 4 5 98883
358752 4 21 98601
358756 4 2 98773
358782 4 9 98752
358784 4 3 98774
358796 4 3 98990
358798 4 5 98991
358800 4 9 98992
358802 4 10 98993
358804 4 10 99113
358806 4 2 98341
358834 4 10 98765
358836 4 21 99309
358838 4 22 99310
358840 4 23 99311
358842 4 1 99312
358856 4 2 99301
358858 4 3 99302
358860 4 5 99303
358862 4 9 99304
358864 4 2 99313
358866 4 3 99314
358868 4 5 99315
358870 4 9 99316
358872 4 2 98629
358874 4 3 98630
358876 4 5 98631
358878 4 9 98632
358882 4 10 98777
358884 4 14 98814
358886 4 19 98348
358888 4 10 98801
358890 4 14 98802
358892 4 15 98803
358894 4 19 98804
358896 4 22 98938
358898 4 2 98941
358900 4 22 99262
358902 4 15 98371
358904 4 5 98367
358906 4 9 98368
358908 4 10 98369
358910 4 14 98370
358912 4 23 98459
358914 4 3 98462
358916 4 23 98567
358918 4 21 98769
358920 4 22 98770
358922 4 1 98796
358924 4 23 98927
358926 4 3 98954
358950 4 5 99183
358954 4 3 99254
358956 4 5 99255
358958 4 9 99256
358960 4 10 99257
358966 4 23 98483
358968 4 10 98609
358970 4 14 98610
358972 4 15 98611
358974 4 19 98612
358986 4 1 99180
358988 4 14 99258
358990 4 15 99259
358992 4 19 99260
358994 4 21 99261
358996 4 23 98315
358998 4 23 98339
359002 4 3 98930
359024 4 9 98536
359026 4 19 98960
359028 4 21 98961
359030 4 22 98962
359032 4 23 98963
359034 4 9 98968
359036 4 22 99070
359038 4 23 99071
359040 4 1 99072
359042 4 2 99073
359044 4 14 99114
359046 4 23 99179
359058 4 21 98937
359060 4 22 98530
359062 4 10 98753
359064 4 15 98755
359066 4 19 98756
359068 4 23 98771
359070 4 15 99127
359072 4 19 99140
359074 4 1 98700
359076 4 2 98701
359078 4 3 98702
359080 4 5 98703
359082 4 10 99161
359084 4 22 98362
359086 4 5 98547
359088 4 14 98766
359092 4 14 98574
359094 4 15 98575
359096 4 19 98576
359098 4 21 98577
359100 4 21 98805
359102 4 5 98823
359104 4 9 98824
359116 4 10 98945
359118 4 14 98946
359120 4 15 98947
359122 4 19 98948
359124 4 19 99068
359126 4 22 99130
359128 4 2 98761
359132 4 10 99089
359134 4 14 99090
359136 4 15 99091
359138 4 19 99092
359140 4 21 99141
359146 4 23 98639
359148 4 15 98779
359156 4 21 98661
359158 4 10 98693
359174 4 23 98675
359176 4 1 98676
359180 4 2 99325
359182 4 3 99326
359184 4 5 99327
359186 4 1 98340
359188 4 5 98595
359190 4 9 98596
359192 4 10 98597
359194 4 14 98598
359196 4 14 98622
359198 4 9 98764
359220 4 1 98484
359230 4 2 99277
359232 4 3 99278
359234 4 5 99279
359236 4 9 99280
359238 4 10 99281
359240 4 14 99282
359242 4 15 99283
359244 4 19 99284
359246 4 19 98744
359262 4 22 98686
359268 4 10 99317
359270 4 14 99318
359272 4 15 99319
359274 4 19 99320
359276 4 21 99321
359278 4 22 99322
359280 4 23 99323
359282 4 1 99324
359296 4 9 98500
359300 4 14 98682
359306 4 10 99305
359308 4 14 99306
359310 4 15 99307
359312 4 19 99308
359318 4 3 98366
359326 4 22 98482
359332 4 5 99207
359342 4 1 99264
359344 4 2 99265
359346 4 3 99266
359348 4 5 99267
359360 4 2 98689
359402 4 1 98712
359404 4 2 98713
359406 4 19 98792
359408 4 21 98793
359410 4 22 98794
359412 4 23 98795
359414 4 2 98809
359444 4 2 99241
359462 4 2 98521
359464 4 3 98522
359466 4 5 98523
359468 4 9 98524
359470 4 10 98633
359472 4 14 98634
359474 4 19 98636
359476 4 21 98709
359478 4 3 98942
359480 4 10 99269
359482 4 14 99270
359484 4 15 99271
359486 4 19 99272
359540 4 2 98665
359542 4 21 99225
359552 4 21 99285
359554 4 22 99286
359556 4 23 99287
359558 4 1 99288
359572 4 5 98487
359588 4 2 99289
359590 4 3 99290
359592 4 5 99291
359594 4 9 99292
359624 4 10 99293
359626 4 14 99294
359628 4 15 99295
359630 4 19 99296
359644 4 10 98489
359660 4 21 99297
359662 4 22 99298
359664 4 23 99299
359666 4 1 99300
359702 4 22 98446
359714 4 21 98757
359718 4 23 98759
359720 4 1 98760
359740 4 1 99240
359764 4 22 98494
359772 4 14 98418
359774 4 15 98419
359784 4 23 98495
359802 4 1 98496
359806 4 3 98678
359814 4 3 98426
359822 4 2 98497
359826 4 5 98679
359834 4 14 98430
359838 4 21 98433
359842 4 3 98498
359848 4 15 99235
359862 4 5 98499
359866 4 10 98681
359868 4 19 99236
359896 4 10 98501
359902 4 5 99075
359924 4 22 98614
359926 4 21 98745
359932 4 3 98810
359934 4 5 98811
359936 4 9 98812
359938 4 10 98813
359940 4 23 98939
359944 4 22 98950
359946 4 5 98559
359948 4 9 98560
359952 4 23 98627
359954 4 9 99112
359966 4 2 98725
359972 4 9 98728
359974 4 22 99142
360000 4 23 98819
360002 4 1 98820
360004 4 2 98821
360006 4 3 98822
360012 4 21 92817
360014 4 22 92818
360016 4 1 92820
360018 4 1 92172
360020 4 5 92247
360022 4 5 92463
360024 4 10 92465
360026 4 21 92505
360028 4 23 92507
360030 4 21 92553
360032 4 22 92554
360034 4 1 92640
360072 4 22 92218
360074 4 2 93085
360076 4 3 93086
360078 4 5 93087
360080 4 19 92180
360082 4 3 92594
360084 4 10 92597
360086 4 15 92935
360088 4 19 92936
360118 4 22 93010
360120 4 23 93011
360122 4 1 93072
360124 4 3 93074
360146 4 10 92849
360148 4 21 93033
360150 4 23 93035
360152 4 14 92850
360156 4 22 93034
360158 4 21 92853
360160 4 2 93037
360162 4 5 93039
360164 4 9 93172
360166 4 14 93174
360170 4 14 92466
360172 4 2 92833
360174 4 3 92834
360176 4 5 92835
360178 4 10 92837
360180 4 14 92838
360182 4 19 93176
360184 4 14 92886
360186 4 10 93041
360188 4 14 93042
360190 4 5 92187
360192 4 15 92515
360198 4 10 92861
360200 4 9 92404
360202 4 2 92845
360204 4 2 93133
360206 4 3 93134
360208 4 5 92319
360210 4 10 92321
360212 4 10 92417
360214 4 19 92420
360216 4 22 92662
360218 4 23 92663
360220 4 10 93017
360222 4 14 93018
360224 4 3 93050
360226 4 5 93051
360248 4 10 92297
360250 4 14 92298
360252 4 10 92573
360272 4 23 93095
360274 4 3 93098
360276 4 21 92169
360280 4 9 92368
360282 4 10 92381
360284 4 15 92383
360286 4 9 92452
360288 4 15 92455
360290 4 22 92482
360292 4 23 92495
360294 4 19 92840
360296 4 1 93084
360298 4 22 93106
360356 4 9 92284
360358 4 15 93007
360360 4 5 93123
360376 4 10 92285
360378 4 14 92490
360382 4 5 92859
360384 4 21 93009
360386 4 3 93110
360388 4 10 92213
360390 4 23 93059
360392 4 1 93060
360394 4 22 93178
360396 4 23 93179
360398 4 22 92926
360400 4 2 92929
360402 4 9 93100
360404 4 15 93103
360410 4 10 92969
360412 4 15 92971
360414 4 15 93091
360416 4 22 93094
360418 4 15 93127
360420 4 22 93130
360438 4 9 93076
360440 4 5 93111
360442 4 9 93112
360444 4 23 92291
360446 4 14 92562
360448 4 10 92309
360450 4 1 92412
360452 4 21 92457
360454 4 21 92385
360456 4 22 92386
360458 4 22 92458
360462 4 23 92303
360464 4 23 92399
360466 4 2 92401
360468 4 23 92435
360490 4 9 92440
360492 4 5 92451
360494 4 9 93004
360516 4 2 92461
360518 4 3 92474
360520 4 9 92476
360522 4 14 92286
360524 4 14 92310
360526 4 19 92552
360532 4 1 92448
360538 4 19 92660
360540 4 3 92978
360542 4 1 93120
360574 4 21 92181
360578 4 10 93101
360594 4 14 92178
360598 4 2 93097
360614 4 2 92989
360616 4 5 92991
360636 4 1 93168
360638 4 2 93169
360640 4 3 93170
360644 4 14 92514
360648 4 1 92556
360654 4 1 92232
360658 4 15 93043
360660 4 14 93054
360668 4 1 92484
360670 4 5 92487
360672 4 9 92536
360676 4 19 92972
360678 4 23 93047
360682 4 21 93093
360684 4 1 92292
360686 4 2 92293
360690 4 1 92316
360700 4 5 92283
360702 4 2 92797
360704 4 9 92800
360706 4 22 92446
360710 4 9 92524
360712 4 14 92526
360714 4 21 92541
360716 4 22 92542
360718 4 23 92219
360720 4 1 92220
360722 4 19 92468
360724 4 23 92471
360726 4 15 93055
360730 4 9 93088
360732 4 10 93113
360734 4 15 93115
360736 4 19 93116
360738 4 19 93140
360748 4 9 92272
360750 4 19 92576
360752 4 3 92618
360754 4 5 92619
360758 4 5 93171
360762 4 15 93175
360764 4 9 92164
360766 4 10 92405
360768 4 5 93003
360772 4 1 93180
360802 4 2 93061
360808 4 2 93181
360814 4 21 92241
360816 4 22 92530
360818 4 23 92531
360820 4 23 92987
360824 4 15 92287
360826 4 9 92632
360828 4 15 92635
360830 4 22 92794
360832 4 19 93032
360878 4 2 92653
360882 4 14 93066
360884 4 15 93067
360886 4 19 93068
360888 4 21 93069
360894 4 14 92418
360896 4 10 92489
360902 4 1 92664
360906 4 22 93046
360908 4 3 93182
360912 4 14 92862
360918 4 22 92650
360930 4 21 92421
360932 4 19 92528
360936 4 19 93128
360938 4 9 92236
360940 4 22 92242
360942 4 15 92275
360944 4 21 92277
360946 4 2 92557
360948 4 9 92560
360950 4 23 93107
360968 4 1 92436
360976 4 1 92244
360980 4 10 92453
360984 4 21 93105
361012 4 19 92816
361014 4 5 93027
361016 4 10 93029
361018 4 22 92194
361020 4 15 92467
361022 4 3 92534
361052 4 5 92175
361058 4 3 92798
361060 4 21 92841
361062 4 21 93021
361064 4 21 93045
361126 4 3 92282
361128 4 3 92186
361130 4 2 92425
361132 4 3 92570
361134 4 15 92575
361136 4 21 92397
361140 4 5 93183
361144 4 19 92444
361148 4 15 92491
361152 4 9 92620
361180 4 10 92501
361182 4 19 92504
361184 4 5 92583
361200 4 23 92447
361202 4 10 92549
361204 4 21 92649
361282 4 14 92478
361284 4 19 92480
361288 4 14 92574
361290 4 15 92323
361294 4 14 93030
361296 4 22 92494
361300 4 10 92585
361302 4 10 92537
361304 4 19 92540
361306 4 14 92622
361308 4 22 92842
361312 4 2 92533
361318 4 10 92525
361320 4 2 92641
361322 4 3 92642
361324 4 5 92775
361326 4 10 92777
361328 4 1 92856
361330 4 2 92857
361332 4 3 92858
361334 4 1 92844
361336 4 15 92851
361338 4 19 92852
361340 4 22 92854
361342 4 23 92855
361344 4 15 92863
361348 4 9 92920
361350 4 2 92881
361352 4 5 92883
361354 4 19 92888
361356 4 22 92890
361370 4 15 92263
361372 4 15 92347
361374 4 19 92348
361376 4 22 92350
361378 4 14 92718
361380 4 15 92719
361406 4 19 92264
361408 4 21 92349
361410 4 23 92351
361412 4 3 92354
361414 4 3 92726
361416 4 9 92728
361442 4 22 92266
361444 4 2 92353
361446 4 5 92355
361448 4 10 92357
361450 4 14 92730
361452 4 15 92731
361478 4 23 92267
361482 4 9 92356
361484 4 14 92358
361486 4 22 92734
361488 4 1 92736
361514 4 1 92268
361516 4 19 92324
361520 4 3 92738
361522 4 5 92739
361524 4 2 92785
361554 4 5 92271
361556 4 21 92361
361558 4 23 92363
361560 4 14 92754
361562 4 19 92756
361584 4 1 92280
361588 4 2 92365
361590 4 3 92366
361592 4 3 92762
361594 4 5 92763
361620 4 21 92253
361622 4 23 92327
361624 4 1 92328
361626 4 14 92670
361628 4 15 92671
361654 4 23 92519
361656 4 2 92521
361658 4 22 93022
361694 4 3 92510
361696 4 5 92511
361698 4 1 92652
361704 4 9 92308
361708 4 3 92414
361726 4 2 92413
361728 4 19 92624
361730 4 21 92625
361732 4 1 92628
361734 4 2 92629
361736 4 3 92450
361738 4 9 92500
361740 4 21 92517
361744 4 23 93023
361750 4 21 93117
361792 4 9 92248
361794 4 21 92325
361796 4 3 92330
361816 4 5 92655
361818 4 1 92796
361820 4 5 92871
361826 4 2 92437
361830 4 9 93076
361832 4 10 93077
361834 4 14 93078
361882 4 23 92279
361886 4 5 92331
361888 4 21 92337
361910 4 3 92258
361914 4 23 92339
361916 4 9 92344
361938 4 10 92261
361942 4 14 92346
361982 4 2 92269
361986 4 15 92359
361988 4 19 92360
362010 4 3 92270
362014 4 22 92362
362016 4 1 92364
362068 4 21 92265
362072 4 1 92352
362104 4 14 92262
362106 4 5 92343
362108 4 10 92345
362132 4 9 92260
362134 4 2 92341
362136 4 3 92342
362160 4 5 92259
362162 4 22 92338
362164 4 1 92340
362188 4 2 92257
362190 4 14 92334
362192 4 15 92335
362194 4 19 92336
362216 4 23 92255
362218 4 9 92332
362220 4 10 92333
362244 4 22 92254
362248 4 2 92329
362288 4 2 92245
362292 4 2 92389
362294 4 14 92406
362296 4 22 92806
362298 4 23 92807
362332 4 22 92518
362334 4 15 92659
362456 4 2 92509
362458 4 23 92771
362460 4 1 92772
362464 4 9 92776
362468 4 14 92766
362496 4 2 92545
362498 4 15 92995
362500 4 1 92256
362508 4 9 92824
362522 4 14 92250
362552 4 22 92506
362558 4 2 93049
362564 4 3 92246
362568 4 14 92430
362570 4 21 92433
362572 4 22 92902
362574 4 1 92904
362600 4 15 92767
362602 4 19 92768
362604 4 10 92801
362606 4 19 92960
362610 4 9 92656
362614 4 14 92934
362616 4 3 92786
362620 4 14 92802
362622 4 23 92951
362624 4 3 92174
362628 4 1 92916
362630 4 14 93126
362638 4 5 92787
362640 4 14 92790
362642 4 21 92925
362650 4 15 92779
362652 4 19 92780
362654 4 21 92781
362660 4 1 93048
362672 4 14 92286
362674 4 2 92449
362678 4 10 92825
362680 4 3 93002
362682 4 19 93080
362684 4 14 93090
362686 4 21 93141
362728 4 1 92496
362730 4 10 92921
362732 4 14 92922
362734 4 19 92408
362738 4 2 93001
362764 4 14 92586
362766 4 19 92588
362768 4 15 92983
362770 4 19 92984
362774 4 15 92791
362776 4 9 92812
362778 4 3 92966
362798 4 19 92636
362800 4 21 92637
362802 4 3 92810
362814 4 10 92561
362830 4 2 93121
362832 4 15 92251
362850 4 10 92813
362852 4 19 92828
362854 4 1 92988
362876 4 23 92171
362910 4 5 92199
362912 4 10 92981
362914 4 10 92993
362950 4 21 92829
362952 4 9 92872
362954 4 14 93006
362956 4 3 92666
362958 4 9 92668
362990 4 22 92674
362992 4 1 92676
363014 4 3 92678
363016 4 5 92679
363038 4 14 92682
363040 4 15 92683
363062 4 22 92686
363064 4 23 92687
363086 4 3 92690
363088 4 5 92691
363108 4 14 92694
363110 4 19 92696
363134 4 22 92698
363136 4 23 92699
363158 4 3 92702
363160 4 5 92703
363182 4 22 92710
363184 4 1 92712
363206 4 3 92714
363208 4 5 92715
363278 4 22 92722
363280 4 23 92723
363374 4 14 92742
363376 4 19 92744
363398 4 22 92746
363400 4 23 92747
363428 4 3 92750
363430 4 5 92751
363458 4 22 92758
363460 4 1 92760
363530 4 3 92282
363536 4 9 92440
363538 4 10 92441
363542 4 3 92546
363620 4 3 93014
363622 4 2 93025
363626 4 10 92873
363628 4 15 92911
363630 4 15 93031
363638 4 15 92923
363642 4 21 92937
363646 4 5 92847
363650 4 21 93057
363672 4 23 92843
363676 4 5 93063
363706 4 23 93119
363712 4 21 92913
363714 4 14 92994
363716 4 22 92866
363718 4 23 92867
363720 4 14 92898
363722 4 1 93024
363726 4 2 92917
363728 4 15 92947
363730 4 23 93071
363740 4 19 92396
363744 4 5 92907
363746 4 10 92909
363748 4 3 93026
363752 4 19 92900
363754 4 1 92952
363756 4 19 93056
363764 4 19 92948
363766 4 22 92962
363768 4 5 93099
363804 4 1 92964
363806 4 22 92974
363808 4 2 93109
363816 4 23 92939
363818 4 2 92941
363820 4 22 93058
363824 4 3 92954
363826 4 9 92956
363828 4 15 92959
363832 4 21 92985
363860 4 10 92273
363864 4 14 92370
363866 4 19 92612
363868 4 9 92896
363870 4 3 92906
363902 4 14 92274
363906 4 22 92398
363908 4 23 92603
363910 4 3 92882
363912 4 23 92915
363944 4 2 92977
363946 4 19 93104
363950 4 21 92973
363988 4 1 93132
363994 4 21 92565
363996 4 22 92926
363998 4 23 92927
364024 4 2 92281
364026 4 14 92862
364030 4 9 92968
364048 4 21 92577
364050 4 15 92827
364076 4 9 92488
364080 4 1 92820
364100 4 15 92563
364102 4 2 92821
364118 4 21 92181
364130 4 5 92979
364134 4 3 93074
364144 4 23 92183
364148 4 21 92961
364204 4 22 92566
364226 4 22 93010
364242 4 14 93018
364250 4 21 92661
364254 4 21 93081
364280 4 10 92897
364296 4 14 92634
364300 4 14 92562
364320 4 22 92194
364322 4 15 92467
364350 4 5 92499
364354 4 5 92535
364358 4 5 92967
364400 4 3 92570
364404 4 3 93182
364414 4 3 93050
364422 4 15 92311
364424 4 10 92645
364426 4 14 92982
364456 4 1 92520
364460 4 10 93089
364504 4 22 92482
364518 4 9 92296
364522 4 22 92578
364524 4 3 92930
364526 4 9 93124
364532 4 15 92551
364534 4 23 92795
364536 4 10 93065
364572 4 21 92301
364574 4 22 92614
364576 4 1 92616
364578 4 5 92943
364580 4 10 93125
364590 4 9 92500
364628 4 1 92172
364632 4 10 92465
364634 4 21 92553
364636 4 22 92554
364648 4 21 92397
364668 4 19 92564
364670 4 5 92811
364672 4 9 92884
364694 4 10 92177
364732 4 2 92569
364734 4 5 92823
364736 4 19 92876
364788 4 3 92822
364792 4 10 92945
364832 4 14 92610
364834 4 1 92832
364836 4 5 92895
364866 4 9 92932
364900 4 3 92582
364904 4 9 92860
364928 4 15 92611
365012 4 14 92706
365014 4 2 92833
365016 4 3 92834
365086 4 14 92598
365090 4 21 92877
365114 4 15 92599
365118 4 22 92878
365142 4 19 92600
365146 4 23 92879
365170 4 21 92601
365174 4 1 92880
365198 4 22 92602
365226 4 22 92590
365230 4 21 92865
365286 4 10 92885
365306 4 1 92604
365310 4 15 92887
365334 4 2 92605
365338 4 21 92889
365362 4 3 92606
365366 4 23 92891
365390 4 5 92607
365394 4 2 92893
365418 4 9 92608
365422 4 3 92894
365446 4 10 92609
365472 4 2 92257
365474 4 21 92613
365476 4 3 92870
365502 4 1 92592
365554 4 10 92969
365556 4 1 93108
365642 4 22 92818
365646 4 3 92414
365648 4 1 92244
365650 4 14 92670
365920 4 22 92734
365936 4 3 92738
365986 4 23 89771
365988 4 1 90096
365990 4 2 89893
365998 4 22 89170
366000 4 3 89702
366002 4 2 90109
366004 4 23 89627
366008 4 5 89991
366010 4 19 90092
366018 4 10 89933
366020 4 1 89520
366026 4 2 89737
366034 4 10 89585
366036 4 1 90036
366040 4 15 89623
366044 4 23 89411
366046 4 5 89871
366050 4 21 89601
366054 4 14 89742
366056 4 23 89867
366058 4 10 89837
366070 4 23 89975
366080 4 21 89205
366082 4 1 89784
366084 4 15 89983
366086 4 23 89999
366094 4 10 89249
366098 4 2 89617
366102 4 23 89123
366104 4 9 89188
366106 4 1 89688
366108 4 9 89692
366110 4 15 89119
366112 4 3 89174
366114 4 14 89178
366116 4 14 89706
366118 4 9 89200
366120 4 21 89157
366122 4 5 89283
366124 4 2 89209
366132 4 15 89131
366136 4 21 89961
366138 4 15 89239
366156 4 15 89887
366178 4 2 89581
366180 4 21 89145
366204 4 22 89098
366266 4 1 94208
366268 4 1 94256
366270 4 22 94314
366272 4 22 95130
366274 4 2 94209
366276 4 3 94210
366278 4 5 94211
366280 4 9 94212
366282 4 22 94218
366284 4 9 94272
366286 4 10 94273
366288 4 14 94274
366290 4 22 94854
366292 4 5 94955
366294 4 15 95115
366344 4 10 94213
366346 4 14 94214
366348 4 15 94215
366350 4 19 94216
366352 4 21 94217
366354 4 21 94229
366356 4 9 94296
366358 4 1 94376
366360 4 23 94459
366362 4 21 94781
366364 4 23 94783
366366 4 23 94927
366424 4 23 94219
366426 4 1 94220
366428 4 2 94221
366430 4 3 94222
366432 4 14 94862
366434 4 15 94875
366436 4 2 94893
366438 4 2 94929
366478 4 5 94223
366480 4 9 94224
366482 4 10 94225
366484 4 14 94226
366486 4 3 94306
366488 4 5 94367
366490 4 19 94792
366492 4 15 94227
366494 4 1 95024
366496 4 5 95027
366498 4 19 94228
366510 4 22 94230
366512 4 3 94378
366514 4 15 94983
366516 4 23 94231
366518 4 19 94576
366520 4 14 94874
366522 4 1 95108
366524 4 1 94232
366526 4 2 94233
366528 4 3 94234
366530 4 5 94235
366532 4 9 94236
366534 4 21 94337
366536 4 22 94338
366538 4 1 94340
366540 4 22 94878
366542 4 22 94914
366544 4 9 94956
366546 4 10 95101
366592 4 10 94237
366594 4 14 94238
366596 4 15 94239
366598 4 19 94240
366600 4 5 94295
366602 4 14 94322
366604 4 21 94325
366606 4 3 94366
366608 4 22 94386
366610 4 9 94788
366612 4 9 94980
366654 4 21 94241
366656 4 14 94454
366658 4 21 94457
366660 4 15 94791
366662 4 1 95204
366664 4 3 95206
366666 4 22 94242
366668 4 23 94243
366670 4 1 94244
366672 4 2 94245
366674 4 5 94247
366676 4 23 94255
366678 4 10 94345
366680 4 14 94346
366682 4 1 94388
366684 4 3 94390
366686 4 15 94755
366688 4 21 94757
366690 4 1 94868
366692 4 23 94879
366694 4 1 94928
366696 4 19 94936
366698 4 1 94940
366700 4 14 94982
366702 4 2 95109
366748 4 3 94246
366750 4 9 94908
366772 4 9 94248
366774 4 22 94254
366776 4 10 94249
366778 4 10 94321
366780 4 14 94250
366782 4 1 94316
366784 4 3 94318
366786 4 15 94251
366788 4 15 94467
366790 4 22 94470
366792 4 22 94806
366794 4 19 94252
366796 4 9 94824
366798 4 10 94825
366800 4 19 94852
366802 4 19 94876
366804 4 21 94253
366810 4 15 94899
366812 4 21 94901
366814 4 9 94944
366844 4 14 94478
366846 4 21 94481
366850 4 2 94257
366852 4 10 94585
366854 4 15 94587
366856 4 19 94588
366858 4 21 94889
366860 4 23 94891
366862 4 1 94892
366864 4 2 94941
366866 4 3 94258
366868 4 1 94460
366870 4 5 94463
366872 4 10 94537
366878 4 14 94826
366880 4 15 94827
366882 4 5 94259
366884 4 9 94260
366890 4 10 94261
366892 4 14 94262
366894 4 15 94263
366896 4 19 94264
366898 4 22 94290
366928 4 21 94265
366930 4 9 94836
366932 4 15 94839
366934 4 19 94888
366938 4 22 94266
366940 4 23 94267
366942 4 1 94268
366944 4 2 94269
366946 4 22 94842
366948 4 2 94845
366950 4 15 94947
366952 4 1 94952
366954 4 10 94957
366958 4 19 94984
366960 4 14 95102
367010 4 3 94270
367012 4 1 94292
367014 4 5 94271
367016 4 5 94607
367018 4 10 94609
367020 4 3 94870
367036 4 15 94275
367038 4 1 94304
367048 4 5 94943
367100 4 19 94276
367102 4 21 94277
367104 4 22 94278
367106 4 23 94279
367110 4 21 94469
367112 4 2 94473
367114 4 3 94474
367116 4 1 94544
367118 4 9 94656
367120 4 14 94658
367122 4 15 94659
367126 4 3 94846
367128 4 5 94847
367130 4 9 94848
367132 4 9 94860
367134 4 21 94961
367136 4 1 95000
367138 4 2 95001
367210 4 1 94280
367212 4 2 94281
367214 4 3 94282
367216 4 5 94283
367218 4 3 94450
367220 4 5 94451
367224 4 19 94456
367226 4 1 94568
367228 4 19 94660
367230 4 21 94661
367232 4 22 94662
367236 4 21 94853
367238 4 1 94856
367240 4 3 94858
367242 4 5 94859
367244 4 19 94960
367246 4 10 95005
367248 4 15 95007
367252 4 10 95209
367324 4 9 94284
367326 4 10 94285
367328 4 14 94286
367330 4 15 94287
367334 4 23 94339
367338 4 5 94823
367340 4 9 94920
367342 4 14 95114
367386 4 19 94288
367388 4 21 94289
367398 4 23 94291
367404 4 2 94293
367406 4 23 94387
367408 4 3 94294
367438 4 10 94297
367440 4 10 94465
367448 4 1 94988
367450 4 14 94298
367452 4 19 94636
367454 4 22 94638
367456 4 1 94916
367458 4 5 94919
367460 4 22 94926
367462 4 15 94299
367466 4 14 94586
367472 4 19 94300
367474 4 21 94301
367478 4 2 94461
367480 4 3 94462
367482 4 23 95131
367484 4 22 94302
367490 4 5 94907
367492 4 23 94303
367494 4 1 94628
367514 4 2 94305
367518 4 22 94890
367528 4 5 94307
367530 4 9 94308
367532 4 9 94356
367534 4 10 94309
367536 4 14 94310
367538 4 15 94311
367540 4 19 94312
367542 4 21 94313
367550 4 1 94592
367552 4 10 94621
367554 4 2 94797
367556 4 3 94930
367614 4 2 95013
367616 4 3 95014
367618 4 9 95016
367620 4 23 94315
367626 4 2 94317
367630 4 5 94319
367634 4 23 94579
367636 4 3 94942
367642 4 5 95015
367644 4 23 95023
367646 4 15 95127
367700 4 9 94320
367712 4 15 94323
367714 4 19 94324
367760 4 22 94326
367762 4 23 94327
367764 4 9 94380
367766 4 10 94909
367768 4 1 94328
367770 4 21 94841
367772 4 2 94329
367774 4 3 94330
367776 4 5 94331
367778 4 9 94332
367780 4 10 94417
367782 4 19 94420
367788 4 19 94828
367790 4 21 94829
367792 4 2 94869
367794 4 14 94886
367852 4 10 94333
367854 4 14 94334
367856 4 15 94335
367858 4 9 94416
367860 4 19 94336
367862 4 1 94604
367864 4 2 94605
367866 4 19 95104
367868 4 23 95107
367944 4 2 94341
367946 4 3 94342
367948 4 5 94343
367950 4 9 94344
367952 4 23 94831
367954 4 1 94832
367956 4 5 94895
367958 4 10 94897
367960 4 21 94985
367962 4 22 94986
367964 4 10 94993
367966 4 14 94994
368032 4 15 94347
368034 4 19 94348
368036 4 22 94590
368040 4 19 94756
368046 4 1 95132
368098 4 21 94349
368100 4 22 94350
368102 4 23 94351
368104 4 1 94352
368106 4 2 94353
368108 4 5 94547
368112 4 21 94637
368114 4 3 94894
368116 4 14 94970
368156 4 3 94354
368158 4 5 94355
368160 4 1 94400
368166 4 10 94357
368168 4 5 94403
368170 4 14 94358
368172 4 9 94404
368174 4 15 94359
368176 4 10 94405
368178 4 19 94360
368180 4 14 94406
368182 4 21 94361
368184 4 22 94362
368186 4 23 94363
368188 4 1 94364
368190 4 2 94377
368192 4 2 94401
368198 4 23 94639
368200 4 10 94885
368248 4 2 94365
368250 4 22 94410
368264 4 14 94418
368266 4 1 94472
368274 4 9 94368
368276 4 15 94407
368278 4 10 94369
368280 4 19 94408
368282 4 14 94370
368284 4 23 94411
368286 4 15 94371
368288 4 21 94409
368290 4 19 94372
368292 4 2 94413
368294 4 21 94373
368296 4 3 94414
368298 4 22 94374
368300 4 23 94591
368302 4 23 94375
368304 4 5 94415
368330 4 10 94753
368334 4 5 94379
368344 4 23 94987
368346 4 10 94381
368348 4 14 94382
368350 4 15 94383
368352 4 19 94384
368354 4 14 94634
368356 4 15 94635
368388 4 21 94385
368390 4 14 94538
368424 4 2 94389
368428 4 5 94391
368432 4 1 94784
368434 4 9 94812
368492 4 9 94392
368494 4 10 94393
368496 4 14 94394
368498 4 15 94395
368502 4 2 95025
368506 4 9 95028
368508 4 14 95030
368548 4 19 94396
368550 4 22 94578
368552 4 21 94397
368554 4 9 94584
368556 4 15 94959
368558 4 22 94398
368560 4 2 94545
368562 4 23 94399
368564 4 9 94548
368578 4 21 94925
368580 4 3 94402
368618 4 1 94412
368646 4 15 94419
368660 4 9 94932
368662 4 14 94934
368664 4 21 94937
368666 4 9 95004
368726 4 21 94421
368728 4 15 94575
368730 4 19 94612
368732 4 22 94422
368734 4 23 94423
368736 4 1 94424
368738 4 2 94425
368740 4 1 94508
368742 4 5 94511
368744 4 9 94512
368746 4 10 94513
368748 4 15 94515
368750 4 19 94516
368752 4 9 94560
368754 4 10 94561
368756 4 9 94704
368758 4 10 94705
368760 4 14 94706
368762 4 1 94712
368764 4 2 94713
368766 4 3 94714
368768 4 1 95072
368770 4 2 95073
368772 4 9 95076
368774 4 14 95078
368776 4 15 95079
368844 4 3 94426
368846 4 5 94427
368848 4 9 94428
368850 4 10 94429
368852 4 22 94434
368854 4 2 94437
368856 4 14 94490
368858 4 19 94492
368860 4 21 94493
368862 4 22 94494
368864 4 19 94552
368866 4 21 94553
368868 4 19 94708
368870 4 21 94709
368872 4 22 94710
368874 4 19 94720
368876 4 22 94722
368878 4 23 94723
368880 4 9 95040
368882 4 10 95041
368884 4 15 95043
368886 4 19 95044
368888 4 23 95047
368956 4 14 94430
368958 4 15 94431
368960 4 19 94432
368962 4 21 94433
368964 4 3 94438
368966 4 5 94439
368968 4 22 94506
368970 4 23 94507
368974 4 2 94509
368976 4 3 94510
368978 4 5 94559
368980 4 9 94716
368982 4 10 94717
368984 4 14 94718
368986 4 1 94724
368988 4 2 94725
368990 4 5 94727
368992 4 19 95068
368994 4 22 95070
368996 4 23 95071
369070 4 23 94435
369072 4 1 94436
369078 4 23 94495
369080 4 1 94496
369082 4 3 94498
369086 4 22 94554
369090 4 21 94721
369094 4 9 94728
369096 4 10 94729
369098 4 14 94730
369102 4 21 95045
369106 4 1 95048
369108 4 2 95049
369184 4 9 94440
369186 4 10 94441
369188 4 14 94442
369190 4 19 94444
369192 4 21 94505
369198 4 3 94558
369204 4 3 94726
369206 4 19 94732
369208 4 21 94733
369210 4 23 94735
369212 4 9 95064
369214 4 10 95065
369216 4 15 95067
369294 4 15 94443
369298 4 21 94445
369300 4 22 94446
369302 4 1 94448
369304 4 19 94504
369308 4 2 94557
369316 4 9 94740
369318 4 21 94745
369320 4 22 94746
369322 4 23 94747
369324 4 22 94962
369326 4 23 94963
369328 4 1 94964
369406 4 23 94447
369410 4 2 94449
369414 4 19 94540
369416 4 23 94543
369418 4 1 94556
369422 4 10 94573
369428 4 1 94748
369430 4 2 94749
369432 4 3 94750
369434 4 5 94751
369440 4 1 95060
369442 4 2 95061
369444 4 5 95063
369512 4 1 94280
369522 4 9 94452
369524 4 10 94453
369526 4 2 94533
369528 4 3 94534
369530 4 15 94539
369532 4 23 94567
369540 4 23 94663
369542 4 1 94664
369544 4 2 94665
369546 4 3 94666
369548 4 10 95005
369550 4 14 95006
369552 4 15 95007
369554 4 19 95056
369556 4 22 95058
369626 4 9 94272
369638 4 15 94455
369644 4 15 94791
369648 4 1 94856
369650 4 2 94857
369654 4 5 94943
369714 4 22 94458
369716 4 21 94625
369732 4 21 94301
369746 4 10 94537
369748 4 1 94592
369802 4 9 94464
369804 4 15 94971
369812 4 14 94466
369814 4 23 94471
369818 4 19 94276
369820 4 21 94277
369828 4 19 94468
369830 4 21 94469
369832 4 22 94470
369840 4 9 94848
369842 4 10 94849
369846 4 9 94872
369848 4 3 94942
369850 4 23 95023
369932 4 22 94278
369934 4 23 94279
369936 4 2 94473
369938 4 3 94474
369940 4 5 94475
369942 4 9 94476
369944 4 22 94482
369946 4 2 94485
369950 4 10 94549
369952 4 9 94656
369956 4 9 94680
369958 4 14 94682
369960 4 23 94759
369962 4 1 95000
369964 4 2 95001
369966 4 3 95002
369968 4 15 95031
369970 4 19 95032
370044 4 10 94477
370046 4 2 94617
370048 4 1 94256
370052 4 15 94479
370054 4 19 94480
370058 4 19 94852
370060 4 5 94895
370062 4 9 94896
370066 4 14 94898
370124 4 23 94483
370126 4 1 94484
370130 4 3 94486
370132 4 5 94487
370136 4 14 94550
370142 4 9 94692
370144 4 10 94693
370146 4 9 94764
370148 4 1 94976
370150 4 3 94978
370156 4 21 95033
370240 4 9 94488
370242 4 10 94489
370246 4 15 94491
370250 4 15 94551
370256 4 1 94700
370258 4 3 94702
370260 4 14 94766
370266 4 5 94979
370268 4 1 95036
370270 4 3 95038
370374 4 19 94768
370380 4 5 95039
370518 4 2 94497
370522 4 5 94499
370524 4 9 94500
370526 4 10 94501
370530 4 23 94555
370536 4 1 94736
370538 4 3 94738
370540 4 22 94770
370546 4 3 95050
370548 4 9 95052
370550 4 10 95053
370634 4 14 94502
370636 4 15 94503
370644 4 10 94741
370646 4 15 94743
370648 4 23 94771
370650 4 22 94818
370652 4 1 94820
370654 4 2 94821
370660 4 14 95054
370860 4 21 94769
370870 4 3 95074
370976 4 14 94514
370982 4 21 94517
370984 4 22 94518
370986 4 1 94520
370990 4 14 94562
370992 4 19 94696
370994 4 21 94697
371000 4 15 94767
371006 4 19 95080
371008 4 22 95082
371010 4 23 95083
371092 4 23 94519
371096 4 2 94521
371098 4 5 94523
371100 4 9 94524
371104 4 15 94563
371106 4 1 94688
371108 4 2 94689
371114 4 10 94765
371120 4 1 95084
371122 4 2 95085
371124 4 5 95087
371204 4 3 94522
371212 4 19 94564
371214 4 2 94593
371216 4 3 94594
371218 4 15 94623
371220 4 19 94684
371222 4 21 94685
371228 4 5 94763
371234 4 9 95088
371236 4 10 95089
371238 4 14 95090
371312 4 10 94525
371314 4 14 94526
371316 4 15 94527
371318 4 19 94528
371320 4 21 94529
371322 4 23 94531
371324 4 1 94532
371326 4 21 94565
371328 4 19 94672
371330 4 21 94673
371332 4 1 94676
371334 4 2 94677
371336 4 3 94762
371338 4 10 94813
371340 4 14 94814
371342 4 19 94816
371344 4 19 95092
371346 4 21 95093
371348 4 22 95094
371424 4 22 94530
371432 4 5 94535
371434 4 9 94536
371438 4 22 94566
371440 4 9 94668
371442 4 10 94669
371448 4 2 94761
371454 4 1 95096
371456 4 2 95097
371458 4 3 95098
371562 4 1 94760
371566 4 21 95057
371694 4 21 94541
371696 4 22 94542
371702 4 9 94572
371706 4 1 94580
371708 4 2 94581
371710 4 3 94582
371716 4 9 94752
371718 4 10 94777
371720 4 14 94778
371722 4 19 94780
371724 4 2 94989
371726 4 3 94990
371728 4 5 94991
371824 4 3 94546
371826 4 3 94642
371836 4 22 94758
371838 4 23 94879
372246 4 2 94569
372248 4 3 94966
372250 4 9 94968
372252 4 3 94570
372254 4 5 94571
372306 4 14 94574
372308 4 23 95035
372316 4 23 94231
372318 4 19 94576
372320 4 1 95108
372322 4 21 94577
372324 4 14 94982
372328 4 22 94578
372332 4 2 94317
372342 4 2 95013
372348 4 15 95127
372362 4 5 94583
372368 4 15 94779
372372 4 23 94819
372378 4 10 95017
372380 4 15 95019
372382 4 19 95020
372384 4 21 95021
372386 4 22 95022
372460 4 2 94257
372464 4 15 94299
372478 4 14 94586
372480 4 15 94587
372486 4 1 94892
372492 4 21 94937
372494 4 2 94941
372496 4 1 94988
372498 4 22 95118
372566 4 21 94589
372568 4 23 95119
372570 4 9 95124
372572 4 10 94345
372576 4 19 94348
372580 4 1 95132
372590 4 19 94312
372592 4 21 94313
372602 4 10 94621
372604 4 2 94797
372606 4 3 94930
372618 4 5 94595
372620 4 9 94596
372622 4 14 94622
372626 4 2 94629
372628 4 3 94630
372630 4 5 94631
372636 4 22 94686
372638 4 9 94800
372640 4 10 94801
372642 4 14 94802
372644 4 19 94996
372646 4 22 94998
372648 4 23 94999
372720 4 10 94597
372722 4 22 94602
372724 4 14 94598
372726 4 3 94606
372728 4 15 94599
372730 4 3 94618
372732 4 19 94600
372734 4 14 94874
372736 4 21 94601
372738 4 22 94626
372744 4 23 94603
372746 4 1 94640
372748 4 19 94336
372750 4 1 94604
372752 4 2 94605
372764 4 5 94271
372766 4 5 94607
372768 4 9 94608
372770 4 10 94609
372772 4 14 94610
372774 4 3 94810
372778 4 5 94967
372782 4 19 95104
372784 4 23 95107
372828 4 15 94611
372838 4 21 94613
372840 4 22 94614
372842 4 23 94615
372844 4 1 94616
372846 4 2 94809
372848 4 14 94850
372850 4 1 94880
372852 4 5 94883
372854 4 15 94887
372896 4 2 94617
372902 4 5 94619
372904 4 9 94620
372906 4 2 94641
372966 4 19 94624
372968 4 23 94795
372978 4 23 94627
372980 4 19 95116
372982 4 23 94303
372984 4 1 94628
372998 4 9 94632
373004 4 15 94803
373010 4 21 95009
373012 4 23 95011
373014 4 1 95012
373016 4 19 95128
373018 4 21 95129
373020 4 21 95153
373022 4 3 95158
373088 4 10 94633
373090 4 3 94774
373094 4 14 94382
373096 4 19 94384
373110 4 14 94298
373116 4 21 94361
373118 4 22 94362
373120 4 1 94364
373122 4 19 94636
373124 4 21 94637
373126 4 22 94638
373128 4 23 94639
373130 4 14 94970
373188 4 5 94643
373190 4 9 94644
373192 4 10 94645
373194 4 14 94646
373196 4 3 94798
373198 4 19 94864
373200 4 22 94866
373202 4 14 95126
373242 4 15 94647
373244 4 19 94648
373246 4 21 94649
373248 4 22 94650
373250 4 2 94785
373252 4 23 94831
373254 4 1 94832
373256 4 2 94833
373258 4 3 94834
373260 4 23 94903
373262 4 1 94904
373264 4 2 94905
373266 4 19 94972
373268 4 21 94973
373270 4 22 94974
373272 4 21 94985
373332 4 23 94651
373334 4 1 94652
373336 4 2 94653
373338 4 3 94654
373340 4 5 94895
373342 4 14 94898
373344 4 3 95110
373346 4 10 95113
373388 4 5 94655
373390 4 14 94790
373404 4 10 94657
373408 4 15 94659
373412 4 14 94682
373414 4 15 94683
373418 4 21 94961
373420 4 9 95160
373422 4 10 95161
373424 4 14 95162
373426 4 15 95163
373428 4 1 95168
373430 4 3 95170
373432 4 5 95171
373522 4 22 94662
373530 4 19 94960
373532 4 2 95133
373534 4 3 95134
373536 4 5 95135
373538 4 9 95136
373540 4 10 95137
373542 4 14 95138
373544 4 19 95140
373546 4 1 95204
373548 4 10 95209
373646 4 2 94665
373650 4 5 94667
373656 4 15 94671
373664 4 15 95139
373668 4 21 95141
373670 4 22 95142
373672 4 23 95143
373770 4 14 94670
373778 4 23 94675
373782 4 2 94761
373790 4 1 95144
373792 4 2 95145
373794 4 3 95146
373796 4 9 95148
373894 4 22 94674
373898 4 1 94676
373902 4 5 94679
373912 4 5 95147
373916 4 10 95149
373918 4 14 95150
373920 4 15 95151
374012 4 3 94678
374024 4 19 95152
374028 4 22 95154
374030 4 23 95155
374032 4 1 95156
374034 4 2 95157
374118 4 10 94681
374124 4 9 94692
374126 4 10 94693
374128 4 14 94694
374132 4 9 94764
374136 4 2 95169
374142 4 1 95180
374144 4 3 95182
374146 4 5 95183
374244 4 23 94687
374246 4 1 94688
374250 4 5 94691
374258 4 9 95172
374260 4 10 95173
374262 4 14 95174
374264 4 15 95175
374266 4 19 95176
374268 4 21 95177
374270 4 23 95179
374368 4 3 94690
374374 4 21 94697
374376 4 23 94699
374380 4 10 94765
374386 4 22 95178
374390 4 9 95184
374392 4 10 95185
374394 4 15 95187
374480 4 5 94487
374482 4 10 94489
374494 4 15 94695
374496 4 1 94700
374498 4 3 94702
374500 4 5 94703
374504 4 14 94766
374508 4 2 95181
374514 4 19 95188
374516 4 21 95189
374518 4 22 95190
374616 4 22 94698
374620 4 9 94704
374622 4 10 94705
374624 4 15 94707
374628 4 15 94767
374634 4 14 95186
374638 4 1 95192
374640 4 2 95193
374642 4 5 95195
374726 4 14 94490
374738 4 2 94701
374748 4 23 94711
374752 4 19 94768
374760 4 23 95191
374762 4 9 95196
374764 4 10 95197
374766 4 14 95198
374848 4 1 94424
374850 4 2 94425
374864 4 14 94706
374868 4 1 94712
374870 4 3 94714
374878 4 3 95194
374882 4 19 95200
374884 4 21 95201
374886 4 23 95203
374966 4 3 94426
374970 4 10 94429
374988 4 19 94720
374990 4 23 94723
375000 4 15 95199
375002 4 23 95215
375004 4 2 95217
375006 4 3 95218
375092 4 1 94508
375094 4 2 94509
375096 4 5 94511
375104 4 2 94713
375108 4 5 94715
375110 4 9 94716
375114 4 15 94719
375116 4 21 94769
375122 4 22 95202
375126 4 15 95211
375128 4 19 95212
375130 4 22 95214
375214 4 21 94433
375228 4 14 94718
375232 4 1 94724
375234 4 5 94727
375242 4 21 95213
375246 4 5 95219
375248 4 9 95220
375250 4 14 95222
375336 4 22 94434
375338 4 23 94435
375348 4 21 94721
375360 4 1 95216
375366 4 15 95223
375368 4 21 95225
375370 4 22 95226
375452 4 15 94431
375458 4 5 94439
375460 4 9 94440
375468 4 2 94725
375470 4 3 94726
375474 4 19 94732
375476 4 23 94735
375482 4 10 95221
375486 4 23 95227
375488 4 1 95228
375490 4 2 95229
375574 4 1 94436
375576 4 1 94496
375578 4 3 94498
375580 4 5 94499
375588 4 10 94729
375592 4 15 94731
375596 4 3 94738
375598 4 5 94739
375600 4 22 94770
375604 4 19 95224
375610 4 5 95231
375690 4 10 94441
375694 4 15 94443
375696 4 19 94444
375704 4 21 94733
375706 4 22 94734
375710 4 9 94740
375712 4 21 94745
375714 4 22 94746
375722 4 3 95230
375794 4 9 94500
375798 4 15 94503
375806 4 2 94737
375814 4 15 94743
375816 4 19 94744
375820 4 23 94771
375912 4 14 94742
375964 4 21 94445
375966 4 22 94446
375968 4 1 94448
375970 4 2 94449
375980 4 23 94747
375982 4 1 94748
375984 4 2 94749
375986 4 3 94750
376046 4 23 94447
376050 4 19 94540
376052 4 22 94542
376064 4 5 94751
376066 4 9 94752
376068 4 10 94777
376070 4 19 94780
376128 4 3 94378
376130 4 10 94753
376132 4 14 94754
376138 4 22 94242
376140 4 23 94255
376144 4 14 94346
376150 4 15 94755
376152 4 19 94756
376154 4 21 94757
376156 4 22 94758
376158 4 23 94879
376160 4 21 94925
376162 4 2 95109
376476 4 1 94772
376478 4 5 94799
376480 4 2 94773
376482 4 19 94804
376488 4 5 94775
376490 4 9 94776
376492 4 21 94817
376496 4 21 94541
376510 4 14 94778
376570 4 14 94214
376572 4 15 94215
376574 4 9 94296
376576 4 1 94388
376578 4 5 94391
376580 4 21 94781
376582 4 22 94782
376584 4 23 94783
376586 4 1 94784
376588 4 9 94812
376590 4 23 94927
376592 4 15 94995
376652 4 3 94786
376654 4 5 94811
376656 4 5 94787
376658 4 19 94840
376660 4 10 94237
376662 4 15 94239
376664 4 14 94322
376666 4 15 94323
376668 4 21 94325
376670 4 22 94386
376672 4 9 94788
376674 4 9 94980
376676 4 10 94789
376678 4 5 94835
376684 4 21 94241
376688 4 5 94283
376690 4 14 94454
376692 4 19 94456
376694 4 21 94457
376696 4 15 94791
376698 4 21 94853
376700 4 14 94226
376702 4 9 94272
376704 4 1 94304
376706 4 3 94306
376708 4 19 94792
376710 4 21 94793
376712 4 15 94851
376714 4 22 94794
376716 4 10 94861
376722 4 1 94796
376724 4 23 94855
376728 4 14 94310
376740 4 3 94930
376782 4 19 95164
376784 4 21 95165
376786 4 22 95166
376788 4 23 95167
376878 4 21 94805
376880 4 10 94873
376882 4 15 94251
376886 4 21 94277
376890 4 21 94469
376892 4 22 94470
376894 4 22 94806
376896 4 9 94860
376898 4 23 94807
376900 4 5 94871
376902 4 1 94808
376904 4 15 94863
376908 4 23 94615
376912 4 2 94809
376914 4 1 94880
376916 4 5 94883
376918 4 5 94607
376922 4 14 94610
376924 4 3 94810
376928 4 9 94968
376940 4 3 94390
376952 4 19 94936
376960 4 10 94813
376962 4 14 94814
376964 4 15 94815
376966 4 19 94816
376970 4 22 95010
376974 4 19 95092
376976 4 22 95094
376978 4 9 95100
377036 4 14 94502
377042 4 5 94583
377044 4 22 94818
377046 4 23 94819
377048 4 1 94820
377050 4 2 94821
377052 4 10 95017
377054 4 14 95018
377056 4 19 95020
377058 4 21 95021
377060 4 9 95052
377062 4 14 95054
377064 4 15 95103
377122 4 3 94822
377124 4 21 94877
377126 4 9 94284
377128 4 14 94286
377130 4 15 94287
377132 4 5 94823
377134 4 9 94920
377136 4 19 94252
377138 4 3 94258
377140 4 22 94302
377142 4 9 94824
377144 4 10 94825
377146 4 14 94826
377148 4 15 94827
377150 4 19 94876
377152 4 5 94907
377196 4 2 94329
377198 4 5 94331
377200 4 9 94332
377202 4 19 94828
377204 4 21 94829
377214 4 14 94886
377216 4 22 94830
377218 4 15 94971
377220 4 2 94341
377222 4 5 94343
377224 4 9 94344
377232 4 23 94831
377238 4 3 94834
377240 4 19 94972
377246 4 22 94986
377314 4 21 94265
377316 4 9 94836
377318 4 10 94837
377320 4 14 94838
377322 4 15 94839
377326 4 5 95111
377328 4 9 95112
377378 4 1 94328
377380 4 21 94841
377382 4 22 94266
377384 4 23 94267
377386 4 2 94269
377388 4 22 94842
377390 4 23 94843
377392 4 1 94844
377394 4 2 94845
377396 4 14 94910
377398 4 15 94911
377400 4 19 94912
377402 4 14 94946
377404 4 15 94947
377406 4 22 94950
377408 4 23 94951
377410 4 1 94952
377412 4 10 94957
377474 4 22 94278
377478 4 19 94468
377482 4 3 94846
377484 4 5 94847
377486 4 9 94848
377488 4 10 94849
377490 4 1 95000
377492 4 2 95001
377494 4 5 95003
377552 4 22 94614
377558 4 15 94887
377566 4 14 94478
377568 4 19 94480
377570 4 19 94852
377590 4 10 95209
377592 4 2 94209
377594 4 5 94211
377596 4 9 94212
377600 4 14 94274
377604 4 22 94854
377612 4 2 94281
377618 4 15 94455
377622 4 1 94856
377624 4 2 94857
377626 4 3 94858
377628 4 5 94859
377630 4 10 95005
377632 4 15 95007
377634 4 19 95008
377694 4 23 94279
377710 4 23 94219
377712 4 1 94220
377714 4 3 94222
377716 4 14 94862
377718 4 2 94893
377726 4 10 94645
377732 4 21 94865
377734 4 22 94866
377736 4 23 94867
377772 4 10 94345
377776 4 19 94348
377778 4 1 94868
377780 4 1 95132
377784 4 3 94330
377786 4 3 94366
377790 4 14 94418
377792 4 19 94420
377794 4 1 94472
377796 4 2 94869
377800 4 5 94271
377802 4 3 94870
377812 4 9 94872
377814 4 23 95023
377820 4 23 94231
377822 4 19 94600
377824 4 14 94874
377828 4 2 94221
377832 4 15 94875
377834 4 2 94929
377850 4 2 94233
377852 4 3 94234
377854 4 9 94236
377856 4 22 94878
377858 4 9 94956
377884 4 2 94881
377886 4 3 94882
377894 4 5 94967
377932 4 9 94884
377934 4 21 94361
377936 4 22 94362
377938 4 23 94363
377940 4 10 94885
377972 4 19 94888
377974 4 22 95130
377976 4 2 94257
377978 4 2 94305
377986 4 10 94585
377988 4 19 94588
377990 4 21 94889
377992 4 22 94890
377994 4 23 94891
377996 4 1 94892
377998 4 22 94938
378000 4 2 94941
378060 4 22 94350
378062 4 23 94351
378064 4 1 94352
378068 4 3 94894
378072 4 3 94342
378078 4 15 94479
378080 4 21 94481
378082 4 23 94651
378084 4 1 94652
378086 4 2 94653
378088 4 5 94895
378090 4 9 94896
378092 4 10 94897
378094 4 14 94898
378096 4 10 94993
378098 4 14 94994
378160 4 22 94254
378162 4 15 94899
378164 4 19 94900
378166 4 21 94901
378168 4 22 94902
378170 4 9 94944
378172 4 10 94945
378174 4 3 94954
378214 4 23 94903
378216 4 1 94904
378218 4 2 94905
378220 4 3 94906
378224 4 19 94948
378230 4 22 94974
378232 4 23 94975
378300 4 3 94246
378302 4 5 94379
378304 4 9 94908
378306 4 23 94327
378308 4 9 94380
378310 4 10 94909
378324 4 21 94913
378382 4 5 94235
378386 4 21 94337
378388 4 22 94338
378390 4 1 94340
378392 4 22 94914
378394 4 10 95101
378396 4 23 94915
378398 4 14 94298
378400 4 1 94916
378402 4 2 94917
378404 4 3 94918
378406 4 5 94919
378408 4 10 94921
378410 4 15 94923
378412 4 22 94926
378414 4 10 94981
378476 4 14 94922
378480 4 19 94924
378486 4 21 95117
378528 4 2 94401
378564 4 23 94783
378574 4 1 94244
378576 4 2 94245
378578 4 1 94928
378580 4 14 94982
378604 4 5 94931
378606 4 2 94953
378610 4 15 94419
378616 4 14 94586
378618 4 9 94932
378620 4 10 94933
378622 4 14 94934
378624 4 15 94935
378626 4 21 94937
378628 4 9 95004
378630 4 22 95118
378680 4 5 94247
378718 4 23 94939
378720 4 14 94958
378728 4 2 94389
378732 4 1 94940
378738 4 10 94297
378742 4 15 94587
378752 4 1 94988
378754 4 1 94316
378756 4 3 94318
378764 4 23 94579
378766 4 3 94942
378772 4 15 94275
378782 4 5 94943
378826 4 21 94949
378988 4 15 94959
379002 4 3 94210
379006 4 5 94955
379008 4 15 95115
379038 4 23 94987
379040 4 21 94397
379050 4 19 94660
379052 4 21 94661
379054 4 22 94662
379072 4 15 94659
379080 4 22 94446
379082 4 19 94504
379084 4 21 94505
379086 4 2 94557
379088 4 22 94962
379090 4 23 94963
379092 4 1 94964
379094 4 2 94965
379096 4 1 95060
379098 4 5 95063
379100 4 9 95064
379102 4 15 95067
379156 4 2 94569
379160 4 9 94608
379176 4 10 94969
379226 4 2 94353
379228 4 19 94636
379230 4 21 94637
379232 4 14 94970
379234 4 9 94464
379344 4 22 94482
379346 4 1 94484
379350 4 9 94488
379352 4 14 94550
379354 4 1 94976
379356 4 2 94977
379358 4 3 94978
379360 4 5 94979
379362 4 15 95031
379364 4 21 95033
379366 4 1 95036
379368 4 2 95037
379370 4 3 95038
379436 4 9 94788
379438 4 9 94980
379458 4 21 94577
379464 4 22 94230
379468 4 1 94268
379472 4 15 94983
379474 4 19 94984
379476 4 14 95102
379496 4 21 94649
379530 4 15 94299
379542 4 19 94540
379544 4 9 94572
379546 4 10 94573
379550 4 3 94582
379552 4 2 94989
379554 4 3 94990
379556 4 5 94991
379558 4 9 94992
379562 4 15 95019
379566 4 2 95061
379568 4 3 95062
379668 4 14 94622
379670 4 15 94623
379674 4 3 94630
379676 4 19 94996
379678 4 21 94997
379680 4 22 94998
379682 4 23 94999
379686 4 1 95012
379688 4 9 95088
379690 4 10 95089
379692 4 15 95091
379752 4 2 94473
379754 4 5 94475
379756 4 1 94544
379766 4 3 95002
379772 4 19 95032
379774 4 22 95034
379848 4 3 94450
379850 4 15 94539
379852 4 1 94568
379860 4 14 95006
379866 4 19 95056
379868 4 22 95058
379870 4 23 95059
379930 4 9 94632
379950 4 21 95129
380004 4 22 94314
380008 4 2 94317
380010 4 5 94319
380014 4 2 95013
380016 4 3 95014
380018 4 5 95015
380020 4 9 95016
380022 4 15 95127
380074 4 5 94583
380092 4 19 95020
380162 4 10 94777
380164 4 14 94778
380188 4 15 94227
380190 4 9 94392
380192 4 10 94393
380194 4 14 94394
380196 4 1 95024
380198 4 2 95025
380200 4 3 95026
380202 4 5 95027
380204 4 9 95028
380206 4 10 95029
380208 4 14 95030
380228 4 1 95120
380230 4 3 95122
380330 4 10 94549
380404 4 14 94574
380406 4 23 95035
380412 4 14 94490
380414 4 19 94492
380416 4 15 94551
380428 4 5 95039
380430 4 9 95040
380432 4 14 95042
380434 4 15 95043
380490 4 3 94426
380496 4 22 94494
380498 4 19 94552
380506 4 10 95041
380512 4 19 95044
380514 4 22 95046
380516 4 23 95047
380574 4 22 94434
380578 4 23 94495
380580 4 21 94553
380588 4 21 95045
380594 4 1 95048
380596 4 2 95049
380598 4 5 95051
380660 4 2 94497
380662 4 22 94554
380672 4 3 95050
380676 4 9 95052
380678 4 10 95053
380680 4 15 95055
380744 4 23 94555
380758 4 14 95054
380820 4 2 94533
380822 4 5 94535
380826 4 23 94567
380834 4 21 95057
380840 4 1 95096
380842 4 3 95098
380844 4 5 95099
380906 4 1 94556
380982 4 3 94438
380988 4 22 94506
380990 4 3 94558
380998 4 10 95065
381000 4 14 95066
381004 4 19 95068
381006 4 22 95070
381060 4 14 94430
381066 4 23 94507
381068 4 1 94508
381070 4 3 94510
381072 4 5 94559
381082 4 21 95069
381086 4 23 95071
381088 4 1 95072
381090 4 3 95074
381150 4 22 94422
381156 4 9 94512
381158 4 9 94560
381168 4 2 95073
381172 4 5 95075
381174 4 9 95076
381176 4 15 95079
381236 4 10 94513
381238 4 15 94515
381240 4 10 94561
381250 4 10 95077
381252 4 14 95078
381256 4 19 95080
381258 4 22 95082
381318 4 21 94517
381320 4 1 94520
381322 4 14 94562
381332 4 21 95081
381336 4 23 95083
381338 4 1 95084
381340 4 5 95087
381400 4 2 94521
381402 4 5 94523
381404 4 15 94563
381414 4 2 95085
381416 4 3 95086
381422 4 14 95090
381482 4 19 94564
381560 4 10 94525
381564 4 21 94529
381566 4 23 94531
381568 4 21 94565
381572 4 14 94814
381576 4 21 95093
381578 4 22 95094
381580 4 23 95095
381584 4 2 95097
381586 4 9 95100
381650 4 22 94566
381774 4 19 94336
381780 4 19 95104
381782 4 21 95105
381784 4 22 95106
381786 4 23 95107
381820 4 19 94576
381822 4 1 95108
381836 4 21 94757
381838 4 23 94879
381844 4 23 94651
381848 4 3 94654
381852 4 14 94838
381854 4 15 94839
381856 4 3 95110
381858 4 5 95111
381860 4 9 95112
381862 4 10 95113
381914 4 10 94285
381920 4 23 94339
381924 4 14 95114
381934 4 23 94627
381942 4 19 95116
381966 4 21 94589
381968 4 23 95119
381972 4 2 95121
381976 4 5 95123
381978 4 9 95124
381980 4 10 95125
381984 4 3 95206
382004 4 2 95205
382006 4 5 95207
382094 4 9 94644
382096 4 14 94646
382098 4 3 94798
382100 4 14 95126
382120 4 5 94631
382122 4 9 94800
382124 4 10 94801
382126 4 15 94803
382128 4 19 95128
382132 4 21 95153
382134 4 3 95158
382154 4 1 94208
382156 4 1 94256
382158 4 21 94265
382160 4 19 94888
382162 4 22 95130
382164 4 21 94301
382166 4 1 94460
382168 4 2 94461
382170 4 3 94462
382172 4 10 94537
382174 4 23 95131
382178 4 19 94348
382180 4 22 94590
382184 4 1 95132
382190 4 23 94663
382192 4 2 95133
382194 4 3 95134
382196 4 5 95135
382198 4 9 95136
382200 4 10 95137
382202 4 19 95140
382208 4 9 95208
382212 4 14 95210
382282 4 1 94664
382284 4 3 94666
382286 4 5 94667
382296 4 14 95138
382298 4 15 95139
382302 4 21 95141
382304 4 22 95142
382374 4 9 94668
382376 4 14 94670
382378 4 15 94671
382390 4 23 95143
382392 4 1 95144
382394 4 2 95145
382396 4 9 95148
382466 4 19 94672
382468 4 22 94674
382470 4 23 94675
382480 4 3 95146
382482 4 5 95147
382486 4 10 95149
382488 4 14 95150
382558 4 1 94676
382560 4 3 94678
382562 4 5 94679
382574 4 15 95151
382576 4 19 95152
382578 4 22 95154
382580 4 1 95156
382664 4 23 95155
382668 4 2 95157
382672 4 5 95159
382674 4 19 95164
382676 4 21 95165
382678 4 23 95167
382822 4 10 94657
382826 4 9 95160
382828 4 10 95161
382830 4 14 95162
382832 4 15 95163
382834 4 1 95168
382836 4 5 95171
382890 4 14 94802
382908 4 22 95166
382912 4 9 95172
382914 4 15 95175
382984 4 9 94680
382986 4 10 94681
382988 4 15 94683
382998 4 2 95169
383000 4 3 95170
383004 4 1 95180
383006 4 5 95183
383072 4 19 94684
383074 4 22 94686
383076 4 23 94687
383090 4 10 95173
383092 4 14 95174
383096 4 19 95176
383098 4 23 95179
383168 4 1 94688
383170 4 3 94690
383172 4 5 94691
383182 4 21 95177
383184 4 22 95178
383188 4 9 95184
383190 4 15 95187
383260 4 9 94692
383262 4 14 94694
383264 4 15 94695
383274 4 2 95181
383276 4 3 95182
383280 4 19 95188
383282 4 22 95190
383352 4 19 94696
383354 4 22 94698
383356 4 23 94699
383366 4 10 95185
383368 4 14 95186
383372 4 1 95192
383374 4 5 95195
383444 4 1 94700
383446 4 2 94701
383448 4 5 94703
383458 4 21 95189
383462 4 23 95191
383464 4 9 95196
383466 4 14 95198
383536 4 9 94704
383538 4 14 94706
383540 4 15 94707
383550 4 2 95193
383552 4 3 95194
383556 4 19 95200
383558 4 23 95203
383628 4 19 94708
383630 4 21 94709
383632 4 23 94711
383642 4 10 95197
383646 4 15 95199
383648 4 23 95215
383650 4 3 95218
383720 4 1 94712
383722 4 3 94714
383724 4 5 94715
383734 4 21 95201
383736 4 22 95202
383740 4 15 95211
383742 4 22 95214
383808 4 21 94241
383818 4 19 94960
383974 4 9 94716
383976 4 14 94718
383978 4 15 94719
383988 4 19 95212
383990 4 21 95213
383994 4 5 95219
383996 4 14 95222
384066 4 19 94720
384068 4 21 94721
384070 4 23 94723
384080 4 1 95216
384082 4 2 95217
384086 4 15 95223
384088 4 22 95226
384158 4 1 94724
384160 4 3 94726
384162 4 5 94727
384172 4 9 95220
384174 4 10 95221
384178 4 23 95227
384180 4 1 95228
384250 4 9 94728
384252 4 14 94730
384254 4 15 94731
384264 4 19 95224
384266 4 21 95225
384270 4 5 95231
384336 4 19 94732
384338 4 22 94734
384340 4 23 94735
384352 4 2 95229
384354 4 3 95230
384416 4 1 94736
384418 4 2 94737
384420 4 5 94739
384430 4 15 90443
384432 4 15 90707
384434 4 21 90877
384436 4 2 90341
384438 4 3 90570
384440 4 9 91028
384466 4 21 90805
384474 4 3 90474
384476 4 1 90676
384478 4 23 90879
384480 4 3 90210
384482 4 10 90801
384484 4 15 90839
384498 4 23 90711
384500 4 5 90847
384502 4 2 90749
384504 4 15 90143
384506 4 19 90912
384508 4 23 90723
384510 4 19 90864
384514 4 10 90873
384516 4 2 90149
384520 4 21 90685
384522 4 10 90489
384528 4 23 90291
384536 4 19 90432
384554 4 22 90794
384556 4 1 90940
384570 4 3 90786
384572 4 14 90934
384586 4 23 90123
384594 4 2 90833
384596 4 3 90930
384598 4 10 90933
384602 4 3 90330
384604 4 15 90575
384606 4 15 90323
384608 4 3 90378
384612 4 5 91135
384616 4 22 90410
384622 4 3 90402
384626 4 14 90346
384628 4 5 90895
384630 4 10 90897
384632 4 19 90672
384636 4 23 90627
384654 4 19 90816
384656 4 19 90888
384664 4 19 91008
384666 4 23 91011
384668 4 1 91012
384670 4 3 91014
384672 4 23 90555
384674 4 14 90742
384682 4 22 90770
384684 4 10 90957
384686 4 15 90959
384696 4 22 90854
384704 4 1 90976
384706 4 5 90979
384710 4 3 90834
384712 4 9 90944
384714 4 15 90947
384716 4 14 90982
384718 4 21 90985
384720 4 23 90591
384722 4 19 90792
384724 4 21 90925
384732 4 19 90948
384734 4 23 90951
384738 4 22 90614
384740 4 2 90617
384742 4 5 90991
384744 4 9 90992
384746 4 15 90995
384748 4 22 90998
384750 4 19 90480
384752 4 23 90483
384754 4 9 90620
384756 4 5 90811
384758 4 9 91004
384760 4 15 91007
384762 4 9 91016
384764 4 14 91018
384766 4 19 91020
384768 4 23 91023
384772 4 21 90829
384774 4 21 90361
384782 4 1 90436
384786 4 5 90319
384788 4 2 90821
384790 4 14 90406
384792 4 19 90456
384806 4 21 90793
384808 4 3 91062
384810 4 22 91070
384818 4 14 91066
384820 4 3 91074
384828 4 14 91078
384830 4 22 91082
384840 4 3 91086
384850 4 14 91090
384860 4 21 91129
384868 4 19 91104
384880 4 1 91024
384904 4 21 90493
384936 4 23 90999
384948 4 21 90505
384952 4 9 91124
384964 4 3 91050
385002 4 22 91094
385016 4 9 91100
385062 4 22 91058
385076 4 14 91054
385090 4 22 91046
385104 4 21 91033
385106 4 10 91041
385118 4 10 91029
385152 4 22 90962
385168 4 10 90513
385254 4 3 90534
385256 4 1 90460
385270 4 3 90702
385272 4 14 90838
385284 4 22 91118
385306 4 5 90763
385308 4 19 90972
385318 4 1 90484
385320 4 3 90522
385322 4 1 90448
385324 4 21 90901
385326 4 1 90388
385330 4 10 90417
385342 4 9 90476
385360 4 15 90395
385372 4 14 90562
385382 4 14 91114
385396 4 14 90466
385424 4 22 90542
385426 4 9 90632
385428 4 5 90607
385432 4 14 90586
385434 4 21 90649
385436 4 2 90689
385438 4 3 90546
385440 4 3 90666
385448 4 19 90600
385450 4 14 90538
385454 4 10 90681
385460 4 22 90698
385466 4 19 90636
385468 4 22 90662
385510 4 14 90694
385524 4 5 90595
385614 4 15 90851
386128 4 1 95340
386130 4 22 95350
386132 4 1 95628
386134 4 9 95776
386136 4 15 95779
386138 4 9 95896
386152 4 19 95372
386154 4 21 95373
386156 4 22 95374
386158 4 22 96082
386160 4 14 95598
386162 4 19 95888
386164 4 21 95889
386166 4 22 95890
386168 4 23 95891
386170 4 5 96183
386196 4 5 96195
386198 4 9 96196
386200 4 10 96197
386202 4 14 96198
386204 4 15 96199
386206 4 19 96200
386208 4 21 96201
386210 4 22 96202
386212 4 23 96203
386214 4 1 96204
386216 4 2 96205
386218 4 3 96206
386220 4 23 95327
386222 4 15 95359
386224 4 9 95680
386226 4 22 95986
386228 4 2 95989
386230 4 22 95542
386232 4 9 95608
386234 4 21 96213
386236 4 22 96214
386238 4 23 96215
386240 4 1 96216
386242 4 14 95874
386244 4 15 95875
386246 4 19 95876
386248 4 21 95877
386250 4 1 95856
386252 4 23 96179
386254 4 1 96180
386256 4 2 96181
386258 4 3 96182
386260 4 1 95508
386262 4 3 95510
386264 4 10 95981
386272 4 1 95532
386274 4 23 95543
386276 4 1 95544
386278 4 14 95574
386280 4 14 95586
386282 4 23 96131
386304 4 1 95280
386306 4 15 95899
386308 4 5 96171
386310 4 10 95369
386312 4 10 95621
386318 4 19 95936
386320 4 19 95972
386322 4 21 96189
386334 4 15 95611
386336 4 21 95613
386338 4 22 95614
386340 4 22 95770
386350 4 23 95987
386352 4 1 95988
386358 4 23 96083
386360 4 5 95271
386362 4 9 95272
386364 4 10 95273
386366 4 9 95320
386368 4 9 95884
386370 4 21 95277
386372 4 15 95623
386374 4 23 95879
386376 4 1 95880
386378 4 2 95881
386380 4 10 96149
386382 4 14 95262
386384 4 22 95266
386386 4 2 95281
386388 4 1 95844
386390 4 22 96178
386392 4 10 95297
386396 4 3 95846
386398 4 9 95848
386400 4 10 95849
386402 4 10 95945
386404 4 15 95299
386424 4 9 95356
386426 4 22 95842
386428 4 22 95398
386430 4 23 96167
386432 4 15 95587
386434 4 10 96185
386436 4 14 96186
386438 4 15 96187
386440 4 19 96188
386450 4 21 95385
386452 4 23 95387
386454 4 1 95388
386456 4 19 95600
386458 4 21 95601
386460 4 1 95616
386462 4 22 95974
386464 4 15 96127
386466 4 21 96129
386468 4 5 96219
386494 4 5 95583
386496 4 14 95886
386498 4 1 95604
386500 4 5 95715
386502 4 9 95716
386504 4 10 95717
386516 4 1 95592
386518 4 3 95594
386520 4 5 95595
386522 4 1 96084
386524 4 10 95309
386526 4 5 95367
386528 4 10 95585
386530 4 14 95610
386536 4 14 95778
386540 4 22 95854
386558 4 23 95267
386562 4 2 95533
386564 4 5 95547
386566 4 9 95632
386568 4 22 95662
386570 4 1 95736
386572 4 1 95928
386574 4 9 95944
386576 4 22 96190
386578 4 22 96226
386602 4 3 95534
386604 4 10 95549
386606 4 14 95634
386608 4 3 95654
386610 4 5 95763
386612 4 5 95919
386614 4 2 95929
386616 4 9 96184
386618 4 3 96230
386640 4 22 95326
386644 4 5 95391
386646 4 14 95394
386648 4 15 95659
386650 4 5 95967
386652 4 9 95968
386654 4 14 95970
386658 4 23 95375
386660 4 3 95570
386662 4 3 95918
386676 4 22 95686
386678 4 23 95687
386680 4 2 95689
386682 4 3 95282
386684 4 9 95284
386686 4 10 95285
386688 4 9 95584
386690 4 21 96177
386692 4 2 95305
386694 4 3 95306
386696 4 23 95495
386700 4 22 95722
386704 4 3 95486
386706 4 5 95487
386708 4 23 95675
386710 4 23 95855
386712 4 23 95519
386714 4 19 95636
386716 4 3 96170
386720 4 2 95593
386724 4 23 95771
386726 4 19 95504
386728 4 21 95505
386730 4 23 95507
386732 4 22 96238
386736 4 15 95503
386738 4 15 95995
386740 4 21 95997
386742 4 22 95998
386750 4 10 95993
386756 4 5 95319
386762 4 9 95488
386766 4 2 95269
386774 4 23 95699
386776 4 3 95702
386778 4 21 95781
386780 4 22 96094
386782 4 23 96095
386784 4 1 96096
386786 4 2 96097
386788 4 23 95351
386790 4 1 95352
386792 4 5 95607
386794 4 9 95380
386796 4 14 95898
386804 4 15 95371
386808 4 14 95622
386812 4 1 95400
386820 4 23 95999
386840 4 15 95287
386842 4 21 95289
386844 4 3 95630
386846 4 15 95683
386856 4 23 95579
386858 4 1 95580
386860 4 3 95582
386862 4 15 95635
386880 4 23 95363
386882 4 1 95364
386884 4 5 95631
386888 4 2 95509
386890 4 3 95690
386892 4 15 95983
386900 4 3 95498
386902 4 1 95520
386904 4 10 95633
386910 4 5 95847
386914 4 10 95873
386916 4 1 95892
386918 4 1 95916
386920 4 3 95990
386956 4 3 96158
386958 4 9 96160
386960 4 10 96161
386962 4 19 96212
386964 4 21 95469
386966 4 23 95471
386968 4 19 95660
386970 4 3 95270
386972 4 22 95278
386974 4 23 95615
386992 4 14 95490
387012 4 1 95328
387014 4 14 95382
387016 4 1 95436
387020 4 2 95617
387022 4 3 95618
387024 4 5 95619
387028 4 10 96113
387030 4 9 96220
387060 4 2 95401
387062 4 3 95402
387064 4 10 95681
387070 4 5 95427
387072 4 9 95428
387074 4 9 95692
387076 4 23 95423
387078 4 3 95426
387080 4 10 95693
387082 4 5 95415
387084 4 10 95417
387086 4 14 95694
387088 4 22 95410
387090 4 2 95413
387092 4 15 95695
387094 4 14 95322
387096 4 15 95323
387098 4 19 95324
387100 4 1 95376
387102 4 2 95377
387104 4 3 95378
387108 4 14 95682
387110 4 3 95726
387112 4 14 95730
387114 4 2 95761
387116 4 9 96148
387144 4 19 95432
387146 4 21 95433
387148 4 19 95696
387160 4 15 96235
387166 4 19 95360
387170 4 2 95437
387172 4 9 95440
387174 4 10 95705
387176 4 10 95441
387178 4 19 95444
387180 4 14 95706
387182 4 2 95449
387184 4 5 95451
387186 4 15 95707
387188 4 21 95445
387190 4 23 95447
387192 4 3 95714
387194 4 21 95457
387196 4 22 95458
387198 4 19 95708
387200 4 2 95461
387202 4 9 95464
387204 4 21 95709
387206 4 10 95477
387208 4 14 95478
387210 4 22 95710
387212 4 2 95473
387214 4 9 95476
387216 4 1 95712
387242 4 5 95379
387244 4 5 95727
387252 4 1 96132
387280 4 9 95620
387284 4 3 95762
387286 4 9 95956
387310 4 19 95288
387314 4 23 95291
387316 4 1 95292
387320 4 10 95609
387324 4 19 95684
387326 4 1 95724
387328 4 23 95843
387364 4 1 95772
387366 4 19 95984
387368 4 2 95905
387370 4 5 95907
387372 4 9 95908
387380 4 1 95688
387382 4 5 95991
387392 4 10 95885
387394 4 1 95904
387396 4 21 95973
387420 4 9 95920
387424 4 14 95562
387426 4 15 95563
387428 4 22 95638
387430 4 23 95639
387432 4 9 95668
387434 4 9 95752
387436 4 10 95753
387438 4 23 96251
387454 4 21 95553
387456 4 22 95554
387458 4 1 95640
387460 4 2 95641
387462 4 9 95644
387464 4 14 95742
387466 4 15 95743
387468 4 2 96241
387484 4 9 95560
387486 4 10 95561
387488 4 3 95642
387490 4 5 95643
387492 4 15 95647
387494 4 5 95751
387512 4 23 95555
387518 4 10 95645
387520 4 3 95666
387524 4 19 95744
387526 4 3 96242
387544 4 5 95559
387550 4 14 95646
387554 4 21 95649
387556 4 3 95750
387560 4 21 96249
387578 4 3 95558
387584 4 19 95648
387588 4 23 95651
387590 4 2 95749
387594 4 19 96248
387612 4 2 95557
387618 4 22 95650
387622 4 1 95652
387624 4 1 95748
387628 4 15 96211
387648 4 2 95569
387652 4 2 95653
387656 4 22 95674
387658 4 23 95759
387662 4 14 96246
387682 4 5 95535
387684 4 14 95538
387724 4 14 95718
387726 4 21 95721
387728 4 19 96092
387738 4 5 95895
387748 4 3 95882
387754 4 22 95962
387756 4 2 95965
387794 4 14 95550
387800 4 23 95663
387804 4 5 95739
387806 4 14 95862
387808 4 21 96237
387832 4 19 95276
387834 4 19 95300
387840 4 22 95842
387842 4 14 96234
387862 4 15 95551
387866 4 1 95664
387870 4 9 95740
387872 4 19 95864
387874 4 2 96217
387898 4 19 95552
387902 4 2 95665
387906 4 10 95741
387908 4 22 95866
387910 4 23 96239
387944 4 1 95868
387946 4 1 96240
387986 4 1 95556
387992 4 5 95667
387996 4 21 95745
387998 4 3 95870
388000 4 5 96243
388024 4 5 95295
388026 4 21 95349
388032 4 9 95728
388036 4 5 95871
388038 4 10 96221
388040 4 14 96222
388042 4 9 96244
388110 4 2 95869
388112 4 22 96250
388146 4 19 95564
388150 4 10 95669
388154 4 14 95754
388156 4 23 95867
388158 4 1 96252
388182 4 21 95565
388186 4 14 95670
388190 4 15 95755
388192 4 21 95865
388194 4 2 96253
388218 4 22 95566
388220 4 21 95637
388224 4 15 95671
388228 4 19 95756
388230 4 15 95863
388232 4 3 96254
388256 4 14 95298
388258 4 10 95357
388260 4 23 95567
388262 4 19 95672
388264 4 15 95731
388266 4 21 95757
388268 4 10 95861
388270 4 5 96231
388272 4 9 96232
388298 4 1 95568
388302 4 21 95673
388306 4 22 95758
388308 4 9 95860
388342 4 5 95859
388376 4 5 95571
388382 4 21 95697
388384 4 22 95698
388386 4 23 95723
388390 4 15 96247
388412 4 15 95599
388500 4 10 95573
388502 4 21 95733
388504 4 9 95980
388526 4 9 96088
388528 4 10 96089
388530 4 14 96090
388532 4 23 96227
388534 4 23 96191
388536 4 2 96193
388538 4 3 96194
388544 4 5 95247
388546 4 10 95249
388548 4 14 95286
388560 4 2 95737
388562 4 3 96218
388564 4 1 96228
388634 4 14 95370
388640 4 21 95589
388646 4 10 95729
388650 4 19 95768
388652 4 21 95769
388654 4 5 96255
388672 4 19 95924
388674 4 21 95925
388676 4 22 95926
388678 4 3 96086
388688 4 23 95615
388690 4 19 95732
388692 4 5 96087
388694 4 14 96162
388710 4 5 95487
388716 4 23 95279
388720 4 5 95307
388722 4 9 95308
388724 4 3 95318
388730 4 2 95581
388734 4 23 95735
388736 4 23 95747
388738 4 14 95910
388742 4 5 96159
388746 4 21 96225
388784 4 19 95588
388800 4 21 95889
388804 4 3 95966
388810 4 15 95887
388814 4 9 95296
388820 4 3 95738
388826 4 19 96224
388828 4 2 96229
388854 4 9 95548
388896 4 3 95294
388898 4 14 95358
388900 4 19 95384
388902 4 9 95572
388904 4 9 95992
388906 4 3 96098
388908 4 9 96100
388910 4 10 96101
388934 4 1 95304
388936 4 10 95321
388938 4 22 95590
388940 4 23 95591
388942 4 21 95841
388958 4 15 95275
388962 4 22 95302
388964 4 23 95303
388982 4 14 95262
388992 4 22 95794
388994 4 23 95795
388996 4 15 95839
389000 4 22 96190
389032 4 22 95782
389034 4 23 95783
389036 4 10 95837
389038 4 9 96184
389070 4 1 95784
389072 4 2 95785
389102 4 3 95786
389104 4 5 95787
389136 4 9 95788
389138 4 10 95789
389172 4 14 95790
389174 4 15 95791
389212 4 9 95800
389214 4 10 95801
389246 4 1 95796
389248 4 3 95798
389250 4 5 95799
389280 4 14 95802
389282 4 15 95803
389314 4 19 95804
389316 4 21 95805
389348 4 22 95806
389350 4 23 95807
389382 4 1 95808
389384 4 2 95809
389418 4 3 95810
389420 4 5 95811
389454 4 9 95812
389456 4 10 95813
389490 4 14 95814
389492 4 15 95815
389524 4 19 95816
389526 4 21 95817
389562 4 22 95818
389564 4 23 95819
389598 4 1 95820
389600 4 2 95821
389622 4 1 95232
389624 4 2 95233
389636 4 3 95822
389638 4 5 95823
389640 4 3 95870
389664 4 5 95235
389666 4 9 95236
389668 4 10 95237
389670 4 14 95238
389684 4 9 95824
389686 4 15 95827
389714 4 3 95234
389716 4 15 95239
389718 4 19 95240
389720 4 21 95241
389730 4 10 95825
389732 4 14 95826
389736 4 5 95871
389796 4 22 95242
389800 4 9 95248
389802 4 15 95251
389804 4 19 95252
389806 4 21 95253
389810 4 5 95295
389816 4 21 95829
389818 4 22 95830
389880 4 23 95243
389882 4 1 95244
389884 4 2 95245
389886 4 3 95246
389900 4 19 95828
389902 4 23 95831
389952 4 22 95254
389954 4 23 95255
389956 4 1 95256
389958 4 2 95257
389972 4 1 95832
389974 4 5 95835
390018 4 5 95655
390020 4 9 95656
390022 4 2 95725
390096 4 5 96207
390098 4 9 96208
390100 4 14 96210
390112 4 3 95258
390114 4 5 95259
390116 4 9 95260
390118 4 10 95261
390128 4 2 95833
390132 4 9 95836
390184 4 9 95368
390190 4 3 95618
390232 4 19 95996
390236 4 22 95998
390244 4 9 95776
390246 4 14 95778
390252 4 2 95329
390254 4 14 95334
390256 4 22 95746
390270 4 19 95792
390274 4 2 95797
390298 4 1 95976
390300 4 2 95977
390302 4 5 95979
390334 4 22 95530
390336 4 19 95540
390342 4 22 96034
390344 4 23 96035
390346 4 3 96038
390348 4 9 96040
390350 4 10 96041
390372 4 21 95517
390374 4 21 95541
390382 4 14 96054
390384 4 19 96056
390386 4 21 96057
390388 4 22 96058
390390 4 1 96060
390416 4 10 95297
390432 4 1 95520
390434 4 3 95846
390438 4 9 95848
390440 4 1 95892
390474 4 22 95266
390478 4 5 95583
390480 4 2 95845
390482 4 9 95872
390486 4 14 96138
390488 4 15 96139
390490 4 19 96140
390492 4 22 96178
390522 4 15 95323
390524 4 21 95325
390526 4 15 95491
390528 4 1 95604
390532 4 14 95658
390534 4 5 95715
390540 4 5 95883
390542 4 10 95897
390544 4 23 95915
390546 4 19 96164
390548 4 10 96233
390590 4 23 95399
390594 4 1 95928
390600 4 23 95963
390604 4 22 96226
390650 4 1 95280
390658 4 1 95628
390664 4 15 95779
390666 4 21 95409
390672 4 10 95537
390676 4 15 95575
390678 4 19 95576
390684 4 3 96230
390712 4 2 95281
390722 4 9 95584
390724 4 1 95760
390744 4 10 95369
390746 4 14 95490
390750 4 1 95544
390762 4 9 96160
390808 4 21 95385
390810 4 22 95386
390812 4 1 95388
390814 4 19 95624
390816 4 21 95625
390818 4 23 95627
390820 4 14 95994
390828 4 1 95376
390834 4 2 95761
390862 4 22 95398
390872 4 10 95945
390926 4 2 95269
390928 4 15 95299
390930 4 22 95494
390932 4 2 95893
390950 4 9 95596
390952 4 5 95703
390954 4 9 95704
390984 4 15 95611
390986 4 22 95614
390988 4 22 95770
390994 4 10 95381
391036 4 21 95301
391038 4 19 95636
391040 4 1 95676
391042 4 2 95677
391044 4 21 95685
391046 4 19 95780
391048 4 15 96223
391080 4 10 95657
391102 4 14 95874
391104 4 15 95875
391106 4 19 95936
391108 4 15 95911
391110 4 19 95912
391112 4 21 95913
391114 4 15 95539
391120 4 3 95546
391126 4 19 95600
391128 4 22 95602
391130 4 23 95603
391136 4 22 95626
391138 4 10 95633
391146 4 1 96084
391148 4 19 96116
391206 4 19 95900
391208 4 21 95901
391210 4 22 95902
391226 4 2 95881
391228 4 3 95882
391254 4 10 95597
391276 4 10 95717
391324 4 9 95896
391352 4 2 95389
391354 4 3 95390
391356 4 3 95522
391364 4 3 96062
391366 4 9 96064
391368 4 22 96154
391370 4 2 96157
391372 4 22 96166
391376 4 19 96248
391430 4 5 95271
391432 4 10 95273
391472 4 19 95396
391474 4 21 95397
391482 4 9 95932
391484 4 15 95935
391486 4 23 95975
391488 4 14 96006
391490 4 19 96008
391492 4 2 96217
391530 4 1 95856
391542 4 9 96088
391546 4 19 95492
391548 4 2 95521
391560 4 1 96228
391598 4 21 95493
391600 4 21 95529
391608 4 3 96026
391610 4 10 96029
391612 4 14 96030
391614 4 15 96031
391616 4 21 96033
391618 4 2 96229
391620 4 5 96255
391652 4 2 95497
391658 4 1 95736
391704 4 1 95496
391716 4 21 95985
391718 4 3 96002
391720 4 10 96005
391770 4 2 96037
391796 4 1 95400
391798 4 14 95622
391816 4 2 96061
391866 4 5 95355
391868 4 22 95542
391870 4 9 95608
391872 4 10 95609
391874 4 15 95683
391880 4 19 96236
391886 4 2 96133
391888 4 3 96134
391890 4 5 96135
391892 4 9 96136
391894 4 10 96137
391942 4 22 95914
391982 4 10 96089
391984 4 14 96090
391986 4 15 96091
391990 4 10 95513
391996 4 10 95741
392002 4 21 96009
392004 4 22 96010
392006 4 2 96013
392010 4 1 96240
392042 4 14 95514
392048 4 14 95742
392052 4 23 96011
392056 4 3 96014
392058 4 9 96016
392094 4 15 95515
392100 4 15 95743
392106 4 10 96017
392108 4 14 96018
392110 4 19 96020
392146 4 19 95516
392148 4 23 95555
392158 4 21 96021
392160 4 3 96050
392162 4 9 96052
392198 4 21 95517
392212 4 10 96053
392254 4 22 95518
392256 4 2 95569
392264 4 9 96004
392268 4 22 96046
392270 4 23 96047
392314 4 23 95903
392356 4 5 95523
392362 4 3 95750
392368 4 10 96065
392370 4 23 96119
392372 4 3 96122
392414 4 9 95524
392416 4 9 95560
392418 4 10 95561
392424 4 9 95752
392426 4 14 96066
392428 4 15 96067
392430 4 21 96069
392438 4 22 96250
392474 4 10 95525
392476 4 14 95562
392480 4 10 95753
392486 4 22 96070
392488 4 23 96071
392490 4 2 96073
392526 4 14 95526
392532 4 14 95754
392538 4 3 96074
392540 4 5 96075
392542 4 10 96077
392546 4 1 96252
392578 4 15 95527
392584 4 15 95755
392590 4 14 96078
392592 4 15 96079
392594 4 21 96081
392598 4 2 96253
392630 4 19 95528
392638 4 22 96022
392640 4 23 96023
392642 4 2 96025
392650 4 3 96254
392696 4 9 96028
392734 4 23 95531
392748 4 14 96042
392750 4 19 96044
392752 4 21 96045
392782 4 1 95568
392796 4 2 96049
392826 4 9 96040
392848 4 3 95270
392850 4 3 95282
392852 4 5 95283
392854 4 10 95285
392858 4 10 95405
392860 4 14 95406
392862 4 19 95408
392864 4 2 95605
392866 4 3 95606
392870 4 1 96000
392910 4 15 95371
392916 4 15 95263
392918 4 21 95265
392926 4 14 96138
392928 4 15 96139
392932 4 21 96141
392934 4 22 96142
392966 4 22 95326
392968 4 22 95350
392990 4 14 95370
392998 4 23 96143
393000 4 1 96144
393002 4 5 96147
393004 4 5 96171
393020 4 2 96145
393022 4 3 96146
393076 4 3 95294
393078 4 9 95572
393082 4 9 95296
393096 4 22 95782
393098 4 23 95783
393100 4 10 95837
393102 4 14 95838
393122 4 1 95784
393146 4 5 95787
393172 4 9 95788
393176 4 9 95860
393204 4 10 95861
393226 4 14 95298
393234 4 21 95793
393280 4 19 95264
393284 4 1 95268
393286 4 22 95794
393288 4 23 95795
393290 4 15 95839
393292 4 19 95840
393348 4 9 95800
393352 4 14 95862
393376 4 3 95798
393398 4 14 95802
393426 4 19 95804
393428 4 21 95805
393430 4 19 95864
393454 4 22 95806
393456 4 23 95807
393482 4 1 95808
393486 4 22 95866
393510 4 3 95810
393512 4 5 95811
393538 4 9 95812
393540 4 10 95813
393542 4 1 95868
393566 4 14 95814
393664 4 19 95816
393666 4 21 95817
393668 4 2 95869
393692 4 22 95818
393694 4 23 95819
393716 4 2 95821
393760 4 5 95235
393762 4 9 95236
393764 4 10 95237
393770 4 9 95824
393794 4 1 95232
393798 4 3 95234
393802 4 21 95241
393808 4 10 95825
393810 4 14 95826
393812 4 3 95870
393814 4 3 96390
393816 4 5 96391
393818 4 10 96393
393820 4 1 96676
393822 4 10 96765
393824 4 15 96767
393826 4 19 96768
393828 4 1 96808
393830 4 14 96922
393832 4 2 97049
393834 4 3 97050
393836 4 9 97052
393842 4 10 96357
393844 4 14 96358
393846 4 2 96389
393848 4 2 96437
393850 4 9 96332
393852 4 10 96333
393854 4 14 96334
393856 4 15 96335
393858 4 14 96754
393860 4 3 96786
393862 4 22 96854
393872 4 5 96571
393874 4 10 96573
393876 4 14 96574
393878 4 1 96760
393880 4 22 96770
393882 4 23 96771
393884 4 1 96772
393886 4 2 96773
393888 4 10 96861
393906 4 2 96605
393908 4 5 96607
393910 4 9 96608
393912 4 14 96538
393914 4 10 96609
393916 4 10 97041
393920 4 14 96766
393926 4 15 96611
393936 4 9 97100
393938 4 19 96324
393940 4 21 96325
393942 4 22 96326
393944 4 23 96327
393946 4 22 96866
393948 4 10 96789
393950 4 14 96790
393952 4 15 96791
393954 4 19 96804
393956 4 2 96881
393958 4 21 96937
393970 4 14 96910
393972 4 15 96911
393974 4 19 96912
393976 4 5 96931
393978 4 3 97002
393980 4 5 97003
393982 4 9 97004
393984 4 10 97005
393986 4 9 97040
393996 4 14 96286
393998 4 15 96287
394000 4 19 96288
394002 4 22 96290
394004 4 14 96322
394006 4 15 96671
394008 4 9 96992
394022 4 3 96426
394024 4 3 96714
394026 4 23 96387
394028 4 22 96374
394030 4 9 96272
394032 4 14 96274
394034 4 15 96275
394036 4 23 96831
394040 4 19 97140
394044 4 10 96369
394046 4 14 96370
394048 4 15 96371
394050 4 19 96372
394052 4 21 96577
394054 4 10 96261
394056 4 14 96262
394058 4 15 96263
394060 4 19 96264
394062 4 14 96586
394064 4 15 96587
394066 4 19 96588
394068 4 21 96589
394070 4 10 96957
394072 4 14 97006
394082 4 1 97084
394084 4 2 97085
394086 4 3 97086
394088 4 5 97087
394090 4 3 97146
394102 4 21 96265
394104 4 22 96266
394106 4 1 96268
394108 4 19 96576
394112 4 10 96273
394116 4 1 96280
394118 4 22 96926
394120 4 23 96927
394122 4 2 97097
394124 4 3 97098
394126 4 19 96276
394128 4 21 96337
394130 4 22 96338
394134 4 14 96706
394138 4 21 97009
394144 4 1 97096
394146 4 1 97144
394154 4 19 96312
394156 4 19 96696
394160 4 15 96311
394162 4 19 96720
394166 4 22 96698
394168 4 23 96699
394170 4 1 96700
394172 4 15 96815
394174 4 19 96816
394176 4 21 96817
394178 4 22 96818
394180 4 5 96871
394182 4 5 96955
394200 4 2 96317
394202 4 21 96421
394208 4 9 96392
394216 4 3 96318
394218 4 5 96319
394220 4 9 96320
394222 4 10 96321
394224 4 2 96845
394230 4 23 96267
394236 4 5 96271
394238 4 9 96356
394258 4 23 96423
394260 4 22 96518
394262 4 23 96519
394264 4 1 96520
394266 4 2 96521
394268 4 15 97043
394270 4 19 97044
394272 4 21 97045
394274 4 22 97046
394276 4 1 96388
394278 4 1 96424
394292 4 15 97019
394294 4 19 97020
394296 4 21 97021
394298 4 22 97022
394300 4 5 97099
394306 4 2 96281
394308 4 1 96376
394310 4 23 96279
394312 4 3 96282
394314 4 9 96284
394316 4 10 96285
394324 4 23 96435
394326 4 1 96436
394328 4 2 96461
394330 4 15 96635
394338 4 10 97101
394340 4 3 97110
394364 4 9 97088
394366 4 10 97089
394368 4 14 97090
394370 4 15 97091
394372 4 21 96313
394374 4 22 96314
394376 4 23 96315
394378 4 1 96316
394380 4 19 96336
394384 4 5 96283
394392 4 3 96690
394394 4 23 96867
394396 4 10 96993
394398 4 14 96994
394400 4 15 96995
394402 4 19 96996
394424 4 9 96788
394426 4 14 96382
394428 4 15 96383
394430 4 19 96384
394432 4 21 96385
394436 4 15 96551
394438 4 19 96552
394440 4 21 96553
394442 4 22 96554
394450 4 22 97010
394464 4 21 96349
394466 4 15 96947
394468 4 19 96948
394470 4 21 96949
394472 4 22 96950
394474 4 22 96434
394476 4 5 96355
394480 4 21 96361
394482 4 22 96362
394484 4 23 96363
394486 4 1 96364
394488 4 19 96420
394490 4 3 96534
394492 4 5 96535
394494 4 9 96536
394496 4 3 96954
394498 4 3 96906
394500 4 5 96907
394502 4 9 96908
394504 4 10 96909
394506 4 14 97042
394532 4 9 96800
394534 4 10 96801
394536 4 14 96802
394538 4 15 96803
394540 4 9 96836
394542 4 10 96837
394544 4 14 96838
394546 4 15 96839
394548 4 15 97079
394550 4 19 97080
394552 4 21 97081
394554 4 9 97112
394556 4 10 97113
394558 4 14 97114
394584 4 14 96634
394586 4 5 97111
394588 4 5 97159
394602 4 3 96402
394604 4 5 96403
394606 4 9 96404
394608 4 10 96405
394610 4 3 96438
394612 4 22 96422
394614 4 1 96460
394616 4 5 96691
394624 4 22 96398
394626 4 23 96399
394628 4 2 96401
394630 4 23 96891
394632 4 19 96432
394634 4 3 96462
394636 4 5 96463
394638 4 10 96465
394640 4 14 96958
394644 4 15 96419
394646 4 9 96440
394648 4 9 96476
394650 4 10 96477
394652 4 14 96478
394654 4 1 96964
394656 4 10 96441
394658 4 19 96480
394660 4 22 96482
394662 4 23 96483
394664 4 2 96965
394666 4 14 96442
394668 4 1 96484
394670 4 3 96486
394672 4 5 96487
394674 4 3 96966
394676 4 15 96443
394678 4 9 96488
394680 4 10 96489
394682 4 14 96490
394684 4 5 96967
394686 4 2 96713
394688 4 19 96840
394690 4 22 96842
394692 4 23 96843
394694 4 21 96961
394698 4 22 96446
394700 4 2 96509
394702 4 5 96511
394704 4 9 96512
394706 4 9 96968
394710 4 23 96447
394712 4 2 96497
394714 4 3 96498
394716 4 5 96499
394718 4 22 96974
394720 4 1 96448
394722 4 10 96501
394724 4 14 96502
394726 4 15 96503
394728 4 23 96975
394730 4 2 96449
394732 4 10 96513
394734 4 14 96514
394736 4 19 96516
394738 4 1 96976
394740 4 14 96454
394742 4 21 96505
394744 4 22 96506
394746 4 23 96507
394748 4 2 96977
394750 4 3 96450
394752 4 3 96522
394754 4 5 96523
394756 4 10 96525
394758 4 2 96989
394760 4 5 96451
394762 4 14 96526
394764 4 15 96527
394766 4 21 96529
394768 4 3 96990
394770 4 9 96452
394772 4 2 96737
394774 4 5 96739
394776 4 9 96740
394778 4 3 96930
394780 4 10 96453
394782 4 22 96530
394784 4 23 96531
394786 4 2 96533
394788 4 5 96991
394804 4 14 96394
394806 4 15 96395
394808 4 19 96396
394810 4 14 96406
394812 4 1 96592
394814 4 2 96593
394816 4 3 96594
394818 4 5 96595
394826 4 10 97017
394834 4 2 96797
394836 4 1 96856
394838 4 2 96857
394840 4 3 96858
394842 4 5 96859
394852 4 10 96345
394854 4 14 96346
394856 4 15 96347
394858 4 19 96348
394860 4 5 96439
394882 4 21 96289
394888 4 19 96444
394900 4 21 96709
394902 4 22 96710
394904 4 1 96712
394906 4 21 96877
394908 4 1 97132
394910 4 2 97133
394912 4 3 97134
394914 4 5 97135
394918 4 23 96351
394920 4 1 96352
394922 4 2 96353
394924 4 3 96354
394926 4 21 96517
394928 4 21 96433
394930 4 15 96539
394932 4 21 96541
394934 4 22 96542
394936 4 9 97028
394938 4 2 96365
394940 4 3 96366
394942 4 5 96367
394944 4 9 96368
394946 4 15 96431
394948 4 21 96373
394950 4 21 96445
394956 4 9 96464
394964 4 21 96841
394970 4 1 96472
394972 4 2 96473
394974 4 3 96474
394976 4 5 96475
394984 4 15 96479
394990 4 21 96481
395000 4 2 96485
395014 4 15 96491
395024 4 9 96500
395034 4 19 96504
395044 4 1 96508
395050 4 3 96510
395062 4 15 96515
395072 4 15 96359
395074 4 19 96360
395080 4 9 96524
395090 4 19 96528
395100 4 1 96532
395112 4 10 96537
395116 4 22 97106
395118 4 23 97107
395120 4 1 97108
395122 4 2 97109
395124 4 21 96301
395126 4 15 96647
395128 4 22 96746
395130 4 23 96747
395136 4 22 96302
395138 4 9 96644
395140 4 9 96728
395142 4 10 96729
395148 4 23 96303
395150 4 14 96646
395152 4 19 96744
395154 4 21 96745
395160 4 1 96304
395164 4 14 96730
395168 4 2 96305
395170 4 15 96743
395176 4 3 96306
395178 4 14 96742
395184 4 5 96307
395186 4 10 96741
395192 4 10 96297
395196 4 10 96753
395204 4 1 96340
395208 4 3 96846
395226 4 2 96377
395228 4 3 96378
395230 4 5 96379
395232 4 9 96380
395234 4 22 96590
395256 4 5 96943
395258 4 9 96944
395260 4 10 96945
395262 4 14 96946
395274 4 21 97141
395296 4 9 96884
395298 4 15 96623
395300 4 19 96624
395302 4 21 96625
395304 4 22 96626
395306 4 1 96628
395312 4 1 96844
395318 4 15 97007
395334 4 19 96636
395338 4 21 96721
395344 4 5 96427
395346 4 9 96428
395348 4 10 96429
395350 4 14 96430
395352 4 9 96596
395360 4 10 96873
395362 4 15 96875
395364 4 19 96876
395368 4 3 96642
395372 4 3 96726
395382 4 5 96643
395386 4 5 96727
395412 4 10 96645
395416 4 15 96731
395450 4 19 96648
395454 4 1 96748
395464 4 21 96649
395468 4 2 96749
395480 4 3 96750
395486 4 1 96256
395488 4 22 96650
395490 4 5 96751
395496 4 2 96257
395500 4 23 96651
395504 4 9 96752
395514 4 3 96258
395548 4 10 96309
395550 4 10 96681
395566 4 19 96408
395568 4 21 96409
395570 4 22 96410
395572 4 23 96411
395574 4 2 96617
395620 4 19 96612
395622 4 21 96613
395624 4 22 96614
395626 4 23 96615
395628 4 3 96582
395630 4 5 96583
395632 4 9 96584
395634 4 10 96585
395652 4 19 96264
395654 4 3 96414
395666 4 22 96326
395668 4 23 96327
395670 4 1 96616
395678 4 1 96400
395682 4 22 96998
395692 4 2 96269
395694 4 3 96270
395696 4 14 96310
395714 4 1 96736
395718 4 22 96782
395720 4 5 96811
395726 4 23 96291
395730 4 5 97051
395748 4 3 96738
395768 4 19 96300
395770 4 19 96708
395776 4 15 96563
395778 4 19 96564
395780 4 21 96565
395782 4 22 96566
395784 4 22 96578
395786 4 23 96579
395788 4 1 96580
395790 4 2 96581
395792 4 5 96559
395794 4 9 96560
395796 4 10 96561
395798 4 14 96562
395800 4 23 96591
395802 4 23 96567
395804 4 1 96568
395806 4 2 96569
395808 4 3 96570
395810 4 3 96606
395814 4 21 96325
395818 4 5 96799
395820 4 21 96601
395822 4 22 96602
395824 4 23 96603
395826 4 1 96604
395828 4 2 96653
395838 4 5 96619
395840 4 9 96620
395842 4 10 96621
395844 4 14 96622
395846 4 15 96719
395864 4 14 96862
395866 4 15 96863
395868 4 19 96864
395870 4 1 96880
395882 4 1 96928
395896 4 5 96415
395898 4 10 96417
395900 4 14 96418
395902 4 23 96471
395914 4 21 96553
395916 4 23 96807
395918 4 2 96809
395920 4 3 96942
395922 4 22 97010
395924 4 23 97011
395926 4 14 97018
395954 4 3 96702
395956 4 9 96704
395958 4 10 96705
395960 4 21 96805
395962 4 2 96629
395964 4 3 96630
395966 4 5 96631
395968 4 9 96632
395970 4 21 96697
395974 4 22 96386
395988 4 21 96493
395990 4 22 96494
395992 4 23 96495
395994 4 1 96496
395996 4 21 96769
396014 4 23 96555
396016 4 1 96556
396018 4 2 96557
396020 4 3 96558
396026 4 21 96277
396028 4 15 96299
396036 4 21 96637
396038 4 22 96638
396040 4 23 96639
396042 4 1 96640
396044 4 15 96755
396098 4 1 96292
396100 4 3 96390
396102 4 9 96392
396104 4 9 96824
396106 4 15 96827
396108 4 1 96868
396110 4 21 96997
396112 4 23 97083
396124 4 2 96341
396126 4 3 96342
396128 4 5 96343
396130 4 9 96344
396132 4 9 96836
396134 4 10 96837
396138 4 9 96920
396140 4 9 96932
396142 4 10 96933
396144 4 14 96934
396146 4 15 96935
396148 4 1 97024
396150 4 2 97025
396152 4 3 97026
396154 4 5 97027
396156 4 14 97078
396176 4 14 96874
396182 4 23 96915
396184 4 1 96916
396186 4 2 96917
396188 4 3 96918
396190 4 10 97137
396192 4 14 97138
396194 4 15 97139
396196 4 1 97156
396198 4 2 97157
396200 4 3 97158
396218 4 14 96658
396220 4 15 96659
396222 4 19 96660
396224 4 21 96661
396226 4 23 96783
396228 4 19 96312
396232 4 9 97196
396234 4 14 97198
396236 4 23 97251
396238 4 1 97252
396240 4 2 97253
396248 4 9 97160
396250 4 10 97161
396252 4 22 97166
396254 4 23 97167
396256 4 3 97170
396270 4 9 97172
396272 4 10 97173
396274 4 19 97176
396286 4 22 97178
396288 4 2 97181
396290 4 3 97182
396300 4 9 97184
396302 4 10 97185
396304 4 14 97186
396308 4 14 96298
396314 4 22 97190
396316 4 2 97193
396318 4 3 97194
396330 4 10 97257
396332 4 19 97260
396334 4 21 97261
396342 4 9 97208
396344 4 19 97212
396346 4 22 97214
396348 4 23 97215
396350 4 1 97216
396362 4 9 97220
396364 4 10 97221
396366 4 19 97224
396378 4 23 97263
396380 4 1 97264
396382 4 5 97267
396394 4 22 97226
396396 4 23 97227
396398 4 3 97230
396410 4 10 97269
396412 4 19 97272
396414 4 21 97273
396426 4 9 97232
396428 4 10 97233
396430 4 14 97234
396436 4 22 96302
396444 4 23 97275
396446 4 3 97278
396448 4 5 97279
396462 4 22 97238
396464 4 2 97241
396466 4 3 97242
396470 4 23 96303
396478 4 9 97244
396480 4 10 97245
396482 4 19 97248
396530 4 9 96308
396556 4 21 96397
396558 4 14 96406
396568 4 15 96575
396578 4 19 96840
396584 4 23 97023
396628 4 1 96652
396630 4 1 96784
396632 4 19 96672
396634 4 21 96673
396636 4 22 96674
396638 4 23 96675
396640 4 23 96795
396654 4 2 96785
396658 4 5 96667
396660 4 9 96668
396662 4 10 96669
396664 4 14 96670
396666 4 21 96793
396690 4 14 96754
396692 4 5 96847
396694 4 22 96854
396716 4 15 97103
396718 4 22 96686
396720 4 23 96687
396722 4 1 96688
396724 4 2 96689
396726 4 22 96794
396728 4 22 96722
396730 4 23 96723
396732 4 1 96724
396734 4 2 96725
396736 4 19 96828
396748 4 9 97004
396750 4 10 97005
396752 4 9 97040
396754 4 2 96677
396756 4 3 96678
396758 4 5 96679
396760 4 9 96680
396762 4 3 96798
396772 4 19 96276
396774 4 10 96609
396776 4 1 96676
396778 4 1 96952
396780 4 10 97041
396782 4 5 96715
396784 4 9 96716
396786 4 10 96717
396788 4 14 96718
396790 4 2 96821
396792 4 19 96756
396794 4 21 96757
396796 4 22 96758
396798 4 23 96759
396800 4 3 96834
396810 4 9 96692
396812 4 10 96693
396814 4 14 96694
396816 4 15 96695
396818 4 22 96806
396822 4 3 96282
396826 4 10 96285
396828 4 2 96461
396832 4 10 96633
396842 4 22 97202
396844 4 23 97203
396848 4 10 97209
396864 4 15 96707
396866 4 23 96819
396868 4 2 96761
396870 4 3 96762
396872 4 5 96763
396874 4 9 96764
396876 4 21 96829
396878 4 14 96778
396880 4 15 96779
396882 4 19 96780
396884 4 21 96781
396886 4 5 96823
396904 4 14 96286
396908 4 19 96288
396910 4 21 96289
396920 4 5 96259
396924 4 3 96882
396926 4 23 96903
396928 4 10 97065
396944 4 2 96269
396948 4 22 96890
396950 4 2 96893
396952 4 21 97069
396958 4 19 96732
396960 4 21 96733
396962 4 22 96734
396964 4 23 96735
396966 4 1 96832
396968 4 22 96698
396970 4 23 96699
396972 4 1 96700
396974 4 2 96701
396976 4 5 96871
396978 4 10 96369
396980 4 15 96371
396984 4 1 96388
396988 4 2 96425
396990 4 23 96435
396992 4 21 96577
396994 4 5 96943
397024 4 1 96328
397026 4 2 96329
397028 4 3 96330
397030 4 2 96869
397036 4 14 96838
397050 4 9 97112
397052 4 10 97113
397054 4 14 97114
397080 4 1 96796
397082 4 9 96812
397084 4 14 96814
397112 4 15 96407
397114 4 19 96960
397116 4 1 97084
397118 4 2 97085
397120 4 3 97086
397122 4 3 97146
397126 4 5 96547
397128 4 10 96549
397134 4 22 96878
397136 4 21 97033
397164 4 15 96455
397168 4 3 96846
397170 4 9 96872
397184 4 5 96571
397186 4 9 96572
397188 4 10 96573
397190 4 14 96574
397192 4 1 96760
397206 4 10 96825
397212 4 15 97019
397214 4 22 97022
397216 4 19 97152
397236 4 9 96272
397238 4 10 96273
397240 4 14 96274
397242 4 1 96280
397266 4 22 96770
397268 4 23 96771
397270 4 1 96772
397272 4 2 96773
397274 4 10 96861
397292 4 10 96789
397294 4 14 96790
397298 4 19 96792
397300 4 2 96881
397302 4 2 96293
397304 4 3 96294
397306 4 5 96295
397308 4 9 96296
397312 4 5 96787
397316 4 5 96835
397324 4 21 96865
397328 4 23 97011
397360 4 9 96260
397366 4 5 96355
397370 4 19 97020
397374 4 5 97099
397396 4 1 96460
397398 4 5 96691
397400 4 9 96800
397402 4 10 96801
397404 4 14 96802
397416 4 15 97079
397418 4 19 97080
397420 4 21 97081
397426 4 15 97139
397440 4 10 96345
397442 4 14 96346
397446 4 10 96357
397448 4 14 96358
397450 4 19 96360
397452 4 2 96365
397454 4 5 96367
397456 4 9 96368
397458 4 2 96437
397462 4 3 96870
397464 4 22 96938
397466 4 23 96939
397468 4 1 96940
397470 4 2 96941
397472 4 5 97015
397474 4 9 97016
397476 4 19 97140
397512 4 10 97029
397514 4 14 97030
397516 4 15 97031
397518 4 19 97032
397542 4 3 96426
397544 4 1 96592
397546 4 2 96593
397548 4 3 96594
397558 4 1 97012
397560 4 14 96682
397562 4 15 96683
397564 4 19 96684
397566 4 21 96685
397586 4 19 96804
397588 4 21 96937
397592 4 22 96338
397594 4 23 96339
397596 4 21 97009
397598 4 15 96323
397600 4 3 96654
397602 4 5 96655
397604 4 9 96656
397606 4 19 97092
397608 4 21 97093
397610 4 22 97094
397634 4 1 96412
397642 4 10 96657
397644 4 3 96774
397646 4 5 96775
397648 4 9 96776
397650 4 10 96777
397652 4 21 96925
397686 4 23 96843
397696 4 14 96322
397708 4 22 96470
397712 4 9 96548
397716 4 14 96550
397720 4 3 96618
397722 4 3 96810
397726 4 22 96962
397742 4 9 96992
397754 4 19 96492
397756 4 10 96597
397758 4 14 96598
397760 4 15 96599
397762 4 19 96600
397768 4 3 96690
397774 4 1 96340
397776 4 14 96706
397778 4 1 97144
397800 4 22 97034
397802 4 23 97035
397804 4 1 97036
397806 4 2 97037
397846 4 14 96610
397866 4 5 96391
397868 4 10 96393
397872 4 14 96922
397898 4 3 96666
397900 4 15 96539
397902 4 21 96541
397904 4 22 96542
397914 4 9 97028
397918 4 19 96312
397920 4 14 96742
397922 4 15 96743
397924 4 14 96850
397926 4 5 96895
397952 4 9 97148
397982 4 22 96422
398000 4 3 96726
398004 4 23 96855
398006 4 10 96885
398008 4 19 97056
398032 4 22 96398
398034 4 1 96400
398038 4 22 96998
398044 4 5 97087
398078 4 15 96947
398080 4 19 96948
398082 4 21 96949
398084 4 10 97017
398088 4 22 96782
398096 4 10 96681
398098 4 10 96741
398100 4 10 96849
398102 4 3 96894
398138 4 19 96444
398140 4 19 96708
398144 4 21 96901
398146 4 22 96902
398148 4 5 97063
398164 4 21 96721
398166 4 15 96851
398184 4 10 96753
398188 4 5 96883
398190 4 23 97047
398208 4 9 97064
398222 4 5 96283
398226 4 15 96635
398228 4 23 96867
398230 4 10 96993
398232 4 19 96996
398266 4 22 97070
398282 4 21 96709
398284 4 22 96710
398286 4 23 96711
398288 4 1 96712
398290 4 10 96765
398292 4 14 96766
398294 4 15 96767
398296 4 21 96877
398298 4 22 96914
398300 4 3 97134
398310 4 3 97038
398312 4 1 97132
398314 4 2 97133
398318 4 5 97135
398358 4 19 97008
398366 4 10 96261
398368 4 15 96263
398370 4 19 96264
398372 4 3 96414
398376 4 9 96728
398380 4 14 96886
398382 4 21 97057
398396 4 15 96887
398398 4 22 97058
398408 4 14 96730
398412 4 19 96888
398414 4 23 97059
398424 4 15 96731
398428 4 21 96889
398430 4 1 97060
398444 4 19 97068
398450 4 3 96258
398452 4 9 96752
398458 4 2 96905
398460 4 14 97054
398478 4 1 97000
398488 4 19 96744
398492 4 23 97071
398504 4 21 96745
398506 4 9 96896
398508 4 1 97072
398518 4 22 96746
398522 4 10 96897
398524 4 2 97073
398534 4 23 96747
398538 4 14 96898
398540 4 3 97074
398550 4 1 96748
398554 4 15 96899
398556 4 5 97075
398566 4 2 96749
398570 4 19 96900
398572 4 2 97061
398588 4 3 97062
398600 4 5 96751
398602 4 23 96903
398604 4 1 96904
398606 4 14 97066
398630 4 15 97067
398668 4 10 96909
398670 4 22 96926
398674 4 1 96928
398676 4 2 96929
398678 4 5 97039
398680 4 2 97097
398700 4 19 96324
398706 4 22 96662
398708 4 23 96663
398710 4 2 96665
398712 4 22 96866
398714 4 19 97104
398724 4 3 96918
398726 4 10 97149
398728 4 14 97150
398730 4 15 97151
398732 4 1 97156
398734 4 2 97157
398736 4 3 97158
398748 4 15 96815
398750 4 19 96816
398752 4 21 96817
398754 4 22 96818
398756 4 5 96955
398768 4 19 96768
398774 4 1 96556
398776 4 2 96557
398796 4 23 96291
398802 4 10 96813
398804 4 1 96820
398806 4 3 96822
398808 4 9 96848
398812 4 5 96919
398816 4 2 97049
398818 4 5 97051
398820 4 1 97096
398826 4 21 97153
398828 4 22 97154
398830 4 23 97155
398864 4 9 96392
398866 4 1 96868
398886 4 9 96944
398888 4 14 96946
398892 4 19 97044
398894 4 21 97045
398896 4 22 97046
398898 4 21 97141
398902 4 19 96336
398906 4 5 97159
398910 4 9 97160
398912 4 10 97161
398914 4 14 97162
398916 4 15 97163
398918 4 19 97164
398920 4 21 97165
398922 4 22 97166
398926 4 1 97168
398928 4 2 97169
398930 4 3 97170
398932 4 5 97171
398948 4 10 96297
398966 4 14 97174
398968 4 15 97175
398972 4 21 97177
399000 4 22 97178
399002 4 23 97179
399004 4 1 97180
399008 4 3 97182
399010 4 5 97183
399034 4 9 97184
399036 4 10 97185
399040 4 15 97187
399042 4 19 97188
399044 4 21 97189
399068 4 22 97190
399070 4 23 97191
399072 4 1 97192
399074 4 2 97193
399076 4 3 97194
399078 4 5 97195
399090 4 14 96298
399100 4 23 97203
399102 4 1 97204
399124 4 2 97205
399126 4 3 97206
399128 4 5 97207
399150 4 9 97196
399152 4 10 97197
399154 4 14 97198
399156 4 15 97199
399158 4 19 97200
399160 4 21 97201
399162 4 23 97251
399164 4 1 97252
399166 4 2 97253
399168 4 3 97254
399170 4 5 97255
399172 4 9 97256
399202 4 9 97208
399206 4 14 97210
399208 4 15 97211
399210 4 19 97212
399212 4 21 97213
399240 4 10 97257
399242 4 14 97258
399244 4 15 97259
399246 4 19 97260
399248 4 21 97261
399250 4 22 97262
399262 4 19 96300
399276 4 22 97214
399278 4 23 97215
399282 4 2 97217
399284 4 3 97218
399286 4 5 97219
399314 4 9 97220
399316 4 10 97221
399318 4 14 97222
399320 4 15 97223
399322 4 19 97224
399324 4 21 97225
399348 4 23 97263
399350 4 1 97264
399352 4 2 97265
399354 4 3 97266
399356 4 5 97267
399358 4 9 97268
399382 4 22 97226
399384 4 23 97227
399386 4 1 97228
399388 4 2 97229
399390 4 3 97230
399392 4 5 97231
399416 4 10 97269
399418 4 14 97270
399420 4 15 97271
399422 4 19 97272
399424 4 21 97273
399426 4 22 97274
399450 4 9 97232
399452 4 10 97233
399454 4 14 97234
399456 4 15 97235
399458 4 19 97236
399460 4 21 97237
399484 4 23 97275
399486 4 1 97276
399488 4 2 97277
399490 4 3 97278
399492 4 5 97279
399504 4 21 96301
399518 4 22 97238
399520 4 23 97239
399522 4 1 97240
399526 4 3 97242
399528 4 5 97243
399616 4 14 97246
399618 4 15 97247
399620 4 19 97248
399622 4 21 97249
399634 4 22 96302
399654 4 23 96303
399676 4 1 96304
399682 4 2 96305
399688 4 10 100489
399690 4 10 100549
399692 4 5 100739
399694 4 21 100397
399696 4 3 100474
399698 4 22 100674
399700 4 10 100405
399702 4 23 100483
399704 4 15 100695
399706 4 22 100542
399708 4 10 100837
399710 4 3 100402
399712 4 23 100543
399714 4 14 100646
399716 4 10 100645
399718 4 9 100644
399720 4 5 100643
399722 4 3 100642
399724 4 15 100647
399726 4 23 100639
399728 4 22 100638
399730 4 19 100648
399732 4 21 100637
399734 4 21 100649
399736 4 19 100636
399738 4 22 100650
399740 4 15 100635
399742 4 14 100634
399744 4 23 100651
399746 4 1 100652
399748 4 15 100659
399750 4 2 100653
399752 4 3 100654
399754 4 14 100658
399756 4 10 100657
399758 4 9 100656
399760 4 1 100640
399762 4 14 100550
399764 4 10 100609
399766 4 22 100590
399768 4 10 100729
399770 4 21 100613
399772 4 19 100540
399774 4 23 100711
399776 4 21 100541
399778 4 3 100714
399780 4 15 100503
399782 4 1 100892
399784 4 2 100893
399786 4 3 100894
399788 4 5 100895
399790 4 15 100971
399792 4 21 101045
399794 4 19 101272
399796 4 22 100470
399798 4 23 100471
399800 4 1 100472
399802 4 2 100473
399804 4 1 100616
399806 4 2 100617
399808 4 10 100981
399810 4 5 100403
399812 4 15 100599
399814 4 14 100730
399816 4 19 100384
399818 4 21 100385
399820 4 22 100386
399822 4 23 100387
399824 4 21 100433
399826 4 9 100476
399828 4 15 100947
399830 4 21 100961
399832 4 22 100962
399834 4 23 100963
399836 4 1 100964
399838 4 15 100983
399840 4 10 101329
399842 4 9 100584
399844 4 22 100722
399846 4 10 100597
399848 4 14 100742
399850 4 9 100608
399852 4 2 100737
399854 4 3 100558
399856 4 15 100719
399858 4 1 100568
399860 4 5 100595
399862 4 19 100720
399864 4 9 100596
399866 4 10 100741
399868 4 3 100618
399870 4 5 100619
399872 4 15 100575
399874 4 21 100721
399876 4 10 100585
399878 4 23 100723
399880 4 14 100586
399882 4 1 100724
399884 4 15 100587
399886 4 2 100725
399888 4 19 100588
399890 4 3 100726
399892 4 21 100589
399894 4 5 100727
399896 4 21 100601
399898 4 10 101029
399900 4 15 101031
399902 4 14 100598
399904 4 9 100740
399906 4 19 100600
399908 4 22 100602
399910 4 15 100731
399912 4 23 100603
399914 4 19 100732
399916 4 1 100604
399918 4 21 100733
399920 4 2 100605
399922 4 22 100734
399924 4 3 100606
399926 4 23 100735
399928 4 5 100607
399930 4 1 100736
399932 4 15 100551
399934 4 14 100610
399936 4 15 100611
399938 4 3 100738
399940 4 19 100696
399942 4 9 100500
399944 4 2 100641
399946 4 23 100663
399948 4 1 100664
399950 4 10 100693
399952 4 14 100694
399954 4 3 92134
399962 4 5 91259
399964 4 23 91843
399966 4 15 91803
399974 4 14 91526
399976 4 15 91863
399990 4 1 91568
399992 4 2 91569
399994 4 23 91663
399996 4 1 92108
400000 4 9 91572
400002 4 10 91573
400004 4 2 92109
400006 4 9 91584
400008 4 10 91585
400010 4 19 91588
400012 4 14 92114
400014 4 5 91511
400016 4 1 91628
400018 4 2 91629
400020 4 9 92124
400022 4 22 91746
400024 4 2 91473
400026 4 14 91670
400028 4 19 92080
400030 4 14 91850
400038 4 14 91766
400040 4 21 91925
400054 4 5 91523
400056 4 2 91149
400064 4 15 91215
400066 4 5 91823
400068 4 21 91865
400072 4 23 92035
400074 4 21 91913
400076 4 22 91914
400078 4 2 92085
400080 4 23 91243
400082 4 19 91816
400084 4 19 92068
400086 4 10 91549
400088 4 23 91483
400090 4 10 91789
400092 4 10 91657
400102 4 3 91618
400104 4 10 91621
400106 4 19 92128
400108 4 10 92089
400110 4 21 92093
400116 4 5 91691
400118 4 10 91693
400132 4 10 91381
400134 4 5 91643
400136 4 23 92155
400138 4 22 91518
400140 4 1 91736
400156 4 21 91193
400158 4 5 91871
400160 4 19 92104
400180 4 5 91199
400182 4 9 91872
400184 4 2 92097
400204 4 21 92057
400206 4 23 92059
400220 4 2 91557
400222 4 15 91503
400224 4 3 92062
400228 4 23 91627
400230 4 3 91798
400234 4 15 92091
400236 4 9 91272
400238 4 14 91802
400240 4 22 92082
400242 4 2 91173
400244 4 21 91745
400246 4 15 91479
400248 4 1 91724
400252 4 10 91909
400260 4 15 91539
400262 4 14 92150
400264 4 19 91792
400266 4 3 91534
400268 4 10 91537
400270 4 22 92070
400272 4 2 92073
400276 4 23 92131
400290 4 21 91181
400292 4 9 91488
400294 4 15 91683
400298 4 23 91363
400302 4 23 92143
400310 4 23 91507
400312 4 5 92123
400314 4 3 92074
400320 4 22 91722
400322 4 1 91820
400350 4 1 92132
400352 4 21 91637
400354 4 14 92126
400360 4 22 92094
400374 4 1 92144
400386 4 21 92081
400404 4 1 91496
400408 4 2 91665
400410 4 1 92096
400414 4 10 92149
400428 4 15 91551
400430 4 1 91796
400432 4 1 91544
400434 4 15 92103
400436 4 19 91600
400438 4 21 92117
400440 4 1 91604
400442 4 22 92118
400444 4 19 91564
400446 4 15 91755
400448 4 22 91758
400450 4 23 92119
400452 4 3 91558
400454 4 21 92105
400456 4 23 91231
400464 4 9 91596
400466 4 19 92116
400470 4 3 92110
400472 4 19 91576
400474 4 5 92111
400476 4 1 91580
400478 4 9 92112
400480 4 1 91592
400482 4 15 92115
400484 4 10 91609
400486 4 2 91773
400488 4 9 91776
400490 4 1 92120
400492 4 14 91622
400494 4 3 92122
400496 4 22 91530
400498 4 22 92106
400500 4 10 91633
400502 4 10 92125
400516 4 10 91669
400520 4 1 92072
400534 4 5 92099
400542 4 21 91373
400544 4 9 91656
400546 4 15 92139
400554 4 10 91561
400560 4 2 91761
400562 4 9 92148
400566 4 14 91598
400574 4 22 91602
400584 4 2 91605
400592 4 21 91565
400600 4 21 91577
400608 4 3 91582
400614 4 22 91590
400622 4 2 91593
400632 4 14 91610
400636 4 19 91696
400642 4 19 91624
400650 4 22 91626
400656 4 3 91630
400664 4 14 91634
400672 4 15 91719
400686 4 19 91972
400688 4 14 91982
400702 4 2 91977
400704 4 9 91992
400718 4 23 91987
400720 4 21 91997
400736 4 3 92002
400750 4 5 91235
400752 4 2 91917
400774 4 3 92014
400794 4 1 92024
400812 4 9 91920
400828 4 5 91223
400832 4 1 91772
400860 4 23 91795
400864 4 15 91791
400866 4 5 91811
400884 4 5 91931
400904 4 23 91951
400920 4 5 91967
400960 4 21 92009
400976 4 15 92019
401030 4 22 91962
401046 4 9 91956
401062 4 14 91946
401078 4 19 91936
401080 4 2 91941
401094 4 22 91926
401136 4 21 92045
401156 4 5 92159
401158 4 3 91654
401212 4 19 92056
401216 4 15 91743
401224 4 23 92107
401236 4 22 91542
401264 4 10 91801
401274 4 5 92063
401290 4 10 91873
401308 4 23 92095
401322 4 1 91136
401334 4 23 91183
401336 4 19 91648
401338 4 15 92127
401738 4 19 91492
401740 4 15 92043
401758 4 21 91457
401760 4 2 91461
401776 4 2 91425
401778 4 19 91888
401808 4 22 91878
401820 4 2 92061
401858 4 10 91369
401918 4 14 92030
401926 4 5 91211
401928 4 23 91351
401938 4 1 91484
401966 4 2 91653
401982 4 15 91563
401994 4 9 91788
401998 4 1 91676
402000 4 3 92098
402046 4 2 91377
402120 4 2 91401
402122 4 1 91892
402146 4 1 91388
402148 4 10 91405
402164 4 10 92029
402178 4 2 91449
402180 4 10 91453
402196 4 10 91393
402244 4 21 91409
402258 4 2 91413
402272 4 10 91417
402286 4 21 91421
402314 4 21 91397
402334 4 9 91896
402346 4 10 91429
402362 4 21 91433
402376 4 2 91437
402390 4 10 91441
402404 4 21 91445
402432 4 10 91465
402466 4 5 92075
402504 4 23 93447
402506 4 1 93448
402508 4 3 93450
402510 4 5 93751
402512 4 9 93752
402514 4 2 93761
402516 4 9 93764
402518 4 9 93416
402520 4 19 93792
402522 4 2 93893
402524 4 3 93894
402526 4 9 93896
402528 4 21 93997
402544 4 15 93503
402546 4 22 93506
402548 4 14 93778
402550 4 9 93872
402552 4 10 94005
402554 4 15 93227
402556 4 10 93465
402558 4 15 93467
402560 4 5 93511
402562 4 15 93611
402564 4 19 93612
402566 4 22 94046
402568 4 2 94133
402608 4 14 93226
402610 4 10 93945
402612 4 14 93946
402614 4 15 93995
402616 4 15 94199
402618 4 19 94200
402620 4 22 94202
402646 4 21 93325
402648 4 23 93327
402650 4 5 93463
402652 4 14 93730
402654 4 2 94193
402656 4 10 93345
402658 4 14 93346
402662 4 5 93739
402664 4 3 94194
402666 4 10 93357
402668 4 14 93358
402670 4 9 93464
402672 4 14 93742
402674 4 5 94195
402676 4 14 93442
402678 4 19 93444
402680 4 14 93526
402682 4 15 93527
402684 4 19 93528
402686 4 15 93911
402688 4 19 93912
402690 4 22 93914
402694 4 5 93895
402696 4 1 93952
402700 4 3 93402
402702 4 5 93403
402704 4 21 93469
402706 4 23 93747
402708 4 10 94197
402712 4 14 93466
402716 4 9 93500
402718 4 22 93674
402720 4 23 93675
402722 4 1 93676
402724 4 15 93815
402726 4 19 93816
402728 4 19 94032
402730 4 22 93446
402732 4 2 93581
402734 4 10 93885
402736 4 19 94152
402738 4 22 94154
402740 4 9 93452
402742 4 2 93749
402744 4 22 93206
402746 4 10 94017
402750 4 21 94201
402770 4 14 93418
402772 4 22 93470
402774 4 23 93471
402776 4 5 94135
402792 4 23 93315
402794 4 1 93316
402796 4 2 93317
402798 4 5 93319
402800 4 9 93560
402802 4 14 93562
402804 4 15 93563
402806 4 19 93756
402808 4 23 93195
402810 4 15 93659
402812 4 14 93694
402814 4 23 93819
402816 4 3 93822
402818 4 5 93859
402820 4 23 94083
402822 4 1 94108
402836 4 1 93496
402838 4 3 93498
402840 4 1 93532
402842 4 22 93650
402844 4 2 93653
402846 4 3 94134
402858 4 21 93445
402862 4 19 93504
402864 4 21 93697
402866 4 22 93698
402870 4 14 94150
402872 4 3 94158
402874 4 10 93585
402876 4 22 93974
402878 4 1 93976
402880 4 22 93998
402882 4 14 94018
402884 4 2 93557
402886 4 3 94122
402888 4 5 94159
402890 4 2 93413
402892 4 21 93769
402894 4 14 94078
402896 4 19 94080
402898 4 21 94081
402900 4 14 94198
402904 4 5 93763
402908 4 3 93990
402910 4 5 93991
402912 4 10 93993
402914 4 1 93196
402916 4 2 93485
402918 4 23 93939
402920 4 5 94123
402926 4 21 93505
402932 4 1 93700
402958 4 14 93754
402960 4 2 93617
402962 4 3 93618
402964 4 23 94035
402966 4 23 93519
402968 4 5 93667
402970 4 9 93668
402972 4 19 93888
402974 4 9 93188
402976 4 10 93189
402978 4 9 93320
402980 4 22 93686
402982 4 23 93687
402984 4 1 93688
402994 4 1 93424
402996 4 3 93426
402998 4 23 93951
403000 4 9 93980
403024 4 9 93212
403026 4 10 93213
403028 4 19 93216
403030 4 21 93217
403032 4 22 93218
403042 4 10 93753
403046 4 2 93677
403048 4 14 94162
403062 4 14 93202
403064 4 19 93204
403066 4 3 93462
403068 4 23 93771
403070 4 3 93774
403072 4 21 94117
403074 4 10 94173
403076 4 23 93795
403078 4 5 93931
403080 4 9 93932
403082 4 14 93934
403084 4 2 94205
403092 4 19 93588
403096 4 21 93913
403098 4 23 94071
403100 4 5 94183
403114 4 1 93208
403116 4 2 93209
403118 4 21 93229
403120 4 21 93601
403132 4 2 93197
403134 4 3 93198
403136 4 22 93230
403138 4 5 93595
403150 4 15 93431
403152 4 22 93482
403154 4 22 93986
403156 4 1 93988
403158 4 22 94130
403182 4 5 93283
403184 4 9 93284
403186 4 14 93286
403188 4 1 93808
403190 4 1 94132
403194 4 9 94040
403196 4 14 94042
403198 4 15 94043
403200 4 2 94109
403202 4 3 94206
403210 4 22 93398
403212 4 2 93401
403216 4 22 93950
403218 4 9 94196
403226 4 15 93683
403234 4 2 93473
403240 4 2 93689
403242 4 10 93765
403244 4 14 93766
403246 4 19 93768
403248 4 5 93607
403250 4 10 93609
403252 4 14 93610
403254 4 1 93796
403256 4 2 93797
403258 4 3 93798
403260 4 10 93813
403266 4 15 93419
403268 4 19 93420
403274 4 9 94136
403276 4 14 94138
403288 4 5 93619
403290 4 23 93831
403292 4 9 94028
403294 4 10 94029
403296 4 15 94031
403298 4 10 93513
403300 4 19 93516
403302 4 22 93854
403304 4 1 93856
403306 4 15 93959
403308 4 3 94098
403310 4 1 94144
403312 4 15 94187
403314 4 19 93480
403316 4 21 93481
403320 4 14 94030
403324 4 2 93569
403328 4 15 93947
403330 4 19 93948
403332 4 22 93434
403334 4 23 93435
403336 4 22 93602
403338 4 23 93603
403340 4 1 93604
403342 4 14 93790
403344 4 21 93457
403346 4 9 93656
403348 4 1 93760
403352 4 9 93992
403356 4 15 93491
403358 4 21 93493
403360 4 1 94180
403374 4 9 93620
403380 4 15 93443
403390 4 23 93699
403396 4 21 94129
403400 4 5 93475
403402 4 10 93477
403404 4 5 93487
403406 4 14 93502
403408 4 14 93994
403410 4 2 94061
403412 4 2 93221
403414 4 23 93663
403416 4 3 93666
403418 4 22 93758
403420 4 5 94111
403424 4 2 93437
403426 4 2 93509
403428 4 22 93590
403432 4 3 93762
403434 4 19 93972
403474 4 21 94153
403482 4 2 93449
403488 4 15 93971
403490 4 22 93554
403494 4 23 93651
403498 4 19 94140
403502 4 5 93955
403522 4 15 93575
403524 4 19 93576
403526 4 9 94148
403528 4 22 94190
403536 4 21 93985
403540 4 3 93222
403542 4 10 93225
403544 4 22 93410
403550 4 21 93649
403582 4 1 93184
403584 4 1 93232
403586 4 3 93390
403588 4 10 93393
403590 4 22 93746
403592 4 2 93881
403594 4 23 94131
403596 4 2 93185
403598 4 14 93394
403600 4 19 93396
403602 4 21 93397
403604 4 3 93810
403606 4 14 94174
403608 4 19 94176
403610 4 9 93596
403612 4 10 93597
403614 4 15 93599
403618 4 22 93818
403622 4 23 94047
403624 4 1 94048
403626 4 3 94050
403628 4 9 94076
403632 4 10 94137
403636 4 9 94160
403670 4 2 94049
403674 4 22 94178
403676 4 3 94182
403678 4 15 93479
403682 4 14 93598
403684 4 9 93956
403686 4 23 93279
403688 4 2 93281
403690 4 14 93406
403692 4 15 93407
403694 4 21 93409
403696 4 2 93701
403698 4 19 93828
403700 4 3 93474
403702 4 21 94165
403704 4 22 94166
403706 4 1 94168
403718 4 22 93458
403720 4 23 93459
403722 4 1 93460
403750 4 1 93820
403752 4 2 94013
403754 4 3 94014
403756 4 9 94016
403780 4 1 93328
403782 4 3 93414
403784 4 14 93730
403786 4 1 94192
403790 4 19 93660
403792 4 21 93661
403796 4 23 93855
403798 4 2 93857
403802 4 2 93977
403806 4 22 94094
403808 4 1 94096
403850 4 10 93453
403852 4 14 93454
403854 4 19 93456
403860 4 2 93821
403866 4 23 94203
403870 4 10 93285
403872 4 10 93321
403874 4 15 93323
403876 4 19 93324
403878 4 19 93708
403880 4 19 93840
403888 4 2 94157
403890 4 2 93329
403892 4 3 93330
403894 4 5 93331
403896 4 10 93333
403898 4 15 93335
403900 4 19 93732
403902 4 21 93865
403906 4 14 93334
403908 4 19 93336
403910 4 21 93337
403912 4 23 93339
403914 4 21 93733
403916 4 22 93866
403920 4 22 93338
403922 4 1 93340
403924 4 2 93341
403926 4 5 93343
403928 4 22 93734
403930 4 23 93867
403934 4 14 93322
403938 4 3 93342
403940 4 9 93344
403942 4 10 93729
403944 4 1 93868
403946 4 2 93521
403948 4 3 93522
403952 4 2 94097
403954 4 5 94207
403974 4 9 93332
403976 4 21 93361
403978 4 22 93362
403980 4 23 93363
403982 4 15 93731
403984 4 3 93870
404000 4 21 93529
404002 4 21 93805
404008 4 10 93345
404010 4 19 93348
404012 4 21 93349
404014 4 22 93350
404016 4 1 93352
404020 4 10 93873
404024 4 23 93351
404026 4 2 93353
404028 4 3 93354
404030 4 5 93355
404032 4 9 93740
404034 4 14 93874
404038 4 9 93356
404040 4 3 93378
404042 4 5 93379
404044 4 10 93381
404046 4 10 93741
404048 4 15 93875
404052 4 15 93359
404054 4 19 93360
404058 4 1 93364
404060 4 15 93743
404062 4 21 93877
404066 4 9 93380
404068 4 22 93386
404070 4 23 93387
404072 4 2 93389
404074 4 19 93744
404076 4 23 93879
404080 4 1 93388
404084 4 5 93391
404086 4 9 93392
404088 4 21 93745
404090 4 1 93880
404094 4 15 93395
404098 4 23 93399
404100 4 1 93400
404102 4 14 93658
404104 4 3 93882
404108 4 9 93404
404110 4 10 93405
404114 4 19 93408
404116 4 1 93748
404118 4 9 93884
404120 4 15 93611
404134 4 23 93675
404142 4 21 93817
404150 4 1 93652
404154 4 22 94010
404168 4 21 94177
404172 4 9 93788
404188 4 23 93579
404194 4 15 93767
404196 4 2 93833
404198 4 3 93834
404200 4 9 93836
404206 4 23 93471
404224 4 23 93507
404226 4 1 93508
404260 4 1 93484
404268 4 3 93486
404270 4 21 93889
404272 4 23 93891
404274 4 1 93892
404276 4 14 93898
404278 4 19 93900
404280 4 21 93901
404282 4 14 93190
404284 4 15 93191
404286 4 19 93192
404288 4 21 94141
404290 4 2 94169
404292 4 3 94170
404294 4 5 94171
404296 4 23 94191
404298 4 15 93551
404304 4 5 93835
404306 4 22 93842
404308 4 23 93843
404310 4 1 93844
404312 4 9 93572
404318 4 2 93845
404320 4 14 93850
404322 4 15 93851
404324 4 19 93852
404342 4 23 94095
404346 4 5 93691
404348 4 3 93702
404458 4 5 93415
404462 4 22 93494
404464 4 19 93696
404514 4 19 93564
404516 4 22 93566
404518 4 23 93567
404520 4 2 93593
404564 4 19 93492
404572 4 15 94103
404574 4 19 94104
404576 4 22 94106
404578 4 2 93257
404580 4 14 93298
404594 4 10 93261
404596 4 19 93300
404610 4 15 93263
404612 4 21 93301
404626 4 21 93265
404628 4 22 93302
404642 4 23 93267
404650 4 5 93271
404652 4 1 93304
404666 4 15 93275
404668 4 3 93306
404682 4 2 93233
404684 4 19 93288
404712 4 23 93591
404716 4 15 93899
404720 4 19 93960
404722 4 22 93962
404724 4 23 93963
404752 4 19 94044
404794 4 15 93455
404798 4 2 93605
404800 4 5 94027
404812 4 10 93657
404820 4 15 93695
404822 4 15 93779
404824 4 19 93780
404826 4 21 93781
404828 4 10 93801
404830 4 15 93803
404832 4 19 93804
404834 4 2 93413
404872 4 15 93287
404880 4 21 93685
404886 4 21 93853
404888 4 15 93935
404890 4 21 93937
404892 4 22 93938
404898 4 2 93533
404934 4 2 93293
404942 4 5 93295
404950 4 10 93297
404962 4 23 93303
404970 4 2 93305
404972 4 9 93308
404974 4 1 93832
404992 4 15 93299
405002 4 9 93296
405010 4 3 93294
405018 4 1 93292
405026 4 23 93291
405028 4 15 93371
405030 4 15 93863
405042 4 22 93290
405050 4 21 93289
405082 4 21 93277
405084 4 23 93411
405108 4 15 93587
405112 4 21 93961
405116 4 10 93981
405118 4 15 93983
405120 4 19 93984
405126 4 22 93662
405144 4 1 93580
405146 4 5 93703
405148 4 9 93704
405150 4 10 93705
405152 4 5 93775
405156 4 22 93782
405160 4 10 93777
405170 4 9 93320
405172 4 1 93412
405176 4 21 94105
405196 4 2 93581
405198 4 19 94152
405202 4 23 94155
405204 4 3 93438
405212 4 3 93822
405228 4 10 93309
405230 4 14 93310
405232 4 14 93370
405234 4 10 93417
405236 4 21 93433
405238 4 22 93902
405274 4 9 94172
405278 4 5 93187
405290 4 23 94011
405338 4 3 93318
405342 4 10 93561
405344 4 14 93562
405346 4 3 93906
405348 4 5 93907
405350 4 10 93909
405354 4 22 94082
405372 4 22 93950
405382 4 23 93243
405384 4 10 93441
405398 4 5 93787
405400 4 2 93917
405402 4 3 93918
405404 4 9 93920
405406 4 10 93921
405408 4 15 93923
405410 4 19 93924
405412 4 23 93783
405416 4 14 93922
405422 4 19 93936
405426 4 22 93794
405430 4 5 93919
405434 4 23 93927
405436 4 1 93928
405438 4 3 93930
405440 4 19 93600
405442 4 21 93709
405444 4 22 93878
405448 4 3 93786
405452 4 2 93929
405456 4 2 93941
405458 4 3 93942
405460 4 9 93944
405472 4 1 93784
405476 4 14 93802
405480 4 14 94006
405482 4 19 94008
405484 4 21 94009
405486 4 9 93968
405508 4 5 93931
405510 4 9 93932
405512 4 10 94089
405528 4 9 93692
405532 4 22 93890
405554 4 23 93495
405556 4 5 93823
405558 4 3 93846
405560 4 5 93847
405562 4 9 93848
405566 4 21 94033
405568 4 9 94088
405570 4 3 94110
405636 4 3 93750
405638 4 22 93986
405640 4 23 93987
405642 4 2 93989
405644 4 2 93785
405648 4 5 93943
405652 4 1 93964
405654 4 2 93965
405656 4 5 93967
405662 4 9 94004
405672 4 15 93671
405676 4 14 93982
405680 4 1 94036
405682 4 3 94038
405684 4 5 94039
405706 4 22 93194
405708 4 15 93227
405710 4 5 93559
405714 4 10 93789
405726 4 19 93372
405728 4 23 93375
405730 4 23 93423
405732 4 9 93428
405734 4 1 93472
405736 4 10 93969
405762 4 22 93806
405766 4 3 93966
405770 4 1 94000
405772 4 2 94001
405774 4 5 94003
405782 4 23 93483
405784 4 10 93513
405786 4 22 93854
405788 4 23 93855
405798 4 15 94187
405866 4 21 93577
405868 4 5 93607
405870 4 15 93839
405872 4 19 93996
405874 4 9 94040
405876 4 10 94041
405878 4 10 94077
405908 4 2 93365
405910 4 3 93366
405918 4 2 93497
405920 4 5 93583
405922 4 9 93584
405972 4 10 93213
405976 4 10 93753
405980 4 15 93755
406012 4 15 93827
406016 4 3 94002
406020 4 23 94023
406022 4 1 94024
406024 4 3 94026
406026 4 1 93208
406028 4 19 93228
406032 4 22 93242
406062 4 2 93197
406066 4 23 93231
406088 4 3 93234
406090 4 5 93235
406116 4 9 93236
406118 4 10 93237
406144 4 14 93238
406146 4 15 93239
406172 4 19 93240
406176 4 10 93837
406204 4 21 93241
406208 4 5 93247
406234 4 1 93244
406236 4 2 93245
406262 4 3 93246
406264 4 10 93249
406290 4 9 93248
406292 4 15 93251
406318 4 14 93250
406320 4 21 93253
406346 4 19 93252
406348 4 23 93255
406374 4 22 93254
406390 4 1 93256
406406 4 3 93258
406408 4 5 93259
406434 4 9 93260
406448 4 10 93261
406450 4 14 93262
406464 4 15 93263
406466 4 19 93264
406482 4 22 93266
406484 4 2 93269
406510 4 1 93268
406514 4 9 93272
406538 4 3 93270
406540 4 14 93274
406568 4 10 93273
406574 4 5 93811
406576 4 1 93832
406604 4 19 93276
406620 4 22 93278
406636 4 23 93675
406638 4 3 93678
406640 4 5 93679
406642 4 9 93680
406644 4 15 93815
406648 4 21 93817
406660 4 14 93862
406662 4 14 94162
406668 4 23 94083
406746 4 22 93830
406750 4 2 94037
406754 4 19 94056
406756 4 21 94057
406758 4 23 94059
406760 4 10 93861
406764 4 2 94025
406768 4 5 94051
406770 4 9 94052
406772 4 14 94054
406784 4 15 93611
406786 4 21 93613
406788 4 9 93728
406798 4 22 94058
406800 4 1 94072
406802 4 3 94074
406804 4 5 94075
406808 4 10 93369
406834 4 5 93511
406840 4 23 93975
406884 4 15 94163
406886 4 14 93886
406890 4 15 94007
406896 4 10 94053
406900 4 3 93858
406902 4 3 94062
406904 4 9 94064
406906 4 10 94065
406908 4 15 94067
406910 4 19 94068
406912 4 21 94069
406916 4 22 93410
406922 4 21 93649
406924 4 10 93897
406928 4 2 94073
406932 4 5 94099
406934 4 10 94101
406936 4 14 94102
406956 4 19 93444
406958 4 14 93526
406960 4 19 93528
406962 4 15 93911
406964 4 19 93912
406966 4 21 93913
406968 4 5 94183
406970 4 15 93887
406976 4 22 94070
406978 4 1 94084
406980 4 2 94085
406982 4 5 94087
406984 4 5 93871
406988 4 5 94063
406992 4 14 94090
406994 4 19 94092
406996 4 21 94093
407008 4 1 93904
407012 4 9 94100
407016 4 9 94112
407018 4 14 94114
407020 4 15 94115
407026 4 22 93590
407034 4 22 93578
407038 4 9 93608
407040 4 23 93735
407042 4 1 93736
407044 4 3 93738
407048 4 21 94189
407064 4 10 93429
407094 4 1 93916
407098 4 10 94113
407102 4 9 94124
407104 4 14 94126
407106 4 15 94127
407110 4 14 94078
407114 4 23 93903
407118 4 3 94086
407122 4 22 94118
407124 4 23 94119
407126 4 2 94121
407128 4 2 93905
407130 4 21 93973
407134 4 15 94091
407158 4 14 93466
407168 4 21 93553
407202 4 1 93556
407222 4 1 93940
407226 4 1 94120
407232 4 10 94125
407236 4 14 93958
407242 4 1 93988
407246 4 9 93668
407248 4 10 93669
407254 4 5 93763
407258 4 10 93993
407292 4 23 94047
407294 4 1 94048
407296 4 3 94050
407306 4 5 94135
407308 4 10 94137
407310 4 14 94138
407312 4 10 93453
407314 4 15 93455
407318 4 5 94015
407322 4 23 94203
407362 4 9 93212
407366 4 19 93216
407368 4 5 93439
407370 4 9 93440
407374 4 10 93753
407376 4 14 94066
407380 4 15 94079
407382 4 14 94198
407440 4 9 93596
407442 4 10 93597
407448 4 22 93818
407450 4 9 93956
407452 4 19 94032
407454 4 2 93521
407456 4 5 93523
407458 4 14 93622
407478 4 23 93219
407480 4 15 93791
407494 4 23 93495
407516 4 2 93533
407520 4 9 93764
407524 4 5 93991
407530 4 3 93198
407534 4 5 93595
407538 4 19 93588
407552 4 23 93207
407562 4 2 93209
407566 4 21 93601
407578 4 10 93945
407580 4 14 93946
407582 4 15 93947
407584 4 22 94034
407592 4 5 93451
407596 4 10 93609
407598 4 21 93925
407600 4 21 93949
407638 4 1 94108
407642 4 9 94136
407646 4 19 93432
407648 4 23 93795
407652 4 14 93934
407656 4 22 94178
407658 4 2 94205
407672 4 21 93589
407674 4 3 93690
407694 4 22 93446
407700 4 14 93226
407702 4 15 93995
407704 4 15 94199
407706 4 19 94200
407708 4 22 94202
407730 4 3 93186
407732 4 23 93999
407736 4 21 94201
407750 4 1 93220
407756 4 22 93926
407794 4 1 93424
407796 4 14 93430
407798 4 14 93970
407800 4 15 94019
407802 4 19 94020
407804 4 22 94022
407808 4 3 93522
407810 4 5 94207
407830 4 21 93217
407832 4 23 93447
407834 4 3 93450
407840 4 9 93752
407842 4 19 94116
407844 4 1 93196
407846 4 19 93552
407850 4 9 93620
407854 4 23 94035
407890 4 19 93660
407892 4 21 93661
407900 4 22 93458
407904 4 14 93754
407922 4 10 93489
407924 4 15 93503
407926 4 21 93505
407930 4 15 93551
407932 4 23 93579
407936 4 23 93699
407938 4 1 93700
407940 4 9 93872
407942 4 21 94129
407980 4 14 93382
407982 4 15 93383
407984 4 2 93869
408028 4 1 93532
408030 4 22 93650
408032 4 2 93653
408034 4 22 94010
408036 4 3 94134
408042 4 19 93396
408046 4 14 94174
408048 4 15 94175
408050 4 19 94176
408060 4 19 93672
408062 4 21 93673
408064 4 3 93978
408104 4 22 93206
408106 4 10 94017
408108 4 23 93663
408110 4 1 93664
408112 4 2 93665
408118 4 22 93914
408120 4 5 94111
408124 4 14 93514
408128 4 15 93959
408130 4 3 94098
408152 4 15 93479
408162 4 1 94012
408164 4 22 94142
408166 4 10 94185
408218 4 14 93694
408222 4 3 93822
408230 4 22 93434
408238 4 10 93621
408240 4 5 93655
408246 4 9 94172
408250 4 2 93593
408252 4 23 93771
408254 4 1 93772
408256 4 9 93824
408258 4 10 93825
408262 4 21 94117
408302 4 5 93187
408306 4 22 93566
408316 4 10 93633
408318 4 14 93682
408324 4 21 94177
408330 4 5 93859
408340 4 5 93955
408402 4 19 93684
408410 4 9 93416
408412 4 19 93792
408422 4 5 93727
408428 4 14 93190
408430 4 15 93191
408434 4 21 94141
408456 4 9 93488
408468 4 5 93703
408470 4 9 93704
408472 4 9 93776
408500 4 23 93855
408502 4 2 93857
408508 4 22 93602
408516 4 19 94044
408544 4 14 93490
408558 4 3 93438
408568 4 1 93676
408570 4 2 93677
408590 4 23 94131
408596 4 19 93480
408606 4 3 93510
408634 4 9 93512
408642 4 21 93517
408662 4 22 93518
408674 4 22 93530
408688 4 2 93449
408692 4 15 93971
408694 4 19 93972
408726 4 1 93520
408728 4 2 93809
408744 4 14 93310
408746 4 14 93370
408750 4 21 93433
408770 4 2 93893
408772 4 3 93906
408774 4 9 93908
408776 4 1 93952
408778 4 2 93953
408780 4 3 93954
408810 4 1 93568
408812 4 23 93807
408824 4 9 93320
408830 4 21 94105
408832 4 14 93538
408840 4 15 93539
408848 4 19 93540
408856 4 21 93541
408864 4 22 93542
408872 4 5 93535
408880 4 5 93571
408882 4 9 93800
408894 4 23 93543
408896 4 21 93841
408908 4 1 93544
408916 4 2 93545
408924 4 3 93546
408932 4 5 93547
408940 4 9 93548
408948 4 10 93549
408956 4 14 93550
408964 4 10 93537
408978 4 14 94162
408984 4 3 93558
408988 4 22 94166
408990 4 23 94167
408992 4 23 94179
409020 4 2 93581
409022 4 15 94151
409026 4 22 94154
409028 4 23 93195
409064 4 15 93431
409066 4 22 93482
409068 4 22 94130
409074 4 9 93896
409076 4 21 93997
409080 4 9 93788
409108 4 23 93315
409110 4 9 93560
409112 4 14 93562
409120 4 14 93910
409162 4 15 93575
409180 4 23 93375
409184 4 10 93969
409196 4 1 93472
409214 4 23 93435
409218 4 1 93604
409234 4 23 93231
409264 4 14 93238
409272 4 19 93240
409288 4 14 93838
409358 4 21 93241
409374 4 3 93246
409406 4 22 93254
409414 4 1 93256
409440 4 19 93756
409442 4 21 93757
409508 4 19 93264
409516 4 22 93266
409532 4 3 93270
409534 4 23 88963
409536 4 10 89041
409538 4 5 88967
409540 4 3 88978
409550 4 19 88792
409554 4 3 88870
409556 4 2 88845
409558 4 3 89074
409562 4 15 89031
409576 4 14 97454
409578 4 15 97455
409580 4 19 97456
409582 4 19 97468
409584 4 9 98136
409586 4 10 98137
409588 4 14 98138
409590 4 15 98139
409592 4 10 97417
409594 4 19 97480
409596 4 19 97540
409598 4 9 97596
409600 4 14 97514
409602 4 15 97515
409604 4 19 97516
409606 4 21 97517
409608 4 15 98223
409610 4 23 97627
409616 4 1 97736
409618 4 21 97781
409620 4 22 97782
409622 4 23 97783
409624 4 1 97784
409626 4 14 97958
409628 4 15 97959
409630 4 19 97960
409632 4 21 97961
409636 4 5 97499
409638 4 9 97500
409640 4 5 97799
409642 4 22 98010
409644 4 23 98011
409646 4 1 98012
409648 4 2 98013
409650 4 15 98031
409652 4 19 98032
409654 4 21 98033
409656 4 22 98034
409660 4 9 97968
409662 4 10 97969
409664 4 14 97970
409666 4 15 97971
409668 4 22 98106
409670 4 23 98107
409672 4 1 98108
409674 4 2 98109
409676 4 5 98111
409678 4 9 97488
409680 4 10 97489
409682 4 14 97490
409684 4 15 97491
409686 4 15 97683
409688 4 19 97684
409690 4 21 97685
409692 4 22 97686
409694 4 1 97772
409696 4 14 97910
409698 4 15 97911
409700 4 19 97912
409702 4 21 97913
409704 4 15 98067
409706 4 19 98092
409708 4 14 98294
409710 4 14 98114
409712 4 15 98115
409714 4 19 98116
409716 4 21 98117
409718 4 23 98119
409726 4 21 97457
409728 4 15 97767
409730 4 10 97453
409732 4 15 97347
409742 4 9 98256
409744 4 2 97449
409746 4 9 97836
409748 4 10 97837
409750 4 14 97838
409752 4 15 97839
409754 4 22 98022
409756 4 21 98249
409768 4 1 98156
409770 4 2 98157
409772 4 3 98158
409774 4 5 98159
409776 4 5 98279
409778 4 9 97428
409780 4 23 97495
409782 4 1 97496
409784 4 1 97424
409786 4 2 97425
409788 4 3 97426
409790 4 5 97427
409792 4 1 97520
409794 4 9 97512
409796 4 14 97430
409802 4 1 98288
409816 4 14 98126
409826 4 9 98112
409828 4 10 97825
409830 4 22 97974
409832 4 23 97975
409834 4 1 97976
409836 4 2 97977
409838 4 2 98049
409840 4 3 98050
409842 4 5 98051
409844 4 9 98052
409848 4 19 98056
409850 4 15 97503
409852 4 19 97504
409854 4 21 97505
409856 4 22 97506
409858 4 9 97824
409860 4 3 97906
409862 4 5 97907
409864 4 9 97908
409866 4 10 97909
409868 4 1 98228
409870 4 19 97612
409872 4 21 97613
409874 4 22 97614
409876 4 23 97615
409878 4 21 98141
409880 4 22 97458
409882 4 23 97459
409884 4 1 97460
409886 4 2 97461
409888 4 10 97501
409890 4 23 97507
409892 4 1 97508
409894 4 2 97509
409896 4 3 97510
409898 4 9 97752
409900 4 2 97677
409908 4 15 97659
409910 4 19 97852
409912 4 21 97853
409914 4 22 97854
409916 4 23 97855
409918 4 10 98017
409920 4 14 98018
409922 4 15 98019
409924 4 19 98020
409926 4 15 98127
409928 4 21 97469
409930 4 22 97470
409932 4 23 97471
409934 4 1 97472
409936 4 23 98035
409938 4 21 97541
409940 4 22 97542
409942 4 23 97543
409944 4 1 97544
409946 4 21 97829
409948 4 14 98054
409950 4 23 98095
409960 4 14 98174
409970 4 14 97898
409972 4 2 97413
409974 4 3 97414
409976 4 5 97475
409978 4 9 97476
409980 4 10 97513
409982 4 1 97808
409984 4 9 97896
409986 4 5 98231
409988 4 10 98245
409990 4 3 97534
409992 4 5 97451
409994 4 1 97952
409996 4 1 98264
409998 4 2 98265
410000 4 3 98266
410002 4 5 98267
410004 4 21 98021
410006 4 3 98122
410008 4 5 98123
410010 4 9 98124
410012 4 10 98125
410014 4 22 98274
410016 4 23 98275
410018 4 1 98276
410020 4 2 98277
410022 4 1 97352
410024 4 2 97353
410026 4 21 97637
410028 4 22 97638
410030 4 23 97639
410032 4 1 97640
410034 4 3 97654
410036 4 5 97655
410038 4 10 97657
410040 4 10 97753
410042 4 14 97754
410044 4 15 97755
410046 4 19 97756
410048 4 15 97827
410050 4 19 97828
410052 4 10 97897
410054 4 19 98008
410056 4 19 98224
410062 4 9 97656
410066 4 23 97951
410068 4 15 98055
410070 4 23 97831
410090 4 10 97789
410092 4 22 97794
410104 4 14 97946
410112 4 22 97962
410114 4 3 98074
410116 4 10 98077
410118 4 22 98226
410120 4 23 98251
410122 4 1 98252
410124 4 2 98253
410126 4 15 98259
410128 4 19 98260
410130 4 21 98261
410132 4 22 98262
410134 4 10 98269
410136 4 22 98130
410138 4 23 98131
410140 4 1 98132
410142 4 2 98133
410144 4 1 98072
410154 4 14 98078
410156 4 15 98079
410158 4 19 98080
410160 4 21 98081
410162 4 3 97354
410164 4 22 97422
410172 4 3 98254
410174 4 22 98082
410178 4 23 98083
410180 4 1 98084
410182 4 2 98085
410184 4 14 98090
410186 4 3 98086
410188 4 5 98087
410190 4 9 98088
410192 4 10 98089
410200 4 5 98027
410202 4 9 98028
410204 4 10 98029
410206 4 14 98030
410208 4 21 98105
410210 4 23 97435
410220 4 10 97441
410222 4 19 97744
410226 4 21 97529
410228 4 22 97530
410230 4 23 97531
410232 4 1 97532
410234 4 10 97357
410242 4 5 97691
410250 4 23 97339
410252 4 1 97340
410254 4 2 97341
410256 4 3 97342
410258 4 5 97343
410260 4 9 97344
410262 4 21 97421
410264 4 9 97848
410266 4 10 97849
410268 4 14 97850
410270 4 15 97851
410272 4 5 97991
410274 4 9 97992
410276 4 19 98140
410278 4 21 98189
410280 4 22 97518
410284 4 1 98036
410286 4 2 98037
410288 4 3 98038
410290 4 5 98039
410292 4 5 98243
410316 4 10 98053
410318 4 10 98065
410320 4 19 98284
410328 4 21 98225
410330 4 5 97535
410334 4 1 97580
410352 4 22 97890
410356 4 19 97840
410358 4 21 97841
410360 4 22 97842
410362 4 23 97843
410368 4 22 97434
410374 4 23 97579
410392 4 21 97673
410394 4 22 97674
410396 4 23 97675
410398 4 1 97676
410400 4 15 97419
410402 4 23 97447
410410 4 10 97957
410412 4 2 98061
410414 4 3 98062
410416 4 5 98063
410418 4 9 98064
410420 4 21 98129
410430 4 1 98144
410432 4 2 98145
410434 4 3 98146
410436 4 5 98147
410438 4 1 98180
410440 4 15 98043
410442 4 19 98044
410444 4 21 98045
410446 4 22 98046
410448 4 9 98076
410450 4 1 97616
410452 4 2 97617
410454 4 3 97618
410456 4 5 97619
410458 4 9 97608
410460 4 10 97609
410462 4 14 97610
410464 4 15 97611
410476 4 1 97604
410478 4 2 97605
410480 4 3 97606
410482 4 5 97607
410484 4 21 97481
410486 4 19 97636
410488 4 19 97432
410490 4 1 97844
410492 4 23 97519
410494 4 15 97707
410496 4 19 97708
410498 4 21 97709
410500 4 22 97710
410516 4 9 98148
410518 4 10 98149
410540 4 23 97651
410544 4 9 97944
410548 4 2 98097
410550 4 22 98286
410552 4 3 98098
410554 4 9 97584
410556 4 15 97743
410558 4 9 97464
410560 4 10 97465
410562 4 14 97466
410564 4 15 97467
410566 4 14 98246
410568 4 1 97592
410570 4 2 97593
410572 4 3 97594
410574 4 5 97595
410576 4 5 97463
410582 4 22 97830
410584 4 10 97861
410586 4 22 98238
410590 4 10 98257
410594 4 15 97695
410596 4 19 97696
410598 4 21 97697
410600 4 22 97698
410602 4 10 97477
410604 4 22 97734
410606 4 21 98093
410608 4 15 97599
410610 4 19 97600
410612 4 21 97601
410614 4 22 97602
410616 4 14 97622
410618 4 15 97623
410620 4 19 97624
410622 4 21 97625
410624 4 1 97892
410626 4 2 97893
410628 4 3 97894
410630 4 5 97895
410634 4 2 97737
410636 4 3 97738
410638 4 5 97739
410640 4 9 97740
410642 4 9 97668
410644 4 10 97669
410646 4 14 97670
410648 4 15 97671
410650 4 3 97438
410654 4 14 97826
410664 4 15 98175
410666 4 19 98176
410668 4 21 98177
410670 4 22 98178
410672 4 5 98219
410684 4 2 98121
410702 4 2 97773
410704 4 3 97774
410706 4 5 97775
410708 4 9 97776
410710 4 10 97729
410712 4 14 97730
410714 4 15 97731
410716 4 19 97732
410718 4 21 97757
410720 4 22 97758
410722 4 23 97759
410724 4 1 97760
410730 4 2 97581
410732 4 1 97652
410734 4 14 97742
410738 4 23 98227
410740 4 21 98237
410742 4 19 98296
410744 4 21 98297
410746 4 22 98298
410748 4 23 98299
410754 4 14 97370
410756 4 19 97372
410758 4 21 97373
410760 4 2 97437
410762 4 1 97448
410764 4 9 98016
410766 4 3 98026
410768 4 14 98042
410770 4 14 98066
410774 4 1 97856
410776 4 5 97943
410780 4 21 97397
410782 4 22 97398
410784 4 14 97994
410786 4 15 97995
410788 4 23 98203
410790 4 3 97378
410792 4 19 97396
410794 4 3 97978
410796 4 10 97993
410798 4 22 98190
410802 4 5 97379
410806 4 5 97979
410808 4 23 98191
410812 4 9 97380
410816 4 9 97980
410818 4 1 98192
410822 4 10 97381
410826 4 10 97981
410828 4 2 98193
410832 4 14 97382
410836 4 14 97982
410846 4 14 98150
410848 4 3 98194
410852 4 23 97399
410856 4 19 97996
410858 4 2 98205
410860 4 19 97384
410862 4 21 97385
410864 4 19 97984
410866 4 21 97985
410868 4 10 98197
410872 4 22 97386
410876 4 22 97986
410878 4 14 98198
410882 4 1 97400
410886 4 21 97997
410888 4 3 98206
410892 4 23 97387
410896 4 23 97987
410898 4 15 98199
410902 4 2 97401
410906 4 22 97998
410908 4 5 98207
410912 4 1 97388
410916 4 1 97988
410918 4 19 98200
410922 4 3 97402
410926 4 23 97999
410928 4 9 98208
410932 4 2 97389
410936 4 2 97989
410938 4 21 98201
410942 4 3 97390
410946 4 3 97990
410948 4 22 98202
410950 4 2 97281
410952 4 3 97282
410954 4 5 97283
410958 4 5 97403
410962 4 1 98000
410964 4 10 98209
410966 4 15 97287
410968 4 19 97288
410970 4 21 97289
410974 4 9 97404
410976 4 14 97406
410980 4 1 98204
410986 4 2 97293
410988 4 3 97294
410990 4 5 97295
410994 4 10 97405
410998 4 2 98001
411000 4 14 98210
411006 4 15 97299
411008 4 10 97309
411010 4 21 97313
411016 4 19 97408
411018 4 3 98002
411020 4 19 98212
411026 4 23 97303
411028 4 3 97306
411030 4 5 97307
411034 4 15 97407
411038 4 5 98003
411040 4 15 98211
411046 4 23 97315
411048 4 1 97316
411050 4 5 97319
411054 4 21 97409
411058 4 10 98005
411070 4 21 98213
411074 4 19 97312
411078 4 10 97321
411080 4 15 97323
411084 4 22 97410
411088 4 9 98004
411090 4 22 98214
411094 4 14 97322
411098 4 10 97333
411100 4 21 97337
411104 4 1 97412
411108 4 14 98006
411110 4 1 98216
411112 4 5 97367
411114 4 9 97452
411128 4 21 97913
411136 4 3 97762
411138 4 5 97763
411140 4 9 97764
411142 4 10 97765
411144 4 19 97768
411146 4 21 97769
411148 4 22 97770
411150 4 23 97771
411152 4 23 97327
411154 4 5 97331
411158 4 19 97336
411162 4 23 97411
411168 4 15 98007
411170 4 2 98217
411178 4 19 98152
411180 4 21 98153
411182 4 22 98154
411184 4 23 98155
411188 4 1 97952
411190 4 23 97795
411192 4 1 97796
411194 4 2 97797
411196 4 3 97798
411210 4 10 97777
411212 4 14 97778
411214 4 15 97779
411216 4 19 97780
411218 4 21 97541
411226 4 14 98054
411236 4 15 97803
411238 4 19 97804
411240 4 21 97805
411242 4 22 97806
411244 4 15 97383
411248 4 15 97983
411252 4 9 98196
411254 4 5 97811
411256 4 9 97812
411258 4 10 97813
411260 4 14 97814
411266 4 19 98116
411268 4 21 98117
411284 4 15 97815
411286 4 19 97816
411288 4 21 97817
411290 4 22 97818
411296 4 1 97700
411298 4 3 97726
411314 4 21 98285
411316 4 1 97820
411318 4 2 97821
411320 4 3 97822
411322 4 5 97823
411324 4 14 97706
411326 4 2 97713
411344 4 15 97767
411346 4 3 97786
411348 4 5 97787
411356 4 22 98094
411358 4 21 98273
411370 4 10 97657
411374 4 19 97828
411382 4 19 97972
411384 4 9 97392
411386 4 10 97393
411388 4 14 97394
411390 4 22 97914
411396 4 1 97832
411398 4 2 97833
411400 4 3 97834
411402 4 5 97835
411404 4 2 97413
411406 4 9 97416
411410 4 14 97478
411412 4 15 98091
411414 4 1 98156
411416 4 3 98158
411420 4 9 98160
411422 4 5 98279
411424 4 15 97935
411426 4 19 97936
411428 4 21 97937
411430 4 22 97938
411436 4 21 98057
411438 4 22 98058
411440 4 23 98059
411442 4 1 98060
411446 4 14 97574
411448 4 23 97807
411450 4 5 98099
411452 4 9 98100
411454 4 10 98101
411456 4 14 98102
411458 4 23 98239
411460 4 1 98240
411462 4 2 98241
411464 4 3 98242
411466 4 23 97579
411468 4 5 97667
411472 4 3 97918
411474 4 5 97919
411476 4 9 97920
411478 4 10 97921
411496 4 5 98111
411500 4 2 97857
411502 4 3 97858
411504 4 5 97859
411506 4 9 97860
411510 4 23 97663
411524 4 15 97947
411526 4 19 97948
411528 4 21 97949
411530 4 22 97950
411532 4 22 97926
411534 4 23 97927
411536 4 1 97928
411538 4 2 97929
411540 4 15 97431
411544 4 3 97906
411546 4 5 97907
411550 4 14 97934
411552 4 19 98068
411554 4 23 98071
411556 4 19 98272
411594 4 22 97446
411596 4 14 97922
411598 4 15 97923
411600 4 19 97924
411602 4 21 97925
411606 4 3 97414
411614 4 19 97900
411616 4 21 97901
411618 4 22 97902
411620 4 23 97903
411630 4 3 97930
411632 4 5 97931
411634 4 9 97932
411636 4 10 97933
411648 4 22 97734
411650 4 14 97790
411652 4 15 97791
411654 4 19 97792
411656 4 21 97793
411658 4 3 97810
411662 4 23 97963
411666 4 9 98220
411672 4 2 97473
411682 4 19 98008
411688 4 5 97415
411694 4 2 98157
411708 4 22 97638
411728 4 21 98069
411730 4 22 98070
411734 4 19 98224
411736 4 5 98255
411756 4 1 97784
411772 4 14 97802
411782 4 15 97347
411784 4 9 97368
411786 4 3 97522
411788 4 14 98270
411790 4 15 98271
411796 4 15 97371
411804 4 3 97474
411808 4 22 98118
411812 4 21 97553
411814 4 3 98122
411816 4 5 98123
411820 4 10 98125
411822 4 10 97345
411824 4 10 97369
411826 4 2 97809
411848 4 22 97470
411850 4 23 97471
411852 4 15 97575
411854 4 5 98135
411856 4 19 97420
411862 4 2 97509
411866 4 2 97785
411868 4 9 97788
411870 4 9 98040
411872 4 14 98222
411884 4 1 97976
411886 4 2 97977
411896 4 9 97692
411900 4 1 97916
411902 4 1 97964
411920 4 9 97488
411922 4 10 97489
411924 4 14 97490
411926 4 15 97491
411928 4 15 98067
411930 4 14 97958
411932 4 15 97959
411934 4 19 97960
411936 4 21 97961
411938 4 3 97666
411942 4 23 97639
411946 4 5 97967
411952 4 10 98053
411956 4 19 98284
411970 4 14 97682
411978 4 1 97772
412010 4 23 98023
412022 4 19 98128
412026 4 14 97442
412028 4 15 97443
412030 4 19 97444
412032 4 23 97495
412034 4 1 97496
412038 4 2 97965
412040 4 3 97966
412042 4 10 98041
412054 4 22 98010
412056 4 23 98011
412058 4 1 98012
412060 4 2 98013
412064 4 2 97761
412066 4 15 97395
412068 4 10 97621
412070 4 10 97717
412076 4 10 97465
412102 4 10 98269
412108 4 22 97842
412136 4 1 97904
412138 4 2 97905
412154 4 1 97628
412156 4 2 97701
412170 4 14 98258
412174 4 5 98027
412176 4 9 98028
412178 4 10 98029
412180 4 14 98030
412182 4 10 97801
412192 4 23 97651
412198 4 5 97715
412200 4 9 97716
412214 4 23 97699
412216 4 2 97725
412224 4 3 97690
412230 4 1 97712
412242 4 21 98177
412260 4 19 97468
412262 4 5 97475
412264 4 9 97476
412266 4 1 97808
412268 4 14 97898
412306 4 9 97500
412308 4 3 97534
412310 4 9 97848
412312 4 14 97850
412318 4 19 98140
412320 4 15 97359
412322 4 19 97360
412324 4 21 97361
412326 4 23 97819
412334 4 19 97492
412338 4 3 97702
412344 4 5 97703
412350 4 9 97704
412356 4 10 97705
412374 4 9 97728
412386 4 14 97718
412388 4 15 97719
412398 4 19 97720
412404 4 21 97721
412410 4 22 97722
412416 4 23 97723
412422 4 1 97724
412434 4 5 97727
412440 4 9 98076
412452 4 15 98031
412454 4 19 98032
412456 4 21 98033
412458 4 22 98034
412466 4 22 97482
412468 4 3 97486
412470 4 9 97536
412472 4 15 97899
412474 4 2 97917
412476 4 1 98120
412480 4 5 98075
412494 4 5 97847
412496 4 9 98160
412502 4 10 97417
412504 4 9 97596
412508 4 3 98098
412510 4 10 98221
412518 4 23 97915
412524 4 2 97581
412552 4 22 98178
412556 4 9 98136
412560 4 14 98138
412562 4 15 98139
412584 4 14 97862
412600 4 5 97379
412602 4 15 97863
412604 4 3 97978
412618 4 9 97380
412620 4 19 97864
412638 4 21 97865
412640 4 9 97980
412642 4 2 98193
412654 4 14 97382
412656 4 22 97866
412672 4 15 97383
412674 4 14 97982
412676 4 15 97983
412684 4 14 98150
412694 4 5 98195
412700 4 23 97867
412718 4 1 97868
412722 4 23 98203
412736 4 2 97869
412752 4 23 97399
412754 4 21 97877
412758 4 2 98205
412770 4 21 97385
412772 4 3 97870
412790 4 5 97871
412792 4 21 97985
412806 4 1 97400
412808 4 22 97878
412824 4 23 97387
412826 4 9 97872
412828 4 22 97986
412830 4 15 98199
412842 4 2 97401
412844 4 23 97879
412860 4 1 97388
412862 4 10 97873
412864 4 23 97987
412876 4 1 97280
412880 4 3 97402
412882 4 1 97880
412898 4 2 97389
412900 4 14 97874
412928 4 23 98179
412932 4 3 97846
412942 4 3 97390
412944 4 15 97875
412948 4 22 98202
412960 4 2 97281
412962 4 3 97282
412964 4 5 97283
412966 4 9 97284
412968 4 10 97285
412970 4 14 97286
412976 4 2 97881
413000 4 21 97289
413002 4 22 97290
413004 4 23 97291
413006 4 1 97292
413010 4 9 97404
413012 4 19 97876
413014 4 3 97990
413016 4 1 98204
413050 4 9 97296
413052 4 10 97297
413054 4 14 97298
413060 4 3 97882
413062 4 1 98000
413096 4 15 97299
413098 4 19 97300
413100 4 21 97301
413102 4 22 97302
413106 4 14 97406
413130 4 23 97303
413132 4 1 97304
413134 4 2 97305
413136 4 3 97306
413138 4 5 97307
413140 4 9 97308
413144 4 15 97407
413146 4 5 97883
413148 4 2 98001
413150 4 15 98211
413152 4 1 101664
