0 16 1 0
2 16 5 267
10 16 21 225
14 16 3 206
16 16 23 755
22 16 21 45
26 16 9 220
32 16 19 212
34 16 22 214
74 16 2 709
76 16 1 216
78 16 22 802
80 16 19 836
82 16 3 218
86 16 23 11503
88 16 10 11497
90 16 14 11498
92 16 15 11499
94 16 19 11500
96 16 21 11501
100 16 21 1633
102 16 21 1705
104 16 23 1707
212 16 3 1710
214 16 5 1711
216 16 9 1712
218 16 10 1713
220 16 14 1714
222 16 2 1709
232 16 22 1718
234 16 23 1719
248 16 22 1346
250 16 23 1371
252 16 15 1379
254 16 1 1720
256 16 19 1740
278 16 23 1743
280 16 15 1583
282 16 22 1742
286 16 2 1745
288 16 3 1746
290 16 10 1749
304 16 14 1138
310 16 14 1750
314 16 23 1191
316 16 23 1755
318 16 19 1764
324 16 10 1761
326 16 15 1763
334 16 1 1768
336 16 2 1769
338 16 3 1770
340 16 5 1771
342 16 23 1779
344 16 1 1780
346 16 2 1781
348 16 3 1782
350 16 5 1783
352 16 9 1784
354 16 10 1785
356 16 14 1786
358 16 15 1787
360 16 19 1788
390 16 22 1790
392 16 2 1973
636 16 1 1828
1826 16 10 26277
1828 16 9 25964
1830 16 3 25962
1832 16 5 25963
1836 16 1 26164
1838 16 2 4021
1840 16 3 3086
1844 16 21 7825
1846 16 10 7617
1848 16 14 7618
1850 16 14 10206
1852 16 5 9291
1854 16 9 9292
1856 16 14 9342
1858 16 19 9344
1860 16 15 9367
1862 16 19 9368
1864 16 23 9431
1866 16 1 9432
1868 16 22 9430
1870 16 14 9450
1872 16 23 9515
1874 16 2 9517
1876 16 15 9535
1878 16 21 9537
1880 16 15 9583
1882 16 19 9584
1884 16 10 9653
1886 16 14 9654
1888 16 15 9655
1890 16 21 9657
1892 16 9 9700
1894 16 22 9730
1896 16 3 9722
1898 16 5 9723
1900 16 9 9772
1902 16 10 9773
1904 16 14 9774
1906 16 19 9776
1908 16 19 9224
1912 16 14 9858
1914 16 23 9779
1916 16 23 25367
1918 16 9 24820
1920 16 15 24823
1922 16 23 24827
1924 16 1 24828
1926 16 5 24831
1928 16 19 24836
1930 16 21 24837
1932 16 22 24838
1934 16 23 24839
1936 16 1 24840
1938 16 2 24841
1940 16 19 24968
1942 16 21 24969
1944 16 22 24970
1946 16 1 25440
1948 16 3 5230
1950 16 23 5503
1952 16 15 5955
1954 16 9 29084
1956 16 10 29085
1958 16 14 29086
1960 16 15 29087
1962 16 19 29088
1964 16 21 29089
1966 16 22 29090
1968 16 23 29091
1970 16 1 29092
1972 16 2 29093
1974 16 3 29094
1976 16 5 29095
1978 16 9 29096
1980 16 10 29097
1982 16 14 29098
1984 16 15 29099
1986 16 19 29100
1988 16 21 29101
1990 16 22 29102
1992 16 23 29103
1994 16 1 29104
1996 16 2 29105
1998 16 3 29106
2000 16 5 29107
2002 16 9 29108
2004 16 10 29109
2006 16 14 29110
2008 16 15 29111
2010 16 19 29112
2012 16 21 29113
2014 16 22 29114
2016 16 23 29115
2018 16 1 29116
2020 16 2 29117
2022 16 3 29118
2024 16 5 29119
2026 16 9 29120
2028 16 10 29121
2030 16 14 29122
2032 16 15 29123
2034 16 19 29124
2036 16 21 29125
2038 16 22 29126
2040 16 23 29127
2042 16 1 29128
2044 16 2 29129
2046 16 3 29130
2048 16 5 29131
2050 16 9 29132
2052 16 10 29133
2054 16 14 29134
2056 16 15 29135
2058 16 19 29136
2060 16 21 29137
2062 16 22 29138
2064 16 23 29139
2066 16 1 29140
2068 16 2 29141
2070 16 3 29142
2072 16 5 29143
2074 16 9 29144
2076 16 10 29145
2078 16 14 29146
2080 16 15 29147
2082 16 19 29148
2084 16 21 29149
2086 16 22 29150
2088 16 23 29151
2090 16 1 29152
2092 16 2 29153
2094 16 3 29154
2096 16 5 29155
2098 16 9 29156
2100 16 10 29157
2102 16 14 29158
2104 16 15 29159
2106 16 19 29160
2108 16 21 29161
2110 16 22 29162
2112 16 23 29163
2114 16 1 29164
2116 16 2 29165
2118 16 3 29166
2120 16 5 29167
2122 16 9 29168
2124 16 10 29169
2126 16 14 29170
2128 16 15 29171
2130 16 19 29172
2132 16 21 29173
2134 16 22 29174
2136 16 23 29175
2138 16 1 29176
2140 16 2 29177
2142 16 3 29178
2144 16 5 29179
2146 16 9 29180
2148 16 10 29181
2150 16 14 29182
2152 16 15 29183
2154 16 19 29184
2156 16 21 29185
2158 16 22 29186
2160 16 23 29187
2162 16 1 29188
2164 16 2 29189
2166 16 3 29190
2168 16 5 29191
2170 16 9 29192
2172 16 10 29193
2174 16 14 29194
2176 16 15 29195
2178 16 19 29196
2180 16 21 29197
2182 16 22 29198
2184 16 23 29199
2186 16 1 29200
2188 16 2 29201
2190 16 3 29202
2192 16 5 29203
2194 16 9 29204
2196 16 10 29205
2198 16 14 29206
2200 16 15 29207
2202 16 19 29208
2204 16 21 29209
2206 16 22 29210
2208 16 23 29211
2210 16 1 29212
2212 16 2 29213
2214 16 3 29214
2216 16 5 29215
2218 16 9 29216
2220 16 10 29217
2222 16 14 29218
2224 16 15 29219
2226 16 19 29220
2228 16 21 29221
2230 16 22 29222
2232 16 23 29223
2234 16 1 29224
2236 16 2 29225
2238 16 3 29226
2240 16 5 29227
2242 16 9 29228
2244 16 10 29229
2246 16 14 29230
2248 16 15 29231
2250 16 19 29232
2252 16 21 29233
2254 16 22 29234
2256 16 23 29235
2258 16 1 29236
2260 16 2 29237
2262 16 3 29238
2264 16 5 29239
2266 16 9 29240
2268 16 10 29241
2270 16 14 29242
2272 16 15 29243
2274 16 19 29244
2276 16 21 29245
2278 16 22 29246
2280 16 23 29247
2282 16 1 29248
2284 16 2 29249
2286 16 3 29250
2288 16 5 29251
2290 16 9 29252
2292 16 10 29253
2294 16 14 29254
2296 16 15 29255
2298 16 19 29256
2300 16 21 29257
2302 16 22 29258
2304 16 23 29259
2306 16 1 29260
2308 16 2 29261
2310 16 3 29262
2312 16 5 29263
2314 16 9 29264
2316 16 10 29265
2318 16 14 29266
2320 16 15 29267
2322 16 19 29268
2324 16 21 29269
2326 16 22 29270
2328 16 23 29271
2330 16 1 29272
2332 16 2 29273
2334 16 3 29274
2336 16 5 29275
2338 16 9 29276
2340 16 10 29277
2342 16 14 29278
2344 16 15 29279
2346 16 19 29280
2348 16 21 29281
2350 16 22 29282
2352 16 23 29283
2354 16 1 29284
2356 16 2 29285
2358 16 3 29286
2360 16 5 29287
2362 16 9 29288
2364 16 10 29289
2366 16 14 29290
2368 16 15 29291
2370 16 19 29292
2372 16 21 29293
2374 16 22 29294
2376 16 23 29295
2378 16 1 29296
2380 16 2 29297
2382 16 3 29298
2384 16 5 29299
2386 16 9 29300
2388 16 10 29301
2390 16 14 29302
2392 16 15 29303
2394 16 19 29304
2396 16 21 29305
2398 16 22 29306
2400 16 23 29307
2402 16 1 29308
2404 16 2 29309
2406 16 3 29310
2408 16 5 29311
2410 16 9 29312
2412 16 10 29313
2414 16 14 29314
2416 16 15 29315
2418 16 19 29316
2420 16 21 29317
2422 16 22 29318
2424 16 23 29319
2426 16 1 29320
2428 16 2 29321
2430 16 3 29322
2432 16 5 29323
2434 16 9 29324
2436 16 10 29325
2438 16 14 29326
2440 16 15 29327
2442 16 19 29328
2444 16 21 29329
2446 16 22 29330
2448 16 23 29331
2450 16 1 29332
2452 16 2 29333
2454 16 3 29334
2456 16 5 29335
2458 16 9 29336
2460 16 10 29337
2462 16 14 29338
2464 16 15 29339
2466 16 19 29340
2468 16 21 29341
2470 16 22 29342
2472 16 23 29343
2474 16 1 29344
2476 16 2 29345
2478 16 3 29346
2480 16 5 29347
2482 16 9 29348
2484 16 10 29349
2486 16 14 29350
2488 16 15 29351
2490 16 19 29352
2492 16 21 29353
2494 16 22 29354
2496 16 23 29355
2498 16 1 29356
2500 16 2 29357
2502 16 3 29358
2504 16 5 29359
2506 16 9 29360
2508 16 10 29361
2510 16 14 29362
2512 16 15 29363
2514 16 19 29364
2516 16 21 29365
2518 16 22 29366
2520 16 23 29367
2522 16 1 29368
2524 16 2 29369
2526 16 3 29370
2528 16 5 29371
2530 16 9 29372
2532 16 10 29373
2534 16 14 29374
2536 16 15 29375
2538 16 19 29376
2540 16 21 29377
2542 16 22 29378
2544 16 23 29379
2546 16 1 29380
2548 16 2 29381
2550 16 3 29382
2552 16 5 29383
2554 16 9 29384
2556 16 10 29385
2558 16 14 29386
2560 16 15 29387
2562 16 19 29388
2564 16 21 29389
2566 16 22 29390
2568 16 23 29391
2570 16 1 29392
2572 16 2 29393
2574 16 3 29394
2576 16 5 29395
2578 16 9 29396
2580 16 10 29397
2582 16 14 29398
2584 16 15 29399
2586 16 19 29400
2588 16 21 29401
2590 16 22 29402
2592 16 23 29403
2594 16 1 29404
2596 16 2 29405
2598 16 3 29406
2600 16 5 29407
2602 16 9 29408
2604 16 10 29409
2606 16 14 29410
2608 16 15 29411
2610 16 19 29412
2612 16 21 29413
2614 16 22 29414
2616 16 23 29415
2618 16 1 29416
2620 16 2 29417
2622 16 3 29418
2624 16 5 29419
2626 16 9 29420
2628 16 10 29421
2630 16 14 29422
2632 16 15 29423
2634 16 19 29424
2636 16 21 29425
2638 16 22 29426
2640 16 23 29427
2642 16 1 29428
2644 16 2 29429
2646 16 3 29430
2648 16 5 29431
2650 16 9 29432
2652 16 10 29433
2654 16 14 29434
2656 16 15 29435
2658 16 19 29436
2660 16 21 29437
2662 16 22 29438
2664 16 23 29439
2666 16 1 29440
2668 16 2 29441
2670 16 3 29442
2672 16 5 29443
2674 16 9 29444
2676 16 10 29445
2678 16 14 29446
2680 16 15 29447
2682 16 19 29448
2684 16 21 29449
2686 16 22 29450
2688 16 23 29451
2690 16 1 29452
2692 16 2 29453
2694 16 3 29454
2696 16 5 29455
2698 16 9 29456
2700 16 10 29457
2702 16 14 29458
2704 16 15 29459
2706 16 19 29460
2708 16 21 29461
2710 16 22 29462
2712 16 23 29463
2714 16 1 29464
2716 16 2 29465
2718 16 3 29466
2720 16 5 29467
2722 16 9 29468
2724 16 10 29469
2726 16 14 29470
2728 16 15 29471
2730 16 19 29472
2732 16 21 29473
2734 16 22 29474
2736 16 23 29475
2738 16 1 29476
2740 16 2 29477
2742 16 3 29478
2744 16 5 29479
2746 16 9 29480
2748 16 10 29481
2750 16 14 29482
2752 16 15 29483
2754 16 19 29484
2756 16 21 29485
2758 16 22 29486
2760 16 23 29487
2762 16 1 29488
2764 16 2 29489
2766 16 3 29490
2768 16 5 29491
2770 16 9 29492
2772 16 10 29493
2774 16 14 29494
2776 16 15 29495
2778 16 19 29496
2780 16 21 29497
2782 16 22 29498
2784 16 23 29499
2786 16 1 29500
2788 16 2 29501
2790 16 3 29502
2792 16 5 29503
2794 16 9 29504
2796 16 10 29505
2798 16 14 29506
2800 16 15 29507
2802 16 19 29508
2804 16 21 29509
2806 16 22 29510
2808 16 23 29511
2810 16 1 29512
2812 16 2 29513
2814 16 3 29514
2816 16 5 29515
2818 16 9 29516
2820 16 10 29517
2822 16 14 29518
2824 16 15 29519
2826 16 19 29520
2828 16 21 29521
2830 16 22 29522
2832 16 23 29523
2834 16 1 29524
2836 16 2 29525
2838 16 3 29526
2840 16 5 29527
2842 16 9 29528
2844 16 10 29529
2846 16 14 29530
2848 16 15 29531
2850 16 19 29532
2852 16 21 29533
2854 16 22 29534
2856 16 23 29535
2858 16 1 29536
2860 16 2 29537
2862 16 3 29538
2864 16 5 29539
2866 16 9 29540
2868 16 10 29541
2870 16 14 29542
2872 16 15 29543
2874 16 19 29544
2876 16 21 29545
2878 16 22 29546
2880 16 23 29547
2882 16 1 29548
2884 16 2 29549
2886 16 3 29550
2888 16 5 29551
2890 16 9 29552
2892 16 10 29553
2894 16 14 29554
2896 16 15 29555
2898 16 19 29556
2900 16 21 29557
2902 16 22 29558
2904 16 23 29559
2906 16 1 29560
2908 16 2 29561
2910 16 3 29562
2912 16 5 29563
2914 16 9 29564
2916 16 10 29565
2918 16 14 29566
2920 16 15 29567
2922 16 19 29568
2924 16 21 29569
2926 16 22 29570
2928 16 23 29571
2930 16 1 29572
2932 16 2 29573
2934 16 3 29574
2936 16 5 29575
2938 16 9 29576
2940 16 10 29577
2942 16 14 29578
2944 16 15 29579
2946 16 19 29580
2948 16 21 29581
2950 16 22 29582
2952 16 23 29583
2954 16 1 29584
2956 16 2 29585
2958 16 3 29586
2960 16 5 29587
2962 16 9 29588
2964 16 10 29589
2966 16 14 29590
2968 16 15 29591
2970 16 19 29592
2972 16 21 29593
2974 16 22 29594
2976 16 23 29595
2978 16 1 29596
2980 16 2 29597
2982 16 3 29598
2984 16 5 29599
2986 16 9 29600
2988 16 10 29601
2990 16 14 29602
2992 16 15 29603
2994 16 19 29604
2996 16 21 29605
2998 16 22 29606
3000 16 23 29607
3002 16 1 29608
3004 16 2 29609
3034 16 3 29610
3036 16 5 29611
3042 16 9 29612
3044 16 10 29613
3048 16 14 29614
3050 16 15 29615
3052 16 19 29616
3056 16 21 29617
3058 16 22 29618
3060 16 23 29619
3062 16 1 29620
3064 16 2 29621
3066 16 3 29622
3068 16 5 29623
3070 16 9 29624
3072 16 10 29625
3074 16 14 29626
3076 16 15 29627
3078 16 19 29628
3080 16 21 29629
3082 16 22 29630
3084 16 23 29631
3086 16 1 29632
3088 16 2 29633
3090 16 3 29634
3094 16 5 29635
3096 16 9 29636
3098 16 10 29637
3100 16 14 29638
3102 16 15 29639
3104 16 19 29640
3106 16 21 29641
3108 16 22 29642
3110 16 23 29643
3112 16 1 29644
3114 16 2 29645
3116 16 3 29646
3118 16 5 29647
3120 16 9 29648
3122 16 10 29649
3124 16 14 29650
3126 16 15 29651
3128 16 19 29652
3130 16 21 29653
3132 16 22 29654
3134 16 23 29655
3136 16 1 29656
3138 16 2 29657
3140 16 3 29658
3142 16 5 29659
3144 16 9 29660
3146 16 10 29661
3148 16 14 29662
3150 16 15 29663
3152 16 19 29664
3156 16 21 29665
3158 16 22 29666
3160 16 23 29667
3162 16 1 29668
3164 16 2 29669
3166 16 3 29670
3168 16 5 29671
3170 16 9 29672
3172 16 10 29673
3174 16 14 29674
3176 16 15 29675
3178 16 19 29676
3180 16 21 29677
3182 16 22 29678
3186 16 23 29679
3188 16 1 29680
3190 16 2 29681
3192 16 3 29682
3194 16 5 29683
3196 16 9 29684
3198 16 10 29685
3200 16 14 29686
3202 16 15 29687
3204 16 19 29688
3206 16 21 29689
3208 16 22 29690
3210 16 23 29691
3212 16 1 29692
3214 16 2 29693
3216 16 3 29694
3218 16 5 29695
3400 16 14 16374
3402 16 22 6790
3404 16 1 6912
3406 16 15 16943
3408 16 1 29696
3410 16 2 29697
3412 16 3 29698
3414 16 5 29699
3416 16 9 29700
3418 16 10 29701
3446 16 14 29702
3452 16 15 29703
3454 16 19 29704
3456 16 21 29705
3458 16 22 29706
3460 16 23 29707
3462 16 1 29708
3464 16 2 29709
3466 16 3 29710
3468 16 5 29711
3470 16 9 29712
3472 16 10 29713
3474 16 14 29714
3476 16 15 29715
3478 16 19 29716
3480 16 21 29717
3482 16 22 29718
3484 16 23 29719
3486 16 1 29720
3488 16 2 29721
3490 16 3 29722
3492 16 5 29723
3494 16 9 29724
3496 16 10 29725
3498 16 14 29726
3500 16 15 29727
3502 16 19 29728
3504 16 21 29729
3506 16 22 29730
3508 16 23 29731
3510 16 1 29732
3514 16 2 29733
3516 16 3 29734
3518 16 5 29735
3520 16 9 29736
3522 16 10 29737
3524 16 14 29738
3526 16 15 29739
3528 16 19 29740
3530 16 21 29741
3532 16 22 29742
3534 16 23 29743
3536 16 1 29744
3538 16 2 29745
3540 16 3 29746
3542 16 5 29747
3544 16 9 29748
3546 16 10 29749
3548 16 14 29750
3550 16 15 29751
3552 16 19 29752
3554 16 21 29753
3556 16 22 29754
3562 16 23 29755
3564 16 1 29756
3566 16 2 29757
3568 16 3 29758
3570 16 5 29759
3572 16 9 29760
3574 16 10 29761
3576 16 14 29762
3578 16 15 29763
3580 16 19 29764
3582 16 21 29765
3584 16 22 29766
3586 16 23 29767
3588 16 1 29768
3590 16 2 29769
3592 16 3 29770
3594 16 5 29771
3596 16 9 29772
3598 16 10 29773
3600 16 14 29774
3602 16 15 29775
3604 16 19 29776
3606 16 21 29777
3610 16 22 29778
3612 16 23 29779
3614 16 1 29780
3616 16 2 29781
3618 16 3 29782
3620 16 5 29783
3622 16 9 29784
3624 16 10 29785
3626 16 14 29786
3628 16 15 29787
3630 16 19 29788
3632 16 21 29789
3634 16 22 29790
3636 16 23 29791
3638 16 1 29792
3640 16 2 29793
3642 16 3 29794
3644 16 5 29795
3646 16 9 29796
3648 16 10 29797
3650 16 14 29798
3652 16 15 29799
3654 16 19 29800
3656 16 21 29801
3658 16 22 29802
3660 16 23 29803
3662 16 1 29804
3664 16 2 29805
3666 16 3 29806
3668 16 5 29807
3670 16 9 29808
3672 16 10 29809
3674 16 14 29810
3676 16 15 29811
3680 16 19 29812
3682 16 21 29813
3684 16 22 29814
3686 16 23 29815
3688 16 1 29816
3690 16 2 29817
3692 16 3 29818
3694 16 5 29819
3696 16 9 29820
3698 16 10 29821
3700 16 14 29822
3702 16 15 29823
3704 16 19 29824
3708 16 21 29825
3710 16 22 29826
3712 16 23 29827
3714 16 1 29828
3716 16 2 29829
3718 16 3 29830
3720 16 5 29831
3722 16 9 29832
3724 16 10 29833
3726 16 14 29834
3728 16 15 29835
3730 16 19 29836
3732 16 21 29837
3734 16 22 29838
3736 16 23 29839
3738 16 1 29840
3740 16 2 29841
3742 16 3 29842
3744 16 5 29843
3746 16 9 29844
3748 16 10 29845
3750 16 14 29846
3752 16 15 29847
3754 16 19 29848
3756 16 21 29849
3758 16 22 29850
3760 16 23 29851
3762 16 1 29852
3764 16 2 29853
3766 16 3 29854
3768 16 5 29855
3770 16 9 29856
3772 16 10 29857
3774 16 14 29858
3776 16 15 29859
3778 16 19 29860
3780 16 21 29861
3782 16 22 29862
3784 16 23 29863
3786 16 1 29864
3788 16 2 29865
3790 16 3 29866
3792 16 5 29867
3794 16 9 29868
3796 16 10 29869
3798 16 14 29870
3800 16 15 29871
3802 16 19 29872
3804 16 21 29873
3806 16 22 29874
3808 16 23 29875
3810 16 1 29876
3812 16 2 29877
3814 16 3 29878
3816 16 5 29879
3818 16 9 29880
3820 16 10 29881
3822 16 14 29882
3824 16 15 29883
3826 16 19 29884
3828 16 21 29885
3830 16 22 29886
3832 16 23 29887
3834 16 1 29888
3836 16 2 29889
3838 16 3 29890
3840 16 5 29891
3842 16 9 29892
3844 16 10 29893
3846 16 14 29894
3848 16 15 29895
3850 16 19 29896
3852 16 21 29897
3854 16 22 29898
3856 16 23 29899
3858 16 1 29900
3860 16 2 29901
3862 16 3 29902
3864 16 5 29903
3866 16 9 29904
3868 16 10 29905
3870 16 14 29906
3872 16 15 29907
3874 16 19 29908
3876 16 21 29909
3878 16 22 29910
3880 16 23 29911
3882 16 1 29912
3884 16 2 29913
3886 16 3 29914
3888 16 5 29915
3890 16 9 29916
3892 16 10 29917
3894 16 14 29918
3896 16 15 29919
3898 16 19 29920
3900 16 21 29921
3902 16 22 29922
3904 16 23 29923
3906 16 1 29924
3908 16 2 29925
3910 16 3 29926
3912 16 5 29927
3914 16 9 29928
3916 16 10 29929
3918 16 14 29930
3920 16 15 29931
3922 16 19 29932
3924 16 21 29933
3926 16 22 29934
3928 16 23 29935
3930 16 1 29936
3932 16 2 29937
3934 16 3 29938
3936 16 5 29939
3938 16 9 29940
3940 16 10 29941
3942 16 14 29942
3944 16 15 29943
3946 16 19 29944
3948 16 21 29945
3950 16 22 29946
3952 16 23 29947
3954 16 1 29948
3956 16 2 29949
3958 16 3 29950
3960 16 5 29951
3962 16 9 29952
3964 16 10 29953
3966 16 14 29954
3968 16 15 29955
3970 16 19 29956
3972 16 21 29957
3974 16 22 29958
3976 16 23 29959
3978 16 1 29960
3980 16 2 29961
3982 16 3 29962
3984 16 5 29963
3986 16 9 29964
3988 16 10 29965
3990 16 14 29966
3992 16 15 29967
3994 16 19 29968
3996 16 21 29969
3998 16 22 29970
4000 16 23 29971
4002 16 1 29972
4004 16 2 29973
4006 16 3 29974
4008 16 5 29975
4010 16 9 29976
4012 16 10 29977
4014 16 14 29978
4016 16 15 29979
4018 16 19 29980
4020 16 21 29981
4022 16 22 29982
4024 16 23 29983
4026 16 1 29984
4028 16 2 29985
4030 16 3 29986
4032 16 5 29987
4034 16 9 29988
4036 16 10 29989
4038 16 14 29990
4040 16 15 29991
4042 16 19 29992
4044 16 21 29993
4046 16 22 29994
4048 16 23 29995
4050 16 1 29996
4052 16 2 29997
4054 16 3 29998
4056 16 5 29999
4058 16 9 30000
4060 16 10 30001
4062 16 14 30002
4064 16 15 30003
4066 16 19 30004
4068 16 21 30005
4070 16 22 30006
4072 16 23 30007
4074 16 1 30008
4076 16 2 30009
4078 16 3 30010
4080 16 5 30011
4082 16 9 30012
4084 16 10 30013
4086 16 14 30014
4088 16 15 30015
4090 16 19 30016
4092 16 21 30017
4094 16 22 30018
4096 16 23 30019
4098 16 1 30020
4100 16 2 30021
4102 16 3 30022
4104 16 5 30023
4106 16 9 30024
4108 16 10 30025
4110 16 14 30026
4112 16 15 30027
4114 16 19 30028
4116 16 21 30029
4118 16 22 30030
4120 16 23 30031
4122 16 1 30032
4124 16 2 30033
4126 16 3 30034
4128 16 5 30035
4130 16 9 30036
4132 16 10 30037
4134 16 14 30038
4136 16 15 30039
4138 16 19 30040
4140 16 21 30041
4142 16 22 30042
4144 16 23 30043
4146 16 1 30044
4148 16 2 30045
4150 16 3 30046
4152 16 5 30047
4154 16 9 30048
4156 16 10 30049
4158 16 14 30050
4160 16 15 30051
4162 16 19 30052
4164 16 21 30053
4166 16 22 30054
4168 16 23 30055
4170 16 1 30056
4172 16 2 30057
4174 16 3 30058
4176 16 5 30059
4178 16 9 30060
4180 16 10 30061
4182 16 14 30062
4184 16 15 30063
4186 16 19 30064
4188 16 21 30065
4190 16 22 30066
4192 16 23 30067
4194 16 1 30068
4196 16 2 30069
4198 16 3 30070
4200 16 5 30071
4202 16 9 30072
4204 16 10 30073
4206 16 14 30074
4208 16 15 30075
4210 16 19 30076
4212 16 21 30077
4214 16 22 30078
4216 16 23 30079
4218 16 1 30080
4220 16 2 30081
4222 16 3 30082
4224 16 5 30083
4226 16 9 30084
4228 16 10 30085
4230 16 14 30086
4232 16 15 30087
4234 16 19 30088
4236 16 21 30089
4238 16 22 30090
4240 16 23 30091
4242 16 1 30092
4244 16 2 30093
4246 16 3 30094
4248 16 5 30095
4250 16 9 30096
4252 16 10 30097
4254 16 14 30098
4256 16 15 30099
4258 16 19 30100
4260 16 21 30101
4262 16 22 30102
4264 16 23 30103
4266 16 1 30104
4268 16 2 30105
4270 16 3 30106
4272 16 5 30107
4274 16 9 30108
4276 16 10 30109
4278 16 14 30110
4280 16 15 30111
4282 16 19 30112
4284 16 21 30113
4286 16 22 30114
4288 16 23 30115
4290 16 1 30116
4292 16 2 30117
4294 16 3 30118
4296 16 5 30119
4298 16 9 30120
4300 16 10 30121
4302 16 14 30122
4304 16 15 30123
4306 16 19 30124
4308 16 21 30125
4310 16 22 30126
4312 16 23 30127
4314 16 1 30128
4316 16 2 30129
4318 16 3 30130
4320 16 5 30131
4322 16 9 30132
4324 16 10 30133
4326 16 14 30134
4328 16 15 30135
4330 16 19 30136
4332 16 21 30137
4334 16 22 30138
4336 16 23 30139
4338 16 1 30140
4340 16 2 30141
4342 16 3 30142
4344 16 5 30143
4346 16 9 30144
4348 16 10 30145
4350 16 14 30146
4352 16 15 30147
4354 16 19 30148
4356 16 21 30149
4358 16 22 30150
4360 16 23 30151
4362 16 1 30152
4364 16 2 30153
4366 16 3 30154
4368 16 5 30155
4370 16 9 30156
4372 16 10 30157
4374 16 14 30158
4376 16 15 30159
4378 16 19 30160
4380 16 21 30161
4382 16 22 30162
4384 16 23 30163
4386 16 1 30164
4388 16 2 30165
4390 16 3 30166
4392 16 5 30167
4394 16 9 30168
4396 16 10 30169
4398 16 14 30170
4400 16 15 30171
4402 16 19 30172
4404 16 21 30173
4406 16 22 30174
4408 16 23 30175
4410 16 1 30176
4412 16 2 30177
4414 16 3 30178
4416 16 5 30179
4418 16 9 30180
4420 16 10 30181
4422 16 14 30182
4424 16 15 30183
4426 16 19 30184
4428 16 21 30185
4430 16 22 30186
4432 16 23 30187
4434 16 1 30188
4436 16 2 30189
4438 16 3 30190
4440 16 5 30191
4442 16 9 30192
4444 16 10 30193
4446 16 14 30194
4448 16 15 30195
4450 16 19 30196
4452 16 21 30197
4454 16 22 30198
4456 16 23 30199
4458 16 1 30200
4460 16 2 30201
4462 16 3 30202
4464 16 5 30203
4466 16 9 30204
4468 16 10 30205
4470 16 14 30206
4472 16 15 30207
4474 16 19 30208
4476 16 21 30209
4478 16 22 30210
4480 16 23 30211
4482 16 1 30212
4484 16 2 30213
4486 16 3 30214
4488 16 5 30215
4490 16 9 30216
4492 16 10 30217
4494 16 14 30218
4496 16 15 30219
4498 16 19 30220
4500 16 21 30221
4502 16 22 30222
4504 16 23 30223
4506 16 1 30224
4508 16 2 30225
4510 16 3 30226
4512 16 5 30227
4514 16 9 30228
4516 16 10 30229
4518 16 14 30230
4520 16 15 30231
4522 16 19 30232
4524 16 21 30233
4526 16 22 30234
4528 16 23 30235
4530 16 1 30236
4532 16 2 30237
4534 16 3 30238
4536 16 5 30239
4538 16 9 30240
4540 16 10 30241
4542 16 14 30242
4544 16 15 30243
4546 16 19 30244
4548 16 21 30245
4550 16 22 30246
4552 16 23 30247
4554 16 1 30248
4556 16 2 30249
4558 16 3 30250
4560 16 5 30251
4562 16 9 30252
4564 16 10 30253
4566 16 14 30254
4568 16 15 30255
4570 16 19 30256
4572 16 21 30257
4574 16 22 30258
4576 16 23 30259
4578 16 1 30260
4580 16 2 30261
4582 16 3 30262
4584 16 5 30263
4586 16 9 30264
4588 16 10 30265
4590 16 14 30266
4592 16 15 30267
4594 16 19 30268
4596 16 21 30269
4598 16 22 30270
4600 16 23 30271
4602 16 1 30272
4604 16 2 30273
4606 16 3 30274
4608 16 5 30275
4610 16 9 30276
4612 16 10 30277
4614 16 14 30278
4616 16 15 30279
4618 16 19 30280
4620 16 21 30281
4622 16 22 30282
4624 16 23 30283
4626 16 1 30284
4628 16 2 30285
4630 16 3 30286
4632 16 5 30287
4634 16 9 30288
4636 16 10 30289
4638 16 14 30290
4640 16 15 30291
4642 16 19 30292
4644 16 21 30293
4646 16 22 30294
4648 16 23 30295
4650 16 1 30296
4652 16 2 30297
4654 16 3 30298
4656 16 5 30299
4658 16 9 30300
4660 16 10 30301
4662 16 14 30302
4664 16 15 30303
4666 16 19 30304
4668 16 21 30305
4670 16 22 30306
4672 16 23 30307
4674 16 1 30308
4676 16 2 30309
4678 16 3 30310
4680 16 5 30311
4682 16 9 30312
4684 16 10 30313
4686 16 14 30314
4688 16 15 30315
4690 16 19 30316
4692 16 21 30317
4694 16 22 30318
4696 16 23 30319
4698 16 1 30320
4700 16 2 30321
4702 16 3 30322
4704 16 5 30323
4706 16 9 30324
4708 16 10 30325
4710 16 14 30326
4712 16 15 30327
4714 16 19 30328
4716 16 21 30329
4718 16 22 30330
4720 16 23 30331
4722 16 1 30332
4724 16 2 30333
4726 16 3 30334
4728 16 5 30335
4730 16 9 30336
4732 16 10 30337
4734 16 14 30338
4736 16 15 30339
4738 16 19 30340
4740 16 21 30341
4742 16 22 30342
4744 16 23 30343
4746 16 1 30344
4748 16 2 30345
4750 16 3 30346
4752 16 5 30347
4754 16 9 30348
4756 16 10 30349
4758 16 14 30350
4760 16 15 30351
4762 16 19 30352
4764 16 21 30353
4766 16 22 30354
4768 16 23 30355
4770 16 1 30356
4772 16 2 30357
4774 16 3 30358
4776 16 5 30359
4778 16 9 30360
4780 16 10 30361
4782 16 14 30362
4784 16 15 30363
4786 16 19 30364
4788 16 21 30365
4790 16 22 30366
4792 16 23 30367
4794 16 1 30368
4796 16 2 30369
4798 16 3 30370
4800 16 5 30371
4802 16 9 30372
4804 16 10 30373
4806 16 14 30374
4808 16 15 30375
4810 16 19 30376
4812 16 21 30377
4814 16 22 30378
4816 16 23 30379
4818 16 1 30380
4820 16 2 30381
4822 16 3 30382
4824 16 5 30383
4826 16 9 30384
4828 16 10 30385
4830 16 14 30386
4832 16 15 30387
4834 16 19 30388
4836 16 21 30389
4838 16 22 30390
4840 16 23 30391
4842 16 1 30392
4844 16 2 30393
4846 16 3 30394
4848 16 5 30395
4850 16 9 30396
4852 16 10 30397
4854 16 14 30398
4856 16 15 30399
4858 16 19 30400
4860 16 21 30401
4862 16 22 30402
4864 16 23 30403
4866 16 1 30404
4868 16 2 30405
4870 16 3 30406
4872 16 5 30407
4874 16 9 30408
4876 16 10 30409
4878 16 14 30410
4880 16 15 30411
4882 16 19 30412
4884 16 21 30413
4886 16 22 30414
4888 16 23 30415
4890 16 1 30416
4892 16 2 30417
4894 16 3 30418
4896 16 5 30419
4898 16 9 30420
4900 16 10 30421
4902 16 14 30422
4904 16 15 30423
4906 16 19 30424
4908 16 21 30425
4910 16 22 30426
4912 16 23 30427
4914 16 1 30428
4916 16 2 30429
4918 16 3 30430
4920 16 5 30431
4922 16 9 30432
4924 16 10 30433
4926 16 14 30434
4928 16 15 30435
4930 16 19 30436
4932 16 21 30437
4934 16 22 30438
4936 16 23 30439
4938 16 1 30440
4940 16 2 30441
4942 16 3 30442
4944 16 5 30443
4946 16 9 30444
4948 16 10 30445
4950 16 14 30446
4952 16 15 30447
4954 16 19 30448
4956 16 21 30449
4958 16 22 30450
4960 16 23 30451
4962 16 1 30452
4964 16 2 30453
4966 16 3 30454
4968 16 5 30455
4970 16 9 30456
4972 16 10 30457
4974 16 14 30458
4976 16 15 30459
4978 16 19 30460
4980 16 21 30461
4982 16 22 30462
4984 16 23 30463
4986 16 1 30464
4988 16 2 30465
4990 16 3 30466
4992 16 5 30467
4994 16 9 30468
4996 16 10 30469
4998 16 14 30470
5000 16 15 30471
5002 16 19 30472
5004 16 21 30473
5008 16 22 30474
5010 16 23 30475
5012 16 1 30476
5014 16 2 30477
5016 16 3 30478
5018 16 5 30479
5020 16 9 30480
5022 16 10 30481
5024 16 14 30482
5026 16 15 30483
5028 16 19 30484
5030 16 21 30485
5032 16 22 30486
5034 16 23 30487
5036 16 1 30488
5038 16 2 30489
5040 16 3 30490
5042 16 5 30491
5044 16 9 30492
5046 16 10 30493
5048 16 14 30494
5050 16 15 30495
5052 16 19 30496
5054 16 21 30497
5056 16 22 30498
5058 16 23 30499
5060 16 1 30500
5064 16 2 30501
5066 16 3 30502
5068 16 5 30503
5070 16 9 30504
5072 16 10 30505
5074 16 14 30506
5076 16 15 30507
5078 16 19 30508
5080 16 21 30509
5082 16 22 30510
5084 16 23 30511
5086 16 1 30512
5088 16 2 30513
5090 16 3 30514
5092 16 5 30515
5094 16 9 30516
5096 16 10 30517
5098 16 14 30518
5100 16 15 30519
5102 16 19 30520
5104 16 21 30521
5106 16 22 30522
5108 16 23 30523
5110 16 1 30524
5112 16 2 30525
5114 16 3 30526
5116 16 5 30527
5118 16 9 30528
5120 16 10 30529
5122 16 14 30530
5124 16 15 30531
5126 16 19 30532
5128 16 21 30533
5130 16 22 30534
5132 16 23 30535
5134 16 1 30536
5136 16 2 30537
5138 16 3 30538
5140 16 5 30539
5142 16 9 30540
5144 16 10 30541
5146 16 14 30542
5148 16 15 30543
5150 16 19 30544
5152 16 21 30545
5154 16 22 30546
5156 16 23 30547
5158 16 1 30548
5160 16 2 30549
5162 16 3 30550
5164 16 5 30551
5166 16 9 30552
5168 16 10 30553
5170 16 14 30554
5172 16 15 30555
5174 16 19 30556
5176 16 21 30557
5178 16 22 30558
5180 16 23 30559
5182 16 1 30560
5184 16 2 30561
5186 16 3 30562
5188 16 5 30563
5190 16 9 30564
5192 16 10 30565
5194 16 14 30566
5196 16 15 30567
5198 16 19 30568
5200 16 21 30569
5202 16 22 30570
5204 16 23 30571
5206 16 1 30572
5208 16 2 30573
5210 16 3 30574
5212 16 5 30575
5214 16 9 30576
5216 16 10 30577
5218 16 14 30578
5220 16 15 30579
5222 16 19 30580
5224 16 21 30581
5226 16 22 30582
5228 16 23 30583
5230 16 1 30584
5232 16 2 30585
5234 16 3 30586
5236 16 5 30587
5238 16 9 30588
5240 16 10 30589
5242 16 14 30590
5244 16 15 30591
5246 16 19 30592
5248 16 21 30593
5250 16 22 30594
5252 16 23 30595
5254 16 1 30596
5256 16 2 30597
5258 16 3 30598
5260 16 5 30599
5262 16 9 30600
5264 16 10 30601
5266 16 14 30602
5268 16 15 30603
5270 16 19 30604
5272 16 21 30605
5274 16 22 30606
5276 16 23 30607
5278 16 1 30608
5280 16 2 30609
5282 16 3 30610
5284 16 5 30611
5286 16 9 30612
5288 16 10 30613
5290 16 14 30614
5292 16 15 30615
5294 16 19 30616
5296 16 21 30617
5298 16 22 30618
5300 16 23 30619
5302 16 1 30620
5304 16 2 30621
5306 16 3 30622
5308 16 5 30623
5310 16 9 30624
5312 16 10 30625
5314 16 14 30626
5316 16 15 30627
5318 16 15 13787
5320 16 10 4773
5322 16 15 4775
5324 16 1 4156
5326 16 9 4160
5328 16 5 3071
5330 16 21 27617
5332 16 5 28215
5334 16 2 28333
5336 16 1 27684
6414 16 21 8201
6418 16 10 8209
6420 16 15 8211
6422 16 9 8220
6424 16 5 8327
6426 16 19 8284
6428 16 5 8291
6432 16 2 8337
6434 16 15 8343
6436 16 22 8346
6440 16 19 8344
6442 16 21 8345
6444 16 2 8349
6446 16 3 8350
6448 16 22 8406
6450 16 21 8405
6452 16 1 8408
6454 16 2 8409
6456 16 3 8410
6460 16 23 8407
6478 16 9 8412
6480 16 10 8413
6482 16 14 8414
6496 16 19 8416
6498 16 15 8415
6500 16 22 8418
6502 16 23 8419
6504 16 1 8420
6506 16 2 8421
6508 16 3 8422
6510 16 5 8423
6512 16 9 8424
6514 16 15 8427
6516 16 14 8450
6518 16 15 8451
6524 16 1 8456
6528 16 14 8462
6530 16 1 8516
6532 16 9 8844
6534 16 9 9036
6536 16 21 9053
6538 16 19 8644
6540 16 15 8643
6542 16 10 9145
6544 16 3 8650
6546 16 2 8649
6548 16 22 9102
6550 16 23 9163
6554 16 3 8662
6556 16 10 8785
6558 16 23 8803
6560 16 9 9012
6562 16 10 9013
6564 16 1 8672
6566 16 3 8806
6568 16 3 9178
6570 16 21 8813
6572 16 5 8819
6574 16 1 8828
6576 16 9 8832
6578 16 15 9111
6580 16 3 8686
6582 16 2 8841
6584 16 21 9185
6588 16 23 9115
6590 16 3 8698
6592 16 22 8874
6594 16 10 9049
6596 16 9 8892
6598 16 5 8903
6600 16 1 8708
6602 16 15 8907
6604 16 15 8919
6606 16 22 8922
6608 16 1 8924
6610 16 2 8937
6612 16 1 9200
6614 16 9 8940
6616 16 9 8724
6618 16 10 8941
6620 16 23 9067
6622 16 19 8728
6624 16 3 8950
6626 16 23 8731
6628 16 10 8953
6630 16 10 9073
6632 16 9 9204
6634 16 10 8737
6636 16 3 8962
6638 16 14 8966
6640 16 23 8743
6642 16 1 8972
6644 16 15 8979
6646 16 2 9081
6648 16 3 9214
6650 16 2 8985
6652 16 2 9153
6654 16 9 9084
6656 16 3 9154
6658 16 5 9215
6660 16 19 9004
6662 16 21 9161
6664 16 5 9011
6670 16 3 9070
6672 16 3 8614
6676 16 10 9133
6678 16 22 9138
6680 16 15 9147
6682 16 22 9150
6684 16 9 8988
6686 16 15 8991
6692 16 5 8999
6694 16 5 9203
6698 16 10 17569
6700 16 19 21460
6702 16 1 22200
6704 16 23 14971
6706 16 22 1018
6708 16 1 840
6710 16 1 0
6718 16 21 201
6722 16 22 58
6748 16 5 39
6750 16 3 758
6754 16 9 124
6772 16 5 15
6778 16 5 3
6780 16 21 45
6782 16 1 156
6788 16 22 766
6790 16 3 830
6794 16 21 153
6796 16 2 169
6800 16 5 243
6808 16 23 851
6814 16 23 203
6818 16 3 158
6824 16 22 862
6830 16 21 837
6854 16 14 762
6858 16 10 677
6860 16 19 152
6868 16 9 160
6874 16 10 833
6886 16 9 136
6888 16 15 199
6890 16 3 170
6892 16 19 716
6896 16 2 217
6898 16 5 843
6900 16 22 994
6906 16 5 63
6916 16 23 695
6918 16 1 732
6930 16 19 848
6934 16 5 735
6936 16 10 11857
6938 16 19 11728
6940 16 23 12067
6942 16 14 12278
6944 16 14 11738
6946 16 14 11990
6950 16 22 11838
6952 16 22 1274
6954 16 21 1273
6956 16 23 1851
6960 16 19 1944
6966 16 2 1901
6968 16 9 2000
6970 16 10 1965
6974 16 22 1130
6976 16 1 1564
6978 16 23 1191
6980 16 14 1258
6982 16 14 1330
6984 16 23 1155
6986 16 22 1670
6988 16 15 1835
6990 16 21 1237
7000 16 19 1968
7004 16 2 1037
7010 16 10 1953
7012 16 10 25809
7014 16 14 25810
7016 16 15 26255
7018 16 22 26258
7020 16 23 26259
7022 16 1 26260
7024 16 2 26345
7028 16 14 26014
7030 16 3 26142
7032 16 3 26154
7034 16 15 25907
7036 16 19 25908
7038 16 21 25909
7040 16 22 25910
7042 16 19 12692
7046 16 23 12671
7048 16 22 12838
7052 16 15 12895
7054 16 22 12898
7056 16 23 12695
7058 16 22 12874
7060 16 10 12713
7062 16 15 12763
7066 16 3 12362
7076 16 2 12841
7080 16 10 12701
7082 16 23 12899
7084 16 3 12902
7090 16 1 12696
7110 16 22 4030
7112 16 1 3636
7114 16 9 4024
7116 16 19 3440
7120 16 5 4023
7126 16 1 4020
7128 16 2 3661
7130 16 3 3662
7132 16 23 3827
7134 16 22 3094
7136 16 19 3188
7140 16 2 3133
7142 16 9 3184
7146 16 22 7418
7148 16 5 7831
7150 16 22 7838
7152 16 15 7835
7154 16 2 7469
7156 16 23 7419
7160 16 19 7836
7162 16 10 7473
7164 16 21 7441
7170 16 2 7637
7172 16 22 7574
7182 16 1 10080
7184 16 14 9918
7186 16 3 9950
7188 16 15 31459
7190 16 22 31462
7192 16 9 31468
7194 16 3 31226
7196 16 9 31600
7198 16 14 31494
7200 16 21 25077
7202 16 2 24865
7204 16 9 24868
7206 16 14 25170
7208 16 2 24937
7210 16 2 25009
7212 16 15 5355
7214 16 15 5283
7216 16 14 5822
7218 16 22 6126
7220 16 21 6041
7226 16 2 6045
7230 16 3 5230
7232 16 14 5918
7236 16 2 5421
7238 16 22 6054
7248 16 9 6060
7250 16 14 6062
7256 16 15 6063
7262 16 22 6066
7268 16 2 6069
7272 16 9 6072
7276 16 15 6075
7282 16 19 6076
7288 16 21 6077
7290 16 9 6012
7294 16 1 5744
7296 16 5 6083
7298 16 19 6088
7320 16 3 5326
7328 16 21 6089
7330 16 22 6090
7332 16 1 6092
7338 16 2 6093
7350 16 5 6095
7356 16 1 6104
7362 16 9 6108
7378 16 19 6112
7390 16 9 5196
7392 16 5 5927
7394 16 9 6120
7396 16 14 6122
7416 16 1 5936
7430 16 21 6125
7432 16 15 5295
7434 16 3 6130
7442 16 14 6134
7464 16 21 6137
7466 16 22 6138
7476 16 1 6140
7482 16 3 6142
7484 16 10 5161
7486 16 23 5455
7492 16 10 5317
7494 16 15 5535
7496 16 5 5771
7498 16 15 5595
7500 16 3 5218
7502 16 14 5450
7504 16 10 5617
7506 16 10 5281
7508 16 1 5384
7510 16 22 5454
7512 16 19 5476
7514 16 9 5940
7516 16 14 5222
7518 16 3 5422
7520 16 15 5631
7522 16 9 5988
7524 16 23 6067
7526 16 10 29037
7528 16 23 29523
7530 16 10 29169
7532 16 15 29171
7534 16 21 29173
7536 16 1 28840
7538 16 14 15402
7540 16 22 6394
7542 16 22 6274
7544 16 19 6188
7546 16 5 6519
7548 16 3 6518
7550 16 1 6912
7552 16 1 6288
7554 16 1 6204
7556 16 19 6644
7558 16 9 6148
7562 16 19 6152
7574 16 22 6154
7582 16 23 6155
7594 16 22 6790
7598 16 15 6919
7600 16 2 6157
7602 16 10 6161
7606 16 15 6163
7608 16 19 6164
7610 16 21 6165
7614 16 9 6172
7616 16 15 6175
7622 16 22 6178
7624 16 2 6181
7628 16 1 6348
7630 16 10 6185
7632 16 14 6186
7638 16 21 6189
7646 16 21 6885
7658 16 9 6196
7664 16 22 6202
7672 16 22 6562
7674 16 15 6211
7676 16 1 6300
7678 16 23 6383
7684 16 19 6212
7694 16 1 6408
7698 16 1 6240
7700 16 3 6278
7704 16 2 6229
7706 16 22 6214
7708 16 1 6216
7728 16 2 6217
7734 16 1 6360
7738 16 15 6223
7750 16 19 6224
7756 16 14 6390
7762 16 21 6225
7764 16 23 6227
7768 16 1 6228
7770 16 9 6616
7772 16 21 6213
7788 16 9 6232
7790 16 10 6233
7792 16 5 6447
7794 16 21 6321
7796 16 2 6325
7802 16 23 6815
7806 16 14 6558
7808 16 15 6235
7816 16 3 6242
7830 16 5 6243
7836 16 23 6251
7838 16 2 6289
7842 16 9 6256
7848 16 10 6257
7850 16 5 16447
7852 16 22 17234
7854 16 23 16947
7856 16 22 16646
7858 16 5 17119
7860 16 15 17303
7862 16 19 17148
7864 16 10 17085
7868 16 23 17295
7870 16 5 16951
7872 16 15 17351
7874 16 9 16964
7876 16 10 16713
7880 16 15 16391
7886 16 22 17198
7888 16 9 17216
7892 16 22 16898
7894 16 1 16888
7896 16 10 16641
7908 16 22 16622
7910 16 2 17333
7916 16 1 17020
7920 16 9 17036
7922 16 3 17154
7928 16 21 16705
7934 16 23 17283
7944 16 2 42345
7946 16 3 42622
7948 16 10 42973
7950 16 21 42977
7952 16 14 42170
7954 16 19 42940
7960 16 2 46297
7962 16 14 46830
7964 16 15 13751
7966 16 10 14109
7968 16 23 14079
7970 16 1 14020
7972 16 9 14144
7974 16 14 14182
7976 16 10 13605
7978 16 5 13639
7980 16 21 4261
7982 16 10 4401
7986 16 2 39813
7988 16 21 39797
7990 16 10 39733
7992 16 5 37551
7994 16 5 37503
7996 16 9 37396
7998 16 2 37441
8000 16 10 37661
8002 16 5 37875
8004 16 9 37480
8006 16 3 2938
8008 16 19 2992
8014 16 22 2994
8016 16 22 2742
8018 16 23 2983
8020 16 1 38608
8022 16 15 38687
8024 16 3 38682
8026 16 21 38653
8028 16 3 38730
8030 16 5 37927
8032 16 22 38798
8034 16 5 26951
8036 16 19 27100
8038 16 1 35620
8040 16 3 35622
8042 16 22 35630
8044 16 15 35639
8046 16 22 35822
8048 16 14 35110
8050 16 3 35586
8052 16 5 35035
8054 16 10 35037
8056 16 22 35042
8058 16 10 35049
8060 16 14 35050
8062 16 15 35051
8064 16 15 35075
8066 16 21 28257
8068 16 19 27776
8070 16 23 27779
8072 16 14 27918
8074 16 2 11201
8076 16 3 10806
8078 16 3 10302
8080 16 15 11171
8084 16 22 10730
8086 16 22 10862
8092 16 19 10296
8094 16 21 10297
8096 16 22 10298
8098 16 23 10299
8100 16 1 10300
8102 16 2 10301
8106 16 5 10303
8108 16 9 10304
8110 16 10 10305
8112 16 14 10306
8114 16 15 10307
8116 16 19 10308
8118 16 21 10309
8120 16 22 10310
8122 16 23 11151
8126 16 9 10688
8128 16 15 10559
8132 16 23 8371
8134 16 15 8439
8140 16 22 8310
8142 16 19 8320
8144 16 19 36112
8146 16 19 35944
8148 16 19 35956
8150 16 3 35998
8152 16 15 35931
8154 16 10 36121
8156 16 23 36139
8158 16 23 22695
8160 16 9 23528
8164 16 23 23031
8166 16 19 23112
8168 16 5 23143
8170 16 2 23009
8172 16 21 23329
8176 16 10 23253
8178 16 2 22913
8180 16 21 18197
8182 16 5 17903
8184 16 3 18418
8186 16 1 18164
8188 16 2 17649
8190 16 22 18342
8192 16 9 17568
8194 16 23 18331
8202 16 3 17926
8204 16 21 17801
8208 16 3 18382
8212 16 10 17641
8214 16 23 18307
8218 16 5 17987
8220 16 15 18003
8222 16 1 17984
8224 16 9 17796
8226 16 10 17797
8228 16 19 17800
8230 16 21 17885
8232 16 9 17976
8234 16 10 19385
8236 16 3 19034
8238 16 3 18434
8240 16 22 19258
8242 16 9 18484
8244 16 14 18954
8246 16 15 18775
8248 16 1 19260
8252 16 15 18943
8254 16 21 19005
8256 16 14 19086
8258 16 2 18505
8260 16 19 18992
8262 16 14 18486
8264 16 15 19231
8266 16 1 18780
8268 16 22 19282
8270 16 22 32102
8272 16 2 32105
8274 16 5 19939
8276 16 1 20140
8278 16 10 19485
8280 16 3 19914
8282 16 21 19885
8284 16 1 19588
8286 16 9 20204
8288 16 1 20332
8292 16 23 20283
8294 16 10 20469
8296 16 2 20441
8298 16 22 19802
8302 16 14 19906
8304 16 23 20019
8306 16 10 19545
8308 16 3 20298
8314 16 9 19940
8316 16 1 19936
8318 16 14 20062
8320 16 15 20207
8322 16 14 20206
8326 16 14 19570
8330 16 2 24141
8332 16 10 24205
8334 16 5 23771
8336 16 1 23564
8338 16 22 24018
8342 16 2 23877
8344 16 9 24132
8346 16 14 23774
8348 16 3 23938
8350 16 22 41030
8352 16 23 41823
8354 16 14 41074
8356 16 21 41077
8358 16 2 21477
8360 16 14 20558
8362 16 5 20639
8364 16 21 21353
8366 16 9 21048
8368 16 2 20517
8370 16 19 21220
8372 16 19 20920
8374 16 10 20749
8376 16 22 20646
8378 16 19 20536
8382 16 19 20560
8384 16 3 21406
8394 16 2 51197
8396 16 19 51108
8398 16 21 50749
8400 16 22 50750
8402 16 21 21513
8404 16 2 21553
8406 16 1 21552
8408 16 10 21581
8410 16 1 21588
8412 16 1 21624
8414 16 9 21628
8416 16 14 21630
8418 16 15 21631
8422 16 10 21629
8432 16 23 21647
8436 16 19 21668
8438 16 21 21669
8440 16 22 21670
8442 16 23 21671
8444 16 1 21672
8446 16 2 21673
8448 16 2 22501
8450 16 21 21741
8452 16 19 21740
8454 16 1 21744
8456 16 23 21743
8458 16 3 21746
8460 16 15 21751
8462 16 19 21752
8464 16 1 21768
8466 16 2 21769
8468 16 3 21770
8482 16 21 21777
8484 16 10 21773
8486 16 22 21778
8488 16 19 21776
8498 16 9 21784
8500 16 3 21794
8504 16 3 21806
8506 16 14 21810
8508 16 15 21811
8510 16 21 21813
8512 16 3 21818
8514 16 2 21817
8516 16 21 21837
8518 16 3 21842
8520 16 14 21858
8522 16 23 21863
8524 16 23 21887
8526 16 2 21865
8528 16 3 21866
8530 16 5 21867
8532 16 15 21859
8534 16 9 21868
8536 16 21 21885
8538 16 22 21886
8540 16 10 21869
8542 16 19 21860
8544 16 19 21872
8546 16 10 21881
8550 16 1 21876
8552 16 14 21918
8554 16 19 21920
8556 16 5 21927
8558 16 10 21917
8562 16 15 21919
8564 16 21 21921
8566 16 22 21922
8568 16 14 21954
8570 16 2 21613
8572 16 5 21963
8574 16 14 21966
8576 16 10 21977
8578 16 19 21980
8580 16 21 21981
8582 16 22 21982
8584 16 1 21984
8586 16 2 21985
8588 16 5 21987
8590 16 9 21988
8592 16 10 21989
8596 16 9 22012
8598 16 23 22007
8600 16 5 22011
8602 16 19 22016
8604 16 3 21998
8606 16 5 22251
8608 16 2 22033
8610 16 23 22079
8614 16 2 22117
8616 16 3 22118
8618 16 5 22119
8620 16 9 22120
8634 16 21 22281
8636 16 5 22155
8638 16 10 22157
8640 16 14 22158
8642 16 15 22159
8644 16 19 22160
8646 16 21 22161
8648 16 22 22162
8650 16 23 22163
8652 16 1 22164
8690 16 10 22085
8800 16 22 22174
8802 16 15 22231
8804 16 22 22234
8806 16 1 22236
8808 16 2 22237
8810 16 19 21848
8812 16 22 22306
8814 16 23 22307
8816 16 21 22305
8820 16 9 22312
8822 16 3 22322
8824 16 15 22315
8826 16 14 22314
8828 16 22 22390
8830 16 9 21700
8834 16 1 22332
8836 16 3 22334
8838 16 14 22338
8840 16 19 22340
8842 16 15 22219
8844 16 10 22349
8846 16 14 22350
8848 16 15 22351
8850 16 19 22352
8852 16 21 22353
8870 16 19 22364
8872 16 3 22382
8874 16 15 22387
8876 16 1 22404
8878 16 9 22408
8882 16 14 22410
8884 16 21 22413
8888 16 5 22407
8890 16 22 21826
8892 16 3 22526
8894 16 5 43059
8896 16 21 43749
8898 16 5 43959
8900 16 21 43053
8904 16 5 14375
8906 16 14 14978
8908 16 3 14506
8910 16 21 14957
8916 16 15 44159
8918 16 19 44160
8920 16 19 44376
8922 16 10 44061
8924 16 3 45054
8928 16 1 44692
8930 16 23 44427
8932 16 2 44693
8934 16 21 44773
8936 16 9 44264
8938 16 23 44799
8942 16 21 44461
8944 16 14 44158
8950 16 14 44326
8952 16 5 44815
8954 16 14 32942
8956 16 1 32960
8958 16 10 33517
8960 16 21 33629
8962 16 23 33127
8964 16 15 33735
8966 16 10 33601
8968 16 19 33628
8970 16 22 45546
8972 16 23 45439
8974 16 1 46028
8976 16 1 45368
8978 16 22 46014
8980 16 23 45103
8982 16 23 45319
8986 16 23 48015
8988 16 19 48012
8990 16 3 47562
8992 16 14 47950
8994 16 14 47842
8996 16 15 47807
8998 16 1 47608
9000 16 19 47616
9002 16 5 47767
9006 16 5 47455
9008 16 3 47442
9010 16 21 47665
9012 16 14 47350
9014 16 10 47337
9016 16 19 47340
9018 16 15 47351
9020 16 19 47352
9022 16 22 47354
9024 16 23 47355
9026 16 1 47356
9028 16 2 47357
9030 16 3 47358
9032 16 5 47359
9034 16 10 47361
9036 16 14 47362
9038 16 15 47363
9040 16 19 47364
9042 16 21 47365
9044 16 3 47706
9046 16 2 51693
9048 16 22 51258
9050 16 9 51432
9052 16 1 52124
9054 16 3 51646
9056 16 15 51651
9058 16 21 51653
9060 16 22 51654
9062 16 9 51480
9064 16 3 34418
9066 16 5 33795
9068 16 3 34694
9070 16 10 34601
9074 16 3 34190
9076 16 5 34191
9078 16 9 34192
9080 16 10 34193
9082 16 14 34194
9084 16 15 34195
9086 16 19 34196
9088 16 21 34197
9090 16 22 34198
9092 16 23 34199
9094 16 1 34200
9096 16 2 34201
9098 16 3 34202
9100 16 5 34203
9102 16 9 34204
9104 16 10 34205
9106 16 14 34206
9108 16 5 52659
9110 16 23 52259
9112 16 10 52265
9114 16 15 52411
9116 16 23 52427
9118 16 23 52319
9120 16 21 52725
9122 16 5 54335
9124 16 9 54336
9126 16 10 54337
9128 16 14 54338
9130 16 15 54339
9132 16 19 54340
9134 16 21 54341
9136 16 22 54342
9138 16 23 54343
9140 16 1 54344
9142 16 2 54345
9144 16 3 54346
9146 16 5 54347
9148 16 9 54348
9150 16 10 54349
9152 16 14 54350
9154 16 15 54351
9156 16 19 54352
9158 16 21 54353
9160 16 22 54354
9162 16 23 54355
9164 16 1 54356
9166 16 2 54357
9168 16 3 54358
9170 16 5 54359
9172 16 9 54360
9174 16 10 54361
9176 16 14 54362
9178 16 15 54363
9180 16 19 54364
9182 16 21 54365
9184 16 22 54366
9186 16 23 54367
9188 16 1 54368
9190 16 2 54369
9192 16 3 54370
9194 16 5 54371
9196 16 9 54372
9198 16 10 54373
9200 16 14 54374
9202 16 15 54375
9204 16 19 54376
9206 16 21 54377
9208 16 22 54378
9210 16 23 54379
9212 16 1 54380
9214 16 2 54381
9216 16 3 54382
9218 16 5 54383
9220 16 9 54384
9222 16 10 54385
9224 16 14 54386
9226 16 15 54387
9228 16 19 54388
9230 16 21 54389
9232 16 22 54390
9234 16 23 54391
9236 16 1 54392
9238 16 2 54393
9240 16 3 54394
9242 16 5 54395
9244 16 9 54396
9246 16 10 54397
9248 16 14 54398
9250 16 15 54399
9252 16 19 54400
9254 16 21 54401
9256 16 22 54402
9258 16 23 54403
9260 16 1 54404
9262 16 2 54405
9264 16 3 54406
9266 16 5 54407
9268 16 9 54408
9270 16 10 54409
9272 16 14 54410
9274 16 15 54411
9276 16 19 54412
9278 16 21 54413
9280 16 22 54414
9282 16 23 54415
9284 16 1 54416
9286 16 2 54417
9288 16 3 54418
9290 16 5 54419
9292 16 9 54420
9294 16 10 54421
9296 16 14 54422
9298 16 15 54423
9300 16 19 54424
9302 16 21 54425
9304 16 22 54426
9306 16 23 54427
9308 16 1 54428
9310 16 2 54429
9312 16 3 54430
9314 16 5 54431
9316 16 9 54432
9318 16 10 54433
9320 16 14 54434
9322 16 15 54435
9324 16 19 54436
9326 16 21 54437
9328 16 22 54438
9330 16 23 54439
9332 16 1 54440
9334 16 2 54441
9336 16 3 54442
9338 16 5 54443
9340 16 9 54444
9342 16 10 54445
9344 16 14 54446
9346 16 15 54447
9348 16 19 54448
9350 16 21 54449
9352 16 22 54450
9354 16 23 54451
9356 16 1 54452
9358 16 2 54453
9360 16 3 54454
9362 16 5 54455
9364 16 9 54456
9366 16 10 54457
9368 16 14 54458
9370 16 15 54459
9372 16 19 54460
9374 16 21 54461
9376 16 22 54462
9378 16 23 54463
9380 16 1 54464
9382 16 2 54465
9384 16 3 54466
9386 16 5 54467
9388 16 9 54468
9390 16 10 54469
9392 16 14 54470
9394 16 15 54471
9396 16 19 54472
9398 16 21 54473
9404 16 22 54474
9406 16 23 54475
9408 16 1 54476
9410 16 2 54477
9412 16 3 54478
9414 16 5 54479
9416 16 9 54480
9418 16 10 54481
9420 16 14 54482
9422 16 15 54483
9424 16 19 54484
9426 16 21 54485
9428 16 22 54486
9430 16 23 54487
9432 16 1 54488
9434 16 2 54489
9436 16 3 54490
9438 16 5 54491
9440 16 9 54492
9442 16 10 54493
9444 16 14 54494
9446 16 15 54495
9448 16 19 54496
9450 16 21 54497
9452 16 22 54498
9454 16 23 54499
9456 16 1 54500
9458 16 2 54501
9460 16 3 54502
9462 16 5 54503
9464 16 9 54504
9466 16 10 54505
9468 16 14 54506
9470 16 15 54507
9472 16 19 54508
9474 16 21 54509
9476 16 22 54510
9478 16 23 54511
9480 16 1 54512
9482 16 2 54513
9484 16 3 54514
9486 16 5 54515
9488 16 9 54516
9490 16 10 54517
9492 16 14 54518
9494 16 15 54519
9496 16 19 54520
9498 16 21 54521
9500 16 22 54522
9502 16 23 54523
9504 16 1 54524
9506 16 2 54525
9508 16 3 54526
9510 16 5 54527
9512 16 9 54528
9514 16 10 54529
9516 16 14 54530
9518 16 15 54531
9520 16 19 54532
9522 16 21 54533
9524 16 22 54534
9526 16 23 54535
9528 16 1 54536
9530 16 2 54537
9532 16 3 54538
9534 16 5 54539
9536 16 9 54540
9538 16 10 54541
9540 16 14 54542
9542 16 15 54543
9544 16 19 54544
9546 16 21 54545
9548 16 22 54546
9550 16 23 54547
9552 16 1 54548
9554 16 2 54549
9556 16 3 54550
9558 16 5 54551
9560 16 9 54552
9562 16 10 54553
9564 16 14 54554
9566 16 15 54555
9568 16 19 54556
9570 16 21 54557
9572 16 22 54558
9574 16 23 54559
9576 16 1 54560
9578 16 2 54561
9580 16 3 54562
9582 16 5 54563
9584 16 9 54564
9586 16 10 54565
9588 16 14 54566
9590 16 15 54567
9592 16 19 54568
9594 16 21 54569
9596 16 22 54570
9598 16 23 54571
9600 16 1 54572
9602 16 2 54573
9604 16 3 54574
9606 16 5 54575
9608 16 9 54576
9610 16 10 54577
9612 16 14 54578
9614 16 15 54579
9616 16 19 54580
9618 16 21 54581
9620 16 22 54582
9622 16 23 54583
9624 16 1 54584
9626 16 2 54585
9628 16 3 54586
9630 16 5 54587
9632 16 9 54588
9634 16 10 54589
9636 16 14 54590
9638 16 15 54591
9640 16 19 54592
9642 16 21 54593
9644 16 22 54594
9646 16 23 54595
9648 16 1 54596
9650 16 2 54597
9652 16 3 54598
9654 16 5 54599
9656 16 9 54600
9658 16 10 54601
9660 16 14 54602
9662 16 15 54603
9664 16 19 54604
9666 16 21 54605
9668 16 22 54606
9670 16 23 54607
9672 16 1 54608
9674 16 2 54609
9676 16 3 54610
9678 16 5 54611
9680 16 9 54612
9682 16 10 54613
9684 16 14 54614
9686 16 15 54615
9688 16 19 54616
9690 16 21 54617
9692 16 22 54618
9694 16 23 54619
9696 16 1 54620
9698 16 2 54621
9700 16 3 54622
9702 16 5 54623
9704 16 9 54624
9706 16 10 54625
9708 16 14 54626
9710 16 15 54627
9712 16 19 54628
9714 16 21 54629
9716 16 22 54630
9718 16 23 54631
9720 16 1 54632
9722 16 2 54633
9724 16 3 54634
9726 16 5 54635
9728 16 9 54636
9730 16 10 54637
9732 16 14 54638
9734 16 15 54639
9736 16 19 54640
9738 16 21 54641
9740 16 22 54642
9742 16 23 54643
9744 16 1 54644
9746 16 2 54645
9748 16 3 54646
9750 16 5 54647
9752 16 9 54648
9754 16 10 54649
9756 16 14 54650
9758 16 15 54651
9760 16 19 54652
9762 16 21 54653
9764 16 22 54654
9766 16 23 54655
9768 16 1 54656
9770 16 2 54657
9772 16 3 54658
9774 16 5 54659
9776 16 9 54660
9778 16 10 54661
9780 16 14 54662
9782 16 15 54663
9784 16 19 54664
9786 16 21 54665
9788 16 22 54666
9790 16 23 54667
9792 16 1 54668
9794 16 2 54669
9796 16 3 54670
9798 16 5 54671
9800 16 9 54672
9802 16 10 54673
9804 16 14 54674
9806 16 15 54675
9808 16 19 54676
9810 16 21 54677
9812 16 22 54678
9814 16 23 54679
9816 16 1 54680
9818 16 2 54681
9820 16 3 54682
9822 16 5 54683
9824 16 9 54684
9826 16 10 54685
9828 16 14 54686
9830 16 15 54687
9832 16 19 54688
9834 16 21 54689
9836 16 22 54690
9838 16 23 54691
9840 16 1 54692
9842 16 2 54693
9844 16 3 54694
9846 16 5 54695
9848 16 9 54696
9850 16 10 54697
9852 16 14 54698
9854 16 15 54699
9856 16 19 54700
9858 16 21 54701
9860 16 22 54702
9862 16 23 54703
9864 16 1 54704
9866 16 2 54705
9868 16 3 54706
9870 16 5 54707
9872 16 9 54708
9874 16 10 54709
9876 16 14 54710
9878 16 15 54711
9880 16 19 54712
9882 16 21 54713
9884 16 22 54714
9888 16 23 54715
9890 16 1 54716
9892 16 2 54717
9894 16 3 54718
9896 16 5 54719
9898 16 9 54720
9900 16 10 54721
9902 16 14 54722
9904 16 15 54723
9906 16 19 54724
9908 16 21 54725
9910 16 22 54726
9912 16 23 54727
9914 16 1 54728
9916 16 2 54729
9918 16 3 54730
9920 16 5 54731
9922 16 9 54732
9924 16 10 54733
9926 16 14 54734
9928 16 15 54735
9930 16 19 54736
9932 16 21 54737
9934 16 22 54738
9936 16 23 54739
9938 16 1 54740
9940 16 2 54741
9942 16 3 54742
9944 16 5 54743
9946 16 9 54744
9948 16 10 54745
9950 16 14 54746
9952 16 15 54747
9954 16 19 54748
9956 16 21 54749
9966 16 22 54750
9968 16 23 54751
9970 16 1 54752
9972 16 2 54753
9974 16 3 54754
9976 16 5 54755
9978 16 9 54756
9980 16 10 54757
9982 16 14 54758
9984 16 15 54759
9986 16 19 54760
9988 16 21 54761
9990 16 22 54762
9992 16 23 54763
9994 16 1 54764
9996 16 2 54765
9998 16 3 54766
10000 16 5 54767
10002 16 9 54768
10004 16 10 54769
10006 16 14 54770
10008 16 15 54771
10010 16 19 54772
10012 16 21 54773
10014 16 22 54774
10016 16 23 54775
10018 16 1 54776
10020 16 2 54777
10022 16 3 54778
10024 16 5 54779
10026 16 9 54780
10028 16 10 54781
10030 16 14 54782
10032 16 15 54783
10034 16 19 54784
10036 16 21 54785
10038 16 22 54786
10040 16 23 54787
10042 16 1 54788
10044 16 2 54789
10046 16 3 54790
10048 16 5 54791
10050 16 9 54792
10052 16 10 54793
10054 16 14 54794
10056 16 15 54795
10058 16 19 54796
10060 16 21 54797
10062 16 22 54798
10064 16 23 54799
10066 16 1 54800
10068 16 2 54801
10070 16 3 54802
10072 16 5 54803
10074 16 9 54804
10076 16 10 54805
10078 16 14 54806
10080 16 15 54807
10082 16 19 54808
10084 16 21 54809
10086 16 22 54810
10088 16 23 54811
10090 16 1 54812
10092 16 2 54813
10094 16 3 54814
10096 16 5 54815
10098 16 9 54816
10100 16 10 54817
10102 16 14 54818
10104 16 15 54819
10106 16 19 54820
10108 16 21 54821
10110 16 22 54822
10112 16 23 54823
10114 16 1 54824
10116 16 2 54825
10118 16 3 54826
10120 16 5 54827
10122 16 9 54828
10124 16 10 54829
10126 16 14 54830
10128 16 15 54831
10130 16 19 54832
10132 16 21 54833
10134 16 22 54834
10136 16 23 54835
10138 16 1 54836
10140 16 2 54837
10142 16 3 54838
10144 16 5 54839
10146 16 9 54840
10148 16 10 54841
10150 16 14 54842
10152 16 15 54843
10154 16 19 54844
10156 16 21 54845
10158 16 22 54846
10160 16 23 54847
10162 16 1 54848
10164 16 2 54849
10166 16 3 54850
10168 16 5 54851
10170 16 9 54852
10172 16 10 54853
10174 16 14 54854
10176 16 15 54855
10178 16 19 54856
10182 16 21 54857
10184 16 22 54858
10186 16 23 54859
10188 16 1 54860
10190 16 2 54861
10192 16 3 54862
10194 16 5 54863
10196 16 9 54864
10198 16 10 54865
10200 16 14 54866
10202 16 15 54867
10204 16 19 54868
10206 16 21 54869
10208 16 22 54870
10210 16 23 54871
10212 16 1 54872
10214 16 2 54873
10216 16 3 54874
10218 16 5 54875
10220 16 9 54876
10222 16 10 54877
10224 16 14 54878
10226 16 15 54879
10228 16 19 54880
10230 16 21 54881
10232 16 22 54882
10234 16 23 54883
10236 16 1 54884
10238 16 2 54885
10240 16 3 54886
10242 16 5 54887
10244 16 9 54888
10246 16 10 54889
10248 16 14 54890
10250 16 15 54891
10252 16 19 54892
10254 16 21 54893
10256 16 22 54894
10258 16 23 54895
10260 16 1 54896
10262 16 2 54897
10264 16 3 54898
10266 16 5 54899
10268 16 9 54900
10270 16 10 54901
10272 16 14 54902
10274 16 15 54903
10276 16 19 54904
10278 16 21 54905
10280 16 22 54906
10282 16 23 54907
10284 16 1 54908
10286 16 2 54909
10288 16 3 54910
10290 16 5 54911
10292 16 9 54912
10294 16 10 54913
10296 16 14 54914
10298 16 15 54915
10300 16 19 54916
10302 16 21 54917
10304 16 22 54918
10308 16 23 54919
10310 16 1 54920
10312 16 2 54921
10314 16 3 54922
10316 16 5 54923
10318 16 9 54924
10320 16 10 54925
10322 16 14 54926
10324 16 15 54927
10326 16 19 54928
10328 16 21 54929
10330 16 22 54930
10332 16 23 54931
10334 16 1 54932
10336 16 2 54933
10338 16 3 54934
10340 16 5 54935
10342 16 9 54936
10344 16 10 54937
10346 16 14 54938
10348 16 15 54939
10350 16 19 54940
10352 16 21 54941
10354 16 22 54942
10356 16 23 54943
10358 16 1 54944
10360 16 2 54945
10362 16 3 54946
10364 16 5 54947
10366 16 9 54948
10368 16 10 54949
10370 16 14 54950
10372 16 15 54951
10374 16 19 54952
10376 16 21 54953
10378 16 22 54954
10380 16 23 54955
10382 16 1 54956
10384 16 2 54957
10386 16 3 54958
10388 16 5 54959
10390 16 9 54960
10392 16 10 54961
10394 16 14 54962
10396 16 15 54963
10398 16 19 54964
10400 16 21 54965
10402 16 22 54966
10404 16 23 54967
10406 16 1 54968
10408 16 2 54969
10410 16 3 54970
10412 16 5 54971
10414 16 9 54972
10416 16 10 54973
10418 16 14 54974
10420 16 15 54975
10422 16 19 54976
10424 16 21 54977
10426 16 22 54978
10428 16 23 54979
10430 16 1 54980
10432 16 2 54981
10434 16 3 54982
10436 16 5 54983
10438 16 9 54984
10440 16 10 54985
10442 16 14 54986
10444 16 15 54987
10446 16 19 54988
10448 16 21 54989
10450 16 22 54990
10454 16 23 54991
10456 16 1 54992
10458 16 2 54993
10460 16 3 54994
10462 16 5 54995
10464 16 9 54996
10466 16 10 54997
10468 16 14 54998
10470 16 15 54999
10472 16 19 55000
10474 16 21 55001
10476 16 22 55002
10478 16 23 55003
10480 16 1 55004
10482 16 2 55005
10484 16 3 55006
10486 16 5 55007
10488 16 9 55008
10490 16 10 55009
10492 16 14 55010
10494 16 15 55011
10496 16 19 55012
10498 16 21 55013
10500 16 22 55014
10502 16 23 55015
10504 16 1 55016
10506 16 2 55017
10508 16 3 55018
10510 16 5 55019
10512 16 9 55020
10514 16 10 55021
10516 16 14 55022
10518 16 15 55023
10520 16 19 55024
10522 16 21 55025
10524 16 22 55026
10526 16 23 55027
10528 16 1 55028
10530 16 2 55029
10532 16 3 55030
10534 16 5 55031
10536 16 9 55032
10538 16 10 55033
10540 16 14 55034
10542 16 15 55035
10544 16 19 55036
10546 16 21 55037
10548 16 22 55038
10550 16 23 55039
10552 16 1 55040
10554 16 2 55041
10556 16 3 55042
10558 16 5 55043
10560 16 9 55044
10562 16 10 55045
10564 16 14 55046
10566 16 15 55047
10568 16 19 55048
10570 16 21 55049
10572 16 22 55050
10574 16 23 55051
10576 16 1 55052
10578 16 2 55053
10580 16 3 55054
10582 16 5 55055
10584 16 9 55056
10586 16 10 55057
10588 16 14 55058
10590 16 15 55059
10592 16 19 55060
10594 16 21 55061
10596 16 22 55062
10598 16 23 55063
10600 16 1 55064
10602 16 2 55065
10604 16 3 55066
10606 16 5 55067
10608 16 9 55068
10610 16 10 55069
10612 16 14 55070
10614 16 15 55071
10616 16 19 55072
10618 16 21 55073
10620 16 22 55074
10622 16 23 55075
10624 16 1 55076
10626 16 2 55077
10628 16 3 55078
10630 16 5 55079
10632 16 9 55080
10634 16 10 55081
10636 16 14 55082
10652 16 15 55083
10654 16 19 55084
10656 16 21 55085
10658 16 22 55086
10660 16 23 55087
10662 16 1 55088
10664 16 2 55089
10666 16 3 55090
10668 16 5 55091
10670 16 9 55092
10672 16 10 55093
10674 16 14 55094
10676 16 15 55095
10678 16 19 55096
10680 16 21 55097
10682 16 22 55098
10684 16 23 55099
10686 16 1 55100
10688 16 2 55101
10690 16 3 55102
10692 16 5 55103
10694 16 9 55104
10696 16 10 55105
10698 16 14 55106
10700 16 15 55107
10702 16 19 55108
10704 16 21 55109
10706 16 22 55110
10708 16 23 55111
10710 16 1 55112
10712 16 2 55113
10714 16 3 55114
10716 16 5 55115
10718 16 9 55116
10720 16 10 55117
10722 16 14 55118
10724 16 15 55119
10726 16 19 55120
10728 16 21 55121
10730 16 22 55122
10732 16 23 55123
10734 16 1 55124
10736 16 2 55125
10738 16 3 55126
10740 16 5 55127
10742 16 9 55128
10744 16 10 55129
10746 16 14 55130
10748 16 15 55131
10750 16 19 55132
10752 16 21 55133
10754 16 22 55134
10756 16 23 55135
10758 16 1 55136
10760 16 2 55137
10762 16 3 55138
10764 16 5 55139
10766 16 9 55140
10768 16 10 55141
10770 16 14 55142
10772 16 15 55143
10774 16 19 55144
10776 16 21 55145
10778 16 22 55146
10780 16 23 55147
10782 16 1 55148
10784 16 2 55149
10786 16 3 55150
10788 16 5 55151
10790 16 9 55152
10792 16 10 55153
10794 16 14 55154
10796 16 15 55155
10798 16 19 55156
10800 16 21 55157
10802 16 22 55158
10804 16 23 55159
10806 16 1 55160
10808 16 2 55161
10810 16 3 55162
10812 16 5 55163
10814 16 9 55164
10816 16 10 55165
10818 16 14 55166
10822 16 15 55167
10824 16 19 55168
10826 16 21 55169
10828 16 22 55170
10830 16 23 55171
10832 16 1 55172
10834 16 2 55173
10836 16 3 55174
10838 16 5 55175
10840 16 9 55176
10842 16 10 55177
10844 16 14 55178
10846 16 15 55179
10848 16 19 55180
10850 16 21 55181
10852 16 22 55182
10854 16 23 55183
10856 16 1 55184
10858 16 2 55185
10860 16 3 55186
10862 16 5 55187
10864 16 9 55188
10866 16 10 55189
10868 16 14 55190
10870 16 15 55191
10872 16 19 55192
10874 16 21 55193
10876 16 22 55194
10878 16 23 55195
10880 16 1 55196
10882 16 2 55197
10884 16 3 55198
10886 16 5 55199
10888 16 9 55200
10890 16 10 55201
10892 16 14 55202
10894 16 15 55203
10896 16 19 55204
10898 16 21 55205
10900 16 22 55206
10902 16 23 55207
10904 16 1 55208
10906 16 2 55209
10908 16 3 55210
10910 16 5 55211
10912 16 9 55212
10914 16 10 55213
10916 16 14 55214
10918 16 15 55215
10920 16 19 55216
10922 16 21 55217
10924 16 22 55218
10926 16 23 55219
10928 16 1 55220
10930 16 2 55221
10932 16 3 55222
10936 16 5 55223
10938 16 9 55224
10940 16 10 55225
10942 16 14 55226
10944 16 15 55227
10946 16 19 55228
10948 16 21 55229
10950 16 22 55230
10952 16 23 55231
10954 16 1 55232
10956 16 2 55233
10958 16 3 55234
10960 16 5 55235
10962 16 9 55236
10964 16 10 55237
10966 16 14 55238
10968 16 15 55239
10970 16 19 55240
10972 16 21 55241
10974 16 22 55242
10976 16 23 55243
10978 16 1 55244
10980 16 2 55245
10982 16 3 55246
10984 16 5 55247
10986 16 9 55248
10988 16 10 55249
10990 16 14 55250
10992 16 15 55251
10994 16 19 55252
10996 16 21 55253
10998 16 22 55254
11000 16 23 55255
11002 16 1 55256
11004 16 2 55257
11006 16 3 55258
11008 16 5 55259
11010 16 9 55260
11012 16 10 55261
11014 16 14 55262
11016 16 15 55263
11018 16 19 55264
11020 16 21 55265
11022 16 22 55266
11024 16 23 55267
11026 16 1 55268
11028 16 2 55269
11030 16 3 55270
11036 16 5 55271
11038 16 9 55272
11040 16 10 55273
11042 16 14 55274
11044 16 15 55275
11046 16 19 55276
11048 16 21 55277
11050 16 22 55278
11052 16 23 55279
11054 16 1 55280
11056 16 2 55281
11058 16 3 55282
11060 16 5 55283
11062 16 9 55284
11064 16 10 55285
11066 16 14 55286
11068 16 15 55287
11070 16 19 55288
11072 16 21 55289
11074 16 22 55290
11076 16 23 55291
11078 16 1 55292
11080 16 2 55293
11082 16 3 55294
11084 16 5 55295
11088 16 1 54404
11090 16 1 49392
11092 16 23 49331
11094 16 9 48612
11096 16 10 48181
11098 16 2 48489
11100 16 3 49066
11104 16 21 48389
11106 16 14 48458
11108 16 10 48565
11110 16 9 48180
11112 16 21 53629
11114 16 23 53727
11116 16 19 53748
11118 16 21 53773
11120 16 22 53774
11122 16 23 53799
11124 16 1 53800
11126 16 5 53803
11128 16 14 53806
11130 16 15 53627
11132 16 1 55296
11134 16 2 55297
11136 16 3 55298
11138 16 5 55299
11140 16 9 55300
11142 16 10 55301
11144 16 14 55302
11146 16 15 55303
11148 16 19 55304
11150 16 21 55305
11152 16 22 55306
11154 16 23 55307
11156 16 1 55308
11158 16 2 55309
11160 16 3 55310
11162 16 5 55311
11164 16 9 55312
11166 16 10 55313
11168 16 14 55314
11170 16 15 55315
11172 16 19 55316
11174 16 21 55317
11176 16 22 55318
11178 16 23 55319
11180 16 1 55320
11182 16 2 55321
11184 16 3 55322
11186 16 5 55323
11188 16 9 55324
11190 16 10 55325
11192 16 14 55326
11194 16 15 55327
11196 16 19 55328
11198 16 21 55329
11200 16 22 55330
11202 16 23 55331
11204 16 1 55332
11206 16 2 55333
11208 16 3 55334
11210 16 5 55335
11212 16 9 55336
11214 16 10 55337
11216 16 14 55338
11218 16 15 55339
11220 16 19 55340
11222 16 21 55341
11224 16 22 55342
11226 16 23 55343
11228 16 1 55344
11230 16 2 55345
11232 16 3 55346
11234 16 5 55347
11236 16 9 55348
11238 16 10 55349
11240 16 14 55350
11242 16 15 55351
11244 16 19 55352
11246 16 21 55353
11248 16 22 55354
11250 16 23 55355
11252 16 1 55356
11254 16 2 55357
11256 16 3 55358
11258 16 5 55359
11260 16 9 55360
11262 16 10 55361
11264 16 14 55362
11266 16 15 55363
11268 16 19 55364
11270 16 21 55365
11272 16 22 55366
11274 16 23 55367
11276 16 1 55368
11278 16 2 55369
11280 16 3 55370
11282 16 5 55371
11284 16 9 55372
11286 16 10 55373
11288 16 14 55374
11290 16 15 55375
11292 16 19 55376
11294 16 21 55377
11296 16 22 55378
11298 16 23 55379
11300 16 1 55380
11302 16 2 55381
11304 16 3 55382
11306 16 5 55383
11308 16 9 55384
11310 16 10 55385
11312 16 14 55386
11314 16 15 55387
11316 16 19 55388
11318 16 21 55389
11320 16 22 55390
11322 16 23 55391
11324 16 1 55392
11326 16 2 55393
11328 16 3 55394
11330 16 5 55395
11332 16 9 55396
11340 16 10 55397
11342 16 14 55398
11344 16 15 55399
11346 16 19 55400
11348 16 21 55401
11350 16 22 55402
11352 16 23 55403
11354 16 1 55404
11356 16 2 55405
11358 16 3 55406
11360 16 5 55407
11362 16 9 55408
11364 16 10 55409
11366 16 14 55410
11368 16 15 55411
11370 16 19 55412
11372 16 21 55413
11374 16 22 55414
11376 16 23 55415
11378 16 1 55416
11380 16 2 55417
11382 16 3 55418
11384 16 5 55419
11386 16 9 55420
11388 16 10 55421
11390 16 14 55422
11392 16 15 55423
11394 16 19 55424
11396 16 21 55425
11398 16 22 55426
11400 16 23 55427
11404 16 1 55428
11408 16 2 55429
11410 16 3 55430
11412 16 5 55431
11414 16 9 55432
11416 16 10 55433
11418 16 14 55434
11420 16 15 55435
11422 16 19 55436
11424 16 21 55437
11434 16 22 55438
11436 16 23 55439
11438 16 1 55440
11440 16 2 55441
11442 16 3 55442
11444 16 5 55443
11446 16 9 55444
11448 16 10 55445
11450 16 14 55446
11452 16 15 55447
11454 16 19 55448
11456 16 21 55449
11458 16 22 55450
11460 16 23 55451
11462 16 1 55452
11464 16 2 55453
11466 16 3 55454
11468 16 5 55455
11470 16 9 55456
11472 16 10 55457
11474 16 14 55458
11476 16 15 55459
11478 16 19 55460
11480 16 21 55461
11482 16 22 55462
11484 16 23 55463
11486 16 1 55464
11488 16 2 55465
11490 16 3 55466
11492 16 5 55467
11494 16 9 55468
11496 16 10 55469
11500 16 14 55470
11502 16 15 55471
11504 16 19 55472
11506 16 21 55473
11508 16 22 55474
11510 16 23 55475
11512 16 1 55476
11514 16 2 55477
11516 16 3 55478
11518 16 5 55479
11520 16 9 55480
11522 16 10 55481
11524 16 14 55482
11526 16 15 55483
11528 16 19 55484
11530 16 21 55485
11532 16 22 55486
11534 16 23 55487
11536 16 1 55488
11538 16 2 55489
11540 16 3 55490
11542 16 5 55491
11544 16 9 55492
11546 16 10 55493
11548 16 14 55494
11550 16 15 55495
11552 16 19 55496
11554 16 21 55497
11556 16 22 55498
11558 16 23 55499
11560 16 1 55500
11562 16 2 55501
11564 16 3 55502
11566 16 5 55503
11568 16 9 55504
11570 16 10 55505
11572 16 14 55506
11574 16 15 55507
11576 16 19 55508
11578 16 21 55509
11580 16 22 55510
11582 16 23 55511
11584 16 1 55512
11586 16 2 55513
11588 16 3 55514
11590 16 5 55515
11592 16 9 55516
11594 16 10 55517
11598 16 14 55518
11600 16 15 55519
11602 16 19 55520
11604 16 21 55521
11606 16 22 55522
11608 16 23 55523
11610 16 1 55524
11612 16 2 55525
11614 16 3 55526
11616 16 5 55527
11618 16 9 55528
11620 16 10 55529
11622 16 14 55530
11624 16 15 55531
11626 16 19 55532
11628 16 21 55533
11630 16 22 55534
11632 16 23 55535
11634 16 1 55536
11636 16 2 55537
11638 16 3 55538
11640 16 5 55539
11642 16 9 55540
11644 16 10 55541
11646 16 14 55542
11648 16 15 55543
11650 16 19 55544
11652 16 21 55545
11654 16 22 55546
11656 16 23 55547
11658 16 1 55548
11660 16 2 55549
11662 16 3 55550
11664 16 5 55551
11666 16 9 55552
11668 16 10 55553
11670 16 14 55554
11672 16 15 55555
11674 16 19 55556
11676 16 21 55557
11678 16 22 55558
11680 16 23 55559
11682 16 1 55560
11684 16 2 55561
11686 16 3 55562
11688 16 5 55563
11690 16 9 55564
11692 16 10 55565
11694 16 14 55566
11696 16 15 55567
11698 16 19 55568
11700 16 21 55569
11702 16 22 55570
11704 16 23 55571
11706 16 1 55572
11708 16 2 55573
11710 16 3 55574
11712 16 5 55575
11714 16 9 55576
11716 16 10 55577
11718 16 14 55578
11720 16 15 55579
11722 16 19 55580
11724 16 21 55581
11726 16 22 55582
11728 16 23 55583
11730 16 1 55584
11732 16 2 55585
11734 16 3 55586
11736 16 5 55587
11738 16 9 55588
11740 16 10 55589
11742 16 14 55590
11744 16 15 55591
11746 16 19 55592
11748 16 21 55593
11750 16 22 55594
11752 16 23 55595
11754 16 1 55596
11756 16 2 55597
11758 16 3 55598
11760 16 5 55599
11762 16 9 55600
11764 16 10 55601
11766 16 14 55602
11768 16 15 55603
11770 16 19 55604
11772 16 21 55605
11774 16 22 55606
11776 16 23 55607
11778 16 1 55608
11780 16 2 55609
11782 16 3 55610
11784 16 5 55611
11786 16 9 55612
11788 16 10 55613
11790 16 14 55614
11792 16 15 55615
11794 16 19 55616
11796 16 21 55617
11798 16 22 55618
11800 16 23 55619
11802 16 1 55620
11804 16 2 55621
11806 16 3 55622
11808 16 5 55623
11810 16 9 55624
11812 16 10 55625
11814 16 14 55626
11816 16 15 55627
11818 16 19 55628
11820 16 21 55629
11822 16 22 55630
11824 16 23 55631
11826 16 1 55632
11828 16 2 55633
11830 16 3 55634
11832 16 5 55635
11834 16 9 55636
11836 16 10 55637
11838 16 14 55638
11840 16 15 55639
11842 16 19 55640
11844 16 21 55641
11846 16 22 55642
11848 16 23 55643
11850 16 1 55644
11852 16 2 55645
11854 16 3 55646
11856 16 5 55647
11858 16 9 55648
11860 16 10 55649
11862 16 14 55650
11864 16 15 55651
11866 16 19 55652
11868 16 21 55653
11870 16 22 55654
11872 16 23 55655
11874 16 1 55656
11876 16 2 55657
11880 16 3 55658
11882 16 5 55659
11884 16 9 55660
11886 16 10 55661
11890 16 14 55662
11892 16 15 55663
11894 16 19 55664
11896 16 21 55665
11898 16 22 55666
11900 16 23 55667
11902 16 1 55668
11904 16 2 55669
11906 16 3 55670
11908 16 5 55671
11914 16 9 55672
11916 16 10 55673
11918 16 14 55674
11922 16 15 55675
11924 16 19 55676
11926 16 21 55677
11928 16 22 55678
11930 16 23 55679
11932 16 1 55680
11934 16 2 55681
11936 16 3 55682
11938 16 5 55683
11940 16 9 55684
11942 16 10 55685
11950 16 14 55686
11952 16 15 55687
11954 16 19 55688
11956 16 21 55689
11958 16 22 55690
11960 16 23 55691
11962 16 1 55692
11964 16 2 55693
11966 16 3 55694
11968 16 5 55695
11970 16 9 55696
11972 16 10 55697
11974 16 14 55698
11976 16 15 55699
11978 16 19 55700
11980 16 21 55701
11982 16 22 55702
11984 16 23 55703
11986 16 1 55704
11988 16 2 55705
11990 16 3 55706
11992 16 5 55707
11994 16 9 55708
11996 16 10 55709
11998 16 14 55710
12000 16 15 55711
12002 16 19 55712
12004 16 21 55713
12006 16 22 55714
12008 16 23 55715
12010 16 1 55716
12012 16 2 55717
12014 16 3 55718
12016 16 5 55719
12018 16 9 55720
12020 16 10 55721
12022 16 14 55722
12024 16 15 55723
12026 16 19 55724
12028 16 21 55725
12030 16 22 55726
12032 16 23 55727
12034 16 1 55728
12036 16 2 55729
12038 16 3 55730
12040 16 5 55731
12042 16 9 55732
12044 16 10 55733
12046 16 14 55734
12048 16 15 55735
12050 16 19 55736
12052 16 21 55737
12054 16 22 55738
12056 16 23 55739
12058 16 1 55740
12060 16 2 55741
12062 16 3 55742
12064 16 5 55743
12066 16 9 55744
12068 16 10 55745
12070 16 14 55746
12072 16 15 55747
12074 16 19 55748
12076 16 21 55749
12078 16 22 55750
12080 16 23 55751
12082 16 1 55752
12084 16 2 55753
12086 16 3 55754
12088 16 5 55755
12090 16 9 55756
12092 16 10 55757
12094 16 14 55758
12096 16 15 55759
12098 16 19 55760
12100 16 21 55761
12102 16 22 55762
12104 16 23 55763
12106 16 1 55764
12108 16 2 55765
12110 16 3 55766
12112 16 5 55767
12114 16 9 55768
12116 16 10 55769
12118 16 14 55770
12120 16 15 55771
12122 16 19 55772
12124 16 21 55773
12126 16 22 55774
12128 16 23 55775
12130 16 1 55776
12132 16 2 55777
12134 16 3 55778
12136 16 5 55779
12138 16 9 55780
12140 16 10 55781
12142 16 14 55782
12144 16 15 55783
12146 16 19 55784
12148 16 21 55785
12150 16 22 55786
12152 16 23 55787
12154 16 1 55788
12156 16 2 55789
12158 16 3 55790
12160 16 5 55791
12162 16 9 55792
12164 16 10 55793
12166 16 14 55794
12168 16 15 55795
12170 16 19 55796
12172 16 21 55797
12174 16 22 55798
12176 16 23 55799
12178 16 1 55800
12180 16 2 55801
12182 16 3 55802
12184 16 5 55803
12186 16 9 55804
12188 16 10 55805
12190 16 14 55806
12192 16 15 55807
12194 16 19 55808
12196 16 21 55809
12198 16 22 55810
12200 16 23 55811
12202 16 1 55812
12204 16 2 55813
12206 16 3 55814
12208 16 5 55815
12210 16 9 55816
12212 16 10 55817
12214 16 14 55818
12216 16 15 55819
12218 16 19 55820
12220 16 21 55821
12222 16 22 55822
12224 16 23 55823
12226 16 1 55824
12228 16 2 55825
12230 16 3 55826
12232 16 5 55827
12234 16 9 55828
12236 16 10 55829
12238 16 14 55830
12240 16 15 55831
12242 16 19 55832
12244 16 21 55833
12246 16 22 55834
12248 16 23 55835
12250 16 1 55836
12252 16 2 55837
12254 16 3 55838
12256 16 5 55839
12258 16 9 55840
12260 16 10 55841
12262 16 14 55842
12264 16 15 55843
12266 16 19 55844
12268 16 21 55845
12270 16 22 55846
12272 16 23 55847
12274 16 1 55848
12276 16 2 55849
12278 16 3 55850
12280 16 5 55851
12282 16 9 55852
12284 16 10 55853
12286 16 14 55854
12288 16 15 55855
12290 16 19 55856
12292 16 21 55857
12294 16 22 55858
12296 16 23 55859
12298 16 1 55860
12300 16 2 55861
12302 16 3 55862
12304 16 5 55863
12306 16 9 55864
12308 16 10 55865
12310 16 14 55866
12312 16 15 55867
12314 16 19 55868
12316 16 21 55869
12318 16 22 55870
12320 16 23 55871
12322 16 1 55872
12324 16 2 55873
12326 16 3 55874
12328 16 5 55875
12330 16 9 55876
12332 16 10 55877
12334 16 14 55878
12336 16 15 55879
12338 16 19 55880
12340 16 21 55881
12342 16 22 55882
12344 16 23 55883
12346 16 1 55884
12348 16 2 55885
12350 16 3 55886
12352 16 5 55887
12354 16 9 55888
12356 16 10 55889
12358 16 14 55890
12360 16 15 55891
12362 16 19 55892
12364 16 21 55893
12366 16 22 55894
12368 16 23 55895
12370 16 1 55896
12372 16 2 55897
12374 16 3 55898
12376 16 5 55899
12378 16 9 55900
12380 16 10 55901
12382 16 14 55902
12384 16 15 55903
12388 16 19 55904
12390 16 21 55905
12392 16 22 55906
12394 16 23 55907
12396 16 1 55908
12398 16 2 55909
12400 16 3 55910
12402 16 5 55911
12404 16 9 55912
12406 16 10 55913
12408 16 14 55914
12410 16 15 55915
12412 16 19 55916
12414 16 21 55917
12416 16 22 55918
12418 16 23 55919
12420 16 1 55920
12422 16 2 55921
12424 16 3 55922
12426 16 5 55923
12428 16 9 55924
12430 16 10 55925
12432 16 14 55926
12434 16 15 55927
12436 16 19 55928
12438 16 21 55929
12440 16 22 55930
12442 16 23 55931
12444 16 1 55932
12446 16 2 55933
12448 16 3 55934
12450 16 5 55935
12452 16 9 55936
12454 16 10 55937
12456 16 14 55938
12458 16 15 55939
12460 16 19 55940
12462 16 21 55941
12464 16 22 55942
12466 16 23 55943
12468 16 1 55944
12470 16 2 55945
12474 16 3 55946
12476 16 5 55947
12478 16 9 55948
12480 16 10 55949
12482 16 14 55950
12484 16 15 55951
12486 16 19 55952
12488 16 21 55953
12490 16 22 55954
12492 16 23 55955
12494 16 1 55956
12496 16 2 55957
12498 16 3 55958
12500 16 5 55959
12502 16 9 55960
12504 16 10 55961
12506 16 14 55962
12508 16 15 55963
12510 16 19 55964
12512 16 21 55965
12514 16 22 55966
12516 16 23 55967
12518 16 1 55968
12520 16 2 55969
12522 16 3 55970
12524 16 5 55971
12526 16 9 55972
12528 16 10 55973
12530 16 14 55974
12532 16 15 55975
12534 16 19 55976
12536 16 21 55977
12538 16 22 55978
12540 16 23 55979
12542 16 1 55980
12544 16 2 55981
12546 16 3 55982
12548 16 5 55983
12550 16 9 55984
12552 16 10 55985
12554 16 14 55986
12556 16 15 55987
12558 16 19 55988
12560 16 21 55989
12562 16 22 55990
12564 16 23 55991
12566 16 1 55992
12568 16 2 55993
12570 16 3 55994
12572 16 5 55995
12574 16 9 55996
12576 16 10 55997
12578 16 14 55998
12580 16 15 55999
12582 16 19 56000
12584 16 21 56001
12586 16 22 56002
12588 16 23 56003
12590 16 1 56004
12592 16 2 56005
12594 16 3 56006
12596 16 5 56007
12598 16 9 56008
12600 16 10 56009
12602 16 14 56010
12604 16 15 56011
12606 16 19 56012
12608 16 21 56013
12610 16 22 56014
12612 16 23 56015
12614 16 1 56016
12616 16 2 56017
12618 16 3 56018
12620 16 5 56019
12622 16 9 56020
12624 16 10 56021
12626 16 14 56022
12628 16 15 56023
12630 16 19 56024
12632 16 21 56025
12634 16 22 56026
12636 16 23 56027
12638 16 1 56028
12640 16 2 56029
12642 16 3 56030
12644 16 5 56031
12646 16 9 56032
12648 16 10 56033
12650 16 14 56034
12652 16 15 56035
12654 16 19 56036
12656 16 21 56037
12658 16 22 56038
12660 16 23 56039
12662 16 1 56040
12664 16 2 56041
12666 16 3 56042
12668 16 5 56043
12670 16 9 56044
12672 16 10 56045
12674 16 14 56046
12676 16 15 56047
12678 16 19 56048
12680 16 21 56049
12682 16 22 56050
12684 16 23 56051
12686 16 1 56052
12688 16 2 56053
12690 16 3 56054
12692 16 5 56055
12694 16 9 56056
12696 16 10 56057
12698 16 14 56058
12700 16 15 56059
12702 16 19 56060
12704 16 21 56061
12706 16 22 56062
12708 16 23 56063
12710 16 1 56064
12712 16 2 56065
12714 16 3 56066
12716 16 5 56067
12718 16 9 56068
12720 16 10 56069
12722 16 14 56070
12724 16 15 56071
12726 16 19 56072
12728 16 21 56073
12730 16 22 56074
12732 16 23 56075
12734 16 1 56076
12736 16 2 56077
12738 16 3 56078
12740 16 5 56079
12742 16 9 56080
12744 16 10 56081
12746 16 14 56082
12748 16 15 56083
12750 16 19 56084
12752 16 21 56085
12754 16 22 56086
12756 16 23 56087
12758 16 1 56088
12760 16 2 56089
12762 16 3 56090
12764 16 5 56091
12766 16 9 56092
12768 16 10 56093
12770 16 14 56094
12772 16 15 56095
12774 16 19 56096
12776 16 21 56097
12778 16 22 56098
12780 16 23 56099
12782 16 1 56100
12784 16 2 56101
12786 16 3 56102
12788 16 5 56103
12790 16 9 56104
12792 16 10 56105
12794 16 14 56106
12796 16 15 56107
12798 16 19 56108
12800 16 21 56109
12802 16 22 56110
12804 16 23 56111
12806 16 1 56112
12808 16 2 56113
12810 16 3 56114
12812 16 5 56115
12814 16 9 56116
12816 16 10 56117
12818 16 14 56118
12820 16 15 56119
12822 16 19 56120
12824 16 21 56121
12826 16 22 56122
12828 16 23 56123
12830 16 1 56124
12832 16 2 56125
12834 16 3 56126
12836 16 5 56127
12838 16 9 56128
12840 16 10 56129
12842 16 14 56130
12844 16 15 56131
12846 16 19 56132
12848 16 21 56133
12850 16 22 56134
12852 16 23 56135
12854 16 1 56136
12856 16 2 56137
12858 16 3 56138
12860 16 5 56139
12862 16 9 56140
12864 16 10 56141
12866 16 14 56142
12868 16 15 56143
12870 16 19 56144
12872 16 21 56145
12874 16 22 56146
12876 16 23 56147
12878 16 1 56148
12880 16 2 56149
12882 16 3 56150
12884 16 5 56151
12886 16 9 56152
12888 16 10 56153
12890 16 14 56154
12892 16 15 56155
12894 16 19 56156
12896 16 21 56157
12898 16 22 56158
12900 16 23 56159
12902 16 1 56160
12904 16 2 56161
12906 16 3 56162
12908 16 5 56163
12910 16 9 56164
12912 16 10 56165
12914 16 14 56166
12916 16 15 56167
12918 16 19 56168
12920 16 21 56169
12922 16 22 56170
12924 16 23 56171
12928 16 1 56172
12930 16 2 56173
12932 16 3 56174
12934 16 5 56175
12936 16 9 56176
12940 16 10 56177
12942 16 14 56178
12944 16 15 56179
12946 16 19 56180
12948 16 21 56181
12950 16 22 56182
12952 16 23 56183
12954 16 1 56184
12956 16 2 56185
12958 16 3 56186
12960 16 5 56187
12962 16 9 56188
12964 16 10 56189
12966 16 14 56190
12968 16 15 56191
12970 16 19 56192
12972 16 21 56193
12974 16 22 56194
12976 16 23 56195
12978 16 1 56196
12980 16 2 56197
12982 16 3 56198
12984 16 5 56199
12986 16 9 56200
12988 16 10 56201
12990 16 14 56202
12992 16 15 56203
12994 16 19 56204
12996 16 21 56205
12998 16 22 56206
13000 16 23 56207
13002 16 1 56208
13004 16 2 56209
13006 16 3 56210
13008 16 5 56211
13010 16 9 56212
13012 16 10 56213
13014 16 14 56214
13016 16 15 56215
13018 16 19 56216
13020 16 21 56217
13022 16 22 56218
13024 16 23 56219
13026 16 1 56220
13028 16 2 56221
13030 16 3 56222
13032 16 5 56223
13034 16 9 56224
13036 16 10 56225
13038 16 14 56226
13040 16 15 56227
13042 16 19 56228
13044 16 21 56229
13046 16 22 56230
13048 16 23 56231
13050 16 1 56232
13052 16 2 56233
13054 16 3 56234
13056 16 5 56235
13058 16 9 56236
13060 16 10 56237
13062 16 14 56238
13064 16 15 56239
13066 16 19 56240
13068 16 21 56241
13070 16 22 56242
13072 16 23 56243
13074 16 1 56244
13076 16 2 56245
13078 16 3 56246
13080 16 5 56247
13082 16 9 56248
13084 16 10 56249
13086 16 14 56250
13088 16 15 56251
13090 16 19 56252
13092 16 21 56253
13094 16 22 56254
13096 16 23 56255
13098 16 1 56256
13100 16 2 56257
13102 16 3 56258
13104 16 5 56259
13106 16 9 56260
13108 16 10 56261
13112 16 14 56262
13114 16 15 56263
13116 16 19 56264
13118 16 21 56265
13120 16 22 56266
13122 16 23 56267
13124 16 1 56268
13126 16 2 56269
13128 16 3 56270
13130 16 5 56271
13132 16 9 56272
13134 16 10 56273
13136 16 14 56274
13138 16 15 56275
13140 16 19 56276
13142 16 21 56277
13144 16 22 56278
13148 16 23 56279
13150 16 1 56280
13152 16 2 56281
13154 16 3 56282
13156 16 5 56283
13158 16 9 56284
13160 16 10 56285
13162 16 14 56286
13164 16 15 56287
13166 16 19 56288
13168 16 21 56289
13170 16 22 56290
13172 16 23 56291
13174 16 1 56292
13176 16 2 56293
13178 16 3 56294
13180 16 5 56295
13182 16 9 56296
13184 16 10 56297
13186 16 14 56298
13188 16 15 56299
13190 16 19 56300
13192 16 21 56301
13194 16 22 56302
13196 16 23 56303
13198 16 1 56304
13200 16 2 56305
13202 16 3 56306
13204 16 5 56307
13206 16 9 56308
13208 16 10 56309
13210 16 14 56310
13212 16 15 56311
13214 16 19 56312
13216 16 21 56313
13218 16 22 56314
13220 16 23 56315
13222 16 1 56316
13224 16 2 56317
13226 16 3 56318
13228 16 5 56319
13230 16 15 40231
13234 16 1 56320
13236 16 2 56321
13238 16 3 56322
13240 16 5 56323
13242 16 9 56324
13244 16 10 56325
13246 16 14 56326
13248 16 15 56327
13250 16 19 56328
13252 16 21 56329
13254 16 22 56330
13256 16 23 56331
13258 16 1 56332
13260 16 2 56333
13262 16 3 56334
13264 16 5 56335
13266 16 9 56336
13268 16 10 56337
13270 16 14 56338
13272 16 15 56339
13274 16 19 56340
13276 16 21 56341
13278 16 22 56342
13280 16 23 56343
13282 16 1 56344
13284 16 2 56345
13286 16 3 56346
13288 16 5 56347
13290 16 9 56348
13292 16 10 56349
13294 16 14 56350
13296 16 15 56351
13298 16 19 56352
13302 16 21 56353
13304 16 22 56354
13306 16 23 56355
13308 16 1 56356
13310 16 2 56357
13312 16 3 56358
13314 16 5 56359
13316 16 9 56360
13318 16 10 56361
13320 16 14 56362
13322 16 15 56363
13324 16 19 56364
13326 16 21 56365
13328 16 22 56366
13330 16 23 56367
13338 16 1 56368
13340 16 2 56369
13342 16 3 56370
13346 16 5 56371
13348 16 9 56372
13350 16 10 56373
13352 16 14 56374
13354 16 15 56375
13356 16 19 56376
13358 16 21 56377
13360 16 22 56378
13362 16 23 56379
13364 16 1 56380
13366 16 2 56381
13368 16 3 56382
13370 16 5 56383
13372 16 9 56384
13374 16 10 56385
13376 16 14 56386
13378 16 15 56387
13380 16 19 56388
13382 16 21 56389
13384 16 22 56390
13386 16 23 56391
13388 16 1 56392
13390 16 2 56393
13392 16 3 56394
13394 16 5 56395
13396 16 9 56396
13398 16 10 56397
13400 16 14 56398
13402 16 15 56399
13404 16 19 56400
13406 16 21 56401
13408 16 22 56402
13410 16 23 56403
13412 16 1 56404
13414 16 2 56405
13416 16 3 56406
13418 16 5 56407
13420 16 9 56408
13422 16 10 56409
13424 16 14 56410
13426 16 15 56411
13428 16 19 56412
13430 16 21 56413
13432 16 22 56414
13434 16 23 56415
13436 16 1 56416
13438 16 2 56417
13440 16 3 56418
13442 16 5 56419
13444 16 9 56420
13446 16 10 56421
13448 16 14 56422
13450 16 15 56423
13452 16 19 56424
13454 16 21 56425
13456 16 22 56426
13458 16 23 56427
13460 16 1 56428
13462 16 2 56429
13464 16 3 56430
13466 16 5 56431
13468 16 9 56432
13470 16 10 56433
13472 16 14 56434
13474 16 15 56435
13476 16 19 56436
13478 16 21 56437
13480 16 22 56438
13482 16 23 56439
13484 16 1 56440
13486 16 2 56441
13488 16 3 56442
13490 16 5 56443
13492 16 9 56444
13494 16 10 56445
13496 16 14 56446
13498 16 15 56447
13500 16 19 56448
13502 16 21 56449
13504 16 22 56450
13506 16 23 56451
13508 16 1 56452
13510 16 2 56453
13512 16 3 56454
13514 16 5 56455
13516 16 9 56456
13518 16 10 56457
13520 16 14 56458
13522 16 15 56459
13524 16 19 56460
13526 16 21 56461
13528 16 22 56462
13530 16 23 56463
13532 16 1 56464
13534 16 2 56465
13536 16 3 56466
13538 16 5 56467
13540 16 9 56468
13542 16 10 56469
13544 16 14 56470
13546 16 15 56471
13548 16 19 56472
13550 16 21 56473
13552 16 22 56474
13554 16 23 56475
13556 16 1 56476
13558 16 2 56477
13560 16 3 56478
13562 16 5 56479
13564 16 9 56480
13566 16 10 56481
13568 16 14 56482
13570 16 15 56483
13572 16 19 56484
13574 16 21 56485
13576 16 22 56486
13578 16 23 56487
13580 16 1 56488
13582 16 2 56489
13584 16 3 56490
13586 16 5 56491
13588 16 9 56492
13590 16 10 56493
13592 16 14 56494
13594 16 15 56495
13596 16 19 56496
13598 16 21 56497
13600 16 22 56498
13602 16 23 56499
13604 16 1 56500
13606 16 2 56501
13608 16 3 56502
13610 16 21 129
13612 16 15 751
13614 16 1 0
13616 16 5 39
13618 16 15 163
13620 16 1 204
13628 16 2 997
13644 16 15 55
13658 16 23 71
13680 16 5 147
13682 16 19 152
13688 16 22 862
13690 16 15 955
13732 16 23 899
13734 16 1 972
13746 16 14 762
13748 16 22 790
13800 16 22 58
13826 16 15 691
13830 16 23 191
13832 16 21 201
14068 16 9 748
14094 16 5 11279
14096 16 21 11765
14098 16 22 11766
14106 16 1 11768
14112 16 23 11767
14116 16 3 11770
14126 16 3 11830
14152 16 22 11838
14158 16 10 11833
14162 16 21 11849
14170 16 23 11851
14176 16 10 11857
14186 16 15 11859
14196 16 23 11863
14216 16 5 11483
14222 16 10 11869
14232 16 23 12283
14238 16 2 11853
14252 16 15 11871
14254 16 19 11872
14256 16 21 11873
14258 16 22 11874
14260 16 23 11875
14262 16 1 11876
14264 16 2 11877
14266 16 3 11878
14268 16 5 11879
14270 16 9 11880
14272 16 10 11881
14472 16 23 11887
14484 16 2 11889
14498 16 3 11890
14506 16 14 11930
14508 16 22 11958
14510 16 9 11976
14514 16 2 12045
14516 16 2 12057
14518 16 3 12058
14520 16 5 12059
14522 16 9 12060
14524 16 10 12061
14526 16 15 12063
14528 16 19 12064
14530 16 21 12065
14532 16 22 12066
14534 16 23 12067
14536 16 1 12068
14538 16 2 12069
14540 16 3 12070
14542 16 5 12071
14544 16 10 12073
14546 16 14 12074
14548 16 19 12076
14550 16 21 12077
14552 16 23 12079
14554 16 1 12080
14556 16 2 12081
14558 16 3 12082
14560 16 5 12083
14562 16 9 12084
14564 16 10 12085
14566 16 14 12086
14568 16 15 12087
14570 16 19 12088
14572 16 21 12089
14574 16 22 12090
14576 16 23 12091
14578 16 1 12092
14580 16 2 12093
14582 16 3 12094
14584 16 5 12095
14586 16 9 12096
14588 16 10 12097
14590 16 14 12098
14592 16 15 12099
14594 16 19 12100
14596 16 21 12101
14598 16 22 12102
14600 16 23 12103
14602 16 2 12105
14604 16 3 12106
14606 16 5 12107
14608 16 9 12108
14610 16 10 12109
14612 16 14 12110
14614 16 15 12111
14616 16 19 12112
14618 16 21 12113
14620 16 22 12114
14622 16 23 12115
14624 16 1 12116
14626 16 2 12117
14628 16 3 12118
14630 16 5 12119
14632 16 9 12120
14634 16 10 12121
14636 16 14 12122
14638 16 15 12123
14640 16 19 12124
14642 16 21 12125
14644 16 22 12126
14646 16 23 12127
14648 16 1 12128
14650 16 2 12129
14652 16 3 12130
14654 16 5 12131
14656 16 9 12132
14658 16 10 12133
14660 16 14 12134
14662 16 15 12135
14664 16 19 12136
14666 16 21 12137
14668 16 22 12138
14670 16 23 12139
14672 16 1 12140
14674 16 2 12141
14676 16 3 12142
14678 16 5 12143
14680 16 9 12144
14682 16 10 12145
14684 16 14 12146
14686 16 15 12147
14688 16 19 12148
14690 16 21 12149
14698 16 9 11988
14700 16 15 11991
14702 16 1 11996
14704 16 5 11999
14706 16 10 12001
14708 16 14 12002
14710 16 15 12003
14712 16 19 12004
14714 16 21 12005
14716 16 1 12008
14718 16 2 12009
14720 16 5 12011
14722 16 9 12012
14724 16 10 12013
14774 16 21 1153
14776 16 3 1518
14778 16 3 1662
14794 16 21 1273
14796 16 22 1958
14798 16 9 26432
14800 16 19 26280
14802 16 3 26430
14804 16 5 25903
14816 16 14 26326
14818 16 21 25813
14820 16 10 25917
14822 16 19 12692
14826 16 5 13155
14828 16 1 12672
14830 16 19 12932
14832 16 21 12933
14834 16 23 12935
14836 16 1 12936
14838 16 5 12939
14840 16 9 12940
14842 16 19 12944
14844 16 21 12945
14942 16 15 3079
14944 16 9 3184
14958 16 19 3200
14960 16 2 4021
14962 16 5 4011
14964 16 10 3269
14966 16 14 3678
14968 16 15 3811
14972 16 10 3677
14974 16 15 3751
15000 16 22 3250
15004 16 14 3282
15006 16 23 3335
15008 16 19 7704
15010 16 14 7762
15012 16 5 7555
15014 16 19 7740
15016 16 5 8035
15018 16 1 7636
15032 16 2 7637
15040 16 3 7638
15042 16 3 7830
15044 16 15 7835
15046 16 5 9963
15048 16 21 31197
15050 16 10 25505
15052 16 21 25365
15054 16 10 25481
15056 16 9 25048
15060 16 2 24865
15062 16 9 24868
15066 16 5 25119
15074 16 19 25388
15076 16 23 5563
15078 16 19 5188
15080 16 23 5251
15082 16 21 5405
15084 16 3 5446
15086 16 5 5471
15088 16 3 5686
15090 16 14 5738
15092 16 10 5797
15094 16 3 5806
15096 16 3 5830
15098 16 9 5340
15100 16 1 5444
15104 16 15 5487
15106 16 19 5392
15108 16 21 5261
15110 16 9 5304
15112 16 5 5363
15114 16 19 5428
15116 16 21 5561
15118 16 5 5459
15120 16 22 5538
15122 16 19 5572
15126 16 10 5605
15128 16 15 5715
15130 16 3 5638
15132 16 2 5769
15134 16 3 5746
15136 16 9 6108
15138 16 10 6073
15140 16 10 28845
15142 16 22 16282
15144 16 22 81014
15146 16 10 6389
15148 16 15 6619
15150 16 23 6275
15152 16 1 6516
15154 16 19 6632
15156 16 14 6642
15158 16 3 6338
15160 16 9 6652
15164 16 22 7114
15178 16 2 6193
15180 16 14 6594
15182 16 15 16679
15184 16 10 16821
15186 16 10 17109
15188 16 10 16713
15190 16 19 16848
15192 16 5 17119
15194 16 2 17369
15196 16 14 17182
15198 16 9 17276
15202 16 3 17106
15206 16 21 16645
15210 16 1 17296
15212 16 2 17297
15214 16 22 42354
15216 16 14 70890
15218 16 9 13700
15220 16 3 13638
15222 16 5 13639
15224 16 10 13605
15240 16 22 4466
15242 16 10 39733
15244 16 14 37698
15246 16 10 78453
15248 16 15 38687
15250 16 15 63687
15252 16 9 27060
15254 16 5 34819
15256 16 21 34849
15258 16 21 34873
15260 16 14 34906
15262 16 21 34861
15264 16 10 34869
15266 16 14 34870
15268 16 23 34899
15270 16 3 34902
15272 16 10 34905
15276 16 15 34907
15278 16 19 34908
15280 16 21 34909
15318 16 1 34852
15338 16 21 34921
15376 16 2 34853
15418 16 22 34874
15420 16 23 34875
15422 16 1 34876
15424 16 2 34877
15426 16 3 34878
15428 16 5 34879
15430 16 9 34880
15432 16 10 34881
15434 16 14 34882
15436 16 15 34883
15438 16 19 34884
15440 16 21 34885
15442 16 23 34887
15444 16 1 34888
15446 16 2 34889
15448 16 3 34890
15450 16 5 34891
15452 16 9 34892
15454 16 10 34893
15456 16 14 34894
15458 16 15 34895
15460 16 19 34896
15494 16 14 34930
15514 16 5 34843
15520 16 19 35004
15522 16 22 35006
15524 16 23 35007
15526 16 3 35010
15528 16 2 35009
15530 16 9 35012
15532 16 14 35014
15534 16 9 35072
15536 16 5 35059
15538 16 14 35074
15542 16 15 35075
15548 16 10 35073
15550 16 22 35042
15554 16 2 35045
15556 16 19 35076
15558 16 21 35077
15560 16 22 35078
15562 16 23 35079
15588 16 19 35100
15590 16 23 35103
15592 16 1 35104
15594 16 10 34833
15596 16 15 35099
15612 16 22 35102
15614 16 2 35105
15616 16 21 35137
15618 16 1 35128
15620 16 3 35130
15622 16 5 35143
15624 16 14 35146
15630 16 22 35150
15634 16 10 35145
15636 16 9 35144
15638 16 14 35158
15640 16 21 35161
15642 16 9 35240
15644 16 10 35241
15646 16 1 35248
15648 16 2 35249
15650 16 3 35250
15652 16 5 35251
15654 16 9 35252
15656 16 14 35254
15658 16 19 35256
15660 16 21 35257
15662 16 22 35258
15664 16 23 35259
15666 16 1 35260
15668 16 3 35262
15670 16 5 35263
15672 16 9 35264
15674 16 10 35265
15676 16 14 35266
15678 16 15 35267
15680 16 19 35268
15682 16 21 35269
15684 16 22 35270
15686 16 23 35271
15688 16 1 35272
15690 16 2 35273
15692 16 3 35274
15694 16 5 35275
15696 16 9 35276
15698 16 10 35277
15700 16 14 35278
15702 16 15 35279
15704 16 19 35280
15706 16 21 35281
15708 16 22 35282
15710 16 23 35283
15712 16 1 35284
15714 16 2 35285
15716 16 3 35286
15718 16 9 35288
15720 16 10 35289
15722 16 14 35290
15724 16 15 35291
15726 16 19 35292
15728 16 21 35293
15730 16 1 35296
15732 16 2 35297
15734 16 3 35298
15736 16 5 35299
15738 16 10 35301
15740 16 14 35302
15742 16 15 35303
15744 16 19 35304
15746 16 21 35305
15748 16 22 35306
15750 16 23 35307
15752 16 1 35308
15754 16 2 35309
15756 16 3 35310
15758 16 5 35311
15760 16 9 35312
15762 16 10 35313
15764 16 14 35314
15766 16 15 35315
15768 16 21 35317
15770 16 22 35318
15772 16 23 35319
15774 16 1 35320
15776 16 2 35321
15778 16 3 35322
15780 16 5 35323
15782 16 9 35324
15784 16 14 35326
15786 16 15 35327
15788 16 19 35328
15790 16 21 35329
15792 16 22 35330
15794 16 23 35331
15796 16 1 35332
15798 16 2 35333
15800 16 3 35334
15802 16 9 35336
15804 16 10 35337
15806 16 14 35338
15808 16 15 35339
15810 16 19 35340
15812 16 21 35341
15814 16 22 35342
15816 16 23 35343
15818 16 1 35344
15820 16 2 35345
15822 16 3 35346
15828 16 1 35164
16006 16 2 35165
16008 16 3 35166
16010 16 21 35173
16012 16 22 35174
16014 16 1 35176
16016 16 2 35177
16018 16 3 35178
16020 16 14 35182
16208 16 14 35194
16210 16 2 35201
16212 16 3 35202
16214 16 9 35216
16216 16 10 35217
16218 16 14 35218
16220 16 15 35219
16222 16 19 35220
16224 16 21 35221
16226 16 22 35222
16230 16 2 35225
16232 16 5 35227
16234 16 9 35228
16236 16 10 35229
16238 16 14 35230
16240 16 15 35231
16242 16 19 35232
16244 16 21 35233
16246 16 22 35234
16368 16 22 35246
16370 16 22 35366
16372 16 19 35412
16374 16 10 35361
16376 16 19 35388
16378 16 2 35429
16380 16 2 35633
16382 16 23 35667
16384 16 14 35614
16386 16 1 35620
16388 16 2 35621
16390 16 3 35622
16392 16 5 35623
16394 16 9 35624
16396 16 10 35625
16398 16 14 35626
16400 16 15 35627
16402 16 19 35628
16404 16 21 35629
16406 16 22 35630
16408 16 23 35631
16410 16 1 35632
16414 16 5 35635
16416 16 9 35636
16418 16 10 35637
16420 16 14 35638
16422 16 15 35639
16424 16 19 35640
16426 16 21 35641
16428 16 22 35642
16430 16 23 35643
16432 16 1 35644
16434 16 2 35645
16436 16 3 35646
16438 16 5 35647
16440 16 9 35648
16442 16 10 35649
16444 16 14 35650
16446 16 15 35651
16448 16 19 35652
16450 16 21 35653
16452 16 22 35654
16454 16 23 35655
16456 16 1 35656
16458 16 2 35657
16460 16 3 35658
16462 16 5 35659
16464 16 9 35660
16466 16 10 35661
16468 16 14 35662
16470 16 15 35663
16472 16 19 35664
16474 16 21 35665
16476 16 22 35666
16478 16 23 35679
16480 16 5 35683
16482 16 9 35684
16484 16 10 35685
16486 16 14 35686
16488 16 15 35687
16490 16 19 35688
16492 16 21 35689
16494 16 22 35690
16496 16 23 35691
16498 16 1 35692
16500 16 2 35693
16502 16 3 35694
16504 16 5 35695
16506 16 9 35696
16508 16 10 35697
16510 16 14 35698
16512 16 15 35699
16514 16 19 35700
16516 16 21 35701
16518 16 22 35702
16520 16 23 35703
16522 16 1 35704
16524 16 2 35705
16526 16 3 35706
16528 16 5 35707
16530 16 9 35708
16532 16 10 35709
16534 16 14 35710
16536 16 15 35711
16538 16 19 35712
16546 16 1 35716
16548 16 2 35717
16550 16 3 35718
16552 16 5 35719
16568 16 15 28363
16570 16 9 28420
16572 16 19 28424
16574 16 2 27769
16576 16 10 27785
16590 16 5 66055
16594 16 19 65916
16596 16 21 8297
16598 16 2 35913
16600 16 2 36429
16602 16 3 36430
16604 16 21 22645
16608 16 2 22589
16610 16 23 23391
16612 16 15 18279
16614 16 19 18100
16616 16 10 18373
16618 16 19 18376
16620 16 15 18303
16622 16 21 18377
16624 16 14 18302
16628 16 10 18205
16630 16 19 18208
16632 16 2 18213
16634 16 10 18229
16636 16 15 18231
16638 16 19 18232
16640 16 22 18234
16642 16 19 18244
16644 16 22 18246
16646 16 10 18253
16648 16 22 18258
16650 16 23 18379
16652 16 21 18993
16654 16 14 32734
16656 16 23 32499
16658 16 5 19975
16660 16 10 20001
16662 16 19 19968
16666 16 23 20331
16668 16 15 19595
16670 16 19 20304
16672 16 21 20305
16674 16 22 20306
16676 16 1 20308
16678 16 2 20309
16680 16 3 20310
16682 16 5 20311
16684 16 1 23912
16690 16 2 23757
16692 16 10 24205
16694 16 19 24232
16696 16 14 59542
16698 16 21 59617
16700 16 9 77020
16704 16 10 77009
16706 16 14 77010
16708 16 15 77011
16710 16 19 77012
16712 16 21 77013
16714 16 22 77014
16716 16 23 77015
16718 16 1 77016
16720 16 2 77017
16812 16 3 20986
16814 16 2 50261
16816 16 3 50262
16818 16 5 50263
16820 16 14 51010
16822 16 15 51011
16824 16 19 51012
16826 16 21 51013
16828 16 22 51014
16830 16 1 50272
16846 16 3 22526
16848 16 2 22525
16852 16 22 22042
16854 16 21 14957
16856 16 23 14971
16858 16 19 44268
16860 16 21 44113
16862 16 14 44794
16864 16 10 44337
16866 16 10 33433
16872 16 3 61994
16874 16 23 45583
16876 16 2 47117
16880 16 3 47118
16882 16 2 82857
16884 16 1 91136
16886 16 2 91137
16888 16 3 91138
16890 16 5 91139
16892 16 9 91140
16894 16 10 91141
16896 16 14 91142
16898 16 15 91143
16900 16 19 91144
16902 16 21 91145
16904 16 22 91146
16906 16 23 91147
16908 16 1 91148
16910 16 2 91149
16912 16 3 91150
16914 16 5 91151
16916 16 9 91152
16918 16 10 91153
16920 16 14 91154
16922 16 15 91155
16924 16 19 91156
16926 16 21 91157
16928 16 22 91158
16930 16 23 91159
16932 16 1 91160
16934 16 2 91161
16936 16 3 91162
16938 16 5 91163
16940 16 9 91164
16942 16 10 91165
16944 16 14 91166
16946 16 15 91167
16948 16 19 91168
16950 16 21 91169
16952 16 22 91170
16954 16 23 91171
16956 16 1 91172
16958 16 2 91173
16960 16 3 91174
16962 16 5 91175
16964 16 9 91176
16966 16 10 91177
16968 16 14 91178
16970 16 15 91179
16972 16 19 91180
16974 16 21 91181
16976 16 22 91182
16978 16 23 91183
16980 16 1 91184
16982 16 2 91185
16984 16 3 91186
16986 16 5 91187
16988 16 9 91188
16990 16 10 91189
16992 16 14 91190
16994 16 15 91191
16996 16 19 91192
16998 16 21 91193
17000 16 22 91194
17002 16 23 91195
17004 16 1 91196
17006 16 2 91197
17008 16 3 91198
17010 16 5 91199
17012 16 9 91200
17014 16 10 91201
17016 16 14 91202
17018 16 15 91203
17020 16 19 91204
17022 16 21 91205
17024 16 22 91206
17026 16 23 91207
17028 16 1 91208
17030 16 2 91209
17032 16 3 91210
17034 16 5 91211
17036 16 9 91212
17038 16 10 91213
17040 16 14 91214
17042 16 15 91215
17044 16 19 91216
17046 16 21 91217
17048 16 22 91218
17050 16 23 91219
17052 16 1 91220
17054 16 2 91221
17056 16 3 91222
17058 16 5 91223
17060 16 9 91224
17062 16 10 91225
17064 16 14 91226
17066 16 15 91227
17068 16 19 91228
17070 16 21 91229
17072 16 22 91230
17074 16 23 91231
17076 16 1 91232
17078 16 2 91233
17080 16 3 91234
17082 16 5 91235
17084 16 9 91236
17086 16 10 91237
17088 16 14 91238
17090 16 15 91239
17092 16 19 91240
17094 16 21 91241
17096 16 22 91242
17098 16 23 91243
17100 16 1 91244
17102 16 2 91245
17104 16 3 91246
17106 16 5 91247
17108 16 9 91248
17110 16 10 91249
17112 16 14 91250
17114 16 15 91251
17116 16 19 91252
17118 16 21 91253
17120 16 22 91254
17122 16 23 91255
17124 16 1 91256
17126 16 2 91257
17128 16 3 91258
17130 16 5 91259
17132 16 9 91260
17134 16 10 91261
17136 16 14 91262
17138 16 15 91263
17140 16 19 91264
17142 16 21 91265
17144 16 22 91266
17146 16 23 91267
17148 16 1 91268
17150 16 2 91269
17152 16 3 91270
17154 16 5 91271
17156 16 9 91272
17158 16 10 91273
17160 16 14 91274
17162 16 15 91275
17164 16 19 91276
17166 16 21 91277
17168 16 22 91278
17170 16 23 91279
17172 16 1 91280
17174 16 2 91281
17176 16 3 91282
17178 16 5 91283
17180 16 9 91284
17182 16 10 91285
17184 16 14 91286
17186 16 15 91287
17188 16 19 91288
17190 16 21 91289
17192 16 22 91290
17194 16 23 91291
17196 16 1 91292
17198 16 2 91293
17200 16 3 91294
17202 16 5 91295
17204 16 9 91296
17206 16 10 91297
17208 16 14 91298
17210 16 15 91299
17212 16 19 91300
17214 16 21 91301
17216 16 22 91302
17218 16 23 91303
17220 16 1 91304
17222 16 2 91305
17224 16 3 91306
17226 16 5 91307
17228 16 9 91308
17230 16 10 91309
17232 16 14 91310
17234 16 15 91311
17236 16 19 91312
17238 16 21 91313
17240 16 22 91314
17242 16 23 91315
17296 16 1 91316
17298 16 2 91317
17300 16 3 91318
17302 16 5 91319
17304 16 9 91320
17306 16 10 91321
17308 16 14 91322
17310 16 15 91323
17312 16 19 91324
17314 16 21 91325
17316 16 22 91326
17318 16 23 91327
17320 16 1 91328
17322 16 2 91329
17324 16 3 91330
17328 16 5 91331
17330 16 9 91332
17332 16 10 91333
17334 16 14 91334
17336 16 15 91335
17338 16 19 91336
17340 16 21 91337
17342 16 22 91338
17344 16 23 91339
17346 16 1 91340
17348 16 2 91341
17350 16 3 91342
17352 16 5 91343
17356 16 9 91344
17358 16 10 91345
17360 16 14 91346
17362 16 15 91347
17364 16 19 91348
17366 16 21 91349
17368 16 22 91350
17370 16 23 91351
17372 16 1 91352
17374 16 2 91353
17380 16 3 91354
17382 16 5 91355
17384 16 9 91356
17386 16 10 91357
17388 16 14 91358
17390 16 15 91359
17392 16 19 91360
17394 16 21 91361
17396 16 22 91362
17398 16 23 91363
17400 16 1 91364
17402 16 2 91365
17404 16 3 91366
17406 16 5 91367
17408 16 9 91368
17410 16 10 91369
17412 16 14 91370
17414 16 15 91371
17416 16 19 91372
17418 16 21 91373
17420 16 22 91374
17422 16 23 91375
17424 16 1 91376
17426 16 2 91377
17428 16 3 91378
17430 16 5 91379
17432 16 9 91380
17434 16 10 91381
17436 16 14 91382
17438 16 15 91383
17440 16 19 91384
17442 16 21 91385
17444 16 22 91386
17446 16 23 91387
17448 16 1 91388
17450 16 2 91389
17452 16 3 91390
17454 16 5 91391
17456 16 9 91392
17458 16 10 91393
17460 16 14 91394
17462 16 15 91395
17464 16 19 91396
17466 16 21 91397
17468 16 22 91398
17470 16 23 91399
17472 16 1 91400
17474 16 2 91401
17476 16 3 91402
17478 16 5 91403
17480 16 9 91404
17482 16 10 91405
17484 16 14 91406
17486 16 15 91407
17488 16 19 91408
17490 16 21 91409
17492 16 22 91410
17494 16 23 91411
17496 16 1 91412
17498 16 2 91413
17500 16 3 91414
17502 16 5 91415
17504 16 9 91416
17506 16 10 91417
17508 16 14 91418
17510 16 15 91419
17512 16 19 91420
17514 16 21 91421
17516 16 22 91422
17518 16 23 91423
17520 16 1 91424
17522 16 2 91425
17524 16 3 91426
17526 16 5 91427
17528 16 9 91428
17530 16 10 91429
17532 16 14 91430
17534 16 15 91431
17536 16 19 91432
17538 16 21 91433
17540 16 22 91434
17542 16 23 91435
17544 16 1 91436
17546 16 2 91437
17548 16 3 91438
17550 16 5 91439
17552 16 9 91440
17554 16 10 91441
17556 16 14 91442
17558 16 15 91443
17560 16 19 91444
17562 16 21 91445
17564 16 22 91446
17566 16 23 91447
17568 16 1 91448
17570 16 2 91449
17572 16 3 91450
17574 16 5 91451
17576 16 9 91452
17578 16 10 91453
17580 16 14 91454
17582 16 15 91455
17584 16 19 91456
17586 16 21 91457
17588 16 22 91458
17590 16 23 91459
17592 16 1 91460
17594 16 2 91461
17596 16 3 91462
17598 16 5 91463
17600 16 9 91464
17602 16 10 91465
17604 16 14 91466
17606 16 15 91467
17608 16 19 91468
17610 16 21 91469
17612 16 22 91470
17614 16 23 91471
17616 16 1 91472
17618 16 2 91473
17620 16 3 91474
17622 16 5 91475
17624 16 9 91476
17626 16 10 91477
17628 16 14 91478
17630 16 15 91479
17632 16 19 91480
17634 16 21 91481
17636 16 22 91482
17638 16 23 91483
17640 16 1 91484
17642 16 2 91485
17644 16 3 91486
17646 16 5 91487
17648 16 9 91488
17650 16 10 91489
17652 16 14 91490
17654 16 15 91491
17656 16 19 91492
17658 16 21 91493
17660 16 22 91494
17662 16 23 91495
17664 16 1 91496
17666 16 2 91497
17668 16 3 91498
17670 16 5 91499
17672 16 9 91500
17674 16 10 91501
17678 16 14 91502
17680 16 15 91503
17682 16 19 91504
17684 16 21 91505
17686 16 22 91506
17688 16 23 91507
17690 16 1 91508
17692 16 2 91509
17694 16 3 91510
17696 16 5 91511
17698 16 9 91512
17700 16 10 91513
17702 16 14 91514
17704 16 15 91515
17706 16 19 91516
17708 16 21 91517
17710 16 22 91518
17712 16 23 91519
17714 16 1 91520
17716 16 2 91521
17718 16 3 91522
17720 16 5 91523
17722 16 9 91524
17724 16 10 91525
17726 16 14 91526
17728 16 15 91527
17730 16 19 91528
17732 16 21 91529
17734 16 22 91530
17736 16 23 91531
17738 16 1 91532
17740 16 2 91533
17742 16 3 91534
17744 16 5 91535
17746 16 9 91536
17748 16 10 91537
17750 16 14 91538
17752 16 15 91539
17754 16 19 91540
17756 16 21 91541
17758 16 22 91542
17760 16 23 91543
17762 16 1 91544
17764 16 2 91545
17766 16 3 91546
17768 16 5 91547
17770 16 9 91548
17772 16 10 91549
17774 16 14 91550
17776 16 15 91551
17778 16 19 91552
17780 16 21 91553
17782 16 22 91554
17784 16 23 91555
17786 16 1 91556
17788 16 2 91557
17790 16 3 91558
17792 16 5 91559
17794 16 9 91560
17796 16 5 51611
17798 16 2 52149
17800 16 14 54434
17802 16 1 59256
17804 16 15 59275
17806 16 15 48255
17810 16 15 90875
17812 16 19 90876
17814 16 21 90877
17816 16 22 90878
17818 16 23 90879
17820 16 1 90880
17822 16 2 90881
17824 16 3 90882
17826 16 5 90883
17828 16 9 90884
17830 16 10 90885
17832 16 14 90886
17834 16 15 90887
17836 16 19 90888
17838 16 21 90889
17840 16 22 90890
17842 16 23 90891
17844 16 1 90892
17846 16 2 90893
17848 16 3 90894
17850 16 5 90895
17852 16 9 90896
17854 16 10 90897
17856 16 14 90898
17858 16 15 90899
17860 16 19 90900
17862 16 21 90901
17864 16 22 90902
17866 16 23 90903
17868 16 1 90904
17870 16 2 90905
17872 16 3 90906
17874 16 5 90907
17876 16 9 90908
17878 16 10 90909
17880 16 14 90910
17882 16 15 90911
17884 16 19 90912
17886 16 21 90913
17888 16 22 90914
17890 16 23 90915
17892 16 1 90916
17894 16 2 90917
17896 16 3 90918
17898 16 5 90919
17900 16 9 90920
17902 16 10 90921
17904 16 14 90922
17906 16 15 90923
17908 16 19 90924
17910 16 21 90925
17912 16 22 90926
17914 16 23 90927
17916 16 1 90928
17918 16 2 90929
17920 16 3 90930
17922 16 5 90931
17924 16 9 90932
17926 16 10 90933
17928 16 14 90934
17930 16 15 90935
17932 16 19 90936
17934 16 21 90937
17936 16 22 90938
17938 16 23 90939
17940 16 1 90940
17944 16 2 90941
17946 16 3 90942
17948 16 5 90943
17950 16 9 90944
17952 16 10 90945
17954 16 14 90946
17956 16 15 90947
17958 16 19 90948
17960 16 21 90949
17962 16 22 90950
17964 16 23 90951
17966 16 1 90952
17968 16 2 90953
17970 16 3 90954
17972 16 5 90955
17974 16 9 90956
17976 16 10 90957
17978 16 14 90958
17980 16 15 90959
17982 16 19 90960
17984 16 21 90961
17986 16 22 90962
17988 16 23 90963
17990 16 1 90964
17992 16 2 90965
17994 16 3 90966
17996 16 5 90967
17998 16 9 90968
18000 16 10 90969
18002 16 14 90970
18004 16 15 90971
18006 16 19 90972
18008 16 21 90973
18010 16 22 90974
18012 16 23 90975
18014 16 1 90976
18016 16 2 90977
18018 16 3 90978
18020 16 5 90979
18022 16 9 90980
18024 16 10 90981
18026 16 14 90982
18028 16 15 90983
18030 16 19 90984
18032 16 21 90985
18034 16 22 90986
18036 16 23 90987
18038 16 1 90988
18040 16 2 90989
18042 16 3 90990
18044 16 5 90991
18046 16 9 90992
18048 16 10 90993
18050 16 14 90994
18052 16 15 90995
18054 16 19 90996
18056 16 21 90997
18058 16 22 90998
18060 16 23 90999
18062 16 1 91000
18064 16 2 91001
18066 16 3 91002
18068 16 5 91003
18070 16 9 91004
18072 16 10 91005
18074 16 14 91006
18076 16 15 91007
18078 16 19 91008
18080 16 21 91009
18082 16 22 91010
18084 16 23 91011
18086 16 1 91012
18088 16 2 91013
18090 16 3 91014
18092 16 5 91015
18094 16 9 91016
18096 16 10 91017
18098 16 14 91018
18100 16 15 91019
18102 16 19 91020
18104 16 21 91021
18106 16 22 91022
18108 16 23 91023
18110 16 1 91024
18112 16 2 91025
18118 16 3 91026
18128 16 5 91027
18130 16 9 91028
18132 16 10 91029
18134 16 14 91030
18136 16 15 91031
18142 16 19 91032
18144 16 21 91033
18146 16 22 91034
18148 16 23 91035
18150 16 1 91036
18176 16 2 91037
18178 16 3 91038
18180 16 5 91039
18182 16 9 91040
18184 16 10 91041
18186 16 14 91042
18188 16 15 91043
18190 16 19 91044
18192 16 21 91045
18194 16 22 91046
18196 16 23 91047
18198 16 1 91048
18202 16 2 91049
18204 16 3 91050
18208 16 5 91051
18214 16 9 91052
18216 16 10 91053
18218 16 14 91054
18220 16 15 91055
18222 16 19 91056
18224 16 21 91057
18226 16 22 91058
18228 16 23 91059
18230 16 1 91060
18232 16 2 91061
18234 16 3 91062
18236 16 5 91063
18238 16 9 91064
18240 16 10 91065
18242 16 14 91066
18244 16 15 91067
18246 16 19 91068
18248 16 21 91069
18250 16 22 91070
18252 16 23 91071
18254 16 1 91072
18256 16 2 91073
18258 16 3 91074
18260 16 5 91075
18262 16 9 91076
18264 16 10 91077
18268 16 14 91078
18270 16 15 91079
18272 16 19 91080
18274 16 21 91081
18276 16 22 91082
18278 16 23 91083
18280 16 1 91084
18282 16 2 91085
18284 16 3 91086
18286 16 5 91087
18288 16 9 91088
18290 16 10 91089
18292 16 14 91090
18294 16 15 91091
18296 16 19 91092
18298 16 21 91093
18300 16 22 91094
18302 16 23 91095
18304 16 1 91096
18306 16 2 91097
18308 16 3 91098
18310 16 5 91099
18312 16 9 91100
18314 16 10 91101
18316 16 14 91102
18318 16 15 91103
18320 16 19 91104
18322 16 21 91105
18324 16 22 91106
18326 16 23 91107
18328 16 1 91108
18330 16 2 91109
18332 16 3 91110
18334 16 5 91111
18336 16 9 91112
18338 16 10 91113
18340 16 14 91114
18342 16 15 91115
18344 16 19 91116
18346 16 21 91117
18348 16 22 91118
18350 16 23 91119
18352 16 1 91120
18354 16 2 91121
18356 16 3 91122
18358 16 5 91123
18360 16 9 91124
18362 16 10 91125
18364 16 14 91126
18366 16 15 91127
18368 16 19 91128
18370 16 21 91129
18372 16 22 91130
18374 16 23 91131
18376 16 1 91132
18378 16 2 91133
18380 16 3 91134
18382 16 5 91135
18384 16 2 55933
18386 16 9 55612
18388 16 10 55613
18390 16 14 55614
18392 16 15 55615
18394 16 19 55616
18396 16 21 55617
18398 16 1 40800
18400 16 22 56498
18402 16 2 56501
18404 16 21 56497
18412 16 23 56499
18416 16 15 56471
18424 16 9 56480
18426 16 14 56482
18428 16 3 56502
18434 16 1 56476
18436 16 5 56635
18438 16 1 0
18444 16 2 997
18446 16 2 649
18448 16 23 899
18458 16 2 205
18462 16 22 862
18482 16 10 11869
18484 16 21 1273
18486 16 3 1518
18488 16 21 1945
18504 16 1 26200
18506 16 5 26215
18508 16 10 26217
18510 16 9 26024
18512 16 10 26025
18514 16 19 12692
18516 16 23 12695
18518 16 22 12838
18522 16 2 3697
18524 16 23 3827
18526 16 23 7611
18528 16 2 7745
18532 16 15 7835
18534 16 3 31610
18538 16 2 25477
18540 16 1 25524
18542 16 19 24884
18544 16 21 24885
18548 16 9 25288
18552 16 3 25262
18554 16 1 5600
18556 16 23 5155
18558 16 5 5411
18560 16 2 5529
18562 16 9 5604
18564 16 14 5618
18574 16 15 5619
18580 16 21 5621
18582 16 9 6012
18584 16 21 6077
18586 16 23 5635
18588 16 14 5654
18590 16 10 29037
18592 16 10 17085
18594 16 22 16898
18596 16 19 16848
18598 16 5 16663
18606 16 21 46557
18608 16 14 46830
18610 16 21 4261
18612 16 9 39804
18614 16 10 39805
18616 16 22 37834
18618 16 22 99758
18620 16 22 2742
18622 16 2 2877
18624 16 22 63522
18626 16 5 35143
18628 16 14 27786
18630 16 15 27787
18632 16 19 27788
18634 16 21 27789
18636 16 22 27790
18638 16 23 27791
18640 16 1 27792
18642 16 2 27793
18644 16 9 10652
18646 16 1 10684
18648 16 21 95841
18650 16 21 75337
18652 16 2 23297
18654 16 15 17943
18656 16 10 17569
18658 16 10 19097
18674 16 21 19101
18680 16 2 19117
18682 16 3 19118
18684 16 5 19119
18686 16 9 19120
18688 16 10 19121
18690 16 14 19122
18692 16 21 19125
18694 16 22 19126
18696 16 23 19127
18698 16 3 19142
18702 16 21 19161
18716 16 14 19194
18722 16 2 19201
18724 16 3 19202
18726 16 5 19203
18746 16 3 19214
18748 16 14 19206
18750 16 5 19263
18758 16 10 19277
18762 16 9 18772
18764 16 1 19284
18766 16 22 19018
18768 16 2 18757
18770 16 1 19176
18772 16 2 19345
18782 16 9 19360
18786 16 19 19388
18788 16 15 32459
18790 16 22 32474
18792 16 15 32087
18794 16 21 32101
18796 16 5 32347
18798 16 3 20322
18800 16 14 20206
18804 16 10 23713
18806 16 5 23771
18808 16 14 24290
18810 16 15 59771
18812 16 14 41074
18814 16 19 21352
18816 16 10 50661
18818 16 9 50624
18820 16 22 21658
18822 16 2 22501
18824 16 22 43330
18826 16 3 43550
18828 16 21 76181
18830 16 21 14957
18836 16 19 14368
18838 16 21 14369
18840 16 10 44061
18842 16 3 44994
18844 16 22 45014
18848 16 14 44110
18850 16 23 102879
18852 16 5 104967
18854 16 9 104968
18856 16 10 104969
18858 16 14 104970
18862 16 15 104971
18864 16 19 104972
18866 16 21 104973
18868 16 22 104974
18870 16 23 104975
18872 16 1 104976
18874 16 2 104977
18876 16 3 104978
18878 16 5 104979
18880 16 9 104980
18882 16 10 104981
18884 16 14 104982
18886 16 15 104983
18888 16 19 104984
18890 16 21 104985
18892 16 22 104986
18894 16 23 104987
18896 16 1 104988
18898 16 2 104989
18900 16 3 104990
18902 16 5 104991
18904 16 9 104992
18906 16 10 104993
18908 16 14 104994
18910 16 15 104995
18912 16 19 104996
18914 16 21 104997
18916 16 22 104998
18920 16 23 104999
18922 16 1 105000
18924 16 2 105001
18926 16 3 105002
18928 16 5 105003
18930 16 9 105004
18932 16 10 105005
18934 16 14 105006
18936 16 15 105007
18938 16 19 105008
18940 16 21 105009
18942 16 22 105010
18944 16 23 105011
18946 16 1 105012
18948 16 2 105013
18950 16 3 105014
18952 16 5 105015
18954 16 9 105016
18956 16 10 105017
18958 16 14 105018
18960 16 15 105019
18962 16 19 105020
18964 16 21 105021
18966 16 22 105022
18968 16 23 105023
18970 16 1 105024
18972 16 2 105025
18974 16 3 105026
18976 16 5 105027
18978 16 9 105028
18980 16 10 105029
18982 16 14 105030
18984 16 15 105031
18986 16 19 105032
18988 16 21 105033
18990 16 22 105034
18992 16 23 105035
18994 16 1 105036
18996 16 2 105037
18998 16 3 105038
19000 16 5 105039
19002 16 9 105040
19004 16 10 105041
19006 16 14 105042
19008 16 15 105043
19010 16 19 105044
19012 16 21 105045
19014 16 22 105046
19016 16 23 105047
19018 16 1 105048
19020 16 2 105049
19022 16 3 105050
19024 16 5 105051
19026 16 9 105052
19028 16 10 105053
19030 16 14 105054
19032 16 15 105055
19034 16 19 105056
19036 16 21 105057
19038 16 22 105058
19040 16 23 105059
19042 16 1 105060
19044 16 2 105061
19046 16 3 105062
19048 16 5 105063
19050 16 9 105064
19052 16 10 105065
19054 16 14 105066
19056 16 15 105067
19058 16 19 105068
19060 16 21 105069
19062 16 22 105070
19064 16 23 105071
19066 16 1 105072
19068 16 2 105073
19070 16 3 105074
19072 16 5 105075
19074 16 9 105076
19076 16 10 105077
19078 16 14 105078
19080 16 15 105079
19082 16 19 105080
19084 16 21 105081
19086 16 22 105082
19088 16 23 105083
19090 16 1 105084
19092 16 2 105085
19094 16 3 105086
19096 16 5 105087
19098 16 9 105088
19100 16 10 105089
19102 16 14 105090
19104 16 15 105091
19106 16 19 105092
19108 16 21 105093
19110 16 22 105094
19112 16 23 105095
19114 16 1 105096
19116 16 2 105097
19118 16 3 105098
19120 16 5 105099
19122 16 9 105100
19124 16 10 105101
19126 16 14 105102
19128 16 15 105103
19130 16 19 105104
19132 16 21 105105
19134 16 22 105106
19136 16 23 105107
19138 16 1 105108
19140 16 2 105109
19142 16 3 105110
19144 16 5 105111
19146 16 9 105112
19148 16 10 105113
19150 16 14 105114
19152 16 15 105115
19154 16 19 105116
19156 16 21 105117
19158 16 22 105118
19160 16 23 105119
19162 16 1 105120
19164 16 2 105121
19166 16 3 105122
19168 16 5 105123
19170 16 9 105124
19172 16 10 105125
19174 16 14 105126
19176 16 15 105127
19180 16 19 105128
19182 16 21 105129
19184 16 22 105130
19186 16 23 105131
19188 16 1 105132
19190 16 2 105133
19192 16 3 105134
19194 16 5 105135
19196 16 9 105136
19198 16 10 105137
19200 16 14 105138
19202 16 15 105139
19204 16 19 105140
19206 16 21 105141
19208 16 22 105142
19210 16 23 105143
19212 16 1 105144
19214 16 2 105145
19216 16 3 105146
19218 16 5 105147
19220 16 9 105148
19222 16 10 105149
19224 16 14 105150
19226 16 15 105151
19228 16 19 105152
19230 16 21 105153
19232 16 22 105154
19234 16 23 105155
19236 16 1 105156
19238 16 2 105157
19240 16 3 105158
19242 16 5 105159
19244 16 9 105160
19246 16 10 105161
19248 16 14 105162
19250 16 15 105163
19252 16 19 105164
19254 16 21 105165
19256 16 22 105166
19258 16 23 105167
19260 16 1 105168
19262 16 2 105169
19264 16 3 105170
19266 16 5 105171
19268 16 9 105172
19270 16 10 105173
19272 16 14 105174
19274 16 15 105175
19276 16 19 105176
19278 16 21 105177
19280 16 22 105178
19282 16 23 105179
19284 16 1 105180
19286 16 2 105181
19288 16 3 105182
19290 16 5 105183
19292 16 9 105184
19294 16 10 105185
19296 16 14 105186
19298 16 15 105187
19300 16 19 105188
19302 16 21 105189
19304 16 22 105190
19306 16 23 105191
19308 16 1 105192
19310 16 2 105193
19312 16 3 105194
19314 16 5 105195
19316 16 9 105196
19318 16 10 105197
19320 16 14 105198
19322 16 15 105199
19324 16 19 105200
19326 16 21 105201
19328 16 22 105202
19330 16 23 105203
19332 16 1 105204
19334 16 2 105205
19336 16 3 105206
19338 16 5 105207
19340 16 9 105208
19342 16 10 105209
19344 16 14 105210
19346 16 15 105211
19348 16 19 105212
19350 16 21 105213
19352 16 22 105214
19354 16 23 105215
19356 16 1 105216
19358 16 2 105217
19360 16 3 105218
19362 16 5 105219
19364 16 9 105220
19366 16 10 105221
19368 16 14 105222
19370 16 15 105223
19372 16 19 105224
19374 16 21 105225
19376 16 22 105226
19378 16 23 105227
19380 16 1 105228
19382 16 2 105229
19384 16 3 105230
19386 16 5 105231
19388 16 9 105232
19390 16 10 105233
19392 16 14 105234
19394 16 15 105235
19396 16 19 105236
19398 16 21 105237
19400 16 22 105238
19402 16 23 105239
19404 16 1 105240
19406 16 2 105241
19412 16 3 105242
19414 16 5 105243
19416 16 9 105244
19418 16 10 105245
19420 16 14 105246
19422 16 15 105247
19424 16 19 105248
19426 16 21 105249
19428 16 22 105250
19430 16 23 105251
19432 16 1 105252
19434 16 2 105253
19436 16 3 105254
19438 16 5 105255
19440 16 9 105256
19442 16 10 105257
19444 16 14 105258
19446 16 15 105259
19448 16 19 105260
19450 16 21 105261
19452 16 22 105262
19454 16 23 105263
19456 16 1 105264
19458 16 2 105265
19460 16 3 105266
19462 16 5 105267
19464 16 9 105268
19476 16 10 105269
19478 16 14 105270
19480 16 15 105271
19482 16 19 105272
19484 16 21 105273
19486 16 22 105274
19488 16 23 105275
19490 16 1 105276
19492 16 2 105277
19500 16 3 105278
19502 16 5 105279
19504 16 9 105280
19506 16 10 105281
19508 16 14 105282
19510 16 15 105283
19512 16 19 105284
19514 16 21 105285
19516 16 22 105286
19518 16 23 105287
19520 16 1 105288
19522 16 2 105289
19524 16 3 105290
19526 16 5 105291
19528 16 9 105292
19540 16 10 105293
19542 16 14 105294
19544 16 15 105295
19546 16 19 105296
19548 16 21 105297
19550 16 22 105298
19552 16 23 105299
19554 16 1 105300
19556 16 2 105301
19558 16 3 105302
19560 16 5 105303
19562 16 9 105304
19564 16 10 105305
19566 16 14 105306
19570 16 15 105307
19572 16 19 105308
19574 16 21 105309
19576 16 22 105310
19578 16 23 105311
19580 16 1 105312
19582 16 2 105313
19592 16 3 105314
19604 16 5 105315
19606 16 9 105316
19608 16 10 105317
19610 16 14 105318
19628 16 15 105319
19630 16 19 105320
19634 16 21 105321
19636 16 22 105322
19638 16 23 105323
19640 16 1 105324
19642 16 2 105325
19644 16 3 105326
19646 16 5 105327
19648 16 9 105328
19650 16 10 105329
19652 16 14 105330
19654 16 15 105331
19656 16 19 105332
19658 16 21 105333
19660 16 22 105334
19662 16 23 105335
19664 16 1 105336
19666 16 2 105337
19668 16 3 105338
19670 16 5 105339
19672 16 9 105340
19674 16 10 105341
19676 16 14 105342
19678 16 15 105343
19680 16 19 105344
19682 16 21 105345
19684 16 22 105346
19686 16 23 105347
19688 16 1 105348
19690 16 2 105349
19692 16 3 105350
19694 16 5 105351
19696 16 9 105352
19698 16 10 105353
19700 16 14 105354
19702 16 15 105355
19704 16 19 105356
19706 16 21 105357
19708 16 22 105358
19710 16 23 105359
19712 16 1 105360
19714 16 2 105361
19716 16 3 105362
19718 16 5 105363
19720 16 9 105364
19722 16 10 105365
19724 16 14 105366
19726 16 15 105367
19728 16 19 105368
19730 16 21 105369
19732 16 22 105370
19734 16 23 105371
19736 16 1 105372
19738 16 2 105373
19740 16 3 105374
19742 16 5 105375
19744 16 9 105376
19746 16 10 105377
19748 16 14 105378
19750 16 15 105379
19752 16 19 105380
19754 16 21 105381
19756 16 22 105382
19758 16 23 105383
19760 16 1 105384
19762 16 2 105385
19764 16 3 105386
19766 16 5 105387
19768 16 9 105388
19770 16 10 105389
19772 16 14 105390
19774 16 15 105391
19776 16 19 105392
19778 16 21 105393
19780 16 22 105394
19782 16 23 105395
19784 16 1 105396
19786 16 2 105397
19788 16 3 105398
19790 16 5 105399
19792 16 9 105400
19794 16 10 105401
19796 16 14 105402
19798 16 15 105403
19800 16 19 105404
19802 16 21 105405
19804 16 22 105406
19806 16 23 105407
19808 16 1 105408
19810 16 2 105409
19812 16 3 105410
19814 16 5 105411
19816 16 9 105412
19818 16 10 105413
19824 16 14 105414
19826 16 15 105415
19828 16 19 105416
19830 16 21 105417
19832 16 22 105418
19834 16 23 105419
19836 16 1 105420
19838 16 2 105421
19840 16 3 105422
19842 16 5 105423
19844 16 9 105424
19846 16 10 105425
19848 16 14 105426
19850 16 15 105427
19852 16 19 105428
19854 16 21 105429
19856 16 22 105430
19858 16 23 105431
19860 16 1 105432
19862 16 2 105433
19864 16 3 105434
19866 16 5 105435
19868 16 9 105436
19870 16 10 105437
19872 16 14 105438
19874 16 15 105439
19876 16 19 105440
19878 16 21 105441
19880 16 22 105442
19882 16 23 105443
19884 16 1 105444
19886 16 2 105445
19888 16 3 105446
19890 16 5 105447
19892 16 9 105448
19894 16 10 105449
19896 16 14 105450
19898 16 15 105451
19900 16 19 105452
19902 16 21 105453
19904 16 22 105454
19906 16 23 105455
19908 16 1 105456
19910 16 2 105457
19912 16 3 105458
19914 16 5 105459
19916 16 9 105460
19918 16 10 105461
19920 16 14 105462
19922 16 15 105463
19924 16 19 105464
19926 16 21 105465
19928 16 22 105466
19930 16 23 105467
19932 16 1 105468
19934 16 2 105469
19936 16 3 105470
19938 16 5 105471
19942 16 14 33758
19944 16 19 45292
19946 16 21 102021
19948 16 23 102023
19950 16 9 48032
19952 16 23 47559
19954 16 19 93176
19956 16 1 105472
19958 16 2 105473
19960 16 3 105474
19962 16 5 105475
19964 16 9 105476
19966 16 10 105477
19968 16 14 105478
19970 16 15 105479
19972 16 19 105480
19974 16 21 105481
19976 16 22 105482
19978 16 23 105483
19980 16 1 105484
19982 16 2 105485
19984 16 3 105486
19986 16 5 105487
19988 16 9 105488
19990 16 10 105489
19992 16 14 105490
19994 16 15 105491
19996 16 19 105492
19998 16 21 105493
20000 16 22 105494
20002 16 23 105495
20004 16 1 105496
20006 16 2 105497
20008 16 3 105498
20010 16 5 105499
20012 16 9 105500
20014 16 10 105501
20016 16 14 105502
20018 16 15 105503
20020 16 19 105504
20022 16 21 105505
20024 16 22 105506
20026 16 23 105507
20028 16 1 105508
20030 16 2 105509
20032 16 3 105510
20034 16 5 105511
20036 16 9 105512
20038 16 10 105513
20040 16 14 105514
20042 16 15 105515
20044 16 19 105516
20046 16 21 105517
20048 16 22 105518
20050 16 23 105519
20052 16 1 105520
20054 16 2 105521
20056 16 3 105522
20058 16 5 105523
20060 16 9 105524
20062 16 10 105525
20064 16 14 105526
20066 16 15 105527
20068 16 19 105528
20070 16 21 105529
20072 16 22 105530
20074 16 23 105531
20076 16 1 105532
20078 16 2 105533
20080 16 3 105534
20082 16 5 105535
20084 16 9 105536
20086 16 10 105537
20088 16 14 105538
20090 16 15 105539
20092 16 19 105540
20094 16 21 105541
20096 16 22 105542
20098 16 23 105543
20100 16 1 105544
20102 16 2 105545
20104 16 3 105546
20106 16 5 105547
20108 16 9 105548
20110 16 10 105549
20114 16 14 105550
20116 16 15 105551
20118 16 19 105552
20120 16 21 105553
20126 16 22 105554
20128 16 23 105555
20130 16 1 105556
20132 16 2 105557
20136 16 3 105558
20138 16 5 105559
20144 16 9 105560
20146 16 10 105561
20148 16 14 105562
20150 16 15 105563
20152 16 19 105564
20154 16 21 105565
20156 16 22 105566
20158 16 23 105567
20160 16 1 105568
20162 16 2 105569
20164 16 3 105570
20168 16 5 105571
20170 16 9 105572
20172 16 10 105573
20174 16 14 105574
20176 16 15 105575
20178 16 19 105576
20180 16 21 105577
20182 16 22 105578
20184 16 23 105579
20186 16 1 105580
20188 16 2 105581
20190 16 3 105582
20192 16 5 105583
20194 16 9 105584
20196 16 10 105585
20198 16 14 105586
20200 16 15 105587
20202 16 19 105588
20204 16 21 105589
20206 16 22 105590
20208 16 23 105591
20210 16 1 105592
20212 16 2 105593
20214 16 3 105594
20216 16 5 105595
20218 16 9 105596
20220 16 10 105597
20222 16 14 105598
20224 16 15 105599
20226 16 19 105600
20228 16 21 105601
20230 16 22 105602
20232 16 23 105603
20234 16 1 105604
20236 16 2 105605
20238 16 3 105606
20240 16 5 105607
20242 16 9 105608
20244 16 10 105609
20246 16 14 105610
20248 16 15 105611
20250 16 19 105612
20252 16 21 105613
20254 16 22 105614
20256 16 23 105615
20258 16 1 105616
20260 16 2 105617
20262 16 3 105618
20264 16 5 105619
20266 16 9 105620
20268 16 10 105621
20270 16 14 105622
20272 16 15 105623
20274 16 19 105624
20276 16 21 105625
20278 16 22 105626
20280 16 23 105627
20282 16 1 105628
20284 16 2 105629
20286 16 3 105630
20288 16 5 105631
20296 16 9 105632
20298 16 10 105633
20300 16 14 105634
20302 16 15 105635
20304 16 19 105636
20306 16 21 105637
20308 16 22 105638
20310 16 23 105639
20312 16 1 105640
20314 16 2 105641
20316 16 3 105642
20318 16 5 105643
20320 16 9 105644
20322 16 10 105645
20324 16 14 105646
20326 16 15 105647
20328 16 19 105648
20330 16 21 105649
20332 16 22 105650
20334 16 23 105651
20336 16 1 105652
20338 16 2 105653
20340 16 3 105654
20342 16 5 105655
20344 16 9 105656
20346 16 10 105657
20348 16 14 105658
20350 16 15 105659
20352 16 19 105660
20354 16 21 105661
20356 16 22 105662
20358 16 23 105663
20360 16 1 105664
20362 16 2 105665
20364 16 3 105666
20366 16 5 105667
20368 16 9 105668
20370 16 10 105669
20372 16 14 105670
20374 16 15 105671
20376 16 22 52714
20378 16 9 54468
20380 16 5 54563
20382 16 5 58743
20384 16 1 49176
20386 16 14 49206
20388 16 21 49197
20390 16 19 49220
20392 16 15 49219
20394 16 9 49180
20396 16 14 49182
20400 16 10 49205
20410 16 23 49211
20412 16 5 49215
20418 16 22 49210
20426 16 10 49193
20428 16 21 49221
20430 16 19 48148
20432 16 15 48147
20434 16 9 48144
20436 16 10 48145
20438 16 2 48141
20440 16 14 48146
20442 16 5 48179
20444 16 23 48175
20446 16 1 48176
20450 16 21 48257
20452 16 23 48259
20454 16 21 48341
20456 16 23 48355
20458 16 22 48354
20460 16 3 48358
20462 16 2 48357
20464 16 22 48630
20466 16 1 48632
20468 16 3 48634
20470 16 1 48620
20472 16 3 48646
20474 16 23 48703
20476 16 5 48647
20478 16 19 48640
20480 16 21 48641
20482 16 9 48648
20484 16 9 48636
20490 16 14 48638
20494 16 10 48469
20504 16 10 48649
20506 16 14 48650
20508 16 15 48651
20510 16 19 48652
20512 16 2 48669
20514 16 21 48653
20516 16 22 48654
20522 16 1 48668
20524 16 23 48655
20526 16 1 48656
20528 16 2 48657
20530 16 21 48665
20532 16 9 48660
20536 16 10 48661
20540 16 15 48663
20542 16 19 48664
20552 16 22 48666
20574 16 5 48671
20580 16 9 48672
20582 16 1 48572
20584 16 14 48674
20586 16 15 48675
20588 16 21 48617
20590 16 9 48624
20592 16 23 48631
20596 16 10 48685
20598 16 14 48698
20600 16 21 48701
20602 16 22 48702
20604 16 1 48704
20606 16 10 48817
20608 16 9 48816
20610 16 15 48195
20612 16 14 48854
20614 16 15 48867
20616 16 19 48868
20618 16 21 48869
20620 16 22 48870
20622 16 23 48871
20624 16 1 48872
20626 16 2 48873
20628 16 3 48874
20650 16 9 48876
20652 16 10 48901
20654 16 5 48899
20656 16 9 48900
20662 16 5 48911
20664 16 19 48916
20666 16 21 48917
20668 16 23 48979
20670 16 21 49013
20672 16 1 49016
20674 16 22 49026
20676 16 23 49027
20678 16 1 49028
20680 16 2 49029
20682 16 3 49030
20684 16 5 49031
20688 16 21 49025
20692 16 5 49019
20694 16 19 49024
20700 16 2 53501
20702 16 9 55876
20704 16 10 61045
20706 16 9 61032
20708 16 14 39942
20710 16 9 100824
20712 16 1 56380
20714 16 23 56631
20716 16 1 0
20718 16 9 124
20720 16 15 127
20726 16 5 135
20728 16 22 862
20730 16 2 721
20738 16 19 836
20746 16 15 955
20750 16 19 8
20752 16 23 11
20756 16 10 221
20764 16 1 996
20766 16 1 216
20768 16 15 235
20770 16 14 162
20774 16 19 164
20812 16 23 167
20814 16 1 168
20816 16 10 233
20818 16 21 1017
20854 16 19 1016
20860 16 21 201
20866 16 3 86
20868 16 22 1018
20932 16 2 12045
20934 16 23 12067
20936 16 21 11645
20938 16 14 11654
20940 16 9 11664
20942 16 22 12018
20946 16 9 12060
20948 16 15 11643
20950 16 19 11728
20952 16 5 11471
20954 16 2 11637
20956 16 9 11640
20960 16 3 11734
20962 16 1 11336
20964 16 10 11989
20966 16 1 12104
20970 16 19 1668
20972 16 1 1156
20974 16 22 1274
20976 16 21 1273
20980 16 22 1154
20982 16 1 1192
20984 16 5 1303
20986 16 2 1433
20988 16 3 1434
20990 16 14 1438
20992 16 21 1441
20994 16 22 1442
20996 16 23 1443
20998 16 1 1444
21000 16 2 1445
21218 16 9 1436
21260 16 23 1455
21262 16 1 1456
21264 16 9 1460
21266 16 2 1901
21270 16 10 1965
21278 16 5 1903
21280 16 3 1950
21282 16 1 1972
21286 16 3 1470
21288 16 9 1472
21290 16 10 1473
21292 16 14 1474
21294 16 21 1477
21296 16 1 1480
21298 16 2 1481
21306 16 23 1479
21316 16 5 1471
21332 16 2 1469
21432 16 10 1917
21530 16 22 26582
21532 16 19 26484
21534 16 19 26016
21544 16 9 26084
21546 16 10 26085
21548 16 19 12692
21552 16 15 12895
21554 16 3 12902
21556 16 22 12838
21560 16 10 3269
21562 16 1 3636
21564 16 14 3678
21566 16 22 3250
21568 16 10 3917
21570 16 15 7643
21572 16 9 10132
21574 16 14 10014
21576 16 9 10084
21578 16 23 10079
21580 16 1 10080
21594 16 15 31459
21596 16 23 31451
21598 16 1 31332
21602 16 23 25367
21604 16 1 24600
21606 16 2 24601
21608 16 22 24622
21618 16 2 24625
21626 16 22 24658
21634 16 19 24656
21676 16 1 24660
21678 16 1 24696
21680 16 2 24697
21728 16 10 24701
21730 16 10 25301
21734 16 15 25243
21736 16 14 25530
21742 16 9 24712
21744 16 10 24713
21748 16 14 25302
21750 16 9 24700
21752 16 15 24823
21762 16 21 24825
21766 16 22 24826
21780 16 19 24824
21910 16 23 74507
21912 16 14 5882
21914 16 23 5839
21916 16 9 5676
21918 16 5 5771
21920 16 9 5328
21922 16 3 5434
21924 16 19 5200
21926 16 19 5284
21928 16 5 5807
21930 16 15 5355
21932 16 14 5798
21934 16 19 5836
21936 16 2 5229
21938 16 23 5239
21940 16 1 5252
21942 16 19 5260
21944 16 10 5329
21948 16 5 5435
21950 16 10 5449
21952 16 3 5590
21954 16 10 5593
21958 16 15 5799
21962 16 22 5850
21964 16 21 5861
21966 16 21 5885
21968 16 14 5894
21970 16 23 5899
21972 16 9 5928
21974 16 10 5965
21976 16 21 5981
21978 16 1 5996
21980 16 15 6039
21982 16 22 6042
21984 16 1 6068
21986 16 21 6101
21988 16 23 6115
22098 16 23 28827
22100 16 15 29207
22102 16 14 15402
22104 16 3 15506
22106 16 14 15510
22108 16 23 15515
22110 16 10 62469
22112 16 10 62481
22114 16 21 62485
22116 16 22 62486
22118 16 1 62464
22120 16 2 62465
22122 16 14 81262
22124 16 5 81907
22126 16 9 6640
22128 16 19 6644
22130 16 23 6647
22136 16 2 6385
22138 16 23 6443
22160 16 2 6649
22162 16 9 6220
22168 16 9 6652
22172 16 3 6518
22174 16 2 6637
22176 16 23 6791
22178 16 15 6799
22180 16 15 6667
22192 16 19 6668
22196 16 1 6324
22198 16 21 6669
22200 16 14 6414
22202 16 21 6681
22204 16 2 6685
22206 16 1 7044
22208 16 2 7057
22224 16 2 7045
22294 16 9 7048
22302 16 23 7079
22304 16 1 7080
22306 16 21 7089
22318 16 1 7140
22328 16 2 7141
22340 16 3 7142
22370 16 1 7116
22394 16 22 7138
22398 16 14 7122
22400 16 9 6604
22406 16 10 7121
22410 16 15 6163
22412 16 19 6260
22414 16 5 6303
22416 16 5 6387
22418 16 22 6394
22420 16 2 6409
22422 16 5 6423
22424 16 5 6435
22426 16 9 6436
22428 16 22 6454
22430 16 10 6461
22432 16 10 6473
22434 16 15 6475
22436 16 22 6502
22438 16 21 6597
22462 16 5 6471
22512 16 22 17198
22514 16 9 17216
22516 16 21 16705
22518 16 14 17182
22520 16 10 16713
22522 16 5 17119
22524 16 19 16428
22526 16 21 16885
22528 16 14 17278
22530 16 5 42347
22532 16 22 46630
22534 16 23 46499
22536 16 2 46741
22538 16 1 14116
22540 16 19 14172
22542 16 2 14261
22544 16 10 13605
22546 16 22 14018
22548 16 3 5058
22550 16 10 4401
22554 16 5 4399
22558 16 1 4108
22560 16 5 4123
22562 16 23 4467
22564 16 1 4120
22574 16 22 39630
22576 16 19 39184
22580 16 21 39617
22582 16 10 39361
22592 16 15 37867
22594 16 5 37035
22596 16 5 37551
22600 16 14 37458
22602 16 19 2992
22608 16 14 77854
22610 16 5 112591
22612 16 9 38816
22614 16 9 37916
22616 16 21 63989
22618 16 1 97736
22620 16 1 26636
22622 16 23 26647
22624 16 1 26648
22626 16 2 26649
22628 16 3 26650
22630 16 5 26651
22632 16 9 26652
22634 16 10 26653
22636 16 10 26641
22638 16 14 26642
22640 16 15 26643
22642 16 19 26644
22644 16 21 26645
22646 16 22 26646
22648 16 22 35630
22650 16 10 35805
22652 16 22 35822
22654 16 15 35639
22656 16 9 35648
22658 16 1 35704
22660 16 3 10494
22662 16 9 10376
22664 16 10 10377
22666 16 19 10356
22668 16 1 10360
22682 16 21 66409
22684 16 1 65692
22686 16 22 8310
22688 16 21 115165
22690 16 14 35918
22692 16 9 36072
22694 16 19 35932
22696 16 22 35934
22698 16 5 35939
22700 16 19 36088
22702 16 3 36430
22704 16 14 75646
22706 16 21 75649
22708 16 23 75663
22710 16 15 75647
22712 16 9 22640
22714 16 10 22593
22716 16 15 22595
22718 16 2 18213
22720 16 5 17915
22722 16 10 17917
22724 16 1 18236
22726 16 21 18401
22728 16 15 17943
22732 16 19 18208
22734 16 19 18244
22736 16 15 18243
22738 16 22 18306
22740 16 10 17773
22746 16 1 19404
22748 16 2 19405
22750 16 3 19406
22752 16 5 19407
22754 16 9 19408
22756 16 10 19409
22758 16 14 19410
22760 16 15 19411
22762 16 19 19412
22764 16 19 18992
22766 16 23 18803
22768 16 3 19082
22770 16 23 19283
22776 16 22 32102
22778 16 23 32343
22780 16 10 20061
22782 16 22 20042
22784 16 10 20469
22786 16 9 20240
22788 16 21 19885
22792 16 5 20323
22794 16 19 19884
22796 16 14 20278
22798 16 3 20274
22800 16 9 20096
22806 16 19 24244
22808 16 10 24277
22812 16 1 24296
22838 16 1 23564
22840 16 5 24311
22844 16 1 24368
22846 16 1 24380
22848 16 22 23622
22854 16 22 23778
22856 16 1 23552
22866 16 2 24381
22868 16 3 24382
22870 16 5 24383
22872 16 9 24384
22874 16 10 24385
22876 16 14 24386
22878 16 15 24387
22880 16 19 24388
22946 16 23 24439
22948 16 1 24440
22950 16 2 24441
22952 16 21 24389
22954 16 22 24390
22956 16 5 24395
22958 16 9 24396
22962 16 2 24393
22976 16 15 24411
22978 16 21 24437
22992 16 19 23596
22994 16 2 23601
22996 16 19 59448
23000 16 2 60401
23002 16 3 60402
23004 16 5 60403
23006 16 9 60404
23008 16 10 60405
23010 16 14 60406
23012 16 15 60407
23014 16 19 60408
23016 16 21 60409
23018 16 22 60410
23020 16 23 60411
23022 16 1 60412
23024 16 2 60413
23026 16 22 41234
23028 16 15 20955
23030 16 22 20706
23032 16 5 20759
23034 16 19 20968
23036 16 21 20969
23038 16 1 20696
23040 16 5 20843
23046 16 23 50427
23048 16 14 50854
23050 16 19 21620
23052 16 3 21902
23054 16 3 21830
23056 16 15 83455
23058 16 3 43178
23060 16 2 43177
23062 16 5 76019
23064 16 15 76095
23066 16 21 14957
23074 16 23 14491
23076 16 23 14527
23078 16 22 14538
23082 16 14 44326
23084 16 5 44431
23086 16 23 44427
23088 16 2 44801
23090 16 5 44827
23092 16 9 44336
23094 16 10 44337
23096 16 23 44319
23098 16 1 102676
23104 16 22 104818
23106 16 5 105051
23108 16 15 33735
23110 16 2 33381
23112 16 22 32922
23114 16 23 33307
23116 16 14 32942
23118 16 19 32944
23120 16 19 32896
23124 16 21 32897
23126 16 1 32900
23128 16 23 32899
23130 16 3 32902
23162 16 2 32889
23164 16 2 61597
23166 16 5 61887
23168 16 22 61606
23170 16 19 61604
23172 16 21 61605
23174 16 14 61626
23176 16 23 61631
23178 16 1 61632
23180 16 2 61633
23182 16 3 61634
23184 16 5 61635
23186 16 10 61637
23188 16 2 61669
23192 16 1 61704
23194 16 19 61808
23196 16 14 61806
23198 16 15 61807
23200 16 2 61813
23202 16 23 61871
23204 16 2 61873
23206 16 14 61878
23208 16 9 61888
23210 16 10 61913
23212 16 21 61905
23214 16 14 61902
23216 16 15 61963
23218 16 23 61967
23220 16 10 62081
23222 16 1 62148
23224 16 22 62146
23226 16 9 62176
23228 16 14 62190
23230 16 22 62386
23232 16 10 62249
23234 16 14 62250
23238 16 15 62251
23240 16 19 62252
23242 16 21 62253
23244 16 22 62254
23246 16 23 62255
23248 16 3 62258
23250 16 5 62259
23252 16 9 62260
23254 16 14 62262
23256 16 15 62263
23258 16 1 62256
23260 16 19 62264
23264 16 23 62267
23266 16 22 62266
23268 16 1 62268
23270 16 3 62270
23272 16 9 62272
23274 16 21 62277
23276 16 10 62273
23278 16 3 62282
23282 16 23 62279
23284 16 1 62280
23286 16 22 62278
23292 16 21 62373
23294 16 10 62393
23296 16 23 62399
23298 16 21 62409
23300 16 1 62436
23302 16 9 62392
23304 16 14 62394
23306 16 3 62426
23310 16 19 62396
23312 16 15 62395
23314 16 22 62398
23316 16 15 62407
23318 16 21 62397
23324 16 1 62400
23328 16 3 62402
23330 16 23 62411
23334 16 5 62403
23338 16 9 62404
23340 16 10 62405
23350 16 14 62406
23364 16 19 62408
23376 16 22 62410
23380 16 1 62412
23382 16 2 62401
23384 16 21 62421
23388 16 2 62413
23392 16 3 62414
23400 16 5 62415
23410 16 9 62416
23414 16 10 62417
23418 16 14 62418
23422 16 15 62419
23430 16 19 62420
23434 16 22 62422
23438 16 15 62431
23442 16 23 62423
23454 16 1 62424
23462 16 2 62425
23474 16 5 62427
23480 16 9 62428
23484 16 10 62429
23490 16 14 62430
23494 16 19 62432
23498 16 14 62442
23504 16 21 62433
23514 16 22 62434
23518 16 23 62435
23532 16 2 62437
23536 16 3 62438
23548 16 5 62439
23554 16 9 62440
23560 16 10 62441
23566 16 15 62443
23570 16 10 62453
23574 16 19 62444
23582 16 21 62445
23586 16 22 62446
23594 16 23 62447
23598 16 1 62448
23604 16 2 62449
23612 16 3 62450
23618 16 5 62451
23624 16 9 62452
23636 16 14 62454
23644 16 15 62455
23652 16 19 62456
23658 16 21 62457
23670 16 22 62458
23674 16 23 62459
23680 16 1 62460
23688 16 2 62461
23698 16 3 62462
23702 16 5 62463
23706 16 1 117760
23708 16 2 117761
23710 16 3 117762
23712 16 5 117763
23714 16 9 117764
23716 16 10 117765
23718 16 14 117766
23720 16 15 117767
23722 16 19 117768
23724 16 21 117769
23726 16 22 117770
23728 16 23 117771
23730 16 1 117772
23732 16 2 117773
23734 16 3 117774
23736 16 5 117775
23738 16 9 117776
23740 16 10 117777
23742 16 14 117778
23744 16 15 117779
23746 16 19 117780
23748 16 21 117781
23750 16 22 117782
23752 16 23 117783
23754 16 1 117784
23756 16 2 117785
23758 16 3 117786
23760 16 5 117787
23762 16 9 117788
23764 16 10 117789
23766 16 14 117790
23768 16 15 117791
23770 16 19 117792
23772 16 21 117793
23774 16 22 117794
23776 16 23 117795
23778 16 1 117796
23780 16 2 117797
23782 16 3 117798
23784 16 5 117799
23786 16 9 117800
23788 16 10 117801
23790 16 14 117802
23792 16 15 117803
23794 16 19 117804
23796 16 21 117805
23798 16 22 117806
23800 16 23 117807
23802 16 1 117808
23804 16 2 117809
23806 16 3 117810
23808 16 5 117811
23810 16 9 117812
23812 16 10 117813
23814 16 14 117814
23816 16 15 117815
23818 16 19 117816
23820 16 21 117817
23822 16 22 117818
23824 16 23 117819
23826 16 1 117820
23828 16 2 117821
23830 16 3 117822
23832 16 5 117823
23834 16 9 117824
23836 16 10 117825
23838 16 14 117826
23840 16 15 117827
23842 16 19 117828
23844 16 21 117829
23846 16 22 117830
23848 16 23 117831
23850 16 1 117832
23852 16 2 117833
23854 16 3 117834
23856 16 5 117835
23858 16 9 117836
23860 16 10 117837
23862 16 14 117838
23864 16 15 117839
23866 16 19 117840
23868 16 21 117841
23870 16 22 117842
23872 16 23 117843
23874 16 1 117844
23876 16 2 117845
23878 16 3 117846
23880 16 5 117847
23882 16 9 117848
23884 16 10 117849
23886 16 14 117850
23888 16 15 117851
23890 16 19 117852
23892 16 21 117853
23894 16 22 117854
23896 16 23 117855
23898 16 1 117856
23900 16 2 117857
23902 16 3 117858
23904 16 5 117859
23906 16 9 117860
23908 16 10 117861
23910 16 14 117862
23912 16 15 117863
23914 16 19 117864
23916 16 21 117865
23918 16 22 117866
23920 16 23 117867
23922 16 1 117868
23924 16 2 117869
23926 16 3 117870
23928 16 5 117871
23930 16 9 117872
23932 16 10 117873
23934 16 14 117874
23936 16 15 117875
23938 16 19 117876
23940 16 21 117877
23942 16 22 117878
23944 16 23 117879
23946 16 1 117880
23948 16 2 117881
23950 16 3 117882
23952 16 5 117883
23954 16 9 117884
23956 16 10 117885
23958 16 14 117886
23960 16 15 117887
23962 16 19 117888
23964 16 21 117889
23966 16 22 117890
23968 16 23 117891
23970 16 1 117892
23972 16 2 117893
23974 16 3 117894
23976 16 5 117895
23978 16 9 117896
23980 16 10 117897
23982 16 14 117898
23984 16 15 117899
23986 16 19 117900
23988 16 21 117901
23990 16 22 117902
23992 16 23 117903
23994 16 1 117904
23996 16 2 117905
23998 16 3 117906
24000 16 5 117907
24002 16 9 117908
24004 16 10 117909
24006 16 14 117910
24008 16 15 117911
24010 16 19 117912
24012 16 21 117913
24014 16 22 117914
24016 16 23 117915
24018 16 1 117916
24020 16 2 117917
24022 16 3 117918
24024 16 5 117919
24026 16 9 117920
24028 16 10 117921
24030 16 14 117922
24032 16 15 117923
24034 16 19 117924
24036 16 21 117925
24038 16 22 117926
24040 16 23 117927
24042 16 1 117928
24044 16 2 117929
24046 16 3 117930
24048 16 5 117931
24050 16 9 117932
24052 16 10 117933
24054 16 14 117934
24056 16 15 117935
24058 16 19 117936
24060 16 21 117937
24062 16 22 117938
24064 16 23 117939
24066 16 1 117940
24068 16 2 117941
24070 16 3 117942
24072 16 5 117943
24074 16 9 117944
24076 16 10 117945
24078 16 14 117946
24080 16 15 117947
24082 16 19 117948
24084 16 21 117949
24086 16 22 117950
24088 16 23 117951
24090 16 1 117952
24092 16 2 117953
24094 16 3 117954
24096 16 5 117955
24098 16 9 117956
24100 16 10 117957
24102 16 14 117958
24104 16 15 117959
24106 16 19 117960
24108 16 21 117961
24110 16 22 117962
24112 16 23 117963
24114 16 1 117964
24116 16 2 117965
24118 16 3 117966
24120 16 5 117967
24122 16 9 117968
24124 16 10 117969
24126 16 14 117970
24128 16 15 117971
24130 16 19 117972
24132 16 21 117973
24134 16 22 117974
24136 16 23 117975
24138 16 1 117976
24140 16 2 117977
24142 16 3 117978
24144 16 5 117979
24146 16 9 117980
24148 16 10 117981
24150 16 14 117982
24152 16 15 117983
24154 16 19 117984
24156 16 21 117985
24158 16 22 117986
24160 16 23 117987
24162 16 1 117988
24164 16 2 117989
24166 16 3 117990
24168 16 5 117991
24170 16 9 117992
24172 16 10 117993
24174 16 14 117994
24176 16 15 117995
24178 16 19 117996
24180 16 21 117997
24182 16 22 117998
24184 16 23 117999
24186 16 1 118000
24188 16 2 118001
24190 16 3 118002
24192 16 5 118003
24194 16 9 118004
24196 16 10 118005
24198 16 14 118006
24200 16 15 118007
24202 16 19 118008
24204 16 21 118009
24206 16 22 118010
24208 16 23 118011
24210 16 1 118012
24212 16 2 118013
24214 16 3 118014
24216 16 5 118015
24218 16 9 118016
24220 16 10 118017
24222 16 14 118018
24224 16 15 118019
24226 16 19 118020
24228 16 21 118021
24230 16 22 118022
24232 16 23 118023
24234 16 1 118024
24236 16 2 118025
24238 16 3 118026
24240 16 5 118027
24242 16 9 118028
24244 16 10 118029
24246 16 14 118030
24248 16 15 118031
24250 16 19 118032
24252 16 21 118033
24254 16 22 118034
24256 16 23 118035
24258 16 1 118036
24260 16 2 118037
24262 16 3 118038
24264 16 5 118039
24266 16 9 118040
24268 16 10 118041
24270 16 14 118042
24272 16 15 118043
24274 16 19 118044
24276 16 21 118045
24278 16 22 118046
24280 16 23 118047
24282 16 1 118048
24284 16 2 118049
24286 16 3 118050
24288 16 5 118051
24290 16 9 118052
24292 16 10 118053
24294 16 14 118054
24296 16 15 118055
24298 16 19 118056
24300 16 21 118057
24302 16 22 118058
24304 16 23 118059
24306 16 1 118060
24308 16 2 118061
24310 16 3 118062
24312 16 5 118063
24314 16 9 118064
24316 16 10 118065
24318 16 14 118066
24320 16 15 118067
24322 16 19 118068
24324 16 21 118069
24326 16 22 118070
24328 16 23 118071
24330 16 1 118072
24332 16 2 118073
24334 16 3 118074
24336 16 5 118075
24338 16 9 118076
24340 16 10 118077
24342 16 14 118078
24344 16 15 118079
24346 16 19 118080
24348 16 21 118081
24350 16 22 118082
24352 16 23 118083
24354 16 1 118084
24356 16 2 118085
24358 16 3 118086
24360 16 5 118087
24362 16 9 118088
24364 16 10 118089
24366 16 14 118090
24368 16 15 118091
24370 16 19 118092
24372 16 21 118093
24374 16 22 118094
24376 16 23 118095
24378 16 1 118096
24380 16 2 118097
24382 16 3 118098
24384 16 5 118099
24386 16 9 118100
24388 16 10 118101
24390 16 14 118102
24392 16 15 118103
24394 16 19 118104
24396 16 21 118105
24398 16 22 118106
24400 16 23 118107
24402 16 1 118108
24404 16 2 118109
24406 16 3 118110
24408 16 5 118111
24410 16 9 118112
24412 16 10 118113
24414 16 14 118114
24416 16 15 118115
24418 16 19 118116
24420 16 21 118117
24422 16 22 118118
24424 16 23 118119
24426 16 1 118120
24428 16 2 118121
24430 16 3 118122
24432 16 5 118123
24434 16 9 118124
24436 16 10 118125
24438 16 14 118126
24440 16 15 118127
24442 16 19 118128
24444 16 21 118129
24446 16 22 118130
24448 16 23 118131
24450 16 1 118132
24452 16 2 118133
24454 16 3 118134
24456 16 5 118135
24458 16 9 118136
24460 16 10 118137
24462 16 14 118138
24464 16 15 118139
24466 16 19 118140
24468 16 21 118141
24470 16 22 118142
24472 16 23 118143
24474 16 1 118144
24476 16 2 118145
24478 16 3 118146
24480 16 5 118147
24482 16 9 118148
24484 16 10 118149
24486 16 14 118150
24488 16 15 118151
24490 16 19 118152
24496 16 21 118153
24498 16 22 118154
24500 16 23 118155
24502 16 1 118156
24504 16 2 118157
24506 16 3 118158
24510 16 5 118159
24512 16 9 118160
24514 16 10 118161
24516 16 14 118162
24518 16 15 118163
24520 16 19 118164
24522 16 21 118165
24524 16 22 118166
24526 16 23 118167
24528 16 1 118168
24530 16 2 118169
24532 16 3 118170
24534 16 5 118171
24536 16 9 118172
24538 16 10 118173
24540 16 14 118174
24542 16 15 118175
24544 16 19 118176
24546 16 21 118177
24548 16 22 118178
24550 16 23 118179
24552 16 1 118180
24554 16 2 118181
24556 16 3 118182
24558 16 5 118183
24560 16 9 118184
24562 16 10 118185
24564 16 14 118186
24566 16 15 118187
24568 16 19 118188
24570 16 21 118189
24572 16 22 118190
24574 16 23 118191
24576 16 1 118192
24578 16 2 118193
24580 16 3 118194
24582 16 5 118195
24584 16 9 118196
24586 16 10 118197
24588 16 14 118198
24590 16 15 118199
24592 16 19 118200
24594 16 21 118201
24596 16 22 118202
24598 16 23 118203
24600 16 1 118204
24602 16 2 118205
24604 16 3 118206
24606 16 5 118207
24608 16 9 118208
24610 16 10 118209
24612 16 14 118210
24614 16 15 118211
24616 16 19 118212
24618 16 21 118213
24620 16 22 118214
24622 16 23 118215
24624 16 1 118216
24626 16 2 118217
24628 16 3 118218
24630 16 5 118219
24632 16 9 118220
24634 16 10 118221
24636 16 14 118222
24638 16 15 118223
24640 16 19 118224
24642 16 21 118225
24644 16 22 118226
24646 16 23 118227
24648 16 1 118228
24650 16 2 118229
24652 16 3 118230
24654 16 5 118231
24656 16 9 118232
24658 16 10 118233
24660 16 14 118234
24662 16 15 118235
24664 16 19 118236
24666 16 21 118237
24668 16 22 118238
24670 16 23 118239
24672 16 1 118240
24674 16 2 118241
24676 16 3 118242
24678 16 5 118243
24680 16 9 118244
24682 16 10 118245
24684 16 14 118246
24686 16 15 118247
24688 16 19 118248
24690 16 21 118249
24692 16 22 118250
24694 16 23 118251
24696 16 1 118252
24698 16 2 118253
24700 16 3 118254
24702 16 5 118255
24704 16 9 118256
24706 16 10 118257
24708 16 14 118258
24710 16 15 118259
24712 16 19 118260
24714 16 21 118261
24716 16 22 118262
24718 16 23 118263
24720 16 1 118264
24722 16 2 118265
24724 16 3 118266
24726 16 5 118267
24728 16 9 118268
24730 16 10 118269
24732 16 14 118270
24734 16 15 118271
24736 16 19 118272
24738 16 21 118273
24740 16 22 118274
24742 16 23 118275
24744 16 1 118276
24746 16 2 118277
24748 16 3 118278
24750 16 5 118279
24752 16 9 118280
24754 16 10 118281
24756 16 14 118282
24758 16 15 118283
24760 16 19 118284
24762 16 21 118285
24764 16 22 118286
24766 16 23 118287
24768 16 1 118288
24770 16 2 118289
24772 16 3 118290
24774 16 5 118291
24776 16 9 118292
24778 16 10 118293
24780 16 14 118294
24782 16 15 118295
24796 16 19 118296
24812 16 21 118297
24814 16 22 118298
24816 16 23 118299
24818 16 1 118300
24820 16 2 118301
24822 16 3 118302
24824 16 5 118303
24826 16 9 118304
24828 16 10 118305
24830 16 14 118306
24832 16 15 118307
24834 16 19 118308
24836 16 21 118309
24838 16 22 118310
24840 16 23 118311
24842 16 1 118312
24844 16 2 118313
24846 16 3 118314
24848 16 5 118315
24850 16 9 118316
24852 16 10 118317
24854 16 14 118318
24856 16 15 118319
24858 16 19 118320
24860 16 21 118321
24862 16 22 118322
24864 16 23 118323
24866 16 1 118324
24868 16 2 118325
24870 16 3 118326
24872 16 5 118327
24874 16 9 118328
24876 16 10 118329
24878 16 14 118330
24880 16 15 118331
24882 16 19 118332
24884 16 21 118333
24886 16 22 118334
24888 16 23 118335
24890 16 1 118336
24892 16 2 118337
24898 16 3 118338
24900 16 5 118339
24902 16 9 118340
24904 16 10 118341
24906 16 14 118342
24908 16 15 118343
24910 16 19 118344
24912 16 21 118345
24914 16 22 118346
24916 16 23 118347
24918 16 1 118348
24920 16 2 118349
24922 16 3 118350
24924 16 5 118351
24926 16 9 118352
24928 16 10 118353
24930 16 14 118354
24932 16 15 118355
24934 16 19 118356
24936 16 21 118357
24938 16 22 118358
24940 16 23 118359
24942 16 1 118360
24944 16 2 118361
24946 16 3 118362
24948 16 5 118363
24950 16 9 118364
24952 16 10 118365
24954 16 14 118366
24956 16 15 118367
24958 16 19 118368
24960 16 21 118369
24962 16 22 118370
24964 16 23 118371
24966 16 1 118372
24968 16 2 118373
24970 16 3 118374
24972 16 5 118375
24974 16 9 118376
24976 16 10 118377
24978 16 14 118378
24980 16 15 118379
24982 16 19 118380
24984 16 21 118381
24986 16 22 118382
24988 16 23 118383
24990 16 1 118384
24992 16 2 118385
24994 16 3 118386
24996 16 5 118387
24998 16 9 118388
25000 16 10 118389
25002 16 14 118390
25004 16 15 118391
25006 16 19 118392
25008 16 21 118393
25010 16 22 118394
25012 16 23 118395
25014 16 1 118396
25016 16 2 118397
25018 16 3 118398
25020 16 5 118399
25022 16 9 118400
25024 16 10 118401
25026 16 14 118402
25028 16 15 118403
25030 16 19 118404
25032 16 21 118405
25034 16 22 118406
25036 16 23 118407
25038 16 1 118408
25040 16 2 118409
25042 16 3 118410
25044 16 5 118411
25046 16 9 118412
25048 16 10 118413
25050 16 14 118414
25052 16 15 118415
25054 16 19 118416
25056 16 21 118417
25058 16 22 118418
25060 16 23 118419
25062 16 1 118420
25064 16 2 118421
25066 16 3 118422
25068 16 5 118423
25070 16 9 118424
25072 16 10 118425
25074 16 14 118426
25076 16 15 118427
25078 16 19 118428
25080 16 21 118429
25082 16 22 118430
25084 16 23 118431
25086 16 1 118432
25088 16 2 118433
25090 16 3 118434
25092 16 5 118435
25094 16 9 118436
25096 16 10 118437
25098 16 14 118438
25100 16 15 118439
25102 16 19 118440
25104 16 21 118441
25106 16 22 118442
25108 16 23 118443
25110 16 1 118444
25112 16 2 118445
25114 16 3 118446
25116 16 5 118447
25118 16 9 118448
25120 16 10 118449
25122 16 14 118450
25124 16 15 118451
25126 16 19 118452
25128 16 21 118453
25130 16 22 118454
25132 16 23 118455
25134 16 1 118456
25136 16 2 118457
25138 16 3 118458
25140 16 5 118459
25142 16 9 118460
25144 16 10 118461
25146 16 14 118462
25148 16 15 118463
25150 16 19 118464
25204 16 21 118465
25262 16 22 118466
25264 16 23 118467
25266 16 1 118468
25268 16 2 118469
25270 16 3 118470
25272 16 5 118471
25274 16 9 118472
25276 16 10 118473
25278 16 14 118474
25280 16 15 118475
25282 16 19 118476
25284 16 21 118477
25286 16 22 118478
25288 16 23 118479
25290 16 1 118480
25292 16 2 118481
25294 16 3 118482
25296 16 5 118483
25298 16 9 118484
25300 16 10 118485
25302 16 14 118486
25304 16 15 118487
25306 16 19 118488
25308 16 21 118489
25310 16 22 118490
25312 16 23 118491
25314 16 1 118492
25316 16 2 118493
25318 16 3 118494
25320 16 5 118495
25322 16 9 118496
25324 16 10 118497
25326 16 14 118498
25328 16 15 118499
25330 16 19 118500
25332 16 21 118501
25334 16 22 118502
25336 16 23 118503
25338 16 1 118504
25340 16 2 118505
25342 16 3 118506
25344 16 5 118507
25346 16 9 118508
25348 16 10 118509
25350 16 14 118510
25352 16 15 118511
25354 16 19 118512
25356 16 21 118513
25358 16 22 118514
25360 16 23 118515
25362 16 1 118516
25364 16 2 118517
25366 16 3 118518
25368 16 5 118519
25370 16 9 118520
25372 16 10 118521
25374 16 14 118522
25376 16 15 118523
25378 16 19 118524
25380 16 21 118525
25382 16 22 118526
25384 16 23 118527
25386 16 1 118528
25388 16 2 118529
25390 16 3 118530
25392 16 5 118531
25394 16 9 118532
25396 16 10 118533
25398 16 14 118534
25400 16 15 118535
25402 16 19 118536
25404 16 21 118537
25406 16 22 118538
25408 16 23 118539
25410 16 1 118540
25412 16 2 118541
25414 16 3 118542
25416 16 5 118543
25418 16 9 118544
25420 16 10 118545
25422 16 14 118546
25424 16 15 118547
25426 16 19 118548
25428 16 21 118549
25430 16 22 118550
25432 16 23 118551
25434 16 1 118552
25436 16 2 118553
25438 16 3 118554
25440 16 5 118555
25442 16 9 118556
25444 16 10 118557
25446 16 14 118558
25448 16 15 118559
25450 16 19 118560
25452 16 21 118561
25454 16 22 118562
25456 16 23 118563
25458 16 1 118564
25460 16 2 118565
25462 16 3 118566
25464 16 5 118567
25466 16 9 118568
25468 16 10 118569
25470 16 14 118570
25472 16 15 118571
25474 16 19 118572
25476 16 21 118573
25478 16 22 118574
25480 16 23 118575
25482 16 1 118576
25484 16 2 118577
25486 16 3 118578
25488 16 5 118579
25490 16 9 118580
25492 16 10 118581
25494 16 14 118582
25496 16 15 118583
25498 16 19 118584
25500 16 21 118585
25502 16 22 118586
25504 16 23 118587
25506 16 1 118588
25508 16 2 118589
25510 16 3 118590
25512 16 5 118591
25514 16 9 118592
25516 16 10 118593
25518 16 14 118594
25520 16 15 118595
25522 16 19 118596
25524 16 21 118597
25526 16 22 118598
25528 16 23 118599
25530 16 1 118600
25532 16 2 118601
25534 16 3 118602
25536 16 5 118603
25538 16 9 118604
25540 16 10 118605
25542 16 14 118606
25544 16 15 118607
25546 16 19 118608
25548 16 21 118609
25550 16 22 118610
25552 16 23 118611
25554 16 1 118612
25556 16 2 118613
25558 16 3 118614
25560 16 5 118615
25562 16 9 118616
25564 16 10 118617
25566 16 14 118618
25568 16 15 118619
25570 16 21 46073
25572 16 19 45100
25574 16 1 47704
25576 16 15 47711
25578 16 3 47550
25582 16 23 47391
25586 16 10 82693
25588 16 2 82317
25590 16 22 82482
25592 16 23 82483
25594 16 14 89958
25602 16 21 92181
25604 16 23 71811
25606 16 3 72150
25612 16 22 91542
25614 16 1 51404
25616 16 19 52216
25618 16 9 52212
25622 16 22 52218
25624 16 1 52220
25626 16 14 34638
25628 16 3 33926
25630 16 15 34243
25632 16 19 34244
25634 16 21 34245
25636 16 22 34246
25638 16 23 34247
25640 16 1 34248
25642 16 23 34751
25644 16 14 105886
25646 16 21 105577
25648 16 22 105578
25650 16 23 105579
25652 16 1 105580
25654 16 2 105581
25656 16 3 105582
25658 16 5 105583
25660 16 9 105584
25662 16 10 105585
25664 16 14 105586
25666 16 15 105587
25668 16 22 105794
25670 16 10 52793
25672 16 23 52367
25674 16 10 52313
25676 16 10 52385
25678 16 14 52386
25680 16 14 52230
25682 16 15 52579
25684 16 1 52812
25686 16 21 54533
25688 16 23 54547
25690 16 5 55139
25692 16 15 59191
25694 16 2 59149
25696 16 10 59117
25698 16 23 58955
25700 16 1 49512
25702 16 2 49885
25704 16 19 49952
25706 16 21 49953
25708 16 22 49954
25710 16 10 48961
25712 16 22 48426
25714 16 3 107218
25716 16 5 90847
25718 16 1 90316
25720 16 21 116937
25722 16 22 116938
25724 16 23 116939
25726 16 1 116940
25728 16 2 116941
25730 16 3 116942
25732 16 5 116943
25734 16 9 116944
25736 16 10 116945
25738 16 14 116946
25740 16 15 116947
25742 16 19 116948
25744 16 21 116949
25746 16 22 116950
25748 16 23 116951
25750 16 1 116952
25752 16 2 116953
25754 16 3 116954
25756 16 5 116955
25758 16 9 116956
25760 16 10 116957
25762 16 14 116958
25764 16 15 116959
25766 16 19 116960
25768 16 21 116961
25770 16 22 116962
25772 16 23 116963
25774 16 1 116964
25776 16 2 116965
25778 16 3 116966
25780 16 5 116967
25782 16 9 116968
25784 16 10 116969
25786 16 14 116970
25788 16 15 116971
25790 16 19 116972
25792 16 21 116973
25794 16 22 116974
25796 16 23 116975
25798 16 1 116976
25800 16 2 116977
25802 16 3 116978
25804 16 5 116979
25806 16 9 116980
25808 16 10 116981
25810 16 14 116982
25812 16 15 116983
25814 16 19 116984
25816 16 21 116985
25818 16 22 116986
25820 16 23 116987
25822 16 1 116988
25824 16 2 116989
25826 16 3 116990
25828 16 5 116991
25830 16 9 116992
25832 16 10 116993
25834 16 14 116994
25836 16 15 116995
25838 16 19 116996
25840 16 21 116997
25842 16 22 116998
25844 16 23 116999
25846 16 1 117000
25848 16 2 117001
25850 16 3 117002
25852 16 5 117003
25854 16 9 117004
25856 16 10 117005
25858 16 14 117006
25860 16 15 117007
25862 16 19 117008
25864 16 21 117009
25866 16 22 117010
25868 16 23 117011
25870 16 1 117012
25872 16 2 117013
25874 16 3 117014
25876 16 5 117015
25878 16 9 117016
25880 16 10 117017
25882 16 14 117018
25884 16 15 117019
25886 16 19 117020
25888 16 21 117021
25890 16 22 117022
25892 16 23 117023
25894 16 1 117024
25896 16 2 117025
25898 16 3 117026
25900 16 5 117027
25902 16 9 117028
25904 16 10 117029
25906 16 14 117030
25908 16 15 117031
25910 16 19 117032
25912 16 21 117033
25914 16 22 117034
25916 16 23 117035
25918 16 1 117036
25920 16 2 117037
25922 16 3 117038
25924 16 5 117039
25926 16 9 117040
25928 16 10 117041
25930 16 14 117042
25932 16 15 117043
25934 16 19 117044
25936 16 21 117045
25938 16 22 117046
25940 16 23 117047
25942 16 1 117048
25944 16 2 117049
25946 16 3 117050
25948 16 5 117051
25950 16 9 117052
25952 16 10 117053
25954 16 14 117054
25956 16 15 117055
25958 16 19 117056
25960 16 21 117057
25962 16 22 117058
25964 16 23 117059
25966 16 1 117060
25968 16 2 117061
25970 16 3 117062
25972 16 5 117063
25974 16 9 117064
25976 16 10 117065
25978 16 14 117066
25980 16 15 117067
25982 16 19 117068
25984 16 21 117069
25986 16 22 117070
25988 16 23 117071
26006 16 1 117072
26008 16 2 117073
26010 16 3 117074
26012 16 5 117075
26014 16 9 117076
26016 16 10 117077
26018 16 14 117078
26020 16 15 117079
26022 16 19 117080
26024 16 21 117081
26026 16 22 117082
26028 16 23 117083
26030 16 1 117084
26032 16 2 117085
26034 16 3 117086
26036 16 5 117087
26038 16 9 117088
26040 16 10 117089
26042 16 14 117090
26044 16 15 117091
26046 16 19 117092
26048 16 21 117093
26050 16 22 117094
26052 16 23 117095
26054 16 1 117096
26056 16 2 117097
26058 16 3 117098
26060 16 5 117099
26062 16 9 117100
26064 16 10 117101
26066 16 14 117102
26068 16 15 117103
26070 16 19 117104
26072 16 21 117105
26074 16 22 117106
26076 16 23 117107
26078 16 1 117108
26080 16 2 117109
26082 16 3 117110
26084 16 5 117111
26086 16 9 117112
26088 16 10 117113
26090 16 14 117114
26092 16 15 117115
26094 16 19 117116
26096 16 21 117117
26098 16 22 117118
26100 16 23 117119
26102 16 1 117120
26104 16 2 117121
26106 16 3 117122
26108 16 5 117123
26110 16 9 117124
26112 16 10 117125
26114 16 14 117126
26116 16 15 117127
26118 16 19 117128
26120 16 21 117129
26122 16 22 117130
26124 16 23 117131
26126 16 1 117132
26128 16 2 117133
26130 16 3 117134
26132 16 5 117135
26134 16 9 117136
26136 16 10 117137
26138 16 14 117138
26140 16 15 117139
26142 16 19 117140
26144 16 21 117141
26146 16 22 117142
26148 16 23 117143
26150 16 1 117144
26152 16 2 117145
26154 16 3 117146
26156 16 5 117147
26158 16 9 117148
26160 16 10 117149
26162 16 14 117150
26164 16 15 117151
26166 16 19 117152
26168 16 21 117153
26170 16 22 117154
26172 16 23 117155
26174 16 1 117156
26176 16 2 117157
26178 16 3 117158
26180 16 5 117159
26182 16 9 117160
26184 16 10 117161
26186 16 14 117162
26188 16 15 117163
26190 16 19 117164
26192 16 21 117165
26194 16 22 117166
26196 16 23 117167
26198 16 1 117168
26200 16 2 117169
26202 16 3 117170
26204 16 5 117171
26206 16 9 117172
26208 16 10 117173
26210 16 14 117174
26212 16 15 117175
26214 16 19 117176
26216 16 21 117177
26218 16 22 117178
26220 16 23 117179
26222 16 1 117180
26224 16 2 117181
26226 16 3 117182
26228 16 5 117183
26230 16 9 117184
26232 16 10 117185
26234 16 14 117186
26236 16 15 117187
26238 16 19 117188
26240 16 21 117189
26242 16 22 117190
26244 16 23 117191
26246 16 1 117192
26248 16 2 117193
26250 16 3 117194
26252 16 5 117195
26254 16 9 117196
26256 16 10 117197
26258 16 14 117198
26260 16 15 117199
26262 16 19 117200
26264 16 21 117201
26266 16 22 117202
26268 16 23 117203
26270 16 1 117204
26272 16 2 117205
26274 16 3 117206
26276 16 5 117207
26278 16 9 117208
26280 16 10 117209
26282 16 14 117210
26284 16 15 117211
26286 16 19 117212
26288 16 21 117213
26290 16 22 117214
26292 16 23 117215
26294 16 1 117216
26296 16 2 117217
26298 16 3 117218
26300 16 5 117219
26302 16 9 117220
26304 16 10 117221
26306 16 14 117222
26308 16 15 117223
26310 16 19 117224
26312 16 21 117225
26314 16 22 117226
26316 16 23 117227
26318 16 1 117228
26320 16 2 117229
26322 16 3 117230
26324 16 5 117231
26326 16 9 117232
26328 16 10 117233
26330 16 14 117234
26332 16 15 117235
26334 16 19 117236
26336 16 21 117237
26338 16 22 117238
26340 16 23 117239
26342 16 1 117240
26344 16 2 117241
26346 16 3 117242
26348 16 5 117243
26350 16 9 117244
26352 16 10 117245
26354 16 14 117246
26356 16 15 117247
26358 16 19 117248
26360 16 21 117249
26362 16 22 117250
26364 16 23 117251
26366 16 1 117252
26368 16 2 117253
26370 16 3 117254
26372 16 5 117255
26374 16 9 117256
26376 16 10 117257
26378 16 14 117258
26380 16 15 117259
26382 16 19 117260
26384 16 21 117261
26386 16 22 117262
26388 16 23 117263
26390 16 1 117264
26392 16 2 117265
26394 16 3 117266
26396 16 5 117267
26398 16 9 117268
26400 16 10 117269
26402 16 14 117270
26404 16 15 117271
26406 16 19 117272
26408 16 21 117273
26410 16 22 117274
26412 16 23 117275
26414 16 1 117276
26416 16 2 117277
26418 16 3 117278
26420 16 5 117279
26422 16 9 117280
26424 16 10 117281
26426 16 14 117282
26428 16 15 117283
26430 16 19 117284
26432 16 21 117285
26434 16 22 117286
26436 16 23 117287
26438 16 1 117288
26440 16 2 117289
26442 16 3 117290
26444 16 5 117291
26446 16 9 117292
26448 16 10 117293
26450 16 14 117294
26452 16 15 117295
26454 16 19 117296
26456 16 21 117297
26458 16 22 117298
26460 16 23 117299
26462 16 1 117300
26464 16 2 117301
26466 16 3 117302
26468 16 5 117303
26470 16 9 117304
26472 16 10 117305
26474 16 14 117306
26476 16 15 117307
26478 16 19 117308
26480 16 21 117309
26482 16 22 117310
26484 16 23 117311
26486 16 1 117312
26488 16 2 117313
26490 16 3 117314
26492 16 5 117315
26494 16 9 117316
26496 16 10 117317
26498 16 14 117318
26500 16 15 117319
26502 16 19 117320
26504 16 21 117321
26506 16 22 117322
26508 16 23 117323
26510 16 1 117324
26512 16 2 117325
26514 16 3 117326
26516 16 5 117327
26518 16 9 117328
26520 16 10 117329
26522 16 14 117330
26524 16 15 117331
26526 16 19 117332
26528 16 21 117333
26530 16 22 117334
26532 16 23 117335
26534 16 1 117336
26536 16 2 117337
26538 16 3 117338
26540 16 5 117339
26542 16 9 117340
26544 16 10 117341
26546 16 14 117342
26548 16 15 117343
26550 16 19 117344
26552 16 21 117345
26554 16 22 117346
26556 16 23 117347
26558 16 1 117348
26560 16 2 117349
26562 16 3 117350
26564 16 5 117351
26566 16 9 117352
26568 16 10 117353
26570 16 14 117354
26572 16 15 117355
26574 16 19 117356
26576 16 21 117357
26578 16 22 117358
26580 16 23 117359
26582 16 1 117360
26584 16 2 117361
26586 16 3 117362
26588 16 5 117363
26590 16 9 117364
26592 16 10 117365
26594 16 14 117366
26596 16 15 117367
26598 16 19 117368
26600 16 21 117369
26602 16 22 117370
26604 16 23 117371
26606 16 1 117372
26608 16 2 117373
26610 16 3 117374
26612 16 5 117375
26614 16 9 117376
26616 16 10 117377
26618 16 14 117378
26620 16 15 117379
26622 16 19 117380
26624 16 21 117381
26626 16 22 117382
26628 16 23 117383
26630 16 1 117384
26632 16 2 117385
26634 16 3 117386
26636 16 5 117387
26638 16 9 117388
26640 16 10 117389
26642 16 14 117390
26644 16 15 117391
26646 16 19 117392
26648 16 21 117393
26650 16 22 117394
26652 16 23 117395
26654 16 1 117396
26656 16 2 117397
26658 16 3 117398
26660 16 5 117399
26662 16 9 117400
26664 16 10 117401
26666 16 14 117402
26668 16 15 117403
26670 16 19 117404
26672 16 21 117405
26674 16 22 117406
26676 16 23 117407
26678 16 1 117408
26680 16 2 117409
26682 16 3 117410
26684 16 5 117411
26686 16 9 117412
26688 16 10 117413
26690 16 14 117414
26692 16 15 117415
26694 16 19 117416
26696 16 21 117417
26698 16 22 117418
26700 16 23 117419
26702 16 1 117420
26704 16 2 117421
26706 16 3 117422
26708 16 5 117423
26710 16 9 117424
26712 16 10 117425
26714 16 14 117426
26716 16 15 117427
26718 16 19 117428
26720 16 21 117429
26722 16 22 117430
26724 16 23 117431
26726 16 1 117432
26728 16 2 117433
26730 16 3 117434
26732 16 5 117435
26734 16 9 117436
26736 16 10 117437
26738 16 14 117438
26740 16 15 117439
26742 16 19 117440
26744 16 21 117441
26746 16 22 117442
26748 16 23 117443
26750 16 1 117444
26752 16 2 117445
26754 16 3 117446
26756 16 5 117447
26758 16 9 117448
26760 16 10 117449
26762 16 14 117450
26764 16 15 117451
26766 16 19 117452
26768 16 21 117453
26770 16 22 117454
26772 16 23 117455
26774 16 1 117456
26776 16 2 117457
26778 16 3 117458
26780 16 5 117459
26782 16 9 117460
26784 16 10 117461
26786 16 14 117462
26788 16 15 117463
26790 16 19 117464
26792 16 21 117465
26794 16 22 117466
26796 16 23 117467
26798 16 1 117468
26800 16 2 117469
26802 16 3 117470
26804 16 5 117471
26806 16 9 117472
26808 16 10 117473
26810 16 14 117474
26812 16 15 117475
26814 16 19 117476
26816 16 21 117477
26818 16 22 117478
26820 16 23 117479
26822 16 1 117480
26824 16 2 117481
26826 16 3 117482
26828 16 5 117483
26830 16 9 117484
26832 16 10 117485
26834 16 14 117486
26836 16 15 117487
26838 16 19 117488
26840 16 21 117489
26842 16 22 117490
26844 16 23 117491
26846 16 1 117492
26848 16 2 117493
26850 16 3 117494
26852 16 5 117495
26854 16 9 117496
26856 16 10 117497
26858 16 14 117498
26860 16 15 117499
26862 16 19 117500
26864 16 21 117501
26866 16 22 117502
26868 16 23 117503
26870 16 1 117504
26872 16 2 117505
26874 16 3 117506
26876 16 5 117507
26878 16 9 117508
26880 16 10 117509
26882 16 14 117510
26884 16 15 117511
26886 16 19 117512
26888 16 21 117513
26890 16 22 117514
26892 16 23 117515
26894 16 1 117516
26896 16 2 117517
26898 16 3 117518
26900 16 5 117519
26902 16 9 117520
26904 16 10 117521
26906 16 14 117522
26908 16 15 117523
26910 16 19 117524
26912 16 21 117525
26914 16 22 117526
26916 16 23 117527
26918 16 1 117528
26920 16 2 117529
26922 16 3 117530
26924 16 5 117531
26926 16 9 117532
26928 16 10 117533
26930 16 14 117534
26932 16 15 117535
26934 16 19 117536
26936 16 21 117537
26938 16 22 117538
26940 16 23 117539
26942 16 1 117540
26944 16 2 117541
26946 16 3 117542
26948 16 5 117543
26950 16 9 117544
26952 16 10 117545
26954 16 14 117546
26956 16 15 117547
26958 16 19 117548
26960 16 21 117549
26962 16 22 117550
26964 16 23 117551
26966 16 1 117552
26968 16 2 117553
26970 16 3 117554
26972 16 5 117555
26974 16 9 117556
26976 16 10 117557
26978 16 14 117558
26980 16 15 117559
26982 16 19 117560
26984 16 21 117561
26986 16 22 117562
26988 16 23 117563
26990 16 1 117564
26992 16 2 117565
26994 16 3 117566
26996 16 5 117567
26998 16 9 117568
27000 16 10 117569
27002 16 14 117570
27004 16 15 117571
27006 16 19 117572
27008 16 21 117573
27010 16 22 117574
27012 16 23 117575
27014 16 1 117576
27016 16 2 117577
27018 16 3 117578
27020 16 5 117579
27022 16 9 117580
27024 16 10 117581
27026 16 14 117582
27028 16 15 117583
27030 16 19 117584
27032 16 21 117585
27034 16 22 117586
27042 16 23 117587
27044 16 1 117588
27046 16 2 117589
27048 16 3 117590
27050 16 5 117591
27052 16 9 117592
27054 16 10 117593
27056 16 14 117594
27058 16 15 117595
27060 16 19 117596
27062 16 21 117597
27064 16 22 117598
27066 16 23 117599
27068 16 1 117600
27070 16 2 117601
27072 16 3 117602
27074 16 5 117603
27076 16 9 117604
27078 16 10 117605
27080 16 14 117606
27082 16 15 117607
27084 16 19 117608
27086 16 21 117609
27088 16 22 117610
27090 16 23 117611
27092 16 1 117612
27094 16 2 117613
27096 16 3 117614
27098 16 5 117615
27100 16 9 117616
27102 16 10 117617
27104 16 14 117618
27106 16 15 117619
27108 16 19 117620
27110 16 21 117621
27112 16 22 117622
27114 16 23 117623
27116 16 1 117624
27118 16 2 117625
27120 16 3 117626
27122 16 5 117627
27124 16 9 117628
27126 16 10 117629
27128 16 14 117630
27130 16 15 117631
27132 16 19 117632
27134 16 21 117633
27136 16 22 117634
27138 16 23 117635
27140 16 1 117636
27142 16 2 117637
27144 16 3 117638
27146 16 5 117639
27148 16 9 117640
27150 16 10 117641
27152 16 14 117642
27154 16 15 117643
27156 16 19 117644
27158 16 21 117645
27160 16 22 117646
27162 16 23 117647
27164 16 1 117648
27166 16 2 117649
27168 16 3 117650
27170 16 5 117651
27172 16 9 117652
27174 16 10 117653
27176 16 14 117654
27178 16 15 117655
27180 16 19 117656
27182 16 21 117657
27184 16 22 117658
27186 16 23 117659
27188 16 1 117660
27190 16 2 117661
27192 16 3 117662
27194 16 5 117663
27196 16 9 117664
27198 16 10 117665
27200 16 14 117666
27202 16 15 117667
27204 16 19 117668
27206 16 21 117669
27208 16 22 117670
27210 16 23 117671
27212 16 1 117672
27214 16 2 117673
27216 16 3 117674
27218 16 5 117675
27220 16 9 117676
27222 16 10 117677
27224 16 14 117678
27226 16 15 117679
27228 16 19 117680
27230 16 21 117681
27232 16 22 117682
27234 16 23 117683
27236 16 1 117684
27238 16 2 117685
27240 16 3 117686
27242 16 5 117687
27244 16 9 117688
27246 16 10 117689
27248 16 14 117690
27250 16 15 117691
27252 16 19 117692
27254 16 21 117693
27256 16 22 117694
27258 16 23 117695
27260 16 1 117696
27262 16 2 117697
27264 16 3 117698
27266 16 5 117699
27268 16 9 117700
27270 16 10 117701
27272 16 14 117702
27274 16 15 117703
27276 16 19 117704
27278 16 21 117705
27280 16 22 117706
27282 16 23 117707
27284 16 1 117708
27286 16 2 117709
27288 16 3 117710
27290 16 5 117711
27292 16 9 117712
27294 16 10 117713
27296 16 14 117714
27298 16 15 117715
27300 16 19 117716
27302 16 21 117717
27304 16 22 117718
27306 16 23 117719
27308 16 1 117720
27310 16 2 117721
27312 16 3 117722
27314 16 5 117723
27316 16 9 117724
27318 16 10 117725
27320 16 14 117726
27322 16 15 117727
27324 16 19 117728
27326 16 21 117729
27328 16 22 117730
27330 16 23 117731
27332 16 1 117732
27334 16 2 117733
27336 16 3 117734
27338 16 5 117735
27340 16 9 117736
27342 16 10 117737
27344 16 14 117738
27346 16 15 117739
27348 16 19 117740
27350 16 21 117741
27352 16 22 117742
27354 16 23 117743
27356 16 1 117744
27358 16 2 117745
27360 16 3 117746
27362 16 5 117747
27364 16 9 117748
27366 16 10 117749
27368 16 14 117750
27370 16 15 117751
27372 16 19 117752
27374 16 21 117753
27376 16 22 117754
27378 16 23 117755
27380 16 1 117756
27382 16 2 117757
27384 16 3 117758
27386 16 5 117759
27390 16 22 108034
27392 16 23 108035
27394 16 1 108036
27396 16 2 108037
27398 16 3 108038
27400 16 5 108039
27402 16 9 108040
27404 16 10 108041
27406 16 14 108042
27408 16 15 108043
27410 16 19 108044
27412 16 21 108045
27414 16 22 108046
27416 16 23 108047
27418 16 1 108048
27420 16 2 108049
27422 16 3 108050
27424 16 5 108051
27426 16 10 108053
27428 16 14 108054
27430 16 15 108055
27432 16 19 108056
27434 16 21 108057
27436 16 22 108058
27438 16 23 108059
27440 16 1 108060
27442 16 3 108062
27444 16 5 108063
27446 16 9 108064
27448 16 10 108065
27450 16 14 108066
27452 16 15 108067
27454 16 19 108068
27456 16 19 104092
27458 16 3 67850
27460 16 5 67587
27462 16 10 67673
27464 16 10 67865
27466 16 5 68367
27468 16 15 40231
27470 16 15 40819
27472 16 5 40815
27474 16 21 40845
27476 16 15 40843
27478 16 19 40844
27492 16 5 67283
27494 16 15 67287
27496 16 14 67298
27498 16 5 67367
27500 16 23 109527
27502 16 10 113317
27504 16 23 113323
27506 16 3 113326
27508 16 9 113328
27510 16 14 112862
27512 16 5 57767
27514 16 1 0
27518 16 2 169
27520 16 21 201
27528 16 5 39
27550 16 9 700
27554 16 15 163
27556 16 23 779
27560 16 3 830
27570 16 15 11739
27572 16 23 11743
27574 16 14 11282
27576 16 21 11765
27578 16 23 11767
27580 16 1 11768
27582 16 21 11669
27584 16 9 11736
27586 16 10 11737
27590 16 9 12036
27592 16 2 12093
27594 16 9 12096
27596 16 19 12112
27598 16 23 12115
27600 16 1 12116
27602 16 9 12120
27604 16 22 12126
27606 16 2 11685
27608 16 9 11976
27616 16 5 11735
27618 16 14 11738
27620 16 23 1371
27622 16 3 1950
27626 16 19 1092
27628 16 14 1618
27630 16 21 1789
27632 16 5 1663
27634 16 23 1671
27636 16 22 1274
27640 16 2 1877
27642 16 2 1901
27646 16 15 1619
27648 16 19 26496
27650 16 10 26505
27652 16 15 26507
27654 16 5 26515
27656 16 1 26524
27658 16 23 26535
27660 16 1 26500
27662 16 21 26509
27664 16 22 26510
27666 16 23 26511
27668 16 1 26512
27670 16 2 26513
27692 16 23 26523
27694 16 3 26514
27696 16 9 26516
27698 16 10 26517
27700 16 14 26518
27702 16 9 26504
27704 16 21 26533
27708 16 15 26519
27710 16 2 26525
27714 16 9 26528
27716 16 2 25853
27722 16 1 26548
27726 16 19 26556
27728 16 3 26562
27730 16 9 26564
27732 16 22 26570
27746 16 10 26577
27776 16 14 26578
27778 16 15 26579
27780 16 10 26589
27782 16 14 26590
27784 16 2 26609
27804 16 15 26615
27808 16 23 26619
27810 16 1 26620
27812 16 2 26621
27826 16 5 26623
27876 16 23 12671
27878 16 19 12692
27880 16 2 12709
27888 16 5 12699
27892 16 19 12896
27894 16 3 3338
27896 16 2 3409
27898 16 14 3282
27900 16 2 3133
27904 16 1 3636
27906 16 23 3251
27908 16 5 7831
27910 16 15 7835
27912 16 19 7836
27914 16 23 7839
27916 16 1 8044
27918 16 2 8045
27920 16 15 8159
27922 16 22 8162
27928 16 14 10014
27930 16 23 10211
27934 16 9 31192
27936 16 9 31468
27938 16 15 31459
27946 16 21 25341
27948 16 23 74747
27950 16 22 74746
27952 16 3 74702
27954 16 21 74649
27956 16 5 74607
27960 16 19 74660
27966 16 10 74729
27968 16 9 74692
27970 16 14 74622
27976 16 19 74600
27978 16 2 74617
27980 16 14 96634
27982 16 15 96635
27984 16 19 96636
27986 16 21 96637
27988 16 23 96639
27990 16 22 5490
27992 16 23 5659
27994 16 9 5736
27996 16 1 5744
27998 16 19 5224
28000 16 1 5324
28002 16 21 5357
28004 16 10 5461
28006 16 10 5473
28008 16 19 5560
28010 16 22 5670
28012 16 22 5910
28014 16 19 5980
28016 16 2 6057
28018 16 10 5905
28020 16 9 5328
28022 16 15 5463
28024 16 10 5533
28036 16 10 28845
28038 16 19 16244
28040 16 3 16250
28042 16 9 16276
28046 16 22 16282
28048 16 3 63222
28050 16 19 81612
28052 16 3 81546
28054 16 15 7051
28056 16 14 7122
28058 16 1 6300
28060 16 2 6301
28062 16 2 6337
28064 16 14 6522
28066 16 2 6565
28068 16 2 6625
28076 16 2 6145
28078 16 22 6682
28084 16 1 6684
28086 16 2 6685
28088 16 2 16385
28090 16 5 16387
28092 16 10 16713
28094 16 19 16848
28096 16 14 16942
28098 16 5 16951
28100 16 10 16821
28102 16 3 16974
28104 16 3 17106
28106 16 10 17109
28110 16 15 16943
28112 16 15 17303
28116 16 3 17370
28118 16 10 17193
28120 16 22 17318
28126 16 23 42979
28128 16 2 42189
28130 16 1 42236
28132 16 23 42355
28134 16 15 42327
28136 16 2 42345
28138 16 5 71451
28140 16 10 46613
28142 16 19 46616
28144 16 22 46630
28146 16 1 135168
28148 16 2 135169
28150 16 3 135170
28152 16 5 135171
28154 16 9 135172
28156 16 10 135173
28158 16 14 135174
28160 16 15 135175
28164 16 19 135176
28166 16 21 135177
28168 16 22 135178
28170 16 23 135179
28172 16 1 135180
28174 16 2 135181
28176 16 3 135182
28178 16 5 135183
28180 16 9 135184
28182 16 10 135185
28184 16 14 135186
28186 16 15 135187
28188 16 19 135188
28190 16 21 135189
28192 16 22 135190
28194 16 23 135191
28196 16 1 135192
28198 16 2 135193
28200 16 3 135194
28202 16 5 135195
28204 16 9 135196
28206 16 10 135197
28208 16 14 135198
28210 16 15 135199
28212 16 19 135200
28214 16 21 135201
28216 16 22 135202
28218 16 23 135203
28220 16 1 135204
28222 16 2 135205
28224 16 3 135206
28226 16 5 135207
28228 16 9 135208
28230 16 10 135209
28232 16 14 135210
28234 16 15 135211
28236 16 19 135212
28238 16 21 135213
28240 16 22 135214
28242 16 23 135215
28244 16 1 135216
28246 16 2 135217
28248 16 3 135218
28250 16 5 135219
28252 16 9 135220
28254 16 10 135221
28256 16 14 135222
28258 16 15 135223
28260 16 19 135224
28262 16 21 135225
28264 16 22 135226
28266 16 23 135227
28268 16 1 135228
28270 16 2 135229
28272 16 3 135230
28274 16 5 135231
28276 16 9 135232
28278 16 10 135233
28280 16 14 135234
28282 16 15 135235
28284 16 19 135236
28286 16 21 135237
28288 16 22 135238
28290 16 23 135239
28292 16 1 135240
28294 16 2 135241
28296 16 3 135242
28298 16 5 135243
28300 16 9 135244
28302 16 10 135245
28304 16 14 135246
28306 16 15 135247
28308 16 19 135248
28310 16 21 135249
28312 16 22 135250
28314 16 23 135251
28316 16 1 135252
28318 16 2 135253
28320 16 3 135254
28322 16 5 135255
28326 16 9 135256
28328 16 10 135257
28330 16 14 135258
28332 16 15 135259
28334 16 19 135260
28336 16 21 135261
28338 16 22 135262
28340 16 23 135263
28342 16 1 135264
28344 16 2 135265
28346 16 3 135266
28348 16 5 135267
28350 16 9 135268
28352 16 10 135269
28354 16 14 135270
28356 16 15 135271
28358 16 19 135272
28360 16 21 135273
28362 16 22 135274
28364 16 23 135275
28366 16 1 135276
28368 16 2 135277
28370 16 3 135278
28372 16 5 135279
28374 16 9 135280
28376 16 10 135281
28378 16 14 135282
28380 16 15 135283
28382 16 19 135284
28384 16 21 135285
28386 16 22 135286
28388 16 23 135287
28390 16 1 135288
28392 16 2 135289
28394 16 3 135290
28396 16 5 135291
28398 16 9 135292
28400 16 10 135293
28402 16 14 135294
28404 16 15 135295
28406 16 19 135296
28408 16 21 135297
28410 16 22 135298
28412 16 23 135299
28414 16 1 135300
28416 16 2 135301
28418 16 3 135302
28420 16 5 135303
28422 16 9 135304
28424 16 10 135305
28426 16 14 135306
28428 16 15 135307
28430 16 19 135308
28432 16 21 135309
28434 16 22 135310
28436 16 23 135311
28438 16 1 135312
28440 16 2 135313
28442 16 3 135314
28444 16 5 135315
28446 16 9 135316
28448 16 10 135317
28450 16 14 135318
28452 16 15 135319
28454 16 19 135320
28456 16 21 135321
28458 16 22 135322
28460 16 23 135323
28462 16 1 135324
28464 16 2 135325
28466 16 3 135326
28468 16 5 135327
28470 16 9 135328
28472 16 10 135329
28474 16 14 135330
28476 16 15 135331
28478 16 19 135332
28480 16 21 135333
28482 16 22 135334
28484 16 23 135335
28486 16 1 135336
28488 16 2 135337
28490 16 3 135338
28492 16 5 135339
28494 16 9 135340
28496 16 10 135341
28498 16 14 135342
28500 16 15 135343
28502 16 19 135344
28504 16 21 135345
28506 16 22 135346
28508 16 23 135347
28510 16 1 135348
28512 16 2 135349
28514 16 3 135350
28516 16 5 135351
28518 16 9 135352
28520 16 10 135353
28522 16 14 135354
28524 16 15 135355
28526 16 19 135356
28528 16 21 135357
28530 16 22 135358
28532 16 23 135359
28534 16 1 135360
28536 16 2 135361
28538 16 3 135362
28540 16 5 135363
28542 16 9 135364
28544 16 10 135365
28546 16 14 135366
28548 16 15 135367
28550 16 19 135368
28554 16 21 135369
28556 16 22 135370
28558 16 23 135371
28560 16 1 135372
28562 16 2 135373
28564 16 3 135374
28566 16 5 135375
28568 16 9 135376
28570 16 10 135377
28576 16 14 135378
28578 16 15 135379
28580 16 19 135380
28582 16 21 135381
28584 16 22 135382
28586 16 23 135383
28588 16 1 135384
28590 16 2 135385
28592 16 3 135386
28596 16 5 135387
28598 16 9 135388
28600 16 10 135389
28602 16 14 135390
28604 16 15 135391
28606 16 19 135392
28608 16 21 135393
28610 16 22 135394
28612 16 23 135395
28614 16 1 135396
28616 16 2 135397
28618 16 3 135398
28622 16 5 135399
28624 16 9 135400
28626 16 10 135401
28628 16 14 135402
28632 16 15 135403
28634 16 19 135404
28636 16 21 135405
28638 16 22 135406
28640 16 23 135407
28642 16 1 135408
28644 16 2 135409
28646 16 3 135410
28648 16 5 135411
28650 16 9 135412
28652 16 10 135413
28654 16 14 135414
28656 16 15 135415
28658 16 19 135416
28660 16 21 135417
28662 16 22 135418
28664 16 23 135419
28666 16 1 135420
28668 16 2 135421
28670 16 3 135422
28672 16 5 135423
28674 16 9 135424
28676 16 10 135425
28678 16 14 135426
28680 16 15 135427
28682 16 19 135428
28684 16 21 135429
28686 16 22 135430
28688 16 23 135431
28690 16 1 135432
28692 16 2 135433
28694 16 3 135434
28696 16 5 135435
28698 16 9 135436
28700 16 10 135437
28702 16 14 135438
28704 16 15 135439
28706 16 19 135440
28708 16 21 135441
28710 16 22 135442
28712 16 23 135443
28714 16 1 135444
28716 16 2 135445
28718 16 3 135446
28720 16 5 135447
28722 16 9 135448
28724 16 10 135449
28726 16 14 135450
28728 16 15 135451
28730 16 19 135452
28732 16 21 135453
28734 16 22 135454
28736 16 23 135455
28738 16 1 135456
28740 16 2 135457
28742 16 3 135458
28744 16 5 135459
28746 16 9 135460
28748 16 10 135461
28750 16 14 135462
28752 16 15 135463
28754 16 19 135464
28756 16 21 135465
28758 16 22 135466
28760 16 23 135467
28762 16 1 135468
28764 16 2 135469
28766 16 3 135470
28768 16 5 135471
28770 16 9 135472
28772 16 10 135473
28774 16 14 135474
28776 16 15 135475
28778 16 19 135476
28780 16 21 135477
28782 16 22 135478
28784 16 23 135479
28786 16 1 135480
28788 16 2 135481
28790 16 3 135482
28792 16 5 135483
28794 16 9 135484
28796 16 10 135485
28798 16 14 135486
28800 16 15 135487
28802 16 19 135488
28804 16 21 135489
28808 16 22 135490
28810 16 23 135491
28812 16 1 135492
28814 16 2 135493
28816 16 3 135494
28818 16 5 135495
28820 16 9 135496
28822 16 10 135497
28824 16 14 135498
28826 16 15 135499
28828 16 19 135500
28830 16 21 135501
28832 16 22 135502
28834 16 23 135503
28836 16 1 135504
28838 16 2 135505
28840 16 3 135506
28842 16 5 135507
28844 16 9 135508
28846 16 10 135509
28848 16 14 135510
28850 16 15 135511
28852 16 19 135512
28854 16 21 135513
28856 16 22 135514
28858 16 23 135515
28860 16 1 135516
28862 16 2 135517
28864 16 3 135518
28866 16 5 135519
28868 16 9 135520
28870 16 10 135521
28872 16 14 135522
28874 16 15 135523
28876 16 19 135524
28878 16 21 135525
28880 16 22 135526
28882 16 23 135527
28884 16 1 135528
28886 16 2 135529
28888 16 3 135530
28890 16 5 135531
28892 16 9 135532
28894 16 10 135533
28896 16 14 135534
28898 16 15 135535
28900 16 19 135536
28902 16 21 135537
28904 16 22 135538
28906 16 23 135539
28908 16 1 135540
28910 16 2 135541
28912 16 3 135542
28914 16 5 135543
28916 16 9 135544
28918 16 10 135545
28920 16 14 135546
28922 16 15 135547
28924 16 19 135548
28926 16 21 135549
28928 16 22 135550
28930 16 23 135551
28932 16 1 135552
28934 16 2 135553
28936 16 3 135554
28938 16 5 135555
28940 16 9 135556
28942 16 10 135557
28944 16 14 135558
28946 16 15 135559
28948 16 19 135560
28950 16 21 135561
28952 16 22 135562
28954 16 23 135563
28956 16 1 135564
28958 16 2 135565
28960 16 3 135566
28962 16 5 135567
28964 16 9 135568
28966 16 10 135569
28968 16 14 135570
28970 16 15 135571
28972 16 19 135572
28974 16 21 135573
28976 16 22 135574
28978 16 23 135575
28980 16 1 135576
28982 16 2 135577
28984 16 3 135578
28986 16 5 135579
28990 16 9 135580
28992 16 10 135581
28994 16 14 135582
28996 16 15 135583
28998 16 19 135584
29000 16 21 135585
29002 16 22 135586
29004 16 23 135587
29006 16 1 135588
29008 16 2 135589
29010 16 3 135590
29012 16 5 135591
29014 16 9 135592
29016 16 10 135593
29018 16 14 135594
29020 16 15 135595
29022 16 19 135596
29024 16 21 135597
29026 16 22 135598
29028 16 23 135599
29030 16 1 135600
29032 16 2 135601
29034 16 3 135602
29036 16 5 135603
29038 16 9 135604
29040 16 10 135605
29042 16 14 135606
29044 16 15 135607
29046 16 19 135608
29048 16 21 135609
29050 16 22 135610
29052 16 23 135611
29054 16 1 135612
29056 16 2 135613
29058 16 3 135614
29060 16 5 135615
29062 16 9 135616
29064 16 10 135617
29066 16 14 135618
29068 16 15 135619
29070 16 19 135620
29072 16 21 135621
29074 16 22 135622
29076 16 23 135623
29078 16 1 135624
29080 16 2 135625
29082 16 3 135626
29084 16 5 135627
29086 16 9 135628
29088 16 10 135629
29090 16 14 135630
29092 16 15 135631
29094 16 19 135632
29096 16 21 135633
29098 16 22 135634
29100 16 23 135635
29102 16 1 135636
29104 16 2 135637
29108 16 3 135638
29110 16 5 135639
29112 16 9 135640
29114 16 10 135641
29116 16 14 135642
29118 16 15 135643
29120 16 19 135644
29122 16 21 135645
29124 16 22 135646
29126 16 23 135647
29128 16 1 135648
29130 16 2 135649
29132 16 3 135650
29134 16 5 135651
29136 16 9 135652
29138 16 10 135653
29140 16 14 135654
29142 16 15 135655
29144 16 19 135656
29146 16 21 135657
29148 16 22 135658
29150 16 23 135659
29152 16 1 135660
29154 16 2 135661
29156 16 3 135662
29158 16 5 135663
29160 16 9 135664
29162 16 10 135665
29164 16 14 135666
29166 16 15 135667
29168 16 19 135668
29170 16 21 135669
29172 16 22 135670
29174 16 23 135671
29176 16 1 135672
29178 16 2 135673
29180 16 3 135674
29182 16 5 135675
29184 16 9 135676
29186 16 10 135677
29188 16 14 135678
29190 16 15 135679
29192 16 19 135680
29194 16 21 135681
29196 16 22 135682
29198 16 23 135683
29200 16 1 135684
29202 16 2 135685
29204 16 3 135686
29206 16 5 135687
29208 16 9 135688
29210 16 10 135689
29212 16 14 135690
29214 16 15 135691
29216 16 19 135692
29218 16 21 135693
29220 16 22 135694
29222 16 23 135695
29224 16 1 135696
29226 16 2 135697
29228 16 3 135698
29230 16 5 135699
29232 16 9 135700
29234 16 10 135701
29236 16 14 135702
29238 16 15 135703
29240 16 19 135704
29242 16 21 135705
29244 16 22 135706
29246 16 23 135707
29248 16 1 135708
29250 16 2 135709
29252 16 3 135710
29254 16 5 135711
29256 16 9 135712
29258 16 10 135713
29260 16 14 135714
29262 16 15 135715
29264 16 19 135716
29266 16 21 135717
29268 16 22 135718
29270 16 23 135719
29272 16 1 135720
29274 16 2 135721
29276 16 3 135722
29278 16 5 135723
29280 16 9 135724
29282 16 10 135725
29284 16 14 135726
29286 16 15 135727
29288 16 19 135728
29290 16 21 135729
29292 16 22 135730
29294 16 23 135731
29296 16 1 135732
29298 16 2 135733
29300 16 3 135734
29340 16 5 135735
29342 16 9 135736
29344 16 10 135737
29346 16 14 135738
29348 16 15 135739
29350 16 19 135740
29352 16 21 135741
29354 16 22 135742
29356 16 23 135743
29358 16 1 135744
29362 16 2 135745
29364 16 3 135746
29366 16 5 135747
29368 16 9 135748
29380 16 10 135749
29382 16 14 135750
29384 16 15 135751
29386 16 19 135752
29388 16 21 135753
29390 16 22 135754
29392 16 23 135755
29394 16 1 135756
29398 16 2 135757
29402 16 3 135758
29404 16 5 135759
29408 16 9 135760
29410 16 10 135761
29412 16 14 135762
29414 16 15 135763
29416 16 19 135764
29418 16 21 135765
29420 16 22 135766
29422 16 23 135767
29424 16 1 135768
29426 16 2 135769
29428 16 3 135770
29430 16 5 135771
29432 16 9 135772
29434 16 10 135773
29436 16 14 135774
29438 16 15 135775
29440 16 19 135776
29442 16 21 135777
29444 16 22 135778
29446 16 23 135779
29448 16 1 135780
29450 16 2 135781
29452 16 3 135782
29454 16 5 135783
29456 16 9 135784
29458 16 10 135785
29460 16 14 135786
29462 16 15 135787
29464 16 19 135788
29466 16 21 135789
29468 16 22 135790
29470 16 23 135791
29472 16 1 135792
29474 16 2 135793
29476 16 3 135794
29478 16 5 135795
29480 16 9 135796
29482 16 10 135797
29484 16 14 135798
29486 16 15 135799
29488 16 19 135800
29490 16 21 135801
29492 16 22 135802
29494 16 23 135803
29496 16 1 135804
29498 16 2 135805
29500 16 3 135806
29502 16 5 135807
29504 16 9 135808
29506 16 10 135809
29508 16 14 135810
29510 16 15 135811
29512 16 19 135812
29514 16 21 135813
29516 16 22 135814
29518 16 23 135815
29520 16 1 135816
29522 16 2 135817
29524 16 3 135818
29526 16 5 135819
29528 16 9 135820
29530 16 10 135821
29532 16 14 135822
29534 16 15 135823
29536 16 19 135824
29538 16 21 135825
29540 16 22 135826
29542 16 23 135827
29544 16 1 135828
29546 16 2 135829
29548 16 3 135830
29550 16 5 135831
29552 16 9 135832
29554 16 10 135833
29556 16 14 135834
29558 16 15 135835
29560 16 19 135836
29562 16 21 135837
29564 16 22 135838
29566 16 23 135839
29568 16 1 135840
29570 16 2 135841
29572 16 3 135842
29574 16 5 135843
29576 16 9 135844
29578 16 10 135845
29580 16 14 135846
29582 16 15 135847
29584 16 19 135848
29586 16 21 135849
29588 16 22 135850
29590 16 23 135851
29592 16 1 135852
29594 16 2 135853
29596 16 3 135854
29598 16 5 135855
29600 16 9 135856
29602 16 10 135857
29604 16 14 135858
29606 16 15 135859
29608 16 19 135860
29610 16 21 135861
29612 16 22 135862
29614 16 23 135863
29616 16 1 135864
29618 16 2 135865
29620 16 3 135866
29622 16 5 135867
29624 16 9 135868
29626 16 10 135869
29628 16 14 135870
29630 16 15 135871
29632 16 19 135872
29634 16 21 135873
29636 16 22 135874
29638 16 23 135875
29640 16 1 135876
29642 16 2 135877
29644 16 3 135878
29646 16 5 135879
29648 16 9 135880
29650 16 10 135881
29652 16 14 135882
29654 16 15 135883
29656 16 19 135884
29658 16 21 135885
29660 16 22 135886
29662 16 23 135887
29664 16 1 135888
29666 16 2 135889
29668 16 3 135890
29670 16 5 135891
29672 16 9 135892
29674 16 10 135893
29676 16 14 135894
29678 16 15 135895
29680 16 19 135896
29682 16 21 135897
29684 16 22 135898
29686 16 23 135899
29688 16 1 135900
29690 16 2 135901
29692 16 3 135902
29694 16 5 135903
29696 16 9 135904
29698 16 10 135905
29700 16 14 135906
29702 16 15 135907
29704 16 19 135908
29706 16 21 135909
29708 16 22 135910
29710 16 23 135911
29712 16 1 135912
29714 16 2 135913
29716 16 3 135914
29718 16 5 135915
29720 16 9 135916
29722 16 2 14261
29724 16 9 14000
29726 16 2 14225
29728 16 2 14213
29730 16 10 4401
29732 16 23 72739
29734 16 10 39733
29736 16 19 37292
29738 16 5 37299
29740 16 9 37300
29742 16 10 37301
29744 16 19 37424
29746 16 14 99694
29748 16 21 2993
29752 16 10 78453
29754 16 15 112523
29756 16 23 112623
29760 16 1 38656
29762 16 1 38752
29764 16 14 98078
29766 16 1 26624
29770 16 21 35797
29772 16 2 35825
29774 16 1 35824
29776 16 3 35646
29778 16 19 35664
29780 16 3 35574
29782 16 3 35622
29784 16 21 35233
29786 16 5 35791
29790 16 10 35805
29794 16 3 35826
29796 16 10 35829
29798 16 15 35831
29800 16 9 35744
29802 16 1 35752
29804 16 3 35754
29806 16 22 35630
29808 16 21 35749
29812 16 2 35753
29816 16 22 27898
29818 16 23 27911
29820 16 19 28172
29822 16 14 28338
29824 16 10 28361
29826 16 14 28362
29828 16 19 28364
29830 16 21 28365
29832 16 22 28366
29834 16 19 28580
29836 16 1 28584
29838 16 9 28204
29842 16 9 28192
29844 16 5 27747
29846 16 10 27749
29848 16 15 27751
29850 16 2 27781
29852 16 21 28257
29854 16 21 27933
29858 16 1 10744
29860 16 15 11171
29862 16 21 65869
29864 16 14 66550
29868 16 21 66457
29870 16 19 66480
29872 16 19 66492
29874 16 10 66489
29876 16 5 66343
29878 16 14 66478
29880 16 2 66521
29882 16 15 66215
29886 16 23 8371
29890 16 22 8310
29892 16 19 8320
29894 16 21 8297
29896 16 19 115080
29898 16 21 35909
29900 16 22 35910
29902 16 23 36247
29904 16 3 35902
29906 16 5 35843
29908 16 19 36424
29910 16 14 35882
29912 16 9 36072
29916 16 14 35846
29918 16 10 36073
29920 16 9 35928
29922 16 15 35931
29924 16 22 35934
29926 16 3 35938
29928 16 9 35940
29930 16 10 35941
29932 16 19 35944
29934 16 21 35945
29936 16 3 35950
29938 16 5 35951
29940 16 9 35952
29942 16 15 35955
29944 16 19 35956
29946 16 22 35958
29948 16 23 35959
29950 16 9 35964
29952 16 10 35965
29954 16 5 35879
29956 16 9 35880
29960 16 3 35890
29962 16 22 35898
29964 16 2 35901
29966 16 10 35905
29968 16 23 35911
29970 16 2 35913
29972 16 23 35923
29974 16 14 35930
29976 16 21 35933
29978 16 1 35936
29980 16 14 35942
29982 16 15 35943
29984 16 15 35967
29986 16 23 35995
29988 16 5 35999
29990 16 9 36000
29992 16 10 36001
29994 16 14 36002
29996 16 22 36006
29998 16 1 36008
30000 16 3 36010
30002 16 5 36011
30004 16 9 36012
30006 16 15 36015
30008 16 19 36016
30010 16 1 36020
30012 16 9 36024
30014 16 10 36025
30016 16 14 36026
30018 16 15 36027
30020 16 19 36028
30022 16 1 36032
30024 16 2 36033
30026 16 9 36036
30028 16 14 36038
30030 16 19 36040
30032 16 21 36041
30034 16 23 36043
30036 16 2 36045
30038 16 3 36046
30040 16 9 36048
30042 16 10 36049
30044 16 15 36051
30046 16 19 36052
30048 16 2 35949
30050 16 9 36060
30052 16 1 35900
30146 16 1 132768
30148 16 15 132775
30150 16 22 75122
30152 16 10 74781
30154 16 15 74783
30156 16 21 74785
30158 16 22 74786
30160 16 23 74787
30162 16 1 74788
30164 16 2 74789
30166 16 3 74790
30168 16 5 74791
30170 16 9 74792
30172 16 10 74793
30174 16 14 74794
30176 16 15 74795
30178 16 19 74796
30180 16 21 74797
30182 16 22 74798
30184 16 23 74799
30186 16 1 74800
30188 16 2 74801
30190 16 5 74803
30192 16 10 74805
30194 16 14 74806
30196 16 15 74807
30198 16 19 74808
30200 16 21 74809
30202 16 22 74810
30204 16 1 74812
30206 16 2 74813
30208 16 3 74814
30212 16 14 74782
30214 16 15 74915
30218 16 21 75181
30220 16 22 75182
30222 16 10 74817
30224 16 14 74818
30226 16 15 74819
30228 16 19 74820
30230 16 21 74821
30232 16 23 74823
30234 16 3 74826
30236 16 5 74827
30238 16 9 74828
30240 16 5 75211
30242 16 19 74832
30244 16 22 74834
30246 16 23 74835
30248 16 1 74836
30250 16 2 74837
30252 16 3 74838
30254 16 5 74839
30256 16 10 74841
30258 16 14 74842
30260 16 1 74848
30262 16 2 74849
30264 16 3 74850
30266 16 5 74851
30268 16 10 74853
30270 16 14 74854
30272 16 15 74855
30274 16 19 74856
30276 16 21 74857
30280 16 23 74919
30284 16 2 74861
30286 16 3 74862
30288 16 5 74863
30290 16 10 74865
30292 16 14 74866
30294 16 15 74867
30296 16 19 74868
30298 16 21 74869
30300 16 22 74870
30302 16 23 74871
30304 16 1 74872
30306 16 2 74873
30308 16 3 74874
30310 16 5 74875
30312 16 9 74876
30314 16 10 74877
30316 16 14 74878
30318 16 19 74880
30320 16 21 74881
30322 16 22 74882
30324 16 23 74883
30326 16 9 75212
30328 16 14 74986
30330 16 1 74932
30334 16 5 74887
30336 16 9 74888
30338 16 10 74889
30340 16 14 74890
30342 16 15 74891
30344 16 19 74892
30346 16 21 74893
30348 16 22 74894
30350 16 23 74895
30352 16 1 74896
30354 16 2 74897
30356 16 5 74899
30358 16 9 74900
30362 16 15 74903
30364 16 19 74904
30366 16 21 74905
30368 16 22 74906
30370 16 1 74908
30372 16 2 74909
30374 16 3 74910
30376 16 9 74912
30378 16 10 74913
30382 16 19 74916
30384 16 21 74917
30386 16 22 74918
30390 16 2 74921
30392 16 3 74922
30394 16 5 74923
30396 16 9 74924
30398 16 10 74925
30400 16 14 74926
30402 16 21 74929
30404 16 22 74930
30406 16 23 74931
30410 16 2 74933
30412 16 3 74934
30414 16 5 74935
30416 16 9 74936
30418 16 3 75234
30428 16 1 75004
30434 16 3 75054
30436 16 10 75129
30438 16 15 74939
30440 16 21 74941
30442 16 22 74942
30444 16 23 74943
30446 16 1 74944
30448 16 2 74945
30450 16 3 74946
30452 16 5 74947
30454 16 5 75199
30458 16 14 74950
30460 16 15 74951
30462 16 19 74952
30464 16 21 74953
30466 16 22 74954
30468 16 23 74955
30470 16 2 74957
30472 16 3 74958
30474 16 5 74959
30476 16 9 74960
30478 16 10 74961
30480 16 14 74962
30482 16 15 74963
30484 16 19 74964
30494 16 21 75049
30496 16 23 75015
30498 16 2 75017
30500 16 5 75019
30502 16 10 75021
30504 16 14 75022
30506 16 15 75023
30508 16 19 75024
30510 16 1 75028
30512 16 15 75215
30514 16 9 75032
30516 16 10 75033
30518 16 14 75034
30520 16 15 75035
30522 16 19 75036
30524 16 21 75037
30526 16 22 75038
30528 16 21 74977
30532 16 3 74754
30538 16 9 75068
30540 16 21 74989
30542 16 15 75131
30546 16 22 75098
30558 16 14 75166
30560 16 10 75081
30568 16 15 75107
30570 16 23 74763
30572 16 9 74768
30578 16 14 75130
30586 16 21 74845
30590 16 2 75125
30592 16 23 75183
30594 16 2 75161
30596 16 5 75163
30602 16 21 75169
30604 16 1 75172
30606 16 2 75173
30608 16 3 75174
30610 16 5 75175
30612 16 14 75202
30614 16 14 75178
30620 16 1 75184
30622 16 23 75099
30624 16 5 75187
30626 16 10 75189
30628 16 14 75190
30630 16 15 75191
30636 16 21 75109
30642 16 23 75243
30644 16 9 75248
30646 16 10 75249
30648 16 1 75256
30650 16 22 75254
30652 16 21 75349
30654 16 14 75358
30656 16 19 75264
30658 16 21 75265
30660 16 22 75266
30662 16 23 75267
30664 16 1 75268
30706 16 21 75277
30708 16 1 75292
30710 16 23 75303
30712 16 1 75304
30714 16 2 75305
30716 16 3 75306
30718 16 5 75307
30720 16 9 75308
30722 16 10 75309
30724 16 14 75310
30726 16 1 75328
30728 16 21 75361
30782 16 19 75312
30808 16 21 75481
30810 16 9 75488
30812 16 22 75482
30814 16 10 75489
30816 16 23 75483
30818 16 14 75490
30820 16 1 75484
30822 16 15 75491
30824 16 2 75485
30826 16 19 75492
30828 16 3 75486
30830 16 21 75493
30832 16 19 75480
30858 16 22 75494
30860 16 21 75565
30862 16 1 75568
30864 16 15 75587
30866 16 19 75588
30868 16 22 75590
30870 16 23 75591
30872 16 1 75592
30874 16 2 75593
30876 16 14 75586
30878 16 5 75595
30880 16 9 75596
30882 16 10 75597
30884 16 3 75594
30902 16 15 75599
30904 16 19 75600
30906 16 21 75601
30908 16 22 75602
30910 16 14 75598
30942 16 1 75640
30944 16 3 75642
30946 16 14 75670
30948 16 19 75672
30950 16 21 75673
30952 16 22 75674
30954 16 23 75675
30956 16 1 75676
30958 16 2 75677
30960 16 3 75678
30962 16 5 75679
30964 16 23 75687
30966 16 1 75688
30968 16 2 75689
30970 16 3 75690
30972 16 5 75691
30974 16 9 75692
30976 16 10 75693
30978 16 14 75694
30980 16 15 75695
30982 16 19 75696
30984 16 21 75697
30986 16 22 75698
30988 16 23 75699
30990 16 1 75700
30992 16 2 75701
30994 16 23 75711
30996 16 1 75712
31028 16 19 75768
31114 16 19 75744
31116 16 5 75763
31118 16 10 75765
31120 16 9 75740
31122 16 23 75771
31124 16 2 75773
31126 16 5 75775
31128 16 2 23429
31130 16 2 23129
31132 16 15 22595
31134 16 22 23090
31136 16 23 23391
31138 16 9 17568
31140 16 23 18307
31142 16 22 18258
31144 16 5 18131
31148 16 10 18229
31150 16 15 18231
31152 16 22 18234
31154 16 2 17649
31156 16 3 18202
31158 16 2 18213
31164 16 21 18425
31166 16 21 17777
31168 16 2 18129
31174 16 19 18992
31176 16 15 18991
31180 16 5 19179
31182 16 21 19233
31184 16 5 18687
31186 16 23 18539
31188 16 23 19247
31190 16 2 18685
31192 16 14 18774
31194 16 10 18485
31196 16 15 18943
31198 16 23 19019
31202 16 10 19073
31206 16 5 110739
31208 16 22 111130
31210 16 10 32049
31212 16 14 32050
31218 16 2 32045
31220 16 3 32046
31222 16 5 32047
31224 16 9 32048
31230 16 15 32051
31232 16 3 32742
31234 16 5 32743
31236 16 19 32076
31238 16 21 32077
31240 16 22 32078
31242 16 21 32101
31244 16 22 32102
31246 16 23 32103
31248 16 1 32104
31250 16 2 32105
31252 16 3 32106
31254 16 22 32090
31256 16 22 19586
31258 16 9 20300
31260 16 15 20291
31262 16 14 20350
31264 16 9 20012
31266 16 5 19579
31270 16 23 23563
31272 16 5 23771
31274 16 10 24205
31276 16 22 24066
31278 16 2 24141
31280 16 14 24338
31282 16 5 24179
31290 16 2 135057
31292 16 3 135058
31294 16 5 135059
31296 16 9 135060
31298 16 10 135061
31300 16 14 135062
31302 16 15 135063
31304 16 19 135064
31306 16 21 135065
31308 16 22 135066
31310 16 23 135067
31312 16 1 135068
31314 16 2 135069
31316 16 3 135070
31318 16 5 135071
31320 16 9 135072
31322 16 10 135073
31324 16 14 135074
31326 16 15 135075
31328 16 19 135076
31330 16 21 135077
31332 16 22 135078
31334 16 23 135079
31336 16 1 135080
31338 16 2 135081
31340 16 3 135082
31342 16 5 135083
31344 16 9 135084
31346 16 10 135085
31348 16 14 135086
31350 16 15 135087
31352 16 19 135088
31354 16 21 135089
31356 16 22 135090
31358 16 23 135091
31360 16 1 135092
31362 16 2 135093
31364 16 3 135094
31366 16 5 135095
31368 16 9 135096
31370 16 10 135097
31372 16 14 135098
31374 16 15 135099
31376 16 3 135046
31378 16 19 135100
31380 16 21 135101
31382 16 22 135102
31384 16 23 135103
31386 16 1 135104
31388 16 2 135105
31390 16 3 135106
31392 16 5 135107
31394 16 9 135108
31396 16 10 135109
31398 16 14 135110
31400 16 15 135111
31402 16 19 135112
31404 16 21 135113
31406 16 22 135114
31408 16 23 135115
31410 16 1 135116
31412 16 2 135117
31414 16 3 135118
31418 16 5 135119
31420 16 9 135120
31422 16 10 135121
31424 16 14 135122
31426 16 15 135123
31428 16 19 135124
31430 16 21 135125
31432 16 22 135126
31434 16 23 135127
31436 16 1 135128
31438 16 2 135129
31440 16 3 135130
31442 16 5 135131
31444 16 9 135132
31446 16 10 135133
31448 16 14 135134
31450 16 15 135135
31452 16 19 135136
31454 16 21 135137
31456 16 22 135138
31458 16 23 135139
31460 16 1 135140
31462 16 2 135141
31464 16 3 135142
31466 16 5 135143
31468 16 9 135144
31470 16 10 135145
31472 16 14 135146
31474 16 15 135147
31476 16 19 135148
31478 16 21 135149
31480 16 22 135150
31482 16 23 135151
31484 16 1 135152
31486 16 2 135153
31488 16 3 135154
31490 16 5 135155
31492 16 9 135156
31494 16 10 135157
31496 16 14 135158
31498 16 15 135159
31500 16 19 135160
31502 16 21 135161
31504 16 22 135162
31506 16 23 135163
31508 16 1 135164
31510 16 2 135165
31512 16 3 135166
31514 16 5 135167
31518 16 14 59542
31520 16 14 59794
31522 16 15 59891
31524 16 23 41823
31526 16 15 77551
31528 16 14 20558
31530 16 22 20706
31532 16 5 20639
31536 16 23 131875
31538 16 10 131917
31540 16 22 51194
31542 16 2 51101
31544 16 19 21728
31546 16 22 22210
31548 16 3 21830
31550 16 2 21889
31552 16 15 22471
31554 16 21 21729
31556 16 22 43330
31558 16 10 43049
31560 16 14 43050
31562 16 15 43051
31564 16 19 43052
31566 16 21 43053
31568 16 22 43054
31570 16 23 43055
31572 16 1 43056
31574 16 2 43057
31576 16 5 75839
31578 16 10 75841
31580 16 5 75779
31582 16 10 75817
31584 16 1 75824
31586 16 3 75826
31588 16 21 75833
31594 16 3 75850
31596 16 9 75888
31598 16 22 75894
31600 16 1 75896
31602 16 3 75802
31604 16 5 75815
31606 16 22 75834
31608 16 1 75836
31610 16 23 75847
31612 16 23 75871
31614 16 23 75883
31616 16 9 75828
31618 16 14 75830
31620 16 10 75781
31622 16 15 75843
31624 16 21 75845
31626 16 23 75955
31630 16 15 75783
31632 16 21 75785
31634 16 21 75941
31636 16 23 75943
31638 16 2 75945
31640 16 5 75947
31642 16 22 75858
31644 16 2 75861
31646 16 5 75863
31648 16 10 75865
31650 16 2 75777
31654 16 23 75787
31656 16 9 75792
31658 16 19 75952
31660 16 19 75820
31662 16 22 75822
31664 16 19 75796
31666 16 22 75798
31668 16 1 75800
31670 16 21 14957
31692 16 21 44497
31694 16 22 44498
31696 16 9 44504
31698 16 21 44773
31700 16 5 44827
31702 16 14 44326
31704 16 14 44314
31706 16 19 44808
31708 16 23 103395
31710 16 5 105471
31712 16 14 104670
31714 16 21 104745
31716 16 2 104593
31718 16 2 104617
31720 16 23 62171
31722 16 19 61928
31724 16 23 61967
31726 16 21 62013
31728 16 10 61937
31730 16 3 61946
31732 16 2 62125
31734 16 3 62126
31736 16 9 62128
31738 16 19 118056
31740 16 21 45785
31742 16 1 45332
31744 16 5 45251
31746 16 23 45439
31748 16 19 98576
31750 16 21 98589
31752 16 3 47598
31754 16 23 48039
31756 16 9 48044
31758 16 3 48030
31764 16 1 47428
31766 16 9 47876
31768 16 19 48012
31770 16 23 82015
31772 16 14 82742
31774 16 23 82771
31776 16 9 82620
31778 16 22 82758
31780 16 3 93210
31782 16 19 72216
31784 16 15 91467
31786 16 5 51695
31788 16 21 51701
31790 16 22 51258
31792 16 1 51404
31794 16 19 125668
31796 16 22 34234
31798 16 23 34259
31810 16 21 33957
31812 16 14 106462
31814 16 15 105839
31816 16 19 105840
31818 16 23 52307
31820 16 23 52367
31822 16 9 52768
31824 16 23 54547
31826 16 1 54548
31828 16 15 59191
31830 16 2 49501
31832 16 2 49549
31834 16 22 49318
31836 16 23 49499
31838 16 10 49553
31840 16 21 49929
31844 16 21 95213
31846 16 9 48480
31848 16 23 48571
31850 16 3 49054
31852 16 9 48360
31854 16 2 48489
31856 16 15 107295
31860 16 19 90252
31862 16 5 91099
31864 16 9 55552
31870 16 19 55808
31872 16 21 117645
31874 16 22 116986
31876 16 23 116987
31878 16 1 116988
31880 16 15 116935
31882 16 23 108527
31884 16 23 108131
31886 16 5 108543
31888 16 9 103584
31890 16 21 103913
31892 16 15 67651
31894 16 10 67865
31896 16 3 67850
31898 16 14 68262
31900 16 14 68466
31906 16 15 68275
31908 16 15 60735
31910 16 22 61206
31912 16 14 61298
31914 16 5 61247
31916 16 3 60658
31918 16 21 100805
31920 16 2 66717
31922 16 10 68997
31924 16 19 69000
31930 16 15 56519
31932 16 9 56972
31934 16 5 128387
31936 16 10 128473
31938 16 21 109453
31940 16 10 109461
31942 16 19 126464
31944 16 5 126843
31946 16 10 126689
31948 16 15 109575
31950 16 1 58220
31952 16 5 1963
31956 16 3 88102
31958 16 5 88103
31960 16 9 88104
31962 16 10 88105
31964 16 14 88106
31966 16 22 88110
31968 16 23 88111
31970 16 9 88116
31972 16 10 88117
31974 16 14 88118
31976 16 15 88119
31978 16 19 88120
31980 16 21 88121
31982 16 22 88122
31984 16 23 88123
31986 16 1 88124
31988 16 2 88125
31990 16 3 88126
31992 16 5 88127
31994 16 9 88128
31996 16 10 88129
31998 16 14 88130
32000 16 15 88131
32002 16 19 88132
32004 16 21 88133
32006 16 22 88134
32008 16 23 88135
32010 16 1 88136
32012 16 2 88137
32014 16 3 88138
32016 16 5 88139
32018 16 9 88140
32020 16 10 88141
32022 16 14 88142
32024 16 15 88143
32026 16 19 88144
32028 16 21 88145
32030 16 22 88146
32032 16 23 88147
32034 16 1 88148
32036 16 2 88149
32038 16 3 88150
32040 16 5 88151
32042 16 9 88152
32044 16 10 88153
32046 16 14 88154
32048 16 15 88155
32050 16 19 88156
32052 16 21 88157
32054 16 22 88158
32056 16 23 88159
32058 16 1 88160
32060 16 2 88161
32062 16 3 88162
32064 16 5 88163
32066 16 9 88164
32068 16 10 88165
32070 16 14 88166
32072 16 15 88167
32074 16 19 88168
32076 16 21 88169
32078 16 22 88170
32080 16 23 88171
32082 16 1 88172
32084 16 2 88173
32086 16 3 88174
32088 16 5 88175
32090 16 9 88176
32092 16 10 88177
32094 16 14 88178
32096 16 15 88179
32098 16 19 88180
32100 16 21 88181
32102 16 22 88182
32104 16 23 88183
32106 16 1 88184
32108 16 2 88185
32110 16 3 88186
32112 16 5 88187
32114 16 9 88188
32116 16 10 88189
32118 16 14 88190
32120 16 15 88191
32122 16 19 88192
32124 16 21 88193
32126 16 22 88194
32128 16 23 88195
32130 16 1 88196
32132 16 2 88197
32134 16 3 88198
32136 16 5 88199
32138 16 9 88200
32140 16 10 88201
32142 16 14 88202
32144 16 15 88203
32146 16 19 88204
32148 16 21 88205
32150 16 22 88206
32152 16 23 88207
32154 16 1 88208
32156 16 2 88209
32158 16 3 88210
32160 16 5 88211
32162 16 9 88212
32164 16 10 88213
32166 16 14 88214
32168 16 15 88215
32170 16 19 88216
32172 16 21 88217
32174 16 22 88218
32176 16 23 88219
32178 16 1 88220
32180 16 2 88221
32182 16 3 88222
32184 16 5 88223
32186 16 9 88224
32188 16 10 88225
32190 16 14 88226
32192 16 15 88227
32194 16 19 88228
32196 16 21 88229
32198 16 22 88230
32200 16 23 88231
32202 16 1 88232
32204 16 2 88233
32206 16 3 88234
32208 16 5 88235
32210 16 9 88236
32212 16 10 88237
32214 16 14 88238
32216 16 15 88239
32218 16 19 88240
32220 16 21 88241
32222 16 22 88242
32224 16 23 88243
32226 16 1 88244
32228 16 2 88245
32230 16 3 88246
32232 16 5 88247
32234 16 9 88248
32236 16 10 88249
32238 16 14 88250
32240 16 15 88251
32242 16 19 88252
32244 16 21 88253
32246 16 22 88254
32248 16 23 88255
32250 16 1 88256
32252 16 2 88257
32254 16 3 88258
32256 16 5 88259
32258 16 9 88260
32260 16 10 88261
32262 16 14 88262
32264 16 15 88263
32266 16 19 88264
32268 16 21 88265
32270 16 22 88266
32272 16 23 88267
32274 16 1 88268
32276 16 2 88269
32278 16 3 88270
32280 16 5 88271
32282 16 9 88272
32284 16 10 88273
32286 16 14 88274
32288 16 15 88275
32290 16 19 88276
32292 16 21 88277
32294 16 22 88278
32296 16 23 88279
32298 16 1 88280
32300 16 2 88281
32302 16 3 88282
32304 16 5 88283
32306 16 9 88284
32308 16 10 88285
32310 16 14 88286
32312 16 15 88287
32314 16 19 88288
32316 16 21 88289
32318 16 22 88290
32320 16 23 88291
32322 16 1 88292
32324 16 2 88293
32326 16 3 88294
32328 16 5 88295
32330 16 9 88296
32332 16 10 88297
32334 16 14 88298
32336 16 15 88299
32338 16 19 88300
32340 16 21 88301
32342 16 22 88302
32344 16 23 88303
32346 16 1 88304
32348 16 2 88305
32350 16 3 88306
32352 16 5 88307
32354 16 9 88308
32356 16 10 88309
32358 16 14 88310
32360 16 15 88311
32362 16 19 88312
32364 16 21 88313
32366 16 22 88314
32368 16 23 88315
32370 16 1 88316
32372 16 2 88317
32374 16 3 88318
32376 16 5 88319
32378 16 9 88320
32380 16 10 88321
32382 16 14 88322
32384 16 15 88323
32386 16 19 88324
32388 16 21 88325
32390 16 22 88326
32392 16 23 88327
32394 16 1 88328
32396 16 2 88329
32398 16 3 88330
32400 16 5 88331
32402 16 9 88332
32404 16 10 88333
32406 16 14 88334
32408 16 15 88335
32410 16 19 88336
32412 16 21 88337
32414 16 22 88338
32416 16 23 88339
32418 16 1 88340
32420 16 2 88341
32422 16 3 88342
32424 16 5 88343
32426 16 9 88344
32428 16 10 88345
32430 16 14 88346
32432 16 15 88347
32434 16 19 88348
32436 16 21 88349
32438 16 22 88350
32440 16 23 88351
32442 16 1 88352
32444 16 2 88353
32446 16 3 88354
32448 16 5 88355
32450 16 9 88356
32452 16 10 88357
32454 16 14 88358
32456 16 15 88359
32458 16 19 88360
32460 16 21 88361
32462 16 22 88362
32464 16 23 88363
32466 16 1 88364
32468 16 2 88365
32470 16 3 88366
32472 16 5 88367
32474 16 9 88368
32476 16 10 88369
32478 16 14 88370
32480 16 15 88371
32482 16 19 88372
32484 16 21 88373
32486 16 22 88374
32488 16 23 88375
32490 16 1 88376
32492 16 2 88377
32494 16 3 88378
32496 16 5 88379
32498 16 9 88380
32500 16 10 88381
32502 16 14 88382
32504 16 15 88383
32506 16 19 88384
32508 16 21 88385
32510 16 22 88386
32512 16 23 88387
32514 16 1 88388
32516 16 2 88389
32518 16 3 88390
32520 16 5 88391
32522 16 9 88392
32524 16 10 88393
32526 16 14 88394
32528 16 15 88395
32530 16 19 88396
32532 16 21 88397
32534 16 22 88398
32536 16 23 88399
32538 16 1 88400
32540 16 2 88401
32542 16 3 88402
32544 16 5 88403
32546 16 9 88404
32548 16 10 88405
32550 16 14 88406
32552 16 15 88407
32554 16 19 88408
32556 16 21 88409
32558 16 22 88410
32560 16 23 88411
32562 16 1 88412
32564 16 2 88413
32566 16 3 88414
32568 16 5 88415
32570 16 9 88416
32572 16 10 88417
32574 16 14 88418
32576 16 15 88419
32578 16 19 88420
32580 16 21 88421
32582 16 22 88422
32584 16 23 88423
32586 16 1 88424
32588 16 2 88425
32590 16 3 88426
32592 16 5 88427
32594 16 9 88428
32596 16 10 88429
32598 16 14 88430
32600 16 15 88431
32602 16 19 88432
32604 16 21 88433
32606 16 22 88434
32608 16 23 88435
32610 16 5 88115
33256 16 3 88438
33258 16 1 88448
33260 16 2 88449
33262 16 3 88450
33264 16 5 88451
33266 16 9 88452
33268 16 10 88453
33270 16 14 88454
33272 16 15 88455
33274 16 19 88456
33276 16 21 88457
33278 16 22 88458
33280 16 23 88459
33282 16 1 88460
33284 16 2 88461
33286 16 3 88462
33288 16 5 88463
33290 16 9 88464
33292 16 10 88465
33294 16 14 88466
33296 16 15 88467
33298 16 19 88468
33300 16 21 88469
33302 16 22 88470
33304 16 23 88471
33306 16 1 88472
33308 16 2 88473
33310 16 3 88474
33312 16 5 88475
33314 16 9 88476
33316 16 10 88477
33318 16 14 88478
33320 16 15 88479
33322 16 19 88480
33324 16 21 88481
33326 16 22 88482
33328 16 23 88483
33330 16 1 88484
33332 16 2 88485
33334 16 3 88486
33336 16 5 88487
33338 16 9 88488
33340 16 10 88489
33342 16 14 88490
33344 16 15 88491
33346 16 19 88492
33348 16 21 88493
33350 16 22 88494
33352 16 23 88495
33354 16 1 88496
33356 16 2 88497
33358 16 3 88498
33360 16 5 88499
33362 16 9 88500
33364 16 10 88501
33366 16 14 88502
33368 16 15 88503
33370 16 19 88504
33372 16 21 88505
33374 16 22 88506
33376 16 23 88507
33378 16 1 88508
33380 16 2 88509
33382 16 3 88510
33384 16 5 88511
33386 16 5 88439
33404 16 9 88440
33422 16 10 88441
33440 16 14 88442
33458 16 15 88443
33476 16 19 88444
33494 16 21 88445
33512 16 22 88446
33530 16 23 88447
33896 16 1 148480
33898 16 2 148481
33900 16 3 148482
33902 16 5 148483
33904 16 9 148484
33906 16 10 148485
33908 16 14 148486
33910 16 15 148487
33912 16 19 148488
33914 16 21 148489
33916 16 22 148490
33918 16 23 148491
33920 16 1 148492
33922 16 2 148493
33924 16 3 148494
33926 16 5 148495
33928 16 9 148496
33930 16 10 148497
33932 16 14 148498
33934 16 15 148499
33936 16 19 148500
33938 16 21 148501
33940 16 22 148502
33942 16 23 148503
33944 16 1 148504
33946 16 2 148505
33948 16 3 148506
33950 16 5 148507
33952 16 9 148508
33954 16 10 148509
33956 16 14 148510
33958 16 15 148511
33960 16 19 148512
33962 16 21 148513
33964 16 22 148514
33966 16 23 148515
33968 16 1 148516
33970 16 2 148517
33972 16 3 148518
33974 16 5 148519
33976 16 9 148520
33978 16 10 148521
33980 16 14 148522
33982 16 15 148523
33984 16 19 148524
33986 16 21 148525
33988 16 22 148526
33990 16 23 148527
33992 16 1 148528
33994 16 2 148529
33996 16 3 148530
33998 16 5 148531
34000 16 9 148532
34002 16 10 148533
34004 16 14 148534
34006 16 15 148535
34008 16 19 148536
34010 16 21 148537
34012 16 22 148538
34014 16 23 148539
34016 16 1 148540
34018 16 2 148541
34020 16 3 148542
34022 16 5 148543
34024 16 9 148544
34026 16 10 148545
34028 16 14 148546
34030 16 15 148547
34032 16 19 148548
34034 16 21 148549
34036 16 22 148550
34038 16 23 148551
34040 16 1 148552
34042 16 2 148553
34044 16 3 148554
34046 16 5 148555
34048 16 9 148556
34050 16 10 148557
34052 16 14 148558
34054 16 15 148559
34056 16 19 148560
34058 16 21 148561
34060 16 22 148562
34062 16 23 148563
34064 16 1 148564
34066 16 2 148565
34068 16 3 148566
34070 16 5 148567
34072 16 9 148568
34074 16 10 148569
34076 16 14 148570
34078 16 15 148571
34080 16 19 148572
34082 16 21 148573
34084 16 22 148574
34086 16 23 148575
34088 16 1 148576
34090 16 2 148577
34092 16 3 148578
34094 16 5 148579
34096 16 9 148580
34098 16 10 148581
34100 16 14 148582
34102 16 15 148583
34104 16 19 148584
34106 16 21 148585
34108 16 22 148586
34110 16 23 148587
34112 16 1 148588
34114 16 2 148589
34116 16 3 148590
34118 16 5 148591
34120 16 9 148592
34122 16 10 148593
34124 16 14 148594
34126 16 15 148595
34128 16 19 148596
34130 16 21 148597
34132 16 22 148598
34134 16 23 148599
34136 16 1 148600
34138 16 2 148601
34140 16 3 148602
34142 16 5 148603
34144 16 9 148604
34146 16 10 148605
34148 16 14 148606
34150 16 15 148607
34152 16 19 148608
34154 16 21 148609
34156 16 22 148610
34158 16 23 148611
34160 16 1 148612
34162 16 2 148613
34164 16 3 148614
34166 16 5 148615
34168 16 9 148616
34170 16 10 148617
34172 16 14 148618
34174 16 15 148619
34176 16 19 148620
34178 16 21 148621
34180 16 22 148622
34182 16 23 148623
34184 16 1 148624
34186 16 2 148625
34188 16 3 148626
34190 16 5 148627
34192 16 9 148628
34194 16 10 148629
34196 16 14 148630
34198 16 15 148631
34200 16 19 148632
34202 16 21 148633
34204 16 22 148634
34206 16 23 148635
34208 16 1 148636
34210 16 2 148637
34212 16 3 148638
34214 16 5 148639
34216 16 9 148640
34218 16 10 148641
34220 16 14 148642
34222 16 15 148643
34224 16 19 148644
34226 16 21 148645
34228 16 22 148646
34230 16 23 148647
34232 16 1 148648
34234 16 2 148649
34236 16 3 148650
34238 16 5 148651
34240 16 9 148652
34242 16 10 148653
34244 16 14 148654
34246 16 15 148655
34248 16 19 148656
34250 16 21 148657
34252 16 22 148658
34254 16 23 148659
34256 16 1 148660
34258 16 2 148661
34260 16 3 148662
34262 16 5 148663
34264 16 9 148664
34266 16 10 148665
34268 16 14 148666
34270 16 15 148667
34272 16 19 148668
34274 16 21 148669
34276 16 22 148670
34278 16 23 148671
34280 16 1 148672
34282 16 2 148673
34284 16 3 148674
34286 16 5 148675
34288 16 9 148676
34290 16 10 148677
34292 16 14 148678
34294 16 15 148679
34296 16 19 148680
34298 16 21 148681
34300 16 22 148682
34302 16 23 148683
34304 16 1 148684
34306 16 2 148685
34308 16 3 148686
34310 16 5 148687
34312 16 9 148688
34314 16 10 148689
34316 16 14 148690
34318 16 15 148691
34320 16 19 148692
34322 16 21 148693
34324 16 22 148694
34326 16 23 148695
34328 16 1 148696
34330 16 2 148697
34332 16 3 148698
34334 16 5 148699
34336 16 9 148700
34338 16 10 148701
34340 16 14 148702
34342 16 15 148703
34344 16 19 148704
34346 16 21 148705
34348 16 22 148706
34350 16 23 148707
34352 16 1 148708
34354 16 2 148709
34356 16 3 148710
34358 16 5 148711
34360 16 9 148712
34362 16 10 148713
34364 16 14 148714
34366 16 15 148715
34368 16 19 148716
34370 16 21 148717
34372 16 22 148718
34374 16 23 148719
34376 16 1 148720
34378 16 2 148721
34380 16 3 148722
34382 16 5 148723
34384 16 9 148724
34386 16 10 148725
34388 16 14 148726
34390 16 15 148727
34392 16 19 148728
34394 16 21 148729
34396 16 22 148730
34398 16 23 148731
34400 16 1 148732
34402 16 2 148733
34404 16 3 148734
34406 16 5 148735
34408 16 9 148736
34410 16 10 148737
34412 16 14 148738
34414 16 15 148739
34416 16 19 148740
34418 16 21 148741
34420 16 22 148742
34422 16 23 148743
34424 16 1 148744
34426 16 2 148745
34428 16 3 148746
34430 16 5 148747
34432 16 9 148748
34434 16 10 148749
34436 16 14 148750
34438 16 15 148751
34440 16 19 148752
34442 16 21 148753
34444 16 22 148754
34446 16 23 148755
34448 16 1 148756
34450 16 2 148757
34452 16 3 148758
34454 16 5 148759
34456 16 9 148760
34458 16 10 148761
34460 16 14 148762
34462 16 15 148763
34464 16 19 148764
34466 16 21 148765
34468 16 22 148766
34470 16 23 148767
34472 16 1 148768
34474 16 2 148769
34476 16 3 148770
34478 16 5 148771
34480 16 9 148772
34482 16 10 148773
34484 16 14 148774
34486 16 15 148775
34488 16 19 148776
34490 16 21 148777
34492 16 22 148778
34494 16 23 148779
34496 16 1 148780
34498 16 2 148781
34500 16 3 148782
34502 16 5 148783
34504 16 9 148784
34506 16 10 148785
34508 16 14 148786
34510 16 15 148787
34512 16 19 148788
34514 16 21 148789
34516 16 22 148790
34518 16 23 148791
34520 16 1 148792
34522 16 2 148793
34524 16 3 148794
34526 16 5 148795
34528 16 9 148796
34530 16 10 148797
34532 16 14 148798
34534 16 15 148799
34536 16 19 148800
34538 16 21 148801
34540 16 22 148802
34542 16 23 148803
34544 16 1 148804
34546 16 2 148805
34548 16 3 148806
34550 16 5 148807
34552 16 9 148808
34554 16 10 148809
34556 16 14 148810
34558 16 15 148811
34560 16 19 148812
34562 16 21 148813
34564 16 22 148814
34566 16 23 148815
34568 16 1 148816
34570 16 2 148817
34572 16 3 148818
34574 16 5 148819
34576 16 9 148820
34578 16 10 148821
34580 16 14 148822
34582 16 15 148823
34584 16 19 148824
34586 16 21 148825
34588 16 22 148826
34590 16 23 148827
34592 16 1 148828
34594 16 2 148829
34596 16 3 148830
34598 16 5 148831
34600 16 9 148832
34602 16 10 148833
34604 16 14 148834
34606 16 15 148835
34608 16 19 148836
34610 16 21 148837
34612 16 22 148838
34614 16 23 148839
34616 16 1 148840
34618 16 2 148841
34620 16 3 148842
34622 16 5 148843
34624 16 9 148844
34626 16 10 148845
34628 16 14 148846
34630 16 15 148847
34632 16 19 148848
34634 16 21 148849
34636 16 22 148850
34638 16 23 148851
34640 16 1 148852
34642 16 2 148853
34644 16 3 148854
34646 16 5 148855
34648 16 9 148856
34650 16 10 148857
34652 16 14 148858
34654 16 15 148859
34656 16 19 148860
34658 16 21 148861
34660 16 22 148862
34662 16 23 148863
34664 16 1 148864
34666 16 2 148865
34668 16 3 148866
34670 16 5 148867
34672 16 9 148868
34674 16 10 148869
34676 16 14 148870
34678 16 15 148871
34680 16 19 148872
34682 16 21 148873
34684 16 22 148874
34686 16 23 148875
34688 16 1 148876
34690 16 2 148877
34692 16 3 148878
34694 16 5 148879
34696 16 9 148880
34698 16 10 148881
34700 16 14 148882
34702 16 15 148883
34704 16 19 148884
34706 16 21 148885
34708 16 22 148886
34710 16 23 148887
34712 16 1 148888
34714 16 2 148889
34716 16 3 148890
34718 16 5 148891
34720 16 9 148892
34722 16 10 148893
34724 16 14 148894
34726 16 15 148895
34728 16 19 148896
34730 16 21 148897
34732 16 22 148898
34734 16 23 148899
34736 16 1 148900
34738 16 2 148901
34740 16 3 148902
34742 16 5 148903
34744 16 9 148904
34746 16 10 148905
34748 16 14 148906
34750 16 15 148907
34752 16 19 148908
34754 16 21 148909
34756 16 22 148910
34758 16 23 148911
34760 16 1 148912
34762 16 2 148913
34764 16 3 148914
34766 16 5 148915
34768 16 9 148916
34770 16 10 148917
34772 16 14 148918
34774 16 15 148919
34776 16 19 148920
34778 16 21 148921
34780 16 22 148922
34782 16 23 148923
34784 16 1 148924
34786 16 2 148925
34788 16 3 148926
34790 16 5 148927
34792 16 9 148928
34794 16 10 148929
34796 16 14 148930
34798 16 15 148931
34800 16 19 148932
34802 16 21 148933
34804 16 22 148934
34806 16 23 148935
34808 16 1 148936
34810 16 2 148937
34812 16 3 148938
34814 16 5 148939
34816 16 9 148940
34818 16 10 148941
34820 16 14 148942
34822 16 15 148943
34824 16 19 148944
34826 16 21 148945
34828 16 22 148946
34830 16 23 148947
34832 16 1 148948
34834 16 2 148949
34836 16 3 148950
34838 16 5 148951
34840 16 9 148952
34842 16 10 148953
34844 16 14 148954
34846 16 15 148955
34848 16 19 148956
34850 16 21 148957
34852 16 22 148958
34854 16 23 148959
34856 16 1 148960
34858 16 2 148961
34860 16 3 148962
34862 16 5 148963
34864 16 9 148964
34866 16 10 148965
34868 16 14 148966
34870 16 15 148967
34872 16 19 148968
34874 16 21 148969
34876 16 22 148970
34878 16 23 148971
34880 16 1 148972
34882 16 2 148973
34884 16 3 148974
34886 16 5 148975
34888 16 9 148976
34890 16 10 148977
34892 16 14 148978
34894 16 15 148979
34896 16 19 148980
34898 16 21 148981
34900 16 22 148982
34902 16 23 148983
34904 16 1 148984
34906 16 2 148985
34908 16 3 148986
34910 16 5 148987
34912 16 9 148988
34914 16 10 148989
34916 16 14 148990
34918 16 15 148991
34920 16 19 148992
34922 16 21 148993
34924 16 22 148994
34926 16 23 148995
34928 16 1 148996
34930 16 2 148997
34932 16 3 148998
34934 16 5 148999
34936 16 9 149000
34938 16 10 149001
34940 16 14 149002
34942 16 15 149003
34944 16 19 149004
34946 16 21 149005
34948 16 22 149006
34950 16 23 149007
34952 16 1 149008
34954 16 2 149009
34956 16 3 149010
34958 16 5 149011
34960 16 9 149012
34962 16 10 149013
34964 16 14 149014
34966 16 15 149015
34968 16 19 149016
34970 16 21 149017
34972 16 22 149018
34974 16 23 149019
34976 16 1 149020
34978 16 2 149021
34980 16 3 149022
34982 16 5 149023
34984 16 9 149024
34986 16 10 149025
34988 16 14 149026
34990 16 15 149027
34992 16 19 149028
34994 16 21 149029
34996 16 22 149030
34998 16 23 149031
35000 16 1 149032
35002 16 2 149033
35004 16 3 149034
35006 16 5 149035
35008 16 9 149036
35010 16 10 149037
35012 16 14 149038
35014 16 15 149039
35604 16 19 149040
36138 16 9 32844
36170 16 1 146432
36172 16 2 146433
36174 16 3 146434
36176 16 5 146435
36178 16 9 146436
36180 16 10 146437
36182 16 14 146438
36184 16 15 146439
36186 16 19 146440
36188 16 21 146441
36190 16 22 146442
36192 16 23 146443
36194 16 1 146444
36196 16 2 146445
36198 16 3 146446
36200 16 5 146447
36202 16 9 146448
36204 16 10 146449
36206 16 14 146450
36208 16 15 146451
36210 16 19 146452
36212 16 21 146453
36214 16 22 146454
36216 16 23 146455
36218 16 1 146456
36220 16 2 146457
36222 16 3 146458
36224 16 5 146459
36226 16 9 146460
36228 16 10 146461
36230 16 14 146462
36232 16 15 146463
36234 16 19 146464
36236 16 21 146465
36238 16 22 146466
36240 16 23 146467
36242 16 1 146468
36244 16 2 146469
36246 16 3 146470
36248 16 5 146471
36250 16 9 146472
36252 16 10 146473
36254 16 14 146474
36256 16 15 146475
36258 16 19 146476
36260 16 21 146477
36262 16 22 146478
36264 16 23 146479
36266 16 1 146480
36268 16 2 146481
36270 16 3 146482
36272 16 5 146483
36274 16 9 146484
36276 16 10 146485
36278 16 14 146486
36280 16 15 146487
36282 16 19 146488
36284 16 21 146489
36286 16 22 146490
36288 16 23 146491
36290 16 1 146492
36292 16 2 146493
36294 16 3 146494
36296 16 5 146495
36298 16 9 146496
36300 16 10 146497
36302 16 14 146498
36304 16 15 146499
36306 16 19 146500
36308 16 21 146501
36310 16 22 146502
36312 16 23 146503
36314 16 1 146504
36316 16 2 146505
36318 16 3 146506
36320 16 5 146507
36322 16 9 146508
36324 16 10 146509
36326 16 14 146510
36328 16 15 146511
36330 16 19 146512
36332 16 21 146513
36334 16 22 146514
36336 16 23 146515
36338 16 1 146516
36340 16 2 146517
36342 16 3 146518
36344 16 5 146519
36346 16 9 146520
36348 16 10 146521
36350 16 14 146522
36352 16 15 146523
36354 16 19 146524
36356 16 21 146525
36358 16 22 146526
36360 16 23 146527
36362 16 1 146528
36364 16 2 146529
36366 16 3 146530
36368 16 5 146531
36370 16 9 146532
36372 16 10 146533
36374 16 14 146534
36376 16 15 146535
36378 16 19 146536
36380 16 21 146537
36382 16 22 146538
36384 16 23 146539
36386 16 1 146540
36388 16 2 146541
36390 16 3 146542
36392 16 5 146543
36394 16 9 146544
36396 16 10 146545
36398 16 14 146546
36400 16 15 146547
36402 16 19 146548
36404 16 21 146549
36406 16 22 146550
36408 16 23 146551
36410 16 1 146552
36412 16 2 146553
36414 16 3 146554
36416 16 5 146555
36418 16 9 146556
36420 16 10 146557
36422 16 14 146558
36424 16 15 146559
36426 16 19 146560
36428 16 21 146561
36430 16 22 146562
36432 16 23 146563
36434 16 1 146564
36436 16 2 146565
36438 16 3 146566
36440 16 5 146567
36442 16 9 146568
36444 16 10 146569
36446 16 14 146570
36448 16 15 146571
36450 16 19 146572
36452 16 21 146573
36454 16 22 146574
36456 16 23 146575
36458 16 1 146576
36460 16 2 146577
36462 16 3 146578
36464 16 5 146579
36466 16 9 146580
36468 16 10 146581
36470 16 14 146582
36472 16 15 146583
36474 16 19 146584
36476 16 21 146585
36478 16 22 146586
36480 16 23 146587
36482 16 1 146588
36484 16 2 146589
36486 16 3 146590
36488 16 5 146591
36490 16 9 146592
36492 16 10 146593
36494 16 14 146594
36496 16 15 146595
36498 16 19 146596
36500 16 21 146597
36502 16 22 146598
36504 16 23 146599
36506 16 1 146600
36508 16 2 146601
36510 16 3 146602
36512 16 5 146603
36514 16 9 146604
36516 16 10 146605
36518 16 14 146606
36520 16 15 146607
36522 16 19 146608
36524 16 21 146609
36526 16 22 146610
36528 16 23 146611
36530 16 1 146612
36532 16 2 146613
36534 16 3 146614
36536 16 5 146615
36538 16 9 146616
36540 16 10 146617
36542 16 14 146618
36544 16 15 146619
36546 16 19 146620
36548 16 21 146621
36550 16 22 146622
36552 16 23 146623
36554 16 1 146624
36556 16 2 146625
36558 16 3 146626
36560 16 5 146627
36562 16 9 146628
36564 16 10 146629
36566 16 14 146630
36568 16 15 146631
36570 16 19 146632
36572 16 21 146633
36574 16 22 146634
36576 16 23 146635
36578 16 1 146636
36580 16 2 146637
36582 16 3 146638
36584 16 5 146639
36586 16 9 146640
36588 16 10 146641
36590 16 14 146642
36592 16 15 146643
36594 16 19 146644
36596 16 21 146645
36598 16 22 146646
36600 16 23 146647
36602 16 1 146648
36604 16 2 146649
36606 16 3 146650
36608 16 5 146651
36610 16 9 146652
36612 16 10 146653
36614 16 14 146654
36616 16 15 146655
36618 16 19 146656
36620 16 21 146657
36622 16 22 146658
36624 16 23 146659
36626 16 1 146660
36628 16 2 146661
36630 16 3 146662
36632 16 5 146663
36634 16 9 146664
36636 16 10 146665
36638 16 14 146666
36640 16 15 146667
36642 16 19 146668
36644 16 21 146669
36646 16 22 146670
36648 16 23 146671
36650 16 1 146672
36652 16 2 146673
36654 16 3 146674
36656 16 5 146675
36658 16 9 146676
36660 16 10 146677
36662 16 14 146678
36664 16 15 146679
36666 16 19 146680
36668 16 21 146681
36670 16 22 146682
36672 16 23 146683
36674 16 1 146684
36676 16 2 146685
36678 16 3 146686
36680 16 5 146687
36682 16 9 146688
36684 16 10 146689
36686 16 14 146690
36688 16 15 146691
36690 16 19 146692
36692 16 21 146693
36694 16 22 146694
36696 16 23 146695
36698 16 1 146696
36700 16 2 146697
36702 16 3 146698
36704 16 5 146699
36706 16 9 146700
36708 16 10 146701
36710 16 14 146702
36712 16 15 146703
36714 16 19 146704
36716 16 21 146705
36718 16 22 146706
36720 16 23 146707
36722 16 1 146708
36724 16 2 146709
36726 16 3 146710
36728 16 5 146711
36730 16 9 146712
36732 16 10 146713
36734 16 14 146714
36736 16 15 146715
36738 16 19 146716
36740 16 21 146717
36742 16 22 146718
36744 16 23 146719
36746 16 1 146720
36748 16 2 146721
36750 16 3 146722
36752 16 5 146723
36754 16 9 146724
36756 16 10 146725
36758 16 14 146726
36760 16 15 146727
36762 16 19 146728
36764 16 21 146729
36766 16 22 146730
36768 16 23 146731
36770 16 1 146732
36772 16 2 146733
36774 16 3 146734
36776 16 5 146735
36778 16 9 146736
36780 16 10 146737
36782 16 14 146738
36784 16 15 146739
36786 16 19 146740
36788 16 21 146741
36790 16 22 146742
36792 16 23 146743
36794 16 1 146744
36796 16 2 146745
36798 16 3 146746
36800 16 5 146747
36802 16 9 146748
36804 16 10 146749
36806 16 14 146750
36808 16 15 146751
36810 16 19 146752
36812 16 21 146753
36814 16 22 146754
36816 16 23 146755
36818 16 1 146756
36820 16 2 146757
36822 16 3 146758
36824 16 5 146759
36826 16 9 146760
36828 16 10 146761
36830 16 14 146762
36832 16 15 146763
36834 16 19 146764
36836 16 21 146765
36838 16 22 146766
36840 16 23 146767
36842 16 1 146768
36844 16 2 146769
36846 16 3 146770
36848 16 5 146771
36850 16 9 146772
36852 16 10 146773
36854 16 14 146774
36856 16 15 146775
36858 16 19 146776
36860 16 21 146777
36862 16 22 146778
36864 16 23 146779
36866 16 1 146780
36868 16 2 146781
36870 16 3 146782
36872 16 5 146783
36874 16 9 146784
36876 16 10 146785
36878 16 14 146786
36880 16 15 146787
36882 16 19 146788
36884 16 21 146789
36886 16 22 146790
36888 16 23 146791
36890 16 1 146792
36892 16 2 146793
36894 16 3 146794
36896 16 5 146795
36898 16 9 146796
36900 16 10 146797
36902 16 14 146798
36904 16 15 146799
36906 16 19 146800
36908 16 21 146801
36910 16 22 146802
36912 16 23 146803
36914 16 1 146804
36916 16 2 146805
36918 16 3 146806
36920 16 5 146807
36922 16 9 146808
36924 16 10 146809
36926 16 14 146810
36928 16 15 146811
36930 16 19 146812
36932 16 21 146813
36934 16 22 146814
36936 16 23 146815
36938 16 1 146816
36940 16 2 146817
36942 16 3 146818
36944 16 5 146819
36946 16 9 146820
36948 16 10 146821
36950 16 14 146822
36952 16 15 146823
36954 16 19 146824
36956 16 21 146825
36958 16 22 146826
36960 16 23 146827
36962 16 1 146828
36964 16 2 146829
36966 16 3 146830
36968 16 5 146831
36970 16 9 146832
36972 16 10 146833
36974 16 14 146834
36976 16 15 146835
36978 16 19 146836
36980 16 21 146837
36982 16 22 146838
36984 16 23 146839
36986 16 1 146840
36988 16 2 146841
36990 16 3 146842
36992 16 5 146843
36994 16 9 146844
36996 16 10 146845
36998 16 14 146846
37000 16 15 146847
37002 16 19 146848
37004 16 21 146849
37006 16 22 146850
37008 16 23 146851
37010 16 1 146852
37012 16 2 146853
37014 16 3 146854
37016 16 5 146855
37018 16 9 146856
37020 16 10 146857
37022 16 14 146858
37024 16 15 146859
37026 16 19 146860
37028 16 21 146861
37030 16 22 146862
37032 16 23 146863
37034 16 1 146864
37036 16 2 146865
37038 16 3 146866
37040 16 5 146867
37042 16 9 146868
37044 16 10 146869
37046 16 14 146870
37048 16 15 146871
37050 16 19 146872
37052 16 21 146873
37054 16 22 146874
37056 16 23 146875
37058 16 1 146876
37060 16 2 146877
37062 16 3 146878
37064 16 5 146879
37066 16 9 146880
37068 16 10 146881
37070 16 14 146882
37072 16 15 146883
37074 16 19 146884
37076 16 21 146885
37078 16 22 146886
37080 16 23 146887
37082 16 1 146888
37084 16 2 146889
37086 16 3 146890
37088 16 5 146891
37090 16 9 146892
37092 16 10 146893
37094 16 14 146894
37096 16 15 146895
37098 16 19 146896
37100 16 21 146897
37102 16 22 146898
37104 16 23 146899
37106 16 1 146900
37108 16 2 146901
37110 16 3 146902
37112 16 5 146903
37114 16 9 146904
37116 16 10 146905
37118 16 14 146906
37120 16 15 146907
37122 16 19 146908
37124 16 21 146909
37126 16 22 146910
37128 16 23 146911
37130 16 1 146912
37132 16 2 146913
37134 16 3 146914
37136 16 5 146915
37138 16 9 146916
37140 16 10 146917
37142 16 14 146918
37144 16 15 146919
37146 16 19 146920
37148 16 21 146921
37150 16 22 146922
37152 16 23 146923
37154 16 1 146924
37156 16 2 146925
37158 16 3 146926
37160 16 5 146927
37162 16 9 146928
37164 16 10 146929
37166 16 14 146930
37168 16 15 146931
37170 16 19 146932
37172 16 21 146933
37174 16 22 146934
37176 16 23 146935
37178 16 1 146936
37180 16 2 146937
37182 16 3 146938
37184 16 5 146939
37186 16 9 146940
37188 16 10 146941
37190 16 14 146942
37192 16 15 146943
37194 16 19 146944
37196 16 21 146945
37198 16 22 146946
37200 16 23 146947
37202 16 1 146948
37204 16 2 146949
37206 16 3 146950
37208 16 5 146951
37210 16 9 146952
37212 16 10 146953
37214 16 14 146954
37216 16 15 146955
37218 16 19 146956
37220 16 1 146432
37222 16 2 146433
37224 16 3 146434
37226 16 5 146435
37228 16 9 146436
37230 16 10 146437
37232 16 14 146438
37234 16 15 146439
37236 16 19 146440
37238 16 21 146441
37240 16 22 146442
37242 16 23 146443
37244 16 1 146444
37348 16 9 146496
37350 16 10 146497
37352 16 14 146498
37354 16 15 146499
37356 16 19 146500
37358 16 21 146501
37360 16 22 146502
37362 16 23 146503
37364 16 1 146504
37366 16 2 146505
37368 16 3 146506
37370 16 5 146507
37372 16 9 146508
37476 16 19 146560
37478 16 21 146561
37480 16 22 146562
37482 16 23 146563
37484 16 1 146564
37486 16 2 146565
37488 16 3 146566
37490 16 5 146567
37492 16 9 146568
37494 16 10 146569
37496 16 14 146570
37498 16 15 146571
37500 16 19 146572
37604 16 1 146624
37606 16 2 146625
37608 16 3 146626
37610 16 5 146627
37612 16 9 146628
37614 16 10 146629
37616 16 14 146630
37618 16 15 146631
37620 16 19 146632
37622 16 21 146633
37624 16 22 146634
37626 16 23 146635
37628 16 1 146636
37732 16 9 146688
37734 16 10 146689
37736 16 14 146690
37738 16 15 146691
37740 16 19 146692
37742 16 21 146693
37744 16 22 146694
37746 16 23 146695
37748 16 1 146696
37750 16 2 146697
37752 16 3 146698
37754 16 5 146699
37756 16 9 146700
37860 16 19 146752
37862 16 21 146753
37864 16 22 146754
37866 16 23 146755
37868 16 1 146756
37870 16 2 146757
37872 16 3 146758
37874 16 5 146759
37876 16 9 146760
37878 16 10 146761
37880 16 14 146762
37882 16 15 146763
37884 16 19 146764
37988 16 1 146816
37990 16 2 146817
37992 16 3 146818
37994 16 5 146819
37996 16 9 146820
37998 16 10 146821
38000 16 14 146822
38002 16 15 146823
38004 16 19 146824
38006 16 21 146825
38008 16 22 146826
38010 16 23 146827
38012 16 1 146828
38116 16 9 146880
38118 16 10 146881
38120 16 14 146882
38122 16 15 146883
38124 16 19 146884
38126 16 21 146885
38128 16 22 146886
38130 16 23 146887
38132 16 1 146888
38134 16 2 146889
38136 16 3 146890
38138 16 5 146891
38140 16 9 146892
38244 16 19 146944
38246 16 21 146945
38248 16 22 146946
38250 16 23 146947
38252 16 1 146948
38254 16 2 146949
38256 16 3 146950
38258 16 5 146951
38260 16 9 146952
38262 16 10 146953
38264 16 14 146954
38266 16 15 146955
38268 16 19 146956
38270 16 21 146957
38272 16 1 146432
38274 16 2 146433
38276 16 3 146434
38278 16 5 146435
38280 16 9 146436
38282 16 10 146437
38284 16 14 146438
38286 16 15 146439
38288 16 19 146440
38290 16 21 146441
38292 16 22 146442
38294 16 23 146443
38296 16 1 146444
38298 16 2 146445
38400 16 9 146496
38402 16 10 146497
38404 16 14 146498
38406 16 15 146499
38408 16 19 146500
38410 16 21 146501
38412 16 22 146502
38414 16 23 146503
38416 16 1 146504
38418 16 2 146505
38420 16 3 146506
38422 16 5 146507
38424 16 9 146508
38426 16 10 146509
38528 16 19 146560
38530 16 21 146561
38532 16 22 146562
38534 16 23 146563
38536 16 1 146564
38538 16 2 146565
38540 16 3 146566
38542 16 5 146567
38544 16 9 146568
38546 16 10 146569
38548 16 14 146570
38550 16 15 146571
38552 16 19 146572
38554 16 21 146573
38656 16 1 146624
38658 16 2 146625
38660 16 3 146626
38662 16 5 146627
38664 16 9 146628
38666 16 10 146629
38668 16 14 146630
38670 16 15 146631
38672 16 19 146632
38674 16 21 146633
38676 16 22 146634
38678 16 23 146635
38680 16 1 146636
38682 16 2 146637
38784 16 9 146688
38786 16 10 146689
38788 16 14 146690
38790 16 15 146691
38792 16 19 146692
38794 16 21 146693
38796 16 22 146694
38798 16 23 146695
38800 16 1 146696
38802 16 2 146697
38804 16 3 146698
38806 16 5 146699
38808 16 9 146700
38810 16 10 146701
38912 16 19 146752
38914 16 21 146753
38916 16 22 146754
38918 16 23 146755
38920 16 1 146756
38922 16 2 146757
38924 16 3 146758
38926 16 5 146759
38928 16 9 146760
38930 16 10 146761
38932 16 14 146762
38934 16 15 146763
38936 16 19 146764
38938 16 21 146765
39040 16 1 146816
39042 16 2 146817
39044 16 3 146818
39046 16 5 146819
39048 16 9 146820
39050 16 10 146821
39052 16 14 146822
39054 16 15 146823
39056 16 19 146824
39058 16 21 146825
39060 16 22 146826
39062 16 23 146827
39064 16 1 146828
39066 16 2 146829
39168 16 9 146880
39170 16 10 146881
39172 16 14 146882
39174 16 15 146883
39176 16 19 146884
39178 16 21 146885
39180 16 22 146886
39182 16 23 146887
39184 16 1 146888
39186 16 2 146889
39188 16 3 146890
39190 16 5 146891
39192 16 9 146892
39194 16 10 146893
39296 16 19 146944
39298 16 21 146945
39300 16 22 146946
39302 16 23 146947
39304 16 1 146948
39306 16 2 146949
39308 16 3 146950
39310 16 5 146951
39312 16 9 146952
39314 16 10 146953
39316 16 14 146954
39318 16 15 146955
39320 16 19 146956
39322 16 22 146958
39324 16 23 146959
39326 16 1 146960
39328 16 2 146961
39330 16 3 146962
39332 16 5 146963
39334 16 9 146964
39336 16 10 146965
39338 16 14 146966
39340 16 15 146967
39342 16 19 146968
39344 16 21 146969
39346 16 22 146970
39348 16 23 146971
39350 16 1 146972
39352 16 2 146973
39354 16 3 146974
39356 16 5 146975
39358 16 9 146976
39360 16 10 146977
39362 16 14 146978
39364 16 15 146979
39366 16 19 146980
39368 16 21 146981
39370 16 22 146982
39372 16 23 146983
39374 16 1 146984
39376 16 2 146985
39378 16 3 146986
39380 16 5 146987
39382 16 9 146988
39384 16 10 146989
39386 16 14 146990
39388 16 15 146991
39390 16 19 146992
39392 16 21 146993
39394 16 22 146994
39396 16 23 146995
39398 16 1 146996
39400 16 2 146997
39402 16 3 146998
39404 16 5 146999
39406 16 9 147000
39408 16 10 147001
39410 16 14 147002
39412 16 15 147003
39414 16 19 147004
39416 16 21 147005
39418 16 22 147006
39420 16 23 147007
39422 16 1 147008
39424 16 2 147009
39426 16 3 147010
39428 16 5 147011
39430 16 9 147012
39432 16 10 147013
39434 16 14 147014
39436 16 15 147015
39438 16 19 147016
39440 16 21 147017
39442 16 22 147018
39444 16 23 147019
39446 16 1 147020
39448 16 2 147021
39450 16 3 147022
39452 16 5 147023
39454 16 9 147024
39456 16 10 147025
39458 16 14 147026
39460 16 15 147027
39462 16 19 147028
39464 16 21 147029
39466 16 22 147030
39468 16 23 147031
39470 16 1 147032
39472 16 2 147033
39474 16 3 147034
39476 16 5 147035
39478 16 9 147036
39480 16 10 147037
39482 16 14 147038
39484 16 15 147039
39486 16 19 147040
39488 16 21 147041
39490 16 22 147042
39492 16 23 147043
39494 16 1 147044
39496 16 2 147045
39498 16 3 147046
39500 16 5 147047
39502 16 9 147048
39504 16 10 147049
39506 16 14 147050
39508 16 15 147051
39510 16 19 147052
39512 16 21 147053
39514 16 22 147054
39516 16 23 147055
39518 16 1 147056
39520 16 2 147057
39522 16 3 147058
39524 16 5 147059
39526 16 9 147060
39528 16 10 147061
39530 16 14 147062
39532 16 15 147063
39534 16 19 147064
39536 16 21 147065
39538 16 22 147066
39540 16 23 147067
39542 16 1 147068
39544 16 2 147069
39546 16 3 147070
39548 16 5 147071
39550 16 9 147072
39552 16 10 147073
39554 16 14 147074
39556 16 15 147075
39558 16 19 147076
39560 16 21 147077
39562 16 22 147078
39564 16 23 147079
39566 16 1 147080
39568 16 2 147081
39570 16 3 147082
39572 16 5 147083
39574 16 9 147084
39576 16 10 147085
39578 16 14 147086
39580 16 15 147087
39582 16 19 147088
39584 16 21 147089
39586 16 22 147090
39588 16 23 147091
39590 16 1 147092
39592 16 2 147093
39594 16 3 147094
39596 16 5 147095
39598 16 9 147096
39600 16 10 147097
39602 16 14 147098
39604 16 15 147099
39606 16 19 147100
39608 16 21 147101
39610 16 22 147102
39612 16 23 147103
39614 16 1 147104
39616 16 2 147105
39618 16 3 147106
39620 16 5 147107
39622 16 9 147108
39624 16 10 147109
39626 16 14 147110
39628 16 15 147111
39630 16 19 147112
39632 16 21 147113
39634 16 22 147114
39636 16 23 147115
39638 16 1 147116
39640 16 2 147117
39642 16 3 147118
39644 16 5 147119
39646 16 9 147120
39648 16 10 147121
39650 16 14 147122
39652 16 15 147123
39654 16 19 147124
39656 16 21 147125
39658 16 22 147126
39660 16 23 147127
39662 16 1 147128
39664 16 2 147129
39666 16 3 147130
39668 16 5 147131
39670 16 9 147132
39672 16 10 147133
39674 16 14 147134
39676 16 15 147135
39678 16 19 147136
39680 16 21 147137
39682 16 22 147138
39684 16 23 147139
39686 16 1 147140
39688 16 2 147141
39690 16 3 147142
39692 16 5 147143
39694 16 9 147144
39696 16 10 147145
39698 16 14 147146
39700 16 15 147147
39702 16 19 147148
39704 16 21 147149
39706 16 22 147150
39708 16 23 147151
39710 16 1 147152
39712 16 2 147153
39714 16 3 147154
39716 16 5 147155
39718 16 9 147156
39720 16 10 147157
39722 16 14 147158
39724 16 15 147159
39726 16 19 147160
39728 16 21 147161
39730 16 22 147162
39732 16 23 147163
39734 16 1 147164
39736 16 2 147165
39738 16 3 147166
39740 16 5 147167
39742 16 9 147168
39744 16 10 147169
39746 16 14 147170
39748 16 15 147171
39750 16 19 147172
39752 16 21 147173
39754 16 22 147174
39756 16 23 147175
39758 16 1 147176
39760 16 2 147177
39762 16 3 147178
39764 16 5 147179
39766 16 9 147180
39768 16 10 147181
39770 16 14 147182
39772 16 15 147183
39774 16 19 147184
39776 16 21 147185
39778 16 22 147186
39780 16 23 147187
39782 16 1 147188
39784 16 2 147189
39786 16 3 147190
39788 16 5 147191
39790 16 9 147192
39792 16 10 147193
39794 16 14 147194
39796 16 15 147195
39798 16 19 147196
39800 16 21 147197
39802 16 22 147198
39804 16 23 147199
39806 16 1 147200
39808 16 2 147201
39810 16 3 147202
39812 16 5 147203
39814 16 9 147204
39816 16 10 147205
39818 16 14 147206
39820 16 15 147207
39822 16 19 147208
39824 16 21 147209
39826 16 22 147210
39828 16 23 147211
39830 16 1 147212
39832 16 2 147213
39834 16 3 147214
39836 16 5 147215
39838 16 9 147216
39840 16 10 147217
39842 16 14 147218
39844 16 15 147219
39846 16 19 147220
39848 16 21 147221
39850 16 22 147222
39852 16 23 147223
39854 16 1 147224
39856 16 2 147225
39858 16 3 147226
39860 16 5 147227
39862 16 9 147228
39864 16 10 147229
39866 16 14 147230
39868 16 15 147231
39870 16 19 147232
39872 16 21 147233
39874 16 22 147234
39876 16 23 147235
39878 16 1 147236
39880 16 2 147237
39882 16 3 147238
39884 16 5 147239
39886 16 9 147240
39888 16 10 147241
39890 16 14 147242
39892 16 15 147243
39894 16 19 147244
39896 16 21 147245
39898 16 22 147246
39900 16 23 147247
39902 16 1 147248
39904 16 2 147249
39906 16 3 147250
39908 16 5 147251
39910 16 9 147252
39912 16 10 147253
39914 16 14 147254
39916 16 15 147255
39918 16 19 147256
39920 16 21 147257
39922 16 22 147258
39924 16 23 147259
39926 16 1 147260
39928 16 2 147261
39930 16 3 147262
39932 16 5 147263
39934 16 9 147264
39936 16 10 147265
39938 16 14 147266
39940 16 15 147267
39942 16 19 147268
39944 16 21 147269
39946 16 22 147270
39948 16 23 147271
39950 16 1 147272
39952 16 2 147273
39954 16 3 147274
39956 16 5 147275
39958 16 9 147276
39960 16 10 147277
39962 16 14 147278
39964 16 15 147279
39966 16 19 147280
39968 16 21 147281
39970 16 22 147282
39972 16 23 147283
39974 16 1 147284
39976 16 2 147285
39978 16 3 147286
39980 16 5 147287
39982 16 9 147288
39984 16 10 147289
39986 16 14 147290
39988 16 15 147291
39990 16 19 147292
39992 16 21 147293
39994 16 22 147294
39996 16 23 147295
39998 16 1 147296
40000 16 2 147297
40002 16 3 147298
40004 16 5 147299
40006 16 9 147300
40008 16 10 147301
40010 16 14 147302
40012 16 15 147303
40014 16 19 147304
40016 16 21 147305
40018 16 22 147306
40020 16 23 147307
40022 16 1 147308
40024 16 2 147309
40026 16 3 147310
40028 16 5 147311
40030 16 9 147312
40032 16 10 147313
40034 16 14 147314
40036 16 15 147315
40038 16 19 147316
40040 16 21 147317
40042 16 22 147318
40044 16 23 147319
40046 16 1 147320
40048 16 2 147321
40050 16 3 147322
40052 16 5 147323
40054 16 9 147324
40056 16 10 147325
40058 16 14 147326
40060 16 15 147327
40062 16 19 147328
40064 16 21 147329
40066 16 22 147330
40068 16 23 147331
40070 16 1 147332
40072 16 2 147333
40074 16 3 147334
40076 16 5 147335
40078 16 9 147336
40080 16 10 147337
40082 16 14 147338
40084 16 15 147339
40086 16 19 147340
40088 16 21 147341
40090 16 22 147342
40092 16 23 147343
40094 16 1 147344
40096 16 2 147345
40098 16 3 147346
40100 16 5 147347
40102 16 9 147348
40104 16 10 147349
40106 16 14 147350
40108 16 15 147351
40110 16 19 147352
40112 16 21 147353
40114 16 22 147354
40116 16 23 147355
40118 16 1 147356
40120 16 2 147357
40122 16 3 147358
40124 16 5 147359
40126 16 9 147360
40128 16 10 147361
40130 16 14 147362
40132 16 15 147363
40134 16 19 147364
40136 16 21 147365
40138 16 22 147366
40140 16 23 147367
40142 16 1 147368
40144 16 2 147369
40146 16 3 147370
40148 16 5 147371
40150 16 9 147372
40152 16 10 147373
40154 16 14 147374
40156 16 15 147375
40158 16 19 147376
40160 16 21 147377
40162 16 22 147378
40164 16 23 147379
40166 16 1 147380
40168 16 2 147381
40170 16 3 147382
40172 16 5 147383
40174 16 9 147384
40176 16 10 147385
40178 16 14 147386
40180 16 15 147387
40182 16 19 147388
40184 16 21 147389
40186 16 22 147390
40188 16 23 147391
40190 16 1 147392
40192 16 2 147393
40194 16 3 147394
40196 16 5 147395
40198 16 9 147396
40200 16 10 147397
40202 16 14 147398
40204 16 15 147399
40206 16 19 147400
40208 16 21 147401
40210 16 22 147402
40212 16 23 147403
40214 16 1 147404
40216 16 2 147405
40218 16 3 147406
40220 16 5 147407
40222 16 9 147408
40224 16 10 147409
40226 16 14 147410
40228 16 15 147411
40230 16 19 147412
40232 16 21 147413
40234 16 22 147414
40236 16 23 147415
40238 16 1 147416
40240 16 2 147417
40242 16 3 147418
40244 16 5 147419
40246 16 9 147420
40248 16 10 147421
40250 16 14 147422
40252 16 15 147423
40254 16 19 147424
40256 16 21 147425
40258 16 22 147426
40260 16 23 147427
40262 16 1 147428
40264 16 2 147429
40266 16 3 147430
40268 16 5 147431
40270 16 9 147432
40272 16 10 147433
40274 16 14 147434
40276 16 15 147435
40278 16 19 147436
40280 16 21 147437
40282 16 22 147438
40284 16 23 147439
40286 16 1 147440
40288 16 2 147441
40290 16 3 147442
40292 16 5 147443
40294 16 9 147444
40296 16 10 147445
40298 16 14 147446
40300 16 15 147447
40302 16 19 147448
40304 16 21 147449
40306 16 22 147450
40308 16 23 147451
40310 16 1 147452
40312 16 2 147453
40314 16 3 147454
40316 16 5 147455
40318 16 3 143542
40394 16 14 143546
40396 16 15 143547
40398 16 19 143548
40400 16 21 143549
40402 16 22 143550
40404 16 23 143551
40406 16 1 143552
40408 16 2 143553
40410 16 3 143554
40412 16 5 143555
40414 16 9 143556
40416 16 10 143557
40418 16 14 143558
40420 16 15 143559
40422 16 19 143560
40424 16 21 143561
40426 16 22 143562
40428 16 23 143563
40430 16 1 143564
40432 16 2 143565
40434 16 3 143566
40436 16 5 143567
40438 16 9 143568
40440 16 10 143569
40442 16 14 143570
40444 16 15 143571
40446 16 19 143572
40448 16 21 143573
40450 16 22 143574
40452 16 23 143575
40454 16 1 143576
40456 16 2 143577
40458 16 3 143578
40460 16 5 143579
40462 16 9 143580
40464 16 10 143581
40466 16 14 143582
40468 16 15 143583
40470 16 19 143584
40472 16 21 143585
40474 16 22 143586
40476 16 23 143587
40478 16 1 143588
40480 16 2 143589
40482 16 3 143590
40484 16 5 143591
40486 16 9 143592
40488 16 10 143593
40490 16 14 143594
40492 16 15 143595
40494 16 19 143596
40496 16 21 143597
40498 16 22 143598
40500 16 23 143599
40502 16 1 143600
40504 16 2 143601
40506 16 3 143602
40508 16 5 143603
40510 16 9 143604
40512 16 10 143605
40514 16 14 143606
40516 16 15 143607
40518 16 19 143608
40520 16 21 143609
40522 16 22 143610
40524 16 23 143611
40526 16 1 143612
40528 16 2 143613
40530 16 3 143614
40532 16 5 143615
40534 16 9 143616
40536 16 10 143617
40538 16 14 143618
40540 16 15 143619
40542 16 19 143620
40544 16 21 143621
40546 16 22 143622
40548 16 23 143623
40550 16 1 143624
40552 16 2 143625
40554 16 3 143626
40556 16 5 143627
40558 16 9 143628
40560 16 10 143629
40562 16 14 143630
40564 16 15 143631
40566 16 19 143632
40568 16 21 143633
40570 16 22 143634
40572 16 23 143635
40574 16 1 143636
40576 16 2 143637
40578 16 3 143638
40580 16 5 143639
40582 16 9 143640
40584 16 10 143641
40586 16 14 143642
40588 16 15 143643
40590 16 19 143644
40592 16 21 143645
40594 16 22 143646
40596 16 23 143647
40598 16 1 143648
40600 16 2 143649
40602 16 3 143650
40604 16 5 143651
40606 16 9 143652
40608 16 10 143653
40610 16 14 143654
40612 16 15 143655
40614 16 19 143656
40616 16 21 143657
40618 16 22 143658
40620 16 23 143659
40622 16 1 143660
40624 16 2 143661
40626 16 3 143662
40628 16 5 143663
40630 16 9 143664
40632 16 10 143665
40634 16 14 143666
40636 16 15 143667
40638 16 19 143668
40640 16 21 143669
40642 16 22 143670
40644 16 23 143671
40646 16 1 143672
40648 16 2 143673
40650 16 3 143674
40652 16 5 143675
40654 16 9 143676
40656 16 10 143677
40658 16 14 143678
40660 16 15 143679
40662 16 19 143680
40664 16 21 143681
40666 16 22 143682
40668 16 23 143683
40670 16 1 143684
40672 16 2 143685
40674 16 3 143686
40676 16 5 143687
40678 16 9 143688
40680 16 10 143689
40682 16 14 143690
40684 16 15 143691
40686 16 19 143692
40688 16 21 143693
40690 16 22 143694
40692 16 23 143695
40694 16 1 143696
40696 16 2 143697
40698 16 3 143698
40700 16 5 143699
40702 16 9 143700
40704 16 10 143701
40706 16 14 143702
40708 16 15 143703
40710 16 19 143704
40712 16 21 143705
40714 16 22 143706
40716 16 23 143707
40718 16 1 143708
40720 16 2 143709
40722 16 3 143710
40724 16 5 143711
40726 16 9 143712
40728 16 10 143713
40730 16 14 143714
40732 16 15 143715
40734 16 19 143716
40736 16 21 143717
40738 16 22 143718
40740 16 23 143719
40742 16 1 143720
40744 16 2 143721
40746 16 3 143722
40748 16 5 143723
40750 16 9 143724
40752 16 10 143725
40754 16 14 143726
40756 16 15 143727
40758 16 19 143728
40760 16 21 143729
40762 16 22 143730
40764 16 23 143731
40766 16 1 143732
40768 16 2 143733
40770 16 3 143734
40772 16 5 143735
40774 16 9 143736
40776 16 10 143737
40778 16 14 143738
40780 16 15 143739
40782 16 19 143740
40784 16 21 143741
40786 16 22 143742
40788 16 23 143743
40790 16 1 143744
40792 16 2 143745
40794 16 3 143746
40796 16 5 143747
40798 16 9 143748
40800 16 10 143749
40802 16 14 143750
40804 16 15 143751
40806 16 19 143752
40808 16 21 143753
40810 16 22 143754
40812 16 23 143755
40814 16 1 143756
40816 16 2 143757
40818 16 3 143758
40820 16 5 143759
40822 16 9 143760
40824 16 10 143761
40826 16 14 143762
40828 16 15 143763
40830 16 19 143764
40832 16 21 143765
40834 16 22 143766
40836 16 23 143767
40838 16 1 143768
40840 16 2 143769
40842 16 3 143770
40844 16 5 143771
40846 16 9 143772
40848 16 10 143773
40850 16 14 143774
40852 16 15 143775
40854 16 19 143776
40856 16 21 143777
40858 16 22 143778
40860 16 23 143779
40862 16 1 143780
40864 16 2 143781
40866 16 3 143782
40868 16 5 143783
40870 16 9 143784
40872 16 10 143785
40874 16 14 143786
40876 16 15 143787
40878 16 19 143788
40880 16 21 143789
40882 16 22 143790
40884 16 23 143791
40886 16 1 143792
40888 16 2 143793
40890 16 3 143794
40892 16 5 143795
40894 16 9 143796
40896 16 10 143797
40898 16 14 143798
40900 16 15 143799
40902 16 19 143800
40904 16 21 143801
40906 16 22 143802
40908 16 23 143803
40910 16 1 143804
40912 16 2 143805
40914 16 3 143806
40916 16 5 143807
40918 16 9 143808
40920 16 10 143809
40922 16 14 143810
40924 16 15 143811
40926 16 19 143812
40928 16 21 143813
40930 16 22 143814
40932 16 23 143815
40934 16 1 143816
40936 16 2 143817
40938 16 3 143818
40940 16 5 143819
40942 16 9 143820
40944 16 10 143821
40946 16 14 143822
40948 16 15 143823
40950 16 19 143824
40952 16 21 143825
40954 16 22 143826
40956 16 23 143827
40958 16 1 143828
40960 16 2 143829
40962 16 3 143830
40964 16 5 143831
40966 16 9 143832
40968 16 10 143833
40970 16 14 143834
40972 16 15 143835
40974 16 19 143836
40976 16 21 143837
40978 16 22 143838
40980 16 23 143839
40982 16 1 143840
40984 16 2 143841
40986 16 3 143842
40988 16 5 143843
40990 16 9 143844
40992 16 10 143845
40994 16 14 143846
40996 16 15 143847
40998 16 19 143848
41000 16 21 143849
41002 16 22 143850
41004 16 23 143851
41006 16 1 143852
41008 16 2 143853
41010 16 3 143854
41012 16 5 143855
41014 16 9 143856
41016 16 10 143857
41018 16 14 143858
41020 16 15 143859
41022 16 19 143860
41024 16 21 143861
41026 16 22 143862
41028 16 23 143863
41030 16 1 143864
41032 16 2 143865
41034 16 3 143866
41036 16 5 143867
41038 16 9 143868
41040 16 10 143869
41042 16 14 143870
41044 16 15 143871
41046 16 19 143872
41048 16 21 143873
41050 16 22 143874
41052 16 23 143875
41054 16 1 143876
41056 16 2 143877
41058 16 3 143878
41060 16 5 143879
41062 16 9 143880
41064 16 10 143881
41066 16 14 143882
41068 16 15 143883
41070 16 19 143884
41072 16 21 143885
41074 16 22 143886
41076 16 23 143887
41078 16 1 143888
41080 16 2 143889
41082 16 3 143890
41084 16 5 143891
41086 16 9 143892
41088 16 10 143893
41090 16 14 143894
41092 16 15 143895
41094 16 19 143896
41096 16 21 143897
41098 16 22 143898
41100 16 23 143899
41102 16 1 143900
41104 16 2 143901
41106 16 3 143902
41108 16 5 143903
41110 16 9 143904
41112 16 10 143905
41114 16 14 143906
41116 16 15 143907
41118 16 19 143908
41120 16 21 143909
41122 16 22 143910
41124 16 23 143911
41126 16 1 143912
41128 16 2 143913
41130 16 3 143914
41132 16 5 143915
41134 16 9 143916
41136 16 10 143917
41138 16 14 143918
41140 16 15 143919
41142 16 19 143920
41144 16 21 143921
41146 16 22 143922
41148 16 23 143923
41150 16 1 143924
41152 16 2 143925
41154 16 3 143926
41156 16 5 143927
41158 16 9 143928
41160 16 10 143929
41162 16 14 143930
41164 16 15 143931
41166 16 19 143932
41168 16 21 143933
41170 16 22 143934
41172 16 23 143935
41174 16 1 143936
41176 16 2 143937
41178 16 3 143938
41180 16 5 143939
41182 16 9 143940
41184 16 10 143941
41186 16 14 143942
41188 16 15 143943
41190 16 19 143944
41192 16 21 143945
41194 16 22 143946
41196 16 23 143947
41198 16 1 143948
41200 16 2 143949
41202 16 3 143950
41204 16 5 143951
41206 16 9 143952
41208 16 10 143953
41210 16 14 143954
41212 16 15 143955
41214 16 19 143956
41216 16 21 143957
41218 16 22 143958
41220 16 23 143959
41222 16 1 143960
41224 16 2 143961
41226 16 3 143962
41228 16 5 143963
41230 16 9 143964
41232 16 10 143965
41234 16 14 143966
41236 16 15 143967
41238 16 19 143968
41240 16 21 143969
41242 16 22 143970
41244 16 23 143971
41246 16 1 143972
41248 16 2 143973
41250 16 3 143974
41252 16 5 143975
41254 16 9 143976
41256 16 10 143977
41258 16 14 143978
41260 16 15 143979
41262 16 19 143980
41264 16 21 143981
41266 16 22 143982
41268 16 23 143983
41270 16 1 143984
41272 16 2 143985
41274 16 3 143986
41276 16 5 143987
41278 16 9 143988
41280 16 10 143989
41282 16 14 143990
41284 16 15 143991
41286 16 19 143992
41288 16 21 143993
41290 16 22 143994
41292 16 23 143995
41294 16 1 143996
41296 16 2 143997
41298 16 3 143998
41300 16 5 143999
41302 16 9 144000
41304 16 10 144001
41306 16 14 144002
41308 16 15 144003
41310 16 19 144004
41312 16 21 144005
41314 16 22 144006
41316 16 23 144007
41318 16 1 144008
41320 16 2 144009
41322 16 3 144010
41324 16 5 144011
41326 16 9 144012
41328 16 10 144013
41330 16 14 144014
41332 16 15 144015
41334 16 19 144016
41336 16 21 144017
41338 16 22 144018
41340 16 23 144019
41342 16 1 144020
41344 16 2 144021
41346 16 3 144022
41348 16 5 144023
41350 16 9 144024
41352 16 10 144025
41354 16 14 144026
41356 16 15 144027
41358 16 19 144028
41360 16 21 144029
41362 16 22 144030
41364 16 23 144031
41366 16 1 144032
41368 16 2 144033
41370 16 3 144034
41372 16 5 144035
41374 16 9 144036
41376 16 10 144037
41378 16 14 144038
41380 16 15 144039
41382 16 19 144040
41384 16 21 144041
41386 16 22 144042
41388 16 23 144043
41390 16 1 144044
41392 16 2 144045
41394 16 3 144046
41396 16 5 144047
41398 16 9 144048
41400 16 10 144049
41402 16 14 144050
41404 16 15 144051
41406 16 19 144052
41408 16 21 144053
41410 16 22 144054
41412 16 23 144055
41414 16 1 144056
41416 16 2 144057
41418 16 3 144058
41420 16 5 144059
41422 16 9 144060
41424 16 10 144061
41426 16 14 144062
41428 16 15 144063
41430 16 19 144064
41432 16 21 144065
41434 16 22 144066
41436 16 23 144067
41438 16 1 144068
41440 16 2 144069
41442 16 3 144070
41444 16 5 144071
41446 16 9 144072
41448 16 10 144073
41450 16 14 144074
41452 16 15 144075
41454 16 19 144076
41456 16 21 144077
41458 16 22 144078
41460 16 23 144079
41462 16 1 144080
41464 16 2 144081
41466 16 3 144082
41468 16 5 144083
41470 16 9 144084
41472 16 10 144085
41474 16 14 144086
41476 16 15 144087
41478 16 19 144088
41480 16 21 144089
41482 16 22 144090
41484 16 23 144091
41486 16 1 144092
41488 16 2 144093
41490 16 3 144094
41492 16 5 144095
41494 16 9 144096
41496 16 10 144097
41498 16 14 144098
41500 16 15 144099
41502 16 19 144100
41504 16 21 144101
41506 16 22 144102
41508 16 23 144103
41510 16 1 144104
41512 16 2 144105
41514 16 3 144106
41516 16 5 144107
41518 16 9 144108
41520 16 10 144109
41522 16 14 144110
41524 16 15 144111
41526 16 19 144112
41528 16 21 144113
41530 16 22 144114
41532 16 23 144115
41534 16 1 144116
41536 16 2 144117
41538 16 3 144118
41540 16 5 144119
41542 16 9 144120
41544 16 10 144121
41546 16 14 144122
41548 16 15 144123
41550 16 19 144124
41552 16 21 144125
41554 16 22 144126
41556 16 23 144127
41558 16 1 144128
41560 16 2 144129
41562 16 3 144130
41564 16 5 144131
41566 16 9 144132
41568 16 10 144133
41570 16 14 144134
41572 16 15 144135
41574 16 19 144136
41576 16 21 144137
41578 16 22 144138
41580 16 23 144139
41582 16 1 144140
41584 16 2 144141
41586 16 3 144142
41588 16 5 144143
41590 16 9 144144
41592 16 10 144145
41594 16 14 144146
41596 16 15 144147
41598 16 19 144148
41600 16 21 144149
41602 16 22 144150
41604 16 23 144151
41606 16 1 144152
41608 16 2 144153
41610 16 3 144154
41612 16 5 144155
41614 16 9 144156
41616 16 10 144157
41618 16 14 144158
41620 16 15 144159
41622 16 19 144160
41624 16 21 144161
41626 16 22 144162
41628 16 23 144163
41630 16 1 144164
41632 16 2 144165
41634 16 3 144166
41636 16 5 144167
41638 16 9 144168
41640 16 10 144169
41642 16 14 144170
41644 16 15 144171
41646 16 19 144172
41648 16 21 144173
41650 16 22 144174
41652 16 23 144175
41654 16 1 144176
41656 16 2 144177
41658 16 3 144178
41660 16 5 144179
41662 16 9 144180
41664 16 10 144181
41666 16 14 144182
41668 16 15 144183
41670 16 19 144184
41672 16 21 144185
41674 16 22 144186
41676 16 23 144187
41678 16 1 144188
41680 16 2 144189
41682 16 3 144190
41684 16 5 144191
41686 16 9 144192
41688 16 10 144193
41690 16 14 144194
41692 16 15 144195
41694 16 19 144196
41696 16 21 144197
41698 16 22 144198
41700 16 23 144199
41702 16 1 144200
41704 16 2 144201
41706 16 3 144202
41708 16 5 144203
41710 16 9 144204
41712 16 10 144205
41714 16 14 144206
41716 16 15 144207
41718 16 19 144208
41720 16 21 144209
41722 16 22 144210
41724 16 23 144211
41726 16 1 144212
41728 16 2 144213
41730 16 3 144214
41732 16 5 144215
41734 16 9 144216
41736 16 10 144217
41738 16 14 144218
41740 16 15 144219
41742 16 19 144220
41744 16 21 144221
41746 16 22 144222
41748 16 23 144223
41750 16 1 144224
41752 16 2 144225
41754 16 3 144226
41756 16 5 144227
41758 16 9 144228
41760 16 10 144229
41762 16 14 144230
41764 16 15 144231
41766 16 19 144232
41768 16 21 144233
41770 16 22 144234
41772 16 23 144235
41774 16 1 144236
41776 16 2 144237
41778 16 3 144238
41780 16 5 144239
41782 16 9 144240
41784 16 10 144241
41786 16 14 144242
41788 16 15 144243
41790 16 19 144244
41792 16 21 144245
41794 16 22 144246
41796 16 23 144247
41798 16 1 144248
41800 16 2 144249
41802 16 3 144250
41804 16 5 144251
41806 16 9 144252
41808 16 10 144253
41810 16 14 144254
41812 16 15 144255
41814 16 19 144256
41816 16 21 144257
41818 16 22 144258
41820 16 23 144259
41822 16 1 144260
41824 16 2 144261
41826 16 3 144262
41828 16 5 144263
41830 16 9 144264
41832 16 10 144265
41834 16 14 144266
41836 16 15 144267
41838 16 19 144268
41840 16 21 144269
41842 16 22 144270
41844 16 23 144271
41846 16 1 144272
41848 16 2 144273
41850 16 3 144274
41852 16 5 144275
41854 16 9 144276
41856 16 10 144277
41858 16 14 144278
41860 16 15 144279
41862 16 19 144280
41864 16 21 144281
41866 16 22 144282
41868 16 23 144283
41870 16 1 144284
41872 16 2 144285
41874 16 3 144286
41876 16 5 144287
41878 16 9 144288
41880 16 10 144289
41882 16 14 144290
41884 16 15 144291
41886 16 19 144292
41888 16 21 144293
41890 16 22 144294
41892 16 23 144295
41894 16 1 144296
41896 16 2 144297
41898 16 3 144298
41900 16 5 144299
41902 16 9 144300
41904 16 10 144301
41906 16 14 144302
41908 16 15 144303
41910 16 19 144304
41912 16 21 144305
41914 16 22 144306
41916 16 23 144307
41918 16 1 144308
41920 16 2 144309
41922 16 3 144310
41924 16 5 144311
41926 16 9 144312
41928 16 10 144313
41930 16 14 144314
41932 16 15 144315
41934 16 19 144316
41936 16 21 144317
41938 16 22 144318
41940 16 23 144319
41942 16 1 144320
41944 16 2 144321
41946 16 3 144322
41948 16 5 144323
41950 16 9 144324
41952 16 10 144325
41954 16 14 144326
41956 16 15 144327
41958 16 19 144328
41960 16 21 144329
41962 16 22 144330
41964 16 23 144331
41966 16 1 144332
41968 16 2 144333
41970 16 3 144334
41972 16 5 144335
41974 16 9 144336
41976 16 10 144337
41978 16 14 144338
41980 16 15 144339
41982 16 19 144340
41984 16 21 144341
41986 16 22 144342
41988 16 23 144343
41990 16 1 144344
41992 16 2 144345
41994 16 3 144346
41996 16 5 144347
41998 16 9 144348
42000 16 10 144349
42002 16 14 144350
42004 16 15 144351
42006 16 19 144352
42008 16 21 144353
42010 16 22 144354
42012 16 23 144355
42014 16 1 144356
42016 16 2 144357
42018 16 3 144358
42020 16 5 144359
42022 16 9 144360
42024 16 10 144361
42026 16 14 144362
42028 16 15 144363
42030 16 19 144364
42032 16 21 144365
42034 16 22 144366
42036 16 23 144367
42038 16 1 144368
42040 16 2 144369
42042 16 3 144370
42044 16 5 144371
42046 16 9 144372
42048 16 10 144373
42050 16 14 144374
42052 16 15 144375
42054 16 19 144376
42056 16 21 144377
42058 16 22 144378
42060 16 23 144379
42062 16 1 144380
42064 16 2 144381
42066 16 3 144382
42068 16 5 144383
42070 16 1 145408
42072 16 2 145409
42074 16 3 145410
42076 16 5 145411
42078 16 9 145412
42080 16 10 145413
42082 16 14 145414
42084 16 15 145415
42086 16 19 145416
42088 16 21 145417
42090 16 22 145418
42092 16 23 145419
42094 16 1 145420
42096 16 2 145421
42098 16 3 145422
42100 16 5 145423
42102 16 9 145424
42104 16 10 145425
42106 16 14 145426
42108 16 15 145427
42110 16 19 145428
42112 16 21 145429
42114 16 22 145430
42116 16 23 145431
42118 16 1 145432
42120 16 2 145433
42122 16 3 145434
42124 16 5 145435
42126 16 9 145436
42128 16 10 145437
42130 16 14 145438
42132 16 15 145439
42134 16 19 145440
42136 16 21 145441
42138 16 22 145442
42140 16 23 145443
42142 16 1 145444
42144 16 2 145445
42146 16 3 145446
42148 16 5 145447
42150 16 9 145448
42152 16 10 145449
42154 16 14 145450
42156 16 15 145451
42158 16 19 145452
42160 16 21 145453
42162 16 22 145454
42164 16 23 145455
42166 16 1 145456
42168 16 2 145457
42170 16 3 145458
42172 16 5 145459
42174 16 9 145460
42176 16 10 145461
42178 16 14 145462
42180 16 15 145463
42182 16 19 145464
42184 16 21 145465
42186 16 22 145466
42188 16 23 145467
42190 16 1 145468
42192 16 2 145469
42194 16 3 145470
42196 16 5 145471
42198 16 9 145472
42200 16 10 145473
42202 16 14 145474
42204 16 15 145475
42206 16 19 145476
42208 16 21 145477
42210 16 22 145478
42212 16 23 145479
42214 16 1 145480
42216 16 2 145481
42218 16 3 145482
42220 16 5 145483
42222 16 9 145484
42224 16 10 145485
42226 16 14 145486
42228 16 15 145487
42230 16 19 145488
42232 16 21 145489
42234 16 22 145490
42236 16 23 145491
42238 16 1 145492
42240 16 2 145493
42242 16 3 145494
42244 16 5 145495
42246 16 9 145496
42248 16 10 145497
42250 16 14 145498
42252 16 15 145499
42254 16 19 145500
42256 16 21 145501
42258 16 22 145502
42260 16 23 145503
42262 16 1 145504
42264 16 2 145505
42266 16 3 145506
42268 16 5 145507
42270 16 9 145508
42272 16 10 145509
42274 16 14 145510
42276 16 15 145511
42278 16 19 145512
42280 16 21 145513
42282 16 22 145514
42284 16 23 145515
42286 16 1 145516
42288 16 2 145517
42290 16 3 145518
42292 16 5 145519
42294 16 9 145520
42296 16 10 145521
42298 16 14 145522
42300 16 15 145523
42302 16 19 145524
42304 16 21 145525
42306 16 22 145526
42308 16 23 145527
42310 16 1 145528
42312 16 2 145529
42314 16 3 145530
42316 16 5 145531
42318 16 9 145532
42320 16 10 145533
42322 16 14 145534
42324 16 15 145535
42326 16 19 145536
42328 16 21 145537
42330 16 22 145538
42332 16 23 145539
42334 16 1 145540
42336 16 2 145541
42338 16 3 145542
42340 16 5 145543
42342 16 9 145544
42344 16 10 145545
42346 16 14 145546
42348 16 15 145547
42350 16 19 145548
42352 16 21 145549
42354 16 22 145550
42356 16 23 145551
42358 16 1 145552
42360 16 2 145553
42362 16 3 145554
42364 16 5 145555
42366 16 9 145556
42368 16 10 145557
42370 16 14 145558
42372 16 15 145559
42374 16 19 145560
42376 16 21 145561
42378 16 22 145562
42380 16 23 145563
42382 16 1 145564
42384 16 2 145565
42386 16 3 145566
42388 16 5 145567
42390 16 9 145568
42392 16 10 145569
42394 16 14 145570
42396 16 15 145571
42398 16 19 145572
42400 16 21 145573
42402 16 22 145574
42404 16 23 145575
42406 16 1 145576
42408 16 2 145577
42410 16 3 145578
42412 16 5 145579
42414 16 9 145580
42416 16 10 145581
42418 16 14 145582
42420 16 15 145583
42422 16 19 145584
42424 16 21 145585
42426 16 22 145586
42428 16 23 145587
42430 16 1 145588
42432 16 2 145589
42434 16 3 145590
42436 16 5 145591
42438 16 9 145592
42440 16 10 145593
42442 16 14 145594
42444 16 15 145595
42446 16 19 145596
42448 16 21 145597
42450 16 22 145598
42452 16 23 145599
42454 16 1 145600
42456 16 2 145601
42458 16 3 145602
42460 16 5 145603
42462 16 9 145604
42464 16 10 145605
42466 16 14 145606
42468 16 15 145607
42470 16 19 145608
42472 16 21 145609
42474 16 22 145610
42476 16 23 145611
42478 16 1 145612
42480 16 2 145613
42482 16 3 145614
42484 16 5 145615
42486 16 9 145616
42488 16 10 145617
42490 16 14 145618
42492 16 15 145619
42494 16 19 145620
42496 16 21 145621
42498 16 22 145622
42500 16 23 145623
42502 16 1 145624
42504 16 2 145625
42506 16 3 145626
42508 16 5 145627
42510 16 9 145628
42512 16 10 145629
42514 16 14 145630
42516 16 15 145631
42518 16 19 145632
42520 16 21 145633
42522 16 22 145634
42524 16 23 145635
42526 16 1 145636
42528 16 2 145637
42530 16 3 145638
42532 16 5 145639
42534 16 9 145640
42536 16 10 145641
42538 16 14 145642
42540 16 15 145643
42542 16 19 145644
42544 16 21 145645
42546 16 22 145646
42548 16 23 145647
42550 16 1 145648
42552 16 2 145649
42554 16 3 145650
42556 16 5 145651
42558 16 9 145652
42560 16 10 145653
42562 16 14 145654
42564 16 15 145655
42566 16 19 145656
42568 16 21 145657
42570 16 22 145658
42572 16 23 145659
42574 16 1 145660
42576 16 2 145661
42578 16 3 145662
42580 16 5 145663
42582 16 9 145664
42584 16 10 145665
42586 16 14 145666
42588 16 15 145667
42590 16 19 145668
42592 16 21 145669
42594 16 22 145670
42596 16 23 145671
42598 16 1 145672
42600 16 2 145673
42602 16 3 145674
42604 16 5 145675
42606 16 9 145676
42608 16 10 145677
42610 16 14 145678
42612 16 15 145679
42614 16 19 145680
42616 16 21 145681
42618 16 22 145682
42620 16 23 145683
42622 16 1 145684
42624 16 2 145685
42626 16 3 145686
42628 16 5 145687
42630 16 9 145688
42632 16 10 145689
42634 16 14 145690
42636 16 15 145691
42638 16 19 145692
42640 16 21 145693
42642 16 22 145694
42644 16 23 145695
42646 16 1 145696
42648 16 2 145697
42650 16 3 145698
42652 16 5 145699
42654 16 9 145700
42656 16 10 145701
42658 16 14 145702
42660 16 15 145703
42662 16 19 145704
42664 16 21 145705
42666 16 22 145706
42668 16 23 145707
42670 16 1 145708
42672 16 2 145709
42674 16 3 145710
42676 16 5 145711
42678 16 9 145712
42680 16 10 145713
42682 16 14 145714
42684 16 15 145715
42686 16 19 145716
42688 16 21 145717
42690 16 22 145718
42692 16 23 145719
42694 16 1 145720
42696 16 2 145721
42698 16 3 145722
42700 16 5 145723
42702 16 9 145724
42704 16 10 145725
42706 16 14 145726
42708 16 15 145727
42710 16 19 145728
42712 16 21 145729
42714 16 22 145730
42716 16 23 145731
42718 16 1 145732
42720 16 2 145733
42722 16 3 145734
42724 16 5 145735
42726 16 9 145736
42728 16 10 145737
42730 16 14 145738
42732 16 15 145739
42734 16 19 145740
42736 16 21 145741
42738 16 22 145742
42740 16 23 145743
42742 16 1 145744
42744 16 2 145745
42746 16 3 145746
42748 16 5 145747
42750 16 9 145748
42752 16 10 145749
42754 16 14 145750
42756 16 15 145751
42758 16 19 145752
42760 16 21 145753
42762 16 22 145754
42764 16 23 145755
42766 16 1 145756
42768 16 2 145757
42770 16 3 145758
42772 16 5 145759
42774 16 9 145760
42776 16 10 145761
42778 16 14 145762
42780 16 15 145763
42782 16 19 145764
42784 16 21 145765
42786 16 22 145766
42788 16 23 145767
42790 16 1 145768
42792 16 2 145769
42794 16 3 145770
42796 16 5 145771
42798 16 9 145772
42800 16 10 145773
42802 16 14 145774
42804 16 15 145775
42806 16 19 145776
42808 16 21 145777
42810 16 22 145778
42812 16 23 145779
42814 16 1 145780
42816 16 2 145781
42818 16 3 145782
42820 16 5 145783
42822 16 9 145784
42824 16 10 145785
42826 16 14 145786
42828 16 15 145787
42830 16 19 145788
42832 16 21 145789
42834 16 22 145790
42836 16 23 145791
42838 16 1 145792
42840 16 2 145793
42842 16 3 145794
42844 16 5 145795
42846 16 9 145796
42848 16 10 145797
42850 16 14 145798
42852 16 15 145799
42854 16 19 145800
42856 16 21 145801
42858 16 22 145802
42860 16 23 145803
42862 16 1 145804
42864 16 2 145805
42866 16 3 145806
42868 16 5 145807
42870 16 9 145808
42872 16 10 145809
42874 16 14 145810
42876 16 15 145811
42878 16 19 145812
42880 16 21 145813
42882 16 22 145814
42884 16 23 145815
42886 16 1 145816
42888 16 2 145817
42890 16 3 145818
42892 16 5 145819
42894 16 9 145820
42896 16 10 145821
42898 16 14 145822
42900 16 15 145823
42902 16 19 145824
42904 16 21 145825
42906 16 22 145826
42908 16 23 145827
42910 16 1 145828
42912 16 2 145829
42914 16 3 145830
42916 16 5 145831
42918 16 9 145832
42920 16 10 145833
42922 16 14 145834
42924 16 15 145835
42926 16 19 145836
42928 16 21 145837
42930 16 22 145838
42932 16 23 145839
42934 16 1 145840
42936 16 2 145841
42938 16 3 145842
42940 16 5 145843
42942 16 9 145844
42944 16 10 145845
42946 16 14 145846
42948 16 15 145847
42950 16 19 145848
42952 16 21 145849
42954 16 22 145850
42956 16 23 145851
42958 16 1 145852
42960 16 2 145853
42962 16 3 145854
42964 16 5 145855
42966 16 9 145856
42968 16 10 145857
42970 16 14 145858
42972 16 15 145859
42974 16 19 145860
42976 16 21 145861
42978 16 22 145862
42980 16 23 145863
42982 16 1 145864
42984 16 2 145865
42986 16 3 145866
42988 16 5 145867
42990 16 9 145868
42992 16 10 145869
42994 16 14 145870
42996 16 15 145871
42998 16 19 145872
43000 16 21 145873
43002 16 22 145874
43004 16 23 145875
43006 16 1 145876
43008 16 2 145877
43010 16 3 145878
43012 16 5 145879
43014 16 9 145880
43016 16 10 145881
43018 16 14 145882
43020 16 15 145883
43022 16 19 145884
43024 16 21 145885
43026 16 22 145886
43028 16 23 145887
43030 16 1 145888
43032 16 2 145889
43034 16 3 145890
43036 16 5 145891
43038 16 9 145892
43040 16 10 145893
43042 16 14 145894
43044 16 15 145895
43046 16 19 145896
43048 16 21 145897
43050 16 22 145898
43052 16 23 145899
43054 16 1 145900
43056 16 2 145901
43058 16 3 145902
43060 16 5 145903
43062 16 9 145904
43064 16 10 145905
43066 16 14 145906
43068 16 15 145907
43070 16 19 145908
43072 16 21 145909
43074 16 22 145910
43076 16 23 145911
43078 16 1 145912
43080 16 2 145913
43082 16 3 145914
43084 16 5 145915
43086 16 9 145916
43088 16 10 145917
43090 16 14 145918
43092 16 15 145919
43094 16 19 145920
43096 16 21 145921
43098 16 22 145922
43100 16 23 145923
43102 16 1 145924
43104 16 2 145925
43106 16 3 145926
43108 16 5 145927
43110 16 9 145928
43112 16 10 145929
43114 16 14 145930
43116 16 15 145931
43118 16 19 145932
43120 16 21 145933
43122 16 22 145934
43124 16 23 145935
43126 16 1 145936
43128 16 2 145937
43130 16 3 145938
43132 16 5 145939
43134 16 9 145940
43136 16 10 145941
43138 16 14 145942
43140 16 15 145943
43142 16 19 145944
43144 16 21 145945
43146 16 22 145946
43148 16 23 145947
43150 16 1 145948
43152 16 2 145949
43154 16 3 145950
43156 16 5 145951
43158 16 9 145952
43160 16 10 145953
43162 16 14 145954
43164 16 15 145955
43166 16 19 145956
43168 16 21 145957
43170 16 22 145958
43172 16 23 145959
43174 16 1 145960
43176 16 2 145961
43178 16 3 145962
43180 16 5 145963
43182 16 9 145964
43184 16 10 145965
43186 16 14 145966
43188 16 15 145967
43190 16 19 145968
43192 16 21 145969
43194 16 22 145970
43196 16 23 145971
43198 16 1 145972
43200 16 2 145973
43202 16 3 145974
43204 16 5 145975
43206 16 9 145976
43208 16 10 145977
43210 16 14 145978
43212 16 15 145979
43214 16 19 145980
43216 16 21 145981
43218 16 22 145982
43220 16 23 145983
43222 16 1 145984
43224 16 2 145985
43226 16 3 145986
43228 16 5 145987
43230 16 9 145988
43232 16 10 145989
43234 16 14 145990
43236 16 15 145991
43238 16 19 145992
43240 16 21 145993
43242 16 22 145994
43244 16 23 145995
43246 16 1 145996
43248 16 2 145997
43250 16 3 145998
43252 16 5 145999
43254 16 9 146000
43256 16 10 146001
43258 16 14 146002
43260 16 15 146003
43262 16 19 146004
43264 16 21 146005
43266 16 22 146006
43268 16 23 146007
43270 16 1 146008
43272 16 2 146009
43274 16 3 146010
43276 16 5 146011
43278 16 9 146012
43280 16 10 146013
43282 16 14 146014
43284 16 15 146015
43286 16 19 146016
43288 16 21 146017
43290 16 22 146018
43292 16 23 146019
43294 16 1 146020
43296 16 2 146021
43298 16 3 146022
43300 16 5 146023
43302 16 9 146024
43304 16 10 146025
43306 16 14 146026
43308 16 15 146027
43310 16 19 146028
43312 16 21 146029
43314 16 22 146030
43316 16 23 146031
43318 16 1 146032
43320 16 2 146033
43322 16 3 146034
43324 16 5 146035
43326 16 9 146036
43328 16 10 146037
43330 16 14 146038
43332 16 15 146039
43334 16 19 146040
43336 16 21 146041
43338 16 22 146042
43340 16 23 146043
43342 16 1 146044
43344 16 2 146045
43346 16 3 146046
43348 16 5 146047
43350 16 9 146048
43352 16 10 146049
43354 16 14 146050
43356 16 15 146051
43358 16 19 146052
43360 16 21 146053
43362 16 22 146054
43364 16 23 146055
43366 16 1 146056
43368 16 2 146057
43370 16 3 146058
43372 16 5 146059
43374 16 9 146060
43376 16 10 146061
43378 16 14 146062
43380 16 15 146063
43382 16 19 146064
43384 16 21 146065
43386 16 22 146066
43388 16 23 146067
43390 16 1 146068
43392 16 2 146069
43394 16 3 146070
43396 16 5 146071
43398 16 9 146072
43400 16 10 146073
43402 16 14 146074
43404 16 15 146075
43406 16 19 146076
43408 16 21 146077
43410 16 22 146078
43412 16 23 146079
43414 16 1 146080
43416 16 2 146081
43418 16 3 146082
43420 16 5 146083
43422 16 9 146084
43424 16 10 146085
43426 16 14 146086
43428 16 15 146087
43430 16 19 146088
43432 16 21 146089
43434 16 22 146090
43436 16 23 146091
43438 16 1 146092
43440 16 2 146093
43442 16 3 146094
43444 16 5 146095
43446 16 9 146096
43448 16 10 146097
43450 16 14 146098
43452 16 15 146099
43454 16 19 146100
43456 16 21 146101
43458 16 22 146102
43460 16 23 146103
43462 16 1 146104
43464 16 2 146105
43466 16 3 146106
43468 16 5 146107
43470 16 9 146108
43472 16 10 146109
43474 16 14 146110
43476 16 15 146111
43478 16 19 146112
43480 16 21 146113
43482 16 22 146114
43484 16 23 146115
43486 16 1 146116
43488 16 2 146117
43490 16 3 146118
43492 16 5 146119
43494 16 9 146120
43496 16 10 146121
43498 16 14 146122
43500 16 15 146123
43502 16 19 146124
43504 16 21 146125
43506 16 22 146126
43508 16 23 146127
43510 16 1 146128
43512 16 2 146129
43514 16 3 146130
43516 16 5 146131
43518 16 9 146132
43520 16 10 146133
43522 16 14 146134
43524 16 15 146135
43526 16 19 146136
43528 16 21 146137
43530 16 22 146138
43532 16 23 146139
43534 16 1 146140
43536 16 2 146141
43538 16 3 146142
43540 16 5 146143
43542 16 9 146144
43544 16 10 146145
43546 16 14 146146
43548 16 15 146147
43550 16 19 146148
43552 16 21 146149
43554 16 22 146150
43556 16 23 146151
43558 16 1 146152
43560 16 2 146153
43562 16 3 146154
43564 16 5 146155
43566 16 9 146156
43568 16 10 146157
43570 16 14 146158
43572 16 15 146159
43574 16 19 146160
43576 16 21 146161
43578 16 22 146162
43580 16 23 146163
43582 16 1 146164
43584 16 2 146165
43586 16 3 146166
43588 16 5 146167
43590 16 9 146168
43592 16 10 146169
43594 16 14 146170
43596 16 15 146171
43598 16 19 146172
43600 16 21 146173
43602 16 22 146174
43604 16 23 146175
43606 16 1 146176
43608 16 2 146177
43610 16 3 146178
43612 16 5 146179
43614 16 9 146180
43616 16 10 146181
43618 16 14 146182
43620 16 15 146183
43622 16 19 146184
43624 16 21 146185
43626 16 22 146186
43628 16 23 146187
43630 16 1 146188
43632 16 2 146189
43634 16 3 146190
43636 16 5 146191
43638 16 9 146192
43640 16 10 146193
43642 16 14 146194
43644 16 15 146195
43646 16 19 146196
43648 16 21 146197
43650 16 22 146198
43652 16 23 146199
43654 16 1 146200
43656 16 2 146201
43658 16 3 146202
43660 16 5 146203
43662 16 9 146204
43664 16 10 146205
43666 16 14 146206
43668 16 15 146207
43670 16 19 146208
43672 16 21 146209
43674 16 22 146210
43676 16 23 146211
43678 16 1 146212
43680 16 2 146213
43682 16 3 146214
43684 16 5 146215
43686 16 9 146216
43688 16 10 146217
43690 16 14 146218
43692 16 15 146219
43694 16 19 146220
43696 16 21 146221
43698 16 22 146222
43700 16 23 146223
43702 16 1 146224
43704 16 2 146225
43706 16 3 146226
43708 16 5 146227
43710 16 9 146228
43712 16 10 146229
43714 16 14 146230
43716 16 15 146231
43718 16 19 146232
43720 16 21 146233
43722 16 22 146234
43724 16 23 146235
43726 16 1 146236
43728 16 2 146237
43730 16 3 146238
43732 16 5 146239
43734 16 9 146240
43736 16 10 146241
43738 16 14 146242
43740 16 15 146243
43742 16 19 146244
43744 16 21 146245
43746 16 22 146246
43748 16 23 146247
43750 16 1 146248
43752 16 2 146249
43754 16 3 146250
43756 16 5 146251
43758 16 9 146252
43760 16 10 146253
43762 16 14 146254
43764 16 15 146255
43766 16 19 146256
43768 16 21 146257
43770 16 22 146258
43772 16 23 146259
43774 16 1 146260
43776 16 2 146261
43778 16 3 146262
43780 16 5 146263
43782 16 9 146264
43784 16 10 146265
43786 16 14 146266
43788 16 15 146267
43790 16 19 146268
43792 16 21 146269
43794 16 22 146270
43796 16 23 146271
43798 16 1 146272
43800 16 2 146273
43802 16 3 146274
43804 16 5 146275
43806 16 9 146276
43808 16 10 146277
43810 16 14 146278
43812 16 15 146279
43814 16 19 146280
43816 16 21 146281
43818 16 22 146282
43820 16 23 146283
43822 16 1 146284
43824 16 2 146285
43826 16 3 146286
43828 16 5 146287
43830 16 9 146288
43832 16 10 146289
43834 16 14 146290
43836 16 15 146291
43838 16 19 146292
43840 16 21 146293
43842 16 22 146294
43844 16 23 146295
43846 16 1 146296
43848 16 2 146297
43850 16 3 146298
43852 16 5 146299
43854 16 9 146300
43856 16 10 146301
43858 16 14 146302
43860 16 15 146303
43862 16 19 146304
43864 16 21 146305
43866 16 22 146306
43868 16 23 146307
43870 16 1 146308
43872 16 2 146309
43874 16 3 146310
43876 16 5 146311
43878 16 9 146312
43880 16 10 146313
43882 16 14 146314
43884 16 15 146315
43886 16 19 146316
43888 16 21 146317
43890 16 22 146318
43892 16 23 146319
43894 16 1 146320
43896 16 2 146321
43898 16 3 146322
43900 16 5 146323
43902 16 9 146324
43904 16 10 146325
43906 16 14 146326
43908 16 15 146327
43910 16 19 146328
43912 16 21 146329
43914 16 22 146330
43916 16 23 146331
43926 16 1 146332
43928 16 2 146333
43930 16 3 146334
43932 16 5 146335
43934 16 9 146336
43936 16 10 146337
43938 16 14 146338
43940 16 15 146339
43942 16 19 146340
43944 16 21 146341
43946 16 22 146342
43948 16 23 146343
43950 16 1 146344
43952 16 2 146345
43954 16 3 146346
43956 16 5 146347
43958 16 9 146348
43960 16 10 146349
43962 16 14 146350
43964 16 15 146351
43966 16 19 146352
43968 16 21 146353
43970 16 22 146354
43972 16 23 146355
43974 16 1 146356
43976 16 2 146357
43978 16 3 146358
43980 16 5 146359
43982 16 9 146360
43984 16 10 146361
43986 16 14 146362
43988 16 15 146363
43990 16 19 146364
43992 16 21 146365
43994 16 22 146366
43996 16 23 146367
43998 16 1 146368
44000 16 2 146369
44002 16 3 146370
44004 16 5 146371
44006 16 9 146372
44008 16 10 146373
44010 16 14 146374
44012 16 15 146375
44014 16 19 146376
44016 16 21 146377
44018 16 22 146378
44020 16 23 146379
44022 16 1 146380
44024 16 2 146381
44026 16 3 146382
44028 16 5 146383
44030 16 9 146384
44032 16 10 146385
44034 16 14 146386
44036 16 15 146387
44038 16 19 146388
44040 16 21 146389
44042 16 22 146390
44044 16 23 146391
44046 16 1 146392
44048 16 2 146393
44050 16 3 146394
44052 16 5 146395
44054 16 9 146396
44056 16 10 146397
44058 16 14 146398
44060 16 15 146399
44062 16 19 146400
44064 16 21 146401
44066 16 22 146402
44068 16 23 146403
44070 16 1 146404
44072 16 2 146405
44074 16 3 146406
44076 16 5 146407
44078 16 9 146408
44080 16 10 146409
44082 16 14 146410
44084 16 15 146411
44086 16 19 146412
44088 16 21 146413
44090 16 22 146414
44092 16 23 146415
44094 16 1 146416
44096 16 2 146417
44098 16 3 146418
44100 16 5 146419
44102 16 9 146420
44104 16 10 146421
44106 16 14 146422
44108 16 15 146423
44110 16 19 146424
44112 16 21 146425
44114 16 22 146426
44116 16 23 146427
44118 16 1 146428
44120 16 2 146429
44122 16 3 146430
44124 16 5 146431
44526 16 1 144384
44528 16 2 144385
44530 16 3 144386
44532 16 5 144387
44534 16 9 144388
44536 16 10 144389
44538 16 14 144390
44540 16 15 144391
44542 16 19 144392
44544 16 21 144393
44546 16 22 144394
44548 16 23 144395
44550 16 1 144396
44552 16 2 144397
44554 16 3 144398
44556 16 5 144399
44558 16 9 144400
44560 16 10 144401
44562 16 14 144402
44564 16 15 144403
44566 16 19 144404
44568 16 21 144405
44570 16 22 144406
44572 16 23 144407
44574 16 1 144408
44576 16 2 144409
44578 16 3 144410
44580 16 5 144411
44582 16 9 144412
44584 16 10 144413
44586 16 14 144414
44588 16 15 144415
44590 16 19 144416
44592 16 21 144417
44594 16 22 144418
44596 16 23 144419
44598 16 1 144420
44600 16 2 144421
44602 16 3 144422
44604 16 5 144423
44606 16 9 144424
44608 16 10 144425
44610 16 14 144426
44612 16 15 144427
44614 16 19 144428
44616 16 21 144429
44618 16 22 144430
44620 16 23 144431
44622 16 1 144432
44624 16 2 144433
44626 16 3 144434
44628 16 5 144435
44630 16 9 144436
44632 16 10 144437
44634 16 14 144438
44636 16 15 144439
44638 16 19 144440
44640 16 21 144441
44642 16 22 144442
44644 16 23 144443
44646 16 1 144444
44648 16 2 144445
44650 16 3 144446
44652 16 5 144447
44654 16 9 144448
44656 16 10 144449
44658 16 14 144450
44660 16 15 144451
44662 16 19 144452
44664 16 21 144453
44666 16 22 144454
44668 16 23 144455
44670 16 1 144456
44672 16 2 144457
44674 16 3 144458
44676 16 5 144459
44678 16 9 144460
44680 16 10 144461
44682 16 14 144462
44684 16 15 144463
44686 16 19 144464
44688 16 21 144465
44690 16 22 144466
44692 16 23 144467
44694 16 1 144468
44696 16 2 144469
44698 16 3 144470
44700 16 5 144471
44702 16 9 144472
44704 16 10 144473
44706 16 14 144474
44708 16 15 144475
44710 16 19 144476
44712 16 21 144477
44714 16 22 144478
44716 16 23 144479
44718 16 1 144480
44720 16 2 144481
44722 16 3 144482
44724 16 5 144483
44726 16 9 144484
44728 16 10 144485
44730 16 14 144486
44732 16 15 144487
44734 16 19 144488
44736 16 21 144489
44738 16 22 144490
44740 16 23 144491
44742 16 1 144492
44744 16 2 144493
44746 16 3 144494
44748 16 5 144495
44750 16 9 144496
44752 16 10 144497
44754 16 14 144498
44756 16 15 144499
44758 16 19 144500
44760 16 21 144501
44762 16 22 144502
44764 16 23 144503
44766 16 1 144504
44768 16 2 144505
44770 16 3 144506
44772 16 5 144507
44774 16 9 144508
44776 16 10 144509
44778 16 14 144510
44780 16 15 144511
44782 16 19 144512
44784 16 21 144513
44786 16 22 144514
44788 16 23 144515
44790 16 1 144516
44792 16 2 144517
44794 16 3 144518
44796 16 5 144519
44798 16 9 144520
44800 16 10 144521
44802 16 14 144522
44804 16 15 144523
44806 16 19 144524
44808 16 21 144525
44810 16 22 144526
44812 16 23 144527
44814 16 1 144528
44816 16 2 144529
44818 16 3 144530
44820 16 5 144531
44822 16 9 144532
44824 16 10 144533
44826 16 14 144534
44828 16 15 144535
44830 16 19 144536
44832 16 21 144537
44834 16 22 144538
44836 16 23 144539
44838 16 1 144540
44840 16 2 144541
44842 16 3 144542
44844 16 5 144543
44846 16 9 144544
44848 16 10 144545
44850 16 14 144546
44852 16 15 144547
44854 16 19 144548
44856 16 21 144549
44858 16 22 144550
44860 16 23 144551
44862 16 1 144552
44864 16 2 144553
44866 16 3 144554
44868 16 5 144555
44870 16 9 144556
44872 16 10 144557
44874 16 14 144558
44876 16 15 144559
44878 16 19 144560
44880 16 21 144561
44882 16 22 144562
44884 16 23 144563
44886 16 1 144564
44888 16 2 144565
44890 16 3 144566
44892 16 5 144567
44894 16 9 144568
44896 16 10 144569
44898 16 14 144570
44900 16 15 144571
44902 16 19 144572
44904 16 21 144573
44906 16 22 144574
44908 16 23 144575
44910 16 1 144576
44912 16 2 144577
44914 16 3 144578
44916 16 5 144579
44918 16 9 144580
44920 16 10 144581
44922 16 14 144582
44924 16 15 144583
44926 16 19 144584
44928 16 21 144585
44930 16 22 144586
44932 16 23 144587
44934 16 1 144588
44936 16 2 144589
44938 16 3 144590
44940 16 5 144591
44942 16 9 144592
44944 16 10 144593
44946 16 14 144594
44948 16 15 144595
44950 16 19 144596
44952 16 21 144597
44954 16 22 144598
44956 16 23 144599
44958 16 1 144600
44960 16 2 144601
44962 16 3 144602
44964 16 5 144603
44966 16 9 144604
44968 16 10 144605
44970 16 14 144606
44972 16 15 144607
44974 16 19 144608
44976 16 21 144609
44978 16 22 144610
44980 16 23 144611
44982 16 1 144612
44984 16 2 144613
44986 16 3 144614
44988 16 5 144615
44990 16 9 144616
44992 16 10 144617
44994 16 14 144618
44996 16 15 144619
44998 16 19 144620
45000 16 21 144621
45002 16 22 144622
45004 16 23 144623
45006 16 1 144624
45008 16 2 144625
45010 16 3 144626
45012 16 5 144627
45014 16 9 144628
45016 16 10 144629
45018 16 14 144630
45020 16 15 144631
45022 16 19 144632
45024 16 21 144633
45026 16 22 144634
45028 16 23 144635
45030 16 1 144636
45032 16 2 144637
45034 16 3 144638
45036 16 5 144639
45038 16 9 144640
45040 16 10 144641
45042 16 14 144642
45044 16 15 144643
45046 16 19 144644
45048 16 21 144645
45050 16 22 144646
45052 16 23 144647
45054 16 1 144648
45056 16 2 144649
45058 16 3 144650
45060 16 5 144651
45062 16 9 144652
45064 16 10 144653
45066 16 14 144654
45068 16 15 144655
45070 16 19 144656
45072 16 21 144657
45074 16 22 144658
45076 16 23 144659
45078 16 1 144660
45080 16 2 144661
45082 16 3 144662
45084 16 5 144663
45086 16 9 144664
45088 16 10 144665
45090 16 14 144666
45092 16 15 144667
45094 16 19 144668
45096 16 21 144669
45098 16 22 144670
45100 16 23 144671
45102 16 1 144672
45104 16 2 144673
45106 16 3 144674
45108 16 5 144675
45110 16 9 144676
45112 16 10 144677
45114 16 14 144678
45116 16 15 144679
45118 16 19 144680
45120 16 21 144681
45122 16 22 144682
45124 16 23 144683
45126 16 1 144684
45128 16 2 144685
45130 16 3 144686
45132 16 5 144687
45134 16 9 144688
45136 16 10 144689
45138 16 14 144690
45140 16 15 144691
45142 16 19 144692
45144 16 21 144693
45146 16 22 144694
45148 16 23 144695
45150 16 1 144696
45152 16 2 144697
45154 16 3 144698
45156 16 5 144699
45158 16 9 144700
45160 16 10 144701
45162 16 14 144702
45164 16 15 144703
45166 16 19 144704
45168 16 21 144705
45170 16 22 144706
45172 16 23 144707
45174 16 1 144708
45176 16 2 144709
45178 16 3 144710
45180 16 5 144711
45182 16 9 144712
45184 16 10 144713
45186 16 14 144714
45188 16 15 144715
45190 16 19 144716
45192 16 21 144717
45194 16 22 144718
45196 16 23 144719
45198 16 1 144720
45200 16 2 144721
45202 16 3 144722
45204 16 5 144723
45206 16 9 144724
45208 16 10 144725
45210 16 14 144726
45212 16 15 144727
45214 16 19 144728
45216 16 21 144729
45218 16 22 144730
45220 16 23 144731
45222 16 1 144732
45224 16 2 144733
45226 16 3 144734
45228 16 5 144735
45230 16 9 144736
45232 16 10 144737
45234 16 14 144738
45236 16 15 144739
45238 16 19 144740
45240 16 21 144741
45242 16 22 144742
45244 16 23 144743
45246 16 1 144744
45248 16 2 144745
45250 16 3 144746
45252 16 5 144747
45254 16 9 144748
45256 16 10 144749
45258 16 14 144750
45260 16 15 144751
45262 16 19 144752
45264 16 21 144753
45266 16 22 144754
45268 16 23 144755
45270 16 1 144756
45272 16 2 144757
45274 16 3 144758
45276 16 5 144759
45278 16 9 144760
45280 16 10 144761
45282 16 14 144762
45284 16 15 144763
45286 16 19 144764
45288 16 21 144765
45290 16 22 144766
45292 16 23 144767
45294 16 1 144768
45296 16 2 144769
45298 16 3 144770
45300 16 5 144771
45302 16 9 144772
45304 16 10 144773
45306 16 14 144774
45308 16 15 144775
45310 16 19 144776
45312 16 21 144777
45314 16 22 144778
45316 16 23 144779
45318 16 1 144780
45320 16 2 144781
45322 16 3 144782
45324 16 5 144783
45326 16 9 144784
45328 16 10 144785
45330 16 14 144786
45332 16 15 144787
45334 16 19 144788
45336 16 21 144789
45338 16 22 144790
45340 16 23 144791
45342 16 1 144792
45344 16 2 144793
45346 16 3 144794
45348 16 5 144795
45350 16 9 144796
45352 16 10 144797
45354 16 14 144798
45356 16 15 144799
45358 16 19 144800
45360 16 21 144801
45362 16 22 144802
45364 16 23 144803
45366 16 1 144804
45368 16 2 144805
45370 16 3 144806
45372 16 5 144807
45374 16 9 144808
45376 16 10 144809
45378 16 14 144810
45380 16 15 144811
45382 16 19 144812
45384 16 21 144813
45386 16 22 144814
45388 16 23 144815
45390 16 1 144816
45392 16 2 144817
45394 16 3 144818
45396 16 5 144819
45398 16 9 144820
45400 16 10 144821
45402 16 14 144822
45404 16 15 144823
45406 16 19 144824
45408 16 21 144825
45410 16 22 144826
45412 16 23 144827
45414 16 1 144828
45416 16 2 144829
45418 16 3 144830
45420 16 5 144831
45422 16 9 144832
45424 16 10 144833
45426 16 14 144834
45428 16 15 144835
45430 16 19 144836
45432 16 21 144837
45434 16 22 144838
45436 16 23 144839
45438 16 1 144840
45440 16 2 144841
45442 16 3 144842
45444 16 5 144843
45446 16 9 144844
45448 16 10 144845
45450 16 14 144846
45452 16 15 144847
45454 16 19 144848
45456 16 21 144849
45458 16 22 144850
45460 16 23 144851
45462 16 1 144852
45464 16 2 144853
45466 16 3 144854
45468 16 5 144855
45470 16 9 144856
45472 16 10 144857
45474 16 14 144858
45476 16 15 144859
45478 16 19 144860
45480 16 21 144861
45482 16 22 144862
45484 16 23 144863
45486 16 1 144864
45488 16 2 144865
45490 16 3 144866
45492 16 5 144867
45494 16 9 144868
45496 16 10 144869
45498 16 14 144870
45500 16 15 144871
45502 16 19 144872
45504 16 21 144873
45506 16 22 144874
45508 16 23 144875
45510 16 1 144876
45512 16 2 144877
45514 16 3 144878
45516 16 5 144879
45518 16 9 144880
45520 16 10 144881
45522 16 14 144882
45524 16 15 144883
45526 16 19 144884
45528 16 21 144885
45530 16 22 144886
45532 16 23 144887
45534 16 1 144888
45536 16 2 144889
45538 16 3 144890
45540 16 5 144891
45542 16 9 144892
45544 16 10 144893
45546 16 14 144894
45548 16 15 144895
45550 16 19 144896
45552 16 21 144897
45554 16 22 144898
45556 16 23 144899
45558 16 1 144900
45560 16 2 144901
45562 16 3 144902
45564 16 5 144903
45566 16 9 144904
45568 16 10 144905
45570 16 14 144906
45572 16 15 144907
45574 16 19 144908
45576 16 21 144909
45578 16 22 144910
45580 16 23 144911
45582 16 1 144912
45584 16 2 144913
45586 16 3 144914
45588 16 5 144915
45590 16 9 144916
45592 16 10 144917
45594 16 14 144918
45596 16 15 144919
45598 16 19 144920
45600 16 21 144921
45602 16 22 144922
45604 16 23 144923
45606 16 1 144924
45608 16 2 144925
45610 16 3 144926
45612 16 5 144927
45614 16 9 144928
45616 16 10 144929
45618 16 14 144930
45620 16 15 144931
45622 16 19 144932
45624 16 21 144933
45626 16 22 144934
45628 16 23 144935
45630 16 1 144936
45632 16 2 144937
45634 16 3 144938
45636 16 5 144939
45638 16 9 144940
45640 16 10 144941
45642 16 14 144942
45644 16 15 144943
45646 16 19 144944
45648 16 21 144945
45650 16 22 144946
45652 16 23 144947
45654 16 1 144948
45656 16 2 144949
45658 16 3 144950
45660 16 5 144951
45662 16 9 144952
45664 16 10 144953
45666 16 14 144954
45668 16 15 144955
45670 16 19 144956
45672 16 21 144957
45674 16 22 144958
45676 16 23 144959
45678 16 1 144960
45680 16 2 144961
45682 16 3 144962
45684 16 5 144963
45686 16 9 144964
45688 16 10 144965
45690 16 14 144966
45692 16 15 144967
45694 16 19 144968
45696 16 21 144969
45698 16 22 144970
45700 16 23 144971
45702 16 1 144972
45704 16 2 144973
45706 16 3 144974
45708 16 5 144975
45710 16 9 144976
45712 16 10 144977
45714 16 14 144978
45716 16 15 144979
45718 16 19 144980
45720 16 21 144981
45722 16 22 144982
45724 16 23 144983
45726 16 1 144984
45728 16 2 144985
45730 16 3 144986
45732 16 5 144987
45734 16 9 144988
45736 16 10 144989
45738 16 14 144990
45740 16 15 144991
45742 16 19 144992
45744 16 21 144993
45746 16 22 144994
45748 16 23 144995
45750 16 1 144996
45752 16 2 144997
45754 16 3 144998
45756 16 5 144999
45758 16 9 145000
45760 16 10 145001
45762 16 14 145002
45764 16 15 145003
45766 16 19 145004
45768 16 21 145005
45770 16 22 145006
45772 16 23 145007
45774 16 1 145008
45776 16 2 145009
45778 16 3 145010
45780 16 5 145011
45782 16 9 145012
45784 16 10 145013
45786 16 14 145014
45788 16 15 145015
45790 16 19 145016
45792 16 21 145017
45794 16 22 145018
45796 16 23 145019
45798 16 1 145020
45800 16 2 145021
45802 16 3 145022
45804 16 5 145023
45806 16 9 145024
45808 16 10 145025
45810 16 14 145026
45812 16 15 145027
45814 16 19 145028
45816 16 21 145029
45818 16 22 145030
45820 16 23 145031
45822 16 1 145032
45824 16 2 145033
45826 16 3 145034
45828 16 5 145035
45830 16 9 145036
45832 16 10 145037
45834 16 14 145038
45836 16 15 145039
45838 16 19 145040
45840 16 21 145041
45842 16 22 145042
45844 16 23 145043
45846 16 1 145044
45848 16 2 145045
45850 16 3 145046
45852 16 5 145047
45854 16 9 145048
45856 16 10 145049
45858 16 14 145050
45860 16 15 145051
45862 16 19 145052
45864 16 21 145053
45866 16 22 145054
45868 16 23 145055
45870 16 1 145056
45872 16 2 145057
45874 16 3 145058
45876 16 5 145059
45878 16 9 145060
45880 16 10 145061
45882 16 14 145062
45884 16 15 145063
45886 16 19 145064
45888 16 21 145065
45890 16 22 145066
45892 16 23 145067
45894 16 1 145068
45896 16 2 145069
45898 16 3 145070
45900 16 5 145071
45902 16 9 145072
45904 16 10 145073
45906 16 14 145074
45908 16 15 145075
45910 16 19 145076
45912 16 21 145077
45914 16 22 145078
45916 16 23 145079
45918 16 1 145080
45920 16 2 145081
45922 16 3 145082
45924 16 5 145083
45926 16 9 145084
45928 16 10 145085
45930 16 14 145086
45932 16 15 145087
45934 16 19 145088
45936 16 21 145089
45938 16 22 145090
45940 16 23 145091
45942 16 1 145092
45944 16 2 145093
45946 16 3 145094
45948 16 5 145095
45950 16 9 145096
45952 16 10 145097
45954 16 14 145098
45956 16 15 145099
45958 16 19 145100
45960 16 21 145101
45962 16 22 145102
45964 16 23 145103
45966 16 1 145104
45968 16 2 145105
45970 16 3 145106
45972 16 5 145107
45974 16 9 145108
45976 16 10 145109
45978 16 14 145110
45980 16 15 145111
45982 16 19 145112
45984 16 21 145113
45986 16 22 145114
45988 16 23 145115
45990 16 1 145116
45992 16 2 145117
45994 16 3 145118
45996 16 5 145119
45998 16 9 145120
46000 16 10 145121
46002 16 14 145122
46004 16 15 145123
46006 16 19 145124
46008 16 21 145125
46010 16 22 145126
46012 16 23 145127
46014 16 1 145128
46016 16 2 145129
46018 16 3 145130
46020 16 5 145131
46022 16 9 145132
46024 16 10 145133
46026 16 14 145134
46028 16 15 145135
46030 16 19 145136
46032 16 21 145137
46034 16 22 145138
46036 16 23 145139
46038 16 1 145140
46040 16 2 145141
46042 16 3 145142
46044 16 5 145143
46046 16 9 145144
46048 16 10 145145
46050 16 14 145146
46052 16 15 145147
46054 16 19 145148
46056 16 21 145149
46058 16 22 145150
46060 16 23 145151
46062 16 1 145152
46064 16 2 145153
46066 16 3 145154
46068 16 5 145155
46070 16 9 145156
46072 16 10 145157
46074 16 14 145158
46076 16 15 145159
46078 16 19 145160
46080 16 21 145161
46082 16 22 145162
46084 16 23 145163
46086 16 1 145164
46088 16 2 145165
46090 16 3 145166
46092 16 5 145167
46094 16 9 145168
46096 16 10 145169
46098 16 14 145170
46100 16 15 145171
46102 16 19 145172
46104 16 21 145173
46106 16 22 145174
46108 16 23 145175
46110 16 1 145176
46112 16 2 145177
46114 16 3 145178
46116 16 5 145179
46118 16 9 145180
46120 16 10 145181
46122 16 14 145182
46124 16 15 145183
46126 16 19 145184
46128 16 21 145185
46130 16 22 145186
46132 16 23 145187
46134 16 1 145188
46136 16 2 145189
46138 16 3 145190
46140 16 5 145191
46142 16 9 145192
46144 16 10 145193
46146 16 14 145194
46148 16 15 145195
46150 16 19 145196
46152 16 21 145197
46154 16 22 145198
46156 16 23 145199
46158 16 1 145200
46160 16 2 145201
46162 16 3 145202
46164 16 5 145203
46166 16 9 145204
46168 16 10 145205
46170 16 14 145206
46172 16 15 145207
46174 16 19 145208
46176 16 21 145209
46178 16 22 145210
46180 16 23 145211
46182 16 1 145212
46184 16 2 145213
46186 16 3 145214
46188 16 5 145215
46190 16 9 145216
46192 16 10 145217
46194 16 14 145218
46196 16 15 145219
46198 16 19 145220
46200 16 21 145221
46202 16 22 145222
46204 16 23 145223
46206 16 1 145224
46208 16 2 145225
46210 16 3 145226
46212 16 5 145227
46214 16 9 145228
46216 16 10 145229
46218 16 14 145230
46220 16 15 145231
46222 16 19 145232
46224 16 21 145233
46226 16 22 145234
46228 16 23 145235
46230 16 1 145236
46232 16 2 145237
46234 16 3 145238
46236 16 5 145239
46238 16 9 145240
46240 16 10 145241
46242 16 14 145242
46244 16 15 145243
46246 16 19 145244
46248 16 21 145245
46250 16 22 145246
46252 16 23 145247
46254 16 1 145248
46256 16 2 145249
46258 16 3 145250
46260 16 5 145251
46262 16 9 145252
46264 16 10 145253
46266 16 14 145254
46268 16 15 145255
46270 16 19 145256
46272 16 21 145257
46274 16 22 145258
46276 16 23 145259
46278 16 1 145260
46280 16 2 145261
46282 16 3 145262
46284 16 5 145263
46286 16 9 145264
46288 16 10 145265
46290 16 14 145266
46292 16 15 145267
46294 16 19 145268
46296 16 21 145269
46298 16 22 145270
46300 16 23 145271
46302 16 1 145272
46304 16 2 145273
46306 16 3 145274
46308 16 5 145275
46310 16 9 145276
46312 16 10 145277
46314 16 14 145278
46316 16 15 145279
46318 16 19 145280
46320 16 21 145281
46322 16 22 145282
46324 16 23 145283
46326 16 1 145284
46328 16 2 145285
46330 16 3 145286
46332 16 5 145287
46334 16 9 145288
46336 16 10 145289
46338 16 14 145290
46340 16 15 145291
46342 16 19 145292
46344 16 21 145293
46346 16 22 145294
46348 16 23 145295
46350 16 1 145296
46352 16 2 145297
46354 16 3 145298
46356 16 5 145299
46358 16 9 145300
46360 16 10 145301
46362 16 14 145302
46364 16 15 145303
46366 16 19 145304
46368 16 21 145305
46370 16 22 145306
46372 16 23 145307
46374 16 1 145308
46376 16 2 145309
46378 16 3 145310
46380 16 5 145311
46382 16 9 145312
46384 16 10 145313
46386 16 14 145314
46388 16 15 145315
46390 16 19 145316
46392 16 21 145317
46394 16 22 145318
46396 16 23 145319
46398 16 1 145320
46400 16 2 145321
46402 16 3 145322
46404 16 5 145323
46406 16 9 145324
46408 16 10 145325
46410 16 14 145326
46412 16 15 145327
46414 16 19 145328
46416 16 21 145329
46418 16 22 145330
46420 16 23 145331
46422 16 1 145332
46424 16 2 145333
46426 16 3 145334
46428 16 5 145335
46430 16 9 145336
46432 16 10 145337
46434 16 14 145338
46436 16 15 145339
46438 16 19 145340
46440 16 21 145341
46442 16 22 145342
46444 16 23 145343
46446 16 1 145344
46448 16 2 145345
46450 16 3 145346
46452 16 5 145347
46454 16 9 145348
46456 16 10 145349
46458 16 14 145350
46460 16 15 145351
46462 16 19 145352
46464 16 21 145353
46466 16 22 145354
46468 16 23 145355
46470 16 1 145356
46472 16 2 145357
46474 16 3 145358
46476 16 5 145359
46478 16 9 145360
46480 16 10 145361
46482 16 14 145362
46484 16 15 145363
46486 16 19 145364
46488 16 21 145365
46490 16 22 145366
46492 16 23 145367
46494 16 1 145368
46496 16 2 145369
46498 16 3 145370
46500 16 5 145371
46502 16 9 145372
46504 16 10 145373
46506 16 14 145374
46508 16 15 145375
46510 16 19 145376
46512 16 21 145377
46514 16 22 145378
46516 16 23 145379
46518 16 1 145380
46520 16 2 145381
46522 16 3 145382
46524 16 5 145383
46526 16 9 145384
46528 16 10 145385
46530 16 14 145386
46532 16 15 145387
46534 16 19 145388
46536 16 21 145389
46538 16 22 145390
46540 16 23 145391
46542 16 1 145392
46544 16 2 145393
46546 16 3 145394
46548 16 5 145395
46550 16 9 145396
46552 16 10 145397
46554 16 14 145398
46556 16 15 145399
46558 16 19 145400
46560 16 21 145401
46562 16 22 145402
46564 16 23 145403
46566 16 1 145404
46568 16 2 145405
46570 16 3 145406
46572 16 5 145407
46574 16 1 147456
46576 16 2 147457
46578 16 3 147458
46580 16 5 147459
46582 16 9 147460
46584 16 10 147461
46586 16 14 147462
46588 16 15 147463
46590 16 19 147464
46592 16 21 147465
46594 16 22 147466
46596 16 23 147467
46598 16 1 147468
46600 16 2 147469
46602 16 3 147470
46604 16 5 147471
46606 16 9 147472
46608 16 10 147473
46610 16 14 147474
46612 16 15 147475
46614 16 19 147476
46616 16 21 147477
46618 16 22 147478
46620 16 23 147479
46622 16 1 147480
46624 16 2 147481
46626 16 3 147482
46628 16 5 147483
46630 16 9 147484
46632 16 10 147485
46634 16 14 147486
46636 16 15 147487
46638 16 19 147488
46640 16 21 147489
46642 16 22 147490
46644 16 23 147491
46646 16 1 147492
46648 16 2 147493
46650 16 3 147494
46652 16 5 147495
46654 16 9 147496
46656 16 10 147497
46658 16 14 147498
46660 16 15 147499
46662 16 19 147500
46664 16 21 147501
46666 16 22 147502
46668 16 23 147503
46670 16 1 147504
46672 16 2 147505
46674 16 3 147506
46676 16 5 147507
46678 16 9 147508
46680 16 10 147509
46682 16 14 147510
46684 16 15 147511
46686 16 19 147512
46688 16 21 147513
46690 16 22 147514
46692 16 23 147515
46694 16 1 147516
46696 16 2 147517
46698 16 3 147518
46700 16 5 147519
46702 16 9 147520
46704 16 10 147521
46706 16 14 147522
46708 16 15 147523
46710 16 19 147524
46712 16 21 147525
46714 16 22 147526
46716 16 23 147527
46718 16 1 147528
46720 16 2 147529
46722 16 3 147530
46724 16 5 147531
46726 16 9 147532
46728 16 10 147533
46730 16 14 147534
46732 16 15 147535
46734 16 19 147536
46736 16 21 147537
46738 16 22 147538
46740 16 23 147539
46742 16 1 147540
46744 16 2 147541
46746 16 3 147542
46748 16 5 147543
46750 16 9 147544
46752 16 10 147545
46754 16 14 147546
46756 16 15 147547
46758 16 19 147548
46760 16 21 147549
46762 16 22 147550
46764 16 23 147551
46766 16 1 147552
46768 16 2 147553
46770 16 3 147554
46772 16 5 147555
46774 16 9 147556
46776 16 10 147557
46778 16 14 147558
46780 16 15 147559
46782 16 19 147560
46784 16 21 147561
46786 16 22 147562
46788 16 23 147563
46790 16 1 147564
46792 16 2 147565
46794 16 3 147566
46796 16 5 147567
46798 16 9 147568
46800 16 10 147569
46802 16 14 147570
46804 16 15 147571
46806 16 19 147572
46808 16 21 147573
46810 16 22 147574
46812 16 23 147575
46814 16 1 147576
46816 16 2 147577
46818 16 3 147578
46820 16 5 147579
46822 16 9 147580
46824 16 10 147581
46826 16 14 147582
46828 16 15 147583
46830 16 19 147584
46832 16 21 147585
46834 16 22 147586
46836 16 23 147587
46838 16 1 147588
46840 16 2 147589
46842 16 3 147590
46844 16 5 147591
46846 16 9 147592
46848 16 10 147593
46850 16 14 147594
46852 16 15 147595
46854 16 19 147596
46856 16 21 147597
46858 16 22 147598
46860 16 23 147599
46862 16 1 147600
46864 16 2 147601
46866 16 3 147602
46868 16 5 147603
46870 16 9 147604
46872 16 10 147605
46874 16 14 147606
46876 16 15 147607
46878 16 19 147608
46880 16 21 147609
46882 16 22 147610
46884 16 23 147611
46886 16 1 147612
46888 16 2 147613
46890 16 3 147614
46892 16 5 147615
46894 16 9 147616
46896 16 10 147617
46898 16 14 147618
46900 16 15 147619
46902 16 19 147620
46904 16 21 147621
46906 16 22 147622
46908 16 23 147623
46910 16 1 147624
46912 16 2 147625
46914 16 3 147626
46916 16 5 147627
46918 16 9 147628
46920 16 10 147629
46922 16 14 147630
46924 16 15 147631
46926 16 19 147632
46928 16 21 147633
46930 16 22 147634
46932 16 23 147635
46934 16 1 147636
46936 16 2 147637
46938 16 3 147638
46940 16 5 147639
46942 16 9 147640
46944 16 10 147641
46946 16 14 147642
46948 16 15 147643
46950 16 19 147644
46952 16 21 147645
46954 16 22 147646
46956 16 23 147647
46958 16 1 147648
46960 16 2 147649
46962 16 3 147650
46964 16 5 147651
46966 16 9 147652
46968 16 10 147653
46970 16 14 147654
46972 16 15 147655
46974 16 19 147656
46976 16 21 147657
46978 16 22 147658
46980 16 23 147659
46982 16 1 147660
46984 16 2 147661
46986 16 3 147662
46988 16 5 147663
46990 16 9 147664
46992 16 10 147665
46994 16 14 147666
46996 16 15 147667
46998 16 19 147668
47000 16 21 147669
47002 16 22 147670
47004 16 23 147671
47006 16 1 147672
47008 16 2 147673
47010 16 3 147674
47012 16 5 147675
47014 16 9 147676
47016 16 10 147677
47018 16 14 147678
47020 16 15 147679
47022 16 19 147680
47024 16 21 147681
47026 16 22 147682
47028 16 23 147683
47030 16 1 147684
47032 16 2 147685
47034 16 3 147686
47036 16 5 147687
47038 16 9 147688
47040 16 10 147689
47042 16 14 147690
47044 16 15 147691
47046 16 19 147692
47048 16 21 147693
47050 16 22 147694
47052 16 23 147695
47054 16 1 147696
47056 16 2 147697
47058 16 3 147698
47060 16 5 147699
47062 16 9 147700
47064 16 10 147701
47066 16 14 147702
47068 16 15 147703
47070 16 19 147704
47072 16 21 147705
47074 16 22 147706
47076 16 23 147707
47078 16 1 147708
47080 16 2 147709
47082 16 3 147710
47084 16 5 147711
47086 16 9 147712
47088 16 10 147713
47090 16 14 147714
47092 16 15 147715
47094 16 19 147716
47096 16 21 147717
47098 16 22 147718
47100 16 23 147719
47102 16 1 147720
47104 16 2 147721
47106 16 3 147722
47108 16 5 147723
47110 16 9 147724
47112 16 10 147725
47114 16 14 147726
47116 16 15 147727
47118 16 19 147728
47120 16 21 147729
47122 16 22 147730
47124 16 23 147731
47126 16 1 147732
47128 16 2 147733
47130 16 3 147734
47132 16 5 147735
47134 16 9 147736
47136 16 10 147737
47138 16 14 147738
47140 16 15 147739
47142 16 19 147740
47144 16 21 147741
47146 16 22 147742
47148 16 23 147743
47150 16 1 147744
47152 16 2 147745
47154 16 3 147746
47156 16 5 147747
47158 16 9 147748
47160 16 10 147749
47162 16 14 147750
47164 16 15 147751
47166 16 19 147752
47168 16 21 147753
47170 16 22 147754
47172 16 23 147755
47174 16 1 147756
47176 16 2 147757
47178 16 3 147758
47180 16 5 147759
47182 16 9 147760
47184 16 10 147761
47186 16 14 147762
47188 16 15 147763
47190 16 19 147764
47192 16 21 147765
47194 16 22 147766
47196 16 23 147767
47198 16 1 147768
47200 16 2 147769
47202 16 3 147770
47204 16 5 147771
47206 16 9 147772
47208 16 10 147773
47210 16 14 147774
47212 16 15 147775
47214 16 19 147776
47216 16 21 147777
47218 16 22 147778
47220 16 23 147779
47222 16 1 147780
47224 16 2 147781
47226 16 3 147782
47228 16 5 147783
47230 16 9 147784
47232 16 10 147785
47234 16 14 147786
47236 16 15 147787
47238 16 19 147788
47240 16 21 147789
47242 16 22 147790
47244 16 23 147791
47246 16 1 147792
47248 16 2 147793
47250 16 3 147794
47252 16 5 147795
47254 16 9 147796
47256 16 10 147797
47258 16 14 147798
47260 16 15 147799
47262 16 19 147800
47264 16 21 147801
47266 16 22 147802
47268 16 23 147803
47270 16 1 147804
47272 16 2 147805
47274 16 3 147806
47276 16 5 147807
47278 16 9 147808
47280 16 10 147809
47282 16 14 147810
47284 16 15 147811
47286 16 19 147812
47288 16 21 147813
47290 16 22 147814
47292 16 23 147815
47294 16 1 147816
47296 16 2 147817
47298 16 3 147818
47300 16 5 147819
47302 16 9 147820
47304 16 10 147821
47306 16 14 147822
47308 16 15 147823
47310 16 19 147824
47312 16 21 147825
47314 16 22 147826
47316 16 23 147827
47318 16 1 147828
47320 16 2 147829
47322 16 3 147830
47324 16 5 147831
47326 16 9 147832
47328 16 10 147833
47330 16 14 147834
47332 16 15 147835
47334 16 19 147836
47336 16 21 147837
47338 16 22 147838
47340 16 23 147839
47342 16 1 147840
47344 16 2 147841
47346 16 3 147842
47348 16 5 147843
47350 16 9 147844
47352 16 10 147845
47354 16 14 147846
47356 16 15 147847
47358 16 19 147848
47360 16 21 147849
47362 16 22 147850
47364 16 23 147851
47366 16 1 147852
47368 16 2 147853
47370 16 3 147854
47372 16 5 147855
47374 16 9 147856
47376 16 10 147857
47378 16 14 147858
47380 16 15 147859
47382 16 19 147860
47384 16 21 147861
47386 16 22 147862
47388 16 23 147863
47390 16 1 147864
47392 16 2 147865
47394 16 3 147866
47396 16 5 147867
47398 16 9 147868
47400 16 10 147869
47402 16 14 147870
47404 16 15 147871
47406 16 19 147872
47408 16 21 147873
47410 16 22 147874
47412 16 23 147875
47414 16 1 147876
47416 16 2 147877
47418 16 3 147878
47420 16 5 147879
47422 16 9 147880
47424 16 10 147881
47426 16 14 147882
47428 16 15 147883
47430 16 19 147884
47432 16 21 147885
47434 16 22 147886
47436 16 23 147887
47438 16 1 147888
47440 16 2 147889
47442 16 3 147890
47444 16 5 147891
47446 16 9 147892
47448 16 10 147893
47450 16 14 147894
47452 16 15 147895
47454 16 19 147896
47456 16 21 147897
47458 16 22 147898
47460 16 23 147899
47462 16 1 147900
47464 16 2 147901
47466 16 3 147902
47468 16 5 147903
47470 16 9 147904
47472 16 10 147905
47474 16 14 147906
47476 16 15 147907
47478 16 19 147908
47480 16 21 147909
47482 16 22 147910
47484 16 23 147911
47486 16 1 147912
47488 16 2 147913
47490 16 3 147914
47492 16 5 147915
47494 16 9 147916
47496 16 10 147917
47498 16 14 147918
47500 16 15 147919
47502 16 19 147920
47504 16 21 147921
47506 16 22 147922
47508 16 23 147923
47510 16 1 147924
47512 16 2 147925
47514 16 3 147926
47516 16 5 147927
47518 16 9 147928
47520 16 10 147929
47522 16 14 147930
47524 16 15 147931
47526 16 19 147932
47528 16 21 147933
47530 16 22 147934
47532 16 23 147935
47534 16 1 147936
47536 16 2 147937
47538 16 3 147938
47540 16 5 147939
47542 16 9 147940
47544 16 10 147941
47546 16 14 147942
47548 16 15 147943
47550 16 19 147944
47552 16 21 147945
47554 16 22 147946
47556 16 23 147947
47558 16 1 147948
47560 16 2 147949
47562 16 3 147950
47564 16 5 147951
47566 16 9 147952
47568 16 10 147953
47570 16 14 147954
47572 16 15 147955
47574 16 19 147956
47576 16 21 147957
47578 16 22 147958
47580 16 23 147959
47582 16 1 147960
47584 16 2 147961
47586 16 3 147962
47588 16 5 147963
47590 16 9 147964
47592 16 10 147965
47594 16 14 147966
47596 16 15 147967
47598 16 19 147968
47600 16 21 147969
47602 16 22 147970
47604 16 23 147971
47606 16 1 147972
47608 16 2 147973
47610 16 3 147974
47612 16 5 147975
47614 16 9 147976
47616 16 10 147977
47618 16 14 147978
47620 16 15 147979
47622 16 19 147980
47624 16 21 147981
47626 16 22 147982
47628 16 23 147983
47630 16 1 147984
47632 16 2 147985
47634 16 3 147986
47636 16 5 147987
47638 16 9 147988
47640 16 10 147989
47642 16 14 147990
47644 16 15 147991
47646 16 19 147992
47648 16 21 147993
47650 16 22 147994
47652 16 23 147995
47654 16 1 147996
47656 16 2 147997
47658 16 3 147998
47660 16 5 147999
47662 16 9 148000
47664 16 10 148001
47666 16 14 148002
47668 16 15 148003
47670 16 19 148004
47672 16 21 148005
47674 16 22 148006
47676 16 23 148007
47678 16 1 148008
47680 16 2 148009
47682 16 3 148010
47684 16 5 148011
47686 16 9 148012
47688 16 10 148013
47690 16 14 148014
47692 16 15 148015
47694 16 19 148016
47696 16 21 148017
47698 16 22 148018
47700 16 23 148019
47702 16 1 148020
47704 16 2 148021
47706 16 3 148022
47708 16 5 148023
47710 16 9 148024
47712 16 10 148025
47714 16 14 148026
47716 16 15 148027
47718 16 19 148028
47720 16 21 148029
47722 16 22 148030
47724 16 23 148031
47726 16 1 148032
47728 16 2 148033
47730 16 3 148034
47732 16 5 148035
47734 16 9 148036
47736 16 10 148037
47738 16 14 148038
47740 16 15 148039
47742 16 19 148040
47744 16 21 148041
47746 16 22 148042
47748 16 23 148043
47750 16 1 148044
47752 16 2 148045
47754 16 3 148046
47756 16 5 148047
47758 16 9 148048
47760 16 10 148049
47762 16 14 148050
47764 16 15 148051
47766 16 19 148052
47768 16 21 148053
47770 16 22 148054
47772 16 23 148055
47774 16 1 148056
47776 16 2 148057
47778 16 3 148058
47780 16 5 148059
47782 16 9 148060
47784 16 10 148061
47786 16 14 148062
47788 16 15 148063
47790 16 19 148064
47792 16 21 148065
47794 16 22 148066
47796 16 23 148067
47798 16 1 148068
47800 16 2 148069
47802 16 3 148070
47804 16 5 148071
47806 16 9 148072
47808 16 10 148073
47810 16 14 148074
47812 16 15 148075
47814 16 19 148076
47816 16 21 148077
47818 16 22 148078
47820 16 23 148079
47822 16 1 148080
47824 16 2 148081
47826 16 3 148082
47828 16 5 148083
47830 16 9 148084
47832 16 10 148085
47834 16 14 148086
47836 16 15 148087
47838 16 19 148088
47840 16 21 148089
47842 16 22 148090
47844 16 23 148091
47846 16 1 148092
47848 16 2 148093
47850 16 3 148094
47852 16 5 148095
47854 16 9 148096
47856 16 10 148097
47858 16 14 148098
47860 16 15 148099
47862 16 19 148100
47864 16 21 148101
47866 16 22 148102
47868 16 23 148103
47870 16 1 148104
47872 16 2 148105
47874 16 3 148106
47876 16 5 148107
47878 16 9 148108
47880 16 10 148109
47882 16 14 148110
47884 16 15 148111
47886 16 19 148112
47888 16 21 148113
47890 16 22 148114
47892 16 23 148115
47894 16 1 148116
47896 16 2 148117
47898 16 3 148118
47900 16 5 148119
47902 16 9 148120
47904 16 10 148121
47906 16 14 148122
47908 16 15 148123
47910 16 19 148124
47912 16 21 148125
47914 16 22 148126
47916 16 23 148127
47918 16 1 148128
47920 16 2 148129
47922 16 3 148130
47924 16 5 148131
47926 16 9 148132
47928 16 10 148133
47930 16 14 148134
47932 16 15 148135
47934 16 19 148136
47936 16 21 148137
47938 16 22 148138
47940 16 23 148139
47942 16 1 148140
47944 16 2 148141
47946 16 3 148142
47948 16 5 148143
47950 16 9 148144
47952 16 10 148145
47954 16 14 148146
47956 16 15 148147
47958 16 19 148148
47960 16 21 148149
47962 16 22 148150
47964 16 23 148151
47966 16 1 148152
47968 16 2 148153
47970 16 3 148154
47972 16 5 148155
47974 16 9 148156
47976 16 10 148157
47978 16 14 148158
47980 16 15 148159
47982 16 19 148160
47984 16 21 148161
47986 16 22 148162
47988 16 23 148163
47990 16 1 148164
47992 16 2 148165
47994 16 3 148166
47996 16 5 148167
47998 16 9 148168
48000 16 10 148169
48002 16 14 148170
48004 16 15 148171
48006 16 19 148172
48008 16 21 148173
48010 16 22 148174
48012 16 23 148175
48014 16 1 148176
48016 16 2 148177
48018 16 3 148178
48020 16 5 148179
48022 16 9 148180
48024 16 10 148181
48026 16 14 148182
48028 16 15 148183
48030 16 19 148184
48032 16 21 148185
48034 16 22 148186
48036 16 23 148187
48038 16 1 148188
48040 16 2 148189
48042 16 3 148190
48044 16 5 148191
48046 16 9 148192
48048 16 10 148193
48050 16 14 148194
48052 16 15 148195
48054 16 19 148196
48056 16 21 148197
48058 16 22 148198
48060 16 23 148199
48062 16 1 148200
48064 16 2 148201
48066 16 3 148202
48068 16 5 148203
48070 16 9 148204
48072 16 10 148205
48074 16 14 148206
48076 16 15 148207
48078 16 19 148208
48080 16 21 148209
48082 16 22 148210
48084 16 23 148211
48086 16 1 148212
48088 16 2 148213
48090 16 3 148214
48092 16 5 148215
48094 16 9 148216
48096 16 10 148217
48098 16 14 148218
48100 16 15 148219
48102 16 19 148220
48104 16 21 148221
48106 16 22 148222
48108 16 23 148223
48110 16 1 148224
48112 16 2 148225
48114 16 3 148226
48116 16 5 148227
48118 16 9 148228
48120 16 10 148229
48122 16 14 148230
48124 16 15 148231
48126 16 19 148232
48128 16 21 148233
48130 16 22 148234
48132 16 23 148235
48134 16 1 148236
48136 16 2 148237
48138 16 3 148238
48140 16 5 148239
48142 16 9 148240
48144 16 10 148241
48146 16 14 148242
48148 16 15 148243
48150 16 19 148244
48152 16 21 148245
48154 16 22 148246
48156 16 23 148247
48158 16 1 148248
48160 16 2 148249
48162 16 3 148250
48164 16 5 148251
48166 16 9 148252
48168 16 10 148253
48170 16 14 148254
48172 16 15 148255
48174 16 19 148256
48176 16 21 148257
48178 16 22 148258
48180 16 23 148259
48182 16 1 148260
48184 16 2 148261
48186 16 3 148262
48188 16 5 148263
48190 16 9 148264
48192 16 10 148265
48194 16 14 148266
48196 16 15 148267
48198 16 19 148268
48200 16 21 148269
48202 16 22 148270
48204 16 23 148271
48206 16 1 148272
48208 16 2 148273
48210 16 3 148274
48212 16 5 148275
48214 16 9 148276
48216 16 10 148277
48218 16 14 148278
48220 16 15 148279
48222 16 19 148280
48224 16 21 148281
48226 16 22 148282
48228 16 23 148283
48230 16 1 148284
48232 16 2 148285
48234 16 3 148286
48236 16 5 148287
48238 16 9 148288
48240 16 10 148289
48242 16 14 148290
48244 16 15 148291
48246 16 19 148292
48248 16 21 148293
48250 16 22 148294
48252 16 23 148295
48254 16 1 148296
48256 16 2 148297
48258 16 3 148298
48260 16 5 148299
48262 16 9 148300
48264 16 10 148301
48266 16 14 148302
48268 16 15 148303
48270 16 19 148304
48272 16 21 148305
48274 16 22 148306
48276 16 23 148307
48278 16 1 148308
48280 16 2 148309
48282 16 3 148310
48284 16 5 148311
48286 16 9 148312
48288 16 10 148313
48290 16 14 148314
48292 16 15 148315
48294 16 19 148316
48296 16 21 148317
48298 16 22 148318
48300 16 23 148319
48302 16 1 148320
48304 16 2 148321
48306 16 3 148322
48308 16 5 148323
48310 16 9 148324
48312 16 10 148325
48314 16 14 148326
48316 16 15 148327
48318 16 19 148328
48320 16 21 148329
48322 16 22 148330
48324 16 23 148331
48326 16 1 148332
48328 16 2 148333
48330 16 3 148334
48332 16 5 148335
48334 16 9 148336
48336 16 10 148337
48338 16 14 148338
48340 16 15 148339
48342 16 19 148340
48344 16 21 148341
48346 16 22 148342
48348 16 23 148343
48350 16 1 148344
48352 16 2 148345
48354 16 3 148346
48356 16 5 148347
48358 16 9 148348
48360 16 10 148349
48362 16 14 148350
48364 16 15 148351
48366 16 19 148352
48368 16 21 148353
48370 16 22 148354
48372 16 23 148355
48374 16 1 148356
48376 16 2 148357
48378 16 3 148358
48380 16 5 148359
48382 16 9 148360
48384 16 10 148361
48386 16 14 148362
48388 16 15 148363
48390 16 19 148364
48392 16 21 148365
48394 16 22 148366
48396 16 23 148367
48398 16 1 148368
48400 16 2 148369
48402 16 3 148370
48404 16 5 148371
48406 16 9 148372
48408 16 10 148373
48410 16 14 148374
48412 16 15 148375
48414 16 19 148376
48416 16 21 148377
48418 16 22 148378
48420 16 23 148379
48422 16 1 148380
48424 16 2 148381
48426 16 3 148382
48428 16 5 148383
48430 16 9 148384
48432 16 10 148385
48434 16 14 148386
48436 16 15 148387
48438 16 19 148388
48440 16 21 148389
48442 16 22 148390
48444 16 23 148391
48446 16 1 148392
48448 16 2 148393
48450 16 3 148394
48452 16 5 148395
48454 16 9 148396
48456 16 10 148397
48458 16 14 148398
48460 16 15 148399
48462 16 19 148400
48464 16 21 148401
48466 16 22 148402
48468 16 23 148403
48470 16 1 148404
48472 16 2 148405
48474 16 3 148406
48476 16 5 148407
48478 16 9 148408
48480 16 10 148409
48482 16 14 148410
48484 16 15 148411
48486 16 19 148412
48488 16 21 148413
48490 16 22 148414
48492 16 23 148415
48494 16 1 148416
48496 16 2 148417
48498 16 3 148418
48500 16 5 148419
48502 16 9 148420
48504 16 10 148421
48506 16 14 148422
48508 16 15 148423
48510 16 19 148424
48512 16 21 148425
48514 16 22 148426
48516 16 23 148427
48518 16 1 148428
48520 16 2 148429
48522 16 3 148430
48524 16 5 148431
48526 16 9 148432
48528 16 10 148433
48530 16 14 148434
48532 16 15 148435
48534 16 19 148436
48536 16 21 148437
48538 16 22 148438
48540 16 23 148439
48542 16 1 148440
48544 16 2 148441
48546 16 3 148442
48548 16 5 148443
48550 16 9 148444
48552 16 10 148445
48554 16 14 148446
48556 16 15 148447
48558 16 19 148448
48560 16 21 148449
48562 16 22 148450
48564 16 23 148451
48566 16 1 148452
48568 16 2 148453
48570 16 3 148454
48572 16 5 148455
48574 16 9 148456
48576 16 10 148457
48578 16 14 148458
48580 16 15 148459
48582 16 19 148460
48584 16 21 148461
48586 16 22 148462
48588 16 23 148463
48590 16 1 148464
48592 16 2 148465
48594 16 3 148466
48596 16 5 148467
48598 16 9 148468
48600 16 10 148469
48602 16 14 148470
48604 16 15 148471
48606 16 19 148472
48608 16 21 148473
48610 16 22 148474
48612 16 23 148475
48614 16 1 148476
48616 16 2 148477
48618 16 3 148478
48620 16 5 148479
48622 16 1 0
48624 16 5 87
48644 16 2 11661
48646 16 19 11728
48648 16 23 1575
48650 16 14 1258
48654 16 19 1968
48656 16 10 26169
48658 16 22 26174
48660 16 5 26179
48726 16 9 12892
48728 16 14 13002
48730 16 23 12695
48732 16 23 3827
48736 16 15 7835
48738 16 9 10168
48740 16 10 24869
48742 16 14 5450
48744 16 1 5372
48746 16 14 5414
48748 16 22 5430
48750 16 2 5937
48752 16 23 6019
48754 16 22 6042
48756 16 23 5467
48758 16 15 28847
48760 16 5 28843
48762 16 22 16378
48764 16 5 16383
48768 16 9 81392
48770 16 23 6791
48772 16 10 16713
48774 16 5 17119
48776 16 14 42806
48778 16 19 46208
48786 16 14 46218
48794 16 15 46219
48802 16 9 46228
48806 16 21 46389
48808 16 22 46402
48812 16 19 46388
48826 16 14 46386
48830 16 9 14264
48832 16 5 14275
48834 16 5 14287
48836 16 14 13774
48840 16 10 4401
48842 16 5 72779
48844 16 22 72882
48868 16 14 77938
48870 16 22 38798
48872 16 9 38816
48874 16 3 27770
48876 16 15 11171
48878 16 10 10797
48880 16 14 66538
48882 16 15 66251
48884 16 3 66354
48886 16 14 66370
48888 16 21 66397
48890 16 5 66487
48892 16 2 8313
48894 16 23 8371
48896 16 22 8310
48898 16 19 8320
48900 16 21 127501
48902 16 15 36039
48904 16 1 75424
48906 16 15 22595
48908 16 2 23129
48910 16 1 17648
48912 16 9 17844
48914 16 2 17949
48926 16 15 17979
48928 16 15 18015
48952 16 14 18098
48954 16 1 18164
48956 16 3 18178
48958 16 5 18191
48960 16 9 18192
48962 16 10 18193
48968 16 15 18943
48970 16 2 19069
48994 16 21 18993
48996 16 9 110692
48998 16 1 159744
49000 16 2 159745
49002 16 3 159746
49004 16 5 159747
49006 16 9 159748
49008 16 10 159749
49010 16 14 159750
49012 16 15 159751
49014 16 19 159752
49016 16 21 159753
49018 16 22 159754
49020 16 23 159755
49022 16 1 159756
49024 16 2 159757
49026 16 3 159758
49028 16 5 159759
49030 16 9 159760
49032 16 10 159761
49034 16 14 159762
49036 16 15 159763
49038 16 19 159764
49040 16 21 159765
49042 16 22 159766
49044 16 23 159767
49046 16 1 159768
49048 16 2 159769
49050 16 3 159770
49052 16 5 159771
49054 16 9 159772
49056 16 10 159773
49058 16 14 159774
49060 16 15 159775
49062 16 19 159776
49064 16 21 159777
49066 16 22 159778
49068 16 23 159779
49070 16 1 159780
49072 16 2 159781
49074 16 3 159782
49076 16 5 159783
49078 16 9 159784
49080 16 10 159785
49082 16 14 159786
49084 16 15 159787
49086 16 19 159788
49088 16 21 159789
49090 16 22 159790
49092 16 23 159791
49094 16 1 159792
49096 16 2 159793
49098 16 3 159794
49102 16 5 159795
49108 16 9 159796
49114 16 10 159797
49116 16 14 159798
49118 16 15 159799
49120 16 19 159800
49122 16 21 159801
49124 16 22 159802
49126 16 23 159803
49128 16 1 159804
49130 16 2 159805
49132 16 3 159806
49134 16 5 159807
49136 16 9 159808
49138 16 10 159809
49140 16 14 159810
49142 16 15 159811
49144 16 19 159812
49146 16 21 159813
49148 16 22 159814
49150 16 23 159815
49152 16 1 159816
49154 16 2 159817
49156 16 3 159818
49158 16 5 159819
49160 16 9 159820
49162 16 10 159821
49164 16 14 159822
49166 16 15 159823
49168 16 19 159824
49170 16 21 159825
49172 16 22 159826
49174 16 23 159827
49176 16 1 159828
49178 16 2 159829
49180 16 3 159830
49182 16 5 159831
49184 16 9 159832
49186 16 10 159833
49188 16 14 159834
49190 16 15 159835
49192 16 19 159836
49194 16 21 159837
49196 16 22 159838
49198 16 23 159839
49200 16 1 159840
49202 16 2 159841
49204 16 3 159842
49206 16 5 159843
49208 16 9 159844
49210 16 10 159845
49212 16 14 159846
49214 16 15 159847
49216 16 19 159848
49218 16 21 159849
49220 16 22 159850
49222 16 23 159851
49224 16 1 159852
49226 16 2 159853
49228 16 3 159854
49230 16 5 159855
49232 16 9 159856
49234 16 10 159857
49236 16 14 159858
49238 16 15 159859
49240 16 19 159860
49242 16 21 159861
49244 16 22 159862
49246 16 23 159863
49248 16 1 159864
49250 16 2 159865
49252 16 3 159866
49254 16 5 159867
49256 16 9 159868
49258 16 10 159869
49260 16 14 159870
49262 16 15 159871
49264 16 19 159872
49266 16 21 159873
49268 16 22 159874
49270 16 23 159875
49272 16 1 159876
49274 16 2 159877
49276 16 3 159878
49278 16 5 159879
49280 16 9 159880
49282 16 10 159881
49284 16 14 159882
49286 16 15 159883
49288 16 19 159884
49290 16 21 159885
49292 16 22 159886
49294 16 23 159887
49296 16 1 159888
49298 16 2 159889
49300 16 3 159890
49302 16 5 159891
49304 16 9 159892
49306 16 10 159893
49308 16 14 159894
49310 16 15 159895
49312 16 19 159896
49314 16 21 159897
49316 16 22 159898
49318 16 23 159899
49320 16 1 159900
49322 16 2 159901
49324 16 3 159902
49326 16 5 159903
49328 16 9 159904
49330 16 10 159905
49332 16 14 159906
49334 16 15 159907
49336 16 19 159908
49338 16 21 159909
49340 16 22 159910
49342 16 23 159911
49344 16 1 159912
49346 16 2 159913
49348 16 3 159914
49350 16 5 159915
49352 16 9 159916
49354 16 10 159917
49356 16 14 159918
49358 16 15 159919
49360 16 19 159920
49362 16 21 159921
49364 16 22 159922
49366 16 23 159923
49370 16 1 159924
49372 16 2 159925
49374 16 3 159926
49376 16 5 159927
49378 16 9 159928
49380 16 10 159929
49382 16 14 159930
49384 16 15 159931
49386 16 19 159932
49388 16 21 159933
49390 16 22 159934
49392 16 23 159935
49394 16 1 159936
49396 16 2 159937
49398 16 3 159938
49400 16 5 159939
49402 16 9 159940
49404 16 10 159941
49406 16 14 159942
49408 16 15 159943
49410 16 19 159944
49412 16 21 159945
49414 16 22 159946
49416 16 23 159947
49418 16 1 159948
49420 16 2 159949
49422 16 3 159950
49424 16 5 159951
49426 16 9 159952
49428 16 10 159953
49430 16 14 159954
49432 16 15 159955
49434 16 19 159956
49436 16 21 159957
49438 16 22 159958
49440 16 23 159959
49442 16 1 159960
49444 16 2 159961
49446 16 3 159962
49448 16 5 159963
49450 16 9 159964
49452 16 10 159965
49454 16 14 159966
49456 16 15 159967
49458 16 19 159968
49460 16 21 159969
49462 16 22 159970
49464 16 23 159971
49466 16 1 159972
49468 16 2 159973
49470 16 3 159974
49474 16 5 159975
49476 16 9 159976
49478 16 10 159977
49480 16 14 159978
49482 16 15 159979
49484 16 19 159980
49486 16 21 159981
49488 16 22 159982
49490 16 23 159983
49492 16 1 159984
49494 16 2 159985
49496 16 3 159986
49498 16 5 159987
49500 16 9 159988
49502 16 10 159989
49504 16 14 159990
49506 16 15 159991
49508 16 19 159992
49510 16 21 159993
49512 16 22 159994
49514 16 23 159995
49516 16 1 159996
49518 16 2 159997
49520 16 3 159998
49522 16 5 159999
49524 16 9 160000
49526 16 10 160001
49528 16 14 160002
49530 16 15 160003
49532 16 19 160004
49534 16 21 160005
49536 16 22 160006
49538 16 23 160007
49542 16 1 160008
49544 16 2 160009
49546 16 3 160010
49548 16 5 160011
49550 16 9 160012
49552 16 10 160013
49554 16 14 160014
49556 16 15 160015
49558 16 19 160016
49564 16 21 160017
49566 16 22 160018
49568 16 23 160019
49572 16 1 160020
49574 16 2 160021
49576 16 3 160022
49578 16 5 160023
49580 16 9 160024
49582 16 10 160025
49584 16 14 160026
49588 16 15 160027
49590 16 19 160028
49594 16 21 160029
49596 16 22 160030
49598 16 23 160031
49600 16 1 160032
49602 16 2 160033
49606 16 3 160034
49608 16 5 160035
49610 16 9 160036
49612 16 10 160037
49614 16 14 160038
49616 16 15 160039
49618 16 19 160040
49620 16 21 160041
49622 16 22 160042
49624 16 23 160043
49626 16 1 160044
49628 16 2 160045
49630 16 3 160046
49632 16 5 160047
49634 16 9 160048
49636 16 10 160049
49638 16 14 160050
49640 16 15 160051
49642 16 19 160052
49644 16 21 160053
49646 16 22 160054
49648 16 23 160055
49650 16 1 160056
49652 16 2 160057
49656 16 3 160058
49658 16 5 160059
49660 16 9 160060
49662 16 10 160061
49668 16 14 160062
49672 16 15 160063
49674 16 19 160064
49678 16 21 160065
49680 16 22 160066
49682 16 23 160067
49686 16 1 160068
49688 16 2 160069
49690 16 3 160070
49692 16 5 160071
49696 16 9 160072
49698 16 10 160073
49700 16 14 160074
49702 16 15 160075
49704 16 19 160076
49706 16 21 160077
49708 16 22 160078
49710 16 23 160079
49712 16 1 160080
49714 16 2 160081
49716 16 3 160082
49718 16 5 160083
49720 16 9 160084
49722 16 10 160085
49724 16 14 160086
49726 16 15 160087
49728 16 19 160088
49730 16 21 160089
49732 16 22 160090
49734 16 23 160091
49736 16 1 160092
49738 16 2 160093
49740 16 3 160094
49742 16 5 160095
49744 16 9 160096
49746 16 10 160097
49748 16 14 160098
49750 16 15 160099
49752 16 19 160100
49754 16 21 160101
49756 16 22 160102
49758 16 23 160103
49760 16 1 160104
49762 16 2 160105
49764 16 3 160106
49766 16 5 160107
49768 16 9 160108
49770 16 10 160109
49772 16 14 160110
49774 16 15 160111
49776 16 19 160112
49778 16 21 160113
49780 16 22 160114
49782 16 23 160115
49784 16 1 160116
49786 16 2 160117
49788 16 3 160118
49790 16 5 160119
49792 16 9 160120
49794 16 10 160121
49796 16 14 160122
49798 16 15 160123
49800 16 19 160124
49802 16 21 160125
49804 16 22 160126
49806 16 23 160127
49808 16 1 160128
49810 16 2 160129
49812 16 3 160130
49814 16 5 160131
49816 16 9 160132
49818 16 10 160133
49820 16 14 160134
49822 16 15 160135
49824 16 19 160136
49826 16 21 160137
49828 16 22 160138
49830 16 23 160139
49832 16 1 160140
49834 16 3 31938
49836 16 9 19592
49838 16 2 20453
49840 16 1 23564
49842 16 1 40960
49844 16 14 21338
49846 16 9 21048
49848 16 21 20969
49852 16 3 43046
49854 16 21 14957
49856 16 23 44427
49858 16 14 44326
49860 16 15 45011
49862 16 21 102577
49864 16 3 102414
49866 16 5 102559
49868 16 1 102424
49872 16 1 102436
49874 16 23 102531
49876 16 10 102429
49878 16 3 102558
49880 16 14 102562
49882 16 14 102418
49884 16 22 104818
49886 16 5 32963
49888 16 19 61676
49890 16 2 45285
49904 16 2 45297
49910 16 5 45299
49918 16 15 45303
49920 16 22 45570
49922 16 14 45590
49924 16 23 45571
49940 16 2 45621
49942 16 22 45654
49944 16 23 45655
49946 16 1 45656
49948 16 21 45653
49964 16 10 45757
49966 16 1 45800
49968 16 2 45801
49970 16 3 45802
49972 16 5 45803
49974 16 9 45804
49976 16 10 45805
49978 16 14 45806
49980 16 15 45807
49982 16 19 45808
49984 16 21 45809
49986 16 22 45810
49988 16 23 45799
50230 16 1 45356
50232 16 15 101563
50234 16 21 101565
50236 16 23 101567
50238 16 1 101568
50240 16 22 101566
50248 16 3 101834
50250 16 5 101835
50252 16 9 101836
50254 16 10 101837
50256 16 14 101838
50258 16 15 101839
50260 16 19 101840
50262 16 21 101841
50264 16 22 101842
50266 16 23 101843
50268 16 1 101844
50270 16 2 101845
50272 16 3 101846
50274 16 5 101847
50276 16 9 101848
50278 16 10 101849
50280 16 14 101850
50282 16 15 101851
50284 16 19 101852
50286 16 21 101853
50288 16 22 101854
50290 16 23 101855
50292 16 1 101856
50294 16 2 101857
50296 16 3 101858
50298 16 5 101859
50300 16 9 101860
50302 16 10 101861
50304 16 14 101862
50306 16 15 101863
50308 16 19 101864
50310 16 21 101865
50312 16 22 101866
50314 16 23 101867
50316 16 1 101868
50318 16 2 101869
50320 16 9 101896
50322 16 21 101961
50324 16 23 101963
50326 16 2 101965
50328 16 5 101967
50330 16 10 101969
50332 16 15 101971
50334 16 19 101972
50336 16 23 101975
50338 16 1 101976
50340 16 3 101978
50342 16 9 101980
50344 16 14 101982
50346 16 1 102012
50350 16 22 102010
50352 16 22 102022
50354 16 9 102040
50356 16 14 102042
50358 16 10 102041
50360 16 5 102039
50362 16 3 102038
50364 16 2 102049
50366 16 9 102052
50368 16 1 102132
50370 16 2 102133
50372 16 3 102134
50374 16 23 102131
50392 16 5 102147
50394 16 3 102146
50396 16 9 102148
50398 16 1 102144
50404 16 2 102145
50408 16 14 102150
50410 16 23 102155
50412 16 22 102154
50414 16 9 102184
50416 16 14 102186
50420 16 10 102185
50428 16 5 102231
50430 16 15 102235
50432 16 23 102239
50434 16 10 102245
50436 16 21 102249
50438 16 2 102253
50440 16 14 102258
50442 16 22 102262
50444 16 3 102266
50446 16 14 102270
50448 16 21 102273
50450 16 1 102276
50452 16 9 102280
50454 16 15 102283
50456 16 21 102285
50458 16 2 102289
50460 16 15 102295
50462 16 23 102299
50464 16 5 102303
50466 16 14 102306
50468 16 19 102308
50470 16 23 102311
50472 16 3 102314
50474 16 14 102318
50476 16 21 102321
50478 16 1 102324
50480 16 10 102329
50482 16 14 102330
50484 16 21 102333
50486 16 1 102336
50488 16 21 102369
50490 16 2 102373
50492 16 3 102374
50494 16 5 102375
50496 16 2 102385
50504 16 9 102376
50506 16 21 102381
50508 16 14 102378
50512 16 3 102398
50518 16 23 102383
50524 16 9 102388
50530 16 2 102397
50534 16 5 102399
50536 16 19 47640
50538 16 15 136415
50540 16 21 136561
50542 16 19 136416
50544 16 1 136420
50546 16 1 82640
50550 16 1 89808
50552 16 21 89793
50554 16 21 89757
50556 16 3 33926
50558 16 2 105593
50560 16 22 52714
50562 16 1 54944
50564 16 2 55281
50572 16 1 106544
50576 16 3 55874
50580 16 5 61247
50582 16 21 159461
50584 16 22 159462
50586 16 23 159463
50588 16 1 159464
50590 16 2 159465
50592 16 3 159466
50594 16 5 159467
50596 16 9 159468
50598 16 10 159469
50600 16 14 159470
50602 16 15 159471
50604 16 19 159472
50606 16 21 159473
50608 16 22 159474
50610 16 23 159475
50612 16 1 159476
50614 16 2 159477
50616 16 3 159478
50618 16 5 159479
50620 16 9 159480
50622 16 10 159481
50624 16 14 159482
50626 16 15 159483
50628 16 19 159484
50630 16 21 159485
50632 16 22 159486
50634 16 23 159487
50636 16 1 159488
50638 16 2 159489
50640 16 3 159490
50642 16 5 159491
50644 16 9 159492
50646 16 10 159493
50648 16 14 159494
50650 16 15 159495
50652 16 19 159496
50654 16 21 159497
50656 16 22 159498
50658 16 23 159499
50660 16 1 159500
50662 16 2 159501
50664 16 3 159502
50666 16 5 159503
50668 16 9 159504
50670 16 10 159505
50672 16 14 159506
50674 16 15 159507
50676 16 19 159508
50678 16 21 159509
50680 16 22 159510
50682 16 23 159511
50684 16 1 159512
50686 16 2 159513
50688 16 3 159514
50690 16 5 159515
50692 16 9 159516
50694 16 10 159517
50696 16 14 159518
50698 16 15 159519
50700 16 19 159520
50702 16 21 159521
50704 16 22 159522
50706 16 23 159523
50708 16 1 159524
50710 16 2 159525
50712 16 3 159526
50714 16 5 159527
50716 16 9 159528
50718 16 10 159529
50720 16 14 159530
50722 16 15 159531
50724 16 19 159532
50726 16 21 159533
50728 16 22 159534
50730 16 23 159535
50732 16 1 159536
50734 16 2 159537
50736 16 3 159538
50738 16 5 159539
50740 16 9 159540
50742 16 10 159541
50744 16 14 159542
50746 16 15 159543
50748 16 19 159544
50750 16 21 159545
50752 16 22 159546
50754 16 23 159547
50756 16 1 159548
50758 16 2 159549
50760 16 3 159550
50762 16 5 159551
50764 16 9 159552
50766 16 10 159553
50768 16 14 159554
50770 16 15 159555
50772 16 19 159556
50774 16 21 159557
50796 16 22 159558
50798 16 23 159559
50800 16 1 159560
50802 16 2 159561
50804 16 3 159562
50806 16 5 159563
50808 16 9 159564
50810 16 10 159565
50812 16 14 159566
50814 16 15 159567
50816 16 19 159568
50818 16 21 159569
50820 16 22 159570
50822 16 23 159571
50824 16 1 159572
50826 16 2 159573
50828 16 3 159574
50830 16 5 159575
50832 16 9 159576
50834 16 10 159577
50836 16 14 159578
50838 16 15 159579
50840 16 19 159580
50842 16 21 159581
50844 16 22 159582
50846 16 23 159583
50848 16 1 159584
50850 16 2 159585
50852 16 3 159586
50854 16 5 159587
50856 16 9 159588
50858 16 10 159589
50860 16 14 159590
50862 16 15 159591
50864 16 19 159592
50866 16 21 159593
50868 16 22 159594
50870 16 23 159595
50872 16 1 159596
50874 16 2 159597
50876 16 3 159598
50878 16 5 159599
50880 16 9 159600
50882 16 10 159601
50884 16 14 159602
50886 16 15 159603
50888 16 19 159604
50890 16 21 159605
50892 16 22 159606
50894 16 23 159607
50896 16 1 159608
50898 16 2 159609
50900 16 3 159610
50902 16 5 159611
50904 16 9 159612
50906 16 10 159613
50908 16 14 159614
50910 16 15 159615
50912 16 19 159616
50914 16 21 159617
50916 16 22 159618
50918 16 23 159619
50920 16 1 159620
50922 16 2 159621
50924 16 3 159622
50926 16 5 159623
50928 16 9 159624
50930 16 10 159625
50932 16 14 159626
50934 16 15 159627
50936 16 19 159628
50938 16 21 159629
50940 16 22 159630
50942 16 23 159631
50944 16 1 159632
50946 16 2 159633
50948 16 3 159634
50950 16 5 159635
50952 16 9 159636
50954 16 10 159637
50956 16 14 159638
50958 16 15 159639
50960 16 19 159640
50962 16 21 159641
50964 16 22 159642
50966 16 23 159643
50968 16 1 159644
50970 16 2 159645
50972 16 3 159646
50974 16 5 159647
50976 16 9 159648
50978 16 10 159649
50980 16 14 159650
50982 16 15 159651
50984 16 19 159652
50986 16 21 159653
50988 16 22 159654
50990 16 23 159655
50992 16 1 159656
50994 16 2 159657
50996 16 3 159658
50998 16 5 159659
51000 16 9 159660
51002 16 10 159661
51004 16 14 159662
51006 16 15 159663
51008 16 19 159664
51010 16 21 159665
51012 16 22 159666
51014 16 23 159667
51016 16 1 159668
51018 16 2 159669
51020 16 3 159670
51022 16 5 159671
51024 16 9 159672
51026 16 10 159673
51028 16 14 159674
51030 16 15 159675
51032 16 19 159676
51034 16 21 159677
51036 16 22 159678
51038 16 23 159679
51040 16 1 159680
51042 16 2 159681
51044 16 3 159682
51046 16 5 159683
51048 16 9 159684
51050 16 10 159685
51052 16 14 159686
51054 16 15 159687
51056 16 19 159688
51058 16 21 159689
51060 16 22 159690
51062 16 23 159691
51064 16 1 159692
51066 16 2 159693
51068 16 3 159694
51070 16 5 159695
51072 16 9 159696
51074 16 10 159697
51076 16 14 159698
51078 16 15 159699
51080 16 19 159700
51082 16 21 159701
51084 16 22 159702
51086 16 23 159703
51088 16 1 159704
51090 16 2 159705
51092 16 3 159706
51094 16 5 159707
51096 16 9 159708
51098 16 10 159709
51100 16 14 159710
51102 16 15 159711
51104 16 19 159712
51106 16 21 159713
51108 16 22 159714
51110 16 23 159715
51112 16 1 159716
51114 16 2 159717
51116 16 3 159718
51118 16 5 159719
51120 16 9 159720
51122 16 10 159721
51124 16 14 159722
51126 16 15 159723
51128 16 19 159724
51130 16 21 159725
51132 16 22 159726
51134 16 23 159727
51136 16 1 159728
51138 16 2 159729
51140 16 3 159730
51142 16 5 159731
51144 16 9 159732
51146 16 10 159733
51148 16 14 159734
51150 16 15 159735
51152 16 19 159736
51154 16 21 159737
51156 16 22 159738
51158 16 23 159739
51160 16 1 159740
51162 16 2 159741
51164 16 3 159742
51166 16 5 159743
51168 16 19 109476
51170 16 1 0
51174 16 9 124
51176 16 5 135
51178 16 3 170
51180 16 9 700
51182 16 23 851
51214 16 21 201
51220 16 15 127
51234 16 5 843
51236 16 5 39
51580 16 3 1542
51582 16 9 1160
51584 16 1 1144
51586 16 10 1149
51588 16 23 1575
51590 16 21 1945
51592 16 15 25967
51596 16 10 25917
51598 16 10 123993
51600 16 22 155582
51602 16 23 155583
51604 16 1 155584
51606 16 19 12692
51608 16 15 13171
51612 16 22 12838
51614 16 3 7830
51616 16 5 7831
51618 16 15 7835
51620 16 19 7836
51626 16 15 7223
51628 16 21 25137
51630 16 10 96669
51632 16 14 96742
51634 16 15 5367
51636 16 22 5310
51638 16 14 6122
51640 16 14 5150
51642 16 1 28840
51644 16 1 16248
51646 16 14 6366
51648 16 19 6368
51736 16 19 6680
51738 16 2 6361
51740 16 10 6377
51742 16 19 6380
51744 16 1 6396
51746 16 10 6401
51748 16 19 6404
51750 16 2 6421
51752 16 9 6424
51754 16 15 6679
51756 16 23 6455
51758 16 22 6442
51760 16 5 16387
51762 16 5 16951
51764 16 22 16898
51766 16 10 16713
51768 16 5 17119
51770 16 9 42936
51772 16 19 42736
51774 16 19 14136
51778 16 1 14116
51780 16 9 13892
51784 16 14 4402
51786 16 22 39630
51788 16 23 39631
51834 16 14 39722
51836 16 23 39727
51840 16 3 37034
51842 16 5 37395
51844 16 14 3026
51846 16 19 2992
51848 16 22 2742
51850 16 1 98132
51852 16 23 35799
51854 16 21 34993
51856 16 2 35705
51858 16 19 35748
51860 16 23 10659
51862 16 21 10717
51864 16 15 8451
51866 16 22 114866
51868 16 23 114867
51870 16 2 114869
51872 16 3 114870
51874 16 5 114871
51876 16 9 114872
51878 16 10 114873
51880 16 15 114875
51882 16 21 114865
51930 16 21 114877
51964 16 14 114874
51968 16 19 114912
51970 16 15 114911
51972 16 19 115140
51974 16 10 115137
51976 16 5 115147
51978 16 9 115136
51980 16 14 115138
51984 16 15 115139
51988 16 5 115135
51990 16 21 115141
51994 16 22 115142
51998 16 23 115143
52002 16 1 115144
52006 16 2 115145
52010 16 3 115146
52020 16 10 115149
52022 16 15 115151
52024 16 14 115150
52026 16 19 115152
52030 16 21 115153
52034 16 22 115154
52036 16 23 115155
52038 16 1 115156
52054 16 2 115157
52058 16 22 115202
52060 16 23 115203
52062 16 2 115205
52064 16 3 115206
52086 16 1 115204
52092 16 9 115292
52094 16 10 115293
52096 16 5 115291
52106 16 14 115294
52108 16 22 115298
52110 16 23 115299
52112 16 21 115297
52122 16 15 115307
52124 16 1 115348
52126 16 23 115395
52128 16 9 115400
52130 16 1 115408
52132 16 21 115417
52134 16 5 115423
52136 16 19 115512
52142 16 15 115463
52144 16 2 115505
52148 16 5 115411
52152 16 23 115419
52154 16 5 115447
52158 16 3 115554
52162 16 9 115412
52174 16 1 115432
52176 16 15 115451
52178 16 14 115462
52184 16 14 115546
52186 16 14 115414
52192 16 21 115453
52194 16 10 115461
52198 16 15 115535
52200 16 9 115544
52202 16 15 115415
52206 16 5 115435
52208 16 22 115466
52212 16 5 115507
52216 16 19 115416
52226 16 10 115449
52228 16 22 115454
52230 16 5 115459
52244 16 3 115518
52246 16 1 115528
52248 16 9 115532
52252 16 10 115569
52254 16 21 115573
52256 16 22 115418
52258 16 10 115437
52282 16 2 115421
52290 16 3 115422
52292 16 2 115433
52298 16 19 115476
52300 16 15 115499
52312 16 19 115452
52314 16 9 115460
52320 16 19 115536
52322 16 5 115543
52326 16 19 115548
52348 16 21 115513
52354 16 3 115458
52362 16 19 115428
52398 16 23 115503
52406 16 23 115539
52408 16 10 115545
52410 16 2 115565
52466 16 10 115521
52468 16 9 115436
52500 16 21 115441
52502 16 22 115442
52562 16 9 115448
52616 16 1 115456
52662 16 3 115410
52682 16 19 115464
52686 16 21 115465
52696 16 23 115467
52806 16 9 115484
52854 16 23 115491
52870 16 2 115493
52880 16 5 115495
52890 16 21 115501
52908 16 19 115500
52954 16 15 115475
52968 16 9 115640
52974 16 3 115506
52998 16 2 115529
53004 16 5 115555
53006 16 14 115570
53020 16 15 115511
53024 16 2 115409
53032 16 10 115413
53046 16 1 115420
53054 16 9 115424
53056 16 10 115425
53058 16 14 115426
53060 16 15 115427
53064 16 21 115429
53066 16 22 115430
53068 16 23 115431
53074 16 3 115434
53082 16 15 115439
53084 16 19 115440
53090 16 23 115443
53092 16 1 115444
53094 16 2 115445
53096 16 3 115446
53104 16 14 115450
53114 16 23 115455
53118 16 2 115457
53140 16 1 115468
53142 16 2 115469
53144 16 3 115470
53146 16 5 115471
53148 16 9 115472
53150 16 10 115473
53152 16 14 115474
53158 16 21 115477
53160 16 22 115478
53162 16 23 115479
53164 16 1 115480
53166 16 2 115481
53168 16 3 115482
53170 16 5 115483
53174 16 10 115485
53176 16 14 115486
53178 16 15 115487
53180 16 19 115488
53182 16 21 115489
53184 16 22 115490
53188 16 1 115492
53192 16 3 115494
53196 16 9 115496
53198 16 10 115497
53200 16 14 115498
53208 16 22 115502
53212 16 1 115504
53220 16 9 115508
53222 16 10 115509
53224 16 14 115510
53230 16 22 115514
53232 16 23 115515
53234 16 1 115516
53236 16 2 115517
53240 16 5 115519
53242 16 9 115520
53246 16 14 115522
53248 16 15 115523
53250 16 19 115524
53252 16 21 115525
53254 16 22 115526
53256 16 23 115527
53262 16 3 115530
53264 16 5 115531
53268 16 10 115533
53270 16 14 115534
53276 16 22 115538
53280 16 1 115540
53282 16 2 115541
53284 16 3 115542
53294 16 15 115547
53298 16 21 115549
53300 16 22 115550
53302 16 23 115551
53304 16 1 115552
53306 16 2 115553
53312 16 9 115556
53314 16 10 115557
53316 16 14 115558
53318 16 15 115559
53320 16 19 115560
53322 16 21 115561
53324 16 22 115562
53326 16 23 115563
53328 16 1 115564
53332 16 3 115566
53334 16 5 115567
53336 16 9 115568
53342 16 15 115571
53344 16 19 115572
53348 16 22 115574
53350 16 23 115575
53548 16 21 115537
53860 16 1 115600
53862 16 3 115602
53882 16 1 115612
53884 16 23 115647
53886 16 3 115650
53888 16 10 115653
53890 16 19 115656
53892 16 21 115657
53894 16 22 115658
53896 16 23 115659
53898 16 1 115660
53900 16 2 115661
53902 16 3 115662
53904 16 15 115655
54002 16 21 115705
54004 16 3 35902
54006 16 2 36429
54008 16 1 36428
54010 16 3 36430
54012 16 2 170309
54014 16 3 170310
54016 16 5 170311
54018 16 9 170312
54020 16 10 170313
54022 16 14 170314
54024 16 15 170315
54026 16 19 170316
54028 16 21 170317
54030 16 22 170318
54032 16 23 170319
54034 16 1 170320
54036 16 2 170321
54038 16 3 170322
54040 16 5 170323
54042 16 9 170324
54044 16 10 170325
54046 16 14 170326
54048 16 15 170327
54050 16 19 170328
54052 16 21 170329
54054 16 22 170330
54056 16 23 170331
54058 16 1 170332
54060 16 2 170333
54062 16 3 170334
54064 16 5 170335
54066 16 9 170336
54068 16 10 170337
54070 16 14 170338
54072 16 15 170339
54074 16 19 170340
54076 16 21 170341
54078 16 22 170342
54080 16 23 170343
54082 16 1 170344
54084 16 2 170345
54086 16 3 170346
54088 16 5 170347
54090 16 9 170348
54092 16 10 170349
54094 16 14 170350
54096 16 15 170351
54098 16 19 170352
54100 16 21 170353
54102 16 22 170354
54104 16 23 170355
54106 16 1 170356
54108 16 2 170357
54110 16 3 170358
54112 16 5 170359
54114 16 9 170360
54116 16 10 170361
54118 16 14 170362
54120 16 15 170363
54122 16 19 170364
54124 16 21 170365
54126 16 22 170366
54128 16 23 170367
54130 16 1 170368
54132 16 2 170369
54134 16 3 170370
54136 16 5 170371
54138 16 9 170372
54140 16 10 170373
54142 16 14 170374
54144 16 15 170375
54146 16 19 170376
54148 16 21 170377
54150 16 22 170378
54152 16 23 170379
54154 16 1 170380
54156 16 2 170381
54158 16 3 170382
54160 16 5 170383
54162 16 9 170384
54164 16 10 170385
54166 16 14 170386
54168 16 15 170387
54170 16 19 170388
54172 16 21 170389
54174 16 22 170390
54176 16 23 170391
54178 16 1 170392
54180 16 2 170393
54182 16 3 170394
54184 16 5 170395
54186 16 9 170396
54188 16 10 170397
54190 16 14 170398
54192 16 15 170399
54194 16 19 170400
54196 16 21 170401
54198 16 22 170402
54200 16 23 170403
54202 16 1 170404
54204 16 2 170405
54206 16 3 170406
54208 16 5 170407
54210 16 9 170408
54212 16 10 170409
54214 16 14 170410
54216 16 15 170411
54218 16 19 170412
54220 16 21 170413
54222 16 22 170414
54224 16 23 170415
54226 16 1 170416
54228 16 2 170417
54230 16 3 170418
54232 16 5 170419
54234 16 9 170420
54238 16 10 170421
54240 16 14 170422
54242 16 15 170423
54246 16 19 170424
54248 16 21 170425
54250 16 22 170426
54252 16 23 170427
54254 16 1 170428
54256 16 2 170429
54258 16 3 170430
54260 16 5 170431
54262 16 9 170432
54264 16 10 170433
54268 16 14 170434
54270 16 15 170435
54278 16 19 170436
54280 16 21 170437
54282 16 22 170438
54284 16 23 170439
54286 16 1 170440
54288 16 2 170441
54290 16 3 170442
54292 16 5 170443
54294 16 9 170444
54296 16 10 170445
54298 16 14 170446
54300 16 15 170447
54302 16 19 170448
54304 16 21 170449
54306 16 22 170450
54308 16 23 170451
54310 16 1 170452
54312 16 2 170453
54314 16 3 170454
54316 16 5 170455
54318 16 9 170456
54320 16 10 170457
54322 16 14 170458
54324 16 15 170459
54326 16 19 170460
54328 16 21 170461
54330 16 22 170462
54332 16 23 170463
54334 16 1 170464
54336 16 2 170465
54338 16 3 170466
54340 16 5 170467
54342 16 9 170468
54344 16 10 170469
54346 16 14 170470
54348 16 15 170471
54350 16 19 170472
54352 16 21 170473
54354 16 22 170474
54356 16 23 170475
54358 16 1 170476
54360 16 2 170477
54362 16 3 170478
54364 16 5 170479
54366 16 9 170480
54368 16 10 170481
54370 16 14 170482
54372 16 15 170483
54374 16 19 170484
54376 16 21 170485
54378 16 22 170486
54380 16 23 170487
54382 16 1 170488
54384 16 2 170489
54386 16 3 170490
54388 16 5 170491
54390 16 9 170492
54392 16 10 170493
54394 16 14 170494
54396 16 15 170495
54398 16 19 170496
54400 16 21 170497
54402 16 22 170498
54404 16 23 170499
54406 16 1 170500
54408 16 2 170501
54410 16 3 170502
54412 16 5 170503
54414 16 9 170504
54416 16 10 170505
54418 16 14 170506
54420 16 15 170507
54422 16 19 170508
54424 16 21 170509
54426 16 22 170510
54428 16 23 170511
54430 16 1 170512
54432 16 2 170513
54434 16 3 170514
54436 16 5 170515
54438 16 9 170516
54440 16 10 170517
54442 16 14 170518
54444 16 15 170519
54446 16 19 170520
54448 16 21 170521
54450 16 22 170522
54452 16 23 170523
54454 16 1 170524
54456 16 2 170525
54458 16 3 170526
54460 16 5 170527
54462 16 9 170528
54464 16 10 170529
54466 16 14 170530
54468 16 15 170531
54470 16 19 170532
54472 16 21 170533
54474 16 22 170534
54476 16 23 170535
54478 16 1 170536
54480 16 2 170537
54482 16 3 170538
54484 16 5 170539
54486 16 9 170540
54488 16 10 170541
54556 16 14 170542
54558 16 15 170543
54562 16 19 170544
54564 16 21 170545
54566 16 22 170546
54568 16 23 170547
54570 16 1 170548
54572 16 2 170549
54574 16 3 170550
54576 16 5 170551
54578 16 9 170552
54580 16 10 170553
54582 16 14 170554
54584 16 15 170555
54586 16 19 170556
54588 16 21 170557
54590 16 22 170558
54592 16 23 170559
54594 16 1 170560
54596 16 2 170561
54598 16 3 170562
54600 16 5 170563
54602 16 9 170564
54604 16 10 170565
54606 16 14 170566
54608 16 15 170567
54610 16 19 170568
54612 16 21 170569
54614 16 22 170570
54616 16 23 170571
54618 16 1 170572
54620 16 2 170573
54622 16 3 170574
54624 16 5 170575
54626 16 9 170576
54628 16 10 170577
54630 16 14 170578
54632 16 15 170579
54634 16 19 170580
54636 16 21 170581
54638 16 22 170582
54640 16 23 170583
54642 16 1 170584
54644 16 2 170585
54646 16 3 170586
54648 16 5 170587
54650 16 9 170588
54652 16 10 170589
54654 16 14 170590
54656 16 15 170591
54658 16 19 170592
54660 16 21 170593
54662 16 22 170594
54664 16 23 170595
54666 16 1 170596
54668 16 2 170597
54670 16 3 170598
54672 16 5 170599
54674 16 9 170600
54676 16 10 170601
54678 16 14 170602
54680 16 15 170603
54682 16 19 170604
54684 16 21 170605
54686 16 22 170606
54688 16 23 170607
54690 16 1 170608
54692 16 2 170609
54694 16 3 170610
54696 16 5 170611
54698 16 9 170612
54700 16 10 170613
54702 16 14 170614
54704 16 15 170615
54706 16 19 170616
54708 16 21 170617
54710 16 22 170618
54712 16 23 170619
54714 16 1 170620
54846 16 2 170621
54848 16 3 170622
54850 16 5 170623
54852 16 9 170624
54854 16 10 170625
54856 16 14 170626
54858 16 15 170627
54860 16 19 170628
54862 16 21 170629
54864 16 22 170630
54866 16 23 170631
54868 16 1 170632
54870 16 2 170633
54872 16 3 170634
54874 16 5 170635
54876 16 9 170636
54878 16 10 170637
54880 16 14 170638
54882 16 15 170639
54884 16 19 170640
54886 16 21 170641
54888 16 22 170642
54890 16 23 170643
54892 16 1 170644
54894 16 2 170645
54896 16 3 170646
54898 16 5 170647
54900 16 9 170648
54902 16 10 170649
54904 16 14 170650
54906 16 15 170651
54908 16 19 170652
54910 16 21 170653
54912 16 22 170654
54914 16 23 170655
54916 16 1 170656
54918 16 2 170657
54920 16 3 170658
54922 16 5 170659
54924 16 9 170660
54926 16 10 170661
54928 16 14 170662
54930 16 15 170663
54932 16 19 170664
54934 16 21 170665
54936 16 22 170666
54938 16 23 170667
54940 16 1 170668
54942 16 2 170669
54944 16 3 170670
54946 16 5 170671
54948 16 9 170672
54950 16 10 170673
54952 16 14 170674
54954 16 15 170675
54956 16 19 170676
54958 16 21 170677
54960 16 22 170678
54962 16 23 170679
54964 16 1 170680
54966 16 2 170681
54968 16 3 170682
54970 16 5 170683
54972 16 9 170684
54974 16 10 170685
54976 16 14 170686
54978 16 15 170687
54980 16 19 170688
54982 16 21 170689
54984 16 22 170690
54986 16 23 170691
54988 16 1 170692
54990 16 2 170693
55024 16 3 170694
55026 16 5 170695
55028 16 9 170696
55030 16 10 170697
55032 16 14 170698
55034 16 15 170699
55036 16 19 170700
55038 16 21 170701
55040 16 22 170702
55042 16 23 170703
55044 16 1 170704
55046 16 2 170705
55048 16 3 170706
55050 16 5 170707
55052 16 9 170708
55054 16 10 170709
55056 16 14 170710
55058 16 15 170711
55060 16 19 170712
55062 16 21 170713
55064 16 22 170714
55066 16 23 170715
55068 16 1 170716
55070 16 2 170717
55072 16 3 170718
55074 16 5 170719
55076 16 9 170720
55078 16 10 170721
55080 16 14 170722
55082 16 15 170723
55084 16 19 170724
55086 16 21 170725
55088 16 22 170726
55090 16 23 170727
55092 16 1 170728
55094 16 2 170729
55096 16 3 170730
55098 16 5 170731
55100 16 9 170732
55102 16 10 170733
55104 16 14 170734
55106 16 15 170735
55108 16 19 170736
55110 16 21 170737
55112 16 22 170738
55114 16 23 170739
55116 16 1 170740
55118 16 2 170741
55120 16 3 170742
55122 16 5 170743
55124 16 9 170744
55126 16 10 170745
55128 16 14 170746
55130 16 15 170747
55132 16 19 170748
55134 16 21 170749
55136 16 22 170750
55138 16 23 170751
55140 16 1 170752
55142 16 2 170753
55144 16 3 170754
55146 16 5 170755
55148 16 9 170756
55150 16 10 170757
55152 16 14 170758
55154 16 15 170759
55156 16 19 170760
55158 16 21 170761
55160 16 22 170762
55162 16 23 170763
55164 16 1 170764
55166 16 2 170765
55168 16 3 170766
55170 16 5 170767
55172 16 9 170768
55174 16 10 170769
55176 16 14 170770
55178 16 15 170771
55180 16 19 170772
55182 16 21 170773
55184 16 22 170774
55186 16 23 170775
55188 16 1 170776
55190 16 2 170777
55192 16 3 170778
55194 16 5 170779
55196 16 9 170780
55198 16 10 170781
55200 16 14 170782
55202 16 15 170783
55204 16 19 170784
55206 16 21 170785
55208 16 22 170786
55210 16 23 170787
55212 16 1 170788
55214 16 2 170789
55216 16 3 170790
55218 16 5 170791
55220 16 9 170792
55222 16 10 170793
55224 16 14 170794
55226 16 15 170795
55228 16 19 170796
55230 16 21 170797
55232 16 22 170798
55234 16 23 170799
55236 16 1 170800
55238 16 2 170801
55240 16 3 170802
55242 16 5 170803
55244 16 9 170804
55246 16 10 170805
55248 16 14 170806
55250 16 15 170807
55252 16 19 170808
55254 16 21 170809
55256 16 22 170810
55258 16 23 170811
55260 16 1 170812
55262 16 2 170813
55264 16 3 170814
55266 16 5 170815
55268 16 9 170816
55270 16 10 170817
55272 16 14 170818
55274 16 15 170819
55276 16 19 170820
55278 16 21 170821
55280 16 22 170822
55282 16 23 170823
55284 16 1 170824
55286 16 2 170825
55288 16 3 170826
55290 16 5 170827
55292 16 9 170828
55294 16 10 170829
55296 16 14 170830
55298 16 15 170831
55300 16 19 170832
55302 16 21 170833
55304 16 22 170834
55306 16 23 170835
55308 16 1 170836
55310 16 2 170837
55312 16 3 170838
55314 16 5 170839
55316 16 9 170840
55318 16 10 170841
55320 16 14 170842
55322 16 15 170843
55324 16 19 170844
55326 16 21 170845
55328 16 22 170846
55330 16 23 170847
55332 16 1 170848
55334 16 2 170849
55336 16 3 170850
55338 16 5 170851
55340 16 9 170852
55342 16 10 170853
55344 16 14 170854
55346 16 15 170855
55348 16 19 170856
55350 16 21 170857
55352 16 22 170858
55354 16 23 170859
55356 16 1 170860
55358 16 2 170861
55360 16 3 170862
55362 16 5 170863
55364 16 9 170864
55366 16 10 170865
55368 16 14 170866
55370 16 15 170867
55372 16 19 170868
55374 16 21 170869
55376 16 22 170870
55378 16 23 170871
55380 16 1 170872
55382 16 2 170873
55388 16 3 170874
55394 16 5 170875
55400 16 9 170876
55406 16 10 170877
55408 16 14 170878
55414 16 15 170879
55420 16 19 170880
55422 16 21 170881
55424 16 22 170882
55426 16 23 170883
55428 16 1 170884
55442 16 2 170885
55444 16 3 170886
55446 16 5 170887
55448 16 9 170888
55450 16 10 170889
55456 16 14 170890
55458 16 15 170891
55460 16 19 170892
55462 16 21 170893
55478 16 22 170894
55486 16 23 170895
55488 16 1 170896
55490 16 2 170897
55492 16 3 170898
55502 16 5 170899
55516 16 9 170900
55554 16 10 170901
55560 16 14 170902
55590 16 15 170903
55596 16 19 170904
55602 16 21 170905
55616 16 22 170906
55618 16 23 170907
55624 16 1 170908
55630 16 2 170909
55636 16 3 170910
55650 16 5 170911
55652 16 9 170912
55664 16 10 170913
55706 16 14 170914
55712 16 15 170915
55808 16 19 170916
55814 16 21 170917
55850 16 22 170918
55852 16 23 170919
55854 16 1 170920
55856 16 2 170921
55858 16 3 170922
55894 16 5 170923
55904 16 9 170924
55954 16 10 170925
55968 16 14 170926
55980 16 15 170927
55982 16 19 170928
56052 16 21 170929
56054 16 22 170930
56056 16 23 170931
56058 16 1 170932
56060 16 2 170933
56062 16 3 170934
56064 16 5 170935
56066 16 9 170936
56068 16 10 170937
56070 16 14 170938
56072 16 15 170939
56074 16 19 170940
56076 16 21 170941
56078 16 22 170942
56080 16 23 170943
56082 16 1 170944
56084 16 2 170945
56086 16 3 170946
56088 16 5 170947
56138 16 9 170948
56166 16 10 170949
56194 16 14 170950
56224 16 15 170951
56230 16 19 170952
56232 16 21 170953
56244 16 22 170954
56272 16 23 170955
56298 16 1 170956
56304 16 2 170957
56348 16 3 170958
56354 16 5 170959
56406 16 9 170960
56408 16 10 170961
56470 16 14 170962
56472 16 15 170963
56474 16 19 170964
56476 16 21 170965
56478 16 22 170966
56480 16 23 170967
56482 16 1 170968
56484 16 2 170969
56486 16 3 170970
56488 16 5 170971
56490 16 9 170972
56492 16 10 170973
56496 16 14 170974
56498 16 15 170975
56500 16 19 170976
56502 16 21 170977
56504 16 22 170978
56506 16 23 170979
56508 16 1 170980
56510 16 2 170981
56512 16 3 170982
56514 16 5 170983
56516 16 9 170984
56518 16 10 170985
56520 16 14 170986
56522 16 15 170987
56524 16 19 170988
56526 16 21 170989
56528 16 22 170990
56530 16 23 170991
56532 16 1 170992
56534 16 2 170993
56536 16 3 170994
56538 16 5 170995
56540 16 9 170996
56542 16 10 170997
56546 16 14 170998
56548 16 15 170999
56550 16 19 171000
56552 16 21 171001
56554 16 22 171002
56556 16 23 171003
56558 16 1 171004
56560 16 2 171005
56562 16 3 171006
56564 16 5 171007
56566 16 1 171008
56568 16 2 171009
56570 16 3 171010
56572 16 5 171011
56574 16 9 171012
56576 16 1 22984
56584 16 15 23039
56586 16 3 23058
56590 16 9 23060
56600 16 23 22611
56602 16 14 23386
56606 16 15 23387
56952 16 23 23391
56956 16 1 18164
56964 16 5 17639
56966 16 1 17984
56968 16 2 18829
56970 16 5 18795
56972 16 21 19017
56974 16 2 32537
56976 16 1 32080
56978 16 9 32096
56980 16 1 32488
56982 16 15 20351
56984 16 3 19914
56986 16 22 23586
56988 16 3 23554
56990 16 21 59401
56992 16 23 59403
57000 16 3 59406
57004 16 3 59802
57014 16 19 59580
57020 16 1 59596
57046 16 23 59619
57054 16 1 59620
57056 16 21 59629
57058 16 23 59631
57060 16 2 59633
57062 16 5 59635
57064 16 10 59637
57066 16 2 59645
57068 16 5 59647
57070 16 10 59649
57072 16 15 59651
57074 16 22 59654
57082 16 23 60399
57084 16 23 59727
57086 16 9 59744
57088 16 1 59788
57092 16 1 59800
57098 16 19 59880
57100 16 21 59881
57102 16 22 59882
57104 16 23 59883
57106 16 1 59884
57108 16 14 59902
57110 16 15 59903
57112 16 19 59904
57114 16 21 59905
57116 16 22 59906
57118 16 23 59907
57132 16 1 59908
57134 16 2 59909
57136 16 3 59910
57138 16 5 59911
57140 16 9 59912
57142 16 10 59913
57144 16 14 59914
57146 16 15 59915
57148 16 19 59916
57150 16 21 59917
57152 16 22 59918
57154 16 23 59919
57156 16 1 59920
57158 16 2 59921
57160 16 3 59922
57162 16 5 59923
57164 16 9 59924
57166 16 10 59925
57168 16 14 59926
57170 16 15 59927
57172 16 19 59928
57174 16 21 59929
57650 16 22 20706
57652 16 10 50445
57654 16 19 21728
57656 16 19 22424
57658 16 10 21725
57660 16 10 83153
57662 16 21 14957
57676 16 23 14971
57686 16 15 44267
57688 16 9 62128
57690 16 5 137327
57692 16 2 82857
57694 16 23 91543
57696 16 21 34269
57698 16 22 34270
57700 16 1 52356
57702 16 2 59269
57706 16 9 59296
57708 16 23 59387
57712 16 1 59256
57722 16 14 58530
57724 16 14 49866
57726 16 19 49400
57728 16 10 108245
57730 16 5 68487
57732 16 22 40810
57734 16 22 40786
57736 16 9 40792
57738 16 21 40773
57740 16 1 40776
57742 16 2 40777
57744 16 3 40778
57746 16 5 40779
57748 16 9 40780
57750 16 10 40781
57752 16 14 40782
57754 16 15 40783
57756 16 19 40784
57758 16 21 40785
57762 16 23 40787
57764 16 1 40788
57766 16 2 40789
57768 16 3 40790
57770 16 5 40791
57774 16 10 40793
57776 16 14 40794
57778 16 15 40795
57780 16 19 40796
57782 16 21 40797
57784 16 22 40798
57786 16 23 40799
57788 16 1 40800
57790 16 2 40801
57792 16 3 40802
57794 16 5 40803
57796 16 10 39953
57798 16 14 39954
57800 16 10 40805
57802 16 14 40806
57804 16 15 40807
57806 16 19 40808
57808 16 21 40809
57812 16 2 40813
57814 16 19 39944
57816 16 3 40814
57818 16 5 40815
57820 16 9 40816
57822 16 10 40817
57824 16 14 40818
57826 16 15 40819
57828 16 19 40820
57830 16 21 40821
57832 16 22 40822
57834 16 23 40823
57836 16 1 40824
57840 16 1 0
57842 16 15 835
57844 16 22 862
57848 16 5 15
57850 16 5 39
57852 16 22 58
57854 16 9 64
57856 16 19 140
57858 16 1 156
57860 16 22 202
57862 16 2 205
57864 16 14 210
57866 16 9 232
57870 16 22 994
57872 16 23 995
57874 16 1 996
57876 16 2 997
57880 16 3 794
57882 16 9 11472
57884 16 1 11336
57886 16 21 1573
57888 16 3 25722
57890 16 5 25723
57892 16 3 25734
57894 16 5 25735
57896 16 22 25766
57898 16 23 25767
57900 16 1 25768
57902 16 14 25774
57904 16 15 25787
57906 16 19 25788
57908 16 15 25799
57910 16 19 25800
57912 16 2 25805
61594 16 2 25769
61920 16 19 25824
61936 16 3 25842
61946 16 5 25843
61948 16 22 25850
61952 16 3 25854
61956 16 15 25859
61958 16 22 26102
61960 16 21 25861
61962 16 1 25864
61964 16 23 25863
61968 16 14 25882
61972 16 9 25880
61978 16 21 25885
61984 16 19 25896
61986 16 21 25897
61988 16 10 25917
61990 16 19 12692
61994 16 5 7831
61996 16 15 7835
62000 16 10 5845
62002 16 14 28846
62004 16 22 16282
62006 16 23 81867
62008 16 14 6990
62010 16 10 16713
62014 16 22 16898
62016 16 3 42142
62018 16 2 42465
62020 16 1 179200
62022 16 2 179201
62024 16 3 179202
62026 16 5 179203
62028 16 9 179204
62030 16 10 179205
62032 16 14 179206
62034 16 15 179207
62036 16 19 179208
62038 16 21 179209
62040 16 22 179210
62042 16 23 179211
62044 16 1 179212
62046 16 2 179213
62048 16 3 179214
62050 16 5 179215
62052 16 9 179216
62054 16 10 179217
62056 16 14 179218
62058 16 15 179219
62060 16 19 179220
62062 16 21 179221
62064 16 22 179222
62066 16 23 179223
62068 16 1 179224
62070 16 2 179225
62072 16 3 179226
62074 16 5 179227
62076 16 9 179228
62078 16 10 179229
62080 16 14 179230
62082 16 15 179231
62084 16 19 179232
62086 16 21 179233
62088 16 22 179234
62090 16 23 179235
62092 16 1 179236
62094 16 2 179237
62096 16 3 179238
62098 16 5 179239
62100 16 9 179240
62102 16 10 179241
62104 16 14 179242
62106 16 15 179243
62108 16 19 179244
62110 16 21 179245
62112 16 22 179246
62114 16 23 179247
62116 16 1 179248
62118 16 2 179249
62120 16 3 179250
62122 16 5 179251
62124 16 9 179252
62126 16 10 179253
62128 16 14 179254
62130 16 15 179255
62132 16 19 179256
62134 16 21 179257
62136 16 22 179258
62138 16 23 179259
62140 16 1 179260
62142 16 2 179261
62144 16 3 179262
62146 16 5 179263
62148 16 9 179264
62150 16 10 179265
62152 16 14 179266
62154 16 15 179267
62156 16 19 179268
62158 16 21 179269
62160 16 22 179270
62162 16 23 179271
62164 16 1 179272
62166 16 2 179273
62168 16 3 179274
62170 16 5 179275
62172 16 9 179276
62174 16 10 179277
62176 16 14 179278
62178 16 15 179279
62180 16 19 179280
62182 16 21 179281
62184 16 22 179282
62186 16 23 179283
62188 16 1 179284
62190 16 2 179285
62192 16 3 179286
62194 16 5 179287
62196 16 9 179288
62198 16 10 179289
62200 16 14 179290
62202 16 15 179291
62204 16 19 179292
62206 16 21 179293
62208 16 22 179294
62210 16 23 179295
62212 16 1 179296
62214 16 2 179297
62216 16 3 179298
62218 16 5 179299
62220 16 9 179300
62222 16 10 179301
62224 16 14 179302
62226 16 15 179303
62228 16 19 179304
62230 16 21 179305
62232 16 22 179306
62234 16 23 179307
62236 16 1 179308
62238 16 2 179309
62240 16 3 179310
62242 16 5 179311
62244 16 9 179312
62246 16 10 179313
62248 16 14 179314
62250 16 15 179315
62252 16 19 179316
62254 16 21 179317
62256 16 22 179318
62258 16 23 179319
62260 16 1 179320
62262 16 2 179321
62264 16 3 179322
62266 16 5 179323
62268 16 9 179324
62270 16 10 179325
62272 16 14 179326
62274 16 15 179327
62276 16 19 179328
62278 16 21 179329
62280 16 22 179330
62282 16 23 179331
62284 16 1 179332
62286 16 2 179333
62288 16 3 179334
62290 16 5 179335
62292 16 9 179336
62294 16 10 179337
62296 16 14 179338
62298 16 15 179339
62300 16 19 179340
62302 16 21 179341
62304 16 22 179342
62306 16 23 179343
62308 16 1 179344
62310 16 2 179345
62312 16 3 179346
62314 16 5 179347
62316 16 9 179348
62318 16 10 179349
62320 16 14 179350
62322 16 15 179351
62324 16 19 179352
62326 16 21 179353
62328 16 22 179354
62330 16 23 179355
62332 16 1 179356
62334 16 2 179357
62336 16 3 179358
62338 16 5 179359
62340 16 9 179360
62342 16 10 179361
62344 16 14 179362
62346 16 15 179363
62348 16 19 179364
62350 16 21 179365
62352 16 22 179366
62354 16 23 179367
62356 16 1 179368
62358 16 2 179369
62360 16 3 179370
62362 16 5 179371
62364 16 9 179372
62366 16 10 179373
62368 16 14 179374
62370 16 15 179375
62372 16 19 179376
62374 16 21 179377
62376 16 22 179378
62378 16 23 179379
62380 16 1 179380
62382 16 2 179381
62384 16 3 179382
62386 16 5 179383
62388 16 9 179384
62390 16 10 179385
62392 16 14 179386
62394 16 15 179387
62396 16 19 179388
62398 16 21 179389
62400 16 22 179390
62402 16 23 179391
62404 16 1 179392
62406 16 2 179393
62408 16 3 179394
62410 16 5 179395
62412 16 9 179396
62414 16 10 179397
62416 16 14 179398
62418 16 15 179399
62420 16 19 179400
62422 16 21 179401
62424 16 22 179402
62426 16 23 179403
62428 16 1 179404
62430 16 2 179405
62436 16 3 179406
62438 16 5 179407
62440 16 9 179408
62442 16 10 179409
62446 16 14 179410
62448 16 15 179411
62450 16 19 179412
62452 16 21 179413
62454 16 22 179414
62456 16 23 179415
62458 16 1 179416
62460 16 2 179417
62462 16 3 179418
62464 16 5 179419
62466 16 9 179420
62468 16 10 179421
62470 16 14 179422
62472 16 15 179423
62474 16 19 179424
62476 16 21 179425
62478 16 22 179426
62480 16 23 179427
62482 16 1 179428
62484 16 2 179429
62486 16 3 179430
62488 16 5 179431
62490 16 9 179432
62492 16 10 179433
62494 16 14 179434
62496 16 15 179435
62498 16 19 179436
62500 16 21 179437
62502 16 22 179438
62504 16 23 179439
62506 16 1 179440
62508 16 2 179441
62510 16 3 179442
62512 16 5 179443
62514 16 9 179444
62516 16 10 179445
62518 16 14 179446
62520 16 1 71436
62522 16 5 71439
62524 16 9 71440
62526 16 10 71441
62528 16 14 71442
62530 16 15 71443
62532 16 19 71444
62534 16 21 71445
62536 16 22 71446
62538 16 23 71447
62540 16 1 71448
62542 16 2 71449
62544 16 3 71450
62546 16 5 71451
62548 16 9 71452
62550 16 10 71453
62552 16 14 71454
62554 16 15 71455
62556 16 19 71456
62558 16 21 71457
62560 16 10 70769
62562 16 19 70772
62564 16 2 70777
62586 16 5 70803
62588 16 9 70804
62590 16 14 70854
62592 16 15 70855
62594 16 1 70860
62596 16 21 70869
62598 16 23 70871
62600 16 2 70873
62602 16 3 70874
62604 16 19 70856
62606 16 21 70857
62608 16 22 70858
62610 16 23 70859
62614 16 2 70861
62616 16 3 70862
62618 16 5 70863
62620 16 9 70864
62622 16 10 70865
62624 16 14 70866
62626 16 15 70867
62628 16 19 70868
62630 16 22 70870
62632 16 1 70872
62634 16 19 70916
62636 16 1 46776
62638 16 10 13749
62640 16 10 2185
62642 16 1 38656
62644 16 19 27100
62646 16 22 27102
62648 16 14 66406
62650 16 23 8371
62652 16 10 141773
62654 16 3 22830
62656 16 19 18992
62658 16 2 31985
62660 16 23 20007
62662 16 3 20298
62664 16 21 19933
62666 16 10 23773
62668 16 10 23713
62670 16 1 134852
62672 16 14 41878
62674 16 2 20517
62676 16 5 20555
62678 16 2 51101
62680 16 19 22052
62682 16 10 52201
62686 16 5 33795
62688 16 14 52554
62690 16 1 49392
62692 16 23 69871
62694 16 15 69663
62748 16 19 69664
62764 16 21 69665
62772 16 5 69671
62782 16 10 69841
62792 16 5 69851
62796 16 14 69854
62800 16 15 69855
62806 16 23 70111
62812 16 1 70112
62820 16 9 70116
62828 16 21 70121
62830 16 10 70177
62832 16 15 70191
62834 16 5 70355
62836 16 5 70391
62880 16 23 70411
62906 16 3 70414
62908 16 2 70449
62918 16 5 70571
62930 16 9 70572
62946 16 10 70573
62954 16 14 70574
62978 16 15 70575
62990 16 22 107514
62992 16 23 107515
62994 16 1 107516
62996 16 2 107517
62998 16 3 107518
63000 16 5 107519
63002 16 1 56172
63004 16 19 179048
63006 16 21 179049
63008 16 22 179050
63010 16 23 179051
63012 16 1 179052
63014 16 2 179053
63016 16 3 179054
63018 16 5 179055
63020 16 9 179056
63022 16 10 179057
63024 16 14 179058
63026 16 15 179059
63028 16 19 179060
63030 16 21 179061
63032 16 22 179062
63034 16 23 179063
63036 16 1 179064
63038 16 2 179065
63040 16 3 179066
63042 16 5 179067
63044 16 9 179068
63046 16 10 179069
63048 16 14 179070
63050 16 15 179071
63052 16 19 179072
63054 16 21 179073
63056 16 22 179074
63058 16 23 179075
63060 16 1 179076
63062 16 2 179077
63064 16 3 179078
63066 16 5 179079
63068 16 9 179080
63070 16 10 179081
63072 16 14 179082
63074 16 15 179083
63076 16 19 179084
63078 16 21 179085
63080 16 22 179086
63082 16 23 179087
63084 16 1 179088
63086 16 2 179089
63088 16 3 179090
63090 16 5 179091
63092 16 9 179092
63094 16 10 179093
63096 16 14 179094
63098 16 15 179095
63100 16 19 179096
63102 16 21 179097
63104 16 22 179098
63106 16 23 179099
63108 16 1 179100
63110 16 2 179101
63112 16 3 179102
63114 16 5 179103
63116 16 9 179104
63118 16 10 179105
63120 16 14 179106
63122 16 15 179107
63124 16 19 179108
63126 16 21 179109
63128 16 22 179110
63130 16 23 179111
63132 16 1 179112
63134 16 2 179113
63136 16 3 179114
63138 16 5 179115
63140 16 9 179116
63142 16 10 179117
63144 16 14 179118
63146 16 15 179119
63148 16 19 179120
63150 16 21 179121
63152 16 22 179122
63154 16 23 179123
63156 16 1 179124
63158 16 2 179125
63160 16 3 179126
63162 16 5 179127
63164 16 9 179128
63166 16 10 179129
63168 16 14 179130
63170 16 15 179131
63172 16 19 179132
63174 16 21 179133
63176 16 22 179134
63178 16 23 179135
63180 16 1 179136
63182 16 2 179137
63186 16 3 179138
63188 16 5 179139
63190 16 9 179140
63192 16 10 179141
63194 16 14 179142
63196 16 15 179143
63198 16 19 179144
63200 16 21 179145
63202 16 22 179146
63204 16 23 179147
63206 16 1 179148
63208 16 2 179149
63210 16 3 179150
63212 16 5 179151
63214 16 9 179152
63216 16 10 179153
63218 16 14 179154
63220 16 15 179155
63222 16 19 179156
63224 16 21 179157
63226 16 22 179158
63228 16 23 179159
63230 16 1 179160
63232 16 2 179161
63234 16 3 179162
63236 16 5 179163
63238 16 9 179164
63240 16 10 179165
63242 16 14 179166
63244 16 15 179167
63246 16 19 179168
63248 16 21 179169
63250 16 22 179170
63252 16 23 179171
63254 16 1 179172
63256 16 2 179173
63258 16 3 179174
63260 16 5 179175
63262 16 9 179176
63264 16 10 179177
63266 16 14 179178
63268 16 15 179179
63270 16 19 179180
63272 16 21 179181
63274 16 22 179182
63276 16 23 179183
63278 16 1 179184
63280 16 2 179185
63282 16 3 179186
63284 16 5 179187
63286 16 9 179188
63288 16 10 179189
63290 16 14 179190
63292 16 15 179191
63294 16 19 179192
63296 16 21 179193
63298 16 22 179194
63300 16 23 179195
63302 16 1 179196
63304 16 2 179197
63306 16 3 179198
63308 16 5 179199
63310 16 1 107520
63312 16 2 107521
63314 16 3 107522
63316 16 5 107523
63318 16 9 107524
63320 16 10 107525
63322 16 14 107526
63324 16 15 107527
63326 16 19 107528
63328 16 21 107529
63330 16 22 107530
63332 16 23 107531
63334 16 1 107532
63336 16 2 107533
63338 16 3 107534
63340 16 5 107535
63342 16 9 107536
63344 16 10 107537
63346 16 14 107538
63348 16 1 103688
63350 16 19 103696
63352 16 14 69466
63410 16 10 69477
63414 16 22 69482
63418 16 3 69486
63430 16 2 69497
63440 16 3 69510
63446 16 10 69513
63456 16 23 69519
63464 16 5 69523
63468 16 23 69531
63478 16 15 69539
63482 16 1 69544
63488 16 3 69546
63498 16 5 69559
63504 16 21 69565
63508 16 14 69574
63512 16 19 69576
63516 16 9 69584
63522 16 10 69585
63526 16 15 69587
63530 16 3 69594
63536 16 22 69602
63540 16 3 69606
63546 16 5 56515
63548 16 10 56517
63550 16 9 128016
63564 16 21 128045
63618 16 5 128159
63620 16 1 128168
63622 16 9 128220
63624 16 15 128223
63626 16 21 128297
63628 16 22 128298
63630 16 23 128299
63632 16 1 128300
63634 16 19 128296
63666 16 9 128328
63668 16 9 128340
63670 16 15 128343
63672 16 23 128347
63674 16 1 128348
63676 16 2 128349
63678 16 19 128380
63680 16 21 128381
63682 16 5 128375
63684 16 15 128391
63686 16 10 128437
63688 16 21 128489
63690 16 2 128517
63692 16 5 128531
63694 16 10 128569
63696 16 5 128567
63700 16 9 128568
63704 16 15 128595
63706 16 9 128604
63708 16 5 128603
63712 16 10 128605
63718 16 14 128606
63722 16 15 128607
63726 16 19 128608
63730 16 21 128609
63732 16 22 128610
63742 16 23 128611
63744 16 1 128612
63750 16 2 128613
63756 16 3 128614
63760 16 5 128615
63766 16 9 128616
63770 16 10 128617
63774 16 14 128618
63778 16 19 128620
63780 16 15 128619
63782 16 21 128621
63786 16 22 128622
63790 16 5 128627
63792 16 2 128625
63794 16 22 128634
63796 16 1 128624
63798 16 3 128626
63802 16 23 128623
63804 16 9 128628
63808 16 10 128629
63812 16 14 128630
63816 16 15 128631
63820 16 19 128632
63824 16 21 128633
63834 16 1 128636
63836 16 23 128635
63838 16 2 128637
63842 16 3 128638
63846 16 5 128639
63850 16 9 128640
63854 16 10 128641
63860 16 2 128913
63862 16 1 0
63866 16 15 55
63870 16 21 201
63872 16 21 1017
63896 16 19 8
63898 16 10 53
63900 16 22 226
63908 16 19 140
63910 16 22 238
63914 16 9 124
63918 16 15 11739
63920 16 3 1662
63922 16 2 1877
63970 16 5 1903
63972 16 1 1144
63974 16 10 1149
63976 16 23 1575
63978 16 3 25854
63982 16 22 12838
63990 16 15 12979
63996 16 15 7223
63998 16 22 10018
64000 16 23 10175
64002 16 10 10037
64004 16 1 31200
64006 16 1 190464
64008 16 2 190465
64010 16 3 190466
64012 16 5 190467
64014 16 9 190468
64020 16 10 190469
64022 16 14 190470
64024 16 15 190471
64026 16 19 190472
64028 16 21 190473
64030 16 22 190474
64032 16 23 190475
64034 16 1 190476
64036 16 2 190477
64038 16 3 190478
64040 16 5 190479
64042 16 9 190480
64044 16 10 190481
64046 16 14 190482
64048 16 15 190483
64050 16 19 190484
64052 16 21 190485
64054 16 22 190486
64056 16 23 190487
64058 16 1 190488
64060 16 2 190489
64062 16 3 190490
64064 16 5 190491
64066 16 9 190492
64068 16 10 190493
64070 16 14 190494
64072 16 15 190495
64074 16 19 190496
64076 16 21 190497
64078 16 22 190498
64080 16 23 190499
64082 16 1 190500
64084 16 2 190501
64086 16 3 190502
64088 16 5 190503
64090 16 9 190504
64092 16 10 190505
64094 16 14 190506
64096 16 15 190507
64098 16 19 190508
64100 16 21 190509
64102 16 22 190510
64104 16 23 190511
64106 16 1 190512
64108 16 2 190513
64110 16 3 190514
64112 16 5 190515
64114 16 9 190516
64116 16 10 190517
64118 16 14 190518
64120 16 15 190519
64122 16 19 190520
64124 16 21 190521
64126 16 22 190522
64128 16 23 190523
64130 16 1 190524
64132 16 2 190525
64134 16 3 190526
64136 16 5 190527
64138 16 9 190528
64140 16 10 190529
64142 16 14 190530
64144 16 15 190531
64146 16 19 190532
64148 16 21 190533
64150 16 22 190534
64152 16 23 190535
64154 16 1 190536
64156 16 2 190537
64158 16 3 190538
64160 16 5 190539
64162 16 9 190540
64164 16 10 190541
64166 16 14 190542
64168 16 15 190543
64170 16 19 190544
64172 16 21 190545
64174 16 22 190546
64176 16 23 190547
64178 16 1 190548
64180 16 2 190549
64182 16 3 190550
64184 16 5 190551
64186 16 9 190552
64188 16 10 190553
64190 16 14 190554
64192 16 15 190555
64194 16 19 190556
64196 16 21 190557
64198 16 22 190558
64200 16 23 190559
64202 16 1 190560
64204 16 2 190561
64206 16 3 190562
64208 16 5 190563
64210 16 9 190564
64212 16 10 190565
64214 16 14 190566
64216 16 15 190567
64218 16 19 190568
64220 16 21 190569
64222 16 22 190570
64236 16 23 190571
64238 16 1 190572
64240 16 2 190573
64242 16 3 190574
64244 16 5 190575
64246 16 9 190576
64248 16 10 190577
64250 16 14 190578
64252 16 15 190579
64254 16 19 190580
64256 16 21 190581
64258 16 22 190582
64260 16 23 190583
64262 16 1 190584
64264 16 2 190585
64266 16 3 190586
64268 16 5 190587
64270 16 9 190588
64272 16 10 190589
64274 16 14 190590
64276 16 15 190591
64278 16 19 190592
64280 16 21 190593
64282 16 22 190594
64284 16 23 190595
64286 16 1 190596
64288 16 2 190597
64290 16 3 190598
64292 16 5 190599
64294 16 9 190600
64296 16 10 190601
64298 16 14 190602
64300 16 15 190603
64302 16 19 190604
64304 16 21 190605
64306 16 22 190606
64308 16 23 190607
64310 16 1 190608
64312 16 2 190609
64314 16 3 190610
64316 16 5 190611
64318 16 9 190612
64320 16 10 190613
64322 16 14 190614
64324 16 15 190615
64326 16 19 190616
64328 16 21 190617
64330 16 22 190618
64332 16 23 190619
64334 16 1 190620
64336 16 2 190621
64338 16 3 190622
64340 16 5 190623
64342 16 9 190624
64344 16 10 190625
64346 16 14 190626
64348 16 15 190627
64350 16 19 190628
64352 16 21 190629
64354 16 22 190630
64356 16 23 190631
64358 16 1 190632
64360 16 2 190633
64362 16 3 190634
64364 16 5 190635
64366 16 9 190636
64368 16 10 190637
64370 16 14 190638
64372 16 15 190639
64374 16 19 190640
64376 16 21 190641
64378 16 22 190642
64380 16 23 190643
64382 16 1 190644
64384 16 2 190645
64386 16 3 190646
64388 16 5 190647
64390 16 9 190648
64392 16 10 190649
64394 16 14 190650
64396 16 15 190651
64398 16 19 190652
64400 16 21 190653
64402 16 22 190654
64404 16 23 190655
64408 16 15 96659
64410 16 19 96660
64412 16 21 96661
64414 16 22 96662
64416 16 23 96663
64418 16 1 28840
64420 16 10 81465
64434 16 14 81466
64520 16 15 81467
64570 16 19 81468
64594 16 2 81473
64670 16 3 81474
64722 16 5 81475
64790 16 9 81476
64832 16 10 81477
64904 16 10 81597
64906 16 14 81598
64908 16 22 81878
64916 16 5 81907
64918 16 9 81908
64920 16 10 81909
64922 16 14 81910
64924 16 15 81911
64926 16 2 81905
64928 16 2 6145
64930 16 9 6424
64932 16 15 6679
64934 16 19 14136
64936 16 1 14116
64938 16 9 13892
64942 16 5 4111
64944 16 14 4402
64946 16 22 39630
64948 16 23 39631
64978 16 14 39722
64980 16 14 37866
64982 16 5 37395
64984 16 1 190100
64986 16 2 190101
64988 16 3 190102
64990 16 5 190103
64992 16 9 190104
64994 16 10 190105
64996 16 14 190106
64998 16 15 190107
65000 16 19 190108
65002 16 21 190109
65004 16 22 190110
65006 16 23 190111
65008 16 1 190112
65010 16 2 190113
65012 16 3 190114
65014 16 5 190115
65016 16 9 190116
65018 16 10 190117
65020 16 14 190118
65022 16 15 190119
65024 16 19 190120
65026 16 21 190121
65028 16 22 190122
65030 16 23 190123
65032 16 1 190124
65034 16 2 190125
65036 16 3 190126
65038 16 5 190127
65040 16 9 190128
65042 16 10 190129
65044 16 14 190130
65046 16 15 190131
65048 16 19 190132
65050 16 21 190133
65052 16 22 190134
65054 16 23 190135
65056 16 1 190136
65058 16 2 190137
65060 16 3 190138
65062 16 5 190139
65064 16 9 190140
65066 16 10 190141
65068 16 14 190142
65070 16 15 190143
65072 16 19 190144
65074 16 21 190145
65076 16 22 190146
65078 16 23 190147
65080 16 1 190148
65082 16 2 190149
65084 16 3 190150
65086 16 5 190151
65088 16 9 190152
65090 16 10 190153
65092 16 14 190154
65094 16 15 190155
65096 16 19 190156
65098 16 21 190157
65100 16 22 190158
65102 16 23 190159
65104 16 1 190160
65106 16 2 190161
65108 16 3 190162
65110 16 5 190163
65112 16 9 190164
65114 16 10 190165
65116 16 14 190166
65118 16 15 190167
65120 16 19 190168
65122 16 21 190169
65124 16 22 190170
65126 16 23 190171
65128 16 1 190172
65130 16 2 190173
65132 16 3 190174
65134 16 5 190175
65136 16 9 190176
65138 16 10 190177
65140 16 14 190178
65142 16 15 190179
65144 16 19 190180
65146 16 21 190181
65148 16 22 190182
65150 16 23 190183
65152 16 1 190184
65154 16 2 190185
65156 16 3 190186
65158 16 5 190187
65160 16 9 190188
65162 16 10 190189
65164 16 14 190190
65166 16 15 190191
65168 16 19 190192
65170 16 21 190193
65172 16 22 190194
65174 16 23 190195
65176 16 1 190196
65178 16 2 190197
65180 16 3 190198
65182 16 5 190199
65184 16 9 190200
65186 16 10 190201
65188 16 14 190202
65190 16 15 190203
65192 16 19 190204
65194 16 21 190205
65196 16 22 190206
65198 16 23 190207
65200 16 1 190208
65202 16 2 190209
65204 16 3 190210
65206 16 5 190211
65208 16 9 190212
65210 16 10 190213
65212 16 14 190214
65214 16 15 190215
65216 16 19 190216
65218 16 21 190217
65220 16 22 190218
65222 16 23 190219
65224 16 1 190220
65226 16 2 190221
65228 16 3 190222
65230 16 5 190223
65232 16 9 190224
65234 16 10 190225
65236 16 14 190226
65238 16 15 190227
65240 16 19 190228
65242 16 21 190229
65244 16 22 190230
65246 16 23 190231
65248 16 1 190232
65250 16 2 190233
65252 16 3 190234
65254 16 5 190235
65256 16 9 190236
65258 16 10 190237
65260 16 14 190238
65262 16 15 190239
65264 16 19 190240
65266 16 21 190241
65268 16 22 190242
65270 16 23 190243
65272 16 1 190244
65274 16 2 190245
65276 16 3 190246
65278 16 5 190247
65280 16 9 190248
65282 16 10 190249
65284 16 14 190250
65286 16 15 190251
65288 16 19 190252
65290 16 21 190253
65292 16 22 190254
65294 16 23 190255
65296 16 1 190256
65298 16 2 190257
65300 16 3 190258
65302 16 5 190259
65304 16 9 190260
65306 16 10 190261
65308 16 14 190262
65310 16 15 190263
65312 16 19 190264
65314 16 21 190265
65316 16 22 190266
65318 16 23 190267
65320 16 1 190268
65322 16 2 190269
65324 16 3 190270
65326 16 5 190271
65328 16 9 190272
65330 16 10 190273
65332 16 14 190274
65334 16 15 190275
65336 16 19 190276
65338 16 21 190277
65340 16 22 190278
65342 16 23 190279
65344 16 1 190280
65346 16 2 190281
65348 16 3 190282
65350 16 5 190283
65352 16 9 190284
65354 16 10 190285
65356 16 14 190286
65358 16 15 190287
65360 16 19 190288
65362 16 21 190289
65364 16 22 190290
65366 16 23 190291
65368 16 1 190292
65370 16 2 190293
65372 16 3 190294
65374 16 5 190295
65376 16 9 190296
65378 16 10 190297
65380 16 14 190298
65382 16 15 190299
65384 16 19 190300
65386 16 21 190301
65388 16 22 190302
65390 16 23 190303
65392 16 1 190304
65394 16 2 190305
65396 16 3 190306
65398 16 5 190307
65400 16 9 190308
65402 16 10 190309
65404 16 14 190310
65406 16 15 190311
65408 16 19 190312
65410 16 21 190313
65412 16 22 190314
65414 16 23 190315
65416 16 1 190316
65418 16 2 190317
65420 16 3 190318
65422 16 5 190319
65424 16 9 190320
65426 16 10 190321
65428 16 14 190322
65430 16 15 190323
65432 16 19 190324
65434 16 21 190325
65436 16 22 190326
65438 16 23 190327
65440 16 1 190328
65442 16 2 190329
65444 16 3 190330
65446 16 5 190331
65448 16 9 190332
65450 16 10 190333
65452 16 14 190334
65454 16 15 190335
65456 16 19 190336
65458 16 21 190337
65460 16 22 190338
65462 16 23 190339
65464 16 1 190340
65466 16 2 190341
65468 16 3 190342
65470 16 5 190343
65472 16 9 190344
65474 16 10 190345
65476 16 14 190346
65478 16 15 190347
65480 16 19 190348
65482 16 21 190349
65484 16 22 190350
65486 16 23 190351
65488 16 1 190352
65490 16 2 190353
65492 16 3 190354
65494 16 5 190355
65496 16 9 190356
65498 16 10 190357
65500 16 14 190358
65502 16 15 190359
65504 16 19 190360
65506 16 21 190361
65508 16 22 190362
65510 16 23 190363
65512 16 1 190364
65514 16 2 190365
65516 16 3 190366
65518 16 5 190367
65520 16 9 190368
65522 16 10 190369
65524 16 14 190370
65526 16 15 190371
65528 16 19 190372
65530 16 21 190373
65532 16 22 190374
65534 16 23 190375
65536 16 1 190376
65538 16 2 190377
65540 16 3 190378
65542 16 5 190379
65544 16 9 190380
65546 16 10 190381
65548 16 14 190382
65550 16 15 190383
65552 16 19 190384
65554 16 21 190385
65556 16 22 190386
65558 16 23 190387
65560 16 1 190388
65562 16 2 190389
65564 16 3 190390
65566 16 5 190391
65568 16 9 190392
65570 16 10 190393
65572 16 14 190394
65574 16 15 190395
65576 16 19 190396
65578 16 21 190397
65580 16 22 190398
65582 16 23 190399
65584 16 1 190400
65586 16 2 190401
65588 16 3 190402
65590 16 5 190403
65592 16 9 190404
65594 16 10 190405
65596 16 14 190406
65598 16 15 190407
65600 16 19 190408
65602 16 21 190409
65604 16 22 190410
65606 16 23 190411
65608 16 1 190412
65610 16 2 190413
65612 16 3 190414
65614 16 5 190415
65616 16 9 190416
65618 16 10 190417
65620 16 14 190418
65622 16 15 190419
65624 16 19 190420
65626 16 21 190421
65628 16 22 190422
65630 16 23 190423
65632 16 1 190424
65634 16 2 190425
65636 16 3 190426
65638 16 5 190427
65640 16 9 190428
65642 16 10 190429
65644 16 14 190430
65646 16 15 190431
65648 16 19 190432
65650 16 21 190433
65652 16 22 190434
65654 16 23 190435
65656 16 1 190436
65658 16 2 190437
65660 16 3 190438
65662 16 5 190439
65664 16 9 190440
65666 16 10 190441
65668 16 14 190442
65670 16 15 190443
65672 16 19 190444
65674 16 21 190445
65676 16 22 190446
65678 16 23 190447
65680 16 1 190448
65682 16 2 190449
65684 16 3 190450
65686 16 5 190451
65688 16 9 190452
65690 16 10 190453
65692 16 14 190454
65694 16 15 190455
65696 16 19 190456
65698 16 21 190457
65700 16 22 190458
65702 16 23 190459
65704 16 1 190460
65706 16 2 190461
65708 16 3 190462
65710 16 5 190463
65712 16 2 2769
65714 16 22 2742
65716 16 14 97442
65718 16 15 97443
65720 16 19 97444
65722 16 2 35705
65724 16 19 35748
65726 16 2 155925
65728 16 2 155937
65730 16 22 141282
65732 16 5 141311
65746 16 9 27748
65748 16 23 27767
65752 16 15 8451
65754 16 2 36429
65756 16 1 36428
65758 16 3 36430
65760 16 9 132268
65762 16 10 132269
65764 16 14 132270
65766 16 15 132271
65768 16 19 132272
65770 16 21 132273
65772 16 22 132274
65774 16 5 132207
65778 16 2 141313
65780 16 14 141318
65782 16 1 141312
65784 16 3 141314
65790 16 5 141315
65796 16 9 141316
65802 16 10 141317
65812 16 19 141320
65814 16 2 141361
65816 16 15 141319
65818 16 21 141321
65826 16 22 141322
65834 16 23 141323
65842 16 1 141324
65850 16 2 141325
65858 16 3 141326
65866 16 5 141327
65874 16 9 141328
65882 16 10 141329
65890 16 14 141330
65898 16 15 141331
65906 16 19 141332
65914 16 21 141333
65922 16 22 141334
65930 16 23 141335
65938 16 1 141336
65946 16 2 141337
65954 16 3 141338
65962 16 5 141339
65970 16 9 141340
65978 16 10 141341
65986 16 14 141342
65994 16 15 141343
66002 16 19 141344
66010 16 21 141345
66018 16 22 141346
66026 16 23 141347
66034 16 1 141348
66042 16 2 141349
66050 16 3 141350
66058 16 5 141351
66066 16 9 141352
66074 16 10 141353
66082 16 14 141354
66090 16 15 141355
66098 16 19 141356
66106 16 21 141357
66114 16 22 141358
66122 16 23 141359
66130 16 1 141360
66144 16 5 141363
66146 16 3 141386
66148 16 3 141362
66150 16 9 141364
66158 16 10 141365
66166 16 14 141366
66174 16 15 141367
66182 16 19 141368
66190 16 21 141369
66198 16 22 141370
66206 16 23 141371
66214 16 1 141372
66222 16 2 141373
66230 16 3 141374
66238 16 5 141375
66246 16 9 141376
66254 16 10 141377
66262 16 14 141378
66270 16 15 141379
66278 16 19 141380
66286 16 21 141381
66294 16 22 141382
66302 16 23 141383
66310 16 1 141384
66318 16 2 141385
66332 16 9 141388
66334 16 3 141398
66336 16 5 141387
66338 16 10 141389
66346 16 14 141390
66354 16 15 141391
66362 16 19 141392
66370 16 21 141393
66378 16 22 141394
66386 16 23 141395
66394 16 1 141396
66402 16 2 141397
66416 16 9 141400
66418 16 9 141436
66420 16 5 141399
66422 16 10 141401
66430 16 14 141402
66438 16 15 141403
66446 16 19 141404
66454 16 21 141405
66462 16 22 141406
66470 16 23 141407
66478 16 1 141408
66486 16 2 141409
66494 16 3 141410
66502 16 5 141411
66510 16 9 141412
66518 16 10 141413
66526 16 14 141414
66534 16 15 141415
66542 16 19 141416
66550 16 21 141417
66558 16 22 141418
66566 16 23 141419
66574 16 1 141420
66582 16 2 141421
66590 16 3 141422
66598 16 5 141423
66606 16 9 141424
66614 16 10 141425
66622 16 14 141426
66630 16 15 141427
66638 16 19 141428
66646 16 21 141429
66654 16 22 141430
66662 16 23 141431
66670 16 1 141432
66678 16 2 141433
66686 16 3 141434
66694 16 5 141435
66708 16 14 141438
66710 16 14 141462
66712 16 10 141437
66714 16 15 141439
66722 16 19 141440
66730 16 21 141441
66738 16 22 141442
66746 16 23 141443
66754 16 1 141444
66762 16 2 141445
66770 16 3 141446
66778 16 5 141447
66786 16 9 141448
66794 16 10 141449
66802 16 14 141450
66810 16 15 141451
66818 16 19 141452
66826 16 21 141453
66834 16 22 141454
66842 16 23 141455
66850 16 1 141456
66858 16 2 141457
66866 16 3 141458
66874 16 5 141459
66882 16 9 141460
66890 16 10 141461
66904 16 19 141464
66906 16 9 141496
66908 16 15 141463
66910 16 21 141465
66918 16 22 141466
66926 16 23 141467
66934 16 1 141468
66942 16 2 141469
66950 16 3 141470
66958 16 5 141471
66966 16 9 141472
66974 16 10 141473
66982 16 14 141474
66990 16 15 141475
66998 16 19 141476
67006 16 21 141477
67014 16 22 141478
67022 16 23 141479
67030 16 1 141480
67038 16 2 141481
67046 16 3 141482
67054 16 5 141483
67062 16 9 141484
67070 16 10 141485
67078 16 14 141486
67086 16 15 141487
67094 16 19 141488
67102 16 21 141489
67110 16 22 141490
67118 16 23 141491
67126 16 1 141492
67134 16 2 141493
67142 16 3 141494
67150 16 5 141495
67164 16 14 141498
67166 16 2 141517
67168 16 10 141497
67170 16 15 141499
67178 16 19 141500
67186 16 21 141501
67194 16 22 141502
67202 16 23 141503
67210 16 1 141504
67218 16 2 141505
67226 16 3 141506
67234 16 5 141507
67242 16 9 141508
67250 16 10 141509
67258 16 14 141510
67266 16 15 141511
67274 16 19 141512
67282 16 21 141513
67290 16 22 141514
67298 16 23 141515
67306 16 1 141516
67320 16 5 141519
67322 16 2 141577
67324 16 3 141518
67326 16 9 141520
67334 16 10 141521
67342 16 14 141522
67350 16 15 141523
67358 16 19 141524
67366 16 21 141525
67374 16 22 141526
67382 16 23 141527
67390 16 1 141528
67398 16 2 141529
67406 16 3 141530
67414 16 5 141531
67422 16 9 141532
67430 16 10 141533
67438 16 14 141534
67446 16 15 141535
67454 16 19 141536
67462 16 21 141537
67470 16 22 141538
67478 16 23 141539
67486 16 1 141540
67494 16 2 141541
67502 16 3 141542
67510 16 5 141543
67518 16 9 141544
67526 16 10 141545
67534 16 14 141546
67542 16 15 141547
67550 16 19 141548
67558 16 21 141549
67566 16 22 141550
67574 16 23 141551
67582 16 1 141552
67590 16 2 141553
67598 16 3 141554
67602 16 5 141699
67604 16 1 141732
67606 16 2 141769
67608 16 14 141762
67610 16 21 141765
67614 16 3 141758
67618 16 21 141873
67620 16 19 141872
67622 16 3 141878
67624 16 5 141879
67626 16 10 141881
67628 16 14 141882
67630 16 15 141883
67678 16 2 142153
67682 16 10 142157
67688 16 9 142168
67692 16 10 142169
67694 16 19 142172
67698 16 23 142175
67700 16 1 142176
67702 16 22 142174
67710 16 2 142177
67712 16 10 142193
67716 16 23 142187
67720 16 1 142188
67722 16 2 142189
67724 16 3 142190
67726 16 5 142191
67728 16 9 142192
67732 16 3 142262
67734 16 5 142263
67736 16 9 142264
67738 16 10 142265
67740 16 14 142266
67742 16 15 142267
67744 16 19 142268
67746 16 2 142261
67844 16 22 142282
67846 16 23 23391
67848 16 15 23387
67850 16 23 160619
67852 16 1 31948
67854 16 9 31976
67856 16 21 32017
67858 16 10 31977
67866 16 22 32078
67872 16 23 32079
67890 16 9 32324
67892 16 10 32325
67894 16 15 32327
67896 16 22 32330
67910 16 14 32326
67914 16 19 32328
68168 16 1 32080
68170 16 9 32096
68172 16 3 23554
68174 16 15 60395
68176 16 19 60396
68178 16 21 60397
68180 16 22 60398
68182 16 23 60399
68184 16 1 60400
68186 16 15 184287
68190 16 5 184307
68194 16 1 22176
68196 16 21 14957
68204 16 23 14971
68208 16 15 44159
68210 16 3 81982
68216 16 23 82075
68218 16 9 82320
68220 16 1 82328
68222 16 2 82329
68224 16 3 82330
68290 16 19 82588
68292 16 2 82593
68298 16 1 82628
68300 16 1 82616
68302 16 15 82623
68310 16 1 82808
68312 16 2 82857
68328 16 22 54918
68330 16 5 70331
68332 16 9 70332
68334 16 10 70333
68336 16 21 40773
68338 16 1 40776
68340 16 2 40777
68342 16 3 40778
68344 16 5 40779
68346 16 9 40780
68348 16 10 40781
68350 16 14 40782
68352 16 15 40783
68354 16 19 40784
68356 16 21 40785
68358 16 22 40786
68360 16 23 40787
68362 16 1 40788
68364 16 2 40789
68366 16 3 40790
68368 16 5 40791
68370 16 9 40792
68372 16 10 40793
68374 16 14 40794
68376 16 15 40795
68378 16 19 40796
68380 16 21 40797
68382 16 22 40798
68384 16 23 40799
68386 16 1 40800
68388 16 2 40801
68390 16 3 40802
68392 16 5 40803
68394 16 10 39953
68396 16 14 39954
68398 16 10 40805
68400 16 14 40806
68402 16 15 40807
68404 16 19 40808
68406 16 21 40809
68408 16 22 40810
68410 16 2 40813
68412 16 19 39944
68414 16 3 40814
68416 16 5 40815
68418 16 9 40816
68420 16 10 40817
68422 16 14 40818
68424 16 15 40819
68426 16 19 40820
68428 16 21 40821
68430 16 22 40822
68432 16 23 40823
68434 16 1 40824
68438 16 9 128484
68440 16 22 1018
68448 16 1 0
68818 16 5 39
68822 16 2 697
68824 16 22 802
68826 16 19 836
68828 16 14 11654
68830 16 5 11279
68832 16 2 12129
68840 16 21 1093
68842 16 2 26165
68844 16 10 154809
68846 16 1 154816
68850 16 5 154807
68852 16 14 154810
68854 16 15 154811
68856 16 19 154812
68878 16 21 154813
68882 16 22 154814
68888 16 23 154815
68894 16 9 154808
68898 16 2 154817
68900 16 3 154818
68902 16 5 154819
68904 16 5 154795
68906 16 1 154828
68908 16 5 154831
68910 16 3 154830
68912 16 2 154829
68914 16 9 154832
68916 16 23 154827
68922 16 15 154835
68924 16 19 154836
68926 16 21 154837
68928 16 22 154838
68930 16 23 154839
68932 16 1 154840
68934 16 2 154841
68936 16 3 154842
68938 16 5 154843
68940 16 9 154844
68942 16 10 154845
68944 16 14 154846
68946 16 15 154847
68948 16 19 154848
68950 16 21 154849
68952 16 22 154850
68954 16 23 154851
68956 16 1 154852
68958 16 2 154853
68960 16 3 154854
68962 16 5 154855
68964 16 9 154856
68966 16 10 154857
68968 16 14 154858
68970 16 3 154878
68972 16 3 154902
68974 16 2 154901
68976 16 5 154903
68980 16 9 154904
68984 16 10 154905
68988 16 14 154906
68992 16 19 154908
68994 16 15 154907
68996 16 21 154909
69000 16 23 154911
69002 16 22 154910
69004 16 2 154913
69006 16 1 154912
69008 16 3 154914
69012 16 5 154915
69016 16 9 154916
69020 16 10 154917
69024 16 14 154918
69028 16 15 154919
69032 16 22 154946
69034 16 1 154948
69036 16 2 154949
69038 16 3 154950
69040 16 5 154951
69042 16 10 154965
69044 16 14 154966
69046 16 15 154967
69048 16 19 154968
69050 16 22 154994
69052 16 23 154995
69054 16 1 154996
69056 16 2 154997
69058 16 3 154998
69060 16 5 154999
69062 16 9 155000
69064 16 19 155004
69066 16 21 155005
69068 16 14 155014
69070 16 9 154952
69072 16 14 154954
69074 16 15 154955
69076 16 1 154972
69078 16 21 154981
69080 16 1 154984
69082 16 2 154985
69084 16 10 154989
69086 16 14 154990
69088 16 10 155001
69090 16 14 155002
69092 16 15 155003
69094 16 19 154920
69096 16 21 154921
69098 16 23 154947
69104 16 22 154922
69120 16 10 154953
69126 16 5 154927
69128 16 10 154929
69130 16 14 154930
69134 16 23 154971
69166 16 22 154970
69170 16 19 154980
69174 16 21 154969
69198 16 3 154974
69200 16 23 154983
69206 16 2 154973
69208 16 5 154975
69218 16 9 154976
69228 16 10 154977
69238 16 14 154978
69246 16 15 154979
69274 16 22 154982
69304 16 21 154993
69314 16 5 154987
69322 16 15 154991
69332 16 9 154988
69370 16 3 154986
69372 16 19 154992
69530 16 5 155023
69532 16 10 155037
69534 16 14 155038
69536 16 15 155039
69538 16 23 155055
69540 16 19 155064
69542 16 23 155067
69544 16 1 155068
69546 16 2 155069
69548 16 3 155070
69550 16 5 155071
69552 16 9 155072
69554 16 9 155024
69556 16 19 155040
69558 16 21 155041
69560 16 22 155042
69562 16 23 155043
69564 16 1 155056
69566 16 2 155057
69568 16 3 155058
69570 16 10 155061
69572 16 14 155062
69574 16 15 155063
69576 16 22 155066
69578 16 10 155073
69580 16 14 155074
69582 16 15 155075
69584 16 19 155076
69586 16 21 155077
69588 16 22 155078
69590 16 23 155079
69592 16 1 155080
69594 16 2 155081
69596 16 3 155082
69598 16 5 155083
69600 16 23 155019
69602 16 1 155020
69604 16 10 155025
69606 16 1 155044
69608 16 9 155048
69610 16 10 155049
69612 16 14 155050
69614 16 15 155051
69616 16 19 155052
69618 16 21 155053
69620 16 14 155026
69622 16 23 155091
69624 16 15 155027
69628 16 19 155028
69632 16 21 155029
69636 16 22 155030
69640 16 23 155031
69644 16 1 155032
69648 16 2 155033
69654 16 3 155046
69656 16 22 155054
69660 16 2 155045
69662 16 5 155047
69684 16 9 155084
69686 16 21 155089
69722 16 5 155059
69728 16 9 155060
69746 16 15 155087
69758 16 21 155065
69768 16 14 155086
69826 16 19 155088
69866 16 10 155085
69868 16 2 155021
69874 16 1 155092
69878 16 22 155090
69892 16 15 155099
69894 16 19 155100
69896 16 21 155101
69898 16 22 155102
69900 16 23 155103
69942 16 5 155143
69944 16 10 155145
69946 16 14 155146
69948 16 15 155147
69950 16 19 155148
69952 16 22 155162
69954 16 23 155163
69956 16 1 155164
69958 16 2 155165
69960 16 5 155191
69962 16 9 155192
69964 16 10 155193
69966 16 14 155194
69968 16 15 155195
69970 16 19 155196
69972 16 21 155197
69974 16 2 155201
69976 16 3 155202
69978 16 5 155203
69980 16 21 155149
69982 16 23 155151
69984 16 1 155152
69986 16 10 155169
69988 16 3 155178
69990 16 10 155181
69992 16 14 155182
69994 16 22 155186
69996 16 23 155187
69998 16 22 155198
70000 16 23 155199
70002 16 1 155200
70004 16 2 155117
70006 16 3 155118
70008 16 9 155144
70014 16 5 155119
70030 16 22 155150
70036 16 19 155124
70038 16 22 155126
70040 16 23 155127
70044 16 9 155168
70076 16 5 155167
70080 16 2 155177
70084 16 3 155166
70108 16 15 155171
70110 16 9 155180
70116 16 14 155170
70118 16 19 155172
70128 16 21 155173
70138 16 22 155174
70148 16 23 155175
70156 16 1 155176
70184 16 5 155179
70214 16 3 155190
70224 16 19 155184
70232 16 1 155188
70242 16 21 155185
70280 16 15 155183
70282 16 2 155189
70440 16 19 155208
70442 16 22 155222
70444 16 23 155223
70446 16 1 155224
70448 16 9 155240
70450 16 2 155249
70452 16 9 155252
70454 16 10 155253
70456 16 14 155254
70458 16 15 155255
70460 16 19 155256
70462 16 21 155257
70464 16 21 155209
70466 16 2 155225
70468 16 3 155226
70470 16 5 155227
70472 16 9 155228
70474 16 10 155241
70476 16 14 155242
70478 16 15 155243
70480 16 22 155246
70482 16 23 155247
70484 16 1 155248
70486 16 5 155251
70488 16 22 155258
70490 16 23 155259
70492 16 1 155260
70494 16 2 155261
70496 16 3 155262
70498 16 5 155263
70500 16 9 155264
70502 16 10 155265
70504 16 14 155266
70506 16 15 155267
70508 16 19 155268
70510 16 9 155204
70512 16 10 155205
70514 16 22 155210
70516 16 10 155229
70518 16 21 155233
70520 16 22 155234
70522 16 23 155235
70524 16 1 155236
70526 16 2 155237
70528 16 3 155238
70530 16 23 155211
70532 16 9 155276
70534 16 1 155212
70538 16 2 155213
70542 16 3 155214
70546 16 5 155215
70550 16 9 155216
70554 16 10 155217
70558 16 14 155218
70564 16 15 155231
70566 16 5 155239
70570 16 14 155230
70572 16 19 155232
70594 16 21 155269
70596 16 3 155274
70632 16 19 155244
70638 16 21 155245
70656 16 1 155272
70668 16 3 155250
70678 16 23 155271
70736 16 2 155273
70776 16 22 155270
70778 16 14 155206
70784 16 10 155277
70788 16 5 155275
70802 16 2 155285
70804 16 1 155284
70806 16 3 155286
70810 16 9 155288
70812 16 5 155287
70814 16 21 155293
70816 16 15 155291
70818 16 14 155290
70820 16 19 155292
70826 16 10 155289
70830 16 23 155295
70832 16 22 155294
70834 16 1 155296
70838 16 2 155297
70842 16 3 155298
70846 16 9 155300
70848 16 5 155299
70850 16 10 155301
70854 16 14 155302
70858 16 15 155303
70862 16 19 155304
70866 16 22 155306
70868 16 21 155305
70870 16 1 155308
70872 16 23 155307
70874 16 2 155309
70878 16 3 155310
70882 16 5 155311
70886 16 9 155312
70890 16 14 155314
70892 16 10 155313
70894 16 15 155315
70898 16 19 155316
70902 16 21 155317
70906 16 22 155318
70910 16 10 155421
70912 16 14 155422
70914 16 15 155423
70916 16 9 155588
70918 16 10 155589
70920 16 14 155590
70922 16 5 155587
70934 16 22 155606
70936 16 9 155612
70938 16 14 155614
70940 16 15 155615
70942 16 19 155616
70944 16 21 155617
70946 16 22 155618
70948 16 23 155619
70950 16 1 155620
70952 16 2 155621
70954 16 3 155622
70956 16 5 155623
70958 16 9 155624
70960 16 10 155625
70962 16 14 155626
70964 16 15 155627
70966 16 19 155628
70968 16 21 155629
70970 16 22 155630
70972 16 23 155631
70974 16 1 155632
70976 16 2 155633
70978 16 5 155635
70980 16 9 155636
70982 16 10 155637
70984 16 14 155638
70986 16 15 155639
72392 16 10 155601
72394 16 1 197668
72396 16 2 197669
72398 16 3 197670
72400 16 5 197671
72402 16 9 197672
72404 16 10 197673
72406 16 14 197674
72408 16 15 197675
72410 16 19 197676
72412 16 21 197677
72414 16 22 197678
72416 16 23 197679
72418 16 1 197680
72420 16 2 197681
72422 16 3 197682
72424 16 5 197683
72430 16 9 197684
72432 16 10 197685
72434 16 14 197686
72436 16 15 197687
72440 16 19 197688
72448 16 21 197689
72450 16 22 197690
72454 16 23 197691
72456 16 1 197692
72458 16 2 197693
72460 16 3 197694
72462 16 5 197695
72468 16 9 197696
72470 16 10 197697
72472 16 14 197698
72474 16 15 197699
72476 16 19 197700
72478 16 21 197701
72480 16 22 197702
72482 16 23 197703
72484 16 1 197704
72486 16 2 197705
72488 16 3 197706
72490 16 5 197707
72492 16 9 197708
72494 16 10 197709
72496 16 14 197710
72498 16 15 197711
72500 16 19 197712
72502 16 21 197713
72506 16 22 197714
72508 16 23 197715
72510 16 1 197716
72512 16 2 197717
72514 16 3 197718
72516 16 5 197719
72518 16 9 197720
72520 16 10 197721
72522 16 14 197722
72524 16 15 197723
72526 16 19 197724
72528 16 21 197725
72530 16 22 197726
72532 16 23 197727
72534 16 1 197728
72536 16 2 197729
72538 16 3 197730
72540 16 5 197731
72542 16 9 197732
72544 16 10 197733
72546 16 14 197734
72548 16 15 197735
72550 16 19 197736
72552 16 21 197737
72554 16 22 197738
72556 16 23 197739
72558 16 1 197740
72560 16 2 197741
72562 16 3 197742
72564 16 5 197743
72566 16 9 197744
72568 16 10 197745
72570 16 14 197746
72572 16 15 197747
72574 16 19 197748
72576 16 21 197749
72578 16 22 197750
72580 16 23 197751
72582 16 1 197752
72584 16 2 197753
72586 16 3 197754
72588 16 5 197755
72590 16 9 197756
72592 16 10 197757
72594 16 14 197758
72596 16 15 197759
72598 16 19 197760
72600 16 21 197761
72602 16 22 197762
72604 16 23 197763
72606 16 1 197764
72608 16 2 197765
72610 16 3 197766
72612 16 5 197767
72614 16 9 197768
72616 16 10 197769
72618 16 14 197770
72620 16 15 197771
72622 16 19 197772
72624 16 21 197773
72626 16 22 197774
72628 16 23 197775
72630 16 1 197776
72632 16 2 197777
72634 16 3 197778
72636 16 5 197779
72638 16 9 197780
72640 16 10 197781
72642 16 14 197782
72644 16 15 197783
72646 16 19 197784
72648 16 21 197785
72650 16 22 197786
72652 16 23 197787
72654 16 1 197788
72656 16 2 197789
72658 16 3 197790
72660 16 5 197791
72662 16 9 197792
72664 16 10 197793
72666 16 14 197794
72668 16 15 197795
72670 16 19 197796
72672 16 21 197797
72674 16 22 197798
72676 16 23 197799
72678 16 1 197800
72680 16 2 197801
72682 16 3 197802
72684 16 5 197803
72686 16 9 197804
72688 16 10 197805
72690 16 14 197806
72692 16 15 197807
72694 16 19 197808
72696 16 21 197809
72698 16 22 197810
72700 16 23 197811
72702 16 1 197812
72704 16 2 197813
72706 16 3 197814
72708 16 5 197815
72710 16 9 197816
72712 16 10 197817
72714 16 14 197818
72716 16 15 197819
72718 16 19 197820
72720 16 21 197821
72722 16 22 197822
72724 16 23 197823
72726 16 1 197824
72728 16 2 197825
72730 16 3 197826
72732 16 5 197827
72734 16 9 197828
72736 16 10 197829
72738 16 14 197830
72740 16 15 197831
72742 16 19 197832
72744 16 21 197833
72746 16 22 197834
72748 16 23 197835
72750 16 1 197836
72752 16 2 197837
72754 16 3 197838
72756 16 5 197839
72758 16 9 197840
72760 16 10 197841
72762 16 14 197842
72764 16 15 197843
72766 16 19 197844
72768 16 21 197845
72770 16 22 197846
72772 16 23 197847
72774 16 1 197848
72776 16 2 197849
72778 16 3 197850
72780 16 5 197851
72782 16 9 197852
72784 16 10 197853
72786 16 14 197854
72788 16 15 197855
72790 16 19 197856
72792 16 21 197857
72794 16 22 197858
72796 16 23 197859
72798 16 1 197860
72800 16 2 197861
72802 16 3 197862
72804 16 5 197863
72806 16 9 197864
72808 16 10 197865
72810 16 14 197866
72812 16 15 197867
72814 16 19 197868
72816 16 21 197869
72818 16 22 197870
72820 16 23 197871
72822 16 1 197872
72824 16 2 197873
72826 16 3 197874
72828 16 5 197875
72830 16 9 197876
72832 16 10 197877
72834 16 14 197878
72836 16 15 197879
72838 16 19 197880
72840 16 21 197881
72842 16 22 197882
72844 16 23 197883
72846 16 1 197884
72848 16 2 197885
72850 16 3 197886
72852 16 5 197887
72854 16 9 197888
72856 16 10 197889
72858 16 14 197890
72860 16 15 197891
72862 16 19 197892
72864 16 21 197893
72866 16 22 197894
72868 16 23 197895
72870 16 1 197896
72872 16 2 197897
72874 16 3 197898
72876 16 5 197899
72878 16 9 197900
72880 16 10 197901
72882 16 14 197902
72884 16 15 197903
72886 16 19 197904
72888 16 21 197905
72890 16 22 197906
72892 16 23 197907
72894 16 1 197908
72896 16 2 197909
72898 16 3 197910
72900 16 5 197911
72902 16 9 197912
72904 16 10 197913
72906 16 14 197914
72908 16 15 197915
72910 16 19 197916
72912 16 21 197917
72914 16 22 197918
72916 16 23 197919
72918 16 1 197920
72920 16 2 197921
72922 16 3 197922
72924 16 5 197923
72926 16 9 197924
72928 16 10 197925
72930 16 14 197926
72932 16 15 197927
72934 16 19 197928
72936 16 21 197929
72938 16 22 197930
72940 16 23 197931
72942 16 1 197932
72944 16 2 197933
72946 16 3 197934
73004 16 5 197935
73006 16 9 197936
73008 16 10 197937
73010 16 14 197938
73012 16 15 197939
73014 16 19 197940
73016 16 21 197941
73018 16 22 197942
73020 16 23 197943
73022 16 1 197944
73024 16 2 197945
73026 16 3 197946
73028 16 5 197947
73030 16 9 197948
73032 16 10 197949
73034 16 14 197950
73036 16 15 197951
73038 16 19 197952
73040 16 21 197953
73042 16 22 197954
73044 16 23 197955
73046 16 1 197956
73048 16 2 197957
73050 16 3 197958
73052 16 5 197959
73054 16 9 197960
73056 16 10 197961
73058 16 14 197962
73060 16 15 197963
73062 16 19 197964
73064 16 21 197965
73066 16 22 197966
73068 16 23 197967
73070 16 1 197968
73072 16 2 197969
73074 16 3 197970
73076 16 5 197971
73078 16 9 197972
73080 16 10 197973
73082 16 14 197974
73084 16 15 197975
73086 16 19 197976
73088 16 21 197977
73090 16 22 197978
73092 16 23 197979
73094 16 1 197980
73096 16 2 197981
73098 16 3 197982
73100 16 5 197983
73102 16 9 197984
73104 16 10 197985
73106 16 14 197986
73108 16 15 197987
73110 16 19 197988
73112 16 21 197989
73114 16 22 197990
73116 16 23 197991
73118 16 1 197992
73120 16 2 197993
73122 16 3 197994
73124 16 5 197995
73126 16 9 197996
73128 16 10 197997
73130 16 14 197998
73132 16 15 197999
73134 16 19 198000
73136 16 21 198001
73138 16 22 198002
73140 16 23 198003
73142 16 1 198004
73144 16 2 198005
73146 16 3 198006
73148 16 5 198007
73150 16 9 198008
73152 16 10 198009
73154 16 14 198010
73178 16 15 198011
73180 16 19 198012
73182 16 21 198013
73184 16 22 198014
73186 16 23 198015
73188 16 1 198016
73190 16 2 198017
73192 16 3 198018
73194 16 5 198019
73196 16 9 198020
73198 16 10 198021
73200 16 14 198022
73202 16 15 198023
73204 16 19 198024
73206 16 21 198025
73208 16 22 198026
73210 16 23 198027
73212 16 1 198028
73214 16 2 198029
73216 16 3 198030
73218 16 5 198031
73220 16 9 198032
73222 16 10 198033
73224 16 14 198034
73226 16 15 198035
73228 16 19 198036
73230 16 21 198037
73232 16 22 198038
73234 16 23 198039
73236 16 1 198040
73238 16 2 198041
73240 16 3 198042
73242 16 5 198043
73244 16 9 198044
73246 16 10 198045
73248 16 14 198046
73250 16 15 198047
73252 16 19 198048
73254 16 21 198049
73256 16 22 198050
73258 16 23 198051
73260 16 1 198052
73262 16 2 198053
73264 16 3 198054
73266 16 5 198055
73268 16 9 198056
73270 16 10 198057
73272 16 14 198058
73274 16 15 198059
73276 16 19 198060
73278 16 21 198061
73280 16 22 198062
73282 16 23 198063
73284 16 1 198064
73286 16 2 198065
73288 16 3 198066
73290 16 5 198067
73292 16 9 198068
73294 16 10 198069
73296 16 14 198070
73298 16 15 198071
73300 16 19 198072
73302 16 21 198073
73304 16 22 198074
73306 16 23 198075
73308 16 1 198076
73310 16 2 198077
73312 16 3 198078
73314 16 5 198079
73316 16 9 198080
73318 16 10 198081
73320 16 14 198082
73322 16 15 198083
73324 16 19 198084
73326 16 21 198085
73328 16 22 198086
73330 16 23 198087
73332 16 1 198088
73334 16 2 198089
73336 16 3 198090
73338 16 5 198091
73340 16 9 198092
73342 16 10 198093
73344 16 14 198094
73346 16 15 198095
73348 16 19 198096
73350 16 21 198097
73352 16 22 198098
73354 16 23 198099
73356 16 1 198100
73358 16 2 198101
73360 16 3 198102
73362 16 5 198103
73364 16 9 198104
73366 16 10 198105
73368 16 14 198106
73370 16 15 198107
73372 16 19 198108
73374 16 21 198109
73376 16 22 198110
73378 16 23 198111
73380 16 1 198112
73382 16 2 198113
73384 16 3 198114
73386 16 5 198115
73388 16 9 198116
73390 16 10 198117
73392 16 14 198118
73394 16 15 198119
73396 16 19 198120
73398 16 21 198121
73400 16 22 198122
73402 16 23 198123
73404 16 1 198124
73406 16 2 198125
73408 16 3 198126
73410 16 5 198127
73412 16 9 198128
73414 16 10 198129
73416 16 14 198130
73418 16 15 198131
73420 16 19 198132
73422 16 21 198133
73424 16 22 198134
73426 16 23 198135
73428 16 1 198136
73430 16 2 198137
73432 16 3 198138
73434 16 5 198139
73436 16 9 198140
73438 16 10 198141
73440 16 14 198142
73442 16 15 198143
73444 16 19 198144
73446 16 21 198145
73448 16 22 198146
73450 16 23 198147
73452 16 1 198148
73454 16 2 198149
73456 16 3 198150
73514 16 5 198151
73516 16 9 198152
73518 16 10 198153
73520 16 14 198154
73522 16 15 198155
73524 16 19 198156
73526 16 21 198157
73528 16 22 198158
73530 16 23 198159
73532 16 1 198160
73534 16 2 198161
73536 16 3 198162
73538 16 5 198163
73540 16 9 198164
73542 16 10 198165
73544 16 14 198166
73546 16 15 198167
73548 16 19 198168
73550 16 21 198169
73552 16 22 198170
73554 16 23 198171
73556 16 1 198172
73558 16 2 198173
73560 16 3 198174
73562 16 5 198175
73564 16 9 198176
73566 16 10 198177
73568 16 14 198178
73570 16 15 198179
73572 16 19 198180
73574 16 21 198181
73576 16 22 198182
73578 16 23 198183
73580 16 1 198184
73582 16 2 198185
73584 16 3 198186
73586 16 5 198187
73588 16 9 198188
73590 16 10 198189
73592 16 14 198190
73594 16 15 198191
73596 16 19 198192
73598 16 21 198193
73600 16 22 198194
73602 16 23 198195
73604 16 1 198196
73606 16 2 198197
73608 16 3 198198
73610 16 5 198199
73612 16 9 198200
73614 16 10 198201
73616 16 14 198202
73618 16 15 198203
73620 16 19 198204
73622 16 21 198205
73624 16 22 198206
73626 16 23 198207
73628 16 1 198208
73630 16 2 198209
73632 16 3 198210
73634 16 5 198211
73636 16 9 198212
73638 16 10 198213
73640 16 14 198214
73642 16 15 198215
73644 16 19 198216
73646 16 21 198217
73648 16 22 198218
73650 16 23 198219
73652 16 1 198220
73654 16 2 198221
73656 16 3 198222
73658 16 5 198223
73682 16 9 198224
73684 16 10 198225
73686 16 14 198226
73688 16 15 198227
73690 16 19 198228
73692 16 21 198229
73694 16 22 198230
73696 16 23 198231
73698 16 1 198232
73700 16 2 198233
73702 16 3 198234
73704 16 5 198235
73706 16 9 198236
73708 16 10 198237
73710 16 14 198238
73712 16 15 198239
73714 16 19 198240
73716 16 21 198241
73718 16 22 198242
73720 16 23 198243
73722 16 1 198244
73724 16 2 198245
73726 16 3 198246
73728 16 5 198247
73730 16 9 198248
73732 16 10 198249
73734 16 14 198250
73736 16 15 198251
73738 16 19 198252
73740 16 21 198253
73742 16 22 198254
73744 16 23 198255
73746 16 1 198256
73748 16 2 198257
73750 16 3 198258
73752 16 5 198259
73754 16 9 198260
73756 16 10 198261
73758 16 14 198262
73760 16 15 198263
73762 16 19 198264
73764 16 21 198265
73766 16 22 198266
73768 16 23 198267
73770 16 1 198268
73772 16 2 198269
73774 16 3 198270
73776 16 5 198271
73778 16 9 198272
73780 16 10 198273
73782 16 14 198274
73784 16 15 198275
73786 16 19 198276
73788 16 21 198277
73790 16 22 198278
73792 16 23 198279
73794 16 1 198280
73796 16 2 198281
73798 16 3 198282
73800 16 5 198283
73802 16 9 198284
73804 16 10 198285
73806 16 14 198286
73808 16 15 198287
73810 16 19 198288
73812 16 21 198289
73814 16 22 198290
73816 16 23 198291
73818 16 1 198292
73820 16 2 198293
73822 16 3 198294
73824 16 5 198295
73826 16 9 198296
73828 16 10 198297
73830 16 14 198298
73832 16 15 198299
73834 16 19 198300
73836 16 21 198301
73838 16 22 198302
73840 16 23 198303
73842 16 1 198304
73844 16 2 198305
73846 16 3 198306
73848 16 5 198307
73850 16 9 198308
73852 16 10 198309
73854 16 14 198310
73856 16 15 198311
73858 16 19 198312
73860 16 21 198313
73862 16 22 198314
73864 16 23 198315
73866 16 1 198316
73868 16 2 198317
73870 16 3 198318
73872 16 5 198319
73874 16 9 198320
73876 16 10 198321
73878 16 14 198322
73880 16 15 198323
73882 16 19 198324
73884 16 21 198325
73886 16 22 198326
73888 16 23 198327
73890 16 1 198328
73892 16 2 198329
73894 16 3 198330
73896 16 5 198331
73898 16 9 198332
73900 16 10 198333
73902 16 14 198334
73904 16 15 198335
73906 16 19 198336
73908 16 21 198337
73910 16 22 198338
73912 16 23 198339
73914 16 1 198340
73916 16 2 198341
73918 16 3 198342
73920 16 5 198343
73922 16 9 198344
73924 16 10 198345
73926 16 14 198346
73928 16 15 198347
73930 16 19 198348
73932 16 21 198349
73934 16 22 198350
73936 16 23 198351
73938 16 1 198352
73940 16 2 198353
73942 16 3 198354
73944 16 5 198355
73946 16 9 198356
73948 16 10 198357
73950 16 14 198358
73952 16 15 198359
73954 16 19 198360
73956 16 21 198361
73958 16 22 198362
73960 16 23 198363
73962 16 1 198364
73964 16 2 198365
73966 16 3 198366
73968 16 5 198367
73970 16 9 198368
73972 16 10 198369
73974 16 14 198370
73976 16 15 198371
73978 16 19 198372
73980 16 21 198373
73982 16 22 198374
73984 16 23 198375
73986 16 1 198376
73988 16 2 198377
73990 16 3 198378
73992 16 5 198379
73994 16 9 198380
73996 16 10 198381
73998 16 14 198382
74000 16 15 198383
74002 16 19 198384
74004 16 21 198385
74006 16 22 198386
74008 16 23 198387
74010 16 1 198388
74012 16 2 198389
74014 16 3 198390
74016 16 5 198391
74018 16 9 198392
74020 16 10 198393
74022 16 14 198394
74026 16 15 198395
74028 16 19 198396
74030 16 21 198397
74032 16 22 198398
74034 16 23 198399
74036 16 1 198400
74038 16 2 198401
74040 16 3 198402
74042 16 5 198403
74044 16 9 198404
74046 16 10 198405
74048 16 14 198406
74050 16 15 198407
74052 16 19 198408
74054 16 21 198409
74056 16 22 198410
74058 16 23 198411
74060 16 1 198412
74062 16 2 198413
74064 16 3 198414
74066 16 5 198415
74068 16 9 198416
74070 16 10 198417
74072 16 14 198418
74074 16 15 198419
74076 16 19 198420
74078 16 21 198421
74080 16 22 198422
74082 16 23 198423
74084 16 1 198424
74086 16 2 198425
74088 16 3 198426
74090 16 5 198427
74092 16 9 198428
74094 16 10 198429
74096 16 14 198430
74098 16 15 198431
74100 16 19 198432
74102 16 21 198433
74104 16 22 198434
74106 16 23 198435
74108 16 1 198436
74110 16 2 198437
74112 16 3 198438
74114 16 5 198439
74116 16 9 198440
74118 16 10 198441
74120 16 14 198442
74122 16 15 198443
74124 16 19 198444
74126 16 21 198445
74128 16 22 198446
74130 16 23 198447
74132 16 1 198448
74134 16 2 198449
74136 16 3 198450
74138 16 5 198451
74140 16 9 198452
74142 16 10 198453
74144 16 14 198454
74146 16 15 198455
74148 16 19 198456
74150 16 21 198457
74152 16 22 198458
74154 16 23 198459
74156 16 1 198460
74160 16 2 198461
74162 16 3 198462
74164 16 5 198463
74166 16 9 198464
74168 16 10 198465
74170 16 14 198466
74172 16 15 198467
74174 16 19 198468
74176 16 21 198469
74178 16 22 198470
74180 16 23 198471
74182 16 1 198472
74184 16 2 198473
74186 16 3 198474
74188 16 5 198475
74190 16 9 198476
74192 16 10 198477
74194 16 14 198478
74196 16 15 198479
74198 16 19 198480
74200 16 21 198481
74202 16 22 198482
74204 16 23 198483
74206 16 1 198484
74208 16 2 198485
74210 16 3 198486
74212 16 5 198487
74214 16 9 198488
74216 16 10 198489
74218 16 14 198490
74220 16 15 198491
74222 16 19 198492
74224 16 21 198493
74226 16 22 198494
74228 16 23 198495
74230 16 1 198496
74232 16 2 198497
74234 16 3 198498
74236 16 5 198499
74238 16 9 198500
74240 16 10 198501
74242 16 14 198502
74244 16 15 198503
74246 16 19 198504
74248 16 21 198505
74250 16 22 198506
74252 16 23 198507
74254 16 1 198508
74256 16 2 198509
74258 16 3 198510
74260 16 5 198511
74262 16 9 198512
74264 16 10 198513
74266 16 14 198514
74268 16 15 198515
74270 16 19 198516
74272 16 21 198517
74274 16 22 198518
74276 16 23 198519
74278 16 1 198520
74280 16 2 198521
74282 16 3 198522
74284 16 5 198523
74286 16 9 198524
74288 16 10 198525
74290 16 14 198526
74294 16 15 198527
74296 16 19 198528
74298 16 21 198529
74300 16 22 198530
74302 16 23 198531
74304 16 1 198532
74306 16 2 198533
74308 16 3 198534
74310 16 5 198535
74312 16 9 198536
74314 16 10 198537
74316 16 14 198538
74318 16 15 198539
74320 16 19 198540
74322 16 21 198541
74324 16 22 198542
74326 16 23 198543
74328 16 1 198544
74330 16 2 198545
74332 16 3 198546
74334 16 5 198547
74336 16 9 198548
74338 16 10 198549
74340 16 14 198550
74342 16 15 198551
74344 16 19 198552
74346 16 21 198553
74348 16 22 198554
74350 16 23 198555
74352 16 1 198556
74354 16 2 198557
74356 16 3 198558
74358 16 5 198559
74360 16 9 198560
74362 16 10 198561
74364 16 14 198562
74366 16 15 198563
74368 16 19 198564
74370 16 21 198565
74372 16 19 12692
74376 16 1 3636
74378 16 2 3409
74380 16 9 193816
74382 16 10 193817
74384 16 14 193818
74386 16 15 193819
74388 16 21 193821
74390 16 22 193822
74392 16 23 193823
74394 16 1 193824
74396 16 2 193825
74398 16 3 193826
74400 16 5 193827
74402 16 9 193828
74404 16 10 193829
74406 16 14 193830
74408 16 15 193831
74410 16 14 9942
74414 16 1 139816
74416 16 1 96256
74418 16 2 96257
74420 16 3 96258
74422 16 5 96259
74424 16 9 96260
74426 16 10 96261
74428 16 14 96262
74430 16 15 96263
74432 16 19 96264
74434 16 21 96265
74436 16 22 96266
74438 16 23 96267
74440 16 1 96268
74442 16 2 96269
74444 16 3 96270
74446 16 5 96271
74448 16 9 96272
74450 16 10 96273
74452 16 14 96274
74454 16 15 96275
74456 16 19 96276
74458 16 21 96277
74460 16 22 96278
74462 16 23 96279
74464 16 1 96280
74466 16 2 96281
74468 16 3 96282
74470 16 5 96283
74472 16 9 96284
74474 16 10 96285
74476 16 14 96286
74478 16 15 96287
74480 16 19 96288
74482 16 21 96289
74484 16 22 96290
74486 16 23 96291
74488 16 1 96292
74490 16 2 96293
74492 16 3 96294
74494 16 5 96295
74496 16 9 96296
74498 16 10 96297
74500 16 23 96303
74524 16 19 96300
74528 16 19 96348
74536 16 1 96376
74548 16 2 96377
74556 16 5 96379
74572 16 14 96406
74574 16 15 96407
74576 16 19 96408
74578 16 21 96409
74580 16 22 96410
74582 16 23 96411
74584 16 1 96412
74586 16 2 96413
74588 16 3 96414
76138 16 5 96415
76140 16 9 96416
76142 16 10 96417
76144 16 14 96418
76146 16 15 96419
76148 16 19 96420
76150 16 21 96421
76152 16 23 96423
76154 16 1 96424
76156 16 2 96425
76158 16 3 96426
77766 16 21 96457
77776 16 21 96469
77778 16 22 96470
77780 16 23 96471
77782 16 1 96472
77784 16 2 96473
77786 16 3 96474
77788 16 5 96475
77790 16 9 96476
77792 16 10 96477
79342 16 14 96478
79344 16 15 96479
79346 16 19 96480
79348 16 21 96481
79350 16 22 96482
79352 16 23 96483
79354 16 1 96484
79356 16 3 96486
79358 16 5 96487
79360 16 9 96488
79362 16 10 96489
80970 16 9 96500
80978 16 10 96501
80988 16 14 96502
80998 16 21 96505
81010 16 22 96506
81014 16 5 96511
81026 16 14 96514
81038 16 21 96589
81040 16 10 96597
81042 16 14 96598
81046 16 15 96599
81048 16 22 96602
81050 16 1 96604
81052 16 2 96605
81054 16 9 96608
81060 16 19 96612
81068 16 10 5389
81070 16 22 5490
81072 16 15 5607
81074 16 9 5736
81076 16 21 6089
81078 16 10 174637
81080 16 15 6667
81082 16 10 16713
81084 16 5 17119
81086 16 22 16622
81088 16 22 16646
81092 16 19 16848
81096 16 21 14209
81098 16 19 14136
81100 16 19 14316
81126 16 5 4399
81152 16 10 4401
82070 16 21 4261
82072 16 14 4402
82074 16 19 4416
82076 16 10 121017
82078 16 14 121018
82080 16 15 121019
82082 16 19 121020
82084 16 21 121021
82086 16 22 121022
82088 16 23 121023
82090 16 1 121024
82092 16 2 121025
82094 16 3 121026
82096 16 5 121027
82098 16 9 121028
82100 16 10 121029
82102 16 14 121030
82104 16 22 39510
82106 16 23 39631
82108 16 14 39710
82110 16 10 39853
82112 16 2 39885
82286 16 3 39886
82434 16 10 39901
82608 16 14 39902
82756 16 2 2877
82758 16 15 38687
82760 16 23 8371
82762 16 2 142273
82764 16 15 95971
82766 16 22 95974
82768 16 19 96056
82770 16 21 96057
82772 16 22 96058
82774 16 23 96059
82776 16 23 96131
82778 16 1 96132
82780 16 2 96133
82782 16 3 96134
82784 16 5 96135
82786 16 9 96136
82788 16 10 96137
82790 16 14 96138
82792 16 15 96139
82794 16 19 96140
82796 16 21 96141
82798 16 22 96142
82800 16 23 96143
82802 16 1 96144
82804 16 2 96145
82806 16 3 96146
82808 16 5 96147
82810 16 9 96148
82812 16 10 96149
82814 16 14 96150
82816 16 15 96151
82818 16 19 96152
82820 16 21 96153
82822 16 22 96154
82824 16 23 96155
82826 16 1 96156
82828 16 2 96157
82830 16 3 96158
82832 16 5 96159
82834 16 9 96160
82836 16 10 96161
82838 16 14 96162
82840 16 15 96163
82842 16 19 96164
82844 16 21 96165
82846 16 22 96166
82848 16 23 96167
82850 16 1 96168
82852 16 2 96169
82854 16 3 96170
82856 16 5 96171
82858 16 9 96172
82860 16 10 96173
82862 16 14 96174
82864 16 15 96175
82866 16 19 96176
82868 16 21 96177
82870 16 22 96178
82872 16 23 96179
82874 16 1 96180
82876 16 2 96181
82878 16 3 96182
82880 16 5 96183
82882 16 9 96184
82884 16 10 96185
82886 16 14 96186
82888 16 15 96187
82890 16 19 96188
82892 16 21 96189
82894 16 22 96190
82896 16 23 96191
82898 16 1 96192
82900 16 2 96193
82902 16 3 96194
82904 16 5 96195
82906 16 9 96196
82908 16 10 96197
82910 16 14 96198
82912 16 15 96199
82914 16 19 96200
82916 16 21 96201
82918 16 22 96202
82920 16 23 96203
82922 16 1 96204
82924 16 2 96205
82926 16 3 96206
82928 16 5 96207
82930 16 9 96208
82932 16 10 96209
82934 16 14 96210
82936 16 15 96211
82938 16 19 96212
82940 16 21 96213
82942 16 22 96214
82944 16 23 96215
82946 16 1 96216
82948 16 2 96217
82950 16 3 96218
82952 16 5 96219
82954 16 9 96220
82956 16 10 96221
82958 16 14 96222
82960 16 15 96223
82962 16 19 96224
82964 16 21 96225
82966 16 22 96226
82968 16 23 96227
82970 16 1 96228
82972 16 2 96229
82974 16 3 96230
82976 16 5 96231
82978 16 9 96232
82980 16 10 96233
82982 16 14 96234
82984 16 15 96235
82986 16 19 96236
82988 16 21 96237
82990 16 22 96238
82992 16 23 96239
82994 16 1 96240
82996 16 2 96241
82998 16 3 96242
83000 16 5 96243
83002 16 9 96244
83004 16 10 96245
83006 16 14 96246
83008 16 15 96247
83010 16 19 96248
83012 16 21 96249
83014 16 22 96250
83016 16 23 96251
83018 16 1 96252
83020 16 2 96253
83022 16 3 96254
83024 16 5 96255
83026 16 23 17923
83028 16 23 18803
83030 16 3 20298
83032 16 2 19877
83034 16 15 24291
83036 16 22 23586
83038 16 5 23771
83042 16 19 20968
83044 16 3 183658
83046 16 5 183659
83048 16 9 183660
83050 16 10 183661
83052 16 14 183662
83054 16 15 183663
83056 16 19 183664
83058 16 21 183665
83060 16 22 183666
83062 16 23 183667
83064 16 10 183673
83066 16 19 183676
83068 16 5 131183
83070 16 21 50245
83072 16 5 50695
83074 16 2 51101
83076 16 10 22085
83078 16 19 22436
83080 16 22 21574
83082 16 21 14489
83094 16 1 14504
83098 16 1 14492
83104 16 21 14537
83254 16 21 14957
83260 16 23 14971
83262 16 10 44973
83264 16 21 44425
83266 16 23 44739
83268 16 15 33147
83270 16 23 33127
83272 16 14 45818
83274 16 5 101391
83276 16 10 102029
83278 16 9 47468
83280 16 19 47364
83282 16 14 47386
83284 16 14 163566
83286 16 9 72356
83288 16 10 72009
83290 16 9 72020
83292 16 2 91245
83294 16 14 114630
83296 16 2 48981
83298 16 3 49054
83300 16 14 54214
83302 16 5 56127
83304 16 10 39941
83306 16 15 39943
83308 16 3 39950
83314 16 21 56833
83316 16 19 161568
83318 16 1 112988
83320 16 3 50
83322 16 5 51
83324 16 9 52
83326 16 2 181
83328 16 5 267
83330 16 3 878
83332 16 5 1579
83334 16 3 112254
83336 16 5 112255
83338 16 9 112256
83538 16 10 112257
83544 16 15 112259
83564 16 1 112264
83566 16 2 112265
83568 16 3 112266
83570 16 5 112267
83572 16 9 112268
83574 16 10 112269
83576 16 14 112270
83578 16 15 112271
83580 16 19 112272
83582 16 21 112273
83584 16 22 112274
83586 16 23 112275
83588 16 1 112276
83590 16 2 112277
83592 16 3 112278
83594 16 5 112279
83596 16 9 112280
83598 16 10 112281
83600 16 14 112282
83602 16 15 112283
83604 16 19 112284
83606 16 21 112285
83608 16 22 112286
83610 16 23 112287
83612 16 15 112307
83614 16 19 112308
83616 16 21 112309
83618 16 22 112310
83620 16 23 112311
83622 16 19 112404
83624 16 1 112312
83628 16 2 112313
83630 16 3 112314
83632 16 5 112315
83634 16 9 112316
83636 16 10 112317
83638 16 14 112318
83640 16 15 112319
83642 16 19 112320
83644 16 21 112321
83646 16 22 112322
83648 16 23 112323
83650 16 1 112324
83652 16 2 112325
83654 16 3 112326
83656 16 5 112327
83658 16 9 112328
83660 16 10 112329
83662 16 14 112330
83664 16 15 112331
83666 16 19 112332
83668 16 21 112333
83670 16 22 112334
83672 16 23 112335
83674 16 1 112336
83676 16 2 112337
83678 16 3 112338
83680 16 5 112339
83682 16 9 112340
83684 16 10 112341
83686 16 14 112342
83688 16 15 112343
83690 16 19 112344
83692 16 21 112345
83694 16 22 112346
83696 16 23 112347
83698 16 1 112348
83700 16 2 112349
83702 16 3 112350
83704 16 5 112351
83706 16 9 112352
83708 16 10 112353
83710 16 14 112354
83712 16 15 112355
83714 16 19 112356
83716 16 21 112357
83718 16 22 112358
83720 16 23 112359
83722 16 1 112360
83724 16 2 112361
83726 16 3 112362
83728 16 5 112363
83730 16 9 112364
83732 16 10 112365
83734 16 14 112366
83736 16 15 112367
83738 16 19 112368
83740 16 21 112369
83742 16 22 112370
83744 16 23 112371
83746 16 1 112372
83748 16 2 112373
83750 16 3 112374
83752 16 5 112375
83754 16 9 112376
83756 16 10 112377
83758 16 14 112378
83760 16 15 112379
83762 16 19 112380
83764 16 21 112381
83766 16 22 112382
83768 16 23 112383
83770 16 1 112384
83772 16 2 112385
83774 16 3 112386
83776 16 5 112387
83778 16 9 112388
83780 16 10 112389
83782 16 14 112390
83784 16 15 112391
83786 16 19 112392
83788 16 21 112393
83790 16 22 112394
83792 16 23 112395
83794 16 1 112396
83796 16 2 112397
83798 16 3 112398
83800 16 5 112399
83802 16 9 112400
83804 16 10 112401
83806 16 14 112402
83808 16 15 112403
83810 16 10 112437
83812 16 14 112438
83814 16 15 112439
83816 16 19 112440
83818 16 21 112441
83820 16 22 112442
83822 16 23 112443
83824 16 1 112444
83826 16 2 112445
83828 16 3 112446
83830 16 5 112447
83832 16 9 112448
83834 16 2 21829
83934 16 19 208952
83936 16 21 208953
83938 16 22 208954
83940 16 23 208955
83942 16 1 208956
83944 16 2 208957
83946 16 3 208958
83948 16 5 208959
83950 16 9 208960
83952 16 10 208961
83954 16 14 208962
83956 16 15 208963
83958 16 19 208964
83960 16 21 208965
83962 16 22 208966
83964 16 23 208967
83966 16 1 208968
83968 16 2 208969
83970 16 3 208970
83972 16 5 208971
83974 16 9 208972
83976 16 10 208973
83978 16 14 208974
83980 16 15 208975
83982 16 19 208976
83984 16 21 208977
83986 16 22 208978
83988 16 23 208979
83990 16 1 208980
83992 16 2 208981
83994 16 3 208982
83996 16 5 208983
83998 16 9 208984
84000 16 10 208985
84002 16 14 208986
84004 16 15 208987
84006 16 19 208988
84008 16 21 208989
84010 16 22 208990
84012 16 23 208991
84014 16 1 208992
84016 16 2 208993
84018 16 3 208994
84020 16 5 208995
84022 16 9 208996
84024 16 10 208997
84026 16 14 208998
84028 16 15 208999
84030 16 19 209000
84032 16 21 209001
84034 16 22 209002
84036 16 23 209003
84038 16 1 209004
84040 16 2 209005
84042 16 3 209006
84044 16 5 209007
84046 16 9 209008
84048 16 10 209009
84050 16 14 209010
84052 16 15 209011
84054 16 19 209012
84056 16 21 209013
84058 16 22 209014
84060 16 23 209015
84062 16 1 209016
84064 16 2 209017
84066 16 3 209018
84068 16 5 209019
84070 16 9 209020
84072 16 10 209021
84074 16 14 209022
84076 16 15 209023
84078 16 19 209024
84080 16 21 209025
84082 16 22 209026
84084 16 23 209027
84086 16 1 209028
84088 16 2 209029
84094 16 3 209030
84096 16 23 168487
84098 16 9 168492
84100 16 10 168529
84102 16 9 168528
84104 16 14 168530
84108 16 15 168531
84112 16 19 168532
84116 16 21 168533
84120 16 22 168534
84124 16 23 168535
84128 16 1 168536
84132 16 2 168537
84136 16 3 168538
84140 16 5 168539
84144 16 9 168540
84148 16 10 168541
84152 16 14 168542
84156 16 15 168543
84160 16 19 168544
84164 16 21 168545
84168 16 22 168546
84172 16 23 168547
84176 16 1 168548
84180 16 2 168549
84184 16 3 168550
84188 16 5 168551
84192 16 9 168552
84196 16 10 168553
84200 16 14 168554
84204 16 15 168555
84208 16 19 168556
84212 16 21 168557
84216 16 22 168558
84220 16 23 168559
84224 16 1 168560
84228 16 2 168561
84232 16 3 168562
84236 16 5 168563
84240 16 9 168564
84244 16 10 168565
84248 16 14 168566
84252 16 15 168567
84256 16 19 168568
84260 16 21 168569
84264 16 22 168570
84268 16 23 168571
84272 16 1 168572
84276 16 2 168573
84280 16 3 168574
84284 16 5 168575
84288 16 9 168576
84292 16 10 168577
84296 16 21 168593
84298 16 22 168594
84300 16 23 168595
84302 16 1 168596
84304 16 2 168597
84306 16 3 168598
84308 16 5 168599
84310 16 9 168600
84312 16 10 168601
84314 16 14 168602
84316 16 15 168603
84318 16 19 168604
84320 16 22 168606
84322 16 14 168614
84324 16 15 168615
84326 16 19 168616
84330 16 21 168617
84336 16 22 168618
84342 16 23 168619
84348 16 1 168620
84354 16 2 168621
84360 16 3 168622
84366 16 5 168623
84372 16 9 168624
84378 16 10 168625
84384 16 14 168626
84390 16 15 168627
84396 16 19 168628
84402 16 21 168629
84408 16 22 168630
84414 16 23 168631
84420 16 1 168632
84426 16 2 168633
84432 16 3 168634
84438 16 5 168635
84444 16 9 168636
84450 16 10 168637
84456 16 14 168638
84462 16 15 168639
84464 16 19 168640
84468 16 21 168641
84474 16 22 168642
84480 16 23 168643
84488 16 2 168645
84492 16 1 168644
84494 16 3 168646
84500 16 5 168647
84506 16 9 168648
84512 16 10 168649
84518 16 14 168650
84524 16 15 168651
84530 16 19 168652
84536 16 21 168653
84542 16 22 168654
84548 16 23 168655
84554 16 1 168656
84560 16 2 168657
84566 16 3 168658
84572 16 5 168659
84578 16 9 168660
84584 16 10 168661
84590 16 14 168662
84596 16 15 168663
84602 16 19 168664
84608 16 21 168665
84614 16 22 168666
84620 16 23 168667
84626 16 1 168668
84632 16 2 168669
84638 16 3 168670
84644 16 5 168671
84650 16 9 168672
84656 16 10 168673
84662 16 14 168674
84668 16 15 168675
84674 16 19 168676
84680 16 21 168677
84686 16 22 168678
84692 16 23 168679
84698 16 1 168680
84704 16 2 168681
84710 16 3 168682
84716 16 5 168683
84722 16 9 168684
84728 16 10 168685
84734 16 14 168686
84740 16 15 168687
84746 16 19 168688
84752 16 21 168689
84758 16 22 168690
84764 16 23 168691
84770 16 1 168692
84776 16 2 168693
84782 16 3 168694
84788 16 5 168695
84794 16 9 168696
84800 16 10 168697
84806 16 14 168698
84812 16 15 168699
84818 16 19 168700
84824 16 21 168701
84830 16 22 168702
84836 16 23 168703
84842 16 1 168704
84848 16 2 168705
84854 16 3 168706
84860 16 5 168707
84866 16 9 168708
84872 16 10 168709
84878 16 14 168710
84884 16 15 168711
84890 16 19 168712
84896 16 21 168713
84902 16 22 168714
84908 16 23 168715
84914 16 1 168716
84920 16 2 168717
84926 16 3 168718
84932 16 5 168719
84938 16 9 168720
84944 16 10 168721
84950 16 14 168722
84956 16 15 168723
84962 16 19 168724
84968 16 21 168725
84974 16 22 168726
84980 16 23 168727
84986 16 1 168728
84992 16 2 168729
84998 16 3 168730
85004 16 5 168731
85010 16 9 168732
85016 16 10 168733
85022 16 14 168734
85028 16 15 168735
85034 16 19 168736
85036 16 21 168737
85040 16 22 168738
85046 16 23 168739
85052 16 1 168740
85058 16 2 168741
85064 16 3 168742
85070 16 5 168743
85076 16 9 168744
85082 16 10 168745
85088 16 14 168746
85094 16 15 168747
85100 16 10 55033
85200 16 9 55044
85202 16 10 55045
85204 16 1 0
85206 16 14 678
85208 16 19 716
85214 16 19 836
85220 16 3 11734
85222 16 9 1160
85224 16 21 1789
85226 16 19 26028
85228 16 14 26050
85230 16 10 26061
85234 16 21 26101
85236 16 9 7880
85238 16 10 29037
85240 16 2 15577
85242 16 5 181247
85262 16 3 17214
85264 16 10 16713
85266 16 1 175236
85268 16 5 42347
85270 16 19 129812
85272 16 21 129813
85274 16 22 129814
85276 16 23 129815
85278 16 1 129816
85280 16 2 129817
85282 16 3 129818
85284 16 5 129819
85286 16 9 129820
85288 16 10 129821
85290 16 19 129824
85292 16 21 129825
85294 16 22 129826
85296 16 23 129827
85298 16 1 129828
85300 16 2 129829
85302 16 3 129830
85304 16 5 129831
85306 16 9 129832
85308 16 10 129833
85310 16 14 129834
85312 16 15 129835
85314 16 19 129836
85316 16 21 129837
85318 16 22 129838
85320 16 23 129839
85322 16 1 129840
85324 16 2 129841
85326 16 3 129842
85328 16 14 129846
85330 16 21 129849
85332 16 23 129851
85334 16 1 129852
85336 16 2 129853
85338 16 3 129854
85340 16 5 129855
85342 16 9 129856
85344 16 10 129857
85346 16 14 129858
85348 16 15 129859
85350 16 19 129860
85352 16 21 129861
85354 16 22 129862
85356 16 23 129863
85358 16 1 129864
85360 16 9 129868
85362 16 14 129870
85364 16 15 129871
85366 16 19 129872
85368 16 21 129873
85370 16 22 129874
85372 16 23 129875
85374 16 1 129876
85376 16 2 129877
85378 16 3 129878
85380 16 5 129879
85382 16 9 129880
85384 16 10 129881
85386 16 14 129882
85388 16 15 129883
85390 16 22 129886
85392 16 23 129887
85394 16 1 129888
85396 16 2 129889
85398 16 3 129890
85400 16 5 129891
85402 16 9 129892
85404 16 10 129893
85406 16 14 129894
85408 16 15 129895
85410 16 19 129896
85412 16 23 129899
85414 16 1 129900
85416 16 2 129901
85418 16 3 129902
85420 16 5 129903
85422 16 9 129904
85424 16 10 129905
85426 16 14 129906
85428 16 15 129907
85430 16 19 129908
85432 16 21 129909
85434 16 22 129910
85436 16 2 129913
85438 16 3 129914
85440 16 5 129915
85442 16 9 129916
85444 16 10 129917
85446 16 14 129918
85448 16 15 129919
85450 16 19 129920
85452 16 21 129921
85454 16 22 129922
85456 16 23 129923
85458 16 1 129924
85460 16 2 129925
85462 16 9 129928
85464 16 10 129929
85466 16 14 129930
85468 16 15 129931
85470 16 19 129932
85472 16 21 129933
85474 16 22 129934
85476 16 23 129935
85478 16 1 129936
85480 16 2 129937
85482 16 3 129938
85484 16 5 129939
85486 16 9 129940
85488 16 10 129941
85490 16 14 129942
85492 16 15 129943
85494 16 19 129944
85496 16 21 129945
85498 16 22 129946
85500 16 3 129950
85502 16 9 129952
85504 16 10 129953
85506 16 14 129954
85508 16 15 129955
85510 16 19 129956
85512 16 21 129957
85514 16 22 129958
85516 16 23 129959
85518 16 1 129960
85520 16 2 129961
85522 16 3 129962
85524 16 5 129963
85526 16 9 129964
85528 16 10 129965
85530 16 14 129966
85532 16 15 129967
85534 16 19 129968
85536 16 23 129971
85538 16 1 129972
85540 16 2 129973
85542 16 3 129974
85544 16 5 129975
85546 16 9 129976
85548 16 10 129977
85550 16 14 129978
85552 16 15 129979
85554 16 19 129980
85556 16 21 129981
85558 16 22 129982
85560 16 23 129983
85562 16 1 129984
85564 16 2 129985
85566 16 3 129986
85568 16 10 129989
85570 16 14 129990
85572 16 15 129991
85574 16 19 129992
85576 16 21 129993
85578 16 22 129994
85580 16 23 129995
85582 16 1 129996
85584 16 2 129997
85586 16 3 129998
85588 16 5 129999
85590 16 9 130000
85592 16 15 130003
85594 16 19 130004
85596 16 21 130005
85598 16 22 130006
85600 16 23 130007
85602 16 1 130008
85604 16 2 130009
85606 16 3 130010
85608 16 5 130011
85610 16 9 130012
85612 16 10 130013
85614 16 14 130014
85616 16 15 130015
85618 16 19 130016
85620 16 21 130017
85622 16 22 130018
85624 16 23 130019
85626 16 1 130020
85628 16 5 130023
85630 16 9 130024
85632 16 10 130025
85634 16 14 130026
85636 16 15 130027
85638 16 19 130028
85640 16 21 130029
85642 16 22 130030
85644 16 23 130031
85646 16 1 130032
85648 16 2 130033
85650 16 3 130034
85652 16 5 130035
85654 16 10 130037
85656 16 14 130038
85658 16 15 130039
85660 16 19 130040
85662 16 21 130041
85664 16 22 130042
85666 16 23 130043
85668 16 1 130044
85670 16 2 130045
85672 16 3 130046
85674 16 5 130047
85676 16 23 71231
85678 16 1 71232
85680 16 3 71234
85682 16 19 71240
85684 16 21 71253
85686 16 22 71326
85688 16 9 71332
85690 16 21 71385
85692 16 1 71472
85696 16 1 71616
86166 16 15 46711
86168 16 3 4422
86170 16 14 3026
86172 16 10 112485
86176 16 21 28257
86178 16 1 130048
86180 16 2 130049
86182 16 3 130050
86184 16 5 130051
86186 16 9 130052
86188 16 10 130053
86190 16 14 130054
86192 16 15 130055
86194 16 19 130056
86196 16 21 130057
86198 16 1 130060
86200 16 2 130061
86202 16 3 130062
86204 16 5 130063
86206 16 9 130064
86208 16 10 130065
86210 16 14 130066
86212 16 15 130067
86214 16 19 130068
86216 16 21 130069
86218 16 22 130070
86220 16 23 130071
86222 16 1 130072
86224 16 2 130073
86226 16 3 130074
86228 16 5 130075
86230 16 9 130076
86232 16 15 130079
86234 16 19 130080
86236 16 21 130081
86238 16 22 130082
86240 16 23 130083
86242 16 1 130084
86244 16 2 130085
86246 16 3 130086
86248 16 5 130087
86250 16 9 130088
86252 16 10 130089
86254 16 14 130090
86256 16 21 130093
86258 16 22 130094
86260 16 23 130095
86262 16 1 130096
86264 16 2 130097
86266 16 3 130098
86268 16 5 130099
86270 16 9 130100
86272 16 10 130101
86274 16 14 130102
86276 16 15 130103
86278 16 19 130104
86280 16 21 130105
86282 16 22 130106
86284 16 23 130107
86286 16 1 130108
86288 16 2 130109
86290 16 3 130110
86292 16 5 130111
86294 16 9 130112
86296 16 10 130113
86298 16 14 130114
86300 16 15 130115
86302 16 19 130116
86304 16 21 130117
86306 16 1 130120
86308 16 2 130121
86310 16 3 130122
86312 16 5 130123
86314 16 9 130124
86316 16 10 130125
86318 16 14 130126
86320 16 15 130127
86322 16 19 130128
86324 16 21 130129
86326 16 22 130130
86328 16 23 130131
86330 16 1 130132
86332 16 2 130133
86334 16 3 130134
86336 16 5 130135
86338 16 9 130136
86340 16 10 130137
86342 16 19 130140
86344 16 22 130142
86346 16 23 130143
86348 16 1 130144
86350 16 2 130145
86352 16 3 130146
86354 16 5 130147
86356 16 9 130148
86358 16 10 130149
86360 16 14 130150
86362 16 14 130186
86370 16 19 130308
86372 16 21 130309
86374 16 22 130310
86376 16 23 130311
86378 16 1 130312
86380 16 2 130325
86382 16 5 130375
86384 16 9 130376
86386 16 15 130379
86396 16 19 130380
86400 16 1 130588
86402 16 3 130590
86408 16 9 130616
86410 16 10 130677
86420 16 3 130698
86422 16 5 130699
86424 16 10 130701
86426 16 14 130702
86428 16 15 130703
86430 16 19 130704
86432 16 21 130705
86530 16 9 130712
86538 16 2 130721
87008 16 10 220897
87010 16 14 220898
87012 16 15 220899
87014 16 19 220900
87016 16 21 220901
87018 16 22 220902
87020 16 23 220903
87022 16 1 220904
87024 16 2 220905
87026 16 3 220906
87028 16 5 220907
87030 16 9 220908
87032 16 10 220909
87034 16 14 220910
87036 16 15 220911
87038 16 19 220912
87040 16 21 220913
87042 16 22 220914
87044 16 23 220915
87046 16 1 220916
87048 16 2 220917
87050 16 3 220918
87062 16 5 220919
87064 16 9 220920
87066 16 10 220921
87068 16 14 220922
87070 16 15 220923
87072 16 19 220924
87078 16 21 220925
87080 16 22 220926
87082 16 23 220927
87084 16 1 220928
87086 16 2 220929
87088 16 3 220930
87090 16 5 220931
87092 16 9 220932
87094 16 10 220933
87096 16 14 220934
87098 16 15 220935
87100 16 19 220936
87102 16 21 220937
87104 16 22 220938
87106 16 23 220939
87108 16 1 220940
87110 16 2 220941
87112 16 3 220942
87114 16 5 220943
87116 16 9 220944
87118 16 10 220945
87120 16 14 220946
87122 16 15 220947
87124 16 19 220948
87126 16 21 220949
87128 16 22 220950
87130 16 23 220951
87132 16 1 220952
87134 16 2 220953
87136 16 3 220954
87138 16 5 220955
87140 16 9 220956
87142 16 10 220957
87144 16 14 220958
87146 16 15 220959
87148 16 19 220960
87150 16 21 220961
87152 16 22 220962
87154 16 23 220963
87156 16 1 220964
87158 16 2 220965
87160 16 3 220966
87162 16 5 220967
87164 16 9 220968
87166 16 10 220969
87168 16 14 220970
87170 16 15 220971
87172 16 19 220972
87174 16 21 220973
87176 16 22 220974
87178 16 23 220975
87180 16 1 220976
87182 16 2 220977
87184 16 3 220978
87186 16 5 220979
87188 16 9 220980
87190 16 10 220981
87192 16 14 220982
87194 16 15 220983
87196 16 19 220984
87198 16 21 220985
87200 16 22 220986
87202 16 23 220987
87204 16 1 220988
87206 16 2 220989
87208 16 3 220990
87210 16 5 220991
87212 16 9 220992
87214 16 10 220993
87216 16 14 220994
87218 16 15 220995
87220 16 19 220996
87222 16 21 220997
87224 16 22 220998
87226 16 23 220999
87228 16 1 221000
87230 16 2 221001
87232 16 3 221002
87234 16 5 221003
87236 16 9 221004
87238 16 10 221005
87240 16 14 221006
87242 16 15 221007
87244 16 19 221008
87246 16 21 221009
87248 16 22 221010
87250 16 23 221011
87252 16 1 221012
87254 16 2 221013
87256 16 3 221014
87258 16 5 221015
87260 16 9 221016
87262 16 10 221017
87264 16 14 221018
87266 16 15 221019
87268 16 19 221020
87270 16 21 221021
87272 16 22 221022
87274 16 23 221023
87276 16 1 221024
87278 16 2 221025
87280 16 3 221026
87282 16 5 221027
87284 16 9 221028
87286 16 10 221029
87288 16 14 221030
87290 16 15 221031
87292 16 19 221032
87294 16 21 221033
87296 16 22 221034
87298 16 23 221035
87300 16 1 221036
87302 16 2 221037
87304 16 3 221038
87306 16 5 221039
87308 16 9 221040
87310 16 10 221041
87312 16 14 221042
87314 16 15 221043
87316 16 19 221044
87318 16 21 221045
87320 16 22 221046
87322 16 23 221047
87324 16 1 221048
87326 16 2 221049
87328 16 3 221050
87330 16 5 221051
87332 16 9 221052
87334 16 10 221053
87336 16 14 221054
87338 16 15 221055
87340 16 19 221056
87342 16 21 221057
87344 16 22 221058
87346 16 23 221059
87348 16 1 221060
87350 16 2 221061
87352 16 3 221062
87354 16 5 221063
87356 16 9 221064
87358 16 10 221065
87360 16 14 221066
87362 16 15 221067
87364 16 19 221068
87366 16 21 221069
87368 16 22 221070
87370 16 23 221071
87372 16 1 221072
87374 16 2 221073
87376 16 3 221074
87378 16 5 221075
87380 16 9 221076
87382 16 10 221077
87384 16 14 221078
87386 16 15 221079
87388 16 19 221080
87390 16 21 221081
87392 16 22 221082
87394 16 23 221083
87396 16 1 221084
87398 16 2 221085
87400 16 3 221086
87402 16 5 221087
87404 16 9 221088
87406 16 10 221089
87408 16 14 221090
87410 16 15 221091
87412 16 19 221092
87414 16 21 221093
87416 16 22 221094
87418 16 23 221095
87420 16 1 221096
87422 16 2 221097
87424 16 3 221098
87426 16 5 221099
87428 16 9 221100
87430 16 10 221101
87432 16 14 221102
87434 16 15 221103
87436 16 19 221104
87438 16 21 221105
87440 16 22 221106
87442 16 23 221107
87444 16 1 221108
87446 16 2 221109
87448 16 3 221110
87450 16 5 221111
87452 16 9 221112
87454 16 10 221113
87456 16 14 221114
87458 16 15 221115
87460 16 19 221116
87462 16 21 221117
87464 16 22 221118
87466 16 23 221119
87468 16 1 221120
87470 16 2 221121
87472 16 3 221122
87474 16 5 221123
87476 16 9 221124
87478 16 10 221125
87480 16 14 221126
87482 16 15 221127
87484 16 19 221128
87486 16 21 221129
87488 16 22 221130
87490 16 23 221131
87492 16 1 221132
87494 16 2 221133
87496 16 3 221134
87498 16 5 221135
87500 16 9 221136
87502 16 10 221137
87504 16 14 221138
87506 16 15 221139
87508 16 19 221140
87510 16 21 221141
87512 16 22 221142
87514 16 23 221143
87516 16 1 221144
87518 16 2 221145
87520 16 3 221146
87522 16 5 221147
87524 16 9 221148
87526 16 10 221149
87528 16 14 221150
87530 16 15 221151
87532 16 19 221152
87534 16 21 221153
87536 16 22 221154
87538 16 23 221155
87540 16 1 221156
87542 16 2 221157
87544 16 3 221158
87546 16 5 221159
87548 16 9 221160
87550 16 10 221161
87552 16 14 221162
87554 16 15 221163
87556 16 19 221164
87558 16 21 221165
87560 16 22 221166
87562 16 23 221167
87564 16 1 221168
87566 16 2 221169
87568 16 3 221170
87570 16 5 221171
87572 16 9 221172
87574 16 10 221173
87576 16 14 221174
87578 16 15 221175
87580 16 19 221176
87582 16 21 221177
87584 16 22 221178
87586 16 23 221179
87588 16 1 221180
87592 16 2 221181
87594 16 3 221182
87600 16 5 221183
87818 16 22 10658
87820 16 22 10862
87822 16 9 10688
87824 16 2 66377
87826 16 10 127089
87830 16 21 183061
87832 16 14 183010
87834 16 10 183009
87838 16 9 183056
87840 16 3 182538
87842 16 22 183038
87846 16 19 182952
87850 16 3 183018
87852 16 22 182426
87856 16 23 183039
87858 16 9 182996
87860 16 5 182659
87862 16 19 182280
87864 16 22 182714
87866 16 2 182537
87870 16 1 182272
87874 16 3 182274
87876 16 5 182275
87880 16 2 183017
87882 16 19 182556
87884 16 21 182293
87886 16 22 182282
87888 16 19 182292
87890 16 19 182304
87892 16 3 182310
87894 16 10 182385
87896 16 14 182386
87898 16 15 182387
87900 16 14 182290
87902 16 2 182297
87904 16 14 182302
87906 16 22 182342
87908 16 1 182356
87910 16 15 182555
87912 16 21 182713
87914 16 10 182277
87916 16 5 182335
87920 16 14 182278
87922 16 15 182279
87930 16 15 23519
87932 16 9 17568
87934 16 23 17923
87948 16 5 19179
87950 16 22 18682
87952 16 3 20298
87954 16 1 59932
87956 16 1 221184
87958 16 2 221185
87960 16 3 221186
87962 16 5 221187
87964 16 9 221188
87966 16 10 221189
87968 16 14 221190
87970 16 15 221191
87972 16 19 221192
87974 16 21 221193
87976 16 22 221194
87978 16 23 221195
87980 16 1 221196
87982 16 2 221197
87984 16 3 221198
87986 16 5 221199
87988 16 9 221200
87990 16 10 221201
87992 16 14 221202
87994 16 15 221203
87996 16 19 221204
87998 16 21 221205
88000 16 22 221206
88002 16 23 221207
88004 16 1 221208
88006 16 2 221209
88008 16 3 221210
88010 16 5 221211
88012 16 9 221212
88014 16 10 221213
88016 16 14 221214
88018 16 15 221215
88020 16 19 221216
88022 16 21 221217
88024 16 22 221218
88026 16 23 221219
88028 16 1 221220
88030 16 2 221221
88032 16 3 221222
88034 16 5 221223
88036 16 9 221224
88038 16 10 221225
88040 16 14 221226
88042 16 15 221227
88044 16 19 221228
88046 16 21 221229
88048 16 22 221230
88050 16 23 221231
88052 16 1 221232
88054 16 2 221233
88056 16 3 221234
88058 16 5 221235
88060 16 9 221236
88062 16 10 221237
88064 16 14 221238
88066 16 15 221239
88068 16 19 221240
88070 16 21 221241
88072 16 22 221242
88074 16 23 221243
88076 16 1 221244
88078 16 2 221245
88080 16 3 221246
88082 16 5 221247
88084 16 9 221248
88086 16 10 221249
88088 16 14 221250
88090 16 15 221251
88092 16 19 221252
88094 16 21 221253
88096 16 22 221254
88098 16 23 221255
88100 16 1 221256
88102 16 2 181249
88104 16 1 181248
88106 16 3 181250
88110 16 5 181251
88114 16 9 181252
88118 16 10 181253
88122 16 14 181254
88126 16 15 181255
88130 16 19 181256
88134 16 21 181257
88138 16 22 181258
88140 16 23 181259
88144 16 1 181260
88150 16 2 181261
88156 16 3 181262
88162 16 5 181263
88168 16 9 181264
88174 16 10 181265
88180 16 14 181266
88186 16 15 181267
88192 16 19 181268
88198 16 21 181269
88204 16 22 181270
88210 16 23 181271
88216 16 1 181272
88222 16 2 181273
88228 16 3 181274
88234 16 5 181275
88240 16 9 181276
88246 16 5 181287
88248 16 9 181288
88252 16 10 181289
88258 16 14 181290
88264 16 15 181291
88270 16 19 181292
88276 16 21 181293
88282 16 22 181294
88288 16 23 181295
88294 16 1 181296
88300 16 2 181297
88306 16 3 181298
88312 16 5 181299
88318 16 9 181300
88324 16 22 181306
88326 16 23 181307
88330 16 1 181308
88336 16 2 181309
88342 16 3 181310
88348 16 5 181311
88354 16 9 181312
88360 16 10 181313
88366 16 14 181314
88372 16 15 181315
88378 16 19 181316
88384 16 21 181317
88390 16 22 181318
88396 16 23 181319
88402 16 1 181320
88404 16 2 181321
88408 16 3 181322
88414 16 5 181323
88420 16 9 181324
88426 16 10 181325
88432 16 14 181326
88438 16 15 181327
88444 16 19 181328
88450 16 21 181329
88456 16 22 181330
88462 16 23 181331
88464 16 1 181332
88468 16 2 181333
88474 16 3 181334
88480 16 5 181335
88486 16 9 181336
88492 16 10 181337
88498 16 14 181338
88504 16 15 181339
88510 16 19 181340
88516 16 21 181341
88522 16 22 181342
88528 16 23 181343
88530 16 1 181344
88534 16 2 181345
88540 16 3 181346
88546 16 5 181347
88552 16 9 181348
88558 16 10 181349
88564 16 14 181350
88570 16 15 181351
88576 16 19 181352
88582 16 21 181353
88588 16 22 181354
88594 16 23 181355
88600 16 1 181356
88602 16 2 181357
88606 16 3 181358
88612 16 5 181359
88618 16 9 181360
88624 16 10 181361
88630 16 14 181362
88636 16 15 181363
88642 16 19 181364
88648 16 21 181365
88654 16 22 181366
88660 16 23 181367
88666 16 1 181368
88672 16 2 181369
88678 16 3 181370
88684 16 5 181371
88690 16 9 181372
88696 16 10 181373
88702 16 14 181374
88708 16 1 181380
88710 16 2 181381
88714 16 3 181382
88720 16 5 181383
88726 16 9 181384
88732 16 10 181385
88738 16 14 181386
88744 16 15 181387
88750 16 19 181388
88756 16 21 181389
88762 16 22 181390
88768 16 23 181391
88774 16 1 181392
88780 16 2 181393
88786 16 3 181394
88792 16 5 181395
88798 16 9 181396
88804 16 10 181397
88806 16 14 181398
88810 16 15 181399
88816 16 19 181400
88822 16 21 181401
88828 16 22 181402
88834 16 23 181403
88840 16 1 181404
88846 16 2 181405
88852 16 3 181406
88858 16 5 181407
88864 16 9 181408
88870 16 10 181409
88876 16 14 181410
88882 16 15 181411
88888 16 19 181412
88894 16 21 181413
88896 16 22 181414
88900 16 23 181415
88906 16 1 181416
88912 16 2 181417
88918 16 3 181418
88924 16 5 181419
88930 16 9 181420
88936 16 10 181421
88942 16 14 181422
88948 16 15 181423
88954 16 19 181424
88960 16 21 181425
88962 16 22 181426
88966 16 23 181427
88972 16 1 181428
88978 16 2 181429
88984 16 3 181430
88990 16 5 181431
88996 16 9 181432
89002 16 10 181433
89008 16 14 181434
89014 16 15 181435
89020 16 19 181436
89026 16 21 181437
89032 16 22 181438
89038 16 23 181439
89044 16 1 181440
89050 16 2 181441
89056 16 3 181442
89062 16 5 181443
89064 16 9 181444
89068 16 10 181445
89074 16 14 181446
89080 16 15 181447
89086 16 19 181448
89092 16 21 181449
89098 16 22 181450
89104 16 23 181451
89110 16 1 181452
89116 16 2 181453
89122 16 3 181454
89128 16 5 181455
89134 16 9 181456
89136 16 10 181457
89140 16 14 181458
89146 16 15 181459
89152 16 19 181460
89158 16 21 181461
89164 16 22 181462
89170 16 23 181463
89176 16 1 181464
89182 16 2 181465
89188 16 3 181466
89194 16 5 181467
89200 16 9 181468
89206 16 10 181469
89212 16 14 181470
89218 16 15 181471
89224 16 19 181472
89230 16 21 181473
89236 16 22 181474
89242 16 23 181475
89248 16 1 181476
89254 16 2 181477
89256 16 3 181478
89260 16 5 181479
89266 16 9 181480
89272 16 10 181481
89278 16 14 181482
89284 16 15 181483
89290 16 19 181484
89296 16 21 181485
89302 16 22 181486
89308 16 23 181487
89314 16 1 181488
89320 16 2 181489
89326 16 3 181490
89332 16 5 181491
89338 16 9 181492
89344 16 10 181493
89350 16 14 181494
89352 16 15 181495
89356 16 19 181496
89362 16 21 181497
89368 16 22 181498
89374 16 23 181499
89380 16 1 181500
89386 16 2 181501
89392 16 3 181502
89398 16 5 181503
89404 16 9 181504
89410 16 10 181505
89416 16 14 181506
89418 16 15 181507
89422 16 19 181508
89428 16 21 181509
89434 16 22 181510
89440 16 23 181511
89446 16 1 181512
89452 16 2 181513
89458 16 3 181514
89464 16 5 181515
89470 16 9 181516
89476 16 10 181517
89482 16 14 181518
89488 16 15 181519
89494 16 19 181520
89500 16 21 181521
89506 16 22 181522
89512 16 23 181523
89518 16 1 181524
89524 16 2 181525
89530 16 3 181526
89536 16 5 181527
89542 16 9 181528
89548 16 10 181529
89554 16 14 181530
89560 16 15 181531
89562 16 19 181532
89566 16 21 181533
89572 16 22 181534
89578 16 23 181535
89584 16 1 181536
89590 16 2 181537
89596 16 3 181538
89602 16 5 181539
89608 16 9 181540
89614 16 10 181541
89620 16 14 181542
89626 16 15 181543
89632 16 19 181544
89638 16 21 181545
89644 16 22 181546
89650 16 23 181547
89656 16 1 181548
89662 16 21 181581
89664 16 19 181556
89666 16 15 181555
89672 16 9 181624
89674 16 15 181627
89676 16 22 181654
89678 16 2 181657
89680 16 3 181646
89682 16 1 181740
89684 16 2 181741
89690 16 15 181759
89692 16 19 181760
89694 16 14 181758
89698 16 21 181905
89700 16 22 181906
89702 16 3 181910
89708 16 1 181908
89722 16 9 181924
89724 16 14 181926
89730 16 21 181929
89732 16 23 181931
89738 16 19 181928
89756 16 5 181947
89758 16 15 181951
89760 16 9 181936
89766 16 19 181964
89770 16 21 181965
89776 16 22 181966
89784 16 23 181967
89794 16 1 181968
89796 16 19 181976
89798 16 21 182037
89800 16 22 182038
89802 16 23 182039
89804 16 19 182048
89806 16 1 182040
89808 16 22 182050
89810 16 2 182041
89812 16 3 182042
89814 16 5 182043
89816 16 9 182044
89818 16 10 182045
89820 16 14 182046
89826 16 15 182047
89828 16 3 182054
89834 16 21 182049
89840 16 23 182051
89842 16 1 182052
89844 16 2 182053
89854 16 5 182055
89856 16 9 182056
89858 16 10 182057
89860 16 14 182058
89862 16 15 182059
89864 16 19 182060
89866 16 21 182061
89868 16 22 182062
89870 16 23 182063
89872 16 1 182064
89874 16 2 182065
89876 16 3 182066
89878 16 5 182067
89880 16 9 182068
89882 16 10 182069
89888 16 14 182070
89890 16 15 182071
89892 16 2 182077
89894 16 3 182090
89896 16 10 182093
89898 16 23 182135
89900 16 9 182188
89902 16 21 182193
89904 16 19 182072
89906 16 14 182082
89908 16 21 182073
89910 16 22 182074
89912 16 23 182075
89914 16 1 182076
89920 16 3 182078
89922 16 5 182079
89924 16 9 182080
89926 16 10 182081
89928 16 15 182083
89938 16 19 182084
89940 16 21 182085
89942 16 2 182089
89944 16 14 182130
89946 16 2 182185
89948 16 22 182086
89950 16 23 182087
89952 16 14 182094
89954 16 22 182098
89956 16 14 182238
89962 16 1 182088
89972 16 5 182091
89974 16 9 182092
89988 16 15 182095
89990 16 19 182096
89992 16 21 182097
89994 16 3 182102
90000 16 23 182099
90002 16 1 182100
90004 16 2 182101
90006 16 15 182107
90012 16 5 182103
90014 16 14 182118
90016 16 9 182104
90018 16 10 182105
90024 16 14 182106
90030 16 19 182108
90032 16 21 182109
90034 16 22 182134
90036 16 15 182215
90038 16 22 182110
90040 16 14 182154
90042 16 23 182111
90044 16 1 182112
90046 16 2 182113
90048 16 15 182167
90050 16 3 182114
90052 16 9 182116
90054 16 5 182139
90056 16 14 182190
90058 16 5 182115
90060 16 15 182119
90062 16 19 182120
90064 16 21 182121
90066 16 2 182125
90068 16 2 182137
90070 16 10 182153
90072 16 3 182162
90074 16 19 182168
90076 16 5 182187
90078 16 2 182209
90080 16 19 182240
90086 16 10 182117
90110 16 22 182122
90112 16 23 182123
90114 16 1 182124
90116 16 10 182165
90118 16 22 182170
90136 16 3 182126
90138 16 5 182127
90140 16 9 182128
90142 16 10 182129
90144 16 5 182271
90150 16 15 182131
90152 16 10 182189
90154 16 9 182236
90156 16 19 182132
90158 16 21 182133
90160 16 2 182197
90172 16 1 182136
90178 16 3 182138
90180 16 9 182140
90190 16 10 182141
90192 16 14 182142
90194 16 15 182143
90196 16 19 182144
90198 16 14 182166
90200 16 21 182145
90202 16 22 182146
90204 16 23 182147
90206 16 1 182148
90208 16 15 182155
90210 16 1 182220
90220 16 2 182149
90222 16 23 182183
90224 16 3 182150
90226 16 1 182184
90228 16 5 182151
90230 16 9 182152
90232 16 9 182164
90234 16 21 182169
90252 16 19 182156
90254 16 21 182157
90256 16 5 182163
90258 16 10 182201
90260 16 22 182158
90262 16 23 182159
90264 16 1 182160
90266 16 2 182161
90312 16 23 182171
90314 16 1 182172
90316 16 2 182173
90318 16 3 182174
90320 16 5 182175
90322 16 9 182176
90324 16 10 182177
90358 16 14 182178
90360 16 15 182179
90362 16 19 182180
90364 16 21 182181
90366 16 22 182182
90380 16 3 182186
90382 16 14 182202
90400 16 15 182191
90402 16 19 182192
90408 16 22 182194
90410 16 9 182200
90412 16 22 182206
90414 16 23 182195
90416 16 1 182196
90418 16 19 182204
90420 16 23 182219
90426 16 3 182198
90428 16 5 182199
90444 16 15 182203
90446 16 23 182207
90454 16 21 182205
90456 16 3 182210
90458 16 5 182211
90468 16 1 182208
90484 16 9 182212
90486 16 10 182213
90488 16 14 182214
90494 16 19 182216
90496 16 21 182217
90498 16 22 182218
90500 16 3 182234
90502 16 19 182264
90512 16 2 182221
90514 16 3 182222
90516 16 5 182223
90518 16 9 182224
90520 16 10 182225
90522 16 14 182226
90524 16 15 182227
90526 16 2 182233
90528 16 19 182228
90530 16 21 182229
90532 16 22 182230
90534 16 23 182231
90536 16 1 182232
90546 16 5 182235
90552 16 10 182237
90558 16 15 182239
90560 16 2 182245
90566 16 21 182241
90568 16 3 182270
90570 16 22 182242
90572 16 23 182243
90574 16 3 182246
90576 16 19 182252
90578 16 1 182244
90590 16 5 182247
90592 16 9 182248
90594 16 10 182249
90596 16 14 182250
90598 16 1 182268
90600 16 15 182251
90602 16 14 182262
90608 16 21 182253
90610 16 1 182256
90612 16 3 182258
90614 16 22 182254
90616 16 23 182255
90618 16 2 182257
90620 16 5 182259
90622 16 15 182263
90624 16 21 182265
90626 16 22 182266
90628 16 2 182269
90656 16 9 182260
90658 16 10 182261
90660 16 23 182267
90704 16 5 20639
90706 16 5 20903
90708 16 22 20910
90710 16 23 20911
90712 16 1 20912
90714 16 2 20913
90716 16 3 20914
90718 16 5 20915
90720 16 9 20916
90722 16 1 50752
90738 16 2 51101
90740 16 10 15349
90742 16 1 104544
90744 16 15 105463
90746 16 5 105471
90748 16 1 105120
90752 16 21 33653
90868 16 22 209350
90870 16 19 98648
90872 16 10 92645
90874 16 22 185678
90876 16 22 91470
90880 16 1 51488
90882 16 9 114340
90884 16 3 33926
90886 16 5 105475
90888 16 1 49452
90890 16 23 48523
90892 16 3 54102
90894 16 10 103489
90898 16 9 57008
90900 16 2 159237
90902 16 22 124802
91230 16 19 177592
91232 16 15 177603
91234 16 21 177593
91236 16 22 177594
91238 16 19 177604
91240 16 21 177605
91242 16 22 177606
91244 16 1 177608
91246 16 2 177609
91248 16 9 217680
91250 16 14 217682
91252 16 15 217683
91254 16 19 217684
91256 16 21 217685
91258 16 22 217686
91260 16 23 217687
91262 16 1 217688
91264 16 2 217689
91266 16 3 217690
91268 16 5 217691
91270 16 9 217692
91272 16 10 217693
91274 16 14 217694
91276 16 15 217695
91278 16 19 217696
91280 16 21 217697
91282 16 22 217698
91284 16 23 217699
91286 16 1 217700
91288 16 2 217701
91290 16 3 217702
91292 16 5 217703
91294 16 9 217704
91296 16 10 217705
91298 16 14 217706
91300 16 15 217707
91302 16 19 217708
91304 16 21 217709
91306 16 22 217710
91308 16 23 217711
91310 16 1 217712
91312 16 2 217713
91314 16 3 217714
91316 16 5 217715
91318 16 9 217716
91320 16 10 217717
91322 16 14 217718
91324 16 15 217719
91326 16 19 217720
91328 16 21 217721
91330 16 22 217722
91332 16 23 217723
91334 16 1 217724
91336 16 2 217725
91340 16 3 217726
91342 16 5 217727
91344 16 9 217728
91346 16 10 217729
91348 16 14 217730
91350 16 15 217731
91352 16 19 217732
91354 16 21 217733
91356 16 22 217734
91358 16 23 217735
91362 16 1 217736
91364 16 2 217737
91366 16 3 217738
91368 16 5 217739
91370 16 9 217740
91372 16 10 217741
91374 16 14 217742
91376 16 15 217743
91378 16 19 217744
91380 16 21 217745
91382 16 22 217746
91384 16 23 217747
91386 16 1 217748
91388 16 2 217749
91390 16 3 217750
91392 16 5 217751
91394 16 9 217752
91396 16 10 217753
91398 16 14 217754
91400 16 15 217755
91402 16 19 217756
91404 16 21 217757
91406 16 22 217758
91408 16 23 217759
91410 16 1 217760
91412 16 2 217761
91414 16 3 217762
91416 16 5 217763
91418 16 9 217764
91420 16 10 217765
91422 16 14 217766
91424 16 15 217767
91426 16 19 217768
91428 16 21 217769
91430 16 22 217770
91432 16 23 217771
91434 16 1 217772
91436 16 2 217773
91438 16 3 217774
91440 16 5 217775
91442 16 9 217776
91444 16 10 217777
91446 16 14 217778
91448 16 15 217779
91450 16 19 217780
91452 16 21 217781
91454 16 22 217782
91456 16 23 217783
91458 16 1 217784
91460 16 2 217785
91462 16 3 217786
91464 16 5 217787
91466 16 9 217788
91468 16 10 217789
91470 16 14 217790
91472 16 15 217791
91474 16 19 217792
91476 16 21 217793
91478 16 22 217794
91480 16 23 217795
91482 16 1 217796
91484 16 2 217797
91486 16 3 217798
91488 16 5 217799
91490 16 9 217800
91492 16 10 217801
91494 16 14 217802
91496 16 15 217803
91498 16 19 217804
91500 16 21 217805
91502 16 22 217806
91504 16 23 217807
91506 16 1 217808
91508 16 2 217809
91510 16 3 217810
91512 16 5 217811
91514 16 9 217812
91516 16 10 217813
91518 16 14 217814
91520 16 15 217815
91522 16 19 217816
91524 16 21 217817
91526 16 22 217818
91528 16 23 217819
91530 16 1 217820
91532 16 2 217821
91534 16 3 217822
91536 16 5 217823
91538 16 9 217824
91540 16 10 217825
91542 16 14 217826
91544 16 15 217827
91546 16 19 217828
91548 16 21 217829
91550 16 22 217830
91552 16 23 217831
91554 16 1 217832
91556 16 2 217833
91558 16 3 217834
91560 16 5 217835
91562 16 9 217836
91564 16 10 217837
91566 16 14 217838
91568 16 15 217839
91570 16 19 217840
91572 16 21 217841
91574 16 22 217842
91576 16 23 217843
91578 16 1 217844
91580 16 2 217845
91582 16 3 217846
91584 16 5 217847
91586 16 9 217848
91588 16 10 217849
91590 16 14 217850
91594 16 15 217851
91596 16 19 217852
91598 16 21 217853
91600 16 22 217854
91602 16 23 217855
91604 16 1 217856
91606 16 2 217857
91608 16 3 217858
91610 16 5 217859
91612 16 9 217860
91614 16 10 217861
91616 16 14 217862
91618 16 15 217863
91620 16 19 217864
91622 16 21 217865
91624 16 22 217866
91626 16 23 217867
91628 16 1 217868
91632 16 2 217869
91638 16 3 217870
91640 16 1 6044
91642 16 9 207876
91644 16 23 207883
91646 16 2 207897
91648 16 1 207884
91650 16 14 207878
91652 16 22 207882
91656 16 1 207896
91658 16 5 207875
91676 16 1 207872
91678 16 9 207900
91680 16 10 207901
91690 16 22 207894
91692 16 23 207895
91698 16 5 207923
91700 16 10 207925
91702 16 3 207922
91704 16 9 208032
91706 16 2 208281
91710 16 22 208134
91712 16 1 208232
91714 16 2 208173
91716 16 1 208208
91718 16 2 208209
91720 16 14 207938
91722 16 19 207952
91724 16 2 207957
91726 16 5 207971
91728 16 2 207945
91730 16 1 207980
91732 16 1 207956
91734 16 22 207930
91736 16 23 207931
91740 16 23 207967
91744 16 14 207974
91746 16 2 207981
91748 16 1 207944
91758 16 15 207939
91760 16 9 207960
91762 16 2 208053
91768 16 5 207935
91778 16 1 208112
91780 16 15 208311
91788 16 23 207955
91794 16 10 207973
91796 16 2 207933
91798 16 22 207954
91800 16 3 207970
91802 16 9 207972
91804 16 5 208031
91806 16 10 207961
91812 16 9 208056
91814 16 15 208299
91830 16 5 207959
91832 16 9 208212
91834 16 3 207958
91836 16 3 208270
91838 16 10 207937
91840 16 3 207934
91846 16 23 207943
91854 16 14 207962
91856 16 15 207951
91860 16 15 208059
91862 16 14 207950
91864 16 15 207975
91870 16 21 207953
91878 16 5 207947
91880 16 21 207965
91896 16 22 208026
91904 16 2 207969
91958 16 21 207977
91960 16 23 207979
91964 16 5 207983
91966 16 10 207985
91968 16 9 208008
91970 16 19 207976
91972 16 19 207988
91974 16 5 208007
91978 16 2 207993
91980 16 21 208001
91984 16 1 207992
91986 16 2 208005
92000 16 14 207986
92054 16 9 207996
92056 16 10 207997
92058 16 10 208261
92070 16 1 208280
92078 16 14 207998
92080 16 19 208000
92082 16 14 208010
92086 16 3 208282
92088 16 21 207989
92102 16 3 207994
92108 16 5 207995
92112 16 1 208256
92114 16 2 208257
92118 16 15 207999
92134 16 14 208322
92136 16 15 208323
92154 16 5 208271
92158 16 23 208315
92164 16 9 208320
92166 16 23 208327
92168 16 21 208013
92170 16 22 208014
92172 16 15 208011
92174 16 19 208012
92180 16 22 207990
92184 16 3 208030
92188 16 10 208033
92190 16 19 208036
92192 16 5 208043
92194 16 9 208044
92196 16 5 208019
92198 16 9 208020
92200 16 14 208022
92202 16 15 208023
92204 16 19 208024
92206 16 21 208025
92210 16 23 208027
92212 16 3 208018
92356 16 2 208029
92360 16 2 208017
92362 16 1 208028
92392 16 14 207926
92394 16 23 208183
92410 16 21 208265
92428 16 22 208038
92430 16 23 208039
92436 16 21 208037
92438 16 9 207936
92444 16 10 208153
92446 16 14 208154
92472 16 3 208210
92474 16 5 208211
92476 16 14 208046
92478 16 10 208045
92480 16 21 208049
92482 16 1 208052
92486 16 3 208054
92490 16 10 208057
92492 16 14 208058
92498 16 15 208047
92514 16 23 208051
92516 16 22 208050
92644 16 21 208061
92646 16 19 208060
92648 16 21 208073
92650 16 21 208085
92652 16 21 208097
92654 16 19 208108
92656 16 19 208120
92658 16 22 208122
92660 16 23 208123
92680 16 23 208087
92682 16 1 208088
92688 16 2 208089
92690 16 3 208090
92696 16 10 208117
92698 16 14 208118
92776 16 1 208076
92778 16 2 208077
92780 16 3 208078
92782 16 5 208079
92784 16 23 208075
92816 16 23 208099
92818 16 1 208100
92820 16 9 208116
92822 16 10 208105
92824 16 3 208114
92826 16 22 208062
92828 16 14 208070
92830 16 19 208072
92838 16 22 208182
92858 16 1 208064
92860 16 2 208065
92866 16 3 208066
92868 16 5 208067
92874 16 9 208092
92876 16 5 208091
92878 16 19 208096
92884 16 10 208093
92888 16 21 208109
92892 16 15 208083
92904 16 14 208106
92906 16 19 208084
92910 16 9 208104
92916 16 3 208186
92920 16 22 207942
92924 16 23 208111
92926 16 1 208160
92928 16 2 208161
92932 16 22 208110
92952 16 15 208119
92960 16 9 208068
92962 16 10 208069
93010 16 19 208204
93046 16 2 208149
93048 16 3 208150
93050 16 3 208162
93054 16 14 208214
93056 16 21 208217
93058 16 22 208218
93060 16 3 208234
93062 16 19 208132
93064 16 23 208135
93066 16 10 208165
93068 16 14 208166
93070 16 19 208180
93072 16 22 208194
93074 16 21 208229
93078 16 9 208128
93088 16 15 208131
93092 16 19 208168
93094 16 21 208169
93100 16 19 208216
93112 16 15 208155
93114 16 22 208158
93116 16 1 208172
93118 16 2 208125
93120 16 3 208138
93124 16 9 208164
93130 16 2 208137
93138 16 10 208141
93140 16 15 208143
93142 16 22 208146
93144 16 5 208151
93146 16 5 208163
93148 16 23 208171
93150 16 10 208129
93152 16 14 208142
93154 16 15 208167
93160 16 22 208170
93170 16 1 208148
93180 16 19 208144
93194 16 3 208222
93200 16 1 208136
93204 16 23 208159
93208 16 10 208177
93210 16 3 208126
93212 16 5 208127
93228 16 14 208286
93258 16 9 208140
93286 16 21 208133
93298 16 19 208228
93300 16 19 208156
93314 16 15 208179
93316 16 2 208185
93318 16 9 208188
93320 16 19 208192
93322 16 23 208195
93324 16 9 208200
93326 16 10 208201
93330 16 1 208184
93332 16 15 208203
93336 16 14 208202
93338 16 14 208190
93340 16 5 208199
93344 16 22 208206
93346 16 3 208246
93358 16 5 208175
93362 16 3 208198
93404 16 10 208189
93422 16 14 208178
93432 16 15 208191
93446 16 23 208231
93458 16 1 208196
93460 16 2 208197
93482 16 22 208278
93520 16 10 208213
93522 16 2 208221
93554 16 15 208215
93556 16 21 208277
93558 16 10 208297
93576 16 14 208130
93586 16 3 208258
93598 16 5 208223
93600 16 9 208224
93606 16 10 208225
93634 16 22 208230
93670 16 9 208236
93672 16 5 208235
93674 16 15 208263
93676 16 19 208312
93678 16 15 208239
93680 16 5 208283
93682 16 23 208303
93684 16 14 208238
93690 16 5 208247
93692 16 10 208249
93698 16 22 208242
93700 16 5 208307
93702 16 3 208318
93704 16 5 208319
93710 16 21 208241
93714 16 1 208244
93716 16 23 208243
93718 16 23 208255
93720 16 21 208289
93728 16 19 208240
93730 16 9 208248
93734 16 10 208285
93736 16 9 208152
93740 16 9 208272
93742 16 1 208316
93748 16 1 208304
93750 16 14 208310
93752 16 10 208237
93756 16 2 208245
93782 16 10 208009
93794 16 15 208035
93796 16 1 208004
93802 16 14 208274
93806 16 1 208292
93808 16 2 208293
93870 16 1 208268
93880 16 23 208219
93884 16 23 208279
93894 16 19 208276
93932 16 9 208260
93934 16 2 208269
93936 16 9 208284
93946 16 1 208328
93966 16 9 208308
93970 16 19 207940
93994 16 5 208295
94008 16 23 208291
94024 16 3 208306
94028 16 10 208309
94040 16 9 208296
94050 16 14 208250
94060 16 14 208298
94070 16 21 208253
94074 16 5 208259
94108 16 21 208181
94144 16 2 208329
94190 16 22 208326
94192 16 21 208325
94218 16 10 208453
94220 16 1 208460
94222 16 14 208526
94224 16 10 208369
94226 16 19 208372
94228 16 1 208376
94230 16 2 208425
94232 16 3 208414
94234 16 14 208382
94236 16 14 208454
94238 16 1 208388
94240 16 2 208389
94242 16 3 208390
94244 16 5 208391
94246 16 9 208392
94248 16 10 208393
94250 16 14 208394
94252 16 15 208395
94254 16 19 208396
94256 16 21 208397
94258 16 22 208398
94260 16 23 208399
94262 16 1 208400
94264 16 2 208401
94266 16 3 208402
94268 16 5 208403
94270 16 9 208404
94272 16 10 208405
94274 16 14 208406
94276 16 15 208407
94278 16 19 208408
94280 16 21 208409
94282 16 22 208410
94284 16 23 208411
94286 16 1 208412
94288 16 2 208413
95642 16 23 208459
95644 16 3 208462
95646 16 10 208381
95650 16 19 208420
95652 16 23 208423
95654 16 9 208452
95660 16 21 208421
95664 16 23 208435
95666 16 2 208449
95668 16 3 208450
95670 16 5 208451
95678 16 15 208455
95680 16 19 208456
95682 16 21 208457
95684 16 22 208458
95690 16 2 208461
95696 16 19 208444
95700 16 2 208365
95702 16 23 208387
95704 16 21 208433
95712 16 5 208427
95714 16 15 208431
95718 16 5 208415
95756 16 15 208383
95760 16 21 208493
96214 16 3 208426
96218 16 5 208463
96220 16 9 208464
96222 16 10 208465
96224 16 14 208466
96226 16 15 208467
96228 16 19 208468
96230 16 21 208469
96232 16 22 208470
96234 16 23 208471
96236 16 1 208472
96238 16 2 208473
96240 16 3 208474
96242 16 5 208475
96244 16 9 208476
96246 16 10 208477
96248 16 14 208478
96250 16 15 208479
96252 16 19 208480
96254 16 21 208481
96256 16 22 208482
96258 16 23 208483
96260 16 1 208484
96262 16 2 208485
96264 16 3 208486
96266 16 5 208487
96268 16 9 208488
96272 16 14 208514
96330 16 10 208501
96332 16 21 208505
96334 16 23 208507
96336 16 5 208511
96340 16 5 208367
96342 16 2 208377
96346 16 10 208417
96348 16 14 208418
96350 16 15 208419
96358 16 1 208424
96414 16 10 208489
96416 16 3 208498
96418 16 15 208503
96420 16 1 208508
96422 16 9 208512
96428 16 9 208368
96432 16 14 208370
96434 16 21 208373
96436 16 22 208374
96438 16 23 208375
96442 16 21 208385
96444 16 22 208386
96500 16 10 208513
96506 16 3 208438
96508 16 5 208439
96510 16 10 208441
96512 16 21 208445
96572 16 15 208371
96580 16 3 208378
96636 16 19 208504
96640 16 21 208517
96642 16 2 208521
96644 16 3 208522
96646 16 5 208523
96650 16 15 208527
96654 16 19 208384
96658 16 1 208448
96942 16 3 208510
96950 16 9 208416
97072 16 14 208490
97074 16 15 208491
97076 16 19 208492
97080 16 5 208499
97082 16 22 208506
97200 16 1 208496
97202 16 2 208497
97404 16 10 208525
97414 16 14 208442
97472 16 14 208502
97480 16 9 208524
97538 16 2 208509
97714 16 22 208518
97888 16 22 208422
97932 16 22 208530
97934 16 21 208529
97936 16 1 208532
97938 16 23 208531
97940 16 15 208539
97942 16 21 208541
97944 16 22 208542
97946 16 1 208544
97948 16 2 208545
97950 16 1 208652
97952 16 2 208653
97956 16 3 208654
97962 16 5 208655
97968 16 9 208656
97974 16 10 208657
97980 16 14 208658
97986 16 15 208659
97992 16 19 208660
97998 16 21 208661
98004 16 22 208662
98010 16 23 208663
98016 16 1 208664
98022 16 2 208665
98028 16 3 208666
98034 16 5 208667
98040 16 9 208668
98046 16 10 208669
98052 16 14 208670
98058 16 15 208671
98064 16 19 208672
98070 16 21 208673
98076 16 22 208674
98082 16 23 208675
98088 16 1 208676
98094 16 2 208677
98100 16 3 208678
98106 16 5 208679
98108 16 9 208680
98112 16 10 208681
98118 16 14 208682
98124 16 15 208683
98130 16 19 208684
98136 16 21 208685
98142 16 22 208686
98148 16 23 208687
98154 16 1 208688
98160 16 2 208689
98166 16 3 208690
98172 16 5 208691
98178 16 9 208692
98184 16 10 208693
98190 16 14 208694
98196 16 15 208695
98202 16 19 208696
98208 16 21 208697
98214 16 22 208698
98220 16 23 208699
98226 16 1 208700
98232 16 2 208701
98238 16 3 208702
98244 16 5 208703
98250 16 9 208704
98256 16 10 208705
98262 16 14 208706
98268 16 15 208707
98274 16 19 208708
98280 16 21 208709
98286 16 22 208710
98292 16 23 208711
98298 16 1 208712
98304 16 2 208713
98310 16 3 208714
98316 16 5 208715
98322 16 9 208716
98328 16 10 208717
98330 16 14 208718
98334 16 15 208719
98340 16 19 208720
98346 16 21 208721
98352 16 22 208722
98358 16 23 208723
98364 16 1 208724
98370 16 2 208725
98376 16 3 208726
98382 16 5 208727
98388 16 9 208728
98394 16 10 208729
98400 16 14 208730
98406 16 15 208731
98412 16 19 208732
98418 16 21 208733
98424 16 22 208734
98430 16 23 208735
98436 16 1 208736
98442 16 2 208737
98448 16 3 208738
98454 16 5 208739
98460 16 9 208740
98466 16 10 208741
98472 16 14 208742
98478 16 15 208743
98484 16 19 208744
98490 16 21 208745
98496 16 22 208746
98502 16 23 208747
98508 16 1 208748
98514 16 2 208749
98520 16 3 208750
98526 16 5 208751
98532 16 9 208752
98538 16 10 208753
98544 16 14 208754
98546 16 15 208755
98550 16 19 208756
98556 16 21 208757
98562 16 22 208758
98568 16 23 208759
98574 16 1 208760
98580 16 2 208761
98586 16 3 208762
98592 16 5 208763
98598 16 9 208764
98604 16 10 208765
98610 16 14 208766
98616 16 15 208767
98622 16 19 208768
98628 16 21 208769
98634 16 22 208770
98640 16 23 208771
98646 16 1 208772
98652 16 2 208773
98658 16 3 208774
98664 16 5 208775
98670 16 9 208776
98676 16 10 208777
98682 16 14 208778
98688 16 15 208779
98694 16 19 208780
98700 16 21 208781
98706 16 22 208782
98712 16 23 208783
98718 16 1 208784
98724 16 2 208785
98730 16 3 208786
98736 16 5 208787
98742 16 9 208788
98748 16 10 208789
98754 16 14 208790
98760 16 15 208791
98766 16 19 208792
98772 16 21 208793
98778 16 22 208794
98784 16 23 208795
98790 16 1 208796
98796 16 2 208797
98802 16 3 208798
98808 16 5 208799
98814 16 9 208800
98820 16 10 208801
98826 16 14 208802
98832 16 15 208803
98838 16 19 208804
98844 16 21 208805
98850 16 22 208806
98856 16 23 208807
98862 16 1 208808
98868 16 2 208809
98874 16 3 208810
98880 16 5 208811
98882 16 9 208812
98886 16 10 208813
98892 16 14 208814
98898 16 15 208815
98904 16 19 208816
98910 16 21 208817
98916 16 22 208818
98922 16 23 208819
98928 16 1 208820
98934 16 2 208821
98940 16 3 208822
98946 16 5 208823
98952 16 9 208824
98958 16 10 208825
98964 16 14 208826
98970 16 15 208827
98976 16 19 208828
98982 16 21 208829
98988 16 22 208830
98994 16 23 208831
99000 16 1 208832
99006 16 2 208833
99012 16 3 208834
99018 16 5 208835
99024 16 9 208836
99030 16 10 208837
99032 16 14 208838
99036 16 15 208839
99042 16 19 208840
99048 16 21 208841
99054 16 22 208842
99060 16 23 208843
99066 16 1 208844
99072 16 2 208845
99078 16 3 208846
99084 16 5 208847
99090 16 9 208848
99096 16 10 208849
99102 16 14 208850
99108 16 15 208851
99114 16 19 208852
99120 16 21 208853
99126 16 22 208854
99132 16 23 208855
99138 16 1 208856
99144 16 2 208857
99150 16 3 208858
99156 16 5 208859
99162 16 9 208860
99168 16 10 208861
99174 16 14 208862
99180 16 15 208863
99186 16 19 208864
99192 16 21 208865
99198 16 22 208866
99204 16 23 208867
99210 16 1 208868
99216 16 2 208869
99222 16 3 208870
99228 16 5 208871
99230 16 9 208872
99234 16 10 208873
99240 16 14 208874
99246 16 15 208875
99252 16 19 208876
99258 16 21 208877
99264 16 22 208878
99270 16 23 208879
99276 16 1 208880
99282 16 2 208881
99288 16 3 208882
99294 16 5 208883
99300 16 9 208884
99306 16 10 208885
99312 16 14 208886
99318 16 15 208887
99324 16 19 208888
99330 16 21 208889
99336 16 22 208890
99342 16 23 208891
99348 16 1 208892
99350 16 2 208893
99354 16 3 208894
99360 16 5 208895
99366 16 2 28925
99368 16 3 129650
99370 16 23 112539
99372 16 5 167203
99374 16 10 167205
99380 16 3 167322
99382 16 5 167323
99384 16 9 167324
99386 16 10 167325
99388 16 14 167326
99390 16 15 167327
99392 16 19 167328
99394 16 21 167329
99396 16 22 167330
99398 16 23 167331
99400 16 1 167332
99402 16 2 167333
99404 16 3 167334
99406 16 5 167335
99408 16 9 167336
99410 16 10 167337
99412 16 14 167338
99414 16 15 167339
99416 16 19 167340
99418 16 21 167341
99420 16 22 167342
99422 16 23 167343
99424 16 1 167344
99426 16 2 167345
99428 16 3 167346
99430 16 5 167347
99432 16 9 167348
99434 16 10 167349
99436 16 14 167350
99438 16 15 167351
99440 16 19 167352
99442 16 21 167353
99444 16 22 167354
99446 16 23 167355
99448 16 1 167356
99450 16 2 167357
99452 16 3 167358
99454 16 5 167359
99456 16 9 167360
99458 16 10 167361
99460 16 14 167362
99462 16 15 167363
99464 16 19 167364
99466 16 21 167365
99468 16 22 167366
99470 16 23 167367
99472 16 1 167368
99474 16 2 167369
99476 16 3 167370
99478 16 5 167371
99480 16 9 167372
99482 16 10 167373
99484 16 14 167374
99486 16 15 167375
99488 16 19 167376
99490 16 21 167377
99492 16 22 167378
99494 16 23 167379
99496 16 1 167380
99498 16 2 167381
99500 16 3 167382
99502 16 5 167383
99504 16 9 167384
99506 16 10 167385
99508 16 14 167386
99510 16 15 167387
99512 16 19 167388
99514 16 21 167389
99516 16 22 167390
99518 16 23 167391
99520 16 1 167392
99522 16 2 167393
99524 16 3 167394
99526 16 5 167395
99528 16 9 167396
99530 16 10 167397
99532 16 14 167398
99534 16 15 167399
99536 16 19 167400
99538 16 21 167401
99540 16 22 167402
99542 16 23 167403
99544 16 1 167404
99546 16 2 167405
99548 16 3 167406
99550 16 5 167407
99552 16 9 167408
99554 16 10 167409
99556 16 14 167410
99558 16 15 167411
99560 16 19 167412
99562 16 21 167413
99564 16 22 167414
99566 16 23 167415
99568 16 1 167416
99570 16 2 167417
99572 16 3 167418
99574 16 5 167419
99576 16 9 167420
99578 16 10 167421
99580 16 14 167422
99582 16 15 167423
99584 16 19 167424
99586 16 21 167425
99588 16 22 167426
99590 16 23 167427
99592 16 1 167428
99594 16 2 167429
99596 16 3 167430
99598 16 5 167431
99600 16 9 167432
99602 16 10 167433
99604 16 14 167434
99606 16 15 167435
99608 16 19 167436
99610 16 21 167437
99612 16 22 167438
99614 16 23 167439
99616 16 1 167440
99618 16 2 167441
99620 16 3 167442
99622 16 5 167443
99624 16 9 167444
99626 16 10 167445
99628 16 14 167446
99630 16 15 167447
99632 16 19 167448
99634 16 21 167449
99636 16 22 167450
99638 16 23 167451
99640 16 1 167452
99642 16 2 167453
99644 16 3 167454
99646 16 5 167455
99648 16 9 167456
99650 16 10 167457
99652 16 14 167458
99654 16 15 167459
99656 16 19 167460
99658 16 21 167461
99660 16 22 167462
99662 16 23 167463
99664 16 1 167464
99666 16 2 167465
99668 16 3 167466
99670 16 5 167467
99672 16 9 167468
99674 16 10 167469
99676 16 14 167470
99678 16 15 167471
99680 16 19 167472
99682 16 21 167473
99684 16 22 167474
99686 16 23 167475
99688 16 1 167476
99690 16 2 167477
99692 16 3 167478
99694 16 5 167479
99696 16 9 167480
99698 16 10 167481
99700 16 14 167482
99702 16 15 167483
99704 16 19 167484
99706 16 21 167485
99708 16 22 167486
99710 16 23 167487
99712 16 1 167488
99714 16 2 167489
99716 16 3 167490
99718 16 5 167491
99720 16 9 167492
99722 16 10 167493
99724 16 14 167494
99726 16 15 167495
99728 16 19 167496
99730 16 21 167497
99732 16 22 167498
99734 16 23 167499
99736 16 1 167500
99738 16 2 167501
99740 16 3 167502
99742 16 5 167503
99744 16 9 167504
99746 16 10 167505
99748 16 14 167506
99750 16 15 167507
99752 16 19 167508
99754 16 21 167509
99756 16 22 167510
99758 16 23 167511
99760 16 1 167512
99762 16 2 167513
99764 16 3 167514
99766 16 5 167515
99768 16 9 167516
99770 16 10 167517
99772 16 14 167518
99774 16 15 167519
99776 16 19 167520
99778 16 21 167521
99780 16 22 167522
99782 16 23 167523
99784 16 1 167524
99786 16 2 167525
99788 16 3 167526
99790 16 5 167527
99792 16 9 167528
99794 16 10 167529
99796 16 14 167530
99798 16 15 167531
99800 16 19 167532
99802 16 21 167533
99804 16 22 167534
99806 16 23 167535
99808 16 1 167536
99810 16 2 167537
99812 16 3 167538
99814 16 5 167539
99816 16 9 167540
99818 16 10 167541
99820 16 14 167542
99822 16 15 167543
99824 16 19 167544
99826 16 21 167545
99828 16 22 167546
99830 16 23 167547
99832 16 1 167548
99834 16 2 167549
99836 16 3 167550
99838 16 5 167551
99840 16 9 167552
99842 16 10 167553
99844 16 14 167554
99846 16 15 167555
99848 16 19 167556
99850 16 21 167557
99852 16 22 167558
99854 16 23 167559
99856 16 1 167560
99858 16 2 167561
99860 16 3 167562
99862 16 5 167563
99864 16 9 167564
99866 16 10 167565
99868 16 2 18261
99870 16 2 166681
100764 16 9 166684
100832 16 3 166706
100838 16 22 166702
100852 16 22 166714
100944 16 9 166708
100956 16 14 166710
100958 16 23 166703
100964 16 19 166712
101020 16 15 166699
101034 16 2 166693
101048 16 5 166707
101058 16 22 166690
101064 16 10 166709
101094 16 15 166711
101102 16 2 166717
101128 16 3 166718
101248 16 9 166720
101250 16 10 166721
101252 16 14 166722
101254 16 15 166723
101256 16 9 166792
101258 16 14 166794
101260 16 15 166795
101262 16 22 166798
101264 16 10 166829
101266 16 15 110815
102228 16 19 110816
102556 16 1 110820
102560 16 2 110821
102564 16 19 110864
102566 16 14 111270
102568 16 1 50620
102570 16 1 208896
102572 16 3 207774
102574 16 5 207775
102576 16 9 207776
102582 16 14 207766
102584 16 10 207789
102586 16 22 207770
102596 16 10 207777
102624 16 3 207762
102626 16 3 207810
102628 16 21 207769
102632 16 23 207831
102634 16 3 207834
102636 16 5 207811
102638 16 19 207780
102646 16 23 207819
102652 16 14 207838
102658 16 19 207804
102660 16 23 207771
102662 16 1 207772
102664 16 5 207787
102670 16 23 207807
102710 16 3 239002
102712 16 5 239003
102714 16 9 239004
102716 16 10 239005
102718 16 14 239006
102720 16 15 239007
102722 16 19 239008
102724 16 21 239009
102726 16 22 239010
102728 16 23 239011
102730 16 1 239012
102742 16 2 239013
102744 16 3 239014
102746 16 5 239015
102754 16 9 239016
102756 16 10 239017
102758 16 14 239018
102760 16 15 239019
102762 16 19 239020
102764 16 21 239021
102766 16 22 239022
102768 16 23 239023
102770 16 1 239024
102772 16 2 239025
102774 16 3 239026
102776 16 5 239027
102778 16 9 239028
102780 16 10 239029
102782 16 14 239030
102786 16 15 239031
102790 16 19 239032
102794 16 21 239033
102798 16 22 239034
102802 16 23 239035
102804 16 1 239036
102808 16 2 239037
102810 16 3 239038
102812 16 5 239039
102814 16 9 239040
102816 16 10 239041
102818 16 14 239042
102822 16 15 239043
102826 16 19 239044
102830 16 21 239045
102832 16 22 239046
102834 16 23 239047
102836 16 1 239048
102838 16 2 239049
102840 16 3 239050
102842 16 5 239051
102844 16 9 239052
102846 16 10 239053
102848 16 14 239054
102850 16 15 239055
102852 16 19 239056
102854 16 21 239057
102858 16 22 239058
102860 16 23 239059
102862 16 1 239060
102880 16 2 239061
102882 16 3 239062
102884 16 5 239063
102886 16 9 239064
102888 16 10 239065
102890 16 14 239066
102900 16 15 239067
102902 16 19 239068
102904 16 21 239069
102906 16 22 239070
102908 16 23 239071
102914 16 1 239072
102918 16 2 239073
102922 16 3 239074
102926 16 5 239075
102928 16 9 239076
102930 16 10 239077
102932 16 14 239078
102934 16 15 239079
102936 16 19 239080
102938 16 21 239081
102940 16 22 239082
102942 16 23 239083
102944 16 1 239084
102946 16 2 239085
102948 16 3 239086
102950 16 5 239087
102952 16 9 239088
102954 16 10 239089
102956 16 14 239090
102958 16 15 239091
102960 16 19 239092
102962 16 21 239093
102964 16 22 239094
102966 16 23 239095
102968 16 1 239096
102970 16 2 239097
102972 16 3 239098
102974 16 5 239099
102976 16 9 239100
102978 16 10 239101
102980 16 14 239102
102982 16 15 239103
102984 16 19 239104
102986 16 21 239105
102988 16 22 239106
102990 16 23 239107
102992 16 1 239108
102994 16 2 239109
102996 16 3 239110
102998 16 5 239111
103000 16 9 239112
103002 16 10 239113
103004 16 14 239114
103006 16 15 239115
103008 16 19 239116
103010 16 21 239117
103012 16 22 239118
103014 16 23 239119
103016 16 1 239120
103018 16 2 239121
103020 16 3 239122
103022 16 5 239123
103024 16 9 239124
103026 16 10 239125
103028 16 14 239126
103030 16 15 239127
103032 16 19 239128
103034 16 21 239129
103044 16 22 239130
103046 16 23 239131
103048 16 1 239132
103050 16 2 239133
103052 16 3 239134
103054 16 5 239135
103056 16 9 239136
103058 16 10 239137
103060 16 14 239138
103062 16 15 239139
103064 16 19 239140
103068 16 21 239141
103070 16 22 239142
103072 16 23 239143
103074 16 1 239144
103076 16 2 239145
103078 16 3 239146
103080 16 5 239147
103082 16 9 239148
103084 16 10 239149
103086 16 14 239150
103088 16 15 239151
103090 16 19 239152
103092 16 21 239153
103094 16 22 239154
103096 16 23 239155
103098 16 1 239156
103100 16 2 239157
103102 16 3 239158
103104 16 5 239159
103106 16 9 239160
103108 16 10 239161
103110 16 14 239162
103112 16 15 239163
103114 16 19 239164
103116 16 21 239165
103118 16 22 239166
103120 16 23 239167
103122 16 1 239168
103124 16 2 239169
103126 16 3 239170
103128 16 5 239171
103130 16 9 239172
103132 16 10 239173
103134 16 14 239174
103136 16 15 239175
103138 16 19 239176
103140 16 21 239177
103142 16 22 239178
103144 16 23 239179
103146 16 1 239180
103148 16 2 239181
103150 16 3 239182
103152 16 5 239183
103154 16 9 239184
103156 16 10 239185
103158 16 14 239186
103160 16 15 239187
103162 16 19 239188
103164 16 21 239189
103166 16 22 239190
103168 16 23 239191
103170 16 1 239192
103172 16 2 239193
103174 16 3 239194
103176 16 5 239195
103180 16 9 239196
103182 16 10 239197
103184 16 14 239198
103186 16 15 239199
103188 16 19 239200
103190 16 21 239201
103192 16 22 239202
103194 16 23 239203
103196 16 1 239204
103198 16 2 239205
103200 16 3 239206
103202 16 5 239207
103204 16 9 239208
103206 16 10 239209
103208 16 14 239210
103210 16 15 239211
103212 16 19 239212
103214 16 21 239213
103216 16 22 239214
103218 16 23 239215
103220 16 1 239216
103222 16 2 239217
103224 16 3 239218
103226 16 5 239219
103228 16 9 239220
103230 16 10 239221
103232 16 14 239222
103234 16 15 239223
103236 16 19 239224
103238 16 21 239225
103240 16 22 239226
103242 16 23 239227
103244 16 1 239228
103246 16 2 239229
103248 16 3 239230
103250 16 5 239231
103252 16 9 239232
103254 16 10 239233
103256 16 14 239234
103258 16 15 239235
103260 16 19 239236
103262 16 21 239237
103264 16 22 239238
103266 16 23 239239
103268 16 1 239240
103270 16 2 239241
103280 16 3 239242
103282 16 5 239243
103284 16 9 239244
103286 16 10 239245
103288 16 14 239246
103290 16 15 239247
103292 16 19 239248
103294 16 21 239249
103296 16 22 239250
103298 16 23 239251
103300 16 1 239252
103302 16 2 239253
103304 16 3 239254
103306 16 5 239255
103308 16 9 239256
103310 16 10 239257
103314 16 14 239258
103316 16 15 239259
103318 16 19 239260
103320 16 21 239261
103322 16 22 239262
103324 16 23 239263
103326 16 1 239264
103328 16 2 239265
103330 16 3 239266
103332 16 5 239267
103334 16 9 239268
103338 16 10 239269
103340 16 14 239270
103342 16 15 239271
103344 16 19 239272
103346 16 21 239273
103348 16 22 239274
103350 16 23 239275
103352 16 1 239276
103354 16 2 239277
103356 16 3 239278
103358 16 5 239279
103360 16 9 239280
103362 16 10 239281
103364 16 14 239282
103366 16 15 239283
103368 16 19 239284
103370 16 21 239285
103372 16 22 239286
103374 16 23 239287
103376 16 1 239288
103378 16 2 239289
103380 16 3 239290
103382 16 5 239291
103384 16 9 239292
103386 16 10 239293
103388 16 14 239294
103390 16 15 239295
103392 16 19 239296
103394 16 21 239297
103396 16 22 239298
103398 16 23 239299
103400 16 1 239300
103402 16 2 239301
103404 16 3 239302
103410 16 5 239303
103412 16 9 239304
103414 16 10 239305
103416 16 14 239306
103418 16 15 239307
103420 16 19 239308
103422 16 21 239309
103424 16 22 239310
103426 16 23 239311
103428 16 1 239312
103430 16 2 239313
103436 16 3 239314
103438 16 5 239315
103440 16 9 239316
103442 16 10 239317
103444 16 14 239318
103446 16 15 239319
103450 16 19 239320
103452 16 21 239321
103454 16 22 239322
103476 16 23 239323
103478 16 1 239324
103480 16 2 239325
103482 16 3 239326
103484 16 5 239327
103486 16 9 239328
103488 16 10 239329
103490 16 14 239330
103492 16 15 239331
103500 16 19 239332
103502 16 21 239333
103504 16 22 239334
103506 16 23 239335
103508 16 1 239336
103526 16 2 239337
103528 16 3 239338
103530 16 5 239339
103532 16 9 239340
103560 16 10 239341
103562 16 14 239342
103564 16 15 239343
103566 16 19 239344
103568 16 21 239345
103570 16 22 239346
103572 16 23 239347
103574 16 1 239348
103576 16 2 239349
103580 16 3 239350
103582 16 5 239351
103592 16 9 239352
103594 16 10 239353
103596 16 14 239354
103598 16 15 239355
103602 16 19 239356
103620 16 21 239357
103622 16 22 239358
103646 16 23 239359
103648 16 1 239360
103650 16 2 239361
103652 16 3 239362
103654 16 5 239363
103656 16 9 239364
103658 16 10 239365
103660 16 14 239366
103662 16 15 239367
103664 16 19 239368
103666 16 21 239369
103668 16 22 239370
103696 16 23 239371
103698 16 1 239372
103700 16 2 239373
103702 16 3 239374
103704 16 5 239375
103706 16 9 239376
103708 16 10 239377
103714 16 14 239378
103734 16 15 239379
103736 16 19 239380
103738 16 21 239381
103778 16 22 239382
103780 16 23 239383
103782 16 1 239384
103784 16 2 239385
103786 16 3 239386
103788 16 5 239387
103790 16 9 239388
103792 16 10 239389
103794 16 14 239390
103796 16 15 239391
103798 16 19 239392
103800 16 21 239393
103802 16 22 239394
103804 16 23 239395
103806 16 1 239396
103808 16 2 239397
103810 16 3 239398
103812 16 5 239399
103828 16 9 239400
103830 16 10 239401
103832 16 14 239402
103834 16 15 239403
103874 16 19 239404
103880 16 21 239405
103902 16 22 239406
103904 16 23 239407
103906 16 1 239408
103908 16 2 239409
103918 16 3 239410
103930 16 5 239411
103932 16 9 239412
103942 16 10 239413
103950 16 14 239414
103956 16 15 239415
103972 16 19 239416
103974 16 21 239417
103976 16 22 239418
103984 16 23 239419
103986 16 1 239420
103988 16 2 239421
104016 16 3 239422
104018 16 5 239423
104022 16 9 239424
104024 16 10 239425
104028 16 14 239426
104030 16 15 239427
104034 16 19 239428
104036 16 21 239429
104038 16 22 239430
104040 16 23 239431
104042 16 1 239432
104044 16 2 239433
104046 16 3 239434
104048 16 5 239435
104050 16 9 239436
104056 16 10 239437
104060 16 14 239438
104062 16 15 239439
104066 16 19 239440
104068 16 21 239441
104070 16 22 239442
104072 16 23 239443
104074 16 1 239444
104076 16 2 239445
104088 16 3 239446
104090 16 5 239447
104092 16 9 239448
104094 16 10 239449
104096 16 14 239450
104098 16 15 239451
104110 16 19 239452
104112 16 21 239453
104114 16 22 239454
104116 16 23 239455
104118 16 1 239456
104120 16 2 239457
104122 16 3 239458
104124 16 5 239459
104126 16 9 239460
104128 16 10 239461
104130 16 14 239462
104132 16 15 239463
104134 16 19 239464
104136 16 21 239465
104138 16 22 239466
104140 16 1 0
104142 16 19 32
104144 16 1 144
104174 16 15 55
104242 16 9 4
104244 16 2 37
104246 16 5 171
104248 16 14 174
104250 16 15 175
104252 16 5 195
104256 16 3 38
104260 16 2 1
104264 16 14 6
104266 16 15 7
104268 16 19 8
104270 16 21 9
104272 16 23 11
104274 16 2 13
104276 16 5 15
104278 16 15 955
104282 16 5 63
104284 16 14 162
104286 16 22 214
104290 16 15 187
104294 16 2 49
104298 16 19 188
104300 16 21 189
104302 16 14 198
104304 16 15 199
104308 16 19 44
104314 16 23 191
104316 16 23 215
104320 16 1 192
104322 16 3 206
104350 16 9 64
104352 16 10 197
104356 16 21 33
104358 16 22 58
104360 16 2 61
104364 16 23 35
104370 16 2 169
104372 16 5 207
104376 16 19 140
104382 16 22 202
104384 16 10 209
104388 16 5 51
104390 16 1 72
104392 16 3 74
104394 16 15 211
104396 16 19 212
104400 16 21 213
104404 16 23 47
104406 16 5 219
104416 16 9 16
104422 16 5 3
104434 16 22 70
104436 16 21 201
104440 16 5 267
104442 16 22 910
104444 16 14 990
104446 16 23 719
104448 16 21 765
104450 16 14 786
104452 16 14 1150
104458 16 1 1948
104460 16 19 1968
104462 16 10 1641
104468 16 5 1159
104470 16 3 1542
104472 16 14 1942
104474 16 3 26118
104476 16 9 26120
104480 16 5 26119
104488 16 1 26164
104490 16 14 26182
104492 16 15 26195
104494 16 5 26215
104496 16 10 26217
104798 16 19 26484
104800 16 2 25721
104804 16 19 26412
104806 16 21 26413
104808 16 14 26590
104810 16 2 124649
104812 16 3 124650
104814 16 10 3917
104816 16 2 3985
104818 16 23 3635
104820 16 2 8189
104822 16 9 7844
104824 16 9 8144
104826 16 10 7617
104828 16 2 25177
104834 16 23 25211
104836 16 23 25103
104838 16 10 25133
104840 16 1 25536
104842 16 23 73859
104844 16 2 73873
104846 16 3 73874
104848 16 5 73875
104910 16 5 73887
104912 16 15 74071
104914 16 19 74072
104924 16 22 5766
104928 16 2 5781
104938 16 9 5436
104940 16 3 5842
104942 16 23 133707
104944 16 9 134060
104946 16 3 134070
104948 16 1 134044
104950 16 2 134045
104952 16 3 134046
104954 16 5 134047
104956 16 9 134048
104958 16 10 134049
104960 16 14 134050
104962 16 15 134051
104964 16 19 134052
104966 16 21 134053
104968 16 22 134054
104970 16 23 134055
104972 16 1 134056
104974 16 2 134057
104976 16 3 134058
104978 16 5 134059
104982 16 10 134061
104984 16 14 134062
104986 16 15 134063
104988 16 19 134064
104990 16 21 134065
104992 16 22 134066
104994 16 23 134067
104996 16 1 134068
104998 16 2 134069
105002 16 5 134071
105004 16 9 134072
105006 16 10 134073
105008 16 14 134074
105010 16 15 134075
105012 16 19 134076
105014 16 21 134077
105016 16 22 134078
105018 16 23 134079
105020 16 1 134080
105022 16 2 134081
105024 16 3 134082
105026 16 5 134083
105028 16 9 134084
105030 16 10 134085
105032 16 14 134086
105034 16 15 134087
105036 16 19 134088
105038 16 21 134089
105040 16 22 134090
105042 16 23 134091
105044 16 1 134092
105046 16 2 134093
105048 16 3 134094
105050 16 5 134095
105052 16 9 134096
105054 16 10 134097
105056 16 14 134098
105058 16 15 134099
105060 16 19 134100
105062 16 21 134101
105064 16 22 134102
105066 16 23 134103
105068 16 1 134104
105070 16 2 134105
105072 16 3 134106
105074 16 5 134107
105076 16 9 134108
105078 16 10 134109
105080 16 14 134110
105082 16 15 134111
105084 16 19 134112
105086 16 21 134113
105088 16 22 134114
105090 16 23 134115
105092 16 1 134116
105094 16 2 134117
105096 16 3 134118
105098 16 5 134119
105100 16 9 134120
105102 16 10 134121
105104 16 14 134122
105106 16 15 134123
105108 16 19 134124
105110 16 21 134125
105112 16 22 134126
105114 16 23 134127
105116 16 1 134128
105118 16 2 134129
105120 16 3 134130
105122 16 5 134131
105124 16 9 134132
105126 16 10 134133
105128 16 14 134134
105130 16 15 134135
105132 16 19 134136
105134 16 21 134137
105136 16 22 134138
105138 16 23 134139
105140 16 1 134140
105142 16 2 134141
105144 16 3 134142
105146 16 5 134143
105148 16 15 133187
105150 16 22 28922
105152 16 23 28923
105354 16 21 29053
105356 16 2 62849
105358 16 2 6325
105360 16 19 6596
105368 16 3 6998
105370 16 10 6485
105372 16 19 16848
105374 16 3 16974
105376 16 19 16572
105378 16 10 16821
105382 16 19 42412
105388 16 3 42346
105390 16 3 42142
105392 16 14 184422
105394 16 19 184436
105396 16 3 184430
105398 16 5 184431
105400 16 2 184609
105402 16 3 184610
105404 16 5 184611
105406 16 9 184612
105408 16 10 184613
105410 16 14 184614
105412 16 15 184615
105414 16 3 184718
105416 16 22 184726
105418 16 23 184859
105420 16 1 184860
105422 16 2 184861
105424 16 3 184862
105426 16 5 184863
105428 16 9 184864
105430 16 10 184865
105432 16 14 184866
105434 16 15 184867
105436 16 19 184868
105438 16 15 184975
105440 16 9 185020
105442 16 10 185081
105444 16 5 184995
105446 16 3 185018
105450 16 15 185035
105452 16 9 185080
105456 16 15 184963
105458 16 19 184964
105460 16 21 184965
105462 16 22 184966
105464 16 23 184967
105466 16 5 184971
105468 16 14 184974
105472 16 19 184976
105474 16 21 184977
105476 16 23 184979
105478 16 1 184980
105480 16 2 184981
105482 16 3 184982
105484 16 5 184983
105486 16 9 184984
105488 16 14 184986
105490 16 19 184988
105492 16 21 184989
105494 16 1 184992
105496 16 3 184994
105498 16 14 184998
105500 16 15 184999
105502 16 19 185000
105504 16 1 185004
105506 16 14 185010
105508 16 2 185017
105514 16 19 185024
105516 16 2 185029
105518 16 3 185030
105522 16 19 185036
105524 16 21 185037
105526 16 22 185038
105528 16 23 185039
105530 16 1 185040
105532 16 2 185041
105534 16 3 185042
105536 16 5 185043
105540 16 3 185090
105542 16 5 185091
105544 16 9 185092
105546 16 10 185093
105548 16 14 185094
105550 16 19 185096
105556 16 5 185103
105564 16 1 71616
105568 16 10 71645
105570 16 15 135259
105638 16 22 135274
105650 16 19 135200
105696 16 10 13617
105698 16 22 72882
105700 16 19 72892
105702 16 3 73030
105704 16 9 73032
105708 16 5 73031
105984 16 2 73029
106008 16 10 39733
106010 16 23 99855
106012 16 1 99604
106014 16 10 2185
106016 16 9 78080
106018 16 1 78220
106020 16 10 111993
106022 16 3 112050
106024 16 2 64909
106026 16 15 27823
106028 16 1 28584
106034 16 22 28426
106036 16 21 27933
106038 16 19 28556
106040 16 19 28580
106044 16 15 28363
106046 16 21 28425
106048 16 23 130719
106050 16 19 130728
106052 16 21 130729
106054 16 5 130735
106056 16 21 130765
106058 16 9 10688
106074 16 1 132192
106084 16 15 133003
106088 16 21 133005
106090 16 5 133011
106092 16 9 133012
106094 16 22 133018
106096 16 15 132775
106098 16 1 132768
106100 16 5 183067
106102 16 9 183068
106104 16 10 183069
106106 16 14 183070
106108 16 15 183071
106110 16 19 183072
106112 16 21 183073
106114 16 22 183074
106116 16 23 183075
106118 16 1 183076
106120 16 2 183077
106122 16 3 183078
106124 16 5 183079
106126 16 9 183080
106128 16 10 183081
106130 16 14 183082
106132 16 15 183083
106134 16 19 183084
106136 16 21 183085
106138 16 22 183086
106140 16 23 183087
106142 16 1 183088
106144 16 2 183089
106146 16 3 183090
106148 16 5 183091
106150 16 9 183092
106152 16 10 183093
106154 16 14 183094
106156 16 15 183095
106158 16 19 183096
106160 16 21 183097
106162 16 22 183098
106164 16 23 183099
106166 16 1 183100
106168 16 2 183101
106170 16 3 183102
106172 16 5 183103
106174 16 9 183104
106176 16 10 183105
106178 16 14 183106
106180 16 15 183107
106182 16 19 183108
106184 16 21 183109
106186 16 22 183110
106188 16 23 183111
106190 16 1 183112
106192 16 2 183113
106194 16 3 183114
106196 16 5 183115
106198 16 9 183116
106200 16 10 183117
106202 16 14 183118
106204 16 15 183119
106206 16 19 183120
106208 16 21 183121
106210 16 22 183122
106212 16 23 183123
106214 16 1 183124
106224 16 5 183151
106226 16 9 183152
106228 16 10 183153
106230 16 14 183154
106232 16 15 183155
106234 16 19 183156
106236 16 21 183157
106238 16 22 183158
106240 16 23 183159
106242 16 1 183160
106244 16 2 183161
106246 16 3 183162
106248 16 5 183163
106250 16 9 183164
106252 16 10 183165
106254 16 14 183166
106256 16 15 183167
106258 16 19 183168
106260 16 21 183169
106262 16 22 183170
106264 16 23 183171
106266 16 1 183172
106268 16 2 183173
106270 16 3 183174
106272 16 5 183175
106274 16 9 183176
106276 16 10 183177
106278 16 14 183178
106280 16 15 183179
106282 16 19 183180
106284 16 22 142150
106286 16 23 142151
106288 16 19 95336
106290 16 1 75292
106292 16 5 18107
106294 16 3 24094
106296 16 5 24227
106298 16 1 134144
106300 16 2 134145
106302 16 3 134146
106304 16 5 134147
106306 16 9 134148
106308 16 10 134149
106310 16 14 134150
106312 16 15 134151
106314 16 19 134152
106316 16 21 134153
106318 16 22 134154
106320 16 23 134155
106322 16 1 134156
106324 16 2 134157
106326 16 3 134158
106328 16 5 134159
106330 16 9 134160
106332 16 10 134161
106334 16 14 134162
106336 16 15 134163
106338 16 19 134164
106340 16 21 134165
106342 16 22 134166
106344 16 23 134167
106346 16 2 134169
106348 16 3 134170
106350 16 5 134171
106352 16 9 134172
106354 16 10 134173
106356 16 14 134174
106358 16 15 134175
106360 16 19 134176
106362 16 21 134177
106364 16 22 134178
106366 16 23 134179
106368 16 1 134180
106370 16 2 134181
106372 16 3 134182
106374 16 5 134183
106376 16 9 134184
106378 16 10 134185
106380 16 14 134186
106382 16 15 134187
106384 16 19 134188
106386 16 21 134189
106388 16 22 134190
106390 16 23 134191
106392 16 1 134192
106394 16 2 134193
106396 16 3 134194
106398 16 5 134195
106400 16 9 134196
106402 16 10 134197
106404 16 14 134198
106406 16 15 134199
106408 16 19 134200
106410 16 21 134201
106412 16 22 134202
106414 16 23 134203
106416 16 1 134204
106418 16 2 134205
106420 16 3 134206
106422 16 5 134207
106424 16 9 134208
106426 16 10 134209
106428 16 14 134210
106430 16 15 134211
106432 16 19 134212
106434 16 21 134213
106436 16 22 134214
106438 16 23 134215
106440 16 1 134216
106442 16 2 134217
106444 16 3 134218
106446 16 5 134219
106448 16 9 134220
106450 16 10 134221
106452 16 14 134222
106454 16 15 134223
106456 16 19 134224
106458 16 21 134225
106460 16 22 134226
106462 16 23 134227
106464 16 1 134228
106466 16 2 134229
106468 16 3 134230
106470 16 5 134231
106472 16 9 134232
106474 16 10 134233
106476 16 14 134234
106478 16 15 134235
106480 16 19 134236
106482 16 21 134237
106484 16 22 134238
106486 16 23 134239
106488 16 1 134240
106490 16 2 134241
106492 16 3 134242
106494 16 5 134243
106496 16 9 134244
106498 16 10 134245
106500 16 14 134246
106502 16 15 134247
106504 16 19 134248
106506 16 21 134249
106508 16 22 134250
106510 16 23 134251
106512 16 1 134252
106514 16 2 134253
106516 16 3 134254
106518 16 5 134255
106520 16 9 134256
106522 16 10 134257
106524 16 14 134258
106526 16 15 134259
106528 16 19 134260
106530 16 21 134261
106532 16 22 134262
106534 16 23 134263
106536 16 1 134264
106538 16 2 134265
106540 16 3 134266
106542 16 5 134267
106544 16 9 134268
106546 16 10 134269
106548 16 14 134270
106550 16 15 134271
106552 16 3 134374
106554 16 15 134739
106556 16 19 134740
106558 16 21 134741
106560 16 22 134742
106562 16 23 134743
106564 16 1 134744
106566 16 2 134745
106568 16 3 134746
106570 16 5 134747
106572 16 9 134748
106574 16 10 134749
106576 16 14 134750
106578 16 2 134805
106580 16 10 135133
106582 16 21 221253
106586 16 15 221275
106588 16 21 221289
106590 16 22 221290
106592 16 23 221291
106594 16 10 221297
106620 16 14 221298
106622 16 5 221439
106624 16 5 221475
106626 16 9 221476
106628 16 10 221477
106630 16 23 221627
106632 16 2 221629
106634 16 14 221670
106636 16 1 221676
106638 16 5 221679
106640 16 9 221680
106642 16 14 221658
106646 16 2 221677
106650 16 19 221660
106652 16 9 221668
106654 16 19 221708
106658 16 2 221665
106660 16 1 221664
106664 16 14 221682
106666 16 3 221654
106670 16 22 221674
106672 16 23 221675
106678 16 5 221655
106680 16 15 221659
106684 16 22 221662
106688 16 9 221656
106690 16 10 221669
106698 16 19 221696
106700 16 10 221693
106702 16 2 221689
106704 16 21 221697
106706 16 22 221722
106708 16 23 221699
106710 16 1 221820
106712 16 3 221834
106714 16 1 221832
106716 16 2 221833
106718 16 21 221889
106720 16 9 221884
106722 16 19 221888
106726 16 14 221886
106728 16 3 221894
106730 16 5 221907
106732 16 15 221911
106734 16 9 221944
106736 16 10 221945
106738 16 14 221946
106740 16 19 221948
106742 16 21 221949
106744 16 3 221942
106752 16 15 221947
106756 16 15 221935
106758 16 14 221934
106762 16 19 221936
106764 16 5 221943
106766 16 22 221938
106768 16 23 221939
106770 16 1 221940
106772 16 22 221950
106780 16 3 221966
106782 16 19 221984
106784 16 5 222003
106786 16 3 222002
106788 16 15 222019
106790 16 19 222020
106792 16 21 222021
106794 16 22 222022
106796 16 23 222023
106798 16 1 222024
106812 16 3 222026
106814 16 2 222037
106816 16 5 222039
106818 16 5 222027
106820 16 9 222028
106822 16 10 222029
106824 16 14 222030
106826 16 15 222031
106828 16 19 222032
106830 16 21 222033
106832 16 22 222034
106834 16 23 222035
106836 16 1 222036
106840 16 3 222038
107064 16 9 222040
107066 16 10 222041
107068 16 14 222042
107070 16 15 222043
107072 16 19 222044
107074 16 21 222045
107076 16 22 222046
107078 16 23 222047
107080 16 1 222048
107248 16 2 222049
107250 16 3 222050
107252 16 5 222051
107254 16 9 222052
107256 16 10 222053
107258 16 14 222054
107260 16 15 222055
107262 16 19 222056
107264 16 21 222057
107266 16 22 222058
107468 16 23 222059
107470 16 1 222060
107472 16 2 222061
107474 16 3 222062
107476 16 5 222063
107478 16 9 222064
107480 16 10 222065
107482 16 14 222066
107484 16 15 222067
107486 16 19 222068
107622 16 3 221426
107728 16 21 222105
107730 16 23 222107
107732 16 1 222108
107734 16 2 222109
107736 16 3 222110
107738 16 5 222111
107740 16 9 222112
107742 16 10 222113
107744 16 14 222114
107746 16 15 222115
107748 16 19 222116
107750 16 21 222117
107752 16 22 222118
107754 16 1 222120
107756 16 2 222121
107758 16 3 222122
107760 16 5 222123
107762 16 9 222124
107764 16 10 222125
107766 16 14 222126
107768 16 15 222127
107770 16 19 222128
107772 16 21 222129
107774 16 22 222130
107776 16 23 222131
107778 16 15 222103
109080 16 14 222162
109082 16 15 222163
109084 16 9 222184
109086 16 10 222185
109088 16 23 41295
109090 16 1 41296
109094 16 19 182036
109098 16 19 20560
109100 16 21 20813
109102 16 14 183506
109104 16 15 183507
109106 16 19 183508
109108 16 15 183543
109110 16 19 183544
109112 16 21 183545
109114 16 15 183687
109116 16 3 183850
109120 16 2 183885
109122 16 5 184103
109124 16 9 184104
109126 16 10 184105
109128 16 14 184106
109132 16 21 184109
109134 16 23 184123
109140 16 19 184108
109142 16 22 184110
109150 16 1 184112
109154 16 2 184113
109156 16 3 184114
109160 16 5 184115
109164 16 9 184116
109166 16 15 184119
109168 16 14 184118
109172 16 19 184120
109174 16 21 184121
109176 16 22 184122
109192 16 1 184124
109194 16 15 184131
109198 16 10 184129
109204 16 3 184126
109220 16 9 184128
109224 16 2 184125
109228 16 21 184133
109232 16 5 184127
109234 16 1 184136
109240 16 14 184130
109246 16 2 184137
109248 16 5 184139
109252 16 5 184151
109256 16 23 184267
109264 16 5 131687
109310 16 9 131688
109338 16 19 131692
109340 16 22 131694
109344 16 23 131695
109350 16 21 50929
109352 16 9 51044
109356 16 5 43395
109358 16 2 43621
109360 16 23 44739
109362 16 14 61926
109364 16 19 45364
109366 16 1 47476
109368 16 15 136523
109370 16 19 81988
109372 16 10 82009
109374 16 14 82598
109376 16 10 185457
109410 16 10 185541
109412 16 9 185540
109414 16 19 185568
109420 16 2 185597
109424 16 3 185598
109466 16 5 185599
109468 16 9 185600
109470 16 10 185601
109472 16 14 185602
109674 16 1 185716
109676 16 2 185813
109692 16 10 72201
109694 16 14 91142
109696 16 23 51943
109698 16 2 52149
109700 16 3 52814
109702 16 23 54811
109704 16 21 49869
109706 16 5 49263
109708 16 21 249657
109710 16 22 249658
109712 16 23 249659
109714 16 1 249660
109716 16 2 249661
109718 16 3 249662
109720 16 5 249663
109722 16 9 249664
109724 16 10 249665
109726 16 14 249666
109728 16 15 249667
109730 16 19 249668
109732 16 21 249669
109734 16 22 249670
109736 16 23 249671
109738 16 1 249672
109740 16 2 249673
109742 16 3 249674
109744 16 5 249675
109746 16 9 249676
109748 16 10 249677
109750 16 14 249678
109752 16 15 249679
109754 16 19 249680
109756 16 21 249681
109758 16 22 249682
109760 16 23 249683
109762 16 1 249684
109764 16 2 249685
109766 16 3 249686
109768 16 5 249687
109770 16 9 249688
109772 16 10 249689
109774 16 14 249690
109776 16 15 249691
109778 16 19 249692
109780 16 21 249693
109782 16 22 249694
109784 16 23 249695
109786 16 1 249696
109788 16 2 249697
109790 16 3 249698
109792 16 5 249699
109794 16 9 249700
109796 16 10 249701
109798 16 14 249702
109800 16 15 249703
109802 16 19 249704
109804 16 21 249705
109806 16 22 249706
109808 16 23 249707
109810 16 1 249708
109812 16 2 249709
109814 16 3 249710
109816 16 5 249711
109818 16 9 249712
109820 16 10 249713
109822 16 14 249714
109824 16 15 249715
109826 16 19 249716
109828 16 21 249717
109830 16 22 249718
109832 16 23 249719
109834 16 1 249720
109836 16 2 249721
109838 16 3 249722
109840 16 5 249723
109842 16 9 249724
109844 16 10 249725
109846 16 14 249726
109848 16 15 249727
109850 16 19 249728
109852 16 21 249729
109854 16 22 249730
109856 16 23 249731
109858 16 1 249732
109860 16 2 249733
109862 16 3 249734
109864 16 5 249735
109866 16 9 249736
109868 16 10 249737
109870 16 14 249738
109872 16 15 249739
109874 16 19 249740
109876 16 21 249741
109878 16 22 249742
109880 16 23 249743
109882 16 1 249744
109884 16 2 249745
109886 16 3 249746
109888 16 5 249747
109890 16 9 249748
109892 16 10 249749
109894 16 14 249750
109896 16 15 249751
109898 16 19 249752
109900 16 21 249753
109902 16 22 249754
109904 16 23 249755
109906 16 1 249756
109908 16 2 249757
109910 16 3 249758
109912 16 5 249759
109914 16 9 249760
109916 16 10 249761
109918 16 14 249762
109920 16 15 249763
109922 16 19 249764
109924 16 21 249765
109926 16 22 249766
109928 16 23 249767
109930 16 1 249768
109932 16 2 249769
109934 16 3 249770
109936 16 5 249771
109938 16 9 249772
109940 16 10 249773
109942 16 14 249774
109944 16 15 249775
109946 16 19 249776
109948 16 21 249777
109950 16 22 249778
109952 16 23 249779
109954 16 1 249780
109956 16 2 249781
109958 16 3 249782
109960 16 5 249783
109962 16 9 249784
109964 16 10 249785
109966 16 14 249786
109968 16 15 249787
109970 16 19 249788
109972 16 21 249789
109974 16 22 249790
109976 16 23 249791
109978 16 1 249792
109980 16 2 249793
109982 16 3 249794
109984 16 5 249795
109986 16 9 249796
109988 16 10 249797
109990 16 14 249798
109992 16 15 249799
109994 16 19 249800
109996 16 21 249801
109998 16 22 249802
110000 16 23 249803
110002 16 1 249804
110004 16 2 249805
110006 16 3 249806
110008 16 5 249807
110010 16 9 249808
110012 16 10 249809
110014 16 14 249810
110016 16 15 249811
110018 16 19 249812
110020 16 21 249813
110022 16 22 249814
110024 16 23 249815
110026 16 1 249816
110028 16 2 249817
110030 16 3 249818
110032 16 5 249819
110034 16 9 249820
110036 16 10 249821
110038 16 14 249822
110040 16 15 249823
110042 16 19 249824
110044 16 21 249825
110046 16 22 249826
110048 16 23 249827
110050 16 1 249828
110052 16 2 249829
110054 16 3 249830
110056 16 5 249831
110058 16 9 249832
110060 16 10 249833
110062 16 14 249834
110064 16 15 249835
110066 16 19 249836
110068 16 21 249837
110070 16 22 249838
110072 16 23 249839
110074 16 1 249840
110076 16 2 249841
110078 16 3 249842
110080 16 5 249843
110082 16 9 249844
110084 16 10 249845
110086 16 14 249846
110088 16 15 249847
110090 16 19 249848
110092 16 21 249849
110094 16 22 249850
110096 16 23 249851
110098 16 1 249852
110100 16 2 249853
110102 16 3 249854
110104 16 5 249855
110128 16 14 117402
110130 16 23 117383
110132 16 19 187988
110134 16 1 203112
110136 16 1 249856
110138 16 2 249857
110140 16 3 249858
110142 16 5 249859
110144 16 9 249860
110146 16 10 249861
110148 16 14 249862
110150 16 15 249863
110152 16 19 249864
110154 16 21 249865
110156 16 22 249866
110158 16 23 249867
110160 16 1 249868
110162 16 2 249869
110164 16 3 249870
110166 16 5 249871
110168 16 9 249872
110170 16 10 249873
110172 16 14 249874
110174 16 15 249875
110176 16 19 249876
110178 16 21 249877
110180 16 22 249878
110182 16 23 249879
110184 16 1 249880
110186 16 2 249881
110188 16 3 249882
110190 16 5 249883
110192 16 9 249884
110194 16 10 249885
110196 16 14 249886
110198 16 15 249887
110200 16 19 249888
110202 16 21 249889
110204 16 22 249890
110206 16 23 249891
110208 16 1 249892
110210 16 2 249893
110212 16 3 249894
110214 16 5 249895
110216 16 9 249896
110218 16 10 249897
110220 16 14 249898
110222 16 15 249899
110224 16 19 249900
110226 16 21 249901
110228 16 22 249902
110230 16 23 249903
110232 16 1 249904
110234 16 2 249905
110236 16 3 249906
110238 16 5 249907
110240 16 9 249908
110242 16 10 249909
110244 16 14 249910
110246 16 15 249911
110248 16 19 249912
110250 16 21 249913
110252 16 22 249914
110254 16 23 249915
110256 16 1 249916
110258 16 2 249917
110260 16 3 249918
110262 16 5 249919
110264 16 9 249920
110266 16 10 249921
110268 16 14 249922
110270 16 15 249923
110272 16 19 249924
110274 16 21 249925
110276 16 22 249926
110278 16 23 249927
110280 16 1 249928
110282 16 2 249929
110284 16 3 249930
110286 16 5 249931
110288 16 9 249932
110292 16 10 249933
110294 16 14 249934
110296 16 15 249935
110298 16 19 249936
110300 16 21 249937
110302 16 22 249938
110304 16 23 249939
110306 16 1 249940
110308 16 2 249941
110310 16 3 249942
110312 16 5 249943
110314 16 9 249944
110316 16 10 249945
110318 16 14 249946
110320 16 15 249947
110322 16 19 249948
110324 16 21 249949
110326 16 22 249950
110328 16 23 249951
110330 16 1 249952
110332 16 2 249953
110334 16 3 249954
110336 16 5 249955
110338 16 9 249956
110340 16 10 249957
110342 16 14 249958
110344 16 15 249959
110346 16 19 249960
110348 16 21 249961
110350 16 22 249962
110352 16 23 249963
110354 16 1 249964
110356 16 2 249965
110358 16 3 249966
110360 16 5 249967
110362 16 9 249968
110364 16 10 249969
110366 16 14 249970
110368 16 15 249971
110370 16 19 249972
110372 16 21 249973
110374 16 22 249974
110376 16 23 249975
110378 16 1 249976
110380 16 2 249977
110382 16 3 249978
110384 16 5 249979
110386 16 9 249980
110388 16 10 249981
110390 16 14 249982
110392 16 15 249983
110394 16 19 249984
110396 16 21 249985
110398 16 22 249986
110400 16 23 249987
110404 16 1 249988
110406 16 2 249989
110408 16 3 249990
110410 16 5 249991
110412 16 9 249992
110414 16 10 249993
110416 16 14 249994
110418 16 15 249995
110420 16 19 249996
110422 16 21 249997
110424 16 22 249998
110426 16 23 249999
110428 16 1 250000
110430 16 2 250001
110432 16 3 250002
110434 16 5 250003
110436 16 9 250004
110438 16 10 250005
110440 16 14 250006
110442 16 15 250007
110444 16 19 250008
110446 16 21 250009
110448 16 22 250010
110450 16 23 250011
110452 16 1 250012
110454 16 2 250013
110456 16 3 250014
110458 16 5 250015
110460 16 9 250016
110462 16 10 250017
110464 16 14 250018
110466 16 15 250019
110468 16 19 250020
110470 16 21 250021
110472 16 22 250022
110474 16 23 250023
110476 16 1 250024
110478 16 2 250025
110482 16 3 250026
110484 16 5 250027
110486 16 9 250028
110488 16 10 250029
110490 16 14 250030
110492 16 15 250031
110494 16 19 250032
110496 16 21 250033
110498 16 22 250034
110500 16 23 250035
110502 16 1 250036
110504 16 2 250037
110506 16 3 250038
110508 16 5 250039
110510 16 9 250040
110512 16 10 250041
110514 16 14 250042
110516 16 15 250043
110518 16 19 250044
110520 16 21 250045
110522 16 22 250046
110524 16 23 250047
110526 16 1 250048
110528 16 2 250049
110530 16 3 250050
110532 16 5 250051
110534 16 9 250052
110536 16 10 250053
110538 16 14 250054
110540 16 15 250055
110542 16 19 250056
110544 16 21 250057
110546 16 22 250058
110548 16 23 250059
110550 16 1 250060
110552 16 2 250061
110554 16 3 250062
110556 16 5 250063
110558 16 9 250064
110560 16 10 250065
110562 16 14 250066
110564 16 15 250067
110566 16 19 250068
110568 16 21 250069
110570 16 22 250070
110572 16 23 250071
110574 16 1 250072
110576 16 2 250073
110578 16 3 250074
110580 16 5 250075
110582 16 9 250076
110584 16 10 250077
110586 16 14 250078
110588 16 15 250079
110590 16 19 250080
110592 16 21 250081
110594 16 22 250082
110596 16 23 250083
110598 16 1 250084
110600 16 2 250085
110602 16 3 250086
110604 16 5 250087
110606 16 9 250088
110608 16 10 250089
110610 16 14 250090
110612 16 15 250091
110614 16 19 250092
110616 16 21 250093
110618 16 22 250094
110620 16 23 250095
110622 16 1 250096
110624 16 2 250097
110626 16 3 250098
110628 16 5 250099
110630 16 9 250100
110632 16 10 250101
110634 16 14 250102
110636 16 15 250103
110638 16 19 250104
110640 16 21 250105
110642 16 22 250106
110644 16 23 250107
110646 16 1 250108
110648 16 2 250109
110650 16 3 250110
110652 16 5 250111
110654 16 9 250112
110656 16 10 250113
110658 16 14 250114
110660 16 15 250115
110662 16 19 250116
110664 16 21 250117
110666 16 22 250118
110668 16 23 250119
110670 16 1 250120
110672 16 2 250121
110674 16 3 250122
110676 16 5 250123
110678 16 9 250124
110680 16 10 250125
110682 16 14 250126
110684 16 15 250127
110686 16 19 250128
110688 16 21 250129
110690 16 22 250130
110692 16 23 250131
110694 16 1 250132
110696 16 2 250133
110698 16 3 250134
110700 16 5 250135
110702 16 9 250136
110704 16 10 250137
110706 16 14 250138
110708 16 15 250139
110710 16 19 250140
110714 16 21 250141
110716 16 22 250142
110718 16 23 250143
110720 16 1 250144
110722 16 2 250145
110724 16 3 250146
110726 16 5 250147
110728 16 9 250148
110730 16 10 250149
110732 16 14 250150
110734 16 15 250151
110736 16 19 250152
110738 16 21 250153
110740 16 22 250154
110742 16 23 250155
110744 16 1 250156
110748 16 2 250157
110750 16 3 250158
110752 16 5 250159
110754 16 9 250160
110756 16 10 250161
110758 16 14 250162
110760 16 15 250163
110762 16 19 250164
110764 16 21 250165
110766 16 22 250166
110768 16 23 250167
110770 16 1 250168
110772 16 2 250169
110774 16 3 250170
110776 16 5 250171
110778 16 9 250172
110780 16 10 250173
110782 16 14 250174
110784 16 15 250175
110788 16 19 250176
110790 16 21 250177
110792 16 22 250178
110794 16 23 250179
110796 16 1 250180
110798 16 2 250181
110800 16 3 250182
110802 16 5 250183
110804 16 9 250184
110806 16 10 250185
110808 16 14 250186
110810 16 15 250187
110812 16 19 250188
110814 16 21 250189
110816 16 22 250190
110818 16 23 250191
110820 16 1 250192
110822 16 2 250193
110824 16 3 250194
110826 16 5 250195
110828 16 9 250196
110830 16 10 250197
110832 16 14 250198
110834 16 15 250199
110836 16 19 250200
110838 16 21 250201
110840 16 22 250202
110842 16 23 250203
110844 16 1 250204
110846 16 2 250205
110848 16 3 250206
110850 16 5 250207
110852 16 9 250208
110854 16 10 250209
110856 16 14 250210
110858 16 15 250211
110860 16 19 250212
110862 16 21 250213
110864 16 22 250214
110866 16 23 250215
110868 16 1 250216
110870 16 2 250217
110872 16 3 250218
110874 16 5 250219
110876 16 9 250220
110878 16 10 250221
110880 16 14 250222
110882 16 15 250223
110884 16 19 250224
110886 16 21 250225
110888 16 22 250226
110890 16 23 250227
110892 16 1 250228
110894 16 2 250229
110896 16 3 250230
110898 16 5 250231
110900 16 9 250232
110902 16 10 250233
110904 16 14 250234
110906 16 15 250235
110908 16 19 250236
110910 16 21 250237
110912 16 22 250238
110914 16 23 250239
110916 16 1 250240
110918 16 2 250241
110920 16 3 250242
110922 16 5 250243
110924 16 9 250244
110926 16 10 250245
110928 16 14 250246
110930 16 15 250247
110932 16 19 250248
110934 16 21 250249
110936 16 22 250250
110938 16 23 250251
110940 16 1 250252
110942 16 2 250253
110944 16 3 250254
110946 16 5 250255
110948 16 9 250256
110950 16 10 250257
110952 16 14 250258
110954 16 15 250259
110956 16 19 250260
110958 16 21 250261
110960 16 22 250262
110962 16 23 250263
110964 16 1 250264
110966 16 2 250265
110970 16 3 250266
110972 16 5 250267
110974 16 9 250268
110978 16 10 250269
110984 16 14 250270
110992 16 15 250271
110994 16 19 250272
110996 16 21 250273
110998 16 22 250274
111000 16 23 250275
111002 16 1 250276
111004 16 2 250277
111006 16 3 250278
111008 16 5 250279
111010 16 9 250280
111012 16 10 250281
111014 16 14 250282
111018 16 15 250283
111020 16 19 250284
111022 16 21 250285
111024 16 22 250286
111028 16 23 250287
111034 16 1 250288
111036 16 2 250289
111038 16 3 250290
111040 16 5 250291
111042 16 9 250292
111044 16 10 250293
111046 16 14 250294
111056 16 15 250295
111058 16 19 250296
111060 16 21 250297
111062 16 22 250298
111064 16 23 250299
111066 16 1 250300
111068 16 2 250301
111070 16 3 250302
111072 16 5 250303
111074 16 9 250304
111076 16 10 250305
111078 16 14 250306
111080 16 15 250307
111082 16 19 250308
111096 16 21 250309
111098 16 22 250310
111100 16 23 250311
111102 16 1 250312
111104 16 2 250313
111106 16 3 250314
111112 16 5 250315
111116 16 9 250316
111118 16 10 250317
111128 16 14 250318
111130 16 15 250319
111132 16 19 250320
111134 16 21 250321
111136 16 22 250322
111138 16 23 250323
111140 16 1 250324
111144 16 2 250325
111150 16 3 250326
111152 16 5 250327
111154 16 9 250328
111156 16 10 250329
111158 16 14 250330
111160 16 15 250331
111162 16 19 250332
111168 16 21 250333
111170 16 22 250334
111172 16 23 250335
111174 16 1 250336
111176 16 2 250337
111178 16 3 250338
111180 16 5 250339
111182 16 9 250340
111184 16 10 250341
111186 16 14 250342
111192 16 15 250343
111196 16 19 250344
111200 16 21 250345
111204 16 22 250346
111206 16 23 250347
111208 16 1 250348
111210 16 2 250349
111212 16 3 250350
111214 16 5 250351
111216 16 9 250352
111218 16 10 250353
111220 16 14 250354
111222 16 15 250355
111224 16 19 250356
111226 16 21 250357
111228 16 22 250358
111232 16 23 250359
111234 16 1 250360
111236 16 2 250361
111242 16 3 250362
111244 16 5 250363
111246 16 9 250364
111248 16 10 250365
111250 16 14 250366
111252 16 15 250367
111254 16 19 250368
111256 16 21 250369
111258 16 22 250370
111260 16 23 250371
111262 16 1 250372
111264 16 2 250373
111266 16 3 250374
111268 16 5 250375
111270 16 9 250376
111272 16 10 250377
111274 16 14 250378
111276 16 15 250379
111278 16 19 250380
111280 16 21 250381
111282 16 22 250382
111284 16 23 250383
111286 16 1 250384
111288 16 2 250385
111290 16 3 250386
111292 16 5 250387
111294 16 9 250388
111296 16 10 250389
111298 16 14 250390
111300 16 15 250391
111302 16 19 250392
111304 16 21 250393
111306 16 22 250394
111308 16 23 250395
111310 16 1 250396
111312 16 2 250397
111314 16 3 250398
111316 16 5 250399
111318 16 9 250400
111320 16 10 250401
111324 16 5 100511
111326 16 15 100671
111328 16 2 66717
111330 16 3 66634
111332 16 9 66636
111334 16 10 66685
111336 16 14 66686
111338 16 15 66687
111340 16 19 66688
111342 16 5 66719
111344 16 1 113324
111346 16 3 234470
111348 16 5 234471
111350 16 9 234472
111352 16 10 234473
111354 16 14 234474
111356 16 15 234475
111358 16 19 234476
111360 16 21 234477
111362 16 22 234478
111364 16 23 234479
111366 16 1 234480
111368 16 2 234481
111370 16 3 234482
111372 16 5 234483
111374 16 9 234484
111376 16 10 234485
111378 16 14 234486
111380 16 15 234487
111382 16 19 234488
111384 16 21 234489
111386 16 22 234490
111388 16 23 234491
111390 16 1 234492
111392 16 2 234493
111394 16 3 234494
111396 16 5 234495
111710 16 1 233472
111712 16 2 233473
111714 16 3 233474
111716 16 5 233475
111718 16 9 233476
111720 16 10 233477
111722 16 14 233478
111724 16 15 233479
111726 16 19 233480
111728 16 21 233481
111730 16 22 233482
111732 16 23 233483
111734 16 1 233484
111736 16 2 233485
111738 16 3 233486
111740 16 5 233487
111742 16 9 233488
111744 16 10 233489
111746 16 14 233490
111748 16 15 233491
111750 16 19 233492
111752 16 21 233493
111754 16 22 233494
111756 16 23 233495
111758 16 1 233496
111760 16 2 233497
111762 16 3 233498
111764 16 5 233499
111766 16 9 233500
111768 16 10 233501
111770 16 14 233502
111772 16 15 233503
111774 16 19 233504
111776 16 21 233505
111778 16 22 233506
111780 16 23 233507
111782 16 1 233508
111784 16 2 233509
111786 16 3 233510
111788 16 5 233511
111790 16 9 233512
111792 16 10 233513
111794 16 14 233514
111796 16 15 233515
111798 16 19 233516
111800 16 21 233517
111802 16 22 233518
111804 16 23 233519
111806 16 1 233520
111808 16 2 233521
111810 16 3 233522
111812 16 5 233523
111814 16 9 233524
111816 16 10 233525
111818 16 14 233526
111820 16 15 233527
111822 16 19 233528
111824 16 21 233529
111826 16 22 233530
111828 16 23 233531
111830 16 1 233532
111832 16 2 233533
111834 16 3 233534
111836 16 5 233535
111838 16 9 233536
111840 16 10 233537
111842 16 14 233538
111844 16 15 233539
111846 16 19 233540
111848 16 21 233541
111850 16 22 233542
111852 16 23 233543
111854 16 1 233544
111856 16 2 233545
111858 16 3 233546
111860 16 5 233547
111862 16 9 233548
111864 16 10 233549
111866 16 14 233550
111868 16 15 233551
111870 16 19 233552
111872 16 21 233553
111874 16 22 233554
111876 16 23 233555
111878 16 1 233556
111880 16 2 233557
111882 16 3 233558
111884 16 5 233559
111886 16 9 233560
111888 16 10 233561
111890 16 14 233562
111892 16 15 233563
111894 16 19 233564
111896 16 21 233565
111898 16 22 233566
111900 16 23 233567
111902 16 1 233568
111904 16 2 233569
111906 16 3 233570
111908 16 5 233571
111910 16 9 233572
111912 16 10 233573
111914 16 14 233574
111916 16 15 233575
111918 16 19 233576
111920 16 21 233577
111922 16 22 233578
111924 16 23 233579
111926 16 1 233580
111928 16 2 233581
111930 16 3 233582
111932 16 5 233583
111934 16 9 233584
111936 16 10 233585
111938 16 14 233586
111940 16 15 233587
111942 16 19 233588
111944 16 21 233589
111946 16 22 233590
111948 16 23 233591
111950 16 1 233592
111952 16 2 233593
111954 16 3 233594
111956 16 5 233595
111958 16 9 233596
111960 16 10 233597
111962 16 14 233598
111964 16 15 233599
111966 16 19 233600
111968 16 21 233601
111970 16 22 233602
111972 16 23 233603
111974 16 1 233604
111976 16 2 233605
111978 16 3 233606
111980 16 5 233607
111982 16 9 233608
111984 16 10 233609
111986 16 14 233610
111988 16 15 233611
111990 16 19 233612
111992 16 21 233613
111994 16 22 233614
111996 16 23 233615
111998 16 1 233616
112000 16 2 233617
112002 16 3 233618
112004 16 5 233619
112006 16 9 233620
112008 16 10 233621
112010 16 14 233622
112012 16 15 233623
112014 16 19 233624
112016 16 21 233625
112018 16 22 233626
112020 16 23 233627
112022 16 1 233628
112024 16 2 233629
112026 16 3 233630
112028 16 5 233631
112030 16 9 233632
112032 16 10 233633
112034 16 14 233634
112036 16 15 233635
112038 16 19 233636
112040 16 21 233637
112042 16 22 233638
112044 16 23 233639
112046 16 1 233640
112048 16 2 233641
112050 16 3 233642
112052 16 5 233643
112054 16 9 233644
112056 16 10 233645
112058 16 14 233646
112060 16 15 233647
112062 16 19 233648
112064 16 21 233649
112066 16 22 233650
112068 16 23 233651
112070 16 1 233652
112072 16 2 233653
112074 16 3 233654
112076 16 5 233655
112078 16 9 233656
112080 16 10 233657
112082 16 14 233658
112084 16 15 233659
112086 16 19 233660
112088 16 21 233661
112090 16 22 233662
112092 16 23 233663
112094 16 1 233664
112096 16 2 233665
112098 16 3 233666
112100 16 5 233667
112102 16 9 233668
112104 16 10 233669
112106 16 14 233670
112108 16 15 233671
112110 16 19 233672
112112 16 21 233673
112114 16 22 233674
112116 16 23 233675
112118 16 1 233676
112120 16 2 233677
112122 16 3 233678
112124 16 5 233679
112126 16 9 233680
112128 16 10 233681
112130 16 14 233682
112132 16 15 233683
112134 16 19 233684
112136 16 21 233685
112138 16 22 233686
112140 16 23 233687
112142 16 1 233688
112144 16 2 233689
112146 16 3 233690
112148 16 5 233691
112150 16 9 233692
112152 16 10 233693
112154 16 14 233694
112156 16 15 233695
112158 16 19 233696
112160 16 21 233697
112162 16 22 233698
112164 16 23 233699
112166 16 1 233700
112168 16 2 233701
112170 16 3 233702
112172 16 5 233703
112174 16 9 233704
112176 16 10 233705
112178 16 14 233706
112180 16 15 233707
112182 16 19 233708
112184 16 21 233709
112186 16 22 233710
112188 16 23 233711
112190 16 1 233712
112192 16 2 233713
112194 16 3 233714
112196 16 5 233715
112198 16 9 233716
112200 16 10 233717
112202 16 14 233718
112204 16 15 233719
112206 16 19 233720
112208 16 21 233721
112210 16 22 233722
112212 16 23 233723
112214 16 1 233724
112216 16 2 233725
112218 16 3 233726
112220 16 5 233727
112222 16 9 233728
112224 16 10 233729
112226 16 14 233730
112228 16 15 233731
112230 16 19 233732
112232 16 21 233733
112234 16 22 233734
112236 16 23 233735
112238 16 1 233736
112240 16 2 233737
112242 16 3 233738
112244 16 5 233739
112246 16 9 233740
112248 16 10 233741
112250 16 14 233742
112252 16 15 233743
112254 16 19 233744
112256 16 21 233745
112258 16 22 233746
112260 16 23 233747
112262 16 1 233748
112264 16 2 233749
112266 16 3 233750
112268 16 5 233751
112270 16 9 233752
112272 16 10 233753
112274 16 14 233754
112276 16 15 233755
112278 16 19 233756
112280 16 21 233757
112282 16 22 233758
112284 16 23 233759
112286 16 1 233760
112288 16 2 233761
112290 16 3 233762
112292 16 5 233763
112294 16 9 233764
112296 16 10 233765
112298 16 14 233766
112300 16 15 233767
112302 16 19 233768
112304 16 21 233769
112306 16 22 233770
112308 16 23 233771
112310 16 1 233772
112312 16 2 233773
112314 16 3 233774
112316 16 5 233775
112318 16 9 233776
112320 16 10 233777
112322 16 14 233778
112324 16 15 233779
112326 16 19 233780
112328 16 21 233781
112330 16 22 233782
112332 16 23 233783
112334 16 1 233784
112336 16 2 233785
112338 16 3 233786
112340 16 5 233787
112342 16 9 233788
112344 16 10 233789
112346 16 14 233790
112348 16 15 233791
112350 16 19 233792
112352 16 21 233793
112354 16 22 233794
112356 16 23 233795
112358 16 1 233796
112360 16 2 233797
112362 16 3 233798
112364 16 5 233799
112366 16 9 233800
112368 16 10 233801
112370 16 14 233802
112372 16 15 233803
112374 16 19 233804
112376 16 21 233805
112378 16 22 233806
112380 16 23 233807
112382 16 1 233808
112384 16 2 233809
112386 16 3 233810
112388 16 5 233811
112390 16 9 233812
112392 16 10 233813
112394 16 14 233814
112396 16 15 233815
112398 16 19 233816
112400 16 21 233817
112402 16 22 233818
112404 16 23 233819
112406 16 1 233820
112408 16 2 233821
112410 16 3 233822
112412 16 5 233823
112414 16 9 233824
112416 16 10 233825
112418 16 14 233826
112420 16 15 233827
112422 16 19 233828
112424 16 21 233829
112426 16 22 233830
112428 16 23 233831
112430 16 1 233832
112432 16 2 233833
112434 16 3 233834
112436 16 5 233835
112438 16 9 233836
112440 16 10 233837
112442 16 14 233838
112444 16 15 233839
112446 16 19 233840
112448 16 21 233841
112450 16 22 233842
112452 16 23 233843
112454 16 1 233844
112456 16 2 233845
112458 16 3 233846
112460 16 5 233847
112462 16 9 233848
112464 16 10 233849
112466 16 14 233850
112468 16 15 233851
112470 16 19 233852
112472 16 21 233853
112474 16 22 233854
112476 16 23 233855
112478 16 1 233856
112480 16 2 233857
112482 16 3 233858
112484 16 5 233859
112486 16 9 233860
112488 16 10 233861
112490 16 14 233862
112492 16 15 233863
112494 16 19 233864
112496 16 21 233865
112498 16 22 233866
112500 16 23 233867
112502 16 1 233868
112504 16 2 233869
112506 16 3 233870
112508 16 5 233871
112510 16 9 233872
112512 16 10 233873
112514 16 14 233874
112516 16 15 233875
112518 16 19 233876
112520 16 21 233877
112522 16 22 233878
112524 16 23 233879
112526 16 1 233880
112528 16 2 233881
112530 16 3 233882
112532 16 5 233883
112534 16 9 233884
112536 16 10 233885
112538 16 14 233886
112540 16 15 233887
112542 16 19 233888
112544 16 21 233889
112546 16 22 233890
112548 16 23 233891
112550 16 1 233892
112552 16 2 233893
112554 16 3 233894
112556 16 5 233895
112558 16 9 233896
112560 16 10 233897
112562 16 14 233898
112564 16 15 233899
112566 16 19 233900
112568 16 21 233901
112570 16 22 233902
112572 16 23 233903
112574 16 1 233904
112576 16 2 233905
112578 16 3 233906
112580 16 5 233907
112582 16 9 233908
112584 16 10 233909
112586 16 14 233910
112588 16 15 233911
112590 16 19 233912
112592 16 21 233913
112594 16 22 233914
112596 16 23 233915
112598 16 1 233916
112600 16 2 233917
112602 16 3 233918
112604 16 5 233919
112606 16 9 233920
112608 16 10 233921
112610 16 14 233922
112612 16 15 233923
112614 16 19 233924
112616 16 21 233925
112618 16 22 233926
112620 16 23 233927
112622 16 1 233928
112624 16 2 233929
112626 16 3 233930
112628 16 5 233931
112630 16 9 233932
112632 16 10 233933
112634 16 14 233934
112636 16 15 233935
112638 16 19 233936
112640 16 21 233937
112642 16 22 233938
112644 16 23 233939
112646 16 1 233940
112648 16 2 233941
112650 16 3 233942
112652 16 5 233943
112654 16 9 233944
112656 16 10 233945
112658 16 14 233946
112660 16 15 233947
112662 16 19 233948
112664 16 21 233949
112666 16 22 233950
112668 16 23 233951
112670 16 1 233952
112672 16 2 233953
112674 16 3 233954
112676 16 5 233955
112678 16 9 233956
112680 16 10 233957
112682 16 14 233958
112684 16 15 233959
112686 16 19 233960
112688 16 21 233961
112690 16 22 233962
112692 16 23 233963
112694 16 1 233964
112696 16 2 233965
112698 16 3 233966
112700 16 5 233967
112702 16 9 233968
112704 16 10 233969
112706 16 14 233970
112708 16 15 233971
112710 16 19 233972
112712 16 21 233973
112714 16 22 233974
112716 16 23 233975
112718 16 1 233976
112720 16 2 233977
112722 16 3 233978
112724 16 5 233979
112726 16 9 233980
112728 16 10 233981
112730 16 14 233982
112732 16 15 233983
112734 16 19 233984
112736 16 21 233985
112738 16 22 233986
112740 16 23 233987
112742 16 1 233988
112744 16 2 233989
112746 16 3 233990
112748 16 5 233991
112750 16 9 233992
112752 16 10 233993
112754 16 14 233994
112756 16 15 233995
112758 16 19 233996
112760 16 21 233997
112762 16 22 233998
112764 16 23 233999
112766 16 1 234000
112768 16 2 234001
112770 16 3 234002
112772 16 5 234003
112774 16 9 234004
112776 16 10 234005
112778 16 14 234006
112780 16 15 234007
112782 16 19 234008
112784 16 21 234009
112786 16 22 234010
112788 16 23 234011
112790 16 1 234012
112792 16 2 234013
112794 16 3 234014
112796 16 5 234015
112798 16 9 234016
112800 16 10 234017
112802 16 14 234018
112804 16 15 234019
112806 16 19 234020
112808 16 21 234021
112810 16 22 234022
112812 16 23 234023
112814 16 1 234024
112816 16 2 234025
112818 16 3 234026
112820 16 5 234027
112822 16 9 234028
112824 16 10 234029
112826 16 14 234030
112828 16 15 234031
112830 16 19 234032
112832 16 21 234033
112834 16 22 234034
112836 16 23 234035
112838 16 1 234036
112840 16 2 234037
112842 16 3 234038
112844 16 5 234039
112846 16 9 234040
112848 16 10 234041
112850 16 14 234042
112852 16 15 234043
112854 16 19 234044
112856 16 21 234045
112858 16 22 234046
112860 16 23 234047
112862 16 1 234048
112864 16 2 234049
112866 16 3 234050
112868 16 5 234051
112870 16 9 234052
112872 16 10 234053
112874 16 14 234054
112876 16 15 234055
112878 16 19 234056
112880 16 21 234057
112882 16 22 234058
112884 16 23 234059
112886 16 1 234060
112888 16 2 234061
112890 16 3 234062
112892 16 5 234063
112894 16 9 234064
112896 16 10 234065
112898 16 14 234066
112900 16 15 234067
112902 16 19 234068
112904 16 21 234069
112906 16 22 234070
112908 16 23 234071
112910 16 1 234072
112912 16 2 234073
112914 16 3 234074
112916 16 5 234075
112918 16 9 234076
112920 16 10 234077
112922 16 14 234078
112924 16 15 234079
112926 16 19 234080
112928 16 21 234081
112930 16 22 234082
112932 16 23 234083
112934 16 1 234084
112936 16 2 234085
112938 16 3 234086
112940 16 5 234087
112942 16 9 234088
112944 16 10 234089
112946 16 14 234090
112948 16 15 234091
112950 16 19 234092
112952 16 21 234093
112954 16 22 234094
112956 16 23 234095
112958 16 1 234096
112960 16 2 234097
112962 16 3 234098
112964 16 5 234099
112966 16 9 234100
112968 16 10 234101
112970 16 14 234102
112972 16 15 234103
112974 16 19 234104
112976 16 21 234105
112978 16 22 234106
112980 16 23 234107
112982 16 1 234108
112984 16 2 234109
112986 16 3 234110
112988 16 5 234111
112990 16 9 234112
112992 16 10 234113
112994 16 14 234114
112996 16 15 234115
112998 16 19 234116
113000 16 21 234117
113002 16 22 234118
113004 16 23 234119
113006 16 1 234120
113008 16 2 234121
113010 16 3 234122
113012 16 5 234123
113014 16 9 234124
113016 16 10 234125
113018 16 14 234126
113020 16 15 234127
113022 16 19 234128
113024 16 21 234129
113026 16 22 234130
113028 16 23 234131
113030 16 1 234132
113032 16 2 234133
113034 16 3 234134
113036 16 5 234135
113038 16 9 234136
113040 16 10 234137
113042 16 14 234138
113044 16 15 234139
113046 16 19 234140
113048 16 21 234141
113050 16 22 234142
113052 16 23 234143
113054 16 1 234144
113056 16 2 234145
113058 16 3 234146
113060 16 5 234147
113062 16 9 234148
113064 16 10 234149
113066 16 14 234150
113068 16 15 234151
113070 16 19 234152
113072 16 21 234153
113074 16 22 234154
113076 16 23 234155
113078 16 1 234156
113080 16 2 234157
113082 16 3 234158
113084 16 5 234159
113086 16 9 234160
113088 16 10 234161
113090 16 14 234162
113092 16 15 234163
113094 16 19 234164
113096 16 21 234165
113098 16 22 234166
113100 16 23 234167
113102 16 1 234168
113104 16 2 234169
113106 16 3 234170
113108 16 5 234171
113110 16 9 234172
113112 16 10 234173
113114 16 14 234174
113116 16 15 234175
113118 16 19 234176
113120 16 21 234177
113122 16 22 234178
113124 16 23 234179
113126 16 1 234180
113128 16 2 234181
113130 16 3 234182
113132 16 5 234183
113134 16 9 234184
113136 16 10 234185
113138 16 14 234186
113140 16 15 234187
113142 16 19 234188
113144 16 21 234189
113146 16 22 234190
113148 16 23 234191
113150 16 1 234192
113152 16 2 234193
113154 16 3 234194
113156 16 5 234195
113158 16 9 234196
113160 16 10 234197
113162 16 14 234198
113164 16 15 234199
113166 16 19 234200
113168 16 21 234201
113170 16 22 234202
113172 16 23 234203
113174 16 1 234204
113176 16 2 234205
113178 16 3 234206
113180 16 5 234207
113182 16 9 234208
113184 16 2 233373
113186 16 3 233374
113188 16 5 233375
113190 16 9 233376
113192 16 10 233377
113194 16 14 233378
113196 16 15 233379
113198 16 19 233380
113200 16 21 233381
113202 16 22 233382
113204 16 23 233383
113206 16 1 233384
113208 16 2 233385
113210 16 3 233386
113212 16 5 233387
113214 16 9 233388
113216 16 10 233389
113218 16 14 233390
113220 16 15 233391
113222 16 19 233392
113224 16 21 233393
113226 16 22 233394
113228 16 23 233395
113230 16 1 233396
113232 16 2 233397
113234 16 3 233398
113236 16 5 233399
113238 16 9 233400
113240 16 10 233401
113242 16 14 233402
113244 16 15 233403
113246 16 19 233404
113248 16 21 233405
113250 16 22 233406
113252 16 23 233407
113254 16 1 233408
113256 16 2 233409
113258 16 3 233410
113260 16 5 233411
113262 16 9 233412
113264 16 10 233413
113266 16 14 233414
113268 16 15 233415
113270 16 19 233416
113272 16 21 233417
113274 16 22 233418
113276 16 23 233419
113278 16 1 233420
113280 16 2 233421
113282 16 3 233422
113284 16 5 233423
113286 16 9 233424
113288 16 10 233425
113290 16 14 233426
113292 16 15 233427
113294 16 19 233428
113296 16 21 233429
113298 16 22 233430
113300 16 23 233431
113302 16 1 233432
113304 16 2 233433
113306 16 3 233434
113308 16 5 233435
113310 16 9 233436
113312 16 10 233437
113314 16 14 233438
113316 16 15 233439
113318 16 19 233440
113320 16 21 233441
113322 16 22 233442
113324 16 23 233443
113326 16 1 233444
113328 16 2 233445
113330 16 3 233446
113332 16 5 233447
113334 16 9 233448
113336 16 10 233449
113338 16 14 233450
113340 16 15 233451
113342 16 19 233452
113344 16 21 233453
113346 16 22 233454
113348 16 23 233455
113350 16 1 233456
113352 16 2 233457
113354 16 3 233458
113356 16 5 233459
113358 16 9 233460
113360 16 10 233461
113362 16 14 233462
113364 16 15 233463
113366 16 19 233464
113368 16 21 233465
113370 16 22 233466
113372 16 23 233467
113374 16 1 233468
113376 16 2 233469
113378 16 3 233470
113380 16 5 233471
113382 16 1 232448
113384 16 2 232449
113386 16 3 232450
113388 16 5 232451
113390 16 9 232452
113392 16 10 232453
113394 16 14 232454
113396 16 15 232455
113398 16 19 232456
113400 16 21 232457
113402 16 22 232458
113404 16 23 232459
113406 16 1 232460
113408 16 2 232461
113410 16 3 232462
113412 16 5 232463
113414 16 9 232464
113416 16 10 232465
113418 16 14 232466
113420 16 15 232467
113422 16 19 232468
113424 16 21 232469
113426 16 22 232470
113428 16 23 232471
113430 16 1 232472
113432 16 2 232473
113434 16 3 232474
113436 16 5 232475
113438 16 9 232476
113440 16 10 232477
113442 16 14 232478
113444 16 15 232479
113446 16 19 232480
113448 16 21 232481
113450 16 22 232482
113452 16 23 232483
113454 16 1 232484
113456 16 2 232485
113458 16 3 232486
113460 16 5 232487
113462 16 9 232488
113464 16 10 232489
113466 16 14 232490
113468 16 15 232491
113470 16 19 232492
113472 16 21 232493
113474 16 22 232494
113476 16 23 232495
113478 16 1 232496
113480 16 2 232497
113482 16 3 232498
113484 16 5 232499
113486 16 9 232500
113488 16 10 232501
113490 16 14 232502
113492 16 15 232503
113494 16 19 232504
113496 16 21 232505
113498 16 22 232506
113500 16 23 232507
113502 16 1 232508
113504 16 2 232509
113506 16 3 232510
113508 16 5 232511
113510 16 9 232512
113512 16 10 232513
113514 16 14 232514
113516 16 15 232515
113518 16 19 232516
113520 16 21 232517
113522 16 22 232518
113524 16 23 232519
113526 16 1 232520
113528 16 2 232521
113530 16 3 232522
113532 16 5 232523
113534 16 9 232524
113536 16 10 232525
113538 16 14 232526
113540 16 15 232527
113542 16 19 232528
113544 16 21 232529
113546 16 22 232530
113548 16 23 232531
113550 16 1 232532
113552 16 2 232533
113554 16 3 232534
113556 16 5 232535
113558 16 9 232536
113560 16 10 232537
113562 16 14 232538
113564 16 15 232539
113566 16 19 232540
113568 16 21 232541
113570 16 22 232542
113572 16 23 232543
113574 16 1 232544
113576 16 2 232545
113578 16 3 232546
113580 16 5 232547
113582 16 9 232548
113584 16 10 232549
113586 16 14 232550
113588 16 15 232551
113590 16 19 232552
113592 16 21 232553
113594 16 22 232554
113596 16 23 232555
113598 16 1 232556
113600 16 2 232557
113602 16 3 232558
113604 16 5 232559
113606 16 9 232560
113608 16 10 232561
113610 16 14 232562
113612 16 15 232563
113614 16 19 232564
113616 16 21 232565
113618 16 22 232566
113620 16 23 232567
113622 16 1 232568
113624 16 2 232569
113626 16 3 232570
113628 16 5 232571
113630 16 9 232572
113632 16 10 232573
113634 16 14 232574
113636 16 15 232575
113638 16 19 232576
113640 16 21 232577
113642 16 22 232578
113644 16 23 232579
113646 16 1 232580
113648 16 2 232581
113650 16 3 232582
113652 16 5 232583
113654 16 9 232584
113656 16 10 232585
113658 16 14 232586
113660 16 15 232587
113662 16 19 232588
113664 16 21 232589
113666 16 22 232590
113668 16 23 232591
113670 16 1 232592
113672 16 2 232593
113674 16 3 232594
113676 16 5 232595
113678 16 9 232596
113680 16 10 232597
113682 16 14 232598
113684 16 15 232599
113686 16 19 232600
113688 16 21 232601
113690 16 22 232602
113692 16 23 232603
113694 16 1 232604
113696 16 2 232605
113698 16 3 232606
113700 16 5 232607
113702 16 9 232608
113704 16 10 232609
113706 16 14 232610
113708 16 15 232611
113710 16 19 232612
113712 16 21 232613
113714 16 22 232614
113716 16 23 232615
113718 16 1 232616
113720 16 2 232617
113722 16 3 232618
113724 16 5 232619
113726 16 9 232620
113728 16 10 232621
113730 16 14 232622
113732 16 15 232623
113734 16 19 232624
113736 16 21 232625
113738 16 22 232626
113740 16 23 232627
113742 16 1 232628
113744 16 2 232629
113746 16 3 232630
113748 16 5 232631
113750 16 9 232632
113752 16 10 232633
113754 16 14 232634
113756 16 15 232635
113758 16 19 232636
113760 16 21 232637
113762 16 22 232638
113764 16 23 232639
113766 16 1 232640
113768 16 2 232641
113770 16 3 232642
113772 16 5 232643
113774 16 9 232644
113776 16 10 232645
113778 16 14 232646
113780 16 15 232647
113782 16 19 232648
113784 16 21 232649
113786 16 22 232650
113788 16 23 232651
113790 16 1 232652
113792 16 2 232653
113794 16 3 232654
113796 16 5 232655
113798 16 9 232656
113800 16 10 232657
113802 16 14 232658
113804 16 15 232659
113806 16 19 232660
113808 16 21 232661
113810 16 22 232662
113812 16 23 232663
113814 16 1 232664
113816 16 2 232665
113818 16 5 232667
113820 16 9 232668
113822 16 10 232669
113824 16 14 232670
113826 16 15 232671
113828 16 19 232672
113830 16 21 232673
113832 16 22 232674
113834 16 23 232675
113836 16 1 232676
113838 16 2 232677
113840 16 3 232678
113842 16 5 232679
113844 16 9 232680
113846 16 10 232681
113848 16 14 232682
113850 16 15 232683
113852 16 19 232684
113854 16 21 232685
113856 16 22 232686
113858 16 23 232687
113860 16 1 232688
113862 16 2 232689
113864 16 3 232690
113866 16 5 232691
113868 16 9 232692
113870 16 10 232693
113872 16 14 232694
113874 16 15 232695
113876 16 19 232696
113878 16 21 232697
113880 16 22 232698
113882 16 23 232699
113884 16 1 232700
113886 16 2 232701
113888 16 3 232702
113890 16 5 232703
113892 16 9 232704
113894 16 10 232705
113896 16 14 232706
113898 16 15 232707
113900 16 19 232708
113902 16 21 232709
113904 16 22 232710
113906 16 23 232711
113908 16 1 232712
113910 16 2 232713
113912 16 3 232714
113914 16 5 232715
113916 16 9 232716
113918 16 10 232717
113920 16 14 232718
113922 16 15 232719
113924 16 19 232720
113926 16 21 232721
113928 16 22 232722
113930 16 23 232723
113932 16 1 232724
113934 16 2 232725
113936 16 3 232726
113938 16 5 232727
113940 16 9 232728
113942 16 10 232729
113944 16 14 232730
113946 16 15 232731
113948 16 19 232732
113950 16 21 232733
113952 16 22 232734
113954 16 23 232735
113956 16 1 232736
113958 16 2 232737
113960 16 3 232738
113962 16 5 232739
113964 16 9 232740
113966 16 10 232741
113968 16 14 232742
113970 16 15 232743
113972 16 19 232744
113974 16 21 232745
113976 16 22 232746
113978 16 23 232747
113980 16 1 232748
113982 16 2 232749
113984 16 3 232750
113986 16 5 232751
113988 16 9 232752
113990 16 10 232753
113992 16 14 232754
113994 16 15 232755
113996 16 19 232756
113998 16 21 232757
114000 16 22 232758
114002 16 23 232759
114004 16 1 232760
114006 16 2 232761
114008 16 3 232762
114010 16 5 232763
114012 16 9 232764
114014 16 10 232765
114016 16 14 232766
114018 16 15 232767
114020 16 19 232768
114022 16 21 232769
114024 16 22 232770
114026 16 23 232771
114028 16 1 232772
114030 16 2 232773
114032 16 3 232774
114034 16 5 232775
114036 16 9 232776
114038 16 10 232777
114040 16 14 232778
114042 16 15 232779
114044 16 19 232780
114046 16 21 232781
114048 16 22 232782
114050 16 23 232783
114052 16 1 232784
114054 16 2 232785
114056 16 3 232786
114058 16 5 232787
114060 16 9 232788
114062 16 10 232789
114064 16 14 232790
114066 16 19 232792
114068 16 21 232793
114070 16 22 232794
114072 16 23 232795
114074 16 1 232796
114076 16 2 232797
114078 16 3 232798
114080 16 5 232799
114082 16 9 232800
114084 16 10 232801
114086 16 14 232802
114088 16 15 232803
114090 16 19 232804
114092 16 21 232805
114094 16 22 232806
114096 16 23 232807
114098 16 1 232808
114100 16 2 232809
114102 16 3 232810
114104 16 5 232811
114106 16 9 232812
114108 16 10 232813
114110 16 14 232814
114112 16 15 232815
114114 16 19 232816
114116 16 21 232817
114118 16 22 232818
114120 16 23 232819
114122 16 1 232820
114124 16 2 232821
114126 16 3 232822
114128 16 5 232823
114130 16 9 232824
114132 16 10 232825
114134 16 14 232826
114136 16 15 232827
114138 16 19 232828
114140 16 21 232829
114142 16 22 232830
114144 16 23 232831
114146 16 1 232832
114148 16 2 232833
114150 16 3 232834
114152 16 5 232835
114154 16 9 232836
114156 16 10 232837
114158 16 14 232838
114160 16 15 232839
114162 16 19 232840
114164 16 21 232841
114166 16 22 232842
114168 16 23 232843
114170 16 1 232844
114172 16 2 232845
114174 16 3 232846
114176 16 5 232847
114178 16 9 232848
114180 16 10 232849
114182 16 14 232850
114184 16 15 232851
114186 16 19 232852
114188 16 21 232853
114190 16 22 232854
114192 16 23 232855
114194 16 1 232856
114196 16 2 232857
114198 16 3 232858
114200 16 5 232859
114202 16 9 232860
114204 16 10 232861
114206 16 14 232862
114208 16 15 232863
114210 16 19 232864
114212 16 21 232865
114214 16 22 232866
114216 16 23 232867
114218 16 1 232868
114220 16 2 232869
114222 16 3 232870
114224 16 5 232871
114226 16 9 232872
114228 16 10 232873
114230 16 14 232874
114232 16 15 232875
114234 16 19 232876
114236 16 21 232877
114238 16 22 232878
114240 16 23 232879
114242 16 1 232880
114244 16 2 232881
114246 16 3 232882
114248 16 5 232883
114250 16 9 232884
114252 16 10 232885
114254 16 14 232886
114256 16 15 232887
114258 16 19 232888
114260 16 21 232889
114262 16 22 232890
114264 16 23 232891
114266 16 1 232892
114268 16 2 232893
114270 16 3 232894
114272 16 5 232895
114274 16 9 232896
114276 16 10 232897
114278 16 14 232898
114280 16 15 232899
114282 16 19 232900
114284 16 21 232901
114286 16 22 232902
114288 16 23 232903
114290 16 1 232904
114292 16 2 232905
114294 16 3 232906
114296 16 5 232907
114298 16 9 232908
114300 16 10 232909
114302 16 14 232910
114304 16 15 232911
114306 16 19 232912
114308 16 21 232913
114310 16 22 232914
114312 16 23 232915
114314 16 1 232916
114316 16 2 232917
114318 16 3 232918
114320 16 5 232919
114322 16 9 232920
114324 16 10 232921
114326 16 14 232922
114328 16 15 232923
114330 16 19 232924
114332 16 21 232925
114334 16 22 232926
114336 16 23 232927
114338 16 1 232928
114340 16 2 232929
114342 16 3 232930
114344 16 5 232931
114346 16 9 232932
114348 16 10 232933
114350 16 14 232934
114352 16 15 232935
114354 16 19 232936
114356 16 21 232937
114358 16 22 232938
114360 16 23 232939
114362 16 1 232940
114364 16 2 232941
114366 16 3 232942
114368 16 5 232943
114370 16 9 232944
114372 16 10 232945
114374 16 14 232946
114376 16 15 232947
114378 16 19 232948
114380 16 21 232949
114382 16 22 232950
114384 16 23 232951
114386 16 1 232952
114388 16 2 232953
114390 16 3 232954
114392 16 5 232955
114394 16 9 232956
114396 16 10 232957
114398 16 14 232958
114400 16 15 232959
114402 16 19 232960
114404 16 21 232961
114406 16 22 232962
114408 16 23 232963
114410 16 1 232964
114412 16 2 232965
114414 16 3 232966
114416 16 5 232967
114418 16 9 232968
114420 16 10 232969
114422 16 14 232970
114424 16 15 232971
114426 16 19 232972
114428 16 21 232973
114430 16 22 232974
114432 16 23 232975
114434 16 1 232976
114436 16 2 232977
114438 16 3 232978
114440 16 5 232979
114442 16 9 232980
114444 16 10 232981
114446 16 14 232982
114448 16 15 232983
114450 16 19 232984
114452 16 21 232985
114454 16 22 232986
114456 16 23 232987
114458 16 1 232988
114460 16 2 232989
114462 16 3 232990
114464 16 5 232991
114466 16 9 232992
114468 16 10 232993
114470 16 14 232994
114472 16 15 232995
114474 16 19 232996
114476 16 21 232997
114478 16 22 232998
114480 16 23 232999
114482 16 1 233000
114484 16 2 233001
114486 16 3 233002
114488 16 5 233003
114490 16 9 233004
114492 16 10 233005
114494 16 14 233006
114496 16 15 233007
114498 16 19 233008
114500 16 21 233009
114502 16 22 233010
114504 16 23 233011
114506 16 1 233012
114508 16 2 233013
114510 16 3 233014
114512 16 5 233015
114514 16 9 233016
114516 16 10 233017
114518 16 14 233018
114520 16 15 233019
114522 16 19 233020
114524 16 21 233021
114526 16 22 233022
114528 16 23 233023
114530 16 1 233024
114532 16 2 233025
114534 16 3 233026
114536 16 5 233027
114538 16 9 233028
114540 16 10 233029
114542 16 14 233030
114544 16 15 233031
114546 16 19 233032
114548 16 21 233033
114550 16 22 233034
114552 16 23 233035
114554 16 1 233036
114556 16 2 233037
114558 16 3 233038
114560 16 5 233039
114562 16 9 233040
114564 16 10 233041
114566 16 14 233042
114568 16 15 233043
114570 16 19 233044
114572 16 21 233045
114574 16 22 233046
114576 16 23 233047
114578 16 1 233048
114580 16 2 233049
114582 16 3 233050
114584 16 5 233051
114586 16 9 233052
114588 16 10 233053
114590 16 14 233054
114592 16 15 233055
114594 16 19 233056
114596 16 21 233057
114598 16 22 233058
114600 16 23 233059
114602 16 1 233060
114604 16 2 233061
114606 16 3 233062
114608 16 5 233063
114610 16 9 233064
114612 16 10 233065
114614 16 14 233066
114616 16 15 233067
114618 16 19 233068
114620 16 21 233069
114622 16 22 233070
114624 16 23 233071
114626 16 1 233072
114628 16 2 233073
114630 16 3 233074
114632 16 5 233075
114634 16 9 233076
114636 16 10 233077
114638 16 14 233078
114640 16 15 233079
114642 16 19 233080
114644 16 21 233081
114646 16 22 233082
114648 16 23 233083
114650 16 1 233084
114652 16 2 233085
114654 16 1 234496
114656 16 2 234497
114658 16 3 234498
114660 16 5 234499
114662 16 9 234500
114664 16 10 234501
114666 16 14 234502
114752 16 15 234503
114754 16 19 234504
114756 16 21 234505
114758 16 22 234506
114760 16 23 234507
114762 16 1 234508
114764 16 2 234509
114766 16 3 234510
114768 16 5 234511
114770 16 9 234512
114772 16 10 234513
114994 16 14 234514
114996 16 15 234515
114998 16 19 234516
115000 16 21 234517
115002 16 22 234518
115044 16 23 234519
115046 16 1 234520
115048 16 2 234521
115050 16 3 234522
115052 16 5 234523
115054 16 9 234524
115056 16 10 234525
115058 16 14 234526
115060 16 15 234527
115206 16 19 234528
115208 16 21 234529
115210 16 22 234530
115212 16 23 234531
115214 16 1 234532
115216 16 2 234533
115218 16 3 234534
115220 16 5 234535
115222 16 9 234536
115224 16 10 234537
115226 16 14 234538
115228 16 15 234539
115230 16 19 234540
115232 16 21 234541
115234 16 22 234542
115236 16 23 234543
115238 16 1 234544
115240 16 2 234545
115242 16 3 234546
115244 16 5 234547
115246 16 9 234548
115248 16 10 234549
115250 16 14 234550
115252 16 15 234551
115254 16 19 234552
115256 16 21 234553
115258 16 22 234554
115260 16 23 234555
115262 16 1 234556
115264 16 2 234557
115266 16 3 234558
115268 16 5 234559
115270 16 9 234560
115272 16 10 234561
115274 16 14 234562
115276 16 15 234563
115278 16 19 234564
115280 16 21 234565
115282 16 22 234566
118248 16 23 234567
118250 16 1 234568
118252 16 2 234569
118254 16 3 234570
118256 16 5 234571
118258 16 9 234572
118260 16 10 234573
118262 16 14 234574
118264 16 15 234575
118266 16 19 234576
118268 16 21 234577
118270 16 22 234578
118272 16 23 234579
118274 16 1 234580
118276 16 2 234581
118278 16 3 234582
118280 16 5 234583
118282 16 9 234584
118284 16 10 234585
118286 16 14 234586
118288 16 15 234587
118290 16 19 234588
118292 16 21 234589
118294 16 22 234590
118296 16 23 234591
118298 16 1 234592
118300 16 2 234593
118302 16 3 234594
118304 16 5 234595
118306 16 9 234596
118308 16 10 234597
118310 16 14 234598
118312 16 15 234599
118314 16 19 234600
118316 16 21 234601
118318 16 22 234602
118320 16 23 234603
118322 16 1 234604
118324 16 2 234605
118326 16 3 234606
118328 16 5 234607
118330 16 9 234608
118332 16 10 234609
118334 16 14 234610
118336 16 15 234611
118338 16 19 234612
118340 16 21 234613
122666 16 22 234614
122668 16 23 234615
122670 16 1 234616
122672 16 2 234617
122674 16 3 234618
122676 16 5 234619
122678 16 9 234620
122680 16 10 234621
122682 16 14 234622
122828 16 15 234623
122830 16 19 234624
122832 16 21 234625
122834 16 22 234626
122836 16 23 234627
122878 16 1 234628
122880 16 2 234629
122882 16 3 234630
122884 16 5 234631
122886 16 9 234632
122888 16 10 234633
122890 16 14 234634
122892 16 15 234635
122894 16 19 234636
122896 16 21 234637
122898 16 22 234638
122900 16 23 234639
122902 16 1 234640
122904 16 2 234641
122906 16 3 234642
122908 16 5 234643
122910 16 9 234644
122912 16 10 234645
122914 16 14 234646
122916 16 15 234647
122918 16 19 234648
122920 16 21 234649
122922 16 22 234650
122924 16 23 234651
122926 16 1 234652
122928 16 2 234653
122930 16 3 234654
122932 16 5 234655
122934 16 9 234656
122936 16 10 234657
122938 16 14 234658
122940 16 15 234659
122942 16 19 234660
122944 16 21 234661
122946 16 22 234662
122948 16 23 234663
122950 16 1 234664
122952 16 2 234665
122954 16 3 234666
122956 16 5 234667
122958 16 9 234668
122960 16 10 234669
122962 16 14 234670
122964 16 15 234671
122966 16 19 234672
122968 16 21 234673
122970 16 22 234674
122972 16 23 234675
122974 16 1 234676
127680 16 2 234677
127682 16 3 234678
127688 16 5 234679
127690 16 9 234680
127692 16 10 234681
127694 16 14 234682
127696 16 15 234683
127698 16 19 234684
127700 16 21 234685
127702 16 22 234686
127704 16 23 234687
127706 16 1 234688
127708 16 2 234689
127710 16 3 234690
127712 16 5 234691
127978 16 9 234692
127980 16 10 234693
127982 16 14 234694
127984 16 15 234695
127986 16 19 234696
127988 16 21 234697
127990 16 22 234698
127992 16 23 234699
127994 16 1 234700
127996 16 2 234701
127998 16 3 234702
128000 16 5 234703
128002 16 9 234704
128316 16 10 234705
128318 16 14 234706
128320 16 15 234707
128322 16 19 234708
128324 16 21 234709
128326 16 22 234710
128328 16 23 234711
128330 16 1 234712
128332 16 2 234713
128334 16 3 234714
128336 16 5 234715
128338 16 9 234716
128340 16 10 234717
128342 16 14 234718
128344 16 15 234719
128346 16 19 234720
128348 16 21 234721
128350 16 22 234722
128352 16 23 234723
128354 16 1 234724
128356 16 2 234725
128358 16 3 234726
128360 16 5 234727
128362 16 9 234728
128364 16 10 234729
128366 16 14 234730
128368 16 15 234731
128370 16 19 234732
128372 16 21 234733
128374 16 22 234734
128376 16 23 234735
128378 16 1 234736
128380 16 2 234737
128382 16 3 234738
128384 16 5 234739
128386 16 9 234740
128388 16 10 234741
128390 16 14 234742
128392 16 15 234743
128394 16 19 234744
128396 16 21 234745
128398 16 22 234746
128400 16 23 234747
128402 16 1 234748
128404 16 2 234749
128406 16 3 234750
128408 16 5 234751
128410 16 9 234752
128412 16 10 234753
128414 16 14 234754
128416 16 15 234755
128418 16 19 234756
128420 16 21 234757
128422 16 22 234758
128424 16 23 234759
128426 16 1 234760
128428 16 2 234761
128430 16 3 234762
128432 16 5 234763
128434 16 9 234764
128436 16 10 234765
128438 16 14 234766
128440 16 15 234767
128442 16 19 234768
128444 16 21 234769
136766 16 22 234770
136768 16 23 234771
136770 16 1 234772
136772 16 2 234773
136798 16 3 234774
136800 16 5 234775
136802 16 9 234776
136804 16 10 234777
136806 16 14 234778
136808 16 15 234779
136810 16 19 234780
136812 16 21 234781
136814 16 22 234782
136816 16 23 234783
136818 16 1 234784
136820 16 2 234785
136822 16 3 234786
136824 16 5 234787
136826 16 9 234788
136828 16 10 234789
136830 16 14 234790
136832 16 15 234791
136834 16 19 234792
136836 16 21 234793
136838 16 22 234794
136840 16 23 234795
136842 16 1 234796
136844 16 2 234797
136846 16 3 234798
136848 16 5 234799
136850 16 9 234800
136852 16 10 234801
136854 16 14 234802
136856 16 15 234803
136858 16 19 234804
136860 16 21 234805
136862 16 22 234806
136864 16 23 234807
136866 16 1 234808
136868 16 2 234809
136870 16 3 234810
136872 16 5 234811
136874 16 9 234812
136876 16 10 234813
136878 16 14 234814
136880 16 15 234815
136882 16 19 234816
136884 16 21 234817
136886 16 22 234818
136888 16 23 234819
136890 16 1 234820
136892 16 2 234821
136894 16 3 234822
136896 16 5 234823
136898 16 9 234824
142000 16 10 234825
142002 16 14 234826
142004 16 15 234827
142006 16 19 234828
142008 16 21 234829
142010 16 22 234830
142012 16 23 234831
142014 16 1 234832
142016 16 2 234833
142018 16 3 234834
142020 16 5 234835
142022 16 9 234836
142024 16 10 234837
142026 16 14 234838
142028 16 15 234839
142030 16 19 234840
142032 16 21 234841
142034 16 22 234842
142036 16 23 234843
142038 16 1 234844
142800 16 2 234845
142802 16 3 234846
142804 16 5 234847
142806 16 9 234848
142808 16 10 234849
142810 16 14 234850
142812 16 15 234851
142814 16 19 234852
142816 16 21 234853
142818 16 22 234854
142820 16 23 234855
142822 16 1 234856
142824 16 2 234857
142826 16 3 234858
142828 16 5 234859
142830 16 9 234860
142832 16 10 234861
142834 16 14 234862
142836 16 15 234863
142838 16 19 234864
142840 16 21 234865
142842 16 22 234866
142844 16 23 234867
142846 16 1 234868
142848 16 2 234869
142850 16 3 234870
142852 16 5 234871
142854 16 9 234872
142856 16 10 234873
142858 16 14 234874
142860 16 15 234875
142862 16 19 234876
142864 16 21 234877
142866 16 22 234878
142868 16 23 234879
142870 16 1 234880
142872 16 2 234881
142874 16 3 234882
142876 16 5 234883
142878 16 9 234884
142880 16 10 234885
146162 16 14 234886
146164 16 15 234887
146170 16 19 234888
146172 16 21 234889
146174 16 22 234890
146188 16 23 234891
146190 16 1 234892
146192 16 2 234893
146194 16 3 234894
146196 16 5 234895
146198 16 9 234896
146200 16 10 234897
146202 16 14 234898
146204 16 15 234899
146206 16 19 234900
146208 16 21 234901
146210 16 22 234902
146212 16 23 234903
146214 16 1 234904
146216 16 2 234905
146218 16 3 234906
146220 16 5 234907
146222 16 9 234908
146224 16 10 234909
146226 16 14 234910
146228 16 15 234911
146230 16 19 234912
146232 16 21 234913
147246 16 22 234914
147248 16 23 234915
147250 16 1 234916
147252 16 2 234917
147254 16 3 234918
147256 16 5 234919
147258 16 9 234920
147260 16 10 234921
147262 16 14 234922
147264 16 15 234923
147266 16 19 234924
147268 16 21 234925
147270 16 22 234926
147272 16 23 234927
147274 16 1 234928
147276 16 2 234929
147278 16 3 234930
147280 16 5 234931
147282 16 9 234932
147284 16 10 234933
148046 16 14 234934
148048 16 15 234935
148050 16 19 234936
148052 16 21 234937
148078 16 22 234938
148080 16 23 234939
148082 16 1 234940
148084 16 2 234941
148086 16 3 234942
148088 16 5 234943
148090 16 9 234944
148092 16 10 234945
148094 16 14 234946
148096 16 15 234947
148098 16 19 234948
148100 16 21 234949
148102 16 22 234950
148104 16 23 234951
148106 16 1 234952
148108 16 2 234953
148110 16 3 234954
148112 16 5 234955
148114 16 9 234956
148116 16 10 234957
148118 16 14 234958
148120 16 15 234959
148122 16 19 234960
148124 16 21 234961
148126 16 22 234962
148128 16 23 234963
149430 16 1 234964
149432 16 2 234965
149434 16 3 234966
149436 16 5 234967
149438 16 9 234968
149440 16 10 234969
149442 16 14 234970
149444 16 15 234971
149446 16 19 234972
149448 16 21 234973
149450 16 22 234974
149452 16 23 234975
149454 16 1 234976
149456 16 2 234977
149458 16 3 234978
149460 16 5 234979
149462 16 9 234980
149464 16 10 234981
149466 16 14 234982
149468 16 15 234983
149470 16 19 234984
149472 16 21 234985
149474 16 22 234986
150488 16 23 234987
150490 16 1 234988
150492 16 2 234989
150494 16 3 234990
150496 16 5 234991
150498 16 9 234992
150500 16 10 234993
150502 16 14 234994
150504 16 15 234995
150506 16 19 234996
150508 16 21 234997
150510 16 22 234998
150512 16 23 234999
150514 16 1 235000
150516 16 2 235001
150938 16 3 235002
150940 16 5 235003
150942 16 9 235004
150956 16 10 235005
150958 16 14 235006
150960 16 15 235007
150962 16 19 235008
150964 16 21 235009
150966 16 22 235010
150968 16 23 235011
150970 16 1 235012
150972 16 2 235013
150974 16 3 235014
150976 16 5 235015
150978 16 9 235016
150980 16 10 235017
150982 16 14 235018
150984 16 15 235019
150986 16 19 235020
150988 16 21 235021
150990 16 22 235022
150992 16 23 235023
150994 16 1 235024
150996 16 2 235025
150998 16 3 235026
151000 16 5 235027
151002 16 9 235028
151004 16 10 235029
151006 16 14 235030
151008 16 15 235031
152414 16 19 235032
152416 16 21 235033
152418 16 22 235034
152420 16 23 235035
152422 16 1 235036
152424 16 2 235037
152486 16 3 235038
152488 16 5 235039
152494 16 9 235040
152496 16 10 235041
152498 16 14 235042
152500 16 15 235043
152502 16 19 235044
152504 16 21 235045
152506 16 22 235046
152508 16 23 235047
152510 16 1 235048
152512 16 2 235049
152514 16 3 235050
152516 16 5 235051
152782 16 9 235052
152784 16 10 235053
152786 16 14 235054
152788 16 15 235055
152790 16 19 235056
152792 16 21 235057
152794 16 22 235058
152796 16 23 235059
152798 16 1 235060
152800 16 2 235061
152802 16 3 235062
152804 16 5 235063
152806 16 9 235064
152808 16 10 235065
152810 16 14 235066
152812 16 15 235067
152814 16 19 235068
152816 16 21 235069
152818 16 22 235070
152820 16 23 235071
152822 16 1 235072
152824 16 2 235073
152826 16 3 235074
152828 16 5 235075
152830 16 9 235076
152832 16 10 235077
152834 16 14 235078
152836 16 15 235079
152838 16 19 235080
152840 16 21 235081
152842 16 22 235082
152844 16 23 235083
152846 16 1 235084
152848 16 2 235085
152850 16 3 235086
155232 16 5 235087
155234 16 9 235088
155236 16 10 235089
155250 16 14 235090
155252 16 15 235091
155254 16 19 235092
155256 16 21 235093
155258 16 22 235094
155260 16 23 235095
155262 16 1 235096
155264 16 2 235097
155266 16 3 235098
155268 16 5 235099
155270 16 9 235100
155272 16 10 235101
155274 16 14 235102
155276 16 15 235103
155278 16 19 235104
155280 16 21 235105
155282 16 22 235106
155284 16 23 235107
155286 16 1 235108
155288 16 2 235109
155290 16 3 235110
155292 16 5 235111
155294 16 9 235112
155296 16 10 235113
155298 16 14 235114
155300 16 15 235115
155302 16 19 235116
155304 16 21 235117
155306 16 22 235118
155308 16 23 235119
157050 16 1 235120
157052 16 2 235121
157054 16 3 235122
157056 16 5 235123
157058 16 9 235124
157060 16 10 235125
157062 16 14 235126
157064 16 15 235127
157066 16 19 235128
157068 16 21 235129
157070 16 22 235130
157072 16 23 235131
157074 16 1 235132
157076 16 2 235133
157078 16 3 235134
157080 16 5 235135
157082 16 9 235136
157084 16 10 235137
157086 16 14 235138
157088 16 15 235139
157090 16 19 235140
157092 16 21 235141
157094 16 22 235142
157096 16 23 235143
157098 16 1 235144
157100 16 2 235145
157102 16 3 235146
157104 16 5 235147
157106 16 9 235148
157108 16 10 235149
157110 16 14 235150
157112 16 15 235151
157114 16 19 235152
157116 16 21 235153
157118 16 22 235154
157120 16 23 235155
157122 16 1 235156
157124 16 2 235157
157126 16 3 235158
157128 16 5 235159
157130 16 9 235160
157132 16 10 235161
157134 16 14 235162
157136 16 15 235163
157138 16 19 235164
157140 16 21 235165
157142 16 22 235166
157144 16 23 235167
157146 16 1 235168
157148 16 2 235169
157150 16 3 235170
157152 16 5 235171
157154 16 9 235172
157156 16 10 235173
157158 16 14 235174
157160 16 15 235175
157162 16 19 235176
157164 16 21 235177
157166 16 22 235178
157168 16 23 235179
157170 16 1 235180
157172 16 2 235181
157174 16 3 235182
157176 16 5 235183
157178 16 9 235184
157180 16 10 235185
157182 16 14 235186
157184 16 15 235187
157186 16 19 235188
157188 16 21 235189
157190 16 22 235190
157192 16 23 235191
157194 16 1 235192
157196 16 2 235193
157198 16 3 235194
157200 16 5 235195
157202 16 9 235196
157204 16 10 235197
157206 16 14 235198
157208 16 15 235199
157210 16 19 235200
157212 16 21 235201
157214 16 22 235202
157216 16 23 235203
157218 16 1 235204
157220 16 2 235205
157222 16 3 235206
157224 16 5 235207
157226 16 9 235208
157228 16 10 235209
157230 16 14 235210
157232 16 15 235211
157234 16 19 235212
157236 16 21 235213
157238 16 22 235214
157240 16 23 235215
157242 16 1 235216
157244 16 2 235217
157246 16 3 235218
157248 16 5 235219
157250 16 9 235220
157252 16 10 235221
157254 16 14 235222
157256 16 15 235223
157258 16 19 235224
157260 16 21 235225
157262 16 22 235226
157264 16 23 235227
157266 16 1 235228
157268 16 2 235229
157270 16 3 235230
157272 16 5 235231
157274 16 9 235232
157276 16 10 235233
157278 16 14 235234
157280 16 15 235235
157282 16 19 235236
157284 16 21 235237
157286 16 22 235238
157288 16 23 235239
157290 16 1 235240
157292 16 2 235241
157294 16 3 235242
157296 16 5 235243
157298 16 9 235244
157300 16 10 235245
157302 16 14 235246
157304 16 15 235247
157306 16 19 235248
157308 16 21 235249
157310 16 22 235250
157312 16 23 235251
157314 16 1 235252
157316 16 2 235253
157318 16 3 235254
157320 16 5 235255
157322 16 9 235256
157324 16 10 235257
157326 16 14 235258
157328 16 15 235259
157330 16 19 235260
157332 16 21 235261
157334 16 22 235262
157336 16 23 235263
157338 16 1 235264
157340 16 2 235265
157342 16 3 235266
157344 16 5 235267
157346 16 9 235268
201452 16 10 235269
201454 16 14 235270
201456 16 15 235271
201458 16 19 235272
201460 16 21 235273
201462 16 22 235274
201464 16 23 235275
201466 16 1 235276
201468 16 2 235277
201470 16 3 235278
201472 16 5 235279
201474 16 9 235280
201476 16 10 235281
201478 16 14 235282
201480 16 15 235283
201482 16 19 235284
201484 16 21 235285
201486 16 22 235286
201488 16 23 235287
201490 16 1 235288
201492 16 2 235289
202334 16 3 235290
202336 16 5 235291
202338 16 9 235292
202340 16 10 235293
202342 16 14 235294
202344 16 15 235295
202346 16 19 235296
202348 16 21 235297
202350 16 22 235298
202352 16 23 235299
202354 16 1 235300
202356 16 2 235301
202358 16 3 235302
202360 16 5 235303
202362 16 9 235304
202784 16 10 235305
202786 16 14 235306
202788 16 15 235307
202802 16 19 235308
202804 16 21 235309
202806 16 22 235310
202808 16 23 235311
202810 16 1 235312
202812 16 2 235313
202814 16 3 235314
202900 16 5 235315
202902 16 9 235316
202908 16 10 235317
202910 16 14 235318
202912 16 15 235319
202914 16 19 235320
202916 16 21 235321
202918 16 22 235322
202920 16 23 235323
202922 16 1 235324
202924 16 2 235325
202926 16 3 235326
202928 16 5 235327
202930 16 9 235328
202932 16 10 235329
203246 16 14 235330
203248 16 15 235331
203254 16 21 235369
203256 16 3 235374
203258 16 5 235375
203260 16 19 235380
203264 16 9 235376
203272 16 10 235377
203280 16 14 235378
203288 16 15 235379
203304 16 22 235382
203306 16 23 235383
203308 16 5 235387
203312 16 1 235384
203320 16 2 235385
203328 16 3 235386
203344 16 10 235389
203346 16 14 235390
203348 16 5 235399
203352 16 15 235391
203360 16 19 235392
203368 16 21 235393
203376 16 22 235394
203384 16 23 235395
203392 16 1 235396
203400 16 2 235397
203408 16 3 235398
203424 16 10 235401
203426 16 14 235402
203432 16 19 235404
203434 16 21 235405
203440 16 1 235408
203442 16 2 235409
203444 16 15 235439
203448 16 3 235410
203456 16 5 235411
203464 16 9 235412
203472 16 10 235413
203480 16 14 235414
203488 16 15 235415
203496 16 19 235416
203504 16 21 235417
203512 16 22 235418
203520 16 23 235419
203528 16 1 235420
203536 16 2 235421
203544 16 3 235422
203552 16 5 235423
203560 16 9 235424
203568 16 10 235425
203576 16 14 235426
203584 16 15 235427
203592 16 19 235428
203600 16 21 235429
203608 16 22 235430
203616 16 23 235431
203624 16 1 235432
203632 16 2 235433
203640 16 3 235434
203648 16 5 235435
203656 16 9 235436
203664 16 10 235437
203672 16 14 235438
203688 16 21 235441
203690 16 22 235442
203692 16 3 235470
203696 16 23 235443
203704 16 1 235444
203712 16 2 235445
203720 16 3 235446
203728 16 5 235447
203736 16 9 235448
203744 16 10 235449
203752 16 14 235450
203760 16 15 235451
203768 16 19 235452
203776 16 21 235453
203784 16 22 235454
203792 16 23 235455
203800 16 1 235456
203808 16 2 235457
203816 16 3 235458
203824 16 5 235459
203832 16 9 235460
203840 16 10 235461
203848 16 14 235462
203856 16 15 235463
203864 16 19 235464
203872 16 21 235465
203880 16 22 235466
203888 16 23 235467
203896 16 1 235468
203904 16 2 235469
203920 16 9 235472
203922 16 10 235473
203924 16 23 235491
203928 16 14 235474
203936 16 15 235475
203944 16 19 235476
203952 16 21 235477
203960 16 22 235478
203968 16 23 235479
203976 16 1 235480
203984 16 2 235481
203992 16 3 235482
204000 16 5 235483
204008 16 9 235484
204016 16 10 235485
204024 16 14 235486
204032 16 15 235487
204040 16 19 235488
204048 16 21 235489
204056 16 22 235490
204072 16 2 235493
204074 16 3 235494
204076 16 19 235512
204080 16 5 235495
204088 16 9 235496
204096 16 10 235497
204104 16 14 235498
204112 16 15 235499
204120 16 19 235500
204128 16 21 235501
204136 16 22 235502
204144 16 23 235503
204152 16 1 235504
204160 16 2 235505
204168 16 3 235506
204176 16 5 235507
204184 16 9 235508
204192 16 10 235509
204200 16 14 235510
204208 16 15 235511
204224 16 22 235514
204226 16 23 235515
204230 16 1 235516
204236 16 2 235517
204242 16 3 235518
204248 16 5 235519
204254 16 1 257384
204256 16 2 257385
204258 16 3 257386
204260 16 5 257387
204262 16 9 257388
204264 16 10 257389
204266 16 14 257390
204268 16 15 257391
204270 16 19 257392
204272 16 21 257393
204274 16 22 257394
204276 16 23 257395
204278 16 1 257396
204280 16 2 257397
204282 16 19 232248
204284 16 21 232249
204286 16 22 232250
204288 16 23 232251
204290 16 1 232252
204292 16 2 232253
204294 16 3 232254
204296 16 5 232255
204298 16 9 232256
204300 16 10 232257
204302 16 14 232258
204304 16 15 232259
204306 16 19 232260
204308 16 21 232261
204310 16 22 232262
204312 16 23 232263
204314 16 1 232264
204316 16 2 232265
204318 16 3 232266
204320 16 5 232267
204322 16 9 232268
204324 16 10 232269
204326 16 14 232270
204328 16 15 232271
204330 16 19 232272
204332 16 21 232273
204334 16 22 232274
204336 16 23 232275
204338 16 1 232276
204340 16 2 232277
204342 16 3 232278
204344 16 5 232279
204346 16 9 232280
204348 16 10 232281
204350 16 14 232282
204352 16 15 232283
204354 16 19 232284
204356 16 21 232285
204358 16 22 232286
204360 16 23 232287
204362 16 1 232288
204364 16 2 232289
204366 16 3 232290
204368 16 5 232291
204370 16 9 232292
204372 16 10 232293
204374 16 14 232294
204376 16 15 232295
204378 16 19 232296
204380 16 21 232297
204382 16 22 232298
204384 16 23 232299
204386 16 1 232300
204388 16 2 232301
204390 16 3 232302
204392 16 5 232303
204394 16 9 232304
204396 16 10 232305
204398 16 14 232306
204400 16 15 232307
204402 16 19 232308
204404 16 21 232309
204406 16 22 232310
204408 16 23 232311
204410 16 1 232312
204412 16 2 232313
204414 16 3 232314
204416 16 5 232315
204418 16 9 232316
204420 16 10 232317
204422 16 14 232318
204424 16 15 232319
204426 16 19 232320
204428 16 21 232321
204430 16 22 232322
204432 16 23 232323
204434 16 1 232324
204436 16 2 232325
204438 16 3 232326
204440 16 5 232327
204442 16 9 232328
204444 16 10 232329
204446 16 14 232330
204448 16 15 232331
204450 16 19 232332
204452 16 21 232333
204454 16 22 232334
204456 16 23 232335
204458 16 1 232336
204460 16 2 232337
204462 16 3 232338
204464 16 5 232339
204466 16 9 232340
204468 16 10 232341
204470 16 14 232342
204472 16 15 232343
204474 16 19 232344
204476 16 21 232345
204478 16 22 232346
204480 16 23 232347
204482 16 1 232348
204484 16 2 232349
204486 16 3 232350
204488 16 5 232351
204490 16 9 232352
204492 16 10 232353
204494 16 14 232354
204496 16 15 232355
204498 16 19 232356
204500 16 21 232357
204502 16 22 232358
204504 16 23 232359
204506 16 1 232360
204508 16 2 232361
204510 16 3 232362
204512 16 5 232363
204514 16 9 232364
204516 16 10 232365
204518 16 14 232366
204520 16 15 232367
204522 16 19 232368
204524 16 21 232369
204526 16 22 232370
204528 16 23 232371
204530 16 1 232372
204532 16 2 232373
204534 16 3 232374
204536 16 5 232375
204538 16 9 232376
204540 16 10 232377
204542 16 14 232378
204544 16 15 232379
204546 16 19 232380
204548 16 21 232381
204550 16 22 232382
204552 16 23 232383
204554 16 1 232384
204556 16 2 232385
204558 16 3 232386
204560 16 5 232387
204562 16 9 232388
204564 16 10 232389
204566 16 14 232390
204568 16 15 232391
204570 16 19 232392
204572 16 21 232393
204574 16 22 232394
204576 16 23 232395
204578 16 1 232396
204580 16 2 232397
204582 16 3 232398
204584 16 5 232399
204586 16 9 232400
204588 16 10 232401
204590 16 14 232402
204592 16 15 232403
204594 16 19 232404
204596 16 21 232405
204598 16 22 232406
204600 16 23 232407
204602 16 1 232408
204604 16 2 232409
204606 16 3 232410
204608 16 5 232411
204610 16 9 232412
204612 16 10 232413
204614 16 14 232414
204616 16 15 232415
204618 16 19 232416
204620 16 21 232417
204622 16 22 232418
204624 16 23 232419
204626 16 1 232420
204628 16 2 232421
204630 16 3 232422
204632 16 5 232423
204634 16 9 232424
204636 16 10 232425
204638 16 14 232426
204640 16 15 232427
204642 16 19 232428
204644 16 21 232429
204646 16 22 232430
204648 16 23 232431
204650 16 1 232432
204652 16 2 232433
204654 16 3 232434
204656 16 5 232435
204658 16 9 232436
204660 16 10 232437
204662 16 14 232438
204664 16 15 232439
204666 16 19 232440
204668 16 21 232441
204670 16 22 232442
204672 16 23 232443
204674 16 1 232444
204676 16 2 232445
204678 16 3 232446
204680 16 5 232447
204682 16 2 12129
206354 16 15 198663
206418 16 21 198665
206478 16 23 198667
206518 16 5 198671
206558 16 14 198674
206570 16 2 235533
206580 16 1 235520
206584 16 10 155589
206586 16 14 155590
209928 16 1 198328
209930 16 22 198482
209958 16 23 198483
210002 16 1 198484
210022 16 2 198485
210058 16 3 198486
210214 16 5 198487
210402 16 9 198488
210438 16 10 198489
210458 16 14 198490
210654 16 15 198491
210662 16 19 198492
210666 16 21 198493
210714 16 22 198494
210766 16 23 198495
211026 16 1 198496
211042 16 2 198497
211246 16 3 198498
211326 16 5 198499
211490 16 9 198500
211498 16 10 198501
211510 16 14 198502
211602 16 19 198504
211682 16 21 198505
211698 16 22 198506
211802 16 23 198507
211894 16 1 198508
211954 16 2 198509
211966 16 3 198510
212074 16 5 198511
212098 16 9 198512
212106 16 10 198513
212154 16 14 198514
212294 16 19 198516
212306 16 22 198518
212426 16 23 198519
213022 16 1 198520
213106 16 2 198521
213166 16 3 198522
213178 16 5 198523
213206 16 9 198524
213214 16 10 198525
213266 16 14 198526
213272 16 2 198617
213274 16 19 198636
213276 16 21 198637
213278 16 22 198638
213280 16 9 198644
213336 16 10 198645
213384 16 14 198646
213472 16 23 198651
213488 16 2 198653
214146 16 9 96644
214418 16 5 155711
214420 16 5 155795
214422 16 23 155803
214424 16 1 155804
214426 16 2 155805
215508 16 9 124604
215510 16 22 124802
217448 16 10 177553
217466 16 2 177561
217480 16 2 177549
217504 16 15 177555
217526 16 14 177554
217536 16 21 177593
217640 16 3 177550
217670 16 21 177557
217730 16 23 177559
217752 16 19 177556
218296 16 21 177545
218330 16 10 177361
218378 16 19 177592
218384 16 15 177603
218390 16 22 177594
218396 16 19 177604
218410 16 21 177605
218414 16 22 177606
218430 16 1 177608
218438 16 2 177609
218632 16 10 217597
218634 16 21 217517
218636 16 10 217525
218638 16 14 217574
218642 16 3 217714
218646 16 2 217593
218648 16 19 217576
218650 16 21 217529
218652 16 23 217531
218654 16 5 217571
218656 16 9 217572
218660 16 19 217864
218664 16 23 217831
218666 16 19 217720
218668 16 5 217811
218670 16 3 217534
218672 16 3 217834
218678 16 15 217611
218680 16 22 217602
218686 16 19 217600
218700 16 22 217590
218702 16 1 217592
218704 16 5 217595
218712 16 21 217565
218724 16 22 217662
218726 16 15 217587
218732 16 14 217658
218740 16 10 217657
218744 16 21 217601
218746 16 21 217613
218750 16 1 217604
218754 16 15 217659
218756 16 19 217660
218758 16 21 217661
218762 16 1 217772
218764 16 15 217599
218766 16 3 217606
218768 16 1 217664
218770 16 10 217669
218772 16 14 217610
218790 16 2 217521
218792 16 9 217584
218794 16 1 217520
218802 16 2 217677
218804 16 14 217598
218808 16 2 217641
218816 16 5 217607
218818 16 9 217608
218828 16 5 217667
218834 16 23 217603
218840 16 22 217650
218842 16 5 217535
218864 16 1 217640
218872 16 9 217524
218876 16 19 217528
218878 16 1 217808
218884 16 22 217530
218890 16 9 217704
218892 16 15 217827
218900 16 19 217612
218910 16 3 217738
218918 16 5 217847
218922 16 14 217586
218930 16 21 217577
218934 16 15 217431
218974 16 19 217492
218980 16 9 217488
218990 16 9 217680
218996 16 9 217500
219008 16 14 217682
219018 16 15 217683
219032 16 19 217684
219034 16 21 217685
219036 16 22 217686
219038 16 23 217687
219042 16 1 217688
219044 16 2 217689
219046 16 3 217690
219048 16 5 217691
219052 16 9 217692
219054 16 10 217693
219056 16 14 217694
219058 16 15 217695
219060 16 19 217696
219062 16 21 217697
219064 16 22 217698
219066 16 23 217699
219068 16 1 217700
219070 16 2 217701
219072 16 3 217702
219074 16 5 217703
219078 16 10 217705
219080 16 14 217706
219082 16 15 217707
219084 16 19 217708
219086 16 21 217709
219090 16 22 217710
219092 16 23 217711
219094 16 1 217712
219096 16 2 217713
219102 16 5 217715
219104 16 9 217716
219106 16 10 217717
219108 16 14 217718
219110 16 15 217719
219116 16 21 217721
219118 16 22 217722
219120 16 23 217723
219122 16 1 217724
219124 16 2 217725
219130 16 3 217726
219132 16 5 217727
219134 16 9 217728
219138 16 10 217729
219140 16 14 217730
219144 16 15 217731
219146 16 19 217732
219148 16 21 217733
219152 16 22 217734
219156 16 23 217735
219162 16 1 217736
219164 16 2 217737
219168 16 5 217739
219170 16 9 217740
219172 16 10 217741
219174 16 14 217742
219176 16 15 217743
219178 16 19 217744
219180 16 21 217745
219182 16 22 217746
219184 16 23 217747
219186 16 1 217748
219188 16 2 217749
219192 16 3 217750
219194 16 5 217751
219196 16 9 217752
219198 16 10 217753
219200 16 14 217754
219202 16 15 217755
219204 16 19 217756
219208 16 21 217757
219210 16 22 217758
219212 16 23 217759
219214 16 1 217760
219218 16 2 217761
219222 16 3 217762
219224 16 5 217763
219226 16 9 217764
219228 16 10 217765
219230 16 14 217766
219232 16 15 217767
219234 16 19 217768
219236 16 21 217769
219240 16 22 217770
219244 16 23 217771
219248 16 2 217773
219250 16 3 217774
219252 16 5 217775
219254 16 9 217776
219256 16 10 217777
219258 16 14 217778
219260 16 15 217779
219262 16 19 217780
219264 16 21 217781
219266 16 22 217782
219268 16 23 217783
219270 16 1 217784
219274 16 2 217785
219276 16 3 217786
219278 16 5 217787
219280 16 9 217788
219282 16 10 217789
219284 16 14 217790
219286 16 15 217791
219288 16 19 217792
219290 16 21 217793
219292 16 22 217794
219294 16 23 217795
219296 16 1 217796
219298 16 2 217797
219300 16 3 217798
219302 16 5 217799
219304 16 9 217800
219306 16 10 217801
219308 16 14 217802
219310 16 15 217803
219312 16 19 217804
219314 16 21 217805
219316 16 22 217806
219318 16 23 217807
219322 16 2 217809
219324 16 3 217810
219328 16 9 217812
219330 16 10 217813
219332 16 14 217814
219334 16 15 217815
219336 16 19 217816
219338 16 21 217817
219340 16 22 217818
219342 16 23 217819
219344 16 1 217820
219346 16 2 217821
219348 16 3 217822
219350 16 5 217823
219352 16 9 217824
219356 16 10 217825
219358 16 14 217826
219362 16 19 217828
219364 16 21 217829
219366 16 22 217830
219370 16 1 217832
219372 16 2 217833
219376 16 5 217835
219378 16 9 217836
219380 16 10 217837
219382 16 14 217838
219386 16 15 217839
219388 16 19 217840
219390 16 21 217841
219392 16 22 217842
219394 16 23 217843
219396 16 1 217844
219398 16 2 217845
219400 16 3 217846
219404 16 9 217848
219406 16 10 217849
219408 16 14 217850
219414 16 15 217851
219416 16 19 217852
219418 16 21 217853
219420 16 22 217854
219424 16 23 217855
219426 16 1 217856
219428 16 2 217857
219430 16 3 217858
219432 16 5 217859
219434 16 9 217860
219436 16 10 217861
219438 16 14 217862
219440 16 15 217863
219446 16 21 217865
219448 16 22 217866
219452 16 23 217867
219454 16 1 217868
219470 16 22 217494
219482 16 1 217496
219484 16 10 217489
219490 16 3 217498
219546 16 2 217485
219560 16 15 217479
219574 16 21 217493
219584 16 9 217476
219590 16 23 217495
219620 16 2 217497
219628 16 15 217503
219632 16 2 217869
219656 16 19 217504
219714 16 10 29037
219716 16 1 247808
219718 16 2 247809
219720 16 3 247810
219722 16 5 247811
219724 16 9 247812
219726 16 10 247813
219728 16 21 247817
219730 16 22 247818
219732 16 15 247971
219734 16 15 248115
219736 16 19 247816
219738 16 23 247819
219740 16 5 247967
219744 16 14 248054
219746 16 15 247827
219748 16 5 247823
219750 16 9 247824
219752 16 10 247825
219754 16 21 247829
219756 16 19 247828
219758 16 22 247830
219760 16 14 247982
219762 16 23 247831
219764 16 2 247833
219766 16 3 247834
219768 16 5 247835
219770 16 14 247838
219772 16 19 247840
219774 16 22 247842
219776 16 15 247839
219778 16 21 247841
219780 16 23 247843
219782 16 3 247846
219786 16 9 247848
219788 16 14 247850
219790 16 19 247852
219792 16 5 247847
219794 16 10 247849
219796 16 15 247851
219798 16 21 247853
219800 16 23 247855
219802 16 1 247856
219804 16 2 247857
219806 16 3 247858
219808 16 5 247859
219810 16 23 247867
219812 16 10 247861
219814 16 15 247863
219816 16 22 247866
219818 16 21 247865
219820 16 19 247864
219826 16 10 247837
219830 16 3 247870
219832 16 5 247871
219834 16 9 247872
219836 16 10 247873
219838 16 14 247874
219840 16 15 247875
219844 16 21 248069
219848 16 3 247966
219850 16 21 247877
219852 16 22 247878
219854 16 1 247880
219856 16 2 247881
219858 16 3 247882
219860 16 5 247883
219862 16 9 247884
219864 16 23 247879
219870 16 14 247886
219872 16 15 247887
219874 16 19 247888
219876 16 21 247889
219878 16 22 247890
219880 16 23 247891
219898 16 2 247893
219900 16 3 247894
219902 16 5 247895
219908 16 10 247897
219910 16 14 247898
219912 16 19 247900
219914 16 23 247903
219916 16 10 247957
219918 16 15 248067
219920 16 15 247899
219922 16 10 247945
219928 16 21 247901
219930 16 22 247902
219934 16 1 247904
219936 16 2 247905
219938 16 3 247906
219940 16 5 247907
219942 16 21 248177
219944 16 22 248178
219946 16 1 248180
219948 16 14 248186
219950 16 3 248194
219952 16 14 247910
219954 16 19 247912
219956 16 15 247911
219960 16 21 247913
219962 16 9 247896
219964 16 3 247918
219966 16 23 247939
219968 16 2 247953
219970 16 5 247919
219972 16 9 247920
219974 16 14 247922
219976 16 15 247923
219978 16 19 247924
219982 16 10 247921
219984 16 22 247926
219986 16 2 247929
219988 16 9 247932
219990 16 1 247928
219996 16 3 247930
220000 16 2 247917
220002 16 23 247951
220004 16 1 247952
220006 16 19 247960
220008 16 21 247961
220010 16 22 247962
220012 16 14 247934
220014 16 1 247940
220016 16 2 247941
220018 16 5 247943
220020 16 9 247944
220022 16 14 247946
220024 16 3 247942
220032 16 2 247869
220034 16 19 247876
220036 16 10 247885
220038 16 1 247892
220062 16 22 247950
220064 16 3 247954
220066 16 5 247955
220070 16 14 247958
220072 16 15 247959
220078 16 9 247956
220088 16 14 247970
220092 16 22 247974
220094 16 2 247977
220096 16 21 247973
220098 16 2 248049
220100 16 1 247976
220106 16 9 247980
220110 16 15 247983
220112 16 19 247984
220114 16 23 247963
220116 16 23 248215
220118 16 1 247820
220122 16 21 248105
220124 16 22 248214
220126 16 3 248002
220128 16 10 248005
220130 16 9 248004
220132 16 14 248006
220134 16 14 248114
220136 16 3 248014
220138 16 5 248015
220140 16 9 248016
220142 16 10 248017
220144 16 14 248018
220146 16 15 248019
220148 16 2 248013
220152 16 19 248020
220154 16 22 248022
220156 16 23 248023
220160 16 2 248025
220162 16 3 248026
220164 16 5 248027
220170 16 10 248029
220172 16 15 248031
220174 16 22 248034
220176 16 23 248035
220178 16 2 248037
220180 16 3 248038
220182 16 5 248039
220184 16 9 248040
220186 16 1 248108
220192 16 14 248042
220194 16 2 248109
220196 16 19 248044
220198 16 21 248045
220200 16 22 248046
220202 16 1 248036
220204 16 10 248041
220206 16 15 248043
220208 16 23 248047
220210 16 21 248033
220212 16 1 248048
220214 16 22 248526
220216 16 2 247821
220218 16 9 248052
220220 16 10 248053
220224 16 15 248055
220228 16 5 248051
220232 16 19 248056
220234 16 1 248060
220236 16 23 248059
220240 16 2 248061
220242 16 22 248058
220244 16 3 248062
220246 16 19 248068
220248 16 23 248071
220250 16 1 248072
220252 16 5 248075
220254 16 3 248074
220260 16 2 248073
220262 16 9 248076
220266 16 14 248078
220268 16 15 248079
220270 16 22 248082
220272 16 1 248084
220274 16 5 248063
220276 16 9 248088
220278 16 19 248092
220280 16 21 248093
220282 16 9 247968
220284 16 2 248097
220286 16 22 248118
220288 16 9 248100
220290 16 10 248101
220292 16 14 248102
220294 16 2 248217
220302 16 5 248003
220304 16 15 248007
220306 16 3 248206
220308 16 15 248103
220310 16 1 248120
220312 16 2 248121
220314 16 3 248122
220316 16 5 248123
220318 16 15 248127
220320 16 21 248129
220322 16 22 248130
220324 16 23 248131
220328 16 1 248132
220330 16 3 248134
220332 16 5 248135
220336 16 14 248138
220338 16 19 248140
220340 16 14 248126
220342 16 15 248139
220344 16 21 248141
220346 16 21 248189
220348 16 1 248144
220350 16 3 248146
220352 16 14 248150
220354 16 15 248151
220356 16 19 248152
220358 16 21 248153
220360 16 3 248158
220362 16 5 248159
220364 16 19 248116
220366 16 15 248163
220368 16 22 248166
220370 16 9 248148
220372 16 3 248170
220374 16 21 248117
220378 16 14 248162
220382 16 19 248164
220384 16 21 248165
220388 16 1 248168
220392 16 2 248169
220396 16 23 248167
220400 16 5 248171
220402 16 10 248173
220414 16 9 248172
220418 16 22 248190
220424 16 23 248179
220428 16 10 247969
220432 16 3 248182
220436 16 5 248183
220438 16 9 248184
220440 16 23 248119
220444 16 21 248201
220448 16 23 248191
220454 16 2 248193
220456 16 23 248527
220458 16 15 248199
220460 16 19 248200
220464 16 5 248195
220466 16 9 248196
220468 16 10 248197
220470 16 2 248181
220474 16 22 248202
220476 16 23 248203
220478 16 1 248204
220480 16 10 248221
220482 16 5 248207
220484 16 9 248208
220490 16 10 248209
220492 16 14 248210
220494 16 10 248185
220496 16 1 248096
220498 16 5 248219
220502 16 5 248543
220536 16 14 248546
220544 16 22 248550
220546 16 2 248553
220548 16 10 248557
220550 16 21 248561
220552 16 5 248567
220554 16 15 248571
220556 16 23 248575
220558 16 9 248580
220560 16 19 248584
220562 16 1 248588
220564 16 9 248592
220566 16 15 248595
220568 16 22 248598
220570 16 3 248602
220572 16 10 248605
220574 16 15 248607
220576 16 23 248611
220578 16 10 248617
220580 16 21 248621
220582 16 2 248625
220584 16 9 248628
220586 16 14 248630
220588 16 21 248633
220590 16 1 248636
220592 16 9 248640
220594 16 15 248643
220596 16 22 248646
220598 16 5 248651
220600 16 9 248652
220602 16 15 248655
220604 16 22 248658
220606 16 22 248778
220608 16 10 248785
220610 16 22 248694
220612 16 2 248697
220614 16 10 248701
220616 16 14 248750
220618 16 15 248739
220620 16 23 248707
220622 16 23 248779
220624 16 10 248713
220626 16 14 248714
220628 16 15 248715
220630 16 19 248716
220632 16 21 248717
220634 16 22 248718
220636 16 23 248719
220638 16 1 248720
220640 16 2 248721
220642 16 3 248722
220644 16 5 248723
220646 16 9 248724
220648 16 10 248725
220650 16 14 248726
220652 16 15 248727
220654 16 19 248728
220656 16 21 248729
220658 16 22 248730
220660 16 23 248731
220662 16 1 248732
220664 16 2 248733
220666 16 3 248734
220668 16 5 248735
220670 16 9 248736
220672 16 10 248737
220674 16 14 248738
222028 16 9 248784
222030 16 15 248787
222032 16 22 248706
222036 16 2 248745
222038 16 9 248748
222040 16 21 248777
222046 16 3 248746
222050 16 9 248760
222052 16 14 248774
222054 16 15 248775
222056 16 19 248776
222064 16 1 248780
222066 16 2 248781
222068 16 3 248782
222070 16 5 248783
222076 16 14 248786
222082 16 2 248769
222086 16 14 248690
222088 16 9 248712
222090 16 3 248758
222098 16 19 248752
222100 16 1 248756
222104 16 19 248740
222142 16 1 248708
222146 16 3 248818
222600 16 15 248751
222604 16 19 248788
222606 16 21 248789
222608 16 22 248790
222610 16 23 248791
222612 16 1 248792
222614 16 2 248793
222616 16 3 248794
222618 16 5 248795
222620 16 9 248796
222622 16 10 248797
222624 16 14 248798
222626 16 15 248799
222628 16 19 248800
222630 16 21 248801
222632 16 22 248802
222634 16 23 248803
222636 16 1 248804
222638 16 2 248805
222640 16 3 248806
222642 16 5 248807
222644 16 9 248808
222646 16 10 248809
222648 16 14 248810
222650 16 15 248811
222652 16 19 248812
222654 16 21 248813
222714 16 22 248826
222716 16 3 248830
222720 16 19 248692
222722 16 14 248702
222726 16 22 248742
222728 16 23 248743
222730 16 1 248744
222738 16 10 248749
222794 16 22 248814
222796 16 15 248823
222798 16 1 248828
222802 16 21 248693
222806 16 23 248695
222808 16 3 248698
222810 16 5 248699
222812 16 9 248700
222816 16 3 248710
222818 16 5 248711
222878 16 15 248763
222880 16 19 248764
222882 16 22 248766
222884 16 3 248770
222944 16 1 248696
222952 16 15 248703
223008 16 2 248829
223012 16 2 248709
223016 16 10 248773
223302 16 21 248741
223422 16 23 248815
223424 16 1 248816
223426 16 2 248817
223430 16 19 248824
223432 16 5 248831
223544 16 10 248821
223546 16 14 248822
223756 16 23 248767
223814 16 23 248827
224212 16 5 248747
224220 16 19 269932
224222 16 3 269962
224224 16 9 270036
224226 16 10 270037
224228 16 23 270079
224230 16 23 270103
224232 16 1 270152
224234 16 2 270153
224236 16 19 270172
224238 16 15 270183
224240 16 1 270188
224242 16 21 270209
224244 16 19 270304
224246 16 5 269963
224248 16 10 269965
224250 16 21 269969
224252 16 23 269983
224254 16 1 269984
224256 16 2 269997
224258 16 9 270000
224260 16 10 270001
224262 16 3 270046
224264 16 3 270106
224266 16 5 270143
224268 16 19 270160
224270 16 21 270161
224272 16 22 270162
224274 16 3 270190
224276 16 22 270318
224278 16 2 270333
224282 16 9 269940
224284 16 3 269998
224286 16 5 269999
224288 16 14 270002
224290 16 23 270007
224292 16 1 270008
224294 16 3 270010
224296 16 15 270015
224298 16 19 270016
224300 16 14 270038
224302 16 15 270039
224304 16 2 270045
224306 16 14 270050
224308 16 23 270091
224310 16 1 270092
224312 16 2 270093
224314 16 15 270099
224316 16 19 270100
224318 16 3 270142
224320 16 2 270165
224322 16 3 270166
224324 16 9 270228
224326 16 10 270229
224328 16 14 270230
224330 16 2 270249
224332 16 2 270297
224334 16 3 270334
224336 16 21 270029
224338 16 22 270030
224340 16 23 270031
224342 16 1 270032
224344 16 2 270033
224346 16 3 270034
224348 16 5 270035
224350 16 5 270059
224352 16 9 270060
224354 16 10 270061
224356 16 14 270062
224358 16 15 270063
224360 16 19 270064
224362 16 21 270065
224364 16 22 270066
224366 16 23 270067
224368 16 1 270068
224370 16 2 270069
224372 16 3 270214
224374 16 5 270215
224376 16 9 270216
224378 16 10 270217
224380 16 14 270218
224382 16 15 270219
224384 16 19 270220
224386 16 21 270221
224388 16 22 270222
224390 16 23 270223
224392 16 1 270224
224394 16 2 270225
224396 16 1 270236
224398 16 2 270237
224400 16 3 270238
224402 16 5 270239
224404 16 9 270240
224406 16 10 270241
224408 16 14 270242
224410 16 15 270243
224412 16 19 270244
224414 16 21 270245
224416 16 22 270246
224418 16 23 270247
224420 16 14 270254
224422 16 15 270255
224424 16 19 270256
224426 16 21 270257
224428 16 22 270258
224430 16 23 270259
224432 16 1 270260
224434 16 2 270261
224436 16 3 270262
224438 16 5 270263
224440 16 9 270264
224442 16 10 270265
224444 16 14 270266
224446 16 15 270267
224448 16 19 270268
224450 16 21 270269
224452 16 22 270270
224454 16 23 270271
224456 16 1 270272
224458 16 2 270273
224460 16 3 270274
224462 16 5 270275
224464 16 9 270276
224466 16 10 270277
224468 16 14 270278
224470 16 15 270279
224472 16 19 270280
224474 16 21 270281
224476 16 22 270282
224478 16 23 270283
224480 16 2 270285
224482 16 3 270286
224484 16 5 270287
224486 16 9 270288
224488 16 10 270289
224490 16 14 270290
224492 16 15 270291
224494 16 19 270292
224496 16 15 270111
224498 16 19 270112
224500 16 1 270116
224502 16 23 270127
224504 16 22 270306
224506 16 23 270307
224508 16 9 269928
224510 16 22 269970
224512 16 1 269972
224514 16 10 269977
224516 16 14 269978
224518 16 19 270040
224520 16 21 270041
224522 16 1 270044
224524 16 5 270047
224526 16 9 270048
224528 16 19 270052
224530 16 9 270084
224532 16 23 270115
224534 16 21 270137
224536 16 22 270150
224538 16 14 270158
224540 16 15 270159
224542 16 14 270170
224544 16 10 270193
224546 16 21 270197
224548 16 2 270201
224550 16 19 270208
224552 16 3 270226
224554 16 5 270227
224556 16 3 270250
224558 16 5 270311
224560 16 14 270314
224562 16 9 269952
224564 16 10 269953
224566 16 14 269966
224570 16 5 269975
224572 16 15 269979
224574 16 21 269981
224578 16 15 270051
224580 16 9 270096
224582 16 22 270102
224584 16 9 270132
224586 16 14 270134
224588 16 15 270135
224590 16 19 270136
224592 16 22 270138
224594 16 23 270139
224596 16 9 270144
224598 16 10 270157
224600 16 9 270168
224602 16 9 270180
224604 16 23 270199
224606 16 5 270251
224608 16 9 270252
224610 16 1 270296
224612 16 2 270309
224614 16 10 270313
224616 16 23 270331
224618 16 1 270332
224620 16 9 269964
224622 16 23 270019
224624 16 1 270020
224626 16 2 270021
224628 16 3 270022
224630 16 5 270023
224632 16 9 270024
224634 16 10 270025
224636 16 14 270026
224638 16 15 270027
224640 16 19 270028
224642 16 1 270056
224644 16 2 270057
224646 16 3 270058
224648 16 15 270075
224652 16 22 270090
224654 16 22 270114
224656 16 19 270124
224658 16 1 270140
224660 16 1 270164
224662 16 15 270171
224664 16 5 270191
224666 16 15 270231
224668 16 1 270248
224670 16 21 270293
224672 16 15 270315
224674 16 10 270013
224676 16 14 270014
224678 16 14 270086
224680 16 19 270088
224682 16 21 270089
224684 16 3 270094
224686 16 5 270095
224688 16 21 270113
224690 16 2 270117
224692 16 3 270118
224694 16 5 270119
224696 16 9 270120
224698 16 10 270121
224700 16 14 270122
224702 16 22 270126
224706 16 21 269933
224708 16 22 269934
224710 16 23 269935
224712 16 1 269936
224714 16 2 269937
224716 16 3 269938
224720 16 15 269943
224722 16 19 269944
224724 16 21 269945
224726 16 22 269946
224728 16 23 269947
224730 16 1 269948
224732 16 2 269949
224734 16 19 269956
224736 16 21 269957
224738 16 22 269958
224740 16 23 269959
224742 16 1 269960
224744 16 2 269961
224746 16 2 269973
224748 16 21 269993
224750 16 15 270003
224752 16 19 270004
224754 16 21 270005
224756 16 22 270006
224758 16 5 270011
224760 16 9 270012
224762 16 22 270054
224764 16 23 270055
224766 16 5 270071
224768 16 9 270072
224770 16 10 270073
224772 16 14 270074
224774 16 2 270081
224776 16 3 270082
224778 16 2 270105
224780 16 10 270109
224782 16 2 270129
224784 16 3 270130
224786 16 5 270131
224788 16 10 270133
224790 16 5 270167
224792 16 14 270194
224794 16 19 270196
224796 16 3 270202
224798 16 5 270203
224800 16 9 270204
224802 16 22 270330
224804 16 9 269916
224806 16 1 269924
224808 16 10 269941
224810 16 19 269980
224812 16 9 269988
224814 16 14 269990
224816 16 2 270009
224818 16 22 270018
224820 16 23 270043
224822 16 3 270070
224824 16 21 270077
224826 16 10 270085
224828 16 5 270107
224830 16 9 270108
224832 16 14 270110
224834 16 1 270128
224836 16 19 270148
224838 16 21 270149
224840 16 5 270155
224842 16 23 270163
224844 16 2 270177
224846 16 21 270185
224848 16 2 270189
224850 16 1 270200
224852 16 15 270207
224854 16 2 270213
224856 16 22 270234
224858 16 22 270294
224860 16 23 270295
224862 16 1 270308
224864 16 9 270312
224866 16 21 270317
224868 16 5 269915
224870 16 14 269954
224872 16 23 269971
224874 16 3 269974
224876 16 15 269991
224878 16 22 270042
224880 16 21 270053
224882 16 22 270078
224884 16 5 270083
224886 16 21 270125
224888 16 23 270151
224890 16 1 270176
224892 16 14 270206
224894 16 23 270211
224896 16 1 270212
224898 16 3 270298
224900 16 10 270301
224902 16 15 270303
224904 16 3 270310
224906 16 23 270319
224908 16 9 270324
224914 16 22 269922
224916 16 5 269927
224920 16 5 269939
224922 16 14 269942
224924 16 1 270080
224926 16 21 270101
224928 16 1 270104
224930 16 3 270178
224934 16 10 270181
224936 16 14 270182
224940 16 19 270184
224944 16 23 270187
224948 16 9 270192
224954 16 14 270146
224956 16 21 270173
224958 16 22 270174
224960 16 23 270175
224964 16 10 270325
224966 16 14 270326
224968 16 15 270327
224970 16 19 270328
224972 16 21 270329
224978 16 10 269917
224980 16 21 269921
225026 16 3 269950
225028 16 5 269951
225036 16 15 269955
225056 16 15 269967
225058 16 19 269968
225074 16 9 269976
225086 16 22 269982
225092 16 2 269985
225094 16 3 269986
225096 16 5 269987
225100 16 10 269989
225106 16 19 269992
225110 16 22 269994
225112 16 23 269995
225114 16 1 269996
225156 16 21 270017
225220 16 10 270049
225274 16 19 270076
225296 16 15 270087
225316 16 10 270097
225318 16 14 270098
225366 16 15 270123
225402 16 2 270141
225410 16 10 270145
225414 16 15 270147
225428 16 3 270154
225432 16 9 270156
225458 16 10 270169
225478 16 5 270179
225492 16 22 270186
225510 16 15 270195
225516 16 22 270198
225530 16 10 270205
225540 16 22 270210
225584 16 19 270232
225586 16 21 270233
225590 16 23 270235
225626 16 10 270253
225686 16 1 270284
225716 16 5 270299
225718 16 9 270300
225722 16 14 270302
225728 16 21 270305
225750 16 19 270316
225758 16 1 270320
225760 16 2 270321
225762 16 3 270322
225764 16 5 270323
225896 16 2 18261
225898 16 19 270560
225900 16 22 270586
225902 16 3 270590
225904 16 15 270595
225906 16 19 270596
225908 16 21 270597
225910 16 23 270599
225912 16 1 270600
225914 16 21 270681
225916 16 1 270540
225918 16 2 270541
225920 16 21 270561
225922 16 22 270574
225924 16 5 270579
225926 16 15 270607
225928 16 19 270608
225930 16 23 270695
225932 16 5 270567
225934 16 10 270593
225936 16 9 270604
225938 16 23 270671
225940 16 19 270680
225942 16 3 270518
225944 16 5 270519
225946 16 22 270514
225948 16 9 270520
225950 16 1 270552
225952 16 2 270565
225954 16 9 270592
225956 16 3 270602
225958 16 2 270661
225960 16 3 270662
225962 16 5 270663
225964 16 3 270674
225966 16 15 270679
225968 16 23 270683
225970 16 1 270684
225972 16 15 270691
225974 16 19 270692
225976 16 21 270693
225978 16 2 270697
225980 16 3 270698
225982 16 2 270529
225984 16 14 270534
225986 16 19 270536
225988 16 15 270547
225990 16 15 270559
225992 16 2 270601
225994 16 14 270606
225996 16 9 270664
225998 16 5 270675
226000 16 9 270676
226002 16 10 270677
226004 16 14 270678
226006 16 5 270687
226008 16 1 270696
226010 16 23 270539
226012 16 22 270694
226022 16 9 270700
226024 16 10 270701
226026 16 23 270527
226028 16 1 270528
226030 16 5 270531
226032 16 15 270535
226034 16 19 270548
226036 16 5 270555
226038 16 9 270556
226040 16 22 270562
226042 16 23 270563
226044 16 1 270564
226046 16 1 270588
226048 16 2 270613
226050 16 3 270614
226052 16 15 270523
226054 16 19 270524
226056 16 9 270532
226058 16 10 270533
226060 16 21 270537
226062 16 10 270545
226064 16 14 270546
226066 16 10 270665
226068 16 19 270668
226070 16 21 270669
226072 16 1 270672
226074 16 2 270673
226076 16 22 270682
226078 16 5 270699
226080 16 21 270705
226082 16 23 270515
226084 16 1 270516
226086 16 2 270517
226088 16 14 270522
226090 16 22 270526
226092 16 3 270530
226094 16 21 270549
226096 16 23 270551
226098 16 3 270554
226100 16 2 270589
226102 16 5 270603
226104 16 21 270609
226106 16 22 270670
226108 16 15 270703
226110 16 22 270538
226112 16 5 270543
226128 16 10 270521
226136 16 21 270525
226170 16 3 270542
226174 16 9 270544
226186 16 22 270550
226192 16 2 270553
226200 16 10 270557
226202 16 14 270558
226218 16 3 270566
226222 16 9 270568
226224 16 10 270569
226226 16 14 270570
226228 16 15 270571
226230 16 19 270572
226232 16 21 270573
226236 16 23 270575
226238 16 1 270576
226240 16 2 270577
226242 16 3 270578
226246 16 9 270580
226248 16 10 270581
226250 16 14 270582
226252 16 15 270583
226254 16 19 270584
226256 16 21 270585
226260 16 23 270587
226268 16 5 270591
226274 16 14 270594
226282 16 22 270598
226296 16 10 270605
226306 16 22 270610
226308 16 23 270611
226310 16 1 270612
226326 16 14 270666
226328 16 15 270667
226364 16 2 270685
226366 16 3 270686
226370 16 9 270688
226372 16 10 270689
226374 16 14 270690
226398 16 14 270702
226402 16 19 270704
226406 16 22 270706
226408 16 23 270707
226452 16 5 270615
226454 16 9 270616
226456 16 10 270617
226458 16 14 270618
226460 16 23 270623
226462 16 1 270624
226464 16 2 270625
226466 16 3 270626
226468 16 5 270627
226470 16 9 270628
226472 16 10 270629
226474 16 14 270630
226476 16 15 270631
226478 16 19 270632
226480 16 21 270633
226482 16 23 270635
226484 16 1 270636
226486 16 2 270637
226488 16 3 270638
226490 16 5 270639
226492 16 10 270641
226494 16 15 270643
226496 16 19 270644
226498 16 21 270645
226500 16 22 270646
226502 16 23 270647
226504 16 2 270649
226506 16 3 270650
226508 16 9 270652
226510 16 10 270653
226512 16 14 270654
226514 16 15 270655
226516 16 19 270656
226518 16 21 270657
226570 16 10 271001
226572 16 14 271002
226574 16 15 271003
226576 16 19 271004
226578 16 21 271005
226580 16 22 271006
226582 16 23 271007
226584 16 1 271008
226586 16 2 271009
226588 16 3 271010
226590 16 5 271011
226592 16 9 271012
226594 16 10 271013
226596 16 14 271014
226598 16 15 271015
226600 16 19 271016
226602 16 21 271017
226604 16 22 271018
226606 16 23 271019
226608 16 1 271020
226610 16 2 271021
226612 16 3 271022
226614 16 5 271023
226616 16 9 271024
226618 16 10 271025
226620 16 14 271026
226622 16 15 271027
226624 16 19 271028
226626 16 21 271029
226628 16 22 271030
226630 16 23 271031
226632 16 1 271032
226634 16 2 271033
226636 16 3 271034
226638 16 5 271035
226640 16 9 271036
226642 16 10 271037
226644 16 14 271038
226646 16 15 271039
226648 16 19 271040
226650 16 21 271041
226652 16 22 271042
226654 16 23 271043
226656 16 1 271044
226658 16 2 271045
226660 16 3 271046
226662 16 5 271047
226664 16 9 271048
226666 16 10 271049
226668 16 14 271050
226670 16 15 271051
226672 16 19 271052
226674 16 21 271053
226676 16 22 271054
226678 16 23 271055
226680 16 1 271056
226682 16 2 271057
226684 16 3 271058
226686 16 5 271059
226688 16 9 271060
226690 16 10 271061
226692 16 14 271062
226694 16 15 271063
226696 16 19 271232
226698 16 22 271270
226700 16 21 271101
226702 16 1 271128
226704 16 19 271076
226706 16 14 271146
226708 16 22 271150
226710 16 21 271257
226712 16 5 271347
226714 16 5 271071
226716 16 9 271072
226718 16 21 271077
226720 16 22 271078
226722 16 9 271084
226724 16 9 271348
226726 16 10 271085
226728 16 19 271088
226730 16 21 271089
226732 16 22 271090
226734 16 2 271093
226736 16 9 271096
226738 16 10 271097
226744 16 14 271098
226748 16 22 271102
226750 16 23 271103
226752 16 15 271111
226756 16 10 271145
226758 16 1 271104
226760 16 5 271107
226762 16 9 271108
226764 16 10 271109
226766 16 14 271110
226768 16 19 271112
226772 16 23 271151
226774 16 5 271119
226776 16 14 271122
226778 16 15 271123
226780 16 19 271124
226782 16 21 271125
226784 16 23 271127
226788 16 10 271133
226790 16 14 271134
226792 16 19 271160
226794 16 2 271165
226796 16 5 271167
226798 16 21 271173
226800 16 1 271176
226802 16 3 271178
226804 16 5 271179
226806 16 10 271181
226808 16 15 271183
226810 16 21 271185
226812 16 5 271191
226814 16 9 271204
226816 16 10 271205
226818 16 14 271206
226820 16 3 271226
226822 16 1 271260
226824 16 15 271075
226828 16 15 271207
226830 16 3 271214
226832 16 1 271224
226836 16 15 271351
226842 16 3 271298
226844 16 2 271333
226846 16 10 271193
226848 16 14 271302
226860 16 9 271132
226862 16 21 271197
226866 16 14 271326
226868 16 15 271327
226870 16 5 271335
226878 16 3 271238
226880 16 2 271309
226882 16 15 271315
226888 16 3 271130
226892 16 5 271215
226894 16 5 271299
226896 16 10 271313
226898 16 23 271271
226902 16 15 271147
226904 16 1 271332
226906 16 19 271220
226910 16 14 271074
226920 16 14 271350
226926 16 22 271294
226930 16 9 271300
226934 16 22 271306
226942 16 23 271319
226944 16 1 271320
226946 16 2 271321
226948 16 3 271322
226950 16 5 271323
226952 16 9 271324
226954 16 10 271325
226960 16 22 271330
226974 16 10 271073
226980 16 9 271216
226982 16 10 271349
226984 16 19 271100
227012 16 21 271137
227020 16 2 271225
227022 16 5 271239
227028 16 23 271355
227030 16 5 271359
227032 16 9 271228
227040 16 19 271352
227048 16 19 271256
227062 16 3 271310
227064 16 5 271311
227066 16 9 271312
227072 16 22 271318
227080 16 23 271295
227092 16 14 271242
227096 16 23 271331
227124 16 23 247803
227126 16 1 247804
227128 16 2 247805
227130 16 3 247806
227132 16 5 247807
227134 16 14 247726
227136 16 19 247728
227138 16 5 247579
227140 16 9 247568
227142 16 3 247578
227144 16 19 247620
227146 16 21 247597
227150 16 2 247613
227154 16 10 247569
227158 16 23 247599
227164 16 10 247605
227176 16 14 247678
227178 16 21 247681
227180 16 10 247641
227182 16 21 247645
227184 16 9 247628
227192 16 1 247768
227194 16 5 247675
227198 16 21 247609
227204 16 9 247604
227206 16 9 247700
227208 16 19 247704
227210 16 10 247701
227212 16 14 247702
227214 16 22 247610
227216 16 15 247703
227218 16 19 247608
227220 16 21 247705
227224 16 23 247707
227226 16 14 247738
227228 16 1 247780
227234 16 3 247614
227238 16 23 247683
227240 16 19 247584
227242 16 1 247708
227244 16 21 247729
227254 16 10 247785
227258 16 9 247640
227262 16 19 247572
227264 16 3 247734
227266 16 1 247624
227268 16 5 247735
227270 16 2 247625
227272 16 1 247732
227274 16 2 247733
227276 16 23 247731
227278 16 23 247623
227280 16 22 247730
227282 16 22 247682
227286 16 22 272054
227288 16 23 272055
227290 16 1 272056
227292 16 2 272057
227294 16 3 272058
227296 16 5 272059
227298 16 9 272060
227300 16 10 272061
227302 16 14 272062
227308 16 15 272063
227310 16 19 272064
227312 16 21 272065
227314 16 22 272066
227318 16 23 272067
227320 16 22 271514
227322 16 2 271517
227324 16 3 271518
227326 16 5 271519
227328 16 9 271520
227330 16 10 271629
227332 16 14 271630
227334 16 10 271749
227336 16 10 271521
227338 16 14 271522
227340 16 15 271523
227342 16 19 271524
227344 16 21 271525
227346 16 10 271533
227348 16 14 271534
227350 16 19 271536
227352 16 1 271540
227354 16 21 271597
227356 16 22 271598
227358 16 23 271599
227360 16 1 271600
227362 16 3 271602
227364 16 5 271603
227366 16 22 271610
227368 16 2 271613
227370 16 3 271614
227372 16 14 271618
227374 16 9 271616
227376 16 19 271620
227378 16 22 271622
227382 16 1 272068
227384 16 23 271623
227386 16 1 271624
227388 16 5 271627
227390 16 1 271636
227392 16 22 271634
227394 16 2 271637
227396 16 5 271639
227398 16 15 271751
227400 16 22 271670
227402 16 5 271675
227404 16 9 271676
227406 16 14 271678
227408 16 19 271680
227410 16 23 271467
227412 16 1 271468
227414 16 2 271469
227416 16 9 271460
227418 16 3 271470
227420 16 5 271471
227422 16 2 271541
227424 16 3 271542
227426 16 15 271631
227428 16 19 271632
227430 16 21 271441
227432 16 5 271447
227434 16 9 271448
227436 16 10 271449
227438 16 3 271458
227440 16 14 271402
227442 16 2 271409
227444 16 22 271418
227446 16 10 271425
227448 16 23 271515
227450 16 2 271709
227452 16 14 271714
227454 16 22 271718
227456 16 1 271720
227458 16 2 271721
227460 16 3 271722
227462 16 10 271725
227464 16 14 271726
227466 16 23 271731
227468 16 3 271734
227470 16 14 271738
227472 16 15 271739
227474 16 1 271744
227476 16 2 271745
227478 16 3 271746
227480 16 14 271546
227482 16 23 271563
227484 16 3 271554
227486 16 10 271557
227488 16 21 271561
227490 16 2 271565
227492 16 9 271364
227494 16 9 271388
227496 16 9 271700
227498 16 23 271707
227500 16 21 271465
227506 16 14 271390
227508 16 15 271391
227516 16 14 271510
227518 16 23 271659
227520 16 1 271672
227522 16 3 271674
227524 16 15 271703
227528 16 23 271395
227530 16 23 271635
227538 16 19 271392
227548 16 14 271378
227554 16 15 271463
227560 16 15 271559
227566 16 2 271601
227568 16 21 271609
227578 16 14 271582
227584 16 19 271464
227588 16 22 271466
227598 16 10 271497
227600 16 2 271361
227602 16 5 271363
227608 16 14 271462
227616 16 14 271606
227624 16 22 271370
227626 16 10 271581
227632 16 22 271694
227636 16 21 271369
227640 16 10 271377
227644 16 5 271387
227648 16 10 271389
227656 16 9 271400
227658 16 23 271503
227660 16 22 271586
227662 16 23 271587
227664 16 19 271596
227670 16 21 271657
227672 16 22 271658
227676 16 2 271661
227678 16 21 271669
227684 16 19 271500
227686 16 9 271580
227710 16 5 271723
227728 16 14 271498
227730 16 22 271646
227732 16 1 271360
227736 16 10 271365
227748 16 21 271393
227752 16 10 271401
227760 16 1 271480
227762 16 2 271481
227764 16 3 271482
227780 16 15 248851
227782 16 15 248839
227784 16 1 248832
227786 16 9 248836
227788 16 2 248833
227790 16 10 248837
227794 16 14 248838
227798 16 22 248842
227800 16 3 248846
227802 16 5 248847
227804 16 9 248848
227808 16 19 248852
227814 16 5 248835
227824 16 14 248850
227830 16 10 248849
227832 16 3 248834
227840 16 23 248843
227844 16 1 0
227846 16 15 55
227852 16 5 267
227856 16 5 63
227860 16 5 39
227868 16 14 162
227870 16 15 163
227872 16 2 205
227874 16 14 210
227876 16 21 45
228146 16 19 1956
228148 16 1 1192
228192 16 22 26030
228194 16 1 26164
228196 16 22 124802
228266 16 3 13130
228268 16 21 13137
228270 16 23 13139
228272 16 1 13140
228274 16 10 13145
228276 16 23 13151
228278 16 1 13152
228280 16 9 13156
228282 16 14 13158
228284 16 15 13159
228300 16 19 13160
228320 16 22 13162
228326 16 23 13163
228336 16 1 13164
228344 16 5 3747
228346 16 9 3748
228348 16 14 3762
228358 16 15 151315
228360 16 19 151316
228362 16 21 151317
228364 16 22 151318
228366 16 3 151370
228368 16 5 151371
228370 16 9 151372
228372 16 10 151373
228374 16 14 151374
228376 16 15 151375
228378 16 19 151376
228380 16 21 31197
228382 16 14 25314
228384 16 22 191170
228386 16 2 191173
228388 16 3 191174
228390 16 14 191178
228392 16 19 191180
228394 16 2 191185
228396 16 3 191186
228398 16 5 191187
228400 16 3 217810
228402 16 3 74174
228404 16 22 74566
228406 16 1 6032
228410 16 15 5511
228412 16 2 6069
228414 16 15 6111
228416 16 2 5649
228418 16 21 5441
228420 16 1 5528
228422 16 5 5663
228424 16 19 5680
228426 16 23 5503
228428 16 1 5840
228430 16 2 5877
228432 16 9 5976
228434 16 21 6017
228436 16 5 6143
228440 16 3 208426
228442 16 23 208459
228444 16 10 208513
228446 16 19 208456
228448 16 21 208457
228450 16 19 208384
228454 16 9 208452
228458 16 10 208453
228466 16 21 29569
228468 16 23 16295
228470 16 2 7141
228472 16 1 7116
228490 16 5 6219
228498 16 14 7086
228500 16 1 6180
228502 16 19 6332
228504 16 23 6527
228506 16 23 17379
228508 16 1 17380
228510 16 2 17381
228512 16 3 17382
228514 16 5 17383
228526 16 1 16888
228528 16 19 17148
228530 16 19 16428
228532 16 10 175313
228534 16 23 42979
228536 16 3 4122
228538 16 1 4120
228540 16 22 39630
228542 16 23 39631
228560 16 1 39632
228562 16 2 39633
228564 16 3 39634
228566 16 5 39635
228568 16 9 39636
228570 16 10 39637
228572 16 14 39638
228574 16 15 39639
228576 16 19 39640
228578 16 21 39641
228580 16 22 39642
228582 16 23 39643
228584 16 1 39644
228586 16 2 39645
228588 16 3 39646
228590 16 5 39647
228592 16 9 39648
228594 16 10 39649
228596 16 14 39650
228598 16 15 39651
228600 16 19 39652
228602 16 21 39653
228604 16 22 39654
228606 16 23 39655
228608 16 1 39656
228610 16 2 39657
228612 16 3 39658
228614 16 5 39659
228616 16 9 39660
228618 16 10 39661
228620 16 14 39662
228622 16 15 39663
228624 16 19 39664
228626 16 21 39665
228628 16 22 39666
228630 16 23 39667
228632 16 1 39668
228634 16 2 39669
228636 16 3 39670
228638 16 5 39671
228640 16 9 39672
228642 16 10 39673
228644 16 14 39674
228662 16 2 37549
228664 16 3 37550
228666 16 21 2993
228668 16 3 38562
228670 16 23 38571
228672 16 1 38572
228674 16 3 38586
228676 16 19 38592
228678 16 21 11161
228680 16 5 17903
228682 16 2 18285
228684 16 5 18191
228686 16 15 19051
228688 16 2 18505
228690 16 14 18510
228692 16 1 18720
228694 16 2 18721
228696 16 3 18722
228698 16 5 18723
228700 16 3 166706
228718 16 22 166714
228726 16 23 166703
228782 16 19 110816
228852 16 14 206394
228854 16 3 160214
228856 16 5 160215
228898 16 9 160276
228900 16 5 160359
228902 16 10 160361
228904 16 14 160362
228906 16 15 160363
228908 16 19 160364
228910 16 22 160366
228912 16 3 160370
228914 16 5 160371
228932 16 15 160459
228946 16 5 160551
228948 16 9 160552
228950 16 9 160600
228952 16 10 160601
228954 16 14 160602
228956 16 15 160603
228958 16 19 160604
228960 16 21 160605
228962 16 5 160503
228964 16 9 160504
228966 16 10 160505
228968 16 14 160506
228970 16 15 160507
228972 16 19 160508
228974 16 21 160509
228976 16 22 160510
228978 16 3 160502
228996 16 23 160511
228998 16 1 160512
229000 16 2 160513
229002 16 3 160514
229004 16 5 160515
229006 16 9 160516
229008 16 10 160517
229010 16 14 160518
229012 16 15 160519
229014 16 19 160520
229016 16 21 160521
229018 16 22 160522
229020 16 23 160523
229022 16 1 160524
229024 16 23 160631
229026 16 1 160632
229028 16 2 160633
229030 16 3 160634
229032 16 5 160635
229040 16 19 160640
229042 16 21 160641
229044 16 22 160642
229046 16 23 160643
229048 16 1 160644
229050 16 2 160645
229052 16 3 160646
229054 16 21 32521
229056 16 1 32068
229058 16 2 32069
229060 16 3 32070
229062 16 5 32071
229064 16 9 32072
229066 16 10 32073
229068 16 14 32074
229070 16 15 32075
229072 16 22 32078
229074 16 1 20212
229076 16 3 20094
229078 16 19 20524
229080 16 10 20749
229082 16 19 20536
229084 16 23 21367
229086 16 19 50712
229088 16 21 50713
229090 16 22 50714
229104 16 22 50462
229106 16 14 22134
229108 16 21 14957
229112 16 5 14375
229114 16 19 44676
229116 16 22 44678
229118 16 23 44679
229120 16 1 44680
229130 16 21 44929
229132 16 23 102675
229154 16 9 102848
229158 16 10 103365
229160 16 14 103366
229162 16 15 103367
229164 16 19 103368
229166 16 22 103370
229168 16 23 103371
229170 16 1 103372
229172 16 5 103363
229174 16 9 103364
229176 16 2 103373
229178 16 3 103374
229180 16 5 103375
229182 16 9 282880
229184 16 10 282881
229186 16 14 282882
229188 16 15 282883
229190 16 19 282884
229192 16 21 282885
229194 16 22 282886
229196 16 23 282887
229198 16 1 282888
229200 16 2 282889
229202 16 3 282890
229204 16 5 282891
229206 16 9 282892
229208 16 10 282893
229210 16 14 282894
229212 16 15 282895
229214 16 19 282896
229216 16 21 282897
229218 16 22 282898
229220 16 23 282899
229222 16 1 282900
229224 16 2 282901
229226 16 3 282902
229228 16 5 282903
229230 16 9 282904
229232 16 10 282905
229234 16 14 282906
229236 16 15 282907
229238 16 19 282908
229240 16 21 282909
229242 16 22 282910
229244 16 23 282911
229246 16 1 282912
229248 16 2 282913
229250 16 3 282914
229252 16 5 282915
229254 16 9 282916
229256 16 10 282917
229258 16 14 282918
229260 16 15 282919
229262 16 19 282920
229264 16 21 282921
229266 16 22 282922
229268 16 23 282923
229270 16 1 282924
229272 16 2 282925
229274 16 3 282926
229276 16 5 282927
229278 16 9 282928
229280 16 10 282929
229282 16 14 282930
229284 16 15 282931
229286 16 19 282932
229288 16 21 282933
229290 16 22 282934
229292 16 23 282935
229294 16 1 282936
229296 16 2 282937
229298 16 3 282938
229300 16 5 282939
229302 16 9 282940
229304 16 10 282941
229306 16 14 282942
229308 16 15 282943
229310 16 19 282944
229312 16 21 282945
229314 16 22 282946
229316 16 23 282947
229318 16 1 282948
229320 16 2 282949
229322 16 3 282950
229324 16 5 282951
229326 16 9 282952
229328 16 10 282953
229330 16 14 282954
229332 16 15 282955
229334 16 19 282956
229336 16 21 282957
229338 16 22 282958
229340 16 23 282959
229342 16 1 282960
229344 16 2 282961
229346 16 3 282962
229348 16 5 282963
229350 16 9 282964
229352 16 10 282965
229354 16 14 282966
229356 16 15 282967
229358 16 19 282968
229360 16 21 282969
229362 16 22 282970
229364 16 23 282971
229366 16 1 282972
229368 16 2 282973
229370 16 3 282974
229372 16 5 282975
229374 16 9 282976
229376 16 10 282977
229378 16 14 282978
229380 16 15 282979
229382 16 19 282980
229384 16 21 282981
229386 16 22 282982
229388 16 23 282983
229390 16 1 282984
229392 16 2 282985
229394 16 3 282986
229396 16 5 282987
229398 16 9 282988
229400 16 10 282989
229402 16 14 282990
229404 16 15 282991
229406 16 19 282992
229408 16 21 282993
229410 16 22 282994
229412 16 23 282995
229424 16 1 282996
229426 16 2 282997
229428 16 3 282998
229430 16 5 282999
229432 16 9 283000
229434 16 10 283001
229436 16 14 283002
229438 16 15 283003
229440 16 19 283004
229442 16 21 283005
229444 16 22 283006
229446 16 23 283007
229448 16 1 283008
229450 16 2 283009
229452 16 3 283010
229454 16 5 283011
229456 16 9 283012
229458 16 10 283013
229460 16 14 283014
229462 16 15 283015
229464 16 19 283016
229466 16 21 283017
229468 16 22 283018
229470 16 23 283019
229472 16 1 283020
229474 16 2 283021
229476 16 3 283022
229478 16 5 283023
229480 16 9 283024
229482 16 10 283025
229484 16 14 283026
229486 16 15 283027
229488 16 19 283028
229490 16 21 283029
229492 16 22 283030
229494 16 23 283031
229496 16 1 283032
229498 16 2 283033
229500 16 3 283034
229502 16 5 283035
229504 16 9 283036
229506 16 10 283037
229508 16 14 283038
229510 16 15 283039
229512 16 19 283040
229514 16 21 283041
229516 16 22 283042
229518 16 23 283043
229520 16 1 283044
229522 16 2 283045
229524 16 3 283046
229526 16 5 283047
229528 16 9 283048
229530 16 10 283049
229532 16 14 283050
229534 16 15 283051
229536 16 19 283052
229538 16 21 283053
229540 16 22 283054
229542 16 23 283055
229544 16 1 283056
229546 16 2 283057
229548 16 3 283058
229550 16 5 283059
229552 16 9 283060
229554 16 10 283061
229556 16 14 283062
229558 16 15 283063
229560 16 19 283064
229562 16 21 283065
229564 16 22 283066
229566 16 23 283067
229568 16 1 283068
229570 16 2 283069
229572 16 3 283070
229574 16 5 283071
229576 16 9 283072
229578 16 10 283073
229580 16 14 283074
229582 16 15 283075
229584 16 19 283076
229586 16 21 283077
229588 16 22 283078
229590 16 23 283079
229592 16 1 283080
229594 16 2 283081
229596 16 3 283082
229598 16 5 283083
229600 16 9 283084
229602 16 10 283085
229604 16 14 283086
229606 16 15 283087
229608 16 19 283088
229610 16 21 283089
229612 16 22 283090
229614 16 23 283091
229616 16 1 283092
229618 16 2 283093
229620 16 3 283094
229622 16 5 283095
229624 16 9 283096
229626 16 10 283097
229628 16 14 283098
229630 16 15 283099
229632 16 19 283100
229634 16 21 283101
229636 16 22 283102
229638 16 23 283103
229640 16 1 283104
229642 16 2 283105
229644 16 3 283106
229646 16 5 283107
229648 16 9 283108
229650 16 10 283109
229652 16 14 283110
229654 16 15 283111
229656 16 19 283112
229658 16 21 283113
229660 16 22 283114
229662 16 23 283115
229664 16 1 283116
229666 16 2 283117
229668 16 3 283118
229670 16 5 283119
229672 16 9 283120
229674 16 10 283121
229676 16 14 283122
229678 16 15 283123
229680 16 19 283124
229682 16 21 283125
229684 16 22 283126
229686 16 23 283127
229688 16 1 283128
229690 16 2 283129
229692 16 3 283130
229694 16 5 283131
229696 16 9 283132
229700 16 10 283133
229702 16 14 283134
229704 16 15 283135
229706 16 19 283136
229708 16 21 283137
229710 16 22 283138
229712 16 23 283139
229714 16 1 283140
229716 16 2 283141
229718 16 3 283142
229720 16 5 283143
229722 16 9 283144
229724 16 10 283145
229726 16 14 283146
229728 16 15 283147
229730 16 19 283148
229732 16 21 283149
229734 16 22 283150
229736 16 23 283151
229738 16 1 283152
229740 16 2 283153
229742 16 3 283154
229744 16 5 283155
229746 16 9 283156
229748 16 10 283157
229750 16 14 283158
229752 16 15 283159
229754 16 19 283160
229756 16 21 283161
229758 16 22 283162
229760 16 23 283163
229762 16 1 283164
229764 16 2 283165
229766 16 3 283166
229768 16 5 283167
229770 16 9 283168
229772 16 10 283169
229774 16 14 283170
229776 16 15 283171
229778 16 19 283172
229780 16 21 283173
229782 16 22 283174
229784 16 23 283175
229786 16 1 283176
229788 16 2 283177
229790 16 3 283178
229792 16 5 283179
229794 16 9 283180
229796 16 10 283181
229798 16 14 283182
229800 16 15 283183
229802 16 19 283184
229804 16 21 283185
229806 16 22 283186
229808 16 23 283187
229810 16 1 283188
229812 16 2 283189
229814 16 3 283190
229816 16 5 283191
229818 16 9 283192
229820 16 10 283193
229822 16 14 283194
229824 16 15 283195
229826 16 19 283196
229828 16 21 283197
229830 16 22 283198
229832 16 23 283199
229834 16 1 283200
229836 16 2 283201
229838 16 3 283202
229840 16 5 283203
229842 16 9 283204
229844 16 10 283205
229846 16 14 283206
229848 16 15 283207
229850 16 19 283208
229852 16 21 283209
229854 16 22 283210
229856 16 23 283211
229858 16 1 283212
229860 16 2 283213
229862 16 3 283214
229864 16 5 283215
229866 16 9 283216
229868 16 10 283217
229870 16 14 283218
229872 16 15 283219
229874 16 19 283220
229876 16 21 283221
229878 16 22 283222
229880 16 23 283223
229882 16 1 283224
229884 16 2 283225
229886 16 3 283226
229888 16 5 283227
229890 16 9 283228
229892 16 10 283229
229894 16 14 283230
229896 16 15 283231
229898 16 19 283232
229900 16 21 283233
229902 16 22 283234
229904 16 23 283235
229906 16 1 283236
229908 16 2 283237
229910 16 3 283238
229912 16 5 283239
229914 16 9 283240
229916 16 10 283241
229918 16 14 283242
229920 16 15 283243
229922 16 19 283244
229924 16 21 283245
229926 16 22 283246
229928 16 23 283247
229930 16 1 283248
229932 16 2 283249
229934 16 3 283250
229936 16 5 283251
229938 16 9 283252
229940 16 10 283253
229942 16 14 283254
229944 16 15 283255
229946 16 19 283256
229948 16 21 283257
229950 16 22 283258
229952 16 23 283259
229954 16 1 283260
229956 16 2 283261
229958 16 3 283262
229960 16 5 283263
229962 16 9 283264
229964 16 10 283265
229966 16 14 283266
229968 16 15 283267
229970 16 19 283268
229972 16 21 283269
229974 16 22 283270
229976 16 23 283271
229978 16 1 283272
229980 16 2 283273
229982 16 3 283274
229984 16 5 283275
229986 16 9 283276
229988 16 10 283277
229990 16 14 283278
229992 16 15 283279
229994 16 19 283280
229996 16 21 283281
229998 16 22 283282
230000 16 23 283283
230002 16 1 283284
230004 16 2 283285
230006 16 3 283286
230008 16 5 283287
230010 16 9 283288
230012 16 10 283289
230014 16 14 283290
230016 16 15 283291
230018 16 19 283292
230020 16 21 283293
230022 16 22 283294
230024 16 23 283295
230026 16 1 283296
230028 16 2 283297
230030 16 3 283298
230032 16 5 283299
230034 16 9 283300
230036 16 10 283301
230038 16 14 283302
230040 16 15 283303
230042 16 19 283304
230044 16 21 283305
230046 16 22 283306
230048 16 23 283307
230050 16 1 283308
230052 16 2 283309
230054 16 3 283310
230056 16 5 283311
230058 16 9 283312
230060 16 10 283313
230062 16 14 283314
230064 16 15 283315
230066 16 19 283316
230068 16 21 283317
230070 16 22 283318
230072 16 23 283319
230074 16 1 283320
230076 16 2 283321
230078 16 3 283322
230080 16 5 283323
230082 16 9 283324
230084 16 10 283325
230086 16 14 283326
230088 16 15 283327
230090 16 19 283328
230092 16 21 283329
230094 16 22 283330
230096 16 23 283331
230098 16 1 283332
230100 16 2 283333
230102 16 3 283334
230104 16 5 283335
230106 16 9 283336
230108 16 10 283337
230110 16 14 283338
230112 16 15 283339
230114 16 19 283340
230116 16 21 283341
230118 16 22 283342
230120 16 23 283343
230122 16 1 283344
230124 16 2 283345
230126 16 3 283346
230128 16 5 283347
230130 16 9 283348
230132 16 10 283349
230134 16 14 283350
230136 16 15 283351
230138 16 19 283352
230140 16 21 283353
230142 16 22 283354
230144 16 23 283355
230146 16 1 283356
230148 16 2 283357
230150 16 3 283358
230152 16 5 283359
230154 16 9 283360
230156 16 10 283361
230158 16 14 283362
230160 16 15 283363
230162 16 19 283364
230164 16 21 283365
230166 16 22 283366
230184 16 23 283367
230186 16 1 283368
230188 16 2 283369
230190 16 3 283370
230192 16 5 283371
230194 16 9 283372
230196 16 10 283373
230198 16 14 283374
230200 16 15 283375
230202 16 19 283376
230204 16 21 283377
230206 16 22 283378
230208 16 23 283379
230210 16 1 283380
230212 16 2 283381
230214 16 3 283382
230216 16 5 283383
230218 16 9 283384
230220 16 10 283385
230222 16 14 283386
230224 16 15 283387
230226 16 19 283388
230228 16 21 283389
230230 16 22 283390
230232 16 23 283391
230234 16 1 283392
230236 16 2 283393
230238 16 3 283394
230240 16 5 283395
230242 16 9 283396
230244 16 10 283397
230246 16 14 283398
230248 16 15 283399
230250 16 19 283400
230252 16 21 283401
230254 16 22 283402
230256 16 23 283403
230258 16 1 283404
230260 16 2 283405
230262 16 3 283406
230264 16 5 283407
230266 16 9 283408
230268 16 10 283409
230270 16 14 283410
230272 16 15 283411
230274 16 19 283412
230276 16 21 283413
230278 16 22 283414
230280 16 23 283415
230282 16 1 283416
230284 16 2 283417
230286 16 3 283418
230288 16 5 283419
230290 16 9 283420
230292 16 10 283421
230294 16 14 283422
230296 16 15 283423
230298 16 19 283424
230300 16 21 283425
230302 16 22 283426
230304 16 23 283427
230306 16 1 283428
230308 16 2 283429
230310 16 3 283430
230312 16 5 283431
230314 16 9 283432
230316 16 10 283433
230318 16 14 283434
230320 16 15 283435
230322 16 19 283436
230324 16 21 283437
230326 16 22 283438
230328 16 23 283439
230330 16 1 283440
230332 16 2 283441
230334 16 3 283442
230336 16 5 283443
230338 16 9 283444
230340 16 10 283445
230342 16 14 283446
230344 16 15 283447
230346 16 19 283448
230348 16 21 283449
230350 16 22 283450
230352 16 23 283451
230354 16 1 283452
230356 16 2 283453
230358 16 3 283454
230360 16 5 283455
230362 16 9 283456
230364 16 10 283457
230366 16 14 283458
230368 16 15 283459
230370 16 19 283460
230372 16 21 283461
230374 16 22 283462
230376 16 23 283463
230378 16 1 283464
230380 16 2 283465
230382 16 3 283466
230384 16 5 283467
230386 16 9 283468
230388 16 10 283469
230390 16 14 283470
230392 16 15 283471
230394 16 19 283472
230396 16 21 283473
230398 16 22 283474
230400 16 23 283475
230402 16 1 283476
230404 16 2 283477
230406 16 3 283478
230408 16 5 283479
230410 16 9 283480
230412 16 10 283481
230414 16 14 283482
230416 16 15 283483
230418 16 19 283484
230420 16 21 283485
230422 16 22 283486
230424 16 23 283487
230426 16 1 283488
230428 16 2 283489
230430 16 3 283490
230432 16 5 283491
230434 16 9 283492
230436 16 10 283493
230438 16 14 283494
230440 16 15 283495
230442 16 19 283496
230444 16 21 283497
230446 16 22 283498
230448 16 23 283499
230450 16 1 283500
230452 16 2 283501
230454 16 3 283502
230456 16 5 283503
230458 16 9 283504
230460 16 10 283505
230462 16 14 283506
230464 16 15 283507
230466 16 19 283508
230468 16 21 283509
230470 16 22 283510
230472 16 23 283511
230474 16 1 283512
230476 16 2 283513
230478 16 3 283514
230480 16 5 283515
230482 16 9 283516
230484 16 10 283517
230486 16 14 283518
230488 16 15 283519
230490 16 19 283520
230492 16 21 283521
230494 16 22 283522
230496 16 23 283523
230498 16 1 283524
230500 16 2 283525
230502 16 3 283526
230504 16 5 283527
230506 16 9 283528
230508 16 10 283529
230510 16 14 283530
230512 16 15 283531
230514 16 19 283532
230516 16 21 283533
230518 16 22 283534
230520 16 23 283535
230522 16 1 283536
230524 16 2 283537
230526 16 3 283538
230528 16 5 283539
230530 16 9 283540
230532 16 10 283541
230534 16 14 283542
230536 16 15 283543
230538 16 19 283544
230540 16 21 283545
230542 16 22 283546
230544 16 23 283547
230546 16 1 283548
230548 16 2 283549
230550 16 3 283550
230552 16 5 283551
230554 16 9 283552
230556 16 10 283553
230558 16 14 283554
230560 16 15 283555
230562 16 19 283556
230564 16 21 283557
230566 16 22 283558
230568 16 23 283559
230570 16 1 283560
230572 16 2 283561
230574 16 3 283562
230576 16 5 283563
230578 16 9 283564
230580 16 10 283565
230582 16 14 283566
230584 16 15 283567
230586 16 19 283568
230588 16 21 283569
230590 16 22 283570
230592 16 23 283571
230594 16 1 283572
230596 16 2 283573
230598 16 3 283574
230600 16 5 283575
230602 16 9 283576
230604 16 10 283577
230606 16 14 283578
230608 16 15 283579
230610 16 19 283580
230612 16 21 283581
230614 16 22 283582
230616 16 23 283583
230618 16 1 283584
230620 16 2 283585
230622 16 3 283586
230624 16 5 283587
230626 16 9 283588
230628 16 10 283589
230630 16 14 283590
230632 16 15 283591
230634 16 19 283592
230636 16 21 283593
230638 16 22 283594
230640 16 23 283595
230642 16 1 283596
230644 16 2 283597
230646 16 3 283598
230648 16 5 283599
230650 16 9 283600
230652 16 10 283601
230654 16 14 283602
230656 16 15 283603
230658 16 19 283604
230660 16 21 283605
230662 16 22 283606
230664 16 23 283607
230666 16 1 283608
230668 16 2 283609
230670 16 3 283610
230672 16 5 283611
230674 16 9 283612
230676 16 10 283613
230678 16 14 283614
230680 16 15 283615
230682 16 19 283616
230684 16 21 283617
230686 16 22 283618
230688 16 23 283619
230690 16 1 283620
230692 16 2 283621
230694 16 3 283622
230696 16 5 283623
230698 16 9 283624
230700 16 10 283625
230702 16 14 283626
230704 16 15 283627
230706 16 19 283628
230708 16 21 283629
230710 16 22 283630
230712 16 23 283631
230714 16 1 283632
230716 16 2 283633
230718 16 3 283634
230720 16 5 283635
230722 16 9 283636
230724 16 10 283637
230726 16 14 283638
230728 16 15 283639
230730 16 19 283640
230732 16 21 283641
230734 16 22 283642
230736 16 23 283643
230738 16 1 283644
230740 16 2 283645
230742 16 3 283646
230744 16 5 283647
230746 16 19 32920
230748 16 21 45341
230750 16 3 102014
230782 16 21 102153
230784 16 21 98613
230786 16 23 47583
230788 16 14 47902
230790 16 15 47903
230792 16 9 272204
230794 16 19 163860
230796 16 3 163974
230854 16 21 164689
230858 16 22 82218
230860 16 3 93642
230862 16 5 93643
231068 16 23 91771
231070 16 1 283648
231072 16 2 283649
231074 16 3 283650
231076 16 5 283651
231078 16 9 283652
231080 16 10 283653
231082 16 14 283654
231084 16 15 283655
231086 16 19 283656
231088 16 21 283657
231090 16 22 283658
231092 16 23 283659
231094 16 1 283660
231096 16 2 283661
231098 16 3 283662
231100 16 5 283663
231102 16 9 283664
231104 16 10 283665
231106 16 14 283666
231108 16 15 283667
231110 16 19 283668
231112 16 21 283669
231114 16 22 283670
231116 16 23 283671
231118 16 1 283672
231120 16 2 283673
231122 16 3 283674
231124 16 5 283675
231126 16 9 283676
231128 16 10 283677
231130 16 14 283678
231132 16 15 283679
231134 16 19 283680
231136 16 21 283681
231138 16 22 283682
231140 16 23 283683
231142 16 1 283684
231144 16 2 283685
231146 16 3 283686
231148 16 5 283687
231150 16 9 283688
231152 16 10 283689
231154 16 14 283690
231156 16 15 283691
231158 16 19 283692
231160 16 21 283693
231162 16 22 283694
231164 16 23 283695
231166 16 1 283696
231168 16 2 283697
231170 16 3 283698
231172 16 5 283699
231174 16 9 283700
231176 16 10 283701
231184 16 14 283702
231186 16 15 283703
231188 16 19 283704
231190 16 21 283705
231192 16 22 283706
231194 16 23 283707
231196 16 1 283708
231198 16 2 283709
231200 16 3 283710
231202 16 5 283711
231204 16 9 283712
231206 16 10 283713
231208 16 14 283714
231210 16 15 283715
231212 16 19 283716
231214 16 21 283717
231216 16 22 283718
231218 16 23 283719
231220 16 1 283720
231222 16 2 283721
231224 16 3 283722
231226 16 5 283723
231228 16 9 283724
231230 16 10 283725
231232 16 14 283726
231234 16 15 283727
231244 16 19 283728
231246 16 21 283729
231248 16 22 283730
231250 16 23 283731
231252 16 1 283732
231254 16 2 283733
231256 16 3 283734
231258 16 5 283735
231260 16 9 283736
231262 16 10 283737
231264 16 14 283738
231266 16 15 283739
231268 16 19 283740
231270 16 21 283741
231272 16 22 283742
231274 16 23 283743
231276 16 1 283744
231278 16 2 283745
231280 16 3 283746
231282 16 5 283747
231284 16 9 283748
231286 16 10 283749
231288 16 14 283750
231290 16 15 283751
231292 16 19 283752
231294 16 21 283753
231296 16 22 283754
231298 16 23 283755
231300 16 1 283756
231302 16 2 283757
231304 16 3 283758
231306 16 5 283759
231308 16 9 283760
231310 16 10 283761
231312 16 14 283762
231314 16 15 283763
231316 16 19 283764
231318 16 21 283765
231320 16 22 283766
231322 16 23 283767
231324 16 1 283768
231326 16 2 283769
231328 16 3 283770
231330 16 5 283771
231332 16 9 283772
231334 16 10 283773
231336 16 14 283774
231338 16 15 283775
231340 16 19 283776
231342 16 21 283777
231344 16 22 283778
231346 16 23 283779
231348 16 1 283780
231350 16 2 283781
231352 16 3 283782
231354 16 5 283783
231356 16 9 283784
231358 16 10 283785
231360 16 14 283786
231362 16 15 283787
231364 16 19 283788
231366 16 21 283789
231368 16 22 283790
231370 16 23 283791
231372 16 1 283792
231374 16 2 283793
231376 16 3 283794
231378 16 5 283795
231380 16 9 283796
231404 16 10 283797
231406 16 14 283798
231408 16 15 283799
231410 16 19 283800
231412 16 21 283801
231414 16 22 283802
231416 16 23 283803
231418 16 1 283804
231420 16 2 283805
231422 16 3 283806
231424 16 5 283807
231426 16 9 283808
231428 16 10 283809
231430 16 14 283810
231432 16 15 283811
231434 16 19 283812
231436 16 21 283813
231438 16 22 283814
231440 16 23 283815
231442 16 1 283816
231444 16 2 283817
231446 16 3 283818
231448 16 5 283819
231450 16 9 283820
231452 16 2 206945
231454 16 10 207165
231456 16 14 207166
231458 16 15 207167
231460 16 19 207168
231462 16 21 207133
231464 16 22 207134
231466 16 23 207135
231468 16 1 207136
231470 16 2 207137
231472 16 3 207138
231474 16 5 207139
231476 16 9 207140
231478 16 10 207141
231480 16 14 207142
231482 16 15 207143
231484 16 19 207144
231486 16 21 207145
231488 16 22 207146
231490 16 23 207147
231492 16 1 207148
231494 16 2 207149
231496 16 3 207150
231498 16 5 207151
231500 16 9 207152
231502 16 10 207153
231504 16 14 207154
231506 16 15 207155
231508 16 19 207156
231510 16 21 207157
231512 16 22 207158
231514 16 23 207159
231516 16 1 207160
231518 16 2 207161
231520 16 3 207162
231522 16 5 207163
231524 16 9 207164
231530 16 2 206921
231532 16 3 206922
231534 16 5 206923
231536 16 9 206924
231538 16 10 206925
231540 16 14 206926
231542 16 15 206927
231544 16 19 206928
231546 16 21 206929
231548 16 22 206930
231550 16 23 206931
231552 16 1 206932
231554 16 2 206933
231556 16 3 206934
231558 16 5 206935
231560 16 9 206936
231562 16 10 206937
231564 16 14 206938
231566 16 15 206939
231568 16 19 206940
231570 16 21 206941
231572 16 22 206942
231574 16 23 206943
231576 16 1 206944
231606 16 2 206873
231608 16 3 206874
231610 16 1 207604
231630 16 5 106063
231632 16 10 106065
231634 16 14 106066
231636 16 15 106067
231638 16 21 106069
231640 16 22 106070
231654 16 5 49419
231656 16 1 120360
231660 16 2 238689
231718 16 15 238911
231730 16 5 238919
231748 16 3 238918
231752 16 9 238920
231754 16 14 238922
231766 16 22 239298
231768 16 9 239268
231770 16 22 239382
231772 16 23 239275
231774 16 1 239288
231776 16 15 107055
231778 16 23 107431
231780 16 9 54104
231782 16 22 53474
231784 16 2 261313
231786 16 15 261319
231788 16 9 261424
231790 16 14 261426
231792 16 9 261436
231794 16 1 261444
231796 16 21 261453
231798 16 1 261456
231800 16 5 261459
231802 16 14 261462
231804 16 21 261465
231806 16 1 261468
231808 16 5 261471
231810 16 10 261485
231812 16 9 261508
231814 16 10 261509
231816 16 14 261510
231820 16 15 261511
231826 16 19 261512
231832 16 21 261513
231838 16 22 261514
231844 16 23 261515
231850 16 1 261516
231856 16 2 261517
231862 16 3 261518
231868 16 5 261519
231874 16 9 261520
231880 16 10 261521
231886 16 14 261522
231892 16 15 261523
231898 16 19 261524
231904 16 21 261525
231910 16 22 261526
231916 16 23 261527
231922 16 1 261528
231928 16 2 261529
231934 16 1 261588
231936 16 3 261590
231940 16 21 261597
231942 16 23 261587
231944 16 2 261589
231948 16 22 261586
231952 16 5 261591
231956 16 9 261592
231958 16 10 261593
231960 16 14 261594
231962 16 15 261595
231964 16 19 261596
232002 16 2 261601
232004 16 1 261600
232008 16 5 261603
232010 16 19 261608
232012 16 21 261609
232014 16 22 261610
232022 16 3 261602
232024 16 22 261598
232028 16 23 261599
232030 16 9 261604
232032 16 10 261605
232034 16 14 261606
232036 16 15 261607
232104 16 21 261801
232106 16 23 261803
232108 16 9 261796
232110 16 15 261799
232112 16 3 261794
232114 16 10 261809
232116 16 14 261810
232118 16 10 261797
232122 16 1 261792
232124 16 5 261795
232126 16 9 261808
232128 16 3 261806
232130 16 19 261812
232134 16 19 261800
232138 16 22 261802
232140 16 23 261791
232142 16 15 261811
232146 16 2 261805
232150 16 1 261804
232158 16 5 261807
232160 16 14 261798
232170 16 2 261793
232186 16 19 261824
232188 16 2 261877
232190 16 10 262025
232192 16 19 262028
232194 16 14 262026
232196 16 21 262029
232198 16 23 262031
232200 16 15 262027
232204 16 1 262032
232208 16 22 262030
232224 16 19 262040
232226 16 21 262041
232228 16 9 262036
232230 16 22 262042
232232 16 5 262035
232234 16 15 262039
232238 16 3 262034
232242 16 14 262038
232250 16 10 262037
232256 16 2 262033
232264 16 5 262047
232266 16 9 262048
232268 16 3 262046
232272 16 19 262052
232274 16 21 262053
232276 16 23 262055
232278 16 14 262050
232280 16 15 262051
232284 16 22 262054
232292 16 10 262049
232320 16 10 262061
232322 16 15 262063
232324 16 21 262065
232330 16 3 262058
232332 16 5 262059
232334 16 9 262060
232342 16 14 262062
232352 16 1 262056
232354 16 2 262057
232364 16 19 262064
232402 16 3 262070
232404 16 5 262071
232406 16 10 262073
232408 16 23 262067
232410 16 1 262068
232412 16 2 262069
232422 16 9 262072
232430 16 22 262066
232464 16 23 262079
232466 16 2 262081
232468 16 5 262083
232470 16 19 262076
232472 16 1 262080
232476 16 15 262075
232480 16 22 262078
232484 16 21 262077
232490 16 3 262082
232498 16 14 262074
232536 16 15 262087
232538 16 19 262088
232540 16 22 262090
232542 16 10 262085
232544 16 14 262086
232548 16 21 262089
232556 16 9 262084
232590 16 2 262093
232592 16 3 262094
232594 16 1 262092
232600 16 23 262139
232602 16 19 262136
232604 16 22 116878
232606 16 14 103430
232608 16 5 104099
232610 16 15 104295
232612 16 19 104296
232614 16 21 104297
232616 16 1 60428
232618 16 22 60606
232620 16 1 203004
232622 16 19 203168
232624 16 21 203169
232626 16 15 205767
232630 16 21 237577
232632 16 15 237587
232634 16 19 237600
232636 16 14 237610
232638 16 15 237611
232642 16 23 237615
232644 16 1 237616
232646 16 2 237617
232648 16 3 237618
232650 16 5 237619
232652 16 9 237620
232654 16 10 237621
232656 16 14 237622
232658 16 15 237623
232660 16 19 237624
232662 16 21 237625
232664 16 22 237626
232666 16 23 237627
232668 16 1 237628
232670 16 2 237629
232672 16 3 237630
232674 16 5 237631
232676 16 9 237632
232678 16 10 237633
232680 16 14 237634
232682 16 15 237635
232684 16 23 237831
232688 16 14 237862
232692 16 14 238114
232706 16 3 238158
232708 16 9 238160
232712 16 15 238187
232720 16 21 238225
232722 16 14 238234
232776 16 15 238235
232794 16 22 238238
232796 16 19 238428
232800 16 10 161289
232802 16 14 161290
232804 16 22 161498
232806 16 22 237022
232808 16 3 237098
232810 16 5 237099
232812 16 22 237130
232814 16 23 237131
232816 16 10 237149
232818 16 15 237163
232822 16 5 237387
232824 16 3 237398
232826 16 19 237416
232828 16 2 237421
232830 16 3 237422
232832 16 5 237423
232834 16 10 237437
232836 16 14 237438
232838 16 15 237439
232840 16 19 237440
232842 16 21 237441
232844 16 22 237442
232846 16 9 237436
232918 16 21 237465
232944 16 23 78907
232946 16 1 112952
232948 16 2 251745
232950 16 10 251857
232952 16 19 289992
232954 16 21 289993
232956 16 22 289994
232958 16 23 289995
232960 16 1 289996
232962 16 2 289997
232964 16 3 289998
232966 16 5 289999
232968 16 9 290000
232970 16 10 290001
232972 16 14 290002
232974 16 15 290003
232976 16 19 290004
232978 16 21 290005
232980 16 22 290006
232982 16 23 290007
232984 16 1 290008
232986 16 2 290009
232988 16 3 290010
232990 16 5 290011
232992 16 9 290012
232994 16 10 290013
232996 16 14 290014
232998 16 15 290015
233000 16 19 290016
233002 16 21 290017
233004 16 22 290018
233006 16 23 290019
233008 16 1 290020
233010 16 2 290021
233012 16 3 290022
233014 16 5 290023
233016 16 9 290024
233018 16 10 290025
233020 16 14 290026
233022 16 15 290027
233024 16 19 290028
233026 16 21 290029
233028 16 22 290030
233030 16 23 290031
233032 16 1 290032
233034 16 2 290033
233036 16 3 290034
233038 16 5 290035
233040 16 9 290036
233042 16 10 290037
233044 16 14 290038
233046 16 15 290039
233048 16 19 290040
233050 16 21 290041
233052 16 22 290042
233054 16 23 290043
233056 16 1 290044
233058 16 2 290045
233060 16 1 0
233062 16 14 1150
233066 16 9 26120
233076 16 22 124802
233974 16 19 12692
233978 16 21 177593
233980 16 3 217714
233982 16 19 217864
233984 16 23 217831
233986 16 19 217720
233988 16 5 217811
233990 16 3 217834
233992 16 1 217772
233994 16 1 217808
233996 16 9 217704
233998 16 15 217827
234008 16 3 217738
234014 16 5 217847
234018 16 22 245938
234916 16 10 267821
235004 16 2 267829
235018 16 2 267817
235042 16 15 267823
235064 16 14 267822
235176 16 3 267818
235206 16 21 267825
235266 16 23 267827
235288 16 19 267824
235832 16 21 267813
235866 16 10 29037
235868 16 15 248523
235870 16 22 248526
235872 16 23 248527
235874 16 3 81546
235876 16 5 81547
235878 16 9 81548
235880 16 10 81549
235882 16 14 81550
235884 16 15 81551
235886 16 19 81552
235888 16 21 81553
235890 16 22 81554
235892 16 23 81555
235894 16 1 81556
235896 16 2 81557
235898 16 5 81511
235900 16 9 81512
235902 16 10 81513
235904 16 15 81515
235906 16 19 81516
235908 16 21 81517
235910 16 22 81518
235912 16 23 81519
235914 16 1 81520
235916 16 5 81523
235918 16 9 81524
235920 16 10 81525
235922 16 15 81527
235924 16 19 81528
235926 16 21 81529
235970 16 2 81521
235984 16 9 287324
235986 16 22 287690
235988 16 2 287741
235990 16 3 287742
235992 16 5 287743
235994 16 1 287692
235996 16 15 287291
235998 16 5 287359
236000 16 14 287686
236002 16 14 287590
236004 16 14 287734
236006 16 15 287687
236008 16 21 287305
236012 16 10 287301
236014 16 19 287316
236016 16 19 287688
236018 16 21 287689
236020 16 15 287735
236022 16 2 287357
236024 16 3 287358
236026 16 9 287732
236028 16 22 287738
236030 16 5 287575
236032 16 3 287586
236034 16 2 287693
236036 16 1 287728
236038 16 5 287731
236040 16 5 287683
236044 16 3 287682
236048 16 9 287684
236058 16 2 287585
236064 16 10 287697
236066 16 9 287312
236068 16 15 287699
236070 16 19 287232
236072 16 9 287240
236074 16 10 287289
236076 16 3 287550
236080 16 5 287539
236082 16 2 287549
236084 16 15 287591
236088 16 1 287308
236092 16 19 287244
236094 16 22 287246
236096 16 3 287286
236098 16 5 287287
236104 16 19 287568
236108 16 2 287249
236110 16 1 287584
236118 16 14 287326
236120 16 9 287540
236122 16 21 287317
236126 16 22 287570
236134 16 9 287576
236138 16 15 287315
236162 16 10 287649
236166 16 23 287307
236168 16 19 287652
236170 16 3 287310
236172 16 9 287612
236174 16 19 287616
236176 16 5 287599
236190 16 19 287280
236202 16 21 287377
236204 16 23 287739
236206 16 14 287302
236212 16 10 287373
236216 16 3 287646
236224 16 9 287372
236226 16 19 287580
236236 16 19 287328
236240 16 23 287319
236244 16 14 287374
236246 16 15 287375
236248 16 19 287376
236254 16 14 287314
236256 16 2 287321
236258 16 23 287379
236260 16 5 287671
236262 16 9 287384
236264 16 15 287675
236266 16 10 287325
236270 16 9 287672
236276 16 10 287673
236280 16 21 287581
236282 16 14 287674
236286 16 15 287579
236288 16 19 287676
236298 16 1 287236
236300 16 5 287299
236302 16 23 287235
236308 16 22 287678
236310 16 10 287709
236314 16 1 287392
236316 16 10 287313
236320 16 1 287356
236336 16 3 287322
236338 16 5 287323
236344 16 22 287654
236350 16 3 287382
236356 16 15 287555
236358 16 23 287679
236360 16 22 287318
236366 16 21 287365
236368 16 3 287250
236386 16 19 287700
236400 16 23 287355
236408 16 5 287239
236412 16 15 287243
236418 16 5 287611
236422 16 21 287245
236430 16 15 287543
236432 16 15 287327
236448 16 2 287705
236450 16 23 287595
236452 16 3 287706
236454 16 1 287596
236458 16 23 287703
236460 16 1 287704
236462 16 22 287702
236464 16 22 287594
236466 16 21 287701
236468 16 21 287653
236470 16 19 287292
236476 16 1 70980
236524 16 10 71645
236534 16 2 219173
236536 16 10 219213
236538 16 9 219236
236540 16 15 219383
236542 16 21 219409
236558 16 9 65452
236560 16 22 21354
236564 16 3 293754
236566 16 5 293755
236568 16 9 293756
236570 16 10 293757
236572 16 14 293758
236574 16 15 293759
236576 16 19 293760
236578 16 21 293761
236580 16 22 293762
236582 16 23 293763
236584 16 1 293764
236586 16 2 293765
236588 16 3 293766
236590 16 5 293767
236592 16 9 293768
236594 16 10 293769
236596 16 14 293770
236598 16 15 293771
236600 16 19 293772
236602 16 21 293773
236604 16 22 293774
236606 16 23 293775
236608 16 1 293776
236610 16 2 293777
236612 16 3 293778
236614 16 5 293779
236616 16 9 293780
236618 16 10 293781
236620 16 14 293782
236622 16 15 293783
236624 16 19 293784
236626 16 21 293785
236628 16 22 293786
236630 16 23 293787
236632 16 1 293788
236634 16 2 293789
236636 16 3 293790
236638 16 5 293791
236640 16 9 293792
236642 16 10 293793
236644 16 14 293794
236646 16 15 293795
236648 16 19 293796
236650 16 21 293797
236652 16 22 293798
236654 16 23 293799
236656 16 1 293800
236658 16 2 293801
236660 16 3 293802
236662 16 5 293803
236664 16 9 293804
236666 16 10 293805
236668 16 14 293806
236670 16 15 293807
236672 16 19 293808
236674 16 21 293809
236676 16 22 293810
236678 16 23 293811
236680 16 1 293812
236682 16 2 293813
236684 16 3 293814
236686 16 5 293815
236688 16 9 293816
236690 16 10 293817
236692 16 14 293818
236694 16 15 293819
236696 16 19 293820
236698 16 21 293821
236700 16 22 293822
236702 16 23 293823
236704 16 1 293824
236706 16 2 293825
236708 16 3 293826
236710 16 5 293827
236712 16 9 293828
236714 16 10 293829
236716 16 14 293830
236718 16 15 293831
236720 16 19 293832
236722 16 21 293833
236724 16 22 293834
236726 16 23 293835
236728 16 1 293836
236730 16 2 293837
236732 16 3 293838
236734 16 5 293839
236736 16 9 293840
236738 16 10 293841
236740 16 14 293842
236742 16 15 293843
236744 16 19 293844
236746 16 21 293845
236748 16 22 293846
236750 16 23 293847
236752 16 1 293848
236754 16 2 293849
236756 16 3 293850
236758 16 5 293851
236760 16 9 293852
236762 16 10 293853
236764 16 14 293854
236766 16 15 293855
236768 16 19 293856
236770 16 21 293857
236772 16 22 293858
236774 16 23 293859
236776 16 1 293860
236778 16 2 293861
236780 16 3 293862
236782 16 5 293863
236784 16 9 293864
236786 16 10 293865
236788 16 14 293866
236790 16 15 293867
236792 16 19 293868
236794 16 21 293869
236796 16 22 293870
236798 16 23 293871
236800 16 1 293872
236802 16 2 293873
236804 16 3 293874
236806 16 5 293875
236808 16 9 293876
236810 16 10 293877
236812 16 14 293878
236814 16 15 293879
236816 16 19 293880
236818 16 21 293881
236820 16 22 293882
236822 16 23 293883
236824 16 1 293884
236826 16 2 293885
236828 16 3 293886
236830 16 5 293887
236832 16 5 288083
236834 16 2 287745
236836 16 3 287746
236838 16 19 287752
236840 16 22 288174
236842 16 22 287754
236844 16 23 287755
236846 16 3 288082
236848 16 1 287744
236852 16 19 287764
236854 16 22 287766
236856 16 23 287767
236858 16 9 287772
236860 16 14 287774
236862 16 15 287775
236864 16 19 287776
236866 16 21 287777
236868 16 22 287778
236870 16 23 287779
236872 16 1 287780
236874 16 2 287781
236876 16 3 287782
236878 16 5 287783
236880 16 9 287784
236882 16 19 287788
236884 16 21 287789
236886 16 14 287942
236888 16 14 288086
236890 16 15 287787
236892 16 22 287790
236894 16 3 287938
236898 16 10 288025
236900 16 14 287798
236902 16 3 287794
236904 16 5 287795
236906 16 9 287796
236908 16 19 287800
236910 16 15 287799
236912 16 21 287801
236914 16 10 287953
236916 16 22 287802
236918 16 1 287804
236920 16 2 287805
236922 16 3 287806
236924 16 10 287809
236926 16 15 287811
236928 16 21 287813
236930 16 14 287810
236932 16 19 287812
236934 16 22 287814
236936 16 2 287817
236940 16 5 287819
236942 16 10 287821
236944 16 15 287823
236946 16 3 287818
236948 16 9 287820
236950 16 14 287822
236952 16 19 287824
236954 16 22 287826
236956 16 23 287827
236958 16 1 287828
236960 16 2 287829
236962 16 3 287830
236964 16 22 287838
236966 16 9 287832
236968 16 14 287834
236970 16 21 287837
236972 16 19 287836
236974 16 15 287835
236980 16 9 287808
236984 16 2 287841
236986 16 3 287842
236988 16 5 287843
236990 16 9 287844
236992 16 10 287845
236994 16 14 287846
236998 16 19 288040
237002 16 2 287937
237004 16 19 287848
237006 16 21 287849
237008 16 23 287851
237010 16 1 287852
237012 16 2 287853
237014 16 3 287854
237016 16 5 287855
237018 16 22 287850
237024 16 10 287857
237026 16 14 287858
237028 16 15 287859
237030 16 19 287860
237032 16 21 287861
237034 16 22 287862
237052 16 1 287864
237054 16 2 287865
237056 16 3 287866
237062 16 9 287868
237064 16 10 287869
237066 16 15 287871
237068 16 22 287874
237070 16 9 287928
237072 16 14 288038
237074 16 14 287870
237076 16 9 287916
237082 16 19 287872
237084 16 21 287873
237088 16 23 287875
237090 16 1 287876
237092 16 2 287877
237094 16 3 287878
237096 16 19 288148
237098 16 21 288149
237100 16 23 288151
237102 16 10 288157
237104 16 2 288165
237106 16 10 287881
237108 16 15 287883
237110 16 14 287882
237114 16 19 287884
237116 16 5 287867
237118 16 2 287889
237120 16 22 287910
237122 16 1 287924
237124 16 3 287890
237126 16 5 287891
237128 16 10 287893
237130 16 14 287894
237132 16 15 287895
237136 16 9 287892
237138 16 21 287897
237140 16 1 287900
237142 16 5 287903
237144 16 23 287899
237150 16 2 287901
237154 16 1 287888
237156 16 22 287922
237158 16 23 287923
237160 16 15 287931
237162 16 19 287932
237164 16 21 287933
237166 16 10 287905
237168 16 23 287911
237170 16 1 287912
237172 16 3 287914
237174 16 5 287915
237176 16 10 287917
237178 16 2 287913
237186 16 1 287840
237188 16 15 287847
237190 16 9 287856
237192 16 23 287863
237216 16 21 287921
237218 16 2 287925
237220 16 3 287926
237224 16 10 287929
237226 16 14 287930
237232 16 5 287927
237242 16 10 287941
237246 16 21 287945
237248 16 1 287948
237250 16 19 287944
237252 16 1 288020
237254 16 23 287947
237260 16 5 287951
237264 16 14 287954
237266 16 15 287955
237268 16 22 287934
237270 16 22 288186
237272 16 23 287791
237276 16 19 288076
237278 16 21 288185
237280 16 2 287973
237282 16 9 287976
237284 16 5 287975
237286 16 10 287977
237288 16 10 288085
237290 16 15 287751
237292 16 2 287985
237294 16 3 287986
237296 16 5 287987
237298 16 9 287988
237300 16 10 287989
237302 16 14 287990
237304 16 1 287984
237308 16 15 287991
237310 16 21 287993
237312 16 22 287994
237316 16 1 287996
237318 16 2 287997
237320 16 3 287998
237326 16 9 288000
237328 16 14 288002
237330 16 21 288005
237332 16 22 288006
237334 16 1 288008
237336 16 2 288009
237338 16 3 288010
237340 16 5 288011
237342 16 23 288079
237348 16 10 288013
237350 16 1 288080
237352 16 15 288015
237354 16 19 288016
237356 16 21 288017
237358 16 23 288007
237360 16 9 288012
237362 16 14 288014
237364 16 22 288018
237366 16 19 288004
237368 16 23 288019
237370 16 1 287792
237372 16 5 288023
237374 16 9 288024
237378 16 14 288026
237382 16 3 288022
237386 16 15 288027
237388 16 23 288031
237390 16 22 288030
237394 16 1 288032
237396 16 21 288029
237398 16 2 288033
237400 16 15 288039
237402 16 22 288042
237404 16 23 288043
237406 16 3 288046
237408 16 2 288045
237414 16 1 288044
237416 16 5 288047
237420 16 10 288049
237422 16 14 288050
237424 16 21 288053
237426 16 23 288055
237428 16 3 288034
237430 16 5 288059
237432 16 15 288063
237434 16 19 288064
237436 16 5 287939
237438 16 1 288068
237440 16 21 288089
237442 16 5 288071
237444 16 9 288072
237446 16 10 288073
237448 16 1 288188
237456 16 1 287756
237458 16 3 287974
237460 16 14 287978
237462 16 2 288177
237464 16 14 288074
237466 16 23 288091
237468 16 1 288092
237470 16 2 288093
237472 16 3 288094
237474 16 14 288098
237476 16 19 288100
237478 16 21 288101
237480 16 22 288102
237484 16 23 288103
237486 16 2 288105
237488 16 3 288106
237492 16 10 288109
237494 16 15 288111
237496 16 10 288097
237498 16 14 288110
237500 16 19 288112
237502 16 19 288160
237504 16 23 288115
237506 16 2 288117
237508 16 10 288121
237510 16 14 288122
237512 16 15 288123
237514 16 19 288124
237516 16 2 288129
237518 16 3 288130
237520 16 15 288087
237522 16 14 288134
237524 16 21 288137
237526 16 5 288119
237528 16 2 288141
237530 16 19 288088
237534 16 10 288133
237538 16 15 288135
237540 16 19 288136
237544 16 23 288139
237548 16 1 288140
237552 16 22 288138
237556 16 3 288142
237558 16 9 288144
237570 16 5 288143
237574 16 21 288161
237580 16 22 288150
237584 16 9 287940
237588 16 2 288153
237592 16 3 288154
237594 16 5 288155
237596 16 22 288090
237600 16 19 288172
237604 16 22 288162
237610 16 1 288164
237612 16 14 288170
237614 16 15 288171
237618 16 3 288166
237620 16 5 288167
237622 16 9 288168
237624 16 1 288152
237628 16 21 288173
237632 16 23 288175
237634 16 9 288192
237636 16 3 288178
237638 16 5 288179
237644 16 9 288180
237646 16 10 288181
237648 16 9 288156
237650 16 23 288067
237652 16 3 288190
237656 16 22 288594
237658 16 5 288707
237660 16 9 288708
237662 16 10 288709
237664 16 15 288711
237666 16 14 288710
237672 16 15 272075
237674 16 22 272126
237676 16 23 272127
237680 16 1 272128
237682 16 3 272130
237686 16 19 272136
237688 16 14 272146
237690 16 15 272147
237692 16 19 272148
237694 16 21 272149
237696 16 22 272150
237738 16 5 272167
237748 16 1 272200
237750 16 2 272201
237752 16 3 272202
237754 16 10 272205
237762 16 14 125174
237764 16 15 125175
237766 16 19 125176
237768 16 21 125177
237770 16 22 125178
237772 16 1 52224
237774 16 22 249214
237776 16 1 293888
237778 16 2 293889
237780 16 3 293890
237782 16 5 293891
237784 16 9 293892
237786 16 10 293893
237788 16 14 293894
237790 16 15 293895
237792 16 19 293896
237794 16 21 293897
237796 16 22 293898
237798 16 23 293899
237800 16 1 293900
237802 16 2 293901
237804 16 3 293902
237806 16 5 293903
237808 16 9 293904
237810 16 10 293905
237812 16 14 293906
237814 16 15 293907
237816 16 19 293908
237818 16 21 293909
237820 16 22 293910
237822 16 23 293911
237824 16 1 293912
237826 16 2 293913
237828 16 3 293914
237830 16 5 293915
237832 16 9 293916
237834 16 10 293917
237836 16 14 293918
237838 16 15 293919
237840 16 19 293920
237842 16 21 293921
237844 16 22 293922
237846 16 23 293923
237848 16 1 293924
237850 16 2 293925
237852 16 3 293926
237854 16 5 293927
237856 16 9 293928
237858 16 10 293929
237860 16 14 293930
237862 16 15 293931
237864 16 19 293932
237866 16 21 293933
237868 16 22 293934
237870 16 23 293935
237872 16 1 293936
237874 16 2 293937
237876 16 3 293938
237878 16 5 293939
237880 16 9 293940
237882 16 10 293941
237884 16 14 293942
237886 16 15 293943
237888 16 19 293944
237890 16 21 293945
237892 16 22 293946
237894 16 23 293947
237896 16 1 293948
237898 16 2 293949
237900 16 3 293950
237916 16 5 293951
237918 16 9 293952
237920 16 19 309268
237922 16 21 309269
237924 16 22 309270
237926 16 23 309271
237928 16 1 309272
237930 16 2 309273
237932 16 3 309274
237934 16 5 309275
237936 16 9 309276
237938 16 10 309277
237940 16 9 289192
237942 16 14 289230
237944 16 19 235368
237946 16 21 45
237948 16 21 213
237950 16 22 214
237952 16 3 218
237954 16 1 0
237956 16 23 71
237962 16 2 1
237964 16 9 4
237966 16 1 156
237968 16 23 659
238060 16 22 862
238062 16 22 58
238064 16 9 64
238066 16 21 189
238068 16 3 206
238070 16 5 207
238072 16 23 863
238074 16 19 920
238076 16 5 927
238126 16 14 6
238128 16 2 169
238134 16 23 215
238136 16 5 243
238140 16 22 1018
238160 16 14 231658
238186 16 2 11889
238188 16 2 11721
238190 16 2 11853
238192 16 14 1330
238194 16 10 1113
238196 16 14 1114
238198 16 19 1140
238200 16 19 1956
238204 16 3 1662
238206 16 3 1542
238214 16 23 1971
238222 16 15 1055
238224 16 5 1675
238226 16 9 1688
238228 16 21 1693
238230 16 23 25815
238232 16 10 307289
238236 16 22 307294
238238 16 3 307298
238240 16 1 307308
238242 16 10 307313
238244 16 19 307316
238246 16 23 307319
238356 16 15 307327
238388 16 21 307365
238390 16 22 307366
238392 16 23 307367
238394 16 1 307368
238396 16 3 307370
238398 16 5 307371
238400 16 9 307372
238402 16 10 307373
238404 16 15 307375
239242 16 3 307382
239246 16 15 307387
239248 16 1 307392
239250 16 9 307408
239252 16 10 307409
239254 16 19 307388
239272 16 21 307401
239304 16 22 307402
239426 16 14 307398
239432 16 15 307399
239440 16 2 307405
239464 16 15 307819
239466 16 19 307820
239468 16 21 307821
239470 16 5 307827
239472 16 21 197689
239474 16 14 198610
239476 16 2 198617
239478 16 9 12964
239480 16 23 13211
239482 16 1 13212
239484 16 2 13213
239486 16 3 13214
239488 16 10 12965
239490 16 23 13295
239492 16 22 13294
239500 16 19 12968
239502 16 21 12969
239504 16 22 12970
239506 16 22 13306
239516 16 23 13307
239518 16 1 13308
239536 16 1 3684
239538 16 14 3810
239540 16 15 3811
239560 16 3 3722
239562 16 5 3723
239564 16 9 3724
239566 16 10 3725
239568 16 21 193941
239570 16 22 7610
239572 16 1 227328
239576 16 10 9953
239578 16 5 31371
239580 16 9 31372
239582 16 10 31373
239584 16 10 31397
239586 16 14 31398
239588 16 15 31399
239590 16 19 31400
239592 16 21 31401
239596 16 22 31402
239598 16 23 31403
239600 16 1 31404
239602 16 2 31405
239604 16 3 31406
239606 16 5 31407
239608 16 9 31408
239610 16 10 31409
239612 16 14 31410
239614 16 15 31411
239616 16 21 31449
239618 16 22 31450
239620 16 23 31451
239622 16 1 31452
239624 16 2 31453
239626 16 3 31454
239628 16 5 31455
239630 16 9 31456
239632 16 10 31457
239634 16 14 31458
239636 16 15 31459
239638 16 19 31460
239640 16 21 31461
239642 16 22 31462
239644 16 23 31463
239646 16 1 31464
239648 16 2 31465
239650 16 3 31466
239652 16 5 31467
239654 16 9 31468
239656 16 10 31469
239658 16 14 31470
239660 16 15 31471
239662 16 19 31472
239664 16 21 31473
239668 16 21 25305
239670 16 22 25306
239672 16 1 25308
239674 16 2 25309
239676 16 3 25310
239678 16 22 142622
239680 16 23 142623
239682 16 1 142624
239684 16 2 142625
239686 16 3 142626
239688 16 5 142627
239690 16 9 142628
239692 16 1 142600
239694 16 10 142629
239696 16 14 142630
239698 16 19 96720
239700 16 15 5487
239702 16 22 5838
239704 16 5 5411
239706 16 3 312442
239708 16 1 313184
239710 16 14 312446
239712 16 14 312470
239716 16 22 312474
239718 16 19 312532
239720 16 10 313189
239722 16 5 312599
239724 16 21 312617
239726 16 10 312625
239728 16 22 312642
239730 16 14 312650
239734 16 15 312651
239736 16 19 312652
239738 16 21 312653
239740 16 1 312656
239742 16 2 312657
239746 16 3 312658
239750 16 5 312659
239752 16 15 312663
239754 16 9 312672
239756 16 1 312680
239758 16 22 312690
239760 16 14 313262
239762 16 21 312701
239764 16 9 313260
239766 16 15 313275
239768 16 23 313279
239770 16 10 312697
239772 16 10 313273
239774 16 14 313274
239776 16 14 312806
239778 16 21 312821
239780 16 23 313315
239782 16 14 312782
239784 16 21 313325
239786 16 15 312783
239788 16 10 313297
239790 16 1 312788
239792 16 21 313265
239796 16 2 312801
239798 16 5 313007
239800 16 23 313015
239802 16 1 313148
239804 16 2 313149
239806 16 3 313150
239808 16 5 313151
239810 16 9 313152
239812 16 10 313153
239814 16 14 313154
239816 16 15 313155
239818 16 19 313156
239820 16 21 313157
239822 16 19 313264
239824 16 10 313309
239826 16 15 312615
239830 16 9 313284
239832 16 5 313307
239834 16 19 313324
239838 16 9 312600
239840 16 10 312601
239842 16 14 312602
239844 16 15 312603
239846 16 19 312604
239848 16 21 312605
239850 16 22 312606
239852 16 23 312607
239854 16 1 312608
239856 16 2 312609
239858 16 3 312610
239860 16 5 312611
239862 16 9 312612
239864 16 10 312613
239866 16 14 312614
239870 16 19 312616
239874 16 22 312618
239876 16 23 312619
239878 16 1 312620
239880 16 2 312621
239882 16 3 312622
239884 16 5 312623
239886 16 9 312624
239890 16 14 312626
239892 16 15 312627
239894 16 19 312628
239896 16 21 312629
239898 16 22 312630
239900 16 23 312631
239902 16 1 312632
239904 16 2 312633
239906 16 3 312634
239908 16 5 312635
239910 16 9 312636
239912 16 10 312637
239914 16 14 312638
239916 16 15 312639
239918 16 19 312640
239920 16 21 312641
239924 16 23 312643
239926 16 1 312644
239928 16 2 312645
239930 16 3 312646
239932 16 5 312647
239934 16 9 312648
239936 16 10 312649
239946 16 22 312654
239948 16 23 312655
239958 16 9 312660
239960 16 10 312661
239962 16 14 312662
239966 16 19 312664
239968 16 21 312665
239970 16 22 312666
239972 16 23 312667
239974 16 1 312668
239976 16 2 312669
239978 16 3 312670
239980 16 5 312671
239984 16 10 312673
239986 16 14 312674
239988 16 15 312675
239990 16 19 312676
239992 16 21 312677
239994 16 22 312678
239996 16 23 312679
240000 16 2 312681
240002 16 3 312682
240004 16 5 312683
240006 16 9 312684
240008 16 10 312685
240010 16 14 312686
240012 16 15 312687
240014 16 19 312688
240016 16 21 312689
240020 16 23 312691
240022 16 1 312692
240024 16 2 312693
240026 16 3 312694
240028 16 5 312695
240030 16 9 312696
240034 16 14 312698
240036 16 15 312699
240038 16 19 312700
240042 16 22 312702
240044 16 23 312703
240046 16 1 312704
240048 16 2 312705
240050 16 3 312706
240052 16 5 312707
240054 16 9 312708
240056 16 10 312709
240058 16 14 312710
240060 16 15 312711
240062 16 19 312712
240064 16 21 312713
240066 16 22 312714
240068 16 23 312715
240070 16 1 312716
240072 16 2 312717
240074 16 3 312718
240076 16 5 312719
240078 16 9 312720
240080 16 10 312721
240082 16 14 312722
240084 16 19 312724
240086 16 21 312725
240088 16 22 312726
240090 16 23 312727
240092 16 1 312728
240094 16 2 312729
240096 16 3 312730
240098 16 5 312731
240100 16 9 312732
240102 16 10 312733
240104 16 14 312734
240106 16 15 312735
240108 16 19 312736
240110 16 21 312737
240112 16 22 312738
240114 16 23 312739
240116 16 1 312740
240118 16 2 312741
240120 16 3 312742
240122 16 5 312743
240124 16 9 312744
240126 16 10 312745
240128 16 14 312746
240130 16 15 312747
240132 16 19 312748
240134 16 21 312749
240136 16 22 312750
240138 16 23 312751
240140 16 1 312752
240142 16 2 312753
240144 16 3 312754
240146 16 5 312755
240148 16 9 312756
240150 16 10 312757
240152 16 14 312758
240154 16 15 312759
240156 16 19 312760
240158 16 21 312761
240160 16 22 312762
240162 16 23 312763
240164 16 1 312764
240166 16 2 312765
240168 16 3 312766
240170 16 5 312767
240172 16 9 312768
240174 16 10 312769
240176 16 14 312770
240178 16 15 312771
240180 16 19 312772
240182 16 21 312773
240184 16 22 312774
240186 16 23 312775
240188 16 1 312776
240190 16 2 312777
240192 16 3 312778
240194 16 5 312779
240196 16 9 312780
240198 16 10 312781
240204 16 19 312784
240206 16 21 312785
240208 16 22 312786
240210 16 23 312787
240214 16 2 312789
240216 16 3 312790
240218 16 5 312791
240220 16 9 312792
240222 16 10 312793
240224 16 14 312794
240226 16 15 312795
240228 16 19 312796
240230 16 21 312797
240232 16 22 312798
240234 16 23 312799
240236 16 1 312800
240240 16 3 312802
240242 16 5 312803
240244 16 9 312804
240246 16 10 312805
240250 16 15 312807
240252 16 19 312808
240254 16 21 312809
240256 16 22 312810
240258 16 23 312811
240260 16 1 312812
240262 16 2 312813
240264 16 3 312814
240266 16 5 312815
240268 16 9 312816
240270 16 10 312817
240272 16 14 312818
240274 16 15 312819
240276 16 19 312820
240280 16 22 312822
240282 16 23 312823
240284 16 1 312824
240286 16 2 312825
240288 16 3 312826
240290 16 19 313252
240292 16 21 313253
240294 16 22 313254
240296 16 23 313255
240298 16 1 313256
240302 16 15 313263
240308 16 22 313266
240310 16 1 313268
240312 16 2 313269
240314 16 3 313270
240316 16 5 313271
240318 16 9 313272
240324 16 21 313277
240326 16 22 313278
240328 16 2 313281
240330 16 5 313283
240332 16 15 313287
240334 16 19 313288
240336 16 21 313289
240338 16 2 313293
240340 16 15 313299
240342 16 3 313306
240348 16 21 313313
240350 16 3 313318
240352 16 5 313319
240358 16 22 313326
240360 16 23 313327
240362 16 1 313328
240364 16 2 313329
240366 16 3 313330
240368 16 5 313331
240370 16 9 313332
240372 16 1 28828
240374 16 14 81262
240376 16 1 6444
240378 16 15 16439
240380 16 5 16387
240382 16 15 16391
240384 16 15 222647
240386 16 10 222657
240388 16 22 222662
240392 16 14 222658
240394 16 2 292009
240458 16 14 46362
240460 16 19 13764
240462 16 2 13313
240464 16 3 13314
240466 16 1 13324
240468 16 10 13341
240470 16 14 13342
240472 16 15 13343
240476 16 5 13351
240478 16 23 13599
240480 16 1 13600
240482 16 23 305595
240484 16 5 305767
240486 16 10 305769
240488 16 15 305771
240490 16 21 305773
240492 16 3 305778
240582 16 22 305774
241286 16 10 311433
241290 16 9 311480
241292 16 21 311485
241294 16 22 311486
241296 16 5 311491
241322 16 19 311496
241324 16 23 311499
241326 16 1 311500
241328 16 3 311502
241330 16 5 311503
241332 16 9 311504
241334 16 22 311510
241336 16 23 311511
241338 16 5 311515
241340 16 9 311516
241360 16 10 311517
241364 16 14 311518
241420 16 19 311520
241456 16 21 311521
241468 16 23 311523
241476 16 3 311526
241496 16 5 311527
241508 16 15 311531
241524 16 23 311535
241542 16 19 311592
241548 16 19 311652
241550 16 15 311687
241552 16 3 311706
241554 16 9 311720
241556 16 22 311714
241558 16 23 311715
241560 16 14 312262
241562 16 9 39048
241564 16 19 39052
241566 16 9 291156
241568 16 23 291163
241572 16 10 291169
241574 16 10 291337
241578 16 14 291338
241584 16 15 291351
241744 16 5 291803
241764 16 1 37848
241766 16 2 37849
241768 16 21 2153
241770 16 19 282112
241772 16 5 155711
241774 16 21 156545
241776 16 9 28204
241778 16 3 27698
241782 16 2 27769
241784 16 9 28420
241786 16 22 27946
241788 16 15 10799
241790 16 15 158603
241792 16 14 36074
241794 16 21 95637
241796 16 3 19142
241798 16 5 19143
241800 16 9 19144
241802 16 10 19145
241804 16 14 19146
241806 16 22 111118
241810 16 14 32554
241812 16 10 314421
241814 16 15 314423
241816 16 5 314587
241822 16 9 314588
241828 16 10 314589
241832 16 2 314477
241856 16 14 314590
241858 16 22 314474
241860 16 21 314473
241862 16 21 314521
241864 16 22 314522
241866 16 23 314523
241868 16 1 314524
241870 16 2 314525
241872 16 3 314526
241874 16 5 314527
241876 16 9 314528
241878 16 10 314529
241880 16 14 314530
241882 16 15 314531
241884 16 3 314574
241886 16 5 314575
241888 16 9 314576
241890 16 10 314577
241892 16 14 314578
241894 16 15 314579
241896 16 19 314580
241898 16 21 314581
241900 16 22 314582
241902 16 23 314583
241904 16 10 314445
241906 16 19 314448
241908 16 21 314449
241910 16 22 314450
241912 16 9 314492
241914 16 10 314493
241916 16 14 314494
241918 16 15 314495
241920 16 19 314496
241922 16 21 314497
241924 16 22 314498
241926 16 23 314499
241928 16 1 314500
241930 16 2 314501
241932 16 3 314502
241934 16 5 314503
241936 16 9 314504
241938 16 15 314543
241940 16 19 314544
241942 16 21 314545
241944 16 22 314546
241946 16 23 314547
241948 16 1 314548
241950 16 2 314549
241952 16 3 314550
241954 16 5 314551
241956 16 9 314552
241958 16 10 314553
241960 16 14 314554
241962 16 2 314453
241964 16 3 314454
241966 16 5 314455
241968 16 9 314456
241970 16 10 314457
241972 16 14 314458
241974 16 15 314459
241976 16 19 314460
241978 16 21 314461
241980 16 22 314462
241982 16 23 314463
241984 16 1 314464
241988 16 1 314512
241990 16 2 314513
241992 16 3 314514
241994 16 5 314515
241996 16 9 314516
241998 16 10 314517
242000 16 14 314518
242002 16 15 314519
242004 16 19 314520
242006 16 1 314560
242008 16 2 314561
242010 16 3 314562
242012 16 5 314563
242014 16 9 314564
242016 16 10 314565
242018 16 14 314566
242020 16 15 314567
242022 16 19 314568
242024 16 21 314569
242026 16 22 314570
242028 16 23 314571
242030 16 1 314572
242032 16 2 314573
242034 16 19 314472
242038 16 14 314446
242040 16 15 314447
242042 16 14 314482
242044 16 15 314483
242046 16 19 314484
242048 16 21 314485
242050 16 22 314486
242052 16 23 314487
242054 16 1 314488
242056 16 2 314489
242058 16 3 314490
242060 16 5 314491
242062 16 19 314532
242064 16 21 314533
242066 16 22 314534
242068 16 23 314535
242070 16 1 314536
242072 16 2 314537
242074 16 3 314538
242076 16 5 314539
242078 16 9 314540
242080 16 10 314541
242082 16 14 314542
242084 16 23 314451
242086 16 1 314452
242088 16 10 314505
242090 16 14 314506
242092 16 15 314507
242094 16 19 314508
242096 16 21 314509
242098 16 22 314510
242100 16 23 314511
242104 16 15 314555
242106 16 19 314556
242108 16 21 314557
242110 16 22 314558
242112 16 23 314559
242252 16 15 314627
242254 16 14 314626
242256 16 19 314652
242258 16 21 314653
242264 16 22 314654
242268 16 23 314655
242270 16 1 314656
242274 16 2 314657
242278 16 3 314658
242280 16 5 314659
242284 16 9 314660
242286 16 10 314661
242288 16 14 314662
242290 16 23 314667
242294 16 15 314663
242298 16 19 314664
242300 16 21 314665
242304 16 22 314666
242308 16 1 314668
242310 16 2 314669
242312 16 3 314670
242314 16 5 314671
242316 16 2 314693
242318 16 3 314694
242320 16 5 314695
242322 16 9 314696
242340 16 1 314704
242342 16 3 314706
242344 16 5 314707
242346 16 10 314733
242348 16 15 314759
242350 16 19 314760
242352 16 9 314768
242354 16 19 314772
242356 16 3 314790
242358 16 19 314976
242360 16 9 314996
242362 16 10 314997
242364 16 14 314998
242366 16 15 314999
242368 16 19 315000
242370 16 21 315001
242372 16 22 315002
242374 16 23 315003
242376 16 1 315004
242378 16 2 315005
242380 16 3 315006
242382 16 21 314977
242384 16 1 314980
242386 16 3 314982
242388 16 5 314983
242390 16 9 314984
242392 16 10 314985
242394 16 15 314987
242396 16 19 314988
242398 16 22 314978
242400 16 5 315007
242402 16 9 315008
242404 16 10 315009
242406 16 14 315010
242408 16 15 315011
242410 16 19 315012
242412 16 21 315013
242414 16 22 315014
242416 16 23 315015
242418 16 23 314979
242420 16 21 314989
242422 16 22 314990
242424 16 23 314991
242426 16 1 314992
242428 16 2 314993
242430 16 3 314994
242432 16 5 314995
242434 16 1 315052
242436 16 23 315051
242438 16 9 315056
242440 16 9 315080
242444 16 10 315081
242468 16 5 315067
242486 16 5 315055
242492 16 2 315065
242494 16 3 315066
242498 16 9 315068
242500 16 10 315069
242502 16 15 315071
242504 16 2 315077
242508 16 3 315090
242510 16 15 315095
242512 16 1 315088
242516 16 2 315113
242518 16 19 315096
242520 16 9 315092
242524 16 21 315097
242526 16 15 315107
242530 16 2 315089
242534 16 5 315091
242544 16 10 315093
242548 16 22 315122
242552 16 19 315108
242554 16 9 315116
242556 16 5 315103
242558 16 10 315105
242560 16 22 315098
242562 16 1 315100
242564 16 3 315102
242574 16 2 315101
242580 16 9 315104
242586 16 14 315094
242588 16 5 315115
242590 16 10 315117
242592 16 21 315121
242596 16 23 315099
242598 16 22 315110
242608 16 21 315109
242620 16 1 315112
242636 16 19 315120
242640 16 2 315125
242642 16 1 315124
242644 16 15 19595
242646 16 9 24228
242650 16 23 134743
242652 16 23 60135
242654 16 5 60139
242656 16 1 77724
242658 16 15 313363
242660 16 19 313364
242662 16 21 313365
242664 16 22 313366
242666 16 23 313367
242668 16 1 313368
242670 16 2 313369
242672 16 3 313370
242674 16 5 313371
242676 16 9 313372
242678 16 10 313373
242680 16 14 313374
242682 16 15 313375
242684 16 19 313376
242686 16 21 313377
242688 16 22 313378
242690 16 23 313379
242692 16 1 313380
242694 16 2 313381
242696 16 3 313382
242698 16 5 313383
242700 16 9 313384
242702 16 10 313385
242704 16 14 313386
242706 16 15 313387
242708 16 19 313388
242710 16 21 313389
242712 16 22 313390
242714 16 23 313391
242716 16 1 313392
242718 16 2 313393
242720 16 3 313394
242722 16 5 313395
242724 16 9 313396
242726 16 10 313397
242728 16 14 313398
242730 16 15 313399
242732 16 19 313400
242734 16 21 313401
242736 16 22 313402
242738 16 23 313403
242740 16 1 313404
242742 16 2 313405
242744 16 3 313406
242746 16 9 313408
242748 16 10 313409
242750 16 14 313410
242752 16 15 313411
242754 16 19 313412
242756 16 21 313413
242758 16 22 313414
242760 16 23 313415
242762 16 1 313416
242764 16 2 313417
242766 16 3 313418
242768 16 5 313419
242770 16 9 313420
242772 16 10 313421
242774 16 14 313422
242776 16 15 313423
242778 16 19 313424
242780 16 21 313425
242782 16 22 313426
242784 16 23 313427
242786 16 2 313561
242788 16 14 313542
242790 16 9 313552
242792 16 10 313541
242798 16 22 313558
242800 16 3 313562
242802 16 21 313569
242806 16 22 313546
242812 16 15 313543
242818 16 5 313551
242820 16 23 313547
242824 16 1 313548
242836 16 19 313556
242838 16 9 313540
242846 16 23 313559
242848 16 5 313563
242850 16 10 313565
242852 16 15 313567
242882 16 1 313560
242892 16 14 313566
242902 16 22 313570
242904 16 10 313577
242908 16 23 313571
242910 16 2 313573
242914 16 14 313590
242918 16 23 313595
242920 16 19 313604
242936 16 23 149259
242938 16 9 131124
242940 16 2 51017
242942 16 5 83259
242944 16 2 83269
242946 16 22 83278
242948 16 21 83373
242950 16 9 83308
242952 16 22 83266
242954 16 19 83264
242956 16 22 83314
242958 16 9 83260
242960 16 3 83318
242962 16 15 83263
242964 16 5 83307
242966 16 23 43727
242968 16 19 76012
242974 16 21 14957
242978 16 15 14415
242980 16 19 14416
242982 16 23 14419
242984 16 1 14420
242986 16 2 14421
242988 16 23 14503
242992 16 3 105002
242994 16 5 105003
242996 16 9 105004
242998 16 10 105005
243000 16 14 105006
243002 16 15 105007
243004 16 19 105008
243006 16 21 105009
243008 16 22 105010
243010 16 23 105011
243012 16 1 105012
243014 16 2 105013
243016 16 3 105014
243018 16 23 118143
243020 16 3 152550
243022 16 3 137290
243024 16 9 91356
243026 16 10 91357
243028 16 19 309676
243030 16 21 309677
243032 16 22 309678
243034 16 23 309679
243036 16 1 309680
243038 16 2 309681
243040 16 3 309682
243042 16 5 309683
243044 16 9 309684
243046 16 10 309685
243048 16 14 309686
243050 16 15 309687
243052 16 19 309688
243054 16 21 309689
243056 16 22 309690
243058 16 23 309691
243060 16 1 309692
243062 16 2 309693
243064 16 3 309874
243068 16 3 309910
243072 16 14 309986
243074 16 15 309987
243076 16 2 310005
243078 16 14 310046
243080 16 5 310043
243082 16 21 310037
243084 16 22 310038
243086 16 23 310039
243088 16 1 310040
243090 16 2 310041
243092 16 10 310045
243094 16 3 310042
243096 16 9 310044
243098 16 15 310059
243102 16 14 310058
243116 16 19 310060
243126 16 21 310061
243130 16 22 310062
243136 16 14 48590
243138 16 23 107431
243140 16 5 55467
243142 16 22 55366
243144 16 1 317440
243146 16 2 317441
243148 16 3 317442
243150 16 5 317443
243152 16 9 317444
243154 16 10 317445
243156 16 14 317446
243158 16 15 317447
243160 16 19 317448
243162 16 21 317449
243164 16 22 317450
243166 16 23 317451
243168 16 1 317452
243170 16 2 317453
243172 16 3 317454
243174 16 5 317455
243176 16 9 317456
243178 16 10 317457
243180 16 14 317458
243182 16 15 317459
243184 16 19 317460
243186 16 21 317461
243188 16 22 317462
243190 16 23 317463
243192 16 1 317464
243194 16 2 317465
243196 16 3 317466
243198 16 5 317467
243200 16 9 317468
243202 16 10 317469
243204 16 14 317470
243206 16 15 317471
243208 16 19 317472
243210 16 21 317473
243212 16 22 317474
243214 16 23 317475
243216 16 1 317476
243218 16 2 317477
243220 16 3 317478
243222 16 5 317479
243224 16 9 317480
243226 16 10 317481
243228 16 14 317482
243230 16 15 317483
243232 16 19 317484
243234 16 21 317485
243236 16 22 317486
243238 16 23 317487
243240 16 1 317488
243242 16 2 317489
243244 16 3 317490
243246 16 5 317491
243248 16 9 317492
243250 16 10 317493
243252 16 14 317494
243254 16 15 317495
243256 16 19 317496
243258 16 21 317497
243260 16 22 317498
243262 16 23 317499
243264 16 1 317500
243266 16 2 317501
243268 16 3 317502
243270 16 5 317503
243272 16 9 317504
243274 16 10 317505
243276 16 14 317506
243278 16 15 317507
243280 16 19 317508
243282 16 21 317509
243284 16 22 317510
243286 16 23 317511
243288 16 1 317512
243290 16 2 317513
243292 16 3 317514
243294 16 5 317515
243296 16 9 317516
243298 16 10 317517
243300 16 14 317518
243302 16 15 317519
243304 16 19 317520
243306 16 21 317521
243308 16 22 317522
243310 16 23 317523
243312 16 1 317524
243314 16 2 317525
243316 16 3 317526
243318 16 5 317527
243320 16 9 317528
243322 16 10 317529
243324 16 14 317530
243326 16 15 317531
243328 16 19 317532
243330 16 21 317533
243332 16 22 317534
243334 16 23 317535
243336 16 1 317536
243338 16 2 317537
243340 16 3 317538
243342 16 5 317539
243344 16 9 317540
243346 16 10 317541
243348 16 14 317542
243350 16 15 317543
243352 16 19 317544
243354 16 21 317545
243356 16 22 317546
243358 16 23 317547
243360 16 1 317548
243362 16 2 317549
243364 16 3 317550
243366 16 5 317551
243368 16 9 317552
243370 16 10 317553
243372 16 14 317554
243374 16 15 317555
243376 16 19 317556
243378 16 21 317557
243380 16 22 317558
243382 16 23 317559
243384 16 1 317560
243386 16 2 317561
243388 16 3 317562
243390 16 5 317563
243392 16 9 317564
243394 16 10 317565
243396 16 14 317566
243398 16 15 317567
243400 16 19 317568
243402 16 21 317569
243404 16 22 317570
243406 16 23 317571
243408 16 1 317572
243410 16 2 317573
243412 16 3 317574
243414 16 5 317575
243416 16 9 317576
243418 16 10 317577
243420 16 14 317578
243422 16 15 317579
243424 16 19 317580
243426 16 21 317581
243428 16 22 317582
243430 16 23 317583
243432 16 1 317584
243434 16 2 317585
243436 16 3 317586
243438 16 5 317587
243440 16 9 317588
243442 16 10 317589
243444 16 14 317590
243446 16 15 317591
243448 16 19 317592
243450 16 21 317593
243452 16 22 317594
243454 16 23 317595
243456 16 1 317596
243458 16 2 317597
243460 16 3 317598
243462 16 5 317599
243464 16 9 317600
243466 16 10 317601
243468 16 14 317602
243470 16 15 317603
243472 16 19 317604
243474 16 21 317605
243476 16 22 317606
243478 16 23 317607
243480 16 1 317608
243482 16 2 317609
243484 16 3 317610
243486 16 5 317611
243488 16 9 317612
243490 16 10 317613
243492 16 14 317614
243494 16 15 317615
243496 16 19 317616
243498 16 21 317617
243500 16 22 317618
243502 16 23 317619
243504 16 1 317620
243506 16 2 317621
243508 16 3 317622
243510 16 5 317623
243512 16 9 317624
243514 16 10 317625
243516 16 14 317626
243518 16 15 317627
243520 16 19 317628
243522 16 21 317629
243524 16 22 317630
243526 16 23 317631
243528 16 1 317632
243530 16 2 317633
243532 16 3 317634
243534 16 5 317635
243536 16 9 317636
243538 16 10 317637
243540 16 14 317638
243542 16 15 317639
243544 16 19 317640
243546 16 21 317641
243548 16 22 317642
243550 16 23 317643
243552 16 1 317644
243554 16 2 317645
243556 16 3 317646
243558 16 5 317647
243560 16 9 317648
243562 16 10 317649
243564 16 14 317650
243566 16 15 317651
243568 16 19 317652
243570 16 21 317653
243572 16 22 317654
243574 16 23 317655
243576 16 1 317656
243578 16 2 317657
243580 16 3 317658
243582 16 5 317659
243584 16 9 317660
243586 16 10 317661
243588 16 14 317662
243590 16 15 317663
243592 16 19 317664
243594 16 21 317665
243596 16 22 317666
243598 16 23 317667
243600 16 1 317668
243602 16 2 317669
243604 16 3 317670
243606 16 5 317671
243608 16 9 317672
243610 16 10 317673
243612 16 14 317674
243614 16 15 317675
243616 16 19 317676
243618 16 21 317677
243620 16 22 317678
243622 16 23 317679
243624 16 1 317680
243626 16 2 317681
243628 16 3 317682
243630 16 5 317683
243632 16 9 317684
243634 16 10 317685
243636 16 14 317686
243638 16 15 317687
243640 16 19 317688
243642 16 21 317689
243644 16 22 317690
243646 16 23 317691
243648 16 1 317692
243650 16 2 317693
243652 16 3 317694
243654 16 5 317695
243656 16 9 317696
243658 16 10 317697
243660 16 14 317698
243662 16 15 317699
243664 16 19 317700
243666 16 21 317701
243668 16 22 317702
243670 16 23 317703
243672 16 1 317704
243674 16 2 317705
243676 16 3 317706
243678 16 5 317707
243680 16 9 317708
243682 16 10 317709
243684 16 14 317710
243686 16 15 317711
243688 16 19 317712
243690 16 21 317713
243692 16 22 317714
243694 16 23 317715
243696 16 1 317716
243698 16 2 317717
243700 16 3 317718
243702 16 5 317719
243704 16 9 317720
243706 16 10 317721
243708 16 14 317722
243710 16 15 317723
243712 16 19 317724
243714 16 21 317725
243716 16 22 317726
243718 16 23 317727
243720 16 1 317728
243722 16 2 317729
243724 16 3 317730
243726 16 5 317731
243728 16 9 317732
243730 16 10 317733
243732 16 14 317734
243734 16 15 317735
243736 16 19 317736
243738 16 21 317737
243740 16 22 317738
243742 16 23 317739
243744 16 1 317740
243746 16 2 317741
243748 16 3 317742
243750 16 5 317743
243752 16 9 317744
243754 16 10 317745
243756 16 14 317746
243758 16 15 317747
243760 16 19 317748
243762 16 21 317749
243764 16 22 317750
243766 16 23 317751
243768 16 1 317752
243770 16 2 317753
243772 16 3 317754
243774 16 5 317755
243776 16 9 317756
243778 16 10 317757
243780 16 14 317758
243782 16 15 317759
243784 16 19 317760
243786 16 21 317761
243788 16 22 317762
243790 16 23 317763
243792 16 1 317764
243794 16 2 317765
243796 16 3 317766
243798 16 5 317767
243800 16 9 317768
243802 16 10 317769
243804 16 14 317770
243806 16 15 317771
243808 16 19 317772
243810 16 21 317773
243812 16 22 317774
243814 16 23 317775
243816 16 1 317776
243818 16 2 317777
243820 16 3 317778
243822 16 5 317779
243824 16 9 317780
243826 16 10 317781
243828 16 14 317782
243830 16 15 317783
243832 16 19 317784
243834 16 21 317785
243836 16 22 317786
243838 16 23 317787
243840 16 1 317788
243842 16 2 317789
243844 16 3 317790
243846 16 5 317791
243848 16 9 317792
243850 16 10 317793
243852 16 14 317794
243854 16 15 317795
243856 16 19 317796
243858 16 21 317797
243860 16 22 317798
243862 16 23 317799
243864 16 1 317800
243866 16 2 317801
243868 16 3 317802
243870 16 5 317803
243872 16 9 317804
243874 16 10 317805
243876 16 14 317806
243878 16 15 317807
243880 16 19 317808
243882 16 21 317809
243884 16 22 317810
243886 16 23 317811
243888 16 1 317812
243890 16 2 317813
243892 16 3 317814
243894 16 5 317815
243896 16 9 317816
243898 16 10 317817
243900 16 14 317818
243902 16 15 317819
243904 16 19 317820
243906 16 21 317821
243908 16 22 317822
243910 16 23 317823
243912 16 1 317824
243914 16 2 317825
243916 16 3 317826
243918 16 5 317827
243920 16 9 317828
243922 16 10 317829
243924 16 14 317830
243926 16 15 317831
243928 16 19 317832
243930 16 21 317833
243932 16 22 317834
243934 16 23 317835
243936 16 1 317836
243938 16 2 317837
243940 16 3 317838
243942 16 5 317839
243944 16 9 317840
243946 16 10 317841
243948 16 14 317842
243950 16 15 317843
243952 16 19 317844
243954 16 21 317845
243956 16 22 317846
243958 16 23 317847
243960 16 1 317848
243962 16 2 317849
243964 16 3 317850
243966 16 5 317851
243968 16 9 317852
243970 16 10 317853
243972 16 14 317854
243974 16 15 317855
243976 16 19 317856
243978 16 21 317857
243980 16 22 317858
243982 16 23 317859
243984 16 1 317860
243986 16 2 317861
243988 16 3 317862
243990 16 5 317863
243992 16 9 317864
243994 16 10 317865
243996 16 14 317866
243998 16 15 317867
244000 16 19 317868
244002 16 21 317869
244004 16 22 317870
244006 16 23 317871
244008 16 1 317872
244010 16 2 317873
244012 16 3 317874
244014 16 5 317875
244016 16 9 317876
244018 16 10 317877
244020 16 14 317878
244022 16 15 317879
244024 16 19 317880
244026 16 21 317881
244030 16 22 317882
244032 16 23 317883
244034 16 1 317884
244036 16 2 317885
244038 16 3 317886
244040 16 5 317887
244042 16 9 317888
244044 16 10 317889
244046 16 14 317890
244048 16 15 317891
244050 16 19 317892
244052 16 21 317893
244054 16 22 317894
244056 16 23 317895
244058 16 1 317896
244060 16 2 317897
244062 16 3 317898
244064 16 5 317899
244066 16 9 317900
244068 16 10 317901
244070 16 14 317902
244072 16 15 317903
244074 16 19 317904
244076 16 21 317905
244078 16 22 317906
244080 16 23 317907
244082 16 1 317908
244084 16 2 317909
244086 16 3 317910
244088 16 5 317911
244090 16 9 317912
244092 16 10 317913
244094 16 14 317914
244096 16 15 317915
244098 16 19 317916
244100 16 21 317917
244102 16 22 317918
244104 16 23 317919
244106 16 1 317920
244108 16 2 317921
244110 16 3 317922
244112 16 5 317923
244114 16 9 317924
244116 16 10 317925
244118 16 14 317926
244120 16 15 317927
244122 16 19 317928
244124 16 21 317929
244126 16 22 317930
244128 16 23 317931
244130 16 1 317932
244132 16 2 317933
244134 16 3 317934
244136 16 5 317935
244138 16 9 317936
244140 16 10 317937
244142 16 14 317938
244144 16 15 317939
244146 16 19 317940
244148 16 21 317941
244150 16 22 317942
244152 16 23 317943
244154 16 1 317944
244156 16 2 317945
244158 16 3 317946
244160 16 5 317947
244162 16 9 317948
244164 16 10 317949
244166 16 14 317950
244168 16 15 317951
244170 16 19 317952
244172 16 21 317953
244174 16 22 317954
244176 16 23 317955
244178 16 1 317956
244180 16 2 317957
244182 16 3 317958
244184 16 5 317959
244186 16 9 317960
244188 16 10 317961
244190 16 14 317962
244192 16 15 317963
244194 16 19 317964
244196 16 21 317965
244198 16 22 317966
244200 16 23 317967
244202 16 1 317968
244204 16 2 317969
244206 16 3 317970
244208 16 5 317971
244210 16 9 317972
244212 16 10 317973
244214 16 14 317974
244216 16 15 317975
244218 16 19 317976
244220 16 21 317977
244222 16 22 317978
244224 16 23 317979
244226 16 1 317980
244228 16 2 317981
244230 16 3 317982
244232 16 5 317983
244234 16 9 317984
244236 16 10 317985
244238 16 14 317986
244240 16 15 317987
244242 16 19 317988
244244 16 21 317989
244246 16 22 317990
244248 16 23 317991
244250 16 1 317992
244252 16 2 317993
244254 16 3 317994
244256 16 5 317995
244258 16 9 317996
244260 16 10 317997
244264 16 14 317998
244266 16 15 317999
244268 16 19 318000
244270 16 21 318001
244272 16 22 318002
244274 16 23 318003
244276 16 1 318004
244278 16 2 318005
244280 16 3 318006
244282 16 5 318007
244284 16 9 318008
244286 16 10 318009
244288 16 14 318010
244290 16 15 318011
244292 16 19 318012
244294 16 21 318013
244296 16 22 318014
244298 16 23 318015
244300 16 1 318016
244302 16 2 318017
244304 16 3 318018
244306 16 5 318019
244308 16 9 318020
244310 16 10 318021
244312 16 14 318022
244314 16 15 318023
244316 16 19 318024
244318 16 21 318025
244320 16 22 318026
244322 16 23 318027
244324 16 1 318028
244326 16 2 318029
244328 16 3 318030
244330 16 5 318031
244332 16 9 318032
244334 16 10 318033
244336 16 14 318034
244338 16 15 318035
244340 16 19 318036
244342 16 21 318037
244344 16 22 318038
244346 16 23 318039
244348 16 1 318040
244350 16 2 318041
244352 16 3 318042
244354 16 5 318043
244356 16 9 318044
244358 16 10 318045
244360 16 14 318046
244362 16 15 318047
244364 16 19 318048
244366 16 21 318049
244368 16 22 318050
244370 16 23 318051
244372 16 1 318052
244374 16 2 318053
244376 16 3 318054
244378 16 5 318055
244380 16 9 318056
244382 16 10 318057
244384 16 14 318058
244386 16 15 318059
244388 16 19 318060
244390 16 21 318061
244396 16 22 318062
244398 16 23 318063
244400 16 1 318064
244402 16 2 318065
244404 16 3 318066
244406 16 5 318067
244408 16 9 318068
244410 16 10 318069
244414 16 14 318070
244416 16 15 318071
244418 16 19 318072
244420 16 21 318073
244422 16 22 318074
244424 16 23 318075
244426 16 1 318076
244428 16 2 318077
244434 16 3 318078
244436 16 5 318079
244440 16 9 318080
244442 16 10 318081
244444 16 14 318082
244446 16 15 318083
244450 16 19 318084
244452 16 21 318085
244454 16 22 318086
244456 16 23 318087
244458 16 1 318088
244460 16 2 318089
244462 16 3 318090
244464 16 5 318091
244466 16 9 318092
244468 16 10 318093
244470 16 14 318094
244472 16 15 318095
244474 16 19 318096
244476 16 21 318097
244478 16 22 318098
244480 16 23 318099
244482 16 1 318100
244484 16 2 318101
244486 16 3 318102
244488 16 5 318103
244490 16 9 318104
244492 16 10 318105
244494 16 14 318106
244496 16 15 318107
244498 16 19 318108
244500 16 21 318109
244502 16 22 318110
244504 16 23 318111
244506 16 1 318112
244508 16 2 318113
244510 16 3 318114
244512 16 5 318115
244514 16 9 318116
244516 16 10 318117
244518 16 14 318118
244520 16 15 318119
244522 16 19 318120
244524 16 21 318121
244526 16 22 318122
244528 16 23 318123
244530 16 1 318124
244532 16 2 318125
244534 16 3 318126
244536 16 5 318127
244538 16 9 318128
244540 16 10 318129
244542 16 14 318130
244544 16 15 318131
244546 16 19 318132
244548 16 21 318133
244550 16 22 318134
244552 16 23 318135
244554 16 1 318136
244556 16 2 318137
244558 16 3 318138
244560 16 5 318139
244562 16 9 318140
244564 16 10 318141
244566 16 14 318142
244568 16 15 318143
244570 16 19 318144
244572 16 21 318145
244574 16 22 318146
244576 16 23 318147
244578 16 1 318148
244580 16 2 318149
244582 16 3 318150
244584 16 5 318151
244586 16 9 318152
244588 16 10 318153
244590 16 14 318154
244592 16 15 318155
244594 16 19 318156
244596 16 21 318157
244598 16 22 318158
244600 16 23 318159
244602 16 1 318160
244604 16 2 318161
244606 16 3 318162
244608 16 5 318163
244610 16 9 318164
244612 16 10 318165
244614 16 14 318166
244616 16 15 318167
244618 16 19 318168
244620 16 21 318169
244622 16 22 318170
244624 16 23 318171
244626 16 1 318172
244628 16 2 318173
244630 16 3 318174
244632 16 5 318175
244634 16 9 318176
244636 16 10 318177
244638 16 14 318178
244640 16 15 318179
244642 16 19 318180
244644 16 21 318181
244646 16 22 318182
244648 16 23 318183
244650 16 1 318184
244652 16 2 318185
244654 16 3 318186
244656 16 5 318187
244658 16 9 318188
244660 16 10 318189
244662 16 14 318190
244664 16 15 318191
244666 16 19 318192
244668 16 21 318193
244670 16 22 318194
244672 16 23 318195
244674 16 1 318196
244676 16 2 318197
244678 16 3 318198
244680 16 5 318199
244682 16 9 318200
244684 16 10 318201
244686 16 14 318202
244688 16 15 318203
244690 16 19 318204
244692 16 21 318205
244694 16 22 318206
244696 16 23 318207
244698 16 1 318208
244700 16 2 318209
244702 16 3 318210
244704 16 5 318211
244706 16 9 318212
244708 16 9 60768
244710 16 23 60835
244712 16 15 60843
244714 16 1 61244
244716 16 15 60795
244718 16 5 250639
244720 16 9 250640
244722 16 10 250641
244724 16 14 250642
244726 16 15 250643
244728 16 19 250644
244730 16 21 250645
244732 16 22 250646
244734 16 23 250647
244736 16 1 250648
244738 16 2 250649
244740 16 3 250650
244742 16 5 250651
244744 16 9 250652
244746 16 10 250653
244748 16 14 250654
244750 16 15 250655
244752 16 19 250656
244754 16 21 250657
244756 16 22 250658
244758 16 23 250659
244760 16 1 250660
244762 16 2 250661
244764 16 3 250662
244766 16 5 250663
244768 16 9 250664
244770 16 10 250665
244772 16 14 250666
244774 16 15 250667
244776 16 19 250668
244778 16 21 250669
244780 16 22 250670
244782 16 23 250671
244784 16 1 250672
244786 16 2 250673
244788 16 3 250674
244790 16 5 250675
244792 16 9 250676
244794 16 10 250677
244796 16 14 250678
244798 16 15 250679
244800 16 19 250680
244802 16 21 250681
244804 16 22 250682
244806 16 23 250683
244808 16 1 250684
244810 16 2 250685
244812 16 3 250686
244814 16 5 250687
244816 16 9 250688
244818 16 10 250689
244820 16 14 250690
244822 16 15 250691
244824 16 19 250692
244826 16 21 250693
244828 16 22 250694
244830 16 23 250695
244836 16 1 250696
244838 16 2 250697
244840 16 3 250698
244842 16 5 250699
244844 16 9 250700
244846 16 10 250701
244848 16 14 250702
244850 16 15 250703
244852 16 19 250704
244854 16 21 250705
244856 16 22 250706
244858 16 23 250707
244860 16 1 250708
244862 16 2 250709
244864 16 3 250710
244866 16 5 250711
244868 16 9 250712
244870 16 10 250713
244872 16 14 250714
244874 16 15 250715
244876 16 19 250716
244878 16 21 250717
244880 16 22 250718
244882 16 23 250719
244884 16 1 250720
244886 16 2 250721
244888 16 3 250722
244890 16 5 250723
244892 16 9 250724
244894 16 10 250725
244896 16 14 250726
244898 16 15 250727
244900 16 19 250728
244902 16 21 250729
244904 16 22 250730
244906 16 23 250731
244908 16 1 250732
244910 16 2 250733
244912 16 3 250734
244914 16 5 250735
244916 16 9 250736
244918 16 10 250737
244920 16 14 250738
244922 16 15 250739
244924 16 19 250740
244926 16 21 250741
244928 16 22 250742
244930 16 23 250743
244932 16 1 250744
244934 16 2 250745
244936 16 3 250746
244938 16 5 250747
244940 16 9 250748
244942 16 10 250749
244944 16 14 250750
244946 16 15 250751
244948 16 19 250752
244950 16 21 250753
244952 16 22 250754
244954 16 23 250755
244956 16 1 250756
244958 16 2 250757
244960 16 3 250758
244962 16 5 250759
244964 16 9 250760
244966 16 10 250761
244968 16 14 250762
244970 16 15 250763
244972 16 19 250764
244974 16 21 250765
244976 16 22 250766
244978 16 23 250767
244980 16 1 250768
244982 16 2 250769
244984 16 3 250770
244986 16 5 250771
244988 16 9 250772
244990 16 10 250773
244992 16 14 250774
244994 16 15 250775
244996 16 19 250776
244998 16 21 250777
245000 16 22 250778
245002 16 23 250779
245004 16 14 250810
245006 16 21 250813
245008 16 22 250814
245010 16 9 154204
245012 16 10 154205
245014 16 3 154214
245016 16 5 154215
245018 16 9 154216
245020 16 10 154217
245022 16 1 154224
245024 16 3 154226
245026 16 2 67581
245028 16 1 316416
245030 16 2 316417
245032 16 3 316418
245034 16 5 316419
245036 16 9 316420
245038 16 10 316421
245040 16 14 316422
245042 16 15 316423
245044 16 19 316424
245046 16 21 316425
245048 16 22 316426
245050 16 23 316427
245052 16 1 316428
245054 16 2 316429
245056 16 3 316430
245058 16 5 316431
245060 16 9 316432
245062 16 10 316433
245064 16 14 316434
245066 16 15 316435
245068 16 19 316436
245070 16 21 316437
245072 16 22 316438
245074 16 23 316439
245076 16 1 316440
245078 16 2 316441
245080 16 3 316442
245082 16 5 316443
245084 16 9 316444
245086 16 10 316445
245088 16 14 316446
245090 16 15 316447
245092 16 19 316448
245094 16 21 316449
245096 16 22 316450
245098 16 23 316451
245100 16 1 316452
245102 16 2 316453
245122 16 3 316454
245174 16 5 316455
245176 16 9 316456
245178 16 10 316457
245180 16 14 316458
245182 16 15 316459
245184 16 19 316460
245186 16 21 316461
245188 16 22 316462
245192 16 23 316463
245194 16 1 316464
245196 16 2 316465
245198 16 3 316466
245200 16 5 316467
245202 16 9 316468
245206 16 10 316469
245228 16 14 316470
245230 16 15 316471
245232 16 19 316472
245234 16 21 316473
245236 16 22 316474
245238 16 23 316475
245240 16 1 316476
245242 16 2 316477
245244 16 3 316478
245246 16 5 316479
245248 16 9 316480
245250 16 10 316481
245252 16 14 316482
245278 16 15 316483
245280 16 19 316484
245282 16 21 316485
245284 16 22 316486
245286 16 23 316487
245288 16 1 316488
245290 16 2 316489
245292 16 3 316490
245298 16 5 316491
245300 16 9 316492
245302 16 10 316493
245304 16 14 316494
245306 16 15 316495
245308 16 19 316496
245310 16 21 316497
245312 16 22 316498
245314 16 23 316499
245316 16 1 316500
245318 16 2 316501
245320 16 3 316502
245322 16 5 316503
245324 16 9 316504
245326 16 10 316505
245328 16 14 316506
245330 16 15 316507
245332 16 19 316508
245334 16 21 316509
245336 16 22 316510
245338 16 23 316511
245340 16 1 316512
245342 16 2 316513
245344 16 3 316514
245346 16 5 316515
245348 16 9 316516
245350 16 10 316517
245352 16 14 316518
245354 16 15 316519
245356 16 19 316520
245358 16 21 316521
245360 16 22 316522
245362 16 23 316523
245364 16 1 316524
245366 16 2 316525
245368 16 3 316526
245370 16 5 316527
245372 16 9 316528
245374 16 10 316529
245376 16 14 316530
245378 16 15 316531
245380 16 19 316532
245382 16 21 316533
245384 16 22 316534
245386 16 23 316535
245388 16 1 316536
245390 16 2 316537
245392 16 3 316538
245394 16 5 316539
245396 16 9 316540
245398 16 10 316541
245400 16 14 316542
245402 16 15 316543
245404 16 19 316544
245406 16 21 316545
245408 16 22 316546
245410 16 23 316547
245412 16 1 316548
245414 16 2 316549
245416 16 3 316550
245418 16 5 316551
245420 16 9 316552
245422 16 10 316553
245424 16 14 316554
245426 16 15 316555
245428 16 19 316556
245430 16 21 316557
245432 16 22 316558
245434 16 23 316559
245436 16 1 316560
245438 16 2 316561
245440 16 3 316562
245442 16 5 316563
245444 16 9 316564
245446 16 10 316565
245448 16 14 316566
245450 16 15 316567
245452 16 19 316568
245454 16 21 316569
245456 16 22 316570
245458 16 23 316571
245460 16 1 316572
245462 16 2 316573
245464 16 3 316574
245466 16 5 316575
245468 16 9 316576
245470 16 10 316577
245472 16 14 316578
245474 16 15 316579
245476 16 19 316580
245478 16 21 316581
245480 16 22 316582
245482 16 23 316583
245484 16 1 316584
245486 16 2 316585
245488 16 3 316586
245490 16 5 316587
245492 16 9 316588
245494 16 10 316589
245496 16 14 316590
245498 16 15 316591
245500 16 19 316592
245502 16 21 316593
245504 16 22 316594
245506 16 23 316595
245508 16 1 316596
245510 16 2 316597
245512 16 3 316598
245514 16 5 316599
245516 16 9 316600
245518 16 10 316601
245520 16 14 316602
245522 16 15 316603
245524 16 19 316604
245526 16 21 316605
245528 16 22 316606
245530 16 23 316607
245532 16 1 316608
245534 16 2 316609
245536 16 3 316610
245538 16 5 316611
245540 16 9 316612
245542 16 10 316613
245544 16 14 316614
245546 16 15 316615
245548 16 19 316616
245550 16 21 316617
245552 16 22 316618
245554 16 23 316619
245556 16 1 316620
245558 16 2 316621
245560 16 3 316622
245562 16 5 316623
245564 16 9 316624
245566 16 10 316625
245568 16 14 316626
245570 16 15 316627
245572 16 19 316628
245574 16 21 316629
245576 16 22 316630
245578 16 23 316631
245580 16 1 316632
245582 16 2 316633
245584 16 3 316634
245586 16 5 316635
245588 16 9 316636
245590 16 10 316637
245592 16 14 316638
245594 16 15 316639
245596 16 19 316640
245598 16 21 316641
245600 16 22 316642
245602 16 23 316643
245604 16 1 316644
245606 16 2 316645
245608 16 3 316646
245610 16 5 316647
245612 16 9 316648
245614 16 10 316649
245616 16 14 316650
245618 16 15 316651
245620 16 19 316652
245622 16 21 316653
245624 16 22 316654
245626 16 23 316655
245628 16 1 316656
245630 16 2 316657
245632 16 3 316658
245634 16 5 316659
245636 16 9 316660
245638 16 10 316661
245640 16 14 316662
245642 16 15 316663
245644 16 19 316664
245646 16 21 316665
245648 16 22 316666
245650 16 23 316667
245652 16 1 316668
245654 16 2 316669
245656 16 3 316670
245658 16 5 316671
245660 16 9 316672
245662 16 10 316673
245664 16 14 316674
245666 16 15 316675
245668 16 19 316676
245670 16 21 316677
245672 16 22 316678
245674 16 23 316679
245676 16 1 316680
245678 16 2 316681
245680 16 3 316682
245682 16 5 316683
245684 16 9 316684
245686 16 10 316685
245688 16 14 316686
245690 16 15 316687
245692 16 19 316688
245694 16 21 316689
245696 16 22 316690
245698 16 23 316691
245700 16 1 316692
245702 16 2 316693
245704 16 3 316694
245706 16 5 316695
245708 16 9 316696
245710 16 10 316697
245712 16 14 316698
245714 16 15 316699
245716 16 19 316700
245718 16 21 316701
245720 16 22 316702
245722 16 23 316703
245724 16 1 316704
245726 16 2 316705
245728 16 3 316706
245730 16 5 316707
245732 16 9 316708
245734 16 10 316709
245736 16 14 316710
245738 16 15 316711
245740 16 19 316712
245742 16 21 316713
245744 16 22 316714
245746 16 23 316715
245748 16 1 316716
245750 16 2 316717
245752 16 3 316718
245754 16 5 316719
245756 16 9 316720
245758 16 10 316721
245760 16 14 316722
245762 16 15 316723
245764 16 19 316724
245766 16 21 316725
245768 16 22 316726
245770 16 23 316727
245772 16 1 316728
245774 16 2 316729
245776 16 3 316730
245778 16 5 316731
245780 16 9 316732
245782 16 10 316733
245784 16 14 316734
245786 16 15 316735
245788 16 19 316736
245790 16 21 316737
245792 16 22 316738
245794 16 23 316739
245796 16 1 316740
245798 16 2 316741
245800 16 3 316742
245802 16 5 316743
245804 16 9 316744
245806 16 10 316745
245808 16 14 316746
245810 16 15 316747
245812 16 19 316748
245814 16 21 316749
245816 16 22 316750
245818 16 23 316751
245820 16 1 316752
245822 16 2 316753
245824 16 3 316754
245826 16 5 316755
245828 16 9 316756
245830 16 10 316757
245832 16 14 316758
245834 16 15 316759
245836 16 19 316760
245838 16 21 316761
245840 16 22 316762
245842 16 23 316763
245844 16 1 316764
245846 16 2 316765
245848 16 3 316766
245850 16 5 316767
245852 16 9 316768
245854 16 10 316769
245856 16 14 316770
245858 16 15 316771
245860 16 19 316772
245862 16 21 316773
245864 16 22 316774
245866 16 23 316775
245868 16 1 316776
245870 16 2 316777
245872 16 3 316778
245874 16 5 316779
245876 16 9 316780
245878 16 10 316781
245880 16 14 316782
245882 16 15 316783
245884 16 19 316784
245886 16 21 316785
245888 16 22 316786
245890 16 23 316787
245892 16 1 316788
245894 16 2 316789
245896 16 3 316790
245898 16 5 316791
245900 16 9 316792
245902 16 10 316793
245904 16 14 316794
245906 16 15 316795
245908 16 19 316796
245910 16 21 316797
245912 16 22 316798
245914 16 23 316799
245916 16 1 316800
245918 16 2 316801
245920 16 3 316802
245922 16 5 316803
245924 16 9 316804
245926 16 10 316805
245928 16 14 316806
245930 16 15 316807
245932 16 19 316808
245934 16 21 316809
245936 16 22 316810
245938 16 23 316811
245940 16 1 316812
245942 16 2 316813
245944 16 3 316814
245946 16 5 316815
245948 16 9 316816
245950 16 10 316817
245952 16 14 316818
245954 16 15 316819
245956 16 19 316820
245958 16 21 316821
245960 16 22 316822
245962 16 23 316823
245964 16 1 316824
245966 16 2 316825
245968 16 3 316826
245970 16 5 316827
245972 16 9 316828
245974 16 10 316829
245976 16 14 316830
245978 16 15 316831
245980 16 19 316832
245982 16 21 316833
245984 16 22 316834
245986 16 23 316835
245988 16 1 316836
245990 16 2 316837
245992 16 3 316838
245994 16 5 316839
245996 16 9 316840
245998 16 10 316841
246000 16 14 316842
246002 16 15 316843
246004 16 19 316844
246006 16 21 316845
246008 16 22 316846
246010 16 23 316847
246012 16 1 316848
246014 16 2 316849
246016 16 3 316850
246018 16 5 316851
246020 16 9 316852
246022 16 10 316853
246024 16 14 316854
246026 16 15 316855
246028 16 19 316856
246030 16 21 316857
246032 16 22 316858
246034 16 23 316859
246036 16 1 316860
246038 16 2 316861
246040 16 3 316862
246042 16 5 316863
246044 16 9 316864
246046 16 10 316865
246048 16 14 316866
246050 16 15 316867
246052 16 19 316868
246054 16 21 316869
246056 16 22 316870
246058 16 23 316871
246060 16 1 316872
246062 16 2 316873
246064 16 3 316874
246066 16 5 316875
246068 16 9 316876
246070 16 10 316877
246072 16 14 316878
246074 16 15 316879
246076 16 19 316880
246078 16 21 316881
246080 16 22 316882
246082 16 23 316883
246084 16 1 316884
246086 16 2 316885
246088 16 3 316886
246090 16 5 316887
246092 16 9 316888
246094 16 10 316889
246096 16 14 316890
246098 16 15 316891
246100 16 19 316892
246102 16 21 316893
246104 16 22 316894
246106 16 23 316895
246108 16 1 316896
246110 16 2 316897
246112 16 3 316898
246114 16 5 316899
246116 16 9 316900
246118 16 10 316901
246120 16 14 316902
246122 16 15 316903
246124 16 19 316904
246126 16 21 316905
246128 16 22 316906
246130 16 23 316907
246132 16 1 316908
246134 16 2 316909
246136 16 3 316910
246138 16 5 316911
246140 16 9 316912
246142 16 10 316913
246144 16 14 316914
246146 16 15 316915
246148 16 19 316916
246150 16 21 316917
246152 16 22 316918
246154 16 23 316919
246156 16 1 316920
246158 16 2 316921
246160 16 3 316922
246162 16 5 316923
246164 16 9 316924
246166 16 10 316925
246168 16 14 316926
246170 16 15 316927
246172 16 19 316928
246174 16 21 316929
246176 16 22 316930
246178 16 23 316931
246180 16 1 316932
246182 16 2 316933
246184 16 3 316934
246186 16 5 316935
246188 16 9 316936
246190 16 10 316937
246192 16 14 316938
246194 16 15 316939
246196 16 19 316940
246198 16 21 316941
246200 16 22 316942
246202 16 23 316943
246204 16 1 316944
246206 16 2 316945
246208 16 3 316946
246210 16 5 316947
246212 16 9 316948
246214 16 10 316949
246216 16 14 316950
246218 16 15 316951
246220 16 19 316952
246222 16 21 316953
246224 16 22 316954
246226 16 23 316955
246228 16 1 316956
246230 16 2 316957
246232 16 3 316958
246234 16 5 316959
246236 16 9 316960
246238 16 10 316961
246240 16 14 316962
246242 16 15 316963
246244 16 19 316964
246246 16 21 316965
246248 16 22 316966
246250 16 23 316967
246252 16 1 316968
246254 16 2 316969
246256 16 3 316970
246258 16 5 316971
246260 16 9 316972
246262 16 10 316973
246264 16 14 316974
246266 16 15 316975
246268 16 19 316976
246270 16 21 316977
246272 16 22 316978
246274 16 23 316979
246276 16 1 316980
246278 16 2 316981
246280 16 3 316982
246282 16 5 316983
246284 16 9 316984
246286 16 10 316985
246288 16 14 316986
246290 16 15 316987
246292 16 19 316988
246294 16 21 316989
246296 16 22 316990
246298 16 23 316991
246300 16 1 316992
246302 16 2 316993
246304 16 3 316994
246306 16 5 316995
246308 16 9 316996
246310 16 10 316997
246312 16 14 316998
246314 16 15 316999
246316 16 19 317000
246318 16 21 317001
246320 16 22 317002
246322 16 23 317003
246324 16 1 317004
246326 16 2 317005
246328 16 3 317006
246330 16 5 317007
246332 16 9 317008
246334 16 10 317009
246336 16 14 317010
246338 16 15 317011
246340 16 19 317012
246342 16 21 317013
246344 16 22 317014
246346 16 23 317015
246348 16 1 317016
246350 16 2 317017
246352 16 3 317018
246354 16 5 317019
246356 16 9 317020
246358 16 10 317021
246360 16 14 317022
246362 16 15 317023
246364 16 19 317024
246366 16 21 317025
246368 16 22 317026
246370 16 23 317027
246372 16 1 317028
246374 16 2 317029
246376 16 3 317030
246378 16 5 317031
246380 16 9 317032
246382 16 10 317033
246384 16 14 317034
246386 16 15 317035
246388 16 19 317036
246390 16 21 317037
246392 16 22 317038
246394 16 23 317039
246396 16 1 317040
246398 16 2 317041
246400 16 3 317042
246402 16 5 317043
246404 16 9 317044
246406 16 10 317045
246408 16 14 317046
246410 16 15 317047
246412 16 19 317048
246414 16 21 317049
246416 16 22 317050
246418 16 23 317051
246420 16 1 317052
246422 16 2 317053
246424 16 3 317054
246426 16 5 317055
246428 16 9 317056
246430 16 10 317057
246432 16 14 317058
246434 16 15 317059
246436 16 19 317060
246438 16 21 317061
246440 16 22 317062
246442 16 23 317063
246444 16 1 317064
246446 16 2 317065
246448 16 3 317066
246450 16 5 317067
246452 16 9 317068
246454 16 10 317069
246456 16 14 317070
246458 16 15 317071
246460 16 19 317072
246462 16 21 317073
246464 16 22 317074
246466 16 23 317075
246468 16 1 317076
246470 16 2 317077
246472 16 3 317078
246474 16 5 317079
246476 16 9 317080
246478 16 10 317081
246480 16 14 317082
246482 16 15 317083
246484 16 19 317084
246486 16 21 317085
246488 16 22 317086
246490 16 23 317087
246492 16 1 317088
246494 16 2 317089
246496 16 3 317090
246498 16 5 317091
246500 16 9 317092
246502 16 10 317093
246504 16 14 317094
246506 16 15 317095
246508 16 19 317096
246510 16 21 317097
246512 16 22 317098
246514 16 23 317099
246516 16 1 317100
246518 16 2 317101
246520 16 3 317102
246522 16 5 317103
246524 16 9 317104
246526 16 10 317105
246528 16 14 317106
246530 16 15 317107
246532 16 19 317108
246534 16 21 317109
246536 16 22 317110
246538 16 23 317111
246540 16 1 317112
246542 16 2 317113
246544 16 3 317114
246546 16 5 317115
246548 16 9 317116
246550 16 10 317117
246552 16 14 317118
246554 16 15 317119
246556 16 19 317120
246558 16 21 317121
246560 16 22 317122
246562 16 23 317123
246564 16 1 317124
246566 16 2 317125
246568 16 3 317126
246570 16 5 317127
246572 16 9 317128
246574 16 10 317129
246576 16 14 317130
246578 16 15 317131
246580 16 19 317132
246582 16 21 317133
246584 16 22 317134
246586 16 23 317135
246588 16 1 317136
246590 16 2 317137
246592 16 3 317138
246594 16 5 317139
246596 16 9 317140
246598 16 10 317141
246600 16 14 317142
246602 16 15 317143
246604 16 19 317144
246606 16 21 317145
246608 16 22 317146
246610 16 23 317147
246612 16 1 317148
246614 16 2 317149
246616 16 3 317150
246618 16 5 317151
246620 16 9 317152
246622 16 10 317153
246624 16 14 317154
246626 16 15 317155
246628 16 19 317156
246630 16 21 317157
246632 16 22 317158
246634 16 23 317159
246636 16 1 317160
246638 16 2 317161
246640 16 3 317162
246642 16 5 317163
246644 16 9 317164
246646 16 10 317165
246648 16 14 317166
246650 16 15 317167
246652 16 19 317168
246654 16 21 317169
246656 16 22 317170
246658 16 23 317171
246660 16 1 317172
246662 16 2 317173
246664 16 3 317174
246666 16 5 317175
246668 16 9 317176
246670 16 10 317177
246672 16 14 317178
246674 16 15 317179
246676 16 19 317180
246678 16 21 317181
246680 16 22 317182
246682 16 23 317183
246684 16 1 317184
246686 16 2 317185
246688 16 3 317186
246690 16 5 317187
246692 16 9 317188
246694 16 10 317189
246696 16 14 317190
246698 16 15 317191
246700 16 19 317192
246702 16 21 317193
246704 16 22 317194
246706 16 23 317195
246708 16 1 317196
246710 16 2 317197
246712 16 3 317198
246714 16 5 317199
246716 16 9 317200
246718 16 10 317201
246720 16 14 317202
246722 16 15 317203
246724 16 19 317204
246726 16 21 317205
246728 16 22 317206
246730 16 23 317207
246732 16 1 317208
246734 16 2 317209
246736 16 3 317210
246738 16 5 317211
246740 16 9 317212
246742 16 10 317213
246744 16 14 317214
246746 16 15 317215
246748 16 19 317216
246750 16 21 317217
246752 16 22 317218
246754 16 23 317219
246756 16 1 317220
246758 16 2 317221
246760 16 3 317222
246762 16 5 317223
246764 16 9 317224
246766 16 10 317225
246768 16 14 317226
246770 16 15 317227
246772 16 19 317228
246774 16 21 317229
246776 16 22 317230
246778 16 23 317231
246780 16 1 317232
246782 16 2 317233
246784 16 3 317234
246786 16 5 317235
246788 16 9 317236
246790 16 10 317237
246792 16 14 317238
246794 16 15 317239
246796 16 19 317240
246798 16 21 317241
246800 16 22 317242
246802 16 23 317243
246804 16 1 317244
246806 16 2 317245
246808 16 3 317246
246810 16 5 317247
246812 16 9 317248
246814 16 10 317249
246816 16 14 317250
246818 16 15 317251
246820 16 19 317252
246822 16 21 317253
246824 16 22 317254
246826 16 23 317255
246828 16 1 317256
246830 16 2 317257
246832 16 3 317258
246834 16 5 317259
246836 16 9 317260
246838 16 10 317261
246840 16 14 317262
246842 16 15 317263
246844 16 19 317264
246846 16 21 317265
246848 16 22 317266
246850 16 23 317267
246852 16 1 317268
246854 16 2 317269
246856 16 3 317270
246858 16 5 317271
246860 16 9 317272
246862 16 10 317273
246864 16 14 317274
246866 16 15 317275
246868 16 19 317276
246870 16 21 317277
246872 16 22 317278
246874 16 23 317279
246876 16 1 317280
246878 16 2 317281
246880 16 3 317282
246882 16 5 317283
246884 16 9 317284
246886 16 10 317285
246888 16 14 317286
246890 16 15 317287
246892 16 19 317288
246894 16 21 317289
246896 16 22 317290
246898 16 23 317291
246900 16 1 317292
246902 16 2 317293
246904 16 3 317294
246906 16 5 317295
246908 16 9 317296
246910 16 10 317297
246912 16 14 317298
246914 16 15 317299
246916 16 19 317300
246918 16 21 317301
246920 16 22 317302
246922 16 23 317303
246924 16 1 317304
246926 16 2 317305
246928 16 3 317306
246930 16 5 317307
246932 16 9 317308
246934 16 10 317309
246936 16 14 317310
246938 16 15 317311
246940 16 19 317312
246942 16 21 317313
246944 16 22 317314
246946 16 23 317315
246948 16 1 317316
246950 16 2 317317
246952 16 3 317318
246954 16 5 317319
246956 16 9 317320
246958 16 10 317321
246960 16 14 317322
246962 16 15 317323
246964 16 19 317324
246966 16 21 317325
246968 16 22 317326
246970 16 23 317327
246972 16 1 317328
246974 16 2 317329
246976 16 3 317330
246978 16 5 317331
246980 16 9 317332
246982 16 10 317333
246984 16 14 317334
246986 16 15 317335
246988 16 19 317336
246990 16 21 317337
246992 16 22 317338
246994 16 23 317339
246996 16 1 317340
246998 16 2 317341
247000 16 3 317342
247002 16 5 317343
247004 16 9 317344
247006 16 10 317345
247008 16 14 317346
247010 16 15 317347
247012 16 19 317348
247014 16 21 317349
247016 16 22 317350
247018 16 23 317351
247020 16 1 317352
247022 16 2 317353
247024 16 3 317354
247026 16 5 317355
247028 16 9 317356
247030 16 10 317357
247032 16 14 317358
247034 16 15 317359
247036 16 19 317360
247038 16 21 317361
247040 16 22 317362
247042 16 23 317363
247044 16 1 317364
247046 16 2 317365
247048 16 3 317366
247050 16 5 317367
247052 16 9 317368
247054 16 10 317369
247056 16 14 317370
247058 16 15 317371
247060 16 19 317372
247062 16 21 317373
247064 16 22 317374
247066 16 23 317375
247068 16 1 317376
247070 16 2 317377
247072 16 3 317378
247074 16 5 317379
247076 16 9 317380
247078 16 10 317381
247080 16 14 317382
247082 16 15 317383
247084 16 19 317384
247086 16 21 317385
247088 16 22 317386
247090 16 23 317387
247092 16 1 317388
247094 16 2 317389
247096 16 3 317390
247098 16 5 317391
247100 16 9 317392
247102 16 10 317393
247104 16 14 317394
247106 16 15 317395
247108 16 19 317396
247110 16 21 317397
247112 16 22 317398
247114 16 23 317399
247116 16 1 317400
247118 16 2 317401
247120 16 3 317402
247122 16 5 317403
247124 16 9 317404
247126 16 10 317405
247128 16 14 317406
247130 16 15 317407
247132 16 19 317408
247134 16 21 317409
247136 16 22 317410
247138 16 23 317411
247140 16 1 317412
247142 16 2 317413
247144 16 3 317414
247146 16 5 317415
247148 16 9 317416
247150 16 10 317417
247152 16 14 317418
247154 16 15 317419
247156 16 19 317420
247158 16 21 317421
247160 16 22 317422
247162 16 23 317423
247164 16 1 317424
247166 16 2 317425
247168 16 3 317426
247170 16 5 317427
247172 16 9 317428
247174 16 10 317429
247176 16 14 317430
247178 16 15 317431
247180 16 19 317432
247182 16 21 317433
247184 16 22 317434
247186 16 23 317435
247188 16 1 317436
247190 16 2 317437
247192 16 3 317438
247194 16 5 317439
247196 16 2 159561
247198 16 22 159126
247200 16 2 205677
247202 16 5 236607
247206 16 3 126434
247208 16 9 126592
247210 16 15 126367
247212 16 15 316251
247214 16 19 316252
247216 16 21 316253
247218 16 22 316254
247220 16 23 316255
247222 16 1 316256
247224 16 2 316257
247226 16 3 316258
247228 16 5 316259
247230 16 9 316260
247232 16 10 316261
247234 16 14 316262
247236 16 15 316263
247238 16 19 316264
247240 16 21 316265
247242 16 22 316266
247244 16 23 316267
247246 16 1 316268
247248 16 2 316269
247250 16 3 316270
247252 16 5 316271
247254 16 9 316272
247256 16 10 316273
247258 16 14 316274
247260 16 15 316275
247262 16 19 316276
247264 16 21 316277
247266 16 22 316278
247268 16 23 316279
247270 16 1 316280
247272 16 2 316281
247274 16 3 316282
247276 16 5 316283
247278 16 9 316284
247280 16 10 316285
247282 16 14 316286
247284 16 15 316287
247286 16 19 316288
247288 16 21 316289
247290 16 22 316290
247292 16 23 316291
247294 16 1 316292
247296 16 2 316293
247298 16 3 316294
247300 16 5 316295
247302 16 9 316296
247304 16 10 316297
247306 16 14 316298
247308 16 15 316299
247310 16 19 316300
247312 16 21 316301
247314 16 22 316302
247316 16 23 316303
247322 16 1 316304
247324 16 2 316305
247326 16 3 316306
247328 16 5 316307
247330 16 9 316308
247332 16 10 316309
247334 16 14 316310
247336 16 15 316311
247338 16 19 316312
247340 16 21 316313
247342 16 22 316314
247344 16 23 316315
247346 16 1 316316
247348 16 2 316317
247350 16 3 316318
247352 16 5 316319
247354 16 9 316320
247356 16 10 316321
247358 16 14 316322
247360 16 15 316323
247362 16 19 316324
247364 16 21 316325
247366 16 22 316326
247368 16 23 316327
247370 16 1 316328
247372 16 2 316329
247374 16 3 316330
247376 16 5 316331
247378 16 9 316332
247380 16 10 316333
247382 16 14 316334
247384 16 15 316335
247386 16 19 316336
247388 16 21 316337
247390 16 22 316338
247392 16 23 316339
247394 16 1 316340
247396 16 2 316341
247398 16 3 316342
247400 16 5 316343
247402 16 9 316344
247404 16 10 316345
247406 16 14 316346
247408 16 15 316347
247410 16 19 316348
247412 16 21 316349
247414 16 22 316350
247416 16 23 316351
247418 16 1 316352
247420 16 2 316353
247422 16 3 316354
247424 16 5 316355
247426 16 9 316356
247428 16 10 316357
247430 16 14 316358
247432 16 15 316359
247434 16 19 316360
247436 16 21 316361
247438 16 22 316362
247440 16 23 316363
247442 16 1 316364
247444 16 2 316365
247446 16 3 316366
247448 16 5 316367
247450 16 9 316368
247452 16 10 316369
247454 16 14 316370
247456 16 15 316371
247458 16 19 316372
247460 16 21 316373
247462 16 22 316374
247464 16 23 316375
247466 16 1 316376
247468 16 2 316377
247470 16 3 316378
247472 16 5 316379
247474 16 9 316380
247476 16 10 316381
247478 16 14 316382
247480 16 15 316383
247482 16 19 316384
247484 16 21 316385
247486 16 22 316386
247488 16 23 316387
247490 16 1 316388
247492 16 2 316389
247494 16 3 316390
247496 16 5 316391
247498 16 9 316392
247500 16 10 316393
247502 16 14 316394
247504 16 15 316395
247506 16 19 316396
247508 16 21 316397
247510 16 22 316398
247512 16 23 316399
247514 16 1 316400
247516 16 2 316401
247518 16 3 316402
247520 16 5 316403
247522 16 9 316404
247524 16 10 316405
247526 16 14 316406
247528 16 15 316407
247530 16 19 316408
247532 16 21 316409
247534 16 22 316410
247536 16 23 316411
247538 16 1 316412
247540 16 2 316413
247542 16 3 316414
247544 16 5 316415
