0 18 1 0
4 18 15 55
6 18 14 54
8 18 21 201
16 18 2 997
28 18 5 15
32 18 22 994
36 18 2 1
38 18 9 4
40 18 21 69
42 18 1 156
44 18 22 202
46 18 23 659
48 18 1 660
50 18 2 661
52 18 3 662
54 18 5 663
56 18 9 664
274 18 10 233
276 18 19 1016
278 18 21 1017
280 18 14 234
284 18 2 169
286 18 9 16
288 18 3 254
324 18 10 17
326 18 14 258
328 18 15 259
330 18 19 260
332 18 21 261
334 18 22 262
348 18 1 264
350 18 2 265
424 18 23 263
440 18 19 344
446 18 5 39
482 18 22 358
484 18 15 391
500 18 5 267
504 18 21 45
506 18 15 127
514 18 9 124
516 18 2 205
518 18 14 210
526 18 15 595
548 18 5 195
550 18 21 453
552 18 2 469
556 18 23 35
564 18 23 995
566 18 23 479
580 18 21 501
586 18 15 559
592 18 19 560
594 18 14 402
600 18 10 569
602 18 22 574
612 18 1 576
624 18 15 19
626 18 19 20
628 18 21 21
630 18 23 23
632 18 1 24
634 18 2 25
636 18 5 27
638 18 10 29
642 18 19 596
666 18 14 594
676 18 14 18
744 18 5 207
748 18 2 673
750 18 1 708
752 18 2 721
754 18 22 730
756 18 23 755
758 18 14 798
766 18 10 617
768 18 14 618
770 18 15 619
772 18 19 620
774 18 23 623
776 18 1 624
778 18 2 625
780 18 9 628
936 18 3 158
954 18 1 168
962 18 19 32
974 18 3 38
1008 18 22 1018
1012 18 19 656
1034 18 22 862
1046 18 5 135
1060 18 19 140
1074 18 5 171
1088 18 19 836
1094 18 2 13
1098 18 9 64
1104 18 1 996
1178 18 23 47
1242 18 2 193
1270 18 15 751
1276 18 5 3
1278 18 3 14
1280 18 23 671
1294 18 9 1256
1296 18 23 1719
1298 18 5 1951
1300 18 9 1952
1302 18 10 1953
1328 18 14 1954
1346 18 15 1955
1350 18 19 1956
1358 18 21 1957
1374 18 22 1958
1376 18 23 1959
1378 18 22 1670
1384 18 1 1564
1386 18 23 1575
1388 18 19 1944
1394 18 15 1835
1398 18 21 1945
1444 18 19 1620
1446 18 15 1967
1448 18 21 1969
1450 18 22 1970
1452 18 3 1542
1456 18 10 1917
1458 18 1 1972
1464 18 9 2000
1466 18 10 2013
1470 18 14 2014
1496 18 1 1192
1502 18 23 1155
1504 18 22 1214
1506 18 23 1215
1508 18 1 1216
1510 18 2 1217
1512 18 3 1218
1514 18 5 1219
1516 18 9 1220
1518 18 10 1221
1520 18 14 1222
1522 18 15 1223
1524 18 19 1224
1526 18 21 1225
1528 18 22 1226
1530 18 23 1227
1532 18 1 1228
1534 18 2 1229
1536 18 3 1230
1538 18 5 1231
1540 18 9 1232
1542 18 10 1233
1544 18 14 1234
1546 18 15 1235
1548 18 19 1236
1552 18 3 1122
1554 18 5 1255
1556 18 23 1191
1568 18 2 1721
1570 18 2 1949
1574 18 10 1257
1584 18 22 1154
1586 18 21 1273
1608 18 10 1641
1610 18 22 2742
1614 18 14 3026
1620 18 10 2221
1622 18 5 2219
1624 18 9 2220
1628 18 14 2222
1630 18 15 2223
1632 18 19 2224
1634 18 22 2310
1636 18 23 2311
1638 18 1 2312
1640 18 2 2313
1642 18 3 2314
1644 18 5 2315
1646 18 9 2316
1648 18 10 2317
1650 18 14 2318
1652 18 15 2319
1654 18 22 2322
1656 18 1 2324
1658 18 9 2328
1660 18 10 2329
1662 18 14 2330
1664 18 15 2331
1666 18 19 2332
1668 18 21 2333
1670 18 23 2335
1672 18 1 2336
1674 18 2 2337
1676 18 3 2338
1678 18 5 2339
1680 18 9 2340
1748 18 5 2327
1774 18 1 2456
1776 18 3 2458
1778 18 5 2459
1780 18 9 2460
1782 18 10 2461
1784 18 14 2462
1786 18 15 2463
1788 18 19 2464
1790 18 22 2466
1792 18 23 2467
1794 18 1 2468
1796 18 2 2469
1798 18 9 2508
1800 18 10 2509
1802 18 14 2510
1804 18 15 2511
1806 18 19 2512
1808 18 22 2514
1810 18 14 2534
1822 18 19 2584
1828 18 3 2218
1830 18 21 2585
1832 18 21 2597
1834 18 22 2598
1862 18 22 2634
1864 18 5 2711
1866 18 9 2712
1868 18 10 2713
1870 18 14 2714
1872 18 15 2715
1874 18 19 2716
1876 18 21 2717
1878 18 22 2718
1880 18 23 2719
1882 18 1 2720
1884 18 2 2721
1886 18 3 2722
1888 18 5 2723
1890 18 9 2724
1892 18 10 2725
1894 18 14 2726
1896 18 15 2727
1898 18 19 2728
1900 18 21 2729
1902 18 22 2730
1904 18 23 2731
1906 18 1 2732
1908 18 2 2733
1910 18 3 2734
1912 18 5 2735
1914 18 9 2736
1916 18 10 2737
1918 18 14 2738
1920 18 15 2739
1922 18 19 2740
1924 18 10 2749
1926 18 14 2750
1928 18 23 2707
1930 18 10 2773
1940 18 22 2778
1942 18 2 2805
1944 18 3 2806
1946 18 5 2807
1948 18 14 2846
1954 18 19 2860
1956 18 2 2865
1958 18 3 2866
1972 18 10 2893
1984 18 14 2894
2004 18 19 2896
2018 18 21 2897
2034 18 22 2898
2054 18 23 2899
2076 18 14 2906
2078 18 1 2900
2090 18 2 2901
2108 18 3 2902
2122 18 5 2903
2130 18 10 3001
2146 18 9 2904
2160 18 10 2905
2204 18 19 2980
2208 18 19 3200
2210 18 23 3335
2212 18 14 3942
2214 18 15 3943
2216 18 19 3944
2218 18 21 3945
2220 18 22 3946
2222 18 23 3947
2224 18 1 3948
2226 18 2 3949
2228 18 3 3950
2230 18 5 3951
2232 18 9 3952
2234 18 10 3953
2244 18 15 4027
2246 18 2 3445
2248 18 3 4022
2252 18 22 3298
2254 18 5 5059
2256 18 9 5060
2258 18 19 5076
2260 18 23 5079
2266 18 5 4123
2268 18 1 4120
2270 18 1 4156
2272 18 21 4261
2274 18 10 4401
2276 18 3 5058
2278 18 5 5071
2280 18 9 4160
2282 18 3 6106
2286 18 23 5923
2288 18 14 5498
2290 18 23 5635
2292 18 10 5965
2294 18 15 5991
2296 18 2 6033
2298 18 23 5239
2300 18 15 5355
2304 18 15 5487
2306 18 19 5836
2308 18 21 5885
2310 18 1 6528
2312 18 23 6395
2314 18 14 6198
2316 18 3 7118
2318 18 5 7119
2320 18 10 7121
2322 18 23 7115
2324 18 9 6604
2326 18 23 6791
2328 18 15 6799
2330 18 15 7051
2332 18 22 7078
2334 18 23 6911
2340 18 22 6790
2342 18 10 6929
2344 18 22 7054
2346 18 10 7749
2348 18 1 7888
2350 18 1 7900
2356 18 15 7907
2358 18 19 7524
2360 18 21 7525
2362 18 22 7526
2364 18 23 7527
2366 18 1 7528
2368 18 3 7446
2370 18 10 7473
2372 18 23 7611
2374 18 21 7705
2376 18 23 7431
2380 18 19 8320
2382 18 1 10236
2384 18 3 10238
2418 18 9 10168
2422 18 21 10089
2424 18 1 10080
2426 18 14 9858
2428 18 1 10240
2430 18 3 10242
2432 18 15 10247
2438 18 5 10243
2446 18 9 10244
2448 18 14 10246
2452 18 19 10248
2492 18 15 10259
2494 18 2 10253
2496 18 3 10254
2498 18 19 10260
2502 18 10 10257
2506 18 5 10255
2510 18 14 10258
2514 18 5 10267
2516 18 10 10269
2518 18 14 10270
2520 18 19 10272
2522 18 21 10273
2524 18 22 10274
2526 18 23 10275
2532 18 15 10271
2540 18 1 10276
2542 18 14 10282
2544 18 21 10285
2546 18 9 10292
2548 18 3 10302
2550 18 19 10296
2552 18 9 10304
2554 18 22 10298
2556 18 2 10301
2560 18 5 10303
2562 18 10 10305
2564 18 14 10306
2566 18 21 10309
2568 18 22 10310
2570 18 15 10295
2572 18 21 10297
2594 18 15 10307
2596 18 19 10308
2610 18 10 10329
2612 18 15 10331
2614 18 15 10799
2616 18 23 10335
2618 18 1 10336
2622 18 14 11206
2624 18 14 10342
2626 18 19 10344
2628 18 19 10356
2630 18 1 10360
2632 18 5 10363
2634 18 14 10378
2636 18 15 10379
2638 18 19 10380
2640 18 22 10382
2642 18 23 10383
2644 18 2 10385
2646 18 3 10386
2648 18 5 10387
2650 18 10 10389
2652 18 14 10390
2656 18 9 10376
2658 18 10 10377
2788 18 21 10381
2808 18 3 10530
2810 18 10 10533
2812 18 3 10554
2814 18 3 10614
2816 18 9 10616
2818 18 14 10618
2820 18 15 10619
2822 18 22 10622
2824 18 19 10632
2826 18 23 10635
2828 18 15 10643
2830 18 19 10644
2832 18 21 10645
2834 18 22 10646
2836 18 23 10647
2838 18 1 10648
2840 18 2 10649
2902 18 23 10659
2904 18 23 10563
2906 18 14 10690
2908 18 3 10722
2910 18 14 10726
2912 18 19 10680
2914 18 3 10686
2918 18 10 10773
2920 18 9 10772
2926 18 14 10786
2928 18 5 10795
2930 18 15 10787
2934 18 23 10791
2936 18 21 10801
2938 18 22 10802
2940 18 1 10804
2942 18 2 10805
2944 18 19 10800
2978 18 22 10838
2980 18 2 10853
2984 18 21 10873
2988 18 23 10875
2990 18 5 10879
2992 18 5 10843
2996 18 21 10885
2998 18 5 10891
3000 18 9 10892
3002 18 10 10893
3004 18 14 10894
3006 18 15 10895
3048 18 1 10900
3050 18 3 10902
3052 18 14 10990
3054 18 15 10559
3056 18 15 11171
3058 18 9 10688
3060 18 3 10314
3062 18 15 10667
3064 18 23 11139
3066 18 22 11222
3068 18 5 11143
3070 18 15 11183
3072 18 2 11189
3074 18 19 11196
3076 18 9 11216
3078 18 5 11215
3080 18 2 11213
3082 18 3 11214
3086 18 3 11238
3088 18 21 11245
3090 18 3 10806
3094 18 5 11239
3096 18 9 11240
3098 18 15 11243
3104 18 10 11241
3106 18 3 12286
3108 18 5 11471
3110 18 21 11645
3112 18 14 11654
3114 18 19 11656
3116 18 10 11665
3118 18 19 11728
3120 18 2 11661
3122 18 21 11465
3124 18 2 11721
3126 18 5 11303
3128 18 10 11893
3130 18 10 11641
3132 18 23 12863
3134 18 22 12838
3136 18 2 13865
3138 18 3 13866
3140 18 5 13867
3146 18 22 13670
3148 18 5 13891
3150 18 1 13660
3154 18 9 13892
3156 18 10 13905
3158 18 14 13906
3162 18 21 14029
3164 18 9 14072
3166 18 10 14073
3168 18 21 14065
3170 18 23 14067
3172 18 21 14077
3174 18 22 14078
3176 18 23 14091
3180 18 22 14066
3192 18 1 14068
3194 18 10 14205
3196 18 5 13639
3198 18 10 13749
3200 18 23 13983
3202 18 15 13619
3204 18 21 15489
3206 18 23 15371
3208 18 2 15373
3210 18 3 15374
3212 18 5 15375
3214 18 9 15376
3216 18 10 15377
3218 18 14 15378
3220 18 15 15379
3222 18 19 15380
3224 18 21 15381
3226 18 9 15388
3228 18 19 16292
3234 18 19 15500
3236 18 5 16323
3238 18 22 16946
3242 18 23 16947
3244 18 21 16645
3246 18 5 17119
3248 18 10 17085
3250 18 10 17013
3252 18 2 16661
3254 18 9 17192
3256 18 22 17102
3258 18 3 16434
3260 18 23 16443
3264 18 5 16447
3266 18 15 18015
3268 18 1 18164
3270 18 2 17649
3272 18 19 17944
3274 18 3 18406
3278 18 5 17903
3280 18 23 18539
3282 18 5 19179
3284 18 23 18803
3286 18 23 19259
3288 18 1 18756
3290 18 3 18566
3292 18 23 18815
3296 18 23 18707
3298 18 21 19425
3300 18 19 20280
3302 18 1 20092
3304 18 1 19588
3306 18 10 20469
3308 18 1 20852
3310 18 2 20733
3312 18 22 21222
3314 18 2 20949
3316 18 2 20913
3318 18 9 21604
3320 18 15 22243
3322 18 10 21725
3324 18 2 21889
3326 18 21 22209
3328 18 1 23032
3330 18 19 23004
3332 18 9 24096
3334 18 15 24339
3336 18 9 23844
3338 18 1 24924
3340 18 3 24746
3342 18 14 24774
3344 18 15 24775
3346 18 14 25218
3348 18 23 25031
3350 18 1 25032
3352 18 2 25033
3354 18 3 25034
3356 18 5 25035
3358 18 9 25036
3360 18 23 25367
3362 18 2 25273
3364 18 21 25281
3366 18 22 25282
3368 18 23 25283
3370 18 1 25284
3372 18 5 25287
3376 18 2 25369
3378 18 15 24907
3380 18 1 24912
3384 18 21 24909
3392 18 23 24911
3402 18 2 24913
3406 18 3 24914
3408 18 15 26111
3414 18 19 26580
3416 18 22 26582
3418 18 1 26584
3420 18 15 26399
3422 18 19 26400
3424 18 1 26404
3426 18 2 26405
3428 18 3 26406
3430 18 10 26409
3432 18 14 26410
3436 18 19 26484
3440 18 23 26583
3444 18 2 26585
3446 18 14 26038
3448 18 10 26253
3450 18 14 26254
3452 18 1 27056
3454 18 10 27097
3456 18 5 28215
3458 18 1 28224
3460 18 10 27713
3462 18 21 28897
3464 18 23 28899
3466 18 1 28900
3468 18 2 28901
3470 18 3 28902
3472 18 5 28999
3474 18 10 29037
3476 18 21 29173
3480 18 9 29168
3484 18 15 31459
3486 18 10 31601
3488 18 21 31449
3490 18 3 32550
3492 18 5 32551
3494 18 9 32552
3496 18 10 32553
3498 18 14 32554
3500 18 15 32555
3502 18 19 32556
3504 18 21 32557
3506 18 22 32558
3508 18 23 32559
3510 18 1 32560
3512 18 2 32561
3514 18 3 32562
3516 18 5 32563
3518 18 9 32564
3520 18 10 32565
3522 18 14 32566
3524 18 15 32567
3526 18 19 32568
3528 18 21 32569
3530 18 22 32570
3532 18 23 32571
3534 18 1 32572
3536 18 2 32573
3538 18 3 32574
3540 18 5 32575
3542 18 9 32576
3544 18 10 32577
3546 18 14 32578
3548 18 15 32579
3550 18 19 32580
3552 18 21 32581
3554 18 22 32582
3556 18 23 32583
3558 18 1 32584
3560 18 2 32585
3562 18 3 32586
3564 18 5 32587
3566 18 9 32588
3568 18 10 32589
3570 18 14 32590
3572 18 15 32591
3574 18 19 32592
3576 18 21 32593
3578 18 22 32594
3580 18 23 32595
3582 18 1 32596
3584 18 2 32597
3586 18 3 32598
3588 18 5 32599
3590 18 9 32600
3592 18 10 32601
3594 18 14 32602
3596 18 15 32603
3598 18 19 32604
3600 18 21 32605
3602 18 22 32606
3604 18 23 32607
3606 18 1 32608
3608 18 2 32609
3610 18 3 32610
3612 18 5 32611
3614 18 9 32612
3616 18 10 32613
3618 18 14 32614
3620 18 15 32615
3622 18 19 32616
3624 18 21 32617
3626 18 22 32618
3628 18 23 32619
3630 18 1 32620
3632 18 2 32621
3634 18 3 32622
3636 18 5 32623
3638 18 9 32624
3640 18 10 32625
3642 18 14 32626
3644 18 15 32627
3646 18 19 32628
3648 18 21 32629
3650 18 22 32630
3652 18 23 32631
3654 18 1 32632
3656 18 2 32633
3658 18 3 32634
3660 18 5 32635
3662 18 9 32636
3664 18 10 32637
3666 18 14 32638
3668 18 15 32639
3670 18 19 32640
3672 18 21 32641
3674 18 22 32642
3676 18 23 32643
3678 18 1 32644
3680 18 2 32645
3682 18 3 32646
3684 18 5 32647
3686 18 9 32648
3688 18 10 32649
3690 18 14 32650
3692 18 15 32651
3694 18 19 32652
3696 18 21 32653
3698 18 22 32654
3700 18 23 32655
3702 18 1 32656
3704 18 2 32657
3706 18 3 32658
3708 18 5 32659
3710 18 9 32660
3712 18 10 32661
3714 18 14 32662
3716 18 15 32663
3718 18 19 32664
3720 18 21 32665
3722 18 22 32666
3724 18 23 32667
3726 18 1 32668
3728 18 2 32669
3730 18 3 32670
3732 18 5 32671
3734 18 9 32672
3736 18 10 32673
3738 18 14 32674
3740 18 15 32675
3744 18 19 32676
3746 18 21 32677
3748 18 22 32678
3750 18 23 32679
3752 18 1 32680
3754 18 2 32681
3756 18 3 32682
3758 18 5 32683
3760 18 9 32684
3762 18 10 32685
3764 18 14 32686
3766 18 15 32687
3768 18 19 32688
3770 18 21 32689
3772 18 22 32690
3792 18 23 32691
3794 18 1 32692
3796 18 2 32693
3798 18 3 32694
3800 18 5 32695
3802 18 9 32696
3804 18 10 32697
3806 18 14 32698
3808 18 15 32699
3810 18 19 32700
3812 18 21 32701
3814 18 22 32702
3816 18 23 32703
3818 18 1 32704
3820 18 2 32705
3822 18 3 32706
3824 18 5 32707
3826 18 9 32708
3828 18 10 32709
3830 18 14 32710
3832 18 15 32711
3834 18 19 32712
3836 18 21 32713
3838 18 22 32714
3840 18 23 32715
3842 18 1 32716
3844 18 2 32717
3846 18 3 32718
3848 18 5 32719
3850 18 9 32720
3862 18 10 32721
3864 18 14 32722
3866 18 15 32723
3868 18 19 32724
3870 18 21 32725
3872 18 22 32726
3874 18 23 32727
3876 18 1 32728
3878 18 2 32729
3880 18 3 32730
3882 18 5 32731
3884 18 9 32732
3886 18 10 32733
3888 18 14 32734
3890 18 15 32735
3892 18 19 32736
3894 18 21 32737
3896 18 22 32738
3898 18 23 32739
3900 18 1 32740
3902 18 2 32741
3904 18 3 32742
3906 18 5 32743
3908 18 9 32744
3910 18 10 32745
3912 18 14 32746
3914 18 15 32747
3916 18 19 32748
3918 18 21 32749
3920 18 22 32750
3922 18 23 32751
3924 18 1 32752
3926 18 2 32753
3928 18 3 32754
3930 18 5 32755
3932 18 9 32756
3934 18 10 32757
3936 18 14 32758
3938 18 15 32759
3940 18 19 32760
3942 18 21 32761
3944 18 22 32762
3946 18 23 32763
3948 18 1 32764
3950 18 2 32765
3952 18 3 32766
3954 18 5 32767
3956 18 9 32480
3958 18 5 32347
3960 18 23 32343
3962 18 1 32344
3964 18 15 32315
3966 18 2 32069
3970 18 9 32504
3978 18 1 32768
3980 18 2 32769
3982 18 3 32770
3984 18 5 32771
3986 18 9 32772
3988 18 10 32773
3990 18 14 32774
3992 18 15 32775
3994 18 19 32776
3996 18 21 32777
3998 18 22 32778
4000 18 23 32779
4002 18 1 32780
4004 18 2 32781
4006 18 3 32782
4008 18 5 32783
4010 18 9 32784
4012 18 10 32785
4014 18 14 32786
4016 18 15 32787
4018 18 19 32788
4020 18 21 32789
4022 18 22 32790
4024 18 23 32791
4026 18 1 32792
4028 18 2 32793
4030 18 3 32794
4032 18 5 32795
4034 18 9 32796
4036 18 10 32797
4038 18 14 32798
4040 18 15 32799
4042 18 19 32800
4044 18 21 32801
4046 18 22 32802
4048 18 23 32803
4050 18 1 32804
4052 18 2 32805
4054 18 3 32806
4056 18 5 32807
4062 18 9 32808
4064 18 10 32809
4066 18 14 32810
4068 18 15 32811
4070 18 19 32812
4072 18 21 32813
4074 18 22 32814
4076 18 23 32815
4078 18 1 32816
4080 18 2 32817
4082 18 3 32818
4084 18 5 32819
4086 18 9 32820
4088 18 10 32821
4090 18 14 32822
4092 18 15 32823
4094 18 19 32824
4096 18 21 32825
4098 18 22 32826
4102 18 23 32827
4104 18 1 32828
4106 18 2 32829
4108 18 3 32830
4110 18 5 32831
4112 18 9 32832
4114 18 10 32833
4116 18 14 32834
4118 18 15 32835
4120 18 19 32836
4122 18 21 32837
4124 18 22 32838
4126 18 23 32839
4128 18 1 32840
4130 18 2 32841
4132 18 3 32842
4134 18 5 32843
4136 18 9 32844
4138 18 10 32845
4140 18 14 32846
4142 18 15 32847
4144 18 19 32848
4146 18 21 32849
4148 18 22 32850
4150 18 23 32851
4152 18 1 32852
4154 18 2 32853
4156 18 3 32854
4158 18 5 32855
4160 18 9 32856
4162 18 10 32857
4164 18 14 32858
4166 18 15 32859
4168 18 19 32860
4170 18 21 32861
4172 18 22 32862
4174 18 23 32863
4176 18 1 32864
4178 18 2 32865
4180 18 3 32866
4182 18 5 32867
4184 18 9 32868
4186 18 10 32869
4188 18 14 32870
4190 18 15 32871
4192 18 19 32872
4194 18 21 32873
4196 18 22 32874
4198 18 23 32875
4200 18 1 32876
4202 18 2 32877
4204 18 3 32878
4206 18 5 32879
4208 18 9 32880
4210 18 10 32881
4212 18 14 32882
4214 18 15 32883
4216 18 19 32884
4218 18 21 32885
4220 18 22 32886
4222 18 23 32887
4224 18 1 32888
4228 18 2 32889
4230 18 3 32890
4232 18 5 32891
4234 18 9 32892
4236 18 10 32893
4238 18 14 32894
4240 18 15 32895
4242 18 19 32896
4244 18 21 32897
4246 18 22 32898
4248 18 23 32899
4250 18 1 32900
4252 18 2 32901
4254 18 3 32902
4258 18 5 32903
4260 18 9 32904
4262 18 10 32905
4264 18 14 32906
4266 18 15 32907
4268 18 19 32908
4270 18 21 32909
4272 18 22 32910
4274 18 23 32911
4276 18 1 32912
4278 18 2 32913
4280 18 3 32914
4282 18 5 32915
4284 18 9 32916
4286 18 10 32917
4288 18 14 32918
4290 18 15 32919
4292 18 19 32920
4294 18 21 32921
4296 18 22 32922
4298 18 23 32923
4300 18 1 32924
4302 18 2 32925
4304 18 3 32926
4306 18 5 32927
4308 18 9 32928
4310 18 10 32929
4312 18 14 32930
4314 18 15 32931
4316 18 19 32932
4318 18 21 32933
4320 18 22 32934
4322 18 23 32935
4324 18 1 32936
4326 18 2 32937
4328 18 3 32938
4330 18 5 32939
4332 18 9 32940
4334 18 10 32941
4342 18 14 32942
4344 18 15 32943
4346 18 19 32944
4348 18 21 32945
4350 18 22 32946
4352 18 23 32947
4354 18 1 32948
4356 18 2 32949
4358 18 3 32950
4360 18 5 32951
4362 18 9 32952
4364 18 10 32953
4366 18 14 32954
4368 18 15 32955
4370 18 19 32956
4372 18 21 32957
4374 18 22 32958
4376 18 23 32959
4378 18 1 32960
4380 18 2 32961
4382 18 3 32962
4384 18 5 32963
4386 18 9 32964
4388 18 10 32965
4390 18 14 32966
4392 18 15 32967
4394 18 19 32968
4396 18 21 32969
4398 18 22 32970
4400 18 23 32971
4402 18 1 32972
4404 18 2 32973
4406 18 3 32974
4408 18 5 32975
4410 18 9 32976
4412 18 10 32977
4414 18 14 32978
4416 18 15 32979
4418 18 19 32980
4420 18 21 32981
4422 18 22 32982
4424 18 23 32983
4426 18 1 32984
4428 18 2 32985
4430 18 3 32986
4432 18 5 32987
4434 18 9 32988
4436 18 10 32989
4438 18 14 32990
4440 18 15 32991
4442 18 19 32992
4444 18 21 32993
4446 18 22 32994
4448 18 23 32995
4450 18 1 32996
4452 18 2 32997
4454 18 3 32998
4456 18 5 32999
4458 18 9 33000
4460 18 10 33001
4462 18 14 33002
4464 18 15 33003
4466 18 19 33004
4468 18 21 33005
4470 18 22 33006
4472 18 23 33007
4474 18 1 33008
4476 18 2 33009
4478 18 3 33010
4480 18 5 33011
4482 18 9 33012
4484 18 10 33013
4486 18 14 33014
4488 18 15 33015
4490 18 19 33016
4492 18 21 33017
4494 18 22 33018
4496 18 23 33019
4498 18 1 33020
4500 18 2 33021
4502 18 3 33022
4504 18 5 33023
4506 18 9 33024
4508 18 10 33025
4510 18 14 33026
4512 18 15 33027
4514 18 19 33028
4516 18 21 33029
4518 18 22 33030
4520 18 23 33031
4522 18 1 33032
4524 18 2 33033
4526 18 3 33034
4528 18 5 33035
4530 18 9 33036
4532 18 10 33037
4534 18 14 33038
4536 18 15 33039
4538 18 19 33040
4540 18 21 33041
4542 18 22 33042
4544 18 23 33043
4546 18 1 33044
4548 18 2 33045
4550 18 3 33046
4554 18 5 33047
4556 18 9 33048
4580 18 10 33049
4582 18 14 33050
4584 18 15 33051
4586 18 19 33052
4588 18 21 33053
4590 18 22 33054
4592 18 23 33055
4594 18 1 33056
4596 18 2 33057
4598 18 3 33058
4600 18 5 33059
4602 18 9 33060
4604 18 10 33061
4606 18 14 33062
4608 18 15 33063
4610 18 19 33064
4612 18 21 33065
4614 18 22 33066
4616 18 23 33067
4618 18 1 33068
4620 18 2 33069
4624 18 3 33070
4626 18 5 33071
4628 18 9 33072
4630 18 10 33073
4632 18 14 33074
4634 18 15 33075
4636 18 19 33076
4638 18 21 33077
4640 18 22 33078
4642 18 23 33079
4644 18 1 33080
4646 18 2 33081
4650 18 3 33082
4652 18 5 33083
4654 18 9 33084
4656 18 10 33085
4658 18 14 33086
4660 18 15 33087
4662 18 19 33088
4664 18 21 33089
4666 18 22 33090
4668 18 23 33091
4670 18 1 33092
4672 18 2 33093
4674 18 3 33094
4676 18 5 33095
4678 18 9 33096
4680 18 10 33097
4682 18 14 33098
4684 18 15 33099
4686 18 19 33100
4688 18 21 33101
4690 18 22 33102
4692 18 23 33103
4694 18 1 33104
4696 18 2 33105
4698 18 3 33106
4700 18 5 33107
4702 18 9 33108
4704 18 10 33109
4706 18 14 33110
4708 18 15 33111
4710 18 19 33112
4712 18 21 33113
4714 18 22 33114
4716 18 23 33115
4718 18 1 33116
4720 18 2 33117
4722 18 3 33118
4724 18 5 33119
4726 18 9 33120
4728 18 10 33121
4730 18 14 33122
4732 18 15 33123
4734 18 19 33124
4736 18 21 33125
4738 18 22 33126
4740 18 23 33127
4742 18 1 33128
4744 18 2 33129
4746 18 3 33130
4748 18 5 33131
4750 18 9 33132
4752 18 10 33133
4754 18 14 33134
4756 18 15 33135
4758 18 19 33136
4760 18 21 33137
4762 18 22 33138
4764 18 23 33139
4766 18 1 33140
4768 18 2 33141
4770 18 3 33142
4772 18 5 33143
4774 18 9 33144
4776 18 10 33145
4778 18 14 33146
4780 18 15 33147
4782 18 19 33148
4784 18 21 33149
4786 18 22 33150
4788 18 23 33151
4790 18 1 33152
4792 18 2 33153
4794 18 3 33154
4796 18 5 33155
4798 18 9 33156
4800 18 10 33157
4802 18 14 33158
4804 18 15 33159
4808 18 19 33160
4810 18 21 33161
4812 18 22 33162
4814 18 23 33163
4816 18 1 33164
4818 18 2 33165
4820 18 3 33166
4822 18 5 33167
4824 18 9 33168
4826 18 10 33169
4828 18 14 33170
4830 18 15 33171
4832 18 19 33172
4834 18 21 33173
4836 18 22 33174
4838 18 23 33175
4840 18 1 33176
4842 18 2 33177
4844 18 3 33178
4848 18 5 33179
4850 18 9 33180
4852 18 10 33181
4854 18 14 33182
4856 18 15 33183
4858 18 19 33184
4860 18 21 33185
4862 18 22 33186
4866 18 23 33187
4868 18 1 33188
4870 18 2 33189
4872 18 3 33190
4874 18 5 33191
4876 18 9 33192
4878 18 10 33193
4880 18 14 33194
4882 18 15 33195
4884 18 19 33196
4886 18 21 33197
4888 18 22 33198
4890 18 23 33199
4892 18 1 33200
4894 18 2 33201
4896 18 3 33202
4898 18 5 33203
4900 18 9 33204
4902 18 10 33205
4904 18 14 33206
4906 18 15 33207
4908 18 19 33208
4910 18 21 33209
4912 18 22 33210
4914 18 23 33211
4916 18 1 33212
4918 18 2 33213
4920 18 3 33214
4922 18 5 33215
4924 18 9 33216
4926 18 10 33217
4928 18 14 33218
4930 18 15 33219
4932 18 19 33220
4934 18 21 33221
4936 18 22 33222
4938 18 23 33223
4940 18 1 33224
4942 18 2 33225
4944 18 3 33226
4946 18 5 33227
4948 18 9 33228
4950 18 10 33229
4952 18 14 33230
4954 18 15 33231
4956 18 19 33232
4958 18 21 33233
4960 18 22 33234
4962 18 23 33235
4964 18 1 33236
4966 18 2 33237
4968 18 3 33238
4970 18 5 33239
4972 18 9 33240
4974 18 10 33241
4976 18 14 33242
4978 18 15 33243
4980 18 19 33244
4982 18 21 33245
4984 18 22 33246
4986 18 23 33247
4988 18 1 33248
4990 18 2 33249
4992 18 3 33250
4994 18 5 33251
4996 18 9 33252
4998 18 10 33253
5000 18 14 33254
5002 18 15 33255
5004 18 19 33256
5006 18 21 33257
5008 18 22 33258
5012 18 23 33259
5014 18 1 33260
5016 18 2 33261
5018 18 3 33262
5020 18 5 33263
5022 18 9 33264
5024 18 10 33265
5026 18 14 33266
5028 18 15 33267
5030 18 19 33268
5032 18 21 33269
5034 18 22 33270
5036 18 23 33271
5038 18 1 33272
5040 18 2 33273
5042 18 3 33274
5046 18 5 33275
5048 18 9 33276
5050 18 10 33277
5052 18 14 33278
5054 18 15 33279
5056 18 19 33280
5058 18 21 33281
5060 18 22 33282
5062 18 23 33283
5064 18 1 33284
5066 18 2 33285
5068 18 3 33286
5070 18 5 33287
5072 18 9 33288
5074 18 10 33289
5076 18 14 33290
5078 18 15 33291
5080 18 19 33292
5082 18 21 33293
5084 18 22 33294
5086 18 23 33295
5088 18 1 33296
5090 18 2 33297
5092 18 3 33298
5094 18 5 33299
5096 18 9 33300
5098 18 10 33301
5100 18 14 33302
5102 18 15 33303
5104 18 19 33304
5106 18 21 33305
5108 18 22 33306
5112 18 23 33307
5114 18 1 33308
5116 18 2 33309
5118 18 3 33310
5120 18 5 33311
5122 18 9 33312
5124 18 10 33313
5126 18 14 33314
5128 18 15 33315
5130 18 19 33316
5132 18 21 33317
5134 18 22 33318
5136 18 23 33319
5160 18 1 33320
5162 18 2 33321
5164 18 3 33322
5166 18 5 33323
5168 18 9 33324
5170 18 10 33325
5172 18 14 33326
5174 18 15 33327
5176 18 19 33328
5178 18 21 33329
5180 18 22 33330
5182 18 23 33331
5184 18 1 33332
5186 18 2 33333
5188 18 3 33334
5190 18 5 33335
5192 18 9 33336
5194 18 10 33337
5196 18 14 33338
5198 18 15 33339
5200 18 19 33340
5202 18 21 33341
5204 18 22 33342
5206 18 23 33343
5208 18 1 33344
5210 18 2 33345
5212 18 3 33346
5214 18 5 33347
5216 18 9 33348
5218 18 10 33349
5220 18 14 33350
5222 18 15 33351
5224 18 19 33352
5226 18 21 33353
5228 18 22 33354
5230 18 23 33355
5232 18 1 33356
5234 18 2 33357
5236 18 3 33358
5238 18 5 33359
5240 18 9 33360
5242 18 10 33361
5244 18 14 33362
5246 18 15 33363
5248 18 19 33364
5250 18 21 33365
5252 18 22 33366
5254 18 23 33367
5256 18 1 33368
5258 18 2 33369
5260 18 3 33370
5262 18 5 33371
5264 18 9 33372
5266 18 10 33373
5268 18 14 33374
5270 18 15 33375
5272 18 19 33376
5274 18 21 33377
5276 18 22 33378
5278 18 23 33379
5280 18 1 33380
5282 18 2 33381
5284 18 3 33382
5286 18 5 33383
5288 18 9 33384
5290 18 10 33385
5292 18 14 33386
5294 18 15 33387
5296 18 19 33388
5298 18 21 33389
5300 18 22 33390
5302 18 23 33391
5304 18 1 33392
5306 18 2 33393
5314 18 3 33394
5316 18 5 33395
5318 18 9 33396
5320 18 10 33397
5322 18 14 33398
5324 18 15 33399
5326 18 19 33400
5328 18 21 33401
5330 18 22 33402
5332 18 23 33403
5334 18 1 33404
5336 18 2 33405
5338 18 3 33406
5340 18 5 33407
5342 18 9 33408
5344 18 10 33409
5346 18 14 33410
5348 18 15 33411
5350 18 19 33412
5352 18 21 33413
5354 18 22 33414
5356 18 23 33415
5358 18 1 33416
5360 18 2 33417
5362 18 3 33418
5364 18 5 33419
5366 18 9 33420
5368 18 10 33421
5370 18 14 33422
5374 18 15 33423
5376 18 19 33424
5378 18 21 33425
5382 18 22 33426
5384 18 23 33427
5386 18 1 33428
5388 18 2 33429
5390 18 3 33430
5392 18 5 33431
5394 18 9 33432
5396 18 10 33433
5398 18 14 33434
5400 18 15 33435
5402 18 19 33436
5404 18 21 33437
5406 18 22 33438
5408 18 23 33439
5410 18 1 33440
5412 18 2 33441
5414 18 3 33442
5416 18 5 33443
5418 18 9 33444
5420 18 10 33445
5422 18 14 33446
5424 18 15 33447
5426 18 19 33448
5428 18 21 33449
5430 18 22 33450
5432 18 23 33451
5434 18 1 33452
5438 18 2 33453
5440 18 3 33454
5442 18 5 33455
5446 18 9 33456
5450 18 10 33457
5452 18 14 33458
5454 18 15 33459
5456 18 19 33460
5458 18 21 33461
5460 18 22 33462
5462 18 23 33463
5464 18 1 33464
5466 18 2 33465
5468 18 3 33466
5470 18 5 33467
5472 18 9 33468
5474 18 10 33469
5476 18 14 33470
5478 18 15 33471
5480 18 19 33472
5482 18 21 33473
5484 18 22 33474
5486 18 23 33475
5488 18 1 33476
5490 18 2 33477
5494 18 3 33478
5496 18 5 33479
5498 18 9 33480
5500 18 10 33481
5504 18 14 33482
5506 18 15 33483
5508 18 19 33484
5512 18 21 33485
5514 18 22 33486
5516 18 23 33487
5518 18 1 33488
5520 18 2 33489
5522 18 3 33490
5526 18 5 33491
5528 18 9 33492
5530 18 10 33493
5532 18 14 33494
5534 18 15 33495
5536 18 19 33496
5538 18 21 33497
5540 18 22 33498
5542 18 23 33499
5544 18 1 33500
5546 18 2 33501
5548 18 3 33502
5550 18 5 33503
5552 18 9 33504
5554 18 10 33505
5556 18 14 33506
5558 18 15 33507
5560 18 19 33508
5562 18 21 33509
5564 18 22 33510
5566 18 23 33511
5568 18 1 33512
5570 18 2 33513
5572 18 3 33514
5574 18 5 33515
5576 18 9 33516
5578 18 10 33517
5580 18 14 33518
5582 18 15 33519
5584 18 19 33520
5586 18 21 33521
5588 18 22 33522
5590 18 23 33523
5592 18 1 33524
5594 18 2 33525
5596 18 3 33526
5598 18 5 33527
5600 18 9 33528
5602 18 10 33529
5606 18 14 33530
5608 18 15 33531
5610 18 19 33532
5612 18 21 33533
5614 18 22 33534
5616 18 23 33535
5618 18 1 33536
5620 18 2 33537
5622 18 3 33538
5624 18 5 33539
5626 18 9 33540
5628 18 10 33541
5630 18 14 33542
5632 18 15 33543
5634 18 19 33544
5636 18 21 33545
5638 18 22 33546
5640 18 23 33547
5642 18 1 33548
5644 18 2 33549
5646 18 3 33550
5648 18 5 33551
5650 18 9 33552
5652 18 10 33553
5654 18 14 33554
5656 18 15 33555
5658 18 19 33556
5660 18 21 33557
5662 18 22 33558
5664 18 23 33559
5666 18 1 33560
5668 18 2 33561
5670 18 3 33562
5672 18 5 33563
5674 18 9 33564
5676 18 10 33565
5678 18 14 33566
5680 18 15 33567
5682 18 19 33568
5684 18 21 33569
5686 18 22 33570
5688 18 23 33571
5690 18 1 33572
5692 18 2 33573
5694 18 3 33574
5696 18 5 33575
5698 18 9 33576
5700 18 10 33577
5702 18 14 33578
5704 18 15 33579
5706 18 19 33580
5708 18 21 33581
5710 18 22 33582
5712 18 23 33583
5714 18 1 33584
5716 18 2 33585
5718 18 3 33586
5720 18 5 33587
5722 18 9 33588
5724 18 10 33589
5726 18 14 33590
5728 18 15 33591
5730 18 19 33592
5732 18 21 33593
5734 18 22 33594
5736 18 23 33595
5738 18 1 33596
5740 18 2 33597
5742 18 3 33598
5744 18 5 33599
5746 18 9 33600
5748 18 10 33601
5750 18 14 33602
5752 18 15 33603
5754 18 19 33604
5756 18 21 33605
5758 18 22 33606
5760 18 23 33607
5762 18 1 33608
5764 18 2 33609
5766 18 3 33610
5768 18 5 33611
5770 18 9 33612
5772 18 10 33613
5774 18 14 33614
5776 18 15 33615
5778 18 19 33616
5780 18 21 33617
5782 18 22 33618
5784 18 23 33619
5786 18 1 33620
5788 18 2 33621
5790 18 3 33622
5792 18 5 33623
5794 18 9 33624
5796 18 10 33625
5798 18 14 33626
5800 18 15 33627
5802 18 19 33628
5804 18 21 33629
5806 18 22 33630
5808 18 23 33631
5810 18 1 33632
5812 18 2 33633
5814 18 3 33634
5816 18 5 33635
5818 18 9 33636
5820 18 10 33637
5822 18 14 33638
5824 18 15 33639
5826 18 19 33640
5828 18 21 33641
5830 18 22 33642
5832 18 23 33643
5834 18 1 33644
5836 18 2 33645
5838 18 3 33646
5840 18 5 33647
5842 18 9 33648
5844 18 10 33649
5848 18 14 33650
5850 18 15 33651
5852 18 19 33652
5854 18 21 33653
5856 18 22 33654
5858 18 23 33655
5860 18 1 33656
5862 18 2 33657
5864 18 3 33658
5866 18 5 33659
5868 18 9 33660
5870 18 10 33661
5872 18 14 33662
5874 18 15 33663
5876 18 19 33664
5878 18 21 33665
5880 18 22 33666
5882 18 23 33667
5884 18 1 33668
5886 18 2 33669
5888 18 3 33670
5890 18 5 33671
5892 18 9 33672
5894 18 10 33673
5896 18 14 33674
5898 18 15 33675
5900 18 19 33676
5902 18 21 33677
5904 18 22 33678
5906 18 23 33679
5908 18 1 33680
5910 18 2 33681
5912 18 3 33682
5914 18 5 33683
5916 18 9 33684
5918 18 10 33685
5920 18 14 33686
5922 18 15 33687
5924 18 19 33688
5926 18 21 33689
5928 18 22 33690
5932 18 23 33691
5934 18 1 33692
5936 18 2 33693
5938 18 3 33694
5940 18 5 33695
5944 18 9 33696
5946 18 10 33697
5948 18 14 33698
5950 18 15 33699
5952 18 19 33700
5954 18 21 33701
5956 18 22 33702
5958 18 23 33703
5960 18 1 33704
5962 18 2 33705
5964 18 3 33706
5966 18 5 33707
5968 18 9 33708
5970 18 10 33709
5972 18 14 33710
5974 18 15 33711
5976 18 19 33712
5978 18 21 33713
5980 18 22 33714
5982 18 23 33715
5984 18 1 33716
5986 18 2 33717
5988 18 3 33718
5990 18 5 33719
5992 18 9 33720
5994 18 10 33721
5996 18 14 33722
5998 18 15 33723
6000 18 19 33724
6002 18 21 33725
6004 18 22 33726
6006 18 23 33727
6008 18 1 33728
6010 18 2 33729
6012 18 3 33730
6014 18 5 33731
6016 18 9 33732
6018 18 10 33733
6020 18 14 33734
6022 18 15 33735
6024 18 19 33736
6026 18 21 33737
6028 18 22 33738
6030 18 23 33739
6032 18 1 33740
6034 18 2 33741
6036 18 3 33742
6038 18 5 33743
6040 18 9 33744
6042 18 10 33745
6044 18 14 33746
6046 18 15 33747
6048 18 19 33748
6050 18 21 33749
6052 18 22 33750
6054 18 23 33751
6056 18 1 33752
6058 18 2 33753
6060 18 3 33754
6062 18 5 33755
6064 18 9 33756
6066 18 10 33757
6068 18 14 33758
6070 18 15 33759
6072 18 19 33760
6074 18 21 33761
6076 18 22 33762
6078 18 23 33763
6080 18 1 33764
6082 18 2 33765
6084 18 3 33766
6086 18 5 33767
6088 18 9 33768
6090 18 10 33769
6092 18 14 33770
6094 18 15 33771
6096 18 19 33772
6098 18 21 33773
6100 18 22 33774
6102 18 23 33775
6104 18 1 33776
6106 18 2 33777
6108 18 3 33778
6110 18 5 33779
6112 18 9 33780
6114 18 10 33781
6116 18 14 33782
6118 18 15 33783
6120 18 19 33784
6122 18 21 33785
6124 18 22 33786
6126 18 23 33787
6128 18 1 33788
6130 18 2 33789
6132 18 3 33790
6134 18 5 33791
6142 18 1 33792
6144 18 2 33793
6146 18 3 33794
6148 18 5 33795
6150 18 9 33796
6152 18 10 33797
6154 18 14 33798
6156 18 15 33799
6158 18 19 33800
6160 18 21 33801
6162 18 22 33802
6164 18 23 33803
6166 18 1 33804
6168 18 2 33805
6170 18 3 33806
6172 18 5 33807
6174 18 9 33808
6176 18 10 33809
6178 18 14 33810
6180 18 15 33811
6182 18 19 33812
6184 18 21 33813
6186 18 22 33814
6188 18 23 33815
6190 18 1 33816
6192 18 2 33817
6194 18 3 33818
6196 18 5 33819
6198 18 9 33820
6200 18 10 33821
6202 18 14 33822
6204 18 15 33823
6206 18 19 33824
6208 18 21 33825
6210 18 22 33826
6212 18 23 33827
6214 18 1 33828
6216 18 2 33829
6218 18 3 33830
6220 18 5 33831
6222 18 9 33832
6224 18 10 33833
6226 18 14 33834
6228 18 15 33835
6230 18 19 33836
6232 18 21 33837
6234 18 22 33838
6236 18 23 33839
6238 18 1 33840
6240 18 2 33841
6242 18 3 33842
6244 18 5 33843
6246 18 9 33844
6248 18 10 33845
6250 18 14 33846
6252 18 15 33847
6254 18 19 33848
6256 18 21 33849
6258 18 22 33850
6260 18 23 33851
6262 18 1 33852
6264 18 2 33853
6266 18 3 33854
6268 18 5 33855
6270 18 9 33856
6272 18 10 33857
6274 18 14 33858
6276 18 15 33859
6278 18 19 33860
6280 18 21 33861
6282 18 22 33862
6284 18 23 33863
6286 18 1 33864
6288 18 2 33865
6290 18 3 33866
6292 18 5 33867
6294 18 9 33868
6296 18 10 33869
6298 18 14 33870
6300 18 15 33871
6302 18 19 33872
6304 18 21 33873
6306 18 22 33874
6308 18 23 33875
6310 18 1 33876
6312 18 2 33877
6314 18 3 33878
6316 18 5 33879
6318 18 9 33880
6320 18 10 33881
6322 18 14 33882
6324 18 15 33883
6326 18 19 33884
6328 18 21 33885
6330 18 22 33886
6332 18 23 33887
6334 18 1 33888
6336 18 2 33889
6338 18 3 33890
6340 18 5 33891
6342 18 9 33892
6344 18 10 33893
6346 18 14 33894
6348 18 15 33895
6350 18 19 33896
6352 18 21 33897
6354 18 22 33898
6356 18 23 33899
6358 18 1 33900
6360 18 2 33901
6362 18 3 33902
6364 18 5 33903
6366 18 9 33904
6368 18 10 33905
6370 18 14 33906
6372 18 15 33907
6374 18 19 33908
6376 18 21 33909
6378 18 22 33910
6380 18 23 33911
6382 18 1 33912
6384 18 2 33913
6386 18 3 33914
6388 18 5 33915
6390 18 9 33916
6392 18 10 33917
6394 18 14 33918
6396 18 15 33919
6398 18 19 33920
6400 18 21 33921
6402 18 22 33922
6404 18 23 33923
6406 18 1 33924
6408 18 2 33925
6410 18 3 33926
6412 18 5 33927
6414 18 9 33928
6416 18 10 33929
6418 18 14 33930
6420 18 15 33931
6422 18 19 33932
6424 18 21 33933
6426 18 22 33934
6428 18 23 33935
6430 18 1 33936
6432 18 2 33937
6434 18 3 33938
6436 18 5 33939
6438 18 9 33940
6440 18 10 33941
6442 18 14 33942
6444 18 15 33943
6446 18 19 33944
6448 18 21 33945
6450 18 22 33946
6452 18 23 33947
6454 18 1 33948
6456 18 2 33949
6458 18 3 33950
6460 18 5 33951
6462 18 9 33952
6464 18 10 33953
6466 18 14 33954
6468 18 15 33955
6470 18 19 33956
6472 18 21 33957
6474 18 22 33958
6476 18 23 33959
6478 18 1 33960
6480 18 2 33961
6482 18 3 33962
6484 18 5 33963
6486 18 9 33964
6488 18 10 33965
6490 18 14 33966
6492 18 15 33967
6494 18 19 33968
6496 18 21 33969
6498 18 22 33970
6500 18 23 33971
6502 18 1 33972
6504 18 2 33973
6506 18 3 33974
6508 18 5 33975
6510 18 9 33976
6512 18 10 33977
6514 18 14 33978
6516 18 15 33979
6518 18 19 33980
6520 18 21 33981
6522 18 22 33982
6524 18 23 33983
6526 18 1 33984
6528 18 2 33985
6532 18 3 33986
6534 18 5 33987
6536 18 9 33988
6538 18 10 33989
6540 18 14 33990
6542 18 15 33991
6544 18 19 33992
6546 18 21 33993
6548 18 22 33994
6550 18 23 33995
6552 18 1 33996
6554 18 2 33997
6556 18 3 33998
6558 18 5 33999
6560 18 9 34000
6562 18 10 34001
6564 18 14 34002
6566 18 15 34003
6568 18 19 34004
6570 18 21 34005
6572 18 22 34006
6574 18 23 34007
6576 18 1 34008
6578 18 2 34009
6580 18 3 34010
6582 18 5 34011
6584 18 9 34012
6586 18 10 34013
6588 18 14 34014
6590 18 15 34015
6592 18 19 34016
6594 18 21 34017
6596 18 22 34018
6598 18 23 34019
6600 18 1 34020
6602 18 2 34021
6604 18 3 34022
6606 18 5 34023
6608 18 9 34024
6610 18 10 34025
6612 18 14 34026
6614 18 15 34027
6616 18 19 34028
6618 18 21 34029
6620 18 22 34030
6622 18 23 34031
6624 18 1 34032
6626 18 2 34033
6628 18 3 34034
6630 18 5 34035
6632 18 9 34036
6634 18 10 34037
6636 18 14 34038
6638 18 15 34039
6640 18 19 34040
6642 18 21 34041
6644 18 22 34042
6646 18 23 34043
6648 18 1 34044
6650 18 2 34045
6652 18 3 34046
6656 18 5 34047
6658 18 9 34048
6660 18 10 34049
6662 18 14 34050
6664 18 15 34051
6666 18 19 34052
6668 18 21 34053
6670 18 22 34054
6672 18 23 34055
6674 18 1 34056
6676 18 2 34057
6678 18 3 34058
6680 18 5 34059
6682 18 9 34060
6684 18 10 34061
6686 18 14 34062
6688 18 15 34063
6690 18 19 34064
6692 18 21 34065
6694 18 22 34066
6696 18 23 34067
6698 18 1 34068
6700 18 2 34069
6702 18 3 34070
6704 18 5 34071
6706 18 9 34072
6708 18 10 34073
6710 18 14 34074
6712 18 15 34075
6714 18 19 34076
6716 18 21 34077
6718 18 22 34078
6720 18 23 34079
6722 18 1 34080
6724 18 2 34081
6726 18 3 34082
6728 18 5 34083
6730 18 9 34084
6732 18 10 34085
6734 18 14 34086
6736 18 15 34087
6738 18 19 34088
6740 18 21 34089
6742 18 22 34090
6744 18 23 34091
6746 18 1 34092
6748 18 2 34093
6750 18 3 34094
6752 18 5 34095
6754 18 9 34096
6756 18 10 34097
6758 18 14 34098
6760 18 15 34099
6762 18 19 34100
6764 18 21 34101
6766 18 22 34102
6768 18 23 34103
6770 18 1 34104
6772 18 2 34105
6774 18 3 34106
6776 18 5 34107
6778 18 9 34108
6780 18 10 34109
6782 18 14 34110
6784 18 15 34111
6786 18 19 34112
6788 18 21 34113
6790 18 22 34114
6792 18 23 34115
6794 18 1 34116
6796 18 2 34117
6798 18 3 34118
6800 18 5 34119
6802 18 9 34120
6804 18 10 34121
6806 18 14 34122
6808 18 15 34123
6810 18 19 34124
6812 18 21 34125
6814 18 22 34126
6816 18 23 34127
6818 18 1 34128
6820 18 2 34129
6822 18 3 34130
6824 18 5 34131
6826 18 9 34132
6828 18 10 34133
6830 18 14 34134
6832 18 15 34135
6834 18 19 34136
6836 18 21 34137
6838 18 22 34138
6840 18 23 34139
6842 18 1 34140
6844 18 2 34141
6846 18 3 34142
6848 18 5 34143
6850 18 9 34144
6852 18 10 34145
6854 18 14 34146
6856 18 15 34147
6858 18 19 34148
6860 18 21 34149
6862 18 22 34150
6864 18 23 34151
6866 18 1 34152
6868 18 2 34153
6870 18 3 34154
6872 18 5 34155
6874 18 9 34156
6876 18 10 34157
6878 18 14 34158
6880 18 15 34159
6882 18 19 34160
6884 18 21 34161
6886 18 22 34162
6888 18 23 34163
6900 18 1 34164
6902 18 2 34165
6904 18 3 34166
6906 18 5 34167
6908 18 9 34168
6910 18 10 34169
6912 18 14 34170
6914 18 15 34171
6916 18 19 34172
6918 18 21 34173
6920 18 22 34174
6922 18 23 34175
6924 18 1 34176
6926 18 2 34177
6928 18 3 34178
6930 18 5 34179
6932 18 9 34180
6934 18 10 34181
6936 18 14 34182
6938 18 15 34183
6940 18 19 34184
6942 18 21 34185
6944 18 22 34186
6960 18 23 34187
6962 18 1 34188
6964 18 2 34189
6966 18 3 34190
6968 18 5 34191
6970 18 9 34192
6972 18 10 34193
6974 18 14 34194
6976 18 15 34195
6978 18 19 34196
6980 18 21 34197
6982 18 22 34198
6984 18 23 34199
6986 18 1 34200
6988 18 2 34201
6990 18 3 34202
6992 18 5 34203
6994 18 9 34204
6996 18 10 34205
6998 18 14 34206
7000 18 15 34207
7002 18 19 34208
7004 18 21 34209
7006 18 22 34210
7008 18 23 34211
7010 18 1 34212
7012 18 2 34213
7014 18 3 34214
7016 18 5 34215
7018 18 9 34216
7020 18 10 34217
7022 18 1 0
7034 18 5 39
7036 18 5 267
7038 18 5 3
7040 18 1 156
7046 18 5 135
7048 18 15 835
7050 18 22 862
7052 18 10 833
7058 18 9 172
7060 18 19 836
7068 18 9 124
7072 18 15 955
7074 18 21 153
7078 18 15 127
7090 18 22 838
7092 18 22 994
7104 18 10 737
7106 18 1 756
7136 18 15 55
7140 18 23 767
7146 18 23 851
7148 18 1 732
7178 18 21 201
7198 18 1 996
7210 18 5 843
7222 18 19 44
7224 18 15 103
7226 18 23 155
7230 18 3 206
7232 18 9 220
7234 18 14 234
7236 18 23 755
7256 18 19 776
7260 18 3 842
7264 18 21 1273
7266 18 1 1156
7268 18 1 1192
7272 18 9 1160
7274 18 3 1254
7276 18 5 1255
7278 18 19 1092
7284 18 2 1721
7288 18 1 1564
7290 18 23 1575
7296 18 15 1259
7298 18 23 1155
7302 18 2 1037
7310 18 22 1274
7312 18 3 1542
7314 18 10 1917
7318 18 23 1971
7320 18 14 3026
7324 18 21 2981
7326 18 22 2742
7334 18 19 2992
7338 18 23 2947
7342 18 3 2938
7346 18 1 3648
7348 18 5 3447
7350 18 23 3827
7352 18 10 3185
7356 18 10 3269
7358 18 23 3731
7360 18 2 3133
7362 18 1 3636
7364 18 15 4039
7366 18 14 3210
7368 18 23 3335
7372 18 19 3200
7374 18 5 3675
7376 18 9 3676
7378 18 22 4018
7380 18 19 3260
7382 18 5 3267
7384 18 22 3274
7386 18 1 3276
7388 18 14 3282
7390 18 22 3250
7392 18 23 4467
7394 18 15 4151
7396 18 23 4491
7398 18 5 4267
7404 18 10 4401
7406 18 15 5075
7410 18 15 4415
7412 18 9 4148
7416 18 19 4152
7418 18 3 4398
7422 18 5 4111
7424 18 3 4122
7426 18 19 4416
7428 18 10 5761
7430 18 9 5676
7432 18 23 5503
7434 18 19 5500
7436 18 21 5573
7438 18 15 5175
7440 18 10 5197
7442 18 1 5804
7444 18 19 5200
7452 18 5 5903
7460 18 5 6471
7462 18 2 6145
7464 18 2 7141
7466 18 23 6479
7474 18 9 6484
7476 18 21 6669
7478 18 10 6485
7480 18 15 6487
7482 18 1 6492
7490 18 2 6493
7492 18 23 6503
7494 18 14 6510
7496 18 15 6511
7502 18 3 6518
7504 18 2 6637
7506 18 14 6666
7510 18 22 6526
7518 18 23 6527
7524 18 1 6528
7526 18 22 6790
7528 18 14 7086
7548 18 2 6529
7550 18 15 6535
7556 18 21 6537
7560 18 5 6543
7566 18 22 6550
7568 18 9 6556
7572 18 10 6557
7586 18 14 6558
7588 18 1 6564
7590 18 19 6572
7602 18 21 6573
7612 18 15 6583
7620 18 21 6453
7622 18 15 6919
7624 18 1 6588
7626 18 14 6594
7638 18 19 6596
7646 18 21 6597
7648 18 2 6601
7652 18 10 6605
7654 18 2 6613
7670 18 21 6621
7678 18 1 6624
7682 18 10 6629
7684 18 15 6631
7686 18 5 6627
7692 18 22 6634
7722 18 22 6646
7724 18 23 6647
7730 18 10 6653
7738 18 21 6657
7742 18 1 6660
7744 18 10 6665
7746 18 15 6667
7762 18 19 6668
7782 18 10 6545
7792 18 23 6671
7794 18 3 6674
7810 18 19 6680
7812 18 21 6681
7818 18 22 6682
7826 18 2 6685
7832 18 5 6687
7836 18 15 7835
7838 18 1 7540
7842 18 1 7864
7846 18 19 7656
7848 18 14 7846
7850 18 14 7474
7854 18 10 8145
7856 18 5 7831
7862 18 23 7431
7866 18 15 7427
7868 18 1 7648
7870 18 21 7741
7872 18 23 7755
7874 18 10 7761
7878 18 19 7836
7880 18 23 7839
7888 18 22 8310
7890 18 19 8296
7892 18 23 8299
7894 18 23 10175
7896 18 10 10085
7898 18 3 9914
7900 18 14 9918
7904 18 3 10806
7906 18 15 10559
7908 18 23 10323
7910 18 23 10659
7914 18 15 10727
7918 18 2 11201
7920 18 14 12278
7922 18 21 11669
7924 18 21 11741
7926 18 19 11728
7928 18 1 11720
7930 18 9 12096
7932 18 9 12036
7934 18 1 11660
7936 18 23 12091
7938 18 14 12098
7940 18 22 12018
7944 18 9 12120
7946 18 9 11976
7948 18 1 12116
7950 18 23 12671
7952 18 23 12503
7954 18 19 12692
7960 18 2 12901
7962 18 15 12895
7968 18 5 12891
7976 18 5 12291
7982 18 19 13172
7986 18 14 12702
7990 18 14 14194
7992 18 5 13747
7994 18 15 13895
7996 18 2 14213
7998 18 3 14178
8000 18 1 14116
8002 18 5 13639
8004 18 3 14130
8006 18 2 14973
8008 18 5 14375
8010 18 21 14957
8012 18 19 16244
8014 18 10 16337
8018 18 22 16378
8020 18 14 15402
8028 18 22 16282
8034 18 10 16713
8036 18 10 17085
8038 18 5 17119
8040 18 5 16387
8044 18 5 16951
8048 18 9 17240
8050 18 5 17095
8056 18 15 17099
8058 18 22 17198
8060 18 9 17216
8062 18 10 16641
8064 18 14 16942
8066 18 10 17217
8070 18 21 16885
8072 18 10 16653
8074 18 14 17290
8076 18 2 17333
8078 18 22 16898
8080 18 21 16705
8082 18 1 16888
8084 18 14 16438
8088 18 14 16618
8096 18 23 17283
8102 18 19 17944
8104 18 9 17568
8106 18 3 18418
8108 18 3 17626
8110 18 23 18307
8112 18 5 17891
8114 18 15 17943
8118 18 15 18015
8120 18 3 18406
8122 18 5 18131
8126 18 2 17541
8128 18 22 17586
8130 18 10 18205
8132 18 15 18207
8134 18 10 18229
8136 18 9 18240
8138 18 1 17792
8142 18 2 18201
8146 18 21 18209
8148 18 22 18210
8150 18 23 18211
8152 18 2 18213
8154 18 3 18214
8158 18 15 18231
8160 18 19 18232
8162 18 10 18241
8164 18 21 18245
8166 18 2 18249
8168 18 3 18250
8170 18 5 18251
8172 18 9 18252
8174 18 10 18253
8178 18 19 18992
8180 18 3 18566
8182 18 22 19282
8186 18 2 19105
8188 18 2 18685
8190 18 23 19259
8192 18 3 19082
8194 18 9 19012
8196 18 15 18991
8200 18 3 19154
8206 18 21 19329
8208 18 3 20274
8210 18 19 19464
8212 18 19 20472
8214 18 14 20206
8218 18 2 19829
8220 18 14 20062
8224 18 3 20142
8226 18 14 19906
8228 18 3 20010
8230 18 19 20280
8234 18 15 20111
8238 18 3 19482
8240 18 19 21376
8242 18 21 21377
8244 18 23 21295
8246 18 14 21338
8248 18 19 20968
8250 18 22 21330
8252 18 14 20558
8254 18 19 20560
8258 18 1 21476
8262 18 21 20969
8264 18 9 21336
8266 18 22 22042
8268 18 19 21620
8270 18 21 21729
8272 18 10 22085
8274 18 9 22180
8278 18 19 22184
8280 18 1 22200
8282 18 1 22128
8284 18 22 21886
8288 18 23 22031
8290 18 15 23243
8294 18 1 23588
8298 18 9 23592
8300 18 2 23601
8302 18 15 23595
8304 18 19 23608
8306 18 14 23702
8308 18 15 23703
8310 18 19 23704
8312 18 14 23726
8314 18 22 23730
8316 18 2 23745
8318 18 9 23832
8320 18 10 23833
8322 18 5 23831
8330 18 23 23839
8332 18 2 23841
8334 18 15 23847
8336 18 19 23848
8338 18 14 23846
8342 18 22 23622
8344 18 22 23886
8346 18 23 23911
8348 18 3 23938
8350 18 15 23955
8352 18 19 23956
8354 18 23 23971
8356 18 2 23973
8358 18 3 23974
8360 18 5 23975
8362 18 9 23976
8364 18 10 23977
8366 18 14 23978
8368 18 15 23979
8370 18 21 23981
8452 18 15 23991
8454 18 10 24001
8456 18 22 24030
8458 18 19 24028
8460 18 2 24225
8462 18 21 24041
8464 18 22 24042
8466 18 1 24068
8468 18 5 24071
8470 18 9 24096
8474 18 3 24094
8480 18 14 24098
8482 18 15 24087
8484 18 5 24107
8488 18 2 24117
8490 18 14 24146
8494 18 23 24175
8498 18 22 24186
8500 18 23 24187
8502 18 1 24188
8504 18 2 24189
8506 18 3 24190
8508 18 3 24226
8522 18 19 24208
8524 18 9 24192
8526 18 10 24205
8530 18 1 24212
8532 18 5 24215
8536 18 9 24228
8538 18 15 24183
8540 18 14 24254
8542 18 15 24255
8544 18 22 23778
8546 18 2 24273
8548 18 1 23564
8550 18 19 24304
8552 18 21 24305
8554 18 5 24311
8558 18 23 24307
8560 18 1 24308
8562 18 2 24309
8566 18 19 24340
8568 18 5 24371
8570 18 2 24381
8572 18 3 24382
8574 18 5 24383
8576 18 9 24384
8578 18 10 24385
8580 18 14 24386
8582 18 15 24387
8584 18 19 24388
8698 18 2 24333
8700 18 19 24400
8702 18 22 24402
8704 18 23 24403
8706 18 1 24404
8708 18 3 24406
8710 18 19 24412
8712 18 1 24416
8714 18 9 24420
8716 18 10 24421
8720 18 2 24417
8724 18 14 24422
8728 18 3 24418
8730 18 5 24419
8734 18 15 24423
8778 18 5 24431
8782 18 14 24182
8784 18 19 24184
8786 18 23 25367
8788 18 14 25170
8790 18 19 25388
8792 18 23 26283
8794 18 9 26396
8796 18 10 26397
8798 18 23 26307
8800 18 1 26308
8802 18 2 26309
8804 18 3 26310
8806 18 10 26613
8808 18 14 26614
8810 18 15 26615
8812 18 21 25873
8814 18 10 25869
8820 18 23 26055
8822 18 3 26142
8824 18 10 26589
8826 18 15 27751
8828 18 15 27919
8830 18 10 28577
8832 18 14 27894
8834 18 21 28257
8836 18 9 28348
8838 18 3 28586
8842 18 14 29566
8844 18 10 28845
8846 18 15 28847
8852 18 2 31513
8854 18 3 31514
8856 18 5 31515
8858 18 9 31516
8860 18 23 31451
8862 18 15 31459
8864 18 22 32054
8866 18 15 32075
8868 18 22 32090
8870 18 5 32095
8872 18 21 32077
8874 18 9 33528
8876 18 5 33795
8878 18 2 34609
8880 18 9 34600
8882 18 5 35791
8884 18 5 35683
8886 18 9 35684
8888 18 10 35685
8890 18 14 35686
8892 18 15 35687
8894 18 19 35688
8896 18 21 35689
8898 18 22 35690
8900 18 23 35691
8902 18 1 35692
8904 18 2 35693
8906 18 3 35694
8908 18 5 35695
8910 18 9 35696
8912 18 10 35697
8914 18 14 35698
8916 18 15 35699
8918 18 19 35700
8920 18 21 35701
8922 18 22 35702
8924 18 23 35703
8926 18 1 35704
8928 18 2 35705
8930 18 3 35706
8932 18 5 35707
8934 18 9 35708
8936 18 10 35709
8938 18 14 35710
8940 18 15 35711
8942 18 19 35712
8944 18 21 35665
8946 18 19 35748
8952 18 14 35614
8954 18 9 35648
8956 18 3 35826
8960 18 21 36041
8962 18 5 35891
8964 18 15 35931
8966 18 19 35956
8968 18 3 35902
8970 18 22 36018
8972 18 23 36019
8974 18 5 36047
8976 18 19 36424
8978 18 14 37866
8980 18 21 37545
8984 18 9 37396
8986 18 15 37291
8988 18 9 38612
8990 18 10 38757
8992 18 3 39058
8994 18 5 39275
8996 18 19 39184
8998 18 23 39947
9000 18 14 41074
9002 18 14 41914
9004 18 1 40960
9006 18 14 41878
9008 18 15 41027
9010 18 23 41895
9016 18 22 41078
9018 18 23 41079
9020 18 2 42069
9022 18 5 42143
9024 18 10 42169
9026 18 10 42961
9028 18 3 42814
9030 18 9 42936
9032 18 5 42347
9034 18 14 42122
9036 18 2 43177
9038 18 3 43178
9040 18 10 43385
9042 18 15 43387
9048 18 22 43054
9050 18 1 43056
9052 18 15 44159
9054 18 1 44068
9056 18 5 44731
9058 18 22 44798
9060 18 10 44469
9062 18 3 44034
9064 18 23 45379
9066 18 23 45331
9068 18 22 45390
9070 18 1 46076
9076 18 19 45352
9078 18 5 45419
9080 18 19 45424
9082 18 1 45428
9084 18 2 45429
9086 18 3 45430
9088 18 19 46904
9090 18 14 46362
9092 18 15 46363
9094 18 19 46364
9096 18 21 46365
9098 18 23 46367
9100 18 1 46368
9102 18 2 46369
9104 18 3 46370
9106 18 5 46371
9108 18 9 46372
9110 18 10 46373
9112 18 14 46374
9114 18 22 46354
9116 18 2 46309
9118 18 23 46715
9120 18 10 47193
9122 18 14 47386
9124 18 22 48014
9128 18 10 48033
9130 18 22 48038
9132 18 3 48042
9134 18 2 48369
9136 18 22 48582
9138 18 23 48403
9140 18 10 48565
9142 18 10 50445
9144 18 2 51113
9146 18 22 51570
9148 18 5 51851
9150 18 10 51397
9152 18 15 51399
9154 18 19 51928
9156 18 21 51677
9158 18 23 51331
9160 18 3 52054
9162 18 5 52211
9164 18 10 52213
9166 18 14 52214
9168 18 15 52215
9170 18 19 52216
9172 18 21 52217
9174 18 23 52219
9176 18 2 52221
9178 18 3 52222
9180 18 5 52223
9182 18 14 51218
9184 18 5 51719
9186 18 5 52767
9188 18 9 52780
9190 18 15 53047
9194 18 1 52224
9196 18 2 52225
9198 18 3 52226
9200 18 5 52227
9202 18 9 52228
9204 18 10 52229
9206 18 15 52231
9208 18 19 52232
9210 18 21 52233
9212 18 22 52234
9214 18 23 52235
9216 18 1 52236
9218 18 2 52237
9220 18 10 52553
9222 18 10 53985
9224 18 5 54287
9226 18 10 54325
9228 18 14 54758
9230 18 3 54538
9232 18 2 55077
9234 18 5 54311
9236 18 19 55024
9238 18 21 55025
9240 18 3 55874
9242 18 2 56281
9246 18 3 56282
9248 18 5 56283
9250 18 9 56284
9252 18 10 56285
9254 18 14 56286
9256 18 9 55876
9258 18 3 55574
9260 18 9 55588
9262 18 5 56247
9264 18 2 58537
9266 18 3 58658
9268 18 21 58773
9270 18 21 58569
9272 18 14 59226
9274 18 14 59190
9276 18 23 59195
9278 18 19 59000
9280 18 23 60363
9282 18 1 60364
9284 18 2 60365
9286 18 3 60366
9288 18 5 60367
9290 18 9 60368
9292 18 10 60369
9294 18 14 60370
9296 18 15 60371
9300 18 19 60372
9302 18 21 60373
9304 18 22 60374
9306 18 23 60375
9308 18 1 60376
9314 18 2 60377
9316 18 3 60378
9318 18 5 60379
9320 18 9 60380
9322 18 10 60381
9324 18 14 60382
9326 18 15 60383
9328 18 19 60384
9330 18 21 60385
9332 18 22 60386
9334 18 23 60387
9336 18 1 60388
9338 18 2 60389
9340 18 3 60390
9342 18 5 60391
9344 18 9 60392
9346 18 10 60393
9364 18 14 60394
9366 18 15 60395
9368 18 19 60396
9370 18 21 60397
9372 18 22 60398
9374 18 23 60399
9376 18 1 60400
9378 18 2 60401
9380 18 3 60402
9382 18 5 60403
9384 18 9 60404
9386 18 10 60405
9388 18 14 60406
9390 18 15 60407
9392 18 19 60408
9394 18 21 60409
9396 18 22 60410
9398 18 23 60411
9400 18 1 60412
9402 18 2 60413
9404 18 3 60414
9406 18 5 60415
9422 18 9 59564
9424 18 10 59565
9426 18 14 59566
9428 18 15 59567
9430 18 19 59568
9432 18 2 59573
9434 18 3 59574
9436 18 1 60416
9438 18 2 60417
9440 18 3 60418
9442 18 5 60419
9444 18 9 60420
9446 18 10 60421
9448 18 14 60422
9450 18 15 60423
9452 18 19 60424
9454 18 21 60425
9456 18 22 60426
9458 18 23 60427
9460 18 1 60428
9462 18 2 60429
9464 18 3 60430
9466 18 5 60431
9468 18 9 60432
9470 18 10 60433
9472 18 14 60434
9480 18 15 60435
9482 18 19 60436
9484 18 21 60437
9486 18 22 60438
9488 18 23 60439
9490 18 1 60440
9492 18 2 60441
9494 18 3 60442
9496 18 5 60443
9498 18 9 60444
9500 18 10 60445
9502 18 14 60446
9504 18 15 60447
9506 18 19 60448
9508 18 21 60449
9510 18 22 60450
9512 18 23 60451
9514 18 1 60452
9516 18 2 60453
9518 18 3 60454
9520 18 5 60455
9522 18 9 60456
9524 18 10 60457
9526 18 14 60458
9528 18 15 60459
9530 18 19 60460
9532 18 21 60461
9534 18 22 60462
9536 18 23 60463
9538 18 1 60464
9540 18 2 60465
9542 18 3 60466
9544 18 5 60467
9546 18 9 60468
9548 18 10 60469
9550 18 14 60470
9552 18 15 60471
9554 18 19 60472
9556 18 21 60473
9558 18 22 60474
9560 18 23 60475
9562 18 1 60476
9564 18 2 60477
9566 18 3 60478
9568 18 5 60479
9570 18 9 60480
9572 18 10 60481
9574 18 14 60482
9576 18 15 60483
9578 18 19 60484
9580 18 21 60485
9582 18 22 60486
9584 18 23 60487
9586 18 1 60488
9588 18 2 60489
9590 18 3 60490
9592 18 5 60491
9594 18 9 60492
9596 18 10 60493
9598 18 14 60494
9600 18 15 60495
9602 18 19 60496
9604 18 21 60497
9606 18 22 60498
9608 18 23 60499
9610 18 1 60500
9612 18 2 60501
9614 18 3 60502
9616 18 5 60503
9618 18 9 60504
9620 18 10 60505
9622 18 14 60506
9624 18 15 60507
9626 18 19 60508
9628 18 21 60509
9630 18 22 60510
9632 18 23 60511
9634 18 1 60512
9636 18 2 60513
9638 18 3 60514
9640 18 5 60515
9642 18 9 60516
9644 18 10 60517
9646 18 14 60518
9648 18 15 60519
9650 18 19 60520
9652 18 21 60521
9654 18 22 60522
9656 18 23 60523
9658 18 1 60524
9660 18 2 60525
9662 18 3 60526
9664 18 5 60527
9666 18 9 60528
9668 18 10 60529
9670 18 14 60530
9672 18 15 60531
9674 18 19 60532
9676 18 21 60533
9678 18 22 60534
9680 18 23 60535
9682 18 1 60536
9684 18 2 60537
9686 18 3 60538
9688 18 5 60539
9690 18 9 60540
9692 18 10 60541
9694 18 14 60542
9696 18 15 60543
9698 18 19 60544
9700 18 21 60545
9702 18 22 60546
9704 18 23 60547
9706 18 1 60548
9708 18 2 60549
9710 18 3 60550
9712 18 5 60551
9714 18 9 60552
9716 18 10 60553
9718 18 14 60554
9720 18 15 60555
9722 18 19 60556
9724 18 21 60557
9726 18 22 60558
9728 18 23 60559
9730 18 1 60560
9732 18 2 60561
9734 18 3 60562
9736 18 5 60563
9738 18 9 60564
9740 18 10 60565
9742 18 14 60566
9744 18 15 60567
9746 18 19 60568
9748 18 21 60569
9750 18 22 60570
9752 18 23 60571
9754 18 1 60572
9756 18 2 60573
9758 18 3 60574
9760 18 5 60575
9762 18 9 60576
9764 18 10 60577
9766 18 14 60578
9768 18 15 60579
9770 18 19 60580
9772 18 21 60581
9774 18 22 60582
9776 18 23 60583
9778 18 1 60584
9780 18 2 60585
9782 18 3 60586
9784 18 5 60587
9786 18 9 60588
9788 18 10 60589
9790 18 14 60590
9792 18 15 60591
9794 18 19 60592
9796 18 21 60593
9798 18 22 60594
9800 18 23 60595
9802 18 1 60596
9804 18 2 60597
9806 18 3 60598
9808 18 5 60599
9810 18 9 60600
9812 18 10 60601
9814 18 14 60602
9828 18 15 60603
9830 18 19 60604
9832 18 21 60605
9834 18 22 60606
9836 18 23 60607
9838 18 1 60608
9840 18 2 60609
9842 18 3 60610
9844 18 5 60611
9846 18 9 60612
9848 18 10 60613
9850 18 14 60614
9852 18 15 60615
9854 18 19 60616
9856 18 21 60617
9858 18 22 60618
9860 18 23 60619
9862 18 1 60620
9864 18 2 60621
9866 18 3 60622
9868 18 5 60623
9870 18 9 60624
9872 18 10 60625
9874 18 14 60626
9876 18 15 60627
9878 18 19 60628
9880 18 21 60629
9882 18 22 60630
9884 18 23 60631
9886 18 1 60632
9888 18 2 60633
9890 18 3 60634
9892 18 5 60635
9894 18 9 60636
9896 18 10 60637
9898 18 14 60638
9900 18 15 60639
9902 18 19 60640
9904 18 21 60641
9906 18 22 60642
9908 18 23 60643
9910 18 1 60644
9912 18 2 60645
9914 18 3 60646
9916 18 5 60647
9918 18 9 60648
9920 18 10 60649
9922 18 14 60650
9924 18 15 60651
9926 18 19 60652
9928 18 21 60653
9930 18 22 60654
9932 18 23 60655
9934 18 1 60656
9936 18 2 60657
9938 18 3 60658
9940 18 5 60659
9942 18 9 60660
9944 18 10 60661
9946 18 14 60662
9948 18 15 60663
9950 18 19 60664
9952 18 21 60665
9954 18 22 60666
9956 18 23 60667
9958 18 1 60668
9960 18 2 60669
9962 18 3 60670
9964 18 5 60671
9966 18 9 60672
9968 18 10 60673
9970 18 14 60674
9972 18 15 60675
9974 18 19 60676
9976 18 21 60677
9978 18 22 60678
9980 18 23 60679
9982 18 1 60680
9984 18 2 60681
9986 18 3 60682
9988 18 5 60683
9990 18 9 60684
9992 18 10 60685
9994 18 14 60686
9996 18 15 60687
9998 18 19 60688
10000 18 21 60689
10002 18 22 60690
10004 18 23 60691
10006 18 1 60692
10010 18 2 60693
10012 18 3 60694
10014 18 5 60695
10016 18 9 60696
10018 18 10 60697
10020 18 14 60698
10022 18 15 60699
10024 18 19 60700
10026 18 21 60701
10028 18 22 60702
10030 18 23 60703
10032 18 1 60704
10034 18 2 60705
10036 18 3 60706
10038 18 5 60707
10040 18 9 60708
10042 18 10 60709
10044 18 14 60710
10046 18 15 60711
10048 18 19 60712
10050 18 21 60713
10052 18 22 60714
10054 18 23 60715
10056 18 1 60716
10058 18 2 60717
10060 18 3 60718
10062 18 5 60719
10064 18 9 60720
10066 18 10 60721
10068 18 14 60722
10070 18 15 60723
10072 18 19 60724
10074 18 21 60725
10076 18 22 60726
10078 18 23 60727
10080 18 1 60728
10082 18 2 60729
10084 18 3 60730
10086 18 5 60731
10088 18 9 60732
10090 18 10 60733
10092 18 14 60734
10094 18 15 60735
10096 18 19 60736
10098 18 21 60737
10100 18 22 60738
10102 18 23 60739
10104 18 1 60740
10106 18 2 60741
10108 18 3 60742
10110 18 5 60743
10112 18 9 60744
10114 18 10 60745
10116 18 14 60746
10118 18 15 60747
10122 18 19 60748
10124 18 21 60749
10126 18 22 60750
10128 18 23 60751
10130 18 1 60752
10132 18 2 60753
10134 18 3 60754
10136 18 5 60755
10138 18 9 60756
10140 18 10 60757
10142 18 14 60758
10144 18 15 60759
10146 18 19 60760
10148 18 21 60761
10150 18 22 60762
10152 18 23 60763
10154 18 1 60764
10156 18 2 60765
10158 18 3 60766
10160 18 5 60767
10162 18 9 60768
10164 18 10 60769
10166 18 14 60770
10168 18 15 60771
10170 18 19 60772
10172 18 21 60773
10174 18 22 60774
10176 18 23 60775
10178 18 1 60776
10180 18 2 60777
10182 18 3 60778
10184 18 5 60779
10186 18 9 60780
10188 18 10 60781
10190 18 14 60782
10194 18 15 60783
10196 18 19 60784
10198 18 21 60785
10200 18 22 60786
10202 18 23 60787
10204 18 1 60788
10206 18 2 60789
10208 18 3 60790
10210 18 5 60791
10212 18 9 60792
10214 18 10 60793
10216 18 14 60794
10218 18 15 60795
10220 18 19 60796
10222 18 21 60797
10224 18 22 60798
10226 18 23 60799
10228 18 1 60800
10230 18 2 60801
10232 18 3 60802
10234 18 5 60803
10236 18 9 60804
10238 18 10 60805
10240 18 14 60806
10242 18 15 60807
10244 18 19 60808
10246 18 21 60809
10248 18 22 60810
10250 18 23 60811
10252 18 1 60812
10254 18 2 60813
10256 18 3 60814
10258 18 5 60815
10260 18 9 60816
10262 18 10 60817
10264 18 14 60818
10266 18 15 60819
10268 18 19 60820
10270 18 21 60821
10272 18 22 60822
10274 18 23 60823
10276 18 1 60824
10278 18 2 60825
10280 18 3 60826
10282 18 5 60827
10284 18 9 60828
10286 18 10 60829
10288 18 14 60830
10290 18 15 60831
10292 18 19 60832
10294 18 21 60833
10296 18 22 60834
10298 18 23 60835
10300 18 1 60836
10302 18 2 60837
10304 18 3 60838
10306 18 5 60839
10308 18 9 60840
10310 18 10 60841
10312 18 14 60842
10314 18 15 60843
10316 18 19 60844
10318 18 21 60845
10320 18 22 60846
10322 18 23 60847
10324 18 1 60848
10326 18 2 60849
10328 18 3 60850
10330 18 5 60851
10332 18 9 60852
10334 18 10 60853
10336 18 14 60854
10338 18 15 60855
10340 18 19 60856
10342 18 21 60857
10344 18 22 60858
10346 18 23 60859
10348 18 1 60860
10350 18 2 60861
10352 18 3 60862
10354 18 5 60863
10356 18 9 60864
10358 18 10 60865
10360 18 14 60866
10362 18 15 60867
10364 18 19 60868
10366 18 21 60869
10368 18 22 60870
10370 18 23 60871
10372 18 1 60872
10376 18 2 60873
10378 18 3 60874
10380 18 5 60875
10382 18 9 60876
10384 18 10 60877
10386 18 14 60878
10388 18 15 60879
10390 18 19 60880
10392 18 21 60881
10394 18 22 60882
10396 18 23 60883
10398 18 1 60884
10400 18 2 60885
10402 18 3 60886
10404 18 5 60887
10406 18 9 60888
10408 18 10 60889
10410 18 14 60890
10412 18 15 60891
10414 18 19 60892
10416 18 21 60893
10418 18 22 60894
10420 18 23 60895
10422 18 1 60896
10424 18 2 60897
10426 18 3 60898
10428 18 5 60899
10430 18 9 60900
10432 18 10 60901
10434 18 14 60902
10436 18 15 60903
10438 18 19 60904
10440 18 21 60905
10442 18 22 60906
10444 18 23 60907
10446 18 1 60908
10448 18 2 60909
10450 18 3 60910
10452 18 5 60911
10454 18 9 60912
10456 18 10 60913
10458 18 14 60914
10460 18 15 60915
10462 18 19 60916
10464 18 21 60917
10466 18 22 60918
10468 18 23 60919
10470 18 1 60920
10472 18 2 60921
10474 18 3 60922
10476 18 5 60923
10478 18 9 60924
10480 18 10 60925
10482 18 14 60926
10484 18 15 60927
10486 18 19 60928
10488 18 21 60929
10490 18 22 60930
10492 18 23 60931
10494 18 1 60932
10496 18 2 60933
10498 18 3 60934
10500 18 5 60935
10502 18 9 60936
10504 18 10 60937
10506 18 14 60938
10508 18 15 60939
10510 18 19 60940
10512 18 21 60941
10514 18 22 60942
10516 18 23 60943
10518 18 1 60944
10520 18 2 60945
10522 18 3 60946
10524 18 5 60947
10526 18 9 60948
10528 18 10 60949
10530 18 14 60950
10532 18 15 60951
10534 18 19 60952
10536 18 21 60953
10538 18 22 60954
10540 18 23 60955
10542 18 1 60956
10544 18 2 60957
10546 18 3 60958
10548 18 5 60959
10550 18 9 60960
10552 18 10 60961
10554 18 14 60962
10556 18 15 60963
10558 18 19 60964
10560 18 21 60965
10562 18 22 60966
10564 18 23 60967
10566 18 1 60968
10568 18 2 60969
10570 18 3 60970
10572 18 5 60971
10574 18 9 60972
10576 18 10 60973
10578 18 14 60974
10580 18 15 60975
10582 18 19 60976
10584 18 21 60977
10586 18 22 60978
10588 18 23 60979
10590 18 1 60980
10592 18 2 60981
10594 18 3 60982
10596 18 5 60983
10598 18 9 60984
10600 18 10 60985
10602 18 14 60986
10604 18 15 60987
10606 18 19 60988
10608 18 21 60989
10610 18 22 60990
10612 18 23 60991
10614 18 1 60992
10616 18 2 60993
10618 18 3 60994
10620 18 5 60995
10622 18 9 60996
10624 18 10 60997
10626 18 14 60998
10628 18 15 60999
10630 18 19 61000
10632 18 21 61001
10634 18 22 61002
10636 18 23 61003
10638 18 1 61004
10640 18 2 61005
10642 18 3 61006
10644 18 5 61007
10646 18 9 61008
10648 18 10 61009
10650 18 14 61010
10652 18 15 61011
10654 18 19 61012
10656 18 21 61013
10658 18 22 61014
10660 18 23 61015
10662 18 1 61016
10664 18 2 61017
10666 18 3 61018
10668 18 5 61019
10670 18 9 61020
10672 18 10 61021
10674 18 14 61022
10676 18 15 61023
10678 18 19 61024
10680 18 21 61025
10682 18 22 61026
10684 18 23 61027
10686 18 1 61028
10688 18 2 61029
10690 18 3 61030
10692 18 5 61031
10694 18 9 61032
10696 18 10 61033
10698 18 14 61034
10700 18 15 61035
10702 18 19 61036
10704 18 21 61037
10706 18 22 61038
10708 18 23 61039
10710 18 1 61040
10712 18 2 61041
10714 18 3 61042
10716 18 5 61043
10718 18 9 61044
10720 18 10 61045
10722 18 14 61046
10724 18 15 61047
10726 18 19 61048
10728 18 21 61049
10730 18 22 61050
10732 18 23 61051
10734 18 1 61052
10736 18 2 61053
10738 18 3 61054
10740 18 5 61055
10742 18 9 61056
10744 18 10 61057
10746 18 14 61058
10748 18 15 61059
10750 18 19 61060
10752 18 21 61061
10754 18 22 61062
10756 18 23 61063
10758 18 1 61064
10760 18 2 61065
10762 18 3 61066
10764 18 5 61067
10766 18 9 61068
10768 18 10 61069
10770 18 14 61070
10772 18 15 61071
10774 18 19 61072
10776 18 21 61073
10778 18 22 61074
10780 18 23 61075
10782 18 1 61076
10784 18 2 61077
10786 18 3 61078
10788 18 5 61079
10790 18 9 61080
10792 18 10 61081
10794 18 14 61082
10796 18 15 61083
10798 18 19 61084
10800 18 21 61085
10802 18 22 61086
10804 18 23 61087
10806 18 1 61088
10808 18 2 61089
10810 18 3 61090
10812 18 5 61091
10814 18 9 61092
10816 18 10 61093
10818 18 14 61094
10820 18 15 61095
10822 18 19 61096
10824 18 21 61097
10826 18 22 61098
10828 18 23 61099
10830 18 1 61100
10832 18 2 61101
10834 18 3 61102
10836 18 5 61103
10838 18 9 61104
10840 18 10 61105
10842 18 14 61106
10844 18 15 61107
10846 18 19 61108
10848 18 21 61109
10850 18 22 61110
10852 18 23 61111
10854 18 1 61112
10856 18 2 61113
10858 18 3 61114
10860 18 5 61115
10862 18 9 61116
10864 18 10 61117
10866 18 14 61118
10868 18 15 61119
10870 18 19 61120
10872 18 21 61121
10874 18 22 61122
10876 18 23 61123
10878 18 1 61124
10880 18 2 61125
10882 18 3 61126
10884 18 5 61127
10886 18 9 61128
10888 18 10 61129
10890 18 14 61130
10892 18 15 61131
10894 18 19 61132
10896 18 21 61133
10898 18 22 61134
10900 18 23 61135
10902 18 1 61136
10904 18 2 61137
10906 18 3 61138
10908 18 5 61139
10910 18 9 61140
10912 18 10 61141
10914 18 14 61142
10916 18 15 61143
10918 18 19 61144
10920 18 21 61145
10922 18 22 61146
10924 18 23 61147
10926 18 1 61148
10928 18 2 61149
10930 18 3 61150
10932 18 5 61151
10934 18 9 61152
10936 18 10 61153
10938 18 14 61154
10940 18 15 61155
10942 18 19 61156
10944 18 21 61157
10946 18 22 61158
10948 18 23 61159
10950 18 1 61160
10952 18 2 61161
10954 18 3 61162
10956 18 5 61163
10958 18 9 61164
10960 18 10 61165
10962 18 14 61166
10964 18 15 61167
10966 18 19 61168
10968 18 21 61169
10970 18 22 61170
10972 18 23 61171
10974 18 1 61172
10976 18 2 61173
10978 18 3 61174
10980 18 5 61175
10982 18 9 61176
10984 18 10 61177
10986 18 14 61178
10988 18 15 61179
10990 18 19 61180
10992 18 21 61181
10994 18 22 61182
10996 18 23 61183
10998 18 1 61184
11000 18 2 61185
11002 18 3 61186
11004 18 5 61187
11006 18 9 61188
11008 18 10 61189
11010 18 14 61190
11012 18 15 61191
11014 18 19 61192
11016 18 21 61193
11018 18 22 61194
11020 18 23 61195
11022 18 1 61196
11024 18 2 61197
11026 18 3 61198
11028 18 5 61199
11030 18 9 61200
11032 18 10 61201
11034 18 14 61202
11036 18 15 61203
11038 18 19 61204
11040 18 21 61205
11042 18 22 61206
11044 18 23 61207
11046 18 1 61208
11048 18 2 61209
11050 18 3 61210
11052 18 5 61211
11054 18 9 61212
11056 18 10 61213
11058 18 14 61214
11060 18 15 61215
11062 18 19 61216
11064 18 21 61217
11066 18 22 61218
11068 18 23 61219
11070 18 1 61220
11072 18 2 61221
11074 18 3 61222
11076 18 5 61223
11078 18 9 61224
11080 18 10 61225
11082 18 14 61226
11084 18 15 61227
11086 18 19 61228
11088 18 21 61229
11090 18 22 61230
11092 18 23 61231
11094 18 1 61232
11096 18 2 61233
11098 18 3 61234
11100 18 5 61235
11102 18 9 61236
11104 18 10 61237
11106 18 14 61238
11108 18 15 61239
11110 18 19 61240
11112 18 21 61241
11114 18 22 61242
11116 18 23 61243
11118 18 1 61244
11120 18 2 61245
11122 18 3 61246
11124 18 5 61247
11126 18 9 61248
11128 18 10 61249
11130 18 14 61250
11132 18 15 61251
11134 18 19 61252
11136 18 21 61253
11138 18 22 61254
11140 18 23 61255
11142 18 1 61256
11144 18 2 61257
11146 18 3 61258
11148 18 5 61259
11150 18 9 61260
11152 18 10 61261
11154 18 14 61262
11156 18 15 61263
11158 18 19 61264
11160 18 21 61265
11162 18 22 61266
11164 18 23 61267
11166 18 1 61268
11168 18 2 61269
11170 18 3 61270
11172 18 5 61271
11174 18 9 61272
11176 18 10 61273
11178 18 14 61274
11180 18 15 61275
11182 18 19 61276
11184 18 21 61277
11186 18 22 61278
11188 18 23 61279
11190 18 1 61280
11192 18 2 61281
11194 18 3 61282
11196 18 5 61283
11198 18 9 61284
11200 18 10 61285
11202 18 14 61286
11204 18 15 61287
11206 18 19 61288
11208 18 21 61289
11210 18 22 61290
11212 18 23 61291
11214 18 1 61292
11216 18 2 61293
11218 18 3 61294
11220 18 5 61295
11222 18 9 61296
11224 18 10 61297
11226 18 14 61298
11228 18 15 61299
11230 18 19 61300
11232 18 21 61301
11234 18 22 61302
11236 18 23 61303
11238 18 1 61304
11240 18 2 61305
11242 18 3 61306
11244 18 5 61307
11246 18 9 61308
11248 18 10 61309
11250 18 14 61310
11252 18 15 61311
11254 18 19 61312
11256 18 21 61313
11258 18 22 61314
11260 18 23 61315
11262 18 1 61316
11264 18 2 61317
11266 18 3 61318
11268 18 5 61319
11270 18 9 61320
11272 18 10 61321
11274 18 14 61322
11276 18 15 61323
11278 18 19 61324
11280 18 21 61325
11282 18 22 61326
11284 18 23 61327
11286 18 1 61328
11288 18 2 61329
11290 18 3 61330
11292 18 5 61331
11294 18 9 61332
11296 18 10 61333
11298 18 14 61334
11300 18 15 61335
11302 18 19 61336
11304 18 21 61337
11306 18 22 61338
11308 18 23 61339
11310 18 1 61340
11312 18 2 61341
11314 18 3 61342
11316 18 5 61343
11318 18 9 61344
11320 18 10 61345
11322 18 14 61346
11324 18 15 61347
11326 18 19 61348
11328 18 21 61349
11330 18 22 61350
11332 18 23 61351
11334 18 1 61352
11336 18 2 61353
11338 18 3 61354
11340 18 5 61355
11342 18 9 61356
11344 18 10 61357
11346 18 14 61358
11348 18 15 61359
11350 18 19 61360
11352 18 21 61361
11354 18 22 61362
11356 18 23 61363
11358 18 1 61364
11360 18 2 61365
11362 18 3 61366
11364 18 5 61367
11366 18 9 61368
11368 18 10 61369
11370 18 14 61370
11372 18 15 61371
11374 18 19 61372
11376 18 21 61373
11378 18 22 61374
11380 18 23 61375
11382 18 1 61376
11384 18 2 61377
11386 18 3 61378
11388 18 5 61379
11390 18 9 61380
11392 18 10 61381
11394 18 14 61382
11396 18 15 61383
11398 18 19 61384
11400 18 21 61385
11402 18 22 61386
11404 18 23 61387
11406 18 1 61388
11408 18 2 61389
11410 18 3 61390
11412 18 5 61391
11414 18 9 61392
11416 18 10 61393
11418 18 14 61394
11420 18 15 61395
11422 18 19 61396
11424 18 21 61397
11426 18 22 61398
11428 18 23 61399
11430 18 1 61400
11432 18 2 61401
11434 18 3 61402
11436 18 5 61403
11438 18 9 61404
11440 18 10 61405
11442 18 14 61406
11444 18 15 61407
11446 18 19 61408
11448 18 21 61409
11450 18 22 61410
11452 18 23 61411
11454 18 1 61412
11456 18 2 61413
11458 18 3 61414
11460 18 5 61415
11462 18 9 61416
11464 18 10 61417
11466 18 14 61418
11468 18 15 61419
11470 18 19 61420
11472 18 21 61421
11474 18 22 61422
11476 18 23 61423
11478 18 1 61424
11480 18 2 61425
11482 18 3 61426
11484 18 5 61427
11486 18 9 61428
11488 18 10 61429
11490 18 14 61430
11492 18 15 61431
11494 18 19 61432
11496 18 21 61433
11498 18 22 61434
11500 18 23 61435
11502 18 1 61436
11504 18 2 61437
11506 18 3 61438
11508 18 5 61439
11510 18 2 60453
11512 18 3 60454
11514 18 5 60455
11516 18 1 61440
11518 18 2 61441
11520 18 3 61442
11522 18 5 61443
11524 18 9 61444
11526 18 10 61445
11528 18 14 61446
11530 18 15 61447
11532 18 19 61448
11534 18 21 61449
11536 18 22 61450
11538 18 23 61451
11540 18 1 61452
11542 18 2 61453
11544 18 3 61454
11546 18 5 61455
11548 18 9 61456
11550 18 10 61457
11552 18 14 61458
11554 18 15 61459
11556 18 19 61460
11558 18 21 61461
11560 18 22 61462
11562 18 23 61463
11564 18 1 61464
11566 18 2 61465
11568 18 3 61466
11570 18 5 61467
11572 18 9 61468
11574 18 10 61469
11576 18 14 61470
11578 18 15 61471
11580 18 19 61472
11582 18 21 61473
11584 18 22 61474
11586 18 23 61475
11588 18 1 61476
11590 18 2 61477
11592 18 3 61478
11594 18 5 61479
11596 18 9 61480
11598 18 10 61481
11600 18 14 61482
11602 18 15 61483
11604 18 19 61484
11606 18 21 61485
11608 18 22 61486
11610 18 23 61487
11612 18 1 61488
11614 18 2 61489
11616 18 3 61490
11618 18 5 61491
11620 18 9 61492
11622 18 10 61493
11624 18 14 61494
11626 18 15 61495
11628 18 19 61496
11630 18 21 61497
11632 18 22 61498
11634 18 23 61499
11636 18 1 61500
11638 18 2 61501
11640 18 3 61502
11642 18 5 61503
11644 18 9 61504
11646 18 10 61505
11648 18 14 61506
11650 18 15 61507
11652 18 19 61508
11654 18 21 61509
11656 18 22 61510
11658 18 23 61511
11660 18 1 61512
11662 18 2 61513
11664 18 3 61514
11666 18 5 61515
11668 18 9 61516
11670 18 10 61517
11672 18 14 61518
11722 18 15 61519
11724 18 19 61520
11726 18 21 61521
11728 18 22 61522
11730 18 23 61523
11732 18 1 61524
11734 18 2 61525
11736 18 3 61526
11738 18 5 61527
11740 18 9 61528
11742 18 10 61529
11744 18 14 61530
11746 18 15 61531
11748 18 19 61532
11750 18 21 61533
11752 18 22 61534
11754 18 23 61535
11756 18 1 61536
11758 18 2 61537
11760 18 3 61538
11762 18 5 61539
11764 18 9 61540
11766 18 10 61541
11768 18 14 61542
11770 18 15 61543
11772 18 19 61544
11774 18 21 61545
11776 18 22 61546
11778 18 23 61547
11816 18 1 61548
11818 18 2 61549
11820 18 3 61550
11822 18 5 61551
11824 18 9 61552
11826 18 10 61553
11828 18 14 61554
11830 18 15 61555
11832 18 19 61556
11834 18 21 61557
11836 18 22 61558
11838 18 23 61559
11840 18 1 61560
11842 18 2 61561
11844 18 3 61562
11846 18 5 61563
11848 18 9 61564
11850 18 10 61565
11852 18 14 61566
11854 18 15 61567
11856 18 19 61568
11858 18 21 61569
11860 18 22 61570
11862 18 23 61571
11864 18 1 61572
11866 18 2 61573
11868 18 3 61574
11870 18 5 61575
11872 18 9 61576
11874 18 10 61577
11876 18 14 61578
11878 18 15 61579
11880 18 19 61580
11882 18 21 61581
11884 18 22 61582
11886 18 23 61583
11888 18 1 61584
11890 18 2 61585
11892 18 3 61586
11894 18 5 61587
11896 18 9 61588
11898 18 10 61589
11900 18 14 61590
11902 18 15 61591
11904 18 19 61592
11906 18 21 61593
11908 18 22 61594
11910 18 23 61595
11912 18 1 61596
11914 18 2 61597
11916 18 3 61598
11918 18 5 61599
11920 18 9 61600
11922 18 10 61601
11924 18 14 61602
11926 18 15 61603
11928 18 19 61604
11930 18 21 61605
11932 18 22 61606
11934 18 23 61607
11938 18 1 61608
11940 18 2 61609
11942 18 3 61610
11944 18 5 61611
11948 18 9 61612
11950 18 10 61613
11952 18 14 61614
11954 18 15 61615
11956 18 19 61616
11958 18 21 61617
11960 18 22 61618
11962 18 23 61619
11964 18 1 61620
11966 18 2 61621
11968 18 3 61622
11970 18 5 61623
11972 18 9 61624
11974 18 10 61625
11976 18 14 61626
11978 18 15 61627
11980 18 19 61628
11982 18 21 61629
11984 18 22 61630
11986 18 23 61631
11988 18 1 61632
11990 18 2 61633
11992 18 3 61634
11994 18 5 61635
11996 18 9 61636
11998 18 10 61637
12000 18 14 61638
12002 18 15 61639
12004 18 19 61640
12006 18 21 61641
12008 18 22 61642
12010 18 23 61643
12012 18 1 61644
12014 18 2 61645
12016 18 3 61646
12018 18 5 61647
12020 18 9 61648
12022 18 10 61649
12024 18 14 61650
12026 18 15 61651
12028 18 19 61652
12030 18 21 61653
12032 18 22 61654
12034 18 23 61655
12036 18 1 61656
12038 18 2 61657
12040 18 3 61658
12042 18 5 61659
12044 18 9 61660
12046 18 10 61661
12048 18 14 61662
12050 18 15 61663
12052 18 19 61664
12054 18 21 61665
12056 18 22 61666
12058 18 23 61667
12060 18 1 61668
12062 18 2 61669
12064 18 3 61670
12066 18 5 61671
12068 18 9 61672
12070 18 10 61673
12072 18 14 61674
12074 18 15 61675
12076 18 19 61676
12078 18 21 61677
12080 18 22 61678
12082 18 23 61679
12084 18 1 61680
12086 18 2 61681
12088 18 3 61682
12090 18 5 61683
12092 18 9 61684
12094 18 10 61685
12096 18 14 61686
12098 18 15 61687
12100 18 19 61688
12102 18 21 61689
12104 18 22 61690
12106 18 23 61691
12108 18 1 61692
12110 18 2 61693
12112 18 3 61694
12114 18 5 61695
12116 18 9 61696
12118 18 10 61697
12120 18 14 61698
12122 18 15 61699
12124 18 19 61700
12126 18 21 61701
12128 18 22 61702
12130 18 23 61703
12132 18 1 61704
12134 18 2 61705
12136 18 3 61706
12138 18 5 61707
12140 18 9 61708
12142 18 10 61709
12144 18 14 61710
12146 18 15 61711
12148 18 19 61712
12150 18 21 61713
12152 18 22 61714
12154 18 23 61715
12156 18 1 61716
12158 18 2 61717
12160 18 3 61718
12162 18 5 61719
12164 18 9 61720
12166 18 10 61721
12168 18 14 61722
12170 18 15 61723
12172 18 19 61724
12174 18 21 61725
12176 18 22 61726
12178 18 23 61727
12180 18 1 61728
12182 18 2 61729
12184 18 3 61730
12186 18 5 61731
12188 18 9 61732
12190 18 10 61733
12192 18 14 61734
12194 18 15 61735
12196 18 19 61736
12198 18 21 61737
12200 18 22 61738
12202 18 23 61739
12204 18 1 61740
12206 18 2 61741
12208 18 3 61742
12210 18 5 61743
12212 18 9 61744
12214 18 10 61745
12216 18 14 61746
12218 18 15 61747
12220 18 19 61748
12222 18 21 61749
12224 18 22 61750
12226 18 23 61751
12228 18 1 61752
12230 18 2 61753
12232 18 3 61754
12234 18 5 61755
12236 18 9 61756
12238 18 10 61757
12240 18 14 61758
12242 18 15 61759
12268 18 19 61760
12270 18 21 61761
12272 18 22 61762
12274 18 23 61763
12276 18 1 61764
12278 18 2 61765
12280 18 3 61766
12282 18 5 61767
12284 18 9 61768
12286 18 10 61769
12288 18 14 61770
12290 18 15 61771
12292 18 19 61772
12294 18 21 61773
12296 18 22 61774
12298 18 23 61775
12300 18 1 61776
12302 18 2 61777
12304 18 3 61778
12306 18 5 61779
12308 18 9 61780
12310 18 10 61781
12312 18 14 61782
12314 18 15 61783
12316 18 19 61784
12318 18 21 61785
12320 18 22 61786
12322 18 23 61787
12324 18 1 61788
12326 18 2 61789
12328 18 3 61790
12330 18 5 61791
12332 18 9 61792
12334 18 10 61793
12336 18 14 61794
12338 18 15 61795
12340 18 19 61796
12342 18 21 61797
12370 18 22 61798
12396 18 23 61799
12398 18 1 61800
12400 18 2 61801
12402 18 3 61802
12404 18 5 61803
12406 18 9 61804
12408 18 10 61805
12410 18 14 61806
12412 18 15 61807
12414 18 19 61808
12416 18 21 61809
12418 18 22 61810
12420 18 23 61811
12422 18 1 61812
12424 18 2 61813
12426 18 3 61814
12428 18 5 61815
12430 18 9 61816
12432 18 10 61817
12434 18 14 61818
12436 18 15 61819
12438 18 19 61820
12440 18 21 61821
12442 18 22 61822
12444 18 23 61823
12446 18 1 61824
12448 18 2 61825
12450 18 3 61826
12452 18 5 61827
12454 18 9 61828
12456 18 10 61829
12458 18 14 61830
12460 18 15 61831
12462 18 19 61832
12464 18 21 61833
12466 18 22 61834
12468 18 23 61835
12470 18 1 61836
12472 18 2 61837
12474 18 3 61838
12476 18 5 61839
12478 18 9 61840
12480 18 10 61841
12482 18 14 61842
12484 18 15 61843
12486 18 19 61844
12488 18 21 61845
12490 18 22 61846
12492 18 23 61847
12494 18 1 61848
12496 18 2 61849
12498 18 3 61850
12500 18 5 61851
12502 18 9 61852
12504 18 10 61853
12506 18 14 61854
12508 18 15 61855
12510 18 19 61856
12512 18 21 61857
12514 18 22 61858
12516 18 23 61859
12518 18 1 61860
12520 18 2 61861
12522 18 3 61862
12524 18 5 61863
12526 18 9 61864
12528 18 10 61865
12530 18 14 61866
12532 18 15 61867
12534 18 19 61868
12536 18 21 61869
12538 18 22 61870
12540 18 23 61871
12542 18 1 61872
12544 18 2 61873
12546 18 3 61874
12548 18 5 61875
12550 18 9 61876
12552 18 10 61877
12554 18 14 61878
12556 18 15 61879
12558 18 19 61880
12560 18 21 61881
12562 18 22 61882
12564 18 23 61883
12566 18 1 61884
12568 18 2 61885
12570 18 3 61886
12572 18 5 61887
12574 18 9 61888
12576 18 10 61889
12578 18 14 61890
12580 18 15 61891
12582 18 19 61892
12584 18 21 61893
12586 18 22 61894
12588 18 23 61895
12590 18 1 61896
12592 18 2 61897
12594 18 3 61898
12596 18 5 61899
12600 18 9 61900
12602 18 10 61901
12604 18 14 61902
12606 18 15 61903
12608 18 19 61904
12610 18 21 61905
12612 18 22 61906
12614 18 23 61907
12616 18 1 61908
12618 18 2 61909
12620 18 3 61910
12622 18 5 61911
12624 18 9 61912
12626 18 10 61913
12628 18 14 61914
12630 18 15 61915
12632 18 19 61916
12634 18 21 61917
12636 18 22 61918
12638 18 23 61919
12640 18 1 61920
12642 18 2 61921
12644 18 3 61922
12646 18 5 61923
12648 18 9 61924
12650 18 10 61925
12652 18 14 61926
12654 18 15 61927
12656 18 19 61928
12658 18 21 61929
12660 18 22 61930
12662 18 23 61931
12664 18 1 61932
12666 18 2 61933
12668 18 3 61934
12670 18 5 61935
12672 18 9 61936
12674 18 10 61937
12676 18 14 61938
12678 18 15 61939
12680 18 19 61940
12682 18 21 61941
12684 18 22 61942
12686 18 23 61943
12688 18 1 61944
12690 18 2 61945
12692 18 3 61946
12694 18 5 61947
12696 18 9 61948
12698 18 10 61949
12700 18 14 61950
12702 18 15 61951
12704 18 19 61952
12706 18 21 61953
12708 18 22 61954
12710 18 23 61955
12712 18 1 61956
12714 18 2 61957
12716 18 3 61958
12718 18 5 61959
12720 18 9 61960
12722 18 10 61961
12724 18 14 61962
12726 18 15 61963
12728 18 19 61964
12730 18 21 61965
12732 18 22 61966
12734 18 23 61967
12736 18 1 61968
12738 18 2 61969
12740 18 3 61970
12742 18 5 61971
12744 18 9 61972
12746 18 10 61973
12748 18 14 61974
12750 18 15 61975
12752 18 19 61976
12754 18 21 61977
12756 18 22 61978
12758 18 23 61979
12760 18 1 61980
12762 18 2 61981
12764 18 3 61982
12766 18 5 61983
12768 18 9 61984
12770 18 10 61985
12772 18 14 61986
12774 18 15 61987
12776 18 19 61988
12778 18 21 61989
12780 18 22 61990
12782 18 23 61991
12784 18 1 61992
12786 18 2 61993
12788 18 3 61994
12790 18 5 61995
12792 18 9 61996
12794 18 10 61997
12796 18 14 61998
12798 18 15 61999
12800 18 19 62000
12802 18 21 62001
12804 18 22 62002
12806 18 23 62003
12808 18 1 62004
12810 18 2 62005
12812 18 3 62006
12814 18 5 62007
12816 18 9 62008
12818 18 10 62009
12820 18 14 62010
12822 18 15 62011
12824 18 19 62012
12826 18 21 62013
12828 18 22 62014
12830 18 23 62015
12832 18 1 62016
12834 18 2 62017
12836 18 3 62018
12838 18 5 62019
12840 18 9 62020
12842 18 10 62021
12844 18 14 62022
12846 18 15 62023
12848 18 19 62024
12850 18 21 62025
12852 18 22 62026
12854 18 23 62027
12856 18 1 62028
12858 18 2 62029
12860 18 3 62030
12862 18 5 62031
12864 18 9 62032
12866 18 10 62033
12868 18 14 62034
12870 18 15 62035
12872 18 19 62036
12882 18 21 62037
12884 18 22 62038
12888 18 23 62039
12890 18 1 62040
12892 18 2 62041
12902 18 3 62042
12904 18 5 62043
12906 18 9 62044
12908 18 10 62045
12910 18 14 62046
12912 18 15 62047
12914 18 19 62048
12916 18 21 62049
12918 18 22 62050
12920 18 23 62051
12922 18 1 62052
12924 18 2 62053
12926 18 3 62054
12928 18 5 62055
12930 18 9 62056
12932 18 10 62057
12934 18 14 62058
12936 18 15 62059
12938 18 19 62060
12940 18 21 62061
12942 18 22 62062
12944 18 23 62063
12946 18 1 62064
12948 18 2 62065
12950 18 3 62066
12952 18 5 62067
12954 18 9 62068
12956 18 10 62069
12958 18 14 62070
12960 18 15 62071
12962 18 19 62072
12964 18 21 62073
12966 18 22 62074
12968 18 23 62075
12970 18 1 62076
12972 18 2 62077
12974 18 3 62078
12976 18 5 62079
12980 18 9 62080
12982 18 10 62081
12984 18 14 62082
12986 18 15 62083
12988 18 19 62084
12990 18 21 62085
12992 18 22 62086
12994 18 23 62087
12996 18 1 62088
12998 18 2 62089
13000 18 3 62090
13002 18 5 62091
13004 18 9 62092
13006 18 10 62093
13008 18 14 62094
13010 18 15 62095
13012 18 19 62096
13014 18 21 62097
13016 18 22 62098
13018 18 23 62099
13020 18 1 62100
13022 18 2 62101
13024 18 3 62102
13026 18 5 62103
13028 18 9 62104
13030 18 10 62105
13032 18 14 62106
13034 18 15 62107
13036 18 19 62108
13038 18 21 62109
13040 18 22 62110
13042 18 23 62111
13044 18 1 62112
13046 18 2 62113
13048 18 3 62114
13050 18 5 62115
13052 18 9 62116
13054 18 10 62117
13056 18 14 62118
13058 18 15 62119
13060 18 19 62120
13062 18 21 62121
13064 18 22 62122
13066 18 23 62123
13068 18 1 62124
13070 18 2 62125
13072 18 3 62126
13074 18 5 62127
13076 18 9 62128
13078 18 10 62129
13080 18 14 62130
13082 18 15 62131
13084 18 19 62132
13086 18 21 957
13088 18 1 0
13090 18 15 43
13092 18 21 201
13094 18 14 822
13096 18 15 823
13098 18 19 824
13100 18 3 206
13102 18 21 9
13104 18 15 127
13108 18 5 39
13110 18 23 215
13112 18 2 1
13116 18 21 105
13118 18 15 163
13122 18 9 136
13124 18 10 137
13126 18 19 200
13128 18 1 1008
13130 18 2 1009
13132 18 3 1010
13136 18 14 54
13138 18 23 71
13140 18 22 910
13142 18 23 911
13144 18 1 912
13146 18 2 913
13148 18 3 914
13150 18 5 915
13152 18 9 916
13154 18 10 917
13156 18 14 918
13158 18 5 951
13160 18 9 952
13162 18 10 953
13164 18 14 954
13168 18 14 162
13172 18 15 55
13176 18 10 233
13178 18 19 1016
13180 18 21 1017
13182 18 1 144
13192 18 22 106
13194 18 22 994
13200 18 23 11
13202 18 5 63
13204 18 15 103
13210 18 5 111
13214 18 5 147
13218 18 19 176
13220 18 22 214
13226 18 19 224
13252 18 19 44
13254 18 2 169
13290 18 3 830
13292 18 23 143
13336 18 14 834
13346 18 9 832
13362 18 5 135
13366 18 19 836
13370 18 21 837
13372 18 23 839
13378 18 1 840
13386 18 23 731
13392 18 22 46
13394 18 15 835
13398 18 15 847
13406 18 19 848
13412 18 23 35
13418 18 15 187
13420 18 23 863
13480 18 2 1673
13482 18 5 1675
13484 18 21 1681
13486 18 9 1688
13488 18 10 1689
13490 18 21 1693
13492 18 3 1974
13494 18 3 1950
13496 18 1 1156
13498 18 9 1952
13502 18 9 1388
13504 18 10 1389
13506 18 14 1390
13508 18 15 1391
13510 18 19 1392
13512 18 21 1393
13514 18 22 1394
13516 18 23 1395
13518 18 1 1396
13520 18 2 1397
13522 18 3 1398
13524 18 5 1399
13526 18 9 1400
13528 18 10 1401
13530 18 14 1402
13532 18 15 1403
13534 18 19 1404
13536 18 21 1405
13538 18 22 1406
13540 18 23 1407
13542 18 1 1408
13544 18 2 1409
13546 18 3 1410
13548 18 5 1411
13550 18 9 1412
13552 18 10 1413
13554 18 14 1414
13556 18 15 1415
13558 18 19 1416
13560 18 21 1417
13562 18 22 1418
13564 18 23 1419
13566 18 1 1420
13568 18 2 1421
13570 18 3 1422
13572 18 5 1423
13574 18 9 1424
13576 18 10 1425
13578 18 14 1426
13580 18 15 1427
13582 18 19 1428
13584 18 21 1429
13586 18 22 1430
13588 18 14 1642
13590 18 15 1643
13592 18 19 1644
13594 18 21 1645
13596 18 22 1646
13598 18 23 1647
13600 18 1 1648
13602 18 2 1649
13604 18 3 1650
13606 18 5 1651
13608 18 2 1709
13610 18 3 1710
13612 18 5 1711
13614 18 9 1712
13616 18 10 1713
13618 18 14 1714
13620 18 2 1901
13622 18 9 2000
13624 18 2 1937
13626 18 21 1273
13628 18 14 1258
13630 18 23 1659
13632 18 2 1721
13634 18 23 1107
13636 18 1 1108
13638 18 2 1109
13640 18 3 1110
13644 18 21 1045
13646 18 22 1046
13648 18 23 1047
13650 18 1 1048
13652 18 2 1049
13654 18 3 1050
13656 18 5 1051
13658 18 9 1052
13660 18 10 1053
13662 18 14 1054
13664 18 15 1055
13668 18 21 1057
13670 18 22 1058
13672 18 2 1061
13674 18 3 1062
13676 18 5 1063
13678 18 9 1064
13680 18 10 1065
13682 18 14 1066
13684 18 15 1067
13686 18 19 1068
13688 18 21 1069
13690 18 22 1070
13692 18 23 1071
13694 18 1 1072
13696 18 2 1073
13698 18 3 1074
13700 18 5 1075
13702 18 9 1076
13704 18 10 1077
13706 18 14 1078
13708 18 15 1079
13710 18 19 1080
13712 18 21 1081
13714 18 22 1082
13716 18 23 1083
13718 18 1 1084
13720 18 2 1085
13722 18 3 1086
13724 18 5 1087
13726 18 9 1088
13728 18 10 1089
13730 18 14 1090
13732 18 15 1091
13734 18 19 1092
13736 18 23 1119
13738 18 1 1120
13740 18 19 1752
13742 18 21 1753
13744 18 22 1754
13746 18 9 1160
13748 18 3 1470
13750 18 1 1192
13752 18 22 2742
13754 18 19 2980
13756 18 3 3010
13758 18 10 3449
13760 18 14 3450
13762 18 15 3451
13764 18 22 3454
13886 18 23 3455
13888 18 23 3851
13890 18 1 3852
13892 18 2 3853
13896 18 22 3478
13898 18 23 3479
13900 18 21 3465
13902 18 19 3476
13904 18 21 3477
14076 18 19 3464
14542 18 1 3468
14572 18 1 3480
14686 18 9 3484
15054 18 2 3697
15056 18 23 3827
15058 18 19 3608
15060 18 21 3609
15070 18 14 3642
15072 18 15 3643
15074 18 19 3644
15076 18 2 3649
15078 18 3 3650
15244 18 10 3677
15256 18 23 4779
15258 18 1 4108
15260 18 2 4109
15262 18 3 4110
15264 18 5 4111
15266 18 9 4112
15268 18 10 4113
15270 18 14 4114
15272 18 15 4115
15274 18 19 4116
15276 18 21 4117
15278 18 22 4118
15280 18 23 4119
15282 18 1 4120
15284 18 2 4121
15286 18 3 4122
15288 18 5 4123
15290 18 9 4160
15292 18 1 4192
15294 18 2 4193
15296 18 22 4850
15298 18 21 4933
15300 18 5 5759
15302 18 2 5937
15304 18 2 5877
15306 18 5 6143
15308 18 15 5355
15310 18 1 5840
15312 18 1 6116
15314 18 10 6497
15316 18 10 6293
15320 18 21 6441
15322 18 14 6366
15324 18 19 6404
15326 18 22 7610
15328 18 23 7611
15330 18 23 7743
15332 18 1 7744
15334 18 2 7745
15336 18 3 7746
15338 18 5 7747
15340 18 9 7748
15342 18 10 7749
15344 18 2 10237
15348 18 10 10181
15350 18 14 10182
15352 18 15 10183
15354 18 19 10184
15356 18 21 10185
15358 18 22 10186
15360 18 23 10187
15362 18 1 10188
15364 18 2 10189
15366 18 3 10190
15368 18 5 10191
15370 18 19 10208
15372 18 21 10209
15374 18 22 10210
15376 18 23 10211
15378 18 1 10212
15380 18 2 10213
15382 18 3 10214
15384 18 5 10215
15386 18 9 10216
15388 18 10 10217
15390 18 14 10218
15392 18 15 10219
15394 18 19 10220
15396 18 1 10080
15398 18 1 11248
15400 18 2 11249
15402 18 3 11250
15404 18 5 11251
15406 18 9 11252
15408 18 10 11253
15410 18 14 11254
15412 18 15 11255
15414 18 19 11256
15416 18 21 11257
15418 18 22 11258
15420 18 23 11259
15422 18 10 10629
15424 18 21 10741
15426 18 9 10652
15428 18 23 10563
15430 18 5 11483
15432 18 9 11268
15434 18 10 11269
15436 18 14 11270
15438 18 3 11830
15440 18 5 11831
15442 18 9 11832
15444 18 10 11833
15446 18 14 11834
15448 18 15 11835
15450 18 19 11836
15452 18 21 11837
15454 18 22 11838
15456 18 23 11839
15458 18 1 11840
15460 18 2 11841
15462 18 3 11842
15464 18 5 11843
15466 18 15 12583
15496 18 19 12584
15498 18 21 12585
15500 18 22 12586
15502 18 23 12587
15504 18 1 12588
15506 18 2 12589
15508 18 3 12590
15510 18 5 12591
15512 18 9 12592
15514 18 10 12593
15516 18 14 12594
15518 18 15 12595
15522 18 1 12600
15526 18 2 12601
15528 18 3 12614
15530 18 5 12615
15532 18 9 12616
15534 18 10 12617
15536 18 14 12618
15538 18 15 12619
15544 18 2 12625
15548 18 22 12622
15564 18 23 12623
15570 18 19 12620
15572 18 1 12624
15596 18 19 12644
15614 18 21 12621
15726 18 10 12629
15728 18 15 12631
15730 18 19 12632
15732 18 21 12633
15734 18 22 12634
15736 18 23 12635
15738 18 1 12636
16260 18 14 12642
16262 18 15 12643
16280 18 21 12645
16282 18 22 12646
16284 18 1 12648
16286 18 5 12651
16288 18 9 12652
16290 18 10 12653
16338 18 19 12668
16340 18 21 12669
16350 18 14 12666
16352 18 23 12671
16362 18 10 12677
16364 18 14 12678
16366 18 15 12679
16368 18 19 12680
16370 18 21 12681
16372 18 22 12682
16374 18 23 12683
17230 18 1 12684
17234 18 5 12687
17238 18 3 12686
17246 18 22 12706
17248 18 23 12707
17254 18 10 12713
17256 18 19 12692
17258 18 15 12715
17260 18 21 12717
17280 18 22 12718
17284 18 23 12719
17288 18 1 12720
17292 18 23 12731
17298 18 10 12761
17300 18 14 12762
17308 18 15 12763
17312 18 22 12766
17342 18 22 12862
17344 18 1 12780
17346 18 19 12812
17348 18 5 12819
17350 18 19 12824
17352 18 10 12821
17354 18 14 12822
17356 18 23 12827
17358 18 1 12816
17360 18 2 12817
17362 18 3 12818
17364 18 2 12829
17368 18 5 12831
17406 18 10 12833
17408 18 15 12835
17526 18 19 12836
17530 18 5 12867
17534 18 21 12873
17536 18 2 12889
17552 18 19 12932
17554 18 21 12933
17556 18 23 12935
17558 18 1 12936
17560 18 5 12939
17562 18 9 12940
17564 18 19 12944
17566 18 21 12945
17648 18 3 13902
17650 18 1 14540
17652 18 2 14541
17654 18 5 15531
17656 18 10 16641
17658 18 10 17013
17662 18 22 16622
17664 18 23 17235
17666 18 22 17318
17668 18 22 16898
17670 18 19 17944
17672 18 14 18314
17674 18 2 19069
17676 18 3 18566
17678 18 3 20298
17680 18 15 20111
17682 18 19 20112
17684 18 22 20646
17686 18 19 20536
17688 18 3 22950
17690 18 5 23771
17692 18 23 25343
17694 18 1 25344
17696 18 3 24602
17698 18 5 24603
17700 18 9 24604
17702 18 10 24605
17704 18 14 24606
17706 18 15 24607
17708 18 19 24608
17710 18 21 24609
17712 18 22 24610
17714 18 23 24611
17716 18 1 24612
17718 18 2 24613
17720 18 3 24614
17722 18 21 25353
17724 18 22 25354
17726 18 23 25355
17728 18 2 24973
17730 18 19 24992
17732 18 19 25124
17734 18 21 25125
17736 18 9 25228
17738 18 15 25231
17740 18 21 25281
17742 18 22 25282
17744 18 23 25283
17746 18 1 25284
17748 18 5 25287
17750 18 9 25360
17752 18 10 25361
17754 18 14 25362
17756 18 3 24662
17758 18 5 24663
17760 18 9 24664
17762 18 10 26169
17764 18 22 26174
17766 18 5 26179
17768 18 9 26396
17770 18 10 26397
17772 18 5 26599
17774 18 9 26600
17776 18 10 26601
17778 18 15 26087
17780 18 22 26090
17782 18 23 26091
17784 18 3 26094
17786 18 10 26097
17788 18 9 25856
17790 18 19 25980
17792 18 14 34038
17794 18 15 34039
17796 18 19 34040
17798 18 9 34276
17800 18 9 34240
17802 18 9 34844
17804 18 22 36462
17836 18 5 36779
17838 18 9 36780
17840 18 10 36781
17842 18 14 36782
17844 18 15 36783
17846 18 19 36784
17848 18 21 36785
17850 18 22 36786
17852 18 23 36787
17854 18 1 36788
17856 18 2 36789
17858 18 3 36790
17860 18 5 36791
17862 18 9 36792
17864 18 10 36793
17866 18 14 36794
17868 18 15 36795
17870 18 19 36796
17872 18 21 36797
17874 18 22 36798
17876 18 23 36799
17878 18 1 36800
17880 18 2 36801
17882 18 3 36802
17884 18 5 36803
17886 18 9 36804
17888 18 10 36805
17890 18 14 36806
17892 18 15 36807
17894 18 19 36808
17896 18 21 36809
17898 18 22 36810
17900 18 23 36811
17902 18 1 36812
17904 18 2 36813
17906 18 3 36814
17908 18 5 36815
17910 18 9 36816
17912 18 10 36817
17914 18 14 36818
17916 18 15 36819
17918 18 19 36820
17920 18 21 36821
17922 18 22 36822
17924 18 23 36823
17926 18 1 36824
17928 18 2 36825
17930 18 3 36826
17932 18 5 36827
17934 18 9 36828
17936 18 10 36829
17938 18 14 36830
17940 18 15 36831
17942 18 19 36832
17944 18 21 36833
17946 18 22 36834
17948 18 23 36835
17950 18 1 36836
17952 18 2 36837
17954 18 3 36838
17956 18 5 36839
17958 18 9 36840
17960 18 10 36841
17962 18 14 36842
17964 18 15 36843
17966 18 19 36844
17968 18 21 36845
17970 18 22 36846
17972 18 23 36847
17974 18 1 36848
17976 18 2 36849
17978 18 3 36850
17980 18 5 36851
17982 18 9 36852
17984 18 10 36853
17986 18 14 36854
17988 18 15 36855
17990 18 19 36856
17992 18 21 36857
17994 18 22 36858
17996 18 23 36859
17998 18 1 36860
18000 18 2 36861
18002 18 3 36862
18004 18 5 36863
18006 18 3 36430
18008 18 1 36864
18010 18 2 36865
18012 18 3 36866
18014 18 5 36867
18016 18 9 36868
18018 18 10 36869
18020 18 14 36870
18022 18 15 36871
18024 18 19 36872
18026 18 21 36873
18028 18 22 36874
18030 18 23 36875
18032 18 1 36876
18034 18 2 36877
18036 18 3 36878
18038 18 23 36911
18040 18 3 37034
18042 18 9 36904
18044 18 5 36903
18046 18 10 36905
18048 18 14 36906
18050 18 15 36907
18052 18 19 36908
18054 18 21 36909
18056 18 22 36910
18060 18 1 36912
18062 18 2 36913
18064 18 3 36914
18066 18 5 36915
18068 18 9 36916
18358 18 22 37006
18360 18 5 37071
18364 18 21 37017
18366 18 9 37084
18368 18 23 37091
18416 18 9 37012
18418 18 1 36984
18420 18 15 37075
18424 18 15 37003
18426 18 19 37004
18428 18 21 37005
18432 18 14 37014
18434 18 19 37076
18436 18 21 37077
18438 18 23 37007
18440 18 14 37038
18442 18 15 37039
18444 18 9 37048
18458 18 9 37072
18460 18 10 37073
18462 18 14 37074
18474 18 19 37040
18480 18 21 37041
18486 18 22 37042
18492 18 23 37043
18498 18 1 37044
18504 18 2 37045
18510 18 3 37046
18516 18 5 37047
18518 18 1 37056
18520 18 2 37057
18522 18 3 37058
18524 18 5 37059
18526 18 9 37060
18528 18 10 37061
18580 18 10 37049
18582 18 14 37050
18584 18 15 37051
18586 18 19 37052
18588 18 21 37053
18590 18 22 37054
18592 18 23 37055
18606 18 14 37062
18608 18 15 37063
18610 18 19 37064
18612 18 22 37066
18614 18 23 37067
18616 18 1 37068
18618 18 2 37069
18620 18 3 37070
18660 18 21 37065
18808 18 15 37027
18810 18 1 37116
18812 18 3 37118
18814 18 5 37119
18824 18 14 37146
18826 18 19 37148
18828 18 21 37149
18830 18 22 37150
18832 18 23 37151
18834 18 1 37152
18836 18 2 37153
18838 18 3 37154
18840 18 5 37155
18842 18 9 37156
18844 18 10 37157
18846 18 14 37158
18848 18 15 37159
18850 18 19 37160
18852 18 21 37161
18854 18 22 37162
18856 18 23 37163
18858 18 1 37164
18860 18 2 37165
18862 18 3 37166
18864 18 5 37167
18866 18 9 37168
18868 18 15 37147
19012 18 14 37170
19014 18 15 37171
19016 18 19 37172
19018 18 21 37173
19020 18 22 37174
19022 18 23 37175
19024 18 1 37176
19026 18 2 37177
19028 18 3 37178
19030 18 5 37179
19032 18 9 37180
19034 18 10 37181
19036 18 14 37182
19038 18 15 37183
19040 18 19 37184
19042 18 21 37185
19044 18 22 37186
19046 18 23 37187
19048 18 10 37169
19052 18 9 37000
19156 18 10 37193
19158 18 14 37194
19160 18 15 37195
19162 18 19 37196
19164 18 21 37197
19166 18 22 37198
19168 18 23 37199
19170 18 1 37200
19172 18 2 37201
19174 18 3 37202
19176 18 5 37203
19178 18 10 37205
19180 18 14 37206
19182 18 15 37207
19184 18 19 37208
19186 18 21 37209
19188 18 22 37210
19190 18 23 37211
19192 18 1 37212
19194 18 2 37213
19196 18 3 37214
19198 18 5 37215
19200 18 9 37216
19202 18 10 37217
19204 18 14 37218
19206 18 15 37219
19208 18 19 37220
19210 18 21 37221
19212 18 22 37222
19214 18 23 37223
19216 18 1 37224
19218 18 2 37225
19220 18 3 37226
19222 18 5 37227
19224 18 9 37228
19226 18 10 37229
19228 18 14 37230
19230 18 15 37231
19232 18 19 37232
19234 18 21 37233
19236 18 22 37234
19238 18 23 37235
19240 18 1 37236
19242 18 2 37237
19244 18 3 37238
19246 18 5 37239
19248 18 9 37240
19250 18 10 37241
19252 18 14 37242
19254 18 15 37243
19256 18 19 37244
19258 18 21 37245
19260 18 22 37246
19262 18 23 37247
19264 18 1 37248
19266 18 2 37249
19268 18 3 37250
19270 18 5 37251
19272 18 9 37252
19274 18 10 37253
19276 18 14 37254
19278 18 15 37255
19280 18 19 37256
19282 18 21 37257
19284 18 22 37258
19286 18 23 37259
19288 18 1 37260
19290 18 2 37261
19292 18 3 37262
19294 18 5 37263
19296 18 9 37264
19298 18 10 37265
19300 18 14 37266
19302 18 15 37267
19304 18 19 37268
19306 18 21 37269
19308 18 22 37270
19310 18 23 37271
19312 18 1 37272
19314 18 2 37273
19316 18 3 37274
19318 18 5 37275
19320 18 9 37276
19322 18 10 37277
19324 18 14 37278
19326 18 15 37279
19328 18 19 37280
19330 18 21 37281
19332 18 22 37282
19334 18 23 37283
19336 18 1 37284
19338 18 2 37285
19340 18 3 37286
19342 18 5 37287
19344 18 9 37288
19346 18 1 37188
19348 18 3 37190
19350 18 5 37191
19354 18 2 37189
19358 18 9 37192
19432 18 9 37204
19982 18 15 36931
20178 18 21 37305
20180 18 22 37306
20182 18 23 37307
20196 18 2 37309
20198 18 1 37308
20200 18 3 37310
20204 18 5 37311
20208 18 9 37312
20212 18 10 37313
20216 18 14 37314
20220 18 15 37315
20224 18 19 37316
20228 18 22 37318
20230 18 21 37317
20232 18 23 37319
20236 18 1 37320
20240 18 2 37321
20244 18 3 37322
20248 18 5 37323
20252 18 9 37324
20256 18 10 37325
20260 18 14 37326
20264 18 2 37333
20266 18 22 37330
20268 18 3 37334
20270 18 5 37335
20272 18 14 37338
20274 18 19 37328
20280 18 15 37339
20284 18 15 37327
20288 18 10 37337
20290 18 21 37329
20300 18 9 37336
20304 18 1 37332
20306 18 23 37331
20310 18 21 37341
20312 18 19 37340
20314 18 22 37342
20318 18 23 37343
20322 18 1 37344
20326 18 2 37345
20330 18 3 37346
20334 18 9 37348
20336 18 5 37347
20338 18 10 37349
20342 18 14 37350
20346 18 15 37351
20350 18 19 37352
20354 18 21 37353
20358 18 22 37354
20362 18 1 37356
20364 18 23 37355
20366 18 2 37357
20370 18 3 37358
20374 18 5 37359
20378 18 9 37360
20382 18 10 37361
20386 18 15 37363
20388 18 14 37362
20390 18 19 37364
20394 18 21 37365
20398 18 22 37366
20402 18 23 37367
20406 18 1 37368
20410 18 2 37369
20414 18 3 37370
20416 18 15 37375
20418 18 19 37376
20420 18 21 37377
20422 18 22 37378
20424 18 23 37379
20426 18 1 37380
20428 18 2 37381
20430 18 3 37382
20432 18 5 37383
20434 18 9 37384
20436 18 10 37385
20438 18 14 37386
20704 18 10 37409
20706 18 14 37410
20708 18 15 37411
20710 18 9 37408
20722 18 23 37451
20724 18 1 37452
20726 18 3 37454
20728 18 14 37470
20730 18 14 37482
20732 18 23 37463
20734 18 2 37489
20736 18 1 37524
20738 18 9 37552
20740 18 21 37569
20742 18 23 37571
20744 18 15 37615
20746 18 10 37613
20750 18 10 37625
20752 18 10 37637
20754 18 1 37620
20758 18 2 37621
20762 18 3 37622
20766 18 5 37623
20770 18 9 37624
20776 18 14 37626
20780 18 15 37627
20784 18 19 37628
20788 18 21 37629
20792 18 22 37630
20796 18 23 37631
20800 18 1 37632
20804 18 23 37619
20818 18 22 37870
20820 18 22 37786
20822 18 21 37785
20824 18 2 37789
20826 18 1 37788
20828 18 19 37796
20830 18 23 37787
20834 18 3 37790
20838 18 5 37791
20842 18 9 37792
20846 18 10 37793
20850 18 14 37794
20854 18 15 37795
20864 18 23 37823
20866 18 22 37822
20868 18 2 37837
20870 18 3 37838
20872 18 23 37847
20874 18 21 37857
20876 18 2 37885
20878 18 1 38656
20880 18 23 37899
20882 18 3 41274
20884 18 5 41275
20886 18 9 41276
20888 18 10 41277
20890 18 14 41278
20892 18 15 41279
20894 18 2 43621
20896 18 3 43622
20898 18 22 43318
20900 18 23 45799
20902 18 1 45800
20904 18 2 45801
20906 18 3 45802
20908 18 5 45803
20910 18 9 45804
20912 18 10 45805
20914 18 14 45806
20916 18 15 45807
20918 18 19 45808
20920 18 21 45809
20922 18 22 45810
20924 18 9 45528
20926 18 1 46200
20928 18 5 47875
20930 18 5 47455
20934 18 21 51329
20936 18 15 52411
20938 18 22 54354
20940 18 14 54710
20942 18 5 54419
20944 18 1 59172
20946 18 19 59448
20948 18 22 62386
20950 18 1 63472
20952 18 2 63473
20954 18 3 63474
20956 18 5 63475
20958 18 9 63476
20960 18 10 63477
20962 18 14 63478
20964 18 15 63479
20966 18 19 63480
20968 18 5 71367
20970 18 19 73180
20972 18 15 90335
20974 18 5 92607
20976 18 9 92608
20978 18 10 92609
20980 18 14 92610
20982 18 15 92611
20984 18 19 92612
20986 18 21 92613
20988 18 22 92614
20990 18 23 92615
20992 18 1 92616
20994 18 2 92617
20996 18 3 92618
20998 18 5 92619
21000 18 9 92620
21002 18 10 92621
21004 18 14 92622
21006 18 15 92623
21008 18 19 92624
21010 18 21 92625
21012 18 22 92626
21014 18 23 92627
21016 18 1 92628
21018 18 2 92629
21020 18 3 92630
21022 18 5 92631
21024 18 9 92632
21026 18 10 92633
21046 18 14 92634
21054 18 15 92635
21056 18 19 92636
21058 18 21 92637
21060 18 22 92638
21062 18 23 92639
21064 18 1 92640
21066 18 2 92641
21068 18 3 92642
21070 18 5 92643
21082 18 9 92644
21084 18 10 92645
21096 18 14 92646
21108 18 15 92647
21110 18 19 92648
21114 18 21 92649
21116 18 22 92650
21118 18 23 92651
21122 18 1 92652
21124 18 2 92653
21126 18 3 92654
21128 18 5 92655
21130 18 9 92656
21132 18 10 92657
21134 18 14 92658
21136 18 15 92659
21138 18 19 92660
21140 18 21 92661
21142 18 22 92662
21144 18 23 92663
21146 18 1 92664
21148 18 2 92665
21150 18 3 92666
21152 18 5 92667
21154 18 9 92668
21156 18 10 92669
21158 18 14 92670
21160 18 15 92671
21162 18 19 92672
21164 18 21 92673
21166 18 22 92674
21168 18 23 92675
21170 18 1 92676
21172 18 2 92677
21174 18 3 92678
21176 18 5 92679
21178 18 9 92680
21180 18 10 92681
21182 18 14 92682
21184 18 15 92683
21186 18 19 92684
21188 18 21 92685
21190 18 22 92686
21192 18 23 92687
21194 18 1 92688
21196 18 2 92689
21198 18 3 92690
21200 18 5 92691
21202 18 9 92692
21204 18 10 92693
21206 18 14 92694
21208 18 15 92695
21210 18 19 92696
21212 18 21 92697
21214 18 22 92698
21216 18 23 92699
21218 18 1 92700
21220 18 2 92701
21222 18 3 92702
21224 18 5 92703
21226 18 9 92704
21228 18 10 92705
21230 18 14 92706
21232 18 15 92707
21234 18 19 92708
21236 18 21 92709
21238 18 22 92710
21240 18 23 92711
21242 18 1 92712
21244 18 2 92713
21246 18 3 92714
21248 18 5 92715
21250 18 9 92716
21252 18 10 92717
21254 18 14 92718
21256 18 15 92719
21258 18 19 92720
21260 18 21 92721
21262 18 22 92722
21264 18 23 92723
21266 18 1 92724
21268 18 2 92725
21270 18 3 92726
21272 18 5 92727
21274 18 9 92728
21276 18 10 92729
21282 18 14 92730
21284 18 15 92731
21286 18 19 92732
21288 18 21 92733
21290 18 22 92734
21292 18 23 92735
21294 18 1 92736
21296 18 2 92737
21298 18 3 92738
21300 18 5 92739
21302 18 9 92740
21304 18 10 92741
21306 18 14 92742
21308 18 15 92743
21310 18 19 92744
21312 18 21 92745
21314 18 22 92746
21316 18 23 92747
21318 18 1 92748
21320 18 2 92749
21322 18 3 92750
21324 18 5 92751
21326 18 9 92752
21328 18 10 92753
21330 18 14 92754
21332 18 15 92755
21334 18 19 92756
21336 18 21 92757
21338 18 22 92758
21340 18 23 92759
21342 18 1 92760
21344 18 2 92761
21346 18 3 92762
21348 18 5 92763
21350 18 9 92764
21352 18 10 92765
21354 18 14 92766
21356 18 15 92767
21358 18 19 92768
21360 18 21 92769
21362 18 22 92770
21364 18 23 92771
21366 18 1 92772
21368 18 2 92773
21370 18 3 92774
21372 18 5 92775
21374 18 9 92776
21376 18 10 92777
21378 18 14 92778
21380 18 15 92779
21382 18 19 92780
21384 18 21 92781
21386 18 22 92782
21388 18 23 92783
21390 18 1 92784
21392 18 2 92785
21394 18 3 92786
21396 18 5 92787
21398 18 9 92788
21400 18 10 92789
21402 18 14 92790
21404 18 15 92791
21406 18 19 92792
21408 18 21 92793
21410 18 22 92794
21412 18 23 92795
21414 18 1 92796
21416 18 2 92797
21418 18 3 92798
21420 18 5 92799
21422 18 9 92800
21424 18 10 92801
21426 18 14 92802
21428 18 15 92803
21430 18 19 92804
21432 18 21 92805
21434 18 22 92806
21436 18 23 92807
21438 18 1 92808
21440 18 2 92809
21442 18 3 92810
21444 18 5 92811
21446 18 9 92812
21448 18 10 92813
21450 18 14 92814
21452 18 15 92815
21454 18 19 92816
21456 18 21 92817
21458 18 22 92818
21460 18 23 92819
21462 18 1 92820
21464 18 2 92821
21466 18 3 92822
21468 18 5 92823
21470 18 9 92824
21472 18 10 92825
21474 18 14 92826
21476 18 15 92827
21478 18 19 92828
21480 18 21 92829
21482 18 22 92830
21484 18 23 92831
21486 18 1 92832
21488 18 2 92833
21490 18 3 92834
21492 18 5 92835
21494 18 9 92836
21496 18 10 92837
21498 18 14 92838
21500 18 15 92839
21502 18 19 92840
21504 18 21 92841
21506 18 22 92842
21508 18 23 92843
21510 18 1 92844
21512 18 2 92845
21514 18 3 92846
21516 18 5 92847
21518 18 9 92848
21520 18 10 92849
21522 18 14 92850
21524 18 15 92851
21526 18 19 92852
21528 18 21 92853
21530 18 22 92854
21532 18 23 92855
21536 18 1 92856
21540 18 2 92857
21542 18 3 92858
21546 18 5 92859
21548 18 9 92860
21550 18 10 92861
21552 18 14 92862
21554 18 15 92863
21558 18 19 92864
21560 18 21 92865
21562 18 22 92866
21566 18 23 92867
21568 18 1 92868
21576 18 2 92869
21594 18 3 92870
21596 18 5 92871
21598 18 9 92872
21600 18 10 92873
21602 18 14 92874
21604 18 15 92875
21606 18 19 92876
21608 18 21 92877
21610 18 22 92878
21612 18 23 92879
21614 18 1 92880
21616 18 2 92881
21618 18 3 92882
21620 18 5 92883
21622 18 9 92884
21624 18 10 92885
21626 18 14 92886
21628 18 15 92887
21630 18 19 92888
21632 18 21 92889
21634 18 22 92890
21636 18 23 92891
21638 18 1 92892
21640 18 2 92893
21642 18 3 92894
21644 18 5 92895
21646 18 9 92896
21648 18 10 92897
21650 18 14 92898
21652 18 15 92899
21654 18 19 92900
21656 18 21 92901
21658 18 22 92902
21660 18 23 92903
21662 18 1 92904
21664 18 2 92905
21666 18 3 92906
21668 18 5 92907
21676 18 9 92908
21678 18 10 92909
21680 18 14 92910
21682 18 15 92911
21684 18 19 92912
21686 18 21 92913
21688 18 22 92914
21690 18 23 92915
21700 18 1 92916
21702 18 2 92917
21704 18 3 92918
21706 18 5 92919
21716 18 9 92920
21718 18 10 92921
21720 18 14 92922
21722 18 15 92923
21724 18 19 92924
21726 18 21 92925
21728 18 22 92926
21730 18 23 92927
21732 18 1 92928
21740 18 2 92929
21742 18 3 92930
21744 18 5 92931
21746 18 9 92932
21748 18 10 92933
21750 18 14 92934
21762 18 15 92935
21764 18 19 92936
21774 18 21 92937
21776 18 22 92938
21778 18 23 92939
21780 18 1 92940
21782 18 2 92941
21784 18 3 92942
21786 18 5 92943
21788 18 9 92944
21790 18 10 92945
21792 18 14 92946
21794 18 15 92947
21796 18 19 92948
21798 18 21 92949
21800 18 22 92950
21802 18 23 92951
21804 18 1 92952
21806 18 2 92953
21808 18 3 92954
21810 18 5 92955
21812 18 9 92956
21814 18 10 92957
21816 18 14 92958
21818 18 15 92959
21820 18 19 92960
21822 18 21 92961
21824 18 22 92962
21826 18 23 92963
21828 18 1 92964
21830 18 2 92965
21832 18 3 92966
21834 18 5 92967
21836 18 9 92968
21838 18 10 92969
21842 18 14 92970
21844 18 15 92971
21854 18 19 92972
21856 18 21 92973
21858 18 22 92974
21860 18 23 92975
21862 18 1 92976
21864 18 2 92977
21870 18 3 92978
21872 18 5 92979
21874 18 9 92980
21876 18 10 92981
21878 18 14 92982
21880 18 15 92983
21886 18 19 92984
21906 18 21 92985
21930 18 22 92986
21932 18 23 92987
21970 18 1 92988
21972 18 2 92989
21974 18 3 92990
21976 18 5 92991
21978 18 9 92992
21980 18 10 92993
21982 18 14 92994
21986 18 15 92995
21988 18 19 92996
22038 18 21 92997
22152 18 22 92998
22160 18 23 92999
22234 18 1 93000
22236 18 2 93001
22238 18 3 93002
22240 18 5 93003
22242 18 9 93004
22244 18 10 93005
22246 18 14 93006
22248 18 15 93007
22250 18 19 93008
22252 18 21 93009
22254 18 22 93010
22256 18 23 93011
22258 18 1 93012
22260 18 2 93013
22262 18 3 93014
22264 18 5 93015
22266 18 9 93016
22268 18 10 93017
22270 18 14 93018
22272 18 15 93019
22274 18 19 93020
22276 18 21 93021
22278 18 22 93022
22280 18 23 93023
22282 18 1 93024
22284 18 2 93025
22286 18 3 93026
22288 18 5 93027
22290 18 9 93028
22292 18 10 93029
22294 18 14 93030
22296 18 15 93031
22298 18 19 93032
22300 18 21 93033
22302 18 22 93034
22304 18 23 93035
22306 18 1 93036
22308 18 2 93037
22314 18 3 93038
22316 18 5 93039
22318 18 9 93040
22320 18 10 93041
22322 18 14 93042
22324 18 15 93043
22326 18 19 93044
22328 18 21 93045
22330 18 22 93046
22332 18 23 93047
22334 18 1 93048
22336 18 2 93049
22338 18 3 93050
22340 18 5 93051
22342 18 9 93052
22344 18 10 93053
22346 18 14 93054
22348 18 15 93055
22350 18 19 93056
22352 18 21 93057
22354 18 22 93058
22356 18 23 93059
22358 18 1 93060
22360 18 2 93061
22362 18 3 93062
22364 18 5 93063
22366 18 9 93064
22368 18 10 93065
22370 18 14 93066
22372 18 15 93067
22374 18 19 93068
22376 18 21 93069
22378 18 22 93070
22380 18 23 93071
22382 18 1 93072
22384 18 2 93073
22386 18 3 93074
22388 18 5 93075
22390 18 9 93076
22392 18 10 93077
22394 18 14 93078
22396 18 15 93079
22398 18 19 93080
22400 18 21 93081
22402 18 22 93082
22404 18 23 93083
22406 18 1 93084
22408 18 2 93085
22410 18 3 93086
22412 18 5 93087
22414 18 9 93088
22416 18 10 93089
22418 18 14 93090
22420 18 15 93091
22422 18 19 93092
22424 18 21 93093
22426 18 22 93094
22428 18 23 93095
22430 18 1 93096
22432 18 2 93097
22434 18 3 93098
22436 18 5 93099
22438 18 9 93100
22440 18 10 93101
22442 18 14 93102
22444 18 15 93103
22446 18 19 93104
22448 18 21 93105
22450 18 22 93106
22452 18 23 93107
22454 18 1 93108
22456 18 2 93109
22458 18 3 93110
22460 18 5 93111
22462 18 9 93112
22464 18 10 93113
22466 18 14 93114
22468 18 15 93115
22470 18 19 93116
22472 18 21 93117
22474 18 22 93118
22476 18 23 93119
22478 18 1 93120
22480 18 2 93121
22482 18 3 93122
22484 18 5 93123
22486 18 9 93124
22488 18 10 93125
22490 18 14 93126
22492 18 15 93127
22494 18 19 93128
22496 18 21 93129
22498 18 22 93130
22500 18 23 93131
22502 18 1 93132
22504 18 2 93133
22506 18 3 93134
22508 18 5 93135
22510 18 9 93136
22512 18 10 93137
22514 18 14 93138
22516 18 15 93139
22518 18 19 93140
22520 18 21 93141
22522 18 22 93142
22524 18 23 93143
22526 18 1 93144
22528 18 2 93145
22530 18 3 93146
22532 18 5 93147
22534 18 9 93148
22536 18 10 93149
22538 18 14 93150
22540 18 15 93151
22542 18 19 93152
22544 18 21 93153
22546 18 22 93154
22548 18 23 93155
22550 18 1 93156
22552 18 2 93157
22554 18 3 93158
22556 18 5 93159
22558 18 9 93160
22560 18 10 93161
22562 18 14 93162
22564 18 15 93163
22566 18 19 93164
22568 18 21 93165
22570 18 22 93166
22572 18 23 93167
22574 18 1 93168
22576 18 2 93169
22578 18 3 93170
22580 18 5 93171
22582 18 9 93172
22584 18 10 93173
22586 18 14 93174
22588 18 15 93175
22590 18 19 93176
22592 18 21 93177
22594 18 22 93178
22596 18 23 93179
22598 18 1 93180
22600 18 2 93181
22602 18 3 93182
22604 18 5 93183
22606 18 1 93184
22608 18 2 93185
22610 18 3 93186
22612 18 5 93187
22614 18 9 93188
22616 18 10 93189
22618 18 14 93190
22620 18 15 93191
22622 18 19 93192
22624 18 21 93193
22626 18 22 93194
22628 18 23 93195
22630 18 1 93196
22632 18 2 93197
22634 18 3 93198
22636 18 5 93199
22638 18 9 93200
22640 18 10 93201
22642 18 14 93202
22644 18 15 93203
22646 18 19 93204
22648 18 21 93205
22650 18 22 93206
22652 18 23 93207
22654 18 1 93208
22656 18 2 93209
22658 18 3 93210
22660 18 5 93211
22662 18 9 93212
22664 18 10 93213
22666 18 14 93214
22668 18 15 93215
22670 18 19 93216
22672 18 21 93217
22674 18 22 93218
22676 18 23 93219
22678 18 1 93220
22680 18 2 93221
22682 18 3 93222
22684 18 5 93223
22686 18 9 93224
22688 18 10 93225
22690 18 14 93226
22692 18 15 93227
22694 18 19 93228
22696 18 21 93229
22698 18 22 93230
22700 18 23 93231
22702 18 1 93232
22704 18 2 93233
22706 18 3 93234
22708 18 5 93235
22710 18 9 93236
22712 18 10 93237
22714 18 14 93238
22716 18 15 93239
22718 18 19 93240
22720 18 21 93241
22722 18 22 93242
22724 18 23 93243
22726 18 1 93244
22728 18 2 93245
22730 18 3 93246
22732 18 5 93247
22734 18 9 93248
22736 18 10 93249
22738 18 14 93250
22740 18 15 93251
22742 18 19 93252
22744 18 21 93253
22746 18 22 93254
22748 18 23 93255
22750 18 1 93256
22752 18 2 93257
22754 18 3 93258
22756 18 5 93259
22758 18 9 93260
22760 18 10 93261
22762 18 14 93262
22764 18 15 93263
22766 18 19 93264
22768 18 21 93265
22770 18 22 93266
22772 18 23 93267
22774 18 1 93268
22776 18 2 93269
22778 18 3 93270
22780 18 5 93271
22782 18 9 93272
22784 18 10 93273
22786 18 14 93274
22788 18 15 93275
22790 18 19 93276
22792 18 21 93277
22794 18 22 93278
22796 18 23 93279
22798 18 1 93280
22800 18 2 93281
22802 18 3 93282
22804 18 5 93283
22806 18 9 93284
22808 18 10 93285
22810 18 14 93286
22812 18 15 93287
22814 18 19 93288
22816 18 21 93289
22818 18 22 93290
22820 18 23 93291
22822 18 1 93292
22824 18 2 93293
22826 18 3 93294
22828 18 5 93295
22830 18 9 93296
22832 18 10 93297
22834 18 14 93298
22836 18 15 93299
22838 18 19 93300
22840 18 21 93301
22842 18 22 93302
22844 18 23 93303
22846 18 1 93304
22848 18 2 93305
22850 18 3 93306
22852 18 5 93307
22854 18 9 93308
22856 18 10 93309
22858 18 14 93310
22860 18 15 93311
22862 18 19 93312
22864 18 21 93313
22866 18 22 93314
22868 18 23 93315
22870 18 1 93316
22872 18 2 93317
22874 18 3 93318
22876 18 5 93319
22878 18 9 93320
22880 18 10 93321
22882 18 14 93322
22884 18 15 93323
22886 18 19 93324
22888 18 21 93325
22890 18 22 93326
22892 18 23 93327
22894 18 1 93328
22896 18 1 0
22898 18 14 846
22900 18 1 840
22904 18 9 160
22906 18 2 205
22914 18 9 700
22922 18 2 997
22930 18 1 672
22934 18 3 170
22938 18 23 767
22942 18 19 836
22948 18 5 39
22952 18 5 123
22980 18 23 1179
22982 18 3 1542
22984 18 14 1618
22986 18 22 1154
22988 18 21 1273
22994 18 2 1901
23012 18 1 1192
23048 18 21 2993
23050 18 3 3010
23052 18 14 3026
23054 18 3 2938
23056 18 19 2992
23058 18 21 2981
23060 18 19 3200
23064 18 14 3282
23066 18 5 4011
23068 18 10 3185
23070 18 14 3186
23072 18 1 4156
23074 18 10 5281
23076 18 15 5607
23078 18 23 5659
23080 18 9 5736
23082 18 21 5813
23084 18 19 5836
23092 18 23 5791
23094 18 15 5295
23096 18 1 5888
23098 18 19 5740
23100 18 3 5758
23102 18 1 6044
23104 18 5 5771
23112 18 10 5773
23116 18 14 5726
23118 18 15 5787
23120 18 22 5802
23124 18 2 5793
23126 18 3 5806
23128 18 5 5807
23130 18 15 6583
23132 18 19 6152
23134 18 2 6325
23136 18 14 6642
23138 18 15 7835
23142 18 10 8305
23144 18 23 8371
23146 18 21 9933
23148 18 23 10659
23150 18 21 11161
23152 18 22 10298
23154 18 19 10560
23156 18 23 11151
23158 18 21 10717
23160 18 5 11279
23162 18 19 11728
23164 18 10 11869
23168 18 1 11660
23172 18 2 11661
23174 18 15 11643
23176 18 22 11646
23178 18 21 11645
23180 18 2 11721
23182 18 14 11990
23184 18 9 11664
23196 18 2 12709
23198 18 19 12692
23200 18 22 12838
23202 18 5 12531
23206 18 23 12671
23210 18 3 12362
23212 18 9 13892
23214 18 21 14957
23216 18 3 15518
23218 18 22 16378
23220 18 5 16383
23224 18 22 16282
23226 18 10 16641
23228 18 21 16645
23230 18 22 16742
23232 18 3 17238
23234 18 10 17241
23236 18 10 16821
23240 18 3 16974
23242 18 3 17106
23244 18 10 17109
23246 18 3 17154
23248 18 9 17204
23250 18 2 17333
23252 18 10 16713
23254 18 14 17290
23256 18 10 17085
23282 18 15 17943
23284 18 3 18322
23286 18 5 18275
23288 18 22 17586
23290 18 1 18080
23292 18 9 18036
23294 18 5 18131
23296 18 2 18481
23298 18 23 18803
23300 18 3 18578
23306 18 5 20083
23308 18 21 19957
23314 18 10 20001
23316 18 2 20321
23318 18 19 19548
23320 18 15 19979
23322 18 21 20041
23344 18 22 20042
23346 18 23 20043
23350 18 10 20073
23352 18 14 20074
23354 18 22 20090
23358 18 3 20094
23360 18 21 20101
23396 18 2 20105
23404 18 5 20107
23406 18 19 20124
23410 18 21 20125
23412 18 1 20128
23418 18 3 20178
23420 18 2 20201
23422 18 14 20206
23440 18 10 20205
23442 18 23 20211
23450 18 19 20232
23454 18 21 20245
23456 18 10 20265
23466 18 10 20289
23472 18 21 19885
23474 18 23 19875
23476 18 15 19883
23478 18 19 19884
23480 18 22 20378
23508 18 23 20379
23534 18 14 20558
23536 18 22 20706
23538 18 9 21336
23540 18 14 21338
23542 18 1 21504
23544 18 23 22355
23546 18 14 22218
23548 18 22 21574
23550 18 9 23084
23552 18 15 22595
23554 18 22 24018
23556 18 1 23564
23560 18 21 25545
23582 18 19 26280
23584 18 22 26354
23586 18 19 28580
23588 18 23 27947
23590 18 1 32476
23592 18 2 32477
23594 18 3 32478
23596 18 5 32479
23606 18 3 32998
23608 18 5 32999
23610 18 14 33002
23612 18 15 33003
23614 18 19 33004
23616 18 21 33005
23618 18 23 33007
23634 18 15 33615
23636 18 2 33633
23638 18 3 34418
23640 18 3 34190
23642 18 5 34191
23644 18 10 34193
23646 18 14 34194
23648 18 15 34195
23650 18 19 34196
23652 18 21 34197
23654 18 22 34198
23656 18 23 34199
23658 18 1 34200
23660 18 2 34201
23662 18 3 34202
23664 18 5 34203
23666 18 9 34204
23668 18 5 35143
23672 18 1 35656
23684 18 21 36125
23686 18 23 35995
23688 18 9 36000
23690 18 3 36106
23694 18 21 36137
23696 18 10 37941
23698 18 3 38682
23700 18 14 38626
23702 18 10 39733
23706 18 15 40255
23708 18 19 40940
23710 18 14 41074
23714 18 2 42345
23716 18 21 44113
23718 18 23 44739
23720 18 14 44314
23722 18 22 44558
23724 18 23 44427
23726 18 23 45583
23728 18 21 45557
23730 18 5 45251
23732 18 10 45373
23734 18 21 46073
23736 18 19 46616
23738 18 3 46286
23740 18 14 46650
23742 18 2 46753
23746 18 19 48060
23748 18 10 48033
23750 18 22 47882
23754 18 19 47256
23756 18 21 49049
23758 18 3 49054
23760 18 5 49055
23762 18 15 48483
23764 18 21 48425
23766 18 21 48305
23768 18 22 48846
23770 18 15 50035
23792 18 2 49921
23796 18 3 49922
23798 18 5 49923
23800 18 9 49924
23802 18 10 49925
23804 18 14 49926
23806 18 21 49929
23808 18 22 49930
23810 18 23 49931
23812 18 23 50235
23814 18 2 50237
23816 18 10 50241
23818 18 14 50242
23820 18 22 50234
23834 18 1 50236
23840 18 1 50272
23844 18 5 51055
23846 18 22 50450
23848 18 19 50292
23850 18 21 50293
23854 18 22 50294
23856 18 2 50297
23858 18 5 50299
23860 18 23 50295
23862 18 1 50296
23866 18 3 50298
23868 18 21 50473
23870 18 9 50312
23872 18 10 50313
23874 18 15 50315
23876 18 21 50317
23878 18 22 50318
23880 18 22 50402
23882 18 23 50403
23884 18 1 50404
23886 18 2 50405
23888 18 5 50407
23890 18 9 50408
23892 18 10 50409
23964 18 21 50401
24008 18 14 50410
24010 18 15 50411
24040 18 2 50477
24042 18 1 50548
24044 18 9 50432
24046 18 10 50433
24048 18 14 51058
24050 18 1 50692
24052 18 10 50709
24054 18 9 50708
24058 18 5 50707
24060 18 3 50706
24064 18 19 50712
24066 18 21 50713
24068 18 22 50714
24082 18 2 50849
24084 18 3 50850
24086 18 5 50851
24088 18 9 50852
24090 18 10 50853
24092 18 14 50878
24094 18 15 50879
24096 18 15 50903
24098 18 2 50909
24100 18 3 51018
24102 18 3 50910
24104 18 5 51007
24106 18 1 51064
24108 18 1 51076
24110 18 23 51063
24112 18 2 51065
24120 18 3 51066
24128 18 5 51067
24136 18 9 51068
24144 18 10 51069
24152 18 14 51070
24160 18 15 51071
24168 18 19 51072
24176 18 21 51073
24184 18 22 51074
24192 18 23 51075
24206 18 3 51078
24208 18 2 51089
24210 18 2 51077
24212 18 5 51079
24220 18 9 51080
24228 18 10 51081
24236 18 14 51082
24244 18 15 51083
24252 18 19 51084
24260 18 21 51085
24268 18 22 51086
24276 18 23 51087
24284 18 1 51088
24298 18 23 52427
24300 18 15 53675
24302 18 23 53763
24304 18 21 54941
24306 18 22 54942
24310 18 5 54419
24312 18 10 55937
24314 18 1 55812
24316 18 9 59092
24318 18 1 58956
24320 18 3 59210
24322 18 9 59212
24324 18 15 59227
24326 18 1 59220
24328 18 14 59226
24330 18 21 60737
24332 18 15 60795
24334 18 1 60692
24336 18 19 62000
24338 18 14 61818
24340 18 21 65433
24342 18 1 65436
24344 18 23 66051
24346 18 14 66058
24348 18 15 65651
24350 18 10 65721
24352 18 15 65639
24354 18 3 67474
24356 18 23 71811
24358 18 10 72585
24360 18 5 74211
24362 18 23 73919
24364 18 9 73924
24366 18 14 73926
24370 18 22 76134
24372 18 22 81878
24374 18 5 81655
24376 18 1 83484
24378 18 21 89757
24380 18 19 90372
24382 18 2 91245
24384 18 14 91142
24388 18 9 93428
24390 18 14 100718
24392 18 10 100405
24394 18 22 104818
24396 18 23 104555
24398 18 21 104841
24400 18 9 104560
24402 18 22 106442
24404 18 23 106443
24406 18 1 106444
24408 18 2 106445
24410 18 3 106446
24412 18 5 106447
24414 18 9 106448
24416 18 10 106449
24418 18 14 106450
24420 18 15 106451
24422 18 19 106452
24424 18 21 106453
24426 18 22 106454
24428 18 23 106455
24430 18 1 106456
24432 18 2 106457
24434 18 3 106458
24436 18 5 106459
24438 18 9 106460
24440 18 10 106461
24442 18 14 106462
24444 18 15 106463
24446 18 19 106464
24448 18 21 106465
24450 18 22 106466
24452 18 23 106467
24454 18 1 106468
24456 18 2 106469
24458 18 3 106470
24460 18 5 106471
24462 18 9 106472
24464 18 10 106473
24466 18 14 106474
24468 18 15 106475
24470 18 19 106476
24472 18 21 106477
24474 18 22 106478
24476 18 3 105930
24478 18 23 106479
24480 18 1 106480
24482 18 2 106481
24484 18 3 106482
24486 18 5 106483
24488 18 9 106484
24490 18 10 106485
24492 18 14 106486
24494 18 15 106487
24496 18 19 106488
24498 18 21 106489
24500 18 22 106490
24502 18 23 106491
24504 18 1 106492
24506 18 2 106493
24508 18 3 106494
24510 18 5 106495
24512 18 1 106496
24514 18 2 106497
24516 18 3 106498
24518 18 5 106499
24520 18 9 106500
24522 18 10 106501
24524 18 14 106502
24526 18 15 106503
24528 18 19 106504
24530 18 21 106505
24532 18 22 106506
24534 18 23 106507
24536 18 1 106508
24538 18 2 106509
24540 18 3 106510
24542 18 5 106511
24544 18 9 106512
24546 18 10 106513
24548 18 14 106514
24550 18 15 106515
24552 18 19 106516
24554 18 21 106517
24556 18 22 106518
24558 18 23 106519
24560 18 1 106520
24562 18 2 106521
24564 18 3 106522
24566 18 5 106523
24568 18 9 106524
24570 18 10 106525
24572 18 14 106526
24574 18 15 106527
24576 18 19 106528
24578 18 21 106529
24580 18 22 106530
24582 18 23 106531
24584 18 1 106532
24586 18 2 106533
24588 18 3 106534
24590 18 5 106535
24592 18 9 106536
24594 18 10 106537
24596 18 14 106538
24598 18 15 106539
24600 18 19 106540
24602 18 21 106541
24604 18 22 106542
24606 18 23 106543
24608 18 1 106544
24610 18 2 106545
24612 18 3 106546
24614 18 5 106547
24616 18 9 106548
24618 18 10 106549
24620 18 14 106550
24622 18 15 106551
24624 18 19 106552
24626 18 21 106553
24628 18 22 106554
24630 18 23 106555
24632 18 1 106556
24634 18 2 106557
24636 18 3 106558
24638 18 5 106559
24640 18 9 106560
24642 18 10 106561
24644 18 14 106562
24646 18 15 106563
24648 18 19 106564
24650 18 21 106565
24652 18 22 106566
24654 18 23 106567
24656 18 1 106568
24658 18 2 106569
24660 18 3 106570
24662 18 5 106571
24664 18 9 106572
24666 18 10 106573
24668 18 14 106574
24670 18 15 106575
24672 18 19 106576
24674 18 21 106577
24676 18 22 106578
24678 18 23 106579
24680 18 1 106580
24682 18 2 106581
24684 18 3 106582
24686 18 5 106583
24688 18 9 106584
24690 18 10 106585
24692 18 14 106586
24694 18 15 106587
24696 18 19 106588
24698 18 21 106589
24700 18 22 106590
24702 18 23 106591
24704 18 1 106592
24706 18 2 106593
24708 18 3 106594
24710 18 5 106595
24712 18 9 106596
24714 18 10 106597
24716 18 14 106598
24718 18 15 106599
24720 18 19 106600
24722 18 21 106601
24724 18 22 106602
24726 18 23 106603
24728 18 1 106604
24730 18 2 106605
24732 18 3 106606
24734 18 5 106607
24736 18 9 106608
24738 18 10 106609
24740 18 14 106610
24742 18 15 106611
24744 18 19 106612
24746 18 21 106613
24748 18 22 106614
24750 18 23 106615
24752 18 1 106616
24754 18 2 106617
24756 18 3 106618
24758 18 5 106619
24760 18 9 106620
24762 18 10 106621
24764 18 14 106622
24766 18 15 106623
24768 18 19 106624
24770 18 21 106625
24772 18 22 106626
24774 18 23 106627
24776 18 1 106628
24778 18 2 106629
24780 18 3 106630
24782 18 5 106631
24784 18 9 106632
24786 18 10 106633
24788 18 14 106634
24790 18 15 106635
24792 18 19 106636
24794 18 21 106637
24796 18 22 106638
24798 18 23 106639
24800 18 1 106640
24802 18 2 106641
24804 18 3 106642
24806 18 5 106643
24808 18 9 106644
24810 18 10 106645
24812 18 14 106646
24814 18 15 106647
24816 18 19 106648
24818 18 21 106649
24820 18 22 106650
24822 18 23 106651
24824 18 1 106652
24826 18 2 106653
24828 18 3 106654
24830 18 5 106655
24832 18 9 106656
24834 18 10 106657
24836 18 14 106658
24838 18 15 106659
24840 18 19 106660
24842 18 21 106661
24844 18 22 106662
24846 18 23 106663
24848 18 1 106664
24850 18 2 106665
24852 18 3 106666
24854 18 5 106667
24856 18 9 106668
24858 18 10 106669
24860 18 14 106670
24862 18 15 106671
24864 18 19 106672
24866 18 21 106673
24868 18 22 106674
24870 18 23 106675
24872 18 1 106676
24874 18 2 106677
24876 18 3 106678
24878 18 5 106679
24880 18 9 106680
24882 18 10 106681
24884 18 14 106682
24886 18 15 106683
24888 18 19 106684
24890 18 21 106685
24892 18 22 106686
24894 18 23 106687
24896 18 1 106688
24898 18 2 106689
24900 18 3 106690
24902 18 5 106691
24904 18 9 106692
24906 18 10 106693
24908 18 14 106694
24910 18 15 106695
24912 18 19 106696
24914 18 21 106697
24916 18 22 106698
24918 18 23 106699
24920 18 1 106700
24922 18 2 106701
24924 18 3 106702
24926 18 5 106703
24928 18 9 106704
24930 18 10 106705
24932 18 14 106706
24934 18 15 106707
24936 18 19 106708
24938 18 21 106709
24940 18 22 106710
24942 18 23 106711
24944 18 1 106712
24946 18 2 106713
24948 18 3 106714
24950 18 5 106715
24952 18 9 106716
24954 18 10 106717
24956 18 14 106718
24958 18 15 106719
24960 18 19 106720
24962 18 21 106721
24964 18 22 106722
24968 18 23 106723
24970 18 1 106724
24972 18 2 106725
24974 18 3 106726
24976 18 5 106727
24978 18 9 106728
24980 18 10 106729
24982 18 14 106730
24984 18 15 106731
24986 18 19 106732
24988 18 21 106733
24990 18 22 106734
24992 18 23 106735
24994 18 1 106736
24996 18 2 106737
24998 18 3 106738
25000 18 5 106739
25002 18 9 106740
25004 18 10 106741
25006 18 14 106742
25008 18 15 106743
25010 18 19 106744
25012 18 21 106745
25014 18 22 106746
25016 18 23 106747
25018 18 1 106748
25020 18 2 106749
25022 18 3 106750
25024 18 5 106751
25026 18 9 106752
25028 18 10 106753
25030 18 14 106754
25032 18 15 106755
25034 18 19 106756
25036 18 21 106757
25038 18 22 106758
25040 18 23 106759
25042 18 1 106760
25044 18 2 106761
25046 18 3 106762
25048 18 5 106763
25050 18 9 106764
25052 18 10 106765
25054 18 14 106766
25056 18 15 106767
25058 18 19 106768
25060 18 21 106769
25062 18 22 106770
25064 18 23 106771
25066 18 1 106772
25068 18 2 106773
25070 18 3 106774
25072 18 5 106775
25088 18 9 106776
25090 18 10 106777
25092 18 14 106778
25094 18 15 106779
25096 18 19 106780
25098 18 21 106781
25100 18 22 106782
25102 18 23 106783
25104 18 1 106784
25106 18 2 106785
25108 18 3 106786
25110 18 5 106787
25112 18 9 106788
25114 18 10 106789
25116 18 14 106790
25118 18 15 106791
25120 18 19 106792
25122 18 21 106793
25124 18 22 106794
25126 18 23 106795
25128 18 1 106796
25130 18 2 106797
25132 18 3 106798
25134 18 5 106799
25136 18 9 106800
25138 18 10 106801
25140 18 14 106802
25142 18 15 106803
25144 18 19 106804
25146 18 21 106805
25148 18 22 106806
25150 18 23 106807
25152 18 1 106808
25154 18 2 106809
25156 18 3 106810
25158 18 5 106811
25160 18 9 106812
25162 18 10 106813
25164 18 14 106814
25166 18 15 106815
25168 18 19 106816
25170 18 21 106817
25172 18 22 106818
25174 18 23 106819
25176 18 1 106820
25178 18 2 106821
25180 18 3 106822
25182 18 5 106823
25184 18 9 106824
25186 18 10 106825
25188 18 14 106826
25190 18 15 106827
25192 18 19 106828
25194 18 21 106829
25196 18 22 106830
25198 18 23 106831
25200 18 1 106832
25202 18 2 106833
25204 18 3 106834
25206 18 5 106835
25208 18 9 106836
25210 18 10 106837
25212 18 14 106838
25214 18 15 106839
25216 18 19 106840
25218 18 21 106841
25222 18 22 106842
25224 18 23 106843
25226 18 1 106844
25228 18 2 106845
25230 18 3 106846
25232 18 5 106847
25234 18 9 106848
25236 18 10 106849
25238 18 14 106850
25240 18 15 106851
25242 18 19 106852
25244 18 21 106853
25246 18 22 106854
25248 18 23 106855
25250 18 1 106856
25252 18 2 106857
25254 18 3 106858
25256 18 5 106859
25258 18 9 106860
25260 18 10 106861
25262 18 14 106862
25266 18 15 106863
25268 18 19 106864
25270 18 21 106865
25272 18 22 106866
25274 18 23 106867
25276 18 1 106868
25278 18 2 106869
25280 18 3 106870
25282 18 5 106871
25284 18 9 106872
25286 18 10 106873
25288 18 14 106874
25290 18 15 106875
25292 18 19 106876
25294 18 21 106877
25296 18 22 106878
25298 18 23 106879
25300 18 1 106880
25302 18 2 106881
25304 18 3 106882
25306 18 5 106883
25308 18 9 106884
25310 18 10 106885
25312 18 14 106886
25314 18 15 106887
25316 18 19 106888
25318 18 21 106889
25320 18 22 106890
25322 18 23 106891
25324 18 1 106892
25326 18 2 106893
25328 18 3 106894
25330 18 5 106895
25332 18 9 106896
25334 18 10 106897
25336 18 14 106898
25338 18 15 106899
25340 18 19 106900
25342 18 21 106901
25344 18 22 106902
25346 18 23 106903
25348 18 1 106904
25350 18 2 106905
25352 18 3 106906
25354 18 5 106907
25356 18 9 106908
25358 18 10 106909
25360 18 14 106910
25362 18 15 106911
25364 18 19 106912
25366 18 21 106913
25368 18 22 106914
25370 18 23 106915
25372 18 1 106916
25374 18 2 106917
25376 18 3 106918
25378 18 5 106919
25380 18 9 106920
25382 18 10 106921
25384 18 14 106922
25386 18 15 106923
25388 18 19 106924
25390 18 21 106925
25392 18 22 106926
25394 18 23 106927
25396 18 1 106928
25398 18 2 106929
25402 18 3 106930
25404 18 5 106931
25406 18 9 106932
25408 18 10 106933
25410 18 14 106934
25412 18 15 106935
25414 18 19 106936
25416 18 21 106937
25418 18 22 106938
25420 18 23 106939
25422 18 1 106940
25424 18 2 106941
25426 18 3 106942
25428 18 5 106943
25430 18 9 106944
25440 18 10 106945
25442 18 14 106946
25444 18 15 106947
25446 18 19 106948
25448 18 21 106949
25450 18 22 106950
25452 18 23 106951
25454 18 1 106952
25456 18 2 106953
25458 18 3 106954
25460 18 5 106955
25462 18 9 106956
25464 18 10 106957
25466 18 14 106958
25474 18 15 106959
25476 18 19 106960
25478 18 21 106961
25480 18 22 106962
25482 18 23 106963
25484 18 1 106964
25486 18 2 106965
25488 18 3 106966
25496 18 5 106967
25498 18 9 106968
25500 18 10 106969
25502 18 14 106970
25504 18 15 106971
25506 18 19 106972
25508 18 21 106973
25510 18 22 106974
25512 18 23 106975
25514 18 1 106976
25516 18 2 106977
25518 18 3 106978
25520 18 5 106979
25522 18 9 106980
25524 18 10 106981
25526 18 14 106982
25528 18 15 106983
25530 18 19 106984
25532 18 21 106985
25534 18 22 106986
25536 18 23 106987
25538 18 1 106988
25540 18 2 106989
25542 18 3 106990
25544 18 5 106991
25546 18 9 106992
25548 18 10 106993
25550 18 14 106994
25552 18 15 106995
25554 18 19 106996
25556 18 21 106997
25558 18 22 106998
25560 18 23 106999
25562 18 1 107000
25564 18 2 107001
25566 18 3 107002
25568 18 5 107003
25570 18 9 107004
25572 18 10 107005
25574 18 14 107006
25576 18 15 107007
25578 18 19 107008
25580 18 21 107009
25582 18 22 107010
25584 18 23 107011
25586 18 1 107012
25588 18 2 107013
25590 18 3 107014
25592 18 5 107015
25594 18 9 107016
25596 18 10 107017
25598 18 14 107018
25600 18 15 107019
25602 18 19 107020
25604 18 21 107021
25606 18 22 107022
25608 18 23 107023
25610 18 1 107024
25612 18 2 107025
25614 18 3 107026
25616 18 5 107027
25618 18 9 107028
25620 18 10 107029
25622 18 14 107030
25624 18 15 107031
25626 18 19 107032
25628 18 21 107033
25630 18 22 107034
25632 18 23 107035
25634 18 1 107036
25636 18 2 107037
25638 18 3 107038
25640 18 5 107039
25642 18 9 107040
25644 18 10 107041
25646 18 14 107042
25648 18 15 107043
25650 18 19 107044
25652 18 21 107045
25654 18 22 107046
25656 18 23 107047
25658 18 1 107048
25660 18 2 107049
25662 18 3 107050
25664 18 5 107051
25666 18 9 107052
25668 18 10 107053
25670 18 14 107054
25672 18 15 107055
25674 18 19 107056
25676 18 21 107057
25678 18 22 107058
25680 18 23 107059
25682 18 1 107060
25684 18 2 107061
25686 18 3 107062
25688 18 5 107063
25690 18 9 107064
25692 18 10 107065
25694 18 14 107066
25696 18 15 107067
25698 18 19 107068
25700 18 21 107069
25702 18 22 107070
25704 18 23 107071
25706 18 1 107072
25708 18 2 107073
25710 18 3 107074
25712 18 5 107075
25714 18 9 107076
25716 18 10 107077
25718 18 14 107078
25720 18 15 107079
25722 18 19 107080
25724 18 21 107081
25726 18 22 107082
25728 18 23 107083
25730 18 1 107084
25732 18 2 107085
25734 18 3 107086
25736 18 5 107087
25738 18 9 107088
25740 18 10 107089
25742 18 14 107090
25744 18 15 107091
25746 18 19 107092
25748 18 21 107093
25750 18 22 107094
25752 18 23 107095
25754 18 1 107096
25756 18 2 107097
25758 18 3 107098
25760 18 5 107099
25762 18 9 107100
25764 18 10 107101
25766 18 14 107102
25768 18 15 107103
25770 18 19 107104
25772 18 21 107105
25774 18 22 107106
25776 18 23 107107
25778 18 1 107108
25780 18 2 107109
25782 18 3 107110
25784 18 5 107111
25786 18 9 107112
25788 18 10 107113
25790 18 14 107114
25792 18 15 107115
25794 18 19 107116
25796 18 21 107117
25798 18 22 107118
25800 18 23 107119
25802 18 1 107120
25804 18 2 107121
25806 18 3 107122
25808 18 5 107123
25810 18 9 107124
25812 18 10 107125
25814 18 14 107126
25816 18 15 107127
25818 18 19 107128
25820 18 21 107129
25822 18 22 107130
25824 18 23 107131
25826 18 1 107132
25828 18 2 107133
25830 18 3 107134
25832 18 5 107135
25834 18 9 107136
25836 18 10 107137
25838 18 14 107138
25840 18 15 107139
25842 18 19 107140
25844 18 21 107141
25846 18 22 107142
25848 18 23 107143
25850 18 1 107144
25852 18 2 107145
25854 18 3 107146
25856 18 5 107147
25858 18 9 107148
25860 18 10 107149
25862 18 14 107150
25864 18 15 107151
25866 18 19 107152
25868 18 21 107153
25870 18 22 107154
25872 18 23 107155
25874 18 1 107156
25876 18 2 107157
25878 18 3 107158
25880 18 5 107159
25882 18 9 107160
25884 18 10 107161
25886 18 14 107162
25888 18 15 107163
25890 18 19 107164
25892 18 21 107165
25894 18 22 107166
25896 18 23 107167
25898 18 1 107168
25900 18 2 107169
25902 18 3 107170
25904 18 5 107171
25906 18 9 107172
25908 18 10 107173
25910 18 14 107174
25912 18 15 107175
25914 18 19 107176
25916 18 21 107177
25918 18 22 107178
25920 18 23 107179
25922 18 1 107180
25924 18 2 107181
25926 18 3 107182
25928 18 5 107183
25930 18 9 107184
25932 18 10 107185
25934 18 14 107186
25936 18 15 107187
25938 18 19 107188
25940 18 21 107189
25942 18 22 107190
25944 18 23 107191
25946 18 1 107192
25948 18 2 107193
25950 18 3 107194
25952 18 5 107195
25954 18 9 107196
25956 18 10 107197
25958 18 14 107198
25960 18 15 107199
25962 18 19 107200
25964 18 21 107201
25966 18 22 107202
25968 18 23 107203
25970 18 1 107204
25972 18 2 107205
25974 18 3 107206
25976 18 5 107207
25978 18 9 107208
25980 18 10 107209
25982 18 14 107210
25984 18 15 107211
25986 18 19 107212
25988 18 21 107213
25990 18 22 107214
25992 18 23 107215
25994 18 1 107216
25996 18 2 107217
25998 18 3 107218
26000 18 5 107219
26002 18 9 107220
26004 18 10 107221
26006 18 14 107222
26008 18 15 107223
26010 18 19 107224
26012 18 21 107225
26014 18 22 107226
26016 18 23 107227
26018 18 1 107228
26020 18 2 107229
26022 18 3 107230
26024 18 5 107231
26026 18 9 107232
26028 18 10 107233
26030 18 14 107234
26032 18 15 107235
26034 18 19 107236
26036 18 21 107237
26038 18 22 107238
26040 18 23 107239
26042 18 1 107240
26044 18 2 107241
26046 18 3 107242
26048 18 5 107243
26050 18 9 107244
26052 18 10 107245
26054 18 14 107246
26056 18 15 107247
26058 18 19 107248
26060 18 21 107249
26062 18 22 107250
26064 18 23 107251
26066 18 1 107252
26068 18 2 107253
26070 18 3 107254
26072 18 5 107255
26074 18 9 107256
26076 18 10 107257
26078 18 14 107258
26080 18 15 107259
26082 18 19 107260
26084 18 21 107261
26086 18 22 107262
26088 18 23 107263
26090 18 1 107264
26092 18 2 107265
26094 18 3 107266
26096 18 5 107267
26098 18 9 107268
26100 18 10 107269
26102 18 14 107270
26104 18 15 107271
26106 18 19 107272
26108 18 21 107273
26110 18 22 107274
26112 18 23 107275
26114 18 1 107276
26116 18 2 107277
26118 18 3 107278
26120 18 5 107279
26122 18 9 107280
26124 18 10 107281
26126 18 14 107282
26128 18 1 0
26130 18 15 751
26132 18 5 39
26136 18 21 201
26200 18 23 191
26210 18 22 862
26232 18 3 830
26236 18 22 994
26238 18 1 996
26346 18 15 1259
26348 18 21 1093
26350 18 5 1675
26352 18 9 1688
26354 18 21 1693
26446 18 3 1662
26450 18 2 1901
26452 18 21 1945
26454 18 21 1273
26456 18 2 2877
26458 18 19 2992
26476 18 14 3026
26478 18 1 3636
26480 18 2 3409
26482 18 10 3677
26484 18 15 3751
26488 18 14 3678
26492 18 3 3950
26494 18 22 3250
26496 18 21 4261
26498 18 14 5074
26500 18 3 5058
26506 18 2 5409
26508 18 2 5721
26510 18 19 6028
26512 18 10 5389
26514 18 22 5490
26516 18 15 5607
26518 18 9 5736
26520 18 21 6089
26522 18 9 5340
26524 18 1 5444
26526 18 15 5439
26528 18 23 5383
26530 18 23 5455
26534 18 9 5376
26538 18 3 5434
26540 18 21 5477
26542 18 9 5904
26544 18 5 6035
26546 18 9 6036
26548 18 19 6088
26550 18 21 5885
26552 18 3 5302
26554 18 1 5360
26556 18 3 5650
26558 18 15 5943
26560 18 3 6242
26562 18 15 6667
26564 18 22 6250
26566 18 3 6338
26568 18 9 6652
26570 18 19 6152
26572 18 3 6350
26578 18 15 6367
26580 18 5 6315
26582 18 2 6553
26584 18 15 7051
26586 18 22 7610
26588 18 23 7755
26650 18 19 7824
26654 18 23 8371
26656 18 19 10356
26660 18 1 11756
26662 18 14 11654
26664 18 5 11279
26666 18 1 11768
26668 18 22 11562
26670 18 3 11830
26674 18 10 12533
26676 18 23 12503
26678 18 19 12692
26680 18 19 12932
26682 18 21 12933
26684 18 23 12935
26686 18 1 12936
26688 18 5 12939
26690 18 9 12940
26692 18 19 12944
26694 18 21 12945
26696 18 22 12946
26716 18 22 12358
26718 18 23 12695
26720 18 5 13687
26722 18 10 13605
26726 18 21 14957
26728 18 14 15390
26732 18 22 16646
26734 18 10 16713
26736 18 19 16848
26738 18 5 17119
26740 18 22 17066
26742 18 21 17305
26744 18 21 16705
26746 18 22 16706
26750 18 3 17214
26752 18 23 16947
26754 18 1 18456
26756 18 19 19316
26758 18 3 20298
26760 18 2 20201
26762 18 1 20720
26764 18 19 20968
26766 18 3 21058
26768 18 1 21476
26770 18 5 20903
26868 18 10 20965
26870 18 9 22012
26872 18 2 22949
26874 18 1 22756
26876 18 19 24340
26878 18 21 24341
26880 18 22 24342
26882 18 23 24343
26884 18 1 24344
26886 18 2 24345
26888 18 3 24346
26890 18 5 24347
26892 18 9 24348
26894 18 10 24349
26896 18 14 24350
26898 18 15 24351
26900 18 19 24352
26902 18 21 24353
26904 18 22 24354
26906 18 23 24355
26908 18 22 23586
26910 18 5 23771
26914 18 1 23912
26916 18 19 24112
26918 18 21 24113
26920 18 5 24311
26922 18 5 25431
26924 18 9 25432
26926 18 10 25433
26928 18 14 25434
26930 18 3 24998
26934 18 22 25006
26954 18 2 25009
26960 18 14 25014
26964 18 3 25034
26966 18 2 25045
26998 18 9 25048
27000 18 10 25049
27002 18 14 25050
27004 18 15 25051
27006 18 19 25052
27008 18 21 25053
27010 18 22 25054
27012 18 23 25055
27014 18 1 25056
27016 18 2 25057
27032 18 3 25058
27136 18 9 25060
27138 18 23 25067
27140 18 15 25075
27144 18 19 25076
27150 18 5 25083
27154 18 15 25087
27166 18 19 25388
27168 18 3 25106
27170 18 10 25109
27172 18 21 25101
27174 18 9 25108
27186 18 23 25115
27188 18 1 25116
27208 18 5 25119
27210 18 10 25121
27242 18 15 25123
27268 18 22 25126
27276 18 23 25367
27278 18 2 25129
27282 18 19 29172
27284 18 5 31771
27292 18 10 33433
27294 18 21 32921
27296 18 3 35586
27298 18 5 35587
27300 18 21 35161
27302 18 3 35166
27304 18 2 35225
27306 18 21 35233
27308 18 22 35234
27310 18 9 35240
27312 18 10 35241
27314 18 1 35248
27316 18 3 35250
27318 18 5 35251
27320 18 9 35252
27322 18 14 35254
27324 18 19 35256
27326 18 21 35257
27328 18 22 35258
27330 18 23 35259
27332 18 1 35260
27334 18 3 35262
27336 18 9 35264
27338 18 10 35265
27340 18 14 35266
27342 18 15 35267
27344 18 19 35268
27346 18 21 35269
27348 18 22 35270
27350 18 1 35272
27352 18 2 35273
27354 18 3 35274
27356 18 5 35275
27358 18 9 35276
27360 18 10 35277
27362 18 14 35278
27364 18 15 35279
27366 18 19 35280
27368 18 21 35281
27370 18 22 35282
27372 18 23 35283
27374 18 1 35284
27376 18 2 35285
27378 18 3 35286
27380 18 9 35288
27382 18 10 35289
27384 18 14 35290
27386 18 15 35291
27388 18 19 35292
27390 18 21 35293
27392 18 1 35296
27394 18 2 35297
27396 18 3 35298
27398 18 5 35299
27400 18 10 35301
27402 18 14 35302
27404 18 15 35303
27406 18 19 35304
27408 18 21 35305
27410 18 22 35306
27412 18 23 35307
27414 18 1 35308
27416 18 2 35309
27418 18 3 35310
27420 18 5 35311
27422 18 9 35312
27424 18 10 35313
27426 18 14 35314
27428 18 15 35315
27430 18 21 35317
27432 18 22 35318
27434 18 23 35319
27436 18 1 35320
27438 18 2 35321
27440 18 3 35322
27442 18 5 35323
27444 18 9 35324
27446 18 14 35326
27448 18 15 35327
27450 18 19 35328
27452 18 21 35329
27454 18 22 35330
27456 18 23 35331
27458 18 1 35332
27460 18 2 35333
27462 18 3 35334
27464 18 9 35336
27466 18 10 35337
27468 18 14 35338
27470 18 15 35339
27472 18 19 35340
27474 18 21 35341
27476 18 22 35342
27478 18 23 35343
27480 18 1 35344
27482 18 2 35345
27484 18 3 35346
27494 18 21 35017
27496 18 15 35027
27498 18 9 35000
27500 18 22 36018
27504 18 15 38687
27506 18 3 39142
27508 18 9 39156
27510 18 14 39158
27512 18 22 39630
27514 18 23 39631
27544 18 2 39249
27546 18 3 39250
27550 18 9 42936
27552 18 21 44425
27554 18 23 44739
27556 18 5 44791
27558 18 3 44934
27560 18 5 44935
27562 18 9 44936
27564 18 10 44937
27568 18 9 46924
27570 18 10 46925
27572 18 3 46490
27574 18 1 46836
27576 18 19 47364
27578 18 9 47564
27580 18 19 47592
27582 18 2 48077
27584 18 15 47807
27586 18 14 48902
27588 18 3 49054
27590 18 10 49865
27592 18 14 49866
27594 18 2 51101
27596 18 22 50774
27598 18 21 52485
27600 18 23 52487
27602 18 5 52455
27604 18 14 54214
27606 18 19 53736
27608 18 1 54716
27610 18 2 54717
27612 18 5 55431
27614 18 10 55433
27616 18 3 55310
27620 18 21 58581
27622 18 21 59617
27624 18 1 61704
27626 18 9 61768
27628 18 14 63494
27630 18 2 63513
27632 18 3 63514
27634 18 1 63512
27642 18 21 63533
27644 18 15 63579
27648 18 19 63568
27650 18 3 63550
27652 18 22 63546
27656 18 2 63573
27660 18 10 63565
27662 18 1 63548
27666 18 21 63557
27674 18 10 63553
27678 18 2 63549
27682 18 5 63551
27684 18 19 63556
27688 18 9 63552
27692 18 14 63554
27698 18 15 63555
27716 18 23 63559
27722 18 22 63558
27728 18 23 63583
27730 18 1 63608
27732 18 3 63610
27734 18 10 63637
27736 18 1 63668
27738 18 9 63672
27740 18 10 63673
27742 18 14 63674
27744 18 15 63675
27746 18 1 63680
27748 18 22 63678
27752 18 5 63671
27756 18 3 63682
27758 18 5 63683
27760 18 21 63713
27762 18 19 63712
27764 18 22 63714
27768 18 23 63715
27772 18 1 63716
27776 18 2 63717
27780 18 5 63719
27782 18 3 63718
27784 18 9 63720
27788 18 10 63721
27792 18 14 63722
27796 18 19 63724
27798 18 15 63723
27800 18 21 63725
27804 18 22 63726
27808 18 23 63727
27812 18 1 63728
27816 18 3 63730
27818 18 2 63729
27820 18 5 63731
27824 18 9 63732
27828 18 10 63733
27832 18 14 63734
27836 18 15 63735
27840 18 21 63737
27842 18 19 63736
27844 18 22 63738
27848 18 23 63739
27852 18 2 63741
27854 18 1 63740
27856 18 5 63743
27858 18 3 63742
27860 18 10 63745
27862 18 9 63744
27864 18 14 63746
27868 18 15 63747
27872 18 19 63748
27876 18 21 63749
27880 18 22 63750
27884 18 23 63751
27888 18 1 63752
27892 18 2 63753
27896 18 3 63754
27900 18 5 63755
27904 18 9 63756
27908 18 10 63757
27912 18 14 63758
27916 18 15 63759
27920 18 21 63761
27922 18 19 63760
27924 18 22 63762
27928 18 21 63797
27930 18 19 63796
27932 18 22 63798
27936 18 23 63799
27940 18 2 63801
27942 18 1 63800
27944 18 3 63802
27948 18 5 63803
27952 18 9 63804
27956 18 10 63805
27960 18 14 63806
27964 18 15 63807
27968 18 19 63808
27972 18 21 63809
27976 18 3 63826
27978 18 19 63856
27980 18 3 63862
27982 18 5 63863
27984 18 14 63866
27986 18 22 63870
27988 18 14 63878
27990 18 23 63859
27992 18 5 63839
27994 18 10 63853
27996 18 1 63860
27998 18 10 63865
28000 18 19 63868
28002 18 21 63869
28004 18 5 63875
28006 18 15 63879
28008 18 21 63881
28010 18 23 63883
28012 18 2 63885
28014 18 5 63887
28016 18 19 63880
28018 18 14 63854
28020 18 2 63873
28022 18 3 63874
28026 18 1 63836
28030 18 3 63886
28032 18 15 63843
28034 18 22 63858
28036 18 9 63864
28038 18 9 63876
28040 18 23 63835
28042 18 2 63837
28044 18 9 63840
28046 18 14 63842
28048 18 19 63844
28050 18 9 63852
28052 18 23 63871
28054 18 15 63891
28056 18 23 63907
28058 18 9 63900
28060 18 10 63901
28066 18 22 63930
28068 18 3 63982
28070 18 19 63988
28072 18 22 63990
28074 18 2 64041
28076 18 19 64072
28082 18 5 64043
28094 18 5 64055
28096 18 3 64054
28098 18 19 64048
28100 18 9 64056
28102 18 21 64049
28104 18 10 64057
28106 18 14 64046
28108 18 1 64052
28114 18 5 64019
28116 18 9 64020
28118 18 10 64021
28120 18 14 64022
28122 18 15 64023
28124 18 22 64062
28126 18 23 64063
28128 18 5 64067
28130 18 5 64031
28132 18 19 64036
28134 18 1 64064
28136 18 14 64070
28138 18 2 64065
28140 18 23 64027
28142 18 9 64068
28144 18 2 64029
28148 18 9 64032
28150 18 21 64061
28154 18 22 64026
28156 18 21 64025
28158 18 1 64028
28160 18 21 64037
28166 18 2 64053
28168 18 10 64045
28188 18 1 64076
28190 18 9 64080
28192 18 10 64081
28194 18 14 64082
28196 18 15 64083
28198 18 19 64084
28200 18 21 64085
28202 18 22 64086
28204 18 23 64087
28206 18 1 64088
28208 18 2 64089
28210 18 3 64090
28212 18 5 64091
28214 18 9 64092
28216 18 10 64093
28218 18 14 64094
28220 18 15 64095
28222 18 19 64096
28224 18 21 64097
28226 18 22 64098
28228 18 23 64099
28230 18 1 64100
28232 18 2 64101
28234 18 3 64102
28236 18 5 64103
28238 18 9 64104
28240 18 10 64105
28242 18 14 64106
28244 18 15 64107
28246 18 19 64108
28248 18 21 64109
28250 18 22 64110
28252 18 23 64111
28254 18 1 64112
28256 18 2 64113
28258 18 3 64114
28260 18 5 64115
28262 18 9 64116
28264 18 10 64117
28266 18 14 64118
28268 18 15 64119
28270 18 19 64120
28272 18 21 64121
28274 18 22 64122
28276 18 23 64123
28278 18 1 64124
28280 18 2 64125
28282 18 3 64126
28284 18 5 64127
28286 18 9 64128
28288 18 10 64129
28290 18 14 64130
28292 18 15 64131
28294 18 19 64132
28296 18 21 64133
28298 18 22 64134
28300 18 23 64135
28302 18 1 64136
28304 18 2 64137
28306 18 3 64138
28308 18 5 64139
28310 18 9 64140
28312 18 10 64141
28314 18 14 64142
28316 18 15 64143
28318 18 19 64144
28320 18 21 64145
28322 18 22 64146
28324 18 23 64147
28326 18 1 64148
28328 18 2 64149
28330 18 3 64150
28332 18 5 64151
28334 18 9 64152
28336 18 10 64153
28338 18 14 64154
28340 18 15 64155
28342 18 19 64156
28344 18 21 64157
28346 18 22 64158
28348 18 23 64159
28350 18 1 64160
28352 18 2 64161
28354 18 3 64162
28356 18 5 64163
28358 18 9 64164
28360 18 10 64165
28362 18 14 64166
28364 18 15 64167
28366 18 19 64168
28368 18 21 64169
28370 18 22 64170
28372 18 23 64171
28374 18 1 64172
28376 18 2 64173
28378 18 3 64174
28380 18 5 64175
28382 18 9 64176
28384 18 10 64177
28386 18 14 64178
28388 18 15 64179
28390 18 19 64180
28392 18 21 64181
28394 18 22 64182
28396 18 23 64183
28398 18 1 64184
28400 18 2 64185
28402 18 3 64186
28404 18 5 64187
28406 18 9 64188
28408 18 10 64189
28410 18 14 64190
28412 18 15 64191
28414 18 19 64192
28416 18 21 64193
28418 18 22 64194
28420 18 23 64195
28422 18 1 64196
28424 18 2 64197
28426 18 3 64198
28428 18 5 64199
28430 18 9 64200
28432 18 10 64201
28434 18 14 64202
28436 18 15 64203
28438 18 19 64204
28440 18 21 64205
28442 18 22 64206
28444 18 23 64207
28446 18 1 64208
28448 18 2 64209
28450 18 3 64210
28452 18 5 64211
28454 18 9 64212
28456 18 10 64213
28458 18 14 64214
28460 18 15 64215
28462 18 19 64216
28464 18 21 64217
28466 18 22 64218
28468 18 23 64219
28470 18 1 64220
28472 18 2 64221
28474 18 3 64222
28476 18 5 64223
28478 18 9 64224
28480 18 10 64225
28482 18 14 64226
28484 18 15 64227
28486 18 19 64228
28488 18 21 64229
28490 18 22 64230
28492 18 23 64231
28494 18 1 64232
28496 18 2 64233
28498 18 3 64234
28500 18 5 64235
28502 18 9 64236
28504 18 10 64237
28506 18 14 64238
28508 18 15 64239
28510 18 19 64240
28512 18 21 64241
28514 18 22 64242
28516 18 23 64243
28518 18 1 64244
28520 18 2 64245
28522 18 3 64246
28524 18 5 64247
28526 18 9 64248
28528 18 10 64249
28530 18 14 64250
28532 18 15 64251
28534 18 19 64252
28536 18 21 64253
28538 18 22 64254
28540 18 23 64255
28542 18 1 64256
28544 18 2 64257
28546 18 3 64258
28548 18 5 64259
28550 18 9 64260
28552 18 10 64261
28554 18 14 64262
28556 18 15 64263
28558 18 19 64264
28560 18 21 64265
28562 18 22 64266
28564 18 23 64267
28566 18 1 64268
28568 18 2 64269
28570 18 3 64270
28572 18 5 64271
28574 18 9 64272
28576 18 10 64273
28578 18 14 64274
28580 18 15 64275
28582 18 19 64276
28584 18 21 64277
28586 18 22 64278
28588 18 23 64279
28590 18 1 64280
28592 18 2 64281
28594 18 3 64282
28596 18 5 64283
28598 18 9 64284
28600 18 10 64285
28602 18 14 64286
28604 18 15 64287
28606 18 19 64288
28608 18 21 64289
28610 18 22 64290
28612 18 23 64291
28614 18 1 64292
28616 18 2 64293
28618 18 3 64294
28620 18 5 64295
28622 18 9 64296
28624 18 10 64297
28626 18 14 64298
28628 18 15 64299
28630 18 19 64300
28632 18 21 64301
28634 18 22 64302
28636 18 23 64303
28638 18 1 64304
28640 18 2 64305
28642 18 3 64306
28644 18 5 64307
28646 18 9 64308
28648 18 10 64309
28650 18 14 64310
28652 18 15 64311
28654 18 19 64312
28656 18 21 64313
28658 18 22 64314
28660 18 23 64315
28662 18 1 64316
28664 18 2 64317
28666 18 3 64318
28668 18 5 64319
28670 18 9 64320
28672 18 10 64321
28674 18 14 64322
28676 18 15 64323
28678 18 19 64324
28680 18 21 64325
28682 18 22 64326
28684 18 23 64327
28686 18 1 64328
28688 18 2 64329
28690 18 3 64330
28692 18 5 64331
28694 18 9 64332
28696 18 10 64333
28698 18 14 64334
28700 18 15 64335
28702 18 19 64336
28704 18 21 64337
28706 18 22 64338
28708 18 23 64339
28710 18 1 64340
28712 18 2 64341
28714 18 3 64342
28716 18 5 64343
28718 18 9 64344
28720 18 10 64345
28722 18 14 64346
28724 18 15 64347
28726 18 19 64348
28728 18 21 64349
28730 18 22 64350
28732 18 23 64351
28734 18 1 64352
28736 18 2 64353
28738 18 3 64354
28740 18 5 64355
28742 18 9 64356
28744 18 10 64357
28746 18 14 64358
28748 18 15 64359
28750 18 19 64360
28752 18 21 64361
28754 18 22 64362
28756 18 23 64363
28758 18 1 64364
28772 18 1 64400
28774 18 23 65643
28776 18 1 65644
28782 18 14 66662
28784 18 15 66663
28786 18 22 71098
28788 18 9 77020
28790 18 15 81695
28796 18 23 81663
28798 18 22 81698
28802 18 14 81670
28808 18 22 81626
28810 18 1 81628
28812 18 2 81629
28814 18 5 81655
28816 18 9 81632
28818 18 10 81633
28820 18 19 81636
28824 18 21 81637
28826 18 15 81999
28828 18 19 90144
28830 18 10 91705
28832 18 19 91336
28834 18 21 91337
28836 18 3 91486
28838 18 10 93249
28840 18 23 95167
28842 18 5 101195
28844 18 10 102029
28846 18 21 102021
28848 18 22 102626
28884 18 23 102627
28914 18 1 102628
28952 18 9 102896
28954 18 1 102676
28956 18 3 103422
28958 18 2 104641
28960 18 9 104980
28962 18 1 105472
28964 18 21 106841
28966 18 15 112659
28968 18 22 120986
28970 18 23 120987
28972 18 1 120988
28974 18 2 120989
28976 18 3 120990
28978 18 5 120991
28980 18 9 120992
28982 18 10 120993
28984 18 14 120994
28986 18 15 120995
28988 18 19 120996
28990 18 21 120997
28992 18 22 120998
28994 18 23 120999
28996 18 1 121000
28998 18 2 121001
29000 18 3 121002
29002 18 5 121003
29004 18 9 121004
29006 18 10 121005
29008 18 14 121006
29010 18 15 121007
29012 18 19 121008
29014 18 21 121009
29016 18 22 121010
29018 18 23 121011
29020 18 1 121012
29022 18 2 121013
29024 18 3 121014
29026 18 5 121015
29028 18 9 121016
29030 18 10 121017
29032 18 14 121018
29034 18 15 121019
29036 18 19 121020
29038 18 21 121021
29040 18 22 121022
29042 18 23 121023
29044 18 1 121024
29046 18 2 121025
29048 18 3 121026
29050 18 5 121027
29052 18 9 121028
29054 18 10 121029
29056 18 14 121030
29058 18 15 121031
29060 18 19 121032
29062 18 21 121033
29064 18 22 121034
29066 18 23 121035
29068 18 1 121036
29070 18 2 121037
29072 18 3 121038
29074 18 5 121039
29076 18 9 121040
29078 18 10 121041
29080 18 14 121042
29082 18 15 121043
29084 18 19 121044
29086 18 21 121045
29088 18 22 121046
29090 18 23 121047
29092 18 1 121048
29094 18 2 121049
29096 18 3 121050
29098 18 5 121051
29100 18 9 121052
29102 18 10 121053
29104 18 14 121054
29106 18 15 121055
29108 18 19 121056
29110 18 21 121057
29112 18 22 121058
29114 18 23 121059
29116 18 1 121060
29118 18 2 121061
29120 18 3 121062
29122 18 5 121063
29124 18 9 121064
29126 18 10 121065
29128 18 14 121066
29130 18 15 121067
29132 18 19 121068
29134 18 21 121069
29136 18 22 121070
29138 18 23 121071
29140 18 1 121072
29142 18 2 121073
29144 18 3 121074
29146 18 5 121075
29148 18 9 121076
29150 18 10 121077
29152 18 14 121078
29154 18 15 121079
29156 18 19 121080
29158 18 21 121081
29160 18 22 121082
29162 18 23 121083
29164 18 1 121084
29166 18 2 121085
29168 18 3 121086
29170 18 5 121087
29172 18 9 121088
29174 18 10 121089
29176 18 14 121090
29178 18 15 121091
29182 18 19 121092
29184 18 21 121093
29186 18 22 121094
29188 18 23 121095
29190 18 1 121096
29192 18 2 121097
29194 18 3 121098
29196 18 5 121099
29198 18 9 121100
29200 18 10 121101
29202 18 14 121102
29208 18 15 121103
29210 18 19 121104
29212 18 21 121105
29214 18 22 121106
29216 18 23 121107
29218 18 1 121108
29220 18 2 121109
29222 18 3 121110
29224 18 5 121111
29226 18 9 121112
29228 18 10 121113
29230 18 14 121114
29232 18 15 121115
29234 18 19 121116
29236 18 21 121117
29238 18 22 121118
29242 18 23 121119
29244 18 1 121120
29246 18 2 121121
29248 18 3 121122
29250 18 5 121123
29252 18 9 121124
29254 18 10 121125
29256 18 14 121126
29258 18 15 121127
29260 18 19 121128
29262 18 21 121129
29264 18 22 121130
29266 18 23 121131
29268 18 1 121132
29270 18 2 121133
29272 18 3 121134
29274 18 5 121135
29276 18 9 121136
29278 18 10 121137
29280 18 14 121138
29282 18 15 121139
29284 18 19 121140
29286 18 21 121141
29288 18 22 121142
29290 18 23 121143
29292 18 1 121144
29294 18 2 121145
29296 18 3 121146
29298 18 5 121147
29300 18 9 121148
29302 18 10 121149
29304 18 14 121150
29306 18 15 121151
29308 18 19 121152
29310 18 21 121153
29312 18 22 121154
29314 18 23 121155
29316 18 1 121156
29318 18 2 121157
29320 18 3 121158
29322 18 5 121159
29324 18 9 121160
29326 18 10 121161
29328 18 14 121162
29330 18 15 121163
29332 18 19 121164
29334 18 21 121165
29336 18 22 121166
29338 18 23 121167
29340 18 1 121168
29342 18 2 121169
29344 18 3 121170
29346 18 5 121171
29348 18 9 121172
29350 18 10 121173
29352 18 14 121174
29354 18 15 121175
29356 18 19 121176
29358 18 21 121177
29360 18 22 121178
29362 18 23 121179
29364 18 1 121180
29366 18 2 121181
29368 18 3 121182
29372 18 5 121183
29374 18 9 121184
29376 18 10 121185
29378 18 14 121186
29380 18 15 121187
29382 18 19 121188
29388 18 21 121189
29390 18 22 121190
29392 18 23 121191
29398 18 1 121192
29400 18 2 121193
29402 18 3 121194
29404 18 5 121195
29406 18 9 121196
29412 18 10 121197
29414 18 14 121198
29416 18 15 121199
29418 18 19 121200
29420 18 21 121201
29422 18 22 121202
29424 18 23 121203
29426 18 1 121204
29428 18 2 121205
29434 18 3 121206
29436 18 5 121207
29438 18 9 121208
29444 18 10 121209
29446 18 14 121210
29448 18 15 121211
29450 18 19 121212
29456 18 21 121213
29460 18 22 121214
29466 18 23 121215
29468 18 1 121216
29470 18 2 121217
29472 18 3 121218
29474 18 5 121219
29476 18 9 121220
29478 18 10 121221
29482 18 14 121222
29484 18 15 121223
29486 18 19 121224
29488 18 21 121225
29490 18 22 121226
29492 18 23 121227
29494 18 1 121228
29496 18 2 121229
29500 18 3 121230
29502 18 5 121231
29504 18 9 121232
29506 18 10 121233
29508 18 14 121234
29510 18 15 121235
29512 18 19 121236
29514 18 21 121237
29516 18 22 121238
29518 18 23 121239
29520 18 1 121240
29522 18 2 121241
29524 18 3 121242
29526 18 5 121243
29528 18 9 121244
29530 18 10 121245
29532 18 14 121246
29534 18 15 121247
29536 18 19 121248
29538 18 21 121249
29540 18 22 121250
29542 18 23 121251
29544 18 1 121252
29546 18 2 121253
29548 18 3 121254
29550 18 5 121255
29552 18 9 121256
29554 18 10 121257
29556 18 14 121258
29558 18 15 121259
29560 18 19 121260
29562 18 21 121261
29564 18 22 121262
29566 18 23 121263
29568 18 1 121264
29570 18 2 121265
29572 18 3 121266
29574 18 5 121267
29576 18 9 121268
29578 18 10 121269
29580 18 14 121270
29582 18 15 121271
29584 18 19 121272
29586 18 21 121273
29588 18 22 121274
29590 18 23 121275
29592 18 1 121276
29594 18 2 121277
29596 18 3 121278
29598 18 5 121279
29600 18 9 121280
29602 18 10 121281
29604 18 14 121282
29606 18 15 121283
29608 18 19 121284
29610 18 21 121285
29612 18 22 121286
29614 18 23 121287
29616 18 1 121288
29618 18 2 121289
29620 18 3 121290
29622 18 5 121291
29624 18 9 121292
29626 18 10 121293
29628 18 14 121294
29630 18 15 121295
29632 18 19 121296
29634 18 21 121297
29636 18 22 121298
29638 18 23 121299
29640 18 1 121300
29642 18 2 121301
29644 18 3 121302
29646 18 5 121303
29648 18 9 121304
29650 18 10 121305
29652 18 14 121306
29654 18 15 121307
29656 18 19 121308
29658 18 21 121309
29660 18 22 121310
29662 18 23 121311
29664 18 1 121312
29666 18 2 121313
29668 18 3 121314
29670 18 5 121315
29672 18 9 121316
29674 18 10 121317
29676 18 14 121318
29678 18 15 121319
29680 18 19 121320
29682 18 21 121321
29684 18 22 121322
29686 18 23 121323
29688 18 1 121324
29690 18 2 121325
29692 18 3 121326
29694 18 5 121327
29696 18 9 121328
29698 18 10 121329
29700 18 14 121330
29702 18 15 121331
29704 18 19 121332
29706 18 21 121333
29708 18 22 121334
29710 18 23 121335
29712 18 1 121336
29714 18 2 121337
29716 18 3 121338
29718 18 5 121339
29720 18 9 121340
29722 18 10 121341
29724 18 14 121342
29726 18 15 121343
29728 18 19 121344
29730 18 21 121345
29732 18 22 121346
29734 18 23 121347
29736 18 1 121348
29738 18 2 121349
29740 18 3 121350
29742 18 5 121351
29744 18 9 121352
29746 18 10 121353
29748 18 14 121354
29750 18 15 121355
29752 18 19 121356
29754 18 21 121357
29756 18 22 121358
29758 18 23 121359
29760 18 1 121360
29762 18 2 121361
29764 18 3 121362
29766 18 5 121363
29768 18 9 121364
29770 18 10 121365
29772 18 14 121366
29774 18 15 121367
29776 18 19 121368
29778 18 21 121369
29780 18 22 121370
29782 18 23 121371
29784 18 1 121372
29786 18 2 121373
29788 18 3 121374
29790 18 5 121375
29792 18 9 121376
29794 18 10 121377
29796 18 14 121378
29798 18 15 121379
29800 18 19 121380
29802 18 21 121381
29804 18 22 121382
29806 18 23 121383
29808 18 1 121384
29810 18 2 121385
29812 18 3 121386
29814 18 5 121387
29816 18 9 121388
29818 18 10 121389
29820 18 14 121390
29822 18 15 121391
29824 18 19 121392
29826 18 21 121393
29828 18 22 121394
29830 18 23 121395
29832 18 1 121396
29834 18 2 121397
29836 18 3 121398
29838 18 5 121399
29840 18 9 121400
29842 18 10 121401
29844 18 14 121402
29846 18 15 121403
29848 18 19 121404
29850 18 21 121405
29852 18 22 121406
29854 18 23 121407
29856 18 1 121408
29858 18 2 121409
29860 18 3 121410
29862 18 5 121411
29864 18 9 121412
29866 18 10 121413
29868 18 14 121414
29870 18 15 121415
29872 18 19 121416
29874 18 21 121417
29876 18 22 121418
29878 18 23 121419
29880 18 1 121420
29882 18 2 121421
29884 18 3 121422
29886 18 5 121423
29888 18 9 121424
29890 18 10 121425
29892 18 14 121426
29894 18 15 121427
29896 18 19 121428
29898 18 21 121429
29900 18 22 121430
29902 18 23 121431
29904 18 1 121432
29906 18 2 121433
29908 18 3 121434
29910 18 5 121435
29912 18 9 121436
29914 18 10 121437
29916 18 14 121438
29918 18 15 121439
29920 18 19 121440
29922 18 21 121441
29924 18 22 121442
29926 18 23 121443
29928 18 1 121444
29930 18 2 121445
29932 18 3 121446
29934 18 5 121447
29936 18 9 121448
29938 18 10 121449
29940 18 14 121450
29942 18 15 121451
29944 18 19 121452
29946 18 21 121453
29948 18 22 121454
29950 18 23 121455
29952 18 1 121456
29954 18 2 121457
29956 18 3 121458
29958 18 5 121459
29960 18 9 121460
29962 18 10 121461
29964 18 14 121462
29976 18 15 121463
29978 18 19 121464
29980 18 21 121465
29982 18 22 121466
29984 18 23 121467
29986 18 1 121468
29988 18 2 121469
29990 18 3 121470
29992 18 5 121471
29994 18 9 121472
29996 18 10 121473
29998 18 14 121474
30000 18 15 121475
30002 18 19 121476
30004 18 21 121477
30006 18 22 121478
30008 18 23 121479
30010 18 1 121480
30012 18 2 121481
30014 18 3 121482
30016 18 5 121483
30018 18 9 121484
30020 18 10 121485
30024 18 14 121486
30026 18 15 121487
30028 18 19 121488
30030 18 21 121489
30032 18 22 121490
30034 18 23 121491
30036 18 1 121492
30038 18 2 121493
30040 18 3 121494
30042 18 5 121495
30050 18 9 121496
30052 18 10 121497
30054 18 14 121498
30056 18 15 121499
30058 18 19 121500
30060 18 21 121501
30062 18 22 121502
30064 18 23 121503
30066 18 1 121504
30068 18 2 121505
30070 18 3 121506
30072 18 5 121507
30074 18 9 121508
30076 18 10 121509
30078 18 14 121510
30110 18 15 121511
30112 18 19 121512
30114 18 21 121513
30116 18 22 121514
30118 18 23 121515
30120 18 1 121516
30122 18 2 121517
30124 18 3 121518
30126 18 5 121519
30128 18 9 121520
30130 18 10 121521
30132 18 14 121522
30134 18 15 121523
30136 18 19 121524
30138 18 21 121525
30140 18 22 121526
30142 18 23 121527
30144 18 1 121528
30146 18 2 121529
30148 18 3 121530
30150 18 5 121531
30152 18 9 121532
30154 18 10 121533
30156 18 14 121534
30158 18 15 121535
30160 18 19 121536
30162 18 21 121537
30164 18 22 121538
30166 18 23 121539
30168 18 1 121540
30170 18 2 121541
30172 18 3 121542
30174 18 5 121543
30176 18 9 121544
30178 18 10 121545
30180 18 14 121546
30182 18 15 121547
30184 18 19 121548
30186 18 21 121549
30188 18 22 121550
30190 18 23 121551
30192 18 1 121552
30194 18 2 121553
30196 18 3 121554
30198 18 5 121555
30200 18 9 121556
30202 18 10 121557
30204 18 14 121558
30206 18 15 121559
30208 18 19 121560
30210 18 21 121561
30212 18 22 121562
30214 18 23 121563
30216 18 1 121564
30218 18 2 121565
30220 18 3 121566
30222 18 5 121567
30224 18 9 121568
30226 18 10 121569
30228 18 14 121570
30230 18 15 121571
30232 18 19 121572
30234 18 21 121573
30236 18 22 121574
30238 18 23 121575
30240 18 1 121576
30242 18 2 121577
30244 18 3 121578
30246 18 5 121579
30248 18 9 121580
30250 18 10 121581
30252 18 14 121582
30254 18 15 121583
30256 18 19 121584
30258 18 21 121585
30260 18 22 121586
30262 18 23 121587
30264 18 1 121588
30266 18 2 121589
30268 18 3 121590
30270 18 5 121591
30272 18 9 121592
30274 18 10 121593
30276 18 14 121594
30278 18 15 121595
30280 18 19 121596
30282 18 21 121597
30284 18 22 121598
30286 18 23 121599
30288 18 1 121600
30290 18 2 121601
30292 18 3 121602
30294 18 5 121603
30296 18 9 121604
30298 18 10 121605
30300 18 14 121606
30302 18 15 121607
30304 18 19 121608
30306 18 21 121609
30308 18 22 121610
30310 18 23 121611
30312 18 1 121612
30314 18 2 121613
30316 18 3 121614
30318 18 5 121615
30320 18 9 121616
30322 18 10 121617
30324 18 14 121618
30326 18 15 121619
30328 18 19 121620
30330 18 21 121621
30332 18 22 121622
30334 18 23 121623
30336 18 1 121624
30338 18 2 121625
30340 18 3 121626
30342 18 5 121627
30344 18 9 121628
30346 18 10 121629
30348 18 14 121630
30350 18 15 121631
30352 18 19 121632
30354 18 21 121633
30356 18 22 121634
30358 18 23 121635
30360 18 1 121636
30362 18 2 121637
30364 18 3 121638
30366 18 5 121639
30368 18 9 121640
30370 18 10 121641
30372 18 14 121642
30374 18 15 121643
30376 18 19 121644
30378 18 21 121645
30380 18 22 121646
30382 18 23 121647
30384 18 1 121648
30386 18 2 121649
30388 18 3 121650
30390 18 5 121651
30392 18 9 121652
30394 18 10 121653
30396 18 14 121654
30398 18 15 121655
30400 18 19 121656
30402 18 21 121657
30404 18 22 121658
30408 18 23 121659
30410 18 1 121660
30412 18 2 121661
30414 18 3 121662
30416 18 5 121663
30418 18 9 121664
30420 18 10 121665
30422 18 14 121666
30424 18 15 121667
30426 18 19 121668
30428 18 21 121669
30430 18 22 121670
30432 18 23 121671
30434 18 1 121672
30436 18 2 121673
30438 18 3 121674
30440 18 5 121675
30442 18 9 121676
30444 18 10 121677
30446 18 14 121678
30448 18 15 121679
30450 18 19 121680
30452 18 21 121681
30454 18 22 121682
30456 18 23 121683
30458 18 1 121684
30460 18 2 121685
30462 18 3 121686
30464 18 5 121687
30466 18 9 121688
30468 18 10 121689
30470 18 14 121690
30472 18 15 121691
30474 18 19 121692
30476 18 21 121693
30478 18 22 121694
30480 18 23 121695
30482 18 1 121696
30484 18 2 121697
30486 18 3 121698
30488 18 5 121699
30490 18 9 121700
30492 18 10 121701
30494 18 14 121702
30496 18 15 121703
30498 18 19 121704
30500 18 21 121705
30502 18 22 121706
30504 18 23 121707
30506 18 1 121708
30508 18 2 121709
30510 18 3 121710
30512 18 5 121711
30514 18 9 121712
30516 18 10 121713
30518 18 14 121714
30520 18 15 121715
30522 18 19 121716
30524 18 21 121717
30526 18 22 121718
30528 18 23 121719
30530 18 1 121720
30532 18 2 121721
30534 18 3 121722
30536 18 5 121723
30538 18 9 121724
30540 18 10 121725
30542 18 14 121726
30544 18 15 121727
30546 18 19 121728
30548 18 21 121729
30550 18 22 121730
30552 18 23 121731
30554 18 1 121732
30556 18 2 121733
30558 18 3 121734
30560 18 5 121735
30562 18 9 121736
30564 18 10 121737
30566 18 14 121738
30568 18 15 121739
30570 18 19 121740
30572 18 21 121741
30574 18 22 121742
30576 18 23 121743
30578 18 1 121744
30580 18 2 121745
30582 18 3 121746
30584 18 5 121747
30586 18 9 121748
30588 18 10 121749
30590 18 14 121750
30592 18 15 121751
30594 18 19 121752
30596 18 21 121753
30598 18 22 121754
30600 18 23 121755
30602 18 1 121756
30604 18 2 121757
30606 18 3 121758
30608 18 5 121759
30610 18 9 121760
30612 18 10 121761
30614 18 14 121762
30616 18 15 121763
30618 18 19 121764
30620 18 21 121765
30622 18 22 121766
30624 18 23 121767
30626 18 1 121768
30628 18 2 121769
30630 18 3 121770
30632 18 5 121771
30634 18 9 121772
30636 18 10 121773
30638 18 14 121774
30640 18 15 121775
30642 18 19 121776
30644 18 21 121777
30646 18 22 121778
30648 18 23 121779
30650 18 1 121780
30652 18 2 121781
30654 18 3 121782
30656 18 5 121783
30658 18 9 121784
30660 18 10 121785
30662 18 14 121786
30664 18 15 121787
30666 18 19 121788
30668 18 21 121789
30670 18 22 121790
30672 18 23 121791
30674 18 1 121792
30676 18 2 121793
30678 18 3 121794
30680 18 5 121795
30682 18 9 121796
30684 18 10 121797
30686 18 14 121798
30688 18 15 121799
30690 18 19 121800
30692 18 21 121801
30694 18 22 121802
30696 18 23 121803
30698 18 1 121804
30700 18 2 121805
30702 18 3 121806
30704 18 5 121807
30706 18 9 121808
30708 18 10 121809
30710 18 14 121810
30712 18 15 121811
30714 18 19 121812
30716 18 21 121813
30718 18 22 121814
30720 18 23 121815
30722 18 1 121816
30724 18 2 121817
30726 18 3 121818
30728 18 5 121819
30730 18 9 121820
30732 18 10 121821
30736 18 14 121822
30738 18 15 121823
30740 18 19 121824
30742 18 21 121825
30744 18 22 121826
30746 18 23 121827
30748 18 1 121828
30750 18 2 121829
30752 18 3 121830
30754 18 5 121831
30756 18 9 121832
30758 18 10 121833
30760 18 14 121834
30762 18 15 121835
30764 18 19 121836
30766 18 21 121837
30768 18 22 121838
30770 18 23 121839
30772 18 1 121840
30774 18 2 121841
30776 18 3 121842
30778 18 5 121843
30780 18 9 121844
30782 18 10 121845
30784 18 14 121846
30786 18 15 121847
30788 18 19 121848
30790 18 21 121849
30792 18 22 121850
30794 18 23 121851
30796 18 1 121852
30798 18 2 121853
30800 18 3 121854
30802 18 5 121855
30804 18 1 121856
30806 18 2 121857
30808 18 3 121858
30810 18 5 121859
30812 18 9 121860
30814 18 10 121861
30816 18 14 121862
30818 18 15 121863
30820 18 19 121864
30822 18 21 121865
30824 18 22 121866
30826 18 23 121867
30828 18 1 121868
30830 18 2 121869
30832 18 3 121870
30834 18 5 121871
30836 18 9 121872
30838 18 10 121873
30840 18 14 121874
30842 18 15 121875
30844 18 19 121876
30846 18 21 121877
30848 18 22 121878
30850 18 23 121879
30852 18 1 121880
30854 18 2 121881
30856 18 3 121882
30858 18 5 121883
30860 18 9 121884
30862 18 10 121885
30864 18 14 121886
30866 18 15 121887
30868 18 19 121888
30870 18 21 121889
30872 18 22 121890
30874 18 23 121891
30876 18 1 121892
30878 18 2 121893
30880 18 3 121894
30882 18 5 121895
30884 18 9 121896
30886 18 10 121897
30888 18 14 121898
30890 18 15 121899
30892 18 19 121900
30894 18 21 121901
30896 18 22 121902
30898 18 23 121903
30900 18 1 121904
30902 18 2 121905
30904 18 3 121906
30906 18 5 121907
30908 18 9 121908
30910 18 10 121909
30912 18 14 121910
30914 18 15 121911
30916 18 19 121912
30918 18 21 121913
30920 18 22 121914
30922 18 23 121915
30924 18 1 121916
30926 18 2 121917
30928 18 3 121918
30930 18 5 121919
30932 18 9 121920
30934 18 10 121921
30936 18 14 121922
30938 18 15 121923
30940 18 19 121924
30942 18 21 121925
30944 18 22 121926
30946 18 23 121927
30948 18 1 121928
30950 18 2 121929
30952 18 3 121930
30954 18 5 121931
30956 18 9 121932
30958 18 10 121933
30960 18 14 121934
30962 18 15 121935
30964 18 19 121936
30966 18 21 121937
30968 18 22 121938
30970 18 23 121939
30972 18 1 121940
30974 18 2 121941
30976 18 3 121942
30978 18 5 121943
30980 18 9 121944
30982 18 10 121945
30984 18 14 121946
30986 18 15 121947
30988 18 19 121948
30990 18 21 121949
30992 18 22 121950
30994 18 23 121951
30996 18 1 121952
30998 18 2 121953
31000 18 3 121954
31002 18 5 121955
31004 18 9 121956
31006 18 10 121957
31010 18 14 121958
31012 18 15 121959
31014 18 19 121960
31016 18 21 121961
31018 18 22 121962
31020 18 23 121963
31022 18 1 121964
31024 18 2 121965
31026 18 3 121966
31028 18 5 121967
31030 18 9 121968
31032 18 10 121969
31034 18 14 121970
31036 18 15 121971
31038 18 19 121972
31040 18 21 121973
31042 18 22 121974
31044 18 23 121975
31046 18 1 121976
31048 18 2 121977
31050 18 3 121978
31052 18 5 121979
31054 18 9 121980
31056 18 10 121981
31058 18 14 121982
31060 18 15 121983
31062 18 19 121984
31064 18 21 121985
31066 18 22 121986
31068 18 23 121987
31070 18 1 121988
31072 18 2 121989
31074 18 3 121990
31076 18 5 121991
31078 18 9 121992
31080 18 10 121993
31082 18 14 121994
31084 18 15 121995
31086 18 19 121996
31088 18 21 121997
31090 18 22 121998
31092 18 23 121999
31094 18 1 122000
31096 18 2 122001
31098 18 3 122002
31100 18 5 122003
31102 18 9 122004
31104 18 10 122005
31106 18 14 122006
31108 18 15 122007
31110 18 19 122008
31112 18 21 122009
31114 18 22 122010
31116 18 23 122011
31118 18 1 122012
31120 18 2 122013
31122 18 3 122014
31124 18 5 122015
31126 18 9 122016
31128 18 10 122017
31130 18 14 122018
31132 18 15 122019
31134 18 19 122020
31136 18 21 122021
31138 18 22 122022
31140 18 23 122023
31142 18 1 122024
31144 18 2 122025
31146 18 3 122026
31148 18 5 122027
31150 18 9 122028
31152 18 10 122029
31154 18 14 122030
31156 18 15 122031
31158 18 19 122032
31160 18 21 122033
31162 18 22 122034
31164 18 23 122035
31166 18 1 122036
31168 18 2 122037
31170 18 3 122038
31172 18 5 122039
31174 18 9 122040
31176 18 10 122041
31178 18 14 122042
31180 18 15 122043
31182 18 19 122044
31184 18 21 122045
31186 18 22 122046
31188 18 23 122047
31190 18 1 122048
31192 18 2 122049
31194 18 3 122050
31196 18 5 122051
31198 18 9 122052
31200 18 10 122053
31202 18 14 122054
31204 18 15 122055
31206 18 19 122056
31208 18 21 122057
31210 18 22 122058
31212 18 23 122059
31214 18 1 122060
31216 18 2 122061
31218 18 3 122062
31220 18 5 122063
31222 18 9 122064
31224 18 10 122065
31226 18 14 122066
31228 18 15 122067
31230 18 19 122068
31232 18 21 122069
31234 18 22 122070
31236 18 23 122071
31238 18 1 122072
31240 18 2 122073
31242 18 3 122074
31244 18 5 122075
31246 18 9 122076
31248 18 10 122077
31250 18 14 122078
31252 18 15 122079
31254 18 19 122080
31256 18 21 122081
31258 18 22 122082
31260 18 23 122083
31262 18 1 122084
31264 18 2 122085
31266 18 3 122086
31268 18 5 122087
31270 18 9 122088
31272 18 10 122089
31274 18 14 122090
31276 18 15 122091
31278 18 19 122092
31280 18 21 122093
31282 18 22 122094
31284 18 23 122095
31286 18 1 122096
31288 18 2 122097
31290 18 3 122098
31292 18 5 122099
31294 18 9 122100
31296 18 10 122101
31298 18 14 122102
31300 18 15 122103
31302 18 19 122104
31304 18 21 122105
31306 18 22 122106
31308 18 23 122107
31310 18 1 122108
31312 18 2 122109
31314 18 3 122110
31316 18 5 122111
31318 18 9 122112
31320 18 10 122113
31322 18 14 122114
31324 18 15 122115
31326 18 19 122116
31328 18 21 122117
31330 18 22 122118
31332 18 23 122119
31334 18 1 122120
31336 18 2 122121
31338 18 3 122122
31340 18 5 122123
31342 18 9 122124
31344 18 10 122125
31346 18 14 122126
31348 18 15 122127
31350 18 19 122128
31352 18 21 122129
31354 18 22 122130
31356 18 23 122131
31358 18 1 122132
31360 18 2 122133
31362 18 3 122134
31364 18 5 122135
31366 18 9 122136
31368 18 10 122137
31370 18 14 122138
31372 18 15 122139
31374 18 19 122140
31376 18 21 122141
31378 18 22 122142
31380 18 23 122143
31382 18 1 122144
31384 18 2 122145
31386 18 3 122146
31388 18 5 122147
31390 18 9 122148
31392 18 10 122149
31394 18 14 122150
31396 18 15 122151
31398 18 19 122152
31400 18 21 122153
31402 18 22 122154
31404 18 23 122155
31406 18 1 122156
31408 18 2 122157
31410 18 3 122158
31412 18 5 122159
31414 18 9 122160
31416 18 10 122161
31418 18 14 122162
31420 18 15 122163
31422 18 19 122164
31424 18 21 122165
31426 18 22 122166
31428 18 23 122167
31430 18 1 122168
31432 18 2 122169
31434 18 3 122170
31436 18 5 122171
31438 18 9 122172
31440 18 10 122173
31442 18 14 122174
31444 18 15 122175
31446 18 19 122176
31448 18 21 122177
31450 18 22 122178
31452 18 23 122179
31454 18 1 122180
31456 18 2 122181
31458 18 3 122182
31460 18 5 122183
31462 18 9 122184
31464 18 10 122185
31466 18 14 122186
31468 18 15 122187
31470 18 19 122188
31472 18 21 122189
31474 18 22 122190
31476 18 23 122191
31478 18 1 122192
31480 18 2 122193
31482 18 3 122194
31484 18 5 122195
31486 18 9 122196
31488 18 10 122197
31490 18 14 122198
31492 18 15 122199
31494 18 19 122200
31496 18 21 122201
31498 18 22 122202
31500 18 23 122203
31502 18 1 122204
31504 18 2 122205
31506 18 3 122206
31508 18 5 122207
31510 18 9 122208
31512 18 10 122209
31514 18 14 122210
31516 18 15 122211
31518 18 19 122212
31520 18 21 122213
31522 18 22 122214
31524 18 23 122215
31526 18 1 122216
31528 18 2 122217
31530 18 3 122218
31532 18 5 122219
31534 18 9 122220
31536 18 10 122221
31538 18 14 122222
31540 18 15 122223
31542 18 19 122224
31544 18 21 122225
31546 18 22 122226
31548 18 23 122227
31550 18 1 122228
31552 18 2 122229
31554 18 3 122230
31556 18 5 122231
31558 18 9 122232
31560 18 10 122233
31562 18 14 122234
31564 18 15 122235
31566 18 19 122236
31568 18 21 122237
31570 18 22 122238
31572 18 23 122239
31574 18 1 122240
31576 18 2 122241
31578 18 3 122242
31580 18 5 122243
31582 18 9 122244
31584 18 10 122245
31586 18 14 122246
31588 18 15 122247
31590 18 19 122248
31592 18 21 122249
31594 18 22 122250
31596 18 23 122251
31598 18 1 122252
31600 18 2 122253
31602 18 3 122254
31604 18 5 122255
31606 18 9 122256
31608 18 10 122257
31610 18 14 122258
31612 18 15 122259
31614 18 19 122260
31616 18 21 122261
31618 18 22 122262
31620 18 23 122263
31622 18 1 122264
31624 18 2 122265
31626 18 3 122266
31628 18 5 122267
31630 18 9 122268
31632 18 10 122269
31634 18 14 122270
31636 18 15 122271
31638 18 19 122272
31640 18 21 122273
31642 18 22 122274
31644 18 23 122275
31646 18 1 122276
31648 18 2 122277
31650 18 3 122278
31652 18 5 122279
31654 18 9 122280
31656 18 10 122281
31658 18 14 122282
31660 18 15 122283
31662 18 19 122284
31664 18 21 122285
31666 18 22 122286
31668 18 23 122287
31670 18 1 122288
31672 18 2 122289
31674 18 3 122290
31676 18 5 122291
31678 18 9 122292
31680 18 10 122293
31682 18 14 122294
31684 18 15 122295
31686 18 19 122296
31688 18 21 122297
31690 18 22 122298
31692 18 23 122299
31694 18 1 122300
31696 18 2 122301
31698 18 3 122302
31700 18 5 122303
31702 18 9 122304
31704 18 10 122305
31706 18 14 122306
31708 18 15 122307
31710 18 19 122308
31712 18 21 122309
31714 18 22 122310
31716 18 23 122311
31718 18 1 122312
31720 18 2 122313
31722 18 3 122314
31724 18 5 122315
31726 18 9 122316
31728 18 10 122317
31730 18 14 122318
31732 18 15 122319
31734 18 19 122320
31736 18 21 122321
31738 18 22 122322
31740 18 23 122323
31742 18 1 122324
31744 18 2 122325
31746 18 3 122326
31748 18 5 122327
31750 18 9 122328
31752 18 10 122329
31754 18 14 122330
31756 18 15 122331
31758 18 19 122332
31760 18 21 122333
31762 18 22 122334
31764 18 23 122335
31766 18 1 122336
31768 18 2 122337
31770 18 3 122338
31772 18 5 122339
31774 18 9 122340
31776 18 10 122341
31778 18 14 122342
31780 18 15 122343
31782 18 19 122344
31784 18 21 122345
31786 18 22 122346
31788 18 23 122347
31790 18 1 122348
31792 18 2 122349
31794 18 3 122350
31796 18 5 122351
31798 18 9 122352
31800 18 10 122353
31802 18 14 122354
31804 18 15 122355
31806 18 19 122356
31808 18 21 122357
31810 18 22 122358
31812 18 23 122359
31814 18 1 122360
31816 18 2 122361
31818 18 3 122362
31820 18 5 122363
31822 18 9 122364
31824 18 10 122365
31826 18 14 122366
31828 18 15 122367
31830 18 19 122368
31832 18 21 122369
31834 18 22 122370
31836 18 23 122371
31838 18 1 122372
31840 18 2 122373
31842 18 3 122374
31844 18 5 122375
31846 18 9 122376
31848 18 10 122377
31850 18 14 122378
31852 18 15 122379
31854 18 19 122380
31856 18 21 122381
31858 18 22 122382
31860 18 23 122383
31862 18 1 122384
31864 18 2 122385
31866 18 3 122386
31868 18 5 122387
31870 18 9 122388
31872 18 10 122389
31874 18 14 122390
31876 18 15 122391
31878 18 19 122392
31880 18 21 122393
31882 18 22 122394
31884 18 23 122395
31886 18 1 122396
31888 18 2 122397
31890 18 3 122398
31892 18 5 122399
31894 18 9 122400
31896 18 10 122401
31898 18 14 122402
31900 18 15 122403
31902 18 19 122404
31904 18 21 122405
31906 18 22 122406
31908 18 23 122407
31910 18 1 122408
31912 18 2 122409
31914 18 3 122410
31916 18 5 122411
31918 18 9 122412
31920 18 10 122413
31922 18 14 122414
31924 18 15 122415
31926 18 19 122416
31928 18 21 122417
31930 18 22 122418
31932 18 23 122419
31934 18 1 122420
31938 18 2 122421
31940 18 3 122422
31942 18 5 122423
31944 18 9 122424
31946 18 10 122425
31948 18 14 122426
31950 18 15 122427
31952 18 19 122428
31954 18 21 122429
31956 18 22 122430
31958 18 23 122431
31960 18 1 122432
31962 18 2 122433
31964 18 3 122434
31966 18 5 122435
31968 18 9 122436
31970 18 10 122437
31972 18 14 122438
31974 18 15 122439
31976 18 19 122440
31978 18 21 122441
31980 18 22 122442
31982 18 23 122443
31984 18 1 122444
31986 18 2 122445
31988 18 3 122446
31990 18 5 122447
31992 18 9 122448
31994 18 10 122449
31996 18 14 122450
31998 18 15 122451
32000 18 19 122452
32002 18 21 122453
32004 18 22 122454
32006 18 23 122455
32008 18 1 122456
32010 18 2 122457
32012 18 3 122458
32014 18 5 122459
32016 18 9 122460
32018 18 10 122461
32020 18 14 122462
32022 18 15 122463
32024 18 19 122464
32026 18 21 122465
32028 18 22 122466
32030 18 23 122467
32032 18 1 122468
32034 18 2 122469
32036 18 3 122470
32038 18 5 122471
32040 18 9 122472
32042 18 10 122473
32044 18 14 122474
32046 18 15 122475
32048 18 19 122476
32050 18 21 122477
32052 18 22 122478
32054 18 23 122479
32056 18 1 122480
32058 18 2 122481
32060 18 3 122482
32062 18 5 122483
32064 18 9 122484
32066 18 10 122485
32068 18 14 122486
32070 18 15 122487
32072 18 19 122488
32074 18 21 122489
32076 18 22 122490
32078 18 23 122491
32080 18 1 122492
32082 18 2 122493
32084 18 3 122494
32086 18 5 122495
32088 18 9 122496
32090 18 10 122497
32092 18 14 122498
32094 18 15 122499
32096 18 19 122500
32098 18 21 122501
32100 18 22 122502
32102 18 23 122503
32104 18 1 122504
32106 18 2 122505
32108 18 3 122506
32110 18 5 122507
32112 18 9 122508
32114 18 10 122509
32116 18 14 122510
32118 18 15 122511
32120 18 19 122512
32122 18 21 122513
32124 18 22 122514
32126 18 23 122515
32128 18 1 122516
32130 18 2 122517
32132 18 3 122518
32134 18 5 122519
32136 18 9 122520
32138 18 10 122521
32140 18 14 122522
32142 18 15 122523
32144 18 19 122524
32146 18 21 122525
32148 18 22 122526
32150 18 23 122527
32152 18 1 122528
32154 18 2 122529
32156 18 3 122530
32158 18 5 122531
32160 18 9 122532
32162 18 10 122533
32164 18 14 122534
32166 18 15 122535
32168 18 19 122536
32170 18 21 122537
32172 18 22 122538
32174 18 23 122539
32176 18 1 122540
32178 18 2 122541
32180 18 3 122542
32182 18 5 122543
32184 18 9 122544
32186 18 10 122545
32188 18 14 122546
32190 18 15 122547
32192 18 19 122548
32194 18 21 122549
32196 18 22 122550
32198 18 23 122551
32200 18 1 122552
32202 18 2 122553
32204 18 3 122554
32206 18 5 122555
32208 18 9 122556
32210 18 10 122557
32212 18 14 122558
32214 18 15 122559
32216 18 19 122560
32218 18 21 122561
32220 18 22 122562
32222 18 23 122563
32224 18 1 122564
32226 18 2 122565
32228 18 3 122566
32230 18 5 122567
32232 18 9 122568
32234 18 10 122569
32236 18 14 122570
32238 18 15 122571
32240 18 19 122572
32242 18 21 122573
32244 18 22 122574
32246 18 23 122575
32248 18 1 122576
32250 18 2 122577
32252 18 3 122578
32254 18 5 122579
32256 18 9 122580
32258 18 10 122581
32260 18 14 122582
32262 18 15 122583
32264 18 19 122584
32266 18 21 122585
32268 18 22 122586
32270 18 23 122587
32272 18 1 122588
32274 18 2 122589
32276 18 3 122590
32278 18 5 122591
32280 18 9 122592
32282 18 10 122593
32284 18 14 122594
32286 18 15 122595
32288 18 19 122596
32290 18 21 122597
32292 18 22 122598
32294 18 23 122599
32296 18 1 122600
32298 18 2 122601
32300 18 3 122602
32302 18 5 122603
32304 18 9 122604
32306 18 10 122605
32308 18 14 122606
32310 18 15 122607
32312 18 19 122608
32314 18 21 122609
32316 18 22 122610
32318 18 23 122611
32320 18 1 122612
32322 18 2 122613
32324 18 3 122614
32326 18 5 122615
32328 18 9 122616
32330 18 10 122617
32332 18 14 122618
32334 18 15 122619
32336 18 19 122620
32338 18 21 122621
32340 18 22 122622
32342 18 23 122623
32344 18 1 122624
32346 18 2 122625
32348 18 3 122626
32350 18 5 122627
32352 18 9 122628
32354 18 10 122629
32356 18 14 122630
32358 18 15 122631
32360 18 19 122632
32362 18 21 122633
32364 18 22 122634
32366 18 23 122635
32368 18 1 122636
32370 18 2 122637
32372 18 3 122638
32374 18 5 122639
32376 18 9 122640
32378 18 10 122641
32380 18 14 122642
32382 18 15 122643
32384 18 19 122644
32386 18 21 122645
32388 18 22 122646
32390 18 23 122647
32392 18 1 122648
32394 18 2 122649
32396 18 3 122650
32398 18 5 122651
32400 18 9 122652
32402 18 10 122653
32404 18 14 122654
32406 18 15 122655
32408 18 19 122656
32410 18 21 122657
32412 18 22 122658
32414 18 23 122659
32416 18 1 122660
32418 18 2 122661
32420 18 3 122662
32422 18 5 122663
32424 18 9 122664
32426 18 10 122665
32428 18 14 122666
32430 18 15 122667
32432 18 19 122668
32434 18 21 122669
32436 18 22 122670
32438 18 23 122671
32440 18 1 122672
32442 18 2 122673
32444 18 3 122674
32446 18 5 122675
32448 18 9 122676
32450 18 10 122677
32452 18 14 122678
32454 18 15 122679
32456 18 19 122680
32458 18 21 122681
32460 18 22 122682
32462 18 23 122683
32464 18 1 122684
32466 18 2 122685
32468 18 3 122686
32470 18 5 122687
32472 18 9 122688
32474 18 10 122689
32476 18 14 122690
32478 18 15 122691
32480 18 19 122692
32482 18 21 122693
32484 18 22 122694
32486 18 23 122695
32488 18 1 122696
32490 18 2 122697
32492 18 3 122698
32494 18 5 122699
32496 18 9 122700
32498 18 10 122701
32500 18 14 122702
32502 18 15 122703
32504 18 19 122704
32506 18 21 122705
32508 18 22 122706
32510 18 23 122707
32512 18 1 122708
32514 18 2 122709
32516 18 3 122710
32518 18 5 122711
32520 18 9 122712
32522 18 10 122713
32524 18 14 122714
32526 18 15 122715
32528 18 19 122716
32530 18 21 122717
32532 18 22 122718
32534 18 23 122719
32536 18 1 122720
32538 18 2 122721
32540 18 3 122722
32542 18 5 122723
32544 18 9 122724
32546 18 10 122725
32548 18 14 122726
32550 18 15 122727
32552 18 19 122728
32554 18 21 122729
32556 18 22 122730
32558 18 23 122731
32560 18 1 122732
32562 18 2 122733
32564 18 3 122734
32566 18 5 122735
32568 18 9 122736
32570 18 10 122737
32572 18 14 122738
32574 18 15 122739
32576 18 19 122740
32578 18 21 122741
32580 18 22 122742
32582 18 23 122743
32584 18 1 122744
32586 18 2 122745
32588 18 3 122746
32590 18 5 122747
32592 18 9 122748
32594 18 10 122749
32596 18 14 122750
32598 18 15 122751
32600 18 19 122752
32602 18 21 122753
32604 18 22 122754
32606 18 23 122755
32608 18 1 122756
32610 18 2 122757
32612 18 3 122758
32614 18 5 122759
32616 18 9 122760
32618 18 10 122761
32620 18 14 122762
32622 18 15 122763
32624 18 19 122764
32626 18 21 122765
32628 18 22 122766
32630 18 23 122767
32632 18 1 122768
32634 18 2 122769
32636 18 3 122770
32638 18 5 122771
32640 18 9 122772
32642 18 10 122773
32644 18 14 122774
32646 18 15 122775
32648 18 19 122776
32650 18 21 122777
32652 18 22 122778
32654 18 23 122779
32656 18 1 122780
32658 18 2 122781
32660 18 3 122782
32662 18 5 122783
32664 18 9 122784
32666 18 10 122785
32668 18 14 122786
32670 18 15 122787
32672 18 19 122788
32674 18 21 122789
32676 18 22 122790
32678 18 23 122791
32680 18 1 122792
32682 18 2 122793
32684 18 3 122794
32686 18 5 122795
32688 18 9 122796
32690 18 10 122797
32692 18 14 122798
32694 18 15 122799
32696 18 19 122800
32698 18 21 122801
32700 18 22 122802
32702 18 23 122803
32704 18 1 122804
32706 18 2 122805
32708 18 3 122806
32710 18 5 122807
32712 18 9 122808
32714 18 10 122809
32716 18 14 122810
32718 18 15 122811
32720 18 19 122812
32722 18 21 122813
32724 18 22 122814
32726 18 23 122815
32728 18 1 122816
32730 18 2 122817
32732 18 3 122818
32734 18 5 122819
32736 18 9 122820
32738 18 10 122821
32740 18 14 122822
32742 18 15 122823
32744 18 19 122824
32746 18 21 122825
32748 18 22 122826
32750 18 23 122827
32752 18 1 122828
32754 18 2 122829
32756 18 3 122830
32758 18 5 122831
32760 18 9 122832
32762 18 10 122833
32764 18 14 122834
32766 18 15 122835
32768 18 19 122836
32770 18 21 122837
32772 18 22 122838
32774 18 23 122839
32776 18 1 122840
32778 18 2 122841
32780 18 3 122842
32782 18 5 122843
32784 18 9 122844
32786 18 10 122845
32788 18 14 122846
32790 18 15 122847
32792 18 19 122848
32794 18 21 122849
32796 18 22 122850
32798 18 23 122851
32800 18 1 122852
32802 18 2 122853
32804 18 3 122854
32806 18 5 122855
32808 18 9 122856
32810 18 10 122857
32812 18 14 122858
32814 18 15 122859
32816 18 19 122860
32818 18 21 122861
32820 18 22 122862
32822 18 23 122863
32824 18 1 122864
32826 18 2 122865
32828 18 3 122866
32830 18 5 122867
32832 18 9 122868
32834 18 10 122869
32836 18 14 122870
32838 18 15 122871
32840 18 19 122872
32842 18 21 122873
32844 18 22 122874
32846 18 23 122875
32848 18 1 122876
32850 18 2 122877
32852 18 3 122878
32854 18 5 122879
32856 18 1 122880
32858 18 2 122881
32860 18 3 122882
32862 18 5 122883
32864 18 9 122884
32866 18 10 122885
32868 18 14 122886
32870 18 15 122887
32872 18 19 122888
32874 18 21 122889
32876 18 22 122890
32878 18 23 122891
32880 18 1 122892
32882 18 2 122893
32884 18 3 122894
32886 18 5 122895
32888 18 9 122896
32890 18 10 122897
32892 18 14 122898
32894 18 15 122899
32896 18 19 122900
32898 18 21 122901
32900 18 22 122902
32902 18 23 122903
32904 18 1 122904
32906 18 2 122905
32908 18 3 122906
32910 18 5 122907
32912 18 9 122908
32914 18 10 122909
32916 18 14 122910
32918 18 15 122911
32920 18 19 122912
32922 18 21 122913
32924 18 22 122914
32926 18 23 122915
32928 18 1 122916
32930 18 2 122917
32932 18 3 122918
32934 18 5 122919
32936 18 9 122920
32938 18 10 122921
32940 18 14 122922
32942 18 15 122923
32944 18 19 122924
32946 18 21 122925
32948 18 22 122926
32950 18 23 122927
32952 18 1 122928
32954 18 2 122929
32956 18 3 122930
32958 18 5 122931
32960 18 9 122932
32962 18 10 122933
32964 18 14 122934
32966 18 15 122935
32968 18 19 122936
32970 18 21 122937
32972 18 22 122938
32974 18 23 122939
32976 18 1 122940
32978 18 2 122941
32980 18 3 122942
32982 18 5 122943
32984 18 9 122944
32986 18 10 122945
32988 18 14 122946
32990 18 15 122947
32992 18 19 122948
32994 18 21 122949
32996 18 22 122950
32998 18 23 122951
33000 18 1 122952
33002 18 2 122953
33004 18 3 122954
33006 18 5 122955
33008 18 9 122956
33010 18 10 122957
33012 18 14 122958
33014 18 15 122959
33016 18 19 122960
33018 18 21 122961
33020 18 22 122962
33022 18 23 122963
33026 18 1 122964
33028 18 2 122965
33030 18 3 122966
33032 18 5 122967
33034 18 9 122968
33036 18 10 122969
33038 18 14 122970
33040 18 15 122971
33042 18 19 122972
33044 18 21 122973
33046 18 22 122974
33048 18 23 122975
33050 18 1 122976
33052 18 2 122977
33054 18 3 122978
33056 18 5 122979
33058 18 9 122980
33060 18 10 122981
33062 18 14 122982
33064 18 15 122983
33066 18 19 122984
33068 18 21 122985
33070 18 22 122986
33072 18 23 122987
33074 18 1 122988
33076 18 2 122989
33078 18 3 122990
33080 18 5 122991
33082 18 9 122992
33084 18 10 122993
33086 18 14 122994
33088 18 15 122995
33090 18 19 122996
33092 18 21 122997
33094 18 22 122998
33096 18 23 122999
33098 18 1 123000
33100 18 2 123001
33102 18 3 123002
33104 18 5 123003
33106 18 9 123004
33108 18 10 123005
33110 18 14 123006
33112 18 15 123007
33114 18 19 123008
33116 18 21 123009
33118 18 22 123010
33120 18 23 123011
33122 18 1 123012
33124 18 2 123013
33126 18 3 123014
33128 18 5 123015
33130 18 9 123016
33132 18 10 123017
33134 18 14 123018
33136 18 15 123019
33138 18 19 123020
33140 18 21 123021
33142 18 22 123022
33144 18 23 123023
33146 18 1 123024
33148 18 2 123025
33150 18 3 123026
33152 18 5 123027
33154 18 9 123028
33156 18 10 123029
33158 18 14 123030
33160 18 15 123031
33162 18 19 123032
33164 18 21 123033
33166 18 22 123034
33168 18 23 123035
33170 18 1 123036
33172 18 2 123037
33174 18 3 123038
33176 18 5 123039
33178 18 9 123040
33180 18 10 123041
33182 18 14 123042
33184 18 15 123043
33186 18 19 123044
33188 18 21 123045
33190 18 22 123046
33192 18 23 123047
33194 18 1 123048
33196 18 2 123049
33198 18 3 123050
33200 18 5 123051
33202 18 9 123052
33204 18 10 123053
33206 18 14 123054
33208 18 15 123055
33210 18 19 123056
33212 18 21 123057
33214 18 22 123058
33216 18 23 123059
33218 18 1 123060
33220 18 2 123061
33222 18 3 123062
33224 18 5 123063
33226 18 9 123064
33228 18 10 123065
33230 18 14 123066
33232 18 15 123067
33234 18 19 123068
33236 18 21 123069
33238 18 22 123070
33240 18 23 123071
33242 18 1 123072
33244 18 2 123073
33246 18 3 123074
33248 18 5 123075
33250 18 9 123076
33252 18 10 123077
33254 18 14 123078
33256 18 15 123079
33258 18 19 123080
33262 18 21 123081
33264 18 22 123082
33266 18 23 123083
33268 18 1 123084
33270 18 2 123085
33272 18 3 123086
33274 18 5 123087
33276 18 9 123088
33278 18 10 123089
33280 18 14 123090
33282 18 15 123091
33284 18 19 123092
33286 18 21 123093
33288 18 22 123094
33290 18 23 123095
33292 18 1 123096
33294 18 2 123097
33296 18 3 123098
33298 18 5 123099
33300 18 9 123100
33302 18 10 123101
33304 18 14 123102
33306 18 15 123103
33308 18 19 123104
33310 18 21 123105
33312 18 22 123106
33314 18 23 123107
33316 18 1 123108
33318 18 2 123109
33320 18 3 123110
33322 18 5 123111
33324 18 9 123112
33326 18 10 123113
33328 18 14 123114
33330 18 15 123115
33332 18 19 123116
33334 18 21 123117
33336 18 22 123118
33338 18 23 123119
33340 18 1 123120
33344 18 2 123121
33346 18 3 123122
33348 18 5 123123
33350 18 9 123124
33352 18 10 123125
33354 18 14 123126
33356 18 15 123127
33358 18 19 123128
33360 18 21 123129
33362 18 22 123130
33364 18 23 123131
33366 18 1 123132
33368 18 2 123133
33370 18 3 123134
33372 18 5 123135
33374 18 9 123136
33376 18 10 123137
33378 18 14 123138
33380 18 15 123139
33382 18 19 123140
33384 18 21 123141
33386 18 22 123142
33388 18 23 123143
33390 18 1 123144
33392 18 2 123145
33394 18 3 123146
33396 18 5 123147
33398 18 9 123148
33400 18 10 123149
33402 18 14 123150
33404 18 15 123151
33406 18 19 123152
33408 18 21 123153
33410 18 22 123154
33412 18 23 123155
33414 18 1 123156
33416 18 2 123157
33418 18 3 123158
33420 18 5 123159
33422 18 9 123160
33424 18 10 123161
33426 18 14 123162
33428 18 15 123163
33430 18 19 123164
33432 18 21 123165
33434 18 22 123166
33436 18 23 123167
33438 18 1 123168
33440 18 2 123169
33442 18 3 123170
33444 18 5 123171
33446 18 9 123172
33448 18 10 123173
33450 18 14 123174
33452 18 15 123175
33454 18 19 123176
33456 18 21 123177
33458 18 22 123178
33460 18 23 123179
33462 18 1 123180
33464 18 2 123181
33466 18 3 123182
33468 18 5 123183
33470 18 9 123184
33472 18 10 123185
33474 18 14 123186
33476 18 15 123187
33478 18 19 123188
33480 18 21 123189
33482 18 22 123190
33484 18 23 123191
33486 18 1 123192
33488 18 2 123193
33490 18 3 123194
33492 18 5 123195
33494 18 9 123196
33496 18 10 123197
33498 18 14 123198
33500 18 15 123199
33502 18 19 123200
33504 18 21 123201
33506 18 22 123202
33508 18 23 123203
33510 18 1 123204
33512 18 2 123205
33514 18 3 123206
33516 18 5 123207
33518 18 9 123208
33520 18 10 123209
33522 18 14 123210
33524 18 15 123211
33526 18 19 123212
33528 18 21 123213
33530 18 22 123214
33532 18 23 123215
33534 18 1 123216
33536 18 2 123217
33538 18 3 123218
33540 18 5 123219
33542 18 9 123220
33544 18 10 123221
33546 18 14 123222
33548 18 15 123223
33550 18 19 123224
33552 18 21 123225
33554 18 22 123226
33556 18 23 123227
33558 18 1 123228
33560 18 2 123229
33562 18 3 123230
33564 18 5 123231
33566 18 9 123232
33568 18 10 123233
33570 18 14 123234
33572 18 15 123235
33574 18 19 123236
33576 18 21 123237
33578 18 22 123238
33580 18 23 123239
33582 18 1 123240
33584 18 2 123241
33586 18 3 123242
33588 18 5 123243
33590 18 9 123244
33592 18 10 123245
33594 18 14 123246
33596 18 15 123247
33600 18 19 123248
33602 18 21 123249
33604 18 22 123250
33606 18 23 123251
33608 18 1 123252
33610 18 2 123253
33612 18 3 123254
33614 18 5 123255
33616 18 9 123256
33618 18 10 123257
33620 18 14 123258
33622 18 15 123259
33624 18 19 123260
33626 18 21 123261
33628 18 22 123262
33630 18 23 123263
33632 18 1 123264
33634 18 2 123265
33636 18 3 123266
33638 18 5 123267
33640 18 9 123268
33642 18 10 123269
33644 18 14 123270
33646 18 15 123271
33648 18 19 123272
33650 18 21 123273
33652 18 22 123274
33654 18 23 123275
33656 18 1 123276
33658 18 2 123277
33660 18 3 123278
33662 18 5 123279
33664 18 9 123280
33666 18 10 123281
33668 18 14 123282
33670 18 15 123283
33672 18 19 123284
33674 18 21 123285
33676 18 22 123286
33682 18 23 123287
33684 18 1 123288
33686 18 2 123289
33688 18 3 123290
33690 18 5 123291
33692 18 9 123292
33694 18 10 123293
33696 18 14 123294
33698 18 15 123295
33700 18 19 123296
33702 18 21 123297
33704 18 22 123298
33706 18 23 123299
33708 18 1 123300
33710 18 2 123301
33712 18 3 123302
33714 18 5 123303
33716 18 9 123304
33718 18 10 123305
33720 18 14 123306
33722 18 15 123307
33724 18 19 123308
33726 18 21 123309
33728 18 22 123310
33730 18 23 123311
33732 18 1 123312
33734 18 2 123313
33736 18 3 123314
33738 18 5 123315
33740 18 9 123316
33742 18 10 123317
33744 18 14 123318
33746 18 15 123319
33748 18 19 123320
33750 18 21 123321
33752 18 22 123322
33754 18 23 123323
33756 18 1 123324
33758 18 2 123325
33760 18 3 123326
33762 18 5 123327
33764 18 9 123328
33766 18 10 123329
33768 18 14 123330
33770 18 15 123331
33772 18 19 123332
33774 18 21 123333
33776 18 22 123334
33778 18 23 123335
33780 18 1 123336
33782 18 2 123337
33784 18 3 123338
33786 18 5 123339
33788 18 9 123340
33790 18 10 123341
33792 18 14 123342
33794 18 15 123343
33796 18 19 123344
33798 18 21 123345
33800 18 22 123346
33802 18 23 123347
33804 18 1 123348
33810 18 2 123349
33812 18 3 123350
33814 18 5 123351
33816 18 9 123352
33818 18 10 123353
33820 18 14 123354
33822 18 15 123355
33824 18 19 123356
33826 18 21 123357
33828 18 22 123358
33830 18 23 123359
33832 18 1 123360
33834 18 2 123361
33836 18 3 123362
33838 18 5 123363
33840 18 9 123364
33842 18 10 123365
33844 18 14 123366
33846 18 15 123367
33848 18 19 123368
33850 18 21 123369
33852 18 22 123370
33854 18 23 123371
33856 18 1 123372
33858 18 2 123373
33860 18 3 123374
33862 18 5 123375
33864 18 9 123376
33866 18 10 123377
33868 18 14 123378
33870 18 15 123379
33872 18 19 123380
33874 18 21 123381
33876 18 22 123382
33878 18 23 123383
33880 18 1 123384
33882 18 2 123385
33884 18 3 123386
33886 18 5 123387
33888 18 9 123388
33890 18 10 123389
33892 18 14 123390
33894 18 15 123391
33896 18 19 123392
33898 18 21 123393
33900 18 22 123394
33902 18 23 123395
33904 18 1 123396
33906 18 2 123397
33908 18 3 123398
33910 18 5 123399
33912 18 9 123400
33914 18 10 123401
33916 18 14 123402
33918 18 15 123403
33920 18 19 123404
33922 18 21 123405
33924 18 22 123406
33926 18 23 123407
33928 18 1 123408
33930 18 2 123409
33932 18 3 123410
33934 18 5 123411
33936 18 9 123412
33938 18 10 123413
33940 18 14 123414
33942 18 15 123415
33944 18 19 123416
33946 18 21 123417
33948 18 22 123418
33950 18 23 123419
33952 18 1 123420
33954 18 2 123421
33956 18 3 123422
33958 18 5 123423
33960 18 9 123424
33962 18 10 123425
33964 18 14 123426
33966 18 15 123427
33968 18 19 123428
33970 18 21 123429
33972 18 22 123430
33974 18 23 123431
33976 18 1 123432
33978 18 2 123433
33980 18 3 123434
33982 18 5 123435
33984 18 9 123436
33986 18 10 123437
33988 18 14 123438
33990 18 15 123439
33992 18 19 123440
33994 18 21 123441
33996 18 22 123442
33998 18 23 123443
34000 18 1 123444
34002 18 2 123445
34004 18 3 123446
34006 18 5 123447
34008 18 9 123448
34010 18 10 123449
34012 18 14 123450
34014 18 15 123451
34016 18 19 123452
34018 18 21 123453
34020 18 22 123454
34022 18 23 123455
34024 18 1 123456
34026 18 2 123457
34028 18 3 123458
34030 18 5 123459
34032 18 9 123460
34034 18 10 123461
34036 18 14 123462
34038 18 15 123463
34040 18 19 123464
34042 18 21 123465
34044 18 22 123466
34046 18 23 123467
34048 18 1 123468
34050 18 2 123469
34052 18 3 123470
34054 18 5 123471
34056 18 9 123472
34058 18 10 123473
34060 18 14 123474
34062 18 15 123475
34064 18 19 123476
34066 18 21 123477
34068 18 22 123478
34070 18 23 123479
34072 18 1 123480
34074 18 2 123481
34076 18 3 123482
34078 18 5 123483
34080 18 9 123484
34082 18 10 123485
34084 18 14 123486
34086 18 15 123487
34088 18 19 123488
34090 18 21 123489
34092 18 22 123490
34094 18 23 123491
34096 18 1 123492
34098 18 2 123493
34100 18 3 123494
34102 18 5 123495
34104 18 9 123496
34106 18 10 123497
34108 18 14 123498
34110 18 15 123499
34112 18 19 123500
34114 18 21 123501
34116 18 22 123502
34118 18 23 123503
34120 18 1 123504
34122 18 2 123505
34124 18 3 123506
34126 18 5 123507
34128 18 9 123508
34130 18 10 123509
34132 18 14 123510
34134 18 15 123511
34136 18 19 123512
34138 18 21 123513
34140 18 22 123514
34142 18 23 123515
34144 18 1 123516
34146 18 2 123517
34148 18 3 123518
34150 18 5 123519
34152 18 9 123520
34154 18 10 123521
34156 18 14 123522
34158 18 15 123523
34160 18 19 123524
34162 18 21 123525
34164 18 22 123526
34166 18 23 123527
34168 18 1 123528
34170 18 2 123529
34172 18 3 123530
34174 18 5 123531
34176 18 9 123532
34178 18 10 123533
34180 18 14 123534
34182 18 15 123535
34184 18 19 123536
34186 18 21 123537
34188 18 22 123538
34190 18 23 123539
34192 18 1 123540
34194 18 2 123541
34196 18 3 123542
34198 18 5 123543
34200 18 9 123544
34202 18 10 123545
34204 18 14 123546
34206 18 15 123547
34208 18 19 123548
34210 18 21 123549
34212 18 22 123550
34214 18 23 123551
34216 18 1 123552
34218 18 2 123553
34220 18 3 123554
34222 18 5 123555
34224 18 9 123556
34226 18 10 123557
34228 18 14 123558
34230 18 15 123559
34232 18 19 123560
34234 18 21 123561
34236 18 22 123562
34238 18 23 123563
34240 18 1 123564
34242 18 2 123565
34244 18 3 123566
34246 18 5 123567
34248 18 9 123568
34250 18 10 123569
34252 18 14 123570
34254 18 15 123571
34256 18 19 123572
34258 18 21 123573
34260 18 22 123574
34262 18 23 123575
34264 18 1 123576
34266 18 2 123577
34268 18 3 123578
34270 18 5 123579
34272 18 9 123580
34274 18 10 123581
34276 18 14 123582
34278 18 15 123583
34280 18 19 123584
34282 18 21 123585
34284 18 22 123586
34286 18 23 123587
34288 18 1 123588
34290 18 2 123589
34292 18 3 123590
34294 18 5 123591
34296 18 9 123592
34298 18 10 123593
34300 18 14 123594
34302 18 15 123595
34304 18 19 123596
34306 18 21 123597
34308 18 22 123598
34310 18 23 123599
34312 18 1 123600
34314 18 2 123601
34316 18 3 123602
34318 18 5 123603
34320 18 9 123604
34322 18 10 123605
34324 18 14 123606
34326 18 15 123607
34328 18 19 123608
34330 18 21 123609
34332 18 22 123610
34334 18 23 123611
34336 18 1 123612
34338 18 2 123613
34340 18 3 123614
34342 18 5 123615
34344 18 9 123616
34346 18 10 123617
34348 18 14 123618
34350 18 15 123619
34352 18 19 123620
34354 18 21 123621
34356 18 22 123622
34358 18 23 123623
34360 18 1 123624
34362 18 2 123625
34364 18 3 123626
34366 18 5 123627
34368 18 9 123628
34370 18 10 123629
34372 18 14 123630
34374 18 15 123631
34376 18 19 123632
34378 18 21 123633
34380 18 22 123634
34382 18 23 123635
34384 18 1 123636
34386 18 2 123637
34388 18 3 123638
34390 18 5 123639
34392 18 9 123640
34394 18 10 123641
34396 18 14 123642
34398 18 15 123643
34400 18 19 123644
34402 18 21 123645
34404 18 22 123646
34406 18 23 123647
34408 18 1 123648
34410 18 2 123649
34412 18 3 123650
34414 18 5 123651
34416 18 9 123652
34418 18 10 123653
34420 18 14 123654
34422 18 15 123655
34424 18 19 123656
34426 18 21 123657
34428 18 22 123658
34430 18 23 123659
34432 18 1 123660
34434 18 2 123661
34436 18 3 123662
34438 18 5 123663
34440 18 9 123664
34442 18 10 123665
34444 18 14 123666
34446 18 15 123667
34448 18 19 123668
34450 18 21 123669
34452 18 22 123670
34454 18 23 123671
34456 18 1 123672
34458 18 2 123673
34460 18 3 123674
34462 18 5 123675
34464 18 9 123676
34466 18 10 123677
34468 18 14 123678
34470 18 15 123679
34472 18 19 123680
34474 18 21 123681
34476 18 22 123682
34478 18 23 123683
34480 18 1 123684
34482 18 2 123685
34484 18 3 123686
34486 18 5 123687
34488 18 9 123688
34490 18 10 123689
34492 18 14 123690
34494 18 15 123691
34496 18 19 123692
34498 18 21 123693
34500 18 22 123694
34502 18 23 123695
34504 18 1 123696
34506 18 2 123697
34508 18 3 123698
34510 18 5 123699
34512 18 9 123700
34514 18 10 123701
34516 18 14 123702
34518 18 15 123703
34520 18 19 123704
34522 18 21 123705
34524 18 22 123706
34526 18 23 123707
34528 18 1 123708
34530 18 2 123709
34532 18 3 123710
34534 18 5 123711
34536 18 9 123712
34538 18 10 123713
34540 18 14 123714
34542 18 15 123715
34544 18 19 123716
34546 18 21 123717
34548 18 22 123718
34550 18 23 123719
34552 18 1 123720
34554 18 2 123721
34556 18 3 123722
34558 18 5 123723
34560 18 9 123724
34562 18 10 123725
34564 18 14 123726
34566 18 15 123727
34568 18 19 123728
34570 18 21 123729
34572 18 22 123730
34574 18 23 123731
34576 18 1 123732
34578 18 2 123733
34580 18 3 123734
34582 18 5 123735
34584 18 9 123736
34586 18 10 123737
34588 18 14 123738
34590 18 15 123739
34592 18 19 123740
34594 18 21 123741
34596 18 22 123742
34598 18 23 123743
34600 18 1 123744
34602 18 2 123745
34604 18 3 123746
34606 18 5 123747
34608 18 9 123748
34610 18 10 123749
34612 18 14 123750
34614 18 15 123751
34616 18 19 123752
34618 18 21 123753
34620 18 22 123754
34622 18 23 123755
34624 18 1 123756
34626 18 2 123757
34628 18 3 123758
34630 18 5 123759
34632 18 9 123760
34634 18 10 123761
34636 18 14 123762
34638 18 15 123763
34640 18 19 123764
34642 18 21 123765
34644 18 22 123766
34646 18 23 123767
34648 18 1 123768
34650 18 2 123769
34652 18 3 123770
34654 18 5 123771
34656 18 9 123772
34658 18 10 123773
34660 18 14 123774
34662 18 15 123775
34664 18 19 123776
34666 18 21 123777
34668 18 22 123778
34670 18 23 123779
34672 18 1 123780
34674 18 2 123781
34676 18 3 123782
34678 18 5 123783
34680 18 9 123784
34682 18 10 123785
34684 18 14 123786
34686 18 15 123787
34688 18 19 123788
34690 18 21 123789
34692 18 22 123790
34694 18 23 123791
34696 18 1 123792
34698 18 2 123793
34700 18 3 123794
34702 18 5 123795
34704 18 9 123796
34706 18 10 123797
34708 18 14 123798
34710 18 15 123799
34712 18 19 123800
34714 18 21 123801
34716 18 22 123802
34718 18 23 123803
34720 18 1 123804
34722 18 2 123805
34724 18 3 123806
34726 18 5 123807
34728 18 9 123808
34730 18 10 123809
34732 18 14 123810
34734 18 15 123811
34736 18 19 123812
34738 18 21 123813
34740 18 22 123814
34742 18 23 123815
34744 18 1 123816
34746 18 2 123817
34748 18 3 123818
34750 18 5 123819
34752 18 9 123820
34754 18 10 123821
34756 18 14 123822
34758 18 15 123823
34760 18 19 123824
34762 18 21 123825
34764 18 22 123826
34766 18 23 123827
34768 18 1 123828
34770 18 2 123829
34772 18 3 123830
34774 18 5 123831
34776 18 9 123832
34778 18 10 123833
34780 18 14 123834
34782 18 15 123835
34784 18 19 123836
34786 18 21 123837
34788 18 22 123838
34790 18 23 123839
34792 18 1 123840
34794 18 2 123841
34796 18 3 123842
34798 18 5 123843
34800 18 9 123844
34802 18 10 123845
34804 18 14 123846
34806 18 15 123847
34808 18 19 123848
34810 18 21 123849
34812 18 22 123850
34814 18 23 123851
34816 18 1 123852
34818 18 2 123853
34820 18 3 123854
34822 18 5 123855
34824 18 9 123856
34826 18 10 123857
34828 18 14 123858
34830 18 15 123859
34832 18 19 123860
34834 18 21 123861
34836 18 22 123862
34838 18 23 123863
34840 18 1 123864
34842 18 2 123865
34844 18 3 123866
34846 18 5 123867
34848 18 9 123868
34850 18 10 123869
34852 18 14 123870
34854 18 15 123871
34856 18 19 123872
34858 18 21 123873
34860 18 22 123874
34862 18 23 123875
34864 18 1 123876
34866 18 2 123877
34868 18 3 123878
34870 18 5 123879
34872 18 9 123880
34874 18 10 123881
34878 18 14 123882
34880 18 15 123883
34882 18 19 123884
34884 18 21 123885
34886 18 22 123886
34888 18 23 123887
34890 18 1 123888
34892 18 2 123889
34894 18 3 123890
34896 18 5 123891
34898 18 9 123892
34900 18 10 123893
34902 18 14 123894
34904 18 15 123895
34906 18 19 123896
34908 18 21 123897
34910 18 22 123898
34912 18 23 123899
34914 18 1 123900
34916 18 2 123901
34918 18 3 123902
34920 18 5 123903
34952 18 1 123904
34954 18 2 123905
34956 18 3 123906
34958 18 5 123907
34960 18 9 123908
34962 18 10 123909
34964 18 14 123910
34966 18 15 123911
34968 18 19 123912
34970 18 21 123913
34972 18 22 123914
34974 18 23 123915
34976 18 1 123916
34978 18 2 123917
34982 18 3 123918
34984 18 5 123919
34988 18 9 123920
34992 18 10 123921
34996 18 14 123922
35000 18 15 123923
35002 18 19 123924
35006 18 21 123925
35010 18 22 123926
35014 18 23 123927
35020 18 1 123928
35022 18 2 123929
35026 18 3 123930
35028 18 5 123931
35048 18 9 123932
35050 18 10 123933
35052 18 14 123934
35056 18 15 123935
35064 18 19 123936
35066 18 21 123937
35068 18 22 123938
35070 18 23 123939
35080 18 1 123940
35082 18 2 123941
35084 18 3 123942
35086 18 5 123943
35088 18 9 123944
35090 18 10 123945
35092 18 14 123946
35094 18 15 123947
35096 18 19 123948
35098 18 21 123949
35100 18 22 123950
35102 18 23 123951
35104 18 1 123952
35106 18 2 123953
35108 18 3 123954
35110 18 5 123955
35112 18 9 123956
35114 18 10 123957
35116 18 14 123958
35118 18 15 123959
35120 18 19 123960
35122 18 21 123961
35124 18 22 123962
35126 18 23 123963
35128 18 1 123964
35130 18 2 123965
35132 18 3 123966
35134 18 5 123967
35136 18 9 123968
35138 18 10 123969
35140 18 14 123970
35142 18 15 123971
35144 18 19 123972
35146 18 21 123973
35148 18 22 123974
35150 18 23 123975
35152 18 21 201
35154 18 1 0
35158 18 15 43
35162 18 10 53
35164 18 2 193
35166 18 23 863
35168 18 15 955
35202 18 14 762
35204 18 22 790
35214 18 22 862
35220 18 5 267
35886 18 5 1675
35888 18 22 1682
35890 18 9 1688
35892 18 21 1693
35894 18 10 1917
35896 18 19 1968
35898 18 5 1663
35922 18 10 1665
35928 18 10 1689
36092 18 2 1697
36118 18 19 1668
36324 18 21 1669
36328 18 23 1659
36330 18 9 1676
36332 18 15 1679
36352 18 3 1038
36354 18 1 1960
36356 18 22 2742
36358 18 1 3636
36360 18 14 4026
36362 18 14 3210
36368 18 10 3269
36370 18 5 4111
36372 18 5 4399
36374 18 21 4261
36376 18 15 5295
36378 18 15 5391
36380 18 5 5807
36382 18 22 7114
36386 18 5 6447
36388 18 21 6321
36390 18 1 6396
36392 18 22 7610
36394 18 3 7638
36396 18 9 7652
36398 18 3 7782
36400 18 5 7783
36402 18 14 7786
36404 18 21 7789
36406 18 23 7791
36408 18 3 7794
36410 18 5 7795
36412 18 9 7796
36414 18 14 7798
36416 18 15 7799
36418 18 19 7800
36420 18 21 7801
36422 18 22 7802
36424 18 14 7846
36426 18 21 7429
36428 18 22 7430
36430 18 21 7441
36432 18 21 7753
36434 18 3 7830
36436 18 5 7831
36438 18 15 7835
36440 18 19 7644
36448 18 5 7663
36450 18 23 7671
36498 18 10 7665
36534 18 14 7666
36550 18 15 7667
36608 18 15 7919
36638 18 1 7900
36642 18 9 7880
36714 18 22 7706
36718 18 5 7723
36720 18 9 7724
36722 18 1 7744
36724 18 9 7760
36726 18 10 7761
36728 18 3 7770
36730 18 22 7886
36732 18 23 7887
36734 18 23 7611
36746 18 2 8189
36748 18 21 7705
36752 18 19 7704
36754 18 1 7888
36762 18 3 8190
36764 18 5 8191
36768 18 14 7618
36776 18 10 7749
36778 18 15 7751
36786 18 10 7641
36788 18 5 7735
36794 18 21 7933
36800 18 23 7755
36802 18 1 7756
36804 18 2 7757
36806 18 3 7758
36808 18 5 7759
36848 18 19 8320
36850 18 1 8192
36852 18 2 8193
36854 18 3 8194
36856 18 2 11721
36858 18 9 11724
36860 18 14 11726
36862 18 1 11732
36864 18 14 11738
36866 18 1 11744
36868 18 10 11893
36874 18 3 12286
36878 18 23 12671
36880 18 5 12891
36886 18 10 13605
36888 18 19 14172
36890 18 21 14957
36892 18 22 16378
36894 18 5 16387
36896 18 21 16645
36898 18 10 17641
36900 18 22 17790
36902 18 21 17969
36904 18 22 17970
36906 18 23 17971
36908 18 1 17972
36910 18 19 18100
36912 18 15 19231
36914 18 10 18977
36916 18 10 19557
36918 18 15 19595
36920 18 5 19603
36922 18 2 21477
36924 18 15 20955
36926 18 21 21885
36928 18 23 22031
36930 18 22 22042
36936 18 23 23031
36938 18 19 23112
36940 18 14 23218
36942 18 9 23240
36944 18 19 24944
37228 18 2 24865
37230 18 9 25312
37232 18 10 25917
37234 18 9 25808
37236 18 21 26197
37238 18 14 26194
37240 18 15 26195
37242 18 19 26196
37244 18 22 26198
37278 18 23 27487
37280 18 10 27073
37282 18 5 27107
37284 18 9 27108
37286 18 10 27109
37288 18 14 27110
37290 18 15 27111
37292 18 19 27112
37302 18 3 27698
37310 18 10 27749
37312 18 23 27767
37314 18 14 27774
37316 18 15 27775
37318 18 23 27779
37320 18 3 27782
37322 18 14 27918
37324 18 15 28255
37326 18 3 28586
37328 18 9 27784
37330 18 10 27785
37340 18 9 27748
37352 18 21 27801
37370 18 23 28031
37386 18 1 28032
37388 18 5 28143
37394 18 9 28144
37424 18 14 28146
37436 18 5 28155
37438 18 1 28560
37440 18 21 28209
37442 18 9 28216
37450 18 15 28219
37452 18 22 28222
37454 18 1 28224
37456 18 14 28278
37460 18 15 28279
37462 18 19 28280
37464 18 21 28281
37466 18 22 28282
37468 18 23 28283
37470 18 1 28284
37472 18 2 28285
37474 18 3 28286
37476 18 23 28319
37478 18 14 28434
37480 18 10 28433
37484 18 15 28447
37492 18 15 28459
37498 18 19 28460
37500 18 9 28432
37522 18 23 28463
37524 18 9 28468
37526 18 15 28483
37542 18 1 28512
37544 18 9 28688
37546 18 3 28698
37548 18 22 28730
37550 18 9 28724
37552 18 2 28985
37554 18 3 28986
37588 18 10 29037
37590 18 15 29039
37596 18 5 28987
37612 18 19 31196
37614 18 10 31601
37620 18 15 33735
37622 18 2 35177
37628 18 21 35161
37632 18 3 35178
37634 18 5 35179
37636 18 23 35187
37638 18 23 35175
37640 18 1 35176
37644 18 9 35180
37646 18 10 35181
37650 18 2 35189
37654 18 10 35169
37670 18 14 35182
37672 18 15 35183
37674 18 19 35184
37676 18 21 35185
37678 18 22 35186
37682 18 1 35188
37686 18 3 35190
37690 18 21 35909
37692 18 10 36169
37694 18 10 38793
37696 18 1 38800
37698 18 15 38807
37700 18 1 38812
37702 18 21 38821
37704 18 10 41989
37706 18 19 42016
37708 18 15 42111
37710 18 23 42115
37712 18 14 42194
37714 18 19 42292
37716 18 19 42736
37718 18 22 44426
37720 18 21 44485
37722 18 10 44493
37724 18 9 44828
37726 18 21 45365
37728 18 5 46479
37730 18 2 51149
37732 18 5 55187
37734 18 19 56288
37736 18 10 56589
37752 18 14 57626
37754 18 22 57954
37756 18 1 58172
37758 18 2 60789
37760 18 22 61206
37762 18 10 61237
37764 18 1 63364
38048 18 22 66290
38050 18 3 65622
38052 18 3 69006
38066 18 23 68991
38068 18 2 68993
38070 18 14 72938
38072 18 15 72939
38074 18 2 76969
38076 18 22 76942
38078 18 1 76992
38080 18 2 76993
38082 18 5 76995
38084 18 10 77009
38086 18 14 77010
38088 18 15 77011
38090 18 19 77012
38092 18 21 77013
38094 18 22 77014
38096 18 23 77015
38098 18 1 77016
38100 18 2 77017
38246 18 5 77055
38250 18 3 77054
38252 18 9 77092
38254 18 10 77093
38256 18 14 77094
38258 18 15 77095
38260 18 19 77096
38262 18 21 77097
38264 18 22 77098
38266 18 23 77099
38268 18 1 77100
38270 18 9 77104
38272 18 15 77107
38274 18 19 77108
38276 18 21 77109
38278 18 22 77110
38280 18 23 77111
38282 18 1 77112
38284 18 2 77113
38286 18 3 77114
38288 18 5 77115
38290 18 19 77120
38292 18 21 77121
38294 18 22 77122
38296 18 23 77123
38298 18 1 77124
38300 18 2 77125
38302 18 23 77135
38304 18 15 77179
38306 18 19 77180
38308 18 21 77181
38310 18 22 77182
38312 18 23 77183
38314 18 1 77184
38316 18 15 77191
38318 18 19 77192
38320 18 22 77218
38322 18 10 77381
38324 18 14 77382
38326 18 15 77383
38328 18 2 77389
39080 18 15 77287
39082 18 19 77288
39084 18 21 77289
39086 18 22 77290
39088 18 23 77291
39090 18 1 77292
39092 18 2 77293
39094 18 3 77294
39096 18 5 77295
39098 18 9 77296
39100 18 10 77297
39102 18 14 77298
39104 18 15 77299
39106 18 19 77300
39108 18 21 77301
39110 18 22 77302
39112 18 23 77303
39114 18 1 77304
39116 18 2 77305
39118 18 3 77306
39120 18 5 77307
39122 18 9 77308
39124 18 10 77309
39126 18 14 77310
39128 18 15 77311
39130 18 19 77312
39132 18 21 77313
39134 18 22 77314
39136 18 23 77315
39138 18 1 77316
39140 18 2 77317
39142 18 3 77318
39144 18 5 77319
39146 18 9 77320
39148 18 10 77321
39150 18 14 77322
39152 18 15 77323
39154 18 19 77324
39156 18 21 77325
39158 18 22 77326
39160 18 23 77327
39162 18 1 77328
39164 18 2 77329
39166 18 3 77330
39168 18 5 77331
39170 18 9 77332
39172 18 10 77333
39174 18 14 77334
39176 18 15 77335
39178 18 19 77336
39180 18 21 77337
39182 18 22 77338
39184 18 23 77339
39186 18 1 77340
39188 18 2 77341
39190 18 3 77342
39192 18 5 77343
39194 18 9 77344
39196 18 10 77345
39198 18 14 77346
39200 18 15 77347
39202 18 19 77348
39204 18 21 77349
39206 18 22 77350
39208 18 23 77351
39210 18 1 77352
39212 18 2 77353
39214 18 3 77354
39216 18 9 77356
39218 18 10 77357
39220 18 14 77358
39222 18 15 77359
39224 18 19 77360
39226 18 21 77361
39228 18 22 77362
39230 18 23 77363
39232 18 1 77364
39234 18 2 77365
39236 18 3 77366
39238 18 9 77368
39240 18 10 77369
39242 18 14 77370
39244 18 15 77371
39246 18 19 77372
39248 18 21 77373
39250 18 22 77374
39252 18 23 77375
39254 18 1 77376
39256 18 2 77377
39258 18 3 77378
39260 18 5 77379
39262 18 9 77380
39274 18 19 77384
39276 18 21 77385
39278 18 22 77386
39280 18 23 77387
39282 18 1 77388
39414 18 5 77355
39478 18 5 77367
39520 18 1 77436
39522 18 14 77454
39524 18 1 77424
39526 18 21 77397
39528 18 22 77398
39530 18 1 77400
39532 18 19 77432
39534 18 21 77433
39538 18 2 77437
39540 18 15 77455
39542 18 21 77409
39544 18 22 77410
39546 18 23 77411
39550 18 3 77438
39552 18 14 77442
39554 18 19 77444
39556 18 21 77445
39558 18 2 77449
39560 18 1 77460
39562 18 21 77421
39564 18 1 77448
39566 18 5 77451
39568 18 15 77467
39570 18 10 77429
39572 18 9 77452
39574 18 22 77422
39576 18 9 77428
39582 18 10 77453
39584 18 21 77469
39588 18 23 77423
39590 18 15 77431
39592 18 23 77447
39594 18 2 77473
39598 18 22 77434
39602 18 23 77435
39608 18 23 77399
39614 18 2 77425
39616 18 3 77426
39618 18 19 77456
39622 18 9 77440
39626 18 10 77441
39628 18 21 77457
39630 18 22 77458
39634 18 5 77439
39646 18 23 77459
39652 18 22 77446
39654 18 2 77461
39660 18 3 77462
39664 18 15 77443
39668 18 5 77463
39680 18 3 77450
39682 18 9 77464
39688 18 5 77427
39694 18 14 77466
39702 18 10 77465
39708 18 19 77468
39722 18 22 77470
39724 18 23 77471
39732 18 1 77472
39738 18 15 77683
39740 18 19 77684
39742 18 9 77692
39744 18 10 77693
39746 18 21 77685
39748 18 5 77703
39750 18 14 77706
39752 18 19 77708
39754 18 21 77709
39758 18 9 77704
39762 18 15 77707
39778 18 10 77705
39794 18 3 77702
39826 18 22 77794
39828 18 15 77815
39830 18 14 77814
39834 18 22 77818
39836 18 23 77819
39838 18 1 77820
39840 18 2 77821
39842 18 3 77822
39846 18 5 77823
39848 18 10 78453
39850 18 9 78380
39852 18 10 78381
39854 18 14 78382
39856 18 15 78383
39858 18 23 77883
39860 18 3 81390
39862 18 9 81392
39864 18 2 82857
39866 18 10 89777
39868 18 1 89808
39870 18 2 94509
39872 18 2 98569
39874 18 1 100664
39876 18 14 100802
39878 18 5 108135
39880 18 23 108527
39882 18 1 109480
39884 18 1 109592
39886 18 23 111059
39888 18 14 112802
39890 18 23 113855
39892 18 21 115273
39894 18 5 127435
39896 18 19 135200
39898 18 9 136412
39900 18 10 136413
39902 18 14 136414
39904 18 15 136415
39906 18 19 136416
39908 18 21 136417
39910 18 22 136418
39912 18 23 136419
39914 18 1 136420
39916 18 2 136421
39918 18 3 136422
39920 18 5 136423
39922 18 9 136424
39924 18 10 136425
39926 18 14 136426
39928 18 15 136427
39930 18 19 136428
39932 18 21 136429
39934 18 22 136430
39936 18 23 136431
39938 18 1 136432
39940 18 2 136433
39942 18 3 136434
39944 18 5 136435
39946 18 9 136436
39948 18 10 136437
39950 18 14 136438
39952 18 15 136439
39954 18 19 136440
39956 18 21 136441
39958 18 22 136442
39960 18 23 136443
39962 18 1 136444
39964 18 2 136445
39966 18 3 136446
39968 18 5 136447
39970 18 9 136448
39972 18 10 136449
39974 18 14 136450
39976 18 15 136451
39978 18 19 136452
39980 18 21 136453
39982 18 22 136454
39984 18 23 136455
39986 18 1 136456
39988 18 2 136457
39990 18 3 136458
39992 18 5 136459
39994 18 9 136460
39996 18 10 136461
39998 18 14 136462
40000 18 15 136463
40002 18 19 136464
40004 18 21 136465
40006 18 22 136466
40008 18 23 136467
40010 18 1 136468
40012 18 2 136469
40014 18 3 136470
40016 18 5 136471
40018 18 9 136472
40020 18 10 136473
40022 18 14 136474
40024 18 15 136475
40026 18 19 136476
40028 18 21 136477
40030 18 22 136478
40032 18 23 136479
40034 18 1 136480
40036 18 2 136481
40038 18 3 136482
40040 18 5 136483
40042 18 9 136484
40044 18 10 136485
40046 18 14 136486
40048 18 15 136487
40050 18 19 136488
40052 18 21 136489
40054 18 22 136490
40056 18 23 136491
40058 18 1 136492
40060 18 2 136493
40062 18 3 136494
40064 18 5 136495
40066 18 9 136496
40068 18 10 136497
40070 18 14 136498
40072 18 15 136499
40074 18 19 136500
40076 18 21 136501
40078 18 22 136502
40080 18 23 136503
40082 18 1 136504
40084 18 2 136505
40086 18 3 136506
40088 18 5 136507
40090 18 9 136508
40092 18 10 136509
40094 18 14 136510
40096 18 15 136511
40098 18 19 136512
40100 18 21 136513
40102 18 22 136514
40104 18 23 136515
40106 18 1 136516
40108 18 2 136517
40110 18 3 136518
40112 18 5 136519
40114 18 9 136520
40116 18 10 136521
40118 18 14 136522
40120 18 15 136523
40122 18 19 136524
40124 18 21 136525
40126 18 22 136526
40128 18 23 136527
40130 18 1 136528
40132 18 2 136529
40134 18 3 136530
40136 18 5 136531
40138 18 9 136532
40140 18 10 136533
40142 18 14 136534
40144 18 15 136535
40146 18 19 136536
40148 18 21 136537
40150 18 22 136538
40152 18 23 136539
40154 18 1 136540
40156 18 2 136541
40158 18 3 136542
40160 18 5 136543
40162 18 9 136544
40164 18 10 136545
40166 18 14 136546
40168 18 15 136547
40170 18 19 136548
40172 18 21 136549
40174 18 22 136550
40176 18 23 136551
40178 18 1 136552
40180 18 2 136553
40182 18 3 136554
40184 18 5 136555
40186 18 9 136556
40188 18 10 136557
40190 18 14 136558
40192 18 15 136559
40194 18 19 136560
40196 18 21 136561
40198 18 22 136562
40200 18 23 136563
40202 18 1 136564
40204 18 2 136565
40206 18 3 136566
40208 18 5 136567
40210 18 9 136568
40212 18 10 136569
40214 18 14 136570
40216 18 15 136571
40218 18 19 136572
40220 18 21 136573
40222 18 22 136574
40224 18 23 136575
40226 18 1 136576
40228 18 2 136577
40230 18 3 136578
40232 18 5 136579
40234 18 9 136580
40236 18 10 136581
40238 18 14 136582
40240 18 15 136583
40242 18 19 136584
40244 18 21 136585
40246 18 22 136586
40248 18 23 136587
40250 18 1 136588
40252 18 2 136589
40254 18 3 136590
40256 18 5 136591
40260 18 9 136592
40262 18 10 136593
40264 18 14 136594
40266 18 15 136595
40268 18 19 136596
40282 18 21 136597
40284 18 22 136598
40286 18 23 136599
40288 18 1 136600
40290 18 2 136601
40292 18 3 136602
40294 18 5 136603
40296 18 9 136604
40302 18 10 136605
40304 18 14 136606
40306 18 15 136607
40308 18 19 136608
40310 18 21 136609
40312 18 22 136610
40314 18 23 136611
40316 18 1 136612
40318 18 2 136613
40324 18 3 136614
40326 18 5 136615
40328 18 9 136616
40330 18 10 136617
40332 18 14 136618
40334 18 15 136619
40336 18 19 136620
40338 18 21 136621
40340 18 22 136622
40342 18 23 136623
40344 18 1 136624
40346 18 2 136625
40348 18 3 136626
40362 18 5 136627
40386 18 9 136628
40388 18 10 136629
40390 18 14 136630
40392 18 15 136631
40394 18 19 136632
40396 18 21 136633
40398 18 22 136634
40400 18 23 136635
40402 18 1 136636
40404 18 2 136637
40406 18 3 136638
40408 18 5 136639
40410 18 9 136640
40412 18 10 136641
40414 18 14 136642
40416 18 15 136643
40418 18 19 136644
40420 18 21 136645
40422 18 22 136646
40424 18 23 136647
40426 18 1 136648
40428 18 2 136649
40430 18 3 136650
40432 18 5 136651
40434 18 9 136652
40436 18 10 136653
40438 18 14 136654
40440 18 15 136655
40442 18 19 136656
40444 18 21 136657
40446 18 22 136658
40448 18 23 136659
40450 18 1 136660
40452 18 2 136661
40454 18 3 136662
40456 18 5 136663
40458 18 9 136664
40460 18 10 136665
40462 18 14 136666
40464 18 15 136667
40466 18 19 136668
40468 18 21 136669
40470 18 22 136670
40472 18 23 136671
40474 18 1 136672
40476 18 2 136673
40478 18 3 136674
40480 18 5 136675
40482 18 9 136676
40484 18 10 136677
40486 18 14 136678
40488 18 15 136679
40490 18 19 136680
40492 18 21 136681
40494 18 22 136682
40496 18 23 136683
40498 18 1 136684
40500 18 2 136685
40502 18 3 136686
40504 18 5 136687
40506 18 9 136688
40508 18 10 136689
40510 18 14 136690
40512 18 15 136691
40514 18 19 136692
40516 18 21 136693
40518 18 22 136694
40520 18 23 136695
40522 18 1 136696
40524 18 2 136697
40526 18 3 136698
40528 18 5 136699
40530 18 9 136700
40532 18 10 136701
40534 18 14 136702
40536 18 15 136703
40538 18 19 136704
40540 18 21 136705
40542 18 22 136706
40544 18 23 136707
40546 18 1 136708
40548 18 2 136709
40550 18 3 136710
40552 18 5 136711
40554 18 9 136712
40556 18 10 136713
40558 18 14 136714
40560 18 15 136715
40562 18 19 136716
40564 18 21 136717
40566 18 22 136718
40568 18 23 136719
40570 18 1 136720
40572 18 2 136721
40574 18 3 136722
40576 18 5 136723
40578 18 9 136724
40580 18 10 136725
40582 18 14 136726
40584 18 15 136727
40586 18 19 136728
40588 18 21 136729
40590 18 22 136730
40592 18 23 136731
40594 18 1 136732
40596 18 2 136733
40598 18 3 136734
40600 18 5 136735
40602 18 9 136736
40604 18 10 136737
40606 18 14 136738
40608 18 15 136739
40610 18 19 136740
40612 18 21 136741
40614 18 22 136742
40616 18 23 136743
40618 18 1 136744
40620 18 2 136745
40622 18 3 136746
40624 18 5 136747
40626 18 9 136748
40628 18 10 136749
40630 18 14 136750
40632 18 15 136751
40634 18 19 136752
40636 18 21 136753
40638 18 22 136754
40640 18 23 136755
40642 18 1 136756
40644 18 2 136757
40646 18 3 136758
40648 18 5 136759
40650 18 9 136760
40652 18 10 136761
40654 18 14 136762
40656 18 15 136763
40658 18 19 136764
40660 18 21 136765
40662 18 22 136766
40664 18 23 136767
40666 18 1 136768
40668 18 2 136769
40670 18 3 136770
40672 18 5 136771
40674 18 9 136772
40676 18 10 136773
40678 18 14 136774
40680 18 15 136775
40682 18 19 136776
40684 18 21 136777
40686 18 22 136778
40688 18 23 136779
40690 18 1 136780
40692 18 2 136781
40694 18 3 136782
40696 18 5 136783
40698 18 9 136784
40700 18 10 136785
40702 18 14 136786
40704 18 15 136787
40706 18 19 136788
40708 18 21 136789
40710 18 22 136790
40712 18 23 136791
40714 18 1 136792
40716 18 2 136793
40718 18 3 136794
40720 18 5 136795
40722 18 9 136796
40724 18 10 136797
40726 18 14 136798
40728 18 15 136799
40730 18 19 136800
40732 18 21 136801
40734 18 22 136802
40736 18 23 136803
40738 18 1 136804
40740 18 2 136805
40742 18 3 136806
40744 18 5 136807
40746 18 9 136808
40748 18 10 136809
40750 18 14 136810
40752 18 15 136811
40754 18 19 136812
40756 18 21 136813
40758 18 22 136814
40760 18 23 136815
40762 18 1 136816
40764 18 2 136817
40766 18 3 136818
40768 18 5 136819
40770 18 9 136820
40772 18 10 136821
40774 18 14 136822
40776 18 15 136823
40778 18 19 136824
40780 18 21 136825
40782 18 22 136826
40784 18 23 136827
40786 18 1 136828
40788 18 2 136829
40790 18 3 136830
40792 18 5 136831
40794 18 9 136832
40796 18 10 136833
40798 18 14 136834
40800 18 15 136835
40802 18 19 136836
40804 18 21 136837
40806 18 22 136838
40808 18 23 136839
40810 18 1 136840
40812 18 2 136841
40814 18 3 136842
40816 18 5 136843
40818 18 9 136844
40820 18 10 136845
40822 18 14 136846
40824 18 15 136847
40826 18 19 136848
40828 18 21 136849
40830 18 22 136850
40832 18 23 136851
40834 18 1 136852
40836 18 2 136853
40838 18 3 136854
40840 18 5 136855
40842 18 9 136856
40844 18 10 136857
40846 18 14 136858
40848 18 15 136859
40850 18 19 136860
40852 18 21 136861
40854 18 22 136862
40856 18 23 136863
40858 18 1 136864
40860 18 2 136865
40862 18 3 136866
40864 18 5 136867
40866 18 9 136868
40868 18 10 136869
40870 18 14 136870
40872 18 15 136871
40874 18 19 136872
40876 18 21 136873
40878 18 22 136874
40880 18 23 136875
40882 18 1 136876
40884 18 2 136877
40886 18 3 136878
40888 18 5 136879
40890 18 9 136880
40892 18 10 136881
40894 18 14 136882
40896 18 15 136883
40898 18 19 136884
40900 18 21 136885
40902 18 22 136886
40904 18 23 136887
40906 18 1 136888
40908 18 2 136889
40910 18 3 136890
40912 18 5 136891
40914 18 9 136892
40916 18 10 136893
40918 18 14 136894
40920 18 15 136895
40922 18 19 136896
40924 18 21 136897
40926 18 22 136898
40928 18 23 136899
40930 18 1 136900
40932 18 2 136901
40934 18 3 136902
40936 18 5 136903
40938 18 9 136904
40940 18 10 136905
40942 18 14 136906
40944 18 15 136907
40946 18 19 136908
40948 18 21 136909
40950 18 22 136910
40952 18 23 136911
40954 18 1 136912
40956 18 2 136913
40958 18 3 136914
40960 18 5 136915
40962 18 9 136916
40964 18 10 136917
40966 18 14 136918
40968 18 15 136919
40970 18 19 136920
40972 18 21 136921
40974 18 22 136922
40976 18 23 136923
40978 18 1 136924
40980 18 2 136925
40982 18 3 136926
40984 18 5 136927
40986 18 9 136928
40988 18 10 136929
40990 18 14 136930
40992 18 15 136931
40994 18 19 136932
40996 18 21 136933
40998 18 22 136934
41000 18 23 136935
41002 18 1 136936
41004 18 2 136937
41006 18 3 136938
41008 18 5 136939
41010 18 9 136940
41012 18 10 136941
41014 18 14 136942
41016 18 15 136943
41018 18 19 136944
41020 18 21 136945
41022 18 22 136946
41024 18 23 136947
41026 18 1 136948
41028 18 2 136949
41030 18 3 136950
41032 18 5 136951
41034 18 9 136952
41036 18 10 136953
41038 18 14 136954
41040 18 15 136955
41042 18 19 136956
41044 18 21 136957
41046 18 22 136958
41052 18 23 136959
41054 18 1 136960
41056 18 2 136961
41058 18 3 136962
41062 18 5 136963
41064 18 9 136964
41066 18 10 136965
41068 18 14 136966
41070 18 15 136967
41092 18 19 136968
41094 18 21 136969
41096 18 22 136970
41098 18 23 136971
41100 18 1 136972
41102 18 2 136973
41104 18 3 136974
41106 18 5 136975
41108 18 9 136976
41110 18 10 136977
41112 18 14 136978
41114 18 15 136979
41116 18 19 136980
41118 18 21 136981
41120 18 22 136982
41122 18 23 136983
41124 18 1 136984
41126 18 2 136985
41128 18 3 136986
41130 18 5 136987
41132 18 9 136988
41134 18 10 136989
41136 18 14 136990
41138 18 15 136991
41140 18 19 136992
41142 18 21 136993
41144 18 22 136994
41146 18 23 136995
41148 18 1 136996
41150 18 2 136997
41152 18 3 136998
41154 18 5 136999
41156 18 9 137000
41158 18 10 137001
41160 18 14 137002
41162 18 15 137003
41164 18 19 137004
41166 18 21 137005
41168 18 22 137006
41170 18 23 137007
41172 18 1 137008
41174 18 2 137009
41176 18 3 137010
41178 18 5 137011
41180 18 9 137012
41182 18 10 137013
41184 18 14 137014
41186 18 15 137015
41188 18 19 137016
41190 18 21 137017
41192 18 22 137018
41194 18 23 137019
41196 18 1 137020
41198 18 2 137021
41200 18 3 137022
41202 18 5 137023
41204 18 9 137024
41206 18 10 137025
41208 18 14 137026
41210 18 15 137027
41212 18 19 137028
41214 18 21 137029
41216 18 22 137030
41218 18 23 137031
41220 18 1 137032
41222 18 2 137033
41224 18 3 137034
41226 18 5 137035
41228 18 9 137036
41230 18 10 137037
41232 18 14 137038
41234 18 15 137039
41236 18 19 137040
41238 18 21 137041
41240 18 22 137042
41242 18 23 137043
41244 18 1 137044
41246 18 2 137045
41248 18 3 137046
41250 18 5 137047
41252 18 9 137048
41254 18 10 137049
41256 18 14 137050
41258 18 15 137051
41260 18 19 137052
41262 18 21 137053
41264 18 22 137054
41266 18 23 137055
41268 18 1 137056
41270 18 2 137057
41272 18 3 137058
41274 18 5 137059
41276 18 9 137060
41278 18 10 137061
41280 18 14 137062
41282 18 15 137063
41284 18 19 137064
41286 18 21 137065
41288 18 22 137066
41290 18 23 137067
41292 18 1 137068
41294 18 2 137069
41296 18 3 137070
41298 18 5 137071
41300 18 9 137072
41302 18 10 137073
41304 18 14 137074
41306 18 15 137075
41308 18 19 137076
41310 18 21 137077
41312 18 22 137078
41314 18 23 137079
41316 18 1 137080
41318 18 2 137081
41320 18 3 137082
41322 18 5 137083
41324 18 9 137084
41326 18 10 137085
41328 18 14 137086
41330 18 15 137087
41332 18 19 137088
41334 18 21 137089
41336 18 22 137090
41338 18 23 137091
41340 18 1 137092
41342 18 2 137093
41344 18 3 137094
41346 18 5 137095
41348 18 9 137096
41350 18 10 137097
41352 18 14 137098
41354 18 15 137099
41356 18 19 137100
41358 18 21 137101
41360 18 22 137102
41362 18 23 137103
41364 18 1 137104
41366 18 2 137105
41368 18 3 137106
41370 18 5 137107
41372 18 9 137108
41374 18 10 137109
41376 18 14 137110
41378 18 15 137111
41380 18 19 137112
41382 18 21 137113
41384 18 22 137114
41386 18 23 137115
41388 18 1 137116
41390 18 2 137117
41392 18 3 137118
41394 18 5 137119
41396 18 9 137120
41398 18 10 137121
41400 18 14 137122
41402 18 15 137123
41404 18 19 137124
41406 18 21 137125
41408 18 22 137126
41410 18 23 137127
41412 18 1 137128
41414 18 2 137129
41416 18 3 137130
41418 18 5 137131
41420 18 9 137132
41422 18 10 137133
41424 18 14 137134
41426 18 15 137135
41428 18 19 137136
41430 18 21 137137
41432 18 22 137138
41434 18 23 137139
41436 18 1 137140
41438 18 2 137141
41440 18 3 137142
41442 18 5 137143
41444 18 9 137144
41446 18 10 137145
41448 18 14 137146
41450 18 15 137147
41452 18 19 137148
41454 18 21 137149
41456 18 22 137150
41458 18 23 137151
41460 18 1 137152
41462 18 2 137153
41464 18 3 137154
41466 18 5 137155
41468 18 9 137156
41470 18 10 137157
41472 18 14 137158
41474 18 15 137159
41476 18 19 137160
41478 18 21 137161
41480 18 22 137162
41482 18 23 137163
41484 18 1 137164
41486 18 2 137165
41488 18 3 137166
41490 18 5 137167
41492 18 9 137168
41494 18 10 137169
41496 18 14 137170
41498 18 15 137171
41500 18 19 137172
41502 18 21 137173
41504 18 22 137174
41506 18 23 137175
41508 18 1 137176
41510 18 2 137177
41512 18 3 137178
41514 18 5 137179
41516 18 9 137180
41518 18 10 137181
41520 18 14 137182
41522 18 15 137183
41526 18 19 137184
41528 18 21 137185
41530 18 22 137186
41532 18 23 137187
41534 18 1 137188
41536 18 2 137189
41538 18 3 137190
41540 18 5 137191
41542 18 9 137192
41544 18 10 137193
41546 18 14 137194
41548 18 15 137195
41550 18 19 137196
41552 18 21 137197
41554 18 22 137198
41556 18 23 137199
41558 18 1 137200
41560 18 2 137201
41562 18 3 137202
41564 18 5 137203
41566 18 9 137204
41568 18 10 137205
41570 18 14 137206
41572 18 15 137207
41574 18 19 137208
41576 18 21 137209
41578 18 22 137210
41580 18 23 137211
41582 18 1 137212
41584 18 2 137213
41586 18 3 137214
41588 18 5 137215
41592 18 1 137216
41594 18 2 137217
41596 18 3 137218
41598 18 5 137219
41600 18 9 137220
41602 18 10 137221
41604 18 14 137222
41606 18 15 137223
41608 18 19 137224
41610 18 21 137225
41612 18 22 137226
41614 18 23 137227
41616 18 1 137228
41618 18 2 137229
41620 18 3 137230
41622 18 5 137231
41624 18 9 137232
41626 18 10 137233
41628 18 14 137234
41630 18 15 137235
41632 18 19 137236
41634 18 21 137237
41636 18 22 137238
41638 18 23 137239
41640 18 1 137240
41642 18 2 137241
41644 18 3 137242
41646 18 5 137243
41648 18 9 137244
41650 18 10 137245
41652 18 14 137246
41654 18 15 137247
41656 18 19 137248
41658 18 21 137249
41660 18 22 137250
41662 18 23 137251
41664 18 1 137252
41666 18 2 137253
41668 18 3 137254
41670 18 5 137255
41672 18 9 137256
41674 18 10 137257
41676 18 14 137258
41678 18 15 137259
41680 18 19 137260
41682 18 21 137261
41684 18 22 137262
41686 18 23 137263
41688 18 1 137264
41690 18 2 137265
41692 18 3 137266
41694 18 5 137267
41696 18 9 137268
41698 18 10 137269
41700 18 14 137270
41702 18 15 137271
41704 18 19 137272
41706 18 21 137273
41708 18 22 137274
41710 18 23 137275
41712 18 1 137276
41714 18 2 137277
41716 18 3 137278
41718 18 5 137279
41720 18 9 137280
41722 18 10 137281
41724 18 14 137282
41726 18 15 137283
41728 18 19 137284
41730 18 21 137285
41732 18 22 137286
41734 18 23 137287
41736 18 1 137288
41738 18 2 137289
41740 18 3 137290
41742 18 5 137291
41744 18 9 137292
41746 18 10 137293
41748 18 1 0
41750 18 3 830
41752 18 5 831
41754 18 9 832
41756 18 10 833
41758 18 14 834
41760 18 15 835
41762 18 19 836
41764 18 21 837
41766 18 22 838
41768 18 23 839
41770 18 1 840
41772 18 3 842
41774 18 5 843
41776 18 10 845
41778 18 14 846
41780 18 19 848
41782 18 23 851
41786 18 5 63
41788 18 1 72
41790 18 14 162
41792 18 23 203
41794 18 5 207
41796 18 22 214
41798 18 23 215
41804 18 22 862
41806 18 19 1016
41816 18 23 47
41818 18 15 55
41820 18 14 990
41828 18 14 678
41830 18 10 149
41840 18 2 793
41850 18 23 695
41852 18 14 630
41854 18 19 716
41860 18 5 39
41876 18 15 163
41878 18 1 204
41884 18 21 45
41886 18 2 157
41892 18 1 1192
41894 18 21 1273
41896 18 22 1154
41900 18 2 1901
41902 18 2 1661
41904 18 9 1952
41906 18 19 1668
41928 18 10 2845
41930 18 22 2742
41932 18 19 2992
41952 18 21 2993
42060 18 10 3001
42068 18 23 3031
42070 18 5 3071
42074 18 10 3941
42076 18 9 3184
42078 18 1 3636
42080 18 23 4019
42082 18 14 3810
42084 18 21 3657
42086 18 15 3079
42096 18 2 4021
42100 18 23 5079
42102 18 10 4401
42104 18 3 5058
42106 18 14 5074
42112 18 21 4261
42114 18 14 5654
42116 18 5 5255
42118 18 22 5286
42120 18 9 5448
42124 18 10 5761
42126 18 21 5789
42128 18 5 6083
42130 18 15 5955
42132 18 15 5439
42134 18 15 5643
42136 18 3 5674
42138 18 21 6417
42140 18 15 6235
42142 18 3 6446
42144 18 10 6233
42148 18 2 6493
42150 18 10 6545
42152 18 14 6558
42154 18 21 6669
42156 18 1 6180
42158 18 1 6792
42160 18 2 7625
42162 18 9 7628
42164 18 2 7469
42166 18 2 7649
42168 18 3 7650
42170 18 21 7681
42172 18 3 7890
42174 18 5 7891
42176 18 5 7555
42178 18 2 11201
42182 18 23 11151
42184 18 21 11125
42186 18 9 10652
42188 18 1 11948
42190 18 2 11301
42194 18 2 11637
42196 18 21 11645
42198 18 9 11652
42200 18 15 11655
42202 18 9 11664
42204 18 10 11305
42206 18 2 12105
42208 18 15 11391
42210 18 19 11392
42212 18 2 11409
42214 18 19 11488
42216 18 15 11271
42218 18 21 11273
42220 18 23 11275
42222 18 2 11277
42224 18 9 11280
42226 18 10 11281
42228 18 3 11830
42242 18 22 11838
42244 18 10 11857
42246 18 23 12863
42248 18 19 12692
42250 18 23 12695
42252 18 14 13642
42254 18 5 13687
42260 18 14 13618
42262 18 22 13622
42264 18 23 13623
42266 18 1 13624
42268 18 2 13625
42270 18 3 13626
42272 18 5 13627
42274 18 9 13628
42276 18 10 13629
42278 18 14 13630
42280 18 15 13631
42282 18 5 14179
42284 18 3 15346
42286 18 21 14957
42288 18 1 14540
42290 18 19 16292
42292 18 3 15506
42294 18 14 15402
42296 18 9 15388
42300 18 14 15390
42306 18 14 15462
42308 18 14 15474
42310 18 19 15476
42314 18 22 16282
42316 18 22 17078
42318 18 9 17072
42320 18 21 16873
42322 18 10 17085
42332 18 9 17192
42334 18 19 16848
42336 18 2 16793
42338 18 10 16713
42340 18 5 17119
42342 18 2 17369
42346 18 23 16947
42348 18 3 18082
42350 18 1 18080
42352 18 15 18279
42364 18 9 17568
42366 18 19 19424
42368 18 21 18777
42370 18 19 18440
42372 18 9 19012
42374 18 2 19997
42376 18 10 20205
42378 18 1 20212
42380 18 15 19463
42382 18 14 20062
42384 18 10 21397
42386 18 19 21400
42388 18 15 21063
42390 18 23 22355
42392 18 22 21826
42394 18 15 22411
42396 18 19 21728
42398 18 3 22526
42400 18 1 22200
42402 18 5 22663
42404 18 9 23528
42406 18 14 25170
42408 18 3 25262
42410 18 10 25253
42412 18 22 25078
42414 18 15 25135
42416 18 3 26142
42418 18 10 26589
42420 18 1 26164
42422 18 21 31197
42424 18 3 33322
42438 18 14 33494
42440 18 3 33646
42442 18 5 33647
42444 18 23 33607
42446 18 1 33608
42448 18 21 33629
42452 18 5 32891
42454 18 2 33153
42456 18 14 33966
42466 18 14 34050
42474 18 22 34054
42476 18 2 34189
42502 18 14 34218
42512 18 22 34270
42516 18 23 34283
42528 18 9 34288
42530 18 10 34289
42532 18 14 34290
42534 18 15 34291
42536 18 19 34292
42538 18 21 34293
42540 18 22 34294
42542 18 10 34205
42544 18 14 34314
42546 18 23 34319
42548 18 22 34318
42556 18 1 34320
42564 18 2 34321
42566 18 14 34494
42568 18 19 34496
42570 18 22 34498
42572 18 1 34500
42574 18 3 34502
42576 18 9 34504
42578 18 14 34506
42582 18 15 34495
42586 18 21 34497
42590 18 23 34499
42594 18 2 34501
42598 18 5 34503
42602 18 10 34505
42606 18 15 34507
42608 18 19 34508
42610 18 22 34510
42612 18 1 34512
42614 18 3 34514
42616 18 9 34516
42618 18 14 34518
42620 18 15 34519
42624 18 21 34509
42628 18 23 34511
42632 18 2 34513
42636 18 5 34515
42640 18 10 34517
42644 18 19 34520
42646 18 23 34535
42648 18 21 34521
42650 18 22 34522
42652 18 23 34523
42654 18 1 34524
42656 18 2 34525
42658 18 3 34526
42660 18 5 34527
42662 18 9 34528
42664 18 10 34529
42666 18 14 34530
42668 18 15 34531
42670 18 19 34532
42672 18 21 34533
42674 18 22 34534
42676 18 1 34536
42680 18 9 34552
42682 18 3 34610
42684 18 10 34613
42692 18 21 34749
42694 18 22 34750
42696 18 23 34751
42698 18 1 34752
42700 18 14 34806
42712 18 2 34817
42718 18 5 34819
42728 18 21 34873
42730 18 2 34865
42732 18 21 35005
42736 18 10 35001
42740 18 10 35013
42742 18 9 35024
42750 18 14 35050
42752 18 15 35051
42754 18 5 35035
42756 18 10 35049
42758 18 15 35075
42760 18 5 35059
42764 18 14 35074
42766 18 10 35073
42774 18 22 35078
42776 18 5 35107
42788 18 14 35110
42792 18 9 36156
42794 18 1 38608
42796 18 2 38609
42798 18 19 38628
42800 18 14 38662
42802 18 19 38664
42804 18 22 38666
42806 18 1 38680
42808 18 15 38687
42810 18 10 38697
42812 18 5 38707
42814 18 9 38708
42816 18 9 38720
42818 18 2 38729
42820 18 9 38732
42822 18 3 38730
42824 18 21 39113
42826 18 14 39158
42828 18 15 39159
42830 18 15 39171
42832 18 2 39153
42840 18 19 39172
42842 18 1 39176
42844 18 19 40868
42846 18 21 40869
42848 18 22 40870
42850 18 21 41149
42852 18 22 41150
42854 18 10 41169
42856 18 14 41170
42858 18 15 41171
42860 18 19 41172
42862 18 21 41173
42864 18 22 41174
42866 18 23 41175
42868 18 2 41177
42870 18 22 41186
42872 18 23 41187
42874 18 14 41194
42876 18 9 41072
42878 18 21 41077
42880 18 22 41078
42882 18 23 41079
42884 18 19 42940
42886 18 22 42354
42888 18 21 43809
42890 18 15 44483
42892 18 19 44268
42896 18 23 45583
42898 18 2 46789
42900 18 10 47337
42902 18 15 47375
42904 18 10 47925
42906 18 14 47950
42908 18 5 47875
42910 18 22 50750
42912 18 19 50748
42914 18 14 50854
42916 18 5 50875
42918 18 2 51101
42920 18 23 52427
42922 18 1 53872
42924 18 2 53873
42926 18 3 53874
42928 18 3 53262
42930 18 5 56247
42932 18 21 56473
42934 18 3 56502
42936 18 21 56485
42938 18 23 56487
42940 18 22 56486
42942 18 2 56489
42946 18 3 56490
42950 18 15 56495
42954 18 19 56496
42958 18 22 56474
42960 18 23 56475
42962 18 10 56481
42964 18 19 56484
42968 18 9 56492
42970 18 10 56493
42974 18 5 56491
42976 18 21 56497
42978 18 22 56498
42980 18 23 56499
42982 18 2 56501
42988 18 14 59542
42992 18 21 61385
42994 18 2 62041
42996 18 3 63610
42998 18 23 63619
43000 18 22 63906
43002 18 3 65814
43004 18 21 65857
43006 18 22 65630
43008 18 19 66216
43010 18 15 68311
43012 18 5 68271
43014 18 14 70938
43016 18 21 71397
43018 18 22 70978
43020 18 15 76515
43022 18 9 83584
43024 18 19 89744
43026 18 10 90141
43028 18 23 90159
43030 18 1 90160
43032 18 10 90237
43034 18 2 90245
43036 18 3 90414
43038 18 5 90463
43040 18 9 90464
43044 18 10 90465
43046 18 23 90471
43048 18 19 90540
43050 18 21 90541
43052 18 22 90542
43054 18 23 90543
43056 18 1 90544
43058 18 2 90545
43098 18 21 90553
43100 18 1 90556
43102 18 22 90566
43104 18 5 90571
43106 18 10 90573
43110 18 15 91067
43112 18 1 90592
43114 18 2 90761
43116 18 3 90762
43118 18 5 90763
43120 18 9 90764
43124 18 3 90642
43126 18 9 90632
43128 18 10 90633
43130 18 14 90634
43132 18 15 90635
43134 18 5 90643
43136 18 9 90644
43138 18 14 90646
43140 18 22 90662
43142 18 23 90663
43144 18 1 90664
43146 18 2 90665
43148 18 14 90670
43150 18 15 90671
43152 18 21 90673
43154 18 23 90675
43156 18 10 90681
43158 18 14 90682
43160 18 19 90684
43162 18 1 90688
43164 18 3 90690
43166 18 19 90696
43168 18 21 90697
43170 18 23 90699
43172 18 2 90701
43174 18 5 90703
43176 18 9 90704
43178 18 22 90710
43182 18 5 90631
43184 18 23 90711
43186 18 15 90779
43188 18 15 90815
43190 18 19 90816
43192 18 23 90879
43194 18 21 90877
43196 18 3 90882
43198 18 5 90883
43200 18 9 90884
43202 18 14 90886
43204 18 15 90887
43246 18 14 90898
43248 18 10 91005
43250 18 14 91006
43252 18 15 91007
43254 18 19 91008
43256 18 21 91009
43258 18 22 91010
43260 18 1 91036
43264 18 1 91024
43266 18 3 91026
43268 18 22 91022
43274 18 10 91125
43276 18 14 91126
43278 18 15 91127
43280 18 19 91128
43282 18 21 91129
43284 18 22 91130
43286 18 23 91131
43288 18 1 91132
43290 18 2 91133
43292 18 14 94946
43294 18 22 94950
43296 18 2 95001
43298 18 1 94952
43300 18 3 94954
43302 18 22 95530
43304 18 1 96712
43306 18 23 97447
43308 18 2 97449
43310 18 14 100198
43312 18 23 101047
43314 18 14 104306
43316 18 19 104368
43318 18 19 106056
43320 18 14 105886
43322 18 9 107208
43324 18 1 108192
43326 18 21 109393
43328 18 23 109395
43330 18 5 110447
43332 18 10 110801
43334 18 15 113695
43336 18 23 114819
43338 18 1 116024
43340 18 10 120317
43342 18 14 120318
43344 18 15 120319
43346 18 19 120320
43348 18 21 120321
43350 18 22 120322
43352 18 23 120323
43354 18 1 120324
43356 18 10 120221
43358 18 2 120229
43360 18 19 120236
43362 18 21 120237
43364 18 22 120238
43366 18 23 120239
43368 18 1 120240
43370 18 2 120241
43372 18 3 120242
43374 18 5 120243
43376 18 9 120244
43378 18 10 120245
43380 18 14 120246
43382 18 15 120247
43384 18 19 120248
43386 18 21 120249
43388 18 22 120250
43390 18 23 120251
43392 18 1 120252
43394 18 2 120253
43396 18 3 120254
43398 18 5 120255
43400 18 2 120445
43402 18 15 124067
43404 18 10 126993
43406 18 5 131183
43408 18 2 132781
43410 18 22 141874
43412 18 3 149518
43414 18 5 149519
43416 18 9 149520
43418 18 10 149521
43420 18 14 149522
43422 18 15 149523
43424 18 19 149524
43426 18 21 149525
43428 18 22 149526
43430 18 23 149527
43432 18 1 149528
43434 18 2 149529
43436 18 3 149530
43438 18 5 149531
43440 18 9 149532
43442 18 10 149533
43444 18 14 149534
43446 18 15 149535
43448 18 19 149536
43450 18 21 149537
43452 18 22 149538
43454 18 23 149539
43456 18 1 149540
43458 18 2 149541
43460 18 3 149542
43462 18 5 149543
43464 18 9 149544
43466 18 10 149545
43468 18 14 149546
43470 18 15 149547
43472 18 19 149548
43474 18 21 149549
43476 18 22 149550
43478 18 23 149551
43480 18 1 149552
43482 18 2 149553
43484 18 3 149554
43486 18 5 149555
43488 18 9 149556
43490 18 10 149557
43492 18 14 149558
43494 18 15 149559
43496 18 19 149560
43498 18 21 149561
43500 18 22 149562
43502 18 23 149563
43504 18 1 149564
43506 18 2 149565
43508 18 3 149566
43510 18 5 149567
43512 18 9 149568
43514 18 10 149569
43516 18 14 149570
43518 18 15 149571
43520 18 19 149572
43522 18 21 149573
43524 18 22 149574
43526 18 23 149575
43528 18 1 149576
43530 18 2 149577
43532 18 3 149578
43534 18 5 149579
43536 18 9 149580
43538 18 10 149581
43540 18 14 149582
43542 18 15 149583
43544 18 19 149584
43546 18 21 149585
43548 18 22 149586
43550 18 23 149587
43552 18 1 149588
43554 18 2 149589
43556 18 3 149590
43558 18 5 149591
43560 18 9 149592
43562 18 10 149593
43564 18 14 149594
43566 18 15 149595
43568 18 19 149596
43570 18 21 149597
43572 18 22 149598
43574 18 23 149599
43576 18 1 149600
43578 18 2 149601
43580 18 3 149602
43582 18 5 149603
43584 18 9 149604
43586 18 10 149605
43588 18 14 149606
43590 18 15 149607
43592 18 19 149608
43594 18 21 149609
43596 18 22 149610
43598 18 23 149611
43600 18 1 149612
43602 18 2 149613
43604 18 3 149614
43606 18 5 149615
43608 18 9 149616
43612 18 10 149617
43614 18 14 149618
43616 18 15 149619
43618 18 19 149620
43620 18 21 149621
43622 18 22 149622
43624 18 23 149623
43626 18 1 149624
43628 18 2 149625
43630 18 3 149626
43632 18 5 149627
43634 18 9 149628
43636 18 10 149629
43638 18 14 149630
43640 18 15 149631
43642 18 19 149632
43644 18 21 149633
43646 18 22 149634
43648 18 23 149635
43650 18 1 149636
43652 18 2 149637
43654 18 3 149638
43656 18 5 149639
43658 18 9 149640
43660 18 10 149641
43662 18 14 149642
43664 18 15 149643
43666 18 19 149644
43668 18 21 149645
43670 18 22 149646
43672 18 23 149647
43674 18 1 149648
43676 18 2 149649
43678 18 3 149650
43680 18 5 149651
43682 18 9 149652
43686 18 10 149653
43690 18 14 149654
43694 18 15 149655
43696 18 19 149656
43698 18 21 149657
43700 18 22 149658
43702 18 23 149659
43704 18 1 149660
43706 18 2 149661
43708 18 3 149662
43710 18 5 149663
43712 18 9 149664
43714 18 10 149665
43716 18 14 149666
43718 18 15 149667
43720 18 19 149668
43722 18 21 149669
43724 18 22 149670
43726 18 23 149671
43728 18 1 149672
43730 18 2 149673
43732 18 3 149674
43734 18 5 149675
43736 18 9 149676
43738 18 10 149677
43740 18 14 149678
43742 18 15 149679
43744 18 19 149680
43746 18 21 149681
43748 18 22 149682
43750 18 23 149683
43752 18 1 149684
43754 18 2 149685
43756 18 3 149686
43758 18 5 149687
43760 18 9 149688
43762 18 10 149689
43764 18 14 149690
43766 18 15 149691
43768 18 19 149692
43770 18 21 149693
43772 18 22 149694
43774 18 23 149695
43776 18 1 149696
43778 18 2 149697
43780 18 3 149698
43782 18 5 149699
43784 18 9 149700
43786 18 10 149701
43788 18 14 149702
43790 18 15 149703
43792 18 19 149704
43794 18 21 149705
43796 18 22 149706
43798 18 23 149707
43800 18 1 149708
43802 18 2 149709
43804 18 3 149710
43806 18 5 149711
43808 18 9 149712
43810 18 10 149713
43812 18 14 149714
43814 18 15 149715
43816 18 19 149716
43818 18 21 149717
43820 18 22 149718
43822 18 23 149719
43824 18 1 149720
43826 18 2 149721
43828 18 3 149722
43830 18 5 149723
43832 18 9 149724
43834 18 10 149725
43836 18 14 149726
43838 18 15 149727
43840 18 19 149728
43842 18 21 149729
43844 18 22 149730
43846 18 23 149731
43848 18 1 149732
43850 18 2 149733
43852 18 3 149734
43854 18 5 149735
43856 18 9 149736
43858 18 10 149737
43860 18 14 149738
43862 18 15 149739
43864 18 19 149740
43866 18 21 149741
43868 18 22 149742
43870 18 23 149743
43872 18 1 149744
43874 18 2 149745
43880 18 3 149746
43882 18 5 149747
43884 18 9 149748
43886 18 10 149749
43888 18 14 149750
43890 18 15 149751
43892 18 19 149752
43894 18 21 149753
43896 18 22 149754
43898 18 23 149755
43900 18 1 149756
43902 18 2 149757
43904 18 3 149758
43906 18 5 149759
43908 18 9 149760
43910 18 10 149761
43912 18 14 149762
43914 18 15 149763
43916 18 19 149764
43918 18 21 149765
43920 18 22 149766
43922 18 23 149767
43924 18 1 149768
43926 18 2 149769
43928 18 3 149770
43930 18 5 149771
43932 18 9 149772
43934 18 10 149773
43936 18 14 149774
43938 18 15 149775
43940 18 19 149776
43942 18 21 149777
43944 18 22 149778
43946 18 23 149779
43948 18 1 149780
43950 18 2 149781
43952 18 3 149782
43954 18 5 149783
43956 18 9 149784
43958 18 10 149785
43960 18 14 149786
43962 18 15 149787
43964 18 19 149788
43966 18 21 149789
43968 18 22 149790
43970 18 23 149791
43972 18 1 149792
43974 18 2 149793
43976 18 3 149794
43978 18 5 149795
43980 18 9 149796
43982 18 10 149797
43984 18 14 149798
43986 18 15 149799
43988 18 19 149800
43990 18 21 149801
43992 18 22 149802
43994 18 23 149803
43996 18 1 149804
43998 18 2 149805
44000 18 3 149806
44002 18 5 149807
44004 18 9 149808
44006 18 10 149809
44008 18 14 149810
44010 18 15 149811
44012 18 19 149812
44014 18 21 149813
44016 18 22 149814
44018 18 23 149815
44020 18 1 149816
44022 18 2 149817
44024 18 3 149818
44026 18 5 149819
44028 18 9 149820
44032 18 10 149821
44034 18 14 149822
44036 18 15 149823
44038 18 19 149824
44040 18 21 149825
44042 18 22 149826
44044 18 23 149827
44046 18 1 149828
44048 18 2 149829
44050 18 3 149830
44052 18 5 149831
44054 18 9 149832
44056 18 10 149833
44058 18 14 149834
44060 18 15 149835
44062 18 19 149836
44064 18 21 149837
44066 18 22 149838
44068 18 23 149839
44104 18 1 149840
44106 18 2 149841
44108 18 3 149842
44110 18 5 149843
44112 18 9 149844
44114 18 10 149845
44116 18 14 149846
44118 18 15 149847
44120 18 19 149848
44122 18 21 149849
44124 18 22 149850
44126 18 23 149851
44128 18 1 149852
44130 18 2 149853
44132 18 3 149854
44134 18 5 149855
44136 18 9 149856
44138 18 10 149857
44140 18 14 149858
44142 18 15 149859
44144 18 19 149860
44146 18 21 149861
44148 18 22 149862
44150 18 23 149863
44152 18 1 149864
44154 18 2 149865
44156 18 3 149866
44158 18 5 149867
44160 18 9 149868
44162 18 10 149869
44164 18 14 149870
44166 18 15 149871
44168 18 19 149872
44170 18 21 149873
44172 18 22 149874
44174 18 23 149875
44176 18 1 149876
44178 18 2 149877
44180 18 3 149878
44182 18 5 149879
44184 18 9 149880
44186 18 10 149881
44188 18 14 149882
44190 18 15 149883
44192 18 19 149884
44194 18 21 149885
44196 18 22 149886
44198 18 23 149887
44200 18 1 149888
44202 18 2 149889
44204 18 3 149890
44206 18 5 149891
44208 18 9 149892
44210 18 10 149893
44212 18 14 149894
44214 18 15 149895
44216 18 19 149896
44218 18 21 149897
44220 18 22 149898
44222 18 23 149899
44224 18 1 149900
44226 18 2 149901
44228 18 3 149902
44230 18 5 149903
44232 18 9 149904
44234 18 10 149905
44236 18 14 149906
44238 18 15 149907
44240 18 19 149908
44242 18 21 149909
44244 18 22 149910
44246 18 23 149911
44248 18 1 149912
44250 18 2 149913
44252 18 3 149914
44254 18 5 149915
44256 18 9 149916
44258 18 10 149917
44260 18 14 149918
44262 18 15 149919
44264 18 19 149920
44266 18 21 149921
44268 18 22 149922
44270 18 23 149923
44272 18 1 149924
44274 18 2 149925
44276 18 3 149926
44278 18 5 149927
44280 18 9 149928
44282 18 10 149929
44284 18 14 149930
44286 18 15 149931
44288 18 19 149932
44290 18 21 149933
44292 18 22 149934
44294 18 23 149935
44296 18 1 149936
44298 18 2 149937
44300 18 3 149938
44302 18 5 149939
44304 18 9 149940
44306 18 10 149941
44308 18 14 149942
44310 18 15 149943
44312 18 19 149944
44314 18 21 149945
44316 18 22 149946
44318 18 23 149947
44320 18 1 149948
44322 18 2 149949
44324 18 3 149950
44326 18 5 149951
44328 18 9 149952
44330 18 10 149953
44332 18 14 149954
44334 18 15 149955
44336 18 19 149956
44338 18 21 149957
44340 18 22 149958
44342 18 23 149959
44344 18 1 149960
44346 18 2 149961
44348 18 3 149962
44350 18 5 149963
44352 18 9 149964
44354 18 10 149965
44356 18 14 149966
44358 18 15 149967
44360 18 19 149968
44362 18 21 149969
44364 18 22 149970
44366 18 23 149971
44368 18 1 149972
44370 18 2 149973
44372 18 3 149974
44374 18 5 149975
44376 18 9 149976
44378 18 10 149977
44380 18 14 149978
44382 18 15 149979
44384 18 19 149980
44386 18 21 149981
44388 18 22 149982
44390 18 23 149983
44392 18 1 149984
44394 18 2 149985
44396 18 3 149986
44398 18 5 149987
44400 18 9 149988
44402 18 10 149989
44404 18 14 149990
44406 18 15 149991
44408 18 19 149992
44410 18 21 149993
44412 18 22 149994
44414 18 23 149995
44416 18 1 149996
44418 18 2 149997
44420 18 3 149998
44422 18 5 149999
44424 18 9 150000
44426 18 10 150001
44428 18 14 150002
44430 18 15 150003
44432 18 19 150004
44434 18 21 150005
44436 18 22 150006
44438 18 23 150007
44440 18 1 150008
44442 18 2 150009
44444 18 3 150010
44446 18 5 150011
44448 18 9 150012
44450 18 10 150013
44452 18 14 150014
44454 18 15 150015
44456 18 19 150016
44458 18 21 150017
44460 18 22 150018
44462 18 23 150019
44464 18 1 150020
44466 18 2 150021
44468 18 3 150022
44470 18 5 150023
44472 18 9 150024
44474 18 10 150025
44476 18 14 150026
44478 18 15 150027
44480 18 19 150028
44482 18 21 150029
44484 18 22 150030
44486 18 23 150031
44488 18 1 150032
44490 18 2 150033
44492 18 3 150034
44494 18 5 150035
44496 18 9 150036
44498 18 10 150037
44500 18 14 150038
44502 18 15 150039
44504 18 19 150040
44506 18 21 150041
44508 18 22 150042
44510 18 23 150043
44512 18 1 150044
44514 18 2 150045
44516 18 3 150046
44518 18 5 150047
44520 18 9 150048
44522 18 10 150049
44524 18 14 150050
44526 18 15 150051
44528 18 19 150052
44530 18 21 150053
44532 18 22 150054
44534 18 23 150055
44536 18 1 150056
44538 18 2 150057
44540 18 3 150058
44542 18 5 150059
44544 18 9 150060
44546 18 10 150061
44548 18 14 150062
44550 18 15 150063
44552 18 19 150064
44554 18 21 150065
44556 18 22 150066
44558 18 23 150067
44560 18 1 150068
44562 18 2 150069
44564 18 3 150070
44566 18 5 150071
44568 18 9 150072
44570 18 10 150073
44572 18 14 150074
44574 18 15 150075
44576 18 19 150076
44578 18 21 150077
44580 18 22 150078
44582 18 23 150079
44584 18 1 150080
44586 18 2 150081
44588 18 3 150082
44590 18 5 150083
44592 18 9 150084
44594 18 10 150085
44596 18 14 150086
44598 18 15 150087
44600 18 19 150088
44602 18 21 150089
44604 18 22 150090
44606 18 23 150091
44608 18 1 150092
44610 18 2 150093
44612 18 3 150094
44614 18 5 150095
44616 18 9 150096
44618 18 10 150097
44620 18 14 150098
44622 18 15 150099
44624 18 19 150100
44626 18 21 150101
44628 18 22 150102
44630 18 23 150103
44632 18 1 150104
44634 18 2 150105
44636 18 3 150106
44638 18 5 150107
44640 18 9 150108
44642 18 10 150109
44644 18 14 150110
44646 18 15 150111
44648 18 19 150112
44650 18 21 150113
44652 18 22 150114
44654 18 23 150115
44656 18 1 150116
44658 18 2 150117
44660 18 3 150118
44662 18 5 150119
44664 18 9 150120
44666 18 10 150121
44668 18 14 150122
44670 18 15 150123
44672 18 19 150124
44674 18 21 150125
44676 18 22 150126
44678 18 23 150127
44680 18 1 150128
44682 18 2 150129
44684 18 3 150130
44686 18 5 150131
44688 18 9 150132
44690 18 10 150133
44692 18 14 150134
44694 18 15 150135
44696 18 19 150136
44698 18 21 150137
44700 18 22 150138
44702 18 23 150139
44704 18 1 150140
44706 18 2 150141
44708 18 3 150142
44710 18 5 150143
44712 18 9 150144
44714 18 10 150145
44716 18 14 150146
44718 18 15 150147
44720 18 19 150148
44722 18 21 150149
44724 18 22 150150
44726 18 23 150151
44728 18 1 150152
44730 18 2 150153
44732 18 3 150154
44734 18 5 150155
44736 18 9 150156
44738 18 10 150157
44740 18 14 150158
44742 18 15 150159
44744 18 19 150160
44746 18 21 150161
44748 18 22 150162
44750 18 23 150163
44752 18 1 150164
44754 18 2 150165
44756 18 3 150166
44758 18 5 150167
44760 18 9 150168
44762 18 10 150169
44764 18 14 150170
44766 18 15 150171
44768 18 19 150172
44770 18 21 150173
44772 18 22 150174
44774 18 23 150175
44776 18 1 150176
44778 18 2 150177
44780 18 3 150178
44782 18 5 150179
44784 18 9 150180
44786 18 10 150181
44788 18 14 150182
44790 18 15 150183
44792 18 19 150184
44794 18 21 150185
44796 18 22 150186
44798 18 23 150187
44800 18 1 150188
44802 18 2 150189
44804 18 3 150190
44806 18 5 150191
44808 18 9 150192
44810 18 10 150193
44812 18 14 150194
44814 18 15 150195
44816 18 19 150196
44818 18 21 150197
44820 18 22 150198
44822 18 23 150199
44824 18 1 150200
44826 18 2 150201
44828 18 3 150202
44830 18 5 150203
44832 18 9 150204
44834 18 10 150205
44836 18 14 150206
44838 18 15 150207
44840 18 19 150208
44842 18 21 150209
44844 18 22 150210
44846 18 23 150211
44848 18 1 150212
44850 18 2 150213
44852 18 3 150214
44854 18 5 150215
44856 18 9 150216
44858 18 10 150217
44860 18 14 150218
44862 18 15 150219
44864 18 19 150220
44866 18 21 150221
44868 18 22 150222
44870 18 23 150223
44872 18 1 150224
44874 18 2 150225
44878 18 3 150226
44880 18 5 150227
44886 18 9 150228
44888 18 10 150229
44890 18 14 150230
44892 18 15 150231
44894 18 19 150232
44896 18 21 150233
44898 18 22 150234
44900 18 23 150235
44902 18 1 150236
44904 18 2 150237
44906 18 3 150238
44908 18 5 150239
44910 18 9 150240
44912 18 10 150241
44914 18 14 150242
44916 18 15 150243
44918 18 19 150244
44920 18 21 150245
44922 18 22 150246
44924 18 23 150247
44926 18 1 150248
44928 18 2 150249
44930 18 3 150250
44932 18 5 150251
44934 18 9 150252
44936 18 10 150253
44938 18 14 150254
44940 18 15 150255
44942 18 19 150256
44944 18 21 150257
44946 18 22 150258
44948 18 23 150259
44950 18 1 150260
44952 18 2 150261
44954 18 3 150262
44956 18 5 150263
44958 18 1 0
44960 18 14 954
44962 18 1 996
44964 18 3 170
44966 18 1 708
44968 18 5 39
44976 18 21 1273
44982 18 14 1330
44984 18 21 2981
44986 18 14 3366
44988 18 1 3636
44990 18 23 5299
44992 18 2 5325
44994 18 2 5505
44996 18 3 5506
44998 18 9 5640
45000 18 14 5186
45002 18 14 5510
45004 18 2 5601
45006 18 23 5851
45008 18 1 5516
45010 18 15 5607
45012 18 22 5862
45014 18 1 5528
45016 18 9 5328
45018 18 15 5535
45020 18 22 5550
45022 18 2 6141
45024 18 5 5567
45026 18 1 6372
45028 18 2 6385
45030 18 23 6443
45032 18 3 6566
45034 18 19 6680
45036 18 2 6145
45038 18 21 6321
45040 18 2 6325
45042 18 23 6815
45044 18 15 8439
45046 18 14 9918
45048 18 14 11990
45050 18 5 12363
45052 18 1 12780
45054 18 1 12360
45056 18 19 12692
45058 18 23 12695
45060 18 23 12671
45064 18 21 16645
45066 18 19 16704
45068 18 19 17196
45070 18 23 17031
45072 18 10 17085
45080 18 23 17283
45084 18 5 18383
45086 18 14 18510
45088 18 1 18756
45090 18 1 18684
45102 18 1 18720
45104 18 2 18721
45106 18 3 18722
45108 18 5 18723
45110 18 1 18816
45112 18 2 18817
45114 18 3 18818
45116 18 5 18819
45118 18 9 18820
45120 18 10 18977
45124 18 10 20145
45126 18 3 20142
45128 18 19 20352
45130 18 10 20205
45132 18 14 20726
45134 18 5 20759
45138 18 3 21854
45140 18 1 22404
45142 18 14 22410
45144 18 21 22413
45146 18 5 23747
45148 18 9 24108
45150 18 14 24398
45152 18 5 25155
45154 18 22 25682
45156 18 1 26272
45158 18 3 26142
45160 18 14 27918
45162 18 9 31204
45164 18 15 31267
45166 18 3 34418
45168 18 19 35932
45170 18 10 36121
45172 18 22 39630
45174 18 23 39631
45204 18 21 41077
45206 18 22 44738
45208 18 2 44801
45210 18 3 44970
45212 18 22 44558
45214 18 23 45319
45216 18 5 46299
45218 18 21 47665
45228 18 9 47696
45232 18 5 47707
45234 18 19 47724
45244 18 22 47726
45246 18 19 47760
45248 18 22 47762
45250 18 1 47812
45262 18 1 47824
45264 18 22 47882
45270 18 14 47902
45274 18 15 47903
45278 18 3 47922
45280 18 5 47923
45282 18 10 47925
45284 18 19 47340
45286 18 14 47350
45288 18 15 47351
45290 18 19 47352
45292 18 22 47354
45294 18 23 47355
45296 18 1 47356
45298 18 2 47357
45300 18 3 47358
45302 18 5 47359
45304 18 10 47361
45306 18 14 47362
45308 18 15 47363
45310 18 19 47364
45312 18 21 47365
45320 18 15 47927
45322 18 19 47928
45324 18 22 47930
45326 18 2 47933
45332 18 5 47935
45338 18 19 47940
45340 18 22 47942
45358 18 1 47944
45372 18 23 47367
45374 18 22 48002
45498 18 22 48546
45500 18 9 48252
45502 18 14 50034
45504 18 9 50456
45506 18 9 50468
45508 18 10 50685
45510 18 21 51701
45512 18 10 52277
45514 18 19 52280
45516 18 3 52298
45518 18 10 52313
45520 18 3 52346
45522 18 15 55771
45524 18 19 56240
45526 18 15 56251
45528 18 19 56252
45530 18 10 56273
45532 18 14 56274
45534 18 15 56275
45536 18 19 56276
45538 18 21 56277
45540 18 22 56278
45542 18 9 56444
45544 18 19 59772
45546 18 5 59443
45548 18 23 65363
45552 18 14 65650
45556 18 21 65629
45558 18 19 65640
45560 18 14 65698
45562 18 22 65702
45564 18 23 65703
45566 18 1 65704
45568 18 9 80356
45570 18 9 91596
45572 18 10 91597
45574 18 15 91599
45576 18 2 103797
45580 18 5 103811
45582 18 1 103892
45584 18 9 103896
45586 18 15 103899
45588 18 22 103902
45590 18 23 103903
45592 18 5 103907
45594 18 9 103908
45596 18 10 103909
45598 18 1 103952
45600 18 2 103953
45602 18 3 103954
45604 18 5 103955
45606 18 9 103956
45608 18 10 103957
45610 18 14 103958
45612 18 15 103959
45614 18 19 103960
45616 18 21 103961
45618 18 22 103962
45620 18 23 103963
45622 18 1 103964
45624 18 2 103965
45626 18 3 103966
45628 18 5 103967
45630 18 9 103968
45632 18 10 103969
45634 18 14 103970
45636 18 15 103971
45638 18 19 103972
45640 18 21 103973
45642 18 22 103974
45644 18 23 103975
45646 18 1 103976
45648 18 2 103977
45650 18 3 103978
45652 18 5 103979
45654 18 9 103980
45656 18 10 103981
45658 18 14 103982
45660 18 15 103983
45662 18 19 103984
45664 18 21 103985
45666 18 22 103986
45668 18 23 103987
45670 18 1 103988
45672 18 2 103989
45674 18 3 103990
45676 18 5 103991
45678 18 9 103992
45680 18 10 103993
45682 18 14 103994
45684 18 15 103995
45686 18 19 103996
45688 18 21 103997
45690 18 22 103998
45692 18 23 103999
45694 18 1 104000
45696 18 2 104001
45698 18 3 104002
45700 18 5 104003
45702 18 9 104004
45704 18 10 104005
45706 18 14 104006
45708 18 15 104007
45710 18 19 104008
45712 18 21 104009
45714 18 22 104010
45716 18 23 104011
45718 18 1 104012
45720 18 2 104013
45722 18 3 104014
45724 18 5 104015
45726 18 9 104016
45728 18 10 104017
45730 18 23 104023
45732 18 1 104024
45734 18 2 104025
45736 18 3 104026
45738 18 5 104027
45740 18 9 104028
45742 18 10 104029
45744 18 14 104030
45746 18 15 104031
45748 18 19 104032
45750 18 21 104033
45752 18 22 104034
45754 18 23 104035
45756 18 1 104036
45758 18 2 104037
45760 18 3 104038
45762 18 5 104039
45764 18 9 104040
45766 18 10 104041
45768 18 14 104042
45770 18 15 104043
45772 18 19 104044
45774 18 21 104045
45776 18 22 104046
45778 18 23 104047
45780 18 1 104048
45782 18 2 104049
45784 18 3 104050
45786 18 5 104051
45788 18 9 104052
45790 18 10 104053
45792 18 14 104054
45794 18 15 104055
45796 18 19 104056
45798 18 21 104057
45800 18 22 104058
45802 18 23 104059
45804 18 1 104060
45806 18 2 104061
45808 18 3 104062
45810 18 5 104063
45812 18 9 104064
45814 18 10 104065
45816 18 14 104066
45818 18 15 104067
45820 18 19 104068
45822 18 21 104069
45824 18 22 104070
45826 18 23 104071
45828 18 1 104072
45830 18 2 104073
45832 18 3 104074
45834 18 5 104075
45836 18 9 104076
45838 18 10 104077
45840 18 14 104078
45842 18 15 104079
45844 18 19 104080
45846 18 21 104081
45848 18 22 104082
45850 18 23 104107
45852 18 1 104108
45854 18 2 104109
45856 18 3 104110
45874 18 23 104299
45876 18 22 104298
45878 18 1 104300
45882 18 5 104303
45884 18 9 104304
45890 18 3 104302
45898 18 14 104306
45900 18 15 104307
45902 18 15 104319
45904 18 14 104318
45906 18 19 104320
45910 18 22 104322
45912 18 21 104321
45914 18 23 104323
45916 18 1 104324
45918 18 2 104325
45934 18 3 104326
45938 18 15 104331
45940 18 14 104330
45942 18 3 104338
45944 18 10 104329
45946 18 9 104328
45948 18 19 104332
45952 18 21 104333
45954 18 22 104334
45964 18 23 104335
45968 18 1 104336
45972 18 2 104337
45982 18 21 104345
45984 18 14 104342
45986 18 9 104352
45988 18 10 104341
45990 18 15 104343
45994 18 19 104344
45998 18 9 104340
46000 18 22 104346
46002 18 23 104347
46004 18 1 104348
46020 18 2 104349
46024 18 3 104350
46026 18 5 104351
46042 18 2 104397
46044 18 9 104388
46046 18 5 104387
46048 18 10 104389
46052 18 14 104390
46056 18 15 104391
46060 18 19 104392
46064 18 21 104393
46068 18 22 104394
46072 18 23 104395
46076 18 1 104396
46080 18 3 104398
46082 18 3 104386
46084 18 1 104408
46088 18 5 104399
46092 18 9 104400
46096 18 10 104401
46100 18 14 104402
46104 18 15 104403
46108 18 19 104404
46112 18 21 104405
46116 18 22 104406
46120 18 23 104407
46124 18 2 104409
46128 18 23 104419
46132 18 3 104410
46136 18 5 104411
46140 18 9 104412
46144 18 10 104413
46148 18 14 104414
46152 18 15 104415
46156 18 19 104416
46160 18 21 104417
46164 18 22 104418
46168 18 1 104420
46172 18 22 104430
46176 18 2 104421
46180 18 3 104422
46184 18 5 104423
46188 18 9 104424
46192 18 10 104425
46196 18 14 104426
46200 18 15 104427
46204 18 19 104428
46208 18 21 104429
46212 18 23 104431
46216 18 21 104441
46220 18 1 104432
46224 18 2 104433
46228 18 3 104434
46232 18 5 104435
46236 18 9 104436
46240 18 10 104437
46244 18 14 104438
46248 18 15 104439
46252 18 19 104440
46256 18 22 104442
46262 18 23 104443
46266 18 1 104444
46270 18 2 104445
46274 18 3 104446
46278 18 5 104447
46282 18 3 104474
46284 18 9 104452
46286 18 1 104448
46288 18 22 111250
46290 18 14 112910
46292 18 19 116092
46294 18 23 125431
46296 18 21 128609
46298 18 9 132172
46300 18 10 149785
46302 18 22 151294
46304 18 2 151297
46306 18 5 151299
46308 18 15 151291
46310 18 5 160671
46312 18 9 160672
46314 18 10 160673
46316 18 14 160674
46318 18 15 160675
46320 18 19 160676
46322 18 21 160677
46324 18 22 160678
46326 18 23 160679
46328 18 1 160680
46330 18 2 160681
46332 18 3 160682
46334 18 5 160683
46336 18 9 160684
46338 18 10 160685
46340 18 14 160686
46342 18 15 160687
46344 18 19 160688
46346 18 21 160689
46348 18 22 160690
46350 18 23 160691
46352 18 1 160692
46354 18 2 160693
46356 18 3 160694
46358 18 5 160695
46360 18 9 160696
46362 18 10 160697
46364 18 14 160698
46366 18 15 160699
46368 18 19 160700
46370 18 21 160701
46372 18 22 160702
46374 18 23 160703
46376 18 1 160704
46378 18 2 160705
46380 18 3 160706
46382 18 5 160707
46384 18 9 160708
46386 18 10 160709
46388 18 14 160710
46390 18 15 160711
46392 18 19 160712
46394 18 21 160713
46396 18 22 160714
46398 18 23 160715
46400 18 1 160716
46402 18 2 160717
46404 18 3 160718
46406 18 5 160719
46408 18 9 160720
46410 18 10 160721
46412 18 14 160722
46414 18 15 160723
46416 18 19 160724
46418 18 21 160725
46420 18 22 160726
46422 18 23 160727
46424 18 1 160728
46426 18 2 160729
46428 18 3 160730
46430 18 5 160731
46432 18 9 160732
46434 18 10 160733
46436 18 14 160734
46438 18 15 160735
46440 18 19 160736
46442 18 21 160737
46444 18 22 160738
46446 18 23 160739
46448 18 1 160740
46450 18 2 160741
46452 18 3 160742
46454 18 5 160743
46456 18 9 160744
46458 18 10 160745
46460 18 14 160746
46462 18 15 160747
46464 18 19 160748
46466 18 21 160749
46468 18 22 160750
46470 18 23 160751
46472 18 1 160752
46474 18 2 160753
46476 18 3 160754
46478 18 5 160755
46480 18 9 160756
46482 18 10 160757
46484 18 14 160758
46486 18 15 160759
46488 18 19 160760
46490 18 21 160761
46492 18 22 160762
46494 18 23 160763
46496 18 1 160764
46498 18 2 160765
46500 18 3 160766
46502 18 5 160767
46504 18 1 160768
46506 18 2 160769
46508 18 3 160770
46510 18 5 160771
46512 18 9 160772
46514 18 10 160773
46516 18 14 160774
46518 18 15 160775
46520 18 19 160776
46522 18 21 160777
46524 18 22 160778
46526 18 23 160779
46528 18 1 160780
46530 18 2 160781
46532 18 3 160782
46534 18 5 160783
46536 18 9 160784
46538 18 10 160785
46540 18 14 160786
46542 18 15 160787
46544 18 19 160788
46546 18 21 160789
46548 18 22 160790
46550 18 23 160791
46552 18 1 160792
46554 18 2 160793
46556 18 3 160794
46558 18 5 160795
46560 18 9 160796
46562 18 10 160797
46564 18 14 160798
46566 18 15 160799
46568 18 19 160800
46570 18 21 160801
46572 18 22 160802
46574 18 23 160803
46576 18 1 160804
46580 18 2 160805
46582 18 3 160806
46584 18 5 160807
46586 18 9 160808
46588 18 10 160809
46590 18 14 160810
46592 18 15 160811
46594 18 19 160812
46596 18 21 160813
46598 18 22 160814
46600 18 23 160815
46602 18 1 160816
46604 18 2 160817
46606 18 3 160818
46608 18 5 160819
46610 18 9 160820
46614 18 10 160821
46616 18 14 160822
46618 18 15 160823
46620 18 19 160824
46624 18 21 160825
46626 18 22 160826
46628 18 23 160827
46630 18 1 160828
46632 18 2 160829
46634 18 3 160830
46636 18 5 160831
46638 18 9 160832
46640 18 10 160833
46642 18 14 160834
46644 18 15 160835
46646 18 19 160836
46648 18 21 160837
46650 18 22 160838
46652 18 23 160839
46654 18 1 160840
46656 18 2 160841
46658 18 3 160842
46660 18 5 160843
46662 18 9 160844
46664 18 10 160845
46666 18 14 160846
46668 18 15 160847
46670 18 19 160848
46672 18 21 160849
46674 18 22 160850
46676 18 23 160851
46678 18 1 160852
46680 18 2 160853
46682 18 3 160854
46684 18 5 160855
46686 18 9 160856
46688 18 10 160857
46690 18 14 160858
46692 18 15 160859
46694 18 19 160860
46696 18 21 160861
46698 18 22 160862
46700 18 23 160863
46702 18 1 160864
46704 18 2 160865
46706 18 3 160866
46708 18 5 160867
46710 18 9 160868
46712 18 10 160869
46714 18 14 160870
46716 18 15 160871
46718 18 19 160872
46720 18 21 160873
46722 18 22 160874
46724 18 23 160875
46726 18 1 160876
46728 18 2 160877
46730 18 3 160878
46732 18 5 160879
46734 18 9 160880
46736 18 10 160881
46738 18 14 160882
46740 18 15 160883
46742 18 19 160884
46744 18 21 160885
46746 18 22 160886
46748 18 23 160887
46750 18 1 160888
46752 18 2 160889
46754 18 3 160890
46756 18 5 160891
46758 18 9 160892
46760 18 10 160893
46762 18 14 160894
46764 18 15 160895
46766 18 19 160896
46768 18 21 160897
46770 18 22 160898
46772 18 23 160899
46774 18 1 160900
46776 18 2 160901
46778 18 3 160902
46780 18 5 160903
46782 18 9 160904
46784 18 10 160905
46786 18 14 160906
46788 18 15 160907
46790 18 19 160908
46792 18 21 160909
46794 18 22 160910
46796 18 23 160911
46798 18 1 160912
46800 18 2 160913
46802 18 3 160914
46804 18 5 160915
46806 18 9 160916
46808 18 10 160917
46810 18 14 160918
46812 18 15 160919
46814 18 19 160920
46816 18 21 160921
46818 18 22 160922
46820 18 23 160923
46822 18 1 160924
46824 18 2 160925
46826 18 3 160926
46828 18 5 160927
46830 18 9 160928
46832 18 10 160929
46834 18 14 160930
46836 18 15 160931
46838 18 19 160932
46840 18 21 160933
46842 18 22 160934
46844 18 23 160935
46846 18 1 160936
46848 18 2 160937
46850 18 3 160938
46852 18 5 160939
46854 18 9 160940
46856 18 10 160941
46858 18 14 160942
46860 18 15 160943
46862 18 19 160944
46864 18 21 160945
46866 18 22 160946
46868 18 23 160947
46870 18 1 160948
46872 18 2 160949
46874 18 3 160950
46876 18 5 160951
46878 18 9 160952
46880 18 10 160953
46882 18 14 160954
46884 18 15 160955
46886 18 19 160956
46888 18 21 160957
46890 18 22 160958
46892 18 23 160959
46894 18 1 160960
46896 18 2 160961
46898 18 3 160962
46900 18 5 160963
46902 18 9 160964
46904 18 10 160965
46906 18 14 160966
46908 18 15 160967
46910 18 19 160968
46912 18 21 160969
46914 18 22 160970
46916 18 23 160971
46918 18 1 160972
46920 18 2 160973
46922 18 3 160974
46924 18 5 160975
46926 18 9 160976
46928 18 10 160977
46930 18 14 160978
46932 18 15 160979
46934 18 19 160980
46936 18 21 160981
46938 18 22 160982
46940 18 23 160983
46942 18 1 160984
46944 18 2 160985
46946 18 3 160986
46948 18 5 160987
46950 18 9 160988
46952 18 10 160989
46954 18 14 160990
46956 18 15 160991
46958 18 19 160992
46960 18 21 160993
46962 18 22 160994
46964 18 23 160995
46966 18 1 160996
46968 18 2 160997
46970 18 3 160998
46972 18 5 160999
46974 18 9 161000
46976 18 10 161001
46978 18 14 161002
46980 18 15 161003
46982 18 19 161004
46984 18 21 161005
46986 18 22 161006
46988 18 23 161007
46990 18 1 161008
46992 18 2 161009
46994 18 3 161010
46996 18 5 161011
46998 18 9 161012
47000 18 10 161013
47002 18 14 161014
47004 18 15 161015
47006 18 19 161016
47008 18 21 161017
47010 18 22 161018
47012 18 23 161019
47014 18 1 161020
47016 18 2 161021
47018 18 3 161022
47020 18 5 161023
47022 18 9 161024
47024 18 10 161025
47026 18 14 161026
47028 18 15 161027
47030 18 19 161028
47032 18 21 161029
47034 18 22 161030
47036 18 23 161031
47038 18 1 161032
47040 18 2 161033
47042 18 3 161034
47044 18 5 161035
47046 18 9 161036
47048 18 10 161037
47050 18 14 161038
47052 18 15 161039
47054 18 19 161040
47056 18 21 161041
47058 18 22 161042
47060 18 23 161043
47062 18 1 161044
47064 18 2 161045
47066 18 3 161046
47068 18 5 161047
47070 18 9 161048
47072 18 10 161049
47074 18 14 161050
47076 18 15 161051
47078 18 19 161052
47080 18 21 161053
47082 18 22 161054
47084 18 23 161055
47086 18 1 161056
47088 18 2 161057
47090 18 3 161058
47092 18 5 161059
47094 18 9 161060
47096 18 10 161061
47098 18 14 161062
47100 18 15 161063
47102 18 19 161064
47104 18 21 161065
47106 18 22 161066
47108 18 23 161067
47110 18 1 161068
47112 18 2 161069
47114 18 3 161070
47116 18 5 161071
47118 18 9 161072
47120 18 10 161073
47122 18 14 161074
47124 18 15 161075
47126 18 19 161076
47128 18 21 161077
47130 18 22 161078
47132 18 23 161079
47134 18 1 161080
47136 18 2 161081
47138 18 3 161082
47140 18 5 161083
47142 18 9 161084
47144 18 10 161085
47146 18 14 161086
47148 18 15 161087
47150 18 19 161088
47152 18 21 161089
47154 18 22 161090
47156 18 23 161091
47158 18 1 161092
47160 18 2 161093
47162 18 3 161094
47164 18 5 161095
47166 18 9 161096
47168 18 10 161097
47170 18 14 161098
47172 18 15 161099
47174 18 19 161100
47176 18 21 161101
47178 18 22 161102
47180 18 23 161103
47182 18 1 161104
47184 18 2 161105
47186 18 3 161106
47188 18 5 161107
47190 18 9 161108
47192 18 10 161109
47194 18 14 161110
47196 18 15 161111
47198 18 19 161112
47200 18 21 161113
47202 18 22 161114
47204 18 23 161115
47206 18 1 161116
47208 18 2 161117
47210 18 3 161118
47212 18 5 161119
47214 18 9 161120
47216 18 10 161121
47218 18 14 161122
47220 18 15 161123
47222 18 19 161124
47224 18 21 161125
47226 18 22 161126
47228 18 23 161127
47230 18 1 161128
47232 18 2 161129
47234 18 3 161130
47236 18 5 161131
47238 18 9 161132
47240 18 10 161133
47242 18 14 161134
47244 18 15 161135
47246 18 19 161136
47248 18 21 161137
47250 18 22 161138
47252 18 23 161139
47254 18 1 161140
47256 18 2 161141
47258 18 3 161142
47260 18 5 161143
47262 18 9 161144
47264 18 10 161145
47266 18 14 161146
47268 18 15 161147
47270 18 19 161148
47272 18 21 161149
47274 18 22 161150
47276 18 23 161151
47278 18 1 161152
47280 18 2 161153
47282 18 3 161154
47284 18 5 161155
47286 18 9 161156
47288 18 10 161157
47290 18 14 161158
47292 18 15 161159
47294 18 19 161160
47296 18 21 161161
47298 18 22 161162
47300 18 23 161163
47302 18 1 161164
47304 18 2 161165
47306 18 3 161166
47308 18 5 161167
47310 18 9 161168
47312 18 10 161169
47314 18 14 161170
47316 18 15 161171
47318 18 19 161172
47320 18 21 161173
47322 18 22 161174
47324 18 23 161175
47326 18 1 161176
47328 18 2 161177
47330 18 3 161178
47332 18 5 161179
47334 18 9 161180
47336 18 10 161181
47338 18 14 161182
47340 18 15 161183
47342 18 19 161184
47344 18 21 161185
47346 18 22 161186
47348 18 23 161187
47350 18 1 161188
47352 18 2 161189
47354 18 3 161190
47356 18 5 161191
47358 18 9 161192
47360 18 10 161193
47362 18 14 161194
47364 18 15 161195
47366 18 19 161196
47368 18 21 161197
47370 18 22 161198
47372 18 23 161199
47374 18 1 161200
47376 18 2 161201
47378 18 3 161202
47380 18 5 161203
47382 18 9 161204
47384 18 10 161205
47386 18 14 161206
47388 18 15 161207
47390 18 19 161208
47392 18 21 161209
47394 18 22 161210
47396 18 23 161211
47398 18 1 161212
47400 18 2 161213
47402 18 3 161214
47404 18 5 161215
47406 18 9 161216
47408 18 10 161217
47410 18 14 161218
47412 18 15 161219
47414 18 19 161220
47416 18 21 161221
47418 18 22 161222
47420 18 23 161223
47422 18 1 161224
47424 18 2 161225
47426 18 3 161226
47428 18 5 161227
47430 18 9 161228
47432 18 10 161229
47434 18 14 161230
47436 18 15 161231
47438 18 19 161232
47440 18 21 161233
47442 18 22 161234
47444 18 23 161235
47446 18 1 161236
47448 18 2 161237
47450 18 3 161238
47454 18 5 161239
47456 18 9 161240
47458 18 10 161241
47460 18 14 161242
47464 18 15 161243
47466 18 19 161244
47468 18 21 161245
47470 18 22 161246
47472 18 23 161247
47474 18 1 161248
47476 18 2 161249
47478 18 3 161250
47480 18 5 161251
47482 18 9 161252
47484 18 10 161253
47486 18 14 161254
47488 18 15 161255
47490 18 19 161256
47492 18 21 161257
47494 18 22 161258
47496 18 23 161259
47498 18 1 161260
47500 18 2 161261
47502 18 3 161262
47504 18 5 161263
47506 18 9 161264
47508 18 10 161265
47510 18 14 161266
47512 18 15 161267
47514 18 19 161268
47516 18 21 161269
47518 18 22 161270
47520 18 23 161271
47522 18 1 161272
47524 18 2 161273
47526 18 3 161274
47528 18 5 161275
47530 18 9 161276
47532 18 10 161277
47534 18 14 161278
47536 18 15 161279
47538 18 19 161280
47540 18 21 161281
47542 18 22 161282
47544 18 23 161283
47546 18 1 161284
47548 18 2 161285
47550 18 3 161286
47552 18 5 161287
47554 18 9 161288
47556 18 10 161289
47558 18 14 161290
47560 18 15 161291
47562 18 19 161292
47564 18 21 161293
47566 18 22 161294
47568 18 23 161295
47570 18 1 161296
47572 18 2 161297
47574 18 3 161298
47576 18 5 161299
47578 18 9 161300
47580 18 10 161301
47582 18 14 161302
47584 18 15 161303
47586 18 19 161304
47588 18 21 161305
47590 18 22 161306
47592 18 23 161307
47594 18 1 161308
47596 18 2 161309
47598 18 3 161310
47600 18 5 161311
47602 18 9 161312
47604 18 10 161313
47606 18 14 161314
47608 18 15 161315
47610 18 19 161316
47612 18 21 161317
47614 18 22 161318
47616 18 23 161319
47618 18 1 161320
47620 18 2 161321
47622 18 3 161322
47624 18 5 161323
47626 18 9 161324
47628 18 10 161325
47632 18 14 161326
47634 18 15 161327
47636 18 19 161328
47638 18 21 161329
47640 18 22 161330
47642 18 23 161331
47644 18 1 0
47646 18 15 199
47648 18 9 136
47654 18 5 39
47666 18 5 135
47670 18 15 127
47674 18 15 1643
47676 18 19 1644
47678 18 23 1647
47680 18 9 1160
47684 18 1 3648
47686 18 1 3636
47688 18 3 5058
47690 18 14 4426
47692 18 10 4401
47694 18 21 5077
47696 18 19 5200
47702 18 10 5197
47704 18 22 5214
47706 18 22 5550
47708 18 19 5680
47710 18 15 5823
47712 18 9 6096
47714 18 1 6116
47716 18 14 6134
47718 18 5 5771
47720 18 15 5295
47722 18 9 5328
47724 18 9 5664
47726 18 10 5533
47730 18 14 5150
47734 18 3 6130
47740 18 14 6582
47742 18 22 6634
47746 18 23 6647
47806 18 2 6325
47808 18 21 6165
47810 18 3 6650
47812 18 15 6667
47820 18 3 7830
47822 18 15 7835
47824 18 19 7836
47830 18 10 8305
47832 18 22 8310
47834 18 19 8320
47836 18 2 8301
47838 18 14 9918
47840 18 14 10798
47842 18 10 10629
47844 18 21 11645
47846 18 1 11660
47848 18 14 11990
47850 18 2 11661
47852 18 22 11622
47854 18 9 11976
47856 18 9 12120
47858 18 19 11728
47860 18 15 11643
47862 18 14 11654
47864 18 9 11664
47866 18 22 12838
47868 18 9 13892
47870 18 10 14121
47872 18 3 14226
47874 18 5 14227
47876 18 9 14264
47884 18 21 14957
47898 18 10 16713
47900 18 14 16966
47904 18 5 16951
47906 18 1 17296
47908 18 2 17009
47912 18 5 17119
47914 18 19 16848
47916 18 5 17675
47918 18 2 18369
47920 18 10 18205
47922 18 23 18211
47924 18 2 18213
47926 18 15 18231
47928 18 19 18232
47930 18 22 18234
47932 18 22 18246
47934 18 10 18253
47936 18 22 18258
47938 18 15 17943
47940 18 10 17641
47942 18 3 18578
47944 18 5 18795
47946 18 15 18991
47948 18 19 18992
47950 18 3 19082
47952 18 3 19154
47956 18 23 18803
47960 18 21 19885
47962 18 15 19475
47966 18 9 19568
47968 18 19 20280
47970 18 19 20968
47978 18 22 20706
47980 18 10 22833
47982 18 1 24296
48058 18 1 24380
48066 18 2 24381
48068 18 3 24382
48070 18 5 24383
48072 18 9 24384
48074 18 10 24385
48076 18 14 24386
48078 18 15 24387
48080 18 19 24388
48102 18 10 24445
48104 18 19 25556
48106 18 14 25470
48108 18 10 25869
48112 18 5 27059
48114 18 1 28828
48116 18 15 31459
48118 18 3 32070
48120 18 14 34806
48122 18 5 37395
48124 18 5 37551
48126 18 15 37555
48128 18 9 37852
48130 18 1 38788
48132 18 9 38816
48134 18 9 38612
48136 18 23 38631
48138 18 10 39733
48140 18 21 40917
48142 18 5 40815
48144 18 10 40817
48146 18 10 43385
48148 18 15 43387
48150 18 23 43307
48152 18 1 43968
48154 18 5 43959
48156 18 19 43736
48158 18 2 43729
48160 18 15 44159
48162 18 14 44686
48164 18 23 44979
48166 18 1 44980
48168 18 2 44981
48170 18 3 44982
48172 18 5 44983
48174 18 9 44984
48176 18 10 44985
48178 18 14 44986
48180 18 15 44987
48182 18 19 44988
48184 18 21 44989
48186 18 22 44990
48188 18 23 44991
48190 18 1 44992
48192 18 2 44993
48194 18 3 44994
48196 18 5 44995
48198 18 9 44996
48200 18 10 44997
48202 18 14 44998
48204 18 15 44999
48206 18 19 45000
48208 18 21 45001
48210 18 22 45002
48212 18 23 45003
48214 18 1 45004
48216 18 2 45005
48218 18 3 45006
48220 18 5 45007
48222 18 9 45008
48224 18 10 45009
48226 18 14 45010
48228 18 15 45011
48230 18 19 45012
48232 18 21 45013
48234 18 22 45014
48236 18 2 44801
48238 18 5 46299
48244 18 21 47473
48246 18 19 47856
48248 18 21 47857
48250 18 5 47455
48252 18 5 47179
48254 18 10 50445
48256 18 19 51048
48258 18 9 51660
48260 18 10 52469
48262 18 22 52498
48264 18 15 52507
48266 18 5 52659
48268 18 23 52259
48270 18 19 52280
48272 18 19 52292
48274 18 23 53667
48276 18 23 54547
48278 18 2 55245
48280 18 3 55246
48282 18 5 55247
48284 18 14 58530
48288 18 1 60148
48290 18 19 59448
48292 18 23 60399
48294 18 23 61159
48306 18 22 61230
48308 18 22 61398
48318 18 22 61510
48320 18 1 61476
48322 18 2 61477
48324 18 3 61478
48326 18 5 61479
48328 18 9 61480
48330 18 10 61481
48332 18 14 61482
48334 18 15 61483
48336 18 19 61484
48338 18 21 61485
48340 18 22 61486
48342 18 23 61487
48344 18 1 61488
48346 18 2 61489
48348 18 3 61490
48350 18 5 61491
48352 18 9 61492
48354 18 10 61493
48356 18 14 61494
48358 18 15 61495
48360 18 19 61496
48362 18 21 61497
48364 18 22 61498
48372 18 19 61472
48374 18 21 61473
48376 18 22 61474
48382 18 22 61606
48392 18 21 61617
48396 18 22 61618
48412 18 23 61619
48418 18 14 61626
48444 18 22 61810
48448 18 2 61873
48456 18 9 62128
48458 18 21 61893
48460 18 21 61941
48462 18 22 61906
48464 18 14 61926
48468 18 23 62063
48472 18 23 65435
48474 18 19 66492
48476 18 23 66435
48478 18 19 67396
48480 18 9 67548
48486 18 15 68395
48488 18 21 73169
48490 18 1 75292
48492 18 22 81794
48494 18 23 81795
48496 18 1 81796
48498 18 2 81797
48500 18 19 81816
48502 18 21 81817
48504 18 22 81818
48506 18 23 81819
48508 18 1 81820
48510 18 2 81821
48512 18 3 81822
48514 18 5 81823
48516 18 9 81824
48518 18 10 81825
48520 18 22 81830
48522 18 23 81831
48524 18 3 81546
48526 18 5 81547
48528 18 9 81548
48530 18 10 81549
48532 18 14 81550
48534 18 15 81551
48536 18 19 81552
48538 18 21 81553
48540 18 22 81554
48542 18 10 82069
48544 18 19 90468
48546 18 22 90254
48548 18 2 90341
48552 18 10 96669
48554 18 2 96461
48556 18 10 98873
48558 18 1 98676
48560 18 15 101283
48562 18 19 100852
48564 18 19 103284
48566 18 19 103516
48568 18 15 103599
48570 18 10 109461
48572 18 23 112035
48574 18 15 113695
48576 18 19 115200
48578 18 2 115109
48580 18 2 114953
48582 18 1 115204
48584 18 2 116785
48586 18 3 116786
48588 18 5 116787
48590 18 23 116783
48596 18 23 116807
48598 18 23 116843
48600 18 2 116917
48602 18 15 116935
48612 18 22 117058
48614 18 23 117059
48616 18 3 117062
48618 18 5 117063
48620 18 9 117064
48622 18 22 117070
48624 18 23 117071
48626 18 3 117074
48670 18 10 117065
48676 18 2 117073
48696 18 5 117075
48726 18 15 117067
48812 18 1 117072
48816 18 14 117078
48818 18 15 117079
48820 18 19 117080
48822 18 3 117206
48824 18 2 117205
48826 18 22 117250
48828 18 23 117251
48830 18 2 117253
48832 18 3 117254
48858 18 10 117281
48860 18 23 117587
48862 18 15 117583
48870 18 19 117584
48872 18 21 117585
48874 18 22 117586
48878 18 1 126408
48880 18 15 128643
48882 18 3 129650
48888 18 22 132118
48890 18 5 132927
48892 18 1 151248
48894 18 10 151253
48896 18 5 150987
48898 18 5 159419
48900 18 9 159420
48902 18 10 159421
48904 18 14 159422
48906 18 15 159423
48908 18 21 160689
48910 18 19 164896
48912 18 21 166881
48914 18 3 168466
48916 18 23 168103
48920 18 15 170471
48922 18 19 170472
48924 18 21 170473
48926 18 3 172730
48928 18 5 172731
48930 18 9 172732
48932 18 10 172733
48934 18 14 172734
48936 18 15 172735
48938 18 19 172736
48940 18 21 172737
48942 18 22 172738
48944 18 23 172739
48946 18 1 172740
48948 18 2 172741
48950 18 3 172742
48952 18 5 172743
48954 18 9 172744
48956 18 10 172745
48958 18 14 172746
48960 18 15 172747
48962 18 19 172748
48964 18 21 172749
48966 18 22 172750
48968 18 23 172751
48970 18 1 172752
48972 18 2 172753
48974 18 3 172754
48976 18 5 172755
48978 18 9 172756
48980 18 10 172757
48982 18 14 172758
48984 18 15 172759
48986 18 19 172760
48988 18 21 172761
48990 18 22 172762
48992 18 23 172763
48994 18 1 172764
48996 18 2 172765
48998 18 3 172766
49000 18 5 172767
49002 18 9 172768
49004 18 10 172769
49006 18 14 172770
49008 18 15 172771
49010 18 19 172772
49012 18 21 172773
49014 18 22 172774
49016 18 23 172775
49018 18 1 172776
49020 18 2 172777
49022 18 3 172778
49024 18 5 172779
49026 18 9 172780
49028 18 10 172781
49030 18 14 172782
49032 18 15 172783
49034 18 19 172784
49036 18 21 172785
49038 18 22 172786
49040 18 23 172787
49042 18 1 172788
49044 18 2 172789
49046 18 3 172790
49048 18 5 172791
49050 18 9 172792
49052 18 10 172793
49054 18 14 172794
49056 18 15 172795
49058 18 19 172796
49060 18 21 172797
49062 18 22 172798
49064 18 23 172799
49066 18 1 172800
49068 18 2 172801
49070 18 3 172802
49072 18 5 172803
49074 18 9 172804
49076 18 10 172805
49078 18 14 172806
49080 18 15 172807
49082 18 19 172808
49084 18 21 172809
49086 18 22 172810
49088 18 23 172811
49090 18 1 172812
49092 18 2 172813
49094 18 3 172814
49096 18 5 172815
49098 18 9 172816
49100 18 10 172817
49102 18 14 172818
49104 18 15 172819
49106 18 19 172820
49108 18 21 172821
49110 18 22 172822
49112 18 23 172823
49114 18 1 172824
49116 18 2 172825
49118 18 3 172826
49120 18 5 172827
49122 18 9 172828
49124 18 10 172829
49126 18 14 172830
49128 18 15 172831
49130 18 19 172832
49132 18 21 172833
49134 18 22 172834
49136 18 23 172835
49138 18 1 172836
49140 18 2 172837
49142 18 3 172838
49144 18 5 172839
49146 18 9 172840
49148 18 10 172841
49150 18 14 172842
49152 18 15 172843
49156 18 19 172844
49158 18 21 172845
49160 18 22 172846
49162 18 23 172847
49164 18 1 172848
49166 18 2 172849
49172 18 3 172850
49174 18 5 172851
49176 18 9 172852
49178 18 10 172853
49180 18 14 172854
49182 18 15 172855
49184 18 19 172856
49186 18 21 172857
49188 18 22 172858
49190 18 23 172859
49192 18 1 172860
49206 18 2 172861
49208 18 3 172862
49210 18 5 172863
49212 18 9 172864
49214 18 10 172865
49216 18 14 172866
49218 18 15 172867
49220 18 19 172868
49222 18 21 172869
49224 18 22 172870
49226 18 23 172871
49228 18 1 172872
49230 18 2 172873
49232 18 3 172874
49234 18 5 172875
49236 18 9 172876
49238 18 10 172877
49240 18 14 172878
49242 18 15 172879
49244 18 19 172880
49246 18 21 172881
49248 18 22 172882
49250 18 23 172883
49252 18 1 172884
49254 18 2 172885
49256 18 3 172886
49258 18 5 172887
49260 18 9 172888
49262 18 10 172889
49264 18 14 172890
49266 18 15 172891
49268 18 19 172892
49270 18 21 172893
49272 18 22 172894
49274 18 23 172895
49276 18 1 172896
49278 18 2 172897
49280 18 3 172898
49282 18 5 172899
49284 18 9 172900
49286 18 10 172901
49288 18 14 172902
49290 18 15 172903
49292 18 19 172904
49294 18 21 172905
49296 18 22 172906
49298 18 23 172907
49300 18 1 172908
49302 18 2 172909
49304 18 3 172910
49306 18 5 172911
49308 18 9 172912
49310 18 10 172913
49312 18 14 172914
49314 18 15 172915
49316 18 19 172916
49318 18 21 172917
49320 18 22 172918
49322 18 23 172919
49324 18 1 172920
49326 18 2 172921
49328 18 3 172922
49330 18 5 172923
49332 18 9 172924
49334 18 10 172925
49336 18 14 172926
49338 18 15 172927
49340 18 19 172928
49342 18 21 172929
49344 18 22 172930
49346 18 23 172931
49348 18 1 172932
49350 18 2 172933
49352 18 3 172934
49354 18 5 172935
49356 18 9 172936
49358 18 10 172937
49360 18 14 172938
49362 18 15 172939
49364 18 19 172940
49366 18 21 172941
49368 18 22 172942
49370 18 23 172943
49372 18 1 172944
49374 18 2 172945
49376 18 3 172946
49378 18 5 172947
49380 18 9 172948
49382 18 10 172949
49384 18 14 172950
49386 18 15 172951
49388 18 19 172952
49390 18 21 172953
49392 18 22 172954
49394 18 23 172955
49396 18 1 172956
49398 18 2 172957
49400 18 3 172958
49402 18 5 172959
49404 18 9 172960
49406 18 10 172961
49408 18 14 172962
49410 18 15 172963
49412 18 19 172964
49414 18 21 172965
49416 18 22 172966
49418 18 23 172967
49420 18 1 172968
49422 18 2 172969
49424 18 3 172970
49432 18 5 172971
49434 18 9 172972
49436 18 10 172973
49438 18 14 172974
49440 18 15 172975
49442 18 19 172976
49444 18 21 172977
49446 18 22 172978
49448 18 23 172979
49452 18 1 172980
49454 18 2 172981
49456 18 3 172982
49458 18 5 172983
49460 18 9 172984
49462 18 10 172985
49466 18 14 172986
49468 18 15 172987
49478 18 19 172988
49480 18 21 172989
49482 18 22 172990
49484 18 23 172991
49486 18 1 172992
49488 18 2 172993
49498 18 3 172994
49500 18 5 172995
49502 18 9 172996
49504 18 10 172997
49506 18 14 172998
49508 18 15 172999
49510 18 19 173000
49512 18 21 173001
49514 18 22 173002
49516 18 23 173003
49518 18 1 173004
49520 18 2 173005
49522 18 3 173006
49524 18 5 173007
49526 18 9 173008
49528 18 10 173009
49530 18 14 173010
49532 18 15 173011
49534 18 19 173012
49536 18 21 173013
49538 18 22 173014
49540 18 23 173015
49542 18 1 173016
49544 18 2 173017
49546 18 3 173018
49548 18 5 173019
49550 18 9 173020
49552 18 10 173021
49554 18 14 173022
49556 18 15 173023
49558 18 19 173024
49560 18 21 173025
49562 18 22 173026
49564 18 23 173027
49566 18 1 173028
49568 18 2 173029
49570 18 3 173030
49572 18 5 173031
49574 18 9 173032
49576 18 10 173033
49618 18 14 173034
49620 18 15 173035
49622 18 19 173036
49624 18 21 173037
49626 18 22 173038
49628 18 23 173039
49630 18 1 173040
49632 18 2 173041
49634 18 3 173042
49636 18 5 173043
49640 18 9 173044
49642 18 10 173045
49644 18 14 173046
49646 18 15 173047
49648 18 19 173048
49650 18 21 173049
49652 18 22 173050
49654 18 23 173051
49656 18 1 173052
49658 18 2 173053
49660 18 3 173054
49662 18 5 173055
49664 18 1 173056
49666 18 2 173057
49668 18 3 173058
49670 18 5 173059
49672 18 9 173060
49674 18 10 173061
49676 18 14 173062
49678 18 15 173063
49680 18 19 173064
49682 18 21 173065
49684 18 22 173066
49686 18 23 173067
49688 18 1 173068
49690 18 2 173069
49692 18 3 173070
49694 18 5 173071
49696 18 9 173072
49698 18 10 173073
49700 18 14 173074
49702 18 15 173075
49704 18 19 173076
49706 18 21 173077
49708 18 22 173078
49710 18 23 173079
49712 18 1 173080
49714 18 2 173081
49716 18 3 173082
49718 18 5 173083
49720 18 9 173084
49722 18 10 173085
49724 18 14 173086
49726 18 15 173087
49728 18 19 173088
49730 18 21 173089
49732 18 22 173090
49734 18 23 173091
49736 18 1 173092
49738 18 2 173093
49740 18 3 173094
49742 18 5 173095
49744 18 9 173096
49746 18 10 173097
49748 18 14 173098
49750 18 15 173099
49752 18 19 173100
49754 18 21 173101
49756 18 22 173102
49758 18 23 173103
49760 18 1 173104
49762 18 2 173105
49764 18 3 173106
49766 18 5 173107
49768 18 9 173108
49770 18 10 173109
49772 18 14 173110
49774 18 15 173111
49776 18 19 173112
49778 18 21 173113
49780 18 22 173114
49782 18 23 173115
49784 18 1 173116
49786 18 2 173117
49788 18 3 173118
49790 18 5 173119
49792 18 9 173120
49794 18 10 173121
49796 18 14 173122
49798 18 15 173123
49800 18 19 173124
49802 18 21 173125
49804 18 22 173126
49806 18 23 173127
49808 18 1 173128
49810 18 2 173129
49812 18 3 173130
49814 18 5 173131
49816 18 9 173132
49818 18 10 173133
49820 18 14 173134
49822 18 15 173135
49824 18 19 173136
49826 18 21 173137
49828 18 22 173138
49830 18 23 173139
49832 18 1 173140
49834 18 2 173141
49836 18 3 173142
49838 18 5 173143
49840 18 9 173144
49842 18 10 173145
49844 18 14 173146
49846 18 15 173147
49848 18 19 173148
49850 18 21 173149
49852 18 22 173150
49854 18 23 173151
49856 18 1 173152
49858 18 2 173153
49860 18 3 173154
49862 18 5 173155
49864 18 9 173156
49866 18 10 173157
49868 18 14 173158
49870 18 15 173159
49872 18 19 173160
49874 18 21 173161
49876 18 22 173162
49878 18 23 173163
49880 18 1 173164
49882 18 2 173165
49884 18 3 173166
49886 18 5 173167
49888 18 9 173168
49890 18 10 173169
49892 18 14 173170
49894 18 15 173171
49896 18 19 173172
49898 18 21 173173
49900 18 22 173174
49902 18 23 173175
49904 18 1 173176
49906 18 2 173177
49908 18 3 173178
49910 18 5 173179
49912 18 9 173180
49914 18 10 173181
49916 18 14 173182
49918 18 15 173183
49920 18 19 173184
49922 18 21 173185
49924 18 22 173186
49926 18 23 173187
49928 18 1 173188
49934 18 2 173189
49936 18 3 173190
49938 18 5 173191
49940 18 9 173192
49944 18 10 173193
49946 18 14 173194
49948 18 15 173195
49950 18 19 173196
49960 18 21 173197
49968 18 22 173198
49970 18 23 173199
49972 18 1 173200
49974 18 2 173201
49976 18 3 173202
49988 18 5 173203
49990 18 9 173204
49992 18 10 173205
49994 18 14 173206
49996 18 15 173207
49998 18 19 173208
50000 18 21 173209
50002 18 22 173210
50004 18 23 173211
50006 18 1 173212
50008 18 2 173213
50010 18 3 173214
50012 18 5 173215
50014 18 9 173216
50016 18 10 173217
50018 18 14 173218
50020 18 15 173219
50022 18 19 173220
50024 18 21 173221
50026 18 22 173222
50028 18 23 173223
50030 18 1 173224
50032 18 2 173225
50034 18 3 173226
50036 18 5 173227
50038 18 9 173228
50040 18 10 173229
50042 18 14 173230
50054 18 15 173231
50056 18 19 173232
50058 18 21 173233
50060 18 22 173234
50062 18 23 173235
50064 18 1 173236
50066 18 2 173237
50068 18 3 173238
50070 18 5 173239
50072 18 9 173240
50074 18 10 173241
50076 18 14 173242
50078 18 15 173243
50080 18 19 173244
50082 18 21 173245
50084 18 22 173246
50086 18 23 173247
50088 18 1 173248
50090 18 2 173249
50092 18 3 173250
50094 18 5 173251
50096 18 9 173252
50098 18 10 173253
50100 18 14 173254
50102 18 15 173255
50104 18 19 173256
50106 18 21 173257
50108 18 22 173258
50110 18 23 173259
50112 18 1 173260
50114 18 1 0
50116 18 23 995
50118 18 14 678
50122 18 14 630
50124 18 1 756
50126 18 1 780
50134 18 5 39
50140 18 19 32
50142 18 1 144
50148 18 21 165
50150 18 21 753
50152 18 23 899
50154 18 15 1955
50156 18 1 1192
50158 18 15 1619
50160 18 14 1258
50162 18 22 1718
50164 18 1 3636
50166 18 22 4030
50168 18 23 3335
50170 18 15 3751
50172 18 3 3338
50176 18 10 4353
50180 18 22 5958
50182 18 23 6791
50184 18 10 6737
50186 18 14 7882
50188 18 15 7835
50190 18 1 7468
50192 18 21 7933
50194 18 22 7946
50196 18 5 8047
50198 18 15 8439
50200 18 23 8371
50202 18 5 10179
50228 18 21 11161
50238 18 9 10688
50244 18 1 10684
50246 18 15 11171
50248 18 15 11643
50250 18 9 11664
50252 18 19 12896
50254 18 22 12898
50256 18 3 12902
50258 18 23 12695
50260 18 19 12692
50262 18 2 12841
50264 18 22 13622
50266 18 23 13623
50268 18 1 13624
50270 18 2 13625
50272 18 3 13626
50274 18 5 13627
50276 18 9 13628
50278 18 10 13629
50280 18 14 13630
50282 18 15 13631
50284 18 5 13639
50286 18 15 13619
50288 18 1 16284
50290 18 10 17013
50292 18 23 16947
50294 18 22 17198
50296 18 10 17217
50298 18 15 16943
50302 18 5 18407
50304 18 21 17885
50306 18 23 17923
50324 18 15 18279
50326 18 10 18205
50328 18 2 17649
50330 18 14 17582
50332 18 5 18107
50334 18 22 17586
50338 18 23 18539
50340 18 2 20189
50342 18 10 20469
50344 18 1 20440
50348 18 1 20212
50350 18 21 20909
50352 18 19 20560
50354 18 21 21497
50356 18 1 22200
50360 18 23 22031
50364 18 21 23221
50366 18 1 22636
50368 18 21 23329
50370 18 15 23519
50374 18 1 23552
50376 18 15 24087
50378 18 15 25159
50380 18 22 25282
50390 18 19 26028
50408 18 9 26036
50410 18 10 26037
50436 18 1 26068
50438 18 21 26077
50462 18 14 26098
50472 18 21 26101
50474 18 23 26115
50476 18 3 26118
50480 18 9 26120
50486 18 10 26121
50492 18 9 26144
50550 18 10 26145
50648 18 10 27713
50650 18 23 27719
50652 18 5 27723
50654 18 9 27724
50656 18 14 28206
50658 18 22 28570
50660 18 19 28580
50664 18 14 28846
50666 18 14 33722
50668 18 22 34222
50670 18 2 34225
50672 18 3 34226
50674 18 21 34281
50676 18 14 34638
50678 18 3 35854
50680 18 1 36116
50682 18 22 36234
50686 18 15 38795
50690 18 22 39630
50692 18 23 39631
50694 18 23 41295
50696 18 1 41296
50700 18 2 42237
50702 18 3 42622
50704 18 23 42967
50706 18 10 42397
50708 18 5 43959
50710 18 21 43749
50712 18 21 43797
50718 18 19 45048
50720 18 9 44264
50722 18 22 45786
50724 18 19 45136
50726 18 21 45137
50728 18 14 46650
50730 18 1 46632
50732 18 23 47039
50738 18 2 47477
50740 18 1 47608
50748 18 10 48361
50750 18 10 48541
50752 18 22 48510
50754 18 22 48450
50756 18 2 48441
50760 18 3 48394
50768 18 23 48403
50770 18 23 49391
50772 18 1 49512
50774 18 1 50752
50788 18 21 51329
50790 18 5 51263
50792 18 1 52320
50794 18 19 52760
50796 18 10 52769
50798 18 15 52555
50802 18 5 53515
50806 18 5 54887
50808 18 3 55258
50810 18 5 55259
50812 18 15 55263
50814 18 21 55509
50816 18 10 59117
50818 18 5 58743
50820 18 5 58695
50822 18 1 58476
50824 18 5 58479
50830 18 22 60786
50832 18 1 64244
50834 18 21 64533
50836 18 9 66320
50838 18 9 67936
50840 18 1 68268
50842 18 5 71247
50862 18 9 71248
50896 18 10 71249
50920 18 14 71250
50970 18 15 71251
51006 18 3 71258
51024 18 14 71286
51026 18 15 71287
51028 18 19 71288
51030 18 21 71289
51032 18 22 71290
51034 18 23 71291
51036 18 1 71292
51122 18 14 71298
51132 18 9 71320
51142 18 22 71326
51144 18 21 71325
51146 18 5 71331
51156 18 9 71332
51162 18 14 71394
51170 18 23 71399
51172 18 3 71426
51184 18 5 71427
51198 18 9 71428
51214 18 10 71429
51232 18 14 71430
51248 18 15 71431
51264 18 19 71432
51280 18 2 71437
51286 18 3 71438
51288 18 5 71439
51290 18 9 71440
51292 18 10 71441
51294 18 23 71447
51296 18 3 71450
51298 18 15 71455
51300 18 1 71472
51308 18 3 71510
51310 18 10 71513
51312 18 14 71514
51314 18 2 71509
51342 18 19 71516
51346 18 15 71527
51352 18 15 71515
51354 18 10 71525
51356 18 21 71601
51360 18 15 71611
51366 18 1 71616
51372 18 10 71645
51376 18 14 71646
51382 18 15 71647
51384 18 19 71648
51386 18 21 71649
51388 18 22 71650
51390 18 23 71651
51392 18 1 71652
51394 18 2 71653
51396 18 3 71654
51398 18 5 71655
51400 18 9 71656
51402 18 10 71657
51404 18 14 71658
51406 18 15 71659
51408 18 19 71660
51410 18 21 71661
51412 18 22 71662
51414 18 23 71663
51416 18 1 71664
51418 18 2 71665
51420 18 3 71666
51422 18 5 71667
51424 18 9 71668
51426 18 10 71669
51428 18 14 71670
51430 18 15 71671
51432 18 19 71672
51434 18 21 71673
51436 18 22 71674
51438 18 23 71675
51440 18 1 71676
51442 18 2 71677
51444 18 3 71678
51446 18 5 71679
51450 18 15 71771
51452 18 1 71680
51454 18 2 71681
51456 18 3 71682
51458 18 5 71683
51460 18 9 71684
51462 18 10 71685
51464 18 14 71686
51466 18 15 71687
51468 18 19 71688
51470 18 21 71689
51472 18 22 71690
51474 18 23 71691
51476 18 1 71692
51478 18 2 71693
51480 18 3 71694
51482 18 5 71695
51484 18 9 71696
51486 18 10 71697
51488 18 14 71698
51490 18 15 71699
51492 18 19 71700
51494 18 21 71701
51496 18 22 71702
51498 18 23 71703
51500 18 1 71704
51502 18 2 71705
51504 18 3 71706
51506 18 5 71707
51508 18 9 71708
51510 18 10 71709
51512 18 14 71710
51514 18 15 71711
51516 18 19 71712
51518 18 21 71713
51520 18 22 71714
51522 18 23 71715
51524 18 1 71716
51526 18 2 71717
51528 18 3 71718
51530 18 5 71719
51532 18 9 71720
51534 18 10 71721
51536 18 14 71722
51538 18 15 71723
51540 18 19 71724
51542 18 21 71725
51544 18 22 71726
51546 18 23 71727
51548 18 1 71728
51550 18 2 71729
51552 18 3 71730
51554 18 5 71731
51556 18 9 71732
51558 18 10 71733
51560 18 14 71734
51562 18 15 71735
51564 18 19 71736
51566 18 21 71737
51568 18 22 71738
51570 18 23 71739
51572 18 1 71740
51574 18 2 71741
51576 18 3 71742
51578 18 5 71743
51580 18 9 71744
51582 18 10 71745
51584 18 14 71746
51586 18 15 71747
51588 18 19 71748
51590 18 21 71749
51592 18 22 71750
51594 18 23 71751
51596 18 1 71752
51598 18 2 71753
51600 18 3 71754
51602 18 5 71755
51604 18 9 71756
51606 18 10 71757
51608 18 14 71758
51610 18 15 71759
51612 18 19 71760
51614 18 21 71761
51616 18 22 71762
51618 18 23 71763
51620 18 1 71764
51622 18 2 71765
51624 18 3 71766
51626 18 5 71767
51628 18 9 71768
51630 18 10 71769
51632 18 14 71770
51636 18 2 71873
51640 18 19 71904
51642 18 19 71892
51644 18 22 71894
51646 18 23 71895
51648 18 1 71896
51650 18 2 71897
51652 18 3 71898
51654 18 14 71902
51656 18 22 71906
51660 18 5 71899
51662 18 3 71910
51664 18 10 71913
51666 18 9 71900
51668 18 15 71903
51684 18 5 71911
51686 18 19 71916
51698 18 19 75312
51700 18 23 77231
51702 18 15 77239
51704 18 5 77247
51706 18 9 77548
51716 18 15 81611
51718 18 21 81613
51720 18 5 81607
51726 18 5 82715
51728 18 19 82744
51730 18 23 82747
51732 18 23 82903
51734 18 3 81946
51736 18 10 90885
51738 18 14 91142
51740 18 23 99855
51742 18 2 100325
51746 18 10 103489
51748 18 19 103516
51750 18 14 103754
51752 18 15 108103
51754 18 21 108165
51756 18 14 111078
51758 18 5 111063
51760 18 3 111074
51762 18 1 112952
51764 18 9 114340
51766 18 9 113968
51768 18 5 114883
51770 18 1 116000
51772 18 9 116544
51778 18 14 116342
51780 18 21 125561
51784 18 10 127089
51786 18 3 128230
51788 18 5 128231
51790 18 10 130037
51792 18 5 130047
51812 18 21 129345
51814 18 2 130049
51816 18 21 130057
51818 18 23 130059
51820 18 1 130048
51822 18 3 130050
51830 18 5 130051
51838 18 9 130052
51846 18 10 130053
51854 18 14 130054
51862 18 15 130055
51870 18 19 130056
51886 18 2 130061
51888 18 9 130076
51890 18 14 130078
51892 18 1 130060
51894 18 3 130062
51904 18 5 130063
51914 18 9 130064
51924 18 10 130065
51934 18 14 130066
51944 18 15 130067
51954 18 19 130068
51964 18 21 130069
51974 18 22 130070
51984 18 23 130071
51994 18 1 130072
52004 18 2 130073
52014 18 3 130074
52024 18 5 130075
52044 18 19 130080
52046 18 14 130090
52048 18 19 130092
52050 18 15 130079
52052 18 21 130081
52062 18 22 130082
52072 18 23 130083
52082 18 1 130084
52092 18 2 130085
52102 18 3 130086
52112 18 5 130087
52122 18 9 130088
52132 18 10 130089
52152 18 22 130094
52154 18 21 130117
52156 18 23 130119
52158 18 21 130093
52160 18 23 130095
52170 18 1 130096
52180 18 2 130097
52190 18 3 130098
52200 18 5 130099
52210 18 9 130100
52220 18 10 130101
52230 18 14 130102
52240 18 15 130103
52250 18 19 130104
52260 18 21 130105
52270 18 22 130106
52280 18 23 130107
52290 18 1 130108
52300 18 2 130109
52310 18 3 130110
52320 18 5 130111
52330 18 9 130112
52340 18 10 130113
52350 18 14 130114
52360 18 15 130115
52370 18 19 130116
52390 18 2 130121
52392 18 10 130137
52394 18 15 130139
52396 18 1 130120
52398 18 3 130122
52408 18 5 130123
52418 18 9 130124
52428 18 10 130125
52438 18 14 130126
52448 18 15 130127
52458 18 19 130128
52468 18 21 130129
52478 18 22 130130
52488 18 23 130131
52498 18 1 130132
52508 18 2 130133
52518 18 3 130134
52528 18 5 130135
52538 18 9 130136
52558 18 14 130186
52562 18 15 130187
52564 18 19 130188
52566 18 21 130189
52568 18 22 130190
52570 18 23 130191
52572 18 1 130192
52574 18 2 130193
52576 18 10 130185
52720 18 3 130194
52722 18 23 130215
52724 18 5 130219
52726 18 19 130380
52728 18 3 130326
52732 18 19 130236
52734 18 2 130277
52736 18 1 130324
52738 18 5 130327
52740 18 15 130379
52746 18 2 130325
52750 18 23 130431
52752 18 1 130432
52754 18 2 130433
52756 18 3 130434
52758 18 22 130430
52790 18 1 130528
52792 18 23 130587
52794 18 3 130590
52798 18 1 130588
52800 18 23 130599
52802 18 5 130699
52804 18 10 130701
52806 18 14 130702
52808 18 15 130703
52810 18 19 130704
52812 18 21 130705
52814 18 3 130698
52890 18 23 130707
52892 18 3 130710
52894 18 5 130711
52904 18 10 130713
52906 18 14 130714
52908 18 2 130721
52912 18 10 130725
52914 18 14 130726
52920 18 15 130727
52922 18 19 130728
52924 18 21 130729
52926 18 5 130735
52928 18 10 130821
52930 18 19 130920
52932 18 23 130875
52934 18 22 131018
52936 18 21 130825
52938 18 15 130835
52940 18 21 130837
52942 18 23 130839
52944 18 9 130844
52946 18 10 130845
52948 18 14 130858
52950 18 15 130859
52952 18 19 130860
52954 18 21 130861
52956 18 23 130863
52958 18 2 130865
52960 18 3 130866
52962 18 5 130867
52964 18 9 130868
52966 18 10 130869
52968 18 23 131019
52970 18 19 130836
52972 18 9 130880
52974 18 23 130887
52976 18 2 130889
52978 18 19 130848
52980 18 21 130849
52982 18 22 130850
52984 18 2 130841
52986 18 5 130843
52988 18 15 130847
52990 18 1 130840
52992 18 3 130842
52996 18 14 130846
52998 18 15 130823
53010 18 10 130881
53012 18 14 130882
53014 18 15 130883
53016 18 21 130885
53018 18 1 130888
53020 18 3 130890
53022 18 1 130900
53032 18 1 130852
53034 18 3 130854
53038 18 5 130879
53040 18 19 130884
53046 18 22 130898
53048 18 3 130902
53050 18 9 130904
53052 18 10 130905
53054 18 14 130906
53056 18 19 130908
53058 18 22 130910
53060 18 23 130911
53062 18 1 130912
53064 18 2 130913
53066 18 3 130914
53068 18 10 130917
53070 18 14 130918
53074 18 22 130874
53076 18 22 130886
53080 18 22 131006
53082 18 3 130998
53084 18 19 131004
53086 18 1 131008
53088 18 23 130995
53090 18 10 131001
53092 18 23 130923
53098 18 15 131003
53100 18 5 130927
53102 18 21 131005
53106 18 1 130924
53108 18 3 131010
53112 18 5 131011
53114 18 9 131012
53116 18 10 131013
53118 18 14 131014
53120 18 15 131015
53122 18 19 131016
53124 18 21 131017
53222 18 1 130876
53224 18 22 132030
53226 18 15 135271
53230 18 15 152907
53232 18 21 160665
53234 18 3 160502
53236 18 23 160547
53238 18 23 160619
53240 18 3 160622
53242 18 5 160623
53252 18 15 163723
53254 18 19 163724
53256 18 21 163725
53258 18 22 163726
53260 18 23 163727
53262 18 1 163728
53264 18 2 163729
53266 18 3 163730
53268 18 19 163736
53270 18 22 163738
53272 18 23 163739
53274 18 2 163741
53276 18 15 163747
53278 18 19 163748
53280 18 14 163758
53282 18 15 163759
53284 18 19 163760
53286 18 14 163770
53288 18 15 163771
53290 18 22 163774
53292 18 1 163776
53294 18 15 163783
53296 18 19 163784
53298 18 21 163797
53300 18 14 163806
53302 18 22 163810
53304 18 23 163811
53306 18 3 163814
53308 18 5 163815
53310 18 15 163819
53312 18 19 163820
53314 18 10 163829
53316 18 21 163833
53318 18 23 163835
53320 18 19 164628
53322 18 15 163847
53324 18 21 163849
53326 18 3 163854
53328 18 15 163859
53330 18 21 163861
53332 18 22 163862
53334 18 23 163863
53336 18 23 163875
53338 18 5 163879
53340 18 9 163880
53342 18 22 163886
53344 18 23 163899
53346 18 1 163900
53348 18 22 163910
53350 18 3 163914
53352 18 22 163922
53354 18 3 168010
53356 18 21 168137
53358 18 15 171855
53360 18 2 173357
53362 18 3 181162
53366 18 5 181467
53368 18 9 181468
53370 18 10 181469
53372 18 14 181470
53374 18 15 181471
53376 18 19 181472
53378 18 21 181473
53380 18 22 181474
53382 18 23 181475
53384 18 1 181476
53386 18 2 181477
53388 18 3 181478
53390 18 5 181479
53392 18 9 181480
53394 18 10 181481
53396 18 14 181482
53398 18 15 181483
53400 18 19 181484
53402 18 21 181485
53404 18 22 181486
53406 18 23 181487
53408 18 1 181488
53410 18 2 181489
53412 18 3 181490
53414 18 5 181491
53416 18 9 181492
53418 18 10 181493
53420 18 14 181494
53422 18 15 181495
53424 18 19 181496
53426 18 21 181497
53428 18 22 181498
53430 18 23 181499
53432 18 1 181500
53434 18 2 181501
53436 18 3 181502
53438 18 5 181503
53440 18 9 181504
53442 18 10 181505
53444 18 14 181506
53446 18 15 181507
53448 18 19 181508
53450 18 21 181509
53452 18 22 181510
53454 18 23 181511
53456 18 1 181512
53458 18 2 181513
53460 18 3 181514
53462 18 5 181515
53464 18 9 181516
53466 18 10 181517
53468 18 14 181518
53470 18 15 181519
53472 18 19 181520
53474 18 21 181521
53476 18 22 181522
53478 18 23 181523
53480 18 1 181524
53482 18 2 181525
53484 18 3 181526
53486 18 5 181527
53488 18 9 181528
53490 18 10 181529
53492 18 14 181530
53494 18 15 181531
53496 18 19 181532
53498 18 21 181533
53500 18 22 181534
53502 18 23 181535
53504 18 1 181536
53506 18 2 181537
53508 18 3 181538
53510 18 5 181539
53512 18 9 181540
53514 18 10 181541
53516 18 14 181542
53518 18 15 181543
53520 18 19 181544
53522 18 21 181545
53524 18 22 181546
53526 18 23 181547
53528 18 1 181548
53530 18 2 181549
53532 18 3 181550
53534 18 5 181551
53536 18 9 181552
53538 18 10 181553
53540 18 14 181554
53542 18 15 181555
53544 18 19 181556
53546 18 21 181557
53548 18 22 181558
53550 18 23 181559
53552 18 1 181560
53554 18 2 181561
53556 18 3 181562
53558 18 5 181563
53560 18 9 181564
53562 18 10 181565
53564 18 14 181566
53566 18 15 181567
53568 18 19 181568
53570 18 21 181569
53572 18 22 181570
53574 18 23 181571
53576 18 1 181572
53578 18 2 181573
53580 18 3 181574
53582 18 5 181575
53584 18 9 181576
53586 18 10 181577
53588 18 14 181578
53590 18 15 181579
53592 18 19 181580
53594 18 21 181581
53598 18 22 181582
53600 18 23 181583
53602 18 1 181584
53604 18 2 181585
53606 18 3 181586
53608 18 5 181587
53610 18 9 181588
53612 18 10 181589
53614 18 14 181590
53616 18 15 181591
53618 18 19 181592
53620 18 21 181593
53622 18 22 181594
53624 18 23 181595
53626 18 1 181596
53628 18 2 181597
53630 18 3 181598
53632 18 5 181599
53634 18 9 181600
53636 18 10 181601
53638 18 14 181602
53640 18 15 181603
53642 18 19 181604
53644 18 21 181605
53646 18 22 181606
53648 18 23 181607
53650 18 1 181608
53652 18 2 181609
53654 18 3 181610
53656 18 5 181611
53658 18 9 181612
53660 18 10 181613
53662 18 14 181614
53664 18 15 181615
53666 18 19 181616
53668 18 21 181617
53672 18 22 181618
53674 18 23 181619
53676 18 1 181620
53678 18 2 181621
53680 18 3 181622
53682 18 5 181623
53684 18 9 181624
53686 18 10 181625
53688 18 14 181626
53690 18 15 181627
53692 18 19 181628
53694 18 21 181629
53696 18 22 181630
53698 18 23 181631
53700 18 1 181632
53702 18 2 181633
53704 18 3 181634
53706 18 5 181635
53708 18 9 181636
53710 18 10 181637
53712 18 14 181638
53714 18 15 181639
53716 18 19 181640
53718 18 21 181641
53720 18 22 181642
53722 18 23 181643
53724 18 1 181644
53726 18 2 181645
53728 18 3 181646
53730 18 5 181647
53732 18 9 181648
53734 18 10 181649
53736 18 14 181650
53738 18 15 181651
53740 18 19 181652
53742 18 21 181653
53744 18 22 181654
53746 18 23 181655
53748 18 1 181656
53750 18 2 181657
53752 18 3 181658
53754 18 5 181659
53756 18 9 181660
53758 18 10 181661
53760 18 14 181662
53762 18 15 181663
53764 18 19 181664
53766 18 21 181665
53768 18 22 181666
53770 18 23 181667
53772 18 1 181668
53774 18 2 181669
53776 18 3 181670
53778 18 5 181671
53780 18 9 181672
53782 18 10 181673
53784 18 14 181674
53786 18 15 181675
53788 18 19 181676
53790 18 21 181677
53792 18 22 181678
53794 18 23 181679
53796 18 1 181680
53798 18 2 181681
53800 18 3 181682
53802 18 5 181683
53804 18 9 181684
53806 18 10 181685
53808 18 14 181686
53810 18 15 181687
53812 18 19 181688
53814 18 21 181689
53816 18 22 181690
53818 18 23 181691
53820 18 1 181692
53822 18 2 181693
53824 18 3 181694
53826 18 5 181695
53828 18 9 181696
53830 18 10 181697
53832 18 14 181698
53834 18 15 181699
53836 18 19 181700
53838 18 21 181701
53840 18 22 181702
53842 18 23 181703
53844 18 1 181704
53846 18 2 181705
53848 18 3 181706
53850 18 5 181707
53852 18 9 181708
53854 18 10 181709
53856 18 14 181710
53858 18 15 181711
53860 18 19 181712
53862 18 21 181713
53864 18 22 181714
53866 18 23 181715
53868 18 1 181716
53870 18 2 181717
53872 18 3 181718
53874 18 5 181719
53876 18 9 181720
53878 18 10 181721
53880 18 14 181722
53882 18 15 181723
53884 18 19 181724
53886 18 21 181725
53888 18 22 181726
53890 18 23 181727
53892 18 1 181728
53894 18 2 181729
53896 18 3 181730
53898 18 5 181731
53900 18 9 181732
53902 18 10 181733
53904 18 14 181734
53906 18 15 181735
53908 18 19 181736
53910 18 21 181737
53912 18 22 181738
53914 18 23 181739
53916 18 1 181740
53918 18 2 181741
53920 18 3 181742
53922 18 5 181743
53924 18 9 181744
53926 18 10 181745
53928 18 14 181746
53930 18 15 181747
53932 18 19 181748
53934 18 21 181749
53936 18 22 181750
53938 18 23 181751
53940 18 1 181752
53942 18 2 181753
53944 18 3 181754
53946 18 5 181755
53948 18 9 181756
53950 18 10 181757
53952 18 14 181758
53954 18 15 181759
53956 18 19 181760
53958 18 21 181761
53960 18 22 181762
53962 18 23 181763
53964 18 1 181764
53966 18 2 181765
53968 18 3 181766
53970 18 5 181767
53972 18 9 181768
53974 18 10 181769
53976 18 14 181770
53978 18 15 181771
53980 18 19 181772
53982 18 21 181773
53984 18 22 181774
53986 18 23 181775
53988 18 1 181776
53990 18 2 181777
53992 18 3 181778
53994 18 5 181779
53996 18 9 181780
53998 18 10 181781
54000 18 14 181782
54002 18 15 181783
54004 18 19 181784
54006 18 21 181785
54008 18 22 181786
54010 18 23 181787
54012 18 1 181788
54014 18 2 181789
54016 18 3 181790
54018 18 5 181791
54020 18 9 181792
54022 18 10 181793
54024 18 14 181794
54026 18 15 181795
54028 18 19 181796
54030 18 21 181797
54032 18 22 181798
54034 18 23 181799
54036 18 1 181800
54038 18 2 181801
54040 18 3 181802
54042 18 5 181803
54044 18 9 181804
54046 18 10 181805
54048 18 14 181806
54050 18 15 181807
54052 18 19 181808
54054 18 21 181809
54056 18 22 181810
54058 18 23 181811
54060 18 1 181812
54062 18 2 181813
54064 18 3 181814
54066 18 5 181815
54068 18 9 181816
54070 18 10 181817
54072 18 14 181818
54074 18 15 181819
54076 18 19 181820
54078 18 21 181821
54080 18 22 181822
54082 18 23 181823
54084 18 1 181824
54086 18 2 181825
54088 18 3 181826
54090 18 5 181827
54092 18 9 181828
54094 18 10 181829
54096 18 14 181830
54098 18 15 181831
54100 18 19 181832
54102 18 21 181833
54104 18 22 181834
54106 18 23 181835
54108 18 1 181836
54110 18 2 181837
54112 18 3 181838
54114 18 5 181839
54116 18 9 181840
54118 18 10 181841
54120 18 14 181842
54122 18 15 181843
54124 18 19 181844
54126 18 21 181845
54128 18 22 181846
54130 18 23 181847
54132 18 1 181848
54134 18 2 181849
54136 18 3 181850
54138 18 5 181851
54140 18 9 181852
54142 18 10 181853
54144 18 14 181854
54146 18 15 181855
54148 18 19 181856
54150 18 21 181857
54152 18 22 181858
54154 18 23 181859
54156 18 1 181860
54158 18 2 181861
54160 18 3 181862
54162 18 5 181863
54164 18 9 181864
54166 18 10 181865
54168 18 14 181866
54170 18 15 181867
54172 18 19 181868
54174 18 21 181869
54176 18 22 181870
54178 18 23 181871
54180 18 1 181872
54182 18 2 181873
54184 18 3 181874
54186 18 5 181875
54188 18 9 181876
54190 18 10 181877
54192 18 14 181878
54194 18 15 181879
54196 18 19 181880
54198 18 21 181881
54200 18 22 181882
54202 18 23 181883
54204 18 1 181884
54206 18 2 181885
54208 18 3 181886
54210 18 5 181887
54212 18 9 181888
54214 18 10 181889
54216 18 14 181890
54218 18 15 181891
54220 18 19 181892
54222 18 21 181893
54224 18 22 181894
54226 18 23 181895
54228 18 1 181896
54230 18 2 181897
54232 18 3 181898
54234 18 5 181899
54236 18 9 181900
54238 18 10 181901
54240 18 14 181902
54242 18 15 181903
54244 18 19 181904
54246 18 21 181905
54248 18 22 181906
54250 18 23 181907
54256 18 1 181908
54258 18 2 181909
54260 18 3 181910
54262 18 5 181911
54264 18 9 181912
54266 18 10 181913
54268 18 14 181914
54270 18 15 181915
54272 18 19 181916
54274 18 21 181917
54276 18 22 181918
54278 18 23 181919
54280 18 1 181920
54282 18 2 181921
54284 18 3 181922
54286 18 5 181923
54292 18 9 181924
54294 18 10 181925
54296 18 14 181926
54302 18 15 181927
54312 18 19 181928
54314 18 21 181929
54316 18 22 181930
54326 18 23 181931
54328 18 1 181932
54330 18 2 181933
54332 18 3 181934
54334 18 5 181935
54336 18 9 181936
54338 18 10 181937
54340 18 14 181938
54342 18 15 181939
54344 18 19 181940
54346 18 21 181941
54348 18 22 181942
54350 18 23 181943
54352 18 1 181944
54354 18 2 181945
54356 18 3 181946
54358 18 5 181947
54360 18 9 181948
54362 18 10 181949
54364 18 14 181950
54366 18 15 181951
54368 18 19 181952
54370 18 21 181953
54372 18 22 181954
54374 18 23 181955
54376 18 1 181956
54378 18 2 181957
54380 18 3 181958
54382 18 5 181959
54384 18 9 181960
54386 18 10 181961
54388 18 14 181962
54390 18 15 181963
54392 18 19 181964
54394 18 21 181965
54396 18 22 181966
54398 18 23 181967
54400 18 1 181968
54402 18 2 181969
54428 18 3 181970
54430 18 5 181971
54432 18 9 181972
54434 18 10 181973
54444 18 14 181974
54446 18 15 181975
54448 18 19 181976
54450 18 21 181977
54452 18 22 181978
54454 18 23 181979
54456 18 1 181980
54458 18 2 181981
54460 18 3 181982
54462 18 5 181983
54464 18 9 181984
54466 18 10 181985
54468 18 14 181986
54470 18 15 181987
54472 18 19 181988
54474 18 21 181989
54476 18 22 181990
54478 18 23 181991
54480 18 1 181992
54482 18 2 181993
54484 18 3 181994
54486 18 5 181995
54488 18 9 181996
54490 18 10 181997
54492 18 14 181998
54494 18 15 181999
54496 18 19 182000
54498 18 21 182001
54500 18 22 182002
54502 18 23 182003
54504 18 1 182004
54506 18 2 182005
54508 18 3 182006
54510 18 5 182007
54512 18 9 182008
54514 18 10 182009
54516 18 14 182010
54518 18 15 182011
54520 18 19 182012
54522 18 21 182013
54524 18 22 182014
54526 18 23 182015
54528 18 1 182016
54530 18 2 182017
54532 18 3 182018
54534 18 5 182019
54536 18 9 182020
54538 18 10 182021
54540 18 14 182022
54542 18 15 182023
54544 18 19 182024
54546 18 21 182025
54548 18 22 182026
54550 18 23 182027
54552 18 1 182028
54554 18 2 182029
54556 18 3 182030
54558 18 5 182031
54560 18 9 182032
54562 18 10 182033
54564 18 14 182034
54566 18 15 182035
54568 18 19 182036
54570 18 21 182037
54572 18 22 182038
54574 18 23 182039
54576 18 1 182040
54578 18 2 182041
54580 18 3 182042
54582 18 5 182043
54584 18 9 182044
54586 18 10 182045
54588 18 14 182046
54590 18 15 182047
54592 18 19 182048
54594 18 21 182049
54596 18 22 182050
54598 18 23 182051
54600 18 1 182052
54602 18 2 182053
54604 18 3 182054
54606 18 5 182055
54608 18 9 182056
54610 18 10 182057
54612 18 14 182058
54614 18 15 182059
54616 18 19 182060
54618 18 21 182061
54620 18 22 182062
54622 18 23 182063
54624 18 1 182064
54626 18 2 182065
54628 18 3 182066
54630 18 5 182067
54632 18 9 182068
54634 18 10 182069
54636 18 14 182070
54638 18 15 182071
54640 18 19 182072
54642 18 21 182073
54644 18 22 182074
54646 18 23 182075
54648 18 1 182076
54650 18 2 182077
54652 18 3 182078
54654 18 5 182079
54656 18 9 182080
54658 18 10 182081
54660 18 14 182082
54662 18 15 182083
54664 18 19 182084
54666 18 21 182085
54668 18 22 182086
54670 18 23 182087
54672 18 1 182088
54674 18 2 182089
54676 18 3 182090
54678 18 5 182091
54680 18 9 182092
54682 18 10 182093
54684 18 14 182094
54686 18 15 182095
54688 18 19 182096
54690 18 21 182097
54692 18 22 182098
54694 18 23 182099
54696 18 1 182100
54698 18 2 182101
54700 18 3 182102
54702 18 5 182103
54704 18 9 182104
54706 18 10 182105
54708 18 14 182106
54710 18 15 182107
54712 18 19 182108
54714 18 21 182109
54716 18 22 182110
54718 18 23 182111
54720 18 1 182112
54722 18 2 182113
54724 18 3 182114
54726 18 5 182115
54728 18 9 182116
54730 18 10 182117
54732 18 14 182118
54734 18 15 182119
54736 18 19 182120
54738 18 21 182121
54740 18 22 182122
54742 18 23 182123
54744 18 1 182124
54746 18 2 182125
54748 18 3 182126
54750 18 5 182127
54752 18 9 182128
54754 18 10 182129
54756 18 14 182130
54758 18 15 182131
54760 18 19 182132
54762 18 21 182133
54764 18 22 182134
54766 18 23 182135
54768 18 1 182136
54770 18 2 182137
54772 18 3 182138
54774 18 5 182139
54776 18 9 182140
54778 18 10 182141
54780 18 14 182142
54782 18 15 182143
54784 18 19 182144
54786 18 21 182145
54788 18 22 182146
54790 18 23 182147
54792 18 1 182148
54794 18 2 182149
54796 18 3 182150
54798 18 5 182151
54800 18 9 182152
54802 18 10 182153
54804 18 14 182154
54806 18 15 182155
54808 18 19 182156
54810 18 21 182157
54812 18 22 182158
54814 18 23 182159
54816 18 1 182160
54818 18 2 182161
54820 18 3 182162
54822 18 5 182163
54824 18 9 182164
54826 18 10 182165
54828 18 14 182166
54830 18 15 182167
54832 18 19 182168
54834 18 21 182169
54836 18 22 182170
54838 18 23 182171
54840 18 1 182172
54842 18 2 182173
54844 18 3 182174
54846 18 5 182175
54848 18 9 182176
54850 18 10 182177
54852 18 14 182178
54854 18 15 182179
54856 18 19 182180
54858 18 21 182181
54860 18 22 182182
54862 18 23 182183
54864 18 1 182184
54866 18 2 182185
54868 18 3 182186
54870 18 5 182187
54872 18 9 182188
54874 18 10 182189
54876 18 14 182190
54878 18 15 182191
54880 18 19 182192
54882 18 21 182193
54884 18 22 182194
54886 18 23 182195
54888 18 1 182196
54890 18 2 182197
54892 18 3 182198
54894 18 5 182199
54896 18 9 182200
54898 18 10 182201
54900 18 14 182202
54902 18 15 182203
54904 18 19 182204
54906 18 21 182205
54908 18 22 182206
54910 18 23 182207
54912 18 1 182208
54914 18 2 182209
54916 18 3 182210
54918 18 5 182211
54920 18 9 182212
54922 18 10 182213
54924 18 14 182214
54926 18 15 182215
54928 18 19 182216
54930 18 21 182217
54932 18 22 182218
54934 18 23 182219
54936 18 1 182220
54938 18 2 182221
54940 18 3 182222
54942 18 5 182223
54944 18 9 182224
54946 18 10 182225
54948 18 14 182226
54950 18 15 182227
54952 18 19 182228
54954 18 21 182229
54956 18 22 182230
54958 18 23 182231
54960 18 1 182232
54962 18 2 182233
54964 18 3 182234
54966 18 5 182235
54968 18 9 182236
54970 18 10 182237
54972 18 14 182238
54974 18 15 182239
54976 18 19 182240
54978 18 21 182241
54980 18 22 182242
54982 18 23 182243
54984 18 1 182244
54986 18 2 182245
54988 18 3 182246
54990 18 5 182247
54992 18 9 182248
54994 18 10 182249
54996 18 14 182250
54998 18 15 182251
55000 18 19 182252
55002 18 21 182253
55004 18 22 182254
55006 18 23 182255
55008 18 1 182256
55010 18 2 182257
55012 18 3 182258
55014 18 5 182259
55016 18 9 182260
55018 18 10 182261
55020 18 14 182262
55022 18 15 182263
55024 18 19 182264
55026 18 21 182265
55028 18 22 182266
55030 18 23 182267
55032 18 1 182268
55034 18 2 182269
55036 18 3 182270
55038 18 5 182271
55042 18 1 182272
55044 18 2 182273
55046 18 3 182274
55048 18 5 182275
55050 18 9 182276
55052 18 10 182277
55054 18 14 182278
55056 18 15 182279
55058 18 19 182280
55060 18 21 182281
55062 18 22 182282
55064 18 23 182283
55066 18 1 182284
55068 18 2 182285
55070 18 3 182286
55072 18 5 182287
55074 18 9 182288
55076 18 10 182289
55078 18 14 182290
55080 18 15 182291
55082 18 19 182292
55084 18 21 182293
55086 18 22 182294
55088 18 23 182295
55090 18 1 182296
55092 18 2 182297
55094 18 3 182298
55096 18 5 182299
55098 18 9 182300
55100 18 10 182301
55102 18 14 182302
55104 18 15 182303
55106 18 19 182304
55108 18 21 182305
55110 18 22 182306
55112 18 23 182307
55114 18 1 182308
55116 18 2 182309
55118 18 3 182310
55120 18 5 182311
55122 18 9 182312
55124 18 10 182313
55126 18 14 182314
55128 18 15 182315
55130 18 19 182316
55132 18 21 182317
55134 18 22 182318
55136 18 23 182319
55138 18 1 182320
55140 18 2 182321
55142 18 3 182322
55144 18 5 182323
55146 18 9 182324
55148 18 10 182325
55150 18 14 182326
55152 18 15 182327
55154 18 19 182328
55156 18 21 182329
55158 18 22 182330
55160 18 23 182331
55162 18 1 182332
55164 18 2 182333
55166 18 3 182334
55168 18 5 182335
55170 18 9 182336
55172 18 10 182337
55174 18 14 182338
55176 18 15 182339
55178 18 19 182340
55180 18 21 182341
55182 18 22 182342
55184 18 23 182343
55186 18 1 182344
55188 18 2 182345
55190 18 3 182346
55192 18 5 182347
55194 18 9 182348
55196 18 10 182349
55198 18 14 182350
55200 18 15 182351
55202 18 19 182352
55204 18 21 182353
55206 18 22 182354
55208 18 23 182355
55210 18 1 182356
55212 18 2 182357
55214 18 3 182358
55216 18 5 182359
55218 18 9 182360
55220 18 10 182361
55222 18 14 182362
55224 18 15 182363
55226 18 19 182364
55228 18 21 182365
55230 18 22 182366
55232 18 23 182367
55234 18 1 182368
55236 18 2 182369
55238 18 3 182370
55240 18 5 182371
55242 18 9 182372
55244 18 10 182373
55246 18 14 182374
55248 18 15 182375
55250 18 19 182376
55252 18 21 182377
55254 18 22 182378
55256 18 23 182379
55258 18 1 182380
55260 18 2 182381
55262 18 3 182382
55264 18 5 182383
55266 18 9 182384
55268 18 10 182385
55270 18 14 182386
55272 18 15 182387
55274 18 19 182388
55276 18 21 182389
55278 18 22 182390
55280 18 23 182391
55282 18 1 182392
55284 18 2 182393
55286 18 3 182394
55288 18 5 182395
55290 18 9 182396
55292 18 10 182397
55294 18 14 182398
55296 18 15 182399
55298 18 19 182400
55300 18 21 182401
55302 18 22 182402
55304 18 23 182403
55306 18 1 182404
55308 18 2 182405
55310 18 3 182406
55312 18 5 182407
55314 18 9 182408
55316 18 10 182409
55318 18 14 182410
55320 18 15 182411
55322 18 19 182412
55324 18 21 182413
55326 18 22 182414
55328 18 23 182415
55330 18 1 182416
55332 18 2 182417
55334 18 3 182418
55336 18 5 182419
55338 18 9 182420
55340 18 10 182421
55342 18 14 182422
55344 18 15 182423
55346 18 19 182424
55348 18 21 182425
55350 18 22 182426
55352 18 23 182427
55354 18 1 182428
55356 18 2 182429
55358 18 3 182430
55360 18 5 182431
55362 18 9 182432
55364 18 10 182433
55366 18 14 182434
55368 18 15 182435
55370 18 19 182436
55372 18 21 182437
55374 18 22 182438
55376 18 23 182439
55378 18 1 182440
55380 18 2 182441
55382 18 3 182442
55384 18 5 182443
55386 18 9 182444
55388 18 10 182445
55390 18 14 182446
55392 18 15 182447
55394 18 19 182448
55396 18 21 182449
55398 18 22 182450
55400 18 23 182451
55402 18 1 182452
55404 18 2 182453
55406 18 3 182454
55408 18 5 182455
55410 18 9 182456
55412 18 10 182457
55414 18 14 182458
55416 18 15 182459
55418 18 19 182460
55420 18 21 182461
55422 18 22 182462
55424 18 23 182463
55426 18 1 182464
55428 18 2 182465
55430 18 3 182466
55432 18 5 182467
55434 18 9 182468
55436 18 10 182469
55438 18 14 182470
55440 18 15 182471
55442 18 19 182472
55444 18 21 182473
55446 18 22 182474
55448 18 23 182475
55450 18 1 182476
55452 18 2 182477
55454 18 3 182478
55456 18 5 182479
55458 18 9 182480
55460 18 10 182481
55462 18 14 182482
55464 18 15 182483
55466 18 19 182484
55468 18 21 182485
55470 18 22 182486
55472 18 23 182487
55474 18 1 182488
55476 18 2 182489
55478 18 3 182490
55480 18 5 182491
55482 18 9 182492
55484 18 10 182493
55486 18 14 182494
55488 18 15 182495
55490 18 19 182496
55492 18 21 182497
55494 18 22 182498
55496 18 23 182499
55498 18 1 182500
55500 18 2 182501
55502 18 3 182502
55504 18 5 182503
55506 18 9 182504
55508 18 10 182505
55510 18 14 182506
55512 18 15 182507
55514 18 19 182508
55516 18 21 182509
55518 18 22 182510
55520 18 23 182511
55522 18 1 182512
55524 18 2 182513
55526 18 3 182514
55528 18 5 182515
55530 18 9 182516
55532 18 10 182517
55534 18 14 182518
55536 18 15 182519
55538 18 19 182520
55540 18 21 182521
55542 18 22 182522
55544 18 23 182523
55546 18 1 182524
55548 18 2 182525
55550 18 3 182526
55552 18 5 182527
55554 18 9 182528
55556 18 10 182529
55558 18 14 182530
55560 18 15 182531
55562 18 19 182532
55564 18 21 182533
55566 18 22 182534
55568 18 23 182535
55570 18 1 182536
55572 18 2 182537
55574 18 3 182538
55576 18 5 182539
55578 18 9 182540
55580 18 10 182541
55582 18 14 182542
55584 18 15 182543
55586 18 19 182544
55588 18 21 182545
55590 18 22 182546
55592 18 23 182547
55594 18 1 182548
55596 18 2 182549
55598 18 3 182550
55600 18 5 182551
55602 18 9 182552
55604 18 10 182553
55606 18 14 182554
55608 18 15 182555
55610 18 19 182556
55612 18 21 182557
55614 18 22 182558
55616 18 23 182559
55618 18 1 182560
55620 18 2 182561
55622 18 3 182562
55624 18 5 182563
55626 18 9 182564
55628 18 10 182565
55630 18 14 182566
55632 18 15 182567
55634 18 19 182568
55636 18 21 182569
55638 18 22 182570
55640 18 23 182571
55642 18 1 182572
55644 18 2 182573
55646 18 3 182574
55648 18 5 182575
55650 18 9 182576
55652 18 10 182577
55654 18 14 182578
55656 18 15 182579
55658 18 19 182580
55660 18 21 182581
55662 18 22 182582
55664 18 23 182583
55666 18 1 182584
55668 18 2 182585
55670 18 3 182586
55672 18 5 182587
55674 18 9 182588
55676 18 10 182589
55678 18 14 182590
55680 18 15 182591
55682 18 19 182592
55684 18 21 182593
55686 18 22 182594
55688 18 23 182595
55690 18 1 182596
55692 18 2 182597
55694 18 3 182598
55696 18 5 182599
55698 18 9 182600
55700 18 10 182601
55702 18 14 182602
55704 18 15 182603
55706 18 19 182604
55708 18 21 182605
55710 18 22 182606
55712 18 23 182607
55714 18 1 182608
55716 18 2 182609
55718 18 3 182610
55720 18 5 182611
55722 18 9 182612
55724 18 10 182613
55726 18 14 182614
55728 18 15 182615
55730 18 19 182616
55732 18 21 182617
55734 18 22 182618
55736 18 23 182619
55738 18 1 182620
55740 18 2 182621
55742 18 3 182622
55744 18 5 182623
55746 18 9 182624
55748 18 10 182625
55750 18 14 182626
55752 18 15 182627
55754 18 19 182628
55756 18 21 182629
55758 18 22 182630
55760 18 23 182631
55762 18 1 182632
55764 18 2 182633
55766 18 3 182634
55768 18 5 182635
55770 18 9 182636
55772 18 10 182637
55774 18 14 182638
55776 18 15 182639
55778 18 19 182640
55780 18 21 182641
55782 18 22 182642
55784 18 23 182643
55786 18 1 182644
55788 18 2 182645
55790 18 3 182646
55792 18 5 182647
55794 18 9 182648
55796 18 10 182649
55798 18 14 182650
55800 18 15 182651
55802 18 19 182652
55804 18 21 182653
55806 18 22 182654
55808 18 23 182655
55810 18 1 182656
55812 18 2 182657
55814 18 3 182658
55816 18 5 182659
55818 18 9 182660
55820 18 10 182661
55822 18 14 182662
55824 18 15 182663
55826 18 19 182664
55828 18 21 182665
55830 18 22 182666
55832 18 23 182667
55834 18 1 182668
55836 18 2 182669
55838 18 3 182670
55840 18 5 182671
55842 18 9 182672
55844 18 10 182673
55846 18 14 182674
55848 18 15 182675
55850 18 19 182676
55852 18 21 182677
55854 18 22 182678
55856 18 23 182679
55858 18 1 182680
55860 18 2 182681
55862 18 3 182682
55864 18 5 182683
55866 18 9 182684
55868 18 10 182685
55870 18 14 182686
55872 18 15 182687
55874 18 19 182688
55876 18 21 182689
55878 18 22 182690
55880 18 23 182691
55882 18 1 182692
55884 18 2 182693
55886 18 3 182694
55888 18 5 182695
55890 18 9 182696
55892 18 10 182697
55894 18 14 182698
55896 18 15 182699
55898 18 19 182700
55900 18 21 182701
55902 18 22 182702
55904 18 23 182703
55906 18 1 182704
55908 18 2 182705
55910 18 3 182706
55912 18 5 182707
55914 18 9 182708
55916 18 10 182709
55918 18 14 182710
55920 18 15 182711
55922 18 19 182712
55924 18 21 182713
55926 18 22 182714
55928 18 23 182715
55930 18 1 182716
55932 18 2 182717
55934 18 3 182718
55936 18 5 182719
55938 18 9 182720
55940 18 10 182721
55942 18 14 182722
55944 18 15 182723
55946 18 19 182724
55948 18 21 182725
55950 18 22 182726
55952 18 23 182727
55954 18 1 182728
55956 18 2 182729
55958 18 3 182730
55960 18 5 182731
55962 18 9 182732
55964 18 10 182733
55966 18 14 182734
55968 18 15 182735
55970 18 19 182736
55972 18 21 182737
55974 18 22 182738
55976 18 23 182739
55978 18 1 182740
55980 18 2 182741
55982 18 3 182742
55984 18 5 182743
55986 18 9 182744
55988 18 10 182745
55990 18 14 182746
55992 18 15 182747
55994 18 19 182748
55996 18 21 182749
55998 18 22 182750
56000 18 23 182751
56002 18 1 182752
56004 18 2 182753
56006 18 3 182754
56008 18 5 182755
56010 18 9 182756
56012 18 10 182757
56014 18 14 182758
56016 18 15 182759
56018 18 19 182760
56020 18 21 182761
56022 18 22 182762
56024 18 23 182763
56026 18 1 182764
56028 18 2 182765
56030 18 3 182766
56032 18 5 182767
56034 18 9 182768
56036 18 10 182769
56038 18 14 182770
56040 18 15 182771
56042 18 19 182772
56044 18 21 182773
56046 18 22 182774
56048 18 23 182775
56050 18 1 182776
56052 18 2 182777
56054 18 3 182778
56056 18 5 182779
56058 18 9 182780
56060 18 10 182781
56062 18 14 182782
56064 18 15 182783
56066 18 19 182784
56068 18 21 182785
56070 18 22 182786
56072 18 23 182787
56074 18 1 182788
56076 18 2 182789
56078 18 3 182790
56080 18 5 182791
56082 18 9 182792
56084 18 10 182793
56086 18 14 182794
56088 18 15 182795
56090 18 19 182796
56092 18 21 182797
56094 18 22 182798
56096 18 23 182799
56098 18 1 182800
56100 18 2 182801
56102 18 3 182802
56104 18 5 182803
56106 18 9 182804
56108 18 10 182805
56110 18 14 182806
56112 18 15 182807
56114 18 19 182808
56116 18 21 182809
56118 18 22 182810
56120 18 23 182811
56122 18 1 182812
56124 18 2 182813
56126 18 3 182814
56128 18 5 182815
56130 18 9 182816
56132 18 10 182817
56134 18 14 182818
56136 18 15 182819
56138 18 19 182820
56140 18 21 182821
56142 18 22 182822
56144 18 23 182823
56146 18 1 182824
56148 18 2 182825
56150 18 3 182826
56152 18 5 182827
56154 18 9 182828
56156 18 10 182829
56158 18 14 182830
56160 18 15 182831
56162 18 19 182832
56164 18 21 182833
56166 18 22 182834
56168 18 23 182835
56170 18 1 182836
56172 18 2 182837
56174 18 3 182838
56176 18 5 182839
56178 18 9 182840
56180 18 10 182841
56182 18 14 182842
56184 18 15 182843
56186 18 19 182844
56188 18 21 182845
56190 18 22 182846
56192 18 23 182847
56194 18 1 182848
56196 18 2 182849
56198 18 3 182850
56200 18 5 182851
56202 18 9 182852
56204 18 10 182853
56206 18 14 182854
56208 18 15 182855
56210 18 19 182856
56212 18 21 182857
56214 18 22 182858
56216 18 23 182859
56218 18 1 182860
56220 18 2 182861
56222 18 3 182862
56224 18 5 182863
56226 18 9 182864
56228 18 10 182865
56230 18 14 182866
56232 18 15 182867
56234 18 19 182868
56236 18 21 182869
56238 18 22 182870
56240 18 23 182871
56242 18 1 182872
56244 18 2 182873
56246 18 3 182874
56248 18 5 182875
56250 18 9 182876
56252 18 10 182877
56254 18 14 182878
56256 18 15 182879
56258 18 19 182880
56260 18 21 182881
56262 18 22 182882
56264 18 23 182883
56266 18 1 182884
56268 18 2 182885
56270 18 3 182886
56272 18 5 182887
56274 18 9 182888
56276 18 10 182889
56278 18 14 182890
56280 18 15 182891
56282 18 19 182892
56284 18 21 182893
56286 18 22 182894
56288 18 23 182895
56290 18 1 182896
56292 18 2 182897
56294 18 3 182898
56296 18 5 182899
56298 18 9 182900
56300 18 10 182901
56302 18 14 182902
56304 18 15 182903
56306 18 19 182904
56308 18 21 182905
56310 18 22 182906
56312 18 23 182907
56314 18 1 182908
56316 18 2 182909
56318 18 3 182910
56320 18 5 182911
56322 18 9 182912
56324 18 10 182913
56326 18 14 182914
56328 18 15 182915
56330 18 19 182916
56332 18 21 182917
56334 18 22 182918
56336 18 23 182919
56338 18 1 182920
56340 18 2 182921
56342 18 3 182922
56344 18 5 182923
56346 18 9 182924
56348 18 10 182925
56350 18 14 182926
56352 18 15 182927
56354 18 19 182928
56356 18 21 182929
56358 18 22 182930
56360 18 23 182931
56362 18 1 182932
56364 18 2 182933
56366 18 3 182934
56368 18 5 182935
56370 18 9 182936
56372 18 10 182937
56374 18 14 182938
56376 18 15 182939
56378 18 19 182940
56380 18 21 182941
56382 18 22 182942
56384 18 23 182943
56386 18 1 182944
56388 18 2 182945
56390 18 3 182946
56392 18 5 182947
56394 18 9 182948
56396 18 10 182949
56398 18 14 182950
56400 18 15 182951
56402 18 19 182952
56404 18 21 182953
56406 18 22 182954
56408 18 23 182955
56410 18 1 182956
56412 18 2 182957
56414 18 3 182958
56416 18 5 182959
56418 18 9 182960
56420 18 10 182961
56422 18 14 182962
56424 18 15 182963
56426 18 19 182964
56428 18 21 182965
56430 18 22 182966
56432 18 23 182967
56434 18 1 182968
56436 18 2 182969
56438 18 3 182970
56440 18 5 182971
56442 18 9 182972
56444 18 10 182973
56446 18 14 182974
56448 18 15 182975
56450 18 19 182976
56452 18 21 182977
56454 18 22 182978
56456 18 23 182979
56458 18 1 182980
56460 18 2 182981
56462 18 3 182982
56464 18 5 182983
56466 18 9 182984
56468 18 10 182985
56470 18 14 182986
56472 18 15 182987
56474 18 19 182988
56476 18 21 182989
56478 18 22 182990
56480 18 23 182991
56482 18 1 182992
56484 18 2 182993
56486 18 3 182994
56488 18 5 182995
56490 18 9 182996
56492 18 10 182997
56494 18 14 182998
56496 18 15 182999
56498 18 19 183000
56500 18 21 183001
56502 18 22 183002
56504 18 23 183003
56506 18 1 183004
56508 18 2 183005
56510 18 3 183006
56512 18 5 183007
56514 18 9 183008
56516 18 10 183009
56518 18 14 183010
56520 18 15 183011
56522 18 19 183012
56524 18 21 183013
56526 18 22 183014
56528 18 23 183015
56530 18 1 183016
56532 18 2 183017
56534 18 3 183018
56536 18 5 183019
56538 18 9 183020
56540 18 10 183021
56542 18 14 183022
56544 18 15 183023
56546 18 19 183024
56548 18 21 183025
56550 18 22 183026
56552 18 23 183027
56554 18 1 183028
56556 18 2 183029
56558 18 3 183030
56560 18 5 183031
56562 18 9 183032
56564 18 10 183033
56566 18 14 183034
56568 18 15 183035
56570 18 19 183036
56572 18 21 183037
56574 18 22 183038
56576 18 23 183039
56578 18 1 183040
56580 18 2 183041
56582 18 3 183042
56584 18 5 183043
56586 18 9 183044
56588 18 10 183045
56590 18 14 183046
56592 18 15 183047
56594 18 19 183048
56596 18 21 183049
56598 18 22 183050
56600 18 23 183051
56602 18 1 183052
56604 18 2 183053
56606 18 3 183054
56608 18 5 183055
56610 18 9 183056
56612 18 10 183057
56614 18 14 183058
56616 18 15 183059
56618 18 19 183060
56620 18 21 183061
56622 18 22 183062
56624 18 23 183063
56626 18 1 183064
56628 18 2 183065
56630 18 3 183066
56632 18 5 183067
56634 18 9 183068
56636 18 10 183069
56638 18 14 183070
56640 18 15 183071
56642 18 19 183072
56644 18 21 183073
56646 18 22 183074
56648 18 23 183075
56650 18 1 183076
56652 18 2 183077
56654 18 3 183078
56656 18 5 183079
56658 18 9 183080
56660 18 10 183081
56662 18 14 183082
56664 18 15 183083
56666 18 19 183084
56668 18 21 183085
56670 18 22 183086
56672 18 23 183087
56674 18 1 183088
56676 18 2 183089
56678 18 3 183090
56680 18 5 183091
56682 18 9 183092
56684 18 10 183093
56686 18 14 183094
56688 18 15 183095
56690 18 19 183096
56692 18 21 183097
56694 18 22 183098
56696 18 23 183099
56698 18 1 183100
56700 18 2 183101
56702 18 3 183102
56704 18 5 183103
56706 18 9 183104
56708 18 10 183105
56710 18 14 183106
56712 18 15 183107
56714 18 19 183108
56716 18 21 183109
56718 18 22 183110
56720 18 23 183111
56722 18 1 183112
56724 18 2 183113
56726 18 3 183114
56728 18 5 183115
56730 18 9 183116
56732 18 10 183117
56734 18 14 183118
56736 18 15 183119
56738 18 19 183120
56740 18 21 183121
56742 18 22 183122
56744 18 23 183123
56746 18 1 183124
56748 18 2 183125
56750 18 3 183126
56752 18 5 183127
56754 18 9 183128
56756 18 10 183129
56758 18 14 183130
56760 18 15 183131
56762 18 19 183132
56764 18 21 183133
56766 18 22 183134
56768 18 23 183135
56770 18 1 183136
56772 18 2 183137
56774 18 3 183138
56776 18 5 183139
56778 18 9 183140
56780 18 10 183141
56782 18 14 183142
56784 18 15 183143
56786 18 19 183144
56788 18 21 183145
56790 18 22 183146
56792 18 23 183147
56794 18 1 183148
56796 18 2 183149
56798 18 3 183150
56800 18 5 183151
56802 18 9 183152
56804 18 10 183153
56806 18 14 183154
56808 18 15 183155
56810 18 19 183156
56812 18 21 183157
56814 18 22 183158
56816 18 23 183159
56818 18 1 183160
56820 18 2 183161
56822 18 3 183162
56824 18 5 183163
56826 18 9 183164
56828 18 10 183165
56830 18 14 183166
56832 18 15 183167
56834 18 19 183168
56836 18 21 183169
56838 18 22 183170
56840 18 23 183171
56842 18 1 183172
56844 18 2 183173
56846 18 3 183174
56848 18 5 183175
56850 18 9 183176
56852 18 10 183177
56854 18 14 183178
56856 18 15 183179
56858 18 19 183180
56860 18 21 183181
56862 18 22 183182
56864 18 23 183183
56866 18 1 183184
56868 18 2 183185
56870 18 3 183186
56872 18 5 183187
56874 18 9 183188
56876 18 10 183189
56878 18 14 183190
56880 18 15 183191
56882 18 19 183192
56884 18 21 183193
56886 18 22 183194
56888 18 23 183195
56890 18 1 183196
56892 18 2 183197
56894 18 3 183198
56896 18 5 183199
56898 18 9 183200
56900 18 10 183201
56902 18 14 183202
56904 18 15 183203
56906 18 19 183204
56908 18 21 183205
56910 18 22 183206
56912 18 23 183207
56914 18 1 183208
56916 18 2 183209
56918 18 3 183210
56920 18 5 183211
56922 18 9 183212
56924 18 10 183213
56926 18 14 183214
56932 18 15 183215
56934 18 19 183216
56936 18 21 183217
56938 18 22 183218
56940 18 23 183219
56942 18 1 183220
56944 18 2 183221
56946 18 3 183222
56948 18 5 183223
56950 18 9 183224
56952 18 10 183225
56954 18 14 183226
56956 18 15 183227
56958 18 19 183228
56960 18 21 183229
56962 18 22 183230
56964 18 23 183231
56966 18 1 183232
56968 18 2 183233
56970 18 3 183234
56972 18 5 183235
56974 18 9 183236
56976 18 10 183237
56978 18 14 183238
56980 18 15 183239
56982 18 19 183240
56984 18 21 183241
56986 18 22 183242
57026 18 23 183243
57028 18 1 183244
57030 18 2 183245
57032 18 3 183246
57034 18 5 183247
57036 18 9 183248
57038 18 10 183249
57040 18 14 183250
57042 18 15 183251
57044 18 19 183252
57046 18 21 183253
57048 18 22 183254
57050 18 23 183255
57052 18 1 183256
57054 18 2 183257
57056 18 3 183258
57058 18 5 183259
57060 18 9 183260
57062 18 10 183261
57064 18 14 183262
57066 18 15 183263
57068 18 19 183264
57070 18 21 183265
57072 18 22 183266
57074 18 23 183267
57076 18 1 183268
57078 18 2 183269
57080 18 3 183270
57082 18 5 183271
57084 18 9 183272
57086 18 10 183273
57088 18 14 183274
57090 18 15 183275
57092 18 19 183276
57094 18 21 183277
57102 18 22 183278
57104 18 23 183279
57106 18 1 183280
57108 18 2 183281
57110 18 3 183282
57112 18 5 183283
57114 18 9 183284
57116 18 10 183285
57118 18 14 183286
57120 18 15 183287
57122 18 19 183288
57124 18 21 183289
57126 18 22 183290
57128 18 23 183291
57130 18 1 183292
57132 18 2 183293
57134 18 3 183294
57136 18 5 183295
57194 18 1 183296
57196 18 2 183297
57198 18 3 183298
57200 18 5 183299
57202 18 9 183300
57204 18 10 183301
57206 18 14 183302
57208 18 15 183303
57210 18 19 183304
57212 18 21 183305
57214 18 22 183306
57216 18 23 183307
57218 18 1 183308
57220 18 2 183309
57222 18 3 183310
57224 18 5 183311
57226 18 9 183312
57228 18 10 183313
57230 18 14 183314
57232 18 15 183315
57234 18 19 183316
57236 18 21 183317
57238 18 22 183318
57240 18 23 183319
57242 18 1 183320
57244 18 2 183321
57246 18 3 183322
57248 18 5 183323
57250 18 9 183324
57252 18 10 183325
57254 18 14 183326
57256 18 15 183327
57258 18 19 183328
57260 18 21 183329
57262 18 22 183330
57264 18 23 183331
57266 18 1 183332
57268 18 2 183333
57270 18 3 183334
57272 18 5 183335
57274 18 9 183336
57276 18 10 183337
57278 18 14 183338
57280 18 15 183339
57282 18 19 183340
57284 18 21 183341
57286 18 22 183342
57288 18 23 183343
57290 18 1 183344
57292 18 2 183345
57294 18 3 183346
57296 18 5 183347
57298 18 9 183348
57300 18 10 183349
57302 18 14 183350
57304 18 15 183351
57306 18 19 183352
57308 18 21 183353
57310 18 22 183354
57312 18 23 183355
57314 18 1 183356
57316 18 2 183357
57318 18 3 183358
57320 18 5 183359
57322 18 9 183360
57324 18 10 183361
57326 18 14 183362
57328 18 15 183363
57330 18 19 183364
57332 18 21 183365
57334 18 22 183366
57336 18 23 183367
57338 18 1 183368
57340 18 2 183369
57342 18 3 183370
57344 18 5 183371
57346 18 9 183372
57348 18 10 183373
57350 18 14 183374
57352 18 15 183375
57354 18 19 183376
57356 18 21 183377
57358 18 22 183378
57360 18 23 183379
57362 18 1 183380
57364 18 2 183381
57366 18 3 183382
57368 18 5 183383
57370 18 9 183384
57372 18 10 183385
57374 18 14 183386
57376 18 15 183387
57378 18 19 183388
57380 18 21 183389
57382 18 22 183390
57384 18 23 183391
57386 18 1 183392
57388 18 2 183393
57390 18 3 183394
57392 18 5 183395
57394 18 9 183396
57396 18 10 183397
57398 18 14 183398
57400 18 15 183399
57402 18 19 183400
57404 18 21 183401
57406 18 22 183402
57408 18 23 183403
57410 18 1 183404
57412 18 2 183405
57414 18 3 183406
57416 18 5 183407
57418 18 9 183408
57420 18 10 183409
57422 18 14 183410
57424 18 15 183411
57426 18 19 183412
57428 18 21 183413
57430 18 22 183414
57432 18 23 183415
57434 18 1 183416
57436 18 2 183417
57438 18 3 183418
57440 18 5 183419
57442 18 9 183420
57444 18 10 183421
57446 18 14 183422
57448 18 15 183423
57450 18 19 183424
57452 18 21 183425
57454 18 22 183426
57456 18 23 183427
57458 18 1 183428
57460 18 2 183429
57462 18 3 183430
57464 18 5 183431
57466 18 9 183432
57468 18 10 183433
57470 18 14 183434
57472 18 15 183435
57474 18 19 183436
57476 18 21 183437
57478 18 22 183438
57480 18 23 183439
57482 18 1 183440
57484 18 2 183441
57486 18 3 183442
57488 18 5 183443
57490 18 9 183444
57492 18 10 183445
57494 18 14 183446
57496 18 15 183447
57498 18 19 183448
57500 18 21 183449
57502 18 22 183450
57504 18 23 183451
57506 18 1 183452
57508 18 2 183453
57510 18 3 183454
57512 18 5 183455
57514 18 9 183456
57516 18 10 183457
57518 18 14 183458
57520 18 15 183459
57522 18 19 183460
57524 18 21 183461
57526 18 22 183462
57528 18 23 183463
57530 18 1 183464
57532 18 2 183465
57534 18 3 183466
57536 18 5 183467
57538 18 9 183468
57540 18 10 183469
57542 18 14 183470
57544 18 15 183471
57546 18 19 183472
57548 18 21 183473
57550 18 22 183474
57790 18 23 183475
57792 18 1 183476
57794 18 2 183477
57796 18 3 183478
57798 18 5 183479
57800 18 9 183480
57802 18 10 183481
57804 18 14 183482
57806 18 15 183483
57808 18 19 183484
57810 18 21 183485
57812 18 22 183486
57814 18 23 183487
57816 18 1 183488
57818 18 2 183489
57820 18 3 183490
57822 18 5 183491
57824 18 9 183492
57826 18 10 183493
57828 18 14 183494
57830 18 15 183495
57832 18 19 183496
57834 18 21 183497
57836 18 22 183498
57838 18 23 183499
57840 18 1 183500
57842 18 2 183501
57844 18 3 183502
57846 18 5 183503
57848 18 9 183504
57850 18 10 183505
57852 18 14 183506
57854 18 15 183507
57856 18 19 183508
57858 18 21 183509
57860 18 22 183510
57862 18 23 183511
57864 18 1 183512
57866 18 2 183513
57868 18 3 183514
57870 18 5 183515
57872 18 9 183516
57874 18 10 183517
57876 18 14 183518
57878 18 15 183519
57880 18 19 183520
57882 18 21 183521
57884 18 22 183522
57886 18 23 183523
57888 18 1 183524
57890 18 2 183525
57892 18 3 183526
57894 18 5 183527
57896 18 9 183528
57898 18 10 183529
57900 18 14 183530
57902 18 15 183531
57904 18 19 183532
57906 18 21 183533
57908 18 22 183534
57910 18 23 183535
57912 18 1 183536
57914 18 2 183537
57916 18 3 183538
57918 18 5 183539
57920 18 9 183540
57922 18 10 183541
57924 18 14 183542
57926 18 15 183543
57928 18 19 183544
57930 18 21 183545
57932 18 22 183546
57934 18 23 183547
57936 18 1 183548
57938 18 2 183549
57940 18 3 183550
57942 18 5 183551
57944 18 9 183552
57946 18 10 183553
57948 18 14 183554
57950 18 15 183555
57952 18 19 183556
57954 18 21 183557
57956 18 22 183558
57958 18 23 183559
57960 18 1 183560
57962 18 2 183561
57964 18 3 183562
57966 18 5 183563
57968 18 9 183564
57970 18 10 183565
57972 18 14 183566
57974 18 15 183567
57976 18 19 183568
57980 18 21 183569
57982 18 22 183570
57984 18 23 183571
57986 18 1 183572
57988 18 2 183573
57990 18 3 183574
57992 18 5 183575
57994 18 9 183576
57996 18 10 183577
57998 18 14 183578
58000 18 15 183579
58002 18 19 183580
58004 18 21 183581
58006 18 22 183582
58008 18 23 183583
58010 18 1 183584
58012 18 2 183585
58014 18 3 183586
58016 18 5 183587
58018 18 9 183588
58020 18 10 183589
58022 18 14 183590
58024 18 15 183591
58026 18 19 183592
58028 18 21 183593
58030 18 22 183594
58034 18 23 183595
58036 18 1 183596
58038 18 2 183597
58040 18 3 183598
58042 18 5 183599
58044 18 9 183600
58046 18 10 183601
58048 18 14 183602
58050 18 15 183603
58052 18 19 183604
58054 18 21 183605
58056 18 22 183606
58058 18 23 183607
58060 18 1 183608
58062 18 2 183609
58064 18 3 183610
58066 18 5 183611
58068 18 9 183612
58070 18 10 183613
58072 18 14 183614
58074 18 15 183615
58076 18 19 183616
58078 18 21 183617
58080 18 22 183618
58082 18 23 183619
58084 18 1 183620
58086 18 2 183621
58088 18 3 183622
58090 18 5 183623
58092 18 9 183624
58094 18 10 183625
58096 18 5 1963
58098 18 3 32830
58100 18 23 32839
58102 18 5 143359
58104 18 3 143362
58106 18 2 143361
58108 18 9 143364
58110 18 5 143363
58112 18 14 143366
58114 18 15 143367
58116 18 10 143365
58120 18 21 143369
58122 18 19 143368
58124 18 23 143371
58126 18 22 143370
58128 18 2 143373
58130 18 1 143372
58132 18 5 143375
58134 18 9 143376
58136 18 3 143374
58144 18 14 143378
58146 18 10 143377
58148 18 9 143388
58150 18 21 143381
58152 18 19 143380
58154 18 23 143383
58156 18 22 143382
58158 18 2 143385
58160 18 1 143384
58162 18 5 143387
58164 18 3 143386
58166 18 15 143379
58168 18 14 143390
58170 18 10 143389
58172 18 19 143392
58174 18 22 143394
58176 18 15 143391
58184 18 1 143396
58186 18 23 143395
58188 18 3 143398
58190 18 5 143399
58192 18 9 143400
58194 18 2 143397
58212 18 14 143402
58214 18 10 143401
58216 18 19 143404
58218 18 15 143403
58220 18 22 143406
58222 18 21 143405
58224 18 1 143408
58226 18 23 143407
58228 18 3 143410
58230 18 2 143409
58232 18 9 143412
58234 18 5 143411
58236 18 14 143414
58238 18 15 143415
58240 18 10 143413
58248 18 21 143417
58250 18 19 143416
58252 18 23 143419
58254 18 22 143418
58256 18 2 143421
58258 18 1 143420
58260 18 5 143423
58262 18 3 143422
58264 18 10 143425
58266 18 9 143424
58268 18 15 143427
58270 18 14 143426
58272 18 21 143429
58274 18 19 143428
58276 18 23 143431
58278 18 22 143430
58280 18 2 143433
58282 18 1 143432
58284 18 5 143435
58286 18 3 143434
58288 18 10 143437
58290 18 9 143436
58292 18 15 143439
58294 18 14 143438
58296 18 21 143441
58298 18 19 143440
58300 18 23 143443
58302 18 22 143442
58304 18 2 143445
58306 18 1 143444
58308 18 5 143447
58310 18 3 143446
58312 18 10 143449
58314 18 9 143448
58316 18 15 143451
58318 18 14 143450
58320 18 21 143453
58322 18 19 143452
58324 18 23 143455
58326 18 22 143454
58328 18 2 143457
58330 18 1 143456
58332 18 5 143459
58334 18 3 143458
58336 18 10 143461
58338 18 9 143460
58340 18 15 143463
58342 18 14 143462
58344 18 21 143465
58346 18 19 143464
58348 18 23 143467
58350 18 22 143466
58352 18 2 143469
58354 18 1 143468
58356 18 5 143471
58358 18 3 143470
58360 18 10 143473
58362 18 9 143472
58364 18 15 143475
58366 18 14 143474
58368 18 21 143477
58370 18 19 143476
58372 18 23 143479
58374 18 22 143478
58376 18 2 143481
58378 18 1 143480
58380 18 5 143483
58382 18 3 143482
58384 18 10 143485
58386 18 9 143484
58388 18 15 143487
58390 18 14 143486
58392 18 21 143489
58394 18 19 143488
58396 18 23 143491
58398 18 22 143490
58400 18 2 143493
58402 18 1 143492
58404 18 5 143495
58406 18 3 143494
58408 18 14 143498
58410 18 15 143499
58412 18 9 143496
58414 18 10 143497
58416 18 22 143502
58418 18 23 143503
58420 18 19 143500
58422 18 21 143501
58424 18 2 143505
58426 18 1 143504
58428 18 5 143507
58430 18 3 143506
58432 18 10 143509
58434 18 9 143508
58436 18 15 143511
58438 18 14 143510
58440 18 21 143513
58442 18 19 143512
58444 18 23 143515
58446 18 22 143514
58448 18 2 143517
58450 18 1 143516
58452 18 5 143519
58454 18 9 143520
58456 18 3 143518
58464 18 14 143522
58466 18 10 143521
58468 18 19 143524
58470 18 15 143523
58472 18 22 143526
58474 18 21 143525
58476 18 1 143528
58478 18 23 143527
58480 18 3 143530
58482 18 2 143529
58484 18 9 143532
58486 18 5 143531
58488 18 14 143534
58490 18 10 143533
58492 18 19 143536
58494 18 15 143535
58496 18 22 143538
58498 18 21 143537
58500 18 1 143540
58502 18 2 143541
58504 18 23 143539
58512 18 10 143545
58514 18 9 143544
58516 18 15 191263
58518 18 19 191264
58582 18 9 191260
58586 18 21 191265
58890 18 22 191266
58894 18 23 191267
58904 18 1 191268
60924 18 1 0
60932 18 5 267
60934 18 3 146
60936 18 1 1144
60938 18 14 1150
60940 18 5 1303
60942 18 3 1470
60944 18 2 1901
60946 18 21 1273
60952 18 23 1575
60954 18 10 1257
60958 18 10 3917
60960 18 15 3079
61018 18 1 3636
61020 18 15 4415
61022 18 19 4416
61024 18 23 4467
61026 18 5 5071
61028 18 15 5111
61030 18 5 5119
61034 18 3 4422
61036 18 1 6396
61038 18 5 6459
61040 18 9 11412
61042 18 21 11669
61044 18 23 11743
61046 18 2 13793
61048 18 2 14949
61050 18 21 14957
61052 18 1 15384
61054 18 2 15385
61056 18 14 15390
61058 18 14 15402
61068 18 22 16258
61070 18 10 17085
61072 18 23 16407
61090 18 3 16410
61092 18 21 16873
61204 18 10 16713
61206 18 5 17119
61208 18 5 16471
61218 18 9 19012
61222 18 15 18991
61224 18 5 19179
61226 18 2 24141
61228 18 22 26186
61230 18 15 25847
61232 18 5 35791
61234 18 19 40844
61236 18 3 39962
61238 18 19 40980
61240 18 21 40981
61242 18 3 41010
61248 18 21 41077
61260 18 5 41167
61262 18 9 41168
61264 18 1 41260
61266 18 10 41277
61268 18 2 41789
61270 18 3 41790
61272 18 9 41792
61274 18 10 41793
61276 18 14 41794
61278 18 19 41796
61280 18 21 41797
61282 18 22 41798
61284 18 1 42416
61286 18 9 42420
61320 18 21 42425
61328 18 2 42429
61330 18 3 42430
61332 18 5 42431
61334 18 9 42432
61336 18 10 42433
61338 18 14 42434
61340 18 15 42435
61342 18 5 42443
61344 18 14 42446
61346 18 15 42447
61908 18 9 42696
61910 18 5 42623
61912 18 5 43827
61914 18 23 96747
61918 18 21 96709
61920 18 10 97621
61922 18 9 97632
61928 18 19 97732
61940 18 15 97743
61982 18 23 97747
61984 18 1 97748
61992 18 15 97755
61994 18 5 97823
61996 18 21 98093
62194 18 15 98199
62196 18 19 98200
62220 18 21 98237
62222 18 23 98239
62224 18 19 98296
62226 18 14 98346
62228 18 23 98675
62230 18 1 98676
62232 18 2 98677
62234 18 3 98678
62236 18 5 98679
62238 18 9 98680
62240 18 23 98759
62242 18 21 98781
62248 18 23 101287
62254 18 5 116663
62258 18 3 156670
62260 18 5 156671
62266 18 1 156672
62268 18 2 156673
62270 18 3 156674
62278 18 21 156681
62280 18 19 156680
62282 18 5 156687
62284 18 15 156691
62288 18 2 156697
62290 18 23 156743
62292 18 23 157151
62294 18 1 157152
62296 18 2 157153
62298 18 3 157154
62302 18 14 157386
62304 18 14 157614
62306 18 15 157615
62308 18 1 157620
62310 18 2 157621
62312 18 3 157622
62314 18 9 157624
62316 18 15 157627
62318 18 14 157650
62320 18 23 157655
62322 18 1 157656
62324 18 9 157660
62326 18 3 157634
62328 18 10 157637
62330 18 5 157647
62332 18 10 157649
62344 18 10 157661
62346 18 14 157662
62348 18 15 157663
62352 18 14 164758
62354 18 15 164759
62356 18 19 164760
62358 18 21 164761
62360 18 22 164762
62362 18 23 164763
62364 18 2 164765
62366 18 3 164766
62368 18 5 164767
62370 18 1 170992
62372 18 22 171438
62374 18 23 171439
62376 18 1 171452
62378 18 10 199345
62382 18 14 199346
62384 18 15 199347
62386 18 19 199348
62388 18 21 199349
62390 18 22 199350
62392 18 23 199351
62394 18 1 199352
62396 18 2 199353
62398 18 3 199354
62400 18 5 199355
62402 18 9 199356
62404 18 10 199357
62406 18 14 199358
62408 18 15 199359
62410 18 19 199360
62412 18 21 199361
62414 18 22 199362
62416 18 23 199363
62418 18 1 199364
62420 18 2 199365
62422 18 3 199366
62424 18 5 199367
62426 18 9 199368
62428 18 10 199369
62430 18 14 199370
62432 18 15 199371
62434 18 19 199372
62436 18 21 199373
62438 18 22 199374
62440 18 23 199375
62442 18 1 199376
62444 18 2 199377
62446 18 3 199378
62448 18 5 199379
62450 18 9 199380
62452 18 10 199381
62454 18 14 199382
62456 18 15 199383
62458 18 19 199384
62460 18 21 199385
62462 18 22 199386
62464 18 23 199387
62466 18 1 199388
62468 18 2 199389
62470 18 3 199390
62472 18 5 199391
62474 18 9 199392
62476 18 10 199393
62478 18 14 199394
62480 18 15 199395
62482 18 19 199396
62484 18 21 199397
62488 18 22 199398
62490 18 23 199399
62492 18 1 199400
62494 18 2 199401
62496 18 3 199402
62498 18 5 199403
62500 18 9 199404
62502 18 10 199405
62504 18 14 199406
62506 18 15 199407
62508 18 19 199408
62510 18 21 199409
62512 18 22 199410
62514 18 23 199411
62516 18 1 199412
62518 18 2 199413
62520 18 3 199414
62522 18 5 199415
62524 18 9 199416
62526 18 10 199417
62528 18 14 199418
62530 18 15 199419
62532 18 19 199420
62534 18 21 199421
62536 18 22 199422
62538 18 23 199423
62540 18 1 199424
62542 18 2 199425
62544 18 3 199426
62546 18 5 199427
62548 18 9 199428
62550 18 10 199429
62552 18 14 199430
62554 18 15 199431
62556 18 19 199432
62558 18 21 199433
62560 18 22 199434
62562 18 23 199435
62564 18 1 199436
62566 18 2 199437
62568 18 3 199438
62570 18 5 199439
62572 18 9 199440
62574 18 10 199441
62576 18 14 199442
62578 18 15 199443
62580 18 19 199444
62582 18 21 199445
62584 18 22 199446
62586 18 23 199447
62588 18 1 199448
62590 18 2 199449
62592 18 3 199450
62594 18 5 199451
62596 18 9 199452
62598 18 10 199453
62600 18 14 199454
62602 18 15 199455
62604 18 19 199456
62606 18 21 199457
62608 18 22 199458
62610 18 23 199459
62612 18 1 199460
62614 18 2 199461
62616 18 3 199462
62618 18 5 199463
62620 18 9 199464
62622 18 10 199465
62624 18 14 199466
62626 18 15 199467
62628 18 19 199468
62630 18 21 199469
62632 18 22 199470
62634 18 23 199471
62636 18 1 199472
62638 18 2 199473
62640 18 3 199474
62642 18 5 199475
62644 18 9 199476
62646 18 10 199477
62648 18 14 199478
62650 18 15 199479
62652 18 19 199480
62654 18 21 199481
62656 18 22 199482
62658 18 23 199483
62660 18 1 199484
62662 18 2 199485
62664 18 3 199486
62666 18 5 199487
62668 18 9 199488
62670 18 10 199489
62672 18 14 199490
62674 18 15 199491
62676 18 19 199492
62678 18 21 199493
62680 18 22 199494
62682 18 23 199495
62684 18 1 199496
62686 18 2 199497
62688 18 3 199498
62690 18 5 199499
62692 18 9 199500
62694 18 10 199501
62696 18 14 199502
62698 18 15 199503
62700 18 19 199504
62702 18 21 199505
62704 18 22 199506
62706 18 23 199507
62708 18 1 199508
62710 18 2 199509
62712 18 3 199510
62714 18 5 199511
62716 18 9 199512
62718 18 10 199513
62720 18 14 199514
62722 18 15 199515
62724 18 19 199516
62726 18 21 199517
62728 18 22 199518
62730 18 23 199519
62732 18 1 199520
62734 18 2 199521
62736 18 3 199522
62738 18 5 199523
62740 18 9 199524
62742 18 10 199525
62744 18 14 199526
62746 18 15 199527
62748 18 19 199528
62750 18 21 199529
62752 18 22 199530
62754 18 23 199531
62756 18 1 199532
62758 18 2 199533
62760 18 3 199534
62762 18 5 199535
62764 18 9 199536
62766 18 10 199537
62768 18 14 199538
62770 18 15 199539
62772 18 19 199540
62774 18 21 199541
62776 18 22 199542
62778 18 23 199543
62780 18 1 199544
62782 18 2 199545
62784 18 3 199546
62786 18 5 199547
62788 18 9 199548
62790 18 10 199549
62792 18 14 199550
62794 18 15 199551
62796 18 19 199552
62798 18 21 199553
62800 18 22 199554
62802 18 23 199555
62804 18 1 199556
62806 18 2 199557
62808 18 3 199558
62810 18 5 199559
62812 18 9 199560
62814 18 10 199561
62816 18 14 199562
62818 18 15 199563
62820 18 19 199564
62822 18 21 199565
62824 18 22 199566
62826 18 23 199567
62828 18 1 199568
62830 18 2 199569
62832 18 3 199570
62834 18 5 199571
62836 18 9 199572
62838 18 10 199573
62840 18 14 199574
62842 18 15 199575
62846 18 19 199576
62848 18 21 199577
62854 18 22 199578
62874 18 23 199579
62876 18 1 199580
62878 18 2 199581
62892 18 3 199582
62894 18 5 199583
62896 18 9 199584
62898 18 10 199585
62900 18 14 199586
62902 18 15 199587
62904 18 19 199588
62906 18 21 199589
62908 18 22 199590
62910 18 23 199591
62912 18 1 199592
62914 18 2 199593
62916 18 3 199594
62918 18 5 199595
62920 18 9 199596
62922 18 10 199597
62924 18 14 199598
62926 18 15 199599
62928 18 19 199600
62930 18 21 199601
62932 18 22 199602
62934 18 23 199603
62936 18 1 199604
62938 18 2 199605
62942 18 3 199606
62944 18 5 199607
62946 18 9 199608
62948 18 10 199609
62950 18 14 199610
62952 18 15 199611
62954 18 19 199612
62956 18 21 199613
62958 18 22 199614
62960 18 3 50
62962 18 1 0
62974 18 15 55
62982 18 9 124
62984 18 5 135
62988 18 3 842
63096 18 5 39
63100 18 21 1153
63102 18 19 1092
63104 18 3 1254
63106 18 14 1258
63110 18 3 1962
63112 18 21 1945
63118 18 19 2992
63122 18 1 3648
63124 18 23 3827
63128 18 10 4401
63130 18 1 5216
63132 18 9 5700
63134 18 2 6289
63160 18 10 6293
63176 18 5 6339
63178 18 10 6377
63180 18 19 6404
63184 18 22 6442
63190 18 15 7835
63192 18 3 7830
63194 18 10 10085
63196 18 15 10727
63200 18 21 10717
63202 18 3 11734
63204 18 14 11990
63206 18 22 12838
63216 18 14 12702
63218 18 15 12919
63220 18 22 12874
63222 18 23 12863
63226 18 23 12671
63228 18 19 12692
63232 18 21 12921
63244 18 23 14971
63250 18 14 15402
63254 18 19 16848
63256 18 5 17119
63258 18 10 17085
63260 18 5 16387
63264 18 1 16888
63266 18 5 18407
63268 18 19 17944
63270 18 19 18992
63272 18 23 18803
63276 18 21 19885
63278 18 14 20558
63280 18 10 22085
63282 18 10 21725
63288 18 5 22591
63290 18 9 23060
63306 18 5 22879
63308 18 1 23500
63310 18 15 23387
63426 18 1 23032
63428 18 1 23564
63430 18 2 25913
63432 18 3 25914
63434 18 15 25967
63436 18 3 28586
63438 18 22 31462
63440 18 22 32078
63444 18 1 32488
63450 18 10 33517
63452 18 21 34269
63454 18 15 36111
63456 18 2 37033
63458 18 1 40236
63462 18 15 44483
63464 18 5 44791
63466 18 14 44110
63468 18 19 45340
63470 18 10 45349
63472 18 14 47386
63474 18 2 49549
63476 18 1 49992
63478 18 23 51235
63480 18 23 51247
63482 18 2 51273
63484 18 15 51279
63486 18 23 52307
63488 18 21 52341
63490 18 9 52384
63492 18 3 54550
63494 18 21 56785
63496 18 15 56783
63498 18 2 56873
63500 18 5 56875
63502 18 3 56874
63504 18 23 59111
63506 18 23 59195
63508 18 21 59401
63512 18 23 59403
63524 18 3 59406
63528 18 5 59431
63544 18 19 59640
63548 18 23 59655
63550 18 1 59788
63612 18 1 59800
63736 18 2 59909
63738 18 10 59913
63746 18 3 59910
63748 18 5 59911
63750 18 9 59912
63754 18 14 59914
63756 18 15 59915
63758 18 19 59916
63760 18 21 59917
63762 18 22 59918
63764 18 23 59919
63766 18 1 59920
63768 18 2 59921
63770 18 3 59922
63772 18 5 59923
63774 18 9 59924
63776 18 10 59925
63778 18 14 59926
63780 18 15 59927
63782 18 19 59928
63784 18 21 59929
63888 18 14 63202
63890 18 2 63921
63892 18 1 64596
63894 18 2 64597
63896 18 3 64598
63898 18 5 64599
63900 18 10 64601
63902 18 14 64602
63904 18 15 64603
63906 18 21 66325
63908 18 22 81878
63918 18 9 103500
63920 18 10 105681
63922 18 14 105682
63928 18 22 109454
63930 18 14 109610
63932 18 2 114097
63942 18 9 114196
63946 18 14 114354
63948 18 15 114355
63950 18 19 114356
63952 18 21 114357
63954 18 22 114358
63956 18 23 114359
63958 18 1 114360
64022 18 3 114446
64024 18 19 114464
64034 18 19 114536
64036 18 23 114819
64038 18 10 114849
64042 18 15 114863
64046 18 19 114864
64054 18 22 114866
64056 18 23 114867
64058 18 2 114869
64060 18 3 114870
64062 18 5 114871
64064 18 9 114872
64066 18 10 114873
64068 18 15 114875
64086 18 19 114912
64088 18 3 115290
64098 18 5 115291
64100 18 9 115292
64102 18 10 115293
64284 18 15 115295
64286 18 21 115297
64288 18 22 115298
64290 18 23 115299
64646 18 1 115408
64652 18 15 115415
64654 18 21 115417
64656 18 19 115428
64658 18 5 115435
64660 18 22 115454
64662 18 5 115459
64664 18 22 115466
64666 18 2 115505
64668 18 19 115512
64670 18 2 115409
64672 18 3 115410
64674 18 14 115414
64680 18 22 115418
64682 18 1 115420
64684 18 3 115422
64686 18 5 115423
64688 18 9 115424
64690 18 10 115425
64692 18 14 115426
64694 18 15 115427
64698 18 21 115429
64700 18 22 115430
64702 18 23 115431
64704 18 1 115432
64706 18 2 115433
64708 18 3 115434
64712 18 9 115436
64714 18 10 115437
64716 18 19 115440
64718 18 21 115441
64720 18 22 115442
64722 18 23 115443
64724 18 1 115444
64726 18 2 115445
64728 18 9 115448
64730 18 10 115449
64732 18 14 115450
64734 18 15 115451
64736 18 19 115452
64738 18 21 115453
64742 18 23 115455
64744 18 1 115456
64746 18 2 115457
64750 18 9 115460
64752 18 10 115461
64754 18 14 115462
64756 18 15 115463
64758 18 19 115464
64760 18 21 115465
64764 18 23 115467
64766 18 1 115468
64768 18 2 115469
64770 18 3 115470
64772 18 5 115471
64774 18 9 115472
64776 18 10 115473
64778 18 14 115474
64780 18 15 115475
64782 18 19 115476
64784 18 21 115477
64786 18 22 115478
64788 18 1 115480
64790 18 3 115482
64792 18 9 115484
64794 18 19 115488
64796 18 21 115489
64798 18 22 115490
64800 18 23 115491
64802 18 1 115492
64804 18 2 115493
64806 18 3 115494
64808 18 5 115495
64810 18 9 115496
64812 18 10 115497
64814 18 14 115498
64816 18 15 115499
64818 18 19 115500
64820 18 21 115501
64822 18 22 115502
64824 18 23 115503
64826 18 1 115504
64830 18 3 115506
64832 18 5 115507
64834 18 9 115508
64836 18 10 115509
64838 18 14 115510
64840 18 15 115511
64842 18 21 115513
64844 18 22 115514
64846 18 23 115515
64848 18 1 115516
64850 18 2 115517
64852 18 3 115518
64854 18 10 115521
64856 18 15 115523
64858 18 19 115524
64860 18 21 115525
64862 18 22 115526
64864 18 23 115527
64866 18 1 115528
64868 18 2 115529
64870 18 5 115531
64872 18 9 115532
64874 18 10 115533
64876 18 14 115534
64878 18 15 115535
64880 18 19 115536
64882 18 21 115537
64884 18 22 115538
64886 18 23 115539
64888 18 1 115540
64890 18 2 115541
64892 18 3 115542
64894 18 5 115543
64896 18 9 115544
64898 18 10 115545
64900 18 14 115546
64902 18 15 115547
64904 18 19 115548
64906 18 21 115549
64908 18 22 115550
64910 18 23 115551
64912 18 1 115552
64914 18 2 115553
64916 18 3 115554
64918 18 5 115555
64920 18 9 115556
64922 18 10 115557
64924 18 14 115558
64926 18 15 115559
64928 18 19 115560
64930 18 21 115561
64932 18 22 115562
64934 18 23 115563
64936 18 1 115564
64938 18 2 115565
64940 18 3 115566
64942 18 5 115567
64944 18 9 115568
64946 18 10 115569
64948 18 14 115570
64950 18 15 115571
64952 18 19 115572
64954 18 21 115573
64956 18 22 115574
64958 18 23 115575
64960 18 23 115647
64968 18 9 115412
65064 18 2 115421
65122 18 5 115447
65230 18 15 115655
65232 18 19 115656
65234 18 21 115657
65236 18 22 115658
65238 18 23 115659
65240 18 1 115660
65242 18 2 115661
65244 18 3 115662
65246 18 19 115704
65248 18 21 115705
65258 18 19 115912
65260 18 10 115849
65262 18 21 116901
65264 18 1 120360
65266 18 22 123986
65268 18 10 123993
65270 18 1 129084
65272 18 9 129436
65274 18 10 132173
65276 18 15 134463
65278 18 3 152406
65280 18 21 158185
65282 18 23 169995
65284 18 9 170000
65286 18 19 170004
65288 18 23 170007
65290 18 1 170008
65292 18 2 170009
65294 18 3 170010
65296 18 5 170011
65298 18 9 170012
65300 18 10 170013
65302 18 14 170014
65304 18 15 170015
65306 18 19 170016
65308 18 21 170017
65310 18 22 170018
65312 18 23 170019
65314 18 1 170020
65316 18 2 170021
65318 18 3 170022
65320 18 5 170023
65322 18 9 170024
65324 18 10 170025
65326 18 14 170026
65328 18 15 170027
65330 18 23 170043
65332 18 21 170029
65334 18 22 170030
65336 18 23 170031
65338 18 1 170032
65340 18 2 170033
65342 18 3 170034
65344 18 5 170035
65346 18 9 170036
65348 18 10 170037
65350 18 14 170038
65352 18 15 170039
65354 18 19 170040
65356 18 21 170041
65360 18 23 170103
65362 18 3 170106
65364 18 10 170109
65366 18 14 170110
65368 18 10 170241
65370 18 9 170240
65372 18 9 170420
65376 18 1 170440
65378 18 9 170444
65380 18 10 170445
65382 18 15 170447
65384 18 5 170455
65386 18 15 170471
65388 18 3 170478
65390 18 15 170507
65392 18 19 170508
65394 18 21 170509
65396 18 22 170510
65398 18 14 170506
65430 18 23 170511
65432 18 2 170513
65434 18 10 170541
65438 18 1 170512
65440 18 3 170514
65448 18 5 170515
65456 18 9 170516
65464 18 10 170517
65472 18 14 170518
65480 18 15 170519
65488 18 19 170520
65496 18 21 170521
65504 18 22 170522
65514 18 14 170542
65518 18 1 170524
65526 18 23 170523
65528 18 2 170525
65536 18 3 170526
65544 18 5 170527
65552 18 9 170528
65560 18 10 170529
65568 18 14 170530
65576 18 15 170531
65584 18 19 170532
65592 18 21 170533
65600 18 22 170534
65608 18 23 170535
65616 18 1 170536
65624 18 2 170537
65632 18 3 170538
65640 18 5 170539
65648 18 9 170540
65672 18 15 170543
65674 18 19 170544
65676 18 1 170560
65678 18 23 170559
65682 18 3 170562
65684 18 1 170620
65688 18 2 170561
65690 18 5 170563
65698 18 9 170564
65706 18 10 170565
65714 18 14 170566
65722 18 15 170567
65730 18 19 170568
65738 18 21 170569
65746 18 22 170570
65754 18 23 170571
65762 18 1 170572
65770 18 2 170573
65778 18 3 170574
65786 18 5 170575
65794 18 9 170576
65802 18 10 170577
65810 18 14 170578
65818 18 15 170579
65826 18 19 170580
65834 18 21 170581
65842 18 22 170582
65850 18 23 170583
65858 18 1 170584
65866 18 2 170585
65874 18 3 170586
65882 18 5 170587
65890 18 9 170588
65898 18 10 170589
65906 18 14 170590
65914 18 15 170591
65922 18 19 170592
65930 18 21 170593
65938 18 22 170594
65946 18 23 170595
65954 18 1 170596
65962 18 2 170597
65970 18 3 170598
65978 18 5 170599
65986 18 9 170600
65994 18 10 170601
66002 18 14 170602
66010 18 15 170603
66018 18 19 170604
66026 18 21 170605
66034 18 22 170606
66042 18 23 170607
66050 18 1 170608
66058 18 2 170609
66066 18 3 170610
66074 18 5 170611
66082 18 9 170612
66090 18 10 170613
66098 18 14 170614
66106 18 15 170615
66114 18 19 170616
66122 18 21 170617
66130 18 22 170618
66138 18 23 170619
66154 18 5 170623
66156 18 5 170863
66158 18 9 170864
66160 18 14 170866
66162 18 15 170867
66164 18 19 170868
66166 18 21 170869
66192 18 23 170871
66194 18 1 170872
66196 18 2 170873
66198 18 14 170878
66200 18 23 170883
66202 18 1 170920
66204 18 19 170952
66212 18 3 170874
66228 18 15 170879
66238 18 19 170880
66240 18 21 170881
66248 18 22 170882
66268 18 1 170884
66274 18 2 170885
66280 18 3 170886
66290 18 5 170887
66300 18 9 170888
66310 18 10 170889
66320 18 14 170890
66326 18 15 170891
66332 18 19 170892
66338 18 21 170893
66344 18 23 170895
66352 18 1 170896
66358 18 2 170897
66364 18 3 170898
66372 18 22 170906
66378 18 5 170911
66384 18 22 170918
66396 18 2 170921
66402 18 3 170922
66408 18 21 170929
66414 18 22 170930
66420 18 23 170931
66426 18 1 170932
66432 18 2 170933
66438 18 3 170934
66446 18 5 170935
66452 18 9 170936
66460 18 10 170937
66468 18 14 170938
66474 18 15 170939
66482 18 19 170940
66488 18 21 170941
66494 18 5 170899
66500 18 23 170943
66506 18 1 170944
66512 18 2 170945
66518 18 3 170946
66524 18 5 170947
66536 18 9 170960
66542 18 10 170961
66550 18 9 170912
66552 18 10 170973
66554 18 21 170977
66556 18 22 170978
66558 18 23 170979
66560 18 1 170980
66562 18 5 170983
66576 18 2 170981
66578 18 3 170982
66582 18 9 170984
66632 18 15 170987
66634 18 19 170988
66636 18 21 170989
66638 18 22 170990
66640 18 23 170991
66642 18 1 170992
66692 18 22 171438
66694 18 2 171441
66696 18 3 171442
66698 18 5 171443
66700 18 9 171444
66702 18 10 171445
66704 18 14 171446
66706 18 15 171447
66708 18 19 171448
66710 18 21 171449
66712 18 22 171450
66714 18 23 171451
66716 18 14 205706
66718 18 19 206204
66720 18 9 209308
66722 18 10 209309
66724 18 14 209310
66726 18 15 209311
66728 18 19 209312
66730 18 21 209313
66732 18 22 209314
66734 18 23 209315
66736 18 1 209316
66738 18 2 209317
66740 18 3 209318
66742 18 5 209319
66744 18 9 209320
66746 18 10 209321
66748 18 14 209322
66750 18 15 209323
66752 18 19 209324
66754 18 21 209325
66756 18 22 209326
66758 18 23 209327
66760 18 1 209328
66762 18 2 209329
66764 18 3 209330
66766 18 5 209331
66768 18 9 209332
66770 18 10 209333
66772 18 14 209334
66774 18 15 209335
66776 18 19 209336
66778 18 21 209337
66780 18 22 209338
66782 18 23 209339
66784 18 1 209340
66786 18 2 209341
66788 18 3 209342
66790 18 5 209343
66792 18 9 209344
66794 18 10 209345
66796 18 14 209346
66798 18 15 209347
66800 18 19 209348
66802 18 21 209349
66804 18 22 209350
66806 18 23 209351
66808 18 1 209352
66810 18 2 209353
66812 18 3 209354
66814 18 5 209355
66816 18 9 209356
66820 18 10 209357
66822 18 14 209358
66824 18 15 209359
66826 18 19 209360
66828 18 21 209361
66832 18 22 209362
66834 18 23 209363
66836 18 1 209364
66838 18 2 209365
66840 18 3 209366
66842 18 5 209367
66844 18 9 209368
66846 18 10 209369
66848 18 14 209370
66850 18 15 209371
66852 18 19 209372
66854 18 21 209373
66856 18 22 209374
66858 18 23 209375
66860 18 1 209376
66862 18 2 209377
66864 18 3 209378
66866 18 5 209379
66868 18 9 209380
66870 18 10 209381
66872 18 14 209382
66874 18 15 209383
66876 18 19 209384
66878 18 21 209385
66880 18 22 209386
66882 18 23 209387
66884 18 1 209388
66886 18 2 209389
66888 18 3 209390
66890 18 5 209391
66892 18 9 209392
66894 18 10 209393
66896 18 14 209394
66898 18 15 209395
66900 18 19 209396
66902 18 21 209397
66904 18 22 209398
66906 18 23 209399
66908 18 1 209400
66910 18 2 209401
66912 18 3 209402
66914 18 5 209403
66916 18 9 209404
66918 18 10 209405
66920 18 14 209406
66922 18 15 209407
66924 18 19 209408
66926 18 21 209409
66928 18 22 209410
66930 18 23 209411
66932 18 1 209412
66934 18 2 209413
66936 18 3 209414
66938 18 5 209415
66940 18 9 209416
66942 18 10 209417
66944 18 14 209418
66946 18 15 209419
66948 18 19 209420
66950 18 21 209421
66952 18 22 209422
66954 18 23 209423
66956 18 1 209424
66958 18 2 209425
66960 18 3 209426
66962 18 5 209427
66964 18 9 209428
66966 18 10 209429
66968 18 14 209430
66970 18 15 209431
66972 18 19 209432
66974 18 21 209433
66976 18 22 209434
66978 18 23 209435
66980 18 1 209436
66982 18 2 209437
66984 18 3 209438
66986 18 5 209439
66988 18 9 209440
66990 18 10 209441
66992 18 14 209442
66994 18 15 209443
66996 18 19 209444
66998 18 21 209445
67000 18 22 209446
67002 18 23 209447
67004 18 1 209448
67022 18 2 209449
67024 18 3 209450
67026 18 5 209451
67028 18 9 209452
67030 18 10 209453
67032 18 14 209454
67034 18 15 209455
67036 18 19 209456
67038 18 21 209457
67040 18 22 209458
67042 18 23 209459
67044 18 1 209460
67046 18 2 209461
67048 18 3 209462
67050 18 5 209463
67052 18 9 209464
67054 18 10 209465
67056 18 14 209466
67058 18 15 209467
67060 18 19 209468
67062 18 21 209469
67064 18 22 209470
67066 18 23 209471
67068 18 1 209472
67070 18 2 209473
67072 18 3 209474
67074 18 5 209475
67076 18 9 209476
67078 18 10 209477
67080 18 14 209478
67082 18 15 209479
67084 18 19 209480
67086 18 21 209481
67088 18 22 209482
67090 18 23 209483
67092 18 1 209484
67094 18 2 209485
67096 18 3 209486
67098 18 5 209487
67100 18 9 209488
67102 18 10 209489
67104 18 14 209490
67106 18 15 209491
67108 18 19 209492
67110 18 21 209493
67112 18 22 209494
67114 18 23 209495
67116 18 1 209496
67118 18 2 209497
67120 18 3 209498
67122 18 5 209499
67124 18 9 209500
67126 18 10 209501
67128 18 14 209502
67130 18 15 209503
67132 18 19 209504
67134 18 21 209505
67136 18 22 209506
67138 18 23 209507
67140 18 1 209508
67142 18 2 209509
67144 18 3 209510
67146 18 5 209511
67148 18 9 209512
67150 18 10 209513
67152 18 14 209514
67154 18 15 209515
67156 18 19 209516
67158 18 21 209517
67160 18 22 209518
67162 18 23 209519
67164 18 1 209520
67166 18 2 209521
67168 18 3 209522
67170 18 5 209523
67172 18 9 209524
67174 18 10 209525
67176 18 14 209526
67178 18 15 209527
67180 18 19 209528
67182 18 21 209529
67184 18 22 209530
67186 18 23 209531
67188 18 1 209532
67190 18 2 209533
67192 18 3 209534
67194 18 5 209535
67196 18 9 209536
67198 18 10 209537
67200 18 14 209538
67202 18 15 209539
67204 18 19 209540
67206 18 21 209541
67208 18 22 209542
67210 18 23 209543
67212 18 1 209544
67214 18 2 209545
67216 18 3 209546
67218 18 5 209547
67220 18 9 209548
67222 18 10 209549
67224 18 14 209550
67226 18 15 209551
67228 18 19 209552
67230 18 21 209553
67232 18 22 209554
67234 18 23 209555
67236 18 1 209556
67238 18 2 209557
67240 18 3 209558
67242 18 5 209559
67244 18 9 209560
67246 18 10 209561
67248 18 14 209562
67250 18 15 209563
67252 18 19 209564
67254 18 21 209565
67256 18 22 209566
67258 18 23 209567
67260 18 1 209568
67262 18 2 209569
67264 18 3 209570
67266 18 5 209571
67268 18 9 209572
67270 18 10 209573
67272 18 14 209574
67274 18 15 209575
67276 18 19 209576
67278 18 21 209577
67280 18 22 209578
67282 18 23 209579
67284 18 1 209580
67286 18 2 209581
67288 18 3 209582
67290 18 5 209583
67292 18 9 209584
67294 18 10 209585
67296 18 14 209586
67298 18 15 209587
67300 18 19 209588
67302 18 21 209589
67304 18 22 209590
67306 18 23 209591
67308 18 1 209592
67310 18 2 209593
67312 18 3 209594
67314 18 5 209595
67316 18 9 209596
67318 18 10 209597
67320 18 14 209598
67322 18 15 209599
67324 18 19 209600
67326 18 21 209601
67328 18 22 209602
67330 18 23 209603
67332 18 1 209604
67334 18 2 209605
67338 18 3 209606
67340 18 5 209607
67342 18 9 209608
67344 18 10 209609
67346 18 14 209610
67348 18 15 209611
67350 18 19 209612
67352 18 21 209613
67354 18 22 209614
67356 18 23 209615
67358 18 1 209616
67360 18 2 209617
67362 18 3 209618
67364 18 5 209619
67366 18 9 209620
67368 18 10 209621
67370 18 14 209622
67372 18 15 209623
67374 18 19 209624
67376 18 21 209625
67378 18 22 209626
67380 18 23 209627
67382 18 1 209628
67384 18 2 209629
67386 18 3 209630
67388 18 5 209631
67390 18 9 209632
67392 18 10 209633
67394 18 14 209634
67396 18 15 209635
67398 18 19 209636
67400 18 21 209637
67402 18 22 209638
67404 18 23 209639
67406 18 1 209640
67408 18 2 209641
67410 18 3 209642
67412 18 5 209643
67414 18 9 209644
67416 18 10 209645
67418 18 14 209646
67420 18 15 209647
67422 18 19 209648
67424 18 21 209649
67426 18 22 209650
67428 18 23 209651
67430 18 1 209652
67432 18 2 209653
67434 18 3 209654
67436 18 5 209655
67438 18 9 209656
67440 18 10 209657
67442 18 14 209658
67444 18 15 209659
67446 18 19 209660
67448 18 21 209661
67450 18 22 209662
67452 18 23 209663
67454 18 1 209664
67456 18 2 209665
67458 18 3 209666
67460 18 5 209667
67462 18 9 209668
67464 18 10 209669
67466 18 14 209670
67468 18 15 209671
67470 18 19 209672
67472 18 21 209673
67474 18 22 209674
67476 18 23 209675
67478 18 1 209676
67480 18 2 209677
67482 18 3 209678
67484 18 5 209679
67486 18 9 209680
67488 18 10 209681
67490 18 14 209682
67492 18 15 209683
67494 18 19 209684
67496 18 21 209685
67498 18 22 209686
67500 18 23 209687
67502 18 1 209688
67504 18 2 209689
67506 18 3 209690
67508 18 5 209691
67510 18 9 209692
67512 18 10 209693
67514 18 14 209694
67516 18 15 209695
67518 18 19 209696
67520 18 21 209697
67532 18 22 209698
67534 18 23 209699
67536 18 1 209700
67538 18 2 209701
67540 18 3 209702
67542 18 5 209703
67544 18 9 209704
67546 18 10 209705
67548 18 14 209706
67550 18 15 209707
67552 18 19 209708
67554 18 21 209709
67556 18 22 209710
67558 18 23 209711
67560 18 1 209712
67562 18 2 209713
67564 18 3 209714
67566 18 5 209715
67568 18 9 209716
67570 18 10 209717
67572 18 14 209718
67574 18 15 209719
67576 18 19 209720
67578 18 21 209721
67580 18 22 209722
67582 18 23 209723
67584 18 1 209724
67586 18 2 209725
67588 18 3 209726
67590 18 5 209727
67592 18 9 209728
67594 18 10 209729
67596 18 14 209730
67598 18 15 209731
67600 18 19 209732
67602 18 21 209733
67604 18 22 209734
67606 18 23 209735
67608 18 1 209736
67610 18 2 209737
67612 18 3 209738
67614 18 5 209739
67616 18 9 209740
67618 18 10 209741
67620 18 14 209742
67622 18 15 209743
67624 18 19 209744
67626 18 21 209745
67628 18 22 209746
67630 18 23 209747
67632 18 1 209748
67634 18 2 209749
67636 18 3 209750
67638 18 5 209751
67640 18 9 209752
67642 18 10 209753
67644 18 14 209754
67654 18 15 209755
67656 18 19 209756
67658 18 21 209757
67660 18 22 209758
67662 18 23 209759
67664 18 1 209760
67666 18 2 209761
67668 18 3 209762
67670 18 5 209763
67672 18 9 209764
67676 18 10 209765
67678 18 14 209766
67680 18 15 209767
67684 18 19 209768
67686 18 21 209769
67688 18 22 209770
67690 18 23 209771
67692 18 1 209772
67694 18 2 209773
67698 18 3 209774
67700 18 5 209775
67702 18 9 209776
67706 18 10 209777
67708 18 14 209778
67710 18 15 209779
67712 18 19 209780
67714 18 21 209781
67716 18 22 209782
67718 18 23 209783
67720 18 1 209784
67722 18 2 209785
67724 18 3 209786
67726 18 5 209787
67728 18 9 209788
67730 18 10 209789
67732 18 14 209790
67734 18 1 0
67740 18 2 169
67742 18 21 1017
67744 18 23 815
67746 18 22 226
67748 18 10 53
67750 18 21 201
67752 18 5 1903
67754 18 21 1273
67758 18 23 2983
67760 18 22 4030
67762 18 10 3917
67764 18 5 4111
67766 18 1 5168
67768 18 14 5222
67770 18 23 5227
67772 18 3 5230
67774 18 5 5411
67776 18 5 5531
67778 18 22 5826
67780 18 5 6171
67782 18 2 6325
67784 18 9 6400
67786 18 22 6442
67788 18 23 7611
67800 18 2 8189
67802 18 15 10799
67804 18 3 10806
67806 18 10 11641
67808 18 15 12979
67810 18 10 13605
67814 18 22 14018
67816 18 23 14019
67818 18 3 14398
67820 18 14 15390
67822 18 10 15401
67824 18 9 17276
67826 18 22 17306
67828 18 5 17987
67830 18 19 18992
67832 18 15 19883
67834 18 19 20280
67836 18 3 20142
67838 18 9 21336
67840 18 10 21725
67842 18 10 22121
67844 18 19 23100
67846 18 9 26144
67852 18 19 26184
67854 18 15 26195
67856 18 19 26208
67858 18 22 26210
67860 18 23 26211
67862 18 2 26213
67882 18 2 26201
67884 18 15 26207
67942 18 21 26209
67950 18 5 26215
67952 18 10 26217
68182 18 9 26564
68186 18 10 26241
68188 18 14 26242
68190 18 15 26243
68192 18 19 26244
68226 18 2 26261
68228 18 14 27894
68230 18 23 29535
68232 18 23 28923
68234 18 22 28922
68386 18 15 31459
68388 18 5 34611
68390 18 15 36123
68392 18 14 36074
68394 18 21 36125
68396 18 10 36133
68398 18 9 48044
68400 18 21 48989
68402 18 9 48708
68404 18 2 50549
68406 18 19 51048
68408 18 3 54346
68410 18 3 55706
68412 18 5 55707
68416 18 22 55870
68418 18 5 57151
68420 18 19 58448
68422 18 1 59316
68424 18 23 63123
68426 18 10 63129
68428 18 14 63130
68430 18 19 63132
68432 18 1 63136
68434 18 5 63527
68436 18 1 63992
68438 18 5 65647
68440 18 10 67817
68442 18 15 71903
68444 18 21 72421
68446 18 3 72570
68448 18 14 72634
68450 18 2 72533
68452 18 1 72628
68454 18 22 72834
68456 18 23 72715
68458 18 5 72743
68462 18 2 72717
68464 18 22 72726
68466 18 14 72734
68468 18 19 72712
68470 18 14 72722
68472 18 15 72723
68474 18 19 72724
68478 18 9 72708
68480 18 10 72709
68484 18 9 72720
68486 18 2 72921
68490 18 21 73001
68492 18 3 73030
68494 18 5 73031
68496 18 9 73032
68678 18 2 73029
68734 18 10 73033
68744 18 3 73210
68754 18 1 73292
68764 18 15 73311
68766 18 3 73294
68768 18 1 75292
68770 18 19 80600
68772 18 15 82623
68774 18 1 82628
68776 18 3 103014
68778 18 2 104677
68780 18 19 107368
68782 18 15 109575
68784 18 19 114320
68786 18 1 114892
68788 18 23 116035
68790 18 1 116036
68792 18 2 116037
68794 18 3 116038
68796 18 1 117084
68798 18 3 126410
68800 18 3 131010
68802 18 9 131024
68806 18 14 131026
68814 18 14 131114
68816 18 9 131196
68818 18 14 131198
68820 18 15 131199
68822 18 19 131200
68824 18 21 131201
68826 18 22 131202
68828 18 23 131203
68830 18 1 131204
68832 18 2 131205
68834 18 3 131206
68836 18 5 131207
68838 18 9 131208
68840 18 10 131209
68842 18 14 131210
68844 18 15 131211
68846 18 19 131212
68848 18 21 131213
68850 18 22 131214
68852 18 23 131215
68854 18 1 131216
68856 18 2 131217
68858 18 5 131219
68860 18 9 131220
68862 18 10 131221
68864 18 14 131222
68866 18 15 131223
68868 18 23 131239
68878 18 22 131250
68880 18 14 131282
68896 18 21 131321
68898 18 5 131687
68918 18 15 131691
68940 18 9 131688
68948 18 9 131700
68964 18 10 131689
68972 18 19 131692
68974 18 22 131694
68976 18 21 131693
68982 18 23 131695
68984 18 10 131701
68990 18 2 132081
69000 18 1 132192
69010 18 3 132194
69018 18 19 132200
69028 18 21 132201
69040 18 3 132206
69046 18 5 132207
69050 18 23 132215
69054 18 1 132216
69056 18 22 135358
69058 18 23 135359
69064 18 19 137416
69066 18 9 142192
69068 18 10 142193
69070 18 19 165172
69072 18 1 167908
69074 18 14 167266
69076 18 2 169585
69078 18 2 171513
69080 18 3 171514
69086 18 22 183474
69088 18 19 183508
69090 18 15 183603
69092 18 21 183629
69094 18 19 183640
69096 18 1 183632
69100 18 21 183653
69102 18 22 183654
69104 18 1 183680
69106 18 19 183880
69108 18 21 183857
69110 18 9 183852
69112 18 19 183856
69118 18 14 183866
69122 18 19 183892
69124 18 1 184076
69126 18 14 184106
69128 18 14 184118
69130 18 19 184120
69134 18 1 184124
69136 18 5 184127
69138 18 10 184129
69140 18 1 184112
69142 18 23 184111
69144 18 2 184113
69146 18 5 184115
69148 18 9 184116
69150 18 22 184122
69156 18 15 184119
69160 18 22 184110
69166 18 15 184131
69174 18 9 184128
69178 18 19 184132
69184 18 21 184133
69190 18 1 184136
69192 18 3 184150
69194 18 23 184135
69196 18 3 184138
69198 18 2 184137
69202 18 14 184226
69204 18 15 184227
69206 18 10 184285
69208 18 1 184292
69210 18 2 184293
69212 18 10 184297
69214 18 9 184296
69216 18 14 184298
69218 18 5 184295
69222 18 3 184306
69224 18 5 184307
69230 18 9 184308
69232 18 10 184309
69236 18 15 184287
69238 18 15 184311
69240 18 21 184313
69242 18 22 184314
69244 18 23 184315
69246 18 1 184316
69248 18 2 184317
69250 18 3 184318
69252 18 21 185689
69254 18 22 185690
69256 18 2 185693
69258 18 14 185698
69260 18 3 190634
69262 18 1 202800
69264 18 15 202819
69266 18 5 213607
69268 18 21 213613
69270 18 19 220984
69272 18 9 221380
69274 18 10 221381
69276 18 14 221382
69278 18 15 221383
69280 18 19 221384
69282 18 21 221385
69284 18 22 221386
69286 18 23 221387
69288 18 1 221388
69290 18 2 221389
69292 18 3 221390
69294 18 5 221391
69296 18 9 221392
69298 18 10 221393
69300 18 14 221394
69302 18 15 221395
69304 18 19 221396
69306 18 21 221397
69308 18 22 221398
69310 18 23 221399
69312 18 1 221400
69314 18 2 221401
69316 18 3 221402
69318 18 5 221403
69320 18 9 221404
69322 18 10 221405
69324 18 14 221406
69326 18 15 221407
69328 18 19 221408
69330 18 21 221409
69332 18 22 221410
69334 18 23 221411
69336 18 1 221412
69338 18 2 221413
69340 18 3 221414
69342 18 5 221415
69344 18 9 221416
69346 18 10 221417
69348 18 14 221418
69350 18 15 221419
69352 18 19 221420
69354 18 21 221421
69356 18 22 221422
69358 18 23 221423
69360 18 1 221424
69362 18 2 221425
69364 18 3 221426
69366 18 5 221427
69368 18 9 221428
69370 18 10 221429
69372 18 14 221430
69374 18 15 221431
69376 18 19 221432
69378 18 21 221433
69380 18 22 221434
69382 18 23 221435
69384 18 1 221436
69386 18 2 221437
69388 18 3 221438
69390 18 5 221439
69392 18 9 221440
69394 18 10 221441
69396 18 14 221442
69398 18 15 221443
69400 18 19 221444
69404 18 21 221445
69406 18 22 221446
69408 18 23 221447
69410 18 1 221448
69412 18 2 221449
69414 18 3 221450
69416 18 5 221451
69418 18 9 221452
69420 18 10 221453
69422 18 14 221454
69424 18 15 221455
69426 18 19 221456
69428 18 21 221457
69430 18 22 221458
69432 18 23 221459
69434 18 1 221460
69436 18 2 221461
69438 18 3 221462
69440 18 5 221463
69442 18 9 221464
69444 18 10 221465
69446 18 14 221466
69448 18 15 221467
69450 18 19 221468
69452 18 21 221469
69454 18 22 221470
69456 18 23 221471
69458 18 1 221472
69460 18 2 221473
69462 18 3 221474
69464 18 5 221475
69466 18 9 221476
69468 18 10 221477
69470 18 14 221478
69472 18 15 221479
69474 18 19 221480
69476 18 21 221481
69478 18 22 221482
69480 18 23 221483
69482 18 1 221484
69484 18 2 221485
69486 18 3 221486
69488 18 5 221487
69490 18 9 221488
69492 18 10 221489
69494 18 14 221490
69496 18 15 221491
69498 18 19 221492
69500 18 21 221493
69502 18 22 221494
69504 18 23 221495
69506 18 1 221496
69508 18 2 221497
69510 18 3 221498
69512 18 5 221499
69514 18 9 221500
69516 18 10 221501
69518 18 14 221502
69520 18 15 221503
69522 18 19 221504
69524 18 21 221505
69526 18 22 221506
69528 18 23 221507
69530 18 1 221508
69532 18 2 221509
69534 18 3 221510
69536 18 5 221511
69538 18 9 221512
69540 18 10 221513
69542 18 14 221514
69544 18 15 221515
69546 18 19 221516
69548 18 21 221517
69550 18 22 221518
69552 18 23 221519
69554 18 1 221520
69556 18 2 221521
69558 18 3 221522
69560 18 5 221523
69562 18 9 221524
69564 18 10 221525
69566 18 14 221526
69568 18 15 221527
69570 18 19 221528
69572 18 21 221529
69574 18 22 221530
69576 18 23 221531
69578 18 1 221532
69580 18 2 221533
69582 18 3 221534
69584 18 5 221535
69586 18 9 221536
69588 18 10 221537
69590 18 14 221538
69592 18 15 221539
69594 18 19 221540
69596 18 21 221541
69598 18 22 221542
69600 18 23 221543
69602 18 1 221544
69604 18 2 221545
69606 18 3 221546
69608 18 5 221547
69610 18 9 221548
69612 18 10 221549
69614 18 14 221550
69616 18 15 221551
69618 18 19 221552
69620 18 21 221553
69622 18 22 221554
69624 18 23 221555
69626 18 1 221556
69628 18 2 221557
69630 18 3 221558
69632 18 5 221559
69634 18 9 221560
69636 18 10 221561
69638 18 14 221562
69640 18 15 221563
69642 18 19 221564
69644 18 21 221565
69646 18 22 221566
69648 18 23 221567
69650 18 1 221568
69652 18 2 221569
69654 18 3 221570
69656 18 5 221571
69658 18 9 221572
69660 18 10 221573
69662 18 14 221574
69664 18 15 221575
69666 18 19 221576
69668 18 21 221577
69670 18 22 221578
69672 18 23 221579
69674 18 1 221580
69676 18 2 221581
69678 18 3 221582
69680 18 5 221583
69682 18 9 221584
69684 18 10 221585
69686 18 14 221586
69688 18 15 221587
69690 18 19 221588
69692 18 21 221589
69694 18 22 221590
69696 18 23 221591
69698 18 1 221592
69700 18 2 221593
69702 18 3 221594
69704 18 5 221595
69706 18 9 221596
69708 18 10 221597
69710 18 14 221598
69712 18 15 221599
69714 18 19 221600
69716 18 21 221601
69718 18 22 221602
69720 18 23 221603
69722 18 1 221604
69724 18 2 221605
69726 18 3 221606
69728 18 5 221607
69730 18 9 221608
69732 18 10 221609
69734 18 14 221610
69736 18 15 221611
69738 18 19 221612
69740 18 21 221613
69742 18 22 221614
69744 18 23 221615
69746 18 1 221616
69748 18 2 221617
69750 18 3 221618
69752 18 5 221619
69754 18 9 221620
69756 18 10 221621
69758 18 14 221622
69760 18 15 221623
69762 18 19 221624
69764 18 21 221625
69766 18 22 221626
69768 18 23 221627
69770 18 1 221628
69772 18 2 221629
69774 18 3 221630
69776 18 5 221631
69778 18 9 221632
69780 18 10 221633
69782 18 14 221634
69786 18 15 221635
69788 18 19 221636
69790 18 21 221637
69792 18 22 221638
69794 18 23 221639
69796 18 1 221640
69798 18 2 221641
69800 18 3 221642
69802 18 5 221643
69918 18 9 221644
69920 18 10 221645
69922 18 14 221646
69924 18 15 221647
69926 18 19 221648
69928 18 21 221649
69930 18 22 221650
69932 18 23 221651
69938 18 1 221652
69950 18 2 221653
69952 18 3 221654
69954 18 5 221655
69956 18 9 221656
69958 18 10 221657
69960 18 14 221658
69962 18 15 221659
69964 18 19 221660
69966 18 21 221661
69968 18 22 221662
69974 18 23 221663
69976 18 1 221664
69978 18 2 221665
69980 18 3 221666
69982 18 5 221667
69984 18 9 221668
69986 18 10 221669
69988 18 14 221670
69990 18 15 221671
69992 18 19 221672
69994 18 21 221673
69996 18 22 221674
69998 18 23 221675
70000 18 1 221676
70002 18 2 221677
70006 18 3 221678
70008 18 5 221679
70012 18 9 221680
70014 18 10 221681
70016 18 14 221682
70022 18 15 221683
70024 18 19 221684
70026 18 21 221685
70028 18 22 221686
70030 18 23 221687
70034 18 1 221688
70036 18 2 221689
70038 18 3 221690
70040 18 5 221691
70042 18 9 221692
70044 18 10 221693
70046 18 14 221694
70048 18 15 221695
70052 18 19 221696
70054 18 21 221697
70064 18 22 221698
70066 18 23 221699
70070 18 1 221700
70072 18 2 221701
70074 18 3 221702
70076 18 5 221703
70078 18 9 221704
70094 18 10 221705
70096 18 14 221706
70098 18 15 221707
70100 18 19 221708
70102 18 21 221709
70104 18 22 221710
70106 18 23 221711
70108 18 1 221712
70110 18 2 221713
70112 18 3 221714
70114 18 5 221715
70116 18 9 221716
70118 18 10 221717
70120 18 14 221718
70122 18 15 221719
70124 18 19 221720
70126 18 21 221721
70128 18 22 221722
70130 18 23 221723
70132 18 1 221724
70134 18 2 221725
70136 18 3 221726
70138 18 5 221727
70140 18 9 221728
70142 18 10 221729
70144 18 14 221730
70146 18 15 221731
70148 18 19 221732
70150 18 21 221733
70152 18 22 221734
70156 18 23 221735
70158 18 1 221736
70160 18 2 221737
70162 18 3 221738
70164 18 5 221739
70166 18 9 221740
70168 18 10 221741
70170 18 14 221742
70172 18 15 221743
70174 18 19 221744
70176 18 21 221745
70178 18 22 221746
70180 18 23 221747
70182 18 1 221748
70184 18 2 221749
70186 18 3 221750
70188 18 5 221751
70190 18 9 221752
70192 18 10 221753
70194 18 14 221754
70198 18 15 221755
70200 18 19 221756
70202 18 21 221757
70204 18 22 221758
70206 18 23 221759
70208 18 1 221760
70210 18 2 221761
70212 18 3 221762
70214 18 5 221763
70216 18 9 221764
70218 18 10 221765
70220 18 14 221766
70222 18 15 221767
70224 18 19 221768
70226 18 21 221769
70228 18 22 221770
70230 18 23 221771
70232 18 1 221772
70234 18 2 221773
70236 18 3 221774
70238 18 5 221775
70240 18 9 221776
70242 18 10 221777
70244 18 14 221778
70246 18 15 221779
70248 18 19 221780
70252 18 21 221781
70254 18 22 221782
70256 18 23 221783
70258 18 1 221784
70260 18 2 221785
70262 18 3 221786
70264 18 5 221787
70266 18 9 221788
70268 18 10 221789
70270 18 14 221790
70272 18 15 221791
70274 18 19 221792
70276 18 21 221793
70278 18 22 221794
70280 18 23 221795
70282 18 1 221796
70284 18 2 221797
70288 18 3 221798
70290 18 5 221799
70292 18 9 221800
70294 18 10 221801
70296 18 14 221802
70298 18 15 221803
70300 18 19 221804
70302 18 21 221805
70304 18 22 221806
70306 18 23 221807
70308 18 1 221808
70310 18 2 221809
70312 18 3 221810
70314 18 5 221811
70316 18 9 221812
70318 18 10 221813
70320 18 14 221814
70322 18 15 221815
70324 18 19 221816
70326 18 21 221817
70328 18 22 221818
70330 18 23 221819
70332 18 1 221820
70334 18 2 221821
70336 18 3 221822
70338 18 5 221823
70340 18 9 221824
70342 18 10 221825
70356 18 14 221826
70358 18 15 221827
70360 18 19 221828
70362 18 21 221829
70364 18 22 221830
70366 18 23 221831
70368 18 1 221832
70370 18 2 221833
70372 18 3 221834
70374 18 5 221835
70376 18 9 221836
70378 18 10 221837
70380 18 14 221838
70382 18 15 221839
70384 18 19 221840
70386 18 21 221841
70388 18 22 221842
70390 18 23 221843
70392 18 1 221844
70394 18 2 221845
70396 18 3 221846
70398 18 5 221847
70400 18 9 221848
70402 18 10 221849
70404 18 14 221850
70406 18 15 221851
70408 18 19 221852
70410 18 21 221853
70412 18 22 221854
70414 18 23 221855
70416 18 1 221856
70418 18 2 221857
70420 18 3 221858
70422 18 5 221859
70424 18 9 221860
70426 18 10 221861
70428 18 14 221862
70430 18 15 221863
70432 18 19 221864
70434 18 21 221865
70436 18 22 221866
70438 18 23 221867
70440 18 1 221868
70442 18 2 221869
70446 18 3 221870
70448 18 5 221871
70450 18 9 221872
70452 18 10 221873
70454 18 14 221874
70456 18 15 221875
70458 18 1 0
70460 18 15 55
70462 18 19 1016
70464 18 10 13157
70466 18 22 36246
70468 18 5 39359
70480 18 3 93642
70482 18 5 93643
70484 18 22 154042
70502 18 23 154043
70524 18 5 154071
70526 18 22 154462
70538 18 23 154475
70546 18 19 197444
70548 18 21 197445
70550 18 5 197463
70552 18 22 197446
70554 18 23 197447
70556 18 3 197462
70558 18 9 197464
70560 18 1 197448
70562 18 2 197449
70566 18 10 197465
70568 18 3 197450
70570 18 5 197451
70574 18 14 197466
70576 18 9 197452
70578 18 10 197453
70582 18 15 197467
70584 18 14 197454
70586 18 15 197455
70590 18 19 197468
70592 18 19 197456
70594 18 21 197457
70598 18 21 197469
70600 18 22 197458
70602 18 23 197459
70606 18 22 197470
70608 18 1 197460
70610 18 2 197461
70614 18 2 197473
70616 18 3 197474
70618 18 1 197496
70620 18 5 197475
70622 18 9 197476
70624 18 23 197495
70626 18 3 197498
70628 18 10 197477
70630 18 14 197478
70632 18 21 197505
70634 18 15 197479
70636 18 19 197480
70640 18 5 197499
70642 18 21 197481
70644 18 22 197482
70648 18 9 197500
70650 18 23 197483
70652 18 1 197484
70656 18 10 197501
70658 18 2 197485
70660 18 3 197486
70664 18 14 197502
70666 18 5 197487
70668 18 9 197488
70672 18 15 197503
70674 18 10 197489
70676 18 14 197490
70680 18 19 197504
70682 18 15 197491
70684 18 19 197492
70690 18 21 197493
70692 18 22 197494
70694 18 2 197497
70698 18 21 231685
70700 18 22 231686
70702 18 23 231687
70704 18 1 231688
70706 18 2 231689
70708 18 3 231690
70710 18 5 231691
70712 18 9 231692
70714 18 10 231693
70716 18 14 231694
70718 18 15 231695
70720 18 19 231696
70722 18 21 231697
70724 18 22 231698
70726 18 23 231699
70728 18 1 231700
70730 18 2 231701
70732 18 3 231702
70734 18 5 231703
70736 18 9 231704
70738 18 10 231705
70740 18 14 231706
70742 18 15 231707
70744 18 19 231708
70746 18 21 231709
70748 18 22 231710
70750 18 23 231711
70752 18 1 231712
70754 18 2 231713
70756 18 3 231714
70758 18 5 231715
70760 18 9 231716
70762 18 10 231717
70764 18 14 231718
70766 18 15 231719
70768 18 19 231720
70770 18 21 231721
70772 18 22 231722
70774 18 23 231723
70776 18 14 762
70778 18 22 2742
70780 18 22 3298
70782 18 15 4415
70784 18 2 14949
70786 18 19 16340
70788 18 1 16504
70790 18 15 125403
70792 18 22 142258
70794 18 2 157817
70796 18 3 157818
70798 18 5 157819
70800 18 9 157820
70802 18 19 171448
70804 18 15 171471
70806 18 9 171576
70808 18 2 171597
70810 18 3 171598
70812 18 5 171599
70814 18 9 171600
70816 18 10 171601
70818 18 14 171602
70820 18 15 171603
70822 18 22 171822
70826 18 1 171884
70916 18 10 171889
70990 18 14 171890
71056 18 15 171891
71088 18 19 171892
71100 18 21 171893
71108 18 22 171894
71118 18 23 171895
71184 18 1 171896
71208 18 2 171897
71242 18 3 171898
71272 18 5 171899
71312 18 9 171900
71376 18 10 171901
71392 18 14 171902
71430 18 15 171903
71520 18 10 172121
71528 18 22 172138
71608 18 23 172139
71680 18 1 172140
71760 18 2 172141
71846 18 3 172142
71906 18 5 172143
71936 18 3 209918
71938 18 5 209919
71972 18 10 209925
71974 18 14 209926
71976 18 15 209927
71978 18 19 209928
71980 18 21 209929
71982 18 22 209930
71984 18 23 209931
71986 18 1 209932
71988 18 1 209920
72008 18 2 209921
72030 18 3 209922
72054 18 5 209923
72128 18 19 210108
72130 18 1 210112
72132 18 23 210111
72134 18 9 210116
72138 18 5 210271
72140 18 22 210278
72142 18 10 210321
72144 18 21 210277
72146 18 23 210279
72154 18 1 210280
72162 18 2 210281
72170 18 3 210282
72178 18 5 210283
72186 18 9 210284
72194 18 10 210285
72202 18 14 210286
72210 18 15 210287
72218 18 19 210288
72226 18 21 210289
72234 18 22 210290
72242 18 23 210291
72250 18 1 210292
72258 18 2 210293
72266 18 3 210294
72274 18 5 210295
72282 18 9 210296
72290 18 10 210297
72298 18 14 210298
72306 18 15 210299
72314 18 19 210300
72322 18 21 210301
72330 18 22 210302
72338 18 23 210303
72346 18 1 210304
72354 18 2 210305
72362 18 3 210306
72370 18 5 210307
72378 18 9 210308
72386 18 10 210309
72394 18 14 210310
72402 18 15 210311
72410 18 19 210312
72418 18 21 210313
72426 18 22 210314
72434 18 23 210315
72442 18 1 210316
72450 18 2 210317
72458 18 3 210318
72466 18 5 210319
72474 18 9 210320
72488 18 19 210324
72490 18 15 210359
72492 18 15 210323
72494 18 21 210325
72502 18 22 210326
72510 18 23 210327
72518 18 1 210328
72526 18 2 210329
72534 18 3 210330
72542 18 5 210331
72550 18 9 210332
72558 18 10 210333
72566 18 14 210334
72574 18 15 210335
72582 18 19 210336
72590 18 21 210337
72598 18 22 210338
72606 18 23 210339
72614 18 1 210340
72622 18 2 210341
72630 18 3 210342
72638 18 5 210343
72646 18 9 210344
72654 18 10 210345
72662 18 14 210346
72670 18 15 210347
72678 18 19 210348
72686 18 21 210349
72694 18 22 210350
72702 18 23 210351
72710 18 1 210352
72718 18 2 210353
72726 18 3 210354
72734 18 5 210355
72742 18 9 210356
72750 18 10 210357
72758 18 14 210358
72772 18 22 210362
72774 18 10 210393
72776 18 21 210361
72778 18 23 210363
72786 18 1 210364
72794 18 2 210365
72802 18 3 210366
72810 18 5 210367
72818 18 9 210368
72826 18 10 210369
72834 18 14 210370
72842 18 15 210371
72850 18 19 210372
72858 18 21 210373
72866 18 22 210374
72874 18 23 210375
72882 18 1 210376
72890 18 2 210377
72898 18 3 210378
72906 18 5 210379
72914 18 9 210380
72922 18 10 210381
72930 18 14 210382
72938 18 15 210383
72946 18 19 210384
72954 18 21 210385
72962 18 22 210386
72970 18 23 210387
72978 18 1 210388
72986 18 2 210389
72994 18 3 210390
73002 18 5 210391
73010 18 9 210392
73024 18 19 210396
73026 18 22 210410
73028 18 15 210395
73030 18 21 210397
73038 18 22 210398
73046 18 23 210399
73054 18 1 210400
73062 18 2 210401
73070 18 3 210402
73078 18 5 210403
73086 18 9 210404
73094 18 10 210405
73102 18 14 210406
73110 18 15 210407
73118 18 19 210408
73126 18 21 210409
73140 18 2 210413
73142 18 10 210417
73144 18 1 210412
73146 18 3 210414
73154 18 5 210415
73162 18 9 210416
73176 18 19 210420
73178 18 22 210422
73180 18 15 210419
73182 18 21 210421
73196 18 2 210425
73198 18 9 210428
73200 18 1 210424
73202 18 3 210426
73210 18 5 210427
73224 18 15 210431
73226 18 3 210462
73228 18 14 210430
73230 18 19 210432
73238 18 21 210433
73246 18 22 210434
73254 18 23 210435
73262 18 1 210436
73270 18 2 210437
73278 18 3 210438
73286 18 5 210439
73294 18 9 210440
73302 18 10 210441
73310 18 14 210442
73318 18 15 210443
73326 18 19 210444
73334 18 21 210445
73342 18 22 210446
73350 18 23 210447
73358 18 1 210448
73366 18 2 210449
73374 18 3 210450
73382 18 5 210451
73390 18 9 210452
73398 18 10 210453
73406 18 14 210454
73414 18 15 210455
73422 18 19 210456
73430 18 21 210457
73438 18 22 210458
73446 18 23 210459
73454 18 1 210460
73462 18 2 210461
73476 18 10 210465
73478 18 5 210475
73480 18 9 210464
73482 18 14 210466
73490 18 15 210467
73498 18 19 210468
73506 18 21 210469
73514 18 22 210470
73522 18 23 210471
73530 18 1 210472
73538 18 2 210473
73546 18 3 210474
73560 18 14 210478
73562 18 21 210493
73564 18 10 210477
73566 18 15 210479
73574 18 19 210480
73582 18 21 210481
73590 18 22 210482
73598 18 23 210483
73606 18 1 210484
73614 18 2 210485
73622 18 3 210486
73630 18 5 210487
73638 18 9 210488
73646 18 10 210489
73654 18 14 210490
73662 18 15 210491
73670 18 19 210492
73684 18 1 210496
73686 18 2 210509
73688 18 23 210495
73690 18 2 210497
73698 18 3 210498
73706 18 5 210499
73714 18 9 210500
73722 18 10 210501
73730 18 14 210502
73738 18 15 210503
73746 18 19 210504
73754 18 21 210505
73762 18 22 210506
73770 18 23 210507
73778 18 1 210508
73792 18 9 210512
73794 18 22 210530
73796 18 5 210511
73798 18 10 210513
73806 18 14 210514
73814 18 15 210515
73822 18 19 210516
73830 18 21 210517
73838 18 22 210518
73846 18 23 210519
73854 18 1 210520
73862 18 2 210521
73870 18 3 210522
73878 18 5 210523
73886 18 9 210524
73894 18 10 210525
73902 18 14 210526
73910 18 15 210527
73918 18 19 210528
73926 18 21 210529
73940 18 2 210533
73942 18 15 210563
73944 18 1 210532
73946 18 3 210534
73954 18 5 210535
73962 18 9 210536
73970 18 10 210537
73978 18 14 210538
73986 18 15 210539
73994 18 19 210540
74002 18 21 210541
74010 18 22 210542
74018 18 23 210543
74026 18 1 210544
74034 18 2 210545
74042 18 3 210546
74050 18 5 210547
74058 18 9 210548
74066 18 10 210549
74074 18 14 210550
74082 18 15 210551
74090 18 19 210552
74098 18 21 210553
74106 18 22 210554
74114 18 23 210555
74122 18 1 210556
74130 18 2 210557
74138 18 3 210558
74146 18 5 210559
74154 18 9 210560
74162 18 10 210561
74170 18 14 210562
74184 18 22 210566
74186 18 9 210572
74188 18 21 210565
74190 18 23 210567
74198 18 1 210568
74206 18 2 210569
74214 18 3 210570
74222 18 5 210571
74236 18 15 210575
74238 18 1 210592
74240 18 14 210574
74242 18 19 210576
74250 18 21 210577
74258 18 22 210578
74266 18 23 210579
74274 18 1 210580
74282 18 2 210581
74290 18 3 210582
74298 18 5 210583
74306 18 9 210584
74314 18 10 210585
74322 18 14 210586
74330 18 15 210587
74338 18 19 210588
74346 18 21 210589
74354 18 22 210590
74362 18 23 210591
74376 18 5 210595
74378 18 22 210638
74380 18 3 210594
74382 18 9 210596
74390 18 10 210597
74398 18 14 210598
74406 18 15 210599
74414 18 19 210600
74422 18 21 210601
74430 18 22 210602
74438 18 23 210603
74446 18 1 210604
74454 18 2 210605
74462 18 3 210606
74470 18 5 210607
74478 18 9 210608
74486 18 10 210609
74494 18 14 210610
74502 18 15 210611
74510 18 19 210612
74518 18 21 210613
74526 18 22 210614
74534 18 23 210615
74542 18 1 210616
74550 18 2 210617
74558 18 3 210618
74566 18 5 210619
74574 18 9 210620
74582 18 10 210621
74590 18 14 210622
74598 18 15 210623
74606 18 19 210624
74614 18 21 210625
74622 18 22 210626
74630 18 23 210627
74638 18 1 210628
74646 18 2 210629
74654 18 3 210630
74662 18 5 210631
74670 18 9 210632
74678 18 10 210633
74686 18 14 210634
74694 18 15 210635
74702 18 19 210636
74710 18 21 210637
74724 18 10 210681
74726 18 21 210709
74730 18 1 210688
74734 18 14 210682
74740 18 15 210683
74746 18 21 210721
74752 18 15 210707
74754 18 5 210715
74756 18 2 210725
74758 18 15 210731
74760 18 21 210685
74762 18 2 210689
74764 18 15 210695
74766 18 19 210696
74768 18 3 210702
74772 18 9 210680
74776 18 22 210686
74778 18 9 210692
74782 18 14 210718
74784 18 19 210684
74786 18 2 210713
74788 18 23 210687
74790 18 5 210691
74792 18 10 210693
74794 18 21 210697
74796 18 2 210701
74798 18 10 210729
74800 18 14 210730
74824 18 1 210736
74826 18 3 210738
74828 18 23 210735
74830 18 2 210737
74844 18 10 210741
74846 18 15 210779
74848 18 9 210740
74850 18 14 210742
74858 18 15 210743
74866 18 19 210744
74874 18 21 210745
74882 18 22 210746
74890 18 23 210747
74898 18 1 210748
74906 18 2 210749
74914 18 3 210750
74922 18 5 210751
74930 18 9 210752
74938 18 10 210753
74946 18 14 210754
74954 18 15 210755
74962 18 19 210756
74970 18 21 210757
74978 18 22 210758
74986 18 23 210759
74994 18 1 210760
75002 18 2 210761
75010 18 3 210762
75018 18 5 210763
75026 18 9 210764
75034 18 10 210765
75042 18 14 210766
75050 18 15 210767
75058 18 19 210768
75066 18 21 210769
75074 18 22 210770
75082 18 23 210771
75090 18 1 210772
75098 18 2 210773
75106 18 3 210774
75114 18 5 210775
75122 18 9 210776
75130 18 10 210777
75138 18 14 210778
75152 18 21 210781
75154 18 15 210815
75156 18 19 210780
75158 18 22 210782
75166 18 23 210783
75174 18 1 210784
75182 18 2 210785
75190 18 3 210786
75198 18 5 210787
75206 18 9 210788
75214 18 10 210789
75222 18 14 210790
75230 18 15 210791
75238 18 19 210792
75246 18 21 210793
75254 18 22 210794
75262 18 23 210795
75270 18 1 210796
75278 18 2 210797
75286 18 3 210798
75294 18 5 210799
75302 18 9 210800
75310 18 10 210801
75318 18 14 210802
75326 18 15 210803
75334 18 19 210804
75342 18 21 210805
75350 18 22 210806
75358 18 23 210807
75366 18 1 210808
75374 18 2 210809
75382 18 3 210810
75390 18 5 210811
75398 18 9 210812
75406 18 10 210813
75414 18 14 210814
75428 18 21 210817
75430 18 23 210855
75432 18 19 210816
75434 18 22 210818
75442 18 23 210819
75450 18 1 210820
75458 18 2 210821
75466 18 3 210822
75474 18 5 210823
75482 18 9 210824
75490 18 10 210825
75498 18 14 210826
75506 18 15 210827
75514 18 19 210828
75522 18 21 210829
75530 18 22 210830
75538 18 23 210831
75546 18 1 210832
75554 18 2 210833
75562 18 3 210834
75570 18 5 210835
75578 18 9 210836
75586 18 10 210837
75594 18 14 210838
75602 18 15 210839
75610 18 19 210840
75618 18 21 210841
75626 18 22 210842
75634 18 23 210843
75642 18 1 210844
75650 18 2 210845
75658 18 3 210846
75666 18 5 210847
75674 18 9 210848
75682 18 10 210849
75690 18 14 210850
75698 18 15 210851
75706 18 19 210852
75714 18 21 210853
75722 18 22 210854
75736 18 2 210857
75738 18 14 210898
75740 18 1 210856
75742 18 3 210858
75750 18 5 210859
75758 18 9 210860
75766 18 10 210861
75774 18 14 210862
75782 18 15 210863
75790 18 19 210864
75798 18 21 210865
75806 18 22 210866
75814 18 23 210867
75822 18 1 210868
75830 18 2 210869
75838 18 3 210870
75846 18 5 210871
75854 18 9 210872
75862 18 10 210873
75870 18 14 210874
75878 18 15 210875
75886 18 19 210876
75894 18 21 210877
75902 18 22 210878
75910 18 23 210879
75918 18 1 210880
75926 18 2 210881
75934 18 3 210882
75942 18 5 210883
75950 18 9 210884
75958 18 10 210885
75966 18 14 210886
75974 18 15 210887
75982 18 19 210888
75990 18 21 210889
75998 18 22 210890
76006 18 23 210891
76014 18 1 210892
76022 18 2 210893
76030 18 3 210894
76038 18 5 210895
76046 18 9 210896
76054 18 10 210897
76068 18 19 210900
76070 18 1 210928
76072 18 15 210899
76074 18 21 210901
76082 18 22 210902
76090 18 23 210903
76098 18 1 210904
76106 18 2 210905
76114 18 3 210906
76122 18 5 210907
76130 18 9 210908
76138 18 10 210909
76146 18 14 210910
76154 18 15 210911
76162 18 19 210912
76170 18 21 210913
76178 18 22 210914
76186 18 23 210915
76194 18 1 210916
76202 18 2 210917
76210 18 3 210918
76218 18 5 210919
76226 18 9 210920
76234 18 10 210921
76242 18 14 210922
76250 18 15 210923
76258 18 19 210924
76266 18 21 210925
76274 18 22 210926
76282 18 23 210927
76296 18 3 210930
76298 18 2 210929
76300 18 5 210931
76306 18 9 210932
76312 18 10 210933
76318 18 14 210934
76324 18 15 210935
76330 18 19 210936
76336 18 21 210937
76342 18 22 210938
76348 18 23 210939
76354 18 1 210940
76360 18 2 210941
76366 18 3 210942
76372 18 5 210943
76378 18 15 210951
76406 18 1 210944
76410 18 2 240025
76412 18 3 240026
76414 18 5 240027
76416 18 9 240028
76418 18 10 240029
76420 18 14 240030
76422 18 15 240031
76424 18 19 240032
76426 18 21 240033
76428 18 22 240034
76430 18 23 240035
76432 18 1 240036
76434 18 2 240037
76436 18 3 240038
76438 18 5 240039
76440 18 9 240040
76442 18 10 240041
76444 18 14 240042
76446 18 15 240043
76448 18 19 240044
76450 18 21 240045
76452 18 22 240046
76454 18 23 240047
76456 18 1 240048
76458 18 2 240049
76460 18 3 240050
76462 18 5 240051
76464 18 9 240052
76466 18 10 240053
76468 18 14 240054
76470 18 15 240055
76472 18 19 240056
76474 18 21 240057
76476 18 22 240058
76478 18 23 240059
76480 18 1 240060
76482 18 2 240061
76484 18 3 240062
76486 18 5 240063
76488 18 9 240064
76490 18 10 240065
76492 18 14 240066
76494 18 15 240067
76496 18 19 240068
76498 18 21 240069
76500 18 22 240070
76502 18 23 240071
76504 18 1 240072
76506 18 2 240073
76508 18 3 240074
76510 18 5 240075
76512 18 9 240076
76514 18 10 240077
76516 18 14 240078
76518 18 15 240079
76520 18 19 240080
76522 18 21 240081
76524 18 22 240082
76526 18 23 240083
76528 18 1 240084
76530 18 2 240085
76532 18 3 240086
76534 18 5 240087
76536 18 9 240088
76538 18 10 240089
76540 18 14 240090
76542 18 15 240091
76544 18 19 240092
76546 18 21 240093
76548 18 22 240094
76550 18 23 240095
76552 18 1 240096
76554 18 2 240097
76556 18 3 240098
76558 18 5 240099
76560 18 9 240100
76562 18 10 240101
76564 18 14 240102
76566 18 15 240103
76568 18 19 240104
76570 18 21 240105
76572 18 22 240106
76574 18 23 240107
76576 18 1 240108
76578 18 2 240109
76580 18 3 240110
76582 18 5 240111
76584 18 9 240112
76586 18 10 240113
76588 18 14 240114
76590 18 15 240115
76592 18 19 240116
76594 18 21 240117
76596 18 22 240118
76598 18 23 240119
76600 18 1 240120
76602 18 2 240121
76604 18 3 240122
76606 18 5 240123
76608 18 9 240124
76610 18 10 240125
76612 18 14 240126
76614 18 15 240127
76616 18 19 240128
76618 18 21 240129
76620 18 22 240130
76622 18 23 240131
76624 18 1 240132
76626 18 2 240133
76628 18 3 240134
76630 18 5 240135
76632 18 9 240136
76634 18 10 240137
76636 18 14 240138
76638 18 15 240139
76640 18 19 240140
76642 18 21 240141
76644 18 22 240142
76646 18 23 240143
76648 18 1 240144
76650 18 2 240145
76652 18 3 240146
76654 18 5 240147
76656 18 9 240148
76658 18 10 240149
76660 18 14 240150
76662 18 15 240151
76664 18 19 240152
76666 18 21 240153
76668 18 22 240154
76670 18 23 240155
76672 18 1 240156
76674 18 2 240157
76676 18 3 240158
76678 18 5 240159
76680 18 9 240160
76682 18 10 240161
76684 18 14 240162
76686 18 15 240163
76688 18 19 240164
76690 18 21 240165
76692 18 22 240166
76694 18 23 240167
76696 18 1 240168
76698 18 2 240169
76700 18 3 240170
76702 18 5 240171
76704 18 9 240172
76706 18 10 240173
76708 18 14 240174
76710 18 15 240175
76712 18 19 240176
76714 18 21 240177
76716 18 22 240178
76718 18 23 240179
76720 18 1 240180
76722 18 2 240181
76724 18 3 240182
76726 18 5 240183
76728 18 9 240184
76730 18 10 240185
76732 18 14 240186
76734 18 15 240187
76736 18 19 240188
76738 18 21 240189
76740 18 22 240190
76742 18 23 240191
76744 18 1 240192
76746 18 2 240193
76748 18 3 240194
76750 18 5 240195
76752 18 9 240196
76754 18 10 240197
76756 18 14 240198
76758 18 15 240199
76760 18 19 240200
76762 18 21 240201
76764 18 22 240202
76766 18 23 240203
76768 18 1 240204
76770 18 2 240205
76772 18 3 240206
76774 18 5 240207
76776 18 9 240208
76778 18 10 240209
76780 18 14 240210
76782 18 15 240211
76784 18 19 240212
76786 18 21 240213
76788 18 22 240214
76790 18 23 240215
76792 18 1 240216
76794 18 2 240217
76796 18 3 240218
76798 18 5 240219
76800 18 9 240220
76802 18 10 240221
76804 18 14 240222
76806 18 15 240223
76808 18 19 240224
76810 18 21 240225
76812 18 22 240226
76814 18 23 240227
76816 18 1 240228
76818 18 2 240229
76820 18 3 240230
76822 18 5 240231
76824 18 9 240232
76826 18 10 240233
76828 18 14 240234
76830 18 15 240235
76832 18 19 240236
76834 18 21 240237
76836 18 22 240238
76838 18 23 240239
76840 18 1 240240
76842 18 2 240241
76844 18 3 240242
76846 18 5 240243
76848 18 9 240244
76850 18 10 240245
76852 18 14 240246
76854 18 15 240247
76856 18 19 240248
76858 18 21 240249
76860 18 22 240250
76862 18 23 240251
76864 18 1 240252
76866 18 2 240253
76868 18 3 240254
76870 18 5 240255
76872 18 9 240256
76874 18 10 240257
76876 18 14 240258
76878 18 15 240259
76880 18 19 240260
76882 18 21 240261
76884 18 22 240262
76886 18 23 240263
76888 18 1 240264
76890 18 2 240265
76892 18 3 240266
76894 18 5 240267
76896 18 9 240268
76898 18 10 240269
76900 18 14 240270
76902 18 15 240271
76904 18 19 240272
76906 18 21 240273
76908 18 22 240274
76910 18 23 240275
76912 18 1 240276
76914 18 2 240277
76916 18 3 240278
76918 18 5 240279
76920 18 9 240280
76922 18 10 240281
76924 18 14 240282
76926 18 15 240283
76928 18 19 240284
76930 18 21 240285
76932 18 22 240286
76934 18 23 240287
76936 18 1 240288
76938 18 2 240289
76940 18 3 240290
76942 18 5 240291
76944 18 9 240292
76946 18 10 240293
76948 18 14 240294
76950 18 15 240295
76952 18 19 240296
76954 18 21 240297
76956 18 22 240298
76958 18 23 240299
76960 18 1 240300
76962 18 2 240301
76964 18 3 240302
76966 18 5 240303
76968 18 9 240304
76970 18 10 240305
76972 18 14 240306
76974 18 15 240307
76976 18 19 240308
76978 18 21 240309
76980 18 22 240310
76982 18 23 240311
76984 18 1 240312
76986 18 2 240313
76988 18 3 240314
76990 18 5 240315
76992 18 9 240316
76994 18 10 240317
76996 18 14 240318
76998 18 15 240319
77000 18 19 240320
77002 18 21 240321
77004 18 22 240322
77006 18 23 240323
77008 18 1 240324
77010 18 2 240325
77012 18 3 240326
77014 18 5 240327
77016 18 9 240328
77018 18 10 240329
77020 18 14 240330
77022 18 15 240331
77024 18 19 240332
77026 18 21 240333
77028 18 22 240334
77030 18 23 240335
77032 18 1 240336
77034 18 2 240337
77036 18 3 240338
77038 18 5 240339
77040 18 9 240340
77042 18 10 240341
77044 18 14 240342
77046 18 15 240343
77048 18 19 240344
77050 18 21 240345
77052 18 22 240346
77054 18 23 240347
77056 18 1 240348
77058 18 2 240349
77060 18 3 240350
77062 18 5 240351
77064 18 9 240352
77066 18 10 240353
77068 18 14 240354
77070 18 15 240355
77072 18 19 240356
77074 18 21 240357
77076 18 22 240358
77078 18 23 240359
77080 18 1 240360
77082 18 2 240361
77084 18 3 240362
77086 18 5 240363
77088 18 9 240364
77090 18 10 240365
77092 18 14 240366
77094 18 15 240367
77096 18 19 240368
77098 18 21 240369
77100 18 22 240370
77102 18 23 240371
77104 18 1 240372
77106 18 2 240373
77108 18 3 240374
77110 18 5 240375
77112 18 9 240376
77114 18 10 240377
77116 18 14 240378
77118 18 15 240379
77120 18 19 240380
77122 18 21 240381
77124 18 22 240382
77126 18 23 240383
77128 18 1 240384
77130 18 2 240385
77132 18 3 240386
77134 18 5 240387
77136 18 9 240388
77138 18 10 240389
77140 18 14 240390
77142 18 15 240391
77144 18 19 240392
77146 18 21 240393
77148 18 22 240394
77150 18 23 240395
77152 18 1 240396
77154 18 2 240397
77156 18 3 240398
77158 18 5 240399
77160 18 9 240400
77162 18 10 240401
77164 18 14 240402
77166 18 15 240403
77168 18 19 240404
77170 18 21 240405
77172 18 22 240406
77174 18 23 240407
77176 18 1 240408
77178 18 2 240409
77180 18 3 240410
77182 18 5 240411
77184 18 9 240412
77186 18 10 240413
77188 18 14 240414
77190 18 15 240415
77192 18 19 240416
77194 18 21 240417
77196 18 22 240418
77198 18 23 240419
77200 18 1 240420
77202 18 2 240421
77204 18 3 240422
77206 18 5 240423
77208 18 9 240424
77210 18 10 240425
77212 18 14 240426
77214 18 15 240427
77216 18 19 240428
77218 18 21 240429
77220 18 22 240430
77222 18 23 240431
77244 18 1 240432
77246 18 2 240433
77248 18 3 240434
77250 18 5 240435
77252 18 9 240436
77254 18 10 240437
77256 18 14 240438
77258 18 15 240439
77260 18 19 240440
77262 18 21 240441
77264 18 22 240442
77266 18 23 240443
77268 18 1 240444
77270 18 2 240445
77272 18 3 240446
77274 18 5 240447
77276 18 9 240448
77278 18 10 240449
77280 18 14 240450
77282 18 15 240451
77284 18 19 240452
77286 18 21 240453
77288 18 22 240454
77290 18 23 240455
77292 18 1 240456
77294 18 2 240457
77296 18 3 240458
77298 18 5 240459
77300 18 9 240460
77302 18 10 240461
77304 18 14 240462
77306 18 15 240463
77308 18 19 240464
77310 18 21 240465
77312 18 22 240466
77314 18 23 240467
77316 18 1 240468
77318 18 2 240469
77320 18 3 240470
77322 18 5 240471
77324 18 9 240472
77326 18 10 240473
77328 18 14 240474
77330 18 15 240475
77332 18 19 240476
77334 18 21 240477
77336 18 22 240478
77338 18 23 240479
77340 18 1 240480
77342 18 2 240481
77344 18 3 240482
77346 18 5 240483
77348 18 9 240484
77350 18 10 240485
77352 18 14 240486
77354 18 15 240487
77356 18 19 240488
77358 18 21 240489
77360 18 22 240490
77362 18 23 240491
77364 18 1 240492
77366 18 2 240493
77368 18 3 240494
77370 18 5 240495
77372 18 9 240496
77374 18 10 240497
77376 18 14 240498
77378 18 15 240499
77380 18 19 240500
77382 18 21 240501
77384 18 22 240502
77386 18 23 240503
77388 18 1 240504
77390 18 2 240505
77392 18 3 240506
77394 18 5 240507
77396 18 9 240508
77398 18 10 240509
77400 18 14 240510
77402 18 15 240511
77404 18 19 240512
77406 18 21 240513
77408 18 22 240514
77410 18 23 240515
77412 18 1 240516
77414 18 2 240517
77416 18 3 240518
77418 18 5 240519
77420 18 9 240520
77422 18 10 240521
77424 18 14 240522
77426 18 15 240523
77428 18 19 240524
77430 18 21 240525
77432 18 22 240526
77434 18 23 240527
77436 18 1 240528
77438 18 2 240529
77440 18 3 240530
77442 18 5 240531
77444 18 9 240532
77446 18 10 240533
77448 18 14 240534
77450 18 15 240535
77452 18 19 240536
77454 18 21 240537
77456 18 22 240538
77458 18 23 240539
77460 18 1 240540
77462 18 2 240541
77464 18 3 240542
77466 18 5 240543
77468 18 9 240544
77470 18 10 240545
77472 18 14 240546
77474 18 15 240547
77476 18 19 240548
77478 18 21 240549
77480 18 22 240550
77482 18 23 240551
77484 18 1 240552
77486 18 2 240553
77488 18 3 240554
77490 18 5 240555
77492 18 9 240556
77494 18 10 240557
77496 18 14 240558
77498 18 15 240559
77500 18 19 240560
77502 18 21 240561
77504 18 22 240562
77506 18 23 240563
77508 18 1 240564
77510 18 2 240565
77512 18 3 240566
77514 18 5 240567
77516 18 9 240568
77518 18 10 240569
77520 18 14 240570
77522 18 15 240571
77524 18 19 240572
77526 18 21 240573
77528 18 22 240574
77530 18 23 240575
77532 18 1 240576
77534 18 2 240577
77536 18 3 240578
77538 18 5 240579
77540 18 9 240580
77542 18 10 240581
77544 18 14 240582
77546 18 15 240583
77548 18 19 240584
77550 18 21 240585
77552 18 22 240586
77554 18 23 240587
77556 18 1 240588
77558 18 2 240589
77560 18 3 240590
77562 18 5 240591
77564 18 9 240592
77566 18 10 240593
77568 18 14 240594
77570 18 15 240595
77572 18 19 240596
77574 18 21 240597
77576 18 22 240598
77578 18 23 240599
77580 18 1 240600
77582 18 2 240601
77584 18 3 240602
77586 18 5 240603
77588 18 9 240604
77590 18 10 240605
77592 18 14 240606
77594 18 15 240607
77596 18 19 240608
77598 18 21 240609
77600 18 22 240610
77602 18 23 240611
77604 18 1 240612
77606 18 2 240613
77608 18 3 240614
77610 18 5 240615
77612 18 9 240616
77614 18 10 240617
77616 18 14 240618
77618 18 15 240619
77620 18 19 240620
77622 18 21 240621
77624 18 22 240622
77626 18 23 240623
77628 18 1 240624
77630 18 2 240625
77632 18 3 240626
77634 18 5 240627
77636 18 9 240628
77638 18 10 240629
77640 18 14 240630
77642 18 15 240631
77644 18 19 240632
77646 18 21 240633
77648 18 22 240634
77650 18 23 240635
77652 18 1 240636
77654 18 2 240637
77656 18 3 240638
77658 18 5 240639
77660 18 19 200
77662 18 1 1960
77664 18 2 1385
77666 18 1 3636
77668 18 1 7900
77670 18 3 7902
77672 18 14 7618
77674 18 19 7704
77676 18 1 7888
77678 18 2 8189
77684 18 14 7894
77686 18 15 7895
77688 18 19 7896
77714 18 10 10329
77934 18 23 17539
77936 18 9 24228
77964 18 15 26195
77966 18 5 26215
77968 18 10 26217
77970 18 21 26197
77992 18 14 28434
78004 18 10 28433
78010 18 9 28432
78032 18 22 28922
78034 18 23 28923
78036 18 5 28987
78042 18 1 28900
78046 18 9 28904
78048 18 10 28905
78050 18 9 28916
78052 18 10 28917
78054 18 15 28919
78088 18 14 28906
78096 18 10 44805
78098 18 5 73223
78108 18 1 76076
78178 18 9 77680
78190 18 5 77703
78192 18 14 77706
78194 18 19 77708
78196 18 21 77709
78214 18 3 78378
78216 18 22 78386
78218 18 9 78392
78220 18 10 78393
78224 18 10 77985
78226 18 21 77977
78228 18 2 77981
78230 18 10 77973
78234 18 5 77995
78236 18 9 77996
78238 18 22 91338
78240 18 3 136190
78310 18 15 136199
78312 18 14 136426
78356 18 9 136592
78358 18 22 136958
78362 18 22 137394
78364 18 23 137395
78366 18 14 137390
78368 18 10 137401
78370 18 19 137428
78372 18 1 139360
78374 18 2 139361
78376 18 3 139362
78378 18 5 139363
78388 18 3 154698
78390 18 22 187194
78432 18 23 187195
78460 18 2 187329
78462 18 14 187310
78464 18 9 187320
78466 18 10 187309
78472 18 22 187326
78474 18 3 187330
78476 18 21 187337
78480 18 22 187314
78486 18 15 187311
78492 18 5 187319
78494 18 23 187315
78498 18 1 187316
78510 18 19 187324
78512 18 9 187308
78520 18 23 187327
78522 18 5 187331
78524 18 10 187333
78526 18 15 187335
78556 18 1 187328
78566 18 14 187334
78576 18 22 187338
78578 18 10 187345
78582 18 23 187339
78584 18 2 187341
78588 18 22 187350
78590 18 15 187483
78592 18 19 187484
78594 18 21 187485
78596 18 22 187486
78598 18 23 187487
78600 18 1 187488
78602 18 2 187489
78856 18 2 187513
78858 18 3 187514
78860 18 5 187515
78862 18 9 187516
78864 18 10 187517
78866 18 14 187518
78868 18 19 187520
78870 18 21 187521
78872 18 22 187522
78874 18 23 187523
78876 18 1 187524
78878 18 14 187530
78880 18 15 187531
78882 18 19 187532
78884 18 21 187533
78886 18 22 187534
78888 18 2 187573
78890 18 5 187623
78892 18 15 187651
78894 18 19 187652
78900 18 23 187655
78922 18 1 187656
78924 18 1 187668
78926 18 15 187975
78928 18 19 187976
78930 18 1 187980
78954 18 2 187981
78966 18 3 187982
78994 18 5 187983
79014 18 9 187984
79034 18 10 187985
79062 18 14 187986
79108 18 15 187987
79150 18 21 188001
79152 18 22 188038
79154 18 15 188047
79156 18 5 188115
79158 18 15 188167
79160 18 23 188751
79164 18 22 188750
79168 18 1 188752
79170 18 2 188753
79172 18 3 188754
79174 18 5 188755
79176 18 9 188756
79178 18 10 188757
79180 18 14 188758
79182 18 15 188759
79184 18 19 188760
79186 18 5 188767
79188 18 9 188768
79190 18 10 188769
79192 18 14 188770
79194 18 15 188771
79196 18 19 188772
79198 18 21 188773
79200 18 22 188774
79202 18 23 188775
79204 18 1 188776
79206 18 2 188777
79208 18 3 188778
79210 18 5 188779
79212 18 9 188780
79214 18 10 188781
79216 18 14 188782
79218 18 10 206681
79220 18 23 222903
79222 18 5 223231
79304 18 2 223233
79306 18 3 223234
79308 18 14 223238
79310 18 21 223241
79312 18 5 223247
79314 18 1 223232
79326 18 5 223235
79328 18 9 223236
79330 18 9 223248
79336 18 10 223237
79340 18 15 223239
79342 18 19 223252
79356 18 22 223242
79358 18 2 223245
79360 18 19 223240
79362 18 23 223243
79380 18 1 223244
79384 18 3 223246
79438 18 10 223249
79440 18 14 223250
79450 18 15 223251
79460 18 22 223254
79462 18 23 223255
79464 18 1 223256
79466 18 2 223257
79468 18 3 223258
79470 18 5 223259
79472 18 9 223260
79474 18 10 223261
79476 18 14 223262
79478 18 15 223263
79480 18 19 223264
79482 18 21 223265
79484 18 22 223266
79486 18 21 223253
79614 18 19 223312
79616 18 2 223317
79618 18 14 223310
79622 18 15 223335
79624 18 3 223318
79626 18 22 223314
79630 18 5 223319
79632 18 2 223329
79636 18 15 223311
79640 18 21 223313
79650 18 23 223315
79654 18 9 223344
79658 18 3 223330
79660 18 22 223338
79662 18 21 223325
79664 18 23 223327
79666 18 9 223320
79668 18 14 223322
79670 18 19 223324
79680 18 15 223323
79686 18 22 223326
79692 18 1 223316
79694 18 21 223337
79696 18 23 223339
79698 18 5 223343
79702 18 10 223321
79704 18 9 223332
79714 18 5 223331
79726 18 14 223334
79742 18 3 223342
79746 18 15 223347
79748 18 14 223346
79750 18 19 223348
79752 18 3 223366
79754 18 2 223497
79756 18 21 223349
79758 18 22 223350
79760 18 15 223383
79762 18 23 223351
79764 18 1 223352
79766 18 3 223354
79768 18 9 223440
79770 18 5 223355
79774 18 9 223356
79776 18 10 223357
79778 18 14 223358
79780 18 3 223474
79782 18 15 223359
79784 18 1 223400
79786 18 22 223446
79788 18 19 223360
79792 18 21 223361
79794 18 9 223368
79796 18 10 223369
79798 18 14 223370
79800 18 15 223371
79802 18 1 223376
79804 18 19 223372
79808 18 21 223373
79810 18 14 223394
79812 18 15 223395
79814 18 19 223396
79816 18 9 223476
79818 18 22 223398
79820 18 2 223401
79822 18 3 223402
79824 18 3 223486
79826 18 5 223403
79828 18 23 223363
79830 18 9 223404
79832 18 10 223405
79836 18 14 223406
79838 18 15 223407
79840 18 19 223408
79842 18 21 223409
79844 18 5 223475
79848 18 22 223410
79852 18 23 223411
79854 18 1 223412
79856 18 2 223413
79858 18 3 223414
79860 18 5 223415
79862 18 9 223416
79866 18 10 223417
79868 18 14 223418
79870 18 5 223367
79872 18 15 223419
79874 18 19 223420
79876 18 21 223421
79878 18 22 223422
79880 18 2 223425
79882 18 3 223426
79884 18 5 223427
79888 18 19 223384
79892 18 9 223428
79894 18 10 223597
79898 18 23 223399
79902 18 10 223429
79904 18 14 223430
79912 18 15 223431
79916 18 19 223432
79922 18 21 223433
79926 18 22 223434
79928 18 3 223606
79930 18 23 223435
79932 18 1 223436
79934 18 2 223437
79936 18 3 223438
79938 18 2 223365
79940 18 5 223439
79942 18 10 223441
79944 18 14 223442
79946 18 15 223443
79948 18 19 223444
79950 18 21 223445
79954 18 21 223397
79960 18 23 223447
79964 18 19 223492
79968 18 1 223448
79970 18 2 223449
79972 18 3 223450
79976 18 5 223451
79978 18 9 223452
79982 18 10 223453
79984 18 14 223454
79986 18 15 223455
79988 18 19 223456
79990 18 21 223457
79992 18 22 223458
79994 18 23 223459
79996 18 1 223460
79998 18 2 223461
80002 18 5 223583
80004 18 2 223665
80006 18 3 223462
80008 18 5 223463
80014 18 9 223464
80016 18 10 223465
80018 18 14 223466
80020 18 15 223467
80022 18 19 223468
80024 18 22 223470
80026 18 23 223471
80028 18 10 223489
80030 18 9 223632
80034 18 10 223633
80040 18 14 223634
80044 18 15 223635
80048 18 19 223636
80052 18 1 223628
80054 18 2 223629
80056 18 21 223637
80062 18 22 223638
80066 18 21 223517
80068 18 23 223639
80072 18 5 223631
80074 18 1 223640
80078 18 2 223641
80082 18 22 223494
80086 18 3 223642
80090 18 5 223643
80094 18 9 223644
80102 18 10 223645
80108 18 15 223491
80110 18 14 223646
80114 18 15 223647
80118 18 19 223648
80122 18 21 223649
80126 18 3 223630
80128 18 22 223650
80132 18 23 223651
80138 18 1 223652
80142 18 2 223653
80146 18 3 223654
80150 18 5 223655
80152 18 14 223718
80154 18 19 223720
80156 18 19 223744
80160 18 23 223747
80162 18 22 223746
80164 18 1 223748
80168 18 2 223749
80172 18 3 223750
80176 18 5 223751
80180 18 9 223800
80182 18 5 223799
80184 18 10 223801
80188 18 14 223802
80194 18 15 223803
80198 18 19 223804
80202 18 21 223805
80206 18 22 223806
80210 18 23 223807
80214 18 23 223819
80216 18 9 223824
80218 18 14 223826
80220 18 15 223827
80228 18 22 223830
80230 18 15 223971
80232 18 5 223979
80234 18 9 223980
80236 18 19 223972
80238 18 21 223973
80240 18 2 223977
80246 18 22 223974
80248 18 23 223975
80250 18 14 223982
80256 18 1 223976
80266 18 3 223978
80284 18 10 223981
80298 18 15 223983
80300 18 19 223984
80302 18 1 223988
80308 18 21 223985
80310 18 22 223986
80316 18 23 223987
80330 18 2 223989
80332 18 1 224000
80334 18 2 224001
80336 18 3 223990
80338 18 19 223996
80340 18 5 223991
80342 18 9 223992
80344 18 3 224002
80350 18 10 223993
80356 18 14 223994
80362 18 15 223995
80372 18 21 223997
80378 18 22 223998
80384 18 23 223999
80410 18 5 224003
80412 18 15 224007
80414 18 21 224009
80416 18 9 224004
80418 18 22 224010
80420 18 23 224011
80422 18 10 224005
80424 18 14 224006
80438 18 19 224008
80440 18 1 224012
80466 18 2 224013
80468 18 3 224014
80470 18 14 224018
80476 18 15 224019
80478 18 5 224015
80480 18 10 224017
80482 18 22 224022
80484 18 9 224016
80502 18 19 224020
80508 18 21 224021
80522 18 23 224023
80524 18 15 224031
80526 18 1 224036
80528 18 1 224024
80530 18 22 224034
80532 18 23 224035
80534 18 2 224025
80536 18 10 224029
80540 18 3 224026
80542 18 5 224027
80550 18 9 224028
80556 18 19 224032
80562 18 14 224030
80564 18 21 224033
80598 18 2 224037
80600 18 3 224038
80602 18 19 224044
80608 18 5 224051
80610 18 5 224039
80612 18 9 224040
80620 18 21 224045
80622 18 10 224041
80626 18 10 224053
80628 18 14 224042
80630 18 9 224052
80632 18 15 224055
80634 18 15 224043
80636 18 19 224056
80638 18 21 224057
80644 18 3 224050
80652 18 22 224046
80654 18 23 224047
80662 18 14 224054
80664 18 1 224048
80668 18 2 224049
80672 18 23 224059
80718 18 22 224058
80732 18 1 224060
80734 18 2 224061
80736 18 19 224068
80742 18 1 224072
80744 18 3 224062
80746 18 5 224063
80748 18 19 224080
80754 18 9 224064
80760 18 10 224065
80766 18 14 224066
80772 18 15 224067
80778 18 23 224071
80786 18 21 224069
80788 18 9 224076
80790 18 14 224078
80792 18 22 224070
80794 18 10 224077
80806 18 2 224073
80812 18 3 224074
80818 18 5 224075
80836 18 15 224079
80854 18 23 224627
80856 18 19 224624
80860 18 3 224630
80862 18 5 224631
80864 18 9 224632
80866 18 10 224633
80868 18 21 224637
80870 18 23 224639
80872 18 5 224643
80874 18 9 224644
80876 18 14 224646
80878 18 15 224647
80880 18 19 224648
80882 18 21 224649
80884 18 22 224650
80886 18 10 224657
80888 18 2 252889
80890 18 3 252890
80892 18 5 252891
80894 18 9 252892
80896 18 10 252893
80898 18 14 252894
80900 18 15 252895
80902 18 19 252896
80906 18 21 252897
80908 18 22 252898
80910 18 23 252899
80912 18 1 252900
80914 18 2 252901
80916 18 3 252902
80918 18 5 252903
80920 18 9 252904
80926 18 10 252905
80928 18 14 252906
80932 18 15 252907
80934 18 19 252908
80936 18 21 252909
80938 18 22 252910
80942 18 23 252911
80944 18 1 252912
80946 18 2 252913
80948 18 3 252914
80950 18 5 252915
80952 18 9 252916
80954 18 10 252917
80958 18 14 252918
80960 18 15 252919
80962 18 19 252920
80964 18 21 252921
80968 18 22 252922
80970 18 23 252923
80972 18 1 252924
80974 18 2 252925
80976 18 3 252926
80980 18 5 252927
80982 18 1 252928
80984 18 2 252929
80986 18 3 252930
80988 18 5 252931
80990 18 9 252932
80992 18 10 252933
80994 18 14 252934
80996 18 15 252935
80998 18 19 252936
81000 18 21 252937
81002 18 22 252938
81004 18 23 252939
81006 18 1 252940
81008 18 2 252941
81014 18 3 252942
81016 18 5 252943
81018 18 9 252944
81022 18 10 252945
81028 18 14 252946
81032 18 15 252947
81036 18 19 252948
81058 18 21 252949
81060 18 22 252950
81062 18 23 252951
81064 18 1 252952
81066 18 2 252953
81100 18 3 252954
81102 18 5 252955
81104 18 9 252956
81106 18 10 252957
81108 18 14 252958
81110 18 15 252959
81112 18 19 252960
81114 18 21 252961
81116 18 22 252962
81118 18 23 252963
81120 18 1 252964
81122 18 2 252965
81124 18 3 252966
81126 18 5 252967
81128 18 9 252968
81130 18 10 252969
81132 18 14 252970
81134 18 15 252971
81136 18 19 252972
81138 18 21 252973
81140 18 22 252974
81142 18 23 252975
81144 18 1 252976
81146 18 2 252977
81148 18 3 252978
81150 18 5 252979
81152 18 9 252980
81154 18 10 252981
81156 18 14 252982
81158 18 15 252983
81162 18 19 252984
81164 18 21 252985
81166 18 22 252986
81168 18 23 252987
81214 18 1 252988
81216 18 2 252989
81218 18 3 252990
81220 18 5 252991
81222 18 9 252992
81224 18 10 252993
81226 18 14 252994
81228 18 15 252995
81230 18 19 252996
81232 18 21 252997
81234 18 22 252998
81236 18 23 252999
81238 18 1 253000
81240 18 2 253001
81242 18 3 253002
81244 18 5 253003
81246 18 9 253004
81248 18 10 253005
81250 18 14 253006
81252 18 15 253007
81254 18 19 253008
81256 18 21 253009
81258 18 22 253010
81260 18 23 253011
81262 18 1 253012
81264 18 2 253013
81266 18 3 253014
81268 18 5 253015
81270 18 9 253016
81272 18 10 253017
81274 18 14 253018
81276 18 15 253019
81278 18 19 253020
81280 18 21 253021
81282 18 22 253022
81284 18 23 253023
81286 18 1 253024
81288 18 2 253025
81290 18 3 253026
81292 18 5 253027
81294 18 9 253028
81296 18 10 253029
81298 18 14 253030
81300 18 15 253031
81302 18 19 253032
81304 18 21 253033
81306 18 22 253034
81308 18 23 253035
81320 18 1 253036
81322 18 2 253037
81324 18 3 253038
81326 18 5 253039
81338 18 9 253040
81340 18 10 253041
81342 18 14 253042
81354 18 15 253043
81356 18 19 253044
81358 18 21 253045
81370 18 22 253046
81372 18 23 253047
81374 18 1 253048
81376 18 2 253049
81388 18 3 253050
81390 18 5 253051
81402 18 9 253052
81404 18 10 253053
81406 18 14 253054
81408 18 15 253055
81410 18 19 253056
81412 18 21 253057
81414 18 22 253058
81426 18 23 253059
81428 18 1 253060
81430 18 2 253061
81432 18 3 253062
81434 18 5 253063
81436 18 9 253064
81448 18 10 253065
81450 18 14 253066
81452 18 15 253067
81466 18 19 253068
81468 18 21 253069
81470 18 22 253070
81472 18 23 253071
81474 18 1 253072
81476 18 2 253073
81478 18 3 253074
81480 18 5 253075
81482 18 9 253076
81484 18 10 253077
81488 18 14 253078
81490 18 15 253079
81492 18 19 253080
81494 18 21 253081
81496 18 22 253082
81498 18 23 253083
81500 18 1 253084
81502 18 2 253085
81504 18 3 253086
81506 18 5 253087
81508 18 9 253088
81510 18 10 253089
81512 18 14 253090
81514 18 15 253091
81516 18 19 253092
81518 18 21 253093
81520 18 22 253094
81522 18 23 253095
81524 18 1 253096
81526 18 2 253097
81528 18 3 253098
81530 18 5 253099
81532 18 9 253100
81534 18 10 253101
81536 18 14 253102
81538 18 15 253103
81540 18 19 253104
81542 18 21 253105
81544 18 22 253106
81546 18 23 253107
81548 18 1 253108
81550 18 2 253109
81552 18 3 253110
81554 18 5 253111
81556 18 9 253112
81560 18 10 253113
81562 18 14 253114
81564 18 15 253115
81566 18 19 253116
81568 18 21 253117
81570 18 22 253118
81572 18 23 253119
81574 18 1 253120
81576 18 2 253121
81578 18 3 253122
81580 18 5 253123
81582 18 9 253124
81584 18 10 253125
81586 18 14 253126
81588 18 15 253127
81590 18 19 253128
81592 18 21 253129
81594 18 22 253130
81596 18 23 253131
81598 18 1 253132
81600 18 2 253133
81602 18 3 253134
81604 18 5 253135
81606 18 9 253136
81608 18 10 253137
81610 18 14 253138
81612 18 15 253139
81614 18 19 253140
81616 18 21 253141
81618 18 22 253142
81620 18 23 253143
81622 18 1 253144
81624 18 2 253145
81626 18 3 253146
81628 18 5 253147
81630 18 9 253148
81632 18 10 253149
81634 18 14 253150
81636 18 15 253151
81638 18 19 253152
81640 18 21 253153
81642 18 22 253154
81644 18 23 253155
81646 18 1 253156
81648 18 2 253157
81650 18 3 253158
81652 18 5 253159
81654 18 9 253160
81656 18 10 253161
81658 18 14 253162
81660 18 15 253163
81662 18 19 253164
81664 18 21 253165
81666 18 22 253166
81668 18 23 253167
81670 18 1 253168
81672 18 2 253169
81674 18 3 253170
81676 18 5 253171
81678 18 9 253172
81680 18 10 253173
81682 18 14 253174
81684 18 15 253175
81686 18 19 253176
81688 18 21 253177
81690 18 22 253178
81692 18 23 253179
81694 18 1 253180
81696 18 2 253181
81698 18 3 253182
81700 18 5 253183
81702 18 9 253184
81704 18 10 253185
81706 18 14 253186
81708 18 15 253187
81710 18 19 253188
81712 18 21 253189
81714 18 22 253190
81716 18 23 253191
81718 18 1 253192
81720 18 2 253193
81722 18 3 253194
81724 18 5 253195
81726 18 9 253196
81728 18 22 46
81730 18 10 833
81732 18 15 199
81734 18 15 787
81736 18 1 0
81738 18 1 144
81740 18 21 1273
81762 18 23 1155
81764 18 14 1258
81768 18 1 6032
81770 18 2 5673
81772 18 10 5701
81774 18 5 5759
81776 18 21 5441
81778 18 9 5472
81780 18 10 6737
81782 18 19 6296
81784 18 1 7116
81808 18 9 11156
81810 18 3 12374
81812 18 23 14115
81814 18 1 14116
81816 18 2 14117
81818 18 3 14118
81820 18 5 14119
81822 18 9 14120
81824 18 10 14121
81826 18 10 14133
81828 18 14 14134
81830 18 15 14135
81832 18 19 14136
81834 18 21 14137
81836 18 22 14138
81838 18 23 14139
81840 18 1 14140
81842 18 2 14141
81844 18 3 14142
81846 18 5 14143
81848 18 9 14144
81850 18 10 14145
81852 18 14 14146
81854 18 15 14147
81856 18 19 14148
81858 18 21 14149
81860 18 22 14150
81862 18 23 14151
81864 18 23 16503
81868 18 9 16544
81876 18 10 17085
81898 18 23 17379
81900 18 1 17380
81902 18 2 17381
81904 18 3 17382
81906 18 5 17383
81918 18 14 17534
81920 18 15 17535
81922 18 21 17537
81924 18 23 17539
81934 18 2 18285
81936 18 2 18505
81938 18 14 18510
81940 18 5 31203
81942 18 1 32044
81944 18 19 32920
81946 18 14 36122
81948 18 9 39360
81950 18 14 42782
81952 18 15 42783
81954 18 21 42785
81956 18 1 42788
81966 18 19 43556
81968 18 2 44045
81974 18 10 44061
81976 18 19 44676
81978 18 22 44678
81980 18 23 44679
81982 18 1 44680
81992 18 10 45289
81994 18 3 47922
81996 18 5 47923
82004 18 2 47921
82006 18 9 47924
82020 18 5 47371
82022 18 23 47583
82024 18 10 48397
82026 18 9 48252
82028 18 22 49014
82030 18 10 56285
82032 18 22 65702
82034 18 23 65703
82036 18 1 65704
82068 18 22 65630
82070 18 14 65638
82072 18 14 65698
82078 18 5 74379
82080 18 10 74381
82082 18 15 75203
82084 18 19 75204
82086 18 21 75205
82088 18 22 75206
82092 18 3 80402
82094 18 14 82202
82100 18 3 91594
82102 18 9 91596
82104 18 10 91597
82106 18 15 91599
82122 18 5 91595
82124 18 14 91598
82150 18 21 98985
82152 18 22 98986
82154 18 1 98988
82162 18 5 99087
82168 18 5 99991
82170 18 14 100198
82172 18 3 102014
82180 18 23 102675
82204 18 15 102755
82206 18 19 102756
82208 18 21 102757
82210 18 22 102758
82236 18 9 102848
82240 18 22 104298
82242 18 1 104300
82260 18 21 105841
82262 18 10 111909
82264 18 15 111983
82266 18 3 111918
82268 18 10 111813
82270 18 19 111828
82272 18 22 115734
82274 18 19 115732
82276 18 23 125431
82290 18 15 128403
82292 18 21 131165
82294 18 10 135085
82298 18 2 151297
82300 18 5 151299
82306 18 22 151294
82310 18 10 151289
82312 18 14 151290
82314 18 19 151292
82316 18 21 151293
82318 18 23 151295
82320 18 1 151296
82322 18 10 151301
82324 18 14 151302
82326 18 15 151303
82328 18 19 151304
82330 18 21 151305
82332 18 22 151306
82334 18 23 151307
82336 18 1 151308
82338 18 2 151309
82352 18 23 157875
82354 18 15 157895
82358 18 19 158184
82360 18 21 158293
82362 18 15 158603
82364 18 3 158610
82372 18 21 159305
82374 18 1 159308
82376 18 3 160214
82378 18 5 160215
82424 18 9 160276
82426 18 5 160359
82428 18 10 160361
82430 18 14 160362
82432 18 15 160363
82434 18 19 160364
82436 18 22 160366
82438 18 3 160370
82440 18 5 160371
82458 18 10 160589
82460 18 15 161291
82462 18 19 161292
82480 18 5 169767
82482 18 9 169768
82484 18 10 169769
82486 18 14 169770
82488 18 19 169772
82490 18 21 169773
82492 18 21 199661
82496 18 5 199683
82508 18 14 199686
82518 18 1 199704
82520 18 14 199710
82522 18 15 199711
82524 18 2 200257
82526 18 19 200300
82530 18 21 200301
82532 18 2 200353
82550 18 2 201293
82552 18 3 201294
82554 18 14 201310
82556 18 15 201467
82558 18 21 201469
82560 18 14 201502
82564 18 3 201510
82566 18 21 201529
82568 18 22 201530
82570 18 5 201547
82576 18 3 201618
82578 18 5 201619
82584 18 19 202636
82586 18 21 202637
82588 18 22 202638
82590 18 23 202639
82592 18 1 202640
82594 18 2 202641
82596 18 3 202642
82598 18 5 202643
82600 18 9 202644
82602 18 10 202645
82604 18 14 202646
82608 18 15 202647
82610 18 19 202648
82612 18 21 202649
82614 18 22 202650
82616 18 23 202651
82618 18 1 202652
82620 18 2 202653
82622 18 3 202654
82624 18 5 202655
82626 18 9 202656
82628 18 10 202657
82630 18 14 202658
82632 18 15 202659
82634 18 19 202660
82636 18 21 202661
82638 18 1 202664
82640 18 3 202726
82642 18 9 202728
82644 18 10 202729
82646 18 22 202894
82648 18 23 202895
82650 18 22 202954
82654 18 1 236544
82656 18 2 236545
82658 18 5 236607
82660 18 2 236617
82662 18 3 236618
82664 18 5 236619
82696 18 22 237022
82698 18 2 237109
82700 18 15 237139
82704 18 21 237141
82706 18 2 237145
82708 18 3 237398
82710 18 9 237400
82712 18 10 237401
82716 18 14 237402
82722 18 15 237403
82728 18 19 237404
82734 18 21 237405
82740 18 22 237406
82746 18 23 237407
82752 18 1 237408
82758 18 2 237409
82764 18 3 237410
82770 18 5 237411
82776 18 9 237412
82782 18 10 237413
82788 18 14 237414
82794 18 21 237441
82796 18 14 237546
82798 18 9 260988
82800 18 10 260989
82802 18 14 260990
82804 18 15 260991
82806 18 19 260992
82808 18 21 260993
82810 18 22 260994
82812 18 23 260995
82814 18 1 260996
82816 18 2 260997
82818 18 3 260998
82820 18 5 260999
82822 18 9 261000
82824 18 10 261001
82826 18 14 261002
82828 18 15 261003
82830 18 19 261004
82832 18 21 261005
82834 18 22 261006
82836 18 23 261007
82838 18 1 261008
82840 18 2 261009
82842 18 3 261010
82844 18 5 261011
82846 18 9 261012
82848 18 10 261013
82850 18 14 261014
82896 18 15 261015
82898 18 19 261016
82900 18 21 261017
82902 18 22 261018
82904 18 23 261019
82906 18 1 261020
82908 18 2 261021
82910 18 3 261022
82912 18 5 261023
82914 18 9 261024
82916 18 10 261025
82918 18 14 261026
82920 18 15 261027
82922 18 19 261028
82924 18 21 261029
82926 18 22 261030
82928 18 23 261031
82930 18 1 261032
82932 18 2 261033
82934 18 3 261034
82936 18 5 261035
82938 18 9 261036
82940 18 10 261037
82942 18 14 261038
82944 18 15 261039
82946 18 19 261040
82948 18 21 261041
82950 18 22 261042
82952 18 23 261043
82954 18 1 261044
82956 18 2 261045
82958 18 3 261046
82960 18 5 261047
82962 18 9 261048
82964 18 10 261049
82968 18 14 261050
82970 18 15 261051
82972 18 19 261052
82974 18 21 261053
82976 18 22 261054
82978 18 23 261055
82980 18 1 261056
82982 18 2 261057
82984 18 3 261058
82986 18 5 261059
82988 18 9 261060
82990 18 10 261061
82992 18 14 261062
82994 18 15 261063
82996 18 19 261064
82998 18 21 261065
83000 18 22 261066
83002 18 23 261067
83004 18 1 261068
83006 18 2 261069
83008 18 3 261070
83010 18 5 261071
83012 18 9 261072
83014 18 10 261073
83016 18 14 261074
83018 18 15 261075
83020 18 19 261076
83022 18 21 261077
83024 18 22 261078
83026 18 23 261079
83028 18 1 261080
83032 18 2 261081
83034 18 3 261082
83036 18 5 261083
83038 18 9 261084
83040 18 10 261085
83042 18 14 261086
83044 18 15 261087
83046 18 19 261088
83048 18 21 261089
83054 18 22 261090
83056 18 23 261091
83058 18 1 261092
83060 18 2 261093
83062 18 3 261094
83064 18 5 261095
83066 18 9 261096
83068 18 10 261097
83070 18 14 261098
83072 18 15 261099
83074 18 19 261100
83076 18 21 261101
83078 18 22 261102
83080 18 23 261103
83082 18 1 261104
83084 18 2 261105
83086 18 3 261106
83088 18 5 261107
83090 18 9 261108
83092 18 10 261109
83094 18 14 261110
83096 18 15 261111
83098 18 19 261112
83100 18 21 261113
83102 18 22 261114
83104 18 23 261115
83106 18 1 261116
83108 18 2 261117
83110 18 3 261118
83112 18 5 261119
83114 18 1 261120
83116 18 2 261121
83118 18 3 261122
83120 18 5 261123
83122 18 9 261124
83124 18 10 261125
83126 18 14 261126
83128 18 15 261127
83130 18 19 261128
83132 18 21 261129
83134 18 22 261130
83136 18 23 261131
83138 18 1 261132
83140 18 2 261133
83142 18 3 261134
83144 18 5 261135
83146 18 9 261136
83148 18 10 261137
83150 18 14 261138
83152 18 15 261139
83154 18 19 261140
83156 18 21 261141
83158 18 22 261142
83160 18 23 261143
83162 18 1 261144
83164 18 2 261145
83166 18 3 261146
83168 18 5 261147
83170 18 9 261148
83172 18 10 261149
83174 18 14 261150
83176 18 15 261151
83178 18 19 261152
83180 18 21 261153
83182 18 22 261154
83184 18 23 261155
83186 18 1 261156
83188 18 2 261157
83190 18 3 261158
83192 18 5 261159
83194 18 9 261160
83196 18 10 261161
83198 18 14 261162
83200 18 15 261163
83202 18 19 261164
83204 18 21 261165
83206 18 22 261166
83208 18 23 261167
83210 18 1 261168
83212 18 2 261169
83214 18 3 261170
83216 18 5 261171
83218 18 9 261172
83220 18 10 261173
83222 18 14 261174
83224 18 15 261175
83226 18 19 261176
83228 18 21 261177
83230 18 22 261178
83232 18 23 261179
83234 18 1 261180
83236 18 2 261181
83238 18 3 261182
83240 18 5 261183
83242 18 9 261184
83244 18 10 261185
83246 18 14 261186
83248 18 15 261187
83250 18 19 261188
83252 18 21 261189
83254 18 22 261190
83256 18 23 261191
83258 18 1 261192
83260 18 2 261193
83262 18 3 261194
83264 18 5 261195
83266 18 9 261196
83268 18 10 261197
83270 18 14 261198
83272 18 15 261199
83274 18 19 261200
83276 18 21 261201
83278 18 22 261202
83280 18 23 261203
83282 18 1 261204
83284 18 2 261205
83286 18 3 261206
83288 18 5 261207
83290 18 9 261208
83292 18 10 261209
83294 18 14 261210
83296 18 15 261211
83298 18 19 261212
83300 18 21 261213
83302 18 22 261214
83304 18 23 261215
83306 18 1 261216
83308 18 2 261217
83310 18 3 261218
83312 18 5 261219
83314 18 9 261220
83316 18 10 261221
83318 18 14 261222
83320 18 15 261223
83322 18 19 261224
83324 18 21 261225
83326 18 22 261226
83328 18 23 261227
83330 18 1 261228
83332 18 2 261229
83334 18 3 261230
83336 18 5 261231
83338 18 9 261232
83340 18 10 261233
83342 18 14 261234
83344 18 15 261235
83346 18 19 261236
83348 18 21 261237
83350 18 22 261238
83352 18 23 261239
83354 18 1 261240
83356 18 2 261241
83358 18 3 261242
83360 18 5 261243
83362 18 9 261244
83364 18 10 261245
83366 18 14 261246
83368 18 15 261247
83370 18 19 261248
83372 18 21 261249
83374 18 22 261250
83376 18 23 261251
83378 18 1 261252
83380 18 2 261253
83382 18 3 261254
83384 18 5 261255
83386 18 9 261256
83388 18 10 261257
83390 18 14 261258
83392 18 15 261259
83394 18 19 261260
83396 18 21 261261
83398 18 22 261262
83400 18 23 261263
83402 18 1 261264
83404 18 2 261265
83406 18 3 261266
83408 18 5 261267
83410 18 9 261268
83412 18 10 261269
83414 18 14 261270
83416 18 15 261271
83418 18 19 261272
83420 18 21 261273
83422 18 22 261274
83424 18 23 261275
83426 18 1 261276
83428 18 2 261277
83430 18 3 261278
83432 18 5 261279
83434 18 9 261280
83436 18 10 261281
83438 18 14 261282
83440 18 15 261283
83442 18 19 261284
83444 18 21 261285
83446 18 22 261286
83448 18 23 261287
83450 18 1 261288
83452 18 2 261289
83454 18 3 261290
83456 18 5 261291
83458 18 9 261292
83460 18 10 261293
83462 18 14 261294
83464 18 15 261295
83466 18 19 261296
83468 18 21 261297
83470 18 22 261298
83472 18 23 261299
83474 18 1 261300
83476 18 2 261301
83478 18 3 261302
83480 18 5 261303
83482 18 9 261304
83484 18 10 261305
83486 18 14 261306
83488 18 15 261307
83490 18 19 261308
83492 18 21 261309
83494 18 22 261310
83496 18 23 261311
83498 18 1 261312
83500 18 2 261313
83502 18 3 261314
83504 18 5 261315
83506 18 9 261316
83508 18 10 261317
83510 18 14 261318
83512 18 15 261319
83514 18 19 261320
83516 18 21 261321
83518 18 22 261322
83520 18 23 261323
83522 18 1 261324
83524 18 2 261325
83526 18 3 261326
83528 18 5 261327
83530 18 9 261328
83532 18 10 261329
83534 18 14 261330
83536 18 15 261331
83538 18 19 261332
83540 18 21 261333
83542 18 22 261334
83544 18 23 261335
83546 18 1 261336
83548 18 2 261337
83550 18 3 261338
83552 18 5 261339
83554 18 9 261340
83556 18 10 261341
83558 18 14 261342
83560 18 15 261343
83562 18 19 261344
83564 18 21 261345
83566 18 22 261346
83568 18 23 261347
83570 18 1 261348
83572 18 2 261349
83574 18 3 261350
83576 18 5 261351
83578 18 9 261352
83580 18 10 261353
83582 18 14 261354
83584 18 15 261355
83586 18 19 261356
83588 18 21 261357
83590 18 22 261358
83592 18 23 261359
83594 18 1 261360
83596 18 2 261361
83598 18 3 261362
83600 18 5 261363
83602 18 9 261364
83604 18 10 261365
83606 18 14 261366
83608 18 15 261367
83610 18 19 261368
83612 18 21 261369
83614 18 22 261370
83616 18 23 261371
83618 18 1 261372
83620 18 2 261373
83622 18 3 261374
83624 18 5 261375
83626 18 9 261376
83628 18 10 261377
83630 18 14 261378
83632 18 15 261379
83634 18 19 261380
83636 18 21 261381
83638 18 22 261382
83640 18 23 261383
83642 18 1 261384
83644 18 2 261385
83646 18 3 261386
83648 18 5 261387
83650 18 9 261388
83652 18 10 261389
83654 18 14 261390
83656 18 15 261391
83658 18 19 261392
83660 18 21 261393
83662 18 22 261394
83664 18 23 261395
83666 18 1 261396
83668 18 2 261397
83670 18 3 261398
83672 18 5 261399
83674 18 9 261400
83676 18 10 261401
83678 18 14 261402
83680 18 15 261403
83682 18 19 261404
83684 18 21 261405
83686 18 22 261406
83688 18 23 261407
83690 18 1 261408
83692 18 2 261409
83694 18 3 261410
83696 18 5 261411
83698 18 9 261412
83700 18 10 261413
83702 18 14 261414
83704 18 15 261415
83706 18 19 261416
83708 18 21 261417
83710 18 22 261418
83712 18 23 261419
83714 18 1 261420
83716 18 2 261421
83718 18 3 261422
83720 18 5 261423
83722 18 9 261424
83724 18 10 261425
83726 18 14 261426
83728 18 15 261427
83730 18 19 261428
83732 18 21 261429
83734 18 22 261430
83736 18 23 261431
83738 18 1 261432
83740 18 2 261433
83742 18 3 261434
83744 18 5 261435
83746 18 9 261436
83748 18 10 261437
83750 18 14 261438
83752 18 15 261439
83754 18 19 261440
83756 18 21 261441
83758 18 22 261442
83760 18 23 261443
83762 18 1 261444
83764 18 2 261445
83766 18 3 261446
83768 18 5 261447
83770 18 9 261448
83772 18 10 261449
83774 18 14 261450
83776 18 15 261451
83778 18 19 261452
83780 18 21 261453
83782 18 22 261454
83784 18 23 261455
83786 18 1 261456
83788 18 2 261457
83790 18 3 261458
83792 18 5 261459
83794 18 9 261460
83796 18 10 261461
83798 18 14 261462
83800 18 15 261463
83802 18 19 261464
83804 18 21 261465
83806 18 22 261466
83808 18 23 261467
83810 18 1 261468
83812 18 2 261469
83814 18 3 261470
83816 18 5 261471
83818 18 9 261472
83820 18 10 261473
83822 18 14 261474
83824 18 15 261475
83826 18 19 261476
83828 18 21 261477
83830 18 22 261478
83832 18 23 261479
83834 18 1 261480
83836 18 2 261481
83838 18 3 261482
83840 18 5 261483
83842 18 9 261484
83844 18 10 261485
83846 18 14 261486
83848 18 15 261487
83850 18 19 261488
83852 18 21 261489
83854 18 22 261490
83856 18 23 261491
83858 18 1 261492
83860 18 1 0
83862 18 15 55
84104 18 1 1948
84106 18 22 5766
84108 18 22 8466
84110 18 3 14310
84112 18 10 16821
84114 18 9 24096
84116 18 15 26195
84118 18 5 26215
84120 18 10 26217
84242 18 19 28580
84244 18 1 28584
84246 18 23 28427
84248 18 22 28922
84250 18 23 28923
84332 18 19 33968
84334 18 3 52814
84336 18 23 54811
84338 18 3 73030
84340 18 5 73031
84342 18 9 73032
84450 18 2 73029
84458 18 23 73859
84460 18 2 73873
84462 18 3 73874
84464 18 5 73875
84466 18 14 74094
84470 18 15 75999
84472 18 23 106543
84474 18 23 115335
84476 18 19 125668
84478 18 5 131687
84480 18 9 131688
84490 18 22 131694
84492 18 23 131695
84494 18 10 131701
84496 18 2 133009
84498 18 1 133020
84500 18 21 132849
84502 18 15 135259
84506 18 22 135274
84528 18 21 136041
84530 18 23 136031
84532 18 1 136032
84534 18 2 136033
84536 18 5 136035
84538 18 9 136036
84540 18 10 136037
84542 18 14 136038
84544 18 19 136040
84658 18 14 137498
84660 18 19 184120
84662 18 23 184123
84670 18 2 184125
84672 18 3 184126
84674 18 10 184129
84678 18 14 184130
84680 18 10 185457
84802 18 19 185568
84806 18 2 185597
84832 18 15 185819
84854 18 15 186975
84856 18 21 186977
84864 18 2 186993
84886 18 3 221678
84888 18 5 221679
84890 18 15 221683
84902 18 19 221684
84904 18 21 221685
84906 18 22 221686
84908 18 23 221687
84910 18 1 221688
84912 18 15 221695
84914 18 21 221697
84916 18 9 221704
84918 18 22 221698
84920 18 21 221709
84928 18 22 221818
84930 18 23 221879
84932 18 3 221882
84938 18 15 222019
84944 18 1 222024
84948 18 21 222021
84950 18 3 222026
84952 18 2 222037
84958 18 5 222039
85000 18 9 222088
85002 18 10 222089
85006 18 15 222215
85008 18 19 222216
85010 18 21 222217
85054 18 22 222218
85060 18 1 222388
85062 18 10 222393
85064 18 14 222394
85072 18 21 222421
85076 18 10 222477
85088 18 5 222499
85096 18 22 249838
85100 18 9 249820
85106 18 19 249848
85108 18 10 249821
85110 18 9 249896
85112 18 5 249895
85114 18 3 249930
85116 18 1 249928
85118 18 10 249933
85120 18 14 249934
85124 18 5 249931
85128 18 9 249932
85130 18 19 249936
85132 18 15 249935
85134 18 21 250009
85136 18 15 249971
85138 18 5 250039
85140 18 21 250165
85142 18 10 250197
85144 18 14 250198
85146 18 15 250199
85148 18 23 250203
85152 18 3 250230
85154 18 1 250252
85156 18 2 250253
85158 18 3 250254
85160 18 5 250255
85162 18 9 250256
85164 18 10 250257
85166 18 14 250258
85168 18 15 250259
85170 18 19 250260
85172 18 21 250261
85174 18 22 250262
85176 18 23 250263
85178 18 2 250265
85258 18 3 250278
85416 18 22 250346
85444 18 3 250338
85474 18 14 250366
85476 18 19 250404
85478 18 15 250403
85480 18 21 250405
85484 18 22 250406
85488 18 23 250407
85492 18 1 250408
85496 18 2 250409
85500 18 3 250410
85504 18 5 250411
85508 18 9 250412
85512 18 10 250413
85516 18 14 250594
85518 18 2 250817
85520 18 15 272327
85522 18 23 272379
85524 18 1 272380
85526 18 2 272381
85528 18 3 272382
85530 18 5 272383
85532 18 5 272275
85534 18 21 272293
85536 18 19 272292
85538 18 1 272384
85540 18 2 272385
85542 18 3 272386
85544 18 5 272387
85546 18 9 272388
85548 18 10 272389
85550 18 14 272390
85552 18 15 272391
85554 18 19 272392
85556 18 21 272393
85558 18 22 272394
85560 18 23 272395
85562 18 1 272396
85564 18 2 272397
85566 18 3 272398
85568 18 5 272399
85570 18 9 272400
85572 18 10 272401
85574 18 14 272402
85576 18 15 272403
85578 18 19 272404
85580 18 21 272405
85582 18 22 272406
85584 18 23 272407
85586 18 1 272408
85588 18 2 272409
85590 18 3 272410
85592 18 5 272411
85594 18 9 272412
85596 18 10 272413
85598 18 14 272414
85600 18 15 272415
85602 18 19 272416
85604 18 21 272417
85606 18 22 272418
85608 18 23 272419
85610 18 1 272420
85612 18 2 272421
85614 18 3 272422
85616 18 5 272423
85618 18 9 272424
85620 18 10 272425
85622 18 14 272426
85624 18 15 272427
85628 18 19 272428
85630 18 21 272429
85632 18 22 272430
85634 18 23 272431
85636 18 1 272432
85638 18 2 272433
85640 18 3 272434
85642 18 5 272435
85644 18 9 272436
85646 18 10 272437
85648 18 14 272438
85650 18 15 272439
85652 18 19 272440
85654 18 21 272441
85656 18 22 272442
85658 18 23 272443
85660 18 1 272444
85662 18 2 272445
85664 18 3 272446
85666 18 5 272447
85668 18 9 272448
85670 18 10 272449
85672 18 14 272450
85674 18 15 272451
85676 18 19 272452
85678 18 21 272453
85680 18 22 272454
85682 18 23 272455
85684 18 1 272456
85686 18 2 272457
85688 18 3 272458
85690 18 5 272459
85692 18 9 272460
85694 18 10 272461
85696 18 14 272462
85698 18 15 272463
85700 18 19 272464
85702 18 21 272465
85704 18 22 272466
85706 18 23 272467
85708 18 1 272468
85710 18 2 272469
85712 18 3 272470
85714 18 5 272471
85716 18 9 272472
85718 18 10 272473
85720 18 14 272474
85722 18 15 272475
85724 18 19 272476
85726 18 21 272477
85728 18 22 272478
85730 18 23 272479
85732 18 1 272480
85734 18 2 272481
85736 18 3 272482
85738 18 5 272483
85740 18 9 272484
85742 18 10 272485
85744 18 14 272486
85746 18 15 272487
85748 18 19 272488
85750 18 21 272489
85752 18 22 272490
85754 18 23 272491
85756 18 1 272492
85758 18 2 272493
85760 18 3 272494
85762 18 5 272495
85764 18 9 272496
85766 18 10 272497
85768 18 14 272498
85770 18 15 272499
85772 18 19 272500
85774 18 21 272501
85776 18 22 272502
85778 18 23 272503
85780 18 1 272504
85782 18 2 272505
85784 18 3 272506
85786 18 5 272507
85788 18 9 272508
85790 18 10 272509
85792 18 14 272510
85794 18 15 272511
85796 18 19 272512
85798 18 21 272513
85800 18 22 272514
85802 18 23 272515
85804 18 1 272516
85806 18 2 272517
85808 18 3 272518
85810 18 5 272519
85812 18 9 272520
85814 18 10 272521
85816 18 14 272522
85818 18 15 272523
85820 18 19 272524
85822 18 21 272525
85824 18 22 272526
85826 18 23 272527
85828 18 1 272528
85830 18 2 272529
85832 18 3 272530
85834 18 5 272531
85836 18 9 272532
85838 18 10 272533
85840 18 14 272534
85842 18 15 272535
85844 18 19 272536
85846 18 21 272537
85848 18 22 272538
85850 18 23 272539
85852 18 1 272540
85854 18 2 272541
85856 18 3 272542
85858 18 5 272543
85860 18 9 272544
85862 18 10 272545
85864 18 14 272546
85866 18 15 272547
85868 18 19 272548
85870 18 21 272549
85872 18 22 272550
85874 18 23 272551
85876 18 1 272552
85878 18 2 272553
85880 18 3 272554
85882 18 5 272555
85884 18 9 272556
85886 18 10 272557
85888 18 14 272558
85890 18 15 272559
85892 18 19 272560
85894 18 21 272561
85896 18 22 272562
85898 18 23 272563
85900 18 1 272564
85902 18 2 272565
85904 18 3 272566
85906 18 5 272567
85908 18 9 272568
85910 18 10 272569
85912 18 14 272570
85914 18 15 272571
85916 18 19 272572
85918 18 21 272573
85920 18 22 272574
85922 18 23 272575
85924 18 1 272576
85926 18 2 272577
85928 18 3 272578
85930 18 5 272579
85932 18 9 272580
85934 18 10 272581
85936 18 14 272582
85938 18 15 272583
85940 18 19 272584
85942 18 21 272585
85944 18 22 272586
85946 18 23 272587
85948 18 1 272588
85950 18 2 272589
85952 18 3 272590
85954 18 5 272591
85956 18 9 272592
85958 18 10 272593
85960 18 14 272594
85962 18 15 272595
85964 18 19 272596
85966 18 21 272597
85968 18 22 272598
85970 18 23 272599
85972 18 1 272600
85974 18 2 272601
85976 18 3 272602
85978 18 5 272603
85980 18 9 272604
85982 18 10 272605
85984 18 14 272606
85986 18 15 272607
85988 18 19 272608
85990 18 21 272609
85992 18 22 272610
85994 18 23 272611
85996 18 1 272612
85998 18 2 272613
86000 18 3 272614
86002 18 5 272615
86004 18 9 272616
86006 18 10 272617
86008 18 14 272618
86010 18 15 272619
86012 18 19 272620
86014 18 21 272621
86016 18 22 272622
86018 18 23 272623
86022 18 1 272624
86024 18 2 272625
86026 18 3 272626
86028 18 5 272627
86030 18 9 272628
86032 18 10 272629
86034 18 14 272630
86036 18 15 272631
86038 18 19 272632
86040 18 21 272633
86042 18 22 272634
86048 18 23 272635
86050 18 1 272636
86052 18 2 272637
86054 18 3 272638
86056 18 5 272639
86058 18 9 272640
86060 18 10 272641
86062 18 14 272642
86064 18 15 272643
86066 18 19 272644
86068 18 21 272645
86070 18 22 272646
86072 18 23 272647
86074 18 1 272648
86076 18 2 272649
86078 18 3 272650
86080 18 5 272651
86082 18 9 272652
86084 18 10 272653
86086 18 14 272654
86088 18 15 272655
86090 18 19 272656
86092 18 21 272657
86094 18 22 272658
86096 18 23 272659
86098 18 1 272660
86100 18 2 272661
86102 18 3 272662
86104 18 5 272663
86106 18 9 272664
86108 18 10 272665
86110 18 14 272666
86112 18 15 272667
86114 18 19 272668
86116 18 21 272669
86118 18 22 272670
86120 18 23 272671
86122 18 1 272672
86124 18 2 272673
86126 18 3 272674
86128 18 5 272675
86130 18 9 272676
86132 18 10 272677
86134 18 14 272678
86136 18 15 272679
86138 18 19 272680
86140 18 21 272681
86142 18 22 272682
86144 18 23 272683
86146 18 1 272684
86148 18 2 272685
86150 18 3 272686
86152 18 5 272687
86154 18 9 272688
86156 18 10 272689
86158 18 14 272690
86160 18 15 272691
86162 18 19 272692
86164 18 21 272693
86166 18 22 272694
86168 18 23 272695
86170 18 1 272696
86172 18 2 272697
86174 18 3 272698
86176 18 5 272699
86178 18 9 272700
86180 18 10 272701
86182 18 14 272702
86184 18 15 272703
86186 18 19 272704
86188 18 21 272705
86190 18 22 272706
86192 18 23 272707
86194 18 1 272708
86196 18 2 272709
86198 18 3 272710
86200 18 5 272711
86202 18 9 272712
86204 18 10 272713
86206 18 14 272714
86208 18 15 272715
86210 18 19 272716
86212 18 21 272717
86214 18 22 272718
86216 18 23 272719
86218 18 1 272720
86220 18 2 272721
86222 18 3 272722
86224 18 5 272723
86226 18 9 272724
86228 18 10 272725
86230 18 14 272726
86232 18 15 272727
86234 18 19 272728
86236 18 21 272729
86238 18 22 272730
86240 18 23 272731
86242 18 1 272732
86244 18 2 272733
86246 18 3 272734
86248 18 5 272735
86250 18 9 272736
86252 18 10 272737
86254 18 14 272738
86256 18 15 272739
86258 18 19 272740
86260 18 21 272741
86262 18 22 272742
86264 18 23 272743
86266 18 1 272744
86268 18 2 272745
86270 18 3 272746
86272 18 5 272747
86274 18 9 272748
86276 18 10 272749
86278 18 14 272750
86280 18 15 272751
86282 18 19 272752
86284 18 21 272753
86286 18 22 272754
86288 18 23 272755
86290 18 1 272756
86292 18 2 272757
86294 18 3 272758
86296 18 5 272759
86298 18 9 272760
86300 18 10 272761
86302 18 14 272762
86304 18 15 272763
86306 18 19 272764
86308 18 21 272765
86310 18 22 272766
86312 18 23 272767
86314 18 1 272768
86316 18 2 272769
86318 18 3 272770
86320 18 5 272771
86322 18 9 272772
86324 18 10 272773
86326 18 14 272774
86328 18 15 272775
86330 18 19 272776
86332 18 21 272777
86334 18 22 272778
86336 18 23 272779
86338 18 1 272780
86340 18 2 272781
86342 18 3 272782
86344 18 5 272783
86346 18 9 272784
86348 18 10 272785
86350 18 14 272786
86352 18 15 272787
86354 18 19 272788
86356 18 21 272789
86358 18 22 272790
86360 18 23 272791
86362 18 1 272792
86364 18 2 272793
86366 18 3 272794
86368 18 5 272795
86370 18 9 272796
86372 18 10 272797
86374 18 14 272798
86376 18 15 272799
86378 18 19 272800
86380 18 21 272801
86382 18 22 272802
86384 18 23 272803
86386 18 1 272804
86388 18 2 272805
86390 18 3 272806
86392 18 5 272807
86394 18 9 272808
86396 18 10 272809
86398 18 14 272810
86400 18 15 272811
86402 18 19 272812
86404 18 21 272813
86406 18 22 272814
86408 18 23 272815
86410 18 1 272816
86412 18 2 272817
86414 18 3 272818
86416 18 5 272819
86418 18 9 272820
86420 18 10 272821
86422 18 14 272822
86424 18 15 272823
86426 18 19 272824
86428 18 21 272825
86430 18 22 272826
86432 18 23 272827
86434 18 1 272828
86436 18 2 272829
86438 18 3 272830
86440 18 5 272831
86442 18 9 272832
86444 18 10 272833
86446 18 14 272834
86448 18 15 272835
86450 18 19 272836
86452 18 21 272837
86454 18 22 272838
86456 18 23 272839
86458 18 1 272840
86460 18 2 272841
86462 18 3 272842
86464 18 5 272843
86466 18 9 272844
86468 18 10 272845
86470 18 14 272846
86472 18 15 272847
86474 18 19 272848
86476 18 21 272849
86478 18 22 272850
86480 18 23 272851
86482 18 1 272852
86484 18 2 272853
86486 18 3 272854
86488 18 5 272855
86490 18 9 272856
86492 18 10 272857
86494 18 14 272858
86496 18 15 272859
86498 18 19 272860
86500 18 21 272861
86502 18 22 272862
86504 18 23 272863
86506 18 1 272864
86508 18 2 272865
86510 18 3 272866
86512 18 5 272867
86514 18 9 272868
86516 18 10 272869
86518 18 14 272870
86520 18 15 272871
86522 18 19 272872
86524 18 21 272873
86526 18 22 272874
86528 18 23 272875
86530 18 1 272876
86532 18 2 272877
86534 18 3 272878
86536 18 5 272879
86538 18 9 272880
86540 18 10 272881
86542 18 14 272882
86544 18 15 272883
86546 18 19 272884
86548 18 21 272885
86550 18 22 272886
86552 18 23 272887
86554 18 1 272888
86556 18 2 272889
86558 18 3 272890
86560 18 5 272891
86562 18 9 272892
86564 18 10 272893
86566 18 14 272894
86568 18 15 272895
86570 18 19 272896
86572 18 21 272897
86574 18 22 272898
86576 18 23 272899
86578 18 1 272900
86580 18 2 272901
86582 18 3 272902
86584 18 5 272903
86586 18 9 272904
86588 18 10 272905
86590 18 14 272906
86592 18 15 272907
86594 18 19 272908
86596 18 21 272909
86598 18 22 272910
86600 18 23 272911
86602 18 1 272912
86604 18 2 272913
86606 18 3 272914
86608 18 5 272915
86610 18 9 272916
86612 18 10 272917
86614 18 14 272918
86616 18 15 272919
86618 18 19 272920
86620 18 21 272921
86622 18 22 272922
86624 18 23 272923
86626 18 1 272924
86628 18 2 272925
86630 18 3 272926
86632 18 5 272927
86634 18 9 272928
86636 18 10 272929
86638 18 14 272930
86640 18 15 272931
86642 18 19 272932
86644 18 21 272933
86646 18 22 272934
86648 18 23 272935
86650 18 1 272936
86652 18 2 272937
86654 18 3 272938
86656 18 5 272939
86658 18 9 272940
86660 18 10 272941
86662 18 14 272942
86664 18 15 272943
86666 18 19 272944
86668 18 21 272945
86670 18 22 272946
86672 18 23 272947
86674 18 1 272948
86676 18 2 272949
86678 18 3 272950
86680 18 5 272951
86682 18 9 272952
86684 18 10 272953
86686 18 14 272954
86688 18 15 272955
86690 18 19 272956
86692 18 1 0
86696 18 19 12076
86698 18 5 12083
86700 18 22 12090
86702 18 21 12101
86704 18 10 12109
86706 18 19 12112
86708 18 23 12115
86710 18 1 12116
86712 18 2 12117
86714 18 9 12120
86716 18 21 12125
86718 18 2 12129
86720 18 21 12149
86722 18 19 12692
86724 18 15 14315
86726 18 5 17119
86728 18 3 17214
86730 18 3 18082
86732 18 19 22052
86734 18 23 23031
86736 18 1 38656
86738 18 14 38662
86740 18 19 38664
86742 18 22 38666
86744 18 19 38676
86746 18 9 38684
86748 18 15 38687
86750 18 10 38697
86752 18 9 38708
86754 18 2 38741
86756 18 19 38760
86758 18 15 60843
86760 18 3 65826
86762 18 3 68378
86764 18 19 106056
86766 18 23 107431
86768 18 5 106883
86770 18 10 110801
86772 18 10 116425
86774 18 14 149702
86776 18 22 149706
86778 18 19 151376
86780 18 22 186218
86782 18 21 193941
86784 18 21 219421
86786 18 22 219422
86788 18 23 219423
86790 18 1 219424
86792 18 5 242099
86810 18 5 242111
86812 18 2 242109
86816 18 3 242110
86818 18 10 242113
86850 18 21 242165
86852 18 14 242174
86854 18 9 263036
86856 18 19 263752
86858 18 21 263753
86860 18 22 263754
86862 18 23 263755
86880 18 15 284351
86882 18 22 284354
86884 18 23 284355
86886 18 1 284356
86888 18 2 284357
86890 18 3 284358
86892 18 5 284359
86894 18 9 284360
86896 18 10 284361
86898 18 14 284362
86900 18 15 284363
86902 18 19 284364
86904 18 21 284365
86906 18 22 284366
86908 18 23 284367
86910 18 1 284368
86912 18 2 284369
86914 18 3 284370
86916 18 5 284371
86918 18 9 284372
86920 18 10 284373
86922 18 14 284374
86924 18 15 284375
86926 18 19 284376
86928 18 21 284377
86930 18 22 284378
86932 18 23 284379
86934 18 1 284380
86936 18 2 284381
86938 18 3 284382
86940 18 5 284383
86942 18 9 284384
86944 18 10 284385
86946 18 14 284386
86948 18 15 284387
86950 18 19 284388
86952 18 19 251996
86954 18 3 252002
86956 18 23 252035
86958 18 3 252062
86960 18 9 290048
86962 18 10 290049
86964 18 14 290050
86966 18 15 290051
86968 18 19 290052
86970 18 21 290053
86972 18 22 290054
86974 18 23 290055
86976 18 1 290056
86978 18 2 290057
86980 18 3 290058
86982 18 5 290059
86984 18 9 290060
86986 18 10 290061
86988 18 14 290062
86990 18 15 290063
86992 18 19 290064
86994 18 21 290065
86996 18 22 290066
86998 18 23 290067
87000 18 1 290068
87002 18 2 290069
87004 18 3 290070
87006 18 5 290071
87008 18 9 290072
87010 18 10 290073
87012 18 14 290074
87014 18 15 290075
87016 18 19 290076
87018 18 21 290077
87020 18 22 290078
87022 18 23 290079
87024 18 1 290080
87026 18 2 290081
87028 18 3 290082
87030 18 5 290083
87032 18 9 290084
87034 18 10 290085
87036 18 14 290086
87038 18 15 290087
87040 18 19 290088
87042 18 21 290089
87044 18 22 290090
87046 18 23 290091
87048 18 1 290092
87050 18 2 290093
87052 18 3 290094
87054 18 5 290095
87056 18 9 290096
87058 18 10 290097
87060 18 14 290098
87062 18 15 290099
87064 18 19 290100
87066 18 21 290101
87068 18 22 290102
87070 18 23 290103
87072 18 1 290104
87074 18 5 219
87076 18 19 9860
87078 18 15 9907
87082 18 2 28877
87084 18 23 31331
87088 18 21 76013
87090 18 21 80301
87094 18 5 136047
87096 18 14 137390
87098 18 21 139921
87100 18 23 139923
87102 18 1 139924
87110 18 14 140170
87114 18 2 140337
87116 18 21 187073
87118 18 14 187310
87120 18 22 187314
87122 18 2 187329
87124 18 9 187308
87130 18 3 187330
87132 18 21 188761
87134 18 22 188762
87136 18 23 188763
87138 18 1 188764
87140 18 2 188765
87142 18 3 188766
87144 18 2 189317
87146 18 2 222749
87148 18 23 222663
87150 18 10 222669
87152 18 14 223310
87154 18 15 223311
87156 18 19 223312
87158 18 21 223313
87160 18 9 223320
87162 18 3 223318
87172 18 15 224623
87174 18 21 224625
87176 18 1 224628
87178 18 2 224629
87180 18 14 224634
87182 18 15 224635
87184 18 19 224636
87186 18 1 224652
87188 18 22 224638
87190 18 1 224640
87192 18 2 224641
87194 18 3 224642
87196 18 10 224645
87198 18 22 224626
87200 18 2 224653
87202 18 23 224651
87204 18 3 224654
87206 18 5 224655
87208 18 9 224656
87210 18 14 224658
87212 18 9 226500
87214 18 3 250638
87216 18 14 252894
87218 18 21 256309
87222 18 22 256310
87224 18 10 272581
87226 18 1 272660
87232 18 21 272957
87234 18 1 272972
87240 18 9 272976
87244 18 1 272984
87246 18 2 272985
87252 18 1 274272
87256 18 10 274485
87260 18 22 275186
87262 18 3 275602
87266 18 19 276740
87270 18 14 277522
87274 18 19 277584
87278 18 15 277679
87282 18 22 277694
87286 18 1 277708
87290 18 22 277742
87294 18 14 277954
87298 18 21 277981
87302 18 3 277986
87306 18 21 278221
87310 18 9 279240
87312 18 10 279241
87314 18 1 279248
87316 18 23 279247
87324 18 10 279253
87326 18 9 279616
87358 18 2 279685
87360 18 1 279936
87362 18 2 279937
87364 18 14 279954
87366 18 15 279955
87370 18 19 279956
87372 18 21 279957
87376 18 22 279958
87378 18 9 281156
87380 18 15 281159
87382 18 19 281292
87384 18 2 281297
87386 18 23 281367
87388 18 5 281395
87390 18 9 281396
87392 18 10 281397
87394 18 14 281398
87396 18 15 289919
87398 18 15 289907
87400 18 22 289910
87402 18 23 289911
87404 18 2 289913
87406 18 3 289914
87410 18 19 289908
87412 18 21 289909
87422 18 5 289915
87424 18 10 289917
87426 18 14 289918
87428 18 1 289924
87430 18 19 289920
87432 18 21 289921
87434 18 22 289922
87436 18 23 289923
87438 18 2 289925
87440 18 3 289926
87442 18 5 289927
87444 18 9 289928
87446 18 10 289977
87448 18 19 289980
87450 18 21 289981
87452 18 23 290343
87454 18 3 290346
87456 18 1 290344
87458 18 14 290554
87460 18 21 290641
87462 18 23 290703
87464 18 14 303758
87466 18 15 303759
87468 18 19 303760
87470 18 21 303761
87472 18 22 303762
87474 18 23 303763
87476 18 1 303764
87478 18 2 303765
87480 18 3 303766
87482 18 5 303767
87484 18 9 303768
87486 18 10 303769
87488 18 14 303770
87490 18 15 303771
87492 18 19 303772
87494 18 21 303773
87496 18 22 303774
87498 18 23 303775
87500 18 1 303776
87502 18 2 303777
87504 18 3 303778
87506 18 5 303779
87508 18 9 303780
87510 18 10 303781
87512 18 14 303782
87514 18 15 303783
87516 18 19 303784
87518 18 21 303785
87520 18 22 303786
87522 18 23 303787
87524 18 1 303788
87526 18 2 303789
87528 18 3 303790
87530 18 5 303791
87532 18 9 303792
87534 18 10 303793
87536 18 14 303794
87538 18 15 303795
87540 18 19 303796
87542 18 21 303797
87544 18 22 303798
87546 18 23 303799
87548 18 1 303800
87550 18 2 303801
87552 18 3 303802
87554 18 5 303803
87556 18 9 303804
87558 18 10 303805
87560 18 14 303806
87562 18 15 303807
87564 18 19 303808
87566 18 21 303809
87568 18 22 303810
87570 18 23 303811
87572 18 1 303812
87574 18 2 303813
87576 18 3 303814
87578 18 5 303815
87580 18 9 303816
87582 18 10 303817
87584 18 14 303818
87586 18 15 303819
87588 18 19 303820
87590 18 21 303821
87592 18 22 303822
87594 18 23 303823
87596 18 1 303824
87598 18 2 303825
87600 18 3 303826
87602 18 5 303827
87604 18 9 303828
87606 18 10 303829
87608 18 14 303830
87610 18 15 303831
87612 18 19 303832
87614 18 21 303833
87616 18 22 303834
87618 18 23 303835
87620 18 1 303836
87622 18 2 303837
87624 18 3 303838
87626 18 5 303839
87628 18 9 303840
87630 18 10 303841
87632 18 14 303842
87634 18 15 303843
87636 18 19 303844
87638 18 21 303845
87640 18 22 303846
87642 18 23 303847
87644 18 1 303848
87646 18 2 303849
87648 18 3 303850
87650 18 5 303851
87652 18 9 303852
87654 18 10 303853
87656 18 14 303854
87658 18 15 303855
87660 18 19 303856
87666 18 21 303857
87668 18 22 303858
87670 18 23 303859
87672 18 1 303860
87674 18 2 303861
87676 18 3 303862
87678 18 5 303863
87680 18 9 303864
87682 18 10 303865
87684 18 14 303866
87686 18 15 303867
87688 18 19 303868
87690 18 21 303869
87692 18 22 303870
87694 18 23 303871
87696 18 1 303872
87698 18 2 303873
87700 18 3 303874
87702 18 5 303875
87704 18 9 303876
87706 18 10 303877
87708 18 14 303878
87710 18 15 303879
87712 18 19 303880
87714 18 21 303881
87716 18 22 303882
87718 18 23 303883
87720 18 1 303884
87722 18 2 303885
87724 18 3 303886
87726 18 5 303887
87728 18 9 303888
87730 18 10 303889
87732 18 14 303890
87734 18 15 303891
87736 18 19 303892
87738 18 21 303893
87740 18 22 303894
87742 18 23 303895
87744 18 1 303896
87746 18 2 303897
87748 18 3 303898
87750 18 5 303899
87752 18 9 303900
87754 18 10 303901
87756 18 14 303902
87758 18 15 303903
87760 18 19 303904
87762 18 21 303905
87764 18 22 303906
87766 18 23 303907
87768 18 1 303908
87770 18 2 303909
87772 18 3 303910
87774 18 5 303911
87776 18 9 303912
87778 18 10 303913
87780 18 14 303914
87782 18 15 303915
87784 18 19 303916
87786 18 21 303917
87788 18 22 303918
87790 18 23 303919
87792 18 1 303920
87794 18 2 303921
87796 18 3 303922
87798 18 5 303923
87800 18 9 303924
87802 18 10 303925
87804 18 14 303926
87806 18 15 303927
87808 18 19 303928
87810 18 21 303929
87812 18 22 303930
87814 18 23 303931
87816 18 1 303932
87818 18 2 303933
87820 18 3 303934
87822 18 5 303935
87824 18 9 303936
87826 18 10 303937
87828 18 14 303938
87830 18 15 303939
87832 18 19 303940
87834 18 21 303941
87836 18 22 303942
87838 18 23 303943
87840 18 1 303944
87842 18 2 303945
87844 18 3 303946
87846 18 5 303947
87848 18 9 303948
87850 18 10 303949
87852 18 14 303950
87854 18 15 303951
87856 18 19 303952
87858 18 21 303953
87860 18 22 303954
87862 18 23 303955
87864 18 1 303956
87866 18 2 303957
87868 18 3 303958
87870 18 5 303959
87872 18 9 303960
87874 18 10 303961
87876 18 14 303962
87878 18 15 303963
87880 18 19 303964
87882 18 21 303965
87884 18 22 303966
87886 18 23 303967
87888 18 1 303968
87890 18 2 303969
87892 18 3 303970
87894 18 5 303971
87896 18 9 303972
87898 18 10 303973
87900 18 14 303974
87902 18 15 303975
87904 18 19 303976
87906 18 21 303977
87908 18 22 303978
87910 18 23 303979
87912 18 1 303980
87914 18 2 303981
87916 18 3 303982
87918 18 5 303983
87920 18 9 303984
87922 18 10 303985
87924 18 14 303986
87926 18 15 303987
87928 18 19 303988
87930 18 21 303989
87932 18 22 303990
87934 18 23 303991
87936 18 1 303992
87938 18 2 303993
87940 18 3 303994
87942 18 5 303995
87944 18 9 303996
87946 18 10 303997
87948 18 14 303998
87950 18 15 303999
87952 18 19 304000
87954 18 21 304001
87956 18 22 304002
87958 18 23 304003
87960 18 1 304004
87962 18 2 304005
87964 18 3 304006
87966 18 5 304007
87968 18 9 304008
87970 18 10 304009
87972 18 14 304010
87974 18 15 304011
87976 18 19 304012
87978 18 21 304013
87980 18 22 304014
87982 18 23 304015
87984 18 1 304016
87986 18 2 304017
87988 18 3 304018
87990 18 5 304019
87992 18 9 304020
87994 18 10 304021
87996 18 14 304022
87998 18 15 304023
88000 18 19 304024
88002 18 21 304025
88004 18 22 304026
88006 18 23 304027
88008 18 1 304028
88010 18 2 304029
88012 18 3 304030
88014 18 5 304031
88016 18 9 304032
88018 18 10 304033
88020 18 14 304034
88022 18 15 304035
88024 18 19 304036
88026 18 21 304037
88028 18 22 304038
88030 18 23 304039
88032 18 1 304040
88034 18 2 304041
88036 18 3 304042
88038 18 5 304043
88040 18 9 304044
88042 18 10 304045
88044 18 14 304046
88046 18 15 304047
88048 18 19 304048
88050 18 21 304049
88052 18 22 304050
88054 18 23 304051
88056 18 1 304052
88058 18 2 304053
88060 18 3 304054
88062 18 5 304055
88064 18 9 304056
88066 18 10 304057
88068 18 14 304058
88070 18 15 304059
88072 18 19 304060
88074 18 21 304061
88076 18 22 304062
88078 18 23 304063
88080 18 1 304064
88082 18 2 304065
88084 18 3 304066
88086 18 5 304067
88088 18 9 304068
88090 18 10 304069
88092 18 14 304070
88094 18 15 304071
88096 18 19 304072
88098 18 21 304073
88100 18 22 304074
88102 18 23 304075
88104 18 1 304076
88106 18 2 304077
88108 18 3 304078
88110 18 5 304079
88112 18 9 304080
88114 18 10 304081
88116 18 14 304082
88118 18 15 304083
88120 18 19 304084
88122 18 21 304085
88124 18 22 304086
88126 18 23 304087
88128 18 1 304088
88130 18 2 304089
88132 18 3 304090
88134 18 5 304091
88136 18 9 304092
88138 18 10 304093
88140 18 14 304094
88142 18 15 304095
88144 18 19 304096
88146 18 21 304097
88148 18 22 304098
88150 18 23 304099
88152 18 1 304100
88154 18 2 304101
88156 18 3 304102
88158 18 5 304103
88160 18 9 304104
88162 18 10 304105
88164 18 14 304106
88166 18 15 304107
88168 18 19 304108
88170 18 21 304109
88172 18 22 304110
88174 18 23 304111
88176 18 1 304112
88178 18 2 304113
88180 18 3 304114
88182 18 5 304115
88184 18 9 304116
88186 18 10 304117
88188 18 14 304118
88190 18 15 304119
88192 18 19 304120
88194 18 21 304121
88196 18 22 304122
88198 18 23 304123
88200 18 1 304124
88202 18 2 304125
88204 18 3 304126
88206 18 5 304127
88208 18 1 304128
88210 18 2 304129
88212 18 3 304130
88214 18 5 304131
88216 18 9 304132
88218 18 10 304133
88220 18 14 304134
88222 18 15 304135
88224 18 19 304136
88226 18 21 304137
88228 18 22 304138
88230 18 23 304139
88232 18 1 304140
88234 18 2 304141
88236 18 3 304142
88238 18 5 304143
88240 18 9 304144
88242 18 10 304145
88244 18 14 304146
88246 18 15 304147
88248 18 19 304148
88250 18 21 304149
88252 18 22 304150
88254 18 23 304151
88256 18 1 304152
88258 18 2 304153
88260 18 3 304154
88262 18 5 304155
88264 18 9 304156
88266 18 10 304157
88268 18 14 304158
88270 18 15 304159
88272 18 19 304160
88274 18 21 304161
88276 18 22 304162
88278 18 23 304163
88280 18 1 304164
88282 18 2 304165
88284 18 3 304166
88286 18 5 304167
88288 18 9 304168
88290 18 10 304169
88292 18 14 304170
88294 18 15 304171
88296 18 19 304172
88298 18 21 304173
88300 18 22 304174
88302 18 23 304175
88304 18 1 304176
88306 18 2 304177
88308 18 3 304178
88310 18 5 304179
88312 18 9 304180
88314 18 10 304181
88316 18 14 304182
88318 18 15 304183
88320 18 19 304184
88322 18 21 304185
88324 18 22 304186
88326 18 23 304187
88328 18 1 304188
88330 18 2 304189
88332 18 3 304190
88334 18 5 304191
88336 18 9 304192
88338 18 10 304193
88340 18 14 304194
88342 18 15 304195
88344 18 19 304196
88346 18 21 304197
88348 18 22 304198
88350 18 23 304199
88352 18 1 304200
88354 18 2 304201
88356 18 3 304202
88358 18 5 304203
88360 18 9 304204
88362 18 10 304205
88364 18 14 304206
88366 18 15 304207
88368 18 19 304208
88370 18 21 304209
88372 18 22 304210
88374 18 23 304211
88376 18 1 304212
88378 18 2 304213
88380 18 3 304214
88382 18 5 304215
88384 18 9 304216
88386 18 10 304217
88388 18 14 304218
88390 18 15 304219
88392 18 19 304220
88394 18 21 304221
88396 18 22 304222
88398 18 23 304223
88400 18 1 304224
88402 18 2 304225
88404 18 3 304226
88406 18 5 304227
88408 18 9 304228
88410 18 10 304229
88412 18 14 304230
88414 18 15 304231
88416 18 19 304232
88418 18 21 304233
88420 18 22 304234
88422 18 23 304235
88424 18 1 304236
88426 18 2 304237
88428 18 3 304238
88430 18 5 304239
88432 18 9 304240
88434 18 10 304241
88436 18 14 304242
88438 18 15 304243
88440 18 19 304244
88442 18 21 304245
88444 18 22 304246
88446 18 23 304247
88448 18 1 304248
88450 18 2 304249
88452 18 3 304250
88454 18 5 304251
88456 18 9 304252
88458 18 10 304253
88460 18 14 304254
88462 18 15 304255
88464 18 19 304256
88466 18 21 304257
88468 18 22 304258
88470 18 23 304259
88472 18 1 304260
88474 18 2 304261
88476 18 3 304262
88478 18 5 304263
88480 18 9 304264
88482 18 10 304265
88484 18 14 304266
88486 18 15 304267
88488 18 19 304268
88490 18 21 304269
88492 18 22 304270
88494 18 23 304271
88496 18 1 304272
88498 18 2 304273
88500 18 3 304274
88502 18 5 304275
88504 18 9 304276
88506 18 10 304277
88508 18 14 304278
88510 18 15 304279
88512 18 19 304280
88514 18 21 304281
88516 18 22 304282
88518 18 23 304283
88520 18 1 304284
88522 18 2 304285
88524 18 3 304286
88526 18 5 304287
88528 18 9 304288
88530 18 10 304289
88532 18 14 304290
88534 18 15 304291
88536 18 19 304292
88538 18 21 304293
88540 18 22 304294
88542 18 23 304295
88544 18 1 304296
88546 18 2 304297
88548 18 3 304298
88550 18 5 304299
88552 18 9 304300
88554 18 10 304301
88556 18 14 304302
88558 18 15 304303
88560 18 19 304304
88562 18 21 304305
88564 18 22 304306
88566 18 23 304307
88568 18 1 304308
88570 18 2 304309
88572 18 3 304310
88574 18 5 304311
88576 18 9 304312
88578 18 10 304313
88580 18 14 304314
88582 18 15 304315
88584 18 19 304316
88586 18 21 304317
88588 18 22 304318
88590 18 23 304319
88592 18 1 304320
88594 18 2 304321
88596 18 3 304322
88598 18 5 304323
88600 18 9 304324
88602 18 10 304325
88604 18 14 304326
88606 18 15 304327
88608 18 19 304328
88610 18 21 304329
88612 18 22 304330
88614 18 23 304331
88616 18 1 304332
88618 18 2 304333
88620 18 3 304334
88622 18 5 304335
88624 18 9 304336
88626 18 10 304337
88628 18 14 304338
88630 18 15 304339
88632 18 19 304340
88634 18 21 304341
88636 18 22 304342
88638 18 23 304343
88640 18 1 304344
88642 18 2 304345
88644 18 3 304346
88646 18 5 304347
88648 18 9 304348
88650 18 10 304349
88652 18 14 304350
88654 18 15 304351
88656 18 19 304352
88658 18 21 304353
88660 18 22 304354
88662 18 23 304355
88664 18 1 304356
88666 18 2 304357
88668 18 3 304358
88670 18 5 304359
88672 18 9 304360
88674 18 10 304361
88676 18 14 304362
88678 18 15 304363
88680 18 19 304364
88682 18 21 304365
88684 18 22 304366
88686 18 23 304367
88688 18 1 304368
88690 18 2 304369
88692 18 3 304370
88694 18 5 304371
88696 18 9 304372
88698 18 10 304373
88700 18 14 304374
88702 18 15 304375
88704 18 19 304376
88706 18 21 304377
88708 18 22 304378
88710 18 23 304379
88712 18 1 304380
88714 18 2 304381
88716 18 3 304382
88718 18 5 304383
88720 18 9 304384
88722 18 10 304385
88724 18 14 304386
88726 18 15 304387
88728 18 19 304388
88730 18 21 304389
88732 18 22 304390
88734 18 23 304391
88736 18 1 304392
88738 18 2 304393
88740 18 3 304394
88742 18 5 304395
88744 18 9 304396
88746 18 10 304397
88748 18 14 304398
88750 18 15 304399
88752 18 19 304400
88754 18 21 304401
88756 18 22 304402
88758 18 23 304403
88760 18 1 304404
88762 18 2 304405
88764 18 3 304406
88766 18 5 304407
88768 18 9 304408
88770 18 10 304409
88772 18 14 304410
88774 18 15 304411
88776 18 19 304412
88778 18 21 304413
88780 18 22 304414
88782 18 23 304415
88784 18 1 304416
88786 18 2 304417
88788 18 3 304418
88790 18 5 304419
88792 18 9 304420
88794 18 10 304421
88796 18 14 304422
88798 18 15 304423
88800 18 19 304424
88802 18 21 304425
88804 18 22 304426
88806 18 23 304427
88808 18 1 304428
88810 18 2 304429
88812 18 3 304430
88814 18 5 304431
88816 18 9 304432
88818 18 10 304433
88820 18 14 304434
88822 18 15 304435
88824 18 19 304436
88826 18 21 304437
88828 18 22 304438
88830 18 23 304439
88832 18 1 304440
88834 18 2 304441
88836 18 3 304442
88838 18 5 304443
88840 18 9 304444
88842 18 10 304445
88844 18 14 304446
88846 18 15 304447
88848 18 19 304448
88850 18 21 304449
88852 18 22 304450
88854 18 23 304451
88856 18 1 304452
88858 18 2 304453
88860 18 3 304454
88862 18 5 304455
88864 18 9 304456
88866 18 10 304457
88868 18 14 304458
88870 18 15 304459
88872 18 19 304460
88874 18 21 304461
88876 18 22 304462
88878 18 23 304463
88880 18 1 304464
88882 18 2 304465
88884 18 3 304466
88886 18 5 304467
88888 18 9 304468
88890 18 10 304469
88892 18 14 304470
88894 18 15 304471
88896 18 19 304472
88898 18 21 304473
88900 18 22 304474
88902 18 23 304475
88904 18 1 304476
88906 18 2 304477
88908 18 3 304478
88910 18 5 304479
88912 18 9 304480
88914 18 10 304481
88916 18 14 304482
88918 18 15 304483
88920 18 19 304484
88922 18 21 304485
88924 18 22 304486
88926 18 23 304487
88928 18 1 304488
88930 18 2 304489
88932 18 3 304490
88934 18 5 304491
88936 18 9 304492
88938 18 10 304493
88940 18 14 304494
88942 18 15 304495
88944 18 19 304496
88946 18 21 304497
88948 18 22 304498
88950 18 23 304499
88952 18 1 304500
88954 18 2 304501
88956 18 3 304502
88958 18 5 304503
88960 18 9 304504
88962 18 10 304505
88964 18 14 304506
88966 18 15 304507
88968 18 19 304508
88970 18 21 304509
88972 18 22 304510
88974 18 23 304511
88976 18 1 304512
88978 18 2 304513
88980 18 3 304514
88982 18 5 304515
88984 18 9 304516
88986 18 10 304517
88988 18 14 304518
88990 18 15 304519
88992 18 19 304520
88994 18 21 304521
88996 18 22 304522
88998 18 23 304523
89000 18 1 304524
89002 18 2 304525
89004 18 3 304526
89006 18 5 304527
89008 18 9 304528
89010 18 10 304529
89012 18 14 304530
89014 18 15 304531
89016 18 19 304532
89018 18 21 304533
89020 18 22 304534
89022 18 23 304535
89024 18 1 304536
89026 18 2 304537
89028 18 3 304538
89030 18 5 304539
89032 18 9 304540
89034 18 10 304541
89036 18 14 304542
89038 18 15 304543
89040 18 19 304544
89042 18 21 304545
89044 18 22 304546
89046 18 23 304547
89048 18 1 304548
89050 18 2 304549
89052 18 3 304550
89054 18 5 304551
89056 18 9 304552
89058 18 10 304553
89060 18 14 304554
89062 18 15 304555
89064 18 19 304556
89066 18 21 304557
89068 18 22 304558
89070 18 23 304559
89072 18 1 304560
89074 18 2 304561
89076 18 3 304562
89078 18 5 304563
89080 18 9 304564
89082 18 10 304565
89084 18 14 304566
89086 18 15 304567
89088 18 19 304568
89090 18 21 304569
89092 18 22 304570
89094 18 23 304571
89096 18 1 304572
89098 18 2 304573
89100 18 3 304574
89102 18 5 304575
89104 18 9 304576
89106 18 10 304577
89108 18 14 304578
89110 18 15 304579
89112 18 19 304580
89114 18 21 304581
89116 18 22 304582
89118 18 23 304583
89120 18 1 304584
89122 18 2 304585
89124 18 3 304586
89126 18 5 304587
89128 18 9 304588
89130 18 10 304589
89132 18 14 304590
89134 18 15 304591
89136 18 19 304592
89138 18 21 304593
89140 18 22 304594
89142 18 23 304595
89144 18 1 304596
89146 18 2 304597
89148 18 3 304598
89150 18 5 304599
89152 18 9 304600
89154 18 10 304601
89156 18 14 304602
89158 18 15 304603
89160 18 19 304604
89162 18 21 304605
89164 18 22 304606
89166 18 23 304607
89168 18 1 304608
89170 18 2 304609
89172 18 3 304610
89174 18 5 304611
89176 18 9 304612
89178 18 10 304613
89180 18 14 304614
89182 18 15 304615
89184 18 19 304616
89186 18 21 304617
89188 18 22 304618
89190 18 23 304619
89192 18 1 304620
89194 18 2 304621
89196 18 3 304622
89198 18 5 304623
89200 18 9 304624
89202 18 10 304625
89204 18 14 304626
89206 18 15 304627
89208 18 19 304628
89210 18 21 304629
89212 18 22 304630
89214 18 23 304631
89216 18 1 304632
89218 18 2 304633
89220 18 3 304634
89222 18 5 304635
89224 18 9 304636
89226 18 10 304637
89228 18 14 304638
89230 18 15 304639
89232 18 19 304640
89234 18 21 304641
89236 18 22 304642
89238 18 23 304643
89240 18 1 304644
89242 18 2 304645
89244 18 3 304646
89246 18 5 304647
89248 18 9 304648
89250 18 10 304649
89252 18 14 304650
89254 18 15 304651
89256 18 19 304652
89258 18 21 304653
89260 18 22 304654
89262 18 23 304655
89264 18 1 304656
89266 18 2 304657
89268 18 3 304658
89270 18 5 304659
89272 18 9 304660
89274 18 10 304661
89276 18 14 304662
89278 18 15 304663
89280 18 19 304664
89282 18 21 304665
89284 18 22 304666
89286 18 23 304667
89288 18 1 304668
89290 18 2 304669
89292 18 3 304670
89294 18 5 304671
89296 18 9 304672
89298 18 10 304673
89300 18 14 304674
89302 18 15 304675
89304 18 19 304676
89306 18 21 304677
89308 18 22 304678
89310 18 23 304679
89312 18 1 304680
89314 18 2 304681
89316 18 3 304682
89318 18 5 304683
89320 18 9 304684
89322 18 10 304685
89324 18 14 304686
89326 18 15 304687
89328 18 19 304688
89330 18 21 304689
89332 18 22 304690
89334 18 23 304691
89336 18 1 304692
89338 18 2 304693
89340 18 3 304694
89342 18 5 304695
89344 18 9 304696
89346 18 10 304697
89348 18 14 304698
89350 18 15 304699
89352 18 19 304700
89354 18 21 304701
89356 18 22 304702
89358 18 23 304703
89360 18 1 304704
89362 18 2 304705
89364 18 3 304706
89366 18 5 304707
89368 18 9 304708
89370 18 10 304709
89372 18 14 304710
89374 18 15 304711
89376 18 19 304712
89378 18 21 304713
89380 18 22 304714
89382 18 23 304715
89384 18 1 304716
89386 18 2 304717
89388 18 3 304718
89390 18 5 304719
89392 18 9 304720
89394 18 10 304721
89396 18 14 304722
89398 18 15 304723
89400 18 19 304724
89402 18 21 304725
89404 18 22 304726
89406 18 23 304727
89408 18 1 304728
89410 18 2 304729
89412 18 3 304730
89414 18 5 304731
89416 18 9 304732
89418 18 10 304733
89420 18 14 304734
89422 18 15 304735
89424 18 19 304736
89426 18 21 304737
89428 18 22 304738
89430 18 23 304739
89432 18 1 304740
89434 18 2 304741
89436 18 3 304742
89438 18 5 304743
89440 18 9 304744
89442 18 10 304745
89444 18 14 304746
89446 18 15 304747
89448 18 19 304748
89450 18 21 304749
89452 18 22 304750
89454 18 23 304751
89456 18 1 304752
89458 18 2 304753
89460 18 3 304754
89462 18 5 304755
89464 18 9 304756
89466 18 10 304757
89468 18 14 304758
89470 18 15 304759
89472 18 19 304760
89474 18 21 304761
89476 18 22 304762
89478 18 23 304763
89480 18 1 304764
89482 18 2 304765
89484 18 3 304766
89486 18 5 304767
89488 18 9 304768
89490 18 10 304769
89492 18 14 304770
89494 18 15 304771
89496 18 19 304772
89498 18 21 304773
89500 18 22 304774
89502 18 23 304775
89504 18 1 304776
89506 18 2 304777
89508 18 3 304778
89510 18 5 304779
89512 18 9 304780
89514 18 10 304781
89516 18 14 304782
89518 18 15 304783
89520 18 19 304784
89522 18 21 304785
89524 18 22 304786
89526 18 23 304787
89528 18 1 304788
89530 18 2 304789
89532 18 3 304790
89534 18 5 304791
89536 18 9 304792
89538 18 10 304793
89540 18 14 304794
89542 18 15 304795
89544 18 19 304796
89546 18 21 304797
89548 18 22 304798
89550 18 23 304799
89552 18 1 304800
89554 18 2 304801
89556 18 3 304802
89558 18 5 304803
89560 18 9 304804
89562 18 10 304805
89564 18 14 304806
89566 18 15 304807
89568 18 19 304808
89570 18 21 304809
89572 18 22 304810
89574 18 23 304811
89576 18 1 304812
89578 18 2 304813
89580 18 3 304814
89582 18 5 304815
89584 18 9 304816
89586 18 10 304817
89588 18 14 304818
89590 18 15 304819
89592 18 19 304820
89594 18 21 304821
89596 18 22 304822
89598 18 23 304823
89600 18 1 304824
89602 18 2 304825
89604 18 3 304826
89606 18 5 304827
89608 18 9 304828
89610 18 10 304829
89612 18 14 304830
89614 18 15 304831
89616 18 19 304832
89618 18 21 304833
89620 18 22 304834
89622 18 23 304835
89624 18 1 304836
89626 18 2 304837
89628 18 3 304838
89630 18 5 304839
89632 18 9 304840
89634 18 10 304841
89636 18 14 304842
89638 18 15 304843
89640 18 19 304844
89642 18 21 304845
89644 18 22 304846
89646 18 23 304847
89648 18 1 304848
89650 18 2 304849
89652 18 3 304850
89654 18 5 304851
89656 18 9 304852
89658 18 10 304853
89660 18 14 304854
89662 18 15 304855
89664 18 19 304856
89666 18 21 304857
89668 18 22 304858
89670 18 23 304859
89672 18 1 304860
89674 18 2 304861
89676 18 3 304862
89678 18 5 304863
89680 18 9 304864
89682 18 10 304865
89684 18 14 304866
89686 18 15 304867
89688 18 19 304868
89690 18 21 304869
89692 18 22 304870
89694 18 23 304871
89696 18 1 304872
89698 18 2 304873
89700 18 3 304874
89702 18 5 304875
89704 18 9 304876
89706 18 10 304877
89708 18 14 304878
89710 18 15 304879
89712 18 19 304880
89714 18 21 304881
89716 18 22 304882
89718 18 23 304883
89720 18 1 304884
89722 18 2 304885
89724 18 3 304886
89726 18 5 304887
89728 18 9 304888
89730 18 10 304889
89732 18 14 304890
89734 18 15 304891
89736 18 19 304892
89738 18 21 304893
89740 18 22 304894
89742 18 23 304895
89744 18 1 304896
89746 18 2 304897
89748 18 3 304898
89750 18 5 304899
89752 18 9 304900
89754 18 10 304901
89756 18 14 304902
89758 18 15 304903
89760 18 19 304904
89762 18 21 304905
89764 18 22 304906
89766 18 23 304907
89768 18 1 304908
89770 18 2 304909
89772 18 3 304910
89774 18 5 304911
89776 18 9 304912
89778 18 10 304913
89780 18 14 304914
89782 18 15 304915
89784 18 19 304916
89786 18 21 304917
89788 18 22 304918
89790 18 23 304919
89792 18 1 304920
89794 18 2 304921
89796 18 3 304922
89798 18 5 304923
89800 18 9 304924
89802 18 10 304925
89804 18 14 304926
89806 18 15 304927
89808 18 19 304928
89810 18 21 304929
89812 18 22 304930
89814 18 23 304931
89816 18 1 304932
89818 18 2 304933
89820 18 3 304934
89822 18 5 304935
89824 18 9 304936
89826 18 10 304937
89828 18 14 304938
89830 18 15 304939
89832 18 19 304940
89834 18 21 304941
89836 18 22 304942
89838 18 23 304943
89840 18 1 304944
89842 18 2 304945
89844 18 3 304946
89846 18 5 304947
89848 18 9 304948
89850 18 10 304949
89852 18 14 304950
89854 18 15 304951
89856 18 19 304952
89858 18 21 304953
89860 18 22 304954
89862 18 23 304955
89864 18 1 304956
89866 18 2 304957
89868 18 3 304958
89870 18 5 304959
89872 18 9 304960
89874 18 10 304961
89876 18 14 304962
89878 18 15 304963
89880 18 19 304964
89882 18 21 304965
89884 18 22 304966
89886 18 23 304967
89888 18 1 304968
89890 18 2 304969
89892 18 3 304970
89894 18 5 304971
89896 18 9 304972
89898 18 10 304973
89900 18 14 304974
89902 18 15 304975
89904 18 19 304976
89906 18 21 304977
89908 18 22 304978
89910 18 23 304979
89912 18 1 304980
89914 18 2 304981
89916 18 3 304982
89918 18 5 304983
89920 18 9 304984
89922 18 10 304985
89924 18 14 304986
89926 18 15 304987
89928 18 19 304988
89930 18 21 304989
89932 18 22 304990
89934 18 23 304991
89936 18 1 304992
89938 18 2 304993
89940 18 3 304994
89942 18 5 304995
89944 18 9 304996
89946 18 10 304997
89948 18 14 304998
89950 18 15 304999
89952 18 19 305000
89954 18 21 305001
89956 18 22 305002
89958 18 23 305003
89960 18 1 305004
89962 18 2 305005
89964 18 3 305006
89966 18 5 305007
89968 18 9 305008
89970 18 10 305009
89972 18 14 305010
89974 18 15 305011
89976 18 19 305012
89978 18 21 305013
89980 18 22 305014
89982 18 23 305015
89984 18 1 305016
89986 18 2 305017
89988 18 3 305018
89990 18 5 305019
89992 18 9 305020
89994 18 10 305021
89996 18 14 305022
89998 18 15 305023
90000 18 19 305024
90002 18 21 305025
90004 18 22 305026
90006 18 23 305027
90008 18 1 305028
90010 18 2 305029
90012 18 3 305030
90014 18 5 305031
90016 18 9 305032
90018 18 10 305033
90020 18 14 305034
90022 18 15 305035
90024 18 19 305036
90026 18 21 305037
90028 18 22 305038
90030 18 23 305039
90032 18 1 305040
90034 18 2 305041
90036 18 3 305042
90038 18 5 305043
90040 18 9 305044
90042 18 10 305045
90044 18 14 305046
90046 18 15 305047
90048 18 19 305048
90050 18 21 305049
90052 18 22 305050
90054 18 23 305051
90056 18 1 305052
90058 18 2 305053
90060 18 3 305054
90062 18 5 305055
90064 18 9 305056
90066 18 10 305057
90068 18 14 305058
90070 18 15 305059
90072 18 19 305060
90074 18 21 305061
90076 18 22 305062
90078 18 23 305063
90080 18 1 305064
90082 18 2 305065
90084 18 3 305066
90086 18 5 305067
90088 18 9 305068
90090 18 10 305069
90092 18 14 305070
90094 18 15 305071
90096 18 19 305072
90098 18 21 305073
90100 18 22 305074
90102 18 23 305075
90104 18 1 305076
90106 18 2 305077
90108 18 3 305078
90110 18 5 305079
90112 18 9 305080
90114 18 10 305081
90116 18 14 305082
90118 18 15 305083
90120 18 19 305084
90122 18 21 305085
90124 18 22 305086
90126 18 23 305087
90128 18 1 305088
90130 18 2 305089
90132 18 3 305090
90134 18 5 305091
90136 18 9 305092
90138 18 10 305093
90140 18 14 305094
90142 18 15 305095
90144 18 19 305096
90146 18 21 305097
90148 18 22 305098
90150 18 23 305099
90152 18 1 305100
90154 18 2 305101
90156 18 3 305102
90158 18 5 305103
90160 18 9 305104
90162 18 10 305105
90164 18 14 305106
90166 18 15 305107
90168 18 19 305108
90170 18 21 305109
90172 18 22 305110
90174 18 23 305111
90176 18 1 305112
90178 18 2 305113
90180 18 3 305114
90182 18 5 305115
90184 18 9 305116
90186 18 10 305117
90188 18 14 305118
90190 18 15 305119
90192 18 19 305120
90194 18 21 305121
90196 18 22 305122
90198 18 23 305123
90200 18 1 305124
90202 18 2 305125
90204 18 3 305126
90206 18 5 305127
90208 18 9 305128
90210 18 10 305129
90212 18 14 305130
90214 18 15 305131
90216 18 19 305132
90218 18 21 305133
90220 18 22 305134
90222 18 23 305135
90224 18 1 305136
90226 18 2 305137
90228 18 3 305138
90230 18 5 305139
90232 18 9 305140
90234 18 10 305141
90236 18 14 305142
90238 18 15 305143
90240 18 19 305144
90242 18 21 305145
90244 18 22 305146
90246 18 23 305147
90248 18 1 305148
90250 18 2 305149
90252 18 3 305150
90254 18 5 305151
90256 18 1 305152
90258 18 2 305153
90260 18 3 305154
90262 18 5 305155
90264 18 9 305156
90266 18 10 305157
90268 18 14 305158
90270 18 15 305159
90272 18 19 305160
90274 18 21 305161
90276 18 22 305162
90278 18 23 305163
90280 18 1 305164
90282 18 2 305165
90284 18 3 305166
90286 18 5 305167
90288 18 9 305168
90290 18 10 305169
90292 18 14 305170
90294 18 15 305171
90296 18 19 305172
90298 18 21 305173
90300 18 22 305174
90302 18 23 305175
90304 18 1 305176
90306 18 2 305177
90310 18 3 305178
90312 18 5 305179
90316 18 9 305180
90318 18 10 305181
90320 18 14 305182
90322 18 15 305183
90324 18 19 305184
90326 18 21 305185
90328 18 22 305186
90330 18 23 305187
90332 18 1 305188
90334 18 2 305189
90336 18 3 305190
90338 18 5 305191
90340 18 9 305192
90342 18 10 305193
90344 18 14 305194
90346 18 15 305195
90348 18 19 305196
90350 18 21 305197
90352 18 22 305198
90354 18 23 305199
90356 18 1 305200
90358 18 2 305201
90360 18 3 305202
90362 18 5 305203
90364 18 9 305204
90366 18 10 305205
90368 18 14 305206
90370 18 15 305207
90372 18 19 305208
90374 18 21 305209
90376 18 22 305210
90378 18 23 305211
90380 18 1 305212
90382 18 2 305213
90384 18 3 305214
90386 18 5 305215
90388 18 9 305216
90390 18 10 305217
90392 18 14 305218
90394 18 15 305219
90396 18 19 305220
90398 18 21 305221
90400 18 22 305222
90402 18 23 305223
90404 18 1 305224
90406 18 2 305225
90408 18 3 305226
90410 18 5 305227
90412 18 9 305228
90414 18 10 305229
90416 18 14 305230
90418 18 15 305231
90420 18 19 305232
90422 18 21 305233
90424 18 22 305234
90426 18 23 305235
90428 18 1 305236
90430 18 2 305237
90432 18 3 305238
90434 18 5 305239
90436 18 9 305240
90438 18 10 305241
90440 18 14 305242
90442 18 15 305243
90444 18 19 305244
90446 18 21 305245
90448 18 22 305246
90450 18 23 305247
90452 18 1 305248
90454 18 2 305249
90456 18 3 305250
90458 18 5 305251
90460 18 9 305252
90462 18 10 305253
90464 18 14 305254
90466 18 15 305255
90468 18 19 305256
90470 18 21 305257
90472 18 22 305258
90474 18 23 305259
90476 18 1 305260
90478 18 2 305261
90480 18 3 305262
90482 18 5 305263
90484 18 9 305264
90486 18 10 305265
90488 18 14 305266
90490 18 15 305267
90492 18 19 305268
90494 18 21 305269
90496 18 22 305270
90498 18 23 305271
90500 18 1 305272
90502 18 2 305273
90504 18 3 305274
90506 18 5 305275
90508 18 9 305276
90510 18 10 305277
90512 18 14 305278
90514 18 15 305279
90516 18 19 305280
90518 18 21 305281
90520 18 22 305282
90522 18 23 305283
90524 18 1 305284
90526 18 2 305285
90528 18 3 305286
90530 18 5 305287
90532 18 9 305288
90534 18 10 305289
90536 18 14 305290
90538 18 15 305291
90540 18 19 305292
90542 18 21 305293
90544 18 22 305294
90546 18 23 305295
90548 18 1 305296
90550 18 2 305297
90552 18 3 305298
90554 18 5 305299
90556 18 9 305300
90558 18 10 305301
90560 18 14 305302
90562 18 15 305303
90564 18 19 305304
90566 18 21 305305
90568 18 22 305306
90570 18 23 305307
90572 18 1 305308
90574 18 2 305309
90576 18 3 305310
90578 18 5 305311
90580 18 9 305312
90582 18 10 305313
90584 18 14 305314
90586 18 15 305315
90588 18 19 305316
90590 18 21 305317
90592 18 22 305318
90594 18 23 305319
90596 18 1 305320
90598 18 2 305321
90600 18 14 252522
90602 18 15 252523
90604 18 19 252524
90606 18 21 252525
90608 18 22 252526
90610 18 23 252527
90612 18 1 252528
90614 18 2 252529
90616 18 3 252530
90618 18 5 252531
90620 18 9 252532
90622 18 10 252533
90624 18 14 252534
90626 18 15 252535
90628 18 19 252536
90630 18 21 252537
90632 18 5 289239
90634 18 15 289255
90636 18 10 289965
90638 18 5 289975
90664 18 9 289976
90696 18 1 303812
90698 18 2 303813
90700 18 3 303814
90702 18 5 303815
90704 18 9 303816
90706 18 10 303817
90708 18 15 303819
90710 18 19 303820
90712 18 21 303821
90714 18 22 303822
90716 18 23 303823
90718 18 1 303824
90720 18 2 303825
90722 18 3 303826
90724 18 5 303827
90726 18 10 303829
90728 18 14 303830
90730 18 15 303831
90748 18 9 303828
90750 18 22 303834
90752 18 23 303835
90754 18 10 303841
90756 18 2 303837
90758 18 3 303838
90760 18 5 303839
90762 18 9 303840
90764 18 14 303842
90766 18 15 303843
90768 18 19 303844
90770 18 21 303845
90772 18 19 303856
90774 18 22 309282
90776 18 23 309283
90778 18 1 309284
90780 18 2 309285
90782 18 3 309286
90784 18 5 309287
90786 18 9 309288
90788 18 10 309289
90790 18 14 309290
90792 18 15 309291
90794 18 19 309292
90796 18 21 309293
90798 18 22 309294
90800 18 23 309295
90802 18 1 309296
90804 18 2 309297
90806 18 3 309298
90808 18 5 309299
90810 18 9 309300
90812 18 10 309301
90814 18 14 309302
90816 18 15 309303
90818 18 19 309304
90820 18 21 309305
90822 18 22 309306
90824 18 23 309307
90826 18 1 309308
90828 18 2 309309
90830 18 3 309310
90832 18 5 309311
90834 18 9 309312
90836 18 10 309313
90838 18 14 309314
90840 18 15 309315
90842 18 19 309316
90844 18 21 309317
90846 18 22 309318
90848 18 23 309319
90850 18 1 309320
90852 18 2 309321
90854 18 3 309322
90856 18 5 309323
90858 18 9 309324
90860 18 10 309325
90862 18 14 309326
90864 18 15 309327
90866 18 19 309328
90868 18 21 309329
90870 18 22 309330
90872 18 23 309331
90874 18 1 309332
90876 18 2 309333
90878 18 3 309334
90880 18 5 309335
90882 18 9 309336
90884 18 10 309337
90886 18 14 309338
90888 18 15 309339
90890 18 19 309340
90892 18 21 309341
90894 18 22 309342
90896 18 23 309343
90898 18 1 309344
90900 18 2 309345
90902 18 3 309346
90904 18 5 309347
90906 18 9 309348
90908 18 10 309349
90910 18 14 309350
90912 18 15 309351
90914 18 19 309352
90916 18 21 309353
90918 18 22 309354
90920 18 23 309355
90922 18 1 309356
90924 18 2 309357
90926 18 3 309358
90928 18 5 309359
90930 18 9 309360
90932 18 10 309361
90934 18 14 309362
90936 18 15 309363
90938 18 19 309364
90940 18 21 309365
90942 18 22 309366
90944 18 23 309367
90946 18 1 309368
90948 18 2 309369
90950 18 3 309370
90952 18 5 309371
90954 18 9 309372
90956 18 10 309373
90958 18 14 309374
90960 18 15 309375
90962 18 19 309376
90964 18 21 309377
90966 18 22 309378
90968 18 23 309379
90970 18 1 309380
90972 18 2 309381
90974 18 3 309382
90976 18 5 309383
90978 18 9 309384
90980 18 10 309385
90982 18 14 309386
90984 18 15 309387
90986 18 19 309388
90988 18 21 309389
90990 18 22 309390
90992 18 23 309391
90994 18 1 309392
90996 18 2 309393
90998 18 3 309394
91000 18 5 309395
91002 18 9 309396
91004 18 10 309397
91006 18 14 309398
91008 18 15 309399
91010 18 19 309400
91012 18 21 309401
91014 18 22 309402
91016 18 23 309403
91018 18 1 309404
91020 18 2 309405
91022 18 3 309406
91024 18 5 309407
91026 18 9 309408
91028 18 10 309409
91030 18 14 309410
91032 18 15 309411
91034 18 19 309412
91036 18 21 309413
91038 18 22 309414
91040 18 23 309415
91042 18 1 309416
91044 18 2 309417
91046 18 3 309418
91048 18 5 309419
91050 18 9 309420
91052 18 10 309421
91054 18 14 309422
91056 18 15 309423
91058 18 19 309424
91060 18 21 309425
91062 18 22 309426
91064 18 23 309427
91066 18 1 309428
91068 18 2 309429
91070 18 3 309430
91072 18 5 309431
91074 18 9 309432
91076 18 10 309433
91078 18 14 309434
91080 18 15 309435
91082 18 19 309436
91084 18 21 309437
91086 18 22 309438
91088 18 23 309439
91090 18 1 0
91092 18 23 71
91102 18 22 58
91104 18 21 921
91108 18 22 922
91110 18 22 862
91116 18 23 59
91118 18 5 63
91120 18 19 920
91184 18 21 189
91186 18 9 64
91188 18 3 206
91190 18 5 207
91192 18 15 691
91194 18 21 741
91196 18 22 790
91198 18 5 795
91200 18 2 169
91204 18 5 927
91206 18 3 146
91208 18 10 149
91212 18 2 649
91216 18 22 1018
91220 18 19 1572
91222 18 23 1575
91234 18 3 1662
91236 18 1 3408
91238 18 21 3813
91252 18 3 3722
91254 18 5 3723
91256 18 9 3724
91258 18 22 5838
91260 18 19 7632
91262 18 3 7638
91264 18 10 8293
91266 18 19 8284
91268 18 10 8305
91270 18 22 8310
91272 18 19 8320
91274 18 2 11661
91276 18 15 11883
91280 18 9 12964
91340 18 23 13295
91464 18 10 13289
91466 18 14 13290
91468 18 15 13291
91470 18 19 13292
91472 18 21 13293
91474 18 5 13287
91476 18 9 13288
91528 18 10 12965
91542 18 19 12968
91554 18 21 12969
91558 18 14 12966
91560 18 22 12970
91682 18 14 13786
91684 18 2 13313
91686 18 5 13351
91688 18 14 13342
91692 18 15 13343
91694 18 23 13599
91696 18 1 13600
91698 18 5 16387
91700 18 5 18687
91702 18 10 19557
91704 18 14 19570
91708 18 23 22743
91710 18 9 27736
91712 18 3 27782
91714 18 15 31195
91716 18 21 32389
91718 18 22 38606
91720 18 3 38778
91722 18 5 38779
91724 18 9 38780
91726 18 10 38781
91728 18 14 38782
91730 18 15 38783
91732 18 19 38784
91734 18 22 38678
91736 18 21 38785
91738 18 22 38786
91740 18 23 38787
91742 18 1 38788
91744 18 2 38789
91746 18 3 38790
91748 18 5 38791
91750 18 9 38792
91752 18 10 38793
91754 18 14 38794
91756 18 15 38795
91758 18 19 38796
91760 18 21 38797
91762 18 22 38798
91764 18 23 38799
91766 18 1 38800
91768 18 2 38801
91770 18 3 38802
91772 18 5 38803
91774 18 9 38804
91776 18 10 38805
91778 18 14 38806
91780 18 15 38807
91782 18 19 38808
91784 18 21 38809
91786 18 22 38810
91788 18 23 38811
91790 18 1 38812
91792 18 2 38813
91794 18 3 38814
91796 18 5 38815
91798 18 9 38816
91800 18 10 38817
91802 18 14 38818
91804 18 15 38819
91806 18 19 38820
91808 18 21 38821
91810 18 22 38822
91812 18 23 38823
91814 18 1 38824
91816 18 2 38825
91818 18 3 38826
91820 18 5 38827
91822 18 9 38828
91824 18 10 38829
91826 18 14 38830
91828 18 15 38831
91830 18 19 38832
91832 18 21 38833
91834 18 22 38834
91836 18 1 38848
91840 18 23 38859
91842 18 1 38860
91844 18 2 38861
91846 18 3 38862
91848 18 2 38873
91850 18 3 38874
91852 18 5 38875
91854 18 9 38876
91856 18 9 39048
91858 18 14 39050
91860 18 21 95637
91862 18 5 155711
91864 18 15 158603
91866 18 22 197530
91868 18 23 197531
91870 18 3 197534
91872 18 2 198617
91874 18 14 231658
92020 18 1 231556
92022 18 2 231557
92024 18 3 231558
92026 18 5 231559
92028 18 9 231560
92030 18 5 236607
92032 18 9 256736
92034 18 15 291351
92102 18 23 291523
92104 18 10 291553
92106 18 5 305767
92108 18 10 305769
92110 18 15 305771
92112 18 21 305773
92114 18 3 305778
92446 18 21 305953
92448 18 15 307327
92774 18 22 307366
92776 18 23 307367
92778 18 1 307368
92780 18 3 307370
92782 18 5 307371
92784 18 9 307372
92786 18 10 307373
92788 18 15 307375
92902 18 15 310107
92912 18 19 310108
92914 18 21 311485
92972 18 22 311486
93094 18 5 311491
93238 18 5 311515
93240 18 10 311517
93248 18 15 311531
93270 18 2 314477
93272 18 14 314590
93310 18 5 314587
93324 18 10 314589
93336 18 1 314608
93338 18 2 314609
93340 18 3 314610
93342 18 5 314611
93344 18 9 314612
93356 18 22 314654
93360 18 23 314655
93474 18 2 314657
93478 18 3 314658
93704 18 5 314659
93720 18 9 314660
93722 18 3 314670
93758 18 10 314661
93762 18 14 314662
93778 18 15 314663
93786 18 19 314664
93792 18 21 314665
93800 18 22 314666
93804 18 23 314667
93812 18 1 314668
93816 18 2 314669
93852 18 5 314671
93868 18 10 314697
93870 18 19 314700
93872 18 21 314701
93874 18 22 314702
93876 18 23 314703
93878 18 10 314709
93880 18 10 314733
93884 18 2 314789
93896 18 15 316483
93898 18 5 316455
93900 18 9 316456
93902 18 23 316463
93904 18 1 316464
93906 18 2 316465
93908 18 10 316469
93910 18 14 316470
93912 18 15 316471
93914 18 19 316472
93916 18 21 316473
93918 18 19 316484
93920 18 21 316485
93922 18 10 316505
93924 18 15 316519
93926 18 19 316520
93928 18 3 316550
93930 18 21 316521
93932 18 22 316522
93934 18 23 316523
93936 18 5 316551
93938 18 1 316524
93942 18 2 316525
93944 18 3 316526
93946 18 2 316549
93948 18 5 316527
93950 18 9 316528
93952 18 10 316529
93954 18 14 316530
93956 18 15 316531
93958 18 19 316532
93960 18 21 316533
93962 18 22 316534
93964 18 23 316535
93966 18 1 316536
93968 18 2 316537
93970 18 3 316538
93972 18 5 316539
93974 18 9 316540
93976 18 10 316541
93978 18 14 316542
93980 18 15 316543
93982 18 19 316544
93984 18 21 316545
93986 18 22 316546
93988 18 23 316547
93990 18 1 316548
93992 18 14 316554
93994 18 19 316556
93996 18 21 316557
93998 18 22 316558
94000 18 23 316559
94002 18 1 316560
94004 18 2 316561
94006 18 3 316562
94008 18 5 316563
94010 18 9 316564
94012 18 10 316565
94014 18 14 316566
94016 18 15 316567
94018 18 19 316568
94020 18 21 316569
94022 18 22 316570
94024 18 23 316571
94026 18 1 316572
94028 18 2 316573
94030 18 3 316574
94032 18 3 316610
94034 18 5 316575
94036 18 9 316576
94038 18 10 316577
94040 18 14 316578
94042 18 15 316579
94044 18 19 316580
94046 18 21 316581
94048 18 22 316582
94050 18 23 316583
94052 18 1 316584
94054 18 2 316585
94056 18 3 316586
94058 18 5 316587
94060 18 9 316588
94062 18 10 316589
94064 18 14 316590
94066 18 15 316591
94068 18 19 316592
94070 18 21 316593
94072 18 22 316594
94074 18 23 316595
94076 18 1 316596
94078 18 2 316597
94080 18 3 316598
94082 18 5 316599
94084 18 9 316600
94086 18 10 316601
94088 18 14 316602
94090 18 15 316603
94092 18 19 316604
94094 18 21 316605
94096 18 22 316606
94098 18 23 316607
94100 18 1 316608
94102 18 2 316609
94106 18 5 316611
94108 18 9 316612
94110 18 10 316613
94112 18 14 316614
94114 18 15 316615
94116 18 19 316616
94120 18 21 316617
94122 18 14 316626
94124 18 15 316627
94126 18 19 316628
94128 18 21 316629
94130 18 22 316630
94132 18 23 316631
94134 18 1 316632
94136 18 2 316633
94138 18 3 316634
94140 18 5 316635
94142 18 9 316636
94144 18 10 316637
94146 18 14 316638
94148 18 15 316639
94150 18 19 316640
94152 18 21 316641
94154 18 22 316642
94156 18 23 316643
94158 18 1 316644
94160 18 2 316645
94162 18 3 316646
94164 18 5 316647
94166 18 9 316648
94168 18 10 316649
94170 18 14 316650
94172 18 15 316651
94174 18 19 316652
94176 18 21 316653
94178 18 22 316654
94180 18 23 316655
94182 18 1 316656
94184 18 2 316657
94186 18 3 316658
94188 18 5 316659
94190 18 9 316660
94192 18 10 316661
94194 18 14 316662
94196 18 15 316663
94198 18 19 316664
94200 18 21 316665
94202 18 22 316666
94204 18 23 316667
94206 18 1 316668
94208 18 2 316669
94210 18 3 316670
94212 18 5 316671
94214 18 9 316672
94216 18 10 316673
94218 18 14 316674
94220 18 15 316675
94222 18 19 316676
94224 18 21 316677
94226 18 22 316678
94228 18 23 316679
94230 18 1 316680
94232 18 2 316681
94234 18 3 316682
94236 18 5 316683
94238 18 9 316684
94240 18 10 316685
94242 18 14 316686
94244 18 15 316687
94246 18 19 316688
94248 18 21 316689
94250 18 22 316690
94252 18 23 316691
94254 18 1 316692
94256 18 2 316693
94258 18 3 316694
94260 18 5 316695
94262 18 9 316696
94264 18 10 316697
94266 18 14 316698
94268 18 15 316699
94270 18 19 316700
94272 18 21 316701
94274 18 22 316702
94276 18 23 316703
94278 18 1 316704
94280 18 2 316705
94282 18 10 316721
94284 18 19 316760
94286 18 2 318461
94288 18 3 318462
94290 18 5 318463
94292 18 1 318464
94294 18 2 318465
94296 18 3 318466
94298 18 5 318467
94300 18 9 318468
94302 18 10 318469
94304 18 14 318470
94306 18 15 318471
94308 18 19 318472
94310 18 21 318473
94312 18 22 318474
94314 18 23 318475
94316 18 1 318476
94318 18 2 318477
94322 18 3 318478
94324 18 5 318479
94326 18 9 318480
94328 18 10 318481
94330 18 14 318482
94332 18 15 318483
94334 18 19 318484
94336 18 21 318485
94338 18 22 318486
94340 18 23 318487
94342 18 1 318488
94344 18 2 318489
94346 18 3 318490
94348 18 5 318491
94350 18 9 318492
94352 18 10 318493
94354 18 14 318494
94356 18 15 318495
94358 18 19 318496
94360 18 21 318497
94362 18 22 318498
94364 18 23 318499
94366 18 1 318500
94368 18 2 318501
94370 18 3 318502
94372 18 5 318503
94380 18 9 318504
94382 18 10 318505
94384 18 14 318506
94386 18 15 318507
94388 18 19 318508
94390 18 21 318509
94392 18 22 318510
94394 18 23 318511
94396 18 1 318512
94398 18 2 318513
94400 18 3 318514
94402 18 5 318515
94404 18 9 318516
94406 18 10 318517
94408 18 14 318518
94410 18 15 318519
94412 18 19 318520
94414 18 21 318521
94416 18 22 318522
94418 18 23 318523
94420 18 1 318524
94422 18 2 318525
94424 18 3 318526
94426 18 5 318527
94428 18 9 318528
94430 18 10 318529
94432 18 14 318530
94434 18 15 318531
94436 18 19 318532
94438 18 21 318533
94440 18 22 318534
94442 18 23 318535
94444 18 1 318536
94446 18 2 318537
