0 11 3 146
4 11 14 6
6 11 1 0
8 11 5 147
10 11 9 148
12 11 10 149
14 11 5 39
34 11 21 45
52 11 3 830
62 11 10 833
64 11 22 862
74 11 1 840
76 11 21 201
78 11 5 267
90 11 2 997
106 11 19 848
118 11 2 697
120 11 15 751
122 11 15 847
130 11 9 172
140 11 5 159
152 11 1 996
160 11 15 835
202 11 14 846
208 11 3 758
210 11 2 685
216 11 9 124
218 11 14 210
220 11 3 722
222 11 5 723
226 11 15 955
238 11 1 732
242 11 10 701
248 11 5 843
254 11 15 163
266 11 10 845
272 11 14 834
282 11 22 838
292 11 9 844
298 11 15 127
300 11 19 692
304 11 3 698
314 11 14 630
316 11 1 756
322 11 5 135
340 11 3 842
346 11 5 831
352 11 10 233
354 11 23 695
364 11 19 8
416 11 1 144
426 11 19 836
434 11 15 235
460 11 23 863
468 11 23 35
470 11 21 177
472 11 19 1016
496 11 1 72
542 11 14 90
544 11 23 167
546 11 23 215
548 11 2 709
552 11 3 170
554 11 19 776
562 11 23 851
578 11 1 204
582 11 21 837
624 11 23 155
652 11 9 160
654 11 2 61
656 11 14 234
676 11 1 12
700 11 2 205
702 11 23 683
706 11 1 900
708 11 14 762
714 11 5 123
722 11 21 717
730 11 21 213
742 11 15 187
766 11 22 694
768 11 22 850
826 11 10 737
850 11 9 700
854 11 15 175
866 11 2 121
888 11 19 716
900 11 10 689
902 11 9 832
908 11 22 58
932 11 10 41
936 11 19 128
938 11 21 129
942 11 21 345
944 11 21 849
952 11 15 679
974 11 10 221
992 11 23 203
1000 11 2 169
1010 11 1 156
1016 11 22 994
1142 11 1 216
1200 11 22 202
1212 11 3 794
1214 11 1 192
1230 11 1 780
1232 11 14 786
1374 11 9 64
1398 11 10 17
1436 11 19 1092
1438 11 10 1257
1440 11 3 1518
1442 11 15 1271
1444 11 19 1272
1446 11 15 1055
1456 11 10 1269
1470 11 23 1719
1472 11 2 1973
1474 11 10 1149
1478 11 14 1258
1480 11 21 1273
1482 11 3 1662
1486 11 21 1153
1488 11 5 1303
1492 11 22 1130
1494 11 1 1192
1496 11 21 1573
1498 11 1 1972
1502 11 3 1950
1506 11 3 1542
1508 11 1 1144
1510 11 23 1155
1514 11 3 1470
1516 11 19 1944
1518 11 9 1160
1520 11 19 1968
1522 11 22 1970
1528 11 19 1668
1530 11 22 1154
1532 11 14 1198
1534 11 21 1789
1536 11 21 1093
1538 11 10 1917
1540 11 2 1673
1542 11 5 1675
1544 11 9 1688
1546 11 21 1693
1548 11 14 1738
1550 11 2 1037
1554 11 10 1929
1558 11 5 1663
1564 11 14 1150
1582 11 5 1963
1600 11 22 1958
1614 11 23 1575
1626 11 21 1045
1630 11 19 1464
1632 11 21 1465
1634 11 22 1466
1636 11 23 1467
1638 11 1 1468
1642 11 19 1956
1652 11 3 2938
1654 11 14 3026
1656 11 19 2992
1658 11 10 3001
1660 11 9 3000
1662 11 5 2495
1666 11 22 2730
1668 11 10 2185
1672 11 2 2877
1676 11 15 3027
1680 11 19 2776
1684 11 23 2707
1686 11 19 2800
1692 11 21 2981
1696 11 14 3002
1706 11 19 2980
1714 11 23 2983
1728 11 22 3030
1732 11 2 2769
1734 11 10 3269
1740 11 3 3950
1742 11 19 3200
1744 11 1 3636
1746 11 19 3440
1750 11 2 3133
1752 11 1 3648
1754 11 15 3079
1756 11 1 3072
1766 11 23 3827
1768 11 14 3282
1776 11 22 3250
1780 11 22 3730
1782 11 23 3335
1790 11 15 4027
1792 11 14 3114
1800 11 9 3184
1810 11 1 3444
1820 11 22 3298
1834 11 22 3442
1838 11 3 3650
1846 11 22 4030
1854 11 10 3281
1862 11 5 4047
1868 11 1 4156
1870 11 10 4401
1874 11 1 4504
1878 11 22 5078
1880 11 14 4414
1884 11 21 5077
1886 11 15 4151
1888 11 5 4399
1892 11 10 4185
1894 11 3 5082
1898 11 3 5058
1906 11 21 4261
1910 11 15 4163
1914 11 22 4466
1918 11 19 4404
1920 11 1 4108
1934 11 23 5079
1946 11 22 5142
1948 11 15 5127
1950 11 2 5133
1952 11 15 5139
1954 11 21 5141
1958 11 9 5604
1960 11 3 6070
1962 11 5 5171
1964 11 14 5174
1966 11 10 5377
1968 11 22 5562
1970 11 10 5653
1972 11 15 5199
1974 11 22 5202
1976 11 15 5163
1978 11 19 5380
1980 11 1 5936
1982 11 22 5274
1984 11 22 5670
1986 11 22 5250
1988 11 10 5257
1990 11 19 5260
1992 11 3 6046
1994 11 3 5266
1996 11 22 5682
1998 11 9 5544
2000 11 9 5748
2002 11 14 5822
2004 11 19 6040
2006 11 22 6126
2008 11 19 5560
2010 11 1 5420
2012 11 5 5531
2014 11 14 5726
2016 11 1 6044
2018 11 9 5304
2020 11 3 5698
2022 11 9 5352
2024 11 5 5687
2026 11 14 5450
2028 11 10 5365
2030 11 5 5375
2032 11 14 5378
2034 11 21 5225
2036 11 10 5665
2038 11 14 5882
2040 11 15 5979
2042 11 10 5977
2044 11 15 5751
2046 11 1 5504
2048 11 2 5601
2050 11 3 5626
2052 11 5 5963
2054 11 10 6121
2056 11 3 5410
2058 11 10 5413
2060 11 3 5422
2062 11 2 5697
2064 11 14 5258
2066 11 22 5430
2068 11 2 5937
2070 11 22 6042
2072 11 23 5431
2074 11 1 5672
2076 11 21 5453
2078 11 21 5465
2080 11 9 5472
2082 11 15 5523
2084 11 15 5943
2086 11 1 5900
2088 11 14 5486
2090 11 9 5496
2092 11 14 5498
2094 11 5 5543
2096 11 23 6103
2098 11 3 5506
2100 11 2 5505
2102 11 1 5528
2104 11 19 5536
2106 11 21 5561
2108 11 23 5563
2110 11 2 5565
2112 11 22 5574
2114 11 10 5581
2116 11 9 5724
2118 11 9 5856
2122 11 3 5590
2124 11 5 5591
2126 11 21 5165
2128 11 14 5270
2130 11 5 5483
2132 11 21 5597
2134 11 14 6002
2136 11 10 5749
2138 11 14 5618
2140 11 1 5636
2142 11 2 5745
2144 11 22 5826
2146 11 5 5195
2148 11 2 5661
2150 11 9 5328
2152 11 9 5664
2154 11 21 5681
2156 11 10 5677
2158 11 5 5327
2160 11 19 5704
2162 11 9 6060
2164 11 9 5364
2166 11 1 5432
2168 11 15 5727
2170 11 1 5732
2174 11 3 5398
2176 11 10 5437
2182 11 9 5832
2184 11 14 5750
2186 11 10 5869
2188 11 1 5816
2190 11 3 5662
2192 11 2 5757
2194 11 3 5758
2196 11 23 6139
2198 11 1 5768
2200 11 19 5788
2202 11 2 5805
2204 11 5 5807
2206 11 14 5570
2208 11 3 5818
2214 11 19 5812
2216 11 1 5792
2218 11 5 5831
2220 11 3 5842
2222 11 2 5853
2224 11 14 5858
2226 11 15 5859
2228 11 9 5868
2230 11 19 5752
2234 11 23 6067
2236 11 9 5772
2238 11 10 6049
2240 11 23 5899
2242 11 22 5226
2244 11 21 5945
2246 11 21 6077
2248 11 1 5960
2250 11 21 5153
2252 11 15 5967
2254 11 14 5582
2256 11 5 5387
2258 11 5 5987
2260 11 15 5991
2262 11 1 6008
2264 11 15 6015
2266 11 14 6026
2268 11 10 5281
2270 11 14 5678
2272 11 1 5744
2274 11 2 6033
2276 11 2 5877
2278 11 1 6056
2280 11 21 5177
2282 11 10 6061
2284 11 15 6063
2286 11 22 5790
2288 11 3 5170
2290 11 21 5189
2292 11 10 6073
2294 11 23 6079
2296 11 3 6082
2298 11 10 6085
2300 11 1 6092
2304 11 19 6100
2306 11 15 6111
2308 11 19 6112
2310 11 9 5196
2312 11 9 6120
2314 11 19 6124
2316 11 5 6095
2318 11 1 6128
2320 11 1 6140
2322 11 21 6213
2324 11 2 6229
2326 11 15 6595
2328 11 3 6146
2330 11 14 7062
2332 11 10 6485
2334 11 2 6157
2336 11 15 6187
2338 11 10 6185
2340 11 22 6274
2342 11 1 6300
2344 11 10 6557
2346 11 14 7122
2348 11 15 7051
2352 11 1 6372
2354 11 5 6303
2356 11 10 6449
2358 11 2 6325
2360 11 22 6622
2362 11 1 6348
2364 11 1 7116
2366 11 19 6380
2368 11 15 6619
2370 11 21 6345
2374 11 9 6172
2378 11 9 6676
2380 11 23 7007
2382 11 3 6410
2384 11 1 6672
2386 11 9 6580
2388 11 23 6791
2390 11 15 6799
2392 11 23 6659
2396 11 21 6657
2398 11 15 6667
2404 11 15 6355
2406 11 9 6484
2408 11 5 6243
2410 11 5 6267
2412 11 22 7150
2414 11 22 6490
2422 11 10 6401
2424 11 19 6632
2426 11 19 6248
2432 11 21 6645
2434 11 14 6174
2436 11 15 6439
2438 11 15 6427
2440 11 19 6644
2442 11 22 6178
2444 11 21 6885
2446 11 3 7830
2448 11 5 7831
2450 11 15 7835
2452 11 15 7427
2454 11 10 7857
2458 11 5 7615
2460 11 21 7693
2462 11 1 7612
2468 11 2 7697
2470 11 1 7756
2474 11 23 7431
2478 11 2 7253
2480 11 14 7762
2486 11 22 7610
2488 11 23 7467
2494 11 3 7782
2502 11 3 7638
2504 11 21 7741
2508 11 15 7271
2522 11 23 7755
2524 11 1 7864
2528 11 19 7836
2530 11 21 7441
2532 11 23 8371
2534 11 21 8309
2536 11 22 8418
2540 11 23 8383
2542 11 14 8450
2546 11 9 10012
2548 11 22 9910
2550 11 23 9911
2552 11 1 9912
2554 11 2 9913
2556 11 3 9914
2558 11 5 9963
2560 11 23 9947
2562 11 1 9948
2564 11 2 9949
2566 11 1 9936
2568 11 14 10038
2570 11 9 9928
2572 11 10 9929
2576 11 3 10178
2578 11 15 10039
2580 11 9 9952
2582 11 15 9907
2584 11 22 9922
2586 11 23 9923
2588 11 1 9924
2590 11 9 10168
2594 11 15 11171
2596 11 21 11161
2598 11 10 10797
2600 11 21 10717
2602 11 15 11183
2604 11 3 10806
2606 11 9 10652
2608 11 23 10659
2614 11 23 11151
2618 11 2 11201
2624 11 9 10688
2630 11 5 11155
2636 11 14 10798
2644 11 15 10559
2658 11 15 10799
2664 11 23 10323
2668 11 15 10667
2672 11 14 11738
2674 11 1 11720
2676 11 5 11471
2678 11 9 11664
2680 11 14 11990
2682 11 2 11829
2686 11 22 11466
2688 11 10 11893
2690 11 2 11685
2692 11 23 11743
2696 11 9 12120
2698 11 15 11643
2700 11 19 11728
2702 11 19 11488
2704 11 9 11964
2706 11 1 11756
2708 11 23 11575
2710 11 9 12096
2716 11 3 12106
2718 11 21 11885
2720 11 3 11830
2724 11 5 11483
2730 11 9 11472
2732 11 2 11637
2734 11 9 11640
2738 11 21 11561
2740 11 2 11721
2742 11 21 11741
2744 11 23 11467
2752 11 15 11655
2758 11 5 12131
2760 11 21 11645
2770 11 10 11653
2776 11 23 11887
2778 11 9 11892
2784 11 1 12672
2786 11 3 12902
2788 11 19 12692
2790 11 14 12402
2804 11 23 12695
2816 11 23 12671
2822 11 23 12791
2824 11 22 12874
2828 11 5 12891
2830 11 22 12838
2838 11 22 12898
2852 11 15 12763
2856 11 3 12830
2858 11 3 12854
2880 11 19 13172
2904 11 10 12353
2906 11 15 12895
2908 11 22 12718
2952 11 10 12401
2954 11 15 12415
2958 11 23 12503
2964 11 1 12372
2968 11 10 12713
2974 11 22 13670
2976 11 2 14177
2978 11 10 13605
2980 11 19 14184
2982 11 5 14251
2984 11 9 13892
2986 11 9 13676
2988 11 9 14144
2990 11 23 14259
2992 11 23 13575
2994 11 5 14179
2996 11 5 14375
2998 11 21 14957
3004 11 23 14971
3006 11 1 14528
3014 11 3 14362
3024 11 5 14351
3030 11 19 15572
3032 11 21 15573
3034 11 22 15574
3036 11 23 15575
3038 11 1 15576
3040 11 2 15577
3042 11 3 15578
3044 11 5 15579
3046 11 9 15580
3048 11 10 15581
3050 11 14 15582
3052 11 15 15583
3054 11 19 15584
3056 11 21 15585
3058 11 22 15586
3060 11 23 15587
3062 11 1 15588
3064 11 2 15589
3066 11 3 15590
3068 11 5 15591
3070 11 9 15592
3072 11 10 15593
3074 11 14 15594
3076 11 15 15595
3078 11 19 15596
3080 11 21 15597
3082 11 22 15598
3084 11 23 15599
3086 11 1 15600
3088 11 2 15601
3090 11 3 15602
3092 11 5 15603
3094 11 9 15604
3096 11 10 15605
3098 11 14 15606
3100 11 15 15607
3102 11 19 15608
3104 11 21 15609
3106 11 22 15610
3108 11 23 15611
3110 11 1 15612
3112 11 2 15613
3114 11 3 15614
3116 11 5 15615
3118 11 9 15616
3120 11 10 15617
3122 11 14 15618
3124 11 15 15619
3126 11 19 15620
3128 11 21 15621
3130 11 22 15622
3132 11 23 15623
3134 11 1 15624
3136 11 2 15625
3138 11 3 15626
3140 11 5 15627
3142 11 9 15628
3144 11 10 15629
3146 11 14 15630
3148 11 15 15631
3150 11 19 15632
3152 11 21 15633
3154 11 22 15634
3156 11 23 15635
3158 11 1 15636
3160 11 2 15637
3162 11 3 15638
3164 11 5 15639
3166 11 9 15640
3168 11 10 15641
3170 11 14 15642
3172 11 15 15643
3174 11 19 15644
3176 11 21 15645
3178 11 22 15646
3180 11 23 15647
3182 11 1 15648
3184 11 2 15649
3186 11 3 15650
3188 11 5 15651
3190 11 9 15652
3192 11 10 15653
3194 11 14 15654
3196 11 15 15655
3198 11 19 15656
3200 11 21 15657
3202 11 22 15658
3204 11 23 15659
3206 11 1 15660
3208 11 2 15661
3210 11 3 15662
3212 11 5 15663
3214 11 9 15664
3216 11 10 15665
3218 11 14 15666
3220 11 15 15667
3222 11 19 15668
3224 11 21 15669
3226 11 22 15670
3228 11 23 15671
3230 11 1 15672
3232 11 2 15673
3234 11 3 15674
3236 11 5 15675
3238 11 9 15676
3240 11 10 15677
3242 11 14 15678
3244 11 15 15679
3246 11 19 15680
3248 11 21 15681
3250 11 22 15682
3252 11 23 15683
3254 11 1 15684
3256 11 2 15685
3258 11 3 15686
3260 11 5 15687
3262 11 9 15688
3264 11 10 15689
3266 11 14 15690
3268 11 15 15691
3270 11 19 15692
3272 11 21 15693
3274 11 22 15694
3276 11 23 15695
3278 11 1 15696
3280 11 2 15697
3282 11 3 15698
3284 11 5 15699
3286 11 9 15700
3288 11 10 15701
3290 11 14 15702
3292 11 15 15703
3294 11 19 15704
3296 11 21 15705
3298 11 22 15706
3300 11 23 15707
3302 11 1 15708
3304 11 2 15709
3306 11 3 15710
3308 11 5 15711
3310 11 9 15712
3312 11 10 15713
3314 11 14 15714
3316 11 15 15715
3318 11 19 15716
3320 11 21 15717
3322 11 22 15718
3324 11 23 15719
3326 11 1 15720
3328 11 2 15721
3330 11 3 15722
3332 11 5 15723
3334 11 9 15724
3336 11 10 15725
3338 11 14 15726
3340 11 15 15727
3342 11 19 15728
3344 11 21 15729
3346 11 22 15730
3348 11 23 15731
3350 11 1 15732
3352 11 2 15733
3354 11 3 15734
3356 11 5 15735
3358 11 9 15736
3360 11 10 15737
3362 11 14 15738
3364 11 15 15739
3366 11 19 15740
3368 11 21 15741
3370 11 22 15742
3372 11 23 15743
3374 11 1 15744
3376 11 2 15745
3378 11 3 15746
3380 11 5 15747
3382 11 9 15748
3384 11 10 15749
3386 11 14 15750
3388 11 15 15751
3390 11 19 15752
3392 11 21 15753
3394 11 22 15754
3396 11 23 15755
3398 11 1 15756
3400 11 2 15757
3402 11 3 15758
3404 11 5 15759
3406 11 9 15760
3408 11 10 15761
3410 11 14 15762
3412 11 15 15763
3414 11 19 15764
3416 11 21 15765
3418 11 22 15766
3420 11 23 15767
3422 11 1 15768
3424 11 2 15769
3426 11 3 15770
3428 11 5 15771
3430 11 9 15772
3432 11 10 15773
3434 11 14 15774
3436 11 15 15775
3438 11 19 15776
3440 11 21 15777
3442 11 22 15778
3444 11 23 15779
3446 11 1 15780
3448 11 2 15781
3450 11 3 15782
3452 11 5 15783
3454 11 9 15784
3456 11 10 15785
3458 11 14 15786
3460 11 15 15787
3462 11 19 15788
3464 11 21 15789
3466 11 22 15790
3468 11 23 15791
3470 11 1 15792
3472 11 2 15793
3474 11 3 15794
3476 11 5 15795
3478 11 9 15796
3480 11 10 15797
3482 11 14 15798
3484 11 15 15799
3486 11 19 15800
3488 11 21 15801
3490 11 22 15802
3492 11 23 15803
3494 11 1 15804
3496 11 2 15805
3498 11 3 15806
3500 11 5 15807
3502 11 9 15808
3504 11 10 15809
3506 11 14 15810
3508 11 15 15811
3510 11 19 15812
3512 11 21 15813
3514 11 22 15814
3516 11 23 15815
3518 11 1 15816
3520 11 2 15817
3522 11 3 15818
3524 11 5 15819
3526 11 9 15820
3528 11 10 15821
3530 11 14 15822
3532 11 15 15823
3534 11 19 15824
3536 11 21 15825
3538 11 22 15826
3540 11 23 15827
3542 11 1 15828
3544 11 2 15829
3546 11 3 15830
3548 11 5 15831
3550 11 9 15832
3552 11 10 15833
3554 11 14 15834
3556 11 15 15835
3558 11 19 15836
3560 11 21 15837
3562 11 22 15838
3564 11 23 15839
3566 11 1 15840
3568 11 2 15841
3570 11 3 15842
3572 11 5 15843
3574 11 9 15844
3576 11 10 15845
3578 11 14 15846
3580 11 15 15847
3582 11 19 15848
3584 11 21 15849
3586 11 22 15850
3588 11 23 15851
3590 11 1 15852
3592 11 2 15853
3594 11 3 15854
3596 11 5 15855
3598 11 9 15856
3600 11 10 15857
3602 11 14 15858
3604 11 15 15859
3606 11 19 15860
3608 11 21 15861
3610 11 22 15862
3612 11 23 15863
3614 11 1 15864
3616 11 2 15865
3618 11 3 15866
3620 11 5 15867
3622 11 9 15868
3624 11 10 15869
3626 11 14 15870
3628 11 15 15871
3630 11 19 15872
3632 11 21 15873
3634 11 22 15874
3636 11 23 15875
3638 11 1 15876
3640 11 2 15877
3642 11 3 15878
3644 11 5 15879
3646 11 9 15880
3648 11 10 15881
3650 11 14 15882
3652 11 15 15883
3654 11 19 15884
3656 11 21 15885
3658 11 22 15886
3660 11 23 15887
3662 11 1 15888
3664 11 2 15889
3666 11 3 15890
3668 11 5 15891
3670 11 9 15892
3672 11 10 15893
3674 11 14 15894
3676 11 15 15895
3678 11 19 15896
3680 11 21 15897
3682 11 22 15898
3684 11 23 15899
3686 11 1 15900
3688 11 2 15901
3690 11 3 15902
3692 11 5 15903
3694 11 9 15904
3696 11 10 15905
3698 11 14 15906
3700 11 15 15907
3702 11 19 15908
3704 11 21 15909
3706 11 22 15910
3708 11 23 15911
3710 11 1 15912
3712 11 2 15913
3714 11 3 15914
3716 11 5 15915
3718 11 9 15916
3720 11 10 15917
3722 11 14 15918
3724 11 15 15919
3726 11 19 15920
3728 11 21 15921
3730 11 22 15922
3732 11 23 15923
3734 11 1 15924
3736 11 2 15925
3738 11 3 15926
3740 11 5 15927
3742 11 9 15928
3744 11 10 15929
3746 11 14 15930
3748 11 15 15931
3750 11 19 15932
3752 11 21 15933
3754 11 22 15934
3756 11 23 15935
3758 11 1 15936
3760 11 2 15937
3762 11 3 15938
3764 11 5 15939
3766 11 9 15940
3768 11 10 15941
3770 11 14 15942
3772 11 15 15943
3774 11 19 15944
3776 11 21 15945
3778 11 22 15946
3780 11 23 15947
3782 11 1 15948
3784 11 2 15949
3786 11 3 15950
3788 11 5 15951
3790 11 9 15952
3792 11 10 15953
3794 11 14 15954
3796 11 15 15955
3798 11 19 15956
3800 11 21 15957
3802 11 22 15958
3804 11 23 15959
3806 11 1 15960
3808 11 2 15961
3810 11 3 15962
3812 11 5 15963
3814 11 9 15964
3816 11 10 15965
3818 11 14 15966
3820 11 15 15967
3822 11 19 15968
3824 11 21 15969
3826 11 22 15970
3828 11 23 15971
3830 11 1 15972
3832 11 2 15973
3834 11 3 15974
3836 11 5 15975
3838 11 9 15976
3840 11 10 15977
3842 11 14 15978
3844 11 15 15979
3846 11 19 15980
3848 11 21 15981
3850 11 22 15982
3852 11 23 15983
3854 11 1 15984
3856 11 2 15985
3858 11 3 15986
3860 11 5 15987
3862 11 9 15988
3864 11 10 15989
3866 11 14 15990
3868 11 15 15991
3870 11 19 15992
3872 11 21 15993
3874 11 22 15994
3876 11 23 15995
3878 11 1 15996
3880 11 2 15997
3882 11 3 15998
3884 11 5 15999
3886 11 9 16000
3888 11 10 16001
3890 11 14 16002
3892 11 15 16003
3894 11 19 16004
3896 11 21 16005
3898 11 22 16006
3900 11 23 16007
3902 11 1 16008
3904 11 2 16009
3906 11 3 16010
3908 11 5 16011
3910 11 9 16012
3912 11 10 16013
3914 11 14 16014
3916 11 15 16015
3918 11 19 16016
3920 11 21 16017
3922 11 22 16018
3924 11 23 16019
3926 11 1 16020
3928 11 2 16021
3930 11 3 16022
3932 11 5 16023
3934 11 9 16024
3936 11 10 16025
3938 11 14 16026
3940 11 15 16027
3942 11 19 16028
3944 11 21 16029
3946 11 22 16030
3948 11 23 16031
3950 11 1 16032
3952 11 2 16033
3954 11 3 16034
3956 11 5 16035
3958 11 9 16036
3960 11 10 16037
3962 11 14 16038
3964 11 15 16039
3966 11 19 16040
3968 11 21 16041
3970 11 22 16042
3972 11 23 16043
3974 11 1 16044
3976 11 2 16045
3978 11 3 16046
3980 11 5 16047
3982 11 9 16048
3984 11 10 16049
3986 11 14 16050
3988 11 15 16051
3990 11 19 16052
3992 11 21 16053
3994 11 22 16054
3996 11 23 16055
3998 11 1 16056
4000 11 2 16057
4002 11 3 16058
4004 11 5 16059
4006 11 9 16060
4008 11 10 16061
4010 11 14 16062
4012 11 15 16063
4014 11 19 16064
4016 11 21 16065
4018 11 22 16066
4020 11 23 16067
4022 11 1 16068
4024 11 2 16069
4026 11 3 16070
4028 11 5 16071
4030 11 9 16072
4032 11 10 16073
4034 11 14 16074
4036 11 15 16075
4038 11 19 16076
4040 11 21 16077
4042 11 22 16078
4044 11 23 16079
4046 11 1 16080
4048 11 2 16081
4050 11 3 16082
4052 11 5 16083
4054 11 9 16084
4056 11 10 16085
4058 11 14 16086
4060 11 15 16087
4062 11 19 16088
4064 11 21 16089
4066 11 22 16090
4068 11 23 16091
4070 11 1 16092
4072 11 2 16093
4074 11 3 16094
4076 11 5 16095
4078 11 9 16096
4080 11 10 16097
4082 11 14 16098
4084 11 15 16099
4086 11 19 16100
4088 11 21 16101
4090 11 22 16102
4092 11 23 16103
4094 11 1 16104
4096 11 2 16105
4098 11 3 16106
4100 11 5 16107
4102 11 9 16108
4104 11 10 16109
4106 11 14 16110
4108 11 15 16111
4110 11 19 16112
4112 11 21 16113
4114 11 22 16114
4116 11 23 16115
4118 11 1 16116
4120 11 2 16117
4122 11 3 16118
4124 11 5 16119
4126 11 9 16120
4128 11 10 16121
4130 11 14 16122
4132 11 15 16123
4134 11 19 16124
4136 11 21 16125
4138 11 22 16126
4140 11 23 16127
4142 11 1 16128
4144 11 2 16129
4146 11 3 16130
4148 11 5 16131
4150 11 9 16132
4152 11 10 16133
4154 11 14 16134
4156 11 15 16135
4158 11 19 16136
4160 11 21 16137
4162 11 22 16138
4164 11 23 16139
4166 11 1 16140
4168 11 2 16141
4170 11 3 16142
4172 11 5 16143
4174 11 9 16144
4176 11 10 16145
4178 11 14 16146
4180 11 15 16147
4182 11 19 16148
4184 11 21 16149
4186 11 22 16150
4188 11 23 16151
4190 11 1 16152
4192 11 2 16153
4194 11 3 16154
4196 11 5 16155
4198 11 9 16156
4200 11 10 16157
4202 11 14 16158
4204 11 15 16159
4206 11 19 16160
4208 11 21 16161
4210 11 22 16162
4212 11 23 16163
4214 11 1 16164
4216 11 2 16165
4218 11 3 16166
4220 11 5 16167
4222 11 9 16168
4224 11 10 16169
4226 11 14 16170
4228 11 15 16171
4230 11 19 16172
4232 11 21 16173
4234 11 22 16174
4236 11 23 16175
4238 11 1 16176
4240 11 2 16177
4242 11 3 16178
4244 11 5 16179
4246 11 9 16180
4248 11 10 16181
4250 11 14 16182
4252 11 15 16183
4254 11 19 16184
4256 11 21 16185
4258 11 22 16186
4260 11 23 16187
4262 11 1 16188
4264 11 2 16189
4266 11 3 16190
4268 11 5 16191
4270 11 9 16192
4272 11 10 16193
4274 11 14 16194
4276 11 15 16195
4278 11 19 16196
4280 11 21 16197
4282 11 22 16198
4284 11 23 16199
4286 11 1 16200
4288 11 2 16201
4290 11 3 16202
4292 11 5 16203
4294 11 9 16204
4296 11 10 16205
4298 11 14 16206
4300 11 15 16207
4302 11 19 16208
4304 11 21 16209
4306 11 22 16210
4308 11 23 16211
4310 11 1 16212
4312 11 2 16213
4314 11 3 16214
4316 11 5 16215
4318 11 9 16216
4320 11 10 16217
4322 11 14 16218
4324 11 15 16219
4326 11 19 16220
4328 11 21 16221
4330 11 22 16222
4332 11 23 16223
4334 11 1 16224
4336 11 2 16225
4338 11 3 16226
4340 11 2 15577
4342 11 5 16227
4344 11 14 15582
4346 11 9 16228
4348 11 10 16229
4350 11 14 16230
4352 11 15 16231
4354 11 19 16232
4356 11 21 16233
4358 11 22 16234
4360 11 23 16235
4362 11 1 16236
4364 11 2 16237
4366 11 23 15575
4368 11 3 16238
4370 11 5 16239
4372 11 9 16240
4374 11 10 16241
4376 11 14 16242
4378 11 15 16243
4380 11 19 16244
4382 11 21 16245
4384 11 22 16246
4386 11 23 16247
4388 11 1 16248
4390 11 2 16249
4392 11 3 16250
4394 11 5 16251
4396 11 9 16252
4398 11 10 16253
4402 11 14 16254
4404 11 15 16255
4406 11 19 16256
4408 11 21 16257
4410 11 22 16258
4412 11 23 16259
4414 11 1 16260
4416 11 2 16261
4424 11 3 16262
4426 11 5 16263
4428 11 9 16264
4430 11 10 16265
4432 11 14 16266
4434 11 15 16267
4436 11 19 16268
4438 11 21 16269
4440 11 22 16270
4442 11 23 16271
4444 11 1 16272
4446 11 2 16273
4448 11 3 16274
4450 11 5 16275
4452 11 9 16276
4454 11 10 16277
4456 11 14 16278
4458 11 15 16279
4460 11 19 16280
4462 11 21 16281
4464 11 22 16282
4466 11 23 16283
4468 11 1 16284
4470 11 2 16285
4472 11 3 16286
4474 11 5 16287
4476 11 9 16288
4478 11 10 16289
4480 11 14 16290
4482 11 15 16291
4486 11 19 16292
4488 11 21 16293
4490 11 22 16294
4492 11 23 16295
4494 11 1 16296
4496 11 2 16297
4498 11 3 16298
4500 11 5 16299
4502 11 9 16300
4504 11 10 16301
4506 11 14 16302
4508 11 15 16303
4510 11 19 16304
4512 11 21 16305
4514 11 22 16306
4516 11 23 16307
4518 11 1 16308
4520 11 2 16309
4522 11 3 16310
4524 11 5 16311
4526 11 9 16312
4528 11 10 16313
4530 11 14 16314
4532 11 15 16315
4534 11 19 16316
4536 11 21 16317
4538 11 22 16318
4540 11 23 16319
4542 11 1 16320
4544 11 2 16321
4546 11 3 16322
4548 11 5 16323
4550 11 9 16324
4556 11 10 16325
4558 11 14 16326
4560 11 15 16327
4562 11 19 16328
4564 11 21 16329
4566 11 22 16330
4568 11 23 16331
4570 11 1 16332
4572 11 2 16333
4574 11 3 16334
4576 11 5 16335
4578 11 9 16336
4580 11 10 16337
4582 11 14 16338
4584 11 15 16339
4586 11 19 16340
4588 11 21 16341
4590 11 22 16342
4592 11 23 16343
4594 11 1 16344
4596 11 2 16345
4598 11 3 16346
4600 11 5 16347
4602 11 9 16348
4608 11 10 16349
4610 11 14 16350
4612 11 15 16351
4614 11 19 16352
4616 11 21 16353
4618 11 22 16354
4620 11 23 16355
4622 11 1 16356
4624 11 2 16357
4626 11 3 16358
4628 11 5 16359
4630 11 9 16360
4632 11 10 16361
4634 11 14 16362
4636 11 15 16363
4638 11 19 16364
4640 11 21 16365
4642 11 22 16366
4644 11 23 16367
4646 11 1 16368
4648 11 2 16369
4650 11 3 16370
4652 11 5 16371
4654 11 9 16372
4656 11 10 16373
4658 11 14 16374
4660 11 15 16375
4662 11 19 16376
4664 11 21 16377
4666 11 19 15572
4670 11 22 16378
4672 11 23 16379
4674 11 1 16380
4676 11 2 16381
4678 11 3 16382
4680 11 5 16383
4868 11 5 15459
4870 11 9 15460
4872 11 10 15461
4874 11 15 15367
4880 11 21 15489
4892 11 14 15402
4896 11 3 15482
4900 11 1 16384
4902 11 2 16385
4904 11 3 16386
4906 11 5 16387
4908 11 9 16388
4910 11 10 16389
4912 11 14 16390
4914 11 15 16391
4916 11 19 16392
4918 11 21 16393
4920 11 22 16394
4922 11 23 16395
4924 11 1 16396
4926 11 2 16397
4928 11 3 16398
4930 11 5 16399
4932 11 9 16400
4934 11 10 16401
4936 11 14 16402
4938 11 15 16403
4940 11 19 16404
4942 11 21 16405
4944 11 22 16406
4946 11 23 16407
4948 11 1 16408
4950 11 2 16409
4952 11 3 16410
4954 11 5 16411
4956 11 9 16412
4958 11 10 16413
4960 11 14 16414
4962 11 15 16415
4964 11 19 16416
4966 11 21 16417
4968 11 22 16418
4970 11 23 16419
4972 11 1 16420
4974 11 2 16421
4976 11 3 16422
4978 11 5 16423
4980 11 9 16424
4982 11 10 16425
4984 11 14 16426
4986 11 15 16427
4988 11 19 16428
4990 11 21 16429
4992 11 22 16430
4994 11 23 16431
4996 11 1 16432
4998 11 2 16433
5000 11 3 16434
5002 11 5 16435
5008 11 9 16436
5010 11 10 16437
5012 11 14 16438
5014 11 15 16439
5016 11 19 16440
5018 11 21 16441
5020 11 22 16442
5022 11 23 16443
5024 11 1 16444
5026 11 2 16445
5028 11 3 16446
5068 11 5 16447
5070 11 9 16448
5072 11 10 16449
5074 11 14 16450
5076 11 15 16451
5078 11 19 16452
5080 11 21 16453
5082 11 22 16454
5084 11 23 16455
5086 11 1 16456
5088 11 2 16457
5090 11 3 16458
5092 11 5 16459
5094 11 9 16460
5096 11 10 16461
5098 11 14 16462
5100 11 15 16463
5102 11 19 16464
5104 11 21 16465
5106 11 22 16466
5108 11 23 16467
5110 11 1 16468
5112 11 2 16469
5114 11 3 16470
5116 11 5 16471
5118 11 9 16472
5120 11 10 16473
5122 11 14 16474
5124 11 15 16475
5126 11 19 16476
5128 11 21 16477
5130 11 22 16478
5132 11 23 16479
5134 11 1 16480
5136 11 2 16481
5138 11 3 16482
5140 11 5 16483
5142 11 9 16484
5144 11 10 16485
5146 11 14 16486
5148 11 15 16487
5150 11 19 16488
5152 11 21 16489
5154 11 22 16490
5156 11 23 16491
5158 11 1 16492
5160 11 2 16493
5162 11 3 16494
5164 11 5 16495
5166 11 9 16496
5168 11 10 16497
5170 11 14 16498
5172 11 15 16499
5174 11 19 16500
5176 11 21 16501
5178 11 22 16502
5180 11 23 16503
5182 11 1 16504
5184 11 2 16505
5186 11 3 16506
5188 11 5 16507
5190 11 9 16508
5192 11 10 16509
5194 11 14 16510
5196 11 15 16511
5198 11 19 16512
5200 11 21 16513
5202 11 22 16514
5204 11 23 16515
5206 11 1 16516
5208 11 2 16517
5210 11 3 16518
5212 11 5 16519
5214 11 9 16520
5216 11 10 16521
5218 11 14 16522
5220 11 15 16523
5222 11 19 16524
5224 11 21 16525
5226 11 22 16526
5228 11 23 16527
5230 11 1 16528
5232 11 2 16529
5234 11 3 16530
5236 11 5 16531
5238 11 9 16532
5240 11 10 16533
5242 11 14 16534
5244 11 15 16535
5246 11 19 16536
5280 11 21 16537
5282 11 22 16538
5348 11 23 16539
5350 11 1 16540
5352 11 2 16541
5354 11 3 16542
5356 11 5 16543
5358 11 9 16544
5408 11 10 16545
5410 11 14 16546
5412 11 15 16547
5414 11 19 16548
5416 11 21 16549
5418 11 22 16550
5420 11 23 16551
5422 11 1 16552
5424 11 2 16553
5426 11 3 16554
5428 11 5 16555
5430 11 9 16556
5432 11 10 16557
5434 11 14 16558
5436 11 15 16559
5438 11 19 16560
5440 11 21 16561
5442 11 22 16562
5444 11 23 16563
5448 11 1 16564
5450 11 2 16565
5452 11 3 16566
5454 11 5 16567
5456 11 9 16568
5458 11 10 16569
5460 11 14 16570
5462 11 15 16571
5464 11 19 16572
5466 11 21 16573
5468 11 22 16574
5470 11 23 16575
5472 11 1 16576
5474 11 2 16577
5476 11 3 16578
5478 11 5 16579
5480 11 9 16580
5482 11 10 16581
5484 11 14 16582
5486 11 15 16583
5488 11 19 16584
5490 11 21 16585
5492 11 22 16586
5494 11 23 16587
5496 11 1 16588
5498 11 2 16589
5500 11 3 16590
5502 11 5 16591
5504 11 9 16592
5506 11 10 16593
5508 11 14 16594
5510 11 15 16595
5512 11 19 16596
5514 11 21 16597
5516 11 22 16598
5518 11 23 16599
5520 11 1 16600
5522 11 2 16601
5524 11 3 16602
5526 11 5 16603
5528 11 9 16604
5530 11 10 16605
5532 11 14 16606
5534 11 15 16607
5536 11 19 16608
5538 11 21 16609
5540 11 22 16610
5542 11 23 16611
5544 11 1 16612
5546 11 2 16613
5548 11 3 16614
5550 11 5 16615
5552 11 9 16616
5554 11 10 16617
5556 11 14 16618
5558 11 15 16619
5560 11 19 16620
5562 11 21 16621
5564 11 22 16622
5566 11 23 16623
5568 11 1 16624
5570 11 2 16625
5572 11 3 16626
5574 11 5 16627
5576 11 9 16628
5578 11 10 16629
5580 11 14 16630
5582 11 15 16631
5584 11 19 16632
5586 11 21 16633
5588 11 22 16634
5590 11 23 16635
5592 11 1 16636
5594 11 2 16637
5596 11 3 16638
5598 11 5 16639
5600 11 9 16640
5602 11 10 16641
5604 11 14 16642
5606 11 15 16643
5608 11 19 16644
5610 11 21 16645
5612 11 22 16646
5614 11 23 16647
5616 11 1 16648
5618 11 2 16649
5620 11 3 16650
5622 11 5 16651
5624 11 9 16652
5626 11 10 16653
5630 11 14 16654
5632 11 15 16655
5634 11 19 16656
5636 11 21 16657
5638 11 22 16658
5640 11 23 16659
5642 11 1 16660
5644 11 2 16661
5646 11 3 16662
5648 11 5 16663
5650 11 9 16664
5652 11 10 16665
5654 11 14 16666
5656 11 15 16667
5658 11 19 16668
5660 11 21 16669
5662 11 22 16670
5664 11 23 16671
5668 11 1 16672
5670 11 2 16673
5672 11 3 16674
5674 11 5 16675
5676 11 9 16676
5678 11 10 16677
5680 11 14 16678
5682 11 15 16679
5684 11 19 16680
5686 11 21 16681
5688 11 22 16682
5690 11 23 16683
5692 11 1 16684
5694 11 2 16685
5696 11 3 16686
5698 11 5 16687
5700 11 9 16688
5702 11 10 16689
5704 11 14 16690
5706 11 15 16691
5708 11 19 16692
5710 11 21 16693
5712 11 22 16694
5714 11 23 16695
5716 11 1 16696
5718 11 2 16697
5720 11 3 16698
5722 11 5 16699
5724 11 9 16700
5726 11 10 16701
5728 11 14 16702
5730 11 15 16703
5732 11 19 16704
5734 11 21 16705
5736 11 22 16706
5738 11 23 16707
5740 11 1 16708
5742 11 2 16709
5744 11 3 16710
5746 11 5 16711
5748 11 9 16712
5750 11 10 16713
5752 11 14 16714
5754 11 15 16715
5756 11 19 16716
5758 11 21 16717
5760 11 22 16718
5762 11 23 16719
5764 11 1 16720
5766 11 2 16721
5768 11 3 16722
5770 11 5 16723
5772 11 9 16724
5774 11 10 16725
5776 11 14 16726
5778 11 15 16727
5780 11 19 16728
5782 11 21 16729
5784 11 22 16730
5786 11 23 16731
5788 11 1 16732
5790 11 2 16733
5792 11 3 16734
5794 11 5 16735
5796 11 9 16736
5798 11 10 16737
5800 11 14 16738
5802 11 15 16739
5804 11 19 16740
5806 11 21 16741
5808 11 22 16742
5810 11 23 16743
5812 11 1 16744
5814 11 2 16745
5816 11 3 16746
5818 11 5 16747
5820 11 9 16748
5822 11 10 16749
5824 11 14 16750
5826 11 15 16751
5828 11 19 16752
5830 11 21 16753
5832 11 22 16754
5834 11 23 16755
5836 11 1 16756
5838 11 2 16757
5840 11 3 16758
5842 11 5 16759
5844 11 9 16760
5846 11 10 16761
5848 11 14 16762
5850 11 15 16763
5852 11 19 16764
5854 11 21 16765
5856 11 22 16766
5858 11 23 16767
5860 11 1 16768
5862 11 2 16769
5864 11 3 16770
5866 11 5 16771
5868 11 9 16772
5870 11 10 16773
5872 11 14 16774
5874 11 15 16775
5876 11 19 16776
5878 11 21 16777
5880 11 22 16778
5882 11 23 16779
5884 11 1 16780
5886 11 2 16781
5888 11 3 16782
5890 11 5 16783
5892 11 9 16784
5894 11 10 16785
5896 11 14 16786
5898 11 15 16787
5900 11 19 16788
5902 11 21 16789
5904 11 22 16790
5906 11 23 16791
5908 11 1 16792
5910 11 2 16793
5912 11 3 16794
5914 11 5 16795
5916 11 9 16796
5918 11 10 16797
5920 11 14 16798
5922 11 15 16799
5924 11 19 16800
5926 11 21 16801
5928 11 22 16802
5930 11 23 16803
5932 11 1 16804
5934 11 2 16805
5936 11 3 16806
5938 11 5 16807
5940 11 9 16808
5942 11 10 16809
5944 11 14 16810
5946 11 15 16811
5948 11 19 16812
5950 11 21 16813
5952 11 22 16814
5954 11 23 16815
5956 11 1 16816
5958 11 2 16817
5960 11 3 16818
5962 11 5 16819
5964 11 9 16820
5966 11 10 16821
5968 11 14 16822
5970 11 15 16823
5972 11 19 16824
5974 11 21 16825
5976 11 22 16826
5978 11 23 16827
5980 11 1 16828
5982 11 2 16829
5984 11 3 16830
5986 11 5 16831
5988 11 9 16832
5990 11 10 16833
5992 11 14 16834
5994 11 15 16835
5996 11 19 16836
5998 11 21 16837
6000 11 22 16838
6002 11 23 16839
6004 11 1 16840
6006 11 2 16841
6008 11 3 16842
6010 11 5 16843
6012 11 9 16844
6014 11 10 16845
6016 11 14 16846
6018 11 15 16847
6020 11 19 16848
6022 11 21 16849
6024 11 22 16850
6026 11 23 16851
6028 11 1 16852
6030 11 2 16853
6032 11 3 16854
6034 11 5 16855
6036 11 9 16856
6038 11 10 16857
6040 11 14 16858
6042 11 15 16859
6044 11 19 16860
6046 11 21 16861
6048 11 22 16862
6050 11 23 16863
6052 11 1 16864
6054 11 2 16865
6056 11 3 16866
6058 11 5 16867
6060 11 9 16868
6062 11 10 16869
6064 11 14 16870
6066 11 15 16871
6068 11 19 16872
6070 11 21 16873
6072 11 22 16874
6074 11 23 16875
6076 11 1 16876
6082 11 2 16877
6084 11 3 16878
6086 11 5 16879
6088 11 9 16880
6090 11 10 16881
6092 11 14 16882
6094 11 15 16883
6096 11 19 16884
6098 11 21 16885
6100 11 22 16886
6102 11 23 16887
6104 11 1 16888
6106 11 2 16889
6108 11 3 16890
6110 11 5 16891
6112 11 9 16892
6114 11 10 16893
6116 11 14 16894
6118 11 15 16895
6120 11 19 16896
6122 11 21 16897
6124 11 22 16898
6126 11 23 16899
6128 11 1 16900
6130 11 2 16901
6132 11 3 16902
6134 11 5 16903
6136 11 9 16904
6138 11 10 16905
6140 11 14 16906
6142 11 15 16907
6144 11 19 16908
6146 11 21 16909
6148 11 22 16910
6150 11 23 16911
6152 11 1 16912
6154 11 2 16913
6156 11 3 16914
6158 11 5 16915
6160 11 9 16916
6162 11 10 16917
6164 11 14 16918
6166 11 15 16919
6168 11 19 16920
6170 11 21 16921
6172 11 22 16922
6174 11 23 16923
6176 11 1 16924
6178 11 2 16925
6180 11 3 16926
6182 11 5 16927
6184 11 9 16928
6186 11 10 16929
6188 11 14 16930
6190 11 15 16931
6192 11 19 16932
6194 11 21 16933
6196 11 22 16934
6198 11 23 16935
6200 11 1 16936
6202 11 2 16937
6204 11 3 16938
6206 11 5 16939
6208 11 9 16940
6210 11 10 16941
6212 11 14 16942
6214 11 15 16943
6216 11 19 16944
6218 11 21 16945
6220 11 22 16946
6222 11 23 16947
6224 11 1 16948
6226 11 2 16949
6228 11 3 16950
6230 11 5 16951
6232 11 9 16952
6234 11 10 16953
6236 11 14 16954
6238 11 15 16955
6240 11 19 16956
6242 11 21 16957
6244 11 22 16958
6246 11 23 16959
6248 11 1 16960
6250 11 2 16961
6252 11 3 16962
6254 11 5 16963
6256 11 9 16964
6258 11 10 16965
6260 11 14 16966
6262 11 15 16967
6264 11 19 16968
6266 11 21 16969
6268 11 22 16970
6270 11 23 16971
6272 11 1 16972
6274 11 2 16973
6276 11 3 16974
6278 11 5 16975
6280 11 9 16976
6282 11 10 16977
6284 11 14 16978
6286 11 15 16979
6288 11 19 16980
6290 11 21 16981
6292 11 22 16982
6294 11 23 16983
6296 11 1 16984
6298 11 2 16985
6300 11 3 16986
6302 11 5 16987
6304 11 9 16988
6306 11 10 16989
6308 11 14 16990
6310 11 15 16991
6312 11 19 16992
6314 11 21 16993
6316 11 22 16994
6318 11 23 16995
6320 11 1 16996
6322 11 2 16997
6324 11 3 16998
6326 11 5 16999
6328 11 9 17000
6332 11 10 17001
6334 11 14 17002
6336 11 15 17003
6338 11 19 17004
6340 11 21 17005
6342 11 22 17006
6344 11 23 17007
6346 11 1 17008
6348 11 2 17009
6352 11 3 17010
6354 11 5 17011
6356 11 9 17012
6358 11 10 17013
6360 11 14 17014
6362 11 15 17015
6364 11 19 17016
6366 11 21 17017
6368 11 22 17018
6370 11 23 17019
6372 11 1 17020
6374 11 2 17021
6376 11 3 16434
6378 11 3 17022
6380 11 5 17023
6382 11 9 17024
6384 11 10 17025
6386 11 14 17026
6388 11 15 17027
6390 11 19 17028
6392 11 21 17029
6394 11 22 17030
6398 11 23 17031
6400 11 1 17032
6402 11 2 17033
6404 11 3 17034
6406 11 5 17035
6408 11 9 17036
6410 11 10 17037
6412 11 14 17038
6414 11 15 17039
6416 11 19 17040
6418 11 21 17041
6420 11 22 17042
6422 11 23 17043
6424 11 1 17044
6426 11 2 17045
6428 11 3 17046
6430 11 5 17047
6432 11 9 17048
6434 11 10 17049
6438 11 14 17050
6440 11 15 17051
6442 11 19 17052
6444 11 21 17053
6446 11 22 17054
6448 11 23 17055
6450 11 1 17056
6452 11 2 17057
6454 11 3 17058
6456 11 5 17059
6458 11 9 17060
6460 11 10 17061
6462 11 14 17062
6464 11 15 17063
6466 11 19 17064
6468 11 21 17065
6470 11 22 17066
6472 11 23 17067
6474 11 1 17068
6476 11 2 17069
6478 11 3 17070
6480 11 5 17071
6482 11 9 17072
6484 11 10 17073
6486 11 14 17074
6488 11 15 17075
6490 11 19 17076
6492 11 21 17077
6494 11 22 17078
6496 11 23 17079
6498 11 1 17080
6500 11 2 17081
6502 11 3 17082
6504 11 5 17083
6506 11 9 17084
6508 11 10 17085
6510 11 14 17086
6512 11 15 17087
6514 11 19 17088
6516 11 21 17089
6518 11 22 17090
6520 11 23 17091
6522 11 1 17092
6524 11 2 17093
6526 11 3 17094
6528 11 5 17095
6530 11 9 17096
6532 11 10 17097
6534 11 14 17098
6536 11 15 17099
6540 11 19 17100
6542 11 21 17101
6544 11 22 17102
6546 11 23 17103
6548 11 1 17104
6550 11 2 17105
6552 11 3 17106
6554 11 5 17107
6556 11 9 17108
6558 11 10 17109
6560 11 14 17110
6562 11 15 17111
6564 11 19 17112
6566 11 21 17113
6568 11 22 17114
6570 11 23 17115
6572 11 1 17116
6574 11 2 17117
6576 11 3 17118
6578 11 5 17119
6580 11 9 17120
6582 11 10 17121
6584 11 14 17122
6586 11 15 17123
6588 11 19 17124
6590 11 21 17125
6592 11 22 17126
6594 11 23 17127
6596 11 1 17128
6598 11 2 17129
6600 11 3 17130
6602 11 5 17131
6604 11 9 17132
6606 11 10 17133
6608 11 14 17134
6610 11 15 17135
6612 11 19 17136
6614 11 21 17137
6616 11 22 17138
6618 11 23 17139
6620 11 1 17140
6622 11 2 17141
6624 11 3 17142
6626 11 5 17143
6628 11 9 17144
6630 11 10 17145
6632 11 14 17146
6634 11 15 17147
6636 11 19 17148
6638 11 21 17149
6640 11 22 17150
6642 11 23 17151
6644 11 1 17152
6646 11 2 17153
6648 11 3 17154
6650 11 5 17155
6652 11 9 17156
6654 11 10 17157
6656 11 14 17158
6658 11 15 17159
6660 11 19 17160
6662 11 21 17161
6664 11 22 17162
6666 11 23 17163
6668 11 1 17164
6670 11 2 17165
6672 11 3 17166
6674 11 5 17167
6676 11 9 17168
6678 11 10 17169
6680 11 14 17170
6682 11 15 17171
6684 11 19 17172
6686 11 21 17173
6688 11 22 17174
6690 11 23 17175
6692 11 1 17176
6694 11 2 17177
6696 11 3 17178
6698 11 5 17179
6700 11 9 17180
6702 11 10 17181
6704 11 14 17182
6706 11 15 17183
6708 11 19 17184
6710 11 21 17185
6712 11 22 17186
6718 11 23 17187
6720 11 1 17188
6722 11 2 17189
6724 11 3 17190
6726 11 5 17191
6728 11 9 17192
6730 11 10 17193
6732 11 14 17194
6734 11 15 17195
6736 11 19 17196
6738 11 21 17197
6740 11 22 17198
6742 11 23 17199
6744 11 1 17200
6746 11 2 17201
6748 11 3 17202
6750 11 5 17203
6752 11 9 17204
6754 11 10 17205
6756 11 14 17206
6758 11 15 17207
6760 11 19 17208
6762 11 21 17209
6764 11 22 17210
6766 11 23 17211
6768 11 1 17212
6770 11 2 17213
6772 11 3 17214
6774 11 5 17215
6776 11 9 17216
6778 11 10 17217
6780 11 14 17218
6782 11 15 17219
6784 11 19 17220
6786 11 21 17221
6788 11 22 17222
6790 11 23 17223
6792 11 1 17224
6794 11 2 17225
6796 11 3 17226
6798 11 5 17227
6800 11 9 17228
6802 11 10 17229
6804 11 14 17230
6806 11 5 16387
6808 11 10 16665
6810 11 15 17231
6812 11 19 17232
6814 11 21 17233
6816 11 22 17234
6818 11 23 17235
6820 11 1 17236
6822 11 2 17237
6824 11 3 17238
6826 11 5 17239
6828 11 9 17240
6830 11 10 17241
6832 11 14 17242
6834 11 15 17243
6836 11 19 17244
6838 11 21 17245
6840 11 22 17246
6842 11 23 17247
6844 11 1 17248
6846 11 2 17249
6848 11 3 17250
6850 11 5 17251
6852 11 9 17252
6854 11 10 17253
6856 11 14 17254
6858 11 15 17255
6860 11 19 17256
6862 11 21 17257
6864 11 22 17258
6866 11 23 17259
6868 11 1 17260
6870 11 2 17261
6872 11 3 17262
6874 11 5 17263
6876 11 9 17264
6878 11 10 17265
6880 11 14 17266
6882 11 15 17267
6884 11 19 17268
6886 11 21 17269
6888 11 22 17270
6890 11 23 17271
6892 11 1 17272
6894 11 2 17273
6896 11 3 17274
6898 11 5 17275
6900 11 9 17276
6902 11 10 17277
6904 11 14 17278
6906 11 15 17279
6908 11 19 17280
6910 11 21 17281
6912 11 22 17282
6914 11 23 17283
6916 11 1 17284
6918 11 2 17285
6920 11 3 17286
6922 11 5 17287
6924 11 9 17288
6926 11 10 17289
6930 11 14 17290
6932 11 15 17291
6934 11 19 17292
6936 11 21 17293
6938 11 22 17294
6940 11 23 17295
6942 11 1 17296
6944 11 2 17297
6946 11 3 17298
6950 11 5 17299
6952 11 9 17300
6954 11 10 17301
6956 11 14 17302
6958 11 15 17303
6960 11 19 17304
6962 11 21 17305
6964 11 22 17306
6966 11 23 17307
6968 11 1 17308
6970 11 2 17309
6972 11 3 17310
6974 11 5 17311
6976 11 9 17312
6978 11 10 17313
6980 11 14 17314
6982 11 15 17315
6984 11 19 17316
6986 11 21 17317
6988 11 22 17318
6990 11 23 17319
6992 11 1 17320
6994 11 2 17321
6996 11 3 17322
6998 11 5 17323
7000 11 9 17324
7002 11 10 17325
7004 11 14 17326
7006 11 15 17327
7008 11 19 17328
7010 11 21 17329
7012 11 22 17330
7014 11 23 17331
7016 11 1 17332
7018 11 2 17333
7020 11 3 17334
7022 11 5 17335
7024 11 9 17336
7026 11 10 17337
7028 11 14 17338
7030 11 15 17339
7032 11 19 17340
7034 11 21 17341
7036 11 22 17342
7038 11 23 17343
7040 11 1 17344
7042 11 2 17345
7044 11 3 17346
7046 11 5 17347
7048 11 9 17348
7050 11 10 17349
7052 11 14 17350
7054 11 15 17351
7056 11 19 17352
7058 11 21 17353
7060 11 22 17354
7062 11 23 17355
7064 11 1 17356
7066 11 2 17357
7068 11 3 17358
7070 11 5 17359
7072 11 9 17360
7074 11 10 17361
7076 11 14 17362
7078 11 15 17363
7080 11 19 17364
7082 11 21 17365
7084 11 22 17366
7086 11 23 17367
7088 11 1 17368
7090 11 2 17369
7092 11 3 17370
7094 11 5 17371
7096 11 9 17372
7098 11 10 17373
7100 11 14 17374
7102 11 15 17375
7104 11 19 17376
7106 11 21 17377
7108 11 22 17378
7110 11 23 17379
7112 11 1 17380
7114 11 2 17381
7116 11 3 17382
7118 11 5 17383
7120 11 9 17384
7122 11 10 17385
7124 11 14 17386
7126 11 15 17387
7128 11 19 17388
7130 11 21 17389
7132 11 22 17390
7134 11 23 17391
7136 11 1 17392
7138 11 2 17393
7140 11 3 17394
7142 11 5 17395
7144 11 9 17396
7146 11 10 17397
7148 11 14 17398
7150 11 15 17399
7152 11 19 17400
7154 11 21 17401
7156 11 22 17402
7158 11 23 17403
7160 11 1 17404
7162 11 2 17405
7164 11 3 17406
7166 11 5 17407
7170 11 3 16758
7172 11 10 16713
7176 11 5 16807
7184 11 2 16949
7188 11 2 16685
7228 11 21 16885
7232 11 2 16661
7240 11 22 16622
7254 11 21 16429
7262 11 21 16873
7268 11 22 16742
7270 11 19 16428
7282 11 14 16618
7316 11 22 16874
7324 11 15 16679
7326 11 1 16684
7344 11 3 16686
7346 11 14 16690
7354 11 21 16645
7364 11 1 17408
7366 11 2 17409
7368 11 3 17410
7370 11 5 17411
7372 11 9 17412
7374 11 10 17413
7376 11 14 17414
7378 11 15 17415
7380 11 19 17416
7382 11 21 17417
7384 11 22 17418
7386 11 23 17419
7388 11 1 17420
7390 11 2 17421
7392 11 3 17422
7394 11 5 17423
7396 11 9 17424
7398 11 10 17425
7400 11 14 17426
7402 11 15 17427
7404 11 19 17428
7406 11 21 17429
7408 11 22 17430
7410 11 23 17431
7412 11 1 17432
7414 11 2 17433
7416 11 3 17434
7418 11 5 17435
7420 11 9 17436
7422 11 10 17437
7424 11 14 17438
7426 11 15 17439
7428 11 19 17440
7430 11 21 17441
7432 11 22 17442
7434 11 23 17443
7436 11 1 17444
7438 11 2 17445
7440 11 3 17446
7442 11 5 17447
7444 11 9 17448
7446 11 10 17449
7448 11 14 17450
7450 11 15 17451
7452 11 19 17452
7454 11 21 17453
7456 11 22 17454
7458 11 23 17455
7460 11 1 17456
7462 11 2 17457
7464 11 3 17458
7466 11 5 17459
7468 11 9 17460
7470 11 10 17461
7472 11 14 17462
7474 11 15 17463
7476 11 19 17464
7478 11 21 17465
7480 11 22 17466
7482 11 23 17467
7484 11 1 17468
7486 11 2 17469
7488 11 3 17470
7490 11 5 17471
7492 11 9 17472
7494 11 10 17473
7496 11 14 17474
7498 11 15 17475
7500 11 19 17476
7502 11 21 17477
7504 11 22 17478
7506 11 23 17479
7508 11 1 17480
7510 11 2 17481
7512 11 3 17482
7514 11 5 17483
7516 11 9 17484
7518 11 10 17485
7520 11 14 17486
7522 11 15 17487
7524 11 19 17488
7526 11 21 17489
7528 11 22 17490
7530 11 23 17491
7532 11 1 17492
7534 11 2 17493
7536 11 3 17494
7538 11 5 17495
7540 11 9 17496
7542 11 10 17497
7544 11 14 17498
7546 11 15 17499
7548 11 19 17500
7550 11 21 17501
7552 11 22 17502
7554 11 23 17503
7556 11 1 17504
7558 11 2 17505
7560 11 3 17506
7562 11 5 17507
7564 11 9 17508
7566 11 10 17509
7568 11 14 17510
7570 11 15 17511
7572 11 19 17512
7574 11 21 17513
7576 11 22 17514
7578 11 23 17515
7580 11 1 17516
7582 11 2 17517
7584 11 3 17518
7586 11 5 17519
7588 11 9 17520
7590 11 10 17521
7592 11 14 17522
7594 11 15 17523
7596 11 19 17524
7598 11 21 17525
7600 11 22 17526
7602 11 23 17527
7604 11 1 17528
7606 11 2 17529
7608 11 3 17530
7610 11 5 17531
7612 11 9 17532
7614 11 10 17533
7616 11 14 17534
7618 11 15 17535
7620 11 19 17536
7622 11 21 17537
7624 11 22 17538
7626 11 23 17539
7628 11 1 17540
7630 11 2 17541
7632 11 3 17542
7634 11 5 17543
7636 11 9 17544
7638 11 10 17545
7640 11 14 17546
7642 11 15 17547
7644 11 19 17548
7646 11 21 17549
7648 11 22 17550
7650 11 23 17551
7652 11 1 17552
7654 11 2 17553
7656 11 3 17554
7658 11 5 17555
7660 11 9 17556
7662 11 10 17557
7664 11 14 17558
7666 11 15 17559
7668 11 19 17560
7670 11 21 17561
7672 11 22 17562
7674 11 23 17563
7676 11 1 17564
7678 11 2 17565
7680 11 3 17566
7682 11 5 17567
7684 11 9 17568
7686 11 10 17569
7688 11 14 17570
7690 11 15 17571
7692 11 19 17572
7694 11 21 17573
7696 11 22 17574
7698 11 23 17575
7700 11 1 17576
7702 11 2 17577
7704 11 3 17578
7706 11 5 17579
7708 11 9 17580
7710 11 10 17581
7712 11 14 17582
7714 11 15 17583
7716 11 19 17584
7718 11 21 17585
7720 11 22 17586
7722 11 23 17587
7724 11 1 17588
7726 11 2 17589
7728 11 3 17590
7730 11 5 17591
7732 11 9 17592
7734 11 10 17593
7736 11 14 17594
7738 11 15 17595
7740 11 19 17596
7742 11 21 17597
7744 11 22 17598
7746 11 23 17599
7748 11 1 17600
7750 11 2 17601
7752 11 3 17602
7754 11 5 17603
7756 11 9 17604
7758 11 10 17605
7760 11 14 17606
7762 11 15 17607
7764 11 19 17608
7766 11 21 17609
7768 11 22 17610
7770 11 23 17611
7772 11 1 17612
7774 11 2 17613
7776 11 3 17614
7778 11 5 17615
7780 11 9 17616
7782 11 10 17617
7784 11 14 17618
7786 11 15 17619
7788 11 19 17620
7790 11 21 17621
7792 11 22 17622
7794 11 23 17623
7796 11 1 17624
7798 11 2 17625
7800 11 3 17626
7802 11 5 17627
7804 11 9 17628
7806 11 10 17629
7808 11 14 17630
7810 11 15 17631
7812 11 19 17632
7814 11 21 17633
7816 11 22 17634
7818 11 23 17635
7820 11 1 17636
7822 11 2 17637
7824 11 3 17638
7826 11 5 17639
7828 11 9 17640
7830 11 10 17641
7832 11 14 17642
7834 11 15 17643
7836 11 19 17644
7838 11 21 17645
7840 11 22 17646
7842 11 23 17647
7844 11 1 17648
7846 11 2 17649
7848 11 3 17650
7850 11 5 17651
7852 11 9 17652
7854 11 10 17653
7856 11 14 17654
7858 11 15 17655
7860 11 19 17656
7862 11 21 17657
7864 11 22 17658
7866 11 23 17659
7868 11 1 17660
7870 11 2 17661
7872 11 3 17662
7874 11 5 17663
7876 11 9 17664
7878 11 10 17665
7880 11 14 17666
7882 11 15 17667
7884 11 19 17668
7886 11 21 17669
7888 11 22 17670
7890 11 23 17671
7892 11 1 17672
7894 11 2 17673
7896 11 3 17674
7898 11 5 17675
7900 11 9 17676
7902 11 10 17677
7904 11 14 17678
7906 11 15 17679
7908 11 19 17680
7910 11 21 17681
7912 11 22 17682
7914 11 23 17683
7916 11 1 17684
7918 11 2 17685
7920 11 3 17686
7922 11 5 17687
7924 11 9 17688
7926 11 10 17689
7928 11 14 17690
7930 11 15 17691
7932 11 19 17692
7934 11 21 17693
7936 11 22 17694
7938 11 23 17695
7940 11 1 17696
7942 11 2 17697
7944 11 3 17698
7946 11 5 17699
7948 11 9 17700
7950 11 10 17701
7952 11 14 17702
7954 11 15 17703
7956 11 19 17704
7958 11 21 17705
7960 11 22 17706
7962 11 23 17707
7964 11 1 17708
7966 11 2 17709
7968 11 3 17710
7970 11 5 17711
7972 11 9 17712
7974 11 10 17713
7976 11 14 17714
7978 11 15 17715
7980 11 19 17716
7982 11 21 17717
7984 11 22 17718
7986 11 23 17719
7988 11 1 17720
7990 11 2 17721
7992 11 3 17722
7994 11 5 17723
7996 11 9 17724
7998 11 10 17725
8000 11 14 17726
8002 11 15 17727
8004 11 19 17728
8006 11 21 17729
8008 11 22 17730
8010 11 23 17731
8012 11 1 17732
8014 11 2 17733
8016 11 3 17734
8018 11 5 17735
8020 11 9 17736
8022 11 10 17737
8024 11 14 17738
8026 11 15 17739
8028 11 19 17740
8030 11 21 17741
8032 11 22 17742
8034 11 23 17743
8036 11 1 17744
8038 11 2 17745
8040 11 3 17746
8042 11 5 17747
8044 11 9 17748
8046 11 10 17749
8048 11 14 17750
8050 11 15 17751
8052 11 19 17752
8054 11 21 17753
8056 11 22 17754
8058 11 23 17755
8060 11 1 17756
8062 11 2 17757
8064 11 3 17758
8066 11 5 17759
8068 11 9 17760
8070 11 10 17761
8072 11 14 17762
8074 11 15 17763
8076 11 19 17764
8078 11 21 17765
8080 11 22 17766
8082 11 23 17767
8084 11 1 17768
8086 11 2 17769
8088 11 3 17770
8090 11 5 17771
8092 11 9 17772
8094 11 10 17773
8096 11 14 17774
8098 11 15 17775
8100 11 19 17776
8102 11 21 17777
8104 11 22 17778
8106 11 23 17779
8108 11 1 17780
8110 11 2 17781
8112 11 3 17782
8114 11 5 17783
8116 11 9 17784
8118 11 10 17785
8120 11 14 17786
8122 11 15 17787
8124 11 19 17788
8126 11 21 17789
8128 11 22 17790
8130 11 23 17791
8132 11 1 17792
8134 11 2 17793
8136 11 3 17794
8138 11 5 17795
8140 11 9 17796
8142 11 10 17797
8144 11 14 17798
8146 11 15 17799
8148 11 19 17800
8150 11 21 17801
8152 11 22 17802
8154 11 23 17803
8156 11 1 17804
8158 11 2 17805
8160 11 3 17806
8162 11 5 17807
8164 11 9 17808
8166 11 10 17809
8168 11 14 17810
8170 11 15 17811
8172 11 19 17812
8174 11 21 17813
8176 11 22 17814
8178 11 23 17815
8180 11 1 17816
8182 11 2 17817
8184 11 3 17818
8186 11 5 17819
8188 11 9 17820
8190 11 10 17821
8192 11 14 17822
8194 11 15 17823
8196 11 19 17824
8198 11 21 17825
8200 11 22 17826
8202 11 23 17827
8204 11 1 17828
8206 11 2 17829
8208 11 3 17830
8210 11 5 17831
8212 11 9 17832
8214 11 10 17833
8216 11 14 17834
8218 11 15 17835
8220 11 19 17836
8222 11 21 17837
8224 11 22 17838
8226 11 23 17839
8228 11 1 17840
8230 11 2 17841
8232 11 3 17842
8234 11 5 17843
8236 11 9 17844
8238 11 10 17845
8240 11 14 17846
8242 11 15 17847
8244 11 19 17848
8246 11 21 17849
8248 11 22 17850
8250 11 23 17851
8252 11 1 17852
8254 11 2 17853
8256 11 3 17854
8258 11 5 17855
8260 11 9 17856
8262 11 10 17857
8264 11 14 17858
8266 11 15 17859
8268 11 19 17860
8270 11 21 17861
8272 11 22 17862
8274 11 23 17863
8276 11 1 17864
8278 11 2 17865
8280 11 3 17866
8282 11 5 17867
8284 11 9 17868
8286 11 10 17869
8288 11 14 17870
8290 11 15 17871
8292 11 19 17872
8294 11 21 17873
8296 11 22 17874
8298 11 23 17875
8300 11 1 17876
8302 11 2 17877
8304 11 3 17878
8306 11 5 17879
8308 11 9 17880
8310 11 10 17881
8312 11 14 17882
8314 11 15 17883
8316 11 19 17884
8318 11 21 17885
8320 11 22 17886
8322 11 23 17887
8324 11 1 17888
8326 11 2 17889
8328 11 3 17890
8330 11 5 17891
8332 11 9 17892
8334 11 10 17893
8336 11 14 17894
8338 11 15 17895
8340 11 19 17896
8342 11 21 17897
8344 11 22 17898
8346 11 23 17899
8348 11 1 17900
8350 11 2 17901
8352 11 3 17902
8354 11 5 17903
8356 11 9 17904
8358 11 10 17905
8360 11 14 17906
8362 11 15 17907
8364 11 19 17908
8366 11 21 17909
8368 11 22 17910
8370 11 23 17911
8372 11 1 17912
8374 11 2 17913
8376 11 3 17914
8378 11 5 17915
8380 11 9 17916
8382 11 10 17917
8384 11 14 17918
8386 11 15 17919
8388 11 19 17920
8390 11 21 17921
8392 11 22 17922
8394 11 23 17923
8396 11 1 17924
8398 11 2 17925
8400 11 3 17926
8402 11 5 17927
8404 11 9 17928
8406 11 10 17929
8408 11 14 17930
8410 11 15 17931
8412 11 19 17932
8414 11 21 17933
8416 11 22 17934
8418 11 23 17935
8420 11 1 17936
8422 11 2 17937
8424 11 3 17938
8426 11 5 17939
8428 11 9 17940
8430 11 10 17941
8432 11 14 17942
8434 11 15 17943
8436 11 19 17944
8438 11 21 17945
8440 11 22 17946
8442 11 23 17947
8444 11 1 17948
8446 11 2 17949
8448 11 3 17950
8450 11 5 17951
8452 11 9 17952
8454 11 10 17953
8456 11 14 17954
8458 11 15 17955
8460 11 19 17956
8462 11 21 17957
8464 11 22 17958
8466 11 23 17959
8468 11 1 17960
8470 11 2 17961
8472 11 3 17962
8474 11 5 17963
8480 11 9 17964
8482 11 10 17965
8484 11 14 17966
8486 11 15 17967
8488 11 19 17968
8490 11 21 17969
8492 11 22 17970
8494 11 23 17971
8496 11 1 17972
8498 11 2 17973
8500 11 3 17974
8502 11 5 17975
8504 11 9 17976
8506 11 10 17977
8508 11 14 17978
8510 11 15 17979
8512 11 19 17980
8514 11 21 17981
8516 11 22 17982
8518 11 23 17983
8520 11 1 17984
8522 11 2 17985
8526 11 3 17986
8528 11 5 17987
8530 11 9 17988
8532 11 10 17989
8534 11 14 17990
8536 11 15 17991
8538 11 19 17992
8540 11 21 17993
8542 11 22 17994
8544 11 23 17995
8546 11 1 17996
8548 11 2 17997
8550 11 3 17998
8552 11 5 17999
8554 11 9 18000
8556 11 10 18001
8558 11 14 18002
8560 11 15 18003
8562 11 19 18004
8564 11 21 18005
8566 11 22 18006
8568 11 23 18007
8570 11 1 18008
8572 11 2 18009
8574 11 3 18010
8576 11 5 18011
8578 11 9 18012
8580 11 10 18013
8582 11 14 18014
8584 11 15 18015
8586 11 19 18016
8588 11 21 18017
8590 11 22 18018
8592 11 23 18019
8594 11 1 18020
8596 11 2 18021
8598 11 3 18022
8600 11 5 18023
8602 11 9 18024
8604 11 10 18025
8606 11 14 18026
8608 11 15 18027
8610 11 19 18028
8612 11 21 18029
8614 11 22 18030
8616 11 23 18031
8618 11 1 18032
8620 11 2 18033
8622 11 3 18034
8624 11 5 18035
8626 11 9 18036
8628 11 10 18037
8630 11 14 18038
8632 11 15 18039
8634 11 19 18040
8636 11 21 18041
8638 11 22 18042
8640 11 23 18043
8642 11 1 18044
8644 11 2 18045
8646 11 3 18046
8648 11 5 18047
8650 11 9 18048
8652 11 10 18049
8654 11 14 18050
8656 11 15 18051
8658 11 19 18052
8660 11 21 18053
8662 11 22 18054
8664 11 23 18055
8666 11 1 18056
8668 11 2 18057
8670 11 3 18058
8672 11 5 18059
8674 11 9 18060
8676 11 10 18061
8678 11 14 18062
8680 11 15 18063
8682 11 19 18064
8684 11 21 18065
8686 11 22 18066
8688 11 23 18067
8690 11 1 18068
8692 11 2 18069
8694 11 3 18070
8696 11 5 18071
8698 11 9 18072
8700 11 10 18073
8702 11 14 18074
8704 11 15 18075
8706 11 19 18076
8708 11 21 18077
8710 11 22 18078
8712 11 23 18079
8714 11 1 18080
8716 11 2 18081
8718 11 3 18082
8720 11 5 18083
8722 11 9 18084
8724 11 10 18085
8726 11 14 18086
8728 11 15 18087
8730 11 19 18088
8732 11 21 18089
8734 11 22 18090
8736 11 23 18091
8738 11 1 18092
8740 11 2 18093
8742 11 3 18094
8744 11 5 18095
8746 11 9 18096
8748 11 10 18097
8750 11 14 18098
8752 11 15 18099
8754 11 19 18100
8756 11 21 18101
8758 11 22 18102
8760 11 23 18103
8762 11 1 18104
8764 11 2 18105
8766 11 3 18106
8768 11 5 18107
8770 11 9 18108
8772 11 10 18109
8774 11 14 18110
8776 11 15 18111
8778 11 19 18112
8780 11 21 18113
8782 11 22 18114
8784 11 23 18115
8786 11 1 18116
8788 11 2 18117
8790 11 3 18118
8792 11 5 18119
8794 11 9 18120
8796 11 10 18121
8798 11 14 18122
8800 11 15 18123
8802 11 19 18124
8804 11 21 18125
8806 11 22 18126
8808 11 23 18127
8810 11 1 18128
8812 11 2 18129
8814 11 3 18130
8816 11 5 18131
8818 11 9 18132
8820 11 10 18133
8822 11 14 18134
8824 11 15 18135
8826 11 19 18136
8828 11 21 18137
8830 11 22 18138
8832 11 23 18139
8834 11 1 18140
8836 11 2 18141
8838 11 3 18142
8840 11 5 18143
8842 11 9 18144
8844 11 10 18145
8846 11 14 18146
8848 11 15 18147
8850 11 19 18148
8852 11 21 18149
8854 11 22 18150
8856 11 23 18151
8858 11 1 18152
8860 11 2 18153
8862 11 3 18154
8864 11 5 18155
8866 11 9 18156
8868 11 10 18157
8870 11 14 18158
8872 11 15 18159
8874 11 19 18160
8876 11 21 18161
8878 11 22 18162
8880 11 23 18163
8882 11 1 18164
8884 11 2 18165
8886 11 3 18166
8888 11 5 18167
8890 11 9 18168
8892 11 10 18169
8894 11 14 18170
8896 11 15 18171
8898 11 19 18172
8900 11 21 18173
8902 11 22 18174
8904 11 23 18175
8906 11 1 18176
8908 11 2 18177
8910 11 3 18178
8912 11 5 18179
8914 11 9 18180
8916 11 10 18181
8918 11 14 18182
8920 11 15 18183
8922 11 19 18184
8924 11 21 18185
8926 11 22 18186
8928 11 23 18187
8930 11 1 18188
8932 11 2 18189
8934 11 3 18190
8936 11 5 18191
8938 11 9 18192
8940 11 10 18193
8942 11 14 18194
8944 11 15 18195
8946 11 19 18196
8948 11 21 18197
8950 11 22 18198
8952 11 23 18199
8954 11 1 18200
8956 11 2 18201
8958 11 3 18202
8960 11 5 18203
8962 11 9 18204
8964 11 10 18205
8966 11 14 18206
8968 11 15 18207
8970 11 19 18208
8972 11 21 18209
8974 11 22 18210
8976 11 23 18211
8978 11 1 18212
8980 11 2 18213
8982 11 3 18214
8984 11 5 18215
8986 11 9 18216
8988 11 10 18217
8990 11 14 18218
8992 11 15 18219
8994 11 19 18220
8996 11 21 18221
8998 11 22 18222
9000 11 23 18223
9002 11 1 18224
9004 11 2 18225
9006 11 3 18226
9008 11 5 18227
9010 11 9 18228
9012 11 10 18229
9014 11 14 18230
9016 11 15 18231
9018 11 19 18232
9020 11 21 18233
9022 11 22 18234
9024 11 23 18235
9026 11 1 18236
9028 11 2 18237
9030 11 3 18238
9032 11 5 18239
9034 11 9 18240
9036 11 10 18241
9038 11 14 18242
9040 11 15 18243
9042 11 19 18244
9044 11 21 18245
9046 11 22 18246
9048 11 23 18247
9050 11 1 18248
9052 11 2 18249
9054 11 3 18250
9056 11 5 18251
9058 11 9 18252
9060 11 10 18253
9062 11 14 18254
9064 11 15 18255
9066 11 19 18256
9068 11 21 18257
9070 11 22 18258
9072 11 23 18259
9074 11 1 18260
9076 11 2 18261
9078 11 3 18262
9080 11 5 18263
9082 11 9 18264
9084 11 10 18265
9086 11 14 18266
9088 11 15 18267
9090 11 19 18268
9092 11 21 18269
9094 11 22 18270
9096 11 23 18271
9098 11 1 18272
9100 11 2 18273
9102 11 3 18274
9104 11 5 18275
9106 11 9 18276
9108 11 10 18277
9110 11 14 18278
9112 11 15 18279
9114 11 19 18280
9116 11 21 18281
9120 11 22 18282
9122 11 23 18283
9124 11 1 18284
9126 11 2 18285
9128 11 3 18286
9130 11 5 18287
9132 11 9 18288
9134 11 10 18289
9136 11 14 18290
9138 11 15 18291
9140 11 19 18292
9142 11 21 18293
9144 11 22 18294
9146 11 23 18295
9148 11 1 18296
9150 11 2 18297
9152 11 3 18298
9154 11 5 18299
9156 11 9 18300
9158 11 10 18301
9160 11 14 18302
9162 11 15 18303
9164 11 19 18304
9166 11 21 18305
9168 11 22 18306
9170 11 23 18307
9172 11 1 18308
9174 11 2 18309
9176 11 3 18310
9178 11 5 18311
9180 11 9 18312
9182 11 10 18313
9184 11 14 18314
9186 11 15 18315
9188 11 19 18316
9190 11 21 18317
9192 11 22 18318
9194 11 23 18319
9196 11 1 18320
9198 11 2 18321
9200 11 3 18322
9202 11 5 18323
9204 11 9 18324
9206 11 10 18325
9208 11 14 18326
9210 11 15 18327
9212 11 19 18328
9214 11 21 18329
9216 11 22 18330
9218 11 23 18331
9220 11 1 18332
9222 11 2 18333
9224 11 3 18334
9226 11 5 18335
9228 11 9 18336
9230 11 10 18337
9232 11 14 18338
9234 11 15 18339
9236 11 19 18340
9238 11 21 18341
9240 11 22 18342
9242 11 23 18343
9244 11 1 18344
9246 11 2 18345
9248 11 3 18346
9250 11 5 18347
9252 11 9 18348
9254 11 10 18349
9256 11 14 18350
9258 11 15 18351
9260 11 19 18352
9262 11 21 18353
9264 11 22 18354
9266 11 23 18355
9268 11 1 18356
9270 11 2 18357
9272 11 3 18358
9274 11 5 18359
9276 11 9 18360
9278 11 10 18361
9280 11 14 18362
9282 11 15 18363
9284 11 19 18364
9286 11 21 18365
9288 11 22 18366
9290 11 23 18367
9292 11 1 18368
9294 11 2 18369
9296 11 3 18370
9298 11 5 18371
9300 11 9 18372
9302 11 10 18373
9304 11 14 18374
9306 11 15 18375
9308 11 19 18376
9310 11 21 18377
9312 11 22 18378
9314 11 23 18379
9316 11 1 18380
9318 11 2 18381
9320 11 3 18382
9322 11 5 18383
9324 11 9 18384
9326 11 10 18385
9328 11 14 18386
9330 11 15 18387
9332 11 19 18388
9334 11 21 18389
9336 11 22 18390
9338 11 23 18391
9340 11 1 18392
9342 11 2 18393
9344 11 3 18394
9346 11 5 18395
9348 11 9 18396
9350 11 10 18397
9352 11 14 18398
9354 11 15 18399
9356 11 19 18400
9358 11 21 18401
9360 11 22 18402
9362 11 23 18403
9364 11 1 18404
9366 11 2 18405
9368 11 3 18406
9370 11 5 18407
9372 11 9 18408
9374 11 10 18409
9376 11 14 18410
9378 11 15 18411
9380 11 19 18412
9382 11 21 18413
9384 11 22 18414
9386 11 23 18415
9388 11 1 18416
9390 11 2 18417
9392 11 3 18418
9394 11 5 18419
9396 11 9 18420
9398 11 10 18421
9400 11 14 18422
9402 11 15 18423
9404 11 19 18424
9406 11 21 18425
9408 11 22 18426
9410 11 23 18427
9412 11 1 18428
9414 11 2 18429
9416 11 3 18430
9418 11 5 18431
9426 11 5 17579
9430 11 3 17866
9434 11 2 17913
9442 11 10 17917
9450 11 21 17549
9452 11 3 17554
9462 11 19 17572
9464 11 10 17821
9484 11 9 17604
9494 11 21 17885
9506 11 1 18432
9508 11 2 18433
9510 11 3 18434
9512 11 5 18435
9514 11 9 18436
9516 11 10 18437
9518 11 14 18438
9520 11 15 18439
9522 11 19 18440
9524 11 21 18441
9526 11 22 18442
9528 11 23 18443
9530 11 1 18444
9532 11 2 18445
9534 11 3 18446
9536 11 5 18447
9538 11 9 18448
9540 11 10 18449
9542 11 14 18450
9544 11 15 18451
9546 11 19 18452
9548 11 21 18453
9550 11 22 18454
9552 11 23 18455
9554 11 1 18456
9556 11 2 18457
9558 11 3 18458
9560 11 5 18459
9562 11 9 18460
9564 11 10 18461
9566 11 14 18462
9568 11 15 18463
9570 11 19 18464
9572 11 21 18465
9574 11 22 18466
9576 11 23 18467
9578 11 1 18468
9580 11 2 18469
9582 11 3 18470
9584 11 5 18471
9586 11 9 18472
9588 11 10 18473
9590 11 14 18474
9592 11 15 18475
9594 11 19 18476
9596 11 21 18477
9598 11 22 18478
9600 11 23 18479
9602 11 1 18480
9604 11 2 18481
9606 11 3 18482
9608 11 5 18483
9610 11 9 18484
9612 11 10 18485
9614 11 14 18486
9616 11 15 18487
9618 11 19 18488
9620 11 21 18489
9622 11 22 18490
9624 11 23 18491
9626 11 1 18492
9628 11 2 18493
9630 11 3 18494
9632 11 5 18495
9634 11 9 18496
9636 11 10 18497
9638 11 14 18498
9640 11 15 18499
9642 11 19 18500
9644 11 21 18501
9646 11 22 18502
9648 11 23 18503
9650 11 1 18504
9652 11 2 18505
9654 11 3 18506
9656 11 5 18507
9658 11 9 18508
9660 11 10 18509
9662 11 14 18510
9664 11 15 18511
9666 11 19 18512
9668 11 21 18513
9670 11 22 18514
9672 11 23 18515
9674 11 1 18516
9676 11 2 18517
9678 11 3 18518
9680 11 5 18519
9682 11 9 18520
9684 11 10 18521
9686 11 14 18522
9688 11 15 18523
9690 11 19 18524
9692 11 21 18525
9694 11 22 18526
9696 11 23 18527
9698 11 1 18528
9700 11 2 18529
9702 11 3 18530
9704 11 5 18531
9706 11 9 18532
9708 11 10 18533
9710 11 14 18534
9712 11 15 18535
9714 11 19 18536
9716 11 21 18537
9718 11 22 18538
9722 11 23 18539
9724 11 1 18540
9726 11 2 18541
9728 11 3 18542
9730 11 5 18543
9732 11 9 18544
9734 11 10 18545
9736 11 14 18546
9738 11 15 18547
9740 11 19 18548
9742 11 21 18549
9744 11 22 18550
9746 11 23 18551
9748 11 1 18552
9750 11 2 18553
9752 11 3 18554
9754 11 5 18555
9756 11 9 18556
9758 11 10 18557
9760 11 14 18558
9762 11 15 18559
9764 11 19 18560
9766 11 21 18561
9768 11 22 18562
9770 11 23 18563
9772 11 1 18564
9774 11 2 18565
9776 11 3 18566
9778 11 5 18567
9780 11 9 18568
9782 11 10 18569
9784 11 14 18570
9786 11 15 18571
9788 11 19 18572
9790 11 21 18573
9792 11 22 18574
9794 11 23 18575
9796 11 1 18576
9798 11 2 18577
9800 11 3 18578
9802 11 5 18579
9804 11 9 18580
9806 11 10 18581
9808 11 14 18582
9810 11 15 18583
9812 11 19 18584
9814 11 21 18585
9816 11 22 18586
9818 11 23 18587
9820 11 1 18588
9822 11 2 18589
9824 11 3 18590
9826 11 5 18591
9828 11 9 18592
9830 11 10 18593
9832 11 14 18594
9834 11 15 18595
9836 11 19 18596
9838 11 21 18597
9840 11 22 18598
9842 11 23 18599
9844 11 1 18600
9846 11 2 18601
9848 11 3 18602
9850 11 5 18603
9852 11 9 18604
9854 11 10 18605
9856 11 14 18606
9858 11 15 18607
9860 11 19 18608
9862 11 21 18609
9864 11 22 18610
9866 11 23 18611
9868 11 1 18612
9870 11 2 18613
9872 11 3 18614
9874 11 5 18615
9876 11 9 18616
9878 11 10 18617
9880 11 14 18618
9882 11 15 18619
9884 11 19 18620
9886 11 21 18621
9888 11 22 18622
9890 11 23 18623
9892 11 1 18624
9894 11 2 18625
9896 11 3 18626
9898 11 5 18627
9900 11 9 18628
9902 11 10 18629
9904 11 14 18630
9906 11 15 18631
9908 11 19 18632
9910 11 21 18633
9912 11 22 18634
9914 11 23 18635
9916 11 1 18636
9918 11 2 18637
9920 11 3 18638
9922 11 5 18639
9924 11 9 18640
9926 11 10 18641
9928 11 14 18642
9930 11 15 18643
9932 11 19 18644
9934 11 21 18645
9936 11 22 18646
9938 11 23 18647
9940 11 1 18648
9942 11 2 18649
9944 11 3 18650
9946 11 5 18651
9948 11 9 18652
9950 11 10 18653
9952 11 14 18654
9954 11 15 18655
9956 11 19 18656
9958 11 21 18657
9960 11 22 18658
9962 11 23 18659
9964 11 1 18660
9966 11 2 18661
9968 11 3 18662
9970 11 5 18663
9972 11 9 18664
9974 11 10 18665
9976 11 14 18666
9978 11 15 18667
9980 11 19 18668
9982 11 21 18669
9984 11 22 18670
9986 11 23 18671
9990 11 1 18672
9992 11 2 18673
9994 11 3 18674
9996 11 5 18675
9998 11 9 18676
10000 11 10 18677
10002 11 14 18678
10004 11 15 18679
10006 11 19 18680
10008 11 21 18681
10010 11 22 18682
10012 11 23 18683
10014 11 1 18684
10016 11 2 18685
10018 11 3 18686
10020 11 5 18687
10022 11 9 18688
10024 11 10 18689
10026 11 14 18690
10028 11 15 18691
10030 11 19 18692
10032 11 21 18693
10034 11 22 18694
10036 11 23 18695
10038 11 1 18696
10040 11 2 18697
10042 11 3 18698
10044 11 5 18699
10046 11 9 18700
10048 11 10 18701
10050 11 14 18702
10052 11 15 18703
10054 11 19 18704
10056 11 21 18705
10058 11 22 18706
10060 11 23 18707
10062 11 1 18708
10064 11 2 18709
10066 11 3 18710
10068 11 5 18711
10070 11 9 18712
10072 11 10 18713
10074 11 14 18714
10076 11 15 18715
10078 11 19 18716
10080 11 21 18717
10082 11 22 18718
10084 11 23 18719
10086 11 1 18720
10088 11 2 18721
10090 11 3 18722
10092 11 5 18723
10094 11 9 18724
10096 11 10 18725
10098 11 14 18726
10100 11 15 18727
10102 11 19 18728
10104 11 21 18729
10106 11 22 18730
10108 11 23 18731
10110 11 1 18732
10112 11 2 18733
10114 11 3 18734
10116 11 5 18735
10118 11 9 18736
10120 11 10 18737
10122 11 14 18738
10124 11 15 18739
10126 11 19 18740
10128 11 21 18741
10130 11 22 18742
10132 11 23 18743
10134 11 1 18744
10136 11 2 18745
10138 11 3 18746
10140 11 5 18747
10142 11 9 18748
10144 11 10 18749
10146 11 14 18750
10148 11 15 18751
10150 11 19 18752
10152 11 21 18753
10154 11 22 18754
10156 11 23 18755
10158 11 1 18756
10160 11 2 18757
10162 11 3 18758
10164 11 5 18759
10166 11 9 18760
10168 11 10 18761
10170 11 14 18762
10172 11 15 18763
10174 11 19 18764
10176 11 21 18765
10178 11 22 18766
10180 11 23 18767
10182 11 1 18768
10184 11 2 18769
10186 11 3 18770
10188 11 5 18771
10190 11 9 18772
10192 11 10 18773
10194 11 14 18774
10196 11 15 18775
10198 11 19 18776
10200 11 21 18777
10202 11 22 18778
10204 11 23 18779
10206 11 1 18780
10208 11 2 18781
10210 11 3 18782
10212 11 5 18783
10214 11 9 18784
10216 11 10 18785
10218 11 14 18786
10220 11 15 18787
10222 11 19 18788
10224 11 21 18789
10226 11 22 18790
10228 11 23 18791
10230 11 1 18792
10232 11 2 18793
10234 11 3 18794
10236 11 5 18795
10238 11 9 18796
10240 11 10 18797
10242 11 14 18798
10244 11 15 18799
10246 11 19 18800
10248 11 21 18801
10250 11 22 18802
10252 11 23 18803
10254 11 1 18804
10256 11 2 18805
10258 11 3 18806
10260 11 5 18807
10262 11 9 18808
10264 11 10 18809
10266 11 14 18810
10268 11 15 18811
10270 11 19 18812
10272 11 21 18813
10274 11 22 18814
10276 11 23 18815
10278 11 1 18816
10280 11 2 18817
10282 11 3 18818
10284 11 5 18819
10286 11 9 18820
10288 11 10 18821
10290 11 14 18822
10292 11 15 18823
10294 11 19 18824
10296 11 21 18825
10298 11 22 18826
10300 11 23 18827
10302 11 1 18828
10304 11 2 18829
10306 11 3 18830
10308 11 5 18831
10310 11 9 18832
10312 11 10 18833
10314 11 14 18834
10316 11 15 18835
10318 11 19 18836
10320 11 21 18837
10322 11 22 18838
10324 11 23 18839
10326 11 1 18840
10328 11 2 18841
10330 11 3 18842
10332 11 5 18843
10334 11 9 18844
10336 11 10 18845
10338 11 14 18846
10340 11 15 18847
10342 11 19 18848
10344 11 21 18849
10346 11 22 18850
10348 11 23 18851
10350 11 1 18852
10352 11 2 18853
10354 11 3 18854
10356 11 5 18855
10358 11 9 18856
10360 11 10 18857
10362 11 14 18858
10364 11 15 18859
10366 11 19 18860
10368 11 21 18861
10370 11 22 18862
10372 11 23 18863
10374 11 1 18864
10376 11 2 18865
10378 11 3 18866
10380 11 5 18867
10382 11 9 18868
10384 11 10 18869
10386 11 14 18870
10388 11 15 18871
10390 11 19 18872
10392 11 21 18873
10394 11 22 18874
10396 11 23 18875
10398 11 1 18876
10400 11 2 18877
10402 11 3 18878
10404 11 5 18879
10406 11 9 18880
10408 11 10 18881
10410 11 14 18882
10412 11 15 18883
10414 11 19 18884
10416 11 21 18885
10418 11 22 18886
10420 11 23 18887
10422 11 1 18888
10424 11 2 18889
10426 11 3 18890
10428 11 5 18891
10430 11 9 18892
10432 11 10 18893
10434 11 14 18894
10436 11 15 18895
10438 11 19 18896
10440 11 21 18897
10442 11 22 18898
10444 11 23 18899
10446 11 1 18900
10448 11 2 18901
10450 11 3 18902
10452 11 5 18903
10454 11 9 18904
10456 11 10 18905
10458 11 14 18906
10460 11 15 18907
10462 11 19 18908
10464 11 21 18909
10466 11 22 18910
10468 11 23 18911
10470 11 1 18912
10472 11 2 18913
10474 11 3 18914
10476 11 5 18915
10478 11 9 18916
10480 11 10 18917
10482 11 14 18918
10484 11 15 18919
10486 11 19 18920
10488 11 21 18921
10490 11 22 18922
10492 11 23 18923
10494 11 1 18924
10496 11 2 18925
10498 11 3 18926
10500 11 5 18927
10502 11 9 18928
10504 11 10 18929
10506 11 14 18930
10508 11 15 18931
10510 11 19 18932
10512 11 21 18933
10514 11 22 18934
10516 11 23 18935
10518 11 1 18936
10520 11 2 18937
10522 11 3 18938
10524 11 5 18939
10526 11 9 18940
10528 11 10 18941
10530 11 14 18942
10532 11 15 18943
10534 11 19 18944
10536 11 21 18945
10538 11 22 18946
10540 11 23 18947
10542 11 1 18948
10544 11 2 18949
10546 11 3 18950
10548 11 5 18951
10550 11 9 18952
10552 11 10 18953
10554 11 14 18954
10556 11 15 18955
10558 11 19 18956
10560 11 21 18957
10562 11 22 18958
10564 11 23 18959
10566 11 1 18960
10568 11 2 18961
10570 11 3 18962
10572 11 5 18963
10574 11 9 18964
10576 11 10 18965
10578 11 14 18966
10580 11 15 18967
10582 11 19 18968
10584 11 21 18969
10586 11 22 18970
10588 11 23 18971
10590 11 1 18972
10592 11 2 18973
10594 11 3 18974
10596 11 5 18975
10598 11 9 18976
10600 11 10 18977
10602 11 14 18978
10604 11 15 18979
10606 11 19 18980
10608 11 21 18981
10610 11 22 18982
10612 11 23 18983
10614 11 1 18984
10616 11 2 18985
10618 11 3 18986
10620 11 5 18987
10622 11 9 18988
10624 11 10 18989
10626 11 14 18990
10628 11 15 18991
10630 11 19 18992
10632 11 21 18993
10634 11 22 18994
10636 11 23 18995
10638 11 1 18996
10640 11 2 18997
10642 11 3 18998
10644 11 5 18999
10646 11 9 19000
10648 11 10 19001
10650 11 14 19002
10652 11 15 19003
10654 11 19 19004
10656 11 21 19005
10658 11 22 19006
10660 11 23 19007
10662 11 1 19008
10664 11 2 19009
10666 11 3 19010
10668 11 5 19011
10670 11 9 19012
10672 11 10 19013
10674 11 14 19014
10676 11 15 19015
10678 11 19 19016
10680 11 21 19017
10682 11 22 19018
10684 11 23 19019
10686 11 1 19020
10688 11 2 19021
10690 11 3 19022
10692 11 5 19023
10694 11 9 19024
10696 11 10 19025
10698 11 14 19026
10700 11 15 19027
10702 11 19 19028
10704 11 21 19029
10706 11 22 19030
10708 11 23 19031
10710 11 1 19032
10712 11 2 19033
10714 11 3 19034
10716 11 5 19035
10718 11 9 19036
10720 11 10 19037
10722 11 14 19038
10724 11 15 19039
10726 11 19 19040
10728 11 21 19041
10730 11 22 19042
10732 11 23 19043
10734 11 1 19044
10736 11 2 19045
10738 11 3 19046
10740 11 5 19047
10742 11 9 19048
10744 11 10 19049
10746 11 14 19050
10748 11 15 19051
10750 11 19 19052
10752 11 21 19053
10754 11 22 19054
10756 11 23 19055
10758 11 1 19056
10760 11 2 19057
10762 11 3 19058
10764 11 5 19059
10766 11 9 19060
10768 11 10 19061
10770 11 14 19062
10772 11 15 19063
10774 11 19 19064
10776 11 21 19065
10778 11 22 19066
10780 11 23 19067
10782 11 1 19068
10784 11 2 19069
10786 11 3 19070
10788 11 5 19071
10790 11 9 19072
10792 11 10 19073
10794 11 14 19074
10796 11 15 19075
10798 11 19 19076
10800 11 21 19077
10802 11 22 19078
10804 11 23 19079
10806 11 1 19080
10808 11 2 19081
10810 11 3 19082
10812 11 5 19083
10814 11 9 19084
10816 11 10 19085
10818 11 14 19086
10820 11 15 19087
10822 11 19 19088
10824 11 21 19089
10826 11 22 19090
10828 11 23 19091
10830 11 1 19092
10832 11 2 19093
10834 11 3 19094
10836 11 5 19095
10838 11 9 19096
10840 11 10 19097
10842 11 14 19098
10844 11 15 19099
10846 11 19 19100
10848 11 21 19101
10850 11 22 19102
10852 11 23 19103
10854 11 1 19104
10856 11 2 19105
10858 11 3 19106
10860 11 5 19107
10862 11 9 19108
10864 11 10 19109
10866 11 14 19110
10868 11 15 19111
10870 11 19 19112
10872 11 21 19113
10874 11 22 19114
10876 11 23 19115
10878 11 1 19116
10880 11 2 19117
10882 11 3 19118
10884 11 5 19119
10886 11 9 19120
10888 11 10 19121
10890 11 14 19122
10892 11 15 19123
10894 11 19 19124
10896 11 21 19125
10898 11 22 19126
10900 11 23 19127
10902 11 1 19128
10904 11 2 19129
10906 11 3 19130
10908 11 5 19131
10910 11 9 19132
10912 11 10 19133
10914 11 14 19134
10916 11 15 19135
10918 11 19 19136
10920 11 21 19137
10922 11 22 19138
10924 11 23 19139
10926 11 1 19140
10928 11 2 19141
10930 11 3 19142
10932 11 5 19143
10934 11 9 19144
10936 11 10 19145
10938 11 14 19146
10940 11 15 19147
10942 11 19 19148
10944 11 21 19149
10946 11 22 19150
10948 11 23 19151
10950 11 1 19152
10952 11 2 19153
10954 11 3 19154
10956 11 5 19155
10958 11 9 19156
10960 11 10 19157
10962 11 14 19158
10964 11 15 19159
10966 11 19 19160
10968 11 21 19161
10970 11 22 19162
10972 11 23 19163
10974 11 1 19164
10976 11 2 19165
10978 11 3 19166
10980 11 5 19167
10982 11 9 19168
10984 11 10 19169
10986 11 14 19170
10988 11 15 19171
10990 11 19 19172
10992 11 21 19173
10994 11 22 19174
10996 11 23 19175
10998 11 1 19176
11000 11 2 19177
11002 11 3 19178
11004 11 5 19179
11006 11 9 19180
11008 11 10 19181
11010 11 14 19182
11012 11 15 19183
11014 11 19 19184
11016 11 21 19185
11018 11 22 19186
11022 11 23 19187
11024 11 1 19188
11026 11 2 19189
11028 11 3 19190
11030 11 5 19191
11032 11 9 19192
11034 11 10 19193
11036 11 14 19194
11038 11 15 19195
11040 11 19 19196
11042 11 21 19197
11044 11 22 19198
11046 11 23 19199
11048 11 1 19200
11050 11 2 19201
11052 11 3 19202
11054 11 5 19203
11056 11 9 19204
11058 11 10 19205
11060 11 14 19206
11062 11 15 19207
11064 11 19 19208
11066 11 21 19209
11068 11 22 19210
11070 11 23 19211
11072 11 1 19212
11074 11 2 19213
11076 11 3 19214
11078 11 5 19215
11080 11 9 19216
11082 11 10 19217
11084 11 14 19218
11086 11 15 19219
11090 11 19 19220
11092 11 21 19221
11094 11 22 19222
11096 11 23 19223
11098 11 1 19224
11100 11 2 19225
11102 11 3 19226
11104 11 5 19227
11106 11 9 19228
11108 11 10 19229
11110 11 14 19230
11112 11 15 19231
11114 11 19 19232
11116 11 21 19233
11118 11 22 19234
11120 11 23 19235
11122 11 1 19236
11124 11 2 19237
11126 11 3 19238
11128 11 5 19239
11130 11 9 19240
11132 11 10 19241
11134 11 14 19242
11136 11 15 19243
11138 11 19 19244
11140 11 21 19245
11142 11 22 19246
11144 11 23 19247
11146 11 1 19248
11148 11 2 19249
11150 11 3 19250
11152 11 5 19251
11154 11 9 19252
11156 11 10 19253
11158 11 14 19254
11160 11 15 19255
11162 11 19 19256
11164 11 21 19257
11166 11 22 19258
11168 11 23 19259
11170 11 1 19260
11172 11 2 19261
11174 11 3 19262
11176 11 5 19263
11178 11 9 19264
11180 11 10 19265
11182 11 14 19266
11184 11 15 19267
11186 11 19 19268
11188 11 21 19269
11190 11 22 19270
11192 11 23 19271
11194 11 1 19272
11196 11 2 19273
11198 11 3 19274
11200 11 5 19275
11202 11 9 19276
11204 11 10 19277
11206 11 14 19278
11208 11 15 19279
11210 11 19 19280
11212 11 21 19281
11214 11 22 19282
11216 11 23 19283
11218 11 1 19284
11220 11 2 19285
11222 11 3 19286
11224 11 5 19287
11226 11 9 19288
11228 11 10 19289
11230 11 14 19290
11232 11 15 19291
11234 11 19 19292
11236 11 21 19293
11238 11 22 19294
11240 11 23 19295
11242 11 1 19296
11244 11 2 19297
11246 11 3 19298
11248 11 5 19299
11250 11 9 19300
11252 11 10 19301
11254 11 14 19302
11256 11 15 19303
11258 11 19 19304
11260 11 21 19305
11262 11 22 19306
11264 11 23 19307
11266 11 1 19308
11268 11 2 19309
11270 11 3 19310
11272 11 5 19311
11274 11 9 19312
11276 11 10 19313
11278 11 14 19314
11280 11 15 19315
11282 11 19 19316
11284 11 21 19317
11286 11 22 19318
11288 11 23 19319
11290 11 1 19320
11292 11 2 19321
11294 11 3 19322
11296 11 5 19323
11298 11 9 19324
11300 11 10 19325
11302 11 14 19326
11304 11 15 19327
11306 11 19 19328
11308 11 21 19329
11310 11 22 19330
11312 11 23 19331
11314 11 1 19332
11316 11 2 19333
11318 11 3 19334
11320 11 5 19335
11322 11 9 19336
11324 11 10 19337
11326 11 14 19338
11328 11 15 19339
11330 11 19 19340
11332 11 21 19341
11334 11 22 19342
11336 11 23 19343
11338 11 1 19344
11340 11 2 19345
11342 11 3 19346
11344 11 5 19347
11346 11 9 19348
11348 11 10 19349
11350 11 14 19350
11352 11 15 19351
11354 11 19 19352
11356 11 21 19353
11358 11 22 19354
11360 11 23 19355
11362 11 1 19356
11364 11 2 19357
11366 11 3 19358
11368 11 5 19359
11370 11 9 19360
11372 11 10 19361
11374 11 14 19362
11376 11 15 19363
11378 11 19 19364
11380 11 2 18565
11382 11 3 18566
11384 11 21 19365
11386 11 22 19366
11388 11 23 19367
11390 11 1 19368
11392 11 2 19369
11394 11 3 19370
11396 11 5 19371
11398 11 9 19372
11400 11 10 19373
11402 11 14 19374
11404 11 15 19375
11406 11 19 19376
11408 11 21 19377
11410 11 22 19378
11412 11 23 19379
11414 11 1 19380
11416 11 2 19381
11418 11 3 19382
11420 11 5 19383
11422 11 9 19384
11424 11 10 19385
11426 11 14 19386
11428 11 15 19387
11430 11 19 19388
11432 11 21 19389
11434 11 22 19390
11436 11 23 19391
11438 11 1 19392
11440 11 2 19393
11442 11 3 19394
11444 11 5 19395
11446 11 9 19396
11448 11 10 19397
11450 11 14 19398
11452 11 15 19399
11454 11 19 19400
11456 11 21 19401
11458 11 22 19402
11460 11 23 19403
11462 11 1 19404
11464 11 2 19405
11466 11 3 19406
11468 11 5 19407
11470 11 9 19408
11472 11 10 19409
11474 11 14 19410
11476 11 15 19411
11478 11 19 19412
11480 11 21 19413
11482 11 22 19414
11484 11 23 19415
11486 11 1 19416
11488 11 2 19417
11490 11 3 19418
11492 11 5 19419
11494 11 9 19420
11496 11 10 19421
11498 11 14 19422
11500 11 15 19423
11502 11 19 19424
11504 11 21 19425
11506 11 22 19426
11510 11 23 19427
11512 11 1 19428
11514 11 2 19429
11516 11 3 19430
11518 11 5 19431
11520 11 9 19432
11522 11 10 19433
11524 11 14 19434
11526 11 15 19435
11528 11 19 19436
11530 11 21 19437
11532 11 22 19438
11534 11 23 19439
11536 11 1 19440
11538 11 2 19441
11540 11 3 19442
11542 11 5 19443
11544 11 9 19444
11546 11 10 19445
11548 11 14 19446
11550 11 15 19447
11552 11 19 19448
11554 11 21 19449
11556 11 22 19450
11558 11 23 19451
11560 11 1 19452
11562 11 2 19453
11564 11 3 19454
11566 11 5 19455
11568 11 2 18481
11570 11 22 18538
11580 11 14 18486
11582 11 5 18759
11588 11 22 18478
11596 11 23 18539
11600 11 22 18682
11606 11 1 18456
11610 11 19 18440
11612 11 14 18690
11618 11 2 18805
11622 11 1 19456
11624 11 2 19457
11626 11 3 19458
11628 11 5 19459
11630 11 9 19460
11632 11 10 19461
11634 11 14 19462
11636 11 15 19463
11638 11 19 19464
11640 11 21 19465
11642 11 22 19466
11644 11 23 19467
11646 11 1 19468
11648 11 2 19469
11650 11 3 19470
11652 11 5 19471
11654 11 9 19472
11656 11 10 19473
11658 11 14 19474
11660 11 15 19475
11662 11 19 19476
11664 11 21 19477
11666 11 22 19478
11668 11 23 19479
11670 11 1 19480
11672 11 2 19481
11674 11 3 19482
11676 11 5 19483
11678 11 9 19484
11680 11 10 19485
11682 11 14 19486
11684 11 15 19487
11686 11 19 19488
11688 11 21 19489
11690 11 22 19490
11692 11 23 19491
11694 11 1 19492
11696 11 2 19493
11698 11 3 19494
11700 11 5 19495
11702 11 9 19496
11704 11 10 19497
11706 11 14 19498
11708 11 15 19499
11710 11 19 19500
11712 11 21 19501
11714 11 22 19502
11716 11 23 19503
11718 11 1 19504
11720 11 2 19505
11722 11 3 19506
11724 11 5 19507
11726 11 9 19508
11728 11 10 19509
11730 11 14 19510
11732 11 15 19511
11734 11 19 19512
11736 11 21 19513
11738 11 22 19514
11740 11 23 19515
11742 11 1 19516
11744 11 2 19517
11746 11 3 19518
11748 11 5 19519
11750 11 9 19520
11752 11 10 19521
11754 11 14 19522
11756 11 15 19523
11758 11 19 19524
11760 11 21 19525
11762 11 22 19526
11764 11 23 19527
11766 11 1 19528
11768 11 2 19529
11770 11 3 19530
11772 11 5 19531
11774 11 9 19532
11776 11 10 19533
11778 11 14 19534
11780 11 15 19535
11782 11 19 19536
11784 11 21 19537
11786 11 22 19538
11788 11 23 19539
11790 11 1 19540
11792 11 2 19541
11794 11 3 19542
11796 11 5 19543
11798 11 9 19544
11800 11 10 19545
11802 11 14 19546
11804 11 15 19547
11806 11 19 19548
11808 11 21 19549
11810 11 22 19550
11812 11 23 19551
11814 11 1 19552
11816 11 2 19553
11818 11 3 19554
11820 11 5 19555
11822 11 9 19556
11824 11 10 19557
11826 11 14 19558
11828 11 15 19559
11830 11 19 19560
11832 11 21 19561
11834 11 22 19562
11836 11 23 19563
11838 11 1 19564
11840 11 2 19565
11842 11 3 19566
11844 11 5 19567
11846 11 9 19568
11848 11 10 19569
11850 11 14 19570
11852 11 15 19571
11854 11 19 19572
11856 11 21 19573
11858 11 22 19574
11860 11 23 19575
11862 11 1 19576
11864 11 2 19577
11866 11 3 19578
11868 11 5 19579
11870 11 9 19580
11872 11 10 19581
11874 11 14 19582
11876 11 15 19583
11878 11 19 19584
11880 11 21 19585
11882 11 22 19586
11884 11 23 19587
11886 11 1 19588
11888 11 2 19589
11890 11 3 19590
11892 11 5 19591
11894 11 9 19592
11896 11 10 19593
11898 11 14 19594
11900 11 15 19595
11902 11 19 19596
11904 11 21 19597
11906 11 22 19598
11908 11 23 19599
11910 11 1 19600
11912 11 2 19601
11914 11 3 19602
11916 11 5 19603
11918 11 9 19604
11920 11 10 19605
11922 11 14 19606
11924 11 15 19607
11926 11 19 19608
11928 11 21 19609
11930 11 22 19610
11932 11 23 19611
11934 11 1 19612
11936 11 2 19613
11938 11 3 19614
11940 11 5 19615
11942 11 9 19616
11944 11 10 19617
11946 11 14 19618
11948 11 15 19619
11950 11 19 19620
11952 11 21 19621
11954 11 22 19622
11956 11 23 19623
11958 11 1 19624
11960 11 2 19625
11962 11 3 19626
11964 11 5 19627
11966 11 9 19628
11968 11 10 19629
11970 11 14 19630
11972 11 15 19631
11974 11 19 19632
11976 11 21 19633
11978 11 22 19634
11980 11 23 19635
11982 11 1 19636
11984 11 2 19637
11986 11 3 19638
11988 11 5 19639
11990 11 9 19640
11992 11 10 19641
11994 11 14 19642
11996 11 15 19643
11998 11 19 19644
12000 11 21 19645
12002 11 22 19646
12004 11 23 19647
12006 11 1 19648
12008 11 2 19649
12010 11 3 19650
12012 11 5 19651
12014 11 9 19652
12016 11 10 19653
12018 11 14 19654
12020 11 15 19655
12022 11 19 19656
12024 11 21 19657
12026 11 22 19658
12028 11 23 19659
12030 11 1 19660
12032 11 2 19661
12034 11 3 19662
12036 11 5 19663
12038 11 9 19664
12040 11 10 19665
12042 11 14 19666
12044 11 15 19667
12046 11 19 19668
12048 11 21 19669
12050 11 22 19670
12052 11 23 19671
12054 11 1 19672
12056 11 2 19673
12058 11 3 19674
12060 11 5 19675
12062 11 9 19676
12064 11 10 19677
12066 11 14 19678
12068 11 15 19679
12070 11 19 19680
12072 11 21 19681
12074 11 22 19682
12076 11 23 19683
12078 11 1 19684
12080 11 2 19685
12082 11 3 19686
12084 11 5 19687
12086 11 9 19688
12088 11 10 19689
12090 11 14 19690
12092 11 15 19691
12094 11 19 19692
12096 11 21 19693
12098 11 22 19694
12100 11 23 19695
12102 11 1 19696
12104 11 2 19697
12106 11 3 19698
12108 11 5 19699
12110 11 9 19700
12112 11 10 19701
12114 11 14 19702
12116 11 15 19703
12118 11 19 19704
12120 11 21 19705
12122 11 22 19706
12124 11 23 19707
12126 11 1 19708
12128 11 2 19709
12130 11 3 19710
12132 11 5 19711
12134 11 9 19712
12136 11 10 19713
12138 11 14 19714
12140 11 15 19715
12142 11 19 19716
12144 11 21 19717
12146 11 22 19718
12148 11 23 19719
12150 11 1 19720
12152 11 2 19721
12154 11 3 19722
12156 11 5 19723
12158 11 9 19724
12160 11 10 19725
12162 11 14 19726
12164 11 15 19727
12166 11 19 19728
12168 11 21 19729
12170 11 22 19730
12172 11 23 19731
12174 11 1 19732
12176 11 2 19733
12178 11 3 19734
12180 11 5 19735
12182 11 9 19736
12184 11 10 19737
12186 11 14 19738
12188 11 15 19739
12190 11 19 19740
12192 11 21 19741
12194 11 22 19742
12196 11 23 19743
12198 11 1 19744
12200 11 2 19745
12202 11 3 19746
12204 11 5 19747
12206 11 9 19748
12208 11 10 19749
12210 11 14 19750
12212 11 15 19751
12214 11 19 19752
12216 11 21 19753
12218 11 22 19754
12220 11 23 19755
12222 11 1 19756
12224 11 2 19757
12226 11 3 19758
12228 11 5 19759
12230 11 9 19760
12232 11 10 19761
12234 11 14 19762
12236 11 15 19763
12238 11 19 19764
12240 11 21 19765
12242 11 22 19766
12244 11 23 19767
12246 11 1 19768
12248 11 2 19769
12250 11 3 19770
12252 11 5 19771
12254 11 9 19772
12256 11 10 19773
12258 11 14 19774
12260 11 15 19775
12262 11 19 19776
12264 11 21 19777
12266 11 22 19778
12268 11 23 19779
12270 11 1 19780
12272 11 2 19781
12274 11 3 19782
12276 11 5 19783
12278 11 9 19784
12280 11 10 19785
12282 11 14 19786
12284 11 15 19787
12286 11 19 19788
12288 11 21 19789
12290 11 22 19790
12292 11 23 19791
12294 11 1 19792
12296 11 2 19793
12298 11 3 19794
12300 11 5 19795
12302 11 9 19796
12304 11 10 19797
12306 11 14 19798
12308 11 15 19799
12310 11 19 19800
12312 11 21 19801
12314 11 22 19802
12316 11 23 19803
12318 11 1 19804
12320 11 2 19805
12322 11 3 19806
12324 11 5 19807
12326 11 9 19808
12328 11 10 19809
12330 11 14 19810
12332 11 15 19811
12334 11 19 19812
12336 11 21 19813
12338 11 22 19814
12340 11 23 19815
12342 11 1 19816
12344 11 2 19817
12346 11 3 19818
12348 11 5 19819
12350 11 9 19820
12352 11 10 19821
12354 11 14 19822
12356 11 15 19823
12358 11 19 19824
12360 11 21 19825
12362 11 22 19826
12364 11 23 19827
12366 11 1 19828
12368 11 2 19829
12370 11 3 19830
12372 11 5 19831
12374 11 9 19832
12376 11 10 19833
12378 11 14 19834
12382 11 15 19835
12384 11 19 19836
12386 11 21 19837
12388 11 22 19838
12390 11 23 19839
12392 11 1 19840
12394 11 2 19841
12396 11 3 19842
12398 11 5 19843
12400 11 9 19844
12402 11 10 19845
12404 11 14 19846
12406 11 15 19847
12408 11 19 19848
12410 11 21 19849
12412 11 22 19850
12414 11 23 19851
12416 11 1 19852
12418 11 2 19853
12420 11 3 19854
12422 11 5 19855
12424 11 9 19856
12426 11 10 19857
12428 11 14 19858
12430 11 15 19859
12432 11 19 19860
12434 11 21 19861
12436 11 22 19862
12438 11 23 19863
12440 11 1 19864
12442 11 2 19865
12444 11 3 19866
12446 11 5 19867
12448 11 9 19868
12450 11 10 19869
12452 11 14 19870
12454 11 15 19871
12456 11 19 19872
12458 11 21 19873
12460 11 22 19874
12462 11 23 19875
12464 11 1 19876
12466 11 2 19877
12468 11 3 19878
12470 11 5 19879
12472 11 9 19880
12474 11 10 19881
12476 11 14 19882
12478 11 15 19883
12480 11 19 19884
12482 11 21 19885
12484 11 22 19886
12486 11 23 19887
12488 11 1 19888
12490 11 2 19889
12492 11 3 19890
12494 11 5 19891
12496 11 9 19892
12498 11 10 19893
12500 11 14 19894
12502 11 15 19895
12504 11 19 19896
12506 11 21 19897
12508 11 22 19898
12510 11 23 19899
12512 11 1 19900
12514 11 2 19901
12516 11 3 19902
12518 11 5 19903
12520 11 9 19904
12522 11 10 19905
12524 11 14 19906
12526 11 15 19907
12528 11 19 19908
12530 11 21 19909
12532 11 22 19910
12534 11 23 19911
12536 11 1 19912
12538 11 2 19913
12540 11 3 19914
12542 11 5 19915
12544 11 9 19916
12546 11 10 19917
12548 11 14 19918
12550 11 15 19919
12552 11 19 19920
12554 11 21 19921
12556 11 22 19922
12558 11 23 19923
12560 11 1 19924
12562 11 2 19925
12564 11 3 19926
12566 11 5 19927
12568 11 9 19928
12570 11 10 19929
12572 11 14 19930
12574 11 15 19931
12576 11 19 19932
12578 11 21 19933
12580 11 22 19934
12582 11 23 19935
12584 11 1 19936
12586 11 2 19937
12588 11 3 19938
12590 11 5 19939
12592 11 9 19940
12594 11 10 19941
12596 11 14 19942
12598 11 15 19943
12600 11 19 19944
12602 11 21 19945
12604 11 22 19946
12606 11 23 19947
12608 11 1 19948
12610 11 2 19949
12612 11 3 19950
12614 11 5 19951
12616 11 9 19952
12618 11 10 19953
12620 11 14 19954
12622 11 15 19955
12624 11 19 19956
12626 11 21 19957
12628 11 22 19958
12630 11 23 19959
12632 11 1 19960
12634 11 2 19961
12636 11 3 19962
12638 11 5 19963
12640 11 9 19964
12642 11 10 19965
12644 11 14 19966
12646 11 15 19967
12648 11 19 19968
12650 11 21 19969
12652 11 22 19970
12654 11 23 19971
12656 11 1 19972
12658 11 2 19973
12660 11 3 19974
12662 11 5 19975
12664 11 9 19976
12666 11 10 19977
12668 11 14 19978
12670 11 15 19979
12672 11 19 19980
12674 11 21 19981
12676 11 22 19982
12678 11 23 19983
12680 11 1 19984
12682 11 2 19985
12684 11 3 19986
12686 11 5 19987
12688 11 9 19988
12690 11 10 19989
12692 11 14 19990
12694 11 15 19991
12696 11 19 19992
12698 11 21 19993
12700 11 22 19994
12702 11 23 19995
12704 11 1 19996
12706 11 2 19997
12708 11 3 19998
12710 11 5 19999
12712 11 9 20000
12714 11 10 20001
12716 11 14 20002
12718 11 15 20003
12720 11 19 20004
12722 11 21 20005
12724 11 22 20006
12726 11 23 20007
12728 11 1 20008
12730 11 2 20009
12732 11 3 20010
12734 11 5 20011
12736 11 9 20012
12738 11 10 20013
12740 11 14 20014
12742 11 15 20015
12744 11 19 20016
12746 11 21 20017
12748 11 22 20018
12750 11 23 20019
12752 11 1 20020
12754 11 2 20021
12756 11 3 20022
12758 11 5 20023
12760 11 9 20024
12762 11 10 20025
12764 11 14 20026
12766 11 15 20027
12768 11 19 20028
12770 11 21 20029
12772 11 22 20030
12774 11 23 20031
12776 11 1 20032
12778 11 2 20033
12780 11 3 20034
12782 11 5 20035
12784 11 9 20036
12786 11 10 20037
12788 11 14 20038
12790 11 15 20039
12792 11 19 20040
12794 11 21 20041
12796 11 22 20042
12798 11 23 20043
12800 11 1 20044
12802 11 2 20045
12804 11 3 20046
12806 11 5 20047
12808 11 9 20048
12810 11 10 20049
12812 11 14 20050
12814 11 15 20051
12816 11 19 20052
12818 11 21 20053
12820 11 22 20054
12822 11 23 20055
12824 11 1 20056
12826 11 2 20057
12828 11 3 20058
12830 11 5 20059
12832 11 9 20060
12834 11 10 20061
12836 11 14 20062
12838 11 15 20063
12840 11 19 20064
12842 11 21 20065
12844 11 22 20066
12846 11 23 20067
12848 11 1 20068
12850 11 2 20069
12852 11 3 20070
12854 11 5 20071
12856 11 9 20072
12858 11 10 20073
12860 11 14 20074
12862 11 15 20075
12864 11 19 20076
12866 11 21 20077
12868 11 22 20078
12870 11 23 20079
12872 11 1 20080
12874 11 2 20081
12876 11 3 20082
12878 11 5 20083
12880 11 9 20084
12882 11 10 20085
12884 11 14 20086
12886 11 15 20087
12888 11 19 20088
12890 11 21 20089
12892 11 22 20090
12894 11 23 20091
12896 11 1 20092
12898 11 2 20093
12900 11 3 20094
12902 11 5 20095
12904 11 9 20096
12906 11 10 20097
12908 11 14 20098
12910 11 15 20099
12912 11 19 20100
12914 11 21 20101
12916 11 22 20102
12918 11 23 20103
12920 11 1 20104
12922 11 2 20105
12924 11 3 20106
12926 11 5 20107
12928 11 9 20108
12930 11 10 20109
12932 11 14 20110
12934 11 15 20111
12936 11 19 20112
12938 11 21 20113
12940 11 22 20114
12942 11 23 20115
12944 11 1 20116
12946 11 2 20117
12948 11 3 20118
12950 11 5 20119
12952 11 9 20120
12954 11 10 20121
12956 11 14 20122
12958 11 15 20123
12960 11 19 20124
12962 11 21 20125
12964 11 22 20126
12966 11 23 20127
12968 11 1 20128
12970 11 2 20129
12972 11 3 20130
12974 11 5 20131
12976 11 9 20132
12978 11 10 20133
12980 11 14 20134
12982 11 15 20135
12984 11 19 20136
12986 11 21 20137
12988 11 22 20138
12990 11 23 20139
12992 11 1 20140
12994 11 2 20141
12996 11 3 20142
12998 11 5 20143
13000 11 9 20144
13002 11 10 20145
13004 11 14 20146
13006 11 15 20147
13008 11 19 20148
13010 11 21 20149
13012 11 22 20150
13014 11 23 20151
13016 11 1 20152
13018 11 2 20153
13020 11 3 20154
13022 11 5 20155
13024 11 9 20156
13026 11 10 20157
13028 11 14 20158
13030 11 15 20159
13032 11 19 20160
13034 11 21 20161
13036 11 22 20162
13038 11 23 20163
13040 11 1 20164
13042 11 2 20165
13044 11 3 20166
13046 11 5 20167
13048 11 9 20168
13050 11 10 20169
13052 11 14 20170
13054 11 15 20171
13056 11 19 20172
13058 11 21 20173
13060 11 22 20174
13062 11 23 20175
13064 11 1 20176
13066 11 2 20177
13068 11 3 20178
13070 11 5 20179
13072 11 9 20180
13074 11 10 20181
13076 11 14 20182
13078 11 15 20183
13080 11 19 20184
13082 11 21 20185
13084 11 22 20186
13086 11 23 20187
13088 11 1 20188
13090 11 2 20189
13092 11 3 20190
13094 11 5 20191
13096 11 9 20192
13098 11 10 20193
13100 11 14 20194
13102 11 15 20195
13104 11 19 20196
13106 11 21 20197
13108 11 22 20198
13110 11 23 20199
13112 11 1 20200
13114 11 2 20201
13116 11 3 20202
13118 11 5 20203
13120 11 9 20204
13122 11 10 20205
13124 11 14 20206
13126 11 15 20207
13128 11 19 20208
13130 11 21 20209
13132 11 22 20210
13134 11 23 20211
13136 11 1 20212
13138 11 2 20213
13140 11 3 20214
13142 11 5 20215
13144 11 9 20216
13146 11 10 20217
13148 11 14 20218
13150 11 15 20219
13152 11 19 20220
13154 11 21 20221
13156 11 22 20222
13158 11 23 20223
13160 11 1 20224
13162 11 2 20225
13164 11 3 20226
13166 11 5 20227
13168 11 9 20228
13170 11 10 20229
13172 11 14 20230
13174 11 15 20231
13176 11 19 20232
13178 11 21 20233
13180 11 22 20234
13182 11 23 20235
13184 11 1 20236
13186 11 2 20237
13188 11 3 20238
13190 11 5 20239
13192 11 9 20240
13194 11 10 20241
13196 11 14 20242
13198 11 15 20243
13200 11 19 20244
13202 11 21 20245
13204 11 22 20246
13206 11 23 20247
13208 11 1 20248
13210 11 2 20249
13212 11 3 20250
13214 11 5 20251
13216 11 9 20252
13218 11 10 20253
13220 11 14 20254
13222 11 15 20255
13224 11 19 20256
13226 11 21 20257
13228 11 22 20258
13230 11 23 20259
13232 11 1 20260
13234 11 2 20261
13236 11 3 20262
13238 11 5 20263
13240 11 9 20264
13242 11 10 20265
13244 11 14 20266
13246 11 15 20267
13248 11 19 20268
13250 11 21 20269
13252 11 22 20270
13254 11 23 20271
13256 11 1 20272
13258 11 2 20273
13260 11 3 20274
13262 11 5 20275
13264 11 9 20276
13266 11 10 20277
13268 11 14 20278
13270 11 15 20279
13272 11 19 20280
13274 11 21 20281
13276 11 22 20282
13278 11 23 20283
13280 11 1 20284
13282 11 2 20285
13284 11 3 20286
13286 11 5 20287
13288 11 9 20288
13290 11 10 20289
13292 11 14 20290
13294 11 15 20291
13296 11 19 20292
13298 11 21 20293
13300 11 22 20294
13302 11 23 20295
13304 11 1 20296
13306 11 2 20297
13308 11 3 20298
13310 11 5 20299
13312 11 9 20300
13314 11 10 20301
13316 11 14 20302
13318 11 15 20303
13320 11 19 20304
13322 11 21 20305
13324 11 22 20306
13326 11 23 20307
13328 11 1 20308
13330 11 2 20309
13332 11 3 20310
13334 11 5 20311
13336 11 9 20312
13338 11 10 20313
13340 11 14 20314
13342 11 15 20315
13344 11 19 20316
13346 11 21 20317
13348 11 22 20318
13350 11 23 20319
13352 11 1 20320
13354 11 2 20321
13356 11 3 20322
13358 11 5 20323
13360 11 9 20324
13362 11 10 20325
13364 11 14 20326
13366 11 15 20327
13368 11 19 20328
13370 11 21 20329
13372 11 22 20330
13374 11 23 20331
13376 11 1 20332
13378 11 2 20333
13380 11 3 20334
13382 11 5 20335
13384 11 9 20336
13386 11 10 20337
13388 11 14 20338
13390 11 15 20339
13392 11 19 20340
13394 11 21 20341
13396 11 22 20342
13398 11 23 20343
13400 11 1 20344
13402 11 2 20345
13404 11 3 20346
13406 11 5 20347
13408 11 9 20348
13410 11 10 20349
13412 11 14 20350
13414 11 15 20351
13416 11 19 20352
13418 11 21 20353
13420 11 22 20354
13422 11 23 20355
13424 11 1 20356
13426 11 2 20357
13428 11 3 20358
13430 11 5 20359
13432 11 9 20360
13434 11 10 20361
13436 11 14 20362
13438 11 15 20363
13440 11 19 20364
13442 11 21 20365
13444 11 22 20366
13446 11 23 20367
13448 11 1 20368
13450 11 2 20369
13452 11 3 20370
13454 11 5 20371
13456 11 9 20372
13458 11 10 20373
13460 11 14 20374
13462 11 15 20375
13464 11 19 20376
13466 11 21 20377
13468 11 22 20378
13470 11 23 20379
13472 11 1 20380
13474 11 2 20381
13476 11 3 20382
13478 11 5 20383
13480 11 9 20384
13482 11 10 20385
13484 11 14 20386
13486 11 15 20387
13488 11 19 20388
13490 11 21 20389
13492 11 22 20390
13494 11 23 20391
13496 11 1 20392
13498 11 2 20393
13500 11 3 20394
13502 11 5 20395
13504 11 9 20396
13506 11 10 20397
13508 11 14 20398
13510 11 15 20399
13512 11 19 20400
13514 11 21 20401
13516 11 22 20402
13518 11 23 20403
13520 11 1 20404
13522 11 2 20405
13524 11 3 20406
13526 11 5 20407
13528 11 9 20408
13530 11 10 20409
13532 11 14 20410
13534 11 15 20411
13536 11 19 20412
13538 11 21 20413
13540 11 22 20414
13542 11 23 20415
13544 11 1 20416
13546 11 2 20417
13548 11 3 20418
13550 11 5 20419
13552 11 9 20420
13554 11 10 20421
13556 11 14 20422
13558 11 15 20423
13560 11 19 20424
13562 11 21 20425
13564 11 22 20426
13566 11 23 20427
13568 11 1 20428
13570 11 2 20429
13572 11 3 20430
13574 11 5 20431
13576 11 9 20432
13578 11 10 20433
13580 11 14 20434
13582 11 15 20435
13584 11 19 20436
13586 11 21 20437
13588 11 22 20438
13590 11 23 20439
13592 11 1 20440
13594 11 2 20441
13596 11 3 20442
13598 11 5 20443
13600 11 9 20444
13602 11 10 20445
13604 11 14 20446
13606 11 15 20447
13608 11 19 20448
13610 11 21 20449
13612 11 22 20450
13614 11 23 20451
13616 11 1 20452
13618 11 2 20453
13620 11 3 20454
13622 11 5 20455
13624 11 9 20456
13626 11 10 20457
13628 11 14 20458
13630 11 15 20459
13632 11 19 20460
13634 11 21 20461
13636 11 22 20462
13638 11 23 20463
13640 11 1 20464
13642 11 2 20465
13644 11 3 20466
13646 11 5 20467
13648 11 9 20468
13650 11 10 20469
13652 11 14 20470
13654 11 15 20471
13656 11 19 20472
13658 11 21 20473
13660 11 22 20474
13662 11 23 20475
13664 11 1 20476
13666 11 2 20477
13668 11 3 20478
13670 11 5 20479
13672 11 1 19480
13674 11 3 19770
13688 11 10 19485
13690 11 23 19791
13694 11 3 19482
13700 11 1 19936
13706 11 9 19616
13708 11 2 19997
13710 11 1 20480
13712 11 2 20481
13714 11 3 20482
13716 11 5 20483
13718 11 9 20484
13720 11 10 20485
13722 11 14 20486
13724 11 15 20487
13726 11 19 20488
13728 11 21 20489
13730 11 22 20490
13732 11 23 20491
13734 11 1 20492
13736 11 2 20493
13738 11 3 20494
13740 11 5 20495
13742 11 9 20496
13744 11 10 20497
13746 11 14 20498
13748 11 15 20499
13750 11 19 20500
13752 11 21 20501
13754 11 22 20502
13756 11 23 20503
13758 11 1 20504
13760 11 2 20505
13762 11 3 20506
13764 11 5 20507
13766 11 9 20508
13768 11 10 20509
13770 11 14 20510
13772 11 15 20511
13774 11 19 20512
13776 11 21 20513
13778 11 22 20514
13780 11 23 20515
13782 11 1 20516
13784 11 2 20517
13786 11 3 20518
13788 11 5 20519
13790 11 9 20520
13792 11 10 20521
13794 11 14 20522
13796 11 15 20523
13798 11 19 20524
13800 11 21 20525
13802 11 22 20526
13804 11 23 20527
13806 11 1 20528
13808 11 2 20529
13810 11 3 20530
13812 11 5 20531
13814 11 9 20532
13816 11 10 20533
13818 11 14 20534
13820 11 15 20535
13822 11 19 20536
13824 11 21 20537
13826 11 22 20538
13828 11 23 20539
13830 11 1 20540
13832 11 2 20541
13834 11 3 20542
13836 11 5 20543
13838 11 9 20544
13840 11 10 20545
13842 11 14 20546
13844 11 15 20547
13846 11 19 20548
13848 11 21 20549
13850 11 22 20550
13852 11 23 20551
13854 11 1 20552
13856 11 2 20553
13858 11 3 20554
13860 11 5 20555
13862 11 9 20556
13864 11 10 20557
13866 11 14 20558
13868 11 15 20559
13870 11 19 20560
13872 11 21 20561
13874 11 22 20562
13876 11 23 20563
13878 11 1 20564
13880 11 2 20565
13882 11 3 20566
13884 11 5 20567
13886 11 9 20568
13888 11 10 20569
13890 11 14 20570
13892 11 15 20571
13894 11 19 20572
13896 11 21 20573
13898 11 22 20574
13900 11 23 20575
13902 11 1 20576
13904 11 2 20577
13906 11 3 20578
13908 11 5 20579
13910 11 9 20580
13912 11 10 20581
13914 11 14 20582
13916 11 15 20583
13918 11 19 20584
13920 11 21 20585
13922 11 22 20586
13924 11 23 20587
13926 11 1 20588
13928 11 2 20589
13930 11 3 20590
13932 11 5 20591
13934 11 9 20592
13936 11 10 20593
13938 11 14 20594
13940 11 15 20595
13942 11 19 20596
13944 11 21 20597
13946 11 22 20598
13948 11 23 20599
13950 11 1 20600
13952 11 2 20601
13954 11 3 20602
13956 11 5 20603
13958 11 9 20604
13960 11 10 20605
13962 11 14 20606
13964 11 15 20607
13966 11 19 20608
13968 11 21 20609
13970 11 22 20610
13972 11 23 20611
13974 11 1 20612
13976 11 2 20613
13978 11 3 20614
13980 11 5 20615
13982 11 9 20616
13984 11 10 20617
13986 11 14 20618
13988 11 15 20619
13990 11 19 20620
13992 11 21 20621
13994 11 22 20622
13996 11 23 20623
13998 11 1 20624
14000 11 2 20625
14002 11 3 20626
14004 11 5 20627
14006 11 9 20628
14008 11 10 20629
14010 11 14 20630
14012 11 15 20631
14014 11 19 20632
14016 11 21 20633
14018 11 22 20634
14020 11 23 20635
14022 11 1 20636
14024 11 2 20637
14026 11 3 20638
14028 11 5 20639
14030 11 9 20640
14032 11 10 20641
14034 11 14 20642
14036 11 15 20643
14038 11 19 20644
14040 11 21 20645
14042 11 22 20646
14044 11 23 20647
14046 11 1 20648
14048 11 2 20649
14050 11 3 20650
14052 11 5 20651
14054 11 9 20652
14056 11 10 20653
14058 11 14 20654
14060 11 15 20655
14062 11 19 20656
14064 11 21 20657
14066 11 22 20658
14068 11 23 20659
14070 11 1 20660
14072 11 2 20661
14074 11 3 20662
14076 11 5 20663
14078 11 9 20664
14080 11 10 20665
14082 11 14 20666
14084 11 15 20667
14086 11 19 20668
14088 11 21 20669
14090 11 22 20670
14092 11 23 20671
14094 11 1 20672
14096 11 2 20673
14098 11 3 20674
14100 11 5 20675
14102 11 9 20676
14104 11 10 20677
14106 11 14 20678
14108 11 15 20679
14110 11 19 20680
14112 11 21 20681
14114 11 22 20682
14116 11 23 20683
14118 11 1 20684
14120 11 2 20685
14122 11 3 20686
14124 11 5 20687
14126 11 9 20688
14128 11 10 20689
14130 11 14 20690
14132 11 15 20691
14134 11 19 20692
14136 11 21 20693
14138 11 22 20694
14140 11 23 20695
14142 11 1 20696
14144 11 2 20697
14146 11 3 20698
14148 11 5 20699
14150 11 9 20700
14152 11 10 20701
14154 11 14 20702
14156 11 15 20703
14158 11 19 20704
14160 11 21 20705
14162 11 22 20706
14164 11 23 20707
14166 11 1 20708
14168 11 2 20709
14170 11 3 20710
14172 11 5 20711
14174 11 9 20712
14176 11 10 20713
14178 11 14 20714
14180 11 15 20715
14182 11 19 20716
14184 11 21 20717
14186 11 22 20718
14188 11 23 20719
14190 11 1 20720
14192 11 2 20721
14194 11 3 20722
14196 11 5 20723
14198 11 9 20724
14200 11 10 20725
14202 11 14 20726
14204 11 15 20727
14206 11 19 20728
14208 11 21 20729
14210 11 22 20730
14212 11 23 20731
14214 11 1 20732
14216 11 2 20733
14218 11 3 20734
14220 11 5 20735
14222 11 9 20736
14224 11 10 20737
14226 11 14 20738
14228 11 15 20739
14230 11 19 20740
14232 11 21 20741
14234 11 22 20742
14236 11 23 20743
14238 11 1 20744
14240 11 2 20745
14242 11 3 20746
14244 11 5 20747
14246 11 9 20748
14248 11 10 20749
14250 11 14 20750
14252 11 15 20751
14254 11 19 20752
14256 11 21 20753
14258 11 22 20754
14260 11 23 20755
14262 11 1 20756
14264 11 2 20757
14266 11 3 20758
14268 11 5 20759
14270 11 9 20760
14272 11 10 20761
14274 11 14 20762
14276 11 15 20763
14278 11 19 20764
14280 11 21 20765
14282 11 22 20766
14284 11 23 20767
14286 11 1 20768
14288 11 2 20769
14290 11 3 20770
14292 11 5 20771
14294 11 9 20772
14296 11 10 20773
14298 11 14 20774
14300 11 15 20775
14302 11 19 20776
14304 11 21 20777
14306 11 22 20778
14308 11 23 20779
14310 11 1 20780
14312 11 2 20781
14314 11 3 20782
14316 11 5 20783
14318 11 9 20784
14320 11 10 20785
14322 11 14 20786
14324 11 15 20787
14326 11 19 20788
14328 11 21 20789
14330 11 22 20790
14332 11 23 20791
14334 11 1 20792
14336 11 2 20793
14338 11 3 20794
14340 11 5 20795
14342 11 9 20796
14344 11 10 20797
14346 11 14 20798
14348 11 15 20799
14350 11 19 20800
14352 11 21 20801
14354 11 22 20802
14356 11 23 20803
14358 11 1 20804
14360 11 2 20805
14362 11 3 20806
14364 11 5 20807
14366 11 9 20808
14368 11 10 20809
14370 11 14 20810
14372 11 15 20811
14374 11 19 20812
14376 11 21 20813
14378 11 22 20814
14380 11 23 20815
14382 11 1 20816
14384 11 2 20817
14386 11 3 20818
14388 11 5 20819
14390 11 9 20820
14392 11 10 20821
14394 11 14 20822
14396 11 15 20823
14398 11 19 20824
14400 11 21 20825
14402 11 22 20826
14404 11 23 20827
14406 11 1 20828
14408 11 2 20829
14410 11 3 20830
14412 11 5 20831
14414 11 9 20832
14416 11 10 20833
14418 11 14 20834
14420 11 15 20835
14422 11 19 20836
14424 11 21 20837
14426 11 22 20838
14428 11 23 20839
14430 11 1 20840
14432 11 2 20841
14434 11 3 20842
14436 11 5 20843
14438 11 9 20844
14440 11 10 20845
14442 11 14 20846
14444 11 15 20847
14446 11 19 20848
14448 11 21 20849
14450 11 22 20850
14452 11 23 20851
14454 11 1 20852
14456 11 2 20853
14458 11 3 20854
14460 11 5 20855
14462 11 9 20856
14464 11 10 20857
14466 11 14 20858
14468 11 15 20859
14470 11 19 20860
14472 11 21 20861
14474 11 22 20862
14476 11 23 20863
14478 11 1 20864
14480 11 2 20865
14482 11 3 20866
14484 11 5 20867
14486 11 9 20868
14488 11 10 20869
14490 11 14 20870
14492 11 15 20871
14494 11 19 20872
14496 11 21 20873
14498 11 22 20874
14500 11 23 20875
14502 11 1 20876
14504 11 2 20877
14506 11 3 20878
14508 11 5 20879
14510 11 9 20880
14512 11 10 20881
14514 11 14 20882
14516 11 15 20883
14518 11 19 20884
14520 11 21 20885
14522 11 22 20886
14524 11 23 20887
14526 11 1 20888
14528 11 2 20889
14530 11 3 20890
14532 11 5 20891
14534 11 9 20892
14536 11 10 20893
14538 11 14 20894
14540 11 15 20895
14542 11 19 20896
14544 11 21 20897
14546 11 22 20898
14548 11 23 20899
14550 11 1 20900
14552 11 2 20901
14554 11 3 20902
14558 11 5 20903
14560 11 9 20904
14562 11 10 20905
14564 11 14 20906
14566 11 15 20907
14568 11 19 20908
14570 11 21 20909
14572 11 22 20910
14574 11 23 20911
14576 11 1 20912
14578 11 2 20913
14580 11 3 20914
14582 11 5 20915
14584 11 9 20916
14586 11 10 20917
14588 11 14 20918
14590 11 15 20919
14592 11 19 20920
14594 11 21 20921
14596 11 22 20922
14598 11 23 20923
14600 11 1 20924
14602 11 2 20925
14604 11 3 20926
14606 11 5 20927
14608 11 9 20928
14610 11 10 20929
14612 11 14 20930
14614 11 15 20931
14616 11 19 20932
14618 11 21 20933
14620 11 22 20934
14622 11 23 20935
14624 11 1 20936
14626 11 2 20937
14628 11 3 20938
14630 11 5 20939
14632 11 9 20940
14634 11 10 20941
14636 11 14 20942
14638 11 15 20943
14640 11 19 20944
14642 11 21 20945
14644 11 22 20946
14646 11 23 20947
14648 11 1 20948
14650 11 2 20949
14652 11 3 20950
14654 11 5 20951
14656 11 9 20952
14658 11 10 20953
14660 11 14 20954
14662 11 15 20955
14664 11 19 20956
14666 11 21 20957
14668 11 22 20958
14670 11 23 20959
14672 11 1 20960
14674 11 2 20961
14676 11 3 20962
14678 11 5 20963
14680 11 9 20964
14682 11 10 20965
14684 11 14 20966
14686 11 15 20967
14688 11 19 20968
14690 11 21 20969
14692 11 22 20970
14694 11 23 20971
14696 11 1 20972
14698 11 2 20973
14700 11 3 20974
14702 11 5 20975
14704 11 9 20976
14706 11 10 20977
14708 11 14 20978
14710 11 15 20979
14712 11 19 20980
14714 11 21 20981
14716 11 22 20982
14718 11 23 20983
14720 11 1 20984
14722 11 2 20985
14724 11 3 20986
14726 11 5 20987
14728 11 9 20988
14730 11 10 20989
14732 11 14 20990
14734 11 15 20991
14736 11 19 20992
14738 11 21 20993
14740 11 22 20994
14742 11 23 20995
14744 11 1 20996
14746 11 2 20997
14748 11 3 20998
14750 11 5 20999
14752 11 9 21000
14754 11 10 21001
14756 11 14 21002
14758 11 15 21003
14760 11 19 21004
14762 11 21 21005
14764 11 22 21006
14766 11 23 21007
14768 11 1 21008
14770 11 2 21009
14772 11 3 21010
14774 11 5 21011
14776 11 9 21012
14778 11 10 21013
14780 11 14 21014
14782 11 15 21015
14784 11 19 21016
14786 11 21 21017
14788 11 22 21018
14790 11 23 21019
14792 11 1 21020
14794 11 2 21021
14796 11 3 21022
14798 11 5 21023
14800 11 9 21024
14802 11 10 21025
14804 11 14 21026
14806 11 15 21027
14808 11 19 21028
14810 11 21 21029
14812 11 22 21030
14816 11 23 21031
14818 11 1 21032
14820 11 2 21033
14822 11 3 21034
14824 11 5 21035
14826 11 9 21036
14828 11 10 21037
14830 11 14 21038
14832 11 15 21039
14834 11 19 21040
14836 11 21 21041
14838 11 22 21042
14840 11 23 21043
14842 11 1 21044
14844 11 2 21045
14846 11 3 21046
14848 11 5 21047
14850 11 9 21048
14852 11 10 21049
14854 11 14 21050
14856 11 15 21051
14858 11 19 21052
14860 11 21 21053
14862 11 22 21054
14864 11 23 21055
14866 11 1 21056
14868 11 2 21057
14870 11 3 21058
14872 11 5 21059
14874 11 9 21060
14876 11 10 21061
14878 11 14 21062
14880 11 15 21063
14882 11 19 21064
14884 11 21 21065
14886 11 22 21066
14888 11 23 21067
14890 11 1 21068
14892 11 2 21069
14894 11 3 21070
14896 11 5 21071
14898 11 9 21072
14900 11 10 21073
14902 11 14 21074
14904 11 15 21075
14906 11 19 21076
14908 11 21 21077
14910 11 22 21078
14912 11 23 21079
14914 11 1 21080
14916 11 2 21081
14918 11 3 21082
14920 11 5 21083
14922 11 9 21084
14924 11 10 21085
14926 11 14 21086
14928 11 15 21087
14930 11 19 21088
14932 11 21 21089
14934 11 22 21090
14936 11 23 21091
14938 11 1 21092
14940 11 2 21093
14942 11 3 21094
14944 11 5 21095
14946 11 9 21096
14948 11 10 21097
14950 11 14 21098
14952 11 15 21099
14954 11 19 21100
14956 11 21 21101
14958 11 22 21102
14960 11 23 21103
14962 11 1 21104
14964 11 2 21105
14966 11 3 21106
14968 11 5 21107
14970 11 9 21108
14972 11 10 21109
14974 11 14 21110
14976 11 15 21111
14978 11 19 21112
14980 11 21 21113
14982 11 22 21114
14984 11 23 21115
14986 11 1 21116
14988 11 2 21117
14990 11 3 21118
14992 11 5 21119
14994 11 9 21120
14996 11 10 21121
14998 11 14 21122
15000 11 15 21123
15002 11 19 21124
15004 11 21 21125
15006 11 22 21126
15008 11 23 21127
15010 11 1 21128
15012 11 2 21129
15014 11 3 21130
15016 11 5 21131
15018 11 9 21132
15020 11 10 21133
15022 11 14 21134
15024 11 15 21135
15026 11 19 21136
15028 11 21 21137
15030 11 22 21138
15032 11 23 21139
15034 11 1 21140
15036 11 2 21141
15038 11 3 21142
15040 11 5 21143
15042 11 9 21144
15044 11 10 21145
15046 11 14 21146
15048 11 15 21147
15050 11 19 21148
15052 11 21 21149
15054 11 22 21150
15056 11 23 21151
15058 11 1 21152
15060 11 2 21153
15062 11 3 21154
15064 11 5 21155
15066 11 9 21156
15068 11 10 21157
15070 11 14 21158
15072 11 15 21159
15074 11 19 21160
15076 11 21 21161
15078 11 22 21162
15080 11 23 21163
15082 11 1 21164
15084 11 2 21165
15086 11 3 21166
15088 11 5 21167
15090 11 9 21168
15092 11 10 21169
15094 11 14 21170
15096 11 15 21171
15098 11 19 21172
15100 11 21 21173
15102 11 22 21174
15104 11 23 21175
15106 11 1 21176
15108 11 2 21177
15110 11 3 21178
15112 11 5 21179
15114 11 9 21180
15116 11 10 21181
15118 11 14 21182
15120 11 15 21183
15122 11 19 21184
15124 11 21 21185
15126 11 22 21186
15128 11 23 21187
15130 11 1 21188
15132 11 2 21189
15134 11 3 21190
15136 11 5 21191
15138 11 9 21192
15140 11 10 21193
15142 11 14 21194
15144 11 15 21195
15146 11 19 21196
15148 11 21 21197
15150 11 22 21198
15152 11 23 21199
15154 11 1 21200
15156 11 2 21201
15158 11 3 21202
15160 11 5 21203
15162 11 9 21204
15164 11 10 21205
15166 11 14 21206
15168 11 15 21207
15170 11 19 21208
15172 11 21 21209
15174 11 22 21210
15176 11 23 21211
15178 11 1 21212
15180 11 2 21213
15182 11 3 21214
15184 11 5 21215
15186 11 9 21216
15188 11 10 21217
15190 11 14 21218
15192 11 15 21219
15194 11 19 21220
15196 11 21 21221
15198 11 22 21222
15200 11 23 21223
15202 11 1 21224
15204 11 2 21225
15206 11 3 21226
15208 11 5 21227
15210 11 9 21228
15212 11 10 21229
15214 11 14 21230
15216 11 15 21231
15218 11 19 21232
15220 11 21 21233
15222 11 22 21234
15224 11 23 21235
15226 11 1 21236
15228 11 2 21237
15230 11 3 21238
15232 11 5 21239
15234 11 9 21240
15236 11 10 21241
15238 11 14 21242
15240 11 15 21243
15242 11 19 21244
15244 11 21 21245
15246 11 22 21246
15248 11 23 21247
15250 11 1 21248
15252 11 2 21249
15254 11 3 21250
15256 11 5 21251
15258 11 9 21252
15260 11 10 21253
15262 11 14 21254
15264 11 15 21255
15266 11 19 21256
15268 11 21 21257
15270 11 22 21258
15272 11 23 21259
15274 11 1 21260
15276 11 2 21261
15278 11 3 21262
15280 11 5 21263
15282 11 9 21264
15284 11 10 21265
15286 11 14 21266
15288 11 15 21267
15290 11 19 21268
15292 11 21 21269
15294 11 22 21270
15296 11 23 21271
15298 11 1 21272
15300 11 2 21273
15302 11 3 21274
15304 11 5 21275
15306 11 9 21276
15308 11 10 21277
15310 11 14 21278
15312 11 15 21279
15314 11 19 21280
15316 11 21 21281
15318 11 22 21282
15320 11 23 21283
15322 11 1 21284
15324 11 2 21285
15326 11 3 21286
15328 11 5 21287
15330 11 9 21288
15332 11 10 21289
15334 11 14 21290
15336 11 15 21291
15338 11 19 21292
15340 11 21 21293
15342 11 22 21294
15344 11 23 21295
15346 11 1 21296
15348 11 2 21297
15350 11 3 21298
15352 11 5 21299
15354 11 9 21300
15356 11 10 21301
15358 11 14 21302
15360 11 15 21303
15362 11 19 21304
15364 11 21 21305
15366 11 22 21306
15368 11 23 21307
15370 11 1 21308
15372 11 2 21309
15374 11 3 21310
15376 11 5 21311
15378 11 9 21312
15380 11 10 21313
15382 11 14 21314
15384 11 15 21315
15386 11 19 21316
15388 11 21 21317
15390 11 22 21318
15392 11 23 21319
15394 11 1 21320
15396 11 2 21321
15398 11 3 21322
15400 11 5 21323
15402 11 9 21324
15404 11 10 21325
15406 11 14 21326
15408 11 15 21327
15410 11 19 21328
15412 11 21 21329
15414 11 21 20585
15416 11 22 21330
15418 11 23 21331
15420 11 1 21332
15422 11 2 21333
15424 11 3 21334
15426 11 5 21335
15428 11 9 21336
15430 11 10 21337
15432 11 14 21338
15434 11 15 21339
15436 11 19 21340
15438 11 21 21341
15440 11 22 21342
15442 11 23 21343
15444 11 1 21344
15446 11 2 21345
15448 11 3 21346
15450 11 5 21347
15452 11 9 21348
15454 11 10 21349
15456 11 14 21350
15458 11 15 21351
15460 11 19 21352
15462 11 21 21353
15464 11 22 21354
15466 11 23 21355
15468 11 1 21356
15470 11 2 21357
15472 11 3 21358
15474 11 5 21359
15476 11 9 21360
15478 11 10 21361
15480 11 14 21362
15482 11 15 21363
15484 11 19 21364
15486 11 21 21365
15488 11 22 21366
15490 11 23 21367
15492 11 1 21368
15494 11 2 21369
15496 11 3 21370
15498 11 5 21371
15500 11 9 21372
15502 11 10 21373
15504 11 14 21374
15506 11 15 21375
15508 11 19 21376
15510 11 21 21377
15512 11 22 21378
15514 11 23 21379
15516 11 1 21380
15518 11 2 21381
15520 11 3 21382
15522 11 5 21383
15524 11 9 21384
15526 11 10 21385
15528 11 14 21386
15530 11 15 21387
15532 11 19 21388
15534 11 21 21389
15536 11 22 21390
15538 11 23 21391
15540 11 1 21392
15542 11 2 21393
15544 11 3 21394
15546 11 5 21395
15548 11 9 21396
15550 11 10 21397
15552 11 14 21398
15554 11 15 21399
15556 11 19 21400
15558 11 21 21401
15560 11 22 21402
15562 11 23 21403
15564 11 1 21404
15566 11 2 21405
15568 11 3 21406
15570 11 5 21407
15572 11 9 21408
15574 11 10 21409
15576 11 14 21410
15578 11 15 21411
15580 11 19 21412
15582 11 21 21413
15584 11 22 21414
15586 11 23 21415
15588 11 1 21416
15590 11 2 21417
15592 11 3 21418
15594 11 5 21419
15596 11 9 21420
15598 11 10 21421
15600 11 14 21422
15602 11 15 21423
15604 11 19 21424
15606 11 21 21425
15608 11 22 21426
15610 11 23 21427
15612 11 1 21428
15614 11 2 21429
15616 11 3 21430
15618 11 5 21431
15620 11 9 21432
15622 11 10 21433
15624 11 14 21434
15626 11 15 21435
15628 11 19 21436
15630 11 21 21437
15632 11 22 21438
15634 11 23 21439
15636 11 1 21440
15638 11 2 21441
15640 11 3 21442
15642 11 5 21443
15644 11 9 21444
15646 11 10 21445
15648 11 14 21446
15650 11 15 21447
15652 11 19 21448
15654 11 21 21449
15656 11 22 21450
15658 11 23 21451
15660 11 1 21452
15662 11 2 21453
15664 11 3 21454
15666 11 5 21455
15668 11 9 21456
15670 11 10 21457
15672 11 14 21458
15674 11 15 21459
15676 11 19 21460
15678 11 21 21461
15680 11 22 21462
15682 11 23 21463
15684 11 1 21464
15686 11 2 21465
15688 11 3 21466
15690 11 5 21467
15692 11 9 21468
15694 11 10 21469
15696 11 14 21470
15698 11 15 21471
15700 11 19 21472
15702 11 21 21473
15704 11 22 21474
15706 11 23 21475
15708 11 1 21476
15710 11 2 21477
15712 11 3 21478
15714 11 5 21479
15716 11 9 21480
15718 11 10 21481
15720 11 14 21482
15722 11 15 21483
15724 11 19 21484
15726 11 21 21485
15728 11 22 21486
15730 11 23 21487
15732 11 1 21488
15734 11 2 21489
15736 11 3 21490
15738 11 5 21491
15740 11 9 21492
15742 11 10 21493
15744 11 14 21494
15746 11 15 21495
15748 11 19 21496
15750 11 21 21497
15752 11 22 21498
15754 11 23 21499
15756 11 1 21500
15758 11 2 21501
15760 11 3 21502
15762 11 5 21503
15764 11 19 20560
15768 11 22 20646
15770 11 1 21504
15772 11 2 21505
15774 11 3 21506
15776 11 5 21507
15778 11 9 21508
15780 11 10 21509
15782 11 14 21510
15784 11 15 21511
15786 11 19 21512
15788 11 21 21513
15790 11 22 21514
15792 11 23 21515
15794 11 1 21516
15796 11 2 21517
15798 11 3 21518
15800 11 5 21519
15802 11 9 21520
15804 11 10 21521
15806 11 14 21522
15808 11 15 21523
15810 11 19 21524
15812 11 21 21525
15814 11 22 21526
15816 11 23 21527
15818 11 1 21528
15820 11 2 21529
15822 11 3 21530
15824 11 5 21531
15826 11 9 21532
15828 11 10 21533
15830 11 14 21534
15832 11 15 21535
15834 11 19 21536
15836 11 21 21537
15838 11 22 21538
15840 11 23 21539
15842 11 1 21540
15844 11 2 21541
15846 11 3 21542
15848 11 5 21543
15850 11 9 21544
15852 11 10 21545
15854 11 14 21546
15856 11 15 21547
15858 11 19 21548
15860 11 21 21549
15862 11 22 21550
15864 11 23 21551
15866 11 1 21552
15868 11 2 21553
15870 11 3 21554
15872 11 5 21555
15874 11 9 21556
15876 11 10 21557
15878 11 14 21558
15880 11 15 21559
15882 11 19 21560
15884 11 21 21561
15886 11 22 21562
15888 11 23 21563
15890 11 1 21564
15892 11 2 21565
15894 11 3 21566
15896 11 5 21567
15898 11 9 21568
15900 11 10 21569
15902 11 14 21570
15904 11 15 21571
15906 11 19 21572
15908 11 21 21573
15910 11 22 21574
15912 11 23 21575
15914 11 1 21576
15916 11 2 21577
15918 11 3 21578
15920 11 5 21579
15922 11 9 21580
15924 11 10 21581
15926 11 14 21582
15928 11 15 21583
15930 11 19 21584
15932 11 21 21585
15934 11 22 21586
15936 11 23 21587
15938 11 1 21588
15940 11 2 21589
15942 11 3 21590
15944 11 5 21591
15946 11 9 21592
15948 11 10 21593
15950 11 14 21594
15952 11 15 21595
15954 11 19 21596
15956 11 21 21597
15958 11 22 21598
15960 11 23 21599
15962 11 1 21600
15964 11 2 21601
15966 11 3 21602
15968 11 5 21603
15970 11 9 21604
15972 11 10 21605
15974 11 14 21606
15976 11 15 21607
15978 11 19 21608
15980 11 21 21609
15982 11 22 21610
15984 11 23 21611
15986 11 1 21612
15988 11 2 21613
15990 11 3 21614
15992 11 5 21615
15994 11 9 21616
15996 11 10 21617
15998 11 14 21618
16000 11 15 21619
16002 11 19 21620
16004 11 21 21621
16006 11 22 21622
16008 11 23 21623
16010 11 1 21624
16012 11 2 21625
16014 11 3 21626
16016 11 5 21627
16018 11 9 21628
16020 11 10 21629
16022 11 14 21630
16024 11 15 21631
16026 11 19 21632
16028 11 21 21633
16030 11 22 21634
16032 11 23 21635
16034 11 1 21636
16036 11 2 21637
16038 11 3 21638
16040 11 5 21639
16042 11 9 21640
16044 11 10 21641
16046 11 14 21642
16048 11 15 21643
16050 11 19 21644
16052 11 21 21645
16054 11 22 21646
16056 11 23 21647
16058 11 1 21648
16060 11 2 21649
16062 11 3 21650
16064 11 5 21651
16066 11 9 21652
16068 11 10 21653
16070 11 14 21654
16072 11 15 21655
16074 11 19 21656
16076 11 21 21657
16078 11 22 21658
16080 11 23 21659
16082 11 1 21660
16084 11 2 21661
16086 11 3 21662
16088 11 5 21663
16090 11 9 21664
16092 11 10 21665
16094 11 14 21666
16096 11 15 21667
16098 11 19 21668
16100 11 21 21669
16102 11 22 21670
16104 11 23 21671
16106 11 1 21672
16108 11 2 21673
16110 11 3 21674
16112 11 5 21675
16114 11 9 21676
16116 11 10 21677
16118 11 14 21678
16120 11 15 21679
16122 11 19 21680
16124 11 21 21681
16126 11 22 21682
16128 11 23 21683
16130 11 1 21684
16132 11 2 21685
16134 11 3 21686
16136 11 5 21687
16138 11 9 21688
16140 11 10 21689
16142 11 14 21690
16144 11 15 21691
16146 11 19 21692
16148 11 21 21693
16150 11 22 21694
16152 11 23 21695
16154 11 1 21696
16156 11 2 21697
16158 11 3 21698
16160 11 5 21699
16162 11 9 21700
16164 11 10 21701
16166 11 14 21702
16168 11 15 21703
16170 11 19 21704
16172 11 21 21705
16174 11 22 21706
16176 11 23 21707
16178 11 1 21708
16180 11 2 21709
16182 11 3 21710
16184 11 5 21711
16186 11 9 21712
16188 11 10 21713
16190 11 14 21714
16192 11 15 21715
16194 11 19 21716
16196 11 21 21717
16198 11 22 21718
16200 11 23 21719
16202 11 1 21720
16204 11 2 21721
16206 11 3 21722
16208 11 5 21723
16210 11 9 21724
16212 11 10 21725
16214 11 14 21726
16216 11 15 21727
16218 11 19 21728
16220 11 21 21729
16222 11 22 21730
16224 11 23 21731
16226 11 1 21732
16228 11 2 21733
16230 11 3 21734
16232 11 5 21735
16234 11 9 21736
16236 11 10 21737
16238 11 14 21738
16240 11 15 21739
16242 11 19 21740
16244 11 21 21741
16246 11 22 21742
16248 11 23 21743
16250 11 1 21744
16252 11 2 21745
16254 11 3 21746
16256 11 5 21747
16258 11 9 21748
16260 11 10 21749
16262 11 14 21750
16264 11 15 21751
16266 11 19 21752
16268 11 21 21753
16270 11 22 21754
16272 11 23 21755
16274 11 1 21756
16276 11 2 21757
16278 11 3 21758
16280 11 5 21759
16282 11 9 21760
16284 11 10 21761
16286 11 14 21762
16288 11 15 21763
16290 11 19 21764
16292 11 21 21765
16294 11 22 21766
16296 11 23 21767
16298 11 1 21768
16300 11 2 21769
16302 11 3 21770
16304 11 5 21771
16306 11 9 21772
16308 11 10 21773
16310 11 14 21774
16312 11 15 21775
16314 11 19 21776
16316 11 21 21777
16318 11 22 21778
16320 11 23 21779
16322 11 1 21780
16324 11 2 21781
16326 11 3 21782
16328 11 5 21783
16330 11 9 21784
16332 11 10 21785
16334 11 14 21786
16336 11 15 21787
16338 11 19 21788
16340 11 21 21789
16342 11 22 21790
16344 11 23 21791
16346 11 1 21792
16348 11 2 21793
16350 11 3 21794
16352 11 5 21795
16354 11 9 21796
16356 11 10 21797
16358 11 14 21798
16360 11 15 21799
16362 11 19 21800
16364 11 21 21801
16366 11 22 21802
16368 11 23 21803
16370 11 1 21804
16372 11 2 21805
16374 11 3 21806
16376 11 5 21807
16378 11 9 21808
16380 11 10 21809
16382 11 14 21810
16384 11 15 21811
16386 11 19 21812
16388 11 21 21813
16390 11 22 21814
16392 11 23 21815
16394 11 1 21816
16396 11 2 21817
16398 11 3 21818
16400 11 5 21819
16402 11 9 21820
16404 11 10 21821
16406 11 14 21822
16408 11 15 21823
16410 11 19 21824
16412 11 21 21825
16414 11 22 21826
16416 11 23 21827
16418 11 1 21828
16420 11 2 21829
16422 11 3 21830
16424 11 5 21831
16426 11 9 21832
16428 11 10 21833
16430 11 14 21834
16432 11 15 21835
16434 11 19 21836
16436 11 21 21837
16438 11 22 21838
16440 11 23 21839
16442 11 1 21840
16444 11 2 21841
16446 11 3 21842
16448 11 5 21843
16450 11 9 21844
16452 11 10 21845
16454 11 14 21846
16456 11 15 21847
16458 11 19 21848
16460 11 21 21849
16462 11 22 21850
16464 11 23 21851
16466 11 1 21852
16468 11 2 21853
16470 11 3 21854
16472 11 5 21855
16474 11 9 21856
16476 11 10 21857
16478 11 14 21858
16480 11 15 21859
16482 11 19 21860
16484 11 21 21861
16486 11 22 21862
16488 11 23 21863
16490 11 1 21864
16492 11 2 21865
16494 11 3 21866
16496 11 5 21867
16498 11 9 21868
16500 11 10 21869
16502 11 14 21870
16504 11 15 21871
16506 11 19 21872
16508 11 21 21873
16510 11 22 21874
16512 11 23 21875
16514 11 1 21876
16516 11 2 21877
16518 11 3 21878
16520 11 5 21879
16522 11 9 21880
16524 11 10 21881
16526 11 14 21882
16528 11 15 21883
16530 11 19 21884
16532 11 21 21885
16534 11 22 21886
16536 11 23 21887
16538 11 1 21888
16540 11 2 21889
16542 11 3 21890
16544 11 5 21891
16546 11 9 21892
16548 11 10 21893
16550 11 14 21894
16552 11 15 21895
16554 11 19 21896
16556 11 21 21897
16558 11 22 21898
16560 11 23 21899
16562 11 1 21900
16564 11 2 21901
16566 11 3 21902
16568 11 5 21903
16570 11 9 21904
16572 11 10 21905
16574 11 14 21906
16576 11 15 21907
16578 11 19 21908
16580 11 21 21909
16582 11 22 21910
16584 11 23 21911
16586 11 1 21912
16588 11 2 21913
16590 11 3 21914
16592 11 5 21915
16594 11 9 21916
16596 11 10 21917
16598 11 14 21918
16600 11 15 21919
16602 11 19 21920
16604 11 21 21921
16606 11 22 21922
16608 11 23 21923
16610 11 1 21924
16612 11 2 21925
16614 11 3 21926
16616 11 5 21927
16618 11 9 21928
16620 11 10 21929
16622 11 14 21930
16624 11 15 21931
16626 11 19 21932
16628 11 21 21933
16630 11 22 21934
16632 11 23 21935
16634 11 1 21936
16636 11 2 21937
16638 11 3 21938
16640 11 5 21939
16642 11 9 21940
16644 11 10 21941
16646 11 14 21942
16648 11 15 21943
16650 11 19 21944
16652 11 21 21945
16654 11 22 21946
16656 11 23 21947
16658 11 1 21948
16660 11 2 21949
16662 11 3 21950
16664 11 5 21951
16666 11 9 21952
16668 11 10 21953
16670 11 14 21954
16672 11 15 21955
16674 11 19 21956
16676 11 21 21957
16678 11 22 21958
16680 11 23 21959
16682 11 1 21960
16684 11 2 21961
16686 11 3 21962
16688 11 5 21963
16690 11 9 21964
16692 11 10 21965
16694 11 14 21966
16696 11 15 21967
16698 11 19 21968
16700 11 21 21969
16702 11 22 21970
16704 11 1 0
16710 11 21 9
16712 11 15 55
16714 11 14 162
16716 11 21 201
16718 11 22 202
16722 11 21 837
16726 11 1 756
16728 11 22 994
16730 11 1 996
16734 11 23 47
16736 11 15 127
16738 11 15 955
16746 11 19 140
16750 11 22 838
16752 11 9 124
16754 11 5 135
16756 11 2 73
16760 11 5 111
16762 11 5 843
16766 11 15 235
16782 11 5 39
16784 11 10 833
16814 11 14 630
16820 11 21 45
16826 11 2 205
16828 11 23 683
16832 11 1 900
16840 11 22 862
16846 11 9 160
16848 11 3 830
16852 11 23 899
16862 11 15 187
16864 11 9 16
16868 11 10 101
16874 11 3 146
16876 11 21 153
16878 11 2 157
16880 11 5 159
16882 11 10 161
16886 11 1 168
16888 11 21 189
16896 11 14 210
16898 11 5 219
16900 11 19 236
16902 11 5 267
16904 11 1 696
16906 11 23 779
16908 11 3 890
16910 11 19 1016
16914 11 5 147
16920 11 22 694
16926 11 23 707
16938 11 15 835
16942 11 19 44
16946 11 15 847
16954 11 1 12
16960 11 15 163
16984 11 19 716
16986 11 3 722
16990 11 3 794
17000 11 9 1952
17002 11 14 1150
17004 11 1 1192
17006 11 19 1092
17008 11 21 1789
17010 11 19 1668
17014 11 2 1721
17016 11 10 1929
17018 11 2 1037
17020 11 1 1216
17022 11 22 1274
17024 11 14 1330
17026 11 22 1346
17028 11 23 1371
17030 11 15 1379
17032 11 22 1382
17034 11 3 1386
17036 11 1 1720
17038 11 5 1663
17040 11 22 1970
17042 11 21 1945
17044 11 21 1273
17054 11 9 1340
17056 11 15 1055
17060 11 14 3026
17062 11 22 2742
17064 11 21 2981
17066 11 9 3000
17068 11 14 3002
17074 11 23 2983
17076 11 1 2984
17078 11 1 3636
17080 11 22 3298
17082 11 2 3133
17084 11 3 3650
17086 11 15 3367
17088 11 3 3374
17090 11 19 3440
17092 11 15 3079
17096 11 1 3072
17100 11 10 3269
17102 11 23 3827
17104 11 15 3751
17106 11 19 3200
17110 11 2 3697
17114 11 14 3282
17118 11 10 3917
17120 11 5 4035
17122 11 14 3114
17126 11 22 4030
17128 11 19 4428
17130 11 15 4151
17132 11 19 4152
17134 11 3 5058
17140 11 3 4422
17142 11 1 4120
17144 11 9 4148
17146 11 10 4401
17148 11 22 5490
17152 11 3 5494
17162 11 19 5500
17168 11 22 5502
17176 11 5 5507
17180 11 14 5186
17182 11 2 5301
17184 11 14 5510
17186 11 3 5578
17200 11 1 5516
17204 11 15 5607
17210 11 15 5523
17218 11 19 5164
17222 11 21 5621
17224 11 15 5943
17226 11 1 5528
17234 11 3 5530
17236 11 15 5535
17252 11 5 5543
17254 11 15 5547
17256 11 3 5614
17264 11 21 5549
17268 11 22 5550
17270 11 19 5680
17278 11 14 5558
17280 11 21 5357
17282 11 10 5461
17284 11 14 5678
17286 11 22 5910
17288 11 1 6032
17290 11 3 5290
17292 11 15 5367
17294 11 23 5563
17296 11 5 5855
17306 11 1 5300
17308 11 22 5574
17310 11 1 5576
17326 11 15 5583
17328 11 23 5587
17334 11 14 5594
17336 11 21 5165
17338 11 14 5270
17340 11 5 5483
17342 11 19 5596
17348 11 21 5597
17352 11 23 5599
17354 11 1 5600
17358 11 3 5158
17360 11 3 5278
17362 11 21 5345
17366 11 22 5658
17368 11 3 5854
17370 11 1 6008
17372 11 3 6094
17394 11 19 5608
17398 11 21 6053
17400 11 9 5616
17402 11 10 5617
17404 11 14 5618
17412 11 1 5624
17436 11 1 5504
17438 11 2 5601
17440 11 3 5626
17442 11 5 5963
17444 11 10 6121
17446 11 5 5627
17448 11 9 5988
17450 11 10 5641
17452 11 22 5298
17454 11 15 5439
17456 11 5 5651
17462 11 14 5654
17466 11 23 5659
17476 11 5 5303
17482 11 9 5736
17484 11 21 5813
17486 11 19 5836
17496 11 2 5661
17506 11 3 5662
17508 11 9 5664
17514 11 10 5665
17516 11 14 5666
17518 11 22 5670
17526 11 14 5246
17528 11 1 5276
17544 11 23 5671
17546 11 10 6557
17548 11 15 7051
17550 11 1 6372
17552 11 5 6399
17554 11 14 6522
17556 11 3 6650
17558 11 2 6301
17560 11 2 6337
17562 11 23 6479
17566 11 1 6360
17568 11 3 6374
17570 11 3 6182
17572 11 14 6246
17574 11 21 6261
17576 11 19 6392
17578 11 15 6559
17580 11 23 6599
17582 11 22 7066
17584 11 22 6790
17586 11 23 6791
17588 11 15 6799
17590 11 2 6805
17592 11 15 6811
17594 11 5 6819
17596 11 15 6919
17598 11 22 7054
17600 11 1 7056
17602 11 15 7087
17604 11 23 6251
17606 11 21 6885
17608 11 2 6157
17610 11 15 7835
17612 11 15 7427
17614 11 23 7431
17616 11 10 7821
17618 11 1 7828
17622 11 21 7825
17624 11 23 7611
17630 11 5 7831
17632 11 19 7836
17634 11 22 7838
17636 11 9 8144
17640 11 1 7540
17642 11 23 8371
17646 11 19 8344
17650 11 22 8466
17652 11 9 9952
17654 11 21 10089
17656 11 21 10717
17660 11 1 10684
17662 11 15 10799
17664 11 14 10798
17666 11 3 10806
17668 11 3 10554
17670 11 9 11156
17672 11 9 10808
17674 11 14 11990
17676 11 22 11646
17678 11 9 11976
17680 11 2 11685
17682 11 23 11863
17684 11 2 12045
17686 11 21 11645
17688 11 10 11665
17690 11 19 11728
17694 11 5 11471
17696 11 9 11472
17698 11 21 11465
17700 11 9 11640
17702 11 9 11664
17704 11 15 13171
17706 11 1 12360
17708 11 2 12361
17710 11 19 12692
17712 11 1 12840
17716 11 5 12891
17718 11 23 12791
17722 11 22 12838
17726 11 2 12709
17728 11 21 12705
17730 11 1 12720
17732 11 9 12700
17734 11 1 12372
17736 11 10 12377
17738 11 9 12388
17740 11 15 12391
17742 11 23 12671
17744 11 1 12672
17748 11 1 12864
17750 11 15 12895
17752 11 19 13172
17762 11 9 12916
17770 11 9 14228
17772 11 5 14375
17774 11 21 14957
17776 11 2 15357
17786 11 21 16305
17790 11 19 15500
17792 11 14 15402
17796 11 19 16244
17798 11 5 16299
17800 11 22 16378
17802 11 19 16292
17806 11 9 17192
17808 11 2 17369
17810 11 10 16713
17812 11 19 16848
17814 11 22 16646
17816 11 22 16886
17818 11 19 17148
17820 11 5 16387
17824 11 9 16652
17826 11 21 16885
17828 11 22 17102
17830 11 10 16641
17834 11 15 16943
17836 11 23 16947
17838 11 5 17119
17840 11 9 17240
17842 11 2 17333
17844 11 15 17087
17848 11 10 17085
17852 11 10 17289
17854 11 14 17374
17856 11 14 17122
17858 11 1 16888
17860 11 2 17237
17864 11 3 17082
17866 11 2 16685
17870 11 21 18077
17872 11 23 17539
17874 11 10 17917
17876 11 1 17984
17878 11 3 18382
17880 11 2 18417
17882 11 23 18247
17884 11 5 18251
17886 11 3 17614
17888 11 1 17648
17890 11 2 17649
17892 11 15 17943
17894 11 9 18036
17896 11 22 18258
17898 11 23 18307
17900 11 19 18076
17902 11 19 17944
17904 11 21 18353
17906 11 10 18437
17908 11 9 18436
17910 11 10 18461
17912 11 9 18472
17914 11 10 18473
17916 11 14 18474
17918 11 19 18476
17920 11 5 18471
17928 11 1 19176
17938 11 23 18779
17948 11 2 18481
17958 11 10 18497
17960 11 9 18496
17962 11 14 18498
17968 11 2 18505
17970 11 14 18510
17972 11 2 18673
17974 11 1 18684
17976 11 23 18707
17978 11 1 18720
17980 11 2 18721
17982 11 3 18722
17984 11 5 18723
17994 11 14 18774
18012 11 19 18752
18014 11 14 18762
18016 11 15 18763
18018 11 19 18764
18020 11 21 18765
18022 11 22 18766
18024 11 23 18767
18026 11 1 18768
18028 11 10 18761
18126 11 10 18797
18128 11 21 18801
18130 11 22 18802
18132 11 19 18992
18134 11 22 18814
18136 11 21 18813
18138 11 2 18817
18140 11 3 18818
18142 11 5 18819
18144 11 9 18820
18146 11 1 18816
18154 11 23 18815
18172 11 22 18874
18174 11 19 18896
18176 11 9 18880
18178 11 23 18947
18180 11 1 18948
18182 11 2 18949
18184 11 3 18950
18186 11 5 18951
18228 11 5 18795
18230 11 15 18991
18232 11 3 19010
18234 11 5 19179
18236 11 21 19029
18238 11 21 19053
18240 11 19 19052
18242 11 21 19065
18244 11 3 19094
18246 11 2 19093
18248 11 21 19089
18254 11 2 19117
18256 11 3 19118
18258 11 5 19119
18260 11 9 19120
18262 11 10 19121
18264 11 14 19122
18266 11 15 19123
18268 11 21 19125
18270 11 22 19126
18272 11 23 19127
18274 11 1 19116
18290 11 19 19124
18298 11 1 19128
18300 11 2 19129
18302 11 3 19130
18304 11 5 19131
18306 11 9 19132
18308 11 10 19133
18310 11 14 19134
18312 11 15 19135
18314 11 19 19136
18316 11 21 19137
18318 11 22 19138
18320 11 23 19139
18322 11 1 19140
18324 11 2 19141
18326 11 23 18539
18328 11 2 18805
18472 11 10 18977
18494 11 3 19142
18496 11 15 19147
18498 11 19 19172
18500 11 2 19189
18502 11 22 19198
18504 11 3 19202
18506 11 5 19203
18508 11 2 19201
18512 11 5 18771
18516 11 21 18993
18518 11 3 19082
18520 11 9 19204
18522 11 9 19216
18524 11 23 19211
18526 11 3 19214
18528 11 19 19220
18530 11 15 19267
18532 11 22 19270
18534 11 5 19275
18536 11 10 19385
18540 11 1 19284
18542 11 14 19338
18544 11 3 19346
18546 11 2 19345
18548 11 1 19356
18550 11 3 19358
18552 11 5 19359
18554 11 9 19360
18556 11 10 19361
18558 11 21 18777
18560 11 22 19282
18574 11 1 19368
18576 11 2 19369
18578 11 5 19371
18580 11 9 19372
18582 11 14 19374
18584 11 15 19375
18586 11 21 19377
18588 11 23 19379
18590 11 2 19381
18592 11 5 19383
18594 11 1 19380
18596 11 19 19376
18602 11 9 19384
18608 11 3 19382
18614 11 5 19083
18616 11 22 19378
18618 11 19 19388
18620 11 14 19422
18622 11 14 18558
18624 11 1 19936
18628 11 15 20435
18630 11 10 20421
18632 11 5 19939
18634 11 1 19480
18636 11 3 20142
18638 11 15 19811
18640 11 9 20372
18642 11 22 20102
18644 11 15 20075
18646 11 19 20280
18648 11 10 20469
18650 11 14 20062
18652 11 19 20220
18654 11 3 20322
18656 11 23 20283
18658 11 19 21460
18660 11 9 21336
18662 11 2 20925
18666 11 22 21462
18668 11 5 20639
18670 11 21 20957
18672 11 2 20913
18674 11 19 21728
18676 11 10 22085
18678 11 22 21574
18682 11 1 22200
18684 11 23 22451
18686 11 14 22254
18688 11 1 22380
18690 11 23 22211
18692 11 9 23528
18694 11 15 23303
18696 11 1 23032
18698 11 22 22982
18700 11 1 23224
18702 11 14 23230
18704 11 21 23233
18706 11 3 23250
18708 11 14 23374
18714 11 19 23040
18718 11 22 23622
18720 11 3 23554
18722 11 5 23747
18724 11 23 23707
18726 11 14 23618
18728 11 15 24267
18730 11 10 24361
18732 11 1 23564
18734 11 19 24544
18736 11 15 24555
18738 11 22 23586
18740 11 14 24014
18742 11 10 23725
18744 11 21 25317
18746 11 14 24990
18748 11 19 25556
18750 11 22 25306
18752 11 10 25061
18754 11 23 25367
18756 11 19 25088
18758 11 15 24823
18760 11 1 24624
18762 11 22 25246
18764 11 15 25255
18766 11 9 24928
18768 11 14 24930
18770 11 15 26315
18772 11 19 26316
18774 11 19 25980
18776 11 21 26605
18778 11 10 26577
18780 11 1 26548
18782 11 23 25911
18784 11 1 25912
18786 11 23 25971
18788 11 1 25972
18790 11 9 25976
18794 11 22 25982
18796 11 1 25984
18798 11 1 25996
18800 11 2 25997
18802 11 2 25721
18804 11 2 26009
18806 11 21 28353
18808 11 22 28210
18810 11 9 28204
18812 11 1 28344
18814 11 3 28586
18816 11 21 28257
18818 11 14 29566
18820 11 1 28828
18822 11 23 31451
18824 11 3 32106
18826 11 2 32213
18828 11 3 32214
18830 11 9 32096
18832 11 19 32064
18834 11 5 32999
18836 11 1 33632
18838 11 19 33520
18840 11 19 32920
18842 11 23 33403
18844 11 10 33613
18846 11 5 33743
18848 11 3 33322
18850 11 2 33717
18852 11 14 34410
18854 11 14 34638
18856 11 10 34025
18858 11 9 34600
18860 11 3 33926
18862 11 5 33795
18868 11 15 34699
18874 11 5 35839
18876 11 19 35640
18878 11 9 35648
18880 11 22 35234
18882 11 5 34819
18884 11 19 36136
18886 11 2 35913
18888 11 14 36074
18890 11 10 35917
18892 11 14 35918
18894 11 19 35932
18896 11 10 35953
18898 11 2 36021
18900 11 15 37651
18902 11 15 37567
18904 11 14 37698
18906 11 23 37487
18908 11 3 37478
18910 11 22 37486
18912 11 10 37941
18914 11 5 38755
18918 11 1 38608
18920 11 21 39893
18922 11 1 39896
18924 11 1 40776
18926 11 19 42928
18928 11 10 42937
18930 11 2 42069
18932 11 22 42354
18934 11 9 42360
18936 11 14 42626
18938 11 21 42929
18940 11 21 42977
18942 11 1 43056
18944 11 21 43749
18946 11 23 43319
18948 11 19 43064
18950 11 1 43728
18952 11 9 43768
18954 11 10 43961
18956 11 5 43539
18958 11 23 43715
18960 11 2 43717
18962 11 9 44420
18964 11 2 44033
18966 11 5 44431
18968 11 22 44738
18970 11 5 45007
18972 11 14 44110
18976 11 15 44915
18978 11 22 44426
18980 11 21 44509
18982 11 21 44773
18984 11 15 44783
18986 11 1 44824
18988 11 5 44827
18990 11 23 45051
18992 11 3 44706
18994 11 19 44808
18996 11 15 45011
18998 11 1 44032
19000 11 22 45546
19002 11 10 45337
19004 11 9 45528
19006 11 9 45348
19008 11 23 45439
19012 11 21 46025
19014 11 15 46207
19016 11 19 46616
19018 11 23 46499
19020 11 5 46683
19022 11 15 47483
19028 11 19 47484
19032 11 21 47485
19034 11 22 47486
19036 11 23 47487
19038 11 1 47488
19040 11 2 47489
19042 11 3 47490
19044 11 5 47491
19046 11 9 47492
19048 11 10 47493
19050 11 14 47494
19052 11 15 47495
19054 11 19 47496
19056 11 21 47497
19058 11 22 47498
19060 11 23 47499
19062 11 1 47500
19064 11 2 47501
19066 11 3 47502
19068 11 5 47503
19070 11 9 47504
19072 11 10 47505
19076 11 14 47506
19078 11 15 47507
19080 11 19 47508
19082 11 21 47509
19084 11 22 47510
19086 11 23 47511
19088 11 1 47512
19090 11 2 47513
19092 11 3 47514
19094 11 5 47515
19096 11 9 47516
19098 11 10 47517
19100 11 14 47518
19102 11 15 47519
19104 11 19 47520
19106 11 21 47521
19108 11 22 47522
19110 11 23 47523
19112 11 1 47524
19114 11 2 47525
19116 11 3 47526
19118 11 5 47527
19120 11 9 47528
19122 11 10 47529
19124 11 14 47530
19126 11 15 47531
19128 11 19 47532
19130 11 21 47533
19132 11 22 47534
19134 11 23 47535
19136 11 1 47536
19138 11 2 47537
19140 11 3 47538
19142 11 5 47539
19144 11 9 47540
19146 11 10 47541
19148 11 14 47542
19150 11 15 47543
19152 11 19 47544
19154 11 21 47545
19156 11 22 47546
19158 11 23 47547
19160 11 1 47548
19162 11 2 47549
19164 11 3 47550
19166 11 5 47551
19168 11 9 47552
19170 11 10 47553
19172 11 14 47554
19174 11 15 47555
19176 11 19 47556
19178 11 21 47557
19180 11 22 47558
19182 11 23 47559
19184 11 1 47560
19186 11 2 47561
19188 11 3 47562
19190 11 5 47563
19192 11 9 47564
19194 11 10 47565
19196 11 14 47566
19198 11 15 47567
19200 11 19 47568
19202 11 21 47569
19204 11 22 47570
19206 11 23 47571
19208 11 1 47572
19210 11 2 47573
19212 11 3 47574
19214 11 5 47575
19216 11 9 47576
19218 11 10 47577
19220 11 14 47578
19222 11 15 47579
19224 11 19 47580
19226 11 21 47581
19228 11 22 47582
19230 11 23 47583
19232 11 1 47584
19234 11 2 47585
19236 11 3 47586
19238 11 5 47587
19240 11 9 47588
19242 11 10 47589
19244 11 14 47590
19246 11 15 47591
19248 11 19 47592
19250 11 21 47593
19252 11 22 47594
19254 11 23 47595
19256 11 1 47596
19258 11 2 47597
19260 11 3 47598
19262 11 5 47599
19264 11 9 47600
19266 11 10 47601
19268 11 14 47602
19270 11 15 47603
19272 11 19 47604
19274 11 21 47605
19276 11 22 47606
19278 11 23 47607
19280 11 1 47608
19282 11 2 47609
19284 11 3 47610
19286 11 5 47611
19288 11 9 47612
19290 11 10 47613
19292 11 14 47614
19294 11 15 47615
19296 11 19 47616
19298 11 21 47617
19300 11 22 47618
19302 11 23 47619
19304 11 1 47620
19306 11 2 47621
19308 11 3 47622
19310 11 5 47623
19312 11 9 47624
19314 11 10 47625
19316 11 14 47626
19318 11 15 47627
19320 11 19 47628
19322 11 21 47629
19324 11 22 47630
19326 11 23 47631
19328 11 1 47632
19330 11 2 47633
19332 11 3 47634
19334 11 5 47635
19336 11 9 47636
19338 11 10 47637
19340 11 14 47638
19342 11 15 47639
19344 11 19 47640
19346 11 21 47641
19348 11 22 47642
19350 11 23 47643
19352 11 1 47644
19354 11 2 47645
19356 11 3 47646
19360 11 5 47647
19362 11 9 47648
19364 11 10 47649
19366 11 14 47650
19368 11 15 47651
19370 11 19 47652
19372 11 21 47653
19374 11 22 47654
19376 11 23 47655
19378 11 1 47656
19380 11 2 47657
19382 11 3 47658
19384 11 5 47659
19386 11 9 47660
19388 11 10 47661
19390 11 14 47662
19392 11 15 47663
19394 11 19 47664
19396 11 21 47665
19398 11 22 47666
19400 11 23 47667
19402 11 1 47668
19404 11 2 47669
19406 11 3 47670
19408 11 5 47671
19410 11 9 47672
19412 11 10 47673
19414 11 14 47674
19416 11 15 47675
19418 11 19 47676
19420 11 21 47677
19422 11 22 47678
19424 11 23 47679
19426 11 1 47680
19428 11 2 47681
19430 11 3 47682
19432 11 5 47683
19434 11 9 47684
19436 11 10 47685
19438 11 14 47686
19440 11 15 47687
19442 11 19 47688
19444 11 21 47689
19446 11 22 47690
19448 11 23 47691
19452 11 1 47692
19454 11 2 47693
19456 11 3 47694
19458 11 5 47695
19460 11 9 47696
19462 11 10 47697
19464 11 14 47698
19466 11 15 47699
19468 11 19 47700
19470 11 21 47701
19472 11 22 47702
19474 11 23 47703
19476 11 1 47704
19478 11 2 47705
19480 11 3 47706
19482 11 5 47707
19484 11 9 47708
19486 11 10 47709
19488 11 14 47710
19490 11 15 47711
19492 11 19 47712
19494 11 21 47713
19498 11 22 47714
19500 11 23 47715
19502 11 1 47716
19504 11 2 47717
19506 11 3 47718
19508 11 5 47719
19510 11 9 47720
19512 11 10 47721
19514 11 14 47722
19516 11 15 47723
19518 11 19 47724
19520 11 21 47725
19522 11 22 47726
19524 11 10 47469
19526 11 23 47727
19528 11 1 47728
19530 11 2 47729
19532 11 3 47730
19534 11 5 47731
19536 11 9 47732
19538 11 10 47733
19540 11 14 47734
19542 11 15 47735
19544 11 19 47736
19546 11 21 47737
19548 11 22 47738
19550 11 23 47739
19552 11 1 47740
19554 11 2 47741
19556 11 3 47742
19558 11 5 47743
19560 11 9 47744
19562 11 10 47745
19564 11 14 47746
19566 11 15 47747
19568 11 19 47748
19570 11 21 47749
19572 11 22 47750
19574 11 23 47751
19576 11 1 47752
19578 11 2 47753
19580 11 3 47754
19582 11 5 47755
19584 11 9 47756
19586 11 10 47757
19588 11 14 47758
19592 11 15 47759
19594 11 19 47760
19596 11 21 47761
19598 11 22 47762
19600 11 23 47763
19602 11 1 47764
19604 11 2 47765
19606 11 3 47766
19608 11 5 47767
19612 11 9 47768
19614 11 10 47769
19616 11 14 47770
19618 11 15 47771
19620 11 19 47772
19622 11 21 47773
19624 11 22 47774
19626 11 23 47775
19628 11 1 47776
19630 11 2 47777
19632 11 3 47778
19634 11 5 47779
19636 11 9 47780
19638 11 10 47781
19640 11 14 47782
19642 11 15 47783
19644 11 19 47784
19646 11 21 47785
19648 11 22 47786
19650 11 23 47787
19652 11 1 47788
19654 11 2 47789
19656 11 3 47790
19658 11 5 47791
19660 11 9 47792
19662 11 10 47793
19664 11 14 47794
19666 11 15 47795
19668 11 19 47796
19670 11 21 47797
19672 11 22 47798
19674 11 23 47799
19676 11 1 47800
19678 11 2 47801
19680 11 3 47802
19682 11 5 47803
19684 11 9 47804
19686 11 10 47805
19688 11 14 47806
19690 11 15 47807
19692 11 19 47808
19696 11 21 47809
19698 11 22 47810
19700 11 23 47811
19702 11 1 47812
19704 11 2 47813
19706 11 3 47814
19708 11 5 47815
19710 11 9 47816
19712 11 10 47817
19714 11 14 47818
19716 11 15 47819
19718 11 19 47820
19720 11 21 47821
19722 11 22 47822
19724 11 23 47823
19726 11 1 47824
19728 11 2 47825
19730 11 3 47826
19732 11 5 47827
19734 11 9 47828
19736 11 10 47829
19738 11 14 47830
19740 11 15 47831
19742 11 19 47832
19744 11 21 47833
19746 11 22 47834
19750 11 23 47835
19752 11 1 47836
19754 11 2 47837
19756 11 3 47838
19758 11 5 47839
19760 11 9 47840
19762 11 10 47841
19764 11 14 47842
19766 11 15 47843
19768 11 19 47844
19770 11 21 47845
19772 11 22 47846
19774 11 23 47847
19776 11 1 47848
19778 11 2 47849
19780 11 3 47850
19782 11 5 47851
19784 11 9 47852
19786 11 10 47853
19788 11 14 47854
19790 11 15 47855
19792 11 19 47856
19794 11 21 47857
19800 11 22 47858
19802 11 23 47859
19804 11 1 47860
19806 11 2 47861
19808 11 3 47862
19810 11 5 47863
19812 11 9 47864
19814 11 10 47865
19816 11 14 47866
19818 11 15 47867
19820 11 19 47868
19822 11 21 47869
19824 11 22 47870
19826 11 23 47871
19828 11 1 47872
19830 11 2 47873
19832 11 3 47874
19834 11 5 47875
19836 11 9 47876
19838 11 10 47877
19840 11 14 47878
19842 11 15 47879
19844 11 19 47880
19846 11 21 47881
19848 11 22 47882
19850 11 23 47883
19852 11 1 47884
19854 11 2 47885
19856 11 3 47886
19858 11 5 47887
19860 11 9 47888
19862 11 10 47889
19864 11 14 47890
19866 11 15 47891
19868 11 19 47892
19870 11 21 47893
19872 11 22 47894
19874 11 23 47895
19876 11 1 47896
19878 11 2 47897
19880 11 3 47898
19882 11 5 47899
19884 11 9 47900
19886 11 10 47901
19888 11 14 47902
19890 11 15 47903
19892 11 19 47904
19894 11 21 47905
19896 11 22 47906
19898 11 23 47907
19900 11 1 47908
19902 11 2 47909
19904 11 3 47910
19906 11 5 47911
19908 11 9 47912
19910 11 10 47913
19912 11 14 47914
19914 11 15 47915
19916 11 19 47916
19918 11 21 47917
19920 11 22 47918
19922 11 23 47919
19958 11 1 47920
19960 11 2 47921
19962 11 3 47922
19964 11 5 47923
19966 11 9 47924
19968 11 10 47925
19970 11 14 47926
19972 11 15 47927
19974 11 19 47928
19976 11 21 47929
19978 11 22 47930
19980 11 23 47931
19982 11 1 47932
19984 11 2 47933
19986 11 3 47934
19988 11 5 47935
19990 11 9 47936
19992 11 10 47937
19994 11 14 47938
19996 11 15 47939
19998 11 19 47940
20000 11 21 47941
20002 11 22 47942
20004 11 23 47943
20006 11 1 47944
20008 11 2 47945
20010 11 3 47946
20012 11 5 47947
20014 11 9 47948
20016 11 10 47949
20018 11 14 47950
20020 11 15 47951
20022 11 19 47952
20024 11 21 47953
20026 11 22 47954
20028 11 23 47955
20030 11 1 47956
20032 11 2 47957
20034 11 3 47958
20036 11 5 47959
20038 11 9 47960
20040 11 10 47961
20042 11 14 47962
20044 11 15 47963
20046 11 19 47964
20048 11 21 47965
20050 11 22 47966
20052 11 23 47967
20054 11 1 47968
20056 11 2 47969
20058 11 3 47970
20060 11 5 47971
20062 11 9 47972
20064 11 10 47973
20068 11 14 47974
20070 11 15 47975
20072 11 19 47976
20074 11 21 47977
20076 11 22 47978
20078 11 23 47979
20080 11 1 47980
20082 11 2 47981
20084 11 3 47982
20086 11 5 47983
20088 11 9 47984
20090 11 10 47985
20092 11 14 47986
20094 11 15 47987
20096 11 19 47988
20098 11 21 47989
20100 11 22 47990
20102 11 23 47991
20104 11 1 47992
20106 11 2 47993
20108 11 3 47994
20110 11 5 47995
20112 11 9 47996
20114 11 10 47997
20116 11 14 47998
20118 11 15 47999
20120 11 19 48000
20122 11 21 48001
20124 11 22 48002
20126 11 23 48003
20128 11 1 48004
20130 11 2 48005
20132 11 3 48006
20134 11 5 48007
20136 11 9 48008
20138 11 10 48009
20140 11 14 48010
20142 11 15 48011
20144 11 19 48012
20146 11 21 48013
20148 11 22 48014
20150 11 23 48015
20152 11 1 48016
20154 11 2 48017
20156 11 3 48018
20158 11 5 48019
20160 11 9 48020
20162 11 10 48021
20164 11 14 48022
20166 11 15 48023
20168 11 19 48024
20170 11 21 48025
20172 11 22 48026
20174 11 23 48027
20176 11 1 48028
20178 11 2 48029
20180 11 3 48030
20182 11 5 48031
20184 11 9 48032
20186 11 10 48033
20188 11 14 48034
20190 11 15 48035
20192 11 19 48036
20194 11 21 48037
20196 11 22 48038
20198 11 23 48039
20200 11 1 48040
20202 11 2 48041
20204 11 3 48042
20206 11 5 48043
20208 11 9 48044
20210 11 10 48045
20212 11 14 48046
20214 11 15 48047
20216 11 19 48048
20218 11 21 48049
20220 11 22 48050
20222 11 23 48051
20224 11 1 48052
20226 11 2 48053
20228 11 3 48054
20230 11 5 48055
20232 11 9 48056
20234 11 10 48057
20236 11 14 48058
20238 11 15 48059
20240 11 19 48060
20242 11 21 48061
20244 11 22 48062
20246 11 23 48063
20248 11 1 48064
20250 11 2 48065
20252 11 3 48066
20254 11 5 48067
20256 11 9 48068
20258 11 10 48069
20260 11 14 48070
20262 11 15 48071
20264 11 19 48072
20268 11 21 48073
20270 11 22 48074
20272 11 23 48075
20274 11 1 48076
20276 11 2 48077
20278 11 3 48078
20280 11 5 48079
20282 11 9 48080
20284 11 10 48081
20286 11 14 48082
20290 11 15 48083
20292 11 19 48084
20294 11 21 48085
20296 11 22 48086
20298 11 23 48087
20300 11 1 48088
20302 11 2 48089
20304 11 3 48090
20306 11 5 48091
20308 11 9 48092
20310 11 10 48093
20312 11 14 48094
20314 11 15 48095
20316 11 19 48096
20318 11 21 48097
20320 11 22 48098
20322 11 23 48099
20324 11 1 48100
20326 11 2 48101
20328 11 3 48102
20330 11 5 48103
20332 11 9 48104
20334 11 10 48105
20336 11 14 48106
20338 11 15 48107
20340 11 19 48108
20342 11 21 48109
20344 11 22 48110
20346 11 23 48111
20348 11 1 48112
20350 11 2 48113
20352 11 3 48114
20354 11 5 48115
20356 11 9 48116
20358 11 10 48117
20360 11 14 48118
20362 11 15 48119
20364 11 19 48120
20366 11 21 48121
20368 11 22 48122
20370 11 23 48123
20372 11 1 48124
20374 11 2 48125
20376 11 3 48126
20378 11 5 48127
20384 11 5 47467
20390 11 1 48128
20392 11 2 48129
20394 11 3 48130
20396 11 5 48131
20398 11 9 48132
20400 11 10 48133
20402 11 14 48134
20404 11 15 48135
20406 11 19 48136
20408 11 21 48137
20410 11 22 48138
20412 11 23 48139
20414 11 1 48140
20416 11 2 48141
20418 11 3 48142
20420 11 5 48143
20422 11 9 48144
20424 11 10 48145
20426 11 14 48146
20428 11 15 48147
20430 11 19 48148
20432 11 21 48149
20434 11 22 48150
20436 11 23 48151
20438 11 1 48152
20440 11 2 48153
20442 11 3 48154
20444 11 5 48155
20446 11 9 48156
20448 11 10 48157
20450 11 14 48158
20452 11 15 48159
20454 11 19 48160
20456 11 21 48161
20458 11 22 48162
20460 11 23 48163
20462 11 1 48164
20464 11 2 48165
20466 11 3 48166
20468 11 5 48167
20470 11 9 48168
20472 11 10 48169
20474 11 14 48170
20476 11 15 48171
20478 11 19 48172
20480 11 21 48173
20482 11 22 48174
20484 11 23 48175
20486 11 1 48176
20488 11 2 48177
20490 11 3 48178
20492 11 5 48179
20494 11 9 48180
20496 11 10 48181
20498 11 14 48182
20500 11 15 48183
20502 11 19 48184
20504 11 21 48185
20506 11 22 48186
20508 11 23 48187
20510 11 1 48188
20512 11 2 48189
20514 11 3 48190
20516 11 5 48191
20518 11 9 48192
20520 11 10 48193
20522 11 14 48194
20524 11 15 48195
20526 11 19 48196
20528 11 21 48197
20530 11 22 48198
20532 11 23 48199
20534 11 1 48200
20538 11 2 48201
20540 11 3 48202
20542 11 5 48203
20544 11 9 48204
20546 11 10 48205
20548 11 14 48206
20550 11 15 48207
20552 11 19 48208
20554 11 21 48209
20556 11 22 48210
20558 11 23 48211
20560 11 1 48212
20562 11 2 48213
20564 11 3 48214
20566 11 5 48215
20568 11 9 48216
20570 11 10 48217
20572 11 14 48218
20574 11 15 48219
20576 11 19 48220
20578 11 21 48221
20580 11 22 48222
20582 11 23 48223
20584 11 1 48224
20586 11 2 48225
20588 11 3 48226
20590 11 5 48227
20592 11 9 48228
20594 11 10 48229
20596 11 14 48230
20598 11 15 48231
20600 11 19 48232
20602 11 21 48233
20604 11 22 48234
20606 11 23 48235
20608 11 1 48236
20610 11 2 48237
20612 11 3 48238
20614 11 5 48239
20616 11 9 48240
20618 11 10 48241
20620 11 14 48242
20622 11 15 48243
20624 11 19 48244
20626 11 21 48245
20628 11 22 48246
20630 11 23 48247
20632 11 1 48248
20634 11 2 48249
20636 11 3 48250
20638 11 5 48251
20640 11 9 48252
20642 11 10 48253
20644 11 14 48254
20646 11 15 48255
20648 11 19 48256
20650 11 21 48257
20652 11 22 48258
20654 11 23 48259
20656 11 1 48260
20658 11 2 48261
20660 11 3 48262
20662 11 5 48263
20664 11 9 48264
20666 11 10 48265
20668 11 14 48266
20670 11 15 48267
20672 11 19 48268
20674 11 21 48269
20676 11 22 48270
20678 11 23 48271
20680 11 1 48272
20682 11 2 48273
20684 11 3 48274
20686 11 5 48275
20688 11 9 48276
20690 11 10 48277
20692 11 14 48278
20694 11 15 48279
20696 11 19 48280
20698 11 21 48281
20700 11 22 48282
20702 11 23 48283
20704 11 1 48284
20706 11 2 48285
20708 11 3 48286
20710 11 5 48287
20712 11 9 48288
20714 11 10 48289
20716 11 14 48290
20718 11 15 48291
20720 11 19 48292
20722 11 21 48293
20724 11 22 48294
20726 11 23 48295
20728 11 1 48296
20730 11 2 48297
20732 11 3 48298
20734 11 5 48299
20736 11 9 48300
20738 11 10 48301
20740 11 14 48302
20742 11 15 48303
20744 11 19 48304
20746 11 21 48305
20748 11 22 48306
20750 11 23 48307
20752 11 1 48308
20754 11 2 48309
20756 11 3 48310
20758 11 5 48311
20760 11 9 48312
20762 11 10 48313
20764 11 14 48314
20766 11 15 48315
20768 11 19 48316
20770 11 21 48317
20772 11 22 48318
20774 11 23 48319
20776 11 1 48320
20778 11 2 48321
20780 11 3 48322
20782 11 5 48323
20784 11 9 48324
20786 11 10 48325
20788 11 14 48326
20790 11 15 48327
20792 11 19 48328
20794 11 21 48329
20796 11 22 48330
20798 11 23 48331
20800 11 1 48332
20802 11 2 48333
20804 11 3 48334
20806 11 5 48335
20808 11 9 48336
20810 11 10 48337
20812 11 14 48338
20814 11 15 48339
20816 11 19 48340
20818 11 21 48341
20820 11 22 48342
20822 11 23 48343
20824 11 1 48344
20826 11 2 48345
20828 11 3 48346
20830 11 5 48347
20832 11 9 48348
20834 11 10 48349
20836 11 14 48350
20838 11 15 48351
20840 11 19 48352
20842 11 21 48353
20858 11 22 48354
20860 11 23 48355
20862 11 1 48356
20864 11 2 48357
20866 11 3 48358
20868 11 5 48359
20870 11 9 48360
20872 11 10 48361
20874 11 14 48362
20876 11 15 48363
20878 11 19 48364
20880 11 21 48365
20882 11 22 48366
20884 11 23 48367
20886 11 1 48368
20888 11 2 48369
20890 11 3 48370
20892 11 5 48371
20894 11 9 48372
20896 11 10 48373
20898 11 14 48374
20900 11 15 48375
20902 11 19 48376
20904 11 21 48377
20906 11 22 48378
20908 11 23 48379
20910 11 1 48380
20912 11 2 48381
20914 11 3 48382
20916 11 5 48383
20918 11 9 48384
20920 11 10 48385
20922 11 14 48386
20924 11 15 48387
20926 11 19 48388
20928 11 21 48389
20930 11 22 48390
20932 11 23 48391
20934 11 1 48392
20936 11 2 48393
20938 11 3 48394
20940 11 5 48395
20942 11 9 48396
20944 11 10 48397
20946 11 14 48398
20948 11 15 48399
20950 11 19 48400
20952 11 21 48401
20954 11 22 48402
20956 11 23 48403
20958 11 1 48404
20960 11 2 48405
20962 11 3 48406
20964 11 5 48407
20966 11 9 48408
20968 11 10 48409
20970 11 14 48410
20972 11 15 48411
20974 11 19 48412
20976 11 21 48413
20978 11 22 48414
20980 11 23 48415
20982 11 1 48416
20984 11 2 48417
20986 11 3 48418
20988 11 5 48419
20990 11 9 48420
20992 11 10 48421
20994 11 14 48422
20996 11 15 48423
20998 11 19 48424
21000 11 21 48425
21002 11 22 48426
21004 11 23 48427
21006 11 1 48428
21008 11 2 48429
21010 11 3 48430
21012 11 5 48431
21014 11 9 48432
21016 11 10 48433
21018 11 14 48434
21020 11 15 48435
21022 11 19 48436
21024 11 21 48437
21026 11 22 48438
21028 11 23 48439
21030 11 1 48440
21032 11 2 48441
21034 11 3 48442
21036 11 5 48443
21038 11 9 48444
21040 11 10 48445
21042 11 14 48446
21044 11 15 48447
21046 11 19 48448
21048 11 21 48449
21050 11 22 48450
21052 11 23 48451
21054 11 1 48452
21056 11 2 48453
21058 11 3 48454
21060 11 5 48455
21062 11 9 48456
21064 11 10 48457
21066 11 14 48458
21068 11 15 48459
21070 11 19 48460
21072 11 21 48461
21074 11 22 48462
21076 11 23 48463
21078 11 1 48464
21080 11 2 48465
21082 11 3 48466
21084 11 5 48467
21086 11 9 48468
21088 11 10 48469
21090 11 14 48470
21092 11 15 48471
21094 11 19 48472
21096 11 21 48473
21098 11 22 48474
21100 11 23 48475
21102 11 1 48476
21104 11 2 48477
21106 11 3 48478
21108 11 5 48479
21110 11 9 48480
21112 11 10 48481
21114 11 14 48482
21116 11 15 48483
21118 11 19 48484
21120 11 21 48485
21122 11 22 48486
21124 11 23 48487
21126 11 1 48488
21128 11 2 48489
21130 11 3 48490
21132 11 5 48491
21134 11 9 48492
21136 11 10 48493
21138 11 14 48494
21140 11 15 48495
21142 11 19 48496
21144 11 21 48497
21146 11 22 48498
21148 11 23 48499
21150 11 1 48500
21152 11 2 48501
21154 11 3 48502
21156 11 5 48503
21158 11 9 48504
21160 11 10 48505
21162 11 14 48506
21164 11 15 48507
21166 11 19 48508
21168 11 21 48509
21170 11 22 48510
21172 11 23 48511
21174 11 1 48512
21176 11 2 48513
21178 11 3 48514
21180 11 5 48515
21182 11 9 48516
21184 11 10 48517
21186 11 14 48518
21188 11 15 48519
21190 11 19 48520
21192 11 21 48521
21194 11 22 48522
21196 11 23 48523
21198 11 1 48524
21200 11 2 48525
21202 11 3 48526
21204 11 5 48527
21206 11 9 48528
21208 11 10 48529
21210 11 14 48530
21212 11 15 48531
21214 11 19 48532
21216 11 21 48533
21218 11 22 48534
21220 11 23 48535
21222 11 1 48536
21224 11 2 48537
21226 11 3 48538
21228 11 5 48539
21230 11 9 48540
21232 11 10 48541
21234 11 14 48542
21236 11 15 48543
21238 11 19 48544
21240 11 21 48545
21242 11 22 48546
21244 11 23 48547
21246 11 1 48548
21248 11 2 48549
21250 11 3 48550
21252 11 5 48551
21254 11 9 48552
21256 11 10 48553
21258 11 14 48554
21260 11 15 48555
21262 11 19 48556
21264 11 21 48557
21266 11 22 48558
21268 11 23 48559
21270 11 1 48560
21272 11 2 48561
21274 11 3 48562
21276 11 5 48563
21278 11 9 48564
21280 11 10 48565
21282 11 14 48566
21284 11 15 48567
21286 11 19 48568
21288 11 21 48569
21290 11 22 48570
21292 11 23 48571
21294 11 1 48572
21296 11 2 48573
21298 11 3 48574
21300 11 5 48575
21302 11 9 48576
21304 11 10 48577
21306 11 14 48578
21308 11 15 48579
21310 11 19 48580
21312 11 21 48581
21314 11 22 48582
21316 11 23 48583
21318 11 1 48584
21320 11 2 48585
21322 11 3 48586
21324 11 5 48587
21326 11 9 48588
21328 11 10 48589
21330 11 14 48590
21332 11 15 48591
21334 11 19 48592
21336 11 21 48593
21338 11 22 48594
21340 11 23 48595
21342 11 1 48596
21344 11 2 48597
21346 11 3 48598
21348 11 5 48599
21350 11 9 48600
21352 11 10 48601
21354 11 14 48602
21356 11 15 48603
21358 11 19 48604
21360 11 21 48605
21362 11 22 48606
21364 11 23 48607
21366 11 1 48608
21368 11 2 48609
21370 11 3 48610
21372 11 5 48611
21374 11 9 48612
21376 11 10 48613
21378 11 14 48614
21380 11 15 48615
21382 11 19 48616
21384 11 21 48617
21386 11 22 48618
21388 11 23 48619
21390 11 1 48620
21392 11 2 48621
21394 11 3 48622
21396 11 5 48623
21398 11 9 48624
21400 11 10 48625
21402 11 14 48626
21404 11 15 48627
21406 11 19 48628
21408 11 21 48629
21410 11 22 48630
21412 11 23 48631
21414 11 1 48632
21416 11 2 48633
21418 11 3 48634
21420 11 5 48635
21422 11 9 48636
21424 11 10 48637
21426 11 14 48638
21428 11 15 48639
21430 11 19 48640
21432 11 21 48641
21434 11 22 48642
21436 11 23 48643
21438 11 1 48644
21440 11 2 48645
21442 11 3 48646
21444 11 5 48647
21446 11 9 48648
21448 11 10 48649
21450 11 14 48650
21458 11 15 48651
21460 11 19 48652
21462 11 21 48653
21464 11 22 48654
21466 11 23 48655
21468 11 1 48656
21470 11 2 48657
21472 11 3 48658
21474 11 5 48659
21476 11 9 48660
21478 11 10 48661
21480 11 14 48662
21482 11 15 48663
21484 11 19 48664
21486 11 21 48665
21488 11 22 48666
21490 11 23 48667
21492 11 1 48668
21494 11 2 48669
21496 11 3 48670
21498 11 5 48671
21500 11 9 48672
21502 11 10 48673
21504 11 14 48674
21506 11 15 48675
21508 11 19 48676
21510 11 21 48677
21512 11 22 48678
21522 11 23 48679
21524 11 1 48680
21526 11 2 48681
21528 11 3 48682
21530 11 5 48683
21532 11 9 48684
21534 11 10 48685
21536 11 14 48686
21538 11 15 48687
21540 11 19 48688
21542 11 21 48689
21544 11 22 48690
21546 11 23 48691
21548 11 1 48692
21550 11 2 48693
21552 11 3 48694
21554 11 5 48695
21556 11 9 48696
21562 11 10 48697
21564 11 14 48698
21566 11 15 48699
21568 11 19 48700
21570 11 21 48701
21572 11 22 48702
21574 11 23 48703
21576 11 1 48704
21578 11 2 48705
21580 11 3 48706
21582 11 5 48707
21584 11 9 48708
21586 11 10 48709
21588 11 14 48710
21590 11 15 48711
21592 11 19 48712
21594 11 21 48713
21596 11 22 48714
21598 11 23 48715
21600 11 1 48716
21602 11 2 48717
21604 11 3 48718
21606 11 5 48719
21608 11 9 48720
21610 11 10 48721
21612 11 14 48722
21614 11 15 48723
21616 11 19 48724
21618 11 21 48725
21620 11 22 48726
21622 11 23 48727
21624 11 1 48728
21626 11 2 48729
21628 11 3 48730
21630 11 5 48731
21632 11 9 48732
21634 11 10 48733
21636 11 14 48734
21638 11 15 48735
21640 11 19 48736
21642 11 21 48737
21644 11 22 48738
21646 11 23 48739
21648 11 1 48740
21650 11 2 48741
21652 11 3 48742
21654 11 5 48743
21656 11 9 48744
21658 11 10 48745
21660 11 14 48746
21662 11 15 48747
21664 11 19 48748
21666 11 21 48749
21668 11 22 48750
21670 11 23 48751
21672 11 1 48752
21674 11 2 48753
21676 11 3 48754
21678 11 5 48755
21680 11 9 48756
21682 11 10 48757
21684 11 14 48758
21686 11 15 48759
21688 11 19 48760
21690 11 21 48761
21692 11 22 48762
21694 11 23 48763
21696 11 1 48764
21698 11 2 48765
21700 11 3 48766
21702 11 5 48767
21704 11 9 48768
21706 11 10 48769
21708 11 14 48770
21710 11 15 48771
21712 11 19 48772
21714 11 21 48773
21716 11 22 48774
21718 11 23 48775
21720 11 1 48776
21722 11 2 48777
21724 11 3 48778
21726 11 5 48779
21728 11 9 48780
21730 11 10 48781
21732 11 14 48782
21734 11 15 48783
21736 11 19 48784
21738 11 21 48785
21740 11 22 48786
21742 11 23 48787
21744 11 1 48788
21746 11 2 48789
21748 11 3 48790
21750 11 5 48791
21752 11 9 48792
21754 11 10 48793
21756 11 14 48794
21758 11 15 48795
21760 11 19 48796
21762 11 21 48797
21764 11 22 48798
21766 11 23 48799
21768 11 1 48800
21770 11 2 48801
21772 11 3 48802
21774 11 5 48803
21776 11 9 48804
21778 11 10 48805
21780 11 14 48806
21782 11 15 48807
21784 11 19 48808
21786 11 21 48809
21788 11 22 48810
21790 11 23 48811
21792 11 1 48812
21800 11 2 48813
21802 11 3 48814
21804 11 5 48815
21806 11 9 48816
21808 11 10 48817
21810 11 14 48818
21812 11 15 48819
21814 11 19 48820
21816 11 21 48821
21818 11 22 48822
21820 11 23 48823
21822 11 1 48824
21824 11 2 48825
21826 11 3 48826
21828 11 5 48827
21830 11 9 48828
21832 11 10 48829
21834 11 14 48830
21836 11 15 48831
21838 11 19 48832
21840 11 21 48833
21842 11 22 48834
21844 11 23 48835
21846 11 1 48836
21848 11 2 48837
21850 11 3 48838
21852 11 5 48839
21854 11 9 48840
21856 11 10 48841
21858 11 14 48842
21860 11 15 48843
21862 11 19 48844
21864 11 21 48845
21866 11 22 48846
21868 11 23 48847
21870 11 1 48848
21872 11 2 48849
21874 11 3 48850
21876 11 5 48851
21878 11 9 48852
21880 11 10 48853
21882 11 14 48854
21884 11 15 48855
21886 11 19 48856
21888 11 21 48857
21890 11 22 48858
21892 11 23 48859
21894 11 1 48860
21896 11 2 48861
21898 11 3 48862
21900 11 5 48863
21902 11 9 48864
21904 11 10 48865
21906 11 14 48866
21908 11 15 48867
21910 11 19 48868
21912 11 21 48869
21914 11 22 48870
21916 11 23 48871
21918 11 1 48872
21920 11 2 48873
21922 11 3 48874
21924 11 5 48875
21926 11 9 48876
21928 11 10 48877
21930 11 14 48878
21932 11 15 48879
21934 11 19 48880
21936 11 21 48881
21938 11 22 48882
21940 11 23 48883
21942 11 1 48884
21944 11 2 48885
21946 11 3 48886
21948 11 5 48887
21950 11 9 48888
21952 11 10 48889
21954 11 14 48890
21956 11 15 48891
21958 11 19 48892
21960 11 21 48893
21962 11 22 48894
21964 11 23 48895
21966 11 1 48896
21968 11 2 48897
21970 11 3 48898
21972 11 5 48899
21974 11 9 48900
21976 11 10 48901
21978 11 14 48902
21980 11 15 48903
21982 11 19 48904
21984 11 21 48905
21986 11 22 48906
21988 11 23 48907
21990 11 1 48908
21992 11 2 48909
21994 11 3 48910
21996 11 5 48911
21998 11 9 48912
22000 11 10 48913
22002 11 14 48914
22004 11 15 48915
22006 11 19 48916
22008 11 21 48917
22010 11 22 48918
22012 11 23 48919
22014 11 1 48920
22016 11 2 48921
22018 11 3 48922
22020 11 5 48923
22022 11 9 48924
22024 11 10 48925
22026 11 14 48926
22028 11 15 48927
22030 11 19 48928
22032 11 21 48929
22034 11 22 48930
22036 11 23 48931
22038 11 1 48932
22040 11 2 48933
22042 11 3 48934
22044 11 5 48935
22046 11 9 48936
22048 11 10 48937
22050 11 14 48938
22052 11 15 48939
22054 11 19 48940
22056 11 21 48941
22058 11 22 48942
22060 11 23 48943
22062 11 1 48944
22064 11 2 48945
22066 11 3 48946
22068 11 5 48947
22070 11 9 48948
22072 11 10 48949
22074 11 14 48950
22076 11 15 48951
22078 11 19 48952
22080 11 21 48953
22082 11 22 48954
22084 11 23 48955
22086 11 1 48956
22088 11 2 48957
22090 11 3 48958
22092 11 5 48959
22094 11 9 48960
22096 11 10 48961
22098 11 14 48962
22100 11 15 48963
22102 11 19 48964
22104 11 21 48965
22106 11 22 48966
22108 11 23 48967
22110 11 1 48968
22112 11 2 48969
22114 11 3 48970
22116 11 5 48971
22118 11 9 48972
22120 11 10 48973
22122 11 14 48974
22124 11 15 48975
22126 11 19 48976
22128 11 21 48977
22130 11 22 48978
22132 11 23 48979
22134 11 1 48980
22136 11 2 48981
22138 11 3 48982
22140 11 5 48983
22142 11 9 48984
22144 11 10 48985
22146 11 14 48986
22148 11 15 48987
22150 11 19 48988
22152 11 21 48989
22154 11 22 48990
22156 11 23 48991
22158 11 1 48992
22160 11 2 48993
22162 11 3 48994
22164 11 5 48995
22166 11 9 48996
22168 11 10 48997
22170 11 14 48998
22172 11 15 48999
22174 11 19 49000
22176 11 21 49001
22178 11 22 49002
22180 11 23 49003
22182 11 1 49004
22184 11 2 49005
22186 11 3 49006
22188 11 5 49007
22190 11 9 49008
22192 11 10 49009
22194 11 14 49010
22196 11 15 49011
22198 11 19 49012
22200 11 21 49013
22202 11 22 49014
22204 11 23 49015
22206 11 1 49016
22208 11 2 49017
22210 11 3 49018
22212 11 5 49019
22214 11 9 49020
22216 11 10 49021
22218 11 14 49022
22220 11 15 49023
22222 11 19 49024
22224 11 21 49025
22228 11 22 49026
22230 11 23 49027
22232 11 1 49028
22234 11 2 49029
22236 11 3 49030
22238 11 5 49031
22240 11 9 49032
22242 11 10 49033
22244 11 14 49034
22246 11 15 49035
22248 11 19 49036
22250 11 21 49037
22252 11 22 49038
22254 11 23 49039
22256 11 1 49040
22258 11 2 49041
22260 11 3 49042
22262 11 5 49043
22264 11 9 49044
22266 11 10 49045
22268 11 14 49046
22270 11 15 49047
22272 11 19 49048
22274 11 21 49049
22276 11 22 49050
22278 11 23 49051
22280 11 1 49052
22282 11 2 49053
22284 11 3 49054
22286 11 5 49055
22290 11 9 49056
22292 11 10 49057
22294 11 14 49058
22296 11 15 49059
22298 11 19 49060
22300 11 21 49061
22302 11 22 49062
22304 11 23 49063
22306 11 1 49064
22308 11 2 49065
22310 11 3 49066
22312 11 5 49067
22314 11 9 49068
22316 11 10 49069
22318 11 14 49070
22320 11 15 49071
22322 11 19 49072
22324 11 21 49073
22326 11 22 49074
22328 11 23 49075
22330 11 1 49076
22332 11 2 49077
22334 11 3 49078
22336 11 5 49079
22338 11 9 49080
22340 11 10 49081
22342 11 14 49082
22344 11 15 49083
22346 11 19 49084
22348 11 21 49085
22350 11 22 49086
22352 11 23 49087
22354 11 1 49088
22356 11 2 49089
22358 11 3 49090
22360 11 5 49091
22362 11 9 49092
22364 11 10 49093
22366 11 14 49094
22368 11 15 49095
22370 11 19 49096
22372 11 21 49097
22374 11 22 49098
22376 11 23 49099
22378 11 1 49100
22380 11 2 49101
22382 11 3 49102
22384 11 5 49103
22386 11 9 49104
22388 11 10 49105
22390 11 14 49106
22392 11 15 49107
22394 11 19 49108
22396 11 21 49109
22398 11 22 49110
22400 11 23 49111
22402 11 1 49112
22404 11 2 49113
22406 11 3 49114
22408 11 5 49115
22410 11 9 49116
22412 11 10 49117
22414 11 14 49118
22416 11 15 49119
22418 11 19 49120
22420 11 21 49121
22422 11 22 49122
22424 11 23 49123
22426 11 1 49124
22428 11 2 49125
22430 11 3 49126
22432 11 5 49127
22434 11 9 49128
22436 11 10 49129
22438 11 14 49130
22440 11 15 49131
22442 11 19 49132
22444 11 21 49133
22446 11 22 49134
22448 11 23 49135
22450 11 1 49136
22452 11 2 49137
22454 11 3 49138
22456 11 5 49139
22458 11 9 49140
22460 11 10 49141
22462 11 14 49142
22464 11 15 49143
22466 11 19 49144
22468 11 21 49145
22470 11 22 49146
22472 11 23 49147
22474 11 1 49148
22476 11 2 49149
22478 11 3 49150
22480 11 5 49151
22482 11 1 49152
22484 11 2 49153
22486 11 3 49154
22488 11 5 49155
22490 11 9 49156
22492 11 10 49157
22494 11 14 49158
22496 11 15 49159
22498 11 19 49160
22500 11 21 49161
22502 11 22 49162
22504 11 23 49163
22506 11 1 49164
22508 11 2 49165
22510 11 3 49166
22512 11 5 49167
22514 11 9 49168
22516 11 10 49169
22518 11 14 49170
22520 11 15 49171
22522 11 19 49172
22524 11 21 49173
22526 11 22 49174
22528 11 23 49175
22530 11 1 49176
22532 11 2 49177
22534 11 3 49178
22536 11 5 49179
22538 11 9 49180
22540 11 10 49181
22542 11 14 49182
22544 11 15 49183
22546 11 19 49184
22548 11 21 49185
22550 11 22 49186
22552 11 23 49187
22554 11 1 49188
22556 11 2 49189
22558 11 3 49190
22560 11 5 49191
22562 11 9 49192
22564 11 10 49193
22566 11 14 49194
22568 11 15 49195
22570 11 19 49196
22572 11 21 49197
22574 11 22 49198
22576 11 23 49199
22578 11 1 49200
22580 11 2 49201
22582 11 3 49202
22584 11 5 49203
22586 11 9 49204
22588 11 10 49205
22590 11 14 49206
22592 11 15 49207
22594 11 19 49208
22596 11 21 49209
22598 11 22 49210
22600 11 23 49211
22602 11 1 49212
22604 11 2 49213
22606 11 3 49214
22608 11 5 49215
22610 11 9 49216
22612 11 10 49217
22614 11 14 49218
22616 11 15 49219
22618 11 19 49220
22620 11 21 49221
22622 11 22 49222
22624 11 23 49223
22626 11 1 49224
22628 11 2 49225
22630 11 3 49226
22632 11 5 49227
22634 11 9 49228
22636 11 10 49229
22638 11 14 49230
22640 11 15 49231
22642 11 19 49232
22644 11 21 49233
22646 11 22 49234
22648 11 23 49235
22650 11 1 49236
22652 11 2 49237
22654 11 3 49238
22656 11 5 49239
22658 11 9 49240
22660 11 10 49241
22662 11 14 49242
22664 11 15 49243
22666 11 19 49244
22668 11 21 49245
22670 11 22 49246
22672 11 23 49247
22674 11 1 49248
22676 11 2 49249
22678 11 3 49250
22680 11 5 49251
22682 11 9 49252
22684 11 10 49253
22686 11 14 49254
22688 11 15 49255
22690 11 19 49256
22692 11 21 49257
22694 11 22 49258
22696 11 23 49259
22698 11 1 49260
22700 11 2 49261
22702 11 3 49262
22704 11 5 49263
22706 11 9 49264
22708 11 10 49265
22710 11 14 49266
22712 11 15 49267
22714 11 19 49268
22716 11 21 49269
22718 11 22 49270
22720 11 23 49271
22722 11 1 49272
22724 11 2 49273
22726 11 3 49274
22728 11 5 49275
22730 11 9 49276
22732 11 10 49277
22734 11 14 49278
22736 11 15 49279
22738 11 19 49280
22740 11 21 49281
22742 11 22 49282
22744 11 23 49283
22746 11 1 49284
22748 11 2 49285
22750 11 3 49286
22752 11 5 49287
22754 11 9 49288
22756 11 10 49289
22758 11 14 49290
22760 11 15 49291
22762 11 19 49292
22764 11 21 49293
22766 11 22 49294
22768 11 23 49295
22770 11 1 49296
22772 11 2 49297
22774 11 3 49298
22776 11 5 49299
22778 11 9 49300
22780 11 10 49301
22782 11 14 49302
22784 11 15 49303
22786 11 19 49304
22788 11 21 49305
22790 11 22 49306
22792 11 23 49307
22794 11 1 49308
22796 11 2 49309
22798 11 3 49310
22800 11 5 49311
22802 11 9 49312
22804 11 10 49313
22806 11 14 49314
22808 11 15 49315
22810 11 19 49316
22812 11 21 49317
22814 11 22 49318
22816 11 23 49319
22818 11 1 49320
22820 11 2 49321
22822 11 3 49322
22824 11 5 49323
22828 11 9 49324
22830 11 10 49325
22832 11 14 49326
22834 11 15 49327
22836 11 19 49328
22838 11 21 49329
22842 11 22 49330
22844 11 23 49331
22846 11 1 49332
22848 11 2 49333
22850 11 3 49334
22852 11 5 49335
22854 11 9 49336
22856 11 10 49337
22858 11 14 49338
22860 11 15 49339
22862 11 19 49340
22864 11 21 49341
22866 11 22 49342
22868 11 23 49343
22870 11 1 49344
22872 11 2 49345
22874 11 3 49346
22876 11 5 49347
22878 11 9 49348
22880 11 10 49349
22882 11 14 49350
22884 11 15 49351
22886 11 19 49352
22888 11 21 49353
22890 11 22 49354
22892 11 23 49355
22894 11 1 49356
22896 11 2 49357
22898 11 3 49358
22900 11 5 49359
22902 11 9 49360
22904 11 10 49361
22906 11 14 49362
22908 11 15 49363
22910 11 19 49364
22912 11 21 49365
22914 11 22 49366
22916 11 23 49367
22918 11 1 49368
22920 11 2 49369
22922 11 3 49370
22924 11 5 49371
22926 11 9 49372
22928 11 10 49373
22930 11 14 49374
22932 11 15 49375
22934 11 19 49376
22936 11 21 49377
22938 11 22 49378
22940 11 23 49379
22942 11 1 49380
22944 11 2 49381
22946 11 3 49382
22948 11 5 49383
22950 11 9 49384
22952 11 1 0
22956 11 10 53
22966 11 3 38
22970 11 22 862
22972 11 22 226
22986 11 21 1017
22990 11 21 201
22994 11 9 124
22996 11 9 220
22998 11 10 233
23012 11 19 140
23016 11 22 238
23026 11 5 135
23028 11 21 45
23032 11 23 35
23036 11 15 127
23042 11 1 996
23044 11 2 997
23054 11 3 14
23056 11 2 1
23058 11 9 4
23060 11 15 7
23062 11 23 11
23066 11 23 71
23068 11 10 101
23070 11 15 187
23074 11 15 55
23080 11 19 1016
23082 11 14 1150
23084 11 14 1330
23086 11 22 1346
23088 11 23 1371
23090 11 22 1250
23092 11 3 1686
23094 11 14 1258
23100 11 15 1871
23102 11 21 1873
23104 11 1 1876
23106 11 2 1877
23170 11 1 1192
23172 11 14 1618
23174 11 2 1853
23176 11 2 1901
23178 11 10 1917
23180 11 9 1568
23184 11 15 1919
23224 11 22 1154
23226 11 2 1973
23228 11 9 1160
23230 11 2 1037
23232 11 3 1038
23234 11 21 1153
23240 11 21 1945
23242 11 22 1946
23246 11 21 1273
23250 11 3 1470
23252 11 5 1951
23254 11 21 1669
23256 11 9 1952
23334 11 10 1953
23390 11 14 1954
23452 11 19 1956
23466 11 21 1957
23480 11 1 1564
23482 11 23 1575
23484 11 19 1944
23486 11 22 1958
23488 11 22 2742
23494 11 19 2992
23498 11 2 2769
23514 11 3 2938
23524 11 3 3950
23528 11 23 3731
23530 11 1 3648
23532 11 22 3250
23534 11 23 3251
23536 11 10 3281
23538 11 14 3282
23540 11 15 3751
23542 11 14 3678
23544 11 19 3200
23546 11 10 3677
23548 11 9 3184
23550 11 3 3338
23552 11 2 3949
23554 11 5 3951
23556 11 23 3335
23560 11 3 4122
23564 11 1 4156
23566 11 19 4152
23568 11 3 4422
23570 11 23 4467
23572 11 15 4415
23574 11 19 4416
23576 11 22 4466
23580 11 14 5074
23582 11 5 5023
23584 11 5 5059
23586 11 19 5076
23588 11 10 5061
23590 11 3 5242
23618 11 2 5433
23620 11 15 5463
23622 11 9 5328
23626 11 3 6130
23628 11 23 6139
23630 11 15 5883
23632 11 3 5278
23634 11 10 5329
23636 11 5 5435
23638 11 15 5511
23640 11 10 5593
23642 11 14 5798
23644 11 19 6596
23652 11 15 7051
23654 11 15 6919
23656 11 21 7053
23660 11 14 6798
23662 11 2 6805
23664 11 14 7086
23672 11 15 6667
23674 11 15 6679
23676 11 22 6682
23678 11 2 7141
23682 11 21 7137
23684 11 1 7116
23686 11 1 6324
23696 11 22 6442
23698 11 1 6528
23700 11 10 8049
23702 11 9 7916
23704 11 15 7835
23706 11 19 7836
23708 11 23 7419
23710 11 1 7828
23712 11 5 7831
23714 11 1 7420
23724 11 22 8310
23726 11 23 8371
23730 11 15 9967
23732 11 19 9968
23742 11 22 9970
23744 11 23 9971
23748 11 15 9979
23750 11 9 10012
23756 11 14 10026
23758 11 15 10027
23760 11 23 10019
23804 11 5 10023
23810 11 5 10035
23812 11 10 10037
23842 11 22 10066
23850 11 23 10067
23856 11 21 10077
23864 11 23 10079
23866 11 21 10065
23868 11 1 10080
23870 11 10 10085
23872 11 21 10089
23878 11 15 10123
23880 11 19 10136
23882 11 21 10137
23884 11 19 10148
23888 11 14 10170
23890 11 1 10176
23906 11 9 10180
23914 11 14 10194
23922 11 15 10219
23924 11 21 10221
23936 11 23 10223
23938 11 19 10232
23946 11 22 10222
23956 11 1 10236
23958 11 2 10237
23960 11 3 10238
24112 11 9 11108
24114 11 10 11157
24116 11 9 11156
24118 11 15 10799
24124 11 22 10358
24126 11 1 10684
24128 11 10 10377
24130 11 1 10240
24132 11 2 10241
24134 11 3 10242
24136 11 5 10243
24138 11 9 10244
24140 11 10 10245
24142 11 15 10247
24384 11 15 10259
24402 11 14 10258
24404 11 10 10257
24474 11 1 10276
24476 11 15 10295
24478 11 21 10285
24480 11 19 10296
24486 11 21 10297
24494 11 3 11734
24496 11 1 11720
24498 11 22 11730
24502 11 9 12120
24504 11 9 11664
24508 11 5 11471
24510 11 2 11853
24512 11 10 12353
24516 11 22 12838
24518 11 19 12692
24522 11 3 12830
24524 11 3 14226
24526 11 3 13614
24528 11 3 14250
24530 11 19 14136
24532 11 10 14253
24536 11 14 14206
24538 11 5 13747
24540 11 22 13754
24542 11 14 14194
24544 11 5 13891
24546 11 19 13668
24548 11 21 14957
24558 11 5 14363
24562 11 3 16382
24564 11 15 15583
24566 11 19 16244
24568 11 1 16248
24570 11 9 16276
24572 11 10 15401
24574 11 21 15489
24576 11 2 15373
24578 11 10 15377
24580 11 14 17062
24582 11 15 17063
24584 11 22 17066
24586 11 23 17067
24588 11 1 17068
24590 11 21 17065
24598 11 3 16398
24600 11 9 16424
24602 11 21 16645
24604 11 10 16713
24606 11 9 16748
24608 11 19 16848
24610 11 5 17119
24612 11 3 17334
24614 11 23 16947
24616 11 14 18254
24618 11 1 17648
24620 11 2 17649
24622 11 21 17885
24624 11 15 18243
24626 11 3 18382
24628 11 10 17773
24630 11 1 18164
24632 11 15 19231
24634 11 10 18485
24636 11 22 18538
24638 11 21 18993
24640 11 5 19179
24642 11 19 18560
24644 11 14 19846
24646 11 15 20435
24648 11 2 20441
24650 11 21 20437
24652 11 23 20439
24654 11 19 19884
24656 11 10 19557
24658 11 2 19841
24660 11 2 19997
24662 11 19 20280
24664 11 9 20096
24666 11 19 21460
24668 11 1 20828
24670 11 21 20705
24672 11 1 20696
24674 11 5 20843
24676 11 23 20959
24678 11 1 20852
24680 11 15 20667
24682 11 2 20733
24684 11 1 22176
24686 11 1 22200
24690 11 2 22033
24692 11 22 22246
24694 11 22 22042
24696 11 2 21613
24698 11 10 21725
24700 11 19 22424
24702 11 3 22746
24704 11 2 23297
24708 11 10 23253
24712 11 23 23295
24714 11 3 23298
24716 11 5 23299
24718 11 10 23289
24720 11 22 23294
24722 11 1 23296
24726 11 19 23292
24732 11 19 23076
24734 11 1 23032
24736 11 21 23233
24738 11 15 23243
24740 11 9 24096
24746 11 5 24227
24752 11 19 25436
24754 11 9 25468
24756 11 23 25115
24758 11 10 25181
24762 11 22 26414
24764 11 21 26545
24766 11 3 25854
24772 11 21 25945
24774 11 21 25957
24776 11 23 26499
24778 11 3 26502
24780 11 14 26506
24782 11 21 26509
24784 11 10 26517
24786 11 15 26519
24788 11 9 26528
24790 11 21 26533
24792 11 2 26537
24794 11 9 26504
24796 11 22 26510
24798 11 23 26511
24800 11 22 26522
24802 11 23 26523
24804 11 19 26532
24806 11 19 26508
24808 11 5 26539
24810 11 22 26186
24812 11 21 26077
24814 11 14 26110
24816 11 15 26111
24850 11 1 26636
24854 11 23 27803
24856 11 15 27823
24862 11 19 28208
24864 11 15 28255
24866 11 19 28172
24868 11 14 28206
24870 11 22 28570
24872 11 15 28835
24874 11 9 29168
24876 11 21 29173
24880 11 3 28866
24882 11 1 28828
24884 11 10 28845
24886 11 15 28847
24888 11 15 29703
24890 11 2 31513
24892 11 3 31514
24894 11 5 31515
24896 11 9 31516
24898 11 19 31460
24902 11 2 31453
24904 11 15 31459
24906 11 9 31468
24908 11 9 31748
24910 11 3 31770
24912 11 5 31771
24914 11 15 31775
24916 11 10 31785
24918 11 15 31751
24920 11 5 31759
24922 11 14 32230
24924 11 19 31752
24930 11 5 31783
24934 11 10 32217
24938 11 3 31758
24942 11 14 31762
24944 11 21 31801
24946 11 14 31798
24948 11 14 31858
24950 11 15 31859
24952 11 19 31860
24954 11 21 31861
24956 11 23 31863
24958 11 5 31867
24960 11 9 31868
24962 11 10 31869
24964 11 15 31871
24966 11 21 31873
24968 11 22 31874
24970 11 23 31875
24972 11 2 31877
24974 11 1 31936
24976 11 2 31937
24980 11 14 31942
24982 11 23 31947
24984 11 9 31988
24986 11 23 32055
24988 11 5 31975
24990 11 1 31996
24992 11 23 31995
24998 11 1 32032
25000 11 15 32063
25004 11 14 32062
25006 11 23 32079
25008 11 1 32080
25010 11 2 32093
25012 11 3 32094
25014 11 23 32247
25016 11 22 32078
25028 11 9 32120
25030 11 14 32122
25032 11 15 32123
25034 11 22 32126
25036 11 5 32131
25038 11 14 32134
25040 11 5 32143
25042 11 22 32150
25044 11 23 32151
25046 11 1 32164
25048 11 3 32166
25050 11 5 32167
25052 11 15 32171
25054 11 19 32172
25056 11 23 32175
25058 11 22 32186
25060 11 23 32199
25062 11 3 32202
25064 11 5 32203
25066 11 9 32204
25068 11 10 32205
25070 11 14 32206
25072 11 15 32207
25074 11 21 32209
25076 11 23 32211
25078 11 5 32215
25080 11 9 32216
25082 11 15 32231
25084 11 22 32114
25086 11 1 32236
25088 11 10 32241
25090 11 22 32246
25092 11 3 32250
25094 11 15 32255
25096 11 1 32260
25098 11 21 32269
25100 11 5 32323
25102 11 9 32324
25104 11 10 32325
25106 11 15 32327
25108 11 22 32330
25114 11 14 32326
25118 11 19 32328
25140 11 22 32498
25166 11 2 32333
25168 11 3 32334
25170 11 5 32335
25172 11 23 32331
25174 11 1 32332
25194 11 23 32343
25196 11 5 32347
25198 11 5 32359
25200 11 3 32406
25202 11 9 32420
25204 11 1 32428
25206 11 3 32430
25208 11 5 32431
25210 11 9 32432
25212 11 10 32433
25214 11 14 32434
25216 11 15 32435
25218 11 19 32436
25220 11 21 32437
25318 11 22 32438
25336 11 3 32466
25338 11 5 32467
25340 11 9 32468
25342 11 15 32471
25344 11 19 32472
25346 11 14 32494
25348 11 5 32539
25350 11 1 32536
25354 11 2 32537
25356 11 19 32532
25358 11 23 32547
25360 11 1 32548
25362 11 2 32549
25364 11 19 32556
25366 11 14 32554
25368 11 1 32560
25370 11 22 32582
25372 11 23 32583
25374 11 2 32585
25376 11 3 32586
25378 11 9 32564
25382 11 5 32575
25384 11 2 32561
25388 11 14 32566
25390 11 19 32568
25392 11 5 32563
25394 11 10 32565
25398 11 22 32570
25406 11 21 32569
25414 11 15 32567
25428 11 3 32562
25456 11 5 32635
25458 11 9 32636
25464 11 2 32681
25466 11 3 32682
25468 11 5 32683
25470 11 5 32695
25484 11 10 32673
25486 11 19 32688
25508 11 19 32676
25510 11 23 32679
25512 11 1 32680
25518 11 9 32684
25520 11 21 32689
25522 11 14 32686
25526 11 10 32637
25528 11 14 32674
25530 11 5 32671
25536 11 9 32696
25556 11 2 32669
25558 11 3 32670
25562 11 9 32672
25568 11 23 32691
25570 11 1 32692
25582 11 21 32701
25584 11 10 32733
25586 11 14 32734
25588 11 15 32735
25590 11 19 32736
25600 11 5 32731
25610 11 3 32754
25612 11 21 32761
25614 11 1 32764
25616 11 14 33410
25618 11 1 32948
25620 11 5 32963
25622 11 1 33092
25624 11 22 32946
25626 11 2 32949
25628 11 23 32899
25630 11 5 32891
25632 11 19 32776
25634 11 21 32777
25636 11 15 32787
25638 11 23 33715
25640 11 1 32768
25644 11 2 32769
25646 11 3 32770
25648 11 14 32774
25652 11 23 32779
25654 11 1 32780
25656 11 3 32782
25658 11 5 32783
25660 11 10 32785
25662 11 14 32786
25664 11 19 32788
25666 11 23 32791
25668 11 10 33941
25672 11 3 33926
25674 11 15 34795
25676 11 10 35805
25678 11 22 35834
25680 11 15 35931
25684 11 3 35890
25686 11 22 35934
25688 11 22 35910
25690 11 3 36022
25692 11 22 36246
25694 11 23 36247
25696 11 1 36248
25698 11 3 36250
25700 11 5 36251
25702 11 9 36252
25704 11 21 37641
25706 11 21 39797
25708 11 10 39733
25712 11 14 39722
25714 11 23 39727
25716 11 21 39113
25718 11 15 40231
25720 11 10 40817
25724 11 5 40815
25728 11 14 40818
25732 11 3 40814
25736 11 22 41150
25738 11 3 41934
25740 11 1 40960
25742 11 2 41057
25744 11 3 41058
25746 11 9 41060
25748 11 10 41061
25750 11 15 41063
25752 11 19 42448
25754 11 3 42394
25756 11 21 42977
25758 11 23 42979
25760 11 19 42388
25762 11 22 42306
25764 11 9 42960
25766 11 15 42975
25770 11 5 42143
25772 11 10 42301
25774 11 21 42821
25776 11 5 42047
25778 11 1 43776
25780 11 14 44158
25782 11 15 44159
25784 11 19 44160
25786 11 14 44230
25790 11 14 44374
25800 11 19 44376
25804 11 21 44425
25806 11 2 44429
25808 11 23 45103
25810 11 22 46014
25812 11 23 45391
25814 11 22 45438
25816 11 15 45447
25820 11 1 45608
25822 11 14 46602
25824 11 22 46618
25826 11 15 46675
25828 11 19 46676
25830 11 2 46729
25832 11 3 46826
25834 11 14 46830
25836 11 14 47590
25838 11 21 47593
25840 11 23 47595
25842 11 10 47601
25844 11 15 47603
25846 11 5 47611
25848 11 2 48077
25850 11 10 47613
25854 11 21 47605
25858 11 1 48980
25862 11 1 48404
25864 11 21 48485
25866 11 21 48365
25868 11 15 48435
25870 11 14 48458
25872 11 10 48133
25874 11 10 48565
25876 11 9 48960
25878 11 5 49875
25880 11 10 49865
25884 11 3 49574
25886 11 2 49585
25888 11 1 51028
25892 11 21 51653
25894 11 22 51654
25896 11 23 51655
25898 11 22 51858
25902 11 10 51673
25904 11 21 51677
25906 11 10 51685
25908 11 15 51723
25910 11 10 52553
25912 11 19 52556
25914 11 2 53041
25916 11 22 54990
25920 11 21 54317
25924 11 9 54636
25926 11 22 55534
25928 11 10 55541
25930 11 5 55551
25932 11 15 55555
25934 11 1 55560
25940 11 1 55500
25942 11 23 55535
25944 11 3 55850
25946 11 15 58879
25948 11 19 58988
25950 11 5 59611
25952 11 9 59612
25954 11 10 59613
25956 11 14 59614
25958 11 15 59615
25960 11 19 59616
25962 11 21 59617
25964 11 22 59618
25966 11 19 59640
25968 11 21 59641
25970 11 22 59642
25972 11 21 59653
25974 11 22 59654
25976 11 22 60410
25978 11 2 60125
25980 11 22 61230
25982 11 2 60729
25986 11 2 61377
25988 11 15 62167
25990 11 23 62387
25992 11 1 62184
25996 11 9 61996
25998 11 1 62920
26000 11 2 63029
26002 11 19 63568
26004 11 14 63530
26006 11 3 63562
26008 11 10 63565
26010 11 3 63574
26012 11 9 63576
26014 11 9 64224
26016 11 3 63610
26018 11 2 65645
26022 11 9 65648
26028 11 2 66245
26030 11 2 66497
26032 11 14 66406
26034 11 10 66489
26036 11 10 66321
26038 11 14 66382
26040 11 2 66717
26042 11 19 67276
26044 11 3 67366
26046 11 22 67554
26048 11 1 67896
26050 11 1 67668
26052 11 1 67884
26054 11 21 70277
26056 11 22 70338
26058 11 5 71451
26062 11 3 71414
26064 11 5 71415
26066 11 19 71916
26068 11 21 71917
26070 11 14 72214
26072 11 22 72542
26074 11 1 73292
26076 11 21 73881
26078 11 10 73889
26080 11 15 73915
26082 11 9 73900
26084 11 14 74622
26086 11 1 74604
26088 11 14 74610
26090 11 3 74642
26092 11 19 74648
26094 11 1 74652
26096 11 14 74658
26098 11 3 74666
26100 11 23 74675
26102 11 5 74679
26104 11 14 74682
26106 11 19 74684
26108 11 21 74697
26110 11 3 74714
26112 11 9 74716
26114 11 2 74725
26116 11 10 74729
26118 11 23 74735
26120 11 22 74746
26122 11 5 74751
26124 11 9 74620
26126 11 10 74621
26128 11 21 74625
26130 11 3 74630
26132 11 10 74633
26134 11 22 74638
26138 11 2 74653
26140 11 9 74656
26142 11 19 74660
26144 11 21 74673
26146 11 1 74700
26148 11 3 74702
26150 11 15 74707
26152 11 21 74709
26154 11 23 74723
26156 11 3 74726
26160 11 23 74615
26162 11 19 74072
26164 11 1 74508
26166 11 9 75224
26168 11 2 74753
26170 11 14 74770
26172 11 22 74786
26174 11 14 74794
26176 11 19 74796
26178 11 21 74797
26180 11 23 74799
26182 11 5 74803
26184 11 10 74805
26186 11 2 74813
26188 11 19 74832
26190 11 22 74834
26192 11 23 74835
26194 11 15 74855
26196 11 15 74867
26198 11 19 74868
26200 11 21 74869
26202 11 22 74882
26204 11 10 74889
26206 11 14 74890
26208 11 15 74891
26210 11 21 74893
26212 11 2 74909
26214 11 19 74916
26216 11 2 74921
26218 11 22 74930
26220 11 23 74931
26222 11 15 74939
26224 11 21 74941
26226 11 1 74944
26228 11 5 74947
26230 11 14 74950
26232 11 21 74953
26234 11 22 74954
26236 11 2 74957
26238 11 9 74960
26240 11 19 74964
26242 11 23 74967
26244 11 1 74968
26246 11 5 74971
26248 11 14 74974
26250 11 15 74975
26252 11 19 74976
26254 11 22 74978
26256 11 23 74979
26258 11 3 74982
26260 11 22 74990
26262 11 23 74991
26264 11 1 74992
26266 11 9 74996
26268 11 23 75015
26270 11 5 75019
26272 11 3 75042
26274 11 5 75043
26276 11 9 75044
26278 11 10 75045
26280 11 19 75048
26282 11 22 75050
26284 11 1 75052
26286 11 5 75055
26288 11 9 75056
26290 11 5 75067
26292 11 5 75091
26294 11 9 75092
26296 11 3 75114
26298 11 10 75117
26300 11 19 75120
26302 11 14 75130
26304 11 15 75131
26306 11 22 75134
26308 11 1 75136
26310 11 14 75154
26312 11 15 75155
26314 11 1 75172
26316 11 5 75187
26318 11 3 75198
26320 11 5 75223
26322 11 5 75235
26324 11 9 74768
26326 11 15 74771
26328 11 1 74776
26330 11 10 74781
26332 11 15 74783
26334 11 21 74785
26336 11 22 74810
26338 11 1 74812
26346 11 10 74841
26348 11 14 74842
26350 11 14 74854
26352 11 23 74871
26354 11 2 74873
26356 11 19 74880
26358 11 5 74899
26360 11 9 74900
26362 11 1 74908
26364 11 9 74912
26366 11 23 74919
26368 11 21 74929
26370 11 21 75001
26376 11 10 75021
26378 11 21 75037
26380 11 2 75041
26382 11 3 75054
26384 11 14 75058
26386 11 15 75059
26388 11 9 75068
26390 11 23 75075
26392 11 10 75081
26394 11 23 75087
26396 11 21 75097
26398 11 22 75098
26400 11 21 75109
26402 11 2 75125
26404 11 2 75137
26406 11 9 75140
26408 11 23 75147
26410 11 5 75163
26412 11 14 75190
26414 11 9 75212
26416 11 1 75064
26420 11 10 75225
26422 11 14 75226
26424 11 3 75582
26426 11 9 75236
26428 11 9 75356
26430 11 15 75659
26432 11 19 76096
26434 11 3 80594
26436 11 3 81618
26438 11 5 81619
26440 11 9 81620
26442 11 10 81621
26444 11 14 81622
26446 11 15 81623
26448 11 19 81624
26450 11 21 81625
26452 11 22 81626
26454 11 23 81627
26456 11 1 81628
26458 11 2 81629
26460 11 3 81630
26462 11 5 81631
26464 11 9 81632
26466 11 10 81633
26468 11 14 81634
26470 11 15 81635
26472 11 19 81636
26474 11 21 81637
26476 11 22 81638
26478 11 23 81639
26482 11 1 81640
26484 11 2 81641
26486 11 3 81642
26488 11 5 81643
26490 11 9 81644
26492 11 10 81645
26494 11 14 81646
26496 11 15 81647
26498 11 19 81648
26500 11 21 81649
26502 11 22 81650
26504 11 23 81651
26506 11 1 81652
26508 11 2 81653
26510 11 3 81654
26512 11 5 81655
26514 11 9 81656
26516 11 10 81657
26518 11 14 81658
26520 11 15 81659
26522 11 19 81660
26524 11 21 81661
26526 11 22 81662
26528 11 23 81663
26530 11 1 81664
26532 11 2 81665
26534 11 3 81666
26536 11 5 81667
26538 11 9 81668
26540 11 10 81669
26542 11 14 81670
26544 11 15 81671
26546 11 19 81672
26548 11 21 81673
26550 11 22 81674
26552 11 23 81675
26554 11 1 81676
26556 11 2 81677
26558 11 3 81678
26560 11 5 81679
26562 11 9 81680
26564 11 10 81681
26566 11 14 81682
26568 11 15 81683
26570 11 19 81684
26572 11 21 81685
26574 11 22 81686
26576 11 23 81687
26578 11 1 81688
26580 11 2 81689
26582 11 3 81690
26584 11 5 81691
26586 11 9 81692
26588 11 10 81693
26590 11 14 81694
26654 11 15 81695
26656 11 19 81696
26658 11 21 81697
26660 11 22 81698
26662 11 23 81699
26664 11 1 81700
26666 11 2 81701
26668 11 3 81702
26670 11 5 81703
26672 11 9 81704
26674 11 10 81705
26676 11 14 81706
26678 11 15 81707
26680 11 19 81708
26682 11 21 81709
26684 11 22 81710
26686 11 23 81711
26688 11 1 81712
26690 11 2 81713
26692 11 3 81714
26694 11 5 81715
26696 11 9 81716
26698 11 10 81717
26700 11 14 81718
26702 11 15 81719
26704 11 19 81720
26706 11 21 81721
26708 11 22 81722
26710 11 23 81723
26712 11 1 81724
26750 11 2 81725
26752 11 3 81726
26754 11 5 81727
26756 11 9 81728
26758 11 10 81729
26760 11 14 81730
26762 11 15 81731
26764 11 19 81732
26766 11 21 81733
26768 11 22 81734
26770 11 23 81735
26772 11 1 81736
26774 11 2 81737
26776 11 3 81738
26778 11 5 81739
26780 11 9 81740
26782 11 10 81741
26784 11 14 81742
26786 11 15 81743
26788 11 19 81744
26790 11 21 81745
26792 11 22 81746
26794 11 23 81747
26796 11 1 81748
26798 11 2 81749
26800 11 3 81750
26802 11 5 81751
26804 11 9 81752
26806 11 10 81753
26808 11 14 81754
26810 11 15 81755
26812 11 19 81756
26814 11 21 81757
26816 11 22 81758
26818 11 23 81759
26820 11 1 81760
26822 11 2 81761
26824 11 3 81762
26826 11 5 81763
26828 11 9 81764
26830 11 10 81765
26832 11 14 81766
26834 11 15 81767
26836 11 19 81768
26838 11 21 81769
26840 11 22 81770
26842 11 23 81771
26844 11 1 81772
26846 11 2 81773
26848 11 3 81774
26850 11 5 81775
26852 11 9 81776
26854 11 10 81777
26856 11 14 81778
26858 11 15 81779
26860 11 19 81780
26862 11 21 81781
26864 11 22 81782
26866 11 23 81783
26868 11 1 81784
26870 11 2 81785
26872 11 3 81786
26874 11 5 81787
26876 11 9 81788
26878 11 10 81789
26880 11 14 81790
26882 11 15 81791
26884 11 19 81792
26886 11 21 81793
26888 11 22 81794
26890 11 23 81795
26892 11 1 81796
26894 11 2 81797
26896 11 3 81798
26898 11 5 81799
26900 11 9 81800
26902 11 10 81801
26904 11 14 81802
26906 11 15 81803
26908 11 19 81804
26910 11 21 81805
26912 11 22 81806
26914 11 23 81807
26916 11 1 81808
26918 11 2 81809
26920 11 3 81810
26922 11 5 81811
26924 11 9 81812
26926 11 10 81813
26928 11 14 81814
26930 11 15 81815
26932 11 19 81816
26934 11 21 81817
26936 11 22 81818
26938 11 23 81819
26940 11 1 81820
26942 11 2 81821
26944 11 3 81822
26946 11 5 81823
26948 11 9 81824
26950 11 10 81825
26952 11 14 81826
26954 11 15 81827
26956 11 19 81828
26958 11 21 81829
26960 11 22 81830
26962 11 23 81831
26964 11 1 81832
26966 11 2 81833
26968 11 3 81834
26970 11 5 81835
26972 11 9 81836
26974 11 10 81837
26976 11 14 81838
26978 11 15 81839
26980 11 19 81840
26982 11 21 81841
26984 11 22 81842
26986 11 23 81843
26988 11 1 81844
26990 11 2 81845
26992 11 3 81846
26994 11 5 81847
26996 11 9 81848
26998 11 10 81849
27000 11 14 81850
27002 11 15 81851
27004 11 19 81852
27006 11 21 81853
27008 11 22 81854
27010 11 23 81855
27012 11 1 81856
27014 11 2 81857
27016 11 3 81858
27018 11 5 81859
27020 11 9 81860
27022 11 10 81861
27024 11 14 81862
27026 11 15 81863
27028 11 19 81864
27030 11 21 81865
27032 11 22 81866
27034 11 23 81867
27036 11 1 81868
27038 11 2 81869
27040 11 3 81870
27042 11 5 81871
27044 11 9 81872
27046 11 10 81873
27048 11 14 81874
27050 11 15 81875
27052 11 19 81876
27054 11 21 81877
27056 11 22 81878
27058 11 23 81879
27082 11 1 81880
27084 11 2 81881
27086 11 3 81882
27088 11 5 81883
27090 11 9 81884
27092 11 10 81885
27094 11 14 81886
27096 11 15 81887
27098 11 19 81888
27100 11 21 81889
27102 11 22 81890
27104 11 23 81891
27106 11 1 81892
27108 11 2 81893
27110 11 3 81894
27112 11 5 81895
27114 11 9 81896
27116 11 10 81897
27118 11 14 81898
27120 11 15 81899
27122 11 19 81900
27124 11 21 81901
27126 11 22 81902
27128 11 23 81903
27130 11 1 81904
27132 11 2 81905
27134 11 3 81906
27136 11 5 81907
27138 11 9 81908
27140 11 10 81909
27142 11 14 81910
27144 11 15 81911
27146 11 19 81912
27148 11 21 81913
27150 11 22 81914
27152 11 23 81915
27154 11 1 81916
27156 11 2 81917
27158 11 3 81918
27160 11 5 81919
27164 11 1 81920
27166 11 2 81921
27168 11 3 81922
27170 11 5 81923
27172 11 9 81924
27174 11 10 81925
27176 11 14 81926
27178 11 15 81927
27180 11 19 81928
27182 11 21 81929
27184 11 22 81930
27186 11 23 81931
27188 11 1 81932
27190 11 2 81933
27192 11 3 81934
27194 11 5 81935
27196 11 9 81936
27198 11 10 81937
27200 11 14 81938
27202 11 15 81939
27204 11 19 81940
27206 11 21 81941
27208 11 22 81942
27210 11 23 81943
27212 11 1 81944
27214 11 2 81945
27216 11 3 81946
27218 11 5 81947
27220 11 9 81948
27222 11 10 81949
27224 11 14 81950
27226 11 15 81951
27228 11 19 81952
27230 11 21 81953
27232 11 22 81954
27234 11 23 81955
27236 11 1 81956
27238 11 2 81957
27240 11 3 81958
27242 11 5 81959
27244 11 9 81960
27246 11 10 81961
27248 11 14 81962
27250 11 15 81963
27252 11 19 81964
27254 11 21 81965
27256 11 22 81966
27258 11 23 81967
27260 11 1 81968
27262 11 2 81969
27264 11 3 81970
27266 11 5 81971
27268 11 9 81972
27270 11 10 81973
27272 11 14 81974
27274 11 15 81975
27276 11 19 81976
27278 11 21 81977
27280 11 22 81978
27282 11 23 81979
27284 11 1 81980
27286 11 2 81981
27288 11 3 81982
27290 11 5 81983
27292 11 9 81984
27294 11 10 81985
27296 11 14 81986
27298 11 15 81987
27300 11 19 81988
27302 11 21 81989
27304 11 22 81990
27306 11 23 81991
27308 11 1 81992
27310 11 2 81993
27312 11 3 81994
27314 11 5 81995
27316 11 9 81996
27318 11 10 81997
27320 11 14 81998
27322 11 15 81999
27324 11 19 82000
27326 11 21 82001
27328 11 22 82002
27330 11 23 82003
27332 11 1 82004
27334 11 2 82005
27336 11 3 82006
27338 11 5 82007
27340 11 9 82008
27342 11 10 82009
27344 11 14 82010
27346 11 15 82011
27348 11 19 82012
27350 11 21 82013
27352 11 22 82014
27354 11 23 82015
27356 11 1 82016
27358 11 2 82017
27360 11 3 82018
27362 11 5 82019
27364 11 9 82020
27366 11 10 82021
27368 11 14 82022
27370 11 15 82023
27372 11 19 82024
27374 11 21 82025
27376 11 22 82026
27378 11 23 82027
27380 11 1 82028
27382 11 2 82029
27384 11 3 82030
27386 11 5 82031
27388 11 9 82032
27390 11 10 82033
27392 11 14 82034
27394 11 15 82035
27396 11 19 82036
27398 11 21 82037
27400 11 22 82038
27402 11 23 82039
27404 11 1 82040
27406 11 2 82041
27408 11 3 82042
27410 11 5 82043
27412 11 9 82044
27414 11 10 82045
27416 11 14 82046
27418 11 15 82047
27420 11 19 82048
27422 11 21 82049
27424 11 22 82050
27426 11 23 82051
27428 11 1 82052
27430 11 2 82053
27432 11 3 82054
27434 11 5 82055
27436 11 9 82056
27438 11 10 82057
27440 11 14 82058
27442 11 15 82059
27444 11 19 82060
27446 11 21 82061
27448 11 22 82062
27450 11 23 82063
27452 11 1 82064
27454 11 2 82065
27456 11 3 82066
27458 11 5 82067
27460 11 9 82068
27462 11 10 82069
27464 11 14 82070
27466 11 15 82071
27468 11 19 82072
27470 11 21 82073
27472 11 22 82074
27474 11 23 82075
27476 11 1 82076
27478 11 2 82077
27480 11 3 82078
27482 11 5 82079
27484 11 9 82080
27486 11 10 82081
27488 11 14 82082
27490 11 15 82083
27492 11 19 82084
27494 11 21 82085
27496 11 22 82086
27498 11 23 82087
27500 11 1 82088
27502 11 2 82089
27504 11 3 82090
27506 11 5 82091
27508 11 9 82092
27510 11 10 82093
27512 11 14 82094
27514 11 15 82095
27516 11 19 82096
27518 11 21 82097
27520 11 22 82098
27522 11 23 82099
27524 11 1 82100
27526 11 2 82101
27528 11 3 82102
27530 11 5 82103
27532 11 9 82104
27534 11 10 82105
27536 11 14 82106
27538 11 15 82107
27540 11 19 82108
27542 11 21 82109
27544 11 22 82110
27546 11 23 82111
27548 11 1 82112
27550 11 2 82113
27552 11 3 82114
27554 11 5 82115
27556 11 9 82116
27558 11 10 82117
27560 11 14 82118
27562 11 15 82119
27564 11 19 82120
27566 11 21 82121
27568 11 22 82122
27570 11 23 82123
27572 11 1 82124
27574 11 2 82125
27576 11 3 82126
27578 11 5 82127
27580 11 9 82128
27582 11 10 82129
27584 11 14 82130
27586 11 15 82131
27588 11 19 82132
27590 11 21 82133
27592 11 22 82134
27594 11 23 82135
27596 11 1 82136
27598 11 2 82137
27600 11 3 82138
27602 11 5 82139
27604 11 9 82140
27606 11 10 82141
27608 11 14 82142
27610 11 15 82143
27612 11 19 82144
27614 11 21 82145
27616 11 22 82146
27618 11 23 82147
27620 11 1 82148
27622 11 2 82149
27624 11 3 82150
27626 11 5 82151
27628 11 9 82152
27630 11 10 82153
27632 11 14 82154
27634 11 15 82155
27636 11 19 82156
27638 11 21 82157
27640 11 22 82158
27642 11 23 82159
27644 11 1 82160
27646 11 2 82161
27648 11 3 82162
27650 11 5 82163
27652 11 9 82164
27654 11 10 82165
27656 11 14 82166
27660 11 15 82167
27662 11 19 82168
27664 11 21 82169
27666 11 22 82170
27668 11 23 82171
27670 11 1 82172
27672 11 2 82173
27674 11 3 82174
27676 11 5 82175
27678 11 9 82176
27680 11 10 82177
27682 11 14 82178
27684 11 15 82179
27686 11 19 82180
27688 11 21 82181
27690 11 22 82182
27692 11 23 82183
27694 11 1 82184
27696 11 2 82185
27698 11 3 82186
27700 11 5 82187
27702 11 9 82188
27704 11 10 82189
27706 11 14 82190
27708 11 15 82191
27710 11 19 82192
27714 11 21 82193
27716 11 22 82194
27718 11 23 82195
27720 11 1 82196
27722 11 2 82197
27724 11 3 82198
27726 11 5 82199
27728 11 9 82200
27730 11 10 82201
27732 11 14 82202
27734 11 15 82203
27736 11 19 82204
27738 11 21 82205
27740 11 22 82206
27742 11 23 82207
27744 11 1 82208
27746 11 2 82209
27748 11 3 82210
27750 11 5 82211
27752 11 9 82212
27754 11 10 82213
27756 11 14 82214
27758 11 15 82215
27760 11 19 82216
27762 11 21 82217
27764 11 22 82218
27766 11 23 82219
27768 11 1 82220
27770 11 2 82221
27772 11 3 82222
27774 11 5 82223
27776 11 9 82224
27782 11 10 82225
27784 11 14 82226
27786 11 15 82227
27790 11 19 82228
27792 11 21 82229
27794 11 22 82230
27796 11 23 82231
27798 11 1 82232
27800 11 2 82233
27802 11 3 82234
27804 11 5 82235
27806 11 9 82236
27808 11 10 82237
27810 11 14 82238
27812 11 15 82239
27814 11 19 82240
27816 11 21 82241
27818 11 22 82242
27820 11 23 82243
27822 11 1 82244
27824 11 2 82245
27826 11 3 82246
27828 11 5 82247
27830 11 9 82248
27832 11 10 82249
27834 11 14 82250
27836 11 15 82251
27838 11 19 82252
27840 11 21 82253
27842 11 22 82254
27844 11 23 82255
27846 11 1 82256
27848 11 2 82257
27850 11 3 82258
27852 11 5 82259
27854 11 9 82260
27856 11 10 82261
27858 11 14 82262
27860 11 15 82263
27862 11 19 82264
27864 11 21 82265
27866 11 22 82266
27868 11 23 82267
27870 11 1 82268
27872 11 2 82269
27874 11 3 82270
27876 11 5 82271
27878 11 9 82272
27880 11 10 82273
27882 11 14 82274
27884 11 15 82275
27886 11 19 82276
27888 11 21 82277
27890 11 22 82278
27892 11 23 82279
27894 11 1 82280
27896 11 2 82281
27898 11 3 82282
27900 11 5 82283
27902 11 9 82284
27904 11 10 82285
27906 11 14 82286
27908 11 15 82287
27910 11 19 82288
27912 11 21 82289
27914 11 22 82290
27916 11 23 82291
27918 11 1 82292
27920 11 2 82293
27922 11 3 82294
27924 11 5 82295
27926 11 9 82296
27928 11 10 82297
27930 11 14 82298
27932 11 15 82299
27934 11 19 82300
27936 11 21 82301
27938 11 22 82302
27940 11 23 82303
27942 11 1 82304
27944 11 2 82305
27946 11 3 82306
27948 11 5 82307
27950 11 9 82308
27952 11 10 82309
27954 11 14 82310
27956 11 15 82311
27958 11 19 82312
27960 11 21 82313
27962 11 22 82314
27964 11 23 82315
27966 11 1 82316
27968 11 2 82317
27970 11 3 82318
27972 11 5 82319
27974 11 9 82320
27976 11 10 82321
27978 11 14 82322
27980 11 15 82323
27982 11 19 82324
27984 11 21 82325
27986 11 22 82326
27988 11 23 82327
27990 11 1 82328
27992 11 2 82329
27994 11 3 82330
27996 11 5 82331
27998 11 9 82332
28000 11 10 82333
28002 11 14 82334
28004 11 15 82335
28006 11 19 82336
28008 11 21 82337
28010 11 22 82338
28012 11 23 82339
28014 11 1 82340
28016 11 2 82341
28018 11 3 82342
28020 11 5 82343
28022 11 9 82344
28024 11 10 82345
28026 11 14 82346
28028 11 15 82347
28030 11 19 82348
28032 11 21 82349
28034 11 22 82350
28036 11 23 82351
28038 11 1 82352
28040 11 2 82353
28042 11 3 82354
28044 11 5 82355
28046 11 9 82356
28048 11 10 82357
28050 11 14 82358
28052 11 15 82359
28054 11 19 82360
28056 11 21 82361
28058 11 22 82362
28060 11 23 82363
28062 11 1 82364
28064 11 2 82365
28066 11 3 82366
28068 11 5 82367
28070 11 9 82368
28072 11 10 82369
28074 11 14 82370
28076 11 15 82371
28078 11 19 82372
28080 11 21 82373
28082 11 22 82374
28084 11 23 82375
28086 11 1 82376
28088 11 2 82377
28090 11 3 82378
28092 11 5 82379
28094 11 9 82380
28096 11 10 82381
28098 11 14 82382
28100 11 15 82383
28102 11 19 82384
28104 11 21 82385
28106 11 22 82386
28108 11 23 82387
28110 11 1 82388
28112 11 2 82389
28114 11 3 82390
28116 11 5 82391
28118 11 9 82392
28120 11 10 82393
28122 11 14 82394
28124 11 15 82395
28126 11 19 82396
28128 11 21 82397
28130 11 22 82398
28132 11 23 82399
28134 11 1 82400
28136 11 2 82401
28138 11 3 82402
28140 11 5 82403
28142 11 9 82404
28144 11 10 82405
28146 11 14 82406
28148 11 15 82407
28150 11 19 82408
28152 11 21 82409
28154 11 22 82410
28156 11 23 82411
28158 11 1 82412
28160 11 2 82413
28162 11 3 82414
28164 11 5 82415
28166 11 9 82416
28168 11 10 82417
28170 11 14 82418
28172 11 15 82419
28174 11 19 82420
28176 11 21 82421
28178 11 22 82422
28180 11 23 82423
28182 11 1 82424
28184 11 2 82425
28186 11 3 82426
28188 11 5 82427
28190 11 9 82428
28192 11 10 82429
28194 11 14 82430
28196 11 15 82431
28198 11 19 82432
28200 11 21 82433
28202 11 22 82434
28204 11 23 82435
28206 11 1 82436
28208 11 2 82437
28210 11 3 82438
28212 11 5 82439
28214 11 9 82440
28216 11 10 82441
28218 11 14 82442
28220 11 15 82443
28222 11 19 82444
28224 11 21 82445
28226 11 22 82446
28228 11 23 82447
28230 11 1 82448
28232 11 2 82449
28234 11 3 82450
28236 11 5 82451
28238 11 9 82452
28240 11 10 82453
28242 11 14 82454
28244 11 15 82455
28246 11 19 82456
28248 11 21 82457
28250 11 22 82458
28252 11 23 82459
28254 11 1 82460
28334 11 2 82461
28336 11 3 82462
28338 11 5 82463
28340 11 9 82464
28342 11 10 82465
28344 11 14 82466
28346 11 15 82467
28348 11 19 82468
28350 11 21 82469
28352 11 22 82470
28354 11 23 82471
28356 11 1 82472
28358 11 2 82473
28360 11 3 82474
28362 11 5 82475
28364 11 9 82476
28366 11 10 82477
28368 11 14 82478
28370 11 15 82479
28372 11 19 82480
28374 11 21 82481
28376 11 22 82482
28378 11 23 82483
28380 11 1 82484
28382 11 2 82485
28384 11 3 82486
28386 11 5 82487
28388 11 9 82488
28390 11 10 82489
28392 11 14 82490
28394 11 15 82491
28410 11 19 82492
28412 11 21 82493
28414 11 22 82494
28416 11 23 82495
28418 11 1 82496
28420 11 2 82497
28422 11 3 82498
28424 11 5 82499
28426 11 9 82500
28430 11 10 82501
28432 11 14 82502
28434 11 15 82503
28436 11 19 82504
28438 11 21 82505
28440 11 22 82506
28442 11 23 82507
28444 11 1 82508
28446 11 2 82509
28448 11 3 82510
28450 11 5 82511
28452 11 9 82512
28454 11 10 82513
28456 11 14 82514
28458 11 15 82515
28460 11 19 82516
28462 11 21 82517
28464 11 22 82518
28466 11 23 82519
28468 11 1 82520
28470 11 2 82521
28472 11 3 82522
28474 11 5 82523
28476 11 9 82524
28478 11 10 82525
28480 11 14 82526
28482 11 15 82527
28484 11 19 82528
28486 11 21 82529
28488 11 22 82530
28490 11 23 82531
28492 11 1 82532
28494 11 2 82533
28496 11 3 82534
28498 11 5 82535
28500 11 9 82536
28502 11 10 82537
28504 11 14 82538
28506 11 15 82539
28508 11 19 82540
28510 11 21 82541
28512 11 22 82542
28514 11 23 82543
28516 11 1 82544
28518 11 2 82545
28520 11 3 82546
28522 11 5 82547
28524 11 9 82548
28526 11 10 82549
28528 11 14 82550
28530 11 15 82551
28532 11 19 82552
28534 11 21 82553
28536 11 22 82554
28538 11 23 82555
28540 11 1 82556
28542 11 2 82557
28544 11 3 82558
28546 11 5 82559
28548 11 9 82560
28550 11 10 82561
28552 11 14 82562
28554 11 15 82563
28556 11 19 82564
28558 11 21 82565
28560 11 22 82566
28562 11 23 82567
28564 11 1 82568
28566 11 2 82569
28568 11 3 82570
28570 11 5 82571
28572 11 9 82572
28574 11 10 82573
28576 11 14 82574
28578 11 15 82575
28580 11 19 82576
28582 11 21 82577
28584 11 22 82578
28586 11 23 82579
28588 11 1 82580
28590 11 2 82581
28592 11 3 82582
28594 11 5 82583
28596 11 9 82584
28598 11 10 82585
28600 11 14 82586
28602 11 15 82587
28604 11 19 82588
28606 11 21 82589
28608 11 22 82590
28610 11 23 82591
28612 11 1 82592
28614 11 2 82593
28616 11 3 82594
28618 11 5 82595
28620 11 9 82596
28622 11 10 82597
28624 11 14 82598
28626 11 15 82599
28628 11 19 82600
28630 11 21 82601
28632 11 22 82602
28634 11 23 82603
28636 11 1 82604
28638 11 2 82605
28640 11 3 82606
28648 11 5 82607
28650 11 9 82608
28652 11 10 82609
28654 11 14 82610
28656 11 15 82611
28658 11 19 82612
28660 11 21 82613
28662 11 22 82614
28664 11 23 82615
28670 11 1 82616
28672 11 2 82617
28674 11 3 82618
28682 11 5 82619
28684 11 9 82620
28686 11 10 82621
28688 11 14 82622
28690 11 15 82623
28692 11 19 82624
28694 11 21 82625
28696 11 22 82626
28698 11 23 82627
28700 11 1 82628
28702 11 2 82629
28704 11 3 82630
28706 11 5 82631
28708 11 9 82632
28710 11 10 82633
28712 11 14 82634
28714 11 15 82635
28716 11 19 82636
28718 11 21 82637
28720 11 22 82638
28722 11 23 82639
28724 11 1 82640
28726 11 2 82641
28728 11 3 82642
28730 11 5 82643
28732 11 9 82644
28734 11 10 82645
28736 11 14 82646
28738 11 15 82647
28740 11 19 82648
28742 11 21 82649
28744 11 22 82650
28746 11 23 82651
28748 11 1 82652
28750 11 2 82653
28752 11 3 82654
28754 11 5 82655
28756 11 9 82656
28758 11 10 82657
28760 11 14 82658
28762 11 15 82659
28764 11 19 82660
28766 11 21 82661
28768 11 22 82662
28770 11 23 82663
28772 11 1 82664
28774 11 2 82665
28776 11 3 82666
28778 11 5 82667
28780 11 9 82668
28782 11 10 82669
28784 11 14 82670
28786 11 15 82671
28788 11 19 82672
28790 11 21 82673
28792 11 22 82674
28794 11 23 82675
28796 11 1 82676
28798 11 2 82677
28800 11 3 82678
28802 11 5 82679
28804 11 9 82680
28806 11 10 82681
28808 11 14 82682
28810 11 15 82683
28812 11 19 82684
28814 11 21 82685
28816 11 22 82686
28818 11 23 82687
28820 11 1 82688
28822 11 2 82689
28824 11 3 82690
28826 11 5 82691
28828 11 9 82692
28830 11 10 82693
28832 11 14 82694
28834 11 15 82695
28836 11 19 82696
28838 11 21 82697
28840 11 22 82698
28842 11 23 82699
28844 11 1 82700
28846 11 2 82701
28848 11 3 82702
28850 11 5 82703
28852 11 9 82704
28854 11 10 82705
28856 11 14 82706
28858 11 15 82707
28860 11 19 82708
28862 11 21 82709
28864 11 22 82710
28866 11 23 82711
28868 11 1 82712
28870 11 2 82713
28872 11 3 82714
28874 11 5 82715
28876 11 9 82716
28878 11 10 82717
28880 11 14 82718
28882 11 15 82719
28884 11 19 82720
28886 11 21 82721
28888 11 22 82722
28890 11 23 82723
28892 11 1 82724
28894 11 2 82725
28896 11 3 82726
28898 11 5 82727
28900 11 9 82728
28902 11 10 82729
28904 11 14 82730
28906 11 15 82731
28908 11 19 82732
28910 11 21 82733
28912 11 22 82734
28914 11 23 82735
28916 11 1 82736
28918 11 2 82737
28920 11 3 82738
28922 11 5 82739
28924 11 9 82740
28926 11 10 82741
28928 11 14 82742
28930 11 15 82743
28932 11 19 82744
28934 11 21 82745
28936 11 22 82746
28938 11 23 82747
28940 11 1 82748
28942 11 2 82749
28944 11 3 82750
28946 11 5 82751
28948 11 9 82752
28950 11 10 82753
28952 11 14 82754
28954 11 15 82755
28956 11 19 82756
28958 11 21 82757
28960 11 22 82758
28962 11 23 82759
28964 11 1 82760
28966 11 2 82761
28968 11 3 82762
28970 11 5 82763
28972 11 9 82764
28974 11 10 82765
28976 11 14 82766
28978 11 15 82767
28980 11 19 82768
28982 11 21 82769
28984 11 22 82770
28986 11 23 82771
28988 11 1 82772
28990 11 2 82773
28992 11 3 82774
28994 11 5 82775
28996 11 9 82776
28998 11 10 82777
29000 11 14 82778
29002 11 15 82779
29004 11 19 82780
29006 11 21 82781
29008 11 22 82782
29010 11 23 82783
29012 11 1 82784
29014 11 2 82785
29016 11 3 82786
29018 11 5 82787
29020 11 9 82788
29022 11 10 82789
29024 11 14 82790
29026 11 15 82791
29028 11 19 82792
29030 11 21 82793
29032 11 22 82794
29034 11 23 82795
29036 11 1 82796
29038 11 2 82797
29040 11 3 82798
29042 11 5 82799
29044 11 9 82800
29046 11 10 82801
29048 11 14 82802
29050 11 15 82803
29052 11 19 82804
29054 11 21 82805
29056 11 22 82806
29058 11 23 82807
29062 11 1 82808
29064 11 2 82809
29066 11 3 82810
29068 11 5 82811
29070 11 9 82812
29072 11 10 82813
29074 11 14 82814
29076 11 15 82815
29078 11 19 82816
29080 11 21 82817
29082 11 22 82818
29084 11 23 82819
29086 11 1 82820
29088 11 2 82821
29090 11 3 82822
29092 11 5 82823
29094 11 9 82824
29096 11 10 82825
29098 11 14 82826
29100 11 15 82827
29102 11 19 82828
29104 11 21 82829
29106 11 22 82830
29108 11 23 82831
29110 11 1 82832
29112 11 2 82833
29114 11 3 82834
29116 11 5 82835
29118 11 9 82836
29120 11 10 82837
29122 11 14 82838
29124 11 15 82839
29126 11 19 82840
29128 11 21 82841
29130 11 22 82842
29132 11 23 82843
29134 11 1 82844
29136 11 2 82845
29140 11 3 82846
29142 11 5 82847
29144 11 9 82848
29154 11 10 82849
29156 11 14 82850
29158 11 15 82851
29164 11 19 82852
29166 11 21 82853
29168 11 22 82854
29170 11 23 82855
29172 11 1 82856
29174 11 2 82857
29176 11 3 82858
29178 11 5 82859
29180 11 9 82860
29182 11 10 82861
29184 11 14 82862
29186 11 15 82863
29188 11 19 82864
29190 11 21 82865
29192 11 22 82866
29194 11 23 82867
29196 11 1 82868
29198 11 2 82869
29200 11 3 82870
29202 11 5 82871
29204 11 9 82872
29206 11 10 82873
29208 11 14 82874
29210 11 15 82875
29212 11 19 82876
29214 11 21 82877
29216 11 22 82878
29218 11 23 82879
29220 11 1 82880
29222 11 2 82881
29224 11 3 82882
29226 11 5 82883
29228 11 9 82884
29230 11 10 82885
29232 11 14 82886
29234 11 15 82887
29236 11 19 82888
29238 11 21 82889
29240 11 22 82890
29242 11 23 82891
29244 11 1 82892
29246 11 2 82893
29248 11 3 82894
29250 11 5 82895
29252 11 9 82896
29254 11 10 82897
29256 11 14 82898
29258 11 15 82899
29260 11 19 82900
29262 11 21 82901
29264 11 22 82902
29274 11 23 82903
29276 11 1 82904
29278 11 2 82905
29280 11 3 82906
29282 11 5 82907
29284 11 9 82908
29286 11 10 82909
29288 11 14 82910
29290 11 15 82911
29292 11 19 82912
29294 11 21 82913
29296 11 22 82914
29298 11 23 82915
29300 11 1 82916
29302 11 2 82917
29304 11 3 82918
29306 11 5 82919
29308 11 9 82920
29310 11 10 82921
29312 11 14 82922
29314 11 15 82923
29316 11 19 82924
29318 11 21 82925
29320 11 22 82926
29322 11 23 82927
29324 11 1 82928
29326 11 2 82929
29328 11 3 82930
29330 11 5 82931
29332 11 9 82932
29334 11 10 82933
29336 11 14 82934
29338 11 15 82935
29340 11 19 82936
29342 11 21 82937
29344 11 22 82938
29346 11 23 82939
29348 11 1 82940
29350 11 2 82941
29352 11 3 82942
29354 11 5 82943
29356 11 1 82944
29358 11 2 82945
29360 11 3 82946
29362 11 5 82947
29364 11 9 82948
29366 11 10 82949
29368 11 14 82950
29370 11 15 82951
29372 11 19 82952
29374 11 21 82953
29376 11 22 82954
29378 11 23 82955
29380 11 1 82956
29382 11 2 82957
29384 11 3 82958
29386 11 5 82959
29388 11 9 82960
29390 11 10 82961
29392 11 14 82962
29394 11 15 82963
29396 11 19 82964
29398 11 21 82965
29400 11 22 82966
29402 11 23 82967
29404 11 1 82968
29406 11 2 82969
29408 11 3 82970
29410 11 5 82971
29412 11 9 82972
29414 11 10 82973
29416 11 14 82974
29418 11 15 82975
29420 11 19 82976
29422 11 21 82977
29424 11 22 82978
29426 11 23 82979
29428 11 1 82980
29430 11 2 82981
29432 11 3 82982
29434 11 5 82983
29436 11 9 82984
29438 11 10 82985
29440 11 14 82986
29442 11 15 82987
29444 11 19 82988
29446 11 21 82989
29448 11 22 82990
29450 11 23 82991
29452 11 1 82992
29454 11 2 82993
29456 11 3 82994
29458 11 5 82995
29460 11 9 82996
29462 11 10 82997
29464 11 14 82998
29466 11 15 82999
29468 11 19 83000
29470 11 21 83001
29472 11 22 83002
29474 11 23 83003
29476 11 1 83004
29478 11 2 83005
29480 11 3 83006
29482 11 5 83007
29484 11 9 83008
29486 11 10 83009
29488 11 14 83010
29490 11 15 83011
29492 11 19 83012
29494 11 21 83013
29496 11 22 83014
29498 11 23 83015
29500 11 1 83016
29502 11 2 83017
29504 11 3 83018
29506 11 5 83019
29508 11 9 83020
29510 11 10 83021
29512 11 14 83022
29514 11 15 83023
29516 11 19 83024
29518 11 21 83025
29520 11 22 83026
29522 11 23 83027
29524 11 1 83028
29526 11 2 83029
29528 11 3 83030
29530 11 5 83031
29532 11 9 83032
29534 11 10 83033
29536 11 14 83034
29538 11 15 83035
29540 11 19 83036
29542 11 21 83037
29544 11 22 83038
29546 11 23 83039
29548 11 1 83040
29550 11 2 83041
29552 11 3 83042
29554 11 5 83043
29556 11 9 83044
29558 11 10 83045
29560 11 14 83046
29562 11 15 83047
29564 11 19 83048
29566 11 21 83049
29568 11 22 83050
29570 11 23 83051
29572 11 1 83052
29574 11 2 83053
29576 11 3 83054
29578 11 5 83055
29580 11 9 83056
29582 11 10 83057
29584 11 14 83058
29586 11 15 83059
29588 11 19 83060
29590 11 21 83061
29592 11 22 83062
29594 11 23 83063
29596 11 1 83064
29598 11 2 83065
29600 11 3 83066
29602 11 5 83067
29604 11 9 83068
29606 11 10 83069
29608 11 14 83070
29610 11 15 83071
29612 11 19 83072
29614 11 21 83073
29616 11 22 83074
29618 11 23 83075
29620 11 1 83076
29622 11 2 83077
29624 11 3 83078
29626 11 5 83079
29628 11 9 83080
29630 11 10 83081
29632 11 14 83082
29634 11 15 83083
29636 11 19 83084
29638 11 21 83085
29642 11 22 83086
29644 11 23 83087
29646 11 1 83088
29648 11 2 83089
29650 11 3 83090
29652 11 5 83091
29654 11 9 83092
29656 11 10 83093
29658 11 14 83094
29660 11 15 83095
29662 11 19 83096
29664 11 21 83097
29666 11 22 83098
29668 11 23 83099
29670 11 1 83100
29672 11 2 83101
29674 11 3 83102
29676 11 5 83103
29678 11 9 83104
29680 11 10 83105
29682 11 14 83106
29684 11 15 83107
29686 11 19 83108
29688 11 21 83109
29690 11 22 83110
29692 11 23 83111
29694 11 1 83112
29696 11 2 83113
29698 11 3 83114
29702 11 5 83115
29704 11 9 83116
29706 11 10 83117
29708 11 14 83118
29710 11 15 83119
29712 11 19 83120
29714 11 21 83121
29716 11 22 83122
29718 11 23 83123
29720 11 1 83124
29722 11 2 83125
29724 11 3 83126
29726 11 5 83127
29728 11 9 83128
29730 11 10 83129
29732 11 14 83130
29734 11 15 83131
29736 11 19 83132
29738 11 21 83133
29740 11 22 83134
29742 11 23 83135
29744 11 1 83136
29746 11 2 83137
29748 11 3 83138
29750 11 5 83139
29752 11 9 83140
29754 11 10 83141
29756 11 14 83142
29758 11 15 83143
29760 11 19 83144
29762 11 21 83145
29764 11 22 83146
29766 11 23 83147
29768 11 1 83148
29770 11 2 83149
29772 11 3 83150
29774 11 5 83151
29776 11 9 83152
29778 11 10 83153
29780 11 14 83154
29782 11 15 83155
29784 11 19 83156
29786 11 21 83157
29788 11 22 83158
29790 11 23 83159
29792 11 1 83160
29794 11 2 83161
29796 11 3 83162
29798 11 5 83163
29800 11 9 83164
29802 11 10 83165
29804 11 14 83166
29806 11 15 83167
29808 11 19 83168
29810 11 21 83169
29812 11 22 83170
29814 11 23 83171
29816 11 1 83172
29818 11 2 83173
29820 11 3 83174
29822 11 5 83175
29824 11 9 83176
29826 11 10 83177
29828 11 14 83178
29830 11 15 83179
29832 11 19 83180
29834 11 21 83181
29836 11 22 83182
29838 11 23 83183
29840 11 1 83184
29842 11 2 83185
29844 11 3 83186
29846 11 5 83187
29848 11 9 83188
29850 11 10 83189
29852 11 14 83190
29854 11 15 83191
29856 11 19 83192
29858 11 21 83193
29860 11 22 83194
29862 11 23 83195
29864 11 1 83196
29866 11 2 83197
29868 11 3 83198
29870 11 5 83199
29872 11 9 83200
29874 11 10 83201
29876 11 14 83202
29878 11 15 83203
29880 11 19 83204
29882 11 21 83205
29884 11 22 83206
29886 11 23 83207
29888 11 1 83208
29890 11 2 83209
29892 11 3 83210
29894 11 5 83211
29896 11 9 83212
29898 11 10 83213
29900 11 14 83214
29902 11 15 83215
29904 11 19 83216
29906 11 21 83217
29908 11 22 83218
29910 11 23 83219
29912 11 1 83220
29914 11 2 83221
29916 11 3 83222
29918 11 5 83223
29920 11 9 83224
29922 11 10 83225
29924 11 14 83226
29926 11 15 83227
29928 11 19 83228
29930 11 21 83229
29932 11 22 83230
29934 11 23 83231
29936 11 1 83232
29938 11 2 83233
29940 11 3 83234
29942 11 5 83235
29944 11 9 83236
29946 11 10 83237
29948 11 14 83238
29950 11 15 83239
29952 11 19 83240
29954 11 21 83241
29956 11 22 83242
29958 11 23 83243
29960 11 1 83244
29962 11 2 83245
29964 11 3 83246
29966 11 5 83247
29968 11 9 83248
29970 11 10 83249
29972 11 14 83250
29974 11 15 83251
29976 11 19 83252
29978 11 21 83253
29980 11 22 83254
29982 11 23 83255
29984 11 1 83256
29986 11 2 83257
29988 11 3 83258
29990 11 5 83259
29992 11 9 83260
29994 11 10 83261
29996 11 14 83262
29998 11 15 83263
30000 11 19 83264
30002 11 21 83265
30004 11 22 83266
30006 11 23 83267
30008 11 1 83268
30010 11 2 83269
30012 11 3 83270
30014 11 5 83271
30016 11 9 83272
30018 11 10 83273
30020 11 14 83274
30022 11 15 83275
30024 11 19 83276
30026 11 21 83277
30028 11 22 83278
30030 11 23 83279
30032 11 1 83280
30034 11 2 83281
30036 11 3 83282
30038 11 5 83283
30040 11 9 83284
30042 11 10 83285
30044 11 14 83286
30046 11 15 83287
30048 11 19 83288
30050 11 21 83289
30052 11 22 83290
30054 11 23 83291
30056 11 1 83292
30058 11 2 83293
30060 11 3 83294
30062 11 5 83295
30064 11 9 83296
30066 11 10 83297
30068 11 14 83298
30070 11 15 83299
30072 11 19 83300
30074 11 21 83301
30076 11 22 83302
30078 11 23 83303
30080 11 1 83304
30082 11 2 83305
30084 11 3 83306
30086 11 5 83307
30088 11 9 83308
30090 11 10 83309
30092 11 14 83310
30094 11 15 83311
30096 11 19 83312
30098 11 21 83313
30100 11 22 83314
30102 11 23 83315
30104 11 1 83316
30106 11 2 83317
30108 11 3 83318
30110 11 5 83319
30112 11 9 83320
30114 11 10 83321
30116 11 14 83322
30118 11 15 83323
30120 11 19 83324
30122 11 21 83325
30124 11 22 83326
30126 11 23 83327
30128 11 1 83328
30130 11 2 83329
30132 11 3 83330
30134 11 5 83331
30136 11 9 83332
30138 11 10 83333
30140 11 14 83334
30142 11 15 83335
30144 11 19 83336
30146 11 21 83337
30150 11 22 83338
30152 11 23 83339
30154 11 1 83340
30156 11 2 83341
30158 11 3 83342
30160 11 5 83343
30162 11 9 83344
30164 11 10 83345
30166 11 14 83346
30168 11 15 83347
30170 11 19 83348
30172 11 21 83349
30174 11 22 83350
30176 11 23 83351
30178 11 1 83352
30180 11 2 83353
30182 11 3 83354
30184 11 5 83355
30186 11 9 83356
30188 11 10 83357
30190 11 14 83358
30192 11 15 83359
30194 11 19 83360
30196 11 21 83361
30198 11 22 83362
30200 11 23 83363
30202 11 1 83364
30204 11 2 83365
30206 11 3 83366
30208 11 5 83367
30210 11 9 83368
30212 11 10 83369
30214 11 14 83370
30216 11 15 83371
30218 11 19 83372
30220 11 21 83373
30222 11 22 83374
30224 11 23 83375
30226 11 1 83376
30228 11 2 83377
30230 11 3 83378
30232 11 5 83379
30234 11 9 83380
30236 11 10 83381
30238 11 14 83382
30240 11 15 83383
30242 11 19 83384
30244 11 21 83385
30246 11 22 83386
30248 11 23 83387
30250 11 1 83388
30252 11 2 83389
30254 11 3 83390
30256 11 5 83391
30258 11 9 83392
30270 11 10 83393
30272 11 14 83394
30274 11 15 83395
30276 11 19 83396
30356 11 21 83397
30358 11 22 83398
30360 11 23 83399
30362 11 1 83400
30364 11 2 83401
30370 11 3 83402
30372 11 5 83403
30374 11 9 83404
30376 11 10 83405
30378 11 14 83406
30380 11 15 83407
30382 11 19 83408
30384 11 21 83409
30386 11 22 83410
30388 11 23 83411
30390 11 1 83412
30392 11 2 83413
30394 11 3 83414
30652 11 5 83415
30654 11 9 83416
30656 11 10 83417
30658 11 14 83418
30660 11 15 83419
30662 11 19 83420
30664 11 21 83421
30666 11 22 83422
30668 11 23 83423
30670 11 1 83424
30672 11 2 83425
30674 11 3 83426
30676 11 5 83427
30678 11 9 83428
30680 11 10 83429
30682 11 14 83430
30684 11 15 83431
30686 11 19 83432
30688 11 21 83433
30690 11 22 83434
30692 11 23 83435
30694 11 1 83436
30698 11 2 83437
30700 11 3 83438
30702 11 5 83439
30742 11 9 83440
30744 11 10 83441
30746 11 14 83442
30748 11 15 83443
30750 11 19 83444
30752 11 21 83445
30754 11 22 83446
30756 11 23 83447
30758 11 1 83448
30760 11 2 83449
30762 11 3 83450
30764 11 5 83451
30766 11 9 83452
30768 11 10 83453
30770 11 14 83454
30772 11 15 83455
30774 11 19 83456
30776 11 21 83457
30778 11 22 83458
30780 11 23 83459
30782 11 1 83460
30784 11 2 83461
30786 11 3 83462
30788 11 5 83463
30790 11 9 83464
30792 11 10 83465
30794 11 14 83466
30796 11 15 83467
30798 11 19 83468
30800 11 21 83469
30802 11 22 83470
30804 11 23 83471
30806 11 1 83472
30808 11 2 83473
30810 11 3 83474
30812 11 5 83475
30814 11 9 83476
30816 11 10 83477
30818 11 14 83478
30820 11 15 83479
30822 11 19 83480
30824 11 21 83481
30826 11 22 83482
30828 11 23 83483
30830 11 1 83484
30832 11 2 83485
30834 11 3 83486
30836 11 5 83487
30838 11 9 83488
30840 11 10 83489
30842 11 14 83490
30844 11 15 83491
30846 11 19 83492
30848 11 21 83493
30850 11 22 83494
30852 11 23 83495
30854 11 1 83496
30856 11 2 83497
30858 11 3 83498
30860 11 5 83499
30862 11 9 83500
30864 11 10 83501
30866 11 14 83502
30868 11 15 83503
30870 11 19 83504
30872 11 21 83505
30874 11 22 83506
30876 11 23 83507
30878 11 1 83508
30880 11 2 83509
30882 11 3 83510
30884 11 5 83511
30886 11 9 83512
30888 11 10 83513
30890 11 14 83514
30892 11 15 83515
30894 11 19 83516
30896 11 21 83517
30898 11 22 83518
30900 11 23 83519
30902 11 1 83520
30904 11 2 83521
30906 11 3 83522
30908 11 5 83523
30910 11 9 83524
30912 11 10 83525
30914 11 14 83526
30916 11 15 83527
30918 11 19 83528
30920 11 21 83529
30922 11 22 83530
30924 11 23 83531
30926 11 1 83532
30928 11 2 83533
30930 11 3 83534
30932 11 5 83535
30934 11 9 83536
30936 11 10 83537
30938 11 14 83538
30940 11 15 83539
30942 11 19 83540
30944 11 21 83541
30946 11 22 83542
30948 11 23 83543
30950 11 1 83544
30952 11 2 83545
30954 11 3 83546
30956 11 5 83547
30958 11 9 83548
30960 11 10 83549
30962 11 14 83550
30964 11 15 83551
30966 11 19 83552
30968 11 21 83553
30970 11 22 83554
30972 11 23 83555
30974 11 1 83556
30976 11 2 83557
30978 11 3 83558
30980 11 5 83559
30982 11 9 83560
30984 11 10 83561
30986 11 14 83562
30988 11 15 83563
30990 11 19 83564
30992 11 21 83565
30994 11 22 83566
30996 11 23 83567
30998 11 1 83568
31000 11 2 83569
31002 11 3 83570
31004 11 5 83571
31006 11 9 83572
31008 11 10 83573
31010 11 14 83574
31012 11 15 83575
31014 11 19 83576
31016 11 21 83577
31018 11 22 83578
31020 11 23 83579
31022 11 1 83580
31024 11 2 83581
31026 11 3 83582
31028 11 5 83583
31030 11 9 83584
31032 11 1 0
31034 11 21 1017
31036 11 14 234
31040 11 5 267
31048 11 1 996
31050 11 15 235
31052 11 10 161
31054 11 1 168
31056 11 15 739
31058 11 19 776
31060 11 23 779
31062 11 5 39
31070 11 10 1917
31072 11 21 1273
31074 11 14 1330
31076 11 15 1379
31078 11 3 1386
31080 11 22 1958
31082 11 15 3079
31084 11 23 5335
31090 11 1 5336
31092 11 23 5347
31094 11 10 5593
31096 11 10 5329
31100 11 14 5450
31102 11 9 5568
31104 11 21 6137
31106 11 23 6031
31108 11 5 5363
31112 11 23 5563
31114 11 9 5376
31118 11 10 5377
31120 11 15 5379
31122 11 14 5882
31124 11 22 5394
31130 11 5 5171
31132 11 14 5222
31134 11 14 5414
31136 11 1 7116
31138 11 14 7122
31140 11 21 7089
31146 11 19 6212
31148 11 3 6278
31150 11 2 6217
31152 11 1 6360
31154 11 3 6374
31156 11 23 6539
31158 11 23 6647
31160 11 22 6790
31162 11 10 6809
31164 11 9 7084
31166 11 15 9919
31168 11 15 10799
31192 11 14 11990
31194 11 23 12695
31196 11 23 12899
31198 11 21 14957
31200 11 2 17369
31202 11 21 17681
31206 11 15 17679
31210 11 2 17685
31212 11 14 17678
31236 11 3 17686
31238 11 5 17723
31240 11 22 17730
31252 11 15 17739
31254 11 10 17773
31258 11 9 17796
31262 11 19 17800
31270 11 22 17838
31274 11 22 17850
31280 11 21 17861
31282 11 5 17879
31310 11 9 17880
31312 11 3 17890
31314 11 1 17912
31338 11 2 17925
31340 11 2 17949
31346 11 5 17963
31348 11 15 17979
31360 11 22 17982
31366 11 23 18019
31380 11 1 18020
31400 11 2 18021
31414 11 5 18023
31430 11 21 18029
31448 11 14 18098
31466 11 2 18829
31468 11 14 19254
31470 11 9 20096
31472 11 2 19481
31474 11 2 20405
31476 11 1 20780
31478 11 5 20903
31480 11 1 22440
31482 11 1 23308
31484 11 21 23813
31486 11 15 25039
31488 11 19 25040
31490 11 21 25041
31492 11 1 25044
31494 11 15 25123
31496 11 9 26144
31500 11 21 25933
31502 11 2 25937
31506 11 3 25938
31508 11 5 25939
31510 11 23 26635
31512 11 15 28835
31514 11 2 32105
31516 11 2 34633
31518 11 23 36247
31520 11 14 36074
31544 11 23 39631
31554 11 9 43060
31556 11 23 45091
31558 11 14 45074
31560 11 2 45057
31562 11 2 45153
31564 11 3 45190
31566 11 19 45196
31568 11 3 45202
31570 11 21 45221
31572 11 19 45280
31574 11 1 45284
31576 11 2 45285
31582 11 21 45305
31588 11 3 45310
31590 11 5 45443
31592 11 10 45325
31594 11 14 45326
31596 11 10 45529
31598 11 14 45578
31600 11 15 45579
31602 11 5 45467
31604 11 9 45468
31606 11 10 45469
31608 11 14 45470
31610 11 15 45471
31612 11 19 45472
31614 11 21 45473
31616 11 22 45474
31618 11 23 45475
31620 11 1 45476
31622 11 2 45477
31624 11 3 45478
31626 11 5 45479
31628 11 9 45480
31630 11 10 45481
31632 11 14 45482
31634 11 14 45530
31636 11 15 45531
31638 11 19 45532
31640 11 21 45533
31642 11 23 45535
31644 11 1 45536
31646 11 2 45537
31648 11 3 45538
31650 11 5 45539
31652 11 9 45540
31654 11 10 45541
31656 11 14 45542
31658 11 15 45543
31660 11 9 45504
31662 11 10 45505
31664 11 14 45506
31666 11 15 45507
31668 11 19 45508
31670 11 21 45509
31672 11 22 45510
31674 11 23 45511
31676 11 1 45512
31678 11 2 45513
31680 11 3 45514
31682 11 5 45515
31684 11 9 45516
31686 11 10 45517
31688 11 14 45518
31690 11 15 45519
31692 11 19 45520
31694 11 1 45548
31696 11 2 45549
31698 11 3 45550
31700 11 5 45551
31702 11 9 45552
31704 11 10 45553
31706 11 14 45554
31708 11 15 45555
31710 11 19 45556
31712 11 10 45589
31714 11 15 45591
31716 11 19 45592
31718 11 21 45593
31720 11 22 45594
31722 11 23 45595
31724 11 1 45596
31726 11 2 45597
31728 11 3 45598
31730 11 5 45599
31732 11 9 45600
31734 11 10 45601
31736 11 14 45602
31738 11 15 45603
31740 11 19 45604
31742 11 19 45580
31744 11 21 45581
31746 11 14 45590
31748 11 19 45616
31750 11 1 45620
31752 11 2 45621
31756 11 3 45634
31758 11 2 45633
31760 11 9 45636
31764 11 21 45641
31768 11 5 45635
31770 11 14 45638
31772 11 1 45644
31774 11 10 45637
31778 11 19 45640
31780 11 23 45643
31782 11 15 45639
31784 11 22 45642
31800 11 23 45583
31802 11 10 45829
31804 11 1 45836
31808 11 5 45827
31810 11 14 45830
31812 11 15 45831
31814 11 19 45832
31836 11 21 45833
31844 11 22 45834
31848 11 23 45835
31854 11 9 45828
31858 11 5 45839
31860 11 9 45840
31862 11 10 45841
31864 11 14 45842
31866 11 15 45843
31868 11 19 45844
31870 11 21 45845
31872 11 22 45846
31874 11 23 45847
31876 11 1 45848
31878 11 2 45849
31880 11 3 45850
31882 11 5 45851
31884 11 9 45852
31886 11 10 45853
31888 11 14 45854
31890 11 15 45855
31892 11 19 45856
31894 11 21 45857
31896 11 22 45858
31898 11 23 45859
31900 11 1 45860
31902 11 3 45838
32112 11 3 45862
32114 11 15 45867
32116 11 21 45869
32118 11 5 45863
32120 11 9 45864
32122 11 9 45876
32128 11 10 45865
32138 11 14 45866
32146 11 19 45868
32152 11 22 45870
32154 11 23 45871
32156 11 1 45872
32158 11 2 45873
32160 11 3 45874
32162 11 5 45875
32206 11 9 45960
32208 11 10 45961
32210 11 22 45966
32216 11 14 45962
32222 11 15 45963
32228 11 19 45964
32236 11 21 45965
32246 11 23 45967
32250 11 2 45969
32252 11 3 45970
32254 11 9 45972
32256 11 5 45971
32258 11 23 45979
32264 11 10 45973
32272 11 14 45974
32276 11 15 45975
32282 11 19 45976
32288 11 21 45977
32294 11 22 45978
32304 11 22 46050
32306 11 23 46051
32308 11 1 46052
32310 11 2 46053
32312 11 3 46054
32314 11 5 46055
32316 11 9 46056
32318 11 10 46057
32320 11 14 46058
32322 11 15 46059
32324 11 22 46594
32326 11 21 47437
32328 11 2 48981
32338 11 9 48588
32340 11 21 50245
32342 11 9 50624
32344 11 15 52999
32346 11 22 52714
32348 11 2 53621
32350 11 2 58825
32354 11 1 64076
32356 11 21 71893
32358 11 22 101298
32360 11 23 101299
32362 11 1 101300
32364 11 2 101301
32366 11 3 101302
32368 11 5 101303
32370 11 9 101304
32372 11 10 101305
32374 11 14 101306
32376 11 15 101307
32378 11 19 101308
32380 11 21 101309
32382 11 22 101310
32384 11 23 101311
32386 11 1 101312
32388 11 2 101313
32390 11 3 101314
32392 11 5 101315
32394 11 9 101316
32396 11 10 101317
32398 11 14 101318
32400 11 15 101319
32402 11 19 101320
32404 11 21 101321
32406 11 22 101322
32408 11 23 101323
32410 11 1 101324
32412 11 2 101325
32414 11 3 101326
32416 11 5 101327
32418 11 9 101328
32420 11 10 101329
32422 11 14 101330
32424 11 15 101331
32426 11 19 101332
32428 11 21 101333
32430 11 22 101334
32432 11 23 101335
32434 11 1 101336
32436 11 2 101337
32438 11 3 101338
32440 11 5 101339
32442 11 9 101340
32444 11 10 101341
32446 11 14 101342
32448 11 15 101343
32450 11 19 101344
32452 11 21 101345
32454 11 22 101346
32456 11 23 101347
32458 11 1 101348
32460 11 2 101349
32462 11 3 101350
32464 11 5 101351
32466 11 9 101352
32468 11 10 101353
32470 11 14 101354
32472 11 15 101355
32474 11 19 101356
32476 11 21 101357
32478 11 22 101358
32480 11 23 101359
32482 11 1 101360
32484 11 2 101361
32486 11 3 101362
32488 11 5 101363
32490 11 9 101364
32492 11 10 101365
32494 11 14 101366
32496 11 15 101367
32498 11 19 101368
32500 11 21 101369
32502 11 22 101370
32504 11 23 101371
32506 11 1 101372
32508 11 2 101373
32510 11 3 101374
32512 11 5 101375
32514 11 1 101376
32516 11 2 101377
32518 11 3 101378
32520 11 5 101379
32522 11 9 101380
32524 11 10 101381
32526 11 14 101382
32528 11 15 101383
32530 11 19 101384
32532 11 21 101385
32534 11 22 101386
32536 11 23 101387
32538 11 1 101388
32540 11 2 101389
32542 11 3 101390
32544 11 5 101391
32546 11 9 101392
32548 11 10 101393
32550 11 14 101394
32552 11 15 101395
32554 11 19 101396
32556 11 21 101397
32558 11 22 101398
32560 11 23 101399
32562 11 1 101400
32564 11 2 101401
32566 11 3 101402
32568 11 5 101403
32570 11 9 101404
32572 11 10 101405
32574 11 14 101406
32576 11 15 101407
32578 11 19 101408
32580 11 21 101409
32582 11 22 101410
32584 11 23 101411
32586 11 1 101412
32588 11 2 101413
32590 11 3 101414
32592 11 5 101415
32594 11 9 101416
32596 11 10 101417
32598 11 14 101418
32600 11 15 101419
32602 11 19 101420
32604 11 21 101421
32606 11 22 101422
32608 11 23 101423
32610 11 1 101424
32612 11 2 101425
32614 11 3 101426
32616 11 5 101427
32618 11 9 101428
32620 11 10 101429
32622 11 14 101430
32624 11 15 101431
32626 11 19 101432
32628 11 21 101433
32630 11 22 101434
32632 11 23 101435
32634 11 1 101436
32636 11 2 101437
32638 11 3 101438
32640 11 5 101439
32642 11 9 101440
32644 11 10 101441
32646 11 14 101442
32648 11 15 101443
32650 11 19 101444
32652 11 21 101445
32654 11 22 101446
32656 11 23 101447
32658 11 1 101448
32660 11 2 101449
32662 11 3 101450
32664 11 5 101451
32666 11 9 101452
32668 11 10 101453
32670 11 14 101454
32672 11 15 101455
32674 11 19 101456
32676 11 21 101457
32678 11 22 101458
32680 11 23 101459
32682 11 1 101460
32684 11 2 101461
32686 11 3 101462
32688 11 5 101463
32690 11 9 101464
32692 11 10 101465
32694 11 14 101466
32696 11 15 101467
32698 11 19 101468
32700 11 21 101469
32702 11 22 101470
32704 11 23 101471
32708 11 1 101472
32710 11 2 101473
32712 11 3 101474
32714 11 5 101475
32716 11 9 101476
32718 11 10 101477
32720 11 14 101478
32722 11 15 101479
32724 11 19 101480
32726 11 21 101481
32728 11 22 101482
32730 11 23 101483
32732 11 1 101484
32734 11 2 101485
32736 11 3 101486
32738 11 5 101487
32740 11 9 101488
32742 11 10 101489
32744 11 14 101490
32746 11 15 101491
32748 11 19 101492
32750 11 21 101493
32752 11 22 101494
32754 11 23 101495
32756 11 1 101496
32758 11 2 101497
32760 11 3 101498
32762 11 5 101499
32764 11 9 101500
32766 11 10 101501
32768 11 14 101502
32770 11 15 101503
32772 11 19 101504
32774 11 21 101505
32776 11 22 101506
32778 11 23 101507
32782 11 1 101508
32784 11 2 101509
32786 11 3 101510
32788 11 5 101511
32790 11 9 101512
32792 11 10 101513
32794 11 14 101514
32796 11 15 101515
32798 11 19 101516
32800 11 21 101517
32802 11 22 101518
32804 11 23 101519
32806 11 1 101520
32808 11 2 101521
32810 11 3 101522
32812 11 5 101523
32814 11 9 101524
32816 11 10 101525
32818 11 14 101526
32820 11 15 101527
32822 11 19 101528
32824 11 21 101529
32826 11 22 101530
32828 11 23 101531
32830 11 1 101532
32832 11 2 101533
32834 11 3 101534
32836 11 5 101535
32838 11 9 101536
32840 11 10 101537
32842 11 14 101538
32844 11 15 101539
32846 11 19 101540
32848 11 21 101541
32850 11 22 101542
32852 11 23 101543
32854 11 1 101544
32856 11 2 101545
32858 11 3 101546
32860 11 5 101547
32862 11 9 101548
32864 11 10 101549
32866 11 14 101550
32868 11 15 101551
32870 11 19 101552
32872 11 21 101553
32874 11 22 101554
32876 11 23 101555
32878 11 1 101556
32880 11 2 101557
32882 11 3 101558
32884 11 5 101559
32886 11 9 101560
32888 11 10 101561
32890 11 14 101562
32892 11 15 101563
32894 11 19 101564
32896 11 21 101565
32898 11 22 101566
32900 11 23 101567
32902 11 1 101568
32904 11 2 101569
32906 11 3 101570
32908 11 5 101571
32910 11 9 101572
32912 11 10 101573
32914 11 14 101574
32916 11 15 101575
32918 11 19 101576
32920 11 21 101577
32922 11 22 101578
32924 11 23 101579
32926 11 1 101580
32928 11 2 101581
32930 11 3 101582
32932 11 5 101583
32934 11 9 101584
32936 11 10 101585
32938 11 14 101586
32940 11 15 101587
32942 11 19 101588
32944 11 21 101589
32946 11 22 101590
32948 11 23 101591
32950 11 1 101592
32952 11 2 101593
32954 11 3 101594
32956 11 5 101595
32958 11 9 101596
32960 11 10 101597
32962 11 14 101598
32964 11 15 101599
32966 11 19 101600
32968 11 21 101601
32970 11 22 101602
32972 11 23 101603
32974 11 1 101604
32976 11 2 101605
32978 11 3 101606
32980 11 5 101607
32982 11 9 101608
32984 11 10 101609
32986 11 14 101610
32988 11 15 101611
32990 11 19 101612
32992 11 21 101613
32994 11 22 101614
32996 11 23 101615
32998 11 1 101616
33000 11 2 101617
33002 11 3 101618
33004 11 5 101619
33006 11 9 101620
33008 11 10 101621
33010 11 14 101622
33012 11 15 101623
33014 11 19 101624
33016 11 21 101625
33018 11 22 101626
33020 11 23 101627
33022 11 1 101628
33024 11 2 101629
33026 11 3 101630
33028 11 5 101631
33030 11 9 101632
33032 11 10 101633
33034 11 14 101634
33036 11 15 101635
33038 11 19 101636
33040 11 21 101637
33042 11 22 101638
33044 11 23 101639
33046 11 1 101640
33048 11 2 101641
33050 11 3 101642
33052 11 5 101643
33054 11 9 101644
33056 11 10 101645
33058 11 14 101646
33060 11 15 101647
33062 11 19 101648
33064 11 21 101649
33066 11 22 101650
33068 11 23 101651
33070 11 1 101652
33072 11 2 101653
33074 11 3 101654
33076 11 5 101655
33078 11 9 101656
33080 11 10 101657
33082 11 14 101658
33084 11 15 101659
33086 11 19 101660
33088 11 21 101661
33090 11 22 101662
33092 11 23 101663
33094 11 1 101664
33096 11 2 101665
33098 11 3 101666
33100 11 5 101667
33102 11 9 101668
33104 11 10 101669
33106 11 14 101670
33108 11 15 101671
33110 11 19 101672
33112 11 21 101673
33114 11 22 101674
33116 11 23 101675
33118 11 1 101676
33120 11 2 101677
33122 11 3 101678
33124 11 5 101679
33126 11 9 101680
33128 11 10 101681
33130 11 14 101682
33132 11 15 101683
33134 11 19 101684
33136 11 21 101685
33138 11 22 101686
33140 11 23 101687
33142 11 1 101688
33144 11 2 101689
33146 11 3 101690
33148 11 5 101691
33150 11 9 101692
33152 11 10 101693
33154 11 14 101694
33156 11 15 101695
33158 11 19 101696
33160 11 21 101697
33162 11 22 101698
33164 11 23 101699
33166 11 1 101700
33168 11 2 101701
33170 11 3 101702
33172 11 5 101703
33174 11 9 101704
33176 11 10 101705
33178 11 14 101706
33180 11 15 101707
33182 11 19 101708
33184 11 21 101709
33186 11 22 101710
33188 11 23 101711
33190 11 1 101712
33192 11 2 101713
33194 11 3 101714
33196 11 5 101715
33198 11 9 101716
33200 11 10 101717
33202 11 14 101718
33204 11 15 101719
33206 11 19 101720
33208 11 21 101721
33210 11 22 101722
33212 11 23 101723
33214 11 1 101724
33216 11 2 101725
33218 11 3 101726
33220 11 5 101727
33222 11 9 101728
33224 11 10 101729
33226 11 14 101730
33228 11 15 101731
33230 11 19 101732
33232 11 21 101733
33234 11 22 101734
33236 11 23 101735
33238 11 1 101736
33240 11 2 101737
33242 11 3 101738
33244 11 5 101739
33246 11 9 101740
33248 11 10 101741
33250 11 14 101742
33252 11 15 101743
33254 11 19 101744
33256 11 21 101745
33258 11 22 101746
33260 11 23 101747
33262 11 1 101748
33264 11 2 101749
33266 11 3 101750
33268 11 5 101751
33270 11 9 101752
33272 11 10 101753
33274 11 14 101754
33276 11 15 101755
33278 11 19 101756
33280 11 21 101757
33282 11 22 101758
33284 11 23 101759
33286 11 1 101760
33288 11 2 101761
33290 11 3 101762
33292 11 5 101763
33294 11 9 101764
33296 11 10 101765
33298 11 14 101766
33300 11 15 101767
33302 11 19 101768
33304 11 21 101769
33306 11 22 101770
33308 11 23 101771
33310 11 1 101772
33312 11 2 101773
33314 11 3 101774
33316 11 5 101775
33318 11 9 101776
33320 11 10 101777
33322 11 14 101778
33324 11 15 101779
33326 11 19 101780
33328 11 21 101781
33330 11 22 101782
33332 11 23 101783
33334 11 1 101784
33336 11 2 101785
33338 11 3 101786
33340 11 5 101787
33342 11 9 101788
33344 11 10 101789
33346 11 14 101790
33348 11 15 101791
33350 11 19 101792
33352 11 21 101793
33354 11 22 101794
33356 11 23 101795
33358 11 1 101796
33360 11 2 101797
33362 11 3 101798
33364 11 5 101799
33366 11 9 101800
33368 11 10 101801
33370 11 14 101802
33372 11 15 101803
33374 11 19 101804
33376 11 21 101805
33378 11 22 101806
33380 11 23 101807
33382 11 1 101808
33384 11 2 101809
33386 11 3 101810
33388 11 5 101811
33390 11 9 101812
33392 11 10 101813
33394 11 14 101814
33396 11 15 101815
33398 11 19 101816
33400 11 21 101817
33402 11 22 101818
33404 11 23 101819
33406 11 1 101820
33408 11 2 101821
33410 11 3 101822
33412 11 5 101823
33414 11 9 101824
33416 11 10 101825
33418 11 14 101826
33420 11 15 101827
33422 11 19 101828
33424 11 21 101829
33426 11 22 101830
33428 11 23 101831
33430 11 1 101832
33432 11 2 101833
33436 11 3 101834
33438 11 5 101835
33440 11 9 101836
33442 11 10 101837
33444 11 14 101838
33446 11 15 101839
33448 11 19 101840
33450 11 21 101841
33452 11 22 101842
33454 11 23 101843
33456 11 1 101844
33458 11 2 101845
33460 11 3 101846
33462 11 5 101847
33464 11 9 101848
33466 11 10 101849
33468 11 14 101850
33470 11 15 101851
33472 11 19 101852
33474 11 21 101853
33476 11 22 101854
33478 11 23 101855
33480 11 1 101856
33482 11 2 101857
33484 11 3 101858
33486 11 5 101859
33488 11 9 101860
33490 11 10 101861
33492 11 14 101862
33494 11 15 101863
33496 11 19 101864
33498 11 21 101865
33500 11 22 101866
33502 11 23 101867
33504 11 1 101868
33506 11 2 101869
33508 11 3 101870
33510 11 5 101871
33512 11 9 101872
33514 11 10 101873
33516 11 14 101874
33518 11 15 101875
33520 11 19 101876
33522 11 21 101877
33524 11 22 101878
33526 11 23 101879
33528 11 1 101880
33530 11 2 101881
33532 11 3 101882
33534 11 5 101883
33536 11 9 101884
33538 11 10 101885
33540 11 14 101886
33542 11 15 101887
33544 11 19 101888
33546 11 21 101889
33548 11 22 101890
33550 11 23 101891
33552 11 1 101892
33554 11 2 101893
33556 11 3 101894
33558 11 5 101895
33560 11 9 101896
33562 11 10 101897
33564 11 14 101898
33566 11 15 101899
33572 11 19 101900
33574 11 21 101901
33576 11 22 101902
33578 11 23 101903
33580 11 1 101904
33582 11 2 101905
33584 11 3 101906
33586 11 5 101907
33590 11 9 101908
33592 11 10 101909
33596 11 14 101910
33598 11 15 101911
33600 11 19 101912
33602 11 21 101913
33604 11 22 101914
33606 11 23 101915
33608 11 1 101916
33610 11 2 101917
33612 11 3 101918
33614 11 5 101919
33616 11 9 101920
33618 11 10 101921
33620 11 14 101922
33622 11 15 101923
33624 11 19 101924
33626 11 21 101925
33628 11 22 101926
33630 11 23 101927
33632 11 1 101928
33634 11 2 101929
33636 11 3 101930
33638 11 5 101931
33640 11 9 101932
33642 11 10 101933
33644 11 14 101934
33646 11 15 101935
33648 11 19 101936
33650 11 21 101937
33652 11 22 101938
33654 11 23 101939
33656 11 1 101940
33658 11 2 101941
33660 11 3 101942
33662 11 5 101943
33664 11 9 101944
33666 11 10 101945
33668 11 14 101946
33670 11 15 101947
33672 11 19 101948
33674 11 21 101949
33676 11 22 101950
33678 11 23 101951
33680 11 1 101952
33682 11 2 101953
33684 11 3 101954
33686 11 5 101955
33688 11 9 101956
33690 11 10 101957
33692 11 14 101958
33694 11 15 101959
33696 11 19 101960
33698 11 21 101961
33700 11 22 101962
33702 11 23 101963
33704 11 1 101964
33706 11 2 101965
33708 11 3 101966
33710 11 5 101967
33712 11 9 101968
33714 11 10 101969
33716 11 14 101970
33718 11 15 101971
33720 11 19 101972
33722 11 21 101973
33724 11 22 101974
33726 11 23 101975
33728 11 1 101976
33730 11 2 101977
33732 11 3 101978
33734 11 5 101979
33736 11 9 101980
33738 11 10 101981
33740 11 14 101982
33742 11 15 101983
33744 11 19 101984
33746 11 21 101985
33748 11 22 101986
33750 11 23 101987
33752 11 1 101988
33754 11 2 101989
33756 11 3 101990
33758 11 5 101991
33760 11 9 101992
33762 11 10 101993
33764 11 14 101994
33766 11 15 101995
33768 11 19 101996
33770 11 21 101997
33772 11 22 101998
33774 11 23 101999
33776 11 1 102000
33778 11 2 102001
33780 11 3 102002
33782 11 5 102003
33784 11 9 102004
33786 11 10 102005
33788 11 14 102006
33790 11 15 102007
33792 11 19 102008
33794 11 21 102009
33796 11 22 102010
33798 11 23 102011
33800 11 1 102012
33802 11 2 102013
33804 11 3 102014
33806 11 5 102015
33808 11 9 102016
33810 11 10 102017
33812 11 14 102018
33820 11 15 102019
33822 11 19 102020
33824 11 21 102021
33826 11 22 102022
33828 11 23 102023
33830 11 1 102024
33832 11 2 102025
33834 11 3 102026
33836 11 5 102027
33838 11 9 102028
33840 11 10 102029
33842 11 14 102030
33844 11 15 102031
33846 11 19 102032
33848 11 21 102033
33850 11 22 102034
33852 11 23 102035
33854 11 1 102036
33856 11 2 102037
33860 11 3 102038
33862 11 5 102039
33864 11 9 102040
33866 11 10 102041
33868 11 14 102042
33870 11 15 102043
33872 11 19 102044
33874 11 21 102045
33876 11 22 102046
33878 11 23 102047
33880 11 1 102048
33882 11 2 102049
33884 11 3 102050
33886 11 5 102051
33888 11 9 102052
33890 11 1 0
33894 11 10 833
33896 11 5 39
33902 11 21 45
33904 11 10 101
33906 11 21 201
33908 11 15 955
33910 11 1 996
33918 11 21 837
33930 11 3 830
33932 11 22 862
33936 11 3 170
33942 11 19 680
33944 11 9 1160
33946 11 21 1273
33968 11 19 1668
33974 11 19 1152
33976 11 23 1179
33978 11 21 2981
33980 11 14 3282
33982 11 15 3079
33984 11 21 3237
33986 11 22 3238
33988 11 23 3239
33990 11 1 4468
33992 11 23 5335
33994 11 10 5989
33996 11 15 6295
34022 11 1 6300
34024 11 9 6304
34032 11 15 6307
34034 11 2 6313
34048 11 3 6314
34050 11 14 6438
34052 11 1 6324
34070 11 2 6325
34076 11 15 6331
34078 11 22 6334
34082 11 1 6336
34084 11 5 6339
34086 11 1 6348
34100 11 19 6356
34128 11 22 6358
34130 11 3 6362
34146 11 14 6366
34150 11 19 6404
34154 11 19 6368
34198 11 10 6377
34200 11 5 6675
34202 11 15 7835
34204 11 23 8371
34206 11 21 9921
34208 11 14 11990
34210 11 10 11857
34212 11 9 12036
34214 11 10 11893
34216 11 10 12353
34218 11 23 12671
34220 11 5 12819
34222 11 19 12692
34224 11 3 13890
34226 11 2 14213
34228 11 5 13687
34230 11 21 14957
34232 11 3 15346
34234 11 22 14514
34236 11 2 15457
34240 11 3 15458
34242 11 14 15462
34244 11 19 15476
34268 11 21 15489
34270 11 10 16713
34272 11 2 17333
34274 11 15 16727
34276 11 5 16435
34278 11 9 17204
34280 11 1 16888
34284 11 23 16947
34286 11 21 18197
34288 11 1 17984
34290 11 9 17568
34292 11 1 17792
34294 11 19 17944
34296 11 23 18803
34298 11 23 19247
34300 11 19 18992
34302 11 3 19082
34304 11 3 20142
34306 11 3 20298
34308 11 2 20925
34310 11 22 22042
34312 11 2 21925
34314 11 23 22779
34316 11 1 22780
34318 11 2 22781
34320 11 3 22782
34322 11 5 22783
34324 11 9 22784
34326 11 10 22785
34328 11 14 22786
34330 11 15 22787
34332 11 19 22788
34334 11 21 22789
34336 11 23 22791
34338 11 1 22792
34422 11 15 22799
34426 11 22 22802
34428 11 23 22803
34430 11 1 22816
34444 11 5 22819
34446 11 9 22820
34456 11 15 23483
34458 11 15 22823
34462 11 21 22825
34472 11 23 22827
34476 11 10 22845
34498 11 9 22868
34504 11 15 22871
34506 11 1 22876
34508 11 15 22883
34510 11 23 22911
34512 11 5 22915
34520 11 22 22610
34528 11 1 22936
34530 11 2 22937
34532 11 3 22938
34534 11 9 22940
34536 11 10 22941
34538 11 14 22942
34696 11 3 22950
34698 11 5 22951
34700 11 9 22952
34702 11 2 22949
34710 11 15 22979
34714 11 21 22981
34716 11 1 22984
34728 11 2 22985
34730 11 5 23059
34732 11 14 24290
34734 11 15 25015
34736 11 21 26245
34738 11 22 26102
34742 11 10 26589
34744 11 10 26325
34746 11 15 26411
34748 11 1 25912
34750 11 14 26026
34752 11 1 32068
34754 11 15 32075
34756 11 23 33307
34758 11 10 33517
34760 11 23 34271
34762 11 21 34825
34764 11 5 35107
34766 11 9 35108
34768 11 14 35110
34770 11 10 35649
34772 11 3 35586
34774 11 15 35931
34776 11 23 36043
34778 11 3 36430
34780 11 1 37032
34782 11 2 37837
34784 11 3 37838
34786 11 2 38705
34788 11 5 38755
34790 11 3 39142
34792 11 9 39156
34794 11 15 40231
34796 11 23 40247
34798 11 5 40251
34800 11 19 41808
34802 11 22 41078
34804 11 23 41079
34806 11 14 42398
34808 11 23 43583
34810 11 9 43744
34812 11 19 43736
34814 11 22 44042
34816 11 14 44158
34818 11 15 44159
34820 11 21 44377
34822 11 14 45458
34824 11 5 45059
34826 11 23 45439
34828 11 19 47808
34830 11 3 48394
34832 11 1 49932
34834 11 22 50678
34836 11 3 50874
34838 11 1 52196
34840 11 23 54331
34842 11 2 56825
34844 11 22 58570
34846 11 15 58723
34848 11 19 58700
34850 11 21 58701
34852 11 22 58714
34854 11 3 58718
34856 11 3 58730
34858 11 1 58740
34860 11 1 58788
34862 11 2 58789
34864 11 5 58791
34866 11 9 58792
34868 11 14 58794
34870 11 15 58795
34872 11 21 58797
34874 11 22 58798
34876 11 1 58800
34878 11 2 58801
34880 11 14 58806
34882 11 15 58807
34884 11 19 58808
34886 11 21 58809
34888 11 22 58810
34890 11 23 58811
34892 11 1 58812
34894 11 14 58818
34896 11 19 58832
34898 11 21 58869
34900 11 15 58867
34902 11 19 58868
34904 11 15 58879
34906 11 21 58881
34908 11 9 58900
34910 11 10 58901
34912 11 14 58902
34914 11 15 58903
34916 11 19 58904
34918 11 21 58905
34920 11 22 58906
35006 11 1 58908
35008 11 14 58530
35010 11 22 59098
35012 11 23 59099
35014 11 1 59100
35016 11 10 59105
35018 11 14 59106
35020 11 5 59283
35022 11 1 59292
35024 11 3 59282
35026 11 2 59281
35028 11 19 59288
35030 11 21 59325
35032 11 22 59326
35034 11 1 59328
35036 11 9 59804
35038 11 15 61999
35040 11 10 61577
35042 11 15 63047
35044 11 21 63049
35046 11 15 65819
35048 11 1 67292
35050 11 2 71873
35054 11 14 71986
35060 11 3 72462
35062 11 5 73667
35064 11 21 75553
35066 11 22 75554
35068 11 23 75555
35070 11 1 75556
35072 11 2 75557
35074 11 3 75558
35076 11 5 75559
35078 11 9 75560
35080 11 10 75561
35082 11 14 75562
35084 11 15 75563
35086 11 19 75564
35088 11 22 75566
35090 11 23 75567
35092 11 19 75312
35094 11 22 76170
35096 11 14 81610
35098 11 23 82387
35100 11 3 90450
35102 11 3 92146
35104 11 21 95165
35106 11 3 97450
35108 11 14 102138
35110 11 5 104087
35112 11 10 105477
35114 11 5 105811
35116 11 9 105812
35118 11 10 105813
35120 11 14 105814
35122 11 15 105815
35124 11 19 105816
35126 11 21 105817
35128 11 22 105818
35130 11 23 105819
35132 11 1 105820
35134 11 2 105821
35136 11 3 105822
35138 11 5 105823
35140 11 9 105824
35142 11 10 105825
35204 11 22 105830
35206 11 23 105831
35208 11 3 105834
35210 11 9 107208
35214 11 21 109625
35216 11 19 110924
35218 11 15 112523
35220 11 22 114178
35222 11 23 114179
35224 11 1 114180
35226 11 2 114181
35228 11 3 114182
35230 11 5 114183
35232 11 9 114184
35234 11 10 114185
35236 11 14 114186
35238 11 15 114187
35240 11 19 114188
35242 11 21 114189
35244 11 22 114190
35246 11 23 114191
35248 11 1 114192
35250 11 2 114193
35252 11 3 114194
35254 11 5 114195
35256 11 9 114196
35258 11 10 114197
35260 11 14 114198
35262 11 15 114199
35264 11 19 114200
35266 11 21 114201
35268 11 22 114202
35270 11 23 114203
35272 11 1 114204
35274 11 2 114205
35276 11 3 114206
35278 11 5 114207
35280 11 9 114208
35282 11 10 114209
35284 11 14 114210
35286 11 15 114211
35288 11 19 114212
35290 11 21 114213
35292 11 22 114214
35294 11 23 114215
35296 11 1 114216
35298 11 2 114217
35300 11 3 114218
35302 11 5 114219
35304 11 9 114220
35306 11 10 114221
35308 11 14 114222
35310 11 15 114223
35312 11 19 114224
35314 11 21 114225
35316 11 22 114226
35318 11 23 114227
35320 11 1 114228
35322 11 2 114229
35324 11 3 114230
35326 11 5 114231
35328 11 9 114232
35330 11 10 114233
35332 11 14 114234
35334 11 15 114235
35336 11 19 114236
35338 11 21 114237
35340 11 22 114238
35342 11 23 114239
35344 11 1 114240
35346 11 2 114241
35348 11 3 114242
35350 11 5 114243
35352 11 9 114244
35354 11 10 114245
35356 11 14 114246
35358 11 15 114247
35360 11 19 114248
35362 11 21 114249
35364 11 22 114250
35366 11 23 114251
35368 11 1 114252
35370 11 2 114253
35372 11 3 114254
35374 11 5 114255
35376 11 9 114256
35378 11 10 114257
35380 11 14 114258
35382 11 15 114259
35384 11 19 114260
35386 11 21 114261
35388 11 22 114262
35390 11 23 114263
35392 11 1 114264
35394 11 2 114265
35396 11 3 114266
35398 11 5 114267
35400 11 9 114268
35402 11 10 114269
35404 11 14 114270
35406 11 15 114271
35408 11 19 114272
35410 11 21 114273
35412 11 22 114274
35414 11 23 114275
35416 11 1 114276
35418 11 2 114277
35420 11 3 114278
35422 11 5 114279
35424 11 9 114280
35426 11 10 114281
35428 11 14 114282
35430 11 15 114283
35432 11 19 114284
35434 11 21 114285
35436 11 22 114286
35438 11 23 114287
35440 11 1 114288
35442 11 2 114289
35444 11 3 114290
35446 11 5 114291
35448 11 9 114292
35450 11 10 114293
35452 11 14 114294
35454 11 15 114295
35456 11 19 114296
35458 11 21 114297
35460 11 22 114298
35462 11 23 114299
35464 11 1 114300
35466 11 2 114301
35468 11 3 114302
35470 11 5 114303
35474 11 9 114304
35476 11 10 114305
35478 11 14 114306
35480 11 15 114307
35482 11 19 114308
35484 11 21 114309
35486 11 22 114310
35488 11 23 114311
35490 11 1 114312
35492 11 2 114313
35494 11 3 114314
35496 11 5 114315
35498 11 9 114316
35500 11 10 114317
35502 11 14 114318
35504 11 15 114319
35506 11 19 114320
35508 11 21 114321
35510 11 22 114322
35512 11 23 114323
35514 11 1 114324
35516 11 2 114325
35518 11 3 114326
35520 11 5 114327
35522 11 9 114328
35524 11 10 114329
35526 11 14 114330
35528 11 15 114331
35530 11 19 114332
35532 11 21 114333
35534 11 22 114334
35536 11 23 114335
35538 11 1 114336
35540 11 2 114337
35542 11 3 114338
35544 11 5 114339
35546 11 9 114340
35548 11 10 114341
35550 11 14 114342
35552 11 15 114343
35554 11 19 114344
35556 11 21 114345
35558 11 22 114346
35560 11 23 114347
35562 11 1 114348
35564 11 2 114349
35566 11 3 114350
35568 11 5 114351
35570 11 9 114352
35572 11 10 114353
35574 11 14 114354
35576 11 15 114355
35578 11 19 114356
35580 11 21 114357
35582 11 22 114358
35584 11 23 114359
35586 11 1 114360
35588 11 2 114361
35590 11 3 114362
35592 11 5 114363
35594 11 9 114364
35596 11 10 114365
35598 11 14 114366
35600 11 15 114367
35602 11 19 114368
35604 11 21 114369
35606 11 22 114370
35608 11 23 114371
35610 11 1 114372
35612 11 2 114373
35614 11 3 114374
35616 11 5 114375
35618 11 9 114376
35620 11 10 114377
35622 11 14 114378
35624 11 15 114379
35626 11 19 114380
35628 11 21 114381
35630 11 22 114382
35632 11 23 114383
35634 11 1 114384
35636 11 2 114385
35638 11 3 114386
35640 11 5 114387
35642 11 9 114388
35644 11 10 114389
35646 11 14 114390
35648 11 15 114391
35650 11 19 114392
35652 11 21 114393
35654 11 22 114394
35656 11 23 114395
35658 11 1 114396
35660 11 2 114397
35662 11 3 114398
35664 11 5 114399
35666 11 9 114400
35668 11 10 114401
35670 11 14 114402
35672 11 15 114403
35674 11 19 114404
35676 11 21 114405
35678 11 22 114406
35680 11 23 114407
35682 11 1 114408
35684 11 2 114409
35686 11 3 114410
35688 11 5 114411
35690 11 9 114412
35692 11 10 114413
35694 11 14 114414
35696 11 15 114415
35698 11 19 114416
35700 11 21 114417
35702 11 22 114418
35704 11 23 114419
35706 11 1 114420
35708 11 2 114421
35710 11 3 114422
35712 11 5 114423
35714 11 9 114424
35716 11 10 114425
35718 11 14 114426
35720 11 15 114427
35722 11 19 114428
35778 11 21 114429
35780 11 22 114430
35782 11 23 114431
35784 11 1 114432
35786 11 2 114433
35788 11 3 114434
35790 11 5 114435
35792 11 9 114436
35794 11 10 114437
35796 11 14 114438
35798 11 15 114439
35800 11 19 114440
35802 11 21 114441
35804 11 22 114442
35806 11 23 114443
35808 11 1 114444
35810 11 2 114445
35812 11 3 114446
35814 11 5 114447
35816 11 9 114448
35818 11 10 114449
35820 11 14 114450
35822 11 15 114451
35824 11 19 114452
35826 11 21 114453
35828 11 22 114454
35830 11 23 114455
35832 11 1 114456
35834 11 2 114457
35836 11 3 114458
35838 11 5 114459
35840 11 9 114460
35842 11 10 114461
35844 11 14 114462
35846 11 15 114463
35848 11 19 114464
35850 11 21 114465
35852 11 22 114466
35854 11 23 114467
35856 11 1 114468
35858 11 2 114469
35860 11 3 114470
35862 11 5 114471
35864 11 9 114472
35866 11 10 114473
35868 11 14 114474
35870 11 15 114475
35872 11 19 114476
35874 11 21 114477
35876 11 22 114478
35878 11 23 114479
35880 11 1 114480
35882 11 2 114481
35884 11 3 114482
35886 11 5 114483
35888 11 9 114484
35890 11 10 114485
35892 11 14 114486
35894 11 15 114487
35896 11 19 114488
35898 11 21 114489
35900 11 22 114490
35902 11 23 114491
35904 11 1 114492
35906 11 2 114493
35908 11 3 114494
35910 11 5 114495
35912 11 9 114496
35914 11 10 114497
35916 11 14 114498
35918 11 15 114499
35920 11 19 114500
35922 11 21 114501
35924 11 22 114502
35926 11 23 114503
35928 11 1 114504
35930 11 2 114505
35932 11 3 114506
35934 11 5 114507
35936 11 9 114508
35938 11 10 114509
35940 11 14 114510
35942 11 15 114511
35944 11 19 114512
35946 11 21 114513
35948 11 22 114514
35950 11 23 114515
35952 11 1 114516
35954 11 2 114517
35956 11 3 114518
35958 11 5 114519
35960 11 9 114520
35962 11 10 114521
35964 11 14 114522
35966 11 15 114523
35968 11 19 114524
35970 11 21 114525
35972 11 22 114526
35974 11 23 114527
35976 11 1 114528
35978 11 2 114529
35980 11 3 114530
35982 11 5 114531
35984 11 9 114532
35986 11 10 114533
35988 11 14 114534
35990 11 15 114535
35992 11 19 114536
35994 11 21 114537
35996 11 22 114538
35998 11 23 114539
36000 11 1 114540
36002 11 2 114541
36004 11 3 114542
36006 11 5 114543
36008 11 9 114544
36010 11 10 114545
36012 11 14 114546
36014 11 15 114547
36016 11 19 114548
36018 11 21 114549
36020 11 22 114550
36022 11 23 114551
36024 11 1 114552
36026 11 2 114553
36028 11 3 114554
36030 11 5 114555
36032 11 9 114556
36034 11 10 114557
36036 11 14 114558
36038 11 15 114559
36040 11 19 114560
36042 11 21 114561
36044 11 22 114562
36046 11 23 114563
36048 11 1 114564
36050 11 2 114565
36052 11 3 114566
36054 11 5 114567
36056 11 9 114568
36058 11 10 114569
36060 11 14 114570
36062 11 15 114571
36064 11 19 114572
36066 11 21 114573
36068 11 22 114574
36070 11 23 114575
36072 11 1 114576
36074 11 2 114577
36076 11 3 114578
36078 11 5 114579
36080 11 9 114580
36082 11 10 114581
36084 11 14 114582
36086 11 15 114583
36088 11 19 114584
36090 11 21 114585
36092 11 22 114586
36094 11 23 114587
36096 11 1 114588
36098 11 2 114589
36100 11 3 114590
36102 11 5 114591
36104 11 9 114592
36106 11 10 114593
36108 11 14 114594
36110 11 15 114595
36112 11 19 114596
36114 11 21 114597
36116 11 22 114598
36118 11 23 114599
36120 11 1 114600
36122 11 2 114601
36124 11 3 114602
36126 11 5 114603
36128 11 9 114604
36130 11 10 114605
36132 11 14 114606
36134 11 15 114607
36136 11 19 114608
36138 11 21 114609
36140 11 22 114610
36142 11 23 114611
36144 11 1 114612
36146 11 2 114613
36148 11 3 114614
36150 11 5 114615
36152 11 9 114616
36154 11 10 114617
36156 11 14 114618
36158 11 15 114619
36160 11 19 114620
36162 11 21 114621
36164 11 22 114622
36166 11 23 114623
36168 11 1 114624
36170 11 2 114625
36172 11 3 114626
36174 11 5 114627
36176 11 9 114628
36178 11 10 114629
36180 11 14 114630
36182 11 15 114631
36184 11 19 114632
36186 11 21 114633
36188 11 22 114634
36190 11 23 114635
36192 11 1 114636
36194 11 2 114637
36196 11 3 114638
36198 11 5 114639
36200 11 9 114640
36202 11 10 114641
36204 11 14 114642
36206 11 15 114643
36208 11 19 114644
36210 11 21 114645
36212 11 22 114646
36214 11 23 114647
36216 11 1 114648
36218 11 2 114649
36220 11 3 114650
36222 11 5 114651
36224 11 9 114652
36226 11 10 114653
36228 11 14 114654
36230 11 15 114655
36232 11 19 114656
36234 11 21 114657
36236 11 22 114658
36238 11 23 114659
36240 11 1 114660
36242 11 2 114661
36244 11 3 114662
36246 11 5 114663
36248 11 9 114664
36250 11 10 114665
36252 11 14 114666
36254 11 15 114667
36256 11 19 114668
36258 11 21 114669
36260 11 22 114670
36262 11 23 114671
36264 11 1 114672
36266 11 2 114673
36268 11 3 114674
36270 11 5 114675
36272 11 9 114676
36274 11 10 114677
36276 11 14 114678
36278 11 15 114679
36280 11 19 114680
36282 11 21 114681
36284 11 22 114682
36286 11 23 114683
36288 11 1 114684
36290 11 2 114685
36292 11 3 114686
36294 11 5 114687
36296 11 1 114688
36298 11 2 114689
36300 11 3 114690
36302 11 5 114691
36304 11 9 114692
36306 11 10 114693
36308 11 14 114694
36310 11 15 114695
36312 11 19 114696
36314 11 21 114697
36316 11 22 114698
36318 11 23 114699
36320 11 1 114700
36322 11 2 114701
36324 11 3 114702
36326 11 5 114703
36328 11 9 114704
36330 11 10 114705
36332 11 14 114706
36334 11 15 114707
36336 11 19 114708
36338 11 21 114709
36340 11 22 114710
36342 11 23 114711
36344 11 1 114712
36346 11 2 114713
36348 11 3 114714
36350 11 5 114715
36352 11 9 114716
36354 11 10 114717
36356 11 14 114718
36358 11 15 114719
36360 11 19 114720
36362 11 21 114721
36364 11 22 114722
36366 11 23 114723
36368 11 1 114724
36370 11 2 114725
36372 11 3 114726
36374 11 5 114727
36376 11 9 114728
36378 11 10 114729
36380 11 14 114730
36382 11 15 114731
36384 11 19 114732
36386 11 21 114733
36388 11 22 114734
36390 11 23 114735
36392 11 1 114736
36394 11 2 114737
36396 11 3 114738
36398 11 5 114739
36400 11 9 114740
36402 11 10 114741
36404 11 14 114742
36406 11 15 114743
36408 11 19 114744
36410 11 21 114745
36412 11 22 114746
36414 11 23 114747
36416 11 1 114748
36418 11 2 114749
36420 11 3 114750
36422 11 5 114751
36424 11 9 114752
36426 11 10 114753
36428 11 14 114754
36430 11 15 114755
36432 11 19 114756
36434 11 21 114757
36436 11 22 114758
36438 11 23 114759
36440 11 1 114760
36442 11 2 114761
36444 11 3 114762
36446 11 5 114763
36448 11 9 114764
36450 11 10 114765
36452 11 14 114766
36454 11 15 114767
36456 11 19 114768
36458 11 21 114769
36460 11 22 114770
36462 11 23 114771
36464 11 1 114772
36466 11 2 114773
36468 11 3 114774
36470 11 5 114775
36472 11 9 114776
36474 11 10 114777
36476 11 14 114778
36478 11 15 114779
36480 11 19 114780
36482 11 21 114781
36484 11 22 114782
36486 11 23 114783
36488 11 1 114784
36490 11 2 114785
36492 11 3 114786
36494 11 5 114787
36496 11 9 114788
36498 11 10 114789
36500 11 14 114790
36502 11 15 114791
36504 11 19 114792
36506 11 21 114793
36508 11 22 114794
36510 11 23 114795
36512 11 1 114796
36514 11 2 114797
36516 11 3 114798
36518 11 5 114799
36520 11 9 114800
36522 11 10 114801
36526 11 14 114802
36528 11 15 114803
36530 11 19 114804
36532 11 21 114805
36534 11 22 114806
36536 11 23 114807
36538 11 1 114808
36540 11 2 114809
36542 11 3 114810
36544 11 5 114811
36546 11 9 114812
36548 11 10 114813
36550 11 14 114814
36552 11 15 114815
36554 11 19 114816
36556 11 21 114817
36558 11 22 114818
36560 11 23 114819
36562 11 1 114820
36564 11 2 114821
36566 11 3 114822
36568 11 1 0
36570 11 21 201
36576 11 10 233
36578 11 21 1017
36582 11 3 86
36586 11 5 135
36588 11 2 169
36590 11 9 16
36596 11 19 1572
36598 11 22 1154
36600 11 5 1303
36602 11 2 1901
36604 11 5 1903
36606 11 10 1965
36608 11 22 1970
36610 11 1 1972
36614 11 21 1273
36616 11 23 1155
36618 11 9 1160
36620 11 23 2983
36622 11 1 2984
36624 11 10 2185
36626 11 2 3145
36628 11 22 4030
36630 11 10 3917
36634 11 5 4123
36636 11 23 4467
36638 11 2 5325
36640 11 19 5776
36642 11 23 6139
36644 11 2 5289
36646 11 15 5439
36648 11 15 5583
36650 11 15 5643
36652 11 2 5661
36654 11 9 5724
36656 11 15 5991
36658 11 21 6065
36660 11 1 5684
36662 11 15 5823
36664 11 3 5842
36668 11 21 5729
36674 11 22 6030
36676 11 21 6101
36678 11 14 6462
36680 11 3 6158
36682 11 14 6174
36684 11 15 6415
36686 11 14 6294
36690 11 19 6296
36692 11 15 6319
36696 11 1 6384
36698 11 19 6464
36700 11 19 6488
36702 11 2 6325
36708 11 5 6291
36714 11 21 7089
36716 11 14 7122
36718 11 2 7141
36720 11 2 8165
36722 11 23 7419
36724 11 14 10690
36726 11 21 10393
36728 11 21 11645
36730 11 10 11653
36732 11 10 11641
36734 11 23 11659
36736 11 22 14006
36738 11 10 13605
36742 11 9 14484
36744 11 23 16307
36746 11 10 16713
36748 11 21 16885
36750 11 9 16652
36752 11 19 16848
36754 11 22 17586
36756 11 10 18205
36758 11 22 18306
36760 11 21 19017
36762 11 21 18777
36764 11 19 19424
36766 11 9 20012
36768 11 5 20023
36770 11 1 20212
36772 11 10 20001
36774 11 3 20274
36776 11 14 20278
36778 11 3 21406
36782 11 21 20957
36784 11 15 20967
36786 11 21 20969
36788 11 14 20978
36790 11 15 20979
36792 11 23 22031
36794 11 1 22200
36796 11 3 21998
36798 11 2 21829
36800 11 10 22833
36802 11 9 22880
36804 11 23 23695
36808 11 5 23867
36810 11 21 24993
36812 11 2 24709
36814 11 10 24701
36816 11 10 25301
36818 11 9 26120
36822 11 10 26121
37104 11 1 26128
37110 11 10 25857
37112 11 9 26132
37166 11 10 26133
37184 11 21 26137
37204 11 22 26138
37206 11 23 26139
37210 11 9 26144
37224 11 10 26145
37230 11 14 26146
37256 11 15 26147
37258 11 1 26164
37262 11 2 26165
37270 11 22 26186
37274 11 5 26167
37276 11 5 26951
37278 11 23 32391
37280 11 2 33669
37282 11 1 34816
37284 11 21 34825
37286 11 2 34817
37288 11 5 34819
37290 11 9 34820
37292 11 22 34826
37294 11 19 34824
37296 11 19 35932
37298 11 2 36429
37300 11 15 38795
37302 11 1 38608
37304 11 1 39728
37306 11 19 39184
37308 11 10 39361
37310 11 10 42397
37312 11 19 42484
37314 11 1 42488
37316 11 2 42489
37318 11 3 42490
37320 11 9 45288
37324 11 21 45137
37326 11 19 45136
37330 11 14 45398
37334 11 14 46506
37336 11 2 47561
37338 11 9 48044
37340 11 14 48986
37342 11 19 48988
37344 11 19 49000
37346 11 14 49230
37348 11 2 51609
37350 11 22 55822
37352 11 10 56249
37356 11 21 56253
37358 11 21 58737
37360 11 22 58738
37362 11 1 58740
37364 11 21 60349
37366 11 5 63163
37368 11 15 63167
37370 11 21 63989
37372 11 1 65460
37378 11 5 65719
37380 11 23 65703
37382 11 22 65702
37384 11 3 65694
37386 11 5 70127
37388 11 10 71645
37390 11 5 71679
37574 11 23 71363
37576 11 1 71680
37578 11 2 71681
37580 11 3 71682
37582 11 5 71683
37584 11 22 71690
37596 11 9 71684
37598 11 10 71685
37604 11 14 71686
37606 11 15 71687
37608 11 19 71688
37610 11 21 71689
37616 11 23 71691
37618 11 1 71692
37620 11 2 71693
37622 11 3 71694
37624 11 5 71695
37626 11 9 71696
37646 11 10 71697
37648 11 14 71698
37650 11 15 71699
37652 11 19 71700
37654 11 21 71701
37656 11 22 71702
37658 11 23 71703
37664 11 1 71704
37666 11 2 71705
37668 11 3 71706
37670 11 5 71707
37672 11 9 71708
37674 11 10 71709
37676 11 14 71710
37678 11 15 71711
37680 11 19 71712
37682 11 21 71713
37688 11 22 71714
37690 11 23 71715
37692 11 1 71716
37694 11 2 71717
37696 11 5 71719
37704 11 3 71718
37710 11 9 71720
37712 11 10 71721
37714 11 14 71722
37716 11 15 71723
37728 11 19 71724
37730 11 21 71725
37732 11 22 71726
37734 11 1 71728
37736 11 5 71731
37738 11 23 71727
37740 11 2 71729
37750 11 3 71730
37756 11 9 71732
37758 11 14 71734
37760 11 21 71737
37762 11 5 71743
37764 11 2 71765
37766 11 3 71766
37768 11 10 71733
37778 11 15 71735
37780 11 19 71736
37782 11 22 71738
37784 11 19 71760
37786 11 23 71763
37798 11 23 71739
37800 11 1 71740
37802 11 15 71759
37808 11 2 71741
37810 11 3 71742
37812 11 9 71744
37814 11 10 71745
37816 11 23 71751
37818 11 22 71762
37846 11 14 71746
37848 11 15 71747
37850 11 19 71748
37852 11 21 71749
37872 11 22 71750
37880 11 1 71752
37882 11 2 71753
37884 11 3 71754
37886 11 5 71755
37888 11 9 71756
37900 11 10 71757
37902 11 14 71758
37904 11 21 71761
37906 11 1 71764
37908 11 5 71767
37910 11 9 71768
37966 11 10 71769
37968 11 14 71770
37970 11 15 71771
37972 11 1 71800
37974 11 2 71801
37976 11 3 71802
37978 11 5 71803
37980 11 9 71804
37982 11 10 71805
37984 11 14 71806
38070 11 19 71808
38072 11 21 71809
38074 11 15 71807
38080 11 23 71811
38086 11 5 71863
38088 11 9 71864
38090 11 1 71872
38092 11 3 71910
38094 11 5 71911
38096 11 10 71913
38098 11 21 71893
38104 11 22 71894
38106 11 23 71895
38108 11 1 71896
38110 11 2 71897
38112 11 3 71898
38114 11 10 71901
38116 11 14 71902
38118 11 22 71906
38120 11 1 71908
38122 11 2 71909
38128 11 9 71912
38134 11 19 71892
38136 11 5 71899
38138 11 15 71903
38146 11 14 71914
38148 11 9 71900
38154 11 19 71904
38156 11 21 71905
38164 11 14 71974
38166 11 21 71977
38168 11 10 72009
38170 11 22 72026
38172 11 3 72138
38174 11 3 72150
38176 11 23 72147
38178 11 1 72148
38180 11 22 72170
38182 11 15 72215
38184 11 19 72252
38186 11 23 72351
38188 11 9 72452
38190 11 10 72549
38194 11 14 72142
38196 11 10 72153
38198 11 14 72734
38200 11 2 72717
38202 11 2 72921
38206 11 14 75238
38208 11 1 77556
38210 11 19 78756
38212 11 19 80408
38214 11 3 80402
38216 11 5 81607
38218 11 23 82903
38220 11 15 90443
38222 11 14 90442
38224 11 5 99703
38226 11 22 102770
38228 11 9 102752
38230 11 9 113968
38232 11 9 116544
38234 11 15 116971
38238 11 10 118437
38240 11 2 120325
38242 11 15 120439
38244 11 10 120449
38246 11 21 120453
38248 11 21 123949
38252 11 10 124065
38254 11 19 125056
38256 11 21 126129
38258 11 23 130731
38260 11 1 130732
38262 11 2 130733
38264 11 3 130734
38266 11 5 130735
38268 11 9 130736
38270 11 10 130737
38272 11 14 130738
38274 11 15 130739
38276 11 19 130740
38278 11 21 130741
38280 11 22 130742
38282 11 23 130743
38284 11 1 130744
38286 11 2 130745
38288 11 3 130746
38290 11 5 130747
38292 11 9 130748
38294 11 10 130749
38296 11 14 130750
38298 11 15 130751
38300 11 19 130752
38302 11 21 130753
38304 11 22 130754
38306 11 23 130755
38308 11 1 130756
38310 11 2 130757
38312 11 19 130728
38314 11 21 130729
38316 11 10 130725
38318 11 3 130758
38320 11 5 130759
38322 11 9 130760
38324 11 10 130761
38326 11 14 130762
38328 11 15 130763
38330 11 19 130764
38336 11 21 130765
38338 11 22 130766
38340 11 23 130767
38342 11 1 130768
38344 11 2 130769
38346 11 3 130770
38348 11 5 130771
38350 11 9 130772
38352 11 10 130773
38354 11 14 130774
38356 11 15 130775
38358 11 19 130776
38360 11 21 130777
38362 11 22 130778
38364 11 23 130779
38372 11 1 130780
38374 11 2 130781
38376 11 3 130782
38384 11 5 130783
38386 11 9 130784
38388 11 10 130785
38390 11 14 130786
38392 11 15 130787
38394 11 19 130788
38396 11 21 130789
38398 11 22 130790
38400 11 23 130791
38402 11 1 130792
38404 11 2 130793
38406 11 3 130794
38408 11 5 130795
38410 11 9 130796
38412 11 10 130797
38414 11 14 130798
38416 11 15 130799
38418 11 19 130800
38420 11 21 130801
38422 11 22 130802
38424 11 23 130803
38426 11 1 130804
38428 11 2 130805
38430 11 3 130806
38432 11 5 130807
38434 11 9 130808
38436 11 10 130809
38438 11 14 130810
38440 11 15 130811
38442 11 19 130812
38444 11 21 130813
38446 11 22 130814
38448 11 23 130815
38450 11 1 130816
38452 11 2 130817
38454 11 3 130818
38456 11 5 130819
38458 11 9 130820
38460 11 10 130821
38462 11 14 130822
38464 11 15 130823
38466 11 19 130824
38468 11 21 130825
38470 11 22 130826
38472 11 23 130827
38482 11 1 130828
38484 11 2 130829
38486 11 3 130830
38488 11 5 130831
38490 11 9 130832
38492 11 10 130833
38494 11 14 130834
38496 11 15 130835
38498 11 19 130836
38500 11 21 130837
38502 11 22 130838
38504 11 23 130839
38506 11 1 130840
38508 11 2 130841
38510 11 3 130842
38512 11 5 130843
38514 11 9 130844
38516 11 10 130845
38518 11 14 130846
38520 11 15 130847
38522 11 19 130848
38524 11 21 130849
38526 11 22 130850
38528 11 23 130851
38530 11 1 130852
38532 11 2 130853
38534 11 3 130854
38536 11 5 130855
38538 11 9 130856
38540 11 10 130857
38542 11 14 130858
38544 11 15 130859
38546 11 19 130860
38548 11 21 130861
38550 11 22 130862
38552 11 23 130863
38554 11 1 130864
38556 11 2 130865
38558 11 3 130866
38560 11 5 130867
38562 11 9 130868
38564 11 10 130869
38566 11 14 130870
38568 11 15 130871
38570 11 19 130872
38572 11 21 130873
38574 11 22 130874
38576 11 23 130875
38578 11 1 130876
38580 11 2 130877
38582 11 3 130878
38584 11 5 130879
38586 11 9 130880
38588 11 10 130881
38590 11 14 130882
38592 11 15 130883
38594 11 19 130884
38596 11 21 130885
38598 11 22 130886
38600 11 23 130887
38602 11 1 130888
38604 11 2 130889
38632 11 3 130890
38634 11 5 130891
38648 11 9 130892
38650 11 10 130893
38652 11 14 130894
38654 11 15 130895
38656 11 19 130896
38658 11 21 130897
38660 11 22 130898
38662 11 23 130899
38664 11 1 130900
38666 11 2 130901
38668 11 3 130902
38670 11 5 130903
38672 11 9 130904
38674 11 10 130905
38676 11 14 130906
38678 11 15 130907
38680 11 19 130908
38682 11 21 130909
38684 11 22 130910
38686 11 23 130911
38688 11 1 130912
38690 11 2 130913
38692 11 3 130914
38694 11 5 130915
38696 11 9 130916
38698 11 10 130917
38700 11 14 130918
38702 11 15 130919
38704 11 19 130920
38706 11 21 130921
38708 11 22 130922
38710 11 23 130923
38712 11 1 130924
38714 11 2 130925
38716 11 3 130926
38718 11 5 130927
38720 11 9 130928
38722 11 10 130929
38724 11 14 130930
38726 11 15 130931
38728 11 19 130932
38730 11 21 130933
38732 11 22 130934
38734 11 23 130935
38736 11 1 130936
38738 11 2 130937
38740 11 3 130938
38742 11 5 130939
38744 11 9 130940
38746 11 10 130941
38748 11 14 130942
38750 11 15 130943
38752 11 19 130944
38754 11 21 130945
38756 11 22 130946
38758 11 23 130947
38760 11 1 130948
38762 11 2 130949
38764 11 3 130950
38766 11 5 130951
38768 11 9 130952
38770 11 10 130953
38772 11 14 130954
38774 11 15 130955
38776 11 19 130956
38778 11 21 130957
38780 11 22 130958
38782 11 23 130959
38784 11 1 130960
38786 11 2 130961
38788 11 3 130962
38790 11 5 130963
38792 11 9 130964
38794 11 10 130965
38796 11 14 130966
38798 11 15 130967
38800 11 19 130968
38802 11 21 130969
38804 11 22 130970
38806 11 23 130971
38808 11 1 130972
38810 11 2 130973
38812 11 3 130974
38814 11 5 130975
38816 11 9 130976
38818 11 10 130977
38820 11 14 130978
38822 11 15 130979
38824 11 19 130980
38826 11 21 130981
38828 11 22 130982
38830 11 23 130983
38832 11 1 130984
38834 11 2 130985
38836 11 3 130986
38838 11 5 130987
38840 11 9 130988
38842 11 10 130989
38844 11 14 130990
38846 11 15 130991
38848 11 19 130992
38850 11 21 130993
38852 11 22 130994
38854 11 23 130995
38856 11 1 130996
38858 11 2 130997
38860 11 3 130998
38862 11 5 130999
38864 11 9 131000
38866 11 10 131001
38868 11 14 131002
38870 11 15 131003
38872 11 19 131004
38874 11 21 131005
38876 11 22 131006
38878 11 23 131007
38880 11 1 131008
38882 11 2 131009
38886 11 3 131010
38888 11 5 131011
38890 11 9 131012
38892 11 10 131013
38894 11 14 131014
38896 11 15 131015
38898 11 19 131016
38900 11 21 131017
38912 11 22 131018
38914 11 23 131019
38932 11 1 131020
38934 11 2 131021
38936 11 3 131022
38938 11 5 131023
38940 11 9 131024
38942 11 10 131025
38944 11 14 131026
38946 11 15 131027
38948 11 19 131028
38950 11 21 131029
38952 11 22 131030
38954 11 23 131031
38956 11 1 131032
38958 11 2 131033
38960 11 3 131034
38962 11 5 131035
38964 11 9 131036
38966 11 10 131037
38968 11 14 131038
38970 11 15 131039
38972 11 19 131040
38974 11 21 131041
38976 11 22 131042
38978 11 23 131043
38980 11 1 131044
38982 11 2 131045
38984 11 3 131046
38986 11 5 131047
38988 11 9 131048
38990 11 10 131049
38992 11 14 131050
38994 11 15 131051
38996 11 19 131052
38998 11 21 131053
39000 11 22 131054
39002 11 23 131055
39004 11 1 131056
39006 11 2 131057
39008 11 3 131058
39010 11 5 131059
39012 11 9 131060
39014 11 10 131061
39016 11 14 131062
39018 11 15 131063
39020 11 19 131064
39022 11 21 131065
39024 11 22 131066
39026 11 23 131067
39028 11 1 131068
39030 11 2 131069
39032 11 3 131070
39034 11 5 131071
39036 11 1 131072
39038 11 2 131073
39040 11 3 131074
39042 11 5 131075
39044 11 9 131076
39046 11 10 131077
39048 11 14 131078
39050 11 15 131079
39052 11 19 131080
39054 11 21 131081
39056 11 22 131082
39058 11 23 131083
39060 11 1 131084
39062 11 2 131085
39064 11 3 131086
39066 11 5 131087
39068 11 9 131088
39070 11 10 131089
39072 11 14 131090
39074 11 15 131091
39076 11 19 131092
39078 11 21 131093
39080 11 22 131094
39082 11 23 131095
39084 11 1 131096
39086 11 2 131097
39088 11 3 131098
39090 11 5 131099
39092 11 9 131100
39094 11 10 131101
39096 11 14 131102
39098 11 15 131103
39100 11 19 131104
39102 11 21 131105
39104 11 22 131106
39106 11 23 131107
39108 11 1 131108
39110 11 2 131109
39112 11 3 131110
39114 11 5 131111
39116 11 9 131112
39118 11 10 131113
39120 11 14 131114
39122 11 15 131115
39124 11 19 131116
39126 11 21 131117
39128 11 22 131118
39130 11 23 131119
39132 11 1 131120
39134 11 2 131121
39136 11 3 131122
39138 11 5 131123
39140 11 9 131124
39142 11 10 131125
39144 11 14 131126
39146 11 15 131127
39148 11 19 131128
39150 11 21 131129
39152 11 22 131130
39154 11 23 131131
39156 11 1 131132
39158 11 2 131133
39160 11 3 131134
39162 11 5 131135
39164 11 9 131136
39166 11 10 131137
39168 11 14 131138
39170 11 15 131139
39172 11 19 131140
39174 11 21 131141
39176 11 22 131142
39178 11 23 131143
39180 11 1 131144
39182 11 2 131145
39184 11 3 131146
39186 11 5 131147
39188 11 9 131148
39190 11 10 131149
39192 11 14 131150
39194 11 15 131151
39196 11 19 131152
39198 11 21 131153
39200 11 22 131154
39202 11 23 131155
39204 11 1 131156
39206 11 2 131157
39208 11 3 131158
39210 11 5 131159
39212 11 9 131160
39214 11 10 131161
39216 11 14 131162
39218 11 15 131163
39220 11 19 131164
39222 11 21 131165
39224 11 22 131166
39226 11 23 131167
39228 11 1 131168
39230 11 2 131169
39268 11 3 131170
39270 11 5 131171
39272 11 9 131172
39274 11 10 131173
39276 11 14 131174
39278 11 15 131175
39280 11 19 131176
39282 11 21 131177
39284 11 22 131178
39286 11 23 131179
39288 11 1 131180
39290 11 2 131181
39292 11 3 131182
39296 11 5 131183
39298 11 9 131184
39300 11 10 131185
39302 11 14 131186
39304 11 15 131187
39308 11 19 131188
39310 11 21 131189
39312 11 22 131190
39314 11 23 131191
39316 11 1 131192
39318 11 2 131193
39320 11 3 131194
39322 11 5 131195
39324 11 9 131196
39326 11 10 131197
39328 11 14 131198
39330 11 15 131199
39332 11 19 131200
39334 11 21 131201
39336 11 22 131202
39338 11 23 131203
39340 11 1 131204
39342 11 2 131205
39344 11 3 131206
39346 11 5 131207
39348 11 9 131208
39350 11 10 131209
39352 11 14 131210
39354 11 15 131211
39356 11 19 131212
39358 11 21 131213
39360 11 22 131214
39362 11 23 131215
39364 11 1 131216
39366 11 2 131217
39368 11 3 131218
39370 11 5 131219
39372 11 9 131220
39374 11 10 131221
39376 11 14 131222
39378 11 15 131223
39380 11 19 131224
39382 11 21 131225
39384 11 22 131226
39386 11 23 131227
39388 11 1 131228
39390 11 2 131229
39392 11 3 131230
39394 11 5 131231
39396 11 9 131232
39398 11 10 131233
39400 11 14 131234
39402 11 15 131235
39404 11 19 131236
39406 11 21 131237
39408 11 22 131238
39410 11 23 131239
39412 11 1 131240
39414 11 2 131241
39416 11 3 131242
39418 11 5 131243
39420 11 9 131244
39422 11 10 131245
39424 11 14 131246
39426 11 15 131247
39428 11 19 131248
39430 11 21 131249
39432 11 22 131250
39434 11 23 131251
39436 11 1 131252
39438 11 2 131253
39440 11 3 131254
39442 11 5 131255
39444 11 9 131256
39446 11 10 131257
39448 11 14 131258
39450 11 15 131259
39452 11 19 131260
39454 11 21 131261
39456 11 22 131262
39458 11 23 131263
39460 11 1 131264
39462 11 2 131265
39464 11 3 131266
39466 11 5 131267
39468 11 9 131268
39470 11 10 131269
39472 11 14 131270
39474 11 15 131271
39476 11 19 131272
39478 11 21 131273
39480 11 22 131274
39482 11 23 131275
39484 11 1 131276
39486 11 2 131277
39488 11 3 131278
39490 11 5 131279
39492 11 9 131280
39494 11 10 131281
39496 11 14 131282
39498 11 15 131283
39500 11 19 131284
39502 11 21 131285
39504 11 22 131286
39506 11 23 131287
39508 11 1 131288
39510 11 2 131289
39512 11 3 131290
39514 11 5 131291
39516 11 9 131292
39518 11 10 131293
39520 11 14 131294
39522 11 15 131295
39524 11 19 131296
39526 11 21 131297
39528 11 22 131298
39530 11 23 131299
39532 11 1 131300
39534 11 2 131301
39536 11 3 131302
39538 11 5 131303
39540 11 9 131304
39542 11 10 131305
39544 11 14 131306
39546 11 15 131307
39548 11 19 131308
39550 11 21 131309
39552 11 22 131310
39554 11 23 131311
39556 11 1 131312
39558 11 2 131313
39560 11 3 131314
39562 11 5 131315
39564 11 9 131316
39566 11 10 131317
39568 11 14 131318
39570 11 15 131319
39572 11 19 131320
39574 11 21 131321
39576 11 22 131322
39578 11 23 131323
39580 11 1 131324
39582 11 2 131325
39584 11 3 131326
39586 11 5 131327
39588 11 9 131328
39590 11 10 131329
39592 11 14 131330
39594 11 15 131331
39596 11 19 131332
39598 11 21 131333
39600 11 22 131334
39602 11 23 131335
39604 11 1 131336
39606 11 1 142732
39634 11 22 142994
39638 11 23 142995
39650 11 1 142996
39654 11 2 142997
39670 11 3 142998
39674 11 5 142999
39680 11 9 143000
39684 11 10 143001
39720 11 14 143002
39724 11 15 143003
39728 11 19 143004
39732 11 21 143005
39736 11 22 143006
39738 11 23 143007
39744 11 1 143008
39808 11 2 143009
39812 11 3 143010
39836 11 5 143011
39840 11 9 143012
39848 11 10 143013
39852 11 14 143014
39856 11 15 143015
39858 11 19 143016
39864 11 21 143017
39904 11 22 143018
39908 11 23 143019
39924 11 21 142753
39930 11 1 143020
39934 11 2 143021
39942 11 3 143022
39948 11 5 143023
39980 11 9 143024
39984 11 10 143025
40104 11 14 143026
40108 11 15 143027
40112 11 19 143028
40116 11 21 143029
40138 11 22 143030
40142 11 23 143031
40148 11 1 143032
40152 11 2 143033
40156 11 3 143034
40160 11 5 143035
40164 11 9 143036
40168 11 10 143037
40184 11 14 143038
40188 11 15 143039
40212 11 19 143040
40216 11 21 143041
40220 11 22 143042
40224 11 23 143043
40284 11 1 143044
40288 11 2 143045
40366 11 3 143046
40370 11 5 143047
40374 11 9 143048
40378 11 10 143049
40382 11 14 143050
40386 11 15 143051
40430 11 19 143052
40434 11 21 143053
40458 11 22 143054
40462 11 23 143055
40514 11 1 143056
40518 11 2 143057
40522 11 3 143058
40524 11 5 143059
40530 11 9 143060
40540 11 10 143061
40542 11 14 143062
40562 11 15 143063
40568 11 19 143064
40584 11 21 143065
40588 11 22 143066
40604 11 23 143067
40608 11 1 143068
40612 11 2 143069
40632 11 3 143070
40636 11 5 143071
40680 11 9 143072
40684 11 10 143073
40780 11 14 143074
40784 11 15 143075
40800 11 19 143076
40804 11 21 143077
40808 11 22 143078
40812 11 23 143079
40836 11 1 143080
40838 11 2 143081
40840 11 3 143082
40856 11 5 143083
40860 11 9 143084
40864 11 10 143085
40868 11 14 143086
40880 11 15 143087
40884 11 19 143088
40888 11 21 143089
40892 11 22 143090
40902 11 23 143091
40906 11 1 143092
40952 11 2 143093
40956 11 3 143094
40960 11 5 143095
40962 11 9 143096
40968 11 10 143097
41052 11 14 143098
41054 11 15 143099
41060 11 19 143100
41070 11 21 143101
41074 11 22 143102
41124 11 23 143103
41130 11 1 143104
41170 11 2 143105
41174 11 3 143106
41178 11 5 143107
41182 11 9 143108
41202 11 10 143109
41208 11 14 143110
41226 11 15 143111
41230 11 19 143112
41246 11 21 143113
41252 11 22 143114
41258 11 23 143115
41262 11 1 143116
41266 11 2 143117
41272 11 3 143118
41294 11 5 143119
41298 11 9 143120
41334 11 10 143121
41338 11 14 143122
41358 11 15 143123
41362 11 19 143124
41366 11 21 143125
41370 11 22 143126
41400 11 23 143127
41404 11 1 143128
41418 11 2 143129
41422 11 3 143130
41456 11 5 143131
41460 11 9 143132
41464 11 10 143133
41468 11 14 143134
41478 11 15 143135
41482 11 19 143136
41536 11 21 143137
41540 11 22 143138
41544 11 23 143139
41548 11 1 143140
41668 11 2 143141
41672 11 3 143142
41696 11 5 143143
41702 11 9 143144
41710 11 10 143145
41714 11 14 143146
41720 11 15 143147
41724 11 19 143148
41732 11 21 143149
41738 11 22 143150
41742 11 23 143151
41748 11 1 143152
41756 11 2 143153
41760 11 3 143154
41778 11 5 143155
41782 11 9 143156
41792 11 10 143157
41794 11 14 143158
41820 11 15 143159
41824 11 19 143160
41830 11 21 143161
41834 11 22 143162
41844 11 23 143163
41848 11 1 143164
41870 11 2 143165
41874 11 3 143166
41934 11 5 143167
41938 11 9 143168
41946 11 10 143169
41950 11 14 143170
41972 11 15 143171
41978 11 19 143172
41982 11 21 143173
42012 11 22 143174
42018 11 23 143175
42022 11 1 143176
42028 11 2 143177
42048 11 3 143178
42052 11 5 143179
42056 11 9 143180
42060 11 10 143181
42098 11 14 143182
42104 11 15 143183
42126 11 19 143184
42130 11 21 143185
42132 11 22 143186
42136 11 23 143187
42142 11 1 143188
42152 11 2 143189
42156 11 3 143190
42160 11 5 143191
42164 11 9 143192
42168 11 10 143193
42172 11 14 143194
42176 11 15 143195
42182 11 19 143196
42186 11 21 143197
42210 11 3 146
42212 11 1 0
42214 11 5 135
42258 11 5 87
42262 11 15 751
42264 11 21 45
42270 11 15 715
42272 11 23 1179
42274 11 15 1271
42276 11 14 1330
42278 11 22 2730
42280 11 3 2938
42282 11 22 2742
42288 11 1 3636
42290 11 3 4422
42292 11 1 4156
42294 11 19 4512
42296 11 10 4401
42298 11 23 5131
42300 11 10 5125
42302 11 22 5142
42304 11 1 5144
42306 11 21 5129
42308 11 22 5130
42312 11 1 5132
42314 11 5 5135
42316 11 9 5136
42318 11 10 5137
42320 11 14 5138
42322 11 3 5146
42324 11 3 5422
42326 11 10 6133
42328 11 1 5156
42330 11 14 5162
42334 11 21 6885
42336 11 14 7122
42340 11 15 7427
42342 11 14 7834
42344 11 19 7836
42346 11 22 7838
42350 11 15 7835
42352 11 1 8300
42354 11 9 10132
42356 11 14 10798
42358 11 15 10799
42360 11 10 10485
42362 11 19 10560
42364 11 23 10683
42366 11 15 11171
42368 11 2 11721
42370 11 1 11336
42372 11 9 11664
42376 11 9 11688
42378 11 22 11562
42380 11 23 12671
42382 11 22 12838
42384 11 5 13639
42386 11 3 14374
42388 11 19 14380
42390 11 9 16300
42392 11 1 16308
42394 11 1 16236
42396 11 19 16244
42398 11 22 16282
42402 11 23 16295
42406 11 5 16263
42408 11 19 16340
42410 11 2 16333
42412 11 9 16252
42414 11 9 16276
42416 11 5 16287
42418 11 9 16372
42420 11 21 16269
42424 11 21 16645
42426 11 14 16414
42428 11 21 16417
42432 11 14 16426
42434 11 14 16474
42436 11 10 16713
42438 11 5 17119
42440 11 3 17214
42442 11 1 16468
42446 11 5 16471
42454 11 5 16435
42456 11 9 17204
42458 11 23 16479
42460 11 1 16480
42470 11 1 16504
42472 11 10 16485
42514 11 15 16487
42520 11 15 16499
42524 11 21 16501
42526 11 23 16503
42640 11 3 16506
42642 11 5 16507
42648 11 23 16539
42672 11 9 16544
42684 11 19 16848
42688 11 9 17240
42694 11 21 16633
42696 11 9 17568
42698 11 2 17649
42700 11 22 18342
42702 11 23 18331
42708 11 21 18993
42710 11 1 19440
42712 11 22 18538
42714 11 15 18943
42716 11 22 19282
42718 11 14 19086
42720 11 10 20013
42722 11 23 19575
42724 11 2 20453
42726 11 15 22219
42728 11 2 22601
42730 11 14 23374
42732 11 22 24066
42734 11 22 24366
42736 11 1 25852
42738 11 2 28273
42740 11 2 29177
42742 11 10 29037
42744 11 21 31401
42746 11 5 32347
42748 11 22 32090
42750 11 1 33840
42752 11 3 33926
42754 11 22 35234
42756 11 3 35814
42758 11 3 35902
42760 11 2 36021
42762 11 21 37617
42766 11 3 37890
42768 11 22 39630
42770 11 23 39631
42772 11 3 41850
42778 11 14 41770
42780 11 9 42468
42782 11 10 42469
42784 11 14 42470
42786 11 21 42473
42788 11 23 42475
42790 11 1 42476
42792 11 22 42498
42794 11 23 42499
42796 11 1 42500
42798 11 22 42342
42800 11 23 42619
42802 11 1 42620
42804 11 3 42622
42806 11 14 42626
42808 11 19 42628
42810 11 21 42629
42812 11 3 42814
42814 11 5 42815
42816 11 9 42816
42818 11 10 42817
42820 11 14 42818
42822 11 15 42819
42824 11 19 42820
42826 11 21 42821
42828 11 10 42517
42830 11 14 42518
42832 11 15 42519
42834 11 19 42520
42836 11 21 42521
42838 11 22 42522
42852 11 10 42541
42860 11 9 42600
42862 11 23 42631
42864 11 1 42632
42866 11 2 42633
42868 11 3 42634
42870 11 5 42635
42872 11 10 42637
42874 11 15 42639
42876 11 21 42641
42878 11 22 42642
42980 11 9 42636
43190 11 3 42658
43192 11 5 42659
43194 11 9 42660
43196 11 10 42661
43198 11 14 42662
43208 11 22 42474
43214 11 2 42477
43216 11 9 42480
43218 11 10 42481
43236 11 23 42667
43252 11 5 42671
43256 11 3 42670
43260 11 9 42672
43262 11 15 42675
43270 11 10 42673
43446 11 2 42681
43448 11 3 42682
43450 11 5 42683
43452 11 9 42684
43454 11 10 42685
43456 11 14 42686
43458 11 15 42687
43460 11 19 42688
43494 11 22 42690
43496 11 14 42782
43498 11 15 42783
43500 11 21 42785
43502 11 1 42788
43504 11 3 42778
43506 11 5 42779
43508 11 10 42781
43514 11 19 42784
43518 11 22 42786
43520 11 23 42787
44588 11 1 42812
44594 11 2 42813
44602 11 23 42643
44604 11 9 42828
44634 11 15 42831
44636 11 21 42833
44674 11 22 42162
44676 11 14 42362
44678 11 21 42845
44696 11 1 42848
44698 11 2 42849
44700 11 3 42850
44702 11 5 42851
44704 11 9 42852
44706 11 1 42884
44708 11 15 42867
44798 11 23 42307
44800 11 3 42934
44806 11 15 42939
44826 11 21 42941
44830 11 22 42942
44832 11 19 43712
44834 11 10 43013
44840 11 9 43024
44842 11 10 43025
44844 11 14 43026
44846 11 14 44674
44848 11 2 44729
44850 11 3 44994
44852 11 22 45014
44854 11 9 45528
44856 11 22 46014
44858 11 3 46670
44860 11 1 46776
44862 11 15 47363
44864 11 23 48039
44866 11 2 47213
44868 11 3 47214
44870 11 22 47222
44872 11 2 47225
44874 11 1 47212
44876 11 14 47218
44878 11 14 51242
44880 11 22 51378
44882 11 2 52065
44884 11 19 52580
44886 11 5 53695
44888 11 19 57048
44890 11 21 56833
44892 11 1 59316
44894 11 21 61941
44896 11 9 61996
44898 11 22 65290
44900 11 14 67298
44902 11 23 67907
44904 11 23 67691
44906 11 15 69467
44908 11 15 70311
44910 11 21 72601
44912 11 14 77938
44914 11 21 82745
44916 11 21 82757
44918 11 2 90809
44920 11 19 93408
44922 11 14 93430
44924 11 10 98101
44930 11 14 98346
44932 11 10 98621
44934 11 22 98578
44936 11 1 98688
44938 11 23 98687
44940 11 21 98781
44942 11 10 98789
44946 11 15 98791
44950 11 21 98793
44952 11 23 98807
44954 11 5 98811
44958 11 2 98797
44960 11 2 98809
44968 11 22 98806
44970 11 3 98810
44976 11 19 98792
44978 11 5 98799
44980 11 21 98805
44986 11 1 98808
44994 11 14 98814
44996 11 2 98821
45002 11 5 98823
45016 11 2 98833
45018 11 1 98832
45020 11 21 98853
45028 11 9 98848
45036 11 3 98858
45038 11 5 98859
45040 11 2 98857
45050 11 10 98861
45052 11 21 98865
45054 11 22 98890
45056 11 21 98985
45058 11 22 98986
45060 11 1 98988
45062 11 23 98891
45064 11 1 98892
45066 11 2 98893
45068 11 3 98894
45070 11 1 98616
45072 11 5 98895
45074 11 3 98930
45076 11 21 98937
45078 11 9 98896
45080 11 10 98897
45082 11 14 98898
45084 11 5 98955
45086 11 9 98956
45088 11 10 98957
45090 11 14 98958
45092 11 15 98899
45094 11 5 98967
45096 11 15 98971
45098 11 22 98974
45100 11 19 98900
45104 11 9 98968
45106 11 21 98901
45110 11 21 98973
45112 11 22 98902
45116 11 3 98978
45120 11 23 98903
45124 11 1 98904
45126 11 2 98905
45128 11 3 98906
45130 11 5 98907
45132 11 10 98909
45134 11 19 98960
45136 11 22 98962
45138 11 23 98963
45140 11 1 98964
45142 11 2 98965
45144 11 3 98966
45146 11 9 98908
45150 11 14 98910
45152 11 15 98911
45154 11 2 98953
45156 11 3 98954
45188 11 15 98959
45202 11 21 98961
45244 11 10 98969
45246 11 14 98970
45272 11 19 98972
45300 11 23 98975
45302 11 1 98976
45304 11 2 98977
45330 11 5 98979
45332 11 9 98980
45334 11 10 98981
45336 11 14 98982
45350 11 3 98990
45352 11 23 98987
45366 11 22 99010
45368 11 23 99011
45370 11 1 99000
45372 11 3 99014
45374 11 5 99015
45376 11 1 99012
45384 11 5 99051
45386 11 9 99076
45392 11 1 99084
45394 11 2 99085
45396 11 5 99087
45398 11 9 99088
45404 11 3 99086
45420 11 23 98459
45422 11 23 98591
45428 11 19 99092
45440 11 23 99095
45442 11 5 99099
45444 11 9 99100
45446 11 10 99101
45448 11 14 99102
45458 11 19 99104
45460 11 1 99108
45464 11 19 99128
45466 11 5 99147
45468 11 2 99169
45470 11 15 99139
45472 11 19 99176
45474 11 21 99141
45476 11 1 99168
45478 11 15 99151
45480 11 14 99174
45482 11 14 99138
45484 11 3 99146
45488 11 15 99175
45490 11 14 99162
45492 11 5 99135
45494 11 23 99143
45496 11 1 99132
45498 11 22 99154
45500 11 22 99142
45504 11 2 99133
45506 11 19 99152
45508 11 19 99140
45510 11 10 99161
45518 11 9 99172
45526 11 22 99166
45528 11 23 99131
45530 11 3 99170
45532 11 15 99163
45534 11 21 99165
45536 11 23 99155
45538 11 5 99171
45540 11 9 99160
45544 11 3 99134
45546 11 1 99144
45554 11 2 99145
45556 11 10 99149
45558 11 1 99156
45562 11 23 99167
45564 11 3 99158
45568 11 2 99157
45574 11 14 99150
45576 11 5 99159
45582 11 10 99137
45586 11 9 99148
45604 11 10 99173
45608 11 9 99136
45616 11 19 99164
45642 11 19 99188
45644 11 15 99211
45646 11 19 99212
45650 11 14 99234
45652 11 2 99241
45654 11 9 99232
45656 11 15 99235
45660 11 19 99236
45664 11 21 99237
45668 11 22 99238
45672 11 23 99239
45676 11 1 99240
45682 11 10 99233
45686 11 15 99247
45688 11 5 99255
45690 11 14 100730
45692 11 21 100817
45694 11 5 103475
45696 11 23 103507
45698 11 2 103581
45700 11 14 105042
45702 11 23 104555
45704 11 21 104841
45706 11 23 105023
45710 11 22 105406
45712 11 2 105409
45714 11 19 108140
45716 11 14 108586
45718 11 23 109603
45720 11 14 112486
45722 11 1 112844
45724 11 9 112716
45726 11 5 116663
45728 11 15 121019
45730 11 21 121021
45732 11 15 125403
45734 11 14 126882
45736 11 15 128259
45738 11 23 129083
45740 11 5 129519
45742 11 22 132030
45744 11 5 157407
45746 11 9 157408
45748 11 10 157409
45750 11 14 157410
45752 11 15 157411
45754 11 19 157412
45756 11 21 157413
45758 11 22 157414
45760 11 23 157415
45762 11 1 157416
45764 11 2 157417
45766 11 3 157418
45768 11 5 157419
45770 11 9 157420
45772 11 10 157421
45774 11 14 157422
45776 11 15 157423
45778 11 19 157424
45780 11 21 157425
45782 11 22 157426
45784 11 23 157427
45786 11 1 157428
45788 11 2 157429
45790 11 3 157430
45792 11 5 157431
45794 11 9 157432
45796 11 10 157433
45798 11 14 157434
45800 11 15 157435
45802 11 19 157436
45804 11 21 157437
45806 11 22 157438
45808 11 23 157439
45810 11 1 157440
45812 11 2 157441
45814 11 3 157442
45816 11 5 157443
45818 11 9 157444
45820 11 10 157445
45822 11 14 157446
45824 11 15 157447
45826 11 19 157448
45828 11 21 157449
45830 11 22 157450
45832 11 23 157451
45834 11 1 157452
45836 11 2 157453
45838 11 3 157454
45840 11 5 157455
45842 11 9 157456
45844 11 10 157457
45846 11 14 157458
45848 11 15 157459
45850 11 19 157460
45852 11 21 157461
45854 11 22 157462
45856 11 23 157463
45858 11 1 157464
45860 11 2 157465
45862 11 3 157466
45864 11 5 157467
45866 11 9 157468
45868 11 10 157469
45870 11 14 157470
45872 11 15 157471
45874 11 19 157472
45876 11 21 157473
45878 11 22 157474
45880 11 23 157475
45882 11 1 157476
45884 11 2 157477
45886 11 3 157478
45888 11 5 157479
45890 11 9 157480
45892 11 10 157481
45894 11 14 157482
45896 11 15 157483
45898 11 19 157484
45900 11 21 157485
45902 11 22 157486
45904 11 23 157487
45906 11 1 157488
45908 11 2 157489
45910 11 3 157490
45912 11 5 157491
45914 11 9 157492
45916 11 10 157493
45918 11 14 157494
45920 11 15 157495
45922 11 19 157496
45924 11 21 157497
45926 11 22 157498
45928 11 23 157499
45930 11 1 157500
45932 11 2 157501
45934 11 3 157502
45936 11 5 157503
45938 11 9 157504
45940 11 10 157505
45942 11 14 157506
45944 11 15 157507
45946 11 19 157508
45948 11 21 157509
45950 11 22 157510
45952 11 23 157511
45954 11 1 157512
45956 11 2 157513
45958 11 3 157514
45960 11 5 157515
45962 11 9 157516
45964 11 10 157517
45966 11 14 157518
45968 11 15 157519
45970 11 19 157520
45972 11 21 157521
45974 11 22 157522
45976 11 23 157523
45978 11 1 157524
45980 11 2 157525
45982 11 3 157526
45984 11 5 157527
45986 11 9 157528
45988 11 10 157529
45990 11 14 157530
45992 11 15 157531
45994 11 19 157532
45996 11 21 157533
45998 11 22 157534
46000 11 23 157535
46002 11 1 157536
46004 11 2 157537
46006 11 3 157538
46008 11 5 157539
46010 11 9 157540
46012 11 10 157541
46014 11 14 157542
46016 11 15 157543
46018 11 19 157544
46020 11 21 157545
46022 11 22 157546
46024 11 23 157547
46026 11 1 157548
46028 11 2 157549
46030 11 3 157550
46032 11 5 157551
46034 11 9 157552
46036 11 10 157553
46038 11 14 157554
46040 11 15 157555
46042 11 19 157556
46044 11 21 157557
46046 11 22 157558
46048 11 23 157559
46050 11 1 157560
46052 11 2 157561
46054 11 3 157562
46056 11 5 157563
46058 11 9 157564
46060 11 10 157565
46062 11 14 157566
46064 11 15 157567
46066 11 19 157568
46068 11 21 157569
46070 11 22 157570
46072 11 23 157571
46074 11 1 157572
46076 11 2 157573
46078 11 3 157574
46080 11 5 157575
46082 11 9 157576
46084 11 10 157577
46086 11 14 157578
46088 11 15 157579
46090 11 19 157580
46092 11 21 157581
46094 11 22 157582
46096 11 23 157583
46098 11 1 157584
46100 11 2 157585
46102 11 3 157586
46104 11 5 157587
46106 11 9 157588
46108 11 10 157589
46110 11 14 157590
46112 11 15 157591
46114 11 19 157592
46116 11 21 157593
46118 11 22 157594
46120 11 23 157595
46122 11 1 157596
46124 11 2 157597
46126 11 3 157598
46128 11 5 157599
46130 11 9 157600
46132 11 10 157601
46134 11 14 157602
46136 11 15 157603
46138 11 19 157604
46140 11 21 157605
46142 11 22 157606
46144 11 23 157607
46146 11 1 157608
46148 11 2 157609
46150 11 3 157610
46152 11 5 157611
46154 11 9 157612
46156 11 10 157613
46158 11 14 157614
46160 11 15 157615
46162 11 19 157616
46164 11 21 157617
46166 11 22 157618
46168 11 23 157619
46170 11 1 157620
46172 11 2 157621
46174 11 3 157622
46176 11 5 157623
46178 11 9 157624
46180 11 10 157625
46182 11 14 157626
46184 11 15 157627
46186 11 19 157628
46188 11 21 157629
46190 11 22 157630
46192 11 23 157631
46194 11 1 157632
46196 11 2 157633
46198 11 3 157634
46200 11 5 157635
46202 11 9 157636
46204 11 10 157637
46206 11 14 157638
46208 11 15 157639
46210 11 19 157640
46212 11 21 157641
46214 11 22 157642
46216 11 23 157643
46218 11 1 157644
46220 11 2 157645
46222 11 3 157646
46224 11 5 157647
46226 11 9 157648
46228 11 10 157649
46230 11 14 157650
46232 11 15 157651
46234 11 19 157652
46236 11 21 157653
46238 11 22 157654
46240 11 23 157655
46242 11 1 157656
46244 11 2 157657
46246 11 3 157658
46248 11 5 157659
46250 11 9 157660
46252 11 10 157661
46254 11 14 157662
46256 11 15 157663
46258 11 19 157664
46260 11 21 157665
46262 11 22 157666
46264 11 23 157667
46266 11 1 157668
46268 11 2 157669
46270 11 3 157670
46272 11 5 157671
46274 11 9 157672
46276 11 10 157673
46278 11 14 157674
46280 11 15 157675
46282 11 19 157676
46284 11 21 157677
46286 11 22 157678
46288 11 23 157679
46290 11 1 157680
46292 11 2 157681
46294 11 3 157682
46296 11 5 157683
46298 11 9 157684
46300 11 10 157685
46302 11 14 157686
46304 11 15 157687
46306 11 19 157688
46308 11 21 157689
46310 11 22 157690
46312 11 23 157691
46314 11 1 157692
46316 11 2 157693
46318 11 3 157694
46320 11 5 157695
46330 11 1 157696
46332 11 2 157697
46334 11 3 157698
46336 11 5 157699
46338 11 9 157700
46340 11 10 157701
46342 11 14 157702
46344 11 15 157703
46346 11 19 157704
46348 11 21 157705
46350 11 22 157706
46352 11 23 157707
46354 11 1 157708
46356 11 2 157709
46358 11 3 157710
46360 11 5 157711
46362 11 9 157712
46364 11 10 157713
46366 11 14 157714
46368 11 15 157715
46370 11 19 157716
46372 11 21 157717
46374 11 22 157718
46376 11 23 157719
46378 11 1 157720
46380 11 2 157721
46382 11 3 157722
46384 11 5 157723
46386 11 9 157724
46388 11 10 157725
46390 11 14 157726
46392 11 15 157727
46394 11 19 157728
46396 11 21 157729
46398 11 22 157730
46400 11 23 157731
46402 11 1 157732
46404 11 2 157733
46406 11 3 157734
46408 11 5 157735
46410 11 9 157736
46412 11 10 157737
46414 11 14 157738
46416 11 15 157739
46418 11 19 157740
46420 11 21 157741
46422 11 22 157742
46424 11 23 157743
46426 11 1 157744
46428 11 2 157745
46430 11 3 157746
46432 11 5 157747
46434 11 9 157748
46436 11 10 157749
46438 11 14 157750
46440 11 15 157751
46442 11 19 157752
46444 11 21 157753
46446 11 22 157754
46448 11 23 157755
46450 11 1 157756
46452 11 2 157757
46454 11 3 157758
46456 11 5 157759
46458 11 9 157760
46460 11 10 157761
46462 11 14 157762
46464 11 15 157763
46466 11 19 157764
46468 11 21 157765
46470 11 22 157766
46472 11 23 157767
46474 11 1 157768
46476 11 2 157769
46478 11 3 157770
46480 11 5 157771
46482 11 9 157772
46484 11 10 157773
46486 11 14 157774
46488 11 15 157775
46490 11 19 157776
46492 11 21 157777
46494 11 22 157778
46496 11 23 157779
46498 11 1 157780
46500 11 2 157781
46502 11 3 157782
46504 11 5 157783
46506 11 9 157784
46508 11 10 157785
46510 11 14 157786
46512 11 15 157787
46514 11 19 157788
46516 11 21 157789
46518 11 22 157790
46520 11 23 157791
46522 11 1 157792
46524 11 2 157793
46526 11 3 157794
46528 11 5 157795
46530 11 9 157796
46532 11 10 157797
46534 11 14 157798
46536 11 15 157799
46538 11 19 157800
46540 11 21 157801
46542 11 22 157802
46546 11 23 157803
46548 11 1 157804
46550 11 2 157805
46552 11 3 157806
46554 11 5 157807
46556 11 9 157808
46558 11 10 157809
46560 11 14 157810
46562 11 15 157811
46564 11 19 157812
46566 11 21 157813
46568 11 22 157814
46570 11 23 157815
46572 11 1 157816
46574 11 2 157817
46576 11 3 157818
46578 11 5 157819
46580 11 9 157820
46582 11 10 157821
46584 11 14 157822
46586 11 15 157823
46588 11 19 157824
46590 11 21 157825
46592 11 22 157826
46594 11 23 157827
46596 11 1 157828
46598 11 2 157829
46600 11 3 157830
46602 11 5 157831
46604 11 9 157832
46606 11 10 157833
46608 11 14 157834
46610 11 15 157835
46612 11 19 157836
46614 11 21 157837
46616 11 22 157838
46618 11 23 157839
46620 11 1 157840
46622 11 2 157841
46624 11 3 157842
46626 11 5 157843
46628 11 9 157844
46630 11 10 157845
46632 11 14 157846
46634 11 15 157847
46636 11 19 157848
46638 11 21 157849
46640 11 22 157850
46642 11 23 157851
46644 11 1 157852
46646 11 2 157853
46648 11 3 157854
46650 11 5 157855
46652 11 9 157856
46654 11 10 157857
46656 11 14 157858
46658 11 15 157859
46660 11 19 157860
46662 11 21 157861
46664 11 22 157862
46666 11 23 157863
46668 11 1 157864
46670 11 2 157865
46672 11 3 157866
46674 11 5 157867
46676 11 9 157868
46678 11 10 157869
46680 11 14 157870
46682 11 15 157871
46684 11 19 157872
46686 11 21 157873
46688 11 22 157874
46690 11 23 157875
46692 11 1 157876
46694 11 2 157877
46696 11 3 157878
46698 11 5 157879
46700 11 9 157880
46702 11 10 157881
46704 11 14 157882
46706 11 15 157883
46708 11 19 157884
46710 11 21 157885
46712 11 22 157886
46714 11 23 157887
46716 11 1 157888
46718 11 2 157889
46720 11 3 157890
46722 11 5 157891
46724 11 9 157892
46726 11 10 157893
46732 11 14 157894
46734 11 15 157895
46736 11 19 157896
46738 11 21 157897
46740 11 22 157898
46742 11 23 157899
46744 11 1 157900
46750 11 2 157901
46752 11 3 157902
46754 11 5 157903
46756 11 9 157904
46758 11 10 157905
46760 11 14 157906
46762 11 15 157907
46764 11 19 157908
46766 11 21 157909
46768 11 22 157910
46770 11 23 157911
46772 11 1 157912
46774 11 2 157913
46776 11 3 157914
46780 11 5 157915
46782 11 9 157916
46794 11 10 157917
46796 11 14 157918
46798 11 15 157919
46800 11 19 157920
46802 11 21 157921
46804 11 22 157922
46806 11 23 157923
46808 11 1 157924
46812 11 2 157925
46818 11 3 157926
46820 11 5 157927
46822 11 9 157928
46824 11 10 157929
46830 11 14 157930
46832 11 15 157931
46834 11 19 157932
46836 11 21 157933
46838 11 22 157934
46840 11 23 157935
46842 11 1 157936
46844 11 2 157937
46846 11 3 157938
46848 11 5 157939
46850 11 9 157940
46852 11 10 157941
46854 11 14 157942
46856 11 15 157943
46858 11 19 157944
46860 11 21 157945
46862 11 22 157946
46864 11 23 157947
46866 11 1 157948
46868 11 2 157949
46870 11 3 157950
46872 11 5 157951
46874 11 9 157952
46876 11 10 157953
46878 11 14 157954
46880 11 15 157955
46882 11 19 157956
46884 11 21 157957
46886 11 22 157958
46888 11 23 157959
46890 11 1 157960
46892 11 2 157961
46894 11 3 157962
46896 11 5 157963
46898 11 9 157964
46900 11 10 157965
46902 11 14 157966
46904 11 15 157967
46906 11 19 157968
46908 11 21 157969
46910 11 22 157970
46912 11 23 157971
46914 11 1 157972
46916 11 2 157973
46918 11 3 157974
46920 11 5 157975
46922 11 9 157976
46924 11 10 157977
46926 11 14 157978
46928 11 15 157979
46930 11 19 157980
46932 11 21 157981
46934 11 22 157982
46936 11 23 157983
46938 11 1 157984
46940 11 2 157985
46942 11 3 157986
46944 11 5 157987
46946 11 9 157988
46948 11 10 157989
46950 11 14 157990
46952 11 15 157991
46954 11 19 157992
46956 11 21 157993
46958 11 22 157994
46960 11 23 157995
46962 11 1 157996
46964 11 2 157997
46966 11 3 157998
46968 11 5 157999
46970 11 9 158000
46972 11 10 158001
46974 11 14 158002
46976 11 15 158003
46978 11 19 158004
46980 11 21 158005
46982 11 22 158006
46984 11 23 158007
46986 11 1 158008
46988 11 2 158009
46990 11 3 158010
46992 11 5 158011
46994 11 9 158012
46996 11 10 158013
46998 11 14 158014
47000 11 15 158015
47002 11 19 158016
47004 11 21 158017
47006 11 22 158018
47008 11 23 158019
47010 11 1 158020
47012 11 2 158021
47014 11 3 158022
47016 11 5 158023
47018 11 9 158024
47020 11 10 158025
47022 11 14 158026
47024 11 15 158027
47026 11 19 158028
47028 11 21 158029
47030 11 22 158030
47032 11 23 158031
47034 11 1 158032
47036 11 2 158033
47038 11 3 158034
47040 11 5 158035
47046 11 9 158036
47048 11 10 158037
47050 11 14 158038
47052 11 15 158039
47054 11 19 158040
47056 11 21 158041
47058 11 22 158042
47060 11 23 158043
47062 11 1 158044
47064 11 2 158045
47066 11 3 158046
47068 11 5 158047
47070 11 9 158048
47072 11 10 158049
47074 11 14 158050
47076 11 15 158051
47078 11 19 158052
47080 11 21 158053
47082 11 22 158054
47084 11 23 158055
47086 11 1 158056
47088 11 2 158057
47090 11 3 158058
47092 11 5 158059
47094 11 9 158060
47096 11 10 158061
47098 11 14 158062
47100 11 15 158063
47102 11 19 158064
47104 11 21 158065
47106 11 22 158066
47108 11 23 158067
47110 11 1 158068
47112 11 2 158069
47114 11 3 158070
47116 11 5 158071
47118 11 9 158072
47120 11 10 158073
47122 11 14 158074
47124 11 15 158075
47126 11 19 158076
47128 11 21 158077
47130 11 22 158078
47132 11 23 158079
47134 11 1 158080
47136 11 2 158081
47138 11 3 158082
47140 11 5 158083
47142 11 9 158084
47144 11 10 158085
47146 11 14 158086
47148 11 15 158087
47150 11 19 158088
47152 11 21 158089
47154 11 22 158090
47156 11 23 158091
47158 11 1 158092
47160 11 2 158093
47162 11 3 158094
47164 11 5 158095
47166 11 9 158096
47168 11 10 158097
47170 11 14 158098
47172 11 15 158099
47174 11 19 158100
47176 11 21 158101
47178 11 22 158102
47180 11 23 158103
47182 11 1 158104
47184 11 2 158105
47186 11 3 158106
47188 11 5 158107
47190 11 9 158108
47192 11 10 158109
47194 11 14 158110
47196 11 15 158111
47198 11 19 158112
47200 11 21 158113
47202 11 22 158114
47204 11 23 158115
47206 11 1 158116
47208 11 2 158117
47210 11 3 158118
47212 11 5 158119
47214 11 9 158120
47216 11 10 158121
47218 11 14 158122
47220 11 15 158123
47222 11 19 158124
47224 11 21 158125
47226 11 22 158126
47228 11 23 158127
47230 11 1 158128
47232 11 2 158129
47234 11 3 158130
47236 11 5 158131
47238 11 9 158132
47240 11 10 158133
47242 11 14 158134
47244 11 15 158135
47246 11 19 158136
47248 11 21 158137
47250 11 22 158138
47252 11 23 158139
47254 11 1 158140
47256 11 2 158141
47258 11 3 158142
47260 11 5 158143
47262 11 9 158144
47264 11 10 158145
47266 11 14 158146
47268 11 15 158147
47270 11 19 158148
47272 11 21 158149
47274 11 22 158150
47276 11 23 158151
47278 11 1 158152
47280 11 2 158153
47282 11 3 158154
47284 11 5 158155
47286 11 9 158156
47288 11 10 158157
47290 11 14 158158
47292 11 15 158159
47294 11 19 158160
47296 11 21 158161
47298 11 22 158162
47300 11 23 158163
47302 11 1 158164
47304 11 2 158165
47306 11 3 158166
47308 11 5 158167
47310 11 9 158168
47312 11 10 158169
47314 11 14 158170
47316 11 15 158171
47318 11 19 158172
47320 11 21 158173
47322 11 22 158174
47324 11 23 158175
47326 11 1 158176
47328 11 2 158177
47330 11 3 158178
47332 11 5 158179
47334 11 9 158180
47336 11 10 158181
47338 11 14 158182
47340 11 15 158183
47342 11 19 158184
47344 11 21 158185
47346 11 22 158186
47348 11 23 158187
47350 11 1 158188
47352 11 2 158189
47354 11 3 158190
47356 11 5 158191
47358 11 9 158192
47360 11 10 158193
47362 11 14 158194
47364 11 15 158195
47366 11 19 158196
47368 11 21 158197
47370 11 22 158198
47372 11 23 158199
47374 11 1 158200
47376 11 2 158201
47378 11 3 158202
47380 11 5 158203
47382 11 9 158204
47384 11 10 158205
47386 11 14 158206
47388 11 15 158207
47390 11 19 158208
47392 11 21 158209
47394 11 22 158210
47396 11 23 158211
47398 11 1 158212
47400 11 2 158213
47402 11 3 158214
47404 11 5 158215
47406 11 9 158216
47408 11 10 158217
47410 11 14 158218
47412 11 15 158219
47414 11 19 158220
47416 11 21 158221
47418 11 22 158222
47420 11 23 158223
47422 11 1 158224
47424 11 2 158225
47426 11 3 158226
47428 11 5 158227
47434 11 9 158228
47436 11 10 158229
47438 11 14 158230
47440 11 15 158231
47442 11 19 158232
47444 11 21 158233
47446 11 22 158234
47448 11 23 158235
47450 11 1 158236
47452 11 2 158237
47454 11 3 158238
47456 11 5 158239
47458 11 9 158240
47460 11 10 158241
47462 11 14 158242
47464 11 15 158243
47466 11 19 158244
47468 11 21 158245
47470 11 22 158246
47472 11 23 158247
47474 11 1 158248
47476 11 2 158249
47478 11 3 158250
47480 11 5 158251
47482 11 9 158252
47484 11 10 158253
47486 11 14 158254
47488 11 15 158255
47490 11 19 158256
47492 11 21 158257
47494 11 22 158258
47496 11 23 158259
47498 11 1 158260
47500 11 2 158261
47502 11 3 158262
47504 11 5 158263
47506 11 9 158264
47508 11 10 158265
47510 11 14 158266
47512 11 15 158267
47514 11 19 158268
47516 11 21 158269
47518 11 22 158270
47520 11 23 158271
47522 11 1 158272
47524 11 2 158273
47526 11 3 158274
47528 11 5 158275
47530 11 9 158276
47532 11 10 158277
47534 11 14 158278
47536 11 15 158279
47538 11 19 158280
47540 11 21 158281
47542 11 22 158282
47544 11 23 158283
47546 11 1 158284
47548 11 2 158285
47550 11 3 158286
47552 11 5 158287
47554 11 9 158288
47556 11 10 158289
47558 11 14 158290
47560 11 15 158291
47562 11 19 158292
47564 11 21 158293
47566 11 22 158294
47568 11 23 158295
47570 11 1 158296
47572 11 2 158297
47574 11 3 158298
47576 11 5 158299
47578 11 9 158300
47580 11 10 158301
47582 11 14 158302
47584 11 15 158303
47586 11 19 158304
47588 11 21 158305
47590 11 22 158306
47592 11 23 158307
47594 11 1 158308
47596 11 2 158309
47598 11 3 158310
47600 11 5 158311
47602 11 9 158312
47604 11 10 158313
47606 11 14 158314
47608 11 15 158315
47610 11 19 158316
47612 11 21 158317
47614 11 22 158318
47616 11 23 158319
47618 11 1 158320
47620 11 9 880
47622 11 1 12
47624 11 19 32
47626 11 21 33
47628 11 23 35
47630 11 2 37
47632 11 3 38
47634 11 5 39
47636 11 23 47
47638 11 2 49
47640 11 10 53
47642 11 15 55
47644 11 5 63
47646 11 9 64
47648 11 1 72
47650 11 3 74
47652 11 5 111
47654 11 3 134
47656 11 14 138
47658 11 19 140
47660 11 2 145
47662 11 5 159
47664 11 9 160
47666 11 14 162
47668 11 15 163
47670 11 19 164
47672 11 22 166
47674 11 1 168
47676 11 2 169
47678 11 5 171
47680 11 15 175
47682 11 19 176
47684 11 21 177
47686 11 15 187
47688 11 21 189
47690 11 23 191
47692 11 1 192
47694 11 5 195
47696 11 10 197
47698 11 14 198
47700 11 21 201
47702 11 22 202
47704 11 23 203
47706 11 2 205
47708 11 5 207
47710 11 10 209
47712 11 14 210
47714 11 15 211
47716 11 19 212
47718 11 21 213
47720 11 22 214
47722 11 23 215
47724 11 1 216
47726 11 2 217
47728 11 9 220
47730 11 15 235
47732 11 5 675
47734 11 9 676
47736 11 23 695
47738 11 10 773
47740 11 3 830
47742 11 5 831
47744 11 9 832
47746 11 10 833
47748 11 14 834
47750 11 15 835
47752 11 19 836
47754 11 21 837
47756 11 22 838
47758 11 23 839
47760 11 1 840
47762 11 3 842
47764 11 5 843
47766 11 9 844
47768 11 10 845
47770 11 14 846
47772 11 15 847
47774 11 19 848
47776 11 21 849
47778 11 22 850
47780 11 23 851
47782 11 22 862
47784 11 21 957
47786 11 22 994
47788 11 1 996
47790 11 2 997
47792 11 1 0
47796 11 21 1093
47798 11 1 1144
47800 11 23 1155
47802 11 21 1237
47804 11 10 1257
47806 11 19 1668
47808 11 1 1672
47810 11 22 1718
47812 11 1 1720
47814 11 19 1944
47816 11 21 1945
47818 11 22 1946
47820 11 5 1951
47822 11 9 1952
47824 11 10 1953
47826 11 15 1955
47828 11 19 1956
47830 11 21 1957
47832 11 22 1958
47834 11 5 1963
47836 11 10 1965
47838 11 19 1968
47840 11 23 1971
47842 11 21 2153
47844 11 9 3000
47846 11 22 3094
47848 11 19 3200
47850 11 10 3941
47852 11 21 4261
47854 11 3 5058
47856 11 10 5073
47858 11 14 5074
47860 11 15 5075
47862 11 19 5076
47864 11 21 5077
47866 11 22 5078
47868 11 23 5079
47870 11 1 5080
47872 11 10 4401
47876 11 9 6108
48142 11 22 6114
48144 11 1 6116
48148 11 5 6147
48152 11 15 7835
48154 11 9 10652
48156 11 9 12120
48158 11 15 13171
48160 11 3 12902
48162 11 10 14413
48164 11 5 16663
48166 11 22 17366
48168 11 10 16713
48170 11 15 18015
48172 11 5 18759
48174 11 22 19478
48176 11 14 20206
48178 11 23 20019
48180 11 2 21829
48452 11 9 23528
48454 11 1 22672
48456 11 22 22994
48458 11 23 22995
48460 11 10 31601
48462 11 22 31958
48464 11 23 31959
48470 11 5 37927
48472 11 22 39630
48474 11 23 39631
48480 11 23 43715
48482 11 22 45210
48484 11 23 47415
48486 11 23 48727
48488 11 1 48728
48490 11 1 49980
48492 11 19 49328
48494 11 19 52556
48496 11 23 54871
48510 11 9 54924
48566 11 23 54931
48598 11 14 54998
48600 11 19 55024
48602 11 22 55026
48604 11 10 55033
48612 11 21 55037
48614 11 19 55036
48616 11 22 55038
48640 11 9 55044
48646 11 10 55045
48668 11 21 55049
48678 11 22 55050
48868 11 3 55054
48892 11 15 55059
48894 11 21 55073
48896 11 1 55292
48914 11 5 55827
48916 11 19 55304
48918 11 10 55397
48920 11 22 55414
48924 11 23 57147
48926 11 10 57033
48928 11 9 60888
48930 11 5 62007
48932 11 15 62167
48934 11 3 65438
48936 11 5 67091
48938 11 22 67110
48940 11 2 67113
48942 11 2 67125
48944 11 21 67181
48946 11 23 81931
48948 11 1 81932
48950 11 2 81933
48952 11 3 81934
48954 11 5 81935
48956 11 9 81936
48958 11 10 81937
48960 11 14 81938
48962 11 15 81939
48964 11 19 81940
48966 11 22 81942
48968 11 23 81943
48970 11 1 81944
48972 11 2 81945
48974 11 3 81946
48976 11 5 81947
48978 11 9 81948
48980 11 10 81949
48982 11 21 81941
49022 11 2 102929
49024 11 2 103701
49026 11 3 103702
49028 11 5 103703
49030 11 15 103755
49032 11 5 103751
49034 11 9 103752
49036 11 10 103753
49038 11 14 103754
49040 11 9 103704
49042 11 10 103705
49064 11 15 104743
49066 11 2 104605
49068 11 1 107688
49070 11 23 111627
49072 11 2 111629
49076 11 19 111636
49078 11 22 111626
49080 11 1 111628
49084 11 21 111625
49088 11 3 111630
49092 11 5 111631
49094 11 9 111632
49096 11 10 111633
49098 11 14 111634
49100 11 15 111635
49138 11 1 111640
49140 11 23 111639
49144 11 3 111642
49146 11 15 111647
49148 11 19 111648
49150 11 21 111649
49158 11 2 111641
49160 11 21 111637
49164 11 22 111638
49166 11 5 111643
49168 11 9 111644
49170 11 10 111645
49172 11 14 111646
49240 11 23 111663
49242 11 2 111689
49244 11 22 111662
49246 11 1 111664
49254 11 2 111665
49262 11 3 111666
49270 11 5 111667
49278 11 9 111668
49286 11 10 111669
49294 11 14 111670
49302 11 15 111671
49310 11 19 111672
49318 11 21 111673
49326 11 22 111674
49334 11 23 111675
49342 11 1 111676
49350 11 2 111677
49358 11 3 111678
49366 11 5 111679
49374 11 9 111680
49382 11 10 111681
49390 11 14 111682
49398 11 15 111683
49406 11 19 111684
49414 11 21 111685
49422 11 22 111686
49430 11 23 111687
49438 11 1 111688
49452 11 9 111692
49454 11 22 111734
49456 11 5 111691
49458 11 10 111693
49466 11 14 111694
49474 11 15 111695
49482 11 19 111696
49490 11 21 111697
49498 11 22 111698
49506 11 23 111699
49514 11 1 111700
49522 11 2 111701
49530 11 3 111702
49538 11 5 111703
49546 11 9 111704
49554 11 10 111705
49562 11 14 111706
49570 11 15 111707
49578 11 19 111708
49586 11 21 111709
49594 11 22 111710
49602 11 23 111711
49610 11 1 111712
49618 11 2 111713
49626 11 3 111714
49634 11 5 111715
49642 11 9 111716
49650 11 10 111717
49658 11 14 111718
49666 11 15 111719
49674 11 19 111720
49682 11 21 111721
49690 11 22 111722
49698 11 23 111723
49706 11 1 111724
49714 11 2 111725
49722 11 3 111726
49730 11 5 111727
49738 11 9 111728
49746 11 10 111729
49754 11 14 111730
49762 11 15 111731
49770 11 19 111732
49778 11 21 111733
49792 11 3 111738
49794 11 21 111757
49796 11 2 111737
49798 11 5 111739
49806 11 9 111740
49814 11 10 111741
49822 11 14 111742
49830 11 15 111743
49838 11 19 111744
49846 11 21 111745
49854 11 22 111746
49862 11 23 111747
49870 11 1 111748
49878 11 2 111749
49886 11 3 111750
49894 11 5 111751
49902 11 9 111752
49910 11 10 111753
49918 11 14 111754
49926 11 15 111755
49934 11 19 111756
49948 11 1 111760
49950 11 3 111774
49952 11 23 111759
49954 11 2 111761
49962 11 3 111762
49970 11 5 111763
49978 11 9 111764
49986 11 10 111765
49994 11 14 111766
50002 11 15 111767
50010 11 19 111768
50018 11 21 111769
50026 11 22 111770
50034 11 23 111771
50042 11 1 111772
50050 11 2 111773
50064 11 10 111777
50066 11 5 111799
50068 11 9 111776
50070 11 14 111778
50078 11 15 111779
50086 11 19 111780
50094 11 21 111781
50102 11 22 111782
50110 11 23 111783
50118 11 1 111784
50126 11 2 111785
50134 11 3 111786
50142 11 5 111787
50150 11 9 111788
50158 11 10 111789
50166 11 14 111790
50174 11 15 111791
50182 11 19 111792
50190 11 21 111793
50198 11 22 111794
50206 11 23 111795
50214 11 1 111796
50222 11 2 111797
50230 11 3 111798
50244 11 10 111993
50246 11 14 111994
50248 11 10 112005
50250 11 14 112006
50252 11 2 112013
50254 11 3 112014
50256 11 2 112025
50258 11 3 112026
50260 11 5 112027
50262 11 9 112028
50264 11 10 112029
50266 11 14 112030
50268 11 15 112031
50270 11 21 112045
50272 11 22 112046
50274 11 1 112048
50276 11 2 112049
50278 11 14 112054
50280 11 15 112055
50282 11 3 112062
50284 11 5 112063
50286 11 9 112088
50288 11 10 112089
50290 11 10 112101
50292 11 14 112102
50294 11 15 112103
50296 11 1 112108
50298 11 21 111997
50300 11 22 111998
50302 11 23 111999
50304 11 1 112000
50306 11 2 112001
50308 11 3 112002
50310 11 5 112003
50312 11 5 112015
50314 11 9 112016
50316 11 10 112017
50318 11 14 112018
50320 11 19 112020
50322 11 21 112021
50324 11 22 112022
50326 11 23 112023
50328 11 23 112083
50330 11 15 112007
50332 11 19 112008
50334 11 21 112009
50336 11 22 112010
50338 11 19 112032
50340 11 21 112033
50342 11 1 112084
50344 11 19 112104
50346 11 1 112024
50348 11 2 112037
50350 11 1 112060
50352 11 14 112066
50354 11 15 112067
50356 11 19 112068
50358 11 21 112069
50360 11 21 112081
50362 11 2 112085
50364 11 5 112087
50366 11 2 112097
50368 11 3 112098
50370 11 23 112107
50372 11 5 112039
50374 11 9 112040
50376 11 10 112041
50378 11 19 112056
50380 11 21 112057
50382 11 22 112058
50384 11 23 112059
50386 11 9 112064
50388 11 10 112065
50390 11 22 112070
50392 11 23 112071
50394 11 1 112072
50396 11 2 112073
50398 11 3 112074
50400 11 5 112075
50402 11 9 112076
50404 11 21 112105
50406 11 22 112106
50408 11 2 112109
50410 11 3 112110
50412 11 5 112111
50414 11 9 112112
50416 11 10 112113
50418 11 14 112114
50420 11 5 112051
50422 11 9 112052
50424 11 22 112082
50426 11 14 112090
50428 11 15 112091
50430 11 21 112093
50432 11 22 112094
50434 11 23 112095
50436 11 1 112096
50438 11 15 111995
50446 11 23 112047
50464 11 9 112100
50524 11 5 112099
50526 11 3 112050
50568 11 19 112092
50570 11 19 111996
50582 11 15 112019
50634 11 23 112011
50678 11 14 112042
50754 11 1 112012
50770 11 3 112038
50776 11 3 112086
50780 11 9 112004
50786 11 15 112043
50788 11 10 112077
50790 11 14 112078
50794 11 19 112044
50796 11 15 112079
50798 11 19 112080
50818 11 2 112061
50822 11 10 112053
50830 11 22 112034
50834 11 23 112035
50836 11 1 112036
50844 11 23 112203
50846 11 5 112255
50848 11 9 112256
50850 11 3 112254
50856 11 10 112257
50858 11 15 112259
50860 11 19 112260
50862 11 22 112262
50864 11 2 112265
50866 11 23 112287
50868 11 1 112264
50870 11 3 112266
50878 11 5 112267
50886 11 9 112268
50894 11 10 112269
50902 11 14 112270
50910 11 15 112271
50918 11 19 112272
50926 11 21 112273
50934 11 22 112274
50942 11 23 112275
50950 11 1 112276
50958 11 2 112277
50966 11 3 112278
50974 11 5 112279
50982 11 9 112280
50990 11 10 112281
50998 11 14 112282
51006 11 15 112283
51014 11 19 112284
51022 11 21 112285
51030 11 22 112286
51044 11 3 112434
51046 11 19 112308
51048 11 15 112403
51050 11 15 112307
51052 11 21 112309
51060 11 22 112310
51068 11 23 112311
51080 11 2 112313
51086 11 1 112312
51088 11 3 112314
51096 11 5 112315
51104 11 9 112316
51112 11 10 112317
51120 11 14 112318
51128 11 15 112319
51136 11 19 112320
51144 11 21 112321
51152 11 22 112322
51160 11 23 112323
51168 11 1 112324
51176 11 2 112325
51184 11 3 112326
51192 11 5 112327
51200 11 9 112328
51208 11 10 112329
51216 11 14 112330
51224 11 15 112331
51232 11 19 112332
51240 11 21 112333
51248 11 22 112334
51256 11 23 112335
51264 11 1 112336
51272 11 2 112337
51280 11 3 112338
51288 11 5 112339
51296 11 9 112340
51304 11 10 112341
51312 11 14 112342
51320 11 15 112343
51328 11 19 112344
51336 11 21 112345
51344 11 22 112346
51352 11 23 112347
51360 11 1 112348
51368 11 2 112349
51376 11 3 112350
51384 11 5 112351
51392 11 9 112352
51400 11 10 112353
51408 11 14 112354
51416 11 15 112355
51424 11 19 112356
51432 11 21 112357
51440 11 22 112358
51448 11 23 112359
51456 11 1 112360
51464 11 2 112361
51472 11 3 112362
51480 11 5 112363
51488 11 9 112364
51496 11 10 112365
51504 11 14 112366
51512 11 15 112367
51520 11 19 112368
51528 11 21 112369
51536 11 22 112370
51544 11 23 112371
51552 11 1 112372
51560 11 2 112373
51568 11 3 112374
51576 11 5 112375
51584 11 9 112376
51592 11 10 112377
51600 11 14 112378
51608 11 15 112379
51616 11 19 112380
51624 11 21 112381
51632 11 22 112382
51640 11 23 112383
51648 11 1 112384
51656 11 2 112385
51664 11 3 112386
51672 11 5 112387
51680 11 9 112388
51688 11 10 112389
51696 11 14 112390
51704 11 15 112391
51712 11 19 112392
51720 11 21 112393
51728 11 22 112394
51736 11 23 112395
51744 11 1 112396
51752 11 2 112397
51760 11 3 112398
51768 11 5 112399
51776 11 9 112400
51784 11 10 112401
51792 11 14 112402
51806 11 14 112438
51808 11 9 112448
51810 11 10 112437
51812 11 15 112439
51820 11 19 112440
51828 11 21 112441
51836 11 22 112442
51844 11 23 112443
51852 11 1 112444
51860 11 2 112445
51868 11 3 112446
51876 11 5 112447
51892 11 2 112469
51894 11 5 112471
51900 11 10 112473
51904 11 21 112477
51906 11 22 112478
51908 11 23 112479
51910 11 1 112480
51912 11 2 112481
51914 11 3 112482
51916 11 5 112483
51918 11 9 112484
51920 11 10 112485
51922 11 14 112486
51924 11 15 112487
51926 11 19 112488
51928 11 21 112489
51930 11 3 112506
51932 11 9 117196
51934 11 19 126752
51936 11 21 128369
51938 11 5 128399
51940 11 9 128388
51948 11 14 134414
51950 11 15 134415
51952 11 19 134416
51960 11 22 135286
51962 11 5 152687
51964 11 23 159127
51966 11 19 163472
51968 11 9 167312
51970 11 10 167313
51972 11 14 167314
51974 11 15 167315
51976 11 19 167316
51978 11 21 167317
51980 11 22 167318
51982 11 23 167319
51984 11 1 167320
51986 11 2 167321
52004 11 3 167322
52006 11 5 167323
52008 11 9 167324
52010 11 10 167325
52012 11 14 167326
52014 11 15 167327
52016 11 19 167328
52018 11 21 167329
52020 11 22 167330
52022 11 23 167331
52024 11 1 167332
52026 11 2 167333
52028 11 3 167334
52030 11 5 167335
52032 11 9 167336
52034 11 10 167337
52036 11 14 167338
52038 11 15 167339
52040 11 19 167340
52042 11 21 167341
52044 11 22 167342
52046 11 23 167343
52048 11 1 167344
52050 11 2 167345
52052 11 3 167346
52054 11 5 167347
52056 11 9 167348
52058 11 10 167349
52060 11 14 167350
52062 11 15 167351
52064 11 19 167352
52066 11 21 167353
52068 11 22 167354
52070 11 23 167355
52072 11 1 167356
52074 11 2 167357
52076 11 3 167358
52078 11 5 167359
52080 11 9 167360
52082 11 10 167361
52084 11 14 167362
52086 11 15 167363
52088 11 19 167364
52090 11 21 167365
52092 11 22 167366
52094 11 23 167367
52096 11 1 167368
52098 11 2 167369
52100 11 3 167370
52102 11 5 167371
52104 11 9 167372
52106 11 10 167373
52108 11 14 167374
52110 11 15 167375
52112 11 19 167376
52114 11 21 167377
52116 11 22 167378
52118 11 23 167379
52120 11 1 167380
52122 11 2 167381
52124 11 3 167382
52126 11 5 167383
52128 11 9 167384
52130 11 10 167385
52132 11 14 167386
52134 11 15 167387
52136 11 19 167388
52138 11 21 167389
52140 11 22 167390
52142 11 23 167391
52144 11 1 167392
52146 11 2 167393
52148 11 3 167394
52150 11 5 167395
52152 11 9 167396
52154 11 10 167397
52156 11 14 167398
52158 11 15 167399
52160 11 19 167400
52162 11 21 167401
52164 11 22 167402
52166 11 23 167403
52168 11 1 167404
52170 11 2 167405
52172 11 3 167406
52174 11 5 167407
52176 11 9 167408
52178 11 10 167409
52180 11 14 167410
52182 11 15 167411
52184 11 19 167412
52186 11 21 167413
52188 11 22 167414
52190 11 23 167415
52192 11 1 167416
52194 11 2 167417
52196 11 3 167418
52198 11 5 167419
52200 11 9 167420
52202 11 10 167421
52204 11 14 167422
52206 11 15 167423
52208 11 19 167424
52210 11 21 167425
52212 11 22 167426
52214 11 23 167427
52216 11 1 167428
52218 11 2 167429
52220 11 3 167430
52222 11 5 167431
52224 11 9 167432
52226 11 10 167433
52228 11 14 167434
52230 11 15 167435
52232 11 19 167436
52234 11 21 167437
52236 11 22 167438
52238 11 23 167439
52240 11 1 167440
52242 11 2 167441
52244 11 3 167442
52246 11 5 167443
52248 11 9 167444
52250 11 10 167445
52252 11 14 167446
52254 11 15 167447
52256 11 19 167448
52258 11 21 167449
52260 11 22 167450
52262 11 23 167451
52264 11 1 167452
52266 11 2 167453
52268 11 3 167454
52270 11 5 167455
52272 11 9 167456
52274 11 10 167457
52276 11 14 167458
52278 11 15 167459
52280 11 19 167460
52282 11 21 167461
52284 11 22 167462
52286 11 23 167463
52288 11 1 167464
52290 11 2 167465
52292 11 3 167466
52294 11 5 167467
52296 11 9 167468
52298 11 10 167469
52300 11 14 167470
52302 11 15 167471
52304 11 19 167472
52306 11 21 167473
52308 11 22 167474
52310 11 23 167475
52312 11 1 167476
52314 11 2 167477
52316 11 3 167478
52318 11 5 167479
52320 11 9 167480
52322 11 10 167481
52324 11 14 167482
52326 11 15 167483
52328 11 19 167484
52330 11 21 167485
52332 11 22 167486
52334 11 23 167487
52336 11 1 167488
52338 11 2 167489
52340 11 3 167490
52342 11 5 167491
52344 11 9 167492
52346 11 10 167493
52348 11 14 167494
52350 11 15 167495
52352 11 19 167496
52354 11 21 167497
52356 11 22 167498
52358 11 23 167499
52360 11 1 167500
52362 11 2 167501
52364 11 3 167502
52366 11 5 167503
52368 11 9 167504
52370 11 10 167505
52372 11 14 167506
52374 11 15 167507
52376 11 19 167508
52378 11 21 167509
52380 11 22 167510
52382 11 23 167511
52384 11 1 167512
52386 11 2 167513
52388 11 3 167514
52390 11 5 167515
52392 11 9 167516
52394 11 10 167517
52396 11 14 167518
52398 11 15 167519
52400 11 19 167520
52402 11 21 167521
52404 11 22 167522
52406 11 23 167523
52408 11 1 167524
52410 11 2 167525
52412 11 3 167526
52414 11 5 167527
52416 11 9 167528
52418 11 10 167529
52420 11 14 167530
52422 11 15 167531
52424 11 19 167532
52426 11 21 167533
52428 11 22 167534
52430 11 23 167535
52432 11 1 167536
52434 11 2 167537
52436 11 3 167538
52438 11 5 167539
52440 11 9 167540
52442 11 10 167541
52444 11 14 167542
52446 11 15 167543
52448 11 19 167544
52450 11 21 167545
52452 11 22 167546
52454 11 23 167547
52456 11 1 167548
52458 11 2 167549
52460 11 3 167550
52462 11 5 167551
52464 11 9 167552
52466 11 10 167553
52468 11 14 167554
52470 11 15 167555
52472 11 19 167556
52474 11 21 167557
52476 11 22 167558
52478 11 23 167559
52480 11 1 167560
52482 11 2 167561
52484 11 3 167562
52486 11 5 167563
52488 11 9 167564
52490 11 10 167565
52492 11 14 167566
52494 11 15 167567
52496 11 19 167568
52498 11 21 167569
52500 11 22 167570
52502 11 23 167571
52504 11 1 167572
52506 11 2 167573
52508 11 3 167574
52510 11 5 167575
52512 11 9 167576
52514 11 10 167577
52516 11 14 167578
52518 11 15 167579
52520 11 19 167580
52522 11 21 167581
52524 11 22 167582
52526 11 23 167583
52528 11 1 167584
52530 11 2 167585
52532 11 3 167586
52534 11 5 167587
52536 11 9 167588
52538 11 10 167589
52540 11 14 167590
52542 11 15 167591
52544 11 19 167592
52546 11 21 167593
52548 11 22 167594
52550 11 23 167595
52552 11 1 167596
52554 11 2 167597
52556 11 3 167598
52558 11 5 167599
52560 11 9 167600
52562 11 10 167601
52564 11 14 167602
52566 11 15 167603
52568 11 19 167604
52570 11 21 167605
52572 11 22 167606
52574 11 23 167607
52576 11 1 167608
52578 11 2 167609
52580 11 3 167610
52582 11 5 167611
52584 11 9 167612
52586 11 10 167613
52588 11 14 167614
52590 11 15 167615
52592 11 19 167616
52594 11 21 167617
52596 11 22 167618
52598 11 23 167619
52600 11 1 167620
52602 11 2 167621
52604 11 3 167622
52606 11 5 167623
52608 11 9 167624
52610 11 10 167625
52612 11 14 167626
52614 11 15 167627
52616 11 19 167628
52618 11 21 167629
52620 11 22 167630
52622 11 23 167631
52624 11 1 167632
52626 11 2 167633
52628 11 3 167634
52630 11 5 167635
52632 11 9 167636
52634 11 10 167637
52636 11 14 167638
52638 11 15 167639
52640 11 19 167640
52642 11 21 167641
52644 11 22 167642
52646 11 23 167643
52648 11 1 167644
52650 11 2 167645
52652 11 3 167646
52654 11 5 167647
52656 11 9 167648
52658 11 10 167649
52660 11 14 167650
52662 11 15 167651
52666 11 19 167652
52670 11 21 167653
52674 11 22 167654
52678 11 23 167655
52682 11 1 167656
52686 11 2 167657
52690 11 3 167658
52694 11 5 167659
52698 11 9 167660
52702 11 10 167661
52706 11 14 167662
52710 11 15 167663
52714 11 19 167664
52718 11 21 167665
52722 11 22 167666
52726 11 23 167667
52730 11 1 167668
52734 11 2 167669
52738 11 3 167670
52742 11 5 167671
52746 11 9 167672
52750 11 10 167673
52754 11 14 167674
52758 11 15 167675
52762 11 19 167676
52766 11 21 167677
52770 11 22 167678
52774 11 23 167679
52778 11 1 167680
52782 11 2 167681
52786 11 3 167682
52790 11 5 167683
52794 11 9 167684
52798 11 10 167685
52802 11 14 167686
52806 11 15 167687
52810 11 19 167688
52814 11 21 167689
52818 11 22 167690
52822 11 23 167691
52826 11 1 167692
52830 11 2 167693
52834 11 3 167694
52836 11 5 167695
52838 11 9 167696
52842 11 10 167697
52846 11 14 167698
52850 11 15 167699
52854 11 19 167700
52858 11 21 167701
52862 11 22 167702
52866 11 23 167703
52870 11 1 167704
52874 11 2 167705
52878 11 3 167706
52882 11 5 167707
52886 11 9 167708
52890 11 10 167709
52894 11 14 167710
52898 11 15 167711
52902 11 19 167712
52906 11 21 167713
52910 11 22 167714
52914 11 23 167715
52918 11 1 167716
52920 11 2 167717
52922 11 3 167718
52924 11 5 167719
52926 11 9 167720
52928 11 10 167721
52930 11 14 167722
52932 11 15 167723
52934 11 19 167724
52936 11 21 167725
52938 11 22 167726
52940 11 23 167727
52942 11 1 167728
52944 11 2 167729
52946 11 3 167730
52948 11 5 167731
52950 11 9 167732
52952 11 10 167733
52954 11 14 167734
52958 11 15 167735
52962 11 19 167736
52966 11 21 167737
52970 11 22 167738
52974 11 23 167739
52978 11 1 167740
52982 11 2 167741
52986 11 3 167742
52990 11 5 167743
52994 11 9 167744
52998 11 10 167745
53002 11 14 167746
53006 11 15 167747
53010 11 19 167748
53014 11 21 167749
53018 11 22 167750
53022 11 23 167751
53026 11 1 167752
53030 11 2 167753
53034 11 3 167754
53038 11 5 167755
53042 11 9 167756
53046 11 10 167757
53048 11 14 167758
53050 11 15 167759
53052 11 19 167760
53054 11 21 167761
53056 11 22 167762
53058 11 23 167763
53060 11 1 167764
53062 11 2 167765
53064 11 3 167766
53066 11 5 167767
53068 11 9 167768
53070 11 10 167769
53072 11 14 167770
53074 11 15 167771
53076 11 19 167772
53078 11 21 167773
53080 11 22 167774
53082 11 23 167775
53084 11 1 167776
53086 11 2 167777
53088 11 3 167778
53090 11 5 167779
53092 11 9 167780
53094 11 10 167781
53096 11 14 167782
53098 11 15 167783
53100 11 19 167784
53102 11 21 167785
53104 11 22 167786
53106 11 23 167787
53108 11 1 167788
53110 11 2 167789
53112 11 3 167790
53114 11 5 167791
53116 11 9 167792
53118 11 10 167793
53120 11 14 167794
53122 11 15 167795
53124 11 19 167796
53126 11 21 167797
53128 11 22 167798
53130 11 23 167799
53132 11 1 167800
53134 11 2 167801
53136 11 3 167802
53138 11 5 167803
53140 11 9 167804
53142 11 10 167805
53144 11 14 167806
53146 11 15 167807
53148 11 19 167808
53150 11 21 167809
53152 11 22 167810
53154 11 23 167811
53156 11 1 167812
53158 11 2 167813
53160 11 3 167814
53162 11 5 167815
53164 11 9 167816
53166 11 10 167817
53168 11 14 167818
53170 11 15 167819
53172 11 19 167820
53174 11 21 167821
53176 11 22 167822
53178 11 23 167823
53180 11 1 167824
53182 11 2 167825
53184 11 3 167826
53186 11 5 167827
53188 11 9 167828
53190 11 10 167829
53192 11 14 167830
53194 11 15 167831
53196 11 19 167832
53198 11 21 167833
53200 11 22 167834
53202 11 23 167835
53204 11 1 167836
53206 11 2 167837
53208 11 3 167838
53210 11 5 167839
53212 11 9 167840
53214 11 10 167841
53216 11 14 167842
53218 11 15 167843
53220 11 19 167844
53222 11 21 167845
53224 11 22 167846
53226 11 23 167847
53228 11 1 167848
53230 11 2 167849
53232 11 3 167850
53234 11 5 167851
53236 11 9 167852
53238 11 10 167853
53240 11 14 167854
53242 11 15 167855
53244 11 19 167856
53246 11 21 167857
53248 11 22 167858
53250 11 23 167859
53252 11 1 167860
53254 11 2 167861
53256 11 3 167862
53258 11 5 167863
53260 11 9 167864
53262 11 10 167865
53264 11 14 167866
53266 11 15 167867
53268 11 19 167868
53270 11 21 167869
53272 11 22 167870
53274 11 23 167871
53276 11 1 167872
53278 11 2 167873
53280 11 3 167874
53282 11 5 167875
53284 11 9 167876
53286 11 10 167877
53288 11 14 167878
53290 11 15 167879
53292 11 19 167880
53294 11 21 167881
53296 11 22 167882
53298 11 23 167883
53300 11 1 167884
53302 11 2 167885
53304 11 3 167886
53306 11 5 167887
53308 11 9 167888
53310 11 10 167889
53312 11 14 167890
53314 11 15 167891
53316 11 19 167892
53318 11 21 167893
53320 11 22 167894
53322 11 23 167895
53324 11 1 167896
53326 11 2 167897
53328 11 3 167898
53330 11 5 167899
53332 11 9 167900
53334 11 10 167901
53336 11 14 167902
53338 11 15 167903
53340 11 19 167904
53342 11 21 167905
53344 11 22 167906
53346 11 23 167907
53348 11 1 167908
53350 11 2 167909
53352 11 3 167910
53354 11 5 167911
53356 11 9 167912
53358 11 10 167913
53360 11 14 167914
53362 11 15 167915
53364 11 19 167916
53366 11 21 167917
53368 11 22 167918
53370 11 23 167919
53372 11 1 167920
53374 11 2 167921
53376 11 3 167922
53378 11 5 167923
53380 11 9 167924
53382 11 10 167925
53384 11 14 167926
53386 11 15 167927
53388 11 19 167928
53390 11 21 167929
53392 11 22 167930
53394 11 23 167931
53396 11 1 167932
53398 11 2 167933
53400 11 3 167934
53402 11 5 167935
53734 11 1 167936
53736 11 2 167937
53738 11 3 167938
53740 11 5 167939
53742 11 9 167940
53744 11 10 167941
53746 11 14 167942
53748 11 15 167943
53750 11 19 167944
53752 11 21 167945
53754 11 22 167946
53756 11 23 167947
53758 11 1 167948
53760 11 2 167949
53762 11 3 167950
53764 11 5 167951
53766 11 9 167952
53768 11 10 167953
53770 11 14 167954
53772 11 15 167955
53774 11 19 167956
53776 11 21 167957
53778 11 22 167958
53780 11 23 167959
53782 11 1 167960
53784 11 2 167961
53786 11 3 167962
53788 11 5 167963
53790 11 9 167964
53792 11 10 167965
53794 11 14 167966
53796 11 15 167967
53798 11 19 167968
53800 11 21 167969
53802 11 22 167970
53804 11 23 167971
53806 11 1 167972
53808 11 2 167973
53810 11 3 167974
53812 11 5 167975
53814 11 9 167976
53816 11 10 167977
53818 11 14 167978
53820 11 15 167979
53822 11 19 167980
53824 11 21 167981
53826 11 22 167982
53828 11 23 167983
53830 11 1 167984
53832 11 2 167985
53834 11 3 167986
53836 11 5 167987
53838 11 9 167988
53840 11 10 167989
53842 11 14 167990
53844 11 15 167991
53846 11 19 167992
53848 11 21 167993
53850 11 22 167994
53852 11 23 167995
53854 11 1 167996
53856 11 2 167997
53858 11 3 167998
53860 11 5 167999
53862 11 9 168000
53864 11 10 168001
53866 11 14 168002
53868 11 15 168003
53870 11 19 168004
53872 11 21 168005
53874 11 22 168006
53876 11 23 168007
53878 11 1 168008
53880 11 2 168009
53882 11 3 168010
53884 11 5 168011
53886 11 9 168012
53888 11 10 168013
53890 11 14 168014
53892 11 15 168015
53894 11 19 168016
53896 11 21 168017
53898 11 22 168018
53900 11 23 168019
53902 11 1 168020
53904 11 2 168021
53906 11 3 168022
53908 11 5 168023
53910 11 9 168024
53912 11 10 168025
53914 11 14 168026
53916 11 15 168027
53918 11 19 168028
53920 11 21 168029
53922 11 22 168030
53924 11 23 168031
53926 11 1 168032
53928 11 2 168033
53930 11 3 168034
53932 11 5 168035
53934 11 9 168036
53936 11 10 168037
53938 11 14 168038
53940 11 15 168039
53942 11 19 168040
53944 11 21 168041
53946 11 22 168042
53948 11 23 168043
53950 11 1 168044
53952 11 2 168045
53954 11 3 168046
53956 11 5 168047
53958 11 9 168048
53960 11 10 168049
53962 11 14 168050
53964 11 15 168051
53966 11 19 168052
53968 11 21 168053
53970 11 22 168054
53972 11 23 168055
53974 11 1 168056
53976 11 2 168057
53978 11 3 168058
53980 11 5 168059
53982 11 9 168060
53984 11 10 168061
53986 11 14 168062
53988 11 15 168063
53990 11 19 168064
53992 11 21 168065
53994 11 22 168066
53996 11 23 168067
53998 11 1 168068
54000 11 2 168069
54002 11 3 168070
54004 11 5 168071
54006 11 9 168072
54008 11 10 168073
54010 11 14 168074
54012 11 15 168075
54014 11 19 168076
54016 11 21 168077
54018 11 22 168078
54020 11 23 168079
54022 11 1 168080
54024 11 2 168081
54026 11 3 168082
54028 11 5 168083
54030 11 9 168084
54032 11 10 168085
54034 11 14 168086
54036 11 15 168087
54038 11 19 168088
54040 11 21 168089
54042 11 22 168090
54044 11 23 168091
54046 11 1 168092
54048 11 2 168093
54050 11 3 168094
54052 11 5 168095
54054 11 9 168096
54056 11 10 168097
54058 11 14 168098
54060 11 15 168099
54062 11 19 168100
54064 11 21 168101
54066 11 22 168102
54068 11 23 168103
54070 11 1 168104
54072 11 2 168105
54074 11 3 168106
54076 11 5 168107
54078 11 9 168108
54080 11 10 168109
54082 11 14 168110
54084 11 15 168111
54086 11 19 168112
54088 11 21 168113
54090 11 22 168114
54092 11 23 168115
54094 11 1 168116
54096 11 2 168117
54098 11 3 168118
54100 11 5 168119
54102 11 9 168120
54104 11 10 168121
54106 11 14 168122
54108 11 15 168123
54110 11 19 168124
54112 11 21 168125
54114 11 22 168126
54116 11 23 168127
54118 11 1 168128
54120 11 2 168129
54122 11 3 168130
54124 11 5 168131
54126 11 9 168132
54128 11 10 168133
54130 11 14 168134
54132 11 15 168135
54134 11 19 168136
54136 11 21 168137
54138 11 22 168138
54140 11 23 168139
54142 11 1 168140
54144 11 2 168141
54146 11 3 168142
54148 11 5 168143
54150 11 9 168144
54152 11 10 168145
54154 11 14 168146
54156 11 15 168147
54158 11 19 168148
54160 11 21 168149
54162 11 22 168150
54164 11 23 168151
54166 11 1 168152
54168 11 2 168153
54170 11 3 168154
54172 11 5 168155
54174 11 9 168156
54176 11 10 168157
54178 11 14 168158
54180 11 15 168159
54182 11 19 168160
54184 11 21 168161
54186 11 22 168162
54188 11 23 168163
54190 11 1 168164
54192 11 2 168165
54194 11 3 168166
54196 11 5 168167
54198 11 9 168168
54200 11 10 168169
54202 11 14 168170
54204 11 15 168171
54206 11 19 168172
54208 11 21 168173
54210 11 22 168174
54212 11 23 168175
54214 11 1 168176
54216 11 2 168177
54218 11 3 168178
54220 11 5 168179
54222 11 9 168180
54224 11 10 168181
54226 11 14 168182
54228 11 15 168183
54230 11 19 168184
54232 11 21 168185
54234 11 22 168186
54236 11 23 168187
54238 11 1 168188
54240 11 2 168189
54242 11 3 168190
54244 11 5 168191
54246 11 9 168192
54248 11 10 168193
54250 11 14 168194
54252 11 15 168195
54254 11 19 168196
54256 11 21 168197
54258 11 22 168198
54260 11 23 168199
54262 11 1 168200
54264 11 2 168201
54266 11 3 168202
54268 11 5 168203
54270 11 9 168204
54272 11 10 168205
54274 11 14 168206
54276 11 15 168207
54278 11 19 168208
54280 11 21 168209
54282 11 22 168210
54284 11 23 168211
54286 11 1 168212
54288 11 2 168213
54290 11 3 168214
54292 11 5 168215
54294 11 9 168216
54296 11 10 168217
54298 11 14 168218
54300 11 15 168219
54302 11 19 168220
54304 11 21 168221
54306 11 22 168222
54308 11 23 168223
54310 11 1 168224
54312 11 2 168225
54314 11 3 168226
54316 11 5 168227
54318 11 9 168228
54320 11 10 168229
54322 11 14 168230
54324 11 15 168231
54326 11 19 168232
54328 11 21 168233
54330 11 22 168234
54332 11 23 168235
54334 11 1 168236
54336 11 2 168237
54338 11 3 168238
54340 11 5 168239
54342 11 9 168240
54344 11 10 168241
54346 11 14 168242
54348 11 15 168243
54350 11 19 168244
54352 11 21 168245
54354 11 22 168246
54356 11 23 168247
54358 11 1 168248
54360 11 2 168249
54362 11 3 168250
54364 11 5 168251
54366 11 9 168252
54368 11 10 168253
54370 11 14 168254
54372 11 15 168255
54374 11 19 168256
54376 11 21 168257
54378 11 22 168258
54380 11 23 168259
54382 11 1 168260
54384 11 2 168261
54386 11 3 168262
54388 11 5 168263
54390 11 9 168264
54392 11 10 168265
54394 11 14 168266
54396 11 15 168267
54398 11 19 168268
54400 11 21 168269
54402 11 22 168270
54404 11 23 168271
54406 11 1 168272
54408 11 2 168273
54410 11 3 168274
54412 11 5 168275
54414 11 9 168276
54416 11 10 168277
54418 11 14 168278
54420 11 15 168279
54422 11 19 168280
54424 11 21 168281
54426 11 22 168282
54428 11 23 168283
54430 11 1 168284
54432 11 2 168285
54434 11 3 168286
54436 11 5 168287
54438 11 9 168288
54440 11 10 168289
54442 11 14 168290
54444 11 15 168291
54446 11 19 168292
54448 11 21 168293
54450 11 22 168294
54452 11 23 168295
54454 11 1 168296
54456 11 2 168297
54458 11 3 168298
54460 11 5 168299
54462 11 9 168300
54464 11 10 168301
54466 11 14 168302
54468 11 15 168303
54470 11 19 168304
54472 11 21 168305
54474 11 22 168306
54476 11 23 168307
54478 11 1 168308
54480 11 2 168309
54482 11 3 168310
54484 11 5 168311
54486 11 9 168312
54488 11 10 168313
54490 11 14 168314
54492 11 15 168315
54494 11 19 168316
54496 11 21 168317
54498 11 22 168318
54500 11 23 168319
54502 11 1 168320
54504 11 2 168321
54506 11 3 168322
54508 11 5 168323
54510 11 9 168324
54512 11 10 168325
54514 11 14 168326
54516 11 15 168327
54518 11 19 168328
54520 11 21 168329
54522 11 22 168330
54524 11 23 168331
54526 11 1 168332
54528 11 2 168333
54530 11 3 168334
54532 11 5 168335
54534 11 9 168336
54536 11 10 168337
54538 11 14 168338
54540 11 15 168339
54542 11 19 168340
54544 11 21 168341
54546 11 22 168342
54548 11 23 168343
54550 11 1 168344
54552 11 2 168345
54554 11 3 168346
54556 11 5 168347
54558 11 9 168348
54560 11 10 168349
54562 11 14 168350
54564 11 15 168351
54566 11 19 168352
54568 11 21 168353
54570 11 22 168354
54572 11 23 168355
54574 11 1 168356
54576 11 2 168357
54578 11 3 168358
54580 11 5 168359
54582 11 9 168360
54584 11 10 168361
54586 11 14 168362
54588 11 15 168363
54590 11 19 168364
54592 11 21 168365
54594 11 22 168366
54596 11 23 168367
54598 11 1 168368
54600 11 2 168369
54602 11 3 168370
54604 11 5 168371
54606 11 9 168372
54608 11 10 168373
54610 11 14 168374
54612 11 15 168375
54614 11 19 168376
54616 11 21 168377
54618 11 22 168378
54620 11 23 168379
54622 11 1 168380
54624 11 2 168381
54626 11 3 168382
54628 11 5 168383
54630 11 9 168384
54632 11 10 168385
54634 11 14 168386
54636 11 15 168387
54650 11 19 168388
54652 11 21 168389
54688 11 22 168390
54708 11 23 168391
54926 11 1 168392
54946 11 2 168393
55140 11 3 168394
55170 11 5 168395
55238 11 9 168396
55408 11 10 168397
55410 11 14 168398
55412 11 15 168399
55414 11 19 168400
55416 11 21 168401
55418 11 22 168402
55430 11 23 168403
55432 11 1 168404
55434 11 2 168405
55436 11 3 168406
55442 11 5 168407
55444 11 9 168408
55446 11 10 168409
55448 11 14 168410
55450 11 15 168411
55456 11 19 168412
55458 11 21 168413
55460 11 22 168414
55466 11 23 168415
55468 11 1 168416
55470 11 2 168417
55472 11 3 168418
55486 11 5 168419
55516 11 9 168420
55518 11 10 168421
55528 11 14 168422
55530 11 15 168423
55532 11 19 168424
55534 11 21 168425
55536 11 22 168426
55546 11 23 168427
55548 11 1 168428
55550 11 2 168429
55552 11 3 168430
55554 11 5 168431
55556 11 9 168432
55562 11 10 168433
55564 11 14 168434
55566 11 15 168435
55568 11 19 168436
55570 11 21 168437
55572 11 22 168438
55574 11 23 168439
55576 11 1 168440
55580 11 2 168441
55582 11 3 168442
55584 11 5 168443
55586 11 9 168444
55588 11 10 168445
55590 11 14 168446
55592 11 15 168447
55594 11 19 168448
55598 11 21 168449
55600 11 22 168450
55602 11 23 168451
55604 11 1 168452
55606 11 2 168453
55608 11 3 168454
55610 11 5 168455
55620 11 9 168456
55622 11 10 168457
55624 11 14 168458
55626 11 15 168459
55628 11 19 168460
55630 11 21 168461
55636 11 22 168462
55638 11 23 168463
55640 11 1 168464
55642 11 2 168465
55644 11 3 168466
55646 11 5 168467
55648 11 9 168468
55650 11 10 168469
55654 11 14 168470
55656 11 15 168471
55658 11 19 168472
55660 11 21 168473
55662 11 22 168474
55664 11 23 168475
55666 11 1 168476
55668 11 2 168477
55670 11 3 168478
55672 11 5 168479
55674 11 9 168480
55676 11 10 168481
55678 11 14 168482
55680 11 15 168483
55682 11 19 168484
55684 11 21 168485
55686 11 22 168486
55688 11 23 168487
55690 11 1 168488
55692 11 2 168489
55694 11 3 168490
55696 11 5 168491
55698 11 9 168492
55700 11 10 168493
55702 11 14 168494
55704 11 15 168495
55706 11 19 168496
55708 11 21 168497
55710 11 22 168498
55712 11 23 168499
55714 11 1 168500
55716 11 2 168501
55718 11 3 168502
55720 11 5 168503
55722 11 9 168504
55724 11 10 168505
55726 11 14 168506
55728 11 15 168507
55730 11 19 168508
55732 11 21 168509
55734 11 22 168510
55736 11 23 168511
55738 11 1 168512
55740 11 2 168513
55742 11 3 168514
55744 11 5 168515
55746 11 9 168516
55748 11 10 168517
55750 11 14 168518
55752 11 15 168519
55754 11 19 168520
55756 11 21 168521
55758 11 22 168522
55760 11 23 168523
55762 11 1 168524
55764 11 2 168525
55766 11 3 168526
55768 11 5 168527
55770 11 9 168528
55772 11 10 168529
55774 11 14 168530
55776 11 15 168531
55778 11 19 168532
55780 11 21 168533
55782 11 22 168534
55784 11 23 168535
55786 11 1 168536
55788 11 2 168537
55790 11 3 168538
55792 11 5 168539
55794 11 9 168540
55796 11 10 168541
55798 11 14 168542
55800 11 15 168543
55802 11 19 168544
55804 11 21 168545
55806 11 22 168546
55808 11 23 168547
55810 11 1 168548
55812 11 2 168549
55814 11 3 168550
55816 11 5 168551
55818 11 9 168552
55820 11 10 168553
55822 11 14 168554
55824 11 15 168555
55826 11 19 168556
55828 11 21 168557
55830 11 22 168558
55832 11 23 168559
55834 11 1 168560
55836 11 2 168561
55838 11 3 168562
55840 11 5 168563
55842 11 9 168564
55844 11 10 168565
55846 11 14 168566
55848 11 15 168567
55850 11 19 168568
55852 11 21 168569
55854 11 22 168570
55856 11 23 168571
55858 11 1 168572
55860 11 2 168573
55862 11 3 168574
55864 11 5 168575
55866 11 9 168576
55868 11 10 168577
55872 11 14 168578
55876 11 15 168579
55880 11 19 168580
55882 11 21 168581
55884 11 22 168582
55886 11 23 168583
55888 11 1 168584
55890 11 2 168585
55892 11 3 168586
55894 11 5 168587
55896 11 9 168588
55898 11 10 168589
55900 11 14 168590
55902 11 15 168591
55904 11 19 168592
55906 11 21 168593
55908 11 22 168594
55910 11 23 168595
55912 11 1 168596
55914 11 2 168597
55916 11 3 168598
55918 11 5 168599
55920 11 9 168600
55922 11 10 168601
55924 11 14 168602
55926 11 15 168603
55928 11 19 168604
55930 11 21 168605
55932 11 22 168606
55934 11 23 168607
55936 11 1 168608
55938 11 2 168609
55940 11 3 168610
55942 11 5 168611
55944 11 9 168612
55946 11 10 168613
55948 11 14 168614
55950 11 15 168615
55952 11 19 168616
55954 11 21 168617
55956 11 22 168618
55958 11 23 168619
55960 11 1 168620
55962 11 2 168621
55964 11 3 168622
55966 11 5 168623
55968 11 9 168624
55970 11 10 168625
55972 11 14 168626
55974 11 15 168627
55976 11 19 168628
55978 11 21 168629
55980 11 22 168630
55982 11 23 168631
55984 11 1 168632
55986 11 2 168633
55988 11 3 168634
55990 11 5 168635
55992 11 9 168636
55994 11 10 168637
55996 11 14 168638
55998 11 15 168639
56000 11 19 168640
56002 11 21 168641
56004 11 22 168642
56006 11 23 168643
56008 11 1 168644
56010 11 2 168645
56012 11 3 168646
56014 11 5 168647
56016 11 9 168648
56018 11 10 168649
56020 11 14 168650
56022 11 15 168651
56024 11 19 168652
56026 11 21 168653
56028 11 22 168654
56030 11 23 168655
56032 11 1 168656
56034 11 2 168657
56036 11 3 168658
56038 11 5 168659
56040 11 9 168660
56042 11 10 168661
56044 11 14 168662
56046 11 15 168663
56048 11 19 168664
56050 11 21 168665
56052 11 22 168666
56054 11 23 168667
56056 11 1 168668
56058 11 2 168669
56060 11 3 168670
56062 11 5 168671
56064 11 9 168672
56066 11 10 168673
56068 11 14 168674
56070 11 15 168675
56072 11 19 168676
56074 11 21 168677
56076 11 22 168678
56078 11 23 168679
56080 11 1 168680
56082 11 2 168681
56084 11 3 168682
56086 11 5 168683
56088 11 9 168684
56090 11 10 168685
56092 11 14 168686
56094 11 15 168687
56096 11 19 168688
56098 11 21 168689
56100 11 22 168690
56102 11 23 168691
56104 11 1 168692
56106 11 2 168693
56108 11 3 168694
56110 11 5 168695
56112 11 9 168696
56114 11 10 168697
56116 11 14 168698
56118 11 15 168699
56120 11 19 168700
56122 11 21 168701
56124 11 22 168702
56126 11 23 168703
56128 11 1 168704
56130 11 2 168705
56132 11 3 168706
56134 11 5 168707
56136 11 9 168708
56138 11 10 168709
56140 11 14 168710
56142 11 15 168711
56144 11 19 168712
56146 11 21 168713
56148 11 22 168714
56150 11 23 168715
56152 11 1 168716
56154 11 2 168717
56156 11 3 168718
56158 11 5 168719
56160 11 9 168720
56162 11 10 168721
56164 11 14 168722
56166 11 15 168723
56168 11 19 168724
56170 11 21 168725
56172 11 22 168726
56174 11 23 168727
56176 11 1 168728
56178 11 2 168729
56180 11 3 168730
56182 11 5 168731
56184 11 9 168732
56186 11 10 168733
56188 11 14 168734
56190 11 15 168735
56198 11 19 168736
56200 11 21 168737
56202 11 22 168738
56204 11 23 168739
56206 11 1 168740
56208 11 2 168741
56210 11 3 168742
56212 11 5 168743
56214 11 9 168744
56216 11 10 168745
56218 11 14 168746
56220 11 15 168747
56222 11 19 168748
56224 11 21 168749
56226 11 22 168750
56228 11 23 168751
56230 11 1 168752
56232 11 2 168753
56234 11 3 168754
56236 11 5 168755
56238 11 9 168756
56240 11 10 168757
56242 11 14 168758
56244 11 15 168759
56246 11 19 168760
56248 11 21 168761
56250 11 22 168762
56252 11 23 168763
56254 11 1 168764
56256 11 2 168765
56258 11 3 168766
56260 11 5 168767
56262 11 9 168768
56264 11 10 168769
56266 11 14 168770
56268 11 15 168771
56270 11 19 168772
56272 11 21 168773
56274 11 22 168774
56276 11 23 168775
56278 11 1 168776
56280 11 2 168777
56282 11 3 168778
56284 11 5 168779
56286 11 9 168780
56288 11 10 168781
56290 11 14 168782
56292 11 15 168783
56294 11 19 168784
56296 11 21 168785
56298 11 22 168786
56300 11 23 168787
56302 11 1 168788
56304 11 2 168789
56306 11 3 168790
56308 11 5 168791
56310 11 9 168792
56312 11 10 168793
56314 11 14 168794
56316 11 15 168795
56318 11 19 168796
56320 11 21 168797
56322 11 22 168798
56324 11 23 168799
56326 11 1 168800
56328 11 2 168801
56330 11 3 168802
56332 11 5 168803
56334 11 9 168804
56336 11 10 168805
56338 11 14 168806
56340 11 15 168807
56342 11 19 168808
56344 11 21 168809
56346 11 22 168810
56348 11 23 168811
56350 11 1 168812
56352 11 2 168813
56354 11 3 168814
56356 11 5 168815
56358 11 9 168816
56360 11 10 168817
56362 11 14 168818
56364 11 15 168819
56366 11 19 168820
56368 11 21 168821
56370 11 22 168822
56372 11 23 168823
56374 11 1 168824
56376 11 2 168825
56378 11 3 168826
56380 11 5 168827
56382 11 9 168828
56384 11 10 168829
56386 11 14 168830
56388 11 15 168831
56390 11 19 168832
56392 11 21 168833
56394 11 22 168834
56396 11 23 168835
56398 11 1 168836
56400 11 2 168837
56402 11 3 168838
56404 11 5 168839
56406 11 9 168840
56408 11 10 168841
56410 11 14 168842
56412 11 15 168843
56414 11 19 168844
56416 11 21 168845
56418 11 22 168846
56420 11 23 168847
56422 11 1 168848
56424 11 2 168849
56426 11 3 168850
56428 11 5 168851
56430 11 9 168852
56432 11 10 168853
56434 11 14 168854
56436 11 15 168855
56438 11 19 168856
56440 11 21 168857
56442 11 22 168858
56444 11 23 168859
56446 11 1 168860
56448 11 2 168861
56450 11 3 168862
56452 11 5 168863
56454 11 9 168864
56456 11 10 168865
56458 11 14 168866
56460 11 15 168867
56462 11 19 168868
56464 11 21 168869
56466 11 22 168870
56468 11 23 168871
56470 11 1 168872
56472 11 2 168873
56474 11 3 168874
56476 11 5 168875
56478 11 9 168876
56480 11 10 168877
56482 11 14 168878
56484 11 15 168879
56486 11 19 168880
56488 11 21 168881
56490 11 22 168882
56492 11 23 168883
56494 11 1 168884
56496 11 2 168885
56498 11 3 168886
56500 11 5 168887
56502 11 9 168888
56504 11 10 168889
56506 11 14 168890
56508 11 15 168891
56510 11 19 168892
56512 11 21 168893
56514 11 22 168894
56516 11 23 168895
56518 11 1 168896
56520 11 2 168897
56522 11 3 168898
56524 11 5 168899
56526 11 9 168900
56528 11 10 168901
56530 11 14 168902
56532 11 15 168903
56534 11 19 168904
56536 11 21 168905
56538 11 22 168906
56540 11 23 168907
56542 11 1 168908
56544 11 2 168909
56546 11 3 168910
56548 11 5 168911
56550 11 9 168912
56552 11 10 168913
56554 11 14 168914
56556 11 15 168915
56558 11 19 168916
56560 11 21 168917
56562 11 22 168918
56564 11 23 168919
56566 11 1 168920
56568 11 2 168921
56570 11 3 168922
56572 11 5 168923
56574 11 9 168924
56576 11 10 168925
56578 11 14 168926
56580 11 15 168927
56582 11 19 168928
56584 11 21 168929
56586 11 22 168930
56588 11 23 168931
56590 11 1 168932
56592 11 2 168933
56594 11 3 168934
56596 11 5 168935
56598 11 9 168936
56600 11 10 168937
56602 11 14 168938
56604 11 15 168939
56606 11 19 168940
56608 11 21 168941
56610 11 22 168942
56612 11 23 168943
56614 11 1 168944
56616 11 2 168945
56618 11 3 168946
56620 11 5 168947
56622 11 9 168948
56624 11 10 168949
56626 11 14 168950
56628 11 15 168951
56630 11 19 168952
56632 11 21 168953
56634 11 22 168954
56636 11 23 168955
56638 11 1 168956
56640 11 2 168957
56642 11 3 168958
56644 11 5 168959
56648 11 1 168960
56650 11 2 168961
56652 11 3 168962
56654 11 5 168963
56656 11 9 168964
56658 11 10 168965
56660 11 14 168966
56662 11 15 168967
56664 11 19 168968
56666 11 21 168969
56668 11 22 168970
56670 11 23 168971
56672 11 1 168972
56674 11 2 168973
56676 11 3 168974
56678 11 5 168975
56680 11 9 168976
56682 11 10 168977
56684 11 14 168978
56686 11 15 168979
56688 11 19 168980
56690 11 21 168981
56692 11 22 168982
56694 11 23 168983
56696 11 1 168984
56698 11 2 168985
56700 11 3 168986
56702 11 5 168987
56704 11 9 168988
56706 11 10 168989
56708 11 14 168990
56710 11 15 168991
56712 11 19 168992
56714 11 21 168993
56716 11 22 168994
56718 11 23 168995
56720 11 1 168996
56722 11 2 168997
56724 11 3 168998
56726 11 5 168999
56728 11 9 169000
56730 11 10 169001
56732 11 14 169002
56734 11 15 169003
56736 11 19 169004
56738 11 21 169005
56740 11 22 169006
56742 11 23 169007
56744 11 1 169008
56746 11 2 169009
56748 11 3 169010
56750 11 5 169011
56752 11 9 169012
56754 11 10 169013
56756 11 14 169014
56758 11 15 169015
56760 11 19 169016
56762 11 21 169017
56764 11 22 169018
56766 11 23 169019
56768 11 1 169020
56770 11 2 169021
56772 11 3 169022
56774 11 5 169023
56776 11 9 169024
56778 11 10 169025
56780 11 14 169026
56782 11 15 169027
56784 11 19 169028
56786 11 21 169029
56788 11 22 169030
56790 11 23 169031
56792 11 1 169032
56794 11 2 169033
56796 11 3 169034
56798 11 5 169035
56800 11 9 169036
56802 11 10 169037
56804 11 14 169038
56806 11 15 169039
56808 11 19 169040
56810 11 21 169041
56812 11 22 169042
56814 11 23 169043
56816 11 1 169044
56818 11 2 169045
56820 11 3 169046
56822 11 5 169047
56824 11 9 169048
56826 11 10 169049
56828 11 14 169050
56830 11 15 169051
56832 11 19 169052
56834 11 21 169053
56836 11 22 169054
56838 11 23 169055
56840 11 1 169056
56842 11 2 169057
56844 11 3 169058
56846 11 5 169059
56848 11 9 169060
56850 11 10 169061
56852 11 14 169062
56854 11 15 169063
56856 11 19 169064
56858 11 21 169065
56860 11 22 169066
56862 11 23 169067
56864 11 1 169068
56866 11 2 169069
56868 11 3 169070
56870 11 5 169071
56872 11 9 169072
56874 11 10 169073
56876 11 14 169074
56878 11 15 169075
56880 11 19 169076
56882 11 21 169077
56884 11 22 169078
56886 11 23 169079
56888 11 1 169080
56890 11 2 169081
56892 11 3 169082
56894 11 5 169083
56896 11 9 169084
56898 11 10 169085
56900 11 14 169086
56902 11 15 169087
56904 11 19 169088
56906 11 21 169089
56908 11 22 169090
56910 11 23 169091
56912 11 1 169092
56914 11 2 169093
56916 11 3 169094
56918 11 5 169095
56920 11 9 169096
56922 11 10 169097
56924 11 14 169098
56926 11 15 169099
56928 11 19 169100
56930 11 21 169101
56932 11 22 169102
56934 11 23 169103
56936 11 1 169104
56938 11 2 169105
56940 11 3 169106
56942 11 5 169107
56944 11 9 169108
56946 11 10 169109
56948 11 14 169110
56950 11 15 169111
56952 11 19 169112
56954 11 21 169113
56956 11 22 169114
56958 11 23 169115
56960 11 1 169116
56962 11 2 169117
56964 11 3 169118
56966 11 5 169119
56968 11 9 169120
56970 11 10 169121
56972 11 14 169122
56974 11 15 169123
56976 11 19 169124
56978 11 21 169125
56980 11 22 169126
56982 11 23 169127
56984 11 1 169128
56986 11 2 169129
56988 11 3 169130
56990 11 5 169131
56992 11 9 169132
56994 11 10 169133
56996 11 14 169134
56998 11 15 169135
57000 11 19 169136
57002 11 21 169137
57004 11 22 169138
57006 11 23 169139
57008 11 1 169140
57010 11 2 169141
57012 11 3 169142
57014 11 5 169143
57016 11 9 169144
57018 11 10 169145
57020 11 14 169146
57022 11 15 169147
57024 11 19 169148
57026 11 21 169149
57028 11 22 169150
57030 11 23 169151
57032 11 1 169152
57034 11 2 169153
57036 11 3 169154
57038 11 5 169155
57040 11 9 169156
57042 11 10 169157
57044 11 14 169158
57046 11 15 169159
57048 11 19 169160
57050 11 21 169161
57052 11 22 169162
57054 11 23 169163
57056 11 1 169164
57058 11 2 169165
57060 11 3 169166
57062 11 5 169167
57064 11 9 169168
57066 11 10 169169
57068 11 14 169170
57070 11 15 169171
57072 11 19 169172
57074 11 21 169173
57076 11 22 169174
57078 11 23 169175
57080 11 1 169176
57082 11 2 169177
57084 11 3 169178
57086 11 5 169179
57088 11 9 169180
57090 11 10 169181
57092 11 14 169182
57094 11 15 169183
57096 11 19 169184
57098 11 21 169185
57100 11 22 169186
57102 11 23 169187
57104 11 1 169188
57106 11 2 169189
57108 11 3 169190
57110 11 5 169191
57112 11 9 169192
57114 11 10 169193
57116 11 14 169194
57118 11 15 169195
57120 11 19 169196
57122 11 21 169197
57124 11 22 169198
57126 11 23 169199
57128 11 1 169200
57130 11 2 169201
57132 11 3 169202
57134 11 5 169203
57136 11 9 169204
57138 11 10 169205
57140 11 14 169206
57142 11 15 169207
57144 11 19 169208
57146 11 21 169209
57148 11 22 169210
57150 11 23 169211
57152 11 1 169212
57154 11 2 169213
57156 11 3 169214
57158 11 5 169215
57160 11 9 169216
57162 11 10 169217
57164 11 14 169218
57166 11 15 169219
57168 11 19 169220
57170 11 21 169221
57172 11 22 169222
57174 11 23 169223
57176 11 1 169224
57178 11 2 169225
57180 11 3 169226
57182 11 5 169227
57184 11 9 169228
57186 11 10 169229
57188 11 14 169230
57190 11 15 169231
57192 11 19 169232
57194 11 21 169233
57196 11 22 169234
57198 11 23 169235
57200 11 1 169236
57202 11 2 169237
57204 11 3 169238
57206 11 5 169239
57208 11 9 169240
57210 11 10 169241
57212 11 14 169242
57214 11 15 169243
57216 11 19 169244
57218 11 21 169245
57220 11 22 169246
57222 11 23 169247
57224 11 1 169248
57226 11 2 169249
57228 11 3 169250
57230 11 5 169251
57232 11 9 169252
57234 11 10 169253
57236 11 14 169254
57238 11 15 169255
57240 11 19 169256
57242 11 21 169257
57244 11 22 169258
57246 11 23 169259
57248 11 1 169260
57250 11 2 169261
57252 11 3 169262
57254 11 5 169263
57256 11 9 169264
57258 11 10 169265
57260 11 14 169266
57262 11 15 169267
57264 11 19 169268
57266 11 21 169269
57268 11 22 169270
57270 11 23 169271
57272 11 1 169272
57274 11 2 169273
57276 11 3 169274
57278 11 5 169275
57280 11 9 169276
57282 11 10 169277
57284 11 14 169278
57286 11 15 169279
57288 11 19 169280
57290 11 21 169281
57292 11 22 169282
57294 11 23 169283
57296 11 1 169284
57298 11 2 169285
57300 11 3 169286
57302 11 5 169287
57304 11 9 169288
57306 11 10 169289
57308 11 14 169290
57310 11 15 169291
57312 11 19 169292
57314 11 21 169293
57316 11 22 169294
57318 11 23 169295
57320 11 1 169296
57322 11 2 169297
57324 11 3 169298
57326 11 5 169299
57328 11 9 169300
57330 11 10 169301
57332 11 14 169302
57334 11 15 169303
57336 11 19 169304
57338 11 21 169305
57340 11 22 169306
57342 11 23 169307
57344 11 1 169308
57346 11 2 169309
57348 11 3 169310
57350 11 5 169311
57352 11 9 169312
57354 11 10 169313
57356 11 14 169314
57358 11 15 169315
57360 11 19 169316
57362 11 21 169317
57364 11 22 169318
57366 11 23 169319
57368 11 1 169320
57370 11 2 169321
57372 11 3 169322
57374 11 5 169323
57376 11 9 169324
57378 11 10 169325
57380 11 14 169326
57382 11 15 169327
57384 11 19 169328
57386 11 21 169329
57390 11 22 169330
57392 11 23 169331
57394 11 1 169332
57396 11 2 169333
57398 11 3 169334
57400 11 5 169335
57402 11 9 169336
57404 11 10 169337
57406 11 14 169338
57408 11 15 169339
57410 11 19 169340
57412 11 21 169341
57414 11 22 169342
57416 11 23 169343
57418 11 1 169344
57420 11 2 169345
57422 11 3 169346
57424 11 5 169347
57426 11 9 169348
57428 11 10 169349
57430 11 14 169350
57432 11 15 169351
57434 11 19 169352
57436 11 21 169353
57438 11 22 169354
57440 11 23 169355
57442 11 1 169356
57444 11 2 169357
57446 11 3 169358
57448 11 5 169359
57450 11 9 169360
57452 11 10 169361
57454 11 14 169362
57456 11 15 169363
57458 11 19 169364
57460 11 21 169365
57462 11 22 169366
57466 11 23 169367
57468 11 1 169368
57470 11 2 169369
57472 11 3 169370
57474 11 5 169371
57476 11 9 169372
57478 11 10 169373
57480 11 14 169374
57482 11 15 169375
57484 11 19 169376
57486 11 21 169377
57488 11 22 169378
57490 11 23 169379
57492 11 1 169380
57494 11 2 169381
57496 11 3 169382
57498 11 5 169383
57500 11 9 169384
57502 11 10 169385
57504 11 14 169386
57506 11 15 169387
57508 11 19 169388
57510 11 21 169389
57512 11 22 169390
57514 11 23 169391
57516 11 1 169392
57518 11 2 169393
57520 11 3 169394
57522 11 5 169395
57524 11 9 169396
57526 11 10 169397
57528 11 14 169398
57530 11 15 169399
57532 11 19 169400
57534 11 21 169401
57536 11 22 169402
57538 11 23 169403
57540 11 1 169404
57542 11 2 169405
57544 11 3 169406
57546 11 5 169407
57548 11 9 169408
57550 11 10 169409
57552 11 14 169410
57554 11 15 169411
57556 11 19 169412
57558 11 21 169413
57560 11 22 169414
57562 11 23 169415
57564 11 1 169416
57566 11 2 169417
57568 11 3 169418
57570 11 5 169419
57572 11 9 169420
57574 11 10 169421
57576 11 14 169422
57578 11 15 169423
57580 11 19 169424
57582 11 21 169425
57584 11 22 169426
57586 11 23 169427
57588 11 1 169428
57590 11 2 169429
57592 11 3 169430
57594 11 5 169431
57596 11 9 169432
57598 11 10 169433
57600 11 14 169434
57602 11 15 169435
57604 11 19 169436
57606 11 21 169437
57608 11 22 169438
57610 11 23 169439
57612 11 1 169440
57614 11 2 169441
57616 11 3 169442
57618 11 5 169443
57620 11 9 169444
57622 11 10 169445
57624 11 14 169446
57626 11 15 169447
57628 11 19 169448
57630 11 21 169449
57632 11 22 169450
57634 11 23 169451
57636 11 1 169452
57638 11 2 169453
57640 11 3 169454
57642 11 5 169455
57644 11 9 169456
57646 11 10 169457
57648 11 14 169458
57650 11 15 169459
57652 11 19 169460
57654 11 21 169461
57656 11 22 169462
57658 11 23 169463
57660 11 1 169464
57662 11 2 169465
57664 11 3 169466
57666 11 5 169467
57668 11 9 169468
57670 11 10 169469
57672 11 1 0
57734 11 21 45
57738 11 19 32
57782 11 9 64
57788 11 22 862
57796 11 15 127
57798 11 10 221
57802 11 5 147
57804 11 10 833
57806 11 21 1273
57812 11 10 1257
57814 11 1 1144
57818 11 19 1968
57822 11 21 1573
57824 11 15 1955
57826 11 22 1154
57828 11 21 1249
57830 11 10 3001
57834 11 23 3827
57836 11 19 3200
57838 11 1 3648
57840 11 5 4399
57842 11 10 4401
57846 11 1 4156
57882 11 21 5077
57888 11 15 5075
57894 11 19 5200
57896 11 19 5284
57898 11 5 5807
57900 11 15 5739
57902 11 22 5994
57904 11 1 6324
57906 11 1 6396
57910 11 2 6685
57912 11 1 7140
57914 11 2 7141
57916 11 19 7836
57918 11 19 7704
57952 11 9 10168
57954 11 21 11161
57966 11 1 10744
57968 11 10 10797
57970 11 15 12015
57972 11 21 11309
57976 11 1 11660
57978 11 5 11471
57980 11 10 13605
57982 11 1 14540
57990 11 21 14957
57994 11 10 14413
57996 11 15 16279
57998 11 10 17085
58000 11 5 16387
58004 11 3 17370
58006 11 9 16952
58008 11 22 16946
58010 11 1 18164
58012 11 2 17973
58014 11 2 19405
58018 11 1 20332
58020 11 19 20232
58024 11 15 19883
58026 11 23 20091
58028 11 1 20092
58030 11 2 20949
58034 11 9 20604
58036 11 19 21644
58038 11 2 23297
58040 11 1 22828
58042 11 21 23885
58044 11 1 24224
58046 11 14 25218
58100 11 15 25219
58102 11 3 25250
58104 11 9 25252
58106 11 14 25254
58108 11 23 25247
58110 11 15 25255
58112 11 22 25246
58120 11 5 25275
58124 11 9 25288
58128 11 5 25299
58132 11 19 25328
58134 11 21 25329
58136 11 1 25332
58138 11 3 25334
58140 11 5 25335
58142 11 9 25336
58144 11 10 25337
58146 11 14 25338
58196 11 9 25324
58354 11 22 25330
58368 11 15 25339
58418 11 15 25327
58432 11 19 25340
58688 11 22 25366
58690 11 23 25367
58700 11 2 25369
58710 11 5 25395
58712 11 10 25965
58714 11 10 25869
58716 11 15 26099
58718 11 14 26098
58728 11 21 27741
58730 11 15 32075
58732 11 9 32096
58734 11 21 32101
58738 11 19 31944
58740 11 23 34283
58742 11 19 34304
58772 11 10 34805
58786 11 2 36429
58788 11 5 36431
58792 11 3 36346
58794 11 19 36424
58796 11 2 38729
58798 11 22 39630
58800 11 23 39631
58814 11 1 39248
58850 11 9 39804
58852 11 1 39884
58866 11 3 39938
58868 11 15 39943
58870 11 23 41943
58878 11 23 42931
58880 11 15 43051
58882 11 14 46506
58884 11 19 48388
58886 11 9 48252
58888 11 5 49275
58892 11 3 50886
58896 11 5 50887
58904 11 19 52820
58908 11 23 53739
58910 11 9 55140
58912 11 14 59746
58914 11 19 59592
58920 11 15 59759
58922 11 5 61875
58924 11 9 65308
58926 11 1 65316
58928 11 5 65307
58942 11 19 65312
58960 11 10 65309
58962 11 15 65311
58974 11 23 65315
58978 11 22 65314
58990 11 21 65313
59032 11 3 65318
59034 11 23 65423
59050 11 9 65452
59060 11 3 65438
59062 11 15 65455
59064 11 3 65426
59068 11 9 65428
59070 11 5 65439
59074 11 5 65427
59076 11 10 65429
59082 11 14 65430
59084 11 19 65432
59088 11 15 65419
59096 11 22 65434
59100 11 21 65433
59106 11 23 65435
59116 11 2 65437
59144 11 15 65431
59150 11 1 65436
59156 11 5 64587
59158 11 15 64591
59160 11 9 65648
59164 11 15 65651
59172 11 10 65661
59176 11 19 65664
59178 11 22 65666
59180 11 23 65667
59206 11 10 65673
59208 11 14 65674
59234 11 9 65684
59236 11 10 65685
59240 11 23 65691
59244 11 2 65789
59246 11 14 65794
59248 11 15 65795
59250 11 19 65796
59252 11 21 65797
59254 11 22 65798
59256 11 23 65799
59258 11 1 65800
59260 11 2 65801
59280 11 21 65833
59302 11 10 65793
59324 11 9 65828
59382 11 5 65827
59402 11 15 65831
59404 11 19 65832
59408 11 3 65838
59624 11 15 65807
59626 11 19 65808
59628 11 22 65810
59654 11 10 65829
59978 11 5 65875
59980 11 2 66041
59982 11 3 66042
59984 11 5 66043
59986 11 9 66044
59988 11 10 66045
59990 11 14 66046
60184 11 1 66052
60186 11 2 66053
60188 11 3 66054
60190 11 23 66075
60242 11 15 66143
60244 11 3 66162
60246 11 23 66195
60256 11 14 66578
60260 11 15 66783
60262 11 10 66793
60268 11 21 66785
60270 11 22 66786
60276 11 23 66787
60278 11 1 66788
60292 11 2 66789
60298 11 5 66791
60300 11 3 66790
60324 11 23 66883
60330 11 10 67865
60332 11 22 82530
60338 11 14 82550
60340 11 14 90586
60376 11 2 91353
60380 11 15 96635
60382 11 22 104298
60384 11 23 104299
60386 11 15 104983
60388 11 3 107218
60390 11 23 117299
60392 11 9 125004
60394 11 15 125007
60396 11 19 125020
60398 11 21 124985
60400 11 22 124986
60402 11 1 124988
60404 11 5 125027
60406 11 1 125072
60408 11 5 125171
60410 11 14 125174
60412 11 15 125175
60414 11 19 125176
60416 11 21 125177
60418 11 22 125178
60460 11 23 125179
60462 11 1 125180
60464 11 2 125181
60466 11 3 125182
60604 11 21 125201
60606 11 23 125203
60608 11 14 125282
60610 11 9 125304
60612 11 5 125315
60614 11 9 125316
60616 11 10 125317
60618 11 19 125320
60620 11 22 125322
60630 11 3 125314
60638 11 14 125318
60644 11 23 125311
60646 11 1 125336
60648 11 2 125337
60650 11 3 125338
60652 11 9 125340
60654 11 23 125335
60686 11 9 125352
60688 11 5 125363
60690 11 14 125426
60692 11 1 125468
60694 11 2 125469
60696 11 3 125470
60698 11 23 125467
60704 11 2 125481
60712 11 5 125471
60724 11 15 125475
60726 11 23 125479
60728 11 22 125478
60730 11 1 125480
60734 11 14 125486
60754 11 21 125489
60756 11 22 125490
60758 11 19 125488
60766 11 23 125575
60768 11 22 125574
60770 11 5 125615
60774 11 21 125837
60776 11 1 125876
60778 11 23 125875
60780 11 1 125888
60782 11 21 125873
60784 11 2 125877
60788 11 3 125890
60790 11 21 125897
60792 11 5 125891
60794 11 15 125835
60798 11 1 125840
60800 11 15 125847
60802 11 5 125855
60804 11 1 125864
60806 11 22 125874
60822 11 19 125908
60824 11 21 125909
60826 11 23 125947
60828 11 2 129385
60830 11 14 136426
60832 11 10 177793
60834 11 14 177794
60836 11 15 177795
60838 11 19 177796
60840 11 21 177797
60842 11 22 177798
60844 11 23 177799
60846 11 1 177800
60848 11 2 177801
60850 11 3 177802
60852 11 5 177803
60854 11 9 177804
60856 11 10 177805
60858 11 14 177806
60860 11 15 177807
60862 11 19 177808
60864 11 21 177809
60866 11 22 177810
60868 11 23 177811
60870 11 1 177812
60872 11 2 177813
60874 11 3 177814
60876 11 5 177815
60878 11 9 177816
60880 11 10 177817
60882 11 14 177818
60884 11 15 177819
60886 11 19 177820
60888 11 21 177821
60890 11 22 177822
60892 11 23 177823
60894 11 1 177824
60896 11 2 177825
60898 11 3 177826
60900 11 5 177827
60902 11 9 177828
60904 11 10 177829
60906 11 14 177830
60908 11 15 177831
60910 11 19 177832
60912 11 21 177833
60914 11 22 177834
60916 11 23 177835
60918 11 1 177836
60920 11 2 177837
60922 11 3 177838
60924 11 5 177839
60926 11 9 177840
60928 11 10 177841
60930 11 14 177842
60932 11 15 177843
60934 11 19 177844
60936 11 21 177845
60938 11 22 177846
60940 11 23 177847
60942 11 1 177848
60944 11 2 177849
60946 11 3 177850
60948 11 5 177851
60950 11 9 177852
60952 11 10 177853
60954 11 14 177854
60956 11 15 177855
60958 11 19 177856
60960 11 21 177857
60962 11 22 177858
60964 11 23 177859
60966 11 1 177860
60968 11 2 177861
60970 11 3 177862
60972 11 5 177863
60974 11 9 177864
60976 11 10 177865
60978 11 14 177866
60980 11 15 177867
60982 11 19 177868
60984 11 21 177869
60986 11 22 177870
60988 11 23 177871
60990 11 1 177872
60992 11 2 177873
60994 11 3 177874
60996 11 5 177875
60998 11 9 177876
61000 11 10 177877
61002 11 14 177878
61004 11 15 177879
61006 11 19 177880
61008 11 21 177881
61010 11 22 177882
61012 11 23 177883
61014 11 1 177884
61016 11 2 177885
61018 11 3 177886
61020 11 5 177887
61022 11 9 177888
61024 11 10 177889
61026 11 14 177890
61028 11 15 177891
61030 11 19 177892
61032 11 21 177893
61034 11 22 177894
61036 11 23 177895
61038 11 1 177896
61040 11 2 177897
61042 11 3 177898
61044 11 5 177899
61046 11 9 177900
61048 11 10 177901
61050 11 14 177902
61052 11 15 177903
61054 11 19 177904
61056 11 21 177905
61058 11 22 177906
61060 11 23 177907
61062 11 1 177908
61064 11 2 177909
61066 11 3 177910
61098 11 5 177911
61100 11 9 177912
61102 11 10 177913
61104 11 14 177914
61106 11 15 177915
61108 11 19 177916
61110 11 21 177917
61112 11 22 177918
61114 11 23 177919
61116 11 1 177920
61118 11 2 177921
61120 11 3 177922
61122 11 5 177923
61124 11 9 177924
61126 11 10 177925
61128 11 14 177926
61130 11 15 177927
61132 11 19 177928
61134 11 21 177929
61136 11 22 177930
61138 11 23 177931
61140 11 1 177932
61142 11 2 177933
61144 11 3 177934
61146 11 5 177935
61182 11 9 177936
61184 11 10 177937
61186 11 14 177938
61188 11 15 177939
61190 11 19 177940
61192 11 21 177941
61194 11 22 177942
61196 11 23 177943
61198 11 1 177944
61200 11 2 177945
61202 11 3 177946
61204 11 5 177947
61206 11 9 177948
61208 11 10 177949
61210 11 14 177950
61212 11 15 177951
61214 11 19 177952
61216 11 21 177953
61218 11 22 177954
61220 11 23 177955
61222 11 1 177956
61224 11 2 177957
61226 11 3 177958
61228 11 5 177959
61230 11 9 177960
61232 11 10 177961
61234 11 14 177962
61236 11 15 177963
61238 11 19 177964
61240 11 21 177965
61242 11 22 177966
61244 11 23 177967
61246 11 1 177968
61248 11 2 177969
61250 11 3 177970
61252 11 5 177971
61254 11 9 177972
61256 11 10 177973
61258 11 14 177974
61260 11 15 177975
61262 11 19 177976
61264 11 21 177977
61266 11 22 177978
61268 11 23 177979
61270 11 1 177980
61272 11 2 177981
61274 11 3 177982
61276 11 5 177983
61278 11 9 177984
61280 11 10 177985
61282 11 14 177986
61284 11 15 177987
61286 11 19 177988
61288 11 21 177989
61290 11 22 177990
61292 11 23 177991
61294 11 1 177992
61296 11 2 177993
61298 11 3 177994
61300 11 5 177995
61302 11 9 177996
61304 11 10 177997
61306 11 14 177998
61308 11 15 177999
61310 11 19 178000
61312 11 21 178001
61314 11 22 178002
61316 11 23 178003
61318 11 1 178004
61320 11 2 178005
61322 11 3 178006
61324 11 5 178007
61326 11 9 178008
61328 11 10 178009
61330 11 14 178010
61332 11 15 178011
61334 11 19 178012
61336 11 21 178013
61338 11 22 178014
61340 11 23 178015
61342 11 1 178016
61344 11 2 178017
61346 11 3 178018
61348 11 5 178019
61350 11 9 178020
61352 11 10 178021
61354 11 14 178022
61356 11 15 178023
61358 11 19 178024
61360 11 21 178025
61362 11 22 178026
61364 11 23 178027
61366 11 1 178028
61368 11 2 178029
61370 11 3 178030
61372 11 5 178031
61374 11 9 178032
61376 11 10 178033
61378 11 14 178034
61380 11 15 178035
61382 11 19 178036
61384 11 21 178037
61386 11 22 178038
61388 11 23 178039
61390 11 1 178040
61392 11 2 178041
61394 11 3 178042
61396 11 5 178043
61398 11 9 178044
61400 11 10 178045
61402 11 14 178046
61404 11 15 178047
61406 11 19 178048
61408 11 21 178049
61410 11 22 178050
61412 11 23 178051
61414 11 1 178052
61416 11 2 178053
61418 11 3 178054
61420 11 5 178055
61422 11 9 178056
61424 11 10 178057
61426 11 14 178058
61428 11 15 178059
61430 11 19 178060
61432 11 21 178061
61434 11 22 178062
61436 11 23 178063
61438 11 1 178064
61440 11 2 178065
61442 11 3 178066
61444 11 5 178067
61446 11 9 178068
61448 11 10 178069
61450 11 14 178070
61452 11 15 178071
61454 11 19 178072
61456 11 21 178073
61458 11 22 178074
61460 11 23 178075
61462 11 1 178076
61466 11 2 178077
61468 11 3 178078
61470 11 5 178079
61472 11 9 178080
61474 11 10 178081
61476 11 14 178082
61478 11 15 178083
61480 11 19 178084
61482 11 21 178085
61484 11 22 178086
61494 11 23 178087
61498 11 1 178088
61502 11 2 178089
61504 11 3 178090
61506 11 5 178091
61508 11 9 178092
61510 11 10 178093
61512 11 14 178094
61514 11 15 178095
61518 11 19 178096
61520 11 21 178097
61522 11 22 178098
61524 11 23 178099
61526 11 1 178100
61534 11 2 178101
61536 11 3 178102
61538 11 5 178103
61540 11 9 178104
61542 11 10 178105
61544 11 14 178106
61546 11 15 178107
61562 11 19 178108
61564 11 21 178109
61566 11 22 178110
61568 11 23 178111
61570 11 1 178112
61572 11 2 178113
61574 11 3 178114
61576 11 5 178115
61578 11 9 178116
61580 11 10 178117
61582 11 14 178118
61584 11 15 178119
61586 11 19 178120
61588 11 21 178121
61590 11 22 178122
61592 11 23 178123
61594 11 1 178124
61596 11 2 178125
61598 11 3 178126
61600 11 5 178127
61602 11 9 178128
61604 11 10 178129
61606 11 14 178130
61608 11 15 178131
61610 11 19 178132
61612 11 21 178133
61614 11 22 178134
61616 11 23 178135
61618 11 1 178136
61620 11 2 178137
61622 11 3 178138
61624 11 5 178139
61626 11 9 178140
61628 11 10 178141
61630 11 14 178142
61632 11 15 178143
61634 11 19 178144
61636 11 21 178145
61638 11 22 178146
61640 11 23 178147
61642 11 1 178148
61644 11 2 178149
61646 11 3 178150
61648 11 5 178151
61650 11 9 178152
61652 11 10 178153
61654 11 14 178154
61656 11 15 178155
61658 11 19 178156
61660 11 21 178157
61662 11 22 178158
61664 11 23 178159
61666 11 1 178160
61668 11 2 178161
61670 11 3 178162
61672 11 5 178163
61674 11 9 178164
61676 11 10 178165
61678 11 14 178166
61680 11 15 178167
61682 11 19 178168
61684 11 21 178169
61686 11 22 178170
61688 11 23 178171
61690 11 1 178172
61692 11 2 178173
61694 11 3 178174
61696 11 5 178175
61698 11 1 178176
61700 11 2 178177
61702 11 3 178178
61704 11 5 178179
61706 11 9 178180
61708 11 10 178181
61710 11 14 178182
61712 11 15 178183
61714 11 19 178184
61716 11 21 178185
61718 11 22 178186
61720 11 23 178187
61722 11 1 178188
61724 11 2 178189
61726 11 3 178190
61728 11 5 178191
61730 11 9 178192
61732 11 10 178193
61734 11 14 178194
61736 11 15 178195
61738 11 19 178196
61740 11 21 178197
61742 11 22 178198
61744 11 23 178199
61746 11 1 178200
61748 11 2 178201
61750 11 3 178202
61752 11 5 178203
61754 11 9 178204
61756 11 10 178205
61758 11 14 178206
61760 11 15 178207
61762 11 19 178208
61764 11 21 178209
61766 11 22 178210
61768 11 23 178211
61770 11 1 178212
61772 11 2 178213
61774 11 3 178214
61776 11 5 178215
61778 11 9 178216
61780 11 10 178217
61782 11 14 178218
61784 11 15 178219
61786 11 19 178220
61788 11 21 178221
61790 11 22 178222
61792 11 23 178223
61794 11 1 178224
61796 11 2 178225
61798 11 3 178226
61800 11 5 178227
61802 11 9 178228
61804 11 10 178229
61806 11 14 178230
61808 11 15 178231
61810 11 19 178232
61812 11 21 178233
61814 11 22 178234
61816 11 23 178235
61818 11 1 178236
61820 11 2 178237
61822 11 3 178238
61824 11 5 178239
61826 11 9 178240
61828 11 10 178241
61830 11 14 178242
61832 11 15 178243
61834 11 19 178244
61836 11 21 178245
61838 11 22 178246
61840 11 23 178247
61842 11 1 178248
61844 11 2 178249
61846 11 3 178250
61848 11 5 178251
61850 11 9 178252
61852 11 10 178253
61854 11 14 178254
61856 11 15 178255
61858 11 19 178256
61860 11 21 178257
61862 11 22 178258
61864 11 23 178259
61866 11 1 178260
61868 11 2 178261
61870 11 3 178262
61872 11 5 178263
61874 11 9 178264
61876 11 10 178265
61878 11 14 178266
61880 11 15 178267
61882 11 19 178268
61884 11 21 178269
61886 11 22 178270
61888 11 23 178271
61890 11 1 178272
61892 11 2 178273
61894 11 3 178274
61896 11 5 178275
61898 11 9 178276
61900 11 10 178277
61902 11 14 178278
61904 11 15 178279
61906 11 19 178280
61908 11 21 178281
61910 11 22 178282
61912 11 23 178283
61914 11 1 178284
61916 11 2 178285
61918 11 3 178286
61920 11 5 178287
61922 11 9 178288
61924 11 10 178289
61926 11 14 178290
61928 11 15 178291
61930 11 19 178292
61932 11 21 178293
61934 11 22 178294
61936 11 23 178295
61938 11 1 178296
61940 11 2 178297
61942 11 3 178298
61944 11 5 178299
61946 11 9 178300
61948 11 10 178301
61950 11 14 178302
61952 11 15 178303
61954 11 19 178304
61956 11 21 178305
61958 11 22 178306
61960 11 23 178307
61962 11 1 178308
61964 11 2 178309
61966 11 3 178310
61968 11 5 178311
61970 11 9 178312
61972 11 10 178313
61974 11 14 178314
61976 11 15 178315
61978 11 19 178316
61980 11 21 178317
61982 11 22 178318
61984 11 23 178319
61986 11 1 178320
61988 11 2 178321
61990 11 3 178322
61992 11 5 178323
61994 11 9 178324
61996 11 10 178325
61998 11 14 178326
62000 11 15 178327
62002 11 19 178328
62004 11 21 178329
62006 11 22 178330
62008 11 23 178331
62010 11 1 178332
62012 11 2 178333
62016 11 3 178334
62018 11 5 178335
62020 11 9 178336
62022 11 10 178337
62024 11 14 178338
62026 11 15 178339
62028 11 19 178340
62030 11 21 178341
62032 11 22 178342
62034 11 23 178343
62036 11 1 178344
62038 11 2 178345
62040 11 3 178346
62042 11 5 178347
62044 11 9 178348
62046 11 10 178349
62048 11 14 178350
62050 11 15 178351
62052 11 19 178352
62054 11 21 178353
62056 11 22 178354
62058 11 23 178355
62060 11 1 178356
62062 11 2 178357
62064 11 3 178358
62066 11 5 178359
62068 11 9 178360
62070 11 10 178361
62072 11 14 178362
62074 11 15 178363
62076 11 19 178364
62078 11 21 178365
62080 11 22 178366
62082 11 23 178367
62084 11 1 178368
62086 11 2 178369
62088 11 3 178370
62090 11 5 178371
62092 11 9 178372
62094 11 10 178373
62096 11 14 178374
62098 11 15 178375
62100 11 19 178376
62102 11 21 178377
62104 11 22 178378
62106 11 23 178379
62108 11 1 178380
62110 11 2 178381
62112 11 3 178382
62114 11 5 178383
62116 11 9 178384
62118 11 10 178385
62120 11 14 178386
62122 11 15 178387
62124 11 19 178388
62126 11 21 178389
62128 11 22 178390
62130 11 23 178391
62132 11 1 178392
62134 11 2 178393
62136 11 3 178394
62138 11 5 178395
62140 11 9 178396
62142 11 10 178397
62144 11 14 178398
62146 11 15 178399
62148 11 19 178400
62150 11 21 178401
62152 11 22 178402
62154 11 23 178403
62156 11 1 178404
62158 11 2 178405
62160 11 3 178406
62162 11 5 178407
62164 11 9 178408
62166 11 10 178409
62168 11 14 178410
62170 11 15 178411
62172 11 19 178412
62174 11 21 178413
62176 11 22 178414
62178 11 23 178415
62180 11 1 178416
62182 11 2 178417
62184 11 3 178418
62186 11 5 178419
62188 11 9 178420
62190 11 10 178421
62192 11 14 178422
62194 11 15 178423
62196 11 19 178424
62198 11 21 178425
62200 11 22 178426
62202 11 23 178427
62204 11 1 178428
62206 11 2 178429
62208 11 3 178430
62210 11 5 178431
62212 11 9 178432
62214 11 10 178433
62216 11 14 178434
62218 11 15 178435
62220 11 19 178436
62222 11 21 178437
62224 11 22 178438
62226 11 23 178439
62228 11 1 178440
62230 11 2 178441
62246 11 3 178442
62248 11 5 178443
62250 11 9 178444
62252 11 10 178445
62254 11 14 178446
62256 11 15 178447
62258 11 19 178448
62260 11 21 178449
62262 11 22 178450
62264 11 23 178451
62266 11 1 178452
62268 11 2 178453
62270 11 3 178454
62272 11 5 178455
62274 11 9 178456
62276 11 10 178457
62278 11 14 178458
62280 11 15 178459
62282 11 19 178460
62284 11 21 178461
62286 11 22 178462
62288 11 23 178463
62290 11 1 178464
62292 11 2 178465
62294 11 3 178466
62296 11 5 178467
62298 11 9 178468
62300 11 10 178469
62302 11 14 178470
62304 11 15 178471
62306 11 19 178472
62308 11 21 178473
62310 11 22 178474
62312 11 23 178475
62314 11 1 178476
62316 11 2 178477
62318 11 3 178478
62320 11 5 178479
62322 11 9 178480
62324 11 10 178481
62326 11 14 178482
62328 11 14 7894
62330 11 23 7899
62332 11 2 8189
62382 11 2 28961
62384 11 3 28962
62386 11 5 28963
62388 11 9 28964
62454 11 14 78286
62456 11 9 78296
62458 11 3 78330
62462 11 14 78298
62466 11 15 78299
62470 11 19 78300
62472 11 21 78301
62474 11 22 78302
62476 11 23 78303
62478 11 1 78304
62480 11 2 78305
62484 11 3 78306
62486 11 5 78307
62488 11 9 78308
62490 11 10 78309
62492 11 14 78310
62494 11 15 78311
62496 11 19 78312
62500 11 21 78313
62504 11 22 78314
62506 11 23 78315
62508 11 1 78316
62510 11 23 78327
62512 11 1 78328
62516 11 2 78317
62518 11 3 78318
62520 11 5 78319
62522 11 9 78320
62524 11 10 78321
62526 11 14 78322
62528 11 15 78323
62530 11 19 78324
62532 11 21 78325
62534 11 22 78326
62538 11 19 138428
62540 11 19 138680
62544 11 2 138529
62550 11 1 138516
62552 11 22 138538
62558 11 2 138709
62562 11 23 138671
62568 11 2 138589
62570 11 15 138427
62582 11 1 0
62584 11 10 233
62590 11 3 830
62594 11 2 1
62596 11 3 2
62598 11 5 3
62600 11 9 4
62602 11 10 5
62604 11 14 6
62606 11 15 7
62608 11 19 8
62610 11 21 9
62612 11 22 10
62614 11 23 11
62616 11 2 13
62618 11 3 14
62620 11 5 15
62622 11 9 16
62624 11 23 995
62626 11 1 840
62632 11 14 1906
62634 11 23 1155
62638 11 21 1273
62642 11 15 3451
63466 11 19 3464
63468 11 22 3478
63470 11 23 3479
63472 11 23 3827
63474 11 19 3440
63476 11 21 5165
63478 11 23 5179
63480 11 9 5376
63482 11 5 5483
63484 11 1 5384
63486 11 10 5677
63488 11 1 5684
63490 11 23 5887
63492 11 21 6089
63494 11 23 6139
63496 11 15 6667
63500 11 10 6737
63502 11 22 6274
63504 11 23 10683
63506 11 14 12402
63508 11 1 12924
63512 11 19 12620
63514 11 21 12621
63516 11 22 12622
63518 11 23 12623
63520 11 1 12624
63522 11 2 12625
63524 11 10 12761
63526 11 3 12710
63528 11 22 17150
63530 11 19 16848
63532 11 23 17235
63534 11 3 19770
63536 11 9 20228
63538 11 21 19933
63540 11 21 21597
63542 11 5 22747
63544 11 9 22640
63546 11 23 23487
63548 11 22 23586
63550 11 19 25824
63552 11 3 25842
63554 11 23 33307
63556 11 5 37515
63558 11 5 37551
63562 11 9 37552
63574 11 9 37612
63576 11 2 37609
63578 11 15 37615
63584 11 10 37613
63586 11 10 37697
63588 11 3 38730
63590 11 22 39630
63592 11 23 39631
63594 11 10 40769
63598 11 22 92130
63600 11 1 92132
63602 11 15 92151
63616 11 22 92154
63618 11 19 92636
63632 11 10 92705
63634 11 14 92706
63636 11 15 92707
63638 11 19 92708
63640 11 21 93069
63646 11 10 93065
63650 11 22 93118
63652 11 2 93121
63654 11 9 93172
63682 11 22 93194
63684 11 15 95211
63686 11 14 105054
63688 11 19 105068
63690 11 9 105076
63692 11 14 105078
63694 11 2 106421
63698 11 1 107808
63702 11 9 110656
63706 11 3 112578
63708 11 9 121028
63710 11 1 129084
63712 11 5 137327
63714 11 23 142259
63716 11 1 142260
63744 11 19 149256
63748 11 22 151778
63750 11 2 151781
63752 11 3 151782
63754 11 5 151783
63756 11 9 151784
63758 11 10 151785
63760 11 14 151786
63762 11 15 151787
63764 11 19 151788
63766 11 21 151789
63768 11 22 151790
63770 11 23 151791
63772 11 1 151792
63774 11 2 151793
63776 11 3 151794
63778 11 5 151795
63780 11 9 151796
63782 11 10 151797
63784 11 14 151798
63786 11 15 151799
63788 11 19 151800
63790 11 21 151801
63792 11 22 151802
63794 11 23 151803
63796 11 1 151804
63798 11 2 151805
63800 11 3 151806
63802 11 5 151807
63804 11 9 151808
63806 11 10 151809
63808 11 14 151810
63810 11 15 151811
63812 11 19 151812
63814 11 21 151813
63816 11 22 151814
63818 11 23 151815
63820 11 1 151816
63822 11 2 151817
63824 11 3 151818
63826 11 5 151819
63828 11 9 151820
63830 11 10 151821
63832 11 14 151822
63834 11 15 151823
63836 11 19 151824
63838 11 21 151825
63840 11 22 151826
63842 11 23 151827
63844 11 1 151828
63846 11 2 151829
63848 11 3 151830
63850 11 5 151831
63852 11 9 151832
63854 11 10 151833
63856 11 14 151834
63858 11 15 151835
63860 11 19 151836
63862 11 21 151837
63864 11 22 151838
63866 11 23 151839
63868 11 1 151840
63870 11 2 151841
63872 11 3 151842
63874 11 5 151843
63876 11 9 151844
63878 11 10 151845
63880 11 14 151846
63882 11 15 151847
63884 11 19 151848
63886 11 21 151849
63888 11 22 151850
63890 11 23 151851
63892 11 1 151852
63894 11 2 151853
63896 11 3 151854
63898 11 5 151855
63900 11 9 151856
63902 11 10 151857
63904 11 14 151858
63906 11 15 151859
63908 11 19 151860
63910 11 22 151862
64606 11 21 151861
64694 11 23 151863
64696 11 1 151864
64698 11 2 151865
64700 11 3 151866
64702 11 5 151867
64704 11 9 151868
64706 11 10 151869
64708 11 14 151870
64710 11 15 151871
64712 11 19 151872
64714 11 21 151873
64716 11 22 151874
64718 11 23 151875
64720 11 1 151876
64722 11 2 151877
64724 11 3 151878
64726 11 5 151879
64728 11 9 151880
64730 11 10 151881
64732 11 14 151882
64734 11 15 151883
64736 11 19 151884
64738 11 21 151885
64740 11 22 151886
64742 11 23 151887
64744 11 1 151888
64746 11 2 151889
64748 11 3 151890
64750 11 5 151891
64752 11 9 151892
64754 11 10 151893
64756 11 14 151894
64758 11 15 151895
64760 11 19 151896
64762 11 21 151897
64764 11 22 151898
64766 11 23 151899
64768 11 1 151900
64770 11 2 151901
64772 11 3 151902
64774 11 5 151903
64776 11 9 151904
64778 11 10 151905
64780 11 14 151906
64782 11 15 151907
64784 11 19 151908
64786 11 21 151909
64788 11 22 151910
64790 11 23 151911
64792 11 1 151912
64794 11 2 151913
64796 11 3 151914
64798 11 5 151915
64800 11 9 151916
64802 11 10 151917
64804 11 14 151918
64806 11 15 151919
64808 11 19 151920
64810 11 21 151921
64812 11 22 151922
64814 11 23 151923
64816 11 1 151924
64818 11 2 151925
64820 11 3 151926
64822 11 5 151927
64824 11 9 151928
64826 11 10 151929
64828 11 14 151930
64830 11 15 151931
64832 11 19 151932
64834 11 21 151933
64836 11 22 151934
64838 11 23 151935
64840 11 1 151936
64842 11 2 151937
64844 11 3 151938
64846 11 5 151939
64848 11 9 151940
64850 11 10 151941
64852 11 14 151942
64854 11 15 151943
64856 11 19 151944
64858 11 21 151945
64860 11 22 151946
64862 11 23 151947
64864 11 1 151948
64866 11 2 151949
64868 11 3 151950
64870 11 5 151951
64872 11 9 151952
64874 11 10 151953
64876 11 14 151954
64878 11 15 151955
64880 11 19 151956
64882 11 21 151957
64884 11 22 151958
64886 11 23 151959
64888 11 1 151960
64890 11 2 151961
64892 11 3 151962
64894 11 5 151963
64896 11 9 151964
64898 11 10 151965
64900 11 14 151966
64902 11 15 151967
64904 11 19 151968
64906 11 21 151969
64908 11 22 151970
64910 11 23 151971
64912 11 1 151972
64914 11 2 151973
64916 11 3 151974
64918 11 5 151975
64920 11 9 151976
64922 11 10 151977
64924 11 14 151978
64926 11 15 151979
64928 11 19 151980
64930 11 21 151981
64932 11 22 151982
64934 11 23 151983
64936 11 1 151984
64938 11 2 151985
64940 11 3 151986
64942 11 5 151987
64944 11 9 151988
64946 11 10 151989
64948 11 14 151990
64950 11 15 151991
64952 11 19 151992
64954 11 21 151993
64956 11 22 151994
64958 11 23 151995
64960 11 1 151996
64962 11 2 151997
64964 11 3 151998
64966 11 5 151999
64968 11 9 152000
64970 11 10 152001
64972 11 14 152002
64974 11 15 152003
64976 11 19 152004
64978 11 21 152005
64980 11 22 152006
64982 11 23 152007
64984 11 1 152008
64986 11 2 152009
64988 11 3 152010
64990 11 5 152011
64992 11 9 152012
64994 11 10 152013
64996 11 14 152014
64998 11 15 152015
65000 11 19 152016
65002 11 21 152017
65004 11 22 152018
65006 11 23 152019
65008 11 1 152020
65010 11 2 152021
65012 11 3 152022
65014 11 5 152023
65016 11 9 152024
65018 11 10 152025
65020 11 14 152026
65022 11 15 152027
65024 11 19 152028
65026 11 21 152029
65028 11 22 152030
65030 11 23 152031
65032 11 1 152032
65034 11 2 152033
65036 11 3 152034
65038 11 5 152035
65040 11 9 152036
65042 11 10 152037
65044 11 14 152038
65046 11 15 152039
65048 11 19 152040
65050 11 21 152041
65052 11 22 152042
65054 11 23 152043
65056 11 1 152044
65058 11 2 152045
65060 11 3 152046
65062 11 5 152047
65064 11 9 152048
65066 11 10 152049
65068 11 14 152050
65070 11 15 152051
65072 11 19 152052
65074 11 21 152053
65076 11 22 152054
65078 11 23 152055
65080 11 1 152056
65082 11 2 152057
65084 11 3 152058
65086 11 5 152059
65088 11 9 152060
65090 11 10 152061
65092 11 14 152062
65094 11 15 152063
65096 11 19 152064
65098 11 21 152065
65100 11 22 152066
65102 11 23 152067
65104 11 1 152068
65106 11 2 152069
65108 11 3 152070
65110 11 5 152071
65112 11 9 152072
65114 11 10 152073
65116 11 14 152074
65118 11 15 152075
65120 11 19 152076
65122 11 21 152077
65124 11 22 152078
65126 11 23 152079
65128 11 1 152080
65130 11 2 152081
65132 11 3 152082
65134 11 5 152083
65136 11 9 152084
65138 11 10 152085
65140 11 14 152086
65142 11 15 152087
65144 11 19 152088
65146 11 21 152089
65148 11 22 152090
65150 11 23 152091
65152 11 1 152092
65154 11 2 152093
65156 11 3 152094
65158 11 5 152095
65160 11 9 152096
65162 11 10 152097
65164 11 14 152098
65166 11 15 152099
65168 11 19 152100
65170 11 21 152101
65172 11 22 152102
65174 11 23 152103
65176 11 1 152104
65178 11 2 152105
65180 11 3 152106
65182 11 5 152107
65184 11 9 152108
65186 11 10 152109
65188 11 14 152110
65190 11 15 152111
65192 11 19 152112
65194 11 21 152113
65196 11 22 152114
65198 11 23 152115
65200 11 1 152116
65202 11 2 152117
65204 11 3 152118
65206 11 5 152119
65208 11 9 152120
65210 11 10 152121
65212 11 14 152122
65214 11 15 152123
65216 11 19 152124
65218 11 21 152125
65220 11 22 152126
65222 11 23 152127
65224 11 1 152128
65226 11 2 152129
65228 11 3 152130
65230 11 5 152131
65232 11 9 152132
65234 11 10 152133
65236 11 14 152134
65238 11 15 152135
65240 11 19 152136
65242 11 21 152137
65244 11 22 152138
65246 11 23 152139
65248 11 1 152140
65250 11 2 152141
65252 11 3 152142
65254 11 5 152143
65256 11 9 152144
65258 11 10 152145
65260 11 14 152146
65262 11 15 152147
65264 11 19 152148
65266 11 21 152149
65268 11 22 152150
65270 11 23 152151
65272 11 1 152152
65274 11 2 152153
65276 11 3 152154
65278 11 5 152155
65280 11 9 152156
65282 11 10 152157
65284 11 14 152158
65286 11 15 152159
65288 11 19 152160
65290 11 21 152161
65292 11 22 152162
65294 11 23 152163
65296 11 1 152164
65298 11 2 152165
65300 11 3 152166
65302 11 5 152167
65304 11 9 152168
65306 11 10 152169
65308 11 14 152170
65310 11 15 152171
65312 11 19 152172
65314 11 21 152173
65316 11 22 152174
65318 11 23 152175
65320 11 1 152176
65322 11 2 152177
65324 11 3 152178
65326 11 5 152179
65328 11 9 152180
65330 11 10 152181
65332 11 14 152182
65334 11 15 152183
65336 11 19 152184
65338 11 21 152185
65340 11 22 152186
65342 11 23 152187
65344 11 1 152188
65346 11 2 152189
65348 11 3 152190
65350 11 5 152191
65352 11 9 152192
65354 11 10 152193
65356 11 14 152194
65358 11 15 152195
65360 11 19 152196
65362 11 21 152197
65364 11 22 152198
65366 11 23 152199
65368 11 1 152200
65370 11 2 152201
65372 11 3 152202
65374 11 5 152203
65376 11 9 152204
65378 11 10 152205
65380 11 14 152206
65382 11 15 152207
65384 11 19 152208
65386 11 21 152209
65388 11 22 152210
65390 11 23 152211
65392 11 1 152212
65394 11 2 152213
65396 11 3 152214
65398 11 5 152215
65400 11 9 152216
65402 11 10 152217
65404 11 14 152218
65406 11 15 152219
65408 11 19 152220
65410 11 21 152221
65412 11 22 152222
65414 11 23 152223
65416 11 1 152224
65418 11 2 152225
65420 11 3 152226
65422 11 5 152227
65424 11 9 152228
65426 11 10 152229
65428 11 14 152230
65430 11 15 152231
65432 11 19 152232
65434 11 21 152233
65436 11 22 152234
65438 11 23 152235
65440 11 1 152236
65442 11 2 152237
65444 11 3 152238
65446 11 5 152239
65448 11 9 152240
65450 11 10 152241
65452 11 14 152242
65454 11 15 152243
65456 11 19 152244
65458 11 21 152245
65460 11 22 152246
65462 11 23 152247
65464 11 1 152248
65466 11 2 152249
65468 11 3 152250
65470 11 5 152251
65472 11 9 152252
65474 11 10 152253
65476 11 14 152254
65478 11 15 152255
65480 11 19 152256
65482 11 21 152257
65484 11 22 152258
65486 11 23 152259
65488 11 1 152260
65490 11 2 152261
65492 11 3 152262
65494 11 5 152263
65496 11 9 152264
65498 11 10 152265
65500 11 14 152266
65502 11 15 152267
65504 11 19 152268
65506 11 21 152269
65508 11 22 152270
65510 11 23 152271
65512 11 1 152272
65514 11 2 152273
65516 11 3 152274
65518 11 10 152397
65520 11 19 152400
65522 11 15 152435
65524 11 22 152510
65526 11 23 152511
65528 11 15 152507
65530 11 14 152518
65532 11 14 152506
65534 11 19 152508
65538 11 21 152509
65544 11 10 152505
65550 11 1 152512
65554 11 2 152513
65558 11 3 152514
65562 11 5 152515
65566 11 9 152516
65570 11 10 152517
65580 11 15 152567
65582 11 15 194047
65584 11 21 194049
65586 11 22 194050
65588 11 23 194051
65590 11 1 194052
65592 11 2 194053
65594 11 3 194054
65596 11 5 194055
65600 11 9 194056
65602 11 10 194057
65606 11 14 194058
65646 11 15 194059
65648 11 19 194060
65650 11 21 194061
65652 11 22 194062
65654 11 23 194063
65656 11 1 194064
65658 11 2 194065
65660 11 3 194066
65662 11 5 194067
65664 11 9 194068
65666 11 10 194069
65668 11 14 194070
65670 11 15 194071
65672 11 19 194072
65674 11 21 194073
65676 11 22 194074
65678 11 23 194075
65680 11 1 194076
65682 11 2 194077
65684 11 3 194078
65686 11 5 194079
65688 11 9 194080
65690 11 10 194081
65692 11 14 194082
65694 11 15 194083
65696 11 19 194084
65698 11 21 194085
65700 11 22 194086
65702 11 23 194087
65704 11 1 194088
65706 11 2 194089
65708 11 3 194090
65710 11 5 194091
65712 11 9 194092
65714 11 10 194093
65716 11 14 194094
65718 11 15 194095
65720 11 19 194096
65722 11 21 194097
65724 11 22 194098
65726 11 23 194099
65728 11 1 194100
65730 11 2 194101
65732 11 3 194102
65734 11 5 194103
65736 11 9 194104
65738 11 10 194105
65740 11 14 194106
65742 11 15 194107
65744 11 19 194108
65746 11 21 194109
65748 11 22 194110
65750 11 23 194111
65752 11 1 194112
65754 11 2 194113
65756 11 3 194114
65758 11 5 194115
65760 11 9 194116
65762 11 10 194117
65764 11 14 194118
65766 11 15 194119
65768 11 19 194120
65770 11 21 194121
65772 11 22 194122
65774 11 23 194123
65776 11 1 194124
65778 11 2 194125
65780 11 3 194126
65782 11 5 194127
65784 11 9 194128
65786 11 10 194129
65788 11 14 194130
65790 11 15 194131
65792 11 19 194132
65794 11 21 194133
65796 11 22 194134
65798 11 23 194135
65800 11 1 194136
65802 11 2 194137
65804 11 3 194138
65806 11 5 194139
65808 11 9 194140
65810 11 10 194141
65812 11 14 194142
65814 11 15 194143
65816 11 19 194144
65818 11 21 194145
65820 11 22 194146
65822 11 23 194147
65824 11 1 194148
65826 11 2 194149
65828 11 3 194150
65830 11 5 194151
65832 11 9 194152
65834 11 10 194153
65836 11 14 194154
65838 11 15 194155
65840 11 19 194156
65842 11 21 194157
65844 11 22 194158
65846 11 23 194159
65848 11 1 194160
65850 11 2 194161
65852 11 3 194162
65854 11 5 194163
65856 11 9 194164
65858 11 10 194165
65860 11 14 194166
65862 11 15 194167
65864 11 19 194168
65866 11 21 194169
65868 11 22 194170
65870 11 23 194171
65872 11 1 194172
65874 11 2 194173
65876 11 3 194174
65878 11 5 194175
65880 11 9 194176
65882 11 10 194177
65884 11 14 194178
65886 11 15 194179
65888 11 19 194180
65890 11 21 194181
65892 11 22 194182
65894 11 23 194183
65896 11 1 194184
65898 11 2 194185
65900 11 3 194186
65902 11 5 194187
65904 11 9 194188
65906 11 10 194189
65908 11 14 194190
65910 11 15 194191
65912 11 19 194192
65914 11 21 194193
65916 11 22 194194
65918 11 23 194195
65920 11 1 194196
65922 11 2 194197
65924 11 3 194198
65926 11 5 194199
65928 11 9 194200
65930 11 10 194201
65932 11 14 194202
65934 11 15 194203
65936 11 19 194204
65938 11 21 194205
65940 11 22 194206
65942 11 23 194207
65944 11 1 194208
65946 11 2 194209
65948 11 3 194210
65950 11 5 194211
65952 11 9 194212
65954 11 1 0
65956 11 5 123
65958 11 15 127
65960 11 3 830
65970 11 10 833
65974 11 23 47
65976 11 15 55
65978 11 2 217
65984 11 21 201
65986 11 10 233
65988 11 19 1016
65992 11 9 124
65996 11 5 267
66000 11 23 671
66004 11 22 1274
66008 11 2 1901
66010 11 23 1155
66022 11 22 1154
66024 11 2 2877
66026 11 23 2947
66030 11 2 3133
66032 11 1 3276
66034 11 10 3269
66036 11 3 4422
66038 11 14 5074
66040 11 3 5058
66042 11 2 4121
66044 11 1 4120
66046 11 10 5905
66048 11 2 5181
66050 11 14 5330
66052 11 15 5667
66054 11 2 5913
66056 11 22 5550
66058 11 19 5680
66060 11 1 6116
66062 11 14 6134
66064 11 23 5383
66066 11 1 5384
66068 11 19 5476
66070 11 9 5940
66072 11 15 5943
66078 11 9 5640
66080 11 10 5965
66082 11 1 5984
66084 11 10 5989
66086 11 2 5733
66088 11 1 6432
66090 11 23 6671
66092 11 1 6588
66094 11 3 6650
66096 11 10 6185
66098 11 3 6242
66100 11 10 6557
66102 11 15 7835
66106 11 19 7836
66108 11 10 10085
66114 11 1 10684
66116 11 5 11483
66120 11 9 11976
66122 11 21 11645
66126 11 19 12692
66130 11 10 12761
66132 11 19 12716
66134 11 2 13141
66136 11 19 13160
66138 11 1 14020
66140 11 5 14351
66146 11 21 14957
66154 11 2 15409
66156 11 14 15390
66158 11 19 16244
66160 11 5 16387
66162 11 14 16618
66164 11 2 17021
66166 11 21 17281
66168 11 5 18131
66170 11 21 18993
66172 11 14 18534
66174 11 15 19051
66176 11 23 18971
66180 11 21 19801
66182 11 19 20472
66184 11 3 19866
66186 11 1 20780
66188 11 21 20909
66194 11 10 20749
66196 11 23 21043
66198 11 23 22211
66200 11 21 21729
66202 11 19 21728
66204 11 9 21856
66206 11 9 22952
66208 11 19 25556
66210 11 10 25869
66224 11 22 26582
66226 11 15 31459
66228 11 19 32920
66230 11 9 32904
66234 11 14 35918
66240 11 15 37555
66244 11 14 37458
66248 11 15 37907
66250 11 2 38573
66252 11 14 46830
66254 11 3 47142
66256 11 23 49391
66258 11 21 50833
66260 11 1 50188
66262 11 21 51677
66266 11 10 52397
66268 11 10 52445
66270 11 15 52459
66272 11 10 52469
66278 11 15 52507
66284 11 15 52699
66286 11 22 52714
66298 11 22 52726
66300 11 5 52803
66302 11 10 52313
66304 11 22 53702
66306 11 10 53265
66308 11 2 53609
66320 11 21 54281
66322 11 5 56515
66324 11 14 56374
66326 11 9 58564
66328 11 10 59745
66330 11 19 59448
66332 11 5 67611
66334 11 5 72151
66336 11 3 72790
66338 11 2 75969
66340 11 23 98459
66342 11 19 104092
66344 11 5 104979
66346 11 2 105617
66348 11 21 105901
66352 11 14 107402
66354 11 2 108229
66356 11 3 108230
66358 11 5 108231
66360 11 9 108232
66362 11 1 108372
66364 11 23 108359
66366 11 9 108436
66368 11 10 108437
66370 11 14 108438
66372 11 15 108439
66374 11 19 108440
66376 11 21 108441
66402 11 22 108554
66404 11 15 109103
66410 11 21 109105
66416 11 22 109106
66422 11 23 109107
66428 11 3 109194
66434 11 1 109348
66436 11 5 109351
66438 11 9 109352
66440 11 14 109354
66442 11 15 109355
66444 11 21 109357
66446 11 23 109359
66448 11 5 109363
66450 11 10 109365
66452 11 21 109369
66454 11 22 109370
66456 11 3 109374
66458 11 9 109376
66460 11 10 109377
66462 11 14 109378
66464 11 15 109379
66472 11 23 109371
66476 11 14 109414
66478 11 14 109694
66480 11 15 110475
66482 11 5 121243
66484 11 14 123066
66486 11 1 127540
66488 11 3 128230
66490 11 22 131922
66492 11 2 149225
66494 11 19 163796
66496 11 2 164865
66498 11 9 164868
66500 11 5 164867
66502 11 15 164871
66504 11 23 164875
66506 11 3 164866
66514 11 10 164869
66518 11 14 164870
66530 11 19 164872
66532 11 21 164873
66534 11 22 164874
66560 11 9 164964
66562 11 22 164970
66564 11 23 164971
66566 11 1 164972
66568 11 2 164973
66570 11 1 164996
66572 11 23 164995
66574 11 1 165056
66576 11 2 165057
66578 11 14 165062
66580 11 10 165061
66582 11 15 165063
66586 11 19 165064
66590 11 21 165065
66594 11 22 165066
66598 11 23 165067
66602 11 1 165068
66606 11 2 165069
66610 11 3 165070
66614 11 5 165071
66618 11 9 165072
66622 11 10 165073
66626 11 14 165074
66630 11 15 165075
66634 11 19 165076
66638 11 21 165077
66642 11 22 165078
66646 11 14 165122
66648 11 22 165126
66650 11 21 165125
66654 11 23 165127
66656 11 1 165128
66658 11 19 165136
66660 11 21 165137
66662 11 22 165138
66664 11 23 165139
66684 11 1 165140
66686 11 2 165141
66688 11 3 165142
66706 11 5 165143
66708 11 9 165144
66710 11 10 165145
66712 11 14 165146
66730 11 15 165147
66732 11 19 165148
66734 11 21 165149
66748 11 22 165150
66750 11 23 165151
66752 11 1 165152
66766 11 1 165236
66768 11 15 165267
66770 11 14 165266
66772 11 19 165268
66774 11 22 165246
66778 11 21 165269
66782 11 22 165270
66786 11 23 165271
66788 11 21 165341
66790 11 23 165343
66792 11 1 165344
66794 11 2 165345
66796 11 3 165346
66848 11 9 167288
66850 11 21 170461
66852 11 22 170462
66854 11 23 170463
66856 11 1 170464
66858 11 5 174227
66860 11 14 194070
66862 11 22 207242
66872 11 23 207243
66874 11 1 207244
66876 11 2 207245
66878 11 3 207246
66880 11 5 207247
66882 11 9 207248
66884 11 10 207249
66886 11 14 207250
66888 11 15 207251
66890 11 19 207252
66892 11 21 207253
66894 11 22 207254
66896 11 23 207255
66898 11 1 207256
66900 11 2 207257
66902 11 3 207258
66904 11 5 207259
66906 11 9 207260
66908 11 10 207261
66910 11 14 207262
66912 11 15 207263
66914 11 19 207264
66916 11 21 207265
66918 11 22 207266
66920 11 23 207267
66922 11 1 207268
66924 11 2 207269
66926 11 3 207270
66928 11 5 207271
66930 11 9 207272
66932 11 10 207273
66934 11 14 207274
66936 11 15 207275
66938 11 19 207276
66940 11 21 207277
66942 11 22 207278
66944 11 23 207279
66946 11 1 207280
66948 11 2 207281
66950 11 3 207282
66952 11 5 207283
66954 11 9 207284
66956 11 10 207285
66958 11 14 207286
66960 11 15 207287
66962 11 19 207288
66964 11 21 207289
66966 11 22 207290
66968 11 23 207291
66970 11 1 207292
66972 11 2 207293
66974 11 3 207294
66976 11 5 207295
66978 11 9 207296
66980 11 10 207297
66982 11 14 207298
66984 11 15 207299
66986 11 19 207300
66988 11 21 207301
66990 11 22 207302
66992 11 23 207303
66994 11 1 207304
66996 11 2 207305
66998 11 3 207306
67000 11 5 207307
67002 11 9 207308
67004 11 10 207309
67006 11 14 207310
67008 11 15 207311
67010 11 19 207312
67014 11 21 207313
67016 11 22 207314
67018 11 23 207315
67020 11 1 207316
67022 11 2 207317
67024 11 3 207318
67026 11 5 207319
67028 11 9 207320
67030 11 10 207321
67032 11 14 207322
67034 11 15 207323
67036 11 19 207324
67038 11 21 207325
67040 11 22 207326
67042 11 23 207327
67044 11 1 207328
67046 11 2 207329
67048 11 3 207330
67050 11 5 207331
67052 11 9 207332
67054 11 10 207333
67056 11 14 207334
67058 11 15 207335
67060 11 19 207336
67062 11 21 207337
67064 11 22 207338
67066 11 23 207339
67068 11 1 207340
67070 11 2 207341
67072 11 3 207342
67074 11 5 207343
67076 11 9 207344
67078 11 10 207345
67080 11 14 207346
67082 11 15 207347
67084 11 19 207348
67086 11 21 207349
67088 11 22 207350
67090 11 23 207351
67092 11 1 207352
67094 11 2 207353
67096 11 3 207354
67098 11 5 207355
67100 11 9 207356
67102 11 10 207357
67104 11 14 207358
67106 11 15 207359
67108 11 19 207360
67110 11 21 207361
67112 11 22 207362
67114 11 23 207363
67116 11 1 207364
67118 11 2 207365
67120 11 3 207366
67122 11 5 207367
67124 11 9 207368
67126 11 10 207369
67128 11 14 207370
67134 11 15 207371
67136 11 19 207372
67138 11 21 207373
67140 11 22 207374
67142 11 23 207375
67144 11 1 207376
67146 11 2 207377
67148 11 3 207378
67150 11 5 207379
67152 11 9 207380
67154 11 10 207381
67156 11 14 207382
67158 11 15 207383
67160 11 19 207384
67162 11 21 207385
67164 11 22 207386
67166 11 23 207387
67168 11 1 207388
67170 11 2 207389
67172 11 3 207390
67174 11 5 207391
67176 11 9 207392
67178 11 10 207393
67180 11 14 207394
67182 11 15 207395
67184 11 19 207396
67186 11 21 207397
67188 11 22 207398
67190 11 23 207399
67192 11 1 207400
67194 11 2 207401
67196 11 3 207402
67198 11 5 207403
67200 11 9 207404
67202 11 10 207405
67204 11 14 207406
67206 11 15 207407
67208 11 19 207408
67210 11 21 207409
67212 11 22 207410
67214 11 23 207411
67216 11 1 207412
67218 11 2 207413
67220 11 3 207414
67222 11 5 207415
67224 11 9 207416
67226 11 10 207417
67228 11 14 207418
67230 11 15 207419
67232 11 19 207420
67234 11 21 207421
67236 11 22 207422
67238 11 23 207423
67240 11 1 207424
67242 11 2 207425
67244 11 3 207426
67246 11 5 207427
67248 11 9 207428
67250 11 10 207429
67252 11 14 207430
67254 11 15 207431
67260 11 19 207432
67262 11 21 207433
67264 11 22 207434
67266 11 23 207435
67268 11 1 207436
67270 11 2 207437
67272 11 3 207438
67274 11 5 207439
67276 11 9 207440
67278 11 10 207441
67280 11 14 207442
67282 11 15 207443
67284 11 19 207444
67286 11 21 207445
67288 11 22 207446
67290 11 23 207447
67292 11 1 207448
67294 11 2 207449
67296 11 3 207450
67298 11 5 207451
67300 11 9 207452
67302 11 10 207453
67304 11 14 207454
67306 11 15 207455
67308 11 19 207456
67310 11 21 207457
67312 11 22 207458
67314 11 23 207459
67316 11 1 207460
67318 11 2 207461
67320 11 3 207462
67324 11 5 207463
67326 11 9 207464
67328 11 10 207465
67330 11 14 207466
67332 11 15 207467
67334 11 19 207468
67336 11 21 207469
67338 11 22 207470
67340 11 23 207471
67342 11 1 207472
67344 11 2 207473
67346 11 3 207474
67348 11 5 207475
67350 11 9 207476
67352 11 10 207477
67354 11 14 207478
67356 11 15 207479
67358 11 19 207480
67360 11 21 207481
67362 11 22 207482
67364 11 23 207483
67366 11 1 207484
67368 11 2 207485
67370 11 3 207486
67372 11 5 207487
67400 11 9 207488
67402 11 10 207489
67404 11 14 207490
67406 11 15 207491
67408 11 19 207492
67410 11 21 207493
67412 11 22 207494
67414 11 23 207495
67416 11 1 207496
67418 11 2 207497
67420 11 3 207498
67422 11 5 207499
67424 11 9 207500
67426 11 10 207501
67428 11 14 207502
67430 11 15 207503
67432 11 19 207504
67434 11 21 207505
67436 11 22 207506
67448 11 23 207507
67450 11 1 207508
67452 11 2 207509
67454 11 3 207510
67456 11 5 207511
67458 11 9 207512
67460 11 10 207513
67462 11 14 207514
67478 11 15 207515
67480 11 19 207516
67482 11 21 207517
67484 11 22 207518
67486 11 23 207519
67488 11 1 207520
67490 11 2 207521
67492 11 3 207522
67494 11 5 207523
67496 11 9 207524
67498 11 10 207525
67500 11 14 207526
67502 11 15 207527
67504 11 19 207528
67506 11 21 207529
67508 11 22 207530
67510 11 23 207531
67512 11 1 207532
67514 11 2 207533
67516 11 3 207534
67518 11 5 207535
67520 11 9 207536
67522 11 10 207537
67524 11 14 207538
67526 11 15 207539
67528 11 19 207540
67530 11 21 207541
67532 11 22 207542
67534 11 23 207543
67536 11 1 207544
67538 11 2 207545
67540 11 3 207546
67542 11 5 207547
67544 11 9 207548
67546 11 10 207549
67548 11 14 207550
67550 11 15 207551
67552 11 19 207552
67554 11 21 207553
67556 11 22 207554
67558 11 23 207555
67560 11 1 207556
67562 11 2 207557
67564 11 3 207558
67566 11 5 207559
67568 11 9 207560
67570 11 10 207561
67572 11 14 207562
67574 11 15 207563
67576 11 19 207564
67578 11 21 207565
67580 11 22 207566
67582 11 23 207567
67584 11 1 207568
67586 11 2 207569
67588 11 3 207570
67590 11 5 207571
67592 11 9 207572
67594 11 10 207573
67596 11 14 207574
67598 11 15 207575
67600 11 19 207576
67602 11 21 207577
67604 11 22 207578
67606 11 23 207579
67608 11 1 207580
67610 11 2 207581
67612 11 3 207582
67614 11 5 207583
67616 11 9 207584
67618 11 10 207585
67620 11 14 207586
67622 11 15 207587
67624 11 19 207588
67626 11 21 207589
67628 11 22 207590
67630 11 23 207591
67632 11 1 207592
67634 11 2 207593
67636 11 3 207594
67638 11 5 207595
67640 11 9 207596
67642 11 10 207597
67644 11 14 207598
67646 11 15 207599
67648 11 19 207600
67650 11 21 207601
67652 11 22 207602
67654 11 23 207603
67656 11 1 207604
67658 11 2 207605
67660 11 3 207606
67662 11 5 207607
67664 11 9 207608
67666 11 10 207609
67668 11 14 207610
67670 11 15 207611
67672 11 19 207612
67674 11 21 207613
67676 11 22 207614
67678 11 23 207615
67680 11 1 207616
67682 11 2 207617
67684 11 3 207618
67686 11 5 207619
67688 11 9 207620
67690 11 10 207621
67692 11 14 207622
67694 11 15 207623
67696 11 19 207624
67698 11 21 207625
67700 11 22 207626
67702 11 23 207627
67704 11 1 207628
67706 11 2 207629
67708 11 3 207630
67710 11 5 207631
67712 11 9 207632
67714 11 10 207633
67716 11 14 207634
67718 11 15 207635
67720 11 19 207636
67722 11 21 207637
67724 11 22 207638
67726 11 23 207639
67728 11 1 207640
67730 11 2 207641
67732 11 3 207642
67734 11 5 207643
67736 11 9 207644
67738 11 10 207645
67740 11 14 207646
67742 11 15 207647
67744 11 19 207648
67746 11 21 207649
67748 11 22 207650
67750 11 23 207651
67752 11 1 207652
67754 11 2 207653
67756 11 3 207654
67758 11 5 207655
67760 11 9 207656
67762 11 10 207657
67764 11 14 207658
67766 11 15 207659
67768 11 19 207660
67770 11 21 207661
67772 11 22 207662
67774 11 23 207663
67776 11 1 207664
67778 11 2 207665
67780 11 3 207666
67782 11 5 207667
67784 11 9 207668
67786 11 10 207669
67788 11 14 207670
67790 11 15 207671
67792 11 19 207672
67794 11 21 207673
67796 11 22 207674
67798 11 23 207675
67800 11 1 207676
67802 11 2 207677
67804 11 3 207678
67806 11 5 207679
67808 11 9 207680
67810 11 10 207681
67812 11 14 207682
67814 11 15 207683
67816 11 19 207684
67818 11 21 207685
67820 11 22 207686
67822 11 23 207687
67824 11 1 207688
67826 11 2 207689
67828 11 3 207690
67830 11 5 207691
67832 11 1 0
67834 11 10 161
67840 11 14 678
67844 11 15 835
67846 11 22 994
67848 11 21 1273
67850 11 15 1619
67852 11 14 1258
67854 11 14 1330
67856 11 10 3269
67858 11 22 5238
67860 11 22 5970
67862 11 2 6889
67864 11 19 7704
67890 11 15 7835
67892 11 21 9945
67908 11 22 9946
67918 11 15 11171
67922 11 1 11720
67924 11 2 11721
67926 11 19 11728
67928 11 9 11724
67930 11 21 11729
67932 11 5 11471
67934 11 15 12691
67936 11 19 12908
67938 11 19 12692
67940 11 5 14275
67942 11 5 14287
67944 11 15 16243
67946 11 22 16378
67948 11 22 17198
67950 11 2 16685
67952 11 10 16713
67954 11 5 17119
67956 11 15 16391
67958 11 10 17193
67960 11 21 17789
67962 11 21 17969
67964 11 2 18201
67966 11 2 18685
67972 11 2 18829
67980 11 1 19936
67982 11 3 20142
67984 11 19 21728
67986 11 21 21885
67988 11 22 21886
67990 11 21 21609
67992 11 23 25367
68064 11 2 25477
68066 11 10 25481
68076 11 15 25159
68078 11 22 25522
68080 11 9 25528
68086 11 3 25722
68088 11 5 25723
68090 11 3 25734
68092 11 5 25735
68094 11 22 25766
68096 11 23 25767
68098 11 1 25768
68100 11 14 25774
68102 11 15 25787
68104 11 19 25788
68106 11 15 25799
68108 11 19 25800
68110 11 2 25805
68308 11 2 25769
68452 11 3 25842
68454 11 2 27781
68456 11 22 27946
68458 11 1 27948
68460 11 2 31561
68462 11 10 33517
68464 11 2 34789
68466 11 14 35698
68468 11 22 35822
68470 11 23 35851
68472 11 22 39630
68474 11 23 39631
68480 11 10 39805
68482 11 19 42736
68484 11 21 43365
68486 11 23 43367
68488 11 1 43368
68490 11 3 43370
68492 11 9 43372
68494 11 22 44426
68496 11 23 44427
68498 11 23 45331
68500 11 14 46266
68502 11 21 46293
68504 11 5 52767
68506 11 1 55512
68508 11 1 56968
68510 11 2 60789
68514 11 15 60795
68516 11 3 61742
68518 11 5 61743
68520 11 10 61757
68522 11 10 66345
68524 11 5 66791
68526 11 23 66883
68528 11 1 66884
68530 11 23 66895
68532 11 9 67188
68534 11 10 67189
68536 11 9 67200
68542 11 19 67640
68544 11 5 68779
68546 11 19 68988
68548 11 21 68989
68550 11 22 68990
68552 11 2 68993
68554 11 15 69023
68556 11 21 69025
68558 11 23 69871
68560 11 19 69664
68562 11 15 70191
68564 11 19 70264
68566 11 14 72734
68568 11 10 78453
68570 11 10 81393
68572 11 14 81394
68574 11 15 81395
68576 11 19 81396
68578 11 21 81397
68580 11 22 81398
68582 11 23 81399
68584 11 1 81400
68586 11 2 81401
68588 11 3 81402
68590 11 5 81403
68592 11 9 81404
68594 11 10 81405
68596 11 14 81406
68598 11 15 81407
68600 11 19 81408
68602 11 21 81409
68604 11 22 81410
68606 11 23 81411
68608 11 1 81412
68610 11 2 81413
68612 11 3 81414
68614 11 21 82781
68616 11 1 89796
68618 11 10 90333
68620 11 23 102879
68626 11 5 103315
68628 11 9 103452
68630 11 14 103562
68632 11 21 104985
68634 11 5 105051
68636 11 3 106810
68638 11 22 109614
68640 11 5 117159
68642 11 1 123360
68644 11 5 125615
68672 11 15 125619
68682 11 14 125618
68724 11 22 125874
68726 11 21 125837
68728 11 15 125847
68730 11 1 125864
68734 11 23 125875
68736 11 1 125876
68740 11 2 125877
68742 11 1 125888
68746 11 5 125939
68750 11 3 125950
68752 11 1 125952
68754 11 3 125954
68756 11 5 125955
68768 11 23 125975
68774 11 21 125997
68780 11 9 126124
68784 11 14 126126
68798 11 3 126146
68810 11 23 126155
68820 11 3 126170
68822 11 5 126171
68824 11 9 126172
68828 11 2 126265
68916 11 10 126149
68918 11 15 127091
68920 11 5 127099
68922 11 15 127247
68924 11 1 127252
68926 11 2 127253
68928 11 3 127254
68930 11 15 127211
68934 11 15 127511
68936 11 19 127512
68938 11 21 127513
68940 11 22 127514
68942 11 23 127515
68944 11 1 127516
68946 11 2 127517
68948 11 3 127518
68950 11 5 127519
68952 11 9 127520
68954 11 10 127521
68956 11 14 127522
68958 11 15 127523
68960 11 19 127524
68962 11 21 127525
68964 11 22 127526
68966 11 23 127527
68968 11 1 127528
68970 11 2 127529
68972 11 3 127530
68974 11 5 127531
68976 11 9 127532
68978 11 10 127533
68980 11 14 127534
68982 11 15 127535
68984 11 19 127536
68990 11 5 127423
68992 11 9 127424
68994 11 10 127425
68996 11 14 127426
68998 11 19 127428
69000 11 21 127429
69002 11 22 127430
69004 11 2 127277
69006 11 21 127345
69008 11 1 127360
69010 11 22 127922
69018 11 23 127983
69020 11 2 128013
69022 11 5 128159
69034 11 1 128168
69044 11 9 128328
69046 11 14 128342
69070 11 2 129085
69072 11 5 130531
69074 11 9 130532
69076 11 10 130533
69078 11 14 130534
69080 11 15 130535
69082 11 19 130536
69084 11 21 130537
69086 11 22 130538
69088 11 23 130539
69090 11 1 130540
69092 11 2 130541
69094 11 3 130542
69096 11 5 130543
69098 11 9 130544
69100 11 10 130545
69102 11 14 130546
69104 11 15 130547
69106 11 19 130548
69108 11 21 130549
69110 11 22 130550
69112 11 23 130551
69114 11 1 130552
69116 11 2 130553
69118 11 3 130554
69120 11 5 130555
69122 11 9 130556
69124 11 10 130557
69126 11 14 130558
69128 11 15 130559
69130 11 19 130560
69132 11 21 130561
69134 11 22 130562
69136 11 23 130563
69138 11 1 130564
69140 11 2 130565
69142 11 3 130566
69144 11 5 130567
69146 11 9 130568
69148 11 10 130569
69150 11 14 130570
69152 11 15 130571
69154 11 19 130572
69156 11 21 130573
69158 11 22 130574
69160 11 23 130575
69162 11 1 130576
69164 11 2 130577
69166 11 3 130578
69168 11 5 130579
69170 11 9 130580
69172 11 10 130581
69174 11 14 130582
69176 11 15 130583
69178 11 1 136900
69180 11 19 136416
69182 11 10 136521
69184 11 5 136531
69186 11 3 140938
69188 11 5 140939
69190 11 9 140940
69192 11 10 140941
69194 11 14 140942
69196 11 15 140943
69198 11 19 140944
69200 11 21 140945
69202 11 22 140946
69204 11 23 140947
69206 11 1 140948
69208 11 2 140949
69210 11 3 140950
69212 11 5 140951
69214 11 9 140952
69216 11 10 140953
69218 11 14 140954
69220 11 10 163073
69222 11 22 164570
69224 11 22 178270
69226 11 3 178286
69228 11 2 178297
69230 11 22 178402
69232 11 9 178444
69234 11 1 178296
69238 11 3 178442
69242 11 5 178443
69246 11 2 178333
69254 11 15 178303
69256 11 19 178316
69260 11 22 178342
69264 11 10 178373
69266 11 2 178465
69268 11 3 178466
69270 11 1 178464
69272 11 15 178483
69274 11 2 178489
69276 11 5 178503
69278 11 3 178526
69280 11 5 178527
69282 11 9 178528
69284 11 10 178529
69286 11 15 178531
69338 11 21 178533
69340 11 22 178534
69342 11 23 178535
69344 11 21 178557
69346 11 22 178558
69348 11 23 178559
69350 11 1 178560
69352 11 2 178561
69354 11 3 178562
69356 11 5 178563
69358 11 9 178564
69360 11 10 178565
69362 11 10 178637
69364 11 15 178639
69368 11 14 178638
69370 11 19 178640
69372 11 1 178644
69374 11 5 178647
69376 11 9 178648
69378 11 15 178651
69380 11 22 178654
69382 11 14 178662
69384 11 2 178669
69386 11 9 178672
69388 11 10 178673
69396 11 21 178641
69398 11 22 178642
69402 11 2 178645
69404 11 3 178646
69410 11 14 178650
69414 11 19 178652
69416 11 21 178653
69420 11 2 178657
69422 11 3 178658
69424 11 5 178659
69426 11 9 178660
69428 11 10 178661
69432 11 15 178663
69434 11 21 178665
69436 11 23 178667
69438 11 1 178668
69442 11 3 178670
69444 11 5 178671
69450 11 14 178674
69452 11 15 178675
69454 11 19 178676
69456 11 21 178677
69458 11 1 178680
69460 11 2 178681
69466 11 10 178649
69562 11 23 178655
69570 11 1 178656
69626 11 22 178666
69706 11 2 178729
69708 11 15 178747
69710 11 21 178749
69712 11 10 178757
69714 11 14 178758
69716 11 15 178759
69718 11 19 178760
69720 11 21 178761
69722 11 22 178762
69724 11 23 178763
69726 11 1 178764
69728 11 2 178765
69730 11 3 178766
69732 11 5 178767
69734 11 9 178768
69736 11 10 178769
69738 11 14 178770
69740 11 15 178771
69742 11 19 178772
69744 11 21 178773
69746 11 19 178784
69748 11 23 178811
69750 11 23 178823
69752 11 9 178840
69754 11 22 178846
69756 11 1 178848
69758 11 3 178850
69760 11 10 178853
69762 11 3 178970
69764 11 5 178971
69766 11 9 178972
69768 11 21 178977
69770 11 22 178978
69772 11 2 178981
69774 11 5 178983
69776 11 19 178988
69778 11 21 178989
69780 11 22 178990
69782 11 23 178991
69784 11 1 178992
69786 11 2 178993
69790 11 2 178825
69792 11 3 178826
69794 11 5 178827
69796 11 9 178828
69798 11 10 178829
69800 11 14 178830
69802 11 15 178831
69804 11 19 178832
69806 11 21 178833
69808 11 22 178834
69810 11 23 178835
69812 11 1 178836
69814 11 2 178837
69816 11 10 178841
69818 11 15 178879
69828 11 1 178872
69830 11 19 178880
69838 11 9 178900
69840 11 19 178904
69842 11 21 178905
69844 11 22 178906
69846 11 23 178907
69848 11 1 178908
69850 11 2 178909
69852 11 3 178910
69854 11 5 178911
69856 11 9 178912
69858 11 10 178913
69860 11 14 179010
69862 11 9 179056
69864 11 2 179065
69866 11 14 179094
69868 11 21 179157
69870 11 15 179143
69872 11 22 179182
69880 11 22 205698
69882 11 1 206652
69884 11 3 218222
69886 11 5 218223
69888 11 9 218224
69890 11 10 218225
69892 11 14 218226
69894 11 15 218227
69896 11 19 218228
69898 11 21 218229
69902 11 22 218230
69904 11 23 218231
69906 11 1 218232
69908 11 2 218233
69910 11 3 218234
69912 11 5 218235
69914 11 9 218236
69916 11 10 218237
69918 11 14 218238
69920 11 15 218239
69928 11 19 218240
69930 11 21 218241
69934 11 22 218242
69936 11 23 218243
69938 11 1 218244
69940 11 2 218245
69942 11 3 218246
69950 11 5 218247
69960 11 9 218248
69966 11 10 218249
69974 11 14 218250
70000 11 15 218251
70008 11 19 218252
70010 11 21 218253
70012 11 22 218254
70040 11 23 218255
70056 11 1 218256
70058 11 2 218257
70062 11 3 218258
70106 11 5 218259
70108 11 9 218260
70110 11 10 218261
70112 11 14 218262
70178 11 15 218263
70180 11 19 218264
70182 11 21 218265
70184 11 22 218266
70186 11 23 218267
70188 11 1 218268
70190 11 2 218269
70192 11 3 218270
70194 11 5 218271
70196 11 9 218272
70198 11 10 218273
70200 11 14 218274
70202 11 15 218275
70204 11 19 218276
70206 11 21 218277
70208 11 22 218278
70210 11 23 218279
70212 11 1 218280
70214 11 2 218281
70216 11 3 218282
70218 11 5 218283
70220 11 9 218284
70222 11 10 218285
70224 11 14 218286
70226 11 15 218287
70228 11 19 218288
70230 11 21 218289
70232 11 22 218290
70234 11 23 218291
70236 11 1 218292
70238 11 2 218293
70240 11 3 218294
70242 11 5 218295
70244 11 9 218296
70246 11 10 218297
70248 11 14 218298
70250 11 15 218299
70252 11 19 218300
70254 11 21 218301
70256 11 22 218302
70258 11 23 218303
70260 11 1 218304
70262 11 2 218305
70264 11 3 218306
70266 11 5 218307
70268 11 9 218308
70270 11 10 218309
70272 11 14 218310
70274 11 15 218311
70276 11 19 218312
70278 11 21 218313
70280 11 22 218314
70282 11 23 218315
70284 11 1 218316
70286 11 2 218317
70288 11 3 218318
70290 11 5 218319
70292 11 9 218320
70294 11 10 218321
70296 11 14 218322
70298 11 15 218323
70300 11 19 218324
70302 11 21 218325
70304 11 22 218326
70306 11 23 218327
70308 11 1 218328
70310 11 2 218329
70312 11 3 218330
70314 11 5 218331
70316 11 9 218332
70318 11 10 218333
70320 11 14 218334
70322 11 15 218335
70324 11 19 218336
70326 11 21 218337
70328 11 22 218338
70330 11 23 218339
70332 11 1 218340
70334 11 2 218341
70336 11 3 218342
70338 11 5 218343
70340 11 9 218344
70342 11 10 218345
70344 11 14 218346
70346 11 15 218347
70348 11 19 218348
70350 11 21 218349
70352 11 22 218350
70354 11 23 218351
70356 11 1 218352
70358 11 2 218353
70360 11 3 218354
70362 11 5 218355
70364 11 9 218356
70366 11 10 218357
70368 11 14 218358
70370 11 15 218359
70372 11 19 218360
70374 11 21 218361
70376 11 22 218362
70378 11 23 218363
70380 11 1 218364
70382 11 2 218365
70384 11 3 218366
70386 11 5 218367
70388 11 9 218368
70390 11 10 218369
70392 11 14 218370
70394 11 15 218371
70396 11 19 218372
70398 11 21 218373
70400 11 22 218374
70402 11 23 218375
70404 11 1 218376
70406 11 2 218377
70408 11 3 218378
70410 11 5 218379
70412 11 9 218380
70414 11 10 218381
70416 11 14 218382
70418 11 15 218383
70420 11 19 218384
70422 11 21 218385
70424 11 22 218386
70426 11 23 218387
70428 11 1 218388
70430 11 2 218389
70432 11 3 218390
70434 11 5 218391
70436 11 9 218392
70438 11 10 218393
70440 11 14 218394
70442 11 15 218395
70444 11 19 218396
70446 11 21 218397
70448 11 22 218398
70450 11 23 218399
70452 11 1 218400
70454 11 2 218401
70456 11 3 218402
70458 11 5 218403
70460 11 9 218404
70462 11 10 218405
70464 11 14 218406
70466 11 15 218407
70468 11 19 218408
70470 11 21 218409
70472 11 22 218410
70474 11 23 218411
70476 11 1 218412
70478 11 2 218413
70480 11 3 218414
70482 11 5 218415
70484 11 9 218416
70486 11 10 218417
70488 11 14 218418
70490 11 15 218419
70492 11 19 218420
70494 11 21 218421
70496 11 22 218422
70498 11 23 218423
70500 11 1 218424
70502 11 2 218425
70508 11 3 218426
70510 11 5 218427
70512 11 9 218428
70514 11 10 218429
70516 11 14 218430
70518 11 15 218431
70520 11 19 218432
70522 11 21 218433
70524 11 22 218434
70526 11 23 218435
70528 11 1 218436
70530 11 2 218437
70532 11 3 218438
70534 11 5 218439
70536 11 9 218440
70538 11 10 218441
70540 11 14 218442
70542 11 15 218443
70544 11 19 218444
70546 11 21 218445
70548 11 22 218446
70550 11 23 218447
70552 11 1 218448
70554 11 2 218449
70556 11 3 218450
70558 11 5 218451
70560 11 9 218452
70562 11 10 218453
70564 11 14 218454
70566 11 15 218455
70568 11 19 218456
70570 11 21 218457
70572 11 22 218458
70574 11 23 218459
70576 11 1 218460
70578 11 2 218461
70580 11 3 218462
70582 11 5 218463
70584 11 9 218464
70586 11 10 218465
70588 11 14 218466
70590 11 15 218467
70592 11 19 218468
70594 11 21 218469
70596 11 22 218470
70598 11 23 218471
70600 11 1 218472
70602 11 2 218473
70604 11 3 218474
70606 11 5 218475
70608 11 9 218476
70610 11 10 218477
70612 11 14 218478
70614 11 15 218479
70616 11 19 218480
70618 11 21 218481
70620 11 22 218482
70622 11 23 218483
70624 11 1 218484
70626 11 2 218485
70628 11 3 218486
70630 11 5 218487
70632 11 9 218488
70634 11 10 218489
70636 11 14 218490
70638 11 15 218491
70640 11 19 218492
70642 11 21 218493
70644 11 22 218494
70646 11 23 218495
70648 11 1 218496
70650 11 2 218497
70652 11 3 218498
70654 11 5 218499
70656 11 9 218500
70658 11 10 218501
70660 11 14 218502
70662 11 15 218503
70664 11 19 218504
70666 11 21 218505
70668 11 22 218506
70670 11 23 218507
70672 11 1 218508
70674 11 2 218509
70676 11 3 218510
70678 11 5 218511
70680 11 9 218512
70682 11 10 218513
70684 11 14 218514
70686 11 15 218515
70688 11 19 218516
70690 11 21 218517
70692 11 22 218518
70694 11 23 218519
70696 11 1 218520
70698 11 2 218521
70700 11 3 218522
70702 11 5 218523
70704 11 9 218524
70706 11 10 218525
70708 11 14 218526
70710 11 15 218527
70712 11 19 218528
70714 11 21 218529
70716 11 22 218530
70718 11 23 218531
70720 11 1 218532
70722 11 2 218533
70724 11 3 218534
70726 11 5 218535
70728 11 9 218536
70730 11 10 218537
70732 11 14 218538
70734 11 15 218539
70736 11 19 218540
70738 11 21 218541
70740 11 22 218542
70742 11 23 218543
70744 11 1 218544
70746 11 2 218545
70748 11 3 218546
70750 11 5 218547
70752 11 9 218548
70754 11 10 218549
70756 11 14 218550
70758 11 15 218551
70760 11 19 218552
70762 11 21 218553
70764 11 22 218554
70766 11 23 218555
70768 11 1 218556
70770 11 2 218557
70772 11 3 218558
70774 11 5 218559
70776 11 9 218560
70778 11 10 218561
70780 11 14 218562
70782 11 15 218563
70784 11 19 218564
70786 11 21 218565
70788 11 22 218566
70790 11 23 218567
70792 11 1 218568
70794 11 2 218569
70796 11 3 218570
70798 11 5 218571
70800 11 9 218572
70802 11 10 218573
70804 11 14 218574
70806 11 15 218575
70808 11 19 218576
70810 11 21 218577
70812 11 22 218578
70814 11 23 218579
70816 11 1 218580
70818 11 2 218581
70820 11 3 218582
70822 11 5 218583
70824 11 9 218584
70826 11 10 218585
70828 11 14 218586
70830 11 15 218587
70832 11 19 218588
70834 11 21 218589
70836 11 22 218590
70838 11 23 218591
70840 11 1 218592
70842 11 2 218593
70844 11 3 218594
70846 11 5 218595
70848 11 9 218596
70850 11 10 218597
70852 11 14 218598
70854 11 15 218599
70856 11 19 218600
70858 11 21 218601
70870 11 22 218602
70872 11 23 218603
70874 11 1 218604
70876 11 2 218605
70878 11 3 218606
70880 11 5 218607
70882 11 9 218608
70884 11 10 218609
70886 11 14 218610
70888 11 15 218611
70890 11 19 218612
70904 11 21 218613
70906 11 22 218614
70910 11 23 218615
70920 11 1 218616
70948 11 2 218617
70952 11 3 218618
70988 11 5 218619
70994 11 9 218620
70998 11 10 218621
71012 11 14 218622
71014 11 15 218623
71016 11 19 218624
71018 11 21 218625
71020 11 22 218626
71022 11 23 218627
71024 11 1 218628
71026 11 2 218629
71028 11 3 218630
71030 11 5 218631
71032 11 9 218632
71034 11 10 218633
71036 11 14 218634
71038 11 15 218635
71040 11 19 218636
71042 11 21 218637
71044 11 22 218638
71046 11 23 218639
71048 11 1 218640
71050 11 2 218641
71052 11 3 218642
71054 11 5 218643
71056 11 9 218644
71058 11 10 218645
71060 11 14 218646
71062 11 15 218647
71064 11 19 218648
71066 11 21 218649
71068 11 22 218650
71070 11 23 218651
71072 11 1 218652
71074 11 2 218653
71076 11 3 218654
71078 11 5 218655
71082 11 9 218656
71084 11 10 218657
71086 11 14 218658
71088 11 15 218659
71090 11 19 218660
71092 11 21 218661
71094 11 22 218662
71096 11 23 218663
71098 11 1 218664
71100 11 2 218665
71102 11 3 218666
71104 11 5 218667
71106 11 9 218668
71108 11 10 218669
71110 11 14 218670
71112 11 15 218671
71114 11 19 218672
71116 11 21 218673
71118 11 22 218674
71120 11 23 218675
71122 11 1 218676
71124 11 2 218677
71126 11 3 218678
71128 11 5 218679
71130 11 9 218680
71132 11 10 218681
71134 11 14 218682
71136 11 15 218683
71138 11 19 218684
71140 11 21 218685
71142 11 22 218686
71144 11 23 218687
71146 11 1 218688
71148 11 2 218689
71150 11 3 218690
71152 11 5 218691
71154 11 9 218692
71156 11 10 218693
71158 11 14 218694
71160 11 15 218695
71162 11 19 218696
71164 11 21 218697
71166 11 22 218698
71168 11 23 218699
71170 11 1 218700
71172 11 2 218701
71174 11 3 218702
71176 11 5 218703
71178 11 9 218704
71180 11 10 218705
71182 11 14 218706
71184 11 15 218707
71186 11 19 218708
71188 11 21 218709
71190 11 22 218710
71192 11 23 218711
71194 11 1 218712
71196 11 2 218713
71198 11 3 218714
71200 11 5 218715
71202 11 9 218716
71204 11 10 218717
71206 11 14 218718
71208 11 15 218719
71210 11 19 218720
71212 11 21 218721
71214 11 22 218722
71216 11 23 218723
71218 11 1 218724
71220 11 2 218725
71222 11 3 218726
71224 11 5 218727
71226 11 9 218728
71228 11 10 218729
71230 11 14 218730
71232 11 15 218731
71234 11 19 218732
71236 11 21 218733
71238 11 22 218734
71240 11 23 218735
71242 11 1 218736
71244 11 2 218737
71246 11 3 218738
71248 11 5 218739
71262 11 9 218740
71264 11 10 218741
71266 11 14 218742
71268 11 15 218743
71270 11 19 218744
71272 11 21 218745
71274 11 22 218746
71276 11 23 218747
71278 11 1 218748
71280 11 2 218749
71282 11 3 218750
71284 11 5 218751
71286 11 9 218752
71288 11 10 218753
71290 11 14 218754
71292 11 15 218755
71294 11 19 218756
71296 11 21 218757
71298 11 22 218758
71300 11 23 218759
71302 11 1 218760
71304 11 2 218761
71306 11 3 218762
71308 11 5 218763
71310 11 9 218764
71312 11 10 218765
71322 11 14 218766
71324 11 15 218767
71326 11 19 218768
71328 11 21 218769
71330 11 22 218770
71332 11 23 218771
71334 11 1 218772
71336 11 2 218773
71338 11 3 218774
71340 11 5 218775
71342 11 9 218776
71344 11 10 218777
71346 11 14 218778
71348 11 15 218779
71350 11 19 218780
71352 11 21 218781
71356 11 22 218782
71358 11 23 218783
71360 11 1 218784
71370 11 2 218785
71372 11 3 218786
71374 11 5 218787
71376 11 9 218788
71378 11 10 218789
71380 11 14 218790
71382 11 15 218791
71384 11 19 218792
71420 11 21 218793
71422 11 22 218794
71424 11 23 218795
71426 11 1 218796
71428 11 2 218797
71430 11 3 218798
71432 11 5 218799
71434 11 9 218800
71436 11 10 218801
71438 11 14 218802
71440 11 15 218803
71442 11 19 218804
71444 11 21 218805
71446 11 22 218806
71448 11 23 218807
71450 11 1 218808
71452 11 2 218809
71454 11 3 218810
71456 11 5 218811
71458 11 9 218812
71460 11 10 218813
71462 11 14 218814
71464 11 15 218815
71466 11 19 218816
71468 11 21 218817
71470 11 22 218818
71472 11 23 218819
71474 11 1 218820
71476 11 2 218821
71478 11 3 218822
71480 11 5 218823
71482 11 9 218824
71484 11 10 218825
71486 11 14 218826
71488 11 15 218827
71490 11 19 218828
71492 11 21 218829
71494 11 22 218830
71496 11 23 218831
71498 11 1 218832
71500 11 2 218833
71502 11 3 218834
71504 11 5 218835
71506 11 9 218836
71508 11 10 218837
71510 11 14 218838
71512 11 15 218839
71514 11 19 218840
71516 11 21 218841
71518 11 22 218842
71520 11 23 218843
71522 11 1 218844
71524 11 2 218845
71526 11 3 218846
71528 11 5 218847
71530 11 9 218848
71534 11 10 218849
71536 11 14 218850
71538 11 15 218851
71540 11 19 218852
71542 11 21 218853
71546 11 10 17
71548 11 1 0
71550 11 14 54
71552 11 23 71
71554 11 22 910
71556 11 19 1092
71558 11 22 2018
71560 11 1 1192
71562 11 2 6145
71564 11 23 12671
71566 11 14 51266
71568 11 9 60888
71570 11 9 89776
71572 11 19 105464
71574 11 21 116693
71576 11 5 123087
71578 11 9 149180
71580 11 10 149181
71582 11 14 149182
71584 11 15 149183
71586 11 19 149184
71588 11 15 149435
71592 11 5 149479
71594 11 9 191516
71596 11 3 191562
71598 11 22 226962
71600 11 23 226963
71602 11 1 226964
71604 11 2 226965
71606 11 3 226966
71608 11 5 226967
71610 11 9 226968
71612 11 10 226969
71616 11 14 226970
71622 11 15 226971
71626 11 19 226972
71630 11 21 226973
71634 11 22 226974
71636 11 23 226975
71638 11 1 226976
71640 11 2 226977
71642 11 3 226978
71644 11 5 226979
71646 11 9 226980
71648 11 10 226981
71650 11 14 226982
71652 11 15 226983
71654 11 19 226984
71656 11 21 226985
71658 11 22 226986
71660 11 23 226987
71662 11 1 226988
71664 11 2 226989
71666 11 3 226990
71668 11 5 226991
71670 11 9 226992
71672 11 10 226993
71674 11 14 226994
71676 11 15 226995
71678 11 19 226996
71680 11 21 226997
71682 11 22 226998
71684 11 23 226999
71686 11 1 227000
71688 11 2 227001
71690 11 3 227002
71692 11 5 227003
71694 11 9 227004
71696 11 10 227005
71698 11 14 227006
71700 11 15 227007
71702 11 19 227008
71704 11 21 227009
71706 11 22 227010
71708 11 23 227011
71710 11 1 227012
71712 11 2 227013
71714 11 3 227014
71716 11 5 227015
71718 11 9 227016
71720 11 10 227017
71722 11 14 227018
71724 11 15 227019
71726 11 19 227020
71728 11 21 227021
71730 11 22 227022
71732 11 23 227023
71734 11 1 227024
71736 11 2 227025
71738 11 3 227026
71740 11 5 227027
71742 11 9 227028
71744 11 10 227029
71746 11 14 227030
71748 11 15 227031
71750 11 19 227032
71752 11 21 227033
71754 11 22 227034
71756 11 23 227035
71758 11 1 227036
71760 11 2 227037
71762 11 3 227038
71764 11 5 227039
71766 11 9 227040
71768 11 10 227041
71770 11 14 227042
71772 11 15 227043
71774 11 19 227044
71776 11 21 227045
71778 11 22 227046
71784 11 5 267
71786 11 19 2992
71788 11 5 5663
71790 11 2 5913
71792 11 22 12838
73014 11 9 17568
73016 11 5 17543
73018 11 5 19263
73022 11 23 18803
73024 11 2 20805
73026 11 3 20806
73028 11 9 20808
73030 11 10 20809
73032 11 2 23297
73034 11 23 22791
73036 11 19 24884
73038 11 21 24885
73040 11 15 33507
73042 11 23 47559
73054 11 5 48635
73056 11 9 48636
73058 11 3 48646
73060 11 10 48637
73062 11 14 48638
73064 11 5 48647
73066 11 15 48639
73068 11 9 48648
73070 11 19 48640
73072 11 21 48641
73074 11 22 48642
73076 11 23 48643
73078 11 1 48644
73080 11 2 48645
73082 11 2 49309
73092 11 5 53395
73094 11 9 53396
73096 11 10 53397
73098 11 14 53398
73100 11 15 53399
73102 11 19 53400
73104 11 21 53401
73106 11 22 53402
73108 11 23 53403
73110 11 1 53404
73112 11 2 53405
73114 11 3 53406
73116 11 9 53408
73118 11 10 53409
73120 11 14 53410
73122 11 15 53411
73124 11 19 53412
73126 11 21 53413
73128 11 22 53414
73130 11 23 53415
73132 11 1 53416
73134 11 2 53417
73136 11 3 53418
73138 11 5 53419
73140 11 9 53420
73142 11 22 63522
73144 11 19 64976
73146 11 14 78914
73148 11 22 81878
74370 11 21 105237
74372 11 22 105238
74374 11 23 105239
74376 11 1 105240
74378 11 3 105242
74380 11 5 105243
74382 11 9 105244
74384 11 14 105246
74386 11 15 105247
74388 11 3 105314
74390 11 21 105249
74392 11 22 105250
74394 11 23 105251
74396 11 1 105252
74398 11 2 105253
74400 11 3 105254
74402 11 5 105255
74404 11 9 105256
74406 11 10 105257
74408 11 14 105258
74410 11 15 105259
74412 11 5 105315
74414 11 9 105316
74416 11 10 105317
74418 11 19 105260
74420 11 21 105261
74422 11 15 105319
74424 11 22 105262
74426 11 23 105263
74428 11 1 105264
74430 11 2 105265
74432 11 3 105266
74434 11 10 105269
74436 11 14 105270
74438 11 15 105271
74440 11 19 105272
74442 11 21 105273
74444 11 22 105274
74446 11 23 105275
74448 11 1 105276
74450 11 2 105277
74452 11 5 105267
74454 11 9 105268
74456 11 3 105278
74458 11 5 105279
74460 11 9 105280
74462 11 10 105281
74464 11 14 105282
74466 11 15 105283
74468 11 19 105284
74470 11 21 105285
74472 11 22 105286
74474 11 23 105287
74476 11 1 105288
74478 11 2 105289
74480 11 3 105290
74482 11 5 105291
74484 11 9 105292
74486 11 10 105293
74488 11 14 105294
74490 11 15 105295
74492 11 19 105296
74494 11 21 105297
74496 11 22 105298
74498 11 23 105299
74500 11 1 105300
74502 11 2 105301
74504 11 3 105302
74506 11 5 105303
74508 11 9 105304
74510 11 10 105305
74512 11 14 105306
74514 11 2 105241
74516 11 15 105307
74518 11 19 105308
74520 11 21 105309
74522 11 22 105310
74524 11 23 105311
74526 11 1 105312
74528 11 2 105313
74530 11 22 105542
74534 11 19 105840
74540 11 21 106793
74542 11 23 116059
74544 11 1 120384
74546 11 5 162287
74548 11 10 162289
74554 11 9 162288
74562 11 15 162291
74564 11 19 162292
74576 11 21 162293
74578 11 22 162294
74580 11 3 162418
74582 11 5 162419
74584 11 2 162561
74594 11 9 162624
74596 11 15 162699
74598 11 22 162702
74602 11 1 162704
74604 11 15 204819
74606 11 19 204820
74608 11 15 204831
74610 11 19 204832
74612 11 21 204833
74614 11 22 204834
74616 11 23 204835
74618 11 1 204836
74620 11 2 204837
74622 11 3 204838
74624 11 5 204839
74626 11 21 204845
74628 11 22 204846
74630 11 23 204847
74632 11 1 204848
74634 11 15 204855
74636 11 19 204856
74638 11 21 204857
74640 11 22 204858
74642 11 23 204859
74644 11 1 204860
74646 11 2 204861
74648 11 3 204862
74650 11 5 204863
74652 11 9 204864
74654 11 10 204865
74656 11 15 204867
74658 11 19 204868
74660 11 21 204869
74662 11 22 204870
74664 11 23 204871
74666 11 10 204877
74668 11 14 204878
74670 11 15 204879
74672 11 21 204881
74674 11 22 204882
74676 11 23 204883
74678 11 1 204884
74680 11 2 204885
74682 11 3 204886
74684 11 5 204887
74686 11 9 204888
74688 11 10 204889
74690 11 9 204900
74692 11 10 204901
74694 11 14 204902
74696 11 15 204903
74698 11 19 204904
74700 11 21 204905
74702 11 22 204906
74704 11 23 204907
74706 11 1 204908
74708 11 2 204909
74710 11 3 204910
74712 11 5 204911
74714 11 9 204912
74716 11 5 204923
74718 11 9 204924
74720 11 10 204925
74722 11 14 204926
74724 11 15 204927
74726 11 19 204928
74728 11 21 204929
74730 11 22 204930
74732 11 23 204931
74734 11 1 204932
74736 11 2 204933
74738 11 3 204934
74740 11 5 204935
74742 11 9 204936
74744 11 9 204948
74746 11 10 204949
74748 11 14 204950
74750 11 14 204962
74752 11 10 204973
74754 11 14 204974
74756 11 15 204975
74758 11 21 204977
74760 11 22 204978
74762 11 23 204979
74764 11 1 204980
74766 11 2 204981
74768 11 3 204982
74770 11 5 204983
74772 11 9 204996
74774 11 10 204997
74776 11 14 204998
74778 11 15 204999
74780 11 19 205000
74782 11 3 205006
74784 11 5 205007
74786 11 9 205008
74788 11 22 205014
74790 11 23 205015
74792 11 1 205016
74794 11 2 205017
74796 11 3 205018
74798 11 5 205019
74800 11 9 205032
74802 11 10 205033
74804 11 14 205034
74806 11 15 205035
74808 11 19 205036
74810 11 21 205037
74812 11 22 205038
74814 11 23 205039
74816 11 2 205041
74818 11 3 205042
74820 11 5 205043
74822 11 9 205044
74824 11 10 205045
74826 11 14 205046
74828 11 15 205047
74830 11 19 205048
74832 11 3 205054
74834 11 5 205055
74836 11 9 205056
74838 11 10 205057
74840 11 14 205058
74842 11 15 205059
74844 11 19 205060
74846 11 21 205061
74848 11 19 205072
74850 11 21 205073
74852 11 22 205074
74854 11 23 205075
74856 11 1 205076
74858 11 2 205077
74860 11 3 205078
74862 11 5 205079
74864 11 14 205082
74866 11 15 205083
74868 11 19 205084
74870 11 21 205085
74872 11 22 205086
74874 11 21 205097
74876 11 22 205098
74878 11 23 205099
74880 11 3 205102
74882 11 5 205103
74884 11 9 205104
74886 11 10 205105
74888 11 14 205106
74890 11 10 205117
74892 11 14 205118
74894 11 15 205119
74896 11 19 205120
74898 11 21 205121
74900 11 22 205122
74902 11 23 205123
74904 11 5 205139
74906 11 9 205140
74908 11 10 205141
74910 11 14 205142
74912 11 15 205143
74914 11 14 205154
74916 11 15 205155
74918 11 19 205156
74920 11 21 205157
74922 11 22 205158
74924 11 23 205159
74926 11 1 205160
74928 11 9 205176
74930 11 10 205177
74932 11 14 205178
74934 11 15 205179
74936 11 19 205180
74938 11 15 205191
74940 11 19 205192
74942 11 21 205193
74944 11 22 205194
74946 11 23 205195
74948 11 1 205196
74950 11 23 205207
74952 11 1 205208
74954 11 5 205211
74956 11 10 205213
74958 11 14 205214
74960 11 14 205226
74962 11 10 205237
74964 11 14 205238
74966 11 15 205239
74968 11 19 205240
74970 11 21 205241
74972 11 19 205252
74974 11 3 205258
74976 11 5 205259
74978 11 9 205260
74980 11 10 205261
74982 11 14 205262
74984 11 15 205263
74986 11 19 205264
74988 11 1 205280
74990 11 2 205281
74992 11 3 205282
74994 11 5 205283
74996 11 9 205284
74998 11 22 205290
75000 11 23 205291
75002 11 1 205292
75004 11 14 205298
75006 11 15 205299
75008 11 19 205300
75010 11 1 205316
75012 11 2 205317
75014 11 3 205318
75016 11 5 205319
75018 11 9 205320
75020 11 19 205336
75022 11 21 205337
75024 11 22 205338
75026 11 23 205339
75028 11 1 205340
75030 11 23 205351
75032 11 1 205352
75034 11 2 205353
75036 11 15 205359
75038 11 19 205360
75040 11 21 205361
75042 11 22 205362
75044 11 23 205363
75046 11 1 205364
75048 11 2 205365
75050 11 3 205366
75052 11 5 205367
75054 11 9 205368
75056 11 10 205369
75058 11 14 205370
75060 11 3 205378
75062 11 5 205379
75064 11 9 205380
75066 11 10 205381
75068 11 14 205382
75070 11 15 205383
75072 11 19 205384
75074 11 15 205407
75076 11 19 205408
75078 11 21 205409
75080 11 22 205410
75082 11 23 205411
75084 11 5 205427
75086 11 9 205428
75088 11 10 205429
75090 11 14 205430
75092 11 15 205431
75094 11 19 205432
75096 11 21 205433
75098 11 22 205434
75100 11 23 205435
75102 11 1 205436
75104 11 9 205452
75106 11 10 205453
75108 11 14 205454
75110 11 15 205455
75112 11 19 205456
75114 11 21 205457
75116 11 22 205458
75118 11 23 205459
75120 11 1 205460
75122 11 2 205461
75124 11 10 205477
75126 11 14 205478
75128 11 19 205528
75130 11 14 205526
75136 11 19 205540
75138 11 14 205538
75144 11 1 205544
75146 11 22 205542
75152 11 9 205548
75154 11 3 205546
75160 11 23 205579
75162 11 1 205580
75164 11 2 205581
75166 11 3 205582
75168 11 5 205583
75170 11 9 205584
75172 11 10 205585
75174 11 14 205586
75176 11 15 205587
75178 11 23 205735
75180 11 22 205818
75182 11 3 212882
75184 11 10 237693
75186 11 14 237694
75188 11 15 237695
75190 11 19 237696
75192 11 21 237697
75194 11 22 237698
75196 11 23 237699
75198 11 1 237700
75200 11 2 237701
75202 11 3 237702
75204 11 5 237703
75206 11 9 237704
75208 11 10 237705
75210 11 14 237706
75212 11 15 237707
75214 11 19 237708
75216 11 21 237709
75218 11 22 237710
75220 11 23 237711
75222 11 1 237712
75224 11 2 237713
75226 11 3 237714
75228 11 5 237715
75230 11 9 237716
75232 11 10 237717
75234 11 14 237718
75236 11 15 237719
75238 11 19 237720
75240 11 21 237721
75242 11 22 237722
75244 11 23 237723
75246 11 1 237724
75248 11 2 237725
75250 11 3 237726
75252 11 5 237727
75254 11 9 237728
75256 11 10 237729
75258 11 14 237730
75260 11 15 237731
75262 11 19 237732
75264 11 21 237733
75266 11 22 237734
75268 11 23 237735
75270 11 1 237736
75272 11 2 237737
75274 11 3 237738
75276 11 5 237739
75278 11 9 237740
75280 11 10 237741
75282 11 14 237742
75284 11 15 237743
75286 11 19 237744
75288 11 21 237745
75290 11 22 237746
75292 11 23 237747
75294 11 1 237748
75296 11 2 237749
75302 11 3 237750
75304 11 5 237751
75306 11 9 237752
75308 11 10 237753
75328 11 14 237754
75330 11 15 237755
75332 11 19 237756
75334 11 21 237757
75336 11 22 237758
75338 11 23 237759
75340 11 1 237760
75342 11 2 237761
75344 11 3 237762
75346 11 5 237763
75348 11 9 237764
75350 11 10 237765
75352 11 14 237766
75354 11 15 237767
75356 11 19 237768
75358 11 21 237769
75360 11 22 237770
75362 11 23 237771
75364 11 1 237772
75366 11 2 237773
75368 11 3 237774
75370 11 5 237775
75372 11 9 237776
75374 11 10 237777
75376 11 14 237778
75378 11 15 237779
75380 11 19 237780
75382 11 21 237781
75384 11 22 237782
75386 11 23 237783
75388 11 1 237784
75390 11 2 237785
75392 11 3 237786
75394 11 5 237787
75396 11 9 237788
75398 11 10 237789
75400 11 14 237790
75402 11 15 237791
75404 11 19 237792
75406 11 21 237793
75408 11 22 237794
75410 11 23 237795
75412 11 1 237796
75414 11 2 237797
75416 11 3 237798
75418 11 5 237799
75420 11 9 237800
75422 11 10 237801
75424 11 14 237802
75426 11 15 237803
75428 11 19 237804
75430 11 21 237805
75432 11 22 237806
75434 11 23 237807
75436 11 1 237808
75438 11 2 237809
75440 11 3 237810
75442 11 5 237811
75444 11 9 237812
75446 11 10 237813
75448 11 14 237814
75450 11 15 237815
75452 11 19 237816
75454 11 21 237817
75456 11 22 237818
75458 11 23 237819
75460 11 1 237820
75462 11 2 237821
75464 11 3 237822
75466 11 5 237823
75468 11 9 237824
75470 11 10 237825
75472 11 14 237826
75474 11 15 237827
75476 11 19 237828
75478 11 21 237829
75480 11 22 237830
75482 11 23 237831
75484 11 1 237832
75486 11 2 237833
75488 11 3 237834
75490 11 5 237835
75492 11 9 237836
75494 11 10 237837
75496 11 14 237838
75498 11 15 237839
75500 11 19 237840
75502 11 21 237841
75504 11 22 237842
75506 11 23 237843
75508 11 1 237844
75510 11 2 237845
75512 11 3 237846
75514 11 5 237847
75516 11 9 237848
75518 11 10 237849
75520 11 14 237850
75522 11 15 237851
75524 11 19 237852
75526 11 21 237853
75528 11 22 237854
75530 11 23 237855
75532 11 1 237856
75534 11 2 237857
75536 11 3 237858
75538 11 5 237859
75540 11 9 237860
75542 11 10 237861
75544 11 14 237862
75546 11 15 237863
75548 11 19 237864
75550 11 21 237865
75552 11 1 0
75556 11 3 722
75560 11 23 3251
75562 11 2 3133
75564 11 9 5328
75566 11 15 5283
75568 11 21 5357
75570 11 19 5560
75572 11 5 5867
75574 11 1 6032
75576 11 1 6396
75578 11 2 6145
75580 11 19 7704
75582 11 15 7835
75584 11 15 8343
75586 11 23 10659
75588 11 2 11685
75590 11 3 11686
75592 11 5 11687
75594 11 14 11990
75596 11 21 11645
75598 11 14 11654
75600 11 9 14144
75602 11 21 14957
75604 11 1 16248
75606 11 5 17119
75608 11 10 17193
75610 11 5 17639
75612 11 1 17984
75614 11 2 18685
75616 11 3 19914
75618 11 23 25367
75698 11 19 26028
75700 11 3 25722
75702 11 5 25723
75704 11 3 25734
75706 11 5 25735
75708 11 22 25766
75710 11 23 25767
75712 11 1 25768
75714 11 14 25774
75716 11 15 25787
75718 11 19 25788
75720 11 15 25799
75722 11 19 25800
75724 11 2 25805
75882 11 15 25859
75884 11 3 28586
75886 11 21 34993
75888 11 2 35949
75890 11 2 36429
75892 11 3 37034
75894 11 14 38626
75896 11 1 43716
75898 11 2 43717
75900 11 14 53758
75902 11 3 61246
75904 11 14 65650
75908 11 9 67200
75934 11 23 67531
75936 11 23 69871
75938 11 5 70355
75940 11 5 70391
75942 11 2 72341
75944 11 14 72734
75948 11 21 82781
75950 11 2 90341
75952 11 21 91565
75954 11 22 91566
75956 11 2 91569
75958 11 3 91570
75960 11 5 91571
75962 11 9 91572
75964 11 19 93176
75968 11 1 98132
75970 11 1 103892
75972 11 5 103907
75974 11 9 103908
75976 11 10 103909
75978 11 23 107191
75980 11 5 109631
75982 11 15 112731
75984 11 15 116127
75986 11 5 125615
76012 11 10 125617
76068 11 15 125847
76070 11 2 125949
76072 11 3 126146
76074 11 9 126172
76094 11 2 126265
76096 11 10 128569
76100 11 2 129385
76102 11 3 129650
76104 11 10 129053
76106 11 1 140260
76108 11 21 160689
76110 11 5 160831
76112 11 9 160832
76114 11 10 160833
76116 11 14 160834
76118 11 22 165390
76120 11 5 170479
76122 11 9 170480
76124 11 10 170481
76126 11 14 170482
76128 11 15 170483
76130 11 19 170484
76132 11 21 170485
76134 11 22 170486
76136 11 23 170487
76138 11 1 170488
76140 11 2 170489
76142 11 3 170490
76144 11 5 170491
76146 11 9 170492
76148 11 10 170493
76150 11 14 170494
76152 11 15 170495
76154 11 19 170496
76156 11 21 170497
76158 11 22 170498
76160 11 23 170499
76162 11 1 170500
76164 11 15 178035
76166 11 19 178036
76168 11 1 178040
76170 11 5 178043
76172 11 10 178045
76174 11 14 178046
76176 11 19 178048
76178 11 21 178049
76180 11 1 178052
76182 11 2 178053
76184 11 9 178056
76186 11 10 178057
76202 11 19 178316
76204 11 3 178526
76206 11 5 178527
76208 11 9 178528
76210 11 10 178529
76212 11 14 178530
76214 11 15 178531
76216 11 5 178635
76226 11 9 178636
76236 11 10 178637
76238 11 19 178676
76242 11 14 178638
76244 11 10 178649
76246 11 2 178657
76250 11 21 178641
76252 11 23 178643
76254 11 15 178651
76256 11 10 178661
76258 11 14 178662
76260 11 15 178663
76262 11 9 178672
76264 11 22 178678
76268 11 15 178639
76274 11 23 178667
76276 11 2 178669
76284 11 19 178640
76286 11 22 178642
76288 11 1 178644
76290 11 3 178646
76292 11 5 178647
76294 11 9 178648
76296 11 5 178659
76306 11 10 178673
76308 11 14 178674
76310 11 2 178681
76334 11 1 178680
76346 11 14 178650
76348 11 22 178654
76356 11 3 178670
76362 11 15 178675
76364 11 21 178677
76366 11 23 178679
76452 11 19 178724
76456 11 15 179047
76458 11 19 179048
76460 11 9 179056
76472 11 22 179074
76484 11 19 179268
76486 11 21 179269
76488 11 22 179270
76490 11 1 179476
76502 11 21 206649
76504 11 1 206652
76506 11 3 206666
76508 11 5 206667
76510 11 9 206668
76512 11 10 206669
76514 11 14 206670
76516 11 15 206671
76518 11 19 206672
76520 11 21 206673
76522 11 22 206674
76524 11 23 206675
76526 11 1 206676
76528 11 2 206677
76530 11 3 206678
76532 11 5 206679
76534 11 9 206680
76536 11 14 206682
76538 11 19 206684
76540 11 21 206685
76542 11 22 206686
76544 11 23 206687
76546 11 1 206688
76548 11 2 206689
76550 11 3 206690
76552 11 5 206691
76554 11 9 206692
76556 11 5 206787
76560 11 10 206693
76562 11 14 206694
76564 11 19 206696
76566 11 21 206697
76568 11 22 206698
76570 11 23 206699
76572 11 1 206700
76574 11 2 206701
76576 11 3 206702
76578 11 5 206703
76580 11 9 206704
76582 11 10 206705
76584 11 23 206723
76586 11 1 206724
76588 11 2 206725
76590 11 3 206726
76592 11 5 206727
76596 11 10 206729
76598 11 5 206751
76600 11 9 218076
76602 11 10 218077
76604 11 14 218078
76606 11 15 218079
76608 11 19 218080
76616 11 3 218138
76618 11 10 218201
76620 11 19 218204
76622 11 23 218207
76624 11 1 218208
76626 11 23 218363
76628 11 9 218572
76630 11 10 218573
76632 11 14 218574
76634 11 15 218575
76636 11 5 218571
76670 11 22 218578
76672 11 23 218579
76674 11 1 218580
76676 11 3 218582
76682 11 2 218581
76712 11 14 218586
76714 11 21 218589
76716 11 10 218609
76718 11 15 218587
76720 11 19 218588
76724 11 9 218596
76728 11 14 218598
76732 11 22 218590
76734 11 5 218595
76738 11 23 218603
76740 11 2 218617
76742 11 3 218594
76744 11 1 218592
76746 11 5 218607
76748 11 2 218593
76752 11 15 218599
76754 11 9 218584
76760 11 23 218591
76762 11 10 218597
76764 11 19 218600
76766 11 21 218601
76768 11 3 218606
76780 11 15 218611
76784 11 22 218602
76786 11 2 218605
76806 11 2 218821
76808 11 10 218825
76810 11 1 218820
76812 11 3 218822
76820 11 5 218823
76828 11 9 218824
76842 11 5 218835
76844 11 5 218859
76846 11 15 219091
76848 11 14 219090
76850 11 19 219092
76854 11 2 219097
76856 11 9 219100
76858 11 1 219096
76860 11 5 219099
76862 11 3 219098
76870 11 22 219106
76872 11 21 219105
76874 11 23 219107
76878 11 1 219108
76882 11 9 219112
76884 11 14 219114
76886 11 10 219113
76888 11 15 219115
76892 11 19 219116
76896 11 22 219118
76898 11 21 219117
76900 11 23 219119
76904 11 1 219120
76908 11 2 219121
76912 11 19 219128
76914 11 15 219127
76916 11 3 219138
76918 11 5 219139
76920 11 22 238502
76922 11 23 238503
76924 11 1 238504
76926 11 5 249015
76928 11 9 249016
76930 11 10 249017
76932 11 14 249018
76934 11 15 249019
76936 11 19 249020
76938 11 21 249021
76940 11 22 249022
76942 11 23 249023
76944 11 1 249024
76946 11 2 249025
76948 11 3 249026
76950 11 5 249027
76952 11 9 249028
76954 11 10 249029
76956 11 14 249030
76958 11 15 249031
76960 11 19 249032
76962 11 21 249033
76964 11 22 249034
76966 11 23 249035
76968 11 1 249036
76970 11 2 249037
76974 11 3 249038
76976 11 5 249039
76978 11 9 249040
76980 11 10 249041
76984 11 14 249042
76986 11 15 249043
76988 11 19 249044
76990 11 21 249045
76992 11 22 249046
76994 11 23 249047
76996 11 1 249048
76998 11 2 249049
77000 11 3 249050
77002 11 5 249051
77004 11 9 249052
77006 11 10 249053
77008 11 14 249054
77010 11 15 249055
77012 11 19 249056
77014 11 21 249057
77016 11 22 249058
77018 11 23 249059
77020 11 1 249060
77022 11 2 249061
77024 11 3 249062
77026 11 5 249063
77028 11 9 249064
77030 11 10 249065
77032 11 14 249066
77036 11 15 249067
77048 11 19 249068
77050 11 21 249069
77052 11 22 249070
77056 11 23 249071
77058 11 1 249072
77060 11 2 249073
77066 11 3 249074
77068 11 5 249075
77070 11 9 249076
77072 11 10 249077
77076 11 14 249078
77078 11 15 249079
77082 11 19 249080
77090 11 21 249081
77092 11 22 249082
77094 11 23 249083
77096 11 1 249084
77098 11 2 249085
77100 11 3 249086
77102 11 5 249087
77104 11 9 249088
77106 11 10 249089
77108 11 14 249090
77110 11 15 249091
77112 11 19 249092
77114 11 21 249093
77116 11 22 249094
77118 11 23 249095
77120 11 1 249096
77122 11 2 249097
77124 11 3 249098
77126 11 5 249099
77128 11 9 249100
77130 11 10 249101
77132 11 14 249102
77134 11 15 249103
77136 11 19 249104
77138 11 21 249105
77140 11 22 249106
77142 11 23 249107
77144 11 1 249108
77146 11 2 249109
77148 11 3 249110
77150 11 5 249111
77152 11 9 249112
77154 11 10 249113
77156 11 14 249114
77158 11 15 249115
77160 11 19 249116
77162 11 21 249117
77164 11 22 249118
77166 11 23 249119
77168 11 1 249120
77170 11 2 249121
77172 11 3 249122
77174 11 5 249123
77176 11 9 249124
77178 11 10 249125
77180 11 14 249126
77182 11 15 249127
77184 11 19 249128
77186 11 21 249129
77188 11 22 249130
77190 11 23 249131
77192 11 1 249132
77194 11 2 249133
77196 11 3 249134
77198 11 5 249135
77200 11 9 249136
77202 11 10 249137
77204 11 14 249138
77206 11 15 249139
77208 11 19 249140
77210 11 21 249141
77212 11 22 249142
77214 11 23 249143
77216 11 1 249144
77218 11 2 249145
77220 11 3 249146
77222 11 5 249147
77224 11 9 249148
77226 11 10 249149
77228 11 14 249150
77230 11 15 249151
77232 11 19 249152
77234 11 21 249153
77236 11 22 249154
77238 11 23 249155
77244 11 1 249156
77246 11 2 249157
77248 11 3 249158
77258 11 5 249159
77260 11 9 249160
77262 11 10 249161
77264 11 14 249162
77272 11 15 249163
77274 11 19 249164
77276 11 21 249165
77280 11 22 249166
77282 11 23 249167
77284 11 1 249168
77286 11 2 249169
77288 11 3 249170
77290 11 5 249171
77292 11 9 249172
77294 11 10 249173
77296 11 14 249174
77298 11 15 249175
77300 11 19 249176
77302 11 21 249177
77304 11 22 249178
77310 11 23 249179
77312 11 1 249180
77314 11 2 249181
77316 11 3 249182
77318 11 5 249183
77328 11 9 249184
77330 11 10 249185
77332 11 14 249186
77334 11 15 249187
77336 11 19 249188
77338 11 21 249189
77342 11 22 249190
77344 11 23 249191
77346 11 1 249192
77348 11 2 249193
77350 11 3 249194
77352 11 5 249195
77354 11 9 249196
77356 11 10 249197
77358 11 22 58
77360 11 9 64
77362 11 21 189
77364 11 3 206
77366 11 5 207
77368 11 23 863
77370 11 19 920
77372 11 5 927
77374 11 1 0
77376 11 15 55
77378 11 22 1018
77386 11 3 1542
77388 11 9 1856
77390 11 1 3684
77392 11 14 3810
77394 11 15 3811
77396 11 2 12129
78542 11 14 12402
78556 11 10 12965
78558 11 10 13157
78560 11 23 13599
78562 11 1 13600
78564 11 2 17297
78566 11 21 19885
78568 11 2 20321
78570 11 3 22382
78572 11 5 23263
78574 11 22 23258
78576 11 15 32075
78578 11 9 39048
78580 11 19 39052
78582 11 14 61818
78584 11 14 72214
78586 11 21 93069
78592 11 9 93248
78594 11 3 93642
78596 11 5 93643
78598 11 1 106312
78600 11 2 106313
78602 11 3 106314
78604 11 5 106315
78606 11 9 106316
78608 11 10 106317
78610 11 14 106318
78612 11 15 106319
78614 11 19 106320
78616 11 21 106321
78618 11 22 106322
78620 11 23 106323
78622 11 1 106324
78624 11 2 106325
78626 11 3 106326
78628 11 5 106327
78630 11 9 106328
78632 11 10 106329
78634 11 14 106330
78636 11 15 106331
78638 11 19 106332
78640 11 21 106333
78642 11 22 106334
78644 11 23 106335
78646 11 1 106336
78648 11 2 106337
78650 11 3 106338
78652 11 5 106339
78654 11 9 106340
78656 11 10 106341
78658 11 14 106342
78660 11 15 106343
78662 11 19 106344
78664 11 21 106345
78666 11 22 106346
78668 11 23 106347
78670 11 1 106348
78672 11 2 106349
78674 11 3 106350
78676 11 5 106351
78678 11 9 106352
78680 11 10 106353
78682 11 14 106354
78684 11 15 106355
78686 11 19 106356
78688 11 21 106357
78690 11 22 106358
78692 11 23 106359
78694 11 1 106360
78696 11 2 106361
78698 11 3 106362
78700 11 5 106363
78702 11 9 106364
78704 11 10 106365
78706 11 14 106366
78708 11 15 106367
78710 11 19 106368
78712 11 21 106369
78714 11 22 106370
78716 11 23 106371
78718 11 1 106372
78720 11 2 106373
78722 11 3 106374
78724 11 5 106375
78726 11 9 106376
78728 11 10 106377
78730 11 14 106378
78732 11 15 106379
78734 11 19 106380
78736 11 21 106381
78738 11 22 106382
78740 11 23 106383
78742 11 1 106384
78744 11 2 106385
78746 11 3 106386
78748 11 5 106387
78750 11 9 106388
78752 11 10 106389
78754 11 14 106390
78756 11 15 106391
78758 11 19 106392
78760 11 21 106393
78762 11 22 106394
78764 11 23 106395
78766 11 1 106396
78768 11 2 106397
78770 11 3 106398
78772 11 5 106399
78774 11 9 106400
78776 11 10 106401
78778 11 14 106402
78780 11 15 106403
78782 11 19 106404
78784 11 21 106405
78786 11 22 106406
78788 11 23 106407
78790 11 1 106408
78792 11 2 106409
78794 11 3 106410
78796 11 5 106411
78798 11 9 106412
78800 11 10 106413
78802 11 14 106414
78804 11 15 106415
78806 11 19 106416
78808 11 21 106417
78810 11 22 106418
78812 11 23 106419
78814 11 1 106420
78816 11 9 151240
78818 11 10 151241
79160 11 1 151500
79174 11 22 151778
79180 11 5 152699
79182 11 5 155587
79184 11 14 155590
81130 11 19 193592
81132 11 15 193783
81224 11 19 193784
81308 11 21 193785
81368 11 22 193786
81380 11 23 193787
81408 11 1 193788
81416 11 2 193789
81468 11 3 193790
81474 11 21 193965
81488 11 9 194068
81494 11 9 194080
81496 11 15 194191
81498 11 23 194459
81500 11 1 194460
81502 11 1 194472
81504 11 21 194469
81506 11 9 194464
81508 11 10 194465
81510 11 14 194466
81512 11 15 194467
81514 11 19 194468
81518 11 22 194470
81520 11 23 194471
81524 11 2 194473
81526 11 3 194474
81528 11 5 194475
81530 11 9 194476
81532 11 10 194477
81534 11 14 194478
81536 11 15 194479
81538 11 19 194480
81540 11 21 194481
81542 11 22 194482
81562 11 22 197506
81564 11 1 197668
81566 11 2 197669
81568 11 3 197670
81570 11 5 197671
81572 11 21 197689
81574 11 22 197690
81580 11 23 197691
81586 11 1 198328
81588 11 2 198329
81700 11 3 198330
81760 11 5 198331
81776 11 9 198332
81860 11 10 198333
81876 11 14 198334
81996 11 15 198335
82016 11 19 198336
82032 11 21 198337
82172 11 22 198338
82220 11 1 198340
82316 11 2 198341
82324 11 3 198342
82416 11 5 198343
82428 11 9 198344
82436 11 14 198346
82544 11 15 198347
82576 11 19 198348
82588 11 21 198349
82632 11 22 198350
82764 11 23 198351
82808 11 1 198352
82828 11 2 198353
82864 11 3 198354
83020 11 5 198355
83208 11 9 198356
83244 11 10 198357
83264 11 14 198358
83460 11 15 198359
83468 11 19 198360
83472 11 21 198361
83520 11 22 198362
83534 11 5 207595
83536 11 22 229178
83538 11 23 229179
83540 11 1 229180
83542 11 2 229181
83544 11 3 229182
83546 11 5 229183
83548 11 9 229184
83550 11 10 229185
83552 11 14 229186
83554 11 15 229187
83556 11 19 229188
83558 11 21 229189
83560 11 22 229190
83562 11 23 229191
83564 11 1 229192
83566 11 2 229193
83568 11 3 229194
83570 11 5 229195
83572 11 9 229196
83574 11 10 229197
83576 11 14 229198
83578 11 15 229199
83580 11 19 229200
83582 11 21 229201
83584 11 22 229202
83586 11 23 229203
83588 11 1 229204
83590 11 2 229205
83592 11 3 229206
83594 11 5 229207
83596 11 9 229208
83598 11 10 229209
83600 11 14 229210
83602 11 15 229211
83604 11 19 229212
83606 11 21 229213
83608 11 22 229214
83610 11 23 229215
83612 11 1 229216
83614 11 2 229217
83616 11 3 229218
83618 11 5 229219
83620 11 9 229220
83622 11 10 229221
83624 11 14 229222
83626 11 15 229223
83628 11 19 229224
83630 11 21 229225
83632 11 22 229226
83634 11 23 229227
83636 11 1 229228
83638 11 2 229229
83640 11 3 229230
83642 11 5 229231
83644 11 9 229232
83646 11 10 229233
83648 11 14 229234
83650 11 15 229235
83652 11 19 229236
83654 11 21 229237
83656 11 22 229238
83658 11 23 229239
83660 11 1 229240
83662 11 2 229241
83664 11 3 229242
83666 11 5 229243
83668 11 9 229244
83670 11 10 229245
83672 11 14 229246
83674 11 15 229247
83676 11 19 229248
83678 11 21 229249
83680 11 22 229250
83682 11 23 229251
83684 11 1 229252
83686 11 2 229253
83688 11 3 229254
83690 11 5 229255
83692 11 9 229256
83694 11 10 229257
83696 11 14 229258
83698 11 15 229259
83700 11 19 229260
83702 11 21 229261
83704 11 22 229262
83706 11 23 229263
83708 11 2 230301
83710 11 3 230302
83712 11 5 230303
83714 11 9 230304
83716 11 10 230305
83718 11 14 230306
83720 11 15 230307
83722 11 19 230308
83724 11 21 230309
83726 11 22 230310
83728 11 23 230311
83730 11 1 230312
83732 11 2 230313
83734 11 3 230314
83736 11 5 230315
83738 11 9 230316
83740 11 10 230317
83742 11 14 230318
83744 11 15 230319
83746 11 19 230320
83748 11 21 230321
83750 11 22 230322
83752 11 23 230323
83754 11 1 230324
83756 11 2 230325
83758 11 3 230326
83760 11 5 230327
83762 11 9 230328
83764 11 10 230329
83766 11 14 230330
83768 11 15 230331
83770 11 19 230332
83772 11 21 230333
83774 11 22 230334
83776 11 23 230335
83778 11 1 230336
83780 11 2 230337
83782 11 3 230338
83784 11 5 230339
83786 11 9 230340
83788 11 10 230341
83790 11 14 230342
83792 11 15 230343
83794 11 19 230344
83796 11 21 230345
83798 11 22 230346
83800 11 23 230347
83802 11 1 230348
83804 11 2 230349
83806 11 3 230350
83808 11 5 230351
83810 11 9 230352
83812 11 10 230353
83814 11 14 230354
83816 11 15 230355
83818 11 19 230356
83820 11 21 230357
83822 11 22 230358
83824 11 23 230359
83826 11 1 230360
83828 11 2 230361
83830 11 3 230362
83832 11 5 230363
83834 11 9 230364
83836 11 10 230365
83838 11 14 230366
83840 11 15 230367
83842 11 19 230368
83844 11 21 230369
83846 11 22 230370
83848 11 23 230371
83850 11 1 230372
83852 11 2 230373
83854 11 3 230374
83856 11 5 230375
83858 11 9 230376
83860 11 10 230377
83862 11 14 230378
83864 11 15 230379
83866 11 19 230380
83868 11 21 230381
83870 11 22 230382
83872 11 23 230383
83874 11 1 230384
83876 11 2 230385
83878 11 3 230386
83880 11 22 231298
83882 11 23 231299
83884 11 1 231300
83886 11 2 231301
83888 11 3 231302
83890 11 5 231303
83892 11 9 231304
83894 11 10 231305
83896 11 14 231306
83898 11 15 231307
83900 11 19 231308
83902 11 21 231309
83904 11 22 231310
83906 11 23 231311
83908 11 1 231312
83910 11 2 231313
83912 11 3 231314
83914 11 5 231315
83916 11 9 231316
83918 11 10 231317
83920 11 14 231318
83922 11 15 231319
83924 11 19 231320
83926 11 21 231321
83928 11 22 231322
83930 11 23 231323
83932 11 1 231324
83934 11 2 231325
83936 11 3 231326
83938 11 5 231327
83940 11 9 231328
83942 11 10 231329
83944 11 14 231330
83946 11 15 231331
83948 11 19 231332
83950 11 21 231333
83952 11 22 231334
83954 11 23 231335
83956 11 1 231336
83958 11 2 231337
83960 11 3 231338
83962 11 5 231339
83964 11 9 231340
83966 11 10 231341
83968 11 14 231342
83970 11 15 231343
83972 11 19 231344
83974 11 21 231345
83976 11 22 231346
83978 11 23 231347
83980 11 1 231348
83982 11 2 231349
83984 11 3 231350
83986 11 5 231351
83988 11 9 231352
83990 11 10 231353
83992 11 14 231354
83994 11 15 231355
83996 11 19 231356
83998 11 21 231357
84000 11 22 231358
84002 11 23 231359
84004 11 1 231360
84006 11 2 231361
84008 11 3 231362
84010 11 5 231363
84012 11 9 231364
84014 11 10 231365
84016 11 14 231366
84018 11 15 231367
84020 11 19 231368
84022 11 21 231369
84024 11 22 231370
84026 11 23 231371
84028 11 1 231372
84030 11 2 231373
84032 11 3 231374
84034 11 5 231375
84036 11 9 231376
84038 11 10 231377
84040 11 14 231378
84042 11 15 231379
84044 11 19 231380
84046 11 21 231381
84048 11 22 231382
84050 11 23 231383
84052 11 1 231384
84054 11 2 231385
84056 11 3 231386
84058 11 5 231387
84060 11 9 231388
84062 11 10 231389
84064 11 14 231390
84066 11 15 231391
84068 11 19 231392
84070 11 21 231393
84072 11 22 231394
84074 11 23 231395
84076 11 1 231396
84078 11 2 231397
84080 11 3 231398
84082 11 5 231399
84084 11 9 231400
84086 11 10 231401
84088 11 14 231402
84090 11 15 231403
84092 11 19 231404
84094 11 21 231405
84096 11 22 231406
84098 11 23 231407
84100 11 1 231408
84102 11 2 231409
84104 11 3 231410
84106 11 5 231411
84108 11 9 231412
84110 11 10 231413
84112 11 14 231414
84114 11 15 231415
84116 11 19 231416
84118 11 21 231417
84120 11 22 231418
84122 11 23 231419
84124 11 1 231420
84126 11 2 231421
84128 11 3 231422
84130 11 5 231423
89676 11 1 231424
89678 11 2 231425
89680 11 3 231426
89682 11 5 231427
89684 11 9 231428
89686 11 10 231429
89688 11 14 231430
89690 11 15 231431
89692 11 19 231432
89694 11 21 231433
89696 11 22 231434
89698 11 23 231435
89700 11 1 231436
89702 11 2 231437
89704 11 3 231438
89706 11 5 231439
89708 11 9 231440
89710 11 10 231441
89712 11 14 231442
89714 11 15 231443
89716 11 19 231444
89718 11 21 231445
89720 11 22 231446
90734 11 23 231447
90736 11 1 231448
90738 11 2 231449
90740 11 3 231450
90742 11 5 231451
90744 11 9 231452
90746 11 10 231453
90748 11 14 231454
90750 11 15 231455
90752 11 19 231456
90754 11 21 231457
90756 11 22 231458
90758 11 23 231459
90760 11 1 231460
90762 11 2 231461
90764 11 3 231462
90766 11 5 231463
90768 11 9 231464
90770 11 10 231465
90772 11 14 231466
90774 11 15 231467
91616 11 19 231468
91618 11 21 231469
91620 11 22 231470
91622 11 23 231471
91624 11 1 231472
91626 11 2 231473
91628 11 3 231474
91630 11 5 231475
91632 11 9 231476
91634 11 10 231477
91636 11 14 231478
91638 11 15 231479
91640 11 19 231480
91642 11 21 231481
91644 11 22 231482
92066 11 23 231483
92068 11 1 231484
92070 11 2 231485
92084 11 3 231486
92086 11 5 231487
92088 11 9 231488
92090 11 10 231489
92092 11 14 231490
92094 11 15 231491
92096 11 19 231492
92182 11 21 231493
92184 11 22 231494
92190 11 23 231495
92192 11 1 231496
92194 11 2 231497
92196 11 3 231498
92198 11 5 231499
92200 11 9 231500
92202 11 10 231501
92204 11 14 231502
92206 11 15 231503
92208 11 19 231504
92210 11 21 231505
92212 11 22 231506
92214 11 23 231507
92528 11 1 231508
92530 11 2 231509
92536 11 19 231564
92538 11 21 231565
92540 11 22 231566
92542 11 23 231567
92544 11 1 231568
92546 11 2 231569
92548 11 3 231570
92550 11 14 231574
92554 11 15 231623
92556 11 14 231658
92558 11 9 231668
92560 11 22 231662
92562 11 23 231663
92570 11 14 231670
92572 11 5 231667
92574 11 21 231673
92576 11 2 231677
92578 11 2 231665
92580 11 1 231676
92584 11 3 231666
92586 11 1 231664
92592 11 10 231669
92594 11 19 231672
92598 11 5 231679
92632 11 22 231674
92642 11 19 231684
92644 11 15 231779
92646 11 19 231780
92648 11 22 231782
92652 11 21 231781
92658 11 9 231824
92660 11 21 231961
92662 11 22 231962
92664 11 23 231963
92666 11 1 231964
92668 11 2 231965
92670 11 3 231966
92672 11 5 231967
92674 11 9 231968
92676 11 10 231969
92678 11 14 231970
92680 11 15 231971
92682 11 19 231972
92684 11 21 231973
92686 11 22 231974
92688 11 23 231975
92690 11 1 231976
92692 11 2 231977
92694 11 3 231978
92696 11 5 231979
92698 11 9 231980
92700 11 10 231981
92702 11 14 231982
92704 11 15 231983
92706 11 19 231984
92708 11 21 231985
92710 11 22 231986
92712 11 23 231987
92714 11 1 231988
94228 11 2 231989
94230 11 3 231990
94232 11 5 231991
94234 11 9 231992
94236 11 10 231993
94238 11 14 231994
94240 11 15 231995
94242 11 19 231996
94244 11 21 231997
94246 11 22 231998
94248 11 23 231999
94250 11 1 232000
94252 11 2 232001
94254 11 3 232002
94256 11 5 232003
94678 11 9 232004
94680 11 10 232005
94682 11 14 232006
94684 11 15 232007
94710 11 19 232008
94712 11 21 232009
94714 11 22 232010
94716 11 23 232011
94718 11 1 232012
94720 11 2 232013
94722 11 3 232014
94724 11 5 232015
94726 11 9 232016
94728 11 10 232017
94730 11 14 232018
94732 11 15 232019
94734 11 19 232020
94736 11 21 232021
94738 11 22 232022
94740 11 23 232023
94742 11 1 232024
94744 11 2 232025
94746 11 3 232026
94748 11 5 232027
94750 11 9 232028
95592 11 10 232029
95594 11 14 232030
95596 11 15 232031
95598 11 19 232032
95624 11 21 232033
95626 11 22 232034
95628 11 23 232035
95630 11 1 232036
95632 11 2 232037
95634 11 3 232038
95636 11 5 232039
95638 11 9 232040
95640 11 10 232041
95642 11 14 232042
95644 11 15 232043
95646 11 19 232044
95648 11 21 232045
95650 11 22 232046
95652 11 23 232047
95654 11 1 232048
95656 11 2 232049
95658 11 3 232050
95660 11 5 232051
95662 11 9 232052
95664 11 10 232053
95666 11 14 232054
95668 11 15 232055
95670 11 19 232056
95672 11 21 232057
95674 11 22 232058
95676 11 23 232059
95678 11 1 232060
95680 11 2 232061
95682 11 3 232062
97424 11 5 232063
97426 11 9 232064
97428 11 10 232065
97430 11 14 232066
97432 11 15 232067
97474 11 19 232068
97476 11 21 232069
97478 11 22 232070
97480 11 23 232071
97506 11 1 232072
97508 11 2 232073
97510 11 3 232074
97512 11 5 232075
97514 11 9 232076
97516 11 10 232077
97518 11 14 232078
97520 11 15 232079
97522 11 19 232080
97524 11 21 232081
97526 11 22 232082
97528 11 23 232083
97530 11 1 232084
97532 11 2 232085
97534 11 3 232086
97536 11 5 232087
97538 11 9 232088
97540 11 10 232089
97542 11 14 232090
97544 11 15 232091
97546 11 19 232092
97548 11 21 232093
97550 11 22 232094
97552 11 23 232095
97554 11 1 232096
97556 11 2 232097
97558 11 3 232098
97560 11 5 232099
97562 11 9 232100
97564 11 10 232101
97566 11 14 232102
97568 11 15 232103
97570 11 19 232104
97572 11 21 232105
97574 11 22 232106
99956 11 23 232107
99958 11 1 232108
99960 11 2 232109
99962 11 3 232110
99964 11 5 232111
99966 11 9 232112
99968 11 10 232113
99970 11 14 232114
99972 11 15 232115
99974 11 19 232116
99976 11 21 232117
99978 11 22 232118
100244 11 23 232119
100246 11 1 232120
100248 11 2 232121
100250 11 3 232122
100252 11 5 232123
100254 11 9 232124
100256 11 10 232125
100258 11 14 232126
100260 11 15 232127
100262 11 19 232128
100264 11 21 232129
100266 11 22 232130
100268 11 23 232131
100270 11 1 232132
100272 11 2 232133
100274 11 3 232134
100276 11 5 232135
100278 11 9 232136
100280 11 10 232137
100282 11 14 232138
100284 11 15 232139
100286 11 19 232140
100288 11 21 232141
100290 11 22 232142
101396 11 23 232143
101398 11 1 232144
101404 11 2 232145
101406 11 3 232146
101408 11 5 232147
101410 11 9 232148
101412 11 10 232149
101414 11 14 232150
101416 11 15 232151
101418 11 19 232152
101420 11 21 232153
101422 11 22 232154
101424 11 23 232155
101426 11 1 232156
101428 11 2 232157
101430 11 3 232158
101432 11 5 232159
101434 11 9 232160
101436 11 10 232161
101438 11 14 232162
101440 11 15 232163
101442 11 19 232164
101444 11 21 232165
101446 11 22 232166
101448 11 23 232167
102462 11 1 232168
102464 11 2 232169
102466 11 3 232170
102480 11 5 232171
102482 11 9 232172
102488 11 10 232173
102490 11 14 232174
102492 11 15 232175
102494 11 19 232176
102496 11 21 232177
102498 11 22 232178
102500 11 23 232179
102502 11 1 232180
102504 11 2 232181
102506 11 3 232182
102508 11 5 232183
102510 11 9 232184
102512 11 10 232185
102514 11 14 232186
102516 11 15 232187
102518 11 19 232188
102520 11 21 232189
102522 11 22 232190
102524 11 23 232191
102526 11 1 232192
102528 11 2 232193
102530 11 3 232194
102532 11 5 232195
102534 11 9 232196
102536 11 10 232197
102538 11 14 232198
102540 11 15 232199
103946 11 19 232200
103948 11 21 232201
103950 11 22 232202
103952 11 23 232203
103954 11 1 232204
103956 11 2 232205
103958 11 3 232206
103960 11 5 232207
104074 11 9 232208
104076 11 10 232209
104078 11 14 232210
104092 11 15 232211
104094 11 19 232212
104096 11 21 232213
104098 11 22 232214
104100 11 23 232215
104102 11 1 232216
104104 11 2 232217
104106 11 3 232218
104108 11 5 232219
104110 11 9 232220
104112 11 10 232221
104334 11 14 232222
104336 11 15 232223
104338 11 19 232224
104340 11 21 232225
104342 11 22 232226
104344 11 23 232227
104346 11 1 232228
104348 11 2 232229
104350 11 3 232230
104352 11 5 232231
104354 11 9 232232
104356 11 10 232233
104358 11 14 232234
104360 11 15 232235
104362 11 19 232236
104364 11 21 232237
104366 11 22 232238
104368 11 23 232239
104370 11 1 232240
104372 11 2 232241
104374 11 3 232242
104376 11 5 232243
104378 11 9 232244
104380 11 10 232245
104382 11 14 232246
104384 11 15 232247
104386 11 19 232248
104388 11 21 232249
104390 11 22 232250
104392 11 23 232251
104394 11 1 232252
104396 11 2 232253
104398 11 3 232254
106512 11 5 232255
106514 11 9 232256
106516 11 10 232257
106518 11 14 232258
106520 11 15 232259
106522 11 19 232260
106524 11 21 232261
106526 11 22 232262
106528 11 23 232263
106530 11 1 232264
106532 11 2 232265
106754 11 3 232266
106756 11 5 232267
106758 11 9 232268
106760 11 10 232269
106762 11 14 232270
106804 11 15 232271
106806 11 19 232272
106808 11 21 232273
106810 11 22 232274
106812 11 23 232275
106814 11 1 232276
106816 11 2 232277
106818 11 3 232278
106820 11 5 232279
106966 11 9 232280
106968 11 10 232281
106970 11 14 232282
106972 11 15 232283
106974 11 19 232284
106976 11 21 232285
106978 11 22 232286
106980 11 23 232287
106982 11 1 232288
106984 11 2 232289
106986 11 3 232290
106988 11 5 232291
106990 11 9 232292
106992 11 10 232293
106994 11 14 232294
106996 11 15 232295
106998 11 19 232296
107000 11 21 232297
107002 11 22 232298
107004 11 23 232299
107006 11 1 232300
107008 11 2 232301
107010 11 3 232302
107012 11 5 232303
107014 11 9 232304
107016 11 10 232305
107018 11 14 232306
107020 11 15 232307
107022 11 19 232308
107024 11 21 232309
107026 11 22 232310
107028 11 23 232311
107030 11 1 232312
107032 11 2 232313
107034 11 3 232314
107036 11 5 232315
107038 11 9 232316
107040 11 10 232317
107042 11 14 232318
110008 11 15 232319
110010 11 19 232320
110012 11 21 232321
110014 11 22 232322
110016 11 23 232323
110018 11 1 232324
110020 11 2 232325
110022 11 3 232326
110024 11 5 232327
110026 11 9 232328
110028 11 10 232329
110030 11 14 232330
110032 11 15 232331
110034 11 19 232332
110036 11 21 232333
110038 11 22 232334
110040 11 23 232335
110042 11 1 232336
110044 11 2 232337
110046 11 3 232338
110048 11 5 232339
110050 11 9 232340
110052 11 10 232341
110054 11 14 232342
110056 11 15 232343
110058 11 19 232344
110060 11 21 232345
110062 11 22 232346
110064 11 23 232347
110066 11 1 232348
110068 11 2 232349
110070 11 3 232350
110072 11 5 232351
110074 11 9 232352
110076 11 10 232353
110078 11 14 232354
110080 11 15 232355
110082 11 19 232356
110084 11 21 232357
110086 11 22 232358
110088 11 23 232359
110090 11 1 232360
110092 11 2 232361
110094 11 3 232362
110096 11 5 232363
110098 11 9 232364
110100 11 10 232365
114426 11 14 232366
114428 11 15 232367
114430 11 19 232368
114432 11 21 232369
114434 11 22 232370
114436 11 23 232371
114438 11 1 232372
114440 11 2 232373
114442 11 3 232374
114588 11 5 232375
114590 11 9 232376
114592 11 10 232377
114594 11 14 232378
114596 11 15 232379
114638 11 19 232380
114640 11 21 232381
114642 11 22 232382
114644 11 23 232383
114646 11 1 232384
114648 11 2 232385
114650 11 3 232386
114652 11 5 232387
114654 11 9 232388
114656 11 10 232389
114658 11 14 232390
114660 11 15 232391
114662 11 19 232392
114664 11 21 232393
114666 11 22 232394
114668 11 23 232395
114670 11 1 232396
114672 11 2 232397
114674 11 3 232398
114676 11 5 232399
114678 11 9 232400
114680 11 10 232401
114682 11 14 232402
114684 11 15 232403
114686 11 19 232404
114688 11 21 232405
114690 11 22 232406
114692 11 23 232407
114694 11 1 232408
114696 11 2 232409
114698 11 3 232410
114700 11 5 232411
114702 11 9 232412
114704 11 10 232413
114706 11 14 232414
114708 11 15 232415
114710 11 19 232416
114712 11 21 232417
114714 11 22 232418
114716 11 23 232419
114718 11 1 232420
114720 11 2 232421
114722 11 3 232422
114724 11 5 232423
114726 11 9 232424
114728 11 10 232425
114730 11 14 232426
114732 11 15 232427
114734 11 19 232428
119440 11 21 232429
119442 11 22 232430
119448 11 23 232431
119450 11 1 232432
119452 11 2 232433
119454 11 3 232434
119456 11 5 232435
119458 11 9 232436
119460 11 10 232437
119462 11 14 232438
119464 11 15 232439
119466 11 19 232440
119468 11 21 232441
119470 11 22 232442
119472 11 23 232443
119738 11 1 232444
119740 11 2 232445
119742 11 3 232446
119744 11 5 232447
119770 11 3 233086
119772 11 5 233087
119774 11 9 233088
119776 11 10 233089
119778 11 14 233090
119780 11 15 233091
119782 11 19 233092
119784 11 21 233093
119786 11 22 233094
119788 11 23 233095
119790 11 1 233096
119792 11 2 233097
119794 11 3 233098
119796 11 5 233099
119798 11 9 233100
119800 11 10 233101
119802 11 14 233102
119804 11 15 233103
119806 11 19 233104
119808 11 21 233105
119810 11 22 233106
119812 11 23 233107
119814 11 1 233108
119816 11 2 233109
119818 11 3 233110
119820 11 5 233111
119822 11 9 233112
119824 11 10 233113
119826 11 14 233114
119828 11 15 233115
119830 11 19 233116
119832 11 21 233117
119834 11 22 233118
119836 11 23 233119
119838 11 1 233120
119840 11 2 233121
119842 11 3 233122
119844 11 5 233123
119846 11 9 233124
119848 11 10 233125
119850 11 14 233126
119852 11 15 233127
119854 11 19 233128
119856 11 21 233129
119858 11 22 233130
119860 11 23 233131
119862 11 1 233132
119864 11 2 233133
119866 11 3 233134
119868 11 5 233135
119870 11 9 233136
119872 11 10 233137
119874 11 14 233138
119876 11 15 233139
119878 11 19 233140
119880 11 21 233141
119882 11 22 233142
119884 11 23 233143
119886 11 1 233144
119888 11 2 233145
119890 11 3 233146
119892 11 5 233147
119894 11 9 233148
119896 11 10 233149
119898 11 14 233150
119900 11 15 233151
119902 11 19 233152
119904 11 21 233153
119906 11 22 233154
119908 11 23 233155
119910 11 1 233156
119912 11 2 233157
119914 11 3 233158
119916 11 5 233159
119918 11 9 233160
119920 11 10 233161
119922 11 14 233162
119924 11 15 233163
119926 11 19 233164
119928 11 21 233165
119930 11 22 233166
119932 11 23 233167
119934 11 1 233168
119936 11 2 233169
119938 11 3 233170
119940 11 5 233171
119942 11 9 233172
119944 11 10 233173
119946 11 14 233174
119948 11 15 233175
119950 11 19 233176
119952 11 21 233177
119954 11 22 233178
119956 11 23 233179
119958 11 1 233180
119960 11 2 233181
119962 11 3 233182
119964 11 5 233183
119966 11 9 233184
119968 11 10 233185
119970 11 14 233186
119972 11 15 233187
119974 11 19 233188
119976 11 21 233189
119978 11 22 233190
119980 11 23 233191
119982 11 1 233192
119984 11 2 233193
119986 11 3 233194
119988 11 5 233195
119990 11 9 233196
119992 11 10 233197
119994 11 14 233198
119996 11 15 233199
119998 11 19 233200
120000 11 21 233201
120002 11 22 233202
120004 11 23 233203
120006 11 1 233204
120008 11 2 233205
120010 11 3 233206
120012 11 5 233207
120014 11 9 233208
120016 11 10 233209
120018 11 14 233210
120020 11 15 233211
120022 11 19 233212
120024 11 21 233213
120026 11 22 233214
120028 11 23 233215
120030 11 1 233216
120032 11 2 233217
120034 11 3 233218
120036 11 5 233219
120038 11 9 233220
120040 11 10 233221
120042 11 14 233222
120044 11 15 233223
120046 11 19 233224
120048 11 21 233225
120050 11 22 233226
120052 11 23 233227
120054 11 1 233228
120056 11 2 233229
120058 11 3 233230
120060 11 5 233231
120062 11 9 233232
120064 11 10 233233
120066 11 14 233234
120068 11 15 233235
120070 11 19 233236
120072 11 21 233237
120074 11 22 233238
120076 11 23 233239
120078 11 1 233240
120080 11 2 233241
120082 11 3 233242
120084 11 5 233243
120086 11 9 233244
120088 11 10 233245
120090 11 14 233246
120092 11 15 233247
120094 11 19 233248
120096 11 21 233249
120098 11 22 233250
120100 11 23 233251
120102 11 1 233252
120104 11 2 233253
120106 11 3 233254
120108 11 5 233255
120110 11 9 233256
120112 11 10 233257
120114 11 14 233258
120116 11 15 233259
120118 11 19 233260
120120 11 21 233261
120122 11 22 233262
120124 11 23 233263
120126 11 1 233264
120128 11 2 233265
120130 11 3 233266
120132 11 5 233267
120134 11 9 233268
120136 11 10 233269
120138 11 14 233270
120140 11 15 233271
120142 11 19 233272
120144 11 21 233273
120146 11 22 233274
120148 11 23 233275
120150 11 1 233276
120152 11 2 233277
120154 11 3 233278
120156 11 5 233279
120158 11 9 233280
120160 11 10 233281
120162 11 14 233282
120164 11 15 233283
120166 11 19 233284
120168 11 21 233285
120170 11 22 233286
120172 11 23 233287
120174 11 1 233288
120176 11 2 233289
120178 11 3 233290
120180 11 5 233291
120182 11 9 233292
120184 11 10 233293
120186 11 14 233294
120188 11 15 233295
120190 11 19 233296
120192 11 21 233297
120194 11 22 233298
120196 11 23 233299
120198 11 1 233300
120200 11 2 233301
120202 11 3 233302
120204 11 5 233303
120206 11 9 233304
120208 11 10 233305
120210 11 14 233306
120212 11 15 233307
120214 11 19 233308
120216 11 21 233309
120218 11 22 233310
120220 11 23 233311
120222 11 1 233312
120224 11 2 233313
120226 11 3 233314
120228 11 5 233315
120230 11 9 233316
120232 11 10 233317
120234 11 14 233318
120236 11 15 233319
120238 11 19 233320
120240 11 21 233321
120242 11 22 233322
120244 11 23 233323
120246 11 1 233324
120248 11 2 233325
120250 11 3 233326
120252 11 5 233327
120254 11 9 233328
120256 11 10 233329
120258 11 14 233330
120260 11 15 233331
120262 11 19 233332
120264 11 21 233333
120266 11 22 233334
120268 11 23 233335
120270 11 1 233336
120272 11 2 233337
120274 11 3 233338
120276 11 5 233339
120278 11 9 233340
120280 11 10 233341
120282 11 14 233342
120284 11 15 233343
120286 11 19 233344
120288 11 21 233345
120290 11 22 233346
120292 11 23 233347
120294 11 1 233348
120296 11 2 233349
120298 11 3 233350
120300 11 5 233351
120302 11 9 233352
120304 11 10 233353
120306 11 14 233354
120308 11 15 233355
120310 11 19 233356
120312 11 21 233357
120314 11 22 233358
120316 11 23 233359
120318 11 1 233360
120320 11 2 233361
120322 11 3 233362
120324 11 5 233363
120326 11 9 233364
120328 11 10 233365
120330 11 14 233366
120332 11 15 233367
120334 11 19 233368
120336 11 21 233369
120338 11 22 233370
120340 11 23 233371
120342 11 1 233372
120344 11 2 233373
120346 11 3 233374
120348 11 5 233375
120350 11 9 233376
120352 11 10 233377
120354 11 14 233378
120356 11 15 233379
120358 11 19 233380
120360 11 21 233381
120362 11 22 233382
120364 11 23 233383
120366 11 1 233384
120368 11 2 233385
120370 11 3 233386
120372 11 5 233387
120374 11 9 233388
120376 11 10 233389
120378 11 14 233390
120380 11 15 233391
120382 11 19 233392
120384 11 21 233393
120386 11 22 233394
120388 11 23 233395
120390 11 1 233396
120392 11 2 233397
120394 11 3 233398
120396 11 5 233399
120398 11 9 233400
120400 11 10 233401
120402 11 14 233402
120404 11 15 233403
120406 11 19 233404
120408 11 21 233405
120410 11 22 233406
120412 11 23 233407
120414 11 1 233408
120416 11 2 233409
120418 11 3 233410
120420 11 5 233411
120422 11 9 233412
120424 11 10 233413
120426 11 14 233414
120428 11 15 233415
120430 11 19 233416
120432 11 21 233417
120434 11 22 233418
120436 11 23 233419
120438 11 1 233420
120440 11 2 233421
120442 11 3 233422
120444 11 5 233423
120446 11 9 233424
120448 11 10 233425
120450 11 14 233426
120452 11 15 233427
120454 11 19 233428
120456 11 21 233429
120458 11 22 233430
120460 11 23 233431
120462 11 1 233432
120464 11 2 233433
120466 11 3 233434
120468 11 5 233435
120470 11 9 233436
120472 11 10 233437
120474 11 14 233438
120476 11 15 233439
120478 11 19 233440
120480 11 21 233441
120482 11 22 233442
120484 11 23 233443
120486 11 1 233444
120488 11 2 233445
120490 11 3 233446
120492 11 5 233447
120494 11 9 233448
120496 11 10 233449
120498 11 14 233450
120500 11 15 233451
120502 11 19 233452
120504 11 21 233453
120506 11 22 233454
120508 11 23 233455
120510 11 1 233456
120512 11 2 233457
120514 11 3 233458
120516 11 5 233459
120518 11 9 233460
120520 11 10 233461
120522 11 14 233462
120524 11 15 233463
120526 11 19 233464
120528 11 21 233465
120530 11 22 233466
120532 11 23 233467
120534 11 1 233468
120536 11 2 233469
120538 11 3 233470
120540 11 5 233471
120542 11 1 232448
120544 11 2 232449
120546 11 3 232450
120548 11 5 232451
120550 11 9 232452
120552 11 10 232453
120554 11 14 232454
120556 11 15 232455
120558 11 19 232456
120614 11 10 234209
120616 11 14 234210
120618 11 15 234211
120620 11 19 234212
120622 11 21 234213
120624 11 22 234214
120626 11 23 234215
120628 11 1 234216
120630 11 2 234217
120632 11 3 234218
120634 11 5 234219
120636 11 9 234220
120638 11 10 234221
120640 11 14 234222
120642 11 15 234223
120644 11 19 234224
120646 11 21 234225
120648 11 22 234226
120650 11 23 234227
120652 11 1 234228
120654 11 2 234229
120656 11 3 234230
120658 11 5 234231
120660 11 9 234232
120662 11 10 234233
120664 11 14 234234
120666 11 15 234235
120668 11 19 234236
120670 11 21 234237
120672 11 22 234238
120674 11 23 234239
120676 11 1 234240
120678 11 2 234241
120680 11 3 234242
120682 11 5 234243
120684 11 9 234244
120686 11 10 234245
120688 11 14 234246
120690 11 15 234247
120692 11 19 234248
120694 11 21 234249
120696 11 22 234250
120698 11 23 234251
120700 11 1 234252
120702 11 2 234253
120704 11 3 234254
120706 11 5 234255
120708 11 9 234256
120710 11 10 234257
120712 11 14 234258
120714 11 15 234259
120716 11 19 234260
120718 11 21 234261
120720 11 22 234262
120722 11 23 234263
120724 11 1 234264
120726 11 2 234265
120728 11 3 234266
120730 11 5 234267
120732 11 9 234268
120734 11 10 234269
120736 11 14 234270
120738 11 15 234271
120740 11 19 234272
120742 11 21 234273
120744 11 22 234274
120746 11 23 234275
120748 11 1 234276
120750 11 2 234277
120752 11 3 234278
120754 11 5 234279
120756 11 9 234280
120758 11 10 234281
120760 11 14 234282
120762 11 15 234283
120764 11 19 234284
120766 11 21 234285
120768 11 22 234286
120770 11 23 234287
120772 11 1 234288
120774 11 2 234289
120776 11 3 234290
120778 11 5 234291
120780 11 9 234292
120782 11 10 234293
120784 11 14 234294
120786 11 15 234295
120788 11 19 234296
120790 11 21 234297
120792 11 22 234298
120794 11 23 234299
120796 11 1 234300
120798 11 2 234301
120800 11 3 234302
120802 11 5 234303
120804 11 9 234304
120806 11 10 234305
120808 11 14 234306
120810 11 15 234307
120812 11 19 234308
120814 11 21 234309
120816 11 22 234310
120818 11 23 234311
120820 11 1 234312
120822 11 2 234313
120824 11 3 234314
120826 11 5 234315
120828 11 9 234316
120830 11 10 234317
120832 11 14 234318
120834 11 15 234319
120836 11 19 234320
120838 11 21 234321
120840 11 22 234322
120842 11 23 234323
120844 11 1 234324
120846 11 2 234325
120848 11 3 234326
120850 11 5 234327
120852 11 9 234328
120854 11 10 234329
120856 11 14 234330
120858 11 15 234331
120860 11 19 234332
120862 11 21 234333
120864 11 22 234334
120866 11 23 234335
120868 11 1 234336
120870 11 2 234337
120872 11 3 234338
120874 11 5 234339
120876 11 9 234340
120878 11 10 234341
120880 11 14 234342
120882 11 15 234343
120884 11 19 234344
120886 11 21 234345
120888 11 22 234346
120890 11 23 234347
120892 11 1 234348
120894 11 2 234349
120896 11 3 234350
120898 11 5 234351
120900 11 9 234352
120902 11 10 234353
120904 11 14 234354
120906 11 15 234355
120908 11 19 234356
120910 11 21 234357
120912 11 22 234358
120914 11 23 234359
120916 11 1 234360
120918 11 2 234361
120920 11 3 234362
120922 11 5 234363
120924 11 9 234364
120926 11 10 234365
120928 11 14 234366
120930 11 15 234367
120932 11 19 234368
120934 11 21 234369
120936 11 22 234370
120938 11 23 234371
120940 11 1 234372
120942 11 2 234373
120944 11 3 234374
120946 11 5 234375
120948 11 9 234376
120950 11 10 234377
120952 11 14 234378
120954 11 15 234379
120956 11 19 234380
120958 11 21 234381
120960 11 22 234382
120962 11 23 234383
120964 11 1 234384
120966 11 2 234385
120968 11 3 234386
120970 11 5 234387
120972 11 9 234388
120974 11 10 234389
120976 11 14 234390
120978 11 15 234391
120980 11 19 234392
120982 11 21 234393
120984 11 22 234394
120986 11 23 234395
120988 11 1 234396
120990 11 2 234397
120992 11 3 234398
120994 11 5 234399
120996 11 9 234400
120998 11 10 234401
121000 11 14 234402
121002 11 15 234403
121004 11 19 234404
121006 11 21 234405
121008 11 22 234406
121010 11 23 234407
121012 11 1 234408
121014 11 2 234409
121016 11 3 234410
121018 11 5 234411
121020 11 9 234412
121022 11 10 234413
121024 11 14 234414
121026 11 15 234415
121028 11 19 234416
121030 11 21 234417
121032 11 22 234418
121034 11 23 234419
121036 11 1 234420
121038 11 2 234421
121040 11 3 234422
121042 11 5 234423
121044 11 9 234424
121046 11 10 234425
121048 11 14 234426
121050 11 15 234427
121052 11 19 234428
121054 11 21 234429
121056 11 22 234430
121058 11 23 234431
121060 11 1 234432
121062 11 2 234433
121064 11 3 234434
121066 11 5 234435
121068 11 9 234436
121070 11 10 234437
121072 11 14 234438
121074 11 15 234439
121076 11 19 234440
121078 11 21 234441
121080 11 22 234442
121082 11 23 234443
121084 11 1 234444
121086 11 2 234445
121088 11 3 234446
121090 11 5 234447
121092 11 9 234448
121094 11 10 234449
121096 11 14 234450
121098 11 15 234451
121100 11 19 234452
121102 11 21 234453
121104 11 22 234454
121106 11 23 234455
121108 11 1 234456
121110 11 2 234457
121112 11 3 234458
121114 11 5 234459
121116 11 9 234460
121118 11 10 234461
121120 11 14 234462
121122 11 15 234463
121124 11 19 234464
121126 11 21 234465
121128 11 22 234466
121130 11 23 234467
121132 11 1 234468
121134 11 2 234469
121136 11 3 234470
121138 11 5 234471
121140 11 9 234472
121142 11 10 234473
121144 11 14 234474
121146 11 15 234475
121148 11 19 234476
121150 11 21 234477
121152 11 22 234478
121154 11 23 234479
121156 11 1 234480
121158 11 2 234481
121160 11 3 234482
121162 11 5 234483
121164 11 9 234484
121166 11 10 234485
121168 11 14 234486
121170 11 15 234487
121172 11 19 234488
121174 11 21 234489
121176 11 22 234490
121178 11 23 234491
121180 11 1 234492
121182 11 2 234493
121184 11 3 234494
121186 11 5 234495
121188 11 1 233472
121190 11 2 233473
121192 11 3 233474
121194 11 5 233475
121196 11 9 233476
121198 11 10 233477
121200 11 14 233478
121202 11 15 233479
121204 11 19 233480
121206 11 21 233481
121208 11 22 233482
121210 11 23 233483
121212 11 1 233484
121214 11 2 233485
121216 11 3 233486
121218 11 5 233487
121220 11 9 233488
121222 11 10 233489
121224 11 14 233490
121226 11 15 233491
121228 11 19 233492
121230 11 21 233493
121232 11 22 233494
121234 11 23 233495
121236 11 1 233496
121238 11 2 233497
121240 11 3 233498
121242 11 5 233499
121244 11 9 233500
121246 11 10 233501
121248 11 14 233502
121250 11 15 233503
121252 11 19 233504
121254 11 21 233505
121256 11 22 233506
121258 11 23 233507
121260 11 1 233508
121262 11 2 233509
121264 11 3 233510
121266 11 5 233511
121268 11 9 233512
121270 11 10 233513
121272 11 14 233514
121274 11 15 233515
121276 11 19 233516
121278 11 21 233517
121280 11 22 233518
121282 11 23 233519
121284 11 1 233520
121286 11 2 233521
121288 11 3 233522
121290 11 5 233523
121292 11 9 233524
121294 11 10 233525
121296 11 14 233526
121298 11 15 233527
121300 11 19 233528
121302 11 21 233529
121304 11 22 233530
121306 11 23 233531
121308 11 1 233532
121310 11 2 233533
121312 11 3 233534
121314 11 5 233535
121316 11 9 233536
121318 11 10 233537
121320 11 14 233538
121322 11 15 233539
121324 11 19 233540
121326 11 21 233541
121328 11 22 233542
121330 11 23 233543
121332 11 1 233544
121334 11 2 233545
121336 11 3 233546
121338 11 5 233547
121340 11 9 233548
121342 11 10 233549
121344 11 14 233550
121346 11 15 233551
121348 11 19 233552
121350 11 21 233553
121352 11 22 233554
121354 11 23 233555
121356 11 1 233556
121358 11 2 233557
121360 11 3 233558
121362 11 5 233559
121364 11 9 233560
121366 11 10 233561
121368 11 14 233562
121370 11 15 233563
121372 11 19 233564
121374 11 21 233565
121376 11 22 233566
121378 11 23 233567
121380 11 1 233568
121382 11 2 233569
121384 11 3 233570
121386 11 5 233571
121388 11 9 233572
121390 11 1 234496
121392 11 2 234497
121394 11 3 234498
121396 11 5 234499
121398 11 9 234500
121400 11 10 234501
121402 11 14 234502
121404 11 15 234503
121406 11 19 234504
121408 11 21 234505
121410 11 22 234506
121412 11 23 234507
121414 11 1 234508
121416 11 2 234509
121418 11 3 234510
121420 11 5 234511
121422 11 9 234512
121424 11 10 234513
121426 11 14 234514
121428 11 15 234515
121430 11 19 234516
121432 11 21 234517
121434 11 22 234518
121436 11 23 234519
121438 11 1 234520
121440 11 2 234521
121442 11 3 234522
121444 11 5 234523
121446 11 9 234524
121448 11 10 234525
121450 11 14 234526
121452 11 15 234527
121454 11 19 234528
121456 11 21 234529
121458 11 22 234530
121460 11 23 234531
121462 11 1 234532
121464 11 2 234533
121466 11 3 234534
121468 11 5 234535
121470 11 9 234536
121472 11 10 234537
121474 11 14 234538
121476 11 15 234539
121478 11 19 234540
121480 11 21 234541
121482 11 22 234542
121484 11 23 234543
121486 11 1 234544
121488 11 2 234545
121490 11 3 234546
121492 11 5 234547
121494 11 9 234548
121496 11 10 234549
121498 11 14 234550
121500 11 15 234551
121502 11 19 234552
121504 11 21 234553
121506 11 22 234554
121508 11 23 234555
121510 11 1 234556
121512 11 2 234557
121514 11 3 234558
121516 11 5 234559
121518 11 9 234560
121520 11 10 234561
121522 11 14 234562
121524 11 15 234563
121526 11 19 234564
121528 11 21 234565
121530 11 22 234566
121532 11 23 234567
121534 11 1 234568
121536 11 2 234569
121538 11 3 234570
121540 11 5 234571
121542 11 9 234572
121544 11 10 234573
121546 11 14 234574
121548 11 15 234575
121550 11 19 234576
121552 11 21 234577
121554 11 22 234578
121556 11 23 234579
121558 11 1 234580
121560 11 2 234581
121562 11 3 234582
121564 11 5 234583
121566 11 9 234584
121568 11 10 234585
121570 11 14 234586
121572 11 15 234587
121574 11 19 234588
121576 11 21 234589
121578 11 22 234590
121580 11 23 234591
121582 11 1 234592
121584 11 2 234593
121586 11 3 234594
121588 11 5 234595
121590 11 9 234596
121592 11 10 234597
121594 11 14 234598
121596 11 15 234599
121598 11 19 234600
121600 11 21 234601
121602 11 22 234602
121604 11 23 234603
121606 11 1 234604
121608 11 2 234605
121610 11 3 234606
121612 11 5 234607
121614 11 9 234608
121616 11 10 234609
121618 11 14 234610
121620 11 15 234611
121622 11 19 234612
121624 11 21 234613
121626 11 22 234614
121628 11 23 234615
121630 11 1 234616
121632 11 2 234617
121634 11 3 234618
121636 11 5 234619
121638 11 9 234620
121640 11 10 234621
121642 11 14 234622
121644 11 15 234623
121646 11 19 234624
121648 11 21 234625
121650 11 22 234626
121652 11 23 234627
121654 11 1 234628
121656 11 2 234629
121658 11 3 234630
121660 11 5 234631
121662 11 9 234632
121664 11 10 234633
121666 11 14 234634
121668 11 15 234635
121670 11 19 234636
121672 11 21 234637
121674 11 22 234638
121676 11 23 234639
121678 11 1 234640
121680 11 2 234641
121682 11 3 234642
121684 11 5 234643
121686 11 9 234644
121688 11 10 234645
121690 11 14 234646
121692 11 15 234647
121694 11 19 234648
121696 11 21 234649
121698 11 22 234650
121700 11 23 234651
121702 11 1 234652
121704 11 2 234653
121706 11 3 234654
121708 11 5 234655
121710 11 9 234656
121712 11 10 234657
121714 11 14 234658
121716 11 15 234659
121718 11 19 234660
121720 11 21 234661
121722 11 22 234662
121724 11 23 234663
121726 11 1 234664
121728 11 2 234665
121730 11 3 234666
121732 11 5 234667
121734 11 9 234668
121736 11 10 234669
121738 11 14 234670
121740 11 15 234671
121742 11 19 234672
121744 11 21 234673
121746 11 22 234674
121748 11 23 234675
121750 11 1 234676
121752 11 2 234677
121754 11 3 234678
121756 11 5 234679
121758 11 9 234680
121760 11 10 234681
121762 11 14 234682
121764 11 15 234683
121766 11 19 234684
121768 11 21 234685
121770 11 22 234686
121772 11 23 234687
121774 11 1 234688
121776 11 2 234689
121778 11 3 234690
121780 11 5 234691
121782 11 9 234692
121784 11 10 234693
121786 11 14 234694
121788 11 15 234695
121790 11 9 257268
121792 11 10 257269
121796 11 14 257270
121800 11 15 257271
121802 11 19 257272
121804 11 21 257273
121806 11 22 257274
121808 11 23 257275
121810 11 1 257276
121812 11 2 257277
121814 11 3 257278
121816 11 5 257279
121820 11 9 257280
121822 11 10 257281
121824 11 14 257282
121826 11 15 257283
121828 11 19 257284
121830 11 21 257285
121832 11 22 257286
121834 11 23 257287
121836 11 1 257288
121838 11 2 257289
121840 11 3 257290
121842 11 5 257291
121844 11 9 257292
121846 11 10 257293
121848 11 14 257294
121850 11 15 257295
121852 11 19 257296
121854 11 21 257297
121856 11 22 257298
121858 11 23 257299
121860 11 1 257300
121862 11 2 257301
121864 11 3 257302
121866 11 5 257303
121868 11 9 257304
121870 11 10 257305
121872 11 14 257306
121874 11 15 257307
121876 11 19 257308
121878 11 21 257309
121880 11 22 257310
121882 11 23 257311
121884 11 1 257312
121886 11 2 257313
121888 11 3 257314
121890 11 5 257315
121892 11 9 257316
121894 11 10 257317
121896 11 14 257318
121898 11 15 257319
121900 11 19 257320
121902 11 21 257321
121904 11 22 257322
121906 11 23 257323
121908 11 1 257324
121910 11 2 257325
121912 11 3 257326
121914 11 5 257327
121916 11 9 257328
121918 11 10 257329
121920 11 14 257330
121922 11 15 257331
121924 11 19 257332
121926 11 21 257333
121928 11 22 257334
121930 11 23 257335
121932 11 1 257336
121934 11 2 257337
121936 11 3 257338
121938 11 5 257339
121940 11 9 257340
121942 11 10 257341
121944 11 14 257342
121946 11 15 257343
121948 11 19 257344
121950 11 21 257345
121952 11 22 257346
121954 11 23 257347
121956 11 1 257348
121960 11 2 257349
121966 11 3 257350
121968 11 5 257351
121970 11 9 257352
121972 11 10 257353
121974 11 14 257354
121976 11 15 257355
121978 11 19 257356
121984 11 21 257357
121986 11 22 257358
121990 11 23 257359
121992 11 1 257360
121994 11 2 257361
121996 11 3 257362
121998 11 5 257363
122000 11 9 257364
122002 11 10 257365
122004 11 14 257366
122006 11 15 257367
122008 11 19 257368
122010 11 21 257369
122012 11 22 257370
122014 11 23 257371
122016 11 1 257372
122018 11 2 257373
122020 11 3 257374
122022 11 5 257375
122024 11 9 257376
122026 11 10 257377
122028 11 14 257378
122030 11 15 257379
122032 11 19 257380
122036 11 21 257381
122038 11 22 257382
122040 11 23 257383
122042 11 1 0
122046 11 19 2992
122050 11 3 5434
122054 11 14 11654
122056 11 22 18210
122060 11 2 18261
122062 11 2 28925
122064 11 10 29037
122066 11 22 46354
122068 11 1 52224
122070 11 22 124802
123634 11 3 129650
123636 11 19 175976
125200 11 19 177592
125202 11 15 177603
125204 11 21 177593
125206 11 22 177594
125208 11 19 177604
125210 11 21 177605
125212 11 22 177606
125214 11 1 177608
125216 11 2 177609
125220 11 14 213970
125222 11 23 213975
125224 11 2 213917
125226 11 5 213979
125230 11 5 214175
125236 11 23 214171
125250 11 23 214183
125342 11 10 214177
125354 11 15 214179
125356 11 1 214172
125362 11 21 214181
125418 11 19 214168
125432 11 3 214162
125446 11 9 214176
125456 11 23 214159
125462 11 14 214178
125492 11 19 214180
125500 11 3 214186
125526 11 5 214187
125760 11 1 214184
125764 11 22 214182
125814 11 21 214169
126964 11 5 215295
126972 11 10 215297
126974 11 9 217680
126976 11 14 217682
126978 11 15 217683
126980 11 19 217684
126982 11 21 217685
126984 11 22 217686
126986 11 23 217687
126988 11 1 217688
126990 11 2 217689
126992 11 3 217690
126994 11 5 217691
126996 11 9 217692
126998 11 10 217693
127000 11 14 217694
127002 11 15 217695
127004 11 19 217696
127006 11 21 217697
127008 11 22 217698
127010 11 23 217699
127012 11 1 217700
127014 11 2 217701
127016 11 3 217702
127018 11 5 217703
127020 11 9 217704
127022 11 10 217705
127024 11 14 217706
127026 11 15 217707
127028 11 19 217708
127030 11 21 217709
127032 11 22 217710
127034 11 23 217711
127036 11 1 217712
127038 11 2 217713
127040 11 3 217714
127042 11 5 217715
127044 11 9 217716
127046 11 10 217717
127048 11 14 217718
127050 11 15 217719
127052 11 19 217720
127054 11 21 217721
127056 11 22 217722
127058 11 23 217723
127060 11 1 217724
127062 11 2 217725
127066 11 3 217726
127068 11 5 217727
127070 11 9 217728
127072 11 10 217729
127074 11 14 217730
127076 11 15 217731
127078 11 19 217732
127080 11 21 217733
127082 11 22 217734
127084 11 23 217735
127088 11 1 217736
127090 11 2 217737
127092 11 3 217738
127094 11 5 217739
127096 11 9 217740
127098 11 10 217741
127100 11 14 217742
127102 11 15 217743
127104 11 19 217744
127106 11 21 217745
127108 11 22 217746
127110 11 23 217747
127112 11 1 217748
127114 11 2 217749
127116 11 3 217750
127118 11 5 217751
127120 11 9 217752
127122 11 10 217753
127124 11 14 217754
127126 11 15 217755
127128 11 19 217756
127130 11 21 217757
127132 11 22 217758
127134 11 23 217759
127136 11 1 217760
127138 11 2 217761
127140 11 3 217762
127142 11 5 217763
127144 11 9 217764
127146 11 10 217765
127148 11 14 217766
127150 11 15 217767
127152 11 19 217768
127154 11 21 217769
127156 11 22 217770
127158 11 23 217771
127160 11 1 217772
127162 11 2 217773
127164 11 3 217774
127166 11 5 217775
127168 11 9 217776
127170 11 10 217777
127172 11 14 217778
127174 11 15 217779
127176 11 19 217780
127178 11 21 217781
127180 11 22 217782
127182 11 23 217783
127184 11 1 217784
127186 11 2 217785
127188 11 3 217786
127190 11 5 217787
127192 11 9 217788
127194 11 10 217789
127196 11 14 217790
127198 11 15 217791
127200 11 19 217792
127202 11 21 217793
127204 11 22 217794
127206 11 23 217795
127208 11 1 217796
127210 11 2 217797
127212 11 3 217798
127214 11 5 217799
127216 11 9 217800
127218 11 10 217801
127220 11 14 217802
127222 11 15 217803
127224 11 19 217804
127226 11 21 217805
127228 11 22 217806
127230 11 23 217807
127232 11 1 217808
127234 11 2 217809
127236 11 3 217810
127238 11 5 217811
127240 11 9 217812
127242 11 10 217813
127244 11 14 217814
127246 11 15 217815
127248 11 19 217816
127250 11 21 217817
127252 11 22 217818
127254 11 23 217819
127256 11 1 217820
127258 11 2 217821
127260 11 3 217822
127262 11 5 217823
127264 11 9 217824
127266 11 10 217825
127268 11 14 217826
127270 11 15 217827
127272 11 19 217828
127274 11 21 217829
127276 11 22 217830
127278 11 23 217831
127280 11 1 217832
127282 11 2 217833
127284 11 3 217834
127286 11 5 217835
127288 11 9 217836
127290 11 10 217837
127292 11 14 217838
127294 11 15 217839
127296 11 19 217840
127298 11 21 217841
127300 11 22 217842
127302 11 23 217843
127304 11 1 217844
127306 11 2 217845
127308 11 3 217846
127310 11 5 217847
127312 11 9 217848
127314 11 10 217849
127316 11 14 217850
127320 11 15 217851
127322 11 19 217852
127324 11 21 217853
127326 11 22 217854
127328 11 23 217855
127330 11 1 217856
127332 11 2 217857
127334 11 3 217858
127336 11 5 217859
127338 11 9 217860
127340 11 10 217861
127342 11 14 217862
127344 11 15 217863
127346 11 19 217864
127348 11 21 217865
127350 11 22 217866
127352 11 23 217867
127354 11 1 217868
127358 11 2 217869
127364 11 3 217870
127394 11 9 243716
127396 11 10 243717
127398 11 14 243718
127400 11 15 243719
127402 11 19 243720
127404 11 21 243721
127406 11 22 243722
127408 11 23 243723
127410 11 1 243724
127412 11 2 243725
127414 11 3 243726
127416 11 5 243727
127418 11 9 243728
127420 11 10 243729
127422 11 14 243730
127424 11 15 243731
127426 11 19 243732
127428 11 21 243733
127430 11 22 243734
127432 11 23 243735
127434 11 1 243736
127436 11 2 243737
127438 11 3 243738
127440 11 5 243739
127442 11 9 243740
127444 11 10 243741
127446 11 14 243742
127448 11 15 243743
127450 11 19 243744
127452 11 21 243745
127454 11 22 243746
127456 11 14 244742
127458 11 22 244842
127460 11 2 244845
127462 11 23 244951
127464 11 14 244958
127466 11 19 245584
127468 11 23 245587
127470 11 3 245302
127472 11 1 245588
127474 11 2 245589
127476 11 3 245590
127478 11 5 245699
127480 11 9 245700
127482 11 1 245024
127484 11 5 245591
127486 11 9 245592
127488 11 10 245593
127490 11 14 245594
127492 11 15 245595
127494 11 23 244867
127496 11 5 245603
127498 11 9 245604
127500 11 14 245606
127502 11 22 245610
127504 11 15 245667
127506 11 19 245668
127508 11 21 245669
127510 11 22 245670
127512 11 1 245672
127514 11 3 244870
127516 11 9 245340
127518 11 2 245673
127520 11 19 245680
127522 11 23 245683
127524 11 1 245684
127526 11 9 245688
127528 11 3 245686
127530 11 14 245690
127532 11 19 245692
127536 11 21 245693
127538 11 22 245694
127540 11 2 245697
127542 11 14 244874
127544 11 22 245706
127546 11 19 245704
127548 11 23 245707
127550 11 2 245709
127552 11 15 244923
127554 11 19 245740
127556 11 2 245745
127558 11 5 245171
127560 11 14 245198
127562 11 3 245746
127564 11 9 245748
127566 11 14 245750
127568 11 3 245146
127570 11 19 244912
127572 11 21 245537
127574 11 22 245538
127576 11 23 245539
127578 11 1 244880
127580 11 1 245216
127582 11 3 245530
127584 11 1 245540
127586 11 2 245541
127588 11 1 244952
127590 11 23 245611
127592 11 1 245612
127594 11 10 245701
127596 11 14 245702
127598 11 14 244886
127600 11 15 244887
127602 11 19 244888
127604 11 21 244889
127606 11 22 244890
127608 11 23 244891
127610 11 1 244892
127612 11 2 244893
127614 11 3 244894
127616 11 5 244895
127618 11 9 244896
127620 11 10 244897
127622 11 14 244898
127624 11 15 244899
127626 11 19 244900
127628 11 21 244901
127630 11 22 244902
127632 11 23 244903
127634 11 1 244904
127636 11 2 244905
127638 11 3 244906
127640 11 5 244907
127642 11 9 244908
127644 11 10 244909
127646 11 14 244910
127648 11 15 244911
129002 11 9 245220
129004 11 5 245327
129006 11 21 245417
129008 11 10 244957
129010 11 19 244960
129012 11 21 245141
129014 11 22 245142
129016 11 5 245147
129018 11 9 245148
129020 11 22 245154
129022 11 22 245418
129024 11 23 245155
129026 11 3 245158
129028 11 5 245159
129030 11 23 244879
129032 11 9 245160
129036 11 15 245163
129038 11 22 245166
129040 11 23 245167
129046 11 1 245168
129050 11 9 245172
129052 11 10 245173
129054 11 2 245181
129058 11 23 245215
129060 11 15 245511
129062 11 2 245517
129064 11 3 245518
129066 11 5 245519
129068 11 14 245174
129070 11 21 245177
129072 11 22 245178
129074 11 3 244918
129076 11 23 245179
129078 11 10 244921
129080 11 1 245180
129082 11 22 244950
129084 11 3 245182
129086 11 1 245528
129092 11 10 245221
129096 11 5 244919
129100 11 10 244933
129102 11 15 244947
129104 11 19 244948
129106 11 21 244949
129114 11 2 244953
129116 11 3 244954
129118 11 5 244955
129120 11 9 244956
129126 11 15 244959
129132 11 3 244942
129134 11 9 245472
129136 11 23 245479
129138 11 19 245488
129140 11 5 245495
129144 11 21 245189
129146 11 15 244863
129148 11 10 244885
129150 11 5 244931
129154 11 1 245192
129156 11 2 245193
129158 11 3 245194
129160 11 5 245195
129166 11 10 245197
129168 11 21 244925
129170 11 2 244929
129176 11 23 245203
129178 11 21 244913
129180 11 1 245204
129182 11 21 245585
129220 11 2 244881
129222 11 3 245230
129224 11 15 245235
129226 11 21 245237
129228 11 5 245243
129230 11 14 245246
129232 11 19 245248
129234 11 21 245249
129236 11 23 245251
129238 11 2 245253
129240 11 5 245255
129242 11 21 245261
129244 11 22 245274
129246 11 23 245275
129248 11 1 245276
129250 11 19 245296
129252 11 14 245330
129254 11 2 245145
129258 11 2 245277
129260 11 19 245284
129262 11 14 245294
129268 11 2 245421
129270 11 5 244991
129272 11 9 245616
129274 11 21 245633
129276 11 1 245624
129278 11 5 245627
129280 11 15 245631
129282 11 23 245635
129736 11 19 244924
129740 11 21 244961
129742 11 22 244962
129744 11 23 244963
129746 11 1 244964
129748 11 2 244965
129750 11 3 244966
129752 11 5 244967
129754 11 9 244968
129756 11 10 244969
129758 11 14 244970
129760 11 15 244971
129762 11 19 244972
129764 11 21 244973
129766 11 22 244974
129768 11 23 244975
129770 11 1 244976
129772 11 2 244977
129774 11 3 244978
129776 11 5 244979
129778 11 9 244980
129780 11 10 244981
129782 11 14 244982
129784 11 15 244983
129786 11 19 244984
129788 11 21 244985
129790 11 22 244986
129794 11 1 245012
129800 11 19 245368
129802 11 15 245403
129804 11 3 245434
129806 11 3 245458
129864 11 23 244999
129866 11 5 245003
129868 11 10 245005
129870 11 21 245009
129872 11 23 245263
129874 11 1 245372
129876 11 15 245535
129880 11 21 244865
129882 11 15 244875
129886 11 23 244915
129888 11 1 244916
129890 11 2 244917
129898 11 14 244922
129954 11 23 244987
129956 11 19 244996
129958 11 2 245001
129960 11 14 245006
129962 11 22 245010
129976 11 22 245202
129978 11 5 245267
129982 11 9 245460
129984 11 10 245461
129992 11 9 245580
129994 11 21 245729
129996 11 22 245742
129998 11 1 245744
130002 11 22 244866
130006 11 1 244868
130008 11 5 244871
130010 11 9 244872
130012 11 10 244873
130016 11 5 244883
130018 11 9 244884
130074 11 23 245011
130078 11 1 245396
130080 11 2 245397
130082 11 21 245405
130084 11 21 245465
130086 11 21 245705
130094 11 19 244936
130096 11 21 244937
130098 11 23 244939
130100 11 5 244943
130162 11 19 245308
130164 11 15 245379
130166 11 2 245385
130170 11 14 245462
130178 11 2 244869
130186 11 19 244876
130242 11 3 245002
130246 11 5 245015
130248 11 15 245019
130250 11 19 245020
130252 11 21 245021
130256 11 2 245025
130262 11 19 245200
130266 11 21 245285
130268 11 21 245369
130270 11 23 245383
130272 11 9 245448
130278 11 10 245533
130284 11 10 245629
130290 11 23 245671
130292 11 15 245679
130298 11 3 244882
130302 11 14 244946
130358 11 10 245341
130360 11 9 245652
130540 11 2 245217
130542 11 14 245402
130544 11 14 245534
130548 11 19 245536
130608 11 19 245008
130610 11 3 245290
130620 11 22 244914
130678 11 1 245144
130688 11 1 245420
130762 11 1 244988
130764 11 2 244989
130766 11 3 244990
130770 11 21 244997
130772 11 9 245004
130778 11 9 245364
130782 11 22 245370
130786 11 9 245376
130794 11 10 245389
130796 11 14 245390
130798 11 15 245391
130800 11 19 245392
130802 11 21 245393
130804 11 22 245394
130806 11 23 245395
130812 11 9 245400
130820 11 5 245567
130936 11 14 244994
130938 11 15 244995
131030 11 23 245143
131036 11 22 245286
131038 11 23 245419
131040 11 23 245431
131042 11 2 245433
131048 11 9 245532
131056 11 9 245676
131118 11 3 245170
131186 11 23 245023
131202 11 19 245440
131204 11 5 245651
131218 11 1 244940
131276 11 1 245000
131284 11 22 245022
131294 11 5 245207
131302 11 15 245295
131304 11 21 245309
131310 11 10 245425
131312 11 21 245429
131316 11 15 245439
131320 11 5 245447
131324 11 2 245457
131328 11 5 245459
131336 11 3 245470
131338 11 21 245573
131340 11 19 245656
131342 11 21 245657
131344 11 14 245666
131350 11 15 245727
131352 11 19 245728
131356 11 23 245731
131358 11 15 245739
131416 11 15 245007
131424 11 22 245298
131432 11 3 245422
131438 11 14 245570
131440 11 3 245650
131628 11 9 245016
131796 11 3 245326
131812 11 19 245380
131814 11 21 245381
131816 11 22 245382
131822 11 9 245388
131830 11 10 245365
131842 11 1 245312
131846 11 10 245401
131864 11 9 245568
131874 11 19 245716
131880 11 22 245430
131884 11 5 245435
131896 11 15 245463
131900 11 5 245471
131910 11 22 245550
131912 11 9 244920
131916 11 23 245551
131918 11 1 245552
131952 11 19 245596
131954 11 21 245597
131956 11 10 245653
131958 11 1 245660
131964 11 1 245600
131966 11 2 245601
131972 11 15 245223
131976 11 3 245698
131980 11 9 245328
131982 11 3 245566
131984 11 22 245214
131986 11 22 245598
131988 11 23 245599
131990 11 5 245339
131992 11 3 245602
132006 11 2 245613
132012 11 3 245614
132014 11 5 245615
132020 11 19 245752
132022 11 2 245757
132024 11 3 245758
132026 11 5 245759
132036 11 9 245736
132048 11 23 245575
132050 11 3 245578
132052 11 10 245581
132054 11 15 245583
132070 11 22 244878
132080 11 14 245150
132082 11 19 245152
132084 11 10 245149
132086 11 15 245151
132088 11 21 245153
132092 11 1 245156
132094 11 2 245157
132098 11 14 245162
132106 11 19 245164
132108 11 2 245409
132110 11 21 245165
132116 11 2 245169
132130 11 15 245175
132132 11 19 245176
132142 11 9 245184
132146 11 23 245191
132156 11 22 244926
132158 11 19 245188
132160 11 21 245441
132162 11 15 245187
132172 11 23 244927
132178 11 9 245196
132188 11 15 245199
132194 11 9 244932
132198 11 10 245185
132200 11 14 245186
132202 11 22 245190
132204 11 2 245205
132206 11 3 245206
132210 11 15 245691
132214 11 19 244864
132218 11 14 245210
132220 11 14 245018
132228 11 10 245161
132230 11 5 245183
132236 11 5 245363
132250 11 21 245225
132252 11 19 245224
132256 11 5 245231
132258 11 15 245247
132262 11 9 245244
132264 11 10 245245
132266 11 3 245254
132268 11 9 245256
132272 11 2 245229
132274 11 22 245238
132276 11 23 245239
132278 11 2 245241
132280 11 3 245242
132288 11 1 245240
132294 11 19 245260
132296 11 22 245262
132298 11 9 245232
132300 11 10 245233
132302 11 14 245234
132304 11 1 245252
132308 11 19 245236
132310 11 22 245250
132312 11 10 245257
132314 11 14 245258
132316 11 15 245259
132320 11 1 245264
132322 11 2 245265
132324 11 3 245266
132326 11 10 245569
132328 11 9 245268
132330 11 10 245269
132332 11 14 245270
132344 11 21 245273
132352 11 1 245288
132354 11 5 245279
132356 11 9 245280
132358 11 2 245289
132360 11 10 245713
132366 11 14 245282
132368 11 15 245283
132370 11 23 245287
132372 11 3 245710
132380 11 15 245271
132382 11 19 245272
132384 11 21 245297
132404 11 5 245291
132406 11 9 245292
132408 11 10 245293
132410 11 23 245299
132412 11 1 245300
132414 11 2 245301
132426 11 22 245322
132438 11 14 245342
132440 11 15 245343
132442 11 19 245344
132444 11 3 245350
132446 11 19 245356
132448 11 21 245357
132450 11 22 245358
132452 11 23 245359
132456 11 1 245348
132458 11 21 245345
132460 11 22 245346
132462 11 2 245349
132464 11 5 245351
132468 11 9 245352
132470 11 10 245353
132472 11 14 245354
132474 11 15 245355
132478 11 5 245219
132480 11 10 245377
132484 11 10 245317
132492 11 2 245313
132500 11 1 245360
132502 11 14 245366
132504 11 10 245209
132506 11 23 245371
132512 11 23 245323
132514 11 2 245361
132516 11 3 245362
132522 11 2 245373
132524 11 3 245374
132526 11 5 245375
132528 11 1 245324
132530 11 15 245715
132534 11 14 245378
132540 11 14 245318
132542 11 14 245222
132546 11 1 245384
132548 11 15 245319
132554 11 3 245386
132556 11 5 245387
132562 11 19 245320
132564 11 21 245321
132566 11 15 245367
132568 11 14 245714
132582 11 3 245218
132584 11 2 245325
132590 11 5 245315
132594 11 3 245314
132602 11 9 245316
132610 11 3 245398
132612 11 5 245399
132618 11 19 245404
132624 11 22 245406
132626 11 23 245407
132628 11 1 245408
132632 11 3 245410
132634 11 5 245411
132636 11 9 245412
132638 11 10 245413
132640 11 14 245414
132642 11 15 245415
132644 11 19 245416
132650 11 22 245574
132652 11 22 245718
132654 11 10 245329
132658 11 9 244944
132660 11 15 245331
132682 11 14 245426
132684 11 15 245427
132686 11 19 245428
132694 11 1 245432
132708 11 9 245436
132710 11 10 245437
132712 11 14 245438
132728 11 23 245443
132732 11 2 245445
132734 11 22 245442
132736 11 1 245444
132738 11 3 245446
132744 11 10 245449
132748 11 15 245451
132750 11 21 245453
132752 11 23 245455
132754 11 14 245450
132756 11 19 245452
132758 11 22 245454
132760 11 1 245456
132774 11 19 245464
132776 11 22 245466
132780 11 1 245216
132782 11 2 245469
132784 11 1 245468
132788 11 23 245467
132798 11 10 245473
132800 11 14 245474
132802 11 15 245475
132804 11 19 245476
132806 11 21 245477
132808 11 22 245478
132820 11 1 245672
132832 11 1 245480
132834 11 2 245481
132836 11 5 245483
132838 11 9 245484
132840 11 10 245485
132842 11 14 245486
132844 11 15 245487
132852 11 9 245208
132854 11 3 245482
132866 11 21 245489
132868 11 22 245490
132870 11 23 245491
132872 11 1 245492
132874 11 2 245493
132876 11 3 245494
132908 11 9 245496
132910 11 10 245497
132912 11 14 245498
132922 11 19 245500
132924 11 21 245501
132926 11 23 245503
132928 11 3 245506
132930 11 19 245560
132934 11 10 245281
132936 11 22 245670
132938 11 22 245502
132940 11 19 245548
132950 11 1 245504
132952 11 2 245505
132960 11 5 245507
132962 11 9 245508
132964 11 10 245509
132966 11 14 245510
132978 11 21 245513
132980 11 23 245515
132984 11 22 245514
132988 11 1 245516
132990 11 15 245499
132992 11 10 245521
132994 11 3 245542
132996 11 9 245556
133000 11 14 245522
133002 11 15 245523
133004 11 21 245525
133006 11 22 245526
133008 11 23 245527
133016 11 19 245524
133024 11 2 245529
133036 11 5 245531
133044 11 21 245009
133050 11 14 244934
133052 11 9 245520
133054 11 3 245554
133056 11 5 245555
133058 11 23 245563
133060 11 1 245564
133062 11 2 245565
133064 11 21 245537
133070 11 10 245005
133074 11 5 245543
133076 11 9 245544
133078 11 14 245546
133080 11 15 245547
133082 11 21 245549
133084 11 3 245278
133086 11 10 245545
133100 11 9 245004
133102 11 9 245472
133104 11 23 245479
133106 11 19 245488
133132 11 19 245212
133136 11 2 245553
133138 11 10 245557
133140 11 14 245558
133144 11 21 245561
133146 11 22 245562
133156 11 15 245559
133176 11 14 245006
133180 11 19 245008
133190 11 2 245577
133192 11 9 245580
133196 11 1 245576
133200 11 5 245579
133212 11 22 245586
133214 11 23 245587
133220 11 5 245303
133224 11 15 245307
133230 11 9 245304
133232 11 5 245423
133238 11 10 245305
133244 11 21 245213
133246 11 14 245306
133250 11 1 245708
133252 11 15 245211
133272 11 10 245605
133274 11 19 245608
133278 11 15 245607
133280 11 21 245609
133282 11 21 245717
133284 11 22 245310
133290 11 10 245617
133292 11 14 245618
133294 11 15 245619
133296 11 19 245620
133298 11 21 245621
133300 11 22 245622
133306 11 23 245623
133310 11 2 245625
133312 11 3 245626
133314 11 1 245024
133318 11 9 245628
133320 11 10 245629
133322 11 14 245630
133324 11 10 244945
133332 11 19 245632
133334 11 22 245634
133336 11 2 245637
133338 11 3 245638
133340 11 9 245640
133342 11 1 244988
133350 11 10 245641
133352 11 14 245642
133354 11 15 245643
133356 11 5 245711
133364 11 21 245645
133366 11 9 245712
133368 11 23 245647
133370 11 1 245648
133372 11 2 245649
133374 11 5 245639
133376 11 19 245644
133378 11 22 245646
133380 11 3 245650
133388 11 1 245636
133390 11 5 245651
133398 11 9 245424
133400 11 15 245655
133402 11 19 245656
133408 11 22 245658
133412 11 14 245654
133416 11 23 245659
133420 11 5 245663
133422 11 3 245662
133426 11 9 245664
133428 11 2 245661
133430 11 10 245665
133436 11 3 245014
133444 11 23 245311
133446 11 23 245671
133448 11 3 245674
133450 11 22 244950
133452 11 5 245675
133456 11 14 245678
133460 11 10 245677
133468 11 9 245676
133470 11 15 245679
133474 11 21 245681
133476 11 22 245682
133478 11 2 245685
133480 11 5 245687
133496 11 23 245695
133498 11 1 245696
133508 11 19 245332
133510 11 15 245571
133512 11 9 245700
133514 11 2 245721
133520 11 15 245703
133522 11 19 245704
133524 11 21 245705
133540 11 9 245388
133546 11 14 245606
133548 11 22 245610
133558 11 22 245706
133560 11 5 245723
133562 11 9 245724
133564 11 10 245725
133566 11 14 245726
133568 11 15 244875
133570 11 22 245730
133572 11 1 245732
133574 11 2 245733
133576 11 3 245734
133580 11 5 245735
133582 11 10 245737
133584 11 14 245738
133590 11 21 245741
133592 11 23 245743
133594 11 21 245729
133596 11 22 245742
133598 11 1 245744
133602 11 5 245243
133606 11 21 244877
133608 11 5 245747
133612 11 10 245749
133618 11 21 245753
133620 11 22 245754
133622 11 23 245755
133624 11 1 245756
133626 11 23 245819
133628 11 2 245821
133630 11 15 245779
133632 11 1 245784
133634 11 9 245788
133636 11 14 245790
133638 11 15 245791
133640 11 19 245792
133642 11 23 245795
133644 11 1 245796
133646 11 10 245801
133648 11 19 245804
133650 11 1 245808
133652 11 2 245809
133654 11 14 245814
133656 11 15 245815
133658 11 19 245816
133660 11 22 245770
133662 11 10 245777
133666 11 2 245773
133684 11 9 245764
133696 11 21 245793
133714 11 1 245760
133716 11 5 245763
133720 11 14 245778
133734 11 9 245812
133736 11 22 245806
133738 11 19 245780
133740 11 21 245781
133742 11 23 245783
133744 11 10 245789
133746 11 2 245797
133748 11 22 245818
133750 11 21 245817
133752 11 1 245820
133758 11 9 248520
133760 11 10 248521
133762 11 15 248523
133764 11 22 248526
133766 11 21 266173
133768 11 22 266174
133770 11 23 266175
133772 11 1 266176
133774 11 2 266177
133776 11 3 266178
133778 11 5 266179
133780 11 9 266180
133782 11 10 266181
133784 11 14 266182
133786 11 15 266183
133788 11 19 266184
133790 11 21 266185
133792 11 22 266186
133794 11 23 266187
133796 11 1 266188
133798 11 2 266189
133800 11 3 266190
133802 11 5 266191
133804 11 9 266192
133806 11 10 266193
133808 11 14 266194
133810 11 15 266195
133812 11 19 266196
133814 11 21 266197
133816 11 22 266198
133818 11 23 266199
133820 11 1 266200
133822 11 2 266201
133824 11 3 266202
133826 11 5 266203
133828 11 9 266204
133830 11 10 266205
133832 11 14 266206
133834 11 15 266207
133836 11 19 266208
133838 11 21 266209
133840 11 22 266210
133842 11 23 266211
133844 11 1 266212
133846 11 2 266213
133848 11 3 266214
133850 11 5 266215
133852 11 9 266216
133854 11 10 266217
133856 11 14 266218
133858 11 15 266219
133860 11 19 266220
133862 11 21 266221
133864 11 22 266222
133866 11 23 266223
133868 11 1 266224
133870 11 2 266225
133872 11 3 266226
133874 11 5 266227
133876 11 9 266228
133878 11 10 266229
133880 11 14 266230
133882 11 15 266231
133884 11 19 266232
133886 11 21 266233
133888 11 22 266234
133890 11 23 266235
133892 11 1 266236
133894 11 2 266237
133896 11 3 266238
133898 11 5 266239
133900 11 15 266403
133902 11 19 266404
133904 11 21 266405
133906 11 22 266406
133908 11 23 266407
133910 11 1 266408
133912 11 2 266409
133914 11 3 266410
133916 11 5 266411
133918 11 9 266412
133920 11 10 266413
133922 11 14 266414
133924 11 15 266415
133926 11 19 266416
133928 11 21 266417
133930 11 22 266418
133932 11 23 266419
133934 11 1 266420
133936 11 2 266421
133938 11 3 266422
133940 11 5 266423
133942 11 9 266424
133944 11 10 266425
133946 11 14 266426
133948 11 15 266427
133950 11 19 266428
133952 11 21 266429
133954 11 22 266430
133956 11 23 266431
133958 11 1 266432
133960 11 2 266433
133962 11 3 266434
133964 11 5 266435
133966 11 9 266436
133968 11 10 266437
133970 11 14 266438
133972 11 15 266439
133974 11 19 266440
133976 11 21 266441
133978 11 22 266442
133980 11 23 266443
133982 11 1 266444
133984 11 2 266445
133986 11 3 266446
133988 11 5 266447
133990 11 9 266448
133992 11 10 266449
133994 11 14 266450
133996 11 15 266451
133998 11 19 266452
134000 11 21 266453
134002 11 22 266454
134004 11 23 266455
134006 11 1 266456
134008 11 2 266457
134010 11 3 266458
134012 11 5 266459
134014 11 9 266460
134016 11 10 266461
134018 11 14 266462
134020 11 15 266463
134022 11 19 266464
134024 11 21 266465
134026 11 22 266466
134028 11 23 266467
134030 11 1 266468
134032 11 2 266469
134034 11 3 266470
134036 11 5 266471
134038 11 9 266472
134040 11 10 266473
134042 11 14 266474
134044 11 15 266475
134046 11 19 266476
134048 11 21 266477
134050 11 22 266478
134052 11 23 266479
134054 11 1 266480
134056 11 2 266481
134058 11 3 266482
134060 11 5 266483
134062 11 9 266484
134064 11 10 266485
134066 11 14 266486
134068 11 15 266487
134070 11 19 266488
134072 11 21 266489
134074 11 22 266490
134076 11 23 266491
134078 11 1 266492
134080 11 2 266493
134082 11 3 266494
134084 11 5 266495
134086 11 9 266496
134088 11 10 266497
134090 11 14 266498
134092 11 15 266499
134094 11 19 266500
134096 11 21 266501
134098 11 1 266240
134100 11 2 266241
134102 11 3 266242
134104 11 5 266243
134106 11 9 266244
134108 11 10 266245
134110 11 14 266246
134112 11 15 266247
134114 11 19 266248
134116 11 21 266249
134118 11 22 266250
134120 11 23 266251
134122 11 1 266252
134124 11 2 266253
134126 11 3 266254
134128 11 5 266255
134130 11 9 266256
134132 11 10 266257
134134 11 14 266258
134136 11 15 266259
134138 11 19 266260
134140 11 21 266261
134142 11 22 266262
134144 11 23 266263
134146 11 1 266264
134148 11 2 266265
134150 11 3 266266
134152 11 5 266267
134154 11 9 266268
134156 11 10 266269
134158 11 14 266270
134160 11 15 266271
134162 11 19 266272
134164 11 21 266273
134166 11 22 266274
134168 11 23 266275
134170 11 1 266276
134172 11 2 266277
134174 11 3 266278
134176 11 5 266279
134178 11 9 266280
134180 11 10 266281
134182 11 14 266282
134184 11 15 266283
134186 11 19 266284
134188 11 21 266285
134190 11 22 266286
134192 11 23 266287
134194 11 1 266288
134196 11 2 266289
134198 11 3 266290
134200 11 5 266291
134202 11 9 266292
134204 11 10 266293
134206 11 14 266294
134208 11 15 266295
134210 11 19 266296
134212 11 21 266297
134214 11 22 266298
134216 11 23 266299
134218 11 1 266300
134220 11 2 266301
134222 11 3 266302
134224 11 5 266303
134226 11 9 266304
134228 11 10 266305
134230 11 14 266306
134232 11 15 266307
134234 11 19 266308
134236 11 21 266309
134238 11 22 266310
134240 11 23 266311
134242 11 1 266312
134244 11 2 266313
134246 11 3 266314
134248 11 5 266315
134250 11 9 266316
134252 11 10 266317
134254 11 14 266318
134256 11 15 266319
134258 11 19 266320
134260 11 21 266321
134262 11 22 266322
134264 11 23 266323
134266 11 1 266324
134268 11 2 266325
134270 11 3 266326
134272 11 5 266327
134274 11 9 266328
134276 11 10 266329
134278 11 14 266330
134280 11 15 266331
134282 11 19 266332
134284 11 21 266333
134286 11 22 266334
134288 11 23 266335
134290 11 1 266336
134292 11 22 266502
134294 11 23 266503
134296 11 1 266504
134298 11 2 266505
134300 11 3 266506
134302 11 5 266507
134304 11 9 266508
134306 11 10 266509
134308 11 14 266510
134310 11 15 266511
134312 11 19 266512
134314 11 21 266513
134316 11 22 266514
134318 11 23 266515
134320 11 1 266516
134322 11 2 266517
134324 11 3 266518
134326 11 5 266519
134328 11 9 266520
134330 11 10 266521
134332 11 14 266522
134334 11 15 266523
134336 11 19 266524
134338 11 21 266525
134340 11 22 266526
134342 11 23 266527
134344 11 1 266528
134346 11 2 266529
134348 11 3 266530
134350 11 5 266531
134352 11 9 266532
134354 11 10 266533
134356 11 14 266534
134358 11 15 266535
134360 11 19 266536
134362 11 21 266537
134364 11 22 266538
134366 11 23 266539
134368 11 1 266540
134370 11 2 266541
134372 11 3 266542
134374 11 5 266543
134376 11 9 266544
134378 11 10 266545
134380 11 14 266546
134382 11 15 266547
134384 11 19 266548
134386 11 21 266549
134388 11 22 266550
134390 11 23 266551
134392 11 1 266552
134394 11 2 266553
134396 11 3 266554
134398 11 5 266555
134400 11 9 266556
134402 11 10 266557
134404 11 14 266558
134406 11 15 266559
134408 11 19 266560
134410 11 21 266561
134412 11 22 266562
134414 11 23 266563
134416 11 1 266564
134418 11 2 266565
134420 11 3 266566
134422 11 5 266567
134424 11 9 266568
134426 11 10 266569
134428 11 14 266570
134430 11 15 266571
134432 11 19 266572
134434 11 21 266573
134436 11 22 266574
134438 11 23 266575
134440 11 1 266576
134442 11 2 266577
134444 11 3 266578
134446 11 5 266579
134448 11 9 266580
134450 11 10 266581
134452 11 14 266582
134454 11 15 266583
134456 11 19 266584
134458 11 21 266585
134460 11 22 266586
134462 11 23 266587
134464 11 1 266588
134466 11 2 266589
134468 11 3 266590
134470 11 5 266591
134472 11 9 266592
134474 11 10 266593
134476 11 14 266594
134478 11 15 266595
134480 11 19 266596
134482 11 21 266597
134484 11 22 266598
134486 11 23 266599
134488 11 1 266600
134490 11 2 266601
134492 11 3 266602
134494 11 5 266603
134496 11 9 266604
134498 11 10 266605
134500 11 14 266606
134502 11 15 266607
134504 11 19 266608
134506 11 21 266609
134508 11 22 266610
134510 11 23 266611
134512 11 1 266612
134514 11 2 266613
134516 11 3 266614
134518 11 5 266615
134520 11 9 266616
134522 11 10 266617
134524 11 14 266618
134526 11 15 266619
134528 11 19 266620
134530 11 21 266621
134532 11 22 266622
134534 11 23 266623
134536 11 1 266624
134538 11 2 266625
134540 11 3 266626
134542 11 5 266627
134544 11 9 266628
134546 11 10 266629
134548 11 14 266630
134550 11 15 266631
134552 11 19 266632
134554 11 21 266633
134556 11 22 266634
134558 11 23 266635
134560 11 1 266636
134562 11 2 266637
134564 11 3 266638
134566 11 5 266639
134568 11 9 266640
134570 11 10 266641
134572 11 14 266642
134574 11 15 266643
134576 11 19 266644
134578 11 21 266645
134580 11 22 266646
134582 11 23 266647
134584 11 1 266648
134586 11 2 266649
134588 11 3 266650
134590 11 5 266651
134592 11 9 266652
134594 11 10 266653
134596 11 14 266654
134598 11 15 266655
134600 11 19 266656
134602 11 21 266657
134604 11 22 266658
134606 11 23 266659
134608 11 1 266660
134610 11 2 266661
134612 11 3 266662
134614 11 5 266663
134616 11 9 266664
134618 11 10 266665
134620 11 14 266666
134622 11 15 266667
134624 11 19 266668
134626 11 21 266669
134628 11 22 266670
134630 11 23 266671
134632 11 1 266672
134634 11 2 266673
134636 11 3 266674
134638 11 5 266675
134640 11 9 266676
134642 11 10 266677
134644 11 14 266678
134646 11 15 266679
134648 11 19 266680
134650 11 21 266681
134652 11 22 266682
134654 11 23 266683
134656 11 1 266684
134658 11 2 266685
134660 11 3 266686
134662 11 5 266687
134664 11 9 266688
134666 11 10 266689
134668 11 14 266690
134670 11 15 266691
134672 11 19 266692
134674 11 21 266693
134676 11 22 266694
134678 11 23 266695
134680 11 1 266696
134682 11 2 266697
134684 11 3 266698
134686 11 5 266699
134688 11 9 266700
134690 11 10 266701
134692 11 14 266702
134694 11 15 266703
134696 11 19 266704
134698 11 21 266705
134700 11 22 266706
134702 11 23 266707
134704 11 1 266708
134706 11 2 266709
134708 11 3 266710
134710 11 5 266711
134712 11 9 266712
134714 11 10 266713
134716 11 14 266714
134718 11 15 266715
134720 11 19 266716
134722 11 21 266717
134724 11 22 266718
134726 11 23 266719
134728 11 1 266720
134730 11 2 266721
134732 11 3 266722
134734 11 5 266723
134736 11 9 266724
134738 11 10 266725
134740 11 14 266726
134742 11 15 266727
134744 11 19 266728
134746 11 21 266729
134748 11 22 266730
134750 11 23 266731
134752 11 1 266732
134754 11 2 266733
134756 11 3 266734
134758 11 5 266735
134760 11 9 266736
134762 11 10 266737
134764 11 14 266738
134766 11 15 266739
134768 11 19 266740
134770 11 21 266741
134772 11 22 266742
134774 11 23 266743
134776 11 1 266744
134778 11 2 266745
134780 11 3 266746
134782 11 5 266747
134784 11 9 266748
134786 11 10 266749
134788 11 14 266750
134790 11 15 266751
134792 11 19 266752
134794 11 21 266753
134796 11 22 266754
134798 11 23 266755
134800 11 1 266756
134802 11 2 266757
134804 11 3 266758
134806 11 5 266759
134808 11 9 266760
134810 11 10 266761
134812 11 14 266762
134814 11 15 266763
134816 11 19 266764
134818 11 21 266765
134820 11 22 266766
134822 11 23 266767
134824 11 1 266768
134826 11 2 266769
134828 11 3 266770
134830 11 5 266771
134832 11 9 266772
134834 11 10 266773
134836 11 14 266774
134838 11 15 266775
134840 11 19 266776
134842 11 21 266777
134844 11 22 266778
134846 11 23 266779
134848 11 1 266780
134850 11 2 266781
134852 11 3 266782
134854 11 5 266783
134856 11 9 266784
134858 11 10 266785
134860 11 14 266786
134862 11 15 266787
134864 11 19 266788
134866 11 21 266789
134868 11 22 266790
134870 11 23 266791
134872 11 1 266792
134874 11 2 266793
134876 11 3 266794
134878 11 5 266795
134880 11 9 266796
134882 11 10 266797
134884 11 14 266798
134886 11 15 266799
134888 11 19 266800
134890 11 21 266801
134892 11 22 266802
134894 11 23 266803
134896 11 1 266804
134898 11 2 266805
134900 11 3 266806
134902 11 5 266807
134904 11 9 266808
134906 11 10 266809
134908 11 14 266810
134910 11 15 266811
134912 11 19 266812
134914 11 21 266813
134916 11 22 266814
134918 11 23 266815
134920 11 1 266816
134922 11 2 266817
134924 11 3 266818
134926 11 5 266819
134928 11 9 266820
134930 11 10 266821
134932 11 14 266822
134934 11 15 266823
134936 11 19 266824
134938 11 21 266825
134940 11 22 266826
134942 11 23 266827
134944 11 1 266828
134946 11 2 266829
134948 11 3 266830
134950 11 5 266831
134952 11 9 266832
134954 11 10 266833
134956 11 14 266834
134958 11 15 266835
134960 11 19 266836
134962 11 21 266837
134964 11 22 266838
134966 11 23 266839
134968 11 1 266840
134970 11 2 266841
134972 11 3 266842
134974 11 5 266843
134976 11 9 266844
134978 11 10 266845
134980 11 14 266846
134982 11 15 266847
134984 11 19 266848
134986 11 21 266849
134988 11 22 266850
134990 11 23 266851
134992 11 1 266852
134994 11 2 266853
134996 11 3 266854
134998 11 5 266855
135000 11 9 266856
135002 11 10 266857
135004 11 14 266858
135006 11 15 266859
135008 11 19 266860
135010 11 21 266861
135012 11 22 266862
135014 11 23 266863
135016 11 1 266864
135018 11 2 266865
135020 11 3 266866
135022 11 5 266867
135024 11 9 266868
135026 11 10 266869
135028 11 14 266870
135030 11 15 266871
135032 11 19 266872
135034 11 21 266873
135036 11 22 266874
135038 11 23 266875
135040 11 1 266876
135042 11 2 266877
135044 11 3 266878
135046 11 5 266879
135048 11 9 266880
135050 11 10 266881
135052 11 14 266882
135054 11 15 266883
135056 11 19 266884
135058 11 21 266885
135060 11 22 266886
135062 11 23 266887
135064 11 1 266888
135066 11 2 266889
135068 11 3 266890
135070 11 5 266891
135072 11 9 266892
135074 11 10 266893
135076 11 14 266894
135078 11 15 266895
135080 11 19 266896
135082 11 21 266897
135084 11 22 266898
135086 11 23 266899
135088 11 1 266900
135090 11 2 266901
135092 11 3 266902
135094 11 5 266903
135096 11 9 266904
135098 11 10 266905
135100 11 14 266906
135102 11 15 266907
135104 11 19 266908
135106 11 21 266909
135108 11 22 266910
135110 11 23 266911
135112 11 1 266912
135114 11 2 266913
135116 11 3 266914
135118 11 5 266915
135120 11 9 266916
135122 11 10 266917
135124 11 14 266918
135126 11 15 266919
135128 11 19 266920
135130 11 21 266921
135132 11 22 266922
135134 11 23 266923
135136 11 1 266924
135138 11 2 266925
135140 11 3 266926
135142 11 5 266927
135144 11 9 266928
135146 11 10 266929
135148 11 14 266930
135150 11 15 266931
135152 11 19 266932
135154 11 21 266933
135156 11 22 266934
135158 11 23 266935
135160 11 1 266936
135162 11 2 266937
135164 11 3 266938
135166 11 5 266939
135168 11 9 266940
135170 11 10 266941
135172 11 14 266942
135174 11 15 266943
135176 11 19 266944
135178 11 21 266945
135180 11 22 266946
135182 11 23 266947
135184 11 1 266948
135186 11 2 266949
135188 11 3 266950
135190 11 5 266951
135192 11 9 266952
135194 11 10 266953
135196 11 14 266954
135198 11 15 266955
135200 11 19 266956
135202 11 21 266957
135204 11 22 266958
135206 11 23 266959
135208 11 1 266960
135210 11 2 266961
135212 11 3 266962
135214 11 5 266963
135216 11 9 266964
135218 11 10 266965
135220 11 14 266966
135222 11 15 266967
135224 11 19 266968
135226 11 21 266969
135228 11 22 266970
135230 11 23 266971
135232 11 1 266972
135234 11 2 266973
135236 11 3 266974
135238 11 5 266975
135240 11 9 266976
135242 11 10 266977
135244 11 14 266978
135246 11 15 266979
135248 11 19 266980
135250 11 21 266981
135252 11 22 266982
135254 11 23 266983
135256 11 1 266984
135258 11 2 266985
135260 11 3 266986
135262 11 5 266987
135264 11 9 266988
135266 11 10 266989
135268 11 14 266990
135270 11 15 266991
135272 11 19 266992
135274 11 21 266993
135276 11 22 266994
135278 11 23 266995
135280 11 1 266996
135282 11 2 266997
135284 11 3 266998
135286 11 5 266999
135288 11 9 267000
135290 11 10 267001
135292 11 14 267002
135294 11 15 267003
135296 11 19 267004
135298 11 21 267005
135300 11 22 267006
135302 11 23 267007
135304 11 1 267008
135306 11 2 267009
135308 11 3 267010
135310 11 5 267011
135312 11 9 267012
135314 11 10 267013
135316 11 14 267014
135318 11 15 267015
135320 11 19 267016
135322 11 21 267017
135324 11 22 267018
135326 11 23 267019
135328 11 1 267020
135330 11 2 267021
135332 11 3 267022
135334 11 5 267023
135336 11 9 267024
135338 11 10 267025
135340 11 14 267026
135342 11 15 267027
135344 11 19 267028
135346 11 21 267029
135348 11 22 267030
135350 11 23 267031
135352 11 1 267032
135354 11 2 267033
135356 11 3 267034
135358 11 5 267035
135360 11 9 267036
135362 11 10 267037
135364 11 14 267038
135366 11 15 267039
135368 11 19 267040
135370 11 21 267041
135372 11 22 267042
135374 11 23 267043
135376 11 1 267044
135378 11 2 267045
135380 11 3 267046
135382 11 5 267047
135384 11 9 267048
135386 11 10 267049
135388 11 14 267050
135390 11 15 267051
135392 11 19 267052
135394 11 21 267053
135396 11 22 267054
135398 11 23 267055
135400 11 1 267056
135402 11 2 267057
135404 11 3 267058
135406 11 5 267059
135408 11 9 267060
135410 11 10 267061
135412 11 14 267062
135414 11 15 267063
135416 11 19 267064
135418 11 21 267065
135420 11 22 267066
135422 11 23 267067
135424 11 1 267068
135426 11 2 267069
135428 11 3 267070
135430 11 5 267071
135432 11 9 267072
135434 11 10 267073
135436 11 14 267074
135438 11 15 267075
135440 11 19 267076
135442 11 21 267077
135444 11 22 267078
135446 11 23 267079
135448 11 1 267080
135450 11 2 267081
135452 11 3 267082
135454 11 5 267083
135456 11 9 267084
135458 11 10 267085
135460 11 14 267086
135462 11 15 267087
135464 11 19 267088
135466 11 21 267089
135468 11 22 267090
135470 11 23 267091
135472 11 1 267092
135474 11 2 267093
135476 11 3 267094
135478 11 5 267095
135480 11 9 267096
135482 11 10 267097
135484 11 14 267098
135486 11 15 267099
135488 11 19 267100
135490 11 21 267101
135492 11 22 267102
135494 11 23 267103
135496 11 1 267104
135498 11 2 267105
135500 11 3 267106
135502 11 5 267107
135504 11 9 267108
135506 11 10 267109
135508 11 14 267110
135510 11 15 267111
135512 11 19 267112
135514 11 21 267113
135516 11 22 267114
135518 11 23 267115
135520 11 1 267116
135522 11 2 267117
135524 11 3 267118
135526 11 5 267119
135528 11 9 267120
135530 11 10 267121
135532 11 14 267122
135534 11 15 267123
135536 11 19 267124
135538 11 21 267125
135540 11 22 267126
135542 11 23 267127
135544 11 1 267128
135546 11 2 267129
135548 11 3 267130
135550 11 5 267131
135552 11 9 267132
135554 11 10 267133
135556 11 14 267134
135558 11 15 267135
135560 11 19 267136
135562 11 21 267137
135564 11 22 267138
135566 11 23 267139
135568 11 1 267140
135570 11 2 267141
135572 11 3 267142
135574 11 5 267143
135576 11 9 267144
135578 11 10 267145
135580 11 14 267146
135582 11 15 267147
135584 11 19 267148
135586 11 21 267149
135588 11 22 267150
135590 11 23 267151
135592 11 1 267152
135594 11 2 267153
135596 11 3 267154
135598 11 5 267155
135600 11 9 267156
135602 11 10 267157
135604 11 14 267158
135606 11 15 267159
135608 11 19 267160
135610 11 21 267161
135612 11 22 267162
135614 11 23 267163
135616 11 1 267164
135618 11 2 267165
135620 11 3 267166
135622 11 5 267167
135624 11 9 267168
135626 11 10 267169
135628 11 14 267170
135630 11 15 267171
135632 11 19 267172
135634 11 21 267173
135636 11 22 267174
135638 11 23 267175
135640 11 1 267176
135642 11 2 267177
135644 11 3 267178
135646 11 5 267179
135648 11 9 267180
135650 11 10 267181
135652 11 14 267182
135654 11 15 267183
135656 11 19 267184
135658 11 21 267185
135660 11 22 267186
135662 11 23 267187
135664 11 1 267188
135666 11 2 267189
135668 11 3 267190
135670 11 5 267191
135672 11 9 267192
135674 11 10 267193
135676 11 14 267194
135678 11 15 267195
135680 11 19 267196
135682 11 21 267197
135684 11 22 267198
135686 11 23 267199
135688 11 1 267200
135690 11 2 267201
135692 11 3 267202
135694 11 5 267203
135696 11 9 267204
135698 11 10 267205
135700 11 14 267206
135702 11 15 267207
135704 11 19 267208
135706 11 21 267209
135708 11 22 267210
135710 11 23 267211
135712 11 1 267212
135714 11 2 267213
135716 11 3 267214
135718 11 5 267215
135720 11 9 267216
135722 11 10 267217
135724 11 14 267218
135726 11 15 267219
135728 11 19 267220
135730 11 21 267221
135732 11 22 267222
135734 11 23 267223
135736 11 1 267224
135738 11 2 267225
135740 11 3 267226
135742 11 5 267227
135744 11 9 267228
135746 11 10 267229
135748 11 14 267230
135750 11 15 267231
135752 11 19 267232
135754 11 21 267233
135756 11 22 267234
135758 11 23 267235
135760 11 1 267236
135762 11 2 267237
135764 11 3 267238
135766 11 5 267239
135768 11 9 267240
135770 11 10 267241
135772 11 14 267242
135774 11 15 267243
135776 11 19 267244
135778 11 21 267245
135780 11 22 267246
135782 11 23 267247
135784 11 1 267248
135786 11 2 267249
135788 11 3 267250
135790 11 5 267251
135792 11 9 267252
135794 11 10 267253
135796 11 14 267254
135798 11 15 267255
135800 11 19 267256
135802 11 21 267257
135804 11 22 267258
135806 11 23 267259
135808 11 1 267260
135810 11 2 267261
135812 11 3 267262
135814 11 5 267263
135816 11 1 267264
135818 11 2 267265
135820 11 3 267266
135822 11 5 267267
135824 11 9 267268
135826 11 10 267269
135828 11 14 267270
135830 11 15 267271
135832 11 19 267272
135834 11 21 267273
135836 11 22 267274
135838 11 23 267275
135840 11 1 267276
135842 11 2 267277
135844 11 3 267278
135846 11 5 267279
135848 11 9 267280
135850 11 10 267281
135852 11 14 267282
135854 11 15 267283
135856 11 19 267284
135858 11 21 267285
135860 11 22 267286
135862 11 23 267287
135864 11 1 267288
135866 11 2 267289
135868 11 3 267290
135870 11 5 267291
135872 11 9 267292
135874 11 10 267293
135876 11 14 267294
135878 11 15 267295
135880 11 19 267296
135882 11 21 267297
135884 11 22 267298
135886 11 23 267299
135888 11 1 267300
135890 11 2 267301
135892 11 3 267302
135894 11 5 267303
135896 11 9 267304
135898 11 10 267305
135900 11 14 267306
135902 11 15 267307
135904 11 19 267308
135906 11 21 267309
135908 11 22 267310
135910 11 23 267311
135912 11 1 267312
135914 11 2 267313
135916 11 3 267314
135918 11 5 267315
135920 11 9 267316
135922 11 10 267317
135924 11 14 267318
135926 11 15 267319
135928 11 19 267320
135930 11 21 267321
135932 11 22 267322
135934 11 23 267323
135936 11 1 267324
135938 11 2 267325
135940 11 3 267326
135942 11 5 267327
135944 11 9 267328
135946 11 10 267329
135948 11 14 267330
135950 11 15 267331
135952 11 19 267332
135954 11 21 267333
135956 11 22 267334
135958 11 23 267335
135960 11 1 267336
135962 11 2 267337
135964 11 3 267338
135966 11 5 267339
135968 11 9 267340
135970 11 10 267341
135972 11 14 267342
135974 11 15 267343
135976 11 19 267344
135978 11 21 267345
135980 11 22 267346
135982 11 23 267347
135984 11 1 267348
135986 11 2 267349
135988 11 3 267350
135990 11 5 267351
135992 11 9 267352
135994 11 10 267353
135996 11 14 267354
135998 11 15 267355
136000 11 19 267356
136002 11 21 267357
136004 11 22 267358
136006 11 23 267359
136008 11 1 267360
136010 11 2 267361
136012 11 3 267362
136014 11 5 267363
136016 11 9 267364
136018 11 10 267365
136020 11 14 267366
136022 11 15 267367
136024 11 19 267368
136026 11 21 267369
136028 11 22 267370
136030 11 23 267371
136032 11 1 267372
136034 11 2 267373
136036 11 3 267374
136038 11 5 267375
136040 11 9 267376
136042 11 10 267377
136044 11 14 267378
136046 11 15 267379
136048 11 19 267380
136050 11 21 267381
136052 11 22 267382
136054 11 23 267383
136056 11 1 267384
136058 11 2 267385
136060 11 3 267386
136062 11 5 267387
136064 11 9 267388
136066 11 10 267389
136068 11 14 267390
136070 11 15 267391
136072 11 19 267392
136074 11 21 267393
136076 11 22 267394
136078 11 23 267395
136080 11 1 267396
136082 11 2 267397
136084 11 3 267398
136086 11 5 267399
136088 11 9 267400
136090 11 10 267401
136092 11 14 267402
136094 11 15 267403
136096 11 19 267404
136098 11 21 267405
136100 11 22 267406
136102 11 23 267407
136104 11 1 267408
136106 11 2 267409
136108 11 3 267410
136110 11 5 267411
136112 11 9 267412
136114 11 10 267413
136116 11 14 267414
136118 11 15 267415
136120 11 19 267416
136122 11 21 267417
136124 11 22 267418
136126 11 23 267419
136128 11 1 267420
136130 11 2 267421
136132 11 3 267422
136134 11 5 267423
136136 11 9 267424
136138 11 10 267425
136140 11 14 267426
136142 11 15 267427
136144 11 19 267428
136146 11 21 267429
136148 11 22 267430
136150 11 23 267431
136152 11 1 267432
136154 11 2 267433
136156 11 3 267434
136158 11 5 267435
136160 11 9 267436
136162 11 10 267437
136164 11 14 267438
136166 11 15 267439
136168 11 19 267440
136170 11 21 267441
136172 11 22 267442
136174 11 23 267443
136176 11 1 267444
136178 11 2 267445
136180 11 3 267446
136182 11 5 267447
136184 11 9 267448
136186 11 10 267449
136188 11 14 267450
136190 11 15 267451
136192 11 19 267452
136194 11 21 267453
136196 11 22 267454
136198 11 23 267455
136200 11 1 267456
136202 11 2 267457
136204 11 3 267458
136206 11 5 267459
136208 11 9 267460
136210 11 10 267461
136212 11 14 267462
136214 11 15 267463
136216 11 19 267464
136218 11 21 267465
136220 11 22 267466
136222 11 23 267467
136224 11 1 267468
136226 11 2 267469
136228 11 3 267470
136230 11 5 267471
136232 11 9 267472
136234 11 10 267473
136236 11 14 267474
136238 11 15 267475
136240 11 19 267476
136242 11 21 267477
136244 11 22 267478
136246 11 23 267479
136248 11 1 267480
136250 11 2 267481
136252 11 3 267482
136254 11 5 267483
136256 11 9 267484
136258 11 10 267485
136260 11 14 267486
136262 11 15 267487
136264 11 19 267488
136266 11 2 12129
138314 11 1 199028
138316 11 5 199031
138618 11 3 199030
140298 11 2 199029
142410 11 1 235904
142412 11 3 235942
142440 11 5 235943
142604 11 9 235944
142612 11 10 235945
142624 11 14 235946
142716 11 15 235947
142718 11 2 236013
142722 11 19 235948
142802 11 21 235949
142818 11 22 235950
142922 11 23 235951
143014 11 1 235952
143074 11 2 235953
143086 11 3 235954
143194 11 5 235955
143218 11 9 235956
143220 11 22 236022
143224 11 10 235957
143232 11 14 235958
143280 11 15 235959
143420 11 21 235961
143432 11 22 235962
143552 11 23 235963
144148 11 1 235964
144232 11 2 235965
144292 11 3 235966
144304 11 5 235967
144332 11 9 235968
144340 11 10 235969
144392 11 14 235970
144400 11 15 235971
144512 11 19 235972
144572 11 21 235973
144588 11 22 235974
144672 11 23 235975
144688 11 1 235976
144808 11 2 235977
144828 11 3 235978
144844 11 5 235979
144984 11 9 235980
145032 11 14 235982
145128 11 15 235983
145136 11 19 235984
145228 11 21 235985
145240 11 22 235986
145248 11 1 235988
145356 11 2 235989
145388 11 3 235990
145400 11 5 235991
145444 11 9 235992
145576 11 10 235993
145620 11 14 235994
145640 11 15 235995
145676 11 19 235996
145832 11 21 235997
146020 11 22 235998
146056 11 23 235999
146076 11 1 236000
146272 11 2 236001
146280 11 3 236002
146284 11 5 236003
146332 11 9 236004
146384 11 10 236005
146510 11 5 258035
146512 11 9 258036
146514 11 10 258037
146516 11 14 258038
146518 11 15 258039
146520 11 19 258040
146522 11 21 258041
146524 11 22 258042
146526 11 23 258043
146528 11 1 258044
146530 11 2 258045
146532 11 3 258046
146534 11 5 258047
146692 11 23 257419
146694 11 1 257420
146696 11 2 257421
146698 11 3 257422
146700 11 5 257423
146702 11 9 257424
146704 11 10 257425
146706 11 14 257426
146708 11 15 257427
146710 11 19 257428
146712 11 21 257429
146714 11 22 257430
146716 11 23 257431
146718 11 1 257432
146720 11 2 257433
146722 11 3 257434
146724 11 5 257435
146726 11 9 257436
146728 11 10 257437
146730 11 14 257438
146732 11 15 257439
146734 11 19 257440
146736 11 21 257441
146738 11 22 257442
146740 11 23 257443
146742 11 1 257444
146744 11 2 257445
146746 11 3 257446
146748 11 5 257447
146750 11 9 257448
146752 11 10 257449
146754 11 14 257450
146756 11 15 257451
146758 11 19 257452
146760 11 21 257453
146762 11 22 257454
146764 11 23 257455
146766 11 1 257456
146768 11 2 257457
146770 11 3 257458
146772 11 5 257459
146774 11 9 257460
146776 11 10 257461
146778 11 14 257462
146780 11 15 257463
146782 11 19 257464
146784 11 21 257465
146786 11 22 257466
146788 11 23 257467
146790 11 1 257468
146792 11 2 257469
146794 11 3 257470
146796 11 5 257471
146798 11 9 257472
146800 11 10 257473
146802 11 14 257474
146804 11 15 257475
146806 11 19 257476
146808 11 21 257477
146810 11 22 257478
146812 11 23 257479
146814 11 1 257480
146816 11 2 257481
146818 11 3 257482
146820 11 5 257483
146822 11 9 257484
146824 11 10 257485
146826 11 14 257486
146828 11 15 257487
146830 11 19 257488
146832 11 21 257489
146834 11 22 257490
146836 11 23 257491
146838 11 1 257492
146840 11 2 257493
146842 11 3 257494
146844 11 5 257495
146846 11 9 257496
146848 11 10 257497
146850 11 14 257498
146852 11 15 257499
146854 11 19 257500
146856 11 21 257501
146858 11 22 257502
146860 11 23 257503
146862 11 1 257504
146864 11 2 257505
146866 11 3 257506
146868 11 5 257507
146870 11 9 257508
146872 11 10 257509
146874 11 14 257510
146876 11 15 257511
146878 11 19 257512
146880 11 21 257513
146882 11 22 257514
146884 11 23 257515
146886 11 1 257516
146888 11 2 257517
146890 11 3 257518
146892 11 5 257519
146894 11 9 257520
146896 11 10 257521
146898 11 14 257522
146900 11 15 257523
146902 11 19 257524
146904 11 21 257525
146906 11 22 257526
146908 11 23 257527
146910 11 1 257528
146912 11 2 257529
146914 11 3 257530
146916 11 5 257531
146918 11 9 257532
146920 11 10 257533
146922 11 14 257534
146924 11 15 257535
146926 11 19 257536
146928 11 21 257537
146930 11 22 257538
146932 11 23 257539
146934 11 1 257540
146936 11 2 257541
146938 11 3 257542
146940 11 5 257543
146942 11 9 257544
146944 11 10 257545
146946 11 14 257546
146948 11 15 257547
146950 11 19 257548
146952 11 21 257549
146954 11 22 257550
146956 11 23 257551
146958 11 1 257552
146960 11 2 257553
146962 11 3 257554
146964 11 5 257555
146966 11 9 257556
146968 11 10 257557
146970 11 14 257558
146972 11 15 257559
146974 11 19 257560
146976 11 21 257561
146978 11 22 257562
146980 11 23 257563
146982 11 1 257564
146984 11 2 257565
146986 11 3 257566
146988 11 5 257567
146990 11 9 257568
146992 11 10 257569
146994 11 14 257570
146996 11 15 257571
146998 11 19 257572
147000 11 21 257573
147002 11 22 257574
147004 11 23 257575
147006 11 1 257576
147008 11 2 257577
147010 11 3 257578
147012 11 5 257579
147014 11 9 257580
147016 11 10 257581
147018 11 14 257582
147020 11 15 257583
147022 11 19 257584
147024 11 21 257585
147026 11 22 257586
147028 11 23 257587
147030 11 1 257588
147032 11 2 257589
147034 11 3 257590
147036 11 5 257591
147038 11 9 257592
147040 11 10 257593
147042 11 14 257594
147044 11 15 257595
147046 11 19 257596
147048 11 21 257597
147050 11 22 257598
147052 11 23 257599
147054 11 1 257600
147056 11 2 257601
147058 11 3 257602
147060 11 5 257603
147062 11 9 257604
147064 11 10 257605
147066 11 14 257606
147068 11 15 257607
147070 11 19 257608
147072 11 21 257609
147074 11 22 257610
147076 11 23 257611
147078 11 1 257612
147080 11 2 257613
147082 11 3 257614
147084 11 5 257615
147086 11 9 257616
147088 11 10 257617
147090 11 14 257618
147092 11 15 257619
147094 11 19 257620
147096 11 21 257621
147098 11 22 257622
147100 11 23 257623
147102 11 1 257624
147104 11 2 257625
147106 11 3 257626
147108 11 5 257627
147110 11 9 257628
147112 11 10 257629
147114 11 14 257630
147116 11 15 257631
147118 11 19 257632
147120 11 21 257633
147122 11 22 257634
147124 11 23 257635
147126 11 1 257636
147128 11 2 257637
147130 11 3 257638
147132 11 5 257639
147134 11 9 257640
147136 11 10 257641
147138 11 14 257642
147140 11 15 257643
147142 11 19 257644
147144 11 21 257645
147146 11 22 257646
147148 11 23 257647
147150 11 1 257648
147152 11 2 257649
147154 11 3 257650
147156 11 5 257651
147158 11 9 257652
147160 11 10 257653
147162 11 14 257654
147164 11 15 257655
147166 11 19 257656
147168 11 21 257657
147170 11 22 257658
147172 11 23 257659
147174 11 1 257660
147176 11 2 257661
147178 11 3 257662
147180 11 5 257663
147182 11 9 257664
147184 11 10 257665
147186 11 14 257666
147188 11 15 257667
147190 11 19 257668
147192 11 21 257669
147194 11 22 257670
147196 11 23 257671
147198 11 1 257672
147200 11 2 257673
147202 11 3 257674
147204 11 5 257675
147206 11 9 257676
147208 11 10 257677
147210 11 14 257678
147212 11 15 257679
147214 11 19 257680
147216 11 21 257681
147218 11 22 257682
147220 11 23 257683
147222 11 1 257684
147224 11 2 257685
147226 11 3 257686
147228 11 5 257687
147230 11 9 257688
147232 11 10 257689
147234 11 14 257690
147236 11 15 257691
147238 11 19 257692
147240 11 21 257693
147242 11 22 257694
147244 11 23 257695
147246 11 1 257696
147248 11 2 257697
147250 11 3 257698
147252 11 5 257699
147254 11 9 257700
147256 11 10 257701
147258 11 14 257702
147260 11 15 257703
147262 11 19 257704
147264 11 21 257705
147266 11 22 257706
147268 11 23 257707
147270 11 1 257708
147272 11 2 257709
147274 11 3 257710
147276 11 5 257711
147278 11 9 257712
147280 11 10 257713
147282 11 14 257714
147284 11 15 257715
147286 11 19 257716
147288 11 21 257717
147290 11 22 257718
147292 11 23 257719
147294 11 1 257720
147296 11 2 257721
147298 11 3 257722
147300 11 5 257723
147302 11 9 257724
147304 11 10 257725
147306 11 14 257726
147308 11 15 257727
147310 11 19 257728
147312 11 21 257729
147314 11 22 257730
147316 11 23 257731
147318 11 1 257732
147320 11 2 257733
147322 11 3 257734
147324 11 5 257735
147326 11 9 257736
147328 11 10 257737
147330 11 14 257738
147332 11 15 257739
147334 11 19 257740
147336 11 21 257741
147338 11 22 257742
147340 11 23 257743
147342 11 1 257744
147344 11 2 257745
147346 11 3 257746
147348 11 5 257747
147350 11 9 257748
147352 11 10 257749
147354 11 14 257750
147356 11 15 257751
147358 11 19 257752
147360 11 21 257753
147362 11 22 257754
147364 11 23 257755
147366 11 1 257756
147368 11 2 257757
147370 11 3 257758
147372 11 5 257759
147374 11 9 257760
147376 11 10 257761
147378 11 14 257762
147380 11 15 257763
147382 11 19 257764
147384 11 21 257765
147386 11 22 257766
147388 11 23 257767
147390 11 1 257768
147392 11 2 257769
147394 11 3 257770
147396 11 5 257771
147398 11 9 257772
147400 11 10 257773
147402 11 14 257774
147404 11 15 257775
147406 11 19 257776
147408 11 21 257777
147410 11 22 257778
147412 11 23 257779
147414 11 1 257780
147416 11 2 257781
147418 11 3 257782
147420 11 5 257783
147422 11 9 257784
147424 11 10 257785
147426 11 14 257786
147428 11 15 257787
147430 11 19 257788
147432 11 21 257789
147434 11 22 257790
147436 11 23 257791
147438 11 1 257792
147440 11 2 257793
147442 11 3 257794
147444 11 5 257795
147446 11 9 257796
147448 11 10 257797
147450 11 14 257798
147452 11 15 257799
147454 11 19 257800
147456 11 21 257801
147458 11 22 257802
147460 11 23 257803
147462 11 1 257804
147464 11 2 257805
147466 11 3 257806
147468 11 5 257807
147470 11 9 257808
147472 11 10 257809
147474 11 14 257810
147476 11 15 257811
147478 11 19 257812
147480 11 21 257813
147482 11 22 257814
147484 11 23 257815
147486 11 1 257816
147488 11 2 257817
147490 11 3 257818
147492 11 5 257819
147494 11 9 257820
147496 11 10 257821
147498 11 14 257822
147500 11 15 257823
147502 11 19 257824
147504 11 21 257825
147506 11 22 257826
147508 11 23 257827
147510 11 1 257828
147512 11 2 257829
147514 11 3 257830
147516 11 5 257831
147518 11 9 257832
147520 11 10 257833
147522 11 14 257834
147524 11 15 257835
147526 11 19 257836
147528 11 21 257837
147530 11 22 257838
147532 11 23 257839
147534 11 1 257840
147536 11 2 257841
147538 11 3 257842
147540 11 5 257843
147542 11 9 257844
147544 11 10 257845
147546 11 14 257846
147548 11 15 257847
147550 11 19 257848
147552 11 21 257849
147554 11 22 257850
147556 11 23 257851
147558 11 1 257852
147560 11 2 257853
147562 11 3 257854
147564 11 5 257855
147566 11 9 257856
147568 11 10 257857
147570 11 14 257858
147572 11 15 257859
147574 11 19 257860
147576 11 21 257861
147578 11 22 257862
147580 11 23 257863
147582 11 1 257864
147584 11 2 257865
147586 11 3 257866
147588 11 5 257867
147590 11 9 257868
147592 11 10 257869
147594 11 14 257870
147596 11 15 257871
147598 11 19 257872
147600 11 21 257873
147602 11 22 257874
147604 11 23 257875
147606 11 1 257876
147608 11 2 257877
147610 11 3 257878
147612 11 5 257879
147614 11 9 257880
147616 11 10 257881
147618 11 14 257882
147620 11 15 257883
147622 11 19 257884
147624 11 21 257885
147626 11 22 257886
147628 11 23 257887
147630 11 1 257888
147632 11 2 257889
147634 11 3 257890
147636 11 5 257891
147638 11 9 257892
147640 11 10 257893
147642 11 14 257894
147644 11 15 257895
147646 11 19 257896
147648 11 21 257897
147650 11 22 257898
147652 11 23 257899
147654 11 1 257900
147656 11 2 257901
147658 11 3 257902
147660 11 5 257903
147662 11 9 257904
147664 11 10 257905
147666 11 14 257906
147668 11 15 257907
147670 11 19 257908
147672 11 21 257909
147674 11 22 257910
147676 11 23 257911
147678 11 1 257912
147680 11 2 257913
147682 11 3 257914
147684 11 5 257915
147686 11 9 257916
147688 11 10 257917
147690 11 14 257918
147692 11 15 257919
147694 11 19 257920
147696 11 21 257921
147698 11 22 257922
147700 11 23 257923
147702 11 1 257924
147704 11 2 257925
147706 11 3 257926
147708 11 5 257927
147710 11 9 257928
147712 11 10 257929
147714 11 14 257930
147716 11 15 257931
147718 11 19 257932
147720 11 21 257933
147722 11 22 257934
147724 11 23 257935
147726 11 1 257936
147728 11 2 257937
147730 11 3 257938
147732 11 5 257939
147734 11 9 257940
147736 11 10 257941
147738 11 14 257942
147740 11 15 257943
147742 11 19 257944
147744 11 21 257945
147746 11 22 257946
147748 11 1 258048
147750 11 2 258049
147752 11 3 258050
147754 11 5 258051
147756 11 9 258052
147758 11 10 258053
147760 11 14 258054
147846 11 15 258055
147848 11 19 258056
147850 11 21 258057
147852 11 22 258058
147854 11 23 258059
147856 11 1 258060
147858 11 2 258061
147860 11 3 258062
147862 11 5 258063
147864 11 9 258064
147866 11 10 258065
147868 11 14 258066
147870 11 15 258067
147872 11 19 258068
147874 11 21 258069
147876 11 22 258070
147878 11 23 258071
147880 11 1 258072
147882 11 2 258073
147884 11 3 258074
147886 11 5 258075
147888 11 9 258076
147890 11 10 258077
147892 11 14 258078
147894 11 15 258079
147896 11 19 258080
147898 11 21 258081
147900 11 22 258082
147902 11 23 258083
147904 11 1 258084
147906 11 2 258085
147908 11 3 258086
147910 11 5 258087
147912 11 9 258088
147914 11 10 258089
147916 11 14 258090
147918 11 15 258091
147920 11 19 258092
147922 11 21 258093
147924 11 22 258094
147926 11 23 258095
151208 11 1 258096
151210 11 2 258097
151216 11 3 258098
151218 11 5 258099
151220 11 9 258100
151234 11 10 258101
151236 11 14 258102
151238 11 15 258103
151240 11 19 258104
151242 11 21 258105
151244 11 22 258106
151246 11 23 258107
151248 11 1 258108
151250 11 2 258109
151252 11 3 258110
151254 11 5 258111
151256 11 9 258112
151258 11 10 258113
151260 11 14 258114
151262 11 15 258115
151264 11 19 258116
151266 11 21 258117
151268 11 22 258118
151270 11 23 258119
151272 11 1 258120
151274 11 2 258121
151276 11 3 258122
151278 11 5 258123
152292 11 9 258124
152294 11 10 258125
152296 11 14 258126
152298 11 15 258127
152300 11 19 258128
152302 11 21 258129
152304 11 22 258130
152306 11 23 258131
152308 11 1 258132
152310 11 2 258133
152312 11 3 258134
152314 11 5 258135
152316 11 9 258136
152318 11 10 258137
152320 11 14 258138
152322 11 15 258139
152324 11 19 258140
152326 11 21 258141
152328 11 22 258142
152330 11 23 258143
152332 11 1 258144
153094 11 2 258145
153096 11 3 258146
153098 11 5 258147
153100 11 9 258148
153126 11 10 258149
153128 11 14 258150
153130 11 15 258151
153132 11 19 258152
153134 11 21 258153
153136 11 22 258154
153138 11 23 258155
153140 11 1 258156
153142 11 2 258157
153144 11 3 258158
153146 11 5 258159
153148 11 9 258160
153150 11 10 258161
153152 11 14 258162
153154 11 15 258163
153156 11 19 258164
153158 11 21 258165
153160 11 22 258166
153162 11 23 258167
153164 11 1 258168
153166 11 2 258169
153168 11 3 258170
153170 11 5 258171
153172 11 9 258172
153174 11 10 258173
153176 11 14 258174
154478 11 15 258175
154480 11 19 258176
154482 11 21 258177
154484 11 22 258178
154486 11 23 258179
154488 11 1 258180
154490 11 2 258181
154492 11 3 258182
154494 11 5 258183
154496 11 9 258184
154498 11 10 258185
154500 11 14 258186
154502 11 15 258187
154504 11 19 258188
154506 11 21 258189
154508 11 22 258190
154510 11 23 258191
154512 11 1 258192
154514 11 2 258193
154516 11 3 258194
154518 11 5 258195
154520 11 9 258196
154522 11 10 258197
155536 11 14 258198
155538 11 15 258199
155540 11 19 258200
155542 11 21 258201
155544 11 22 258202
155546 11 23 258203
155548 11 1 258204
155550 11 2 258205
155552 11 3 258206
155554 11 5 258207
155556 11 9 258208
155558 11 10 258209
155560 11 14 258210
155562 11 15 258211
155564 11 19 258212
155986 11 21 258213
155988 11 22 258214
155990 11 23 258215
156004 11 1 258216
156006 11 2 258217
156008 11 3 258218
156010 11 5 258219
156012 11 9 258220
156014 11 10 258221
156016 11 14 258222
156018 11 15 258223
156020 11 19 258224
156022 11 21 258225
156024 11 22 258226
156026 11 23 258227
156028 11 1 258228
156030 11 2 258229
156032 11 3 258230
156034 11 5 258231
156036 11 9 258232
156038 11 10 258233
156040 11 14 258234
156042 11 15 258235
156044 11 19 258236
156046 11 21 258237
156048 11 22 258238
156050 11 23 258239
156052 11 1 258240
156054 11 2 258241
156056 11 3 258242
157462 11 5 258243
157464 11 9 258244
157466 11 10 258245
157468 11 14 258246
157470 11 15 258247
157472 11 19 258248
157534 11 21 258249
157536 11 22 258250
157538 11 23 258251
157544 11 1 258252
157546 11 2 258253
157548 11 3 258254
157550 11 5 258255
157552 11 9 258256
157554 11 10 258257
157556 11 14 258258
157558 11 15 258259
157560 11 19 258260
157562 11 21 258261
157564 11 22 258262
157566 11 23 258263
157832 11 1 258264
157834 11 2 258265
157836 11 3 258266
157838 11 5 258267
157840 11 9 258268
157842 11 10 258269
157844 11 14 258270
157846 11 15 258271
157848 11 19 258272
157850 11 21 258273
157852 11 22 258274
157854 11 23 258275
157856 11 1 258276
157858 11 2 258277
157860 11 3 258278
157862 11 5 258279
157864 11 9 258280
157866 11 10 258281
157868 11 14 258282
157870 11 15 258283
157872 11 19 258284
157874 11 21 258285
157876 11 22 258286
157878 11 23 258287
157880 11 1 258288
157882 11 2 258289
157884 11 3 258290
157886 11 5 258291
157888 11 9 258292
157890 11 10 258293
157892 11 14 258294
157894 11 15 258295
157896 11 19 258296
157898 11 21 258297
157900 11 22 258298
160282 11 23 258299
160284 11 1 258300
160286 11 2 258301
160300 11 3 258302
160302 11 5 258303
160304 11 9 258304
160306 11 10 258305
160308 11 14 258306
160310 11 15 258307
160312 11 19 258308
160314 11 21 258309
160316 11 22 258310
160318 11 23 258311
160320 11 1 258312
160322 11 2 258313
160324 11 3 258314
160326 11 5 258315
160328 11 9 258316
160330 11 10 258317
160332 11 14 258318
160334 11 15 258319
160336 11 19 258320
160338 11 21 258321
160340 11 22 258322
160342 11 23 258323
160344 11 1 258324
160346 11 2 258325
160348 11 3 258326
160350 11 5 258327
160352 11 9 258328
160354 11 10 258329
160356 11 14 258330
160358 11 15 258331
162100 11 19 258332
162102 11 21 258333
162104 11 22 258334
162106 11 23 258335
162108 11 1 258336
162110 11 2 258337
162112 11 3 258338
162114 11 5 258339
162116 11 9 258340
162118 11 10 258341
162120 11 14 258342
162122 11 15 258343
162124 11 19 258344
162126 11 21 258345
162128 11 22 258346
162130 11 23 258347
162132 11 1 258348
162134 11 2 258349
162136 11 3 258350
162138 11 5 258351
162140 11 9 258352
162142 11 10 258353
162144 11 14 258354
162146 11 15 258355
162148 11 19 258356
162150 11 21 258357
162152 11 22 258358
162154 11 23 258359
162156 11 1 258360
162158 11 2 258361
162160 11 3 258362
162162 11 5 258363
162164 11 9 258364
162166 11 10 258365
162168 11 14 258366
162170 11 15 258367
162172 11 19 258368
162174 11 21 258369
162176 11 22 258370
162178 11 23 258371
162180 11 1 258372
162182 11 2 258373
162184 11 3 258374
162186 11 5 258375
162188 11 9 258376
162190 11 10 258377
162192 11 14 258378
162194 11 15 258379
162196 11 19 258380
162198 11 21 258381
162200 11 22 258382
162202 11 23 258383
162204 11 1 258384
162206 11 2 258385
162208 11 3 258386
162210 11 5 258387
162212 11 9 258388
162214 11 10 258389
162216 11 14 258390
162218 11 15 258391
162220 11 19 258392
162222 11 21 258393
162224 11 22 258394
162226 11 23 258395
162228 11 1 258396
162230 11 2 258397
162232 11 3 258398
162234 11 5 258399
162236 11 9 258400
162238 11 10 258401
162240 11 14 258402
162242 11 15 258403
162244 11 19 258404
162246 11 21 258405
162248 11 22 258406
162250 11 23 258407
162252 11 1 258408
162254 11 2 258409
162256 11 3 258410
162258 11 5 258411
162260 11 9 258412
162262 11 10 258413
162264 11 14 258414
162266 11 15 258415
162268 11 19 258416
162270 11 21 258417
162272 11 22 258418
162274 11 23 258419
162276 11 1 258420
162278 11 2 258421
162280 11 3 258422
162282 11 5 258423
162284 11 9 258424
162286 11 10 258425
162288 11 14 258426
162290 11 15 258427
162292 11 19 258428
162294 11 21 258429
162296 11 22 258430
162298 11 23 258431
162300 11 1 258432
162302 11 2 258433
162304 11 3 258434
162306 11 5 258435
162308 11 9 258436
162310 11 10 258437
162312 11 14 258438
162314 11 15 258439
162316 11 19 258440
162318 11 21 258441
162320 11 22 258442
162322 11 23 258443
162324 11 1 258444
162326 11 2 258445
162328 11 3 258446
162330 11 5 258447
162332 11 9 258448
162334 11 10 258449
162336 11 14 258450
162338 11 15 258451
162340 11 19 258452
162342 11 21 258453
162344 11 22 258454
162346 11 23 258455
162348 11 1 258456
162350 11 2 258457
162352 11 3 258458
162354 11 5 258459
162356 11 9 258460
162358 11 10 258461
162360 11 14 258462
162362 11 15 258463
162364 11 19 258464
162366 11 21 258465
162368 11 22 258466
162370 11 23 258467
162372 11 1 258468
162374 11 2 258469
162376 11 3 258470
162378 11 5 258471
162380 11 9 258472
162382 11 10 258473
162384 11 14 258474
162386 11 15 258475
162388 11 19 258476
162390 11 21 258477
162392 11 22 258478
162394 11 23 258479
162396 11 1 258480
206502 11 2 258481
206504 11 3 258482
206506 11 5 258483
206508 11 9 258484
206510 11 10 258485
206512 11 14 258486
206514 11 15 258487
206516 11 19 258488
206518 11 21 258489
206520 11 22 258490
206522 11 23 258491
206524 11 1 258492
206526 11 2 258493
206528 11 3 258494
206530 11 5 258495
206532 11 9 258496
206534 11 10 258497
206536 11 14 258498
206538 11 15 258499
206540 11 19 258500
206542 11 21 258501
207384 11 22 258502
207386 11 23 258503
207388 11 1 258504
207390 11 2 258505
207392 11 3 258506
207394 11 5 258507
207396 11 9 258508
207398 11 10 258509
207400 11 14 258510
207402 11 15 258511
207404 11 19 258512
207406 11 21 258513
207408 11 22 258514
207410 11 23 258515
207412 11 1 258516
207834 11 2 258517
207836 11 3 258518
207838 11 5 258519
207852 11 9 258520
207854 11 10 258521
207856 11 14 258522
207858 11 15 258523
207860 11 19 258524
207862 11 21 258525
207864 11 22 258526
207950 11 23 258527
207952 11 1 258528
207958 11 2 258529
207960 11 3 258530
207962 11 5 258531
207964 11 9 258532
207966 11 10 258533
207968 11 14 258534
207970 11 15 258535
207972 11 19 258536
207974 11 21 258537
207976 11 22 258538
207978 11 23 258539
207980 11 1 258540
207982 11 2 258541
208296 11 3 258542
208298 11 5 258543
208304 11 9 258544
208306 11 10 258545
208308 11 14 258546
208310 11 15 258547
208312 11 19 258548
208314 11 21 258549
208316 11 22 258550
208318 11 23 258551
208320 11 1 258552
208322 11 2 258553
208324 11 3 258554
208326 11 5 258555
208328 11 9 258556
208330 11 10 258557
208332 11 14 258558
208334 11 15 258559
208336 11 19 258560
208338 11 21 258561
208340 11 22 258562
208342 11 23 258563
208344 11 1 258564
208346 11 2 258565
208348 11 3 258566
208350 11 5 258567
208352 11 9 258568
208354 11 10 258569
208356 11 14 258570
208358 11 15 258571
209872 11 19 258572
209874 11 21 258573
209876 11 22 258574
209878 11 23 258575
209880 11 1 258576
209882 11 2 258577
209884 11 3 258578
209886 11 5 258579
209888 11 9 258580
209890 11 10 258581
209892 11 14 258582
209894 11 15 258583
209896 11 19 258584
209898 11 21 258585
209900 11 22 258586
210322 11 23 258587
210324 11 1 258588
210326 11 2 258589
210328 11 3 258590
210354 11 5 258591
210356 11 9 258592
210358 11 10 258593
210360 11 14 258594
210362 11 15 258595
210364 11 19 258596
210366 11 21 258597
210368 11 22 258598
210370 11 23 258599
210372 11 1 258600
210374 11 2 258601
210376 11 3 258602
210378 11 5 258603
210380 11 9 258604
210382 11 10 258605
210384 11 14 258606
210386 11 15 258607
210388 11 19 258608
210390 11 21 258609
210392 11 22 258610
210394 11 23 258611
211236 11 1 258612
211238 11 2 258613
211240 11 3 258614
211242 11 5 258615
211268 11 9 258616
211270 11 10 258617
211272 11 14 258618
211274 11 15 258619
211276 11 19 258620
211278 11 21 258621
211280 11 22 258622
211282 11 23 258623
211284 11 1 258624
211286 11 2 258625
211288 11 3 258626
211290 11 5 258627
211292 11 9 258628
211294 11 10 258629
211296 11 14 258630
211298 11 15 258631
211300 11 19 258632
211302 11 21 258633
211304 11 22 258634
211306 11 23 258635
211308 11 1 258636
211310 11 2 258637
211312 11 3 258638
211314 11 5 258639
211316 11 9 258640
211318 11 10 258641
211320 11 14 258642
211322 11 15 258643
211324 11 19 258644
211326 11 21 258645
213068 11 22 258646
213070 11 23 258647
213072 11 1 258648
213074 11 2 258649
213076 11 3 258650
213118 11 5 258651
213120 11 9 258652
213122 11 10 258653
213124 11 14 258654
213150 11 15 258655
213152 11 19 258656
213154 11 21 258657
213156 11 22 258658
213158 11 23 258659
213160 11 1 258660
213162 11 2 258661
213164 11 3 258662
213166 11 5 258663
213168 11 9 258664
213170 11 10 258665
213172 11 14 258666
213174 11 15 258667
213176 11 19 258668
213178 11 21 258669
213180 11 22 258670
213182 11 23 258671
213184 11 1 258672
213186 11 2 258673
213188 11 3 258674
213190 11 5 258675
213192 11 9 258676
213194 11 10 258677
213196 11 14 258678
213198 11 15 258679
213200 11 19 258680
213202 11 21 258681
213204 11 22 258682
213206 11 23 258683
213208 11 1 258684
213210 11 2 258685
213212 11 3 258686
213214 11 5 258687
213216 11 9 258688
213218 11 10 258689
215600 11 14 258690
215602 11 15 258691
215604 11 19 258692
215606 11 21 258693
215608 11 22 258694
215610 11 23 258695
215612 11 1 258696
215614 11 2 258697
215616 11 3 258698
215618 11 5 258699
215620 11 9 258700
215622 11 10 258701
215888 11 14 258702
215890 11 15 258703
215892 11 19 258704
215894 11 21 258705
215896 11 22 258706
215898 11 23 258707
215900 11 1 258708
215902 11 2 258709
215904 11 3 258710
215906 11 5 258711
215908 11 9 258712
215910 11 10 258713
215912 11 14 258714
215914 11 15 258715
215916 11 19 258716
215918 11 21 258717
215920 11 22 258718
215922 11 23 258719
215924 11 1 258720
215926 11 2 258721
215928 11 3 258722
215930 11 5 258723
215932 11 9 258724
215934 11 10 258725
217040 11 14 258726
217042 11 15 258727
217048 11 19 258728
217050 11 21 258729
217052 11 22 258730
217054 11 23 258731
217056 11 1 258732
217058 11 2 258733
217060 11 3 258734
217062 11 5 258735
217064 11 9 258736
217066 11 10 258737
217068 11 14 258738
217070 11 15 258739
217072 11 19 258740
217074 11 21 258741
217076 11 22 258742
217078 11 23 258743
217080 11 1 258744
217082 11 2 258745
217084 11 3 258746
217086 11 5 258747
217088 11 9 258748
217090 11 10 258749
217092 11 14 258750
218106 11 15 258751
218108 11 19 258752
218110 11 21 258753
218124 11 22 258754
218126 11 23 258755
218132 11 1 258756
218134 11 2 258757
218136 11 3 258758
218138 11 5 258759
218140 11 9 258760
218142 11 10 258761
218144 11 14 258762
218146 11 15 258763
218148 11 19 258764
218150 11 21 258765
218152 11 22 258766
218154 11 23 258767
218156 11 1 258768
218158 11 2 258769
218160 11 3 258770
218162 11 5 258771
218164 11 9 258772
218166 11 10 258773
218168 11 14 258774
218170 11 15 258775
218172 11 19 258776
218174 11 21 258777
218176 11 22 258778
218178 11 23 258779
218180 11 1 258780
218182 11 2 258781
218184 11 3 258782
219590 11 5 258783
219592 11 9 258784
219594 11 10 258785
219596 11 14 258786
219598 11 15 258787
219600 11 19 258788
219602 11 21 258789
219604 11 22 258790
219718 11 23 258791
219720 11 1 258792
219722 11 2 258793
219736 11 3 258794
219738 11 5 258795
219740 11 9 258796
219742 11 10 258797
219744 11 14 258798
219746 11 15 258799
219748 11 19 258800
219750 11 21 258801
219752 11 22 258802
219754 11 23 258803
219756 11 1 258804
219978 11 2 258805
219980 11 3 258806
219982 11 5 258807
219984 11 9 258808
219986 11 10 258809
219988 11 14 258810
219990 11 15 258811
219992 11 19 258812
219994 11 21 258813
219996 11 22 258814
219998 11 23 258815
220000 11 1 258816
220002 11 2 258817
220004 11 3 258818
220006 11 5 258819
220008 11 9 258820
220010 11 10 258821
220012 11 14 258822
220014 11 15 258823
220016 11 19 258824
220018 11 21 258825
220020 11 22 258826
220022 11 23 258827
220024 11 1 258828
220026 11 2 258829
220028 11 3 258830
220030 11 5 258831
220032 11 9 258832
220034 11 10 258833
220036 11 14 258834
220038 11 15 258835
220040 11 19 258836
220042 11 21 258837
222156 11 22 258838
222158 11 23 258839
222160 11 1 258840
222162 11 2 258841
222164 11 3 258842
222166 11 5 258843
222168 11 9 258844
222170 11 10 258845
222172 11 14 258846
222174 11 15 258847
222176 11 19 258848
222398 11 21 258849
222400 11 22 258850
222402 11 23 258851
222404 11 1 258852
222406 11 2 258853
222448 11 3 258854
222450 11 5 258855
222452 11 9 258856
222454 11 10 258857
222456 11 14 258858
222458 11 15 258859
222460 11 19 258860
222462 11 21 258861
222464 11 22 258862
222610 11 23 258863
222612 11 1 258864
222614 11 2 258865
222616 11 3 258866
222618 11 5 258867
222620 11 9 258868
222622 11 10 258869
222624 11 14 258870
222626 11 15 258871
222628 11 19 258872
222630 11 21 258873
222632 11 22 258874
222634 11 23 258875
222636 11 1 258876
222638 11 2 258877
222640 11 3 258878
222642 11 5 258879
222644 11 9 258880
222646 11 10 258881
222648 11 14 258882
222650 11 15 258883
222652 11 19 258884
222654 11 21 258885
222656 11 22 258886
222658 11 23 258887
222660 11 1 258888
222662 11 2 258889
222664 11 3 258890
222666 11 5 258891
222668 11 9 258892
222670 11 10 258893
222672 11 14 258894
222674 11 15 258895
222676 11 19 258896
222678 11 21 258897
222680 11 22 258898
222682 11 23 258899
222684 11 1 258900
222686 11 2 258901
225652 11 3 258902
225654 11 5 258903
225656 11 9 258904
225658 11 10 258905
225660 11 14 258906
225662 11 15 258907
225664 11 19 258908
225666 11 21 258909
225668 11 22 258910
225670 11 23 258911
225672 11 1 258912
225674 11 2 258913
225676 11 3 258914
225678 11 5 258915
225680 11 9 258916
225682 11 10 258917
225684 11 14 258918
225686 11 15 258919
225688 11 19 258920
225690 11 21 258921
225692 11 22 258922
225694 11 23 258923
225696 11 1 258924
225698 11 2 258925
225700 11 3 258926
225702 11 5 258927
225704 11 9 258928
225706 11 10 258929
225708 11 14 258930
225710 11 15 258931
225712 11 19 258932
225714 11 21 258933
225716 11 22 258934
225718 11 23 258935
225720 11 1 258936
225722 11 2 258937
225724 11 3 258938
225726 11 5 258939
225728 11 9 258940
225730 11 10 258941
225732 11 14 258942
225734 11 15 258943
225736 11 19 258944
225738 11 21 258945
225740 11 22 258946
225742 11 23 258947
225744 11 1 258948
230070 11 2 258949
230072 11 3 258950
230074 11 5 258951
230076 11 9 258952
230078 11 10 258953
230080 11 14 258954
230082 11 15 258955
230084 11 19 258956
230086 11 21 258957
230232 11 22 258958
230234 11 23 258959
230236 11 1 258960
230238 11 2 258961
230240 11 3 258962
230282 11 5 258963
230284 11 9 258964
230286 11 10 258965
230288 11 14 258966
230290 11 15 258967
230292 11 19 258968
230294 11 21 258969
230296 11 22 258970
230298 11 23 258971
230300 11 1 258972
230302 11 2 258973
230304 11 3 258974
230306 11 5 258975
230308 11 9 258976
230310 11 10 258977
230312 11 14 258978
230314 11 15 258979
230316 11 19 258980
230318 11 21 258981
230320 11 22 258982
230322 11 23 258983
230324 11 1 258984
230326 11 2 258985
230328 11 3 258986
230330 11 5 258987
230332 11 9 258988
230334 11 10 258989
230336 11 14 258990
230338 11 15 258991
230340 11 19 258992
230342 11 21 258993
230344 11 22 258994
230346 11 23 258995
230348 11 1 258996
230350 11 2 258997
230352 11 3 258998
230354 11 5 258999
230356 11 9 259000
230358 11 10 259001
230360 11 14 259002
230362 11 15 259003
230364 11 19 259004
230366 11 21 259005
230368 11 22 259006
230370 11 23 259007
230372 11 1 259008
230374 11 2 259009
230376 11 3 259010
230378 11 5 259011
235084 11 9 259012
235086 11 10 259013
235092 11 14 259014
235094 11 15 259015
235096 11 19 259016
235098 11 21 259017
235100 11 22 259018
235102 11 23 259019
235104 11 1 259020
235106 11 2 259021
235108 11 3 259022
235110 11 5 259023
235112 11 9 259024
235114 11 10 259025
235116 11 14 259026
235382 11 15 259027
235384 11 19 259028
235386 11 21 259029
235388 11 22 259030
235390 11 23 259031
235392 11 1 259032
235394 11 2 259033
235396 11 3 259034
235398 11 5 259035
235400 11 9 259036
235402 11 10 259037
235404 11 14 259038
235406 11 15 259039
235720 11 19 259040
235722 11 21 259041
235724 11 22 259042
235726 11 23 259043
235728 11 1 259044
235730 11 2 259045
235732 11 3 259046
235734 11 5 259047
235736 11 9 259048
235738 11 10 259049
235740 11 14 259050
235742 11 15 259051
235744 11 19 259052
235746 11 21 259053
235748 11 22 259054
235750 11 23 259055
235752 11 1 259056
235754 11 2 259057
235756 11 3 259058
235758 11 5 259059
235760 11 9 259060
235762 11 10 259061
235764 11 14 259062
235766 11 15 259063
235768 11 19 259064
235770 11 21 259065
235772 11 22 259066
235774 11 23 259067
235776 11 1 259068
235778 11 2 259069
235780 11 3 259070
235782 11 5 259071
237768 11 10 259173
237770 11 14 259174
237772 11 15 259175
237774 11 19 259176
237776 11 21 259177
237778 11 22 259178
237780 11 23 259179
237782 11 1 259180
237784 11 2 259181
237786 11 3 259182
237788 11 5 259183
237790 11 9 259184
237792 11 10 259185
237794 11 14 259186
237796 11 15 259187
237798 11 19 259188
237800 11 21 259189
237802 11 22 259190
237804 11 23 259191
237806 11 1 259192
237808 11 2 259193
237810 11 3 259194
237812 11 5 259195
237814 11 9 259196
237816 11 10 259197
237818 11 14 259198
237820 11 15 259199
237822 11 19 259200
237824 11 21 259201
237826 11 22 259202
237828 11 23 259203
237830 11 1 259204
237832 11 2 259205
237834 11 3 259206
237836 11 5 259207
237838 11 9 259208
237840 11 10 259209
237842 11 14 259210
237844 11 15 259211
237846 11 19 259212
237848 11 21 259213
237850 11 22 259214
237852 11 23 259215
237854 11 1 259216
237856 11 2 259217
237858 11 3 259218
237860 11 5 259219
237862 11 9 259220
237864 11 10 259221
237866 11 14 259222
237868 11 15 259223
237870 11 19 259224
237872 11 21 259225
237874 11 22 259226
237876 11 23 259227
237878 11 1 259228
237880 11 2 259229
237882 11 3 259230
237884 11 5 259231
237886 11 9 259232
237888 11 10 259233
237890 11 14 259234
237892 11 15 259235
237894 11 19 259236
237896 11 21 259237
237898 11 22 259238
237900 11 23 259239
237902 11 1 259240
237904 11 2 259241
237906 11 3 259242
237908 11 5 259243
237910 11 9 259244
237912 11 10 259245
237914 11 14 259246
237916 11 15 259247
237918 11 19 259248
237920 11 21 259249
237922 11 22 259250
237924 11 23 259251
237926 11 1 259252
237928 11 2 259253
237930 11 3 259254
237932 11 5 259255
237934 11 9 259256
237936 11 10 259257
237938 11 14 259258
237940 11 15 259259
237942 11 19 259260
237944 11 21 259261
237946 11 22 259262
237948 11 23 259263
237950 11 1 259264
237952 11 2 259265
237954 11 3 259266
237956 11 5 259267
237958 11 9 259268
237960 11 10 259269
237962 11 14 259270
237964 11 15 259271
237966 11 19 259272
237968 11 21 259273
237970 11 22 259274
237972 11 23 259275
237974 11 1 259276
237976 11 2 259277
237978 11 3 259278
237980 11 5 259279
237982 11 9 259280
237984 11 10 259281
237986 11 14 259282
237988 11 15 259283
237990 11 19 259284
237992 11 21 259285
237994 11 22 259286
237996 11 23 259287
237998 11 1 259288
238000 11 2 259289
238002 11 3 259290
238004 11 5 259291
238006 11 9 259292
238008 11 10 259293
238010 11 14 259294
238012 11 15 259295
238014 11 19 259296
238016 11 21 259297
238018 11 22 259298
238020 11 23 259299
238022 11 1 259300
238024 11 2 259301
238026 11 3 259302
238028 11 5 259303
238030 11 9 259304
238032 11 10 259305
238034 11 14 259306
238036 11 15 259307
238038 11 19 259308
238040 11 21 259309
238042 11 22 259310
238044 11 23 259311
238046 11 1 259312
238048 11 2 259313
238050 11 3 259314
238052 11 5 259315
238054 11 9 259316
238056 11 10 259317
238058 11 14 259318
238060 11 15 259319
238062 11 19 259320
238064 11 21 259321
238066 11 22 259322
238068 11 23 259323
238070 11 1 259324
238072 11 2 259325
238074 11 3 259326
238076 11 5 259327
238078 11 9 259328
238080 11 10 259329
238082 11 14 259330
238084 11 15 259331
238086 11 19 259332
238088 11 21 259333
238090 11 22 259334
238092 11 23 259335
238094 11 1 259336
238096 11 2 259337
238098 11 3 259338
238100 11 5 259339
238102 11 9 259340
238104 11 10 259341
238106 11 14 259342
238108 11 15 259343
238110 11 19 259344
238112 11 21 259345
238114 11 22 259346
238116 11 23 259347
238118 11 1 259348
238120 11 2 259349
238122 11 3 259350
238124 11 5 259351
238126 11 9 259352
238128 11 10 259353
238130 11 14 259354
238132 11 15 259355
238134 11 19 259356
238136 11 21 259357
238138 11 22 259358
238140 11 23 259359
238142 11 1 259360
238144 11 2 259361
238146 11 3 259362
238148 11 5 259363
238150 11 9 259364
238152 11 10 259365
238154 11 14 259366
238156 11 15 259367
238158 11 19 259368
238160 11 21 259369
238162 11 22 259370
238164 11 23 259371
238166 11 1 259372
238168 11 2 259373
238170 11 3 259374
238172 11 5 259375
238174 11 9 259376
238176 11 10 259377
238178 11 14 259378
238180 11 15 259379
238182 11 19 259380
238184 11 21 259381
238186 11 22 259382
238188 11 23 259383
238190 11 1 259384
238192 11 2 259385
238194 11 3 259386
238196 11 5 259387
238198 11 9 259388
238200 11 10 259389
238202 11 14 259390
238204 11 15 259391
238206 11 19 259392
238208 11 21 259393
238210 11 22 259394
238212 11 23 259395
238214 11 1 259396
238216 11 2 259397
238218 11 3 259398
238220 11 5 259399
238222 11 9 259400
238224 11 10 259401
238226 11 14 259402
238228 11 15 259403
238230 11 19 259404
238232 11 21 259405
238234 11 22 259406
238236 11 23 259407
238238 11 1 259408
238240 11 2 259409
238242 11 3 259410
238244 11 5 259411
238246 11 9 259412
238248 11 10 259413
238250 11 14 259414
238252 11 15 259415
238254 11 19 259416
238256 11 21 259417
238258 11 22 259418
238260 11 23 259419
238262 11 1 259420
238264 11 2 259421
238266 11 3 259422
238268 11 5 259423
238270 11 9 259424
238272 11 10 259425
238274 11 14 259426
238276 11 15 259427
238278 11 19 259428
238280 11 21 259429
238282 11 22 259430
238284 11 23 259431
238286 11 1 259432
238288 11 2 259433
238290 11 3 259434
238292 11 5 259435
238294 11 9 259436
238296 11 10 259437
238298 11 14 259438
238300 11 15 259439
238302 11 19 259440
238304 11 21 259441
238306 11 22 259442
238308 11 23 259443
238310 11 1 259444
238312 11 2 259445
238314 11 3 259446
238316 11 5 259447
238318 11 9 259448
238320 11 10 259449
238322 11 14 259450
238324 11 15 259451
238326 11 19 259452
238328 11 21 259453
238330 11 22 259454
238332 11 23 259455
238334 11 1 259456
238336 11 2 259457
238338 11 3 259458
238340 11 5 259459
238342 11 9 259460
238344 11 10 259461
238346 11 14 259462
238348 11 15 259463
238350 11 19 259464
238352 11 21 259465
238354 11 22 259466
238356 11 23 259467
238358 11 1 259468
238360 11 2 259469
238362 11 3 259470
238364 11 5 259471
238366 11 9 259472
238368 11 10 259473
238370 11 14 259474
238372 11 15 259475
238374 11 19 259476
238376 11 21 259477
238378 11 22 259478
238380 11 23 259479
238382 11 1 259480
238384 11 2 259481
238386 11 3 259482
238388 11 5 259483
238390 11 9 259484
238392 11 10 259485
238394 11 14 259486
238396 11 15 259487
238398 11 19 259488
238400 11 21 259489
238402 11 22 259490
238404 11 23 259491
238406 11 1 259492
238408 11 2 259493
238410 11 3 259494
238412 11 5 259495
238414 11 9 259496
238416 11 10 259497
238418 11 14 259498
238420 11 15 259499
238422 11 19 259500
238424 11 21 259501
238426 11 22 259502
238428 11 23 259503
238430 11 1 259504
238432 11 2 259505
238434 11 3 259506
238436 11 5 259507
238438 11 9 259508
238440 11 10 259509
238442 11 14 259510
238444 11 15 259511
238446 11 19 259512
238448 11 21 259513
238450 11 22 259514
238452 11 23 259515
238454 11 1 259516
238456 11 2 259517
238458 11 3 259518
238460 11 5 259519
238462 11 9 259520
238464 11 10 259521
238466 11 14 259522
238468 11 15 259523
238470 11 19 259524
238472 11 21 259525
238474 11 22 259526
238476 11 23 259527
238478 11 1 259528
238480 11 2 259529
238482 11 3 259530
238484 11 5 259531
238486 11 9 259532
238488 11 10 259533
238490 11 14 259534
238492 11 15 259535
238494 11 19 259536
238496 11 21 259537
238498 11 22 259538
238500 11 23 259539
238502 11 1 259540
238504 11 2 259541
238506 11 3 259542
238508 11 5 259543
238510 11 9 259544
238512 11 10 259545
238514 11 14 259546
238516 11 15 259547
238518 11 19 259548
238520 11 21 259549
238522 11 22 259550
238524 11 23 259551
238526 11 1 259552
238528 11 2 259553
238530 11 3 259554
238532 11 5 259555
238534 11 9 259556
238536 11 10 259557
238538 11 14 259558
238540 11 15 259559
238542 11 19 259560
238544 11 21 259561
238546 11 22 259562
238548 11 23 259563
238550 11 1 259564
238552 11 2 259565
238554 11 3 259566
238556 11 5 259567
238558 11 9 259568
238560 11 10 259569
238562 11 14 259570
238564 11 15 259571
238566 11 19 259572
238568 11 21 259573
238570 11 22 259574
238572 11 23 259575
238574 11 1 259576
238576 11 2 259577
238578 11 3 259578
238580 11 5 259579
238582 11 9 259580
238584 11 10 259581
238586 11 14 259582
238588 11 15 259583
238590 11 19 259584
238592 11 21 259585
238594 11 22 259586
238596 11 23 259587
238598 11 1 259588
238600 11 2 259589
238602 11 3 259590
238604 11 5 259591
238606 11 9 259592
238608 11 10 259593
238610 11 14 259594
238612 11 15 259595
238614 11 19 259596
238616 11 21 259597
238618 11 22 259598
238620 11 23 259599
238622 11 1 259600
238624 11 2 259601
238626 11 3 259602
238628 11 5 259603
238630 11 9 259604
238632 11 10 259605
238634 11 14 259606
238636 11 15 259607
238638 11 19 259608
238640 11 21 259609
238642 11 22 259610
238644 11 23 259611
238646 11 1 259612
238648 11 2 259613
238650 11 3 259614
238652 11 5 259615
238654 11 9 259616
238656 11 10 259617
238658 11 14 259618
238660 11 15 259619
238662 11 19 259620
238664 11 21 259621
238666 11 22 259622
238668 11 23 259623
238670 11 1 259624
238672 11 2 259625
238674 11 3 259626
238676 11 5 259627
238678 11 9 259628
238680 11 10 259629
238682 11 14 259630
238684 11 15 259631
238686 11 19 259632
238688 11 21 259633
238690 11 22 259634
238692 11 23 259635
238694 11 1 259636
238696 11 2 259637
238698 11 3 259638
238700 11 5 259639
238702 11 9 259640
238704 11 10 259641
238706 11 14 259642
238708 11 15 259643
238710 11 19 259644
238712 11 21 259645
238714 11 22 259646
238716 11 23 259647
238718 11 1 259648
238720 11 2 259649
238722 11 3 259650
238724 11 5 259651
238726 11 9 259652
238728 11 10 259653
238730 11 14 259654
238732 11 15 259655
238734 11 19 259656
238736 11 21 259657
238738 11 22 259658
238740 11 23 259659
238742 11 1 259660
238744 11 2 259661
238746 11 3 259662
238748 11 5 259663
238750 11 9 259664
238752 11 10 259665
238754 11 14 259666
238756 11 15 259667
238758 11 19 259668
238760 11 21 259669
238762 11 22 259670
238764 11 23 259671
238766 11 1 259672
238768 11 2 259673
238770 11 3 259674
238772 11 5 259675
238774 11 9 259676
238776 11 10 259677
238778 11 14 259678
238780 11 15 259679
238782 11 19 259680
238784 11 21 259681
238786 11 22 259682
238788 11 23 259683
238790 11 1 259684
238792 11 2 259685
238794 11 3 259686
238796 11 5 259687
238798 11 9 259688
238800 11 10 259689
238802 11 14 259690
238804 11 15 259691
238806 11 19 259692
238808 11 21 259693
238810 11 22 259694
238812 11 23 259695
238814 11 1 259696
238816 11 2 259697
238818 11 3 259698
238820 11 5 259699
238822 11 9 259700
238824 11 10 259701
238826 11 14 259702
238828 11 15 259703
238830 11 19 259704
238832 11 21 259705
238834 11 22 259706
238836 11 23 259707
238838 11 1 259708
238840 11 2 259709
238842 11 3 259710
238844 11 5 259711
238846 11 9 259712
238848 11 10 259713
238850 11 14 259714
238852 11 15 259715
238854 11 19 259716
238856 11 21 259717
238858 11 22 259718
238860 11 23 259719
238862 11 1 259720
238864 11 2 259721
238866 11 3 259722
238868 11 5 259723
238870 11 9 259724
238872 11 10 259725
238874 11 14 259726
238876 11 15 259727
238878 11 19 259728
238880 11 21 259729
238882 11 22 259730
238884 11 23 259731
238886 11 1 259732
238888 11 2 259733
238890 11 3 259734
238892 11 5 259735
238894 11 9 259736
238896 11 10 259737
238898 11 14 259738
238900 11 15 259739
238902 11 19 259740
238904 11 21 259741
238906 11 22 259742
238908 11 23 259743
238910 11 1 259744
238912 11 2 259745
238914 11 3 259746
238916 11 5 259747
238918 11 9 259748
238920 11 10 259749
238922 11 14 259750
238924 11 15 259751
238926 11 19 259752
238928 11 21 259753
238930 11 22 259754
238932 11 23 259755
238934 11 1 259756
238936 11 2 259757
238938 11 3 259758
238940 11 5 259759
238942 11 9 259760
238944 11 10 259761
238946 11 14 259762
238948 11 15 259763
238950 11 19 259764
238952 11 21 259765
238954 11 22 259766
238956 11 23 259767
238958 11 1 259768
238960 11 2 259769
238962 11 3 259770
238964 11 5 259771
238966 11 9 259772
238968 11 10 259773
238970 11 14 259774
238972 11 15 259775
238974 11 19 259776
238976 11 21 259777
238978 11 22 259778
238980 11 23 259779
238982 11 1 259780
238984 11 2 259781
238986 11 3 259782
238988 11 5 259783
238990 11 9 259784
238992 11 10 259785
238994 11 14 259786
238996 11 15 259787
238998 11 19 259788
239000 11 21 259789
239002 11 22 259790
239004 11 23 259791
239006 11 1 259792
239008 11 2 259793
239010 11 3 259794
239012 11 5 259795
239014 11 9 259796
239016 11 10 259797
239018 11 14 259798
239020 11 15 259799
239022 11 19 259800
239024 11 21 259801
239026 11 22 259802
239028 11 23 259803
239030 11 1 259804
239032 11 2 259805
239034 11 3 259806
239036 11 5 259807
239038 11 9 259808
239040 11 10 259809
239042 11 14 259810
239044 11 15 259811
239046 11 19 259812
239048 11 21 259813
239050 11 22 259814
239052 11 23 259815
239054 11 1 259816
239056 11 2 259817
239058 11 3 259818
239060 11 5 259819
239062 11 9 259820
239064 11 10 259821
239066 11 14 259822
239068 11 15 259823
239070 11 19 259824
239072 11 21 259825
239074 11 22 259826
239076 11 23 259827
239078 11 1 259828
239080 11 2 259829
239082 11 3 259830
239084 11 5 259831
239086 11 9 259832
239088 11 10 259833
239090 11 14 259834
239092 11 15 259835
239094 11 19 259836
239096 11 21 259837
239098 11 22 259838
239100 11 23 259839
239102 11 1 259840
239104 11 2 259841
239106 11 3 259842
239108 11 5 259843
239110 11 9 259844
239112 11 10 259845
239114 11 14 259846
239116 11 15 259847
239118 11 19 259848
239120 11 21 259849
239122 11 22 259850
239124 11 23 259851
239126 11 1 259852
239128 11 2 259853
239130 11 3 259854
239132 11 5 259855
239134 11 9 259856
239136 11 10 259857
239138 11 14 259858
239140 11 15 259859
239142 11 19 259860
239144 11 21 259861
239146 11 22 259862
239148 11 23 259863
239150 11 1 259864
239152 11 2 259865
239154 11 3 259866
239156 11 5 259867
239158 11 9 259868
239160 11 10 259869
239162 11 14 259870
239164 11 15 259871
239166 11 19 259872
239168 11 21 259873
239170 11 22 259874
239172 11 23 259875
239174 11 1 259876
239176 11 2 259877
239178 11 3 259878
239180 11 5 259879
239182 11 9 259880
239184 11 10 259881
239186 11 14 259882
239188 11 15 259883
239190 11 19 259884
239192 11 21 259885
239194 11 22 259886
239196 11 23 259887
239198 11 1 259888
239200 11 2 259889
239202 11 3 259890
239204 11 5 259891
239206 11 9 259892
239208 11 10 259893
239210 11 14 259894
239212 11 15 259895
239214 11 19 259896
239216 11 21 259897
239218 11 22 259898
239220 11 23 259899
239222 11 1 259900
239224 11 2 259901
239226 11 3 259902
239228 11 5 259903
239230 11 9 259904
239232 11 10 259905
239234 11 14 259906
239236 11 15 259907
239238 11 19 259908
239240 11 21 259909
239242 11 22 259910
239244 11 23 259911
239246 11 1 259912
239248 11 2 259913
239250 11 3 259914
239252 11 5 259915
239254 11 9 259916
239256 11 10 259917
239258 11 14 259918
239260 11 15 259919
239262 11 19 259920
239264 11 21 259921
239266 11 22 259922
239268 11 23 259923
239270 11 1 259924
239272 11 2 259925
239274 11 3 259926
239276 11 5 259927
239278 11 9 259928
239280 11 10 259929
239282 11 14 259930
239284 11 15 259931
239286 11 19 259932
239288 11 21 259933
239290 11 22 259934
239292 11 23 259935
239294 11 1 259936
239296 11 2 259937
239298 11 3 259938
239300 11 5 259939
239302 11 9 259940
239304 11 10 259941
239306 11 14 259942
239308 11 15 259943
239310 11 19 259944
239312 11 21 259945
239314 11 22 259946
239316 11 23 259947
239318 11 1 259948
239320 11 2 259949
239322 11 3 259950
239324 11 5 259951
239326 11 9 259952
239328 11 10 259953
239330 11 14 259954
239332 11 15 259955
239334 11 19 259956
239336 11 21 259957
239338 11 22 259958
239340 11 23 259959
239342 11 1 259960
239344 11 2 259961
239346 11 3 259962
239348 11 5 259963
239350 11 9 259964
239352 11 10 259965
239354 11 14 259966
239356 11 15 259967
239358 11 19 259968
239360 11 21 259969
239362 11 22 259970
239364 11 23 259971
239366 11 1 259972
239368 11 2 259973
239370 11 3 259974
239372 11 5 259975
239374 11 9 259976
239376 11 10 259977
239378 11 14 259978
239380 11 15 259979
239382 11 19 259980
239384 11 21 259981
239386 11 22 259982
239388 11 23 259983
239390 11 1 259984
239392 11 2 259985
239394 11 3 259986
239396 11 5 259987
239398 11 9 259988
239400 11 10 259989
239402 11 14 259990
239404 11 15 259991
239406 11 19 259992
239408 11 21 259993
239410 11 22 259994
239412 11 23 259995
239414 11 1 259996
239416 11 2 259997
239418 11 3 259998
239420 11 5 259999
239422 11 9 260000
239424 11 10 260001
239426 11 14 260002
239428 11 15 260003
239430 11 19 260004
239432 11 21 260005
239434 11 22 260006
239436 11 23 260007
239438 11 1 260008
239440 11 2 260009
239442 11 3 260010
239444 11 5 260011
239446 11 9 260012
239448 11 10 260013
239450 11 14 260014
239452 11 15 260015
239454 11 19 260016
239456 11 21 260017
239458 11 22 260018
239460 11 23 260019
239462 11 1 260020
239464 11 2 260021
239466 11 3 260022
239468 11 5 260023
239470 11 9 260024
239472 11 10 260025
239474 11 14 260026
239476 11 15 260027
239478 11 19 260028
239480 11 21 260029
239482 11 22 260030
239484 11 23 260031
239486 11 1 260032
239488 11 2 260033
239490 11 3 260034
239492 11 5 260035
239494 11 9 260036
239496 11 10 260037
239498 11 14 260038
239500 11 15 260039
239502 11 19 260040
239504 11 21 260041
239506 11 22 260042
239508 11 23 260043
239510 11 1 260044
239512 11 2 260045
239514 11 3 260046
239516 11 5 260047
239518 11 9 260048
239520 11 10 260049
239522 11 14 260050
239524 11 15 260051
239526 11 19 260052
239528 11 21 260053
239530 11 22 260054
239532 11 23 260055
239534 11 1 260056
239536 11 2 260057
239538 11 3 260058
239540 11 5 260059
239542 11 9 260060
239544 11 10 260061
239546 11 14 260062
239548 11 15 260063
239550 11 19 260064
239552 11 21 260065
239554 11 22 260066
239556 11 23 260067
239558 11 1 260068
239560 11 2 260069
239562 11 3 260070
239564 11 5 260071
239566 11 9 260072
239568 11 10 260073
239570 11 14 260074
239572 11 15 260075
239574 11 19 260076
239576 11 21 260077
239578 11 22 260078
239580 11 23 260079
239582 11 1 260080
239584 11 2 260081
239586 11 3 260082
239588 11 5 260083
239590 11 9 260084
239592 11 10 260085
239594 11 14 260086
239596 11 15 260087
239598 11 19 260088
239600 11 21 260089
239602 11 22 260090
239604 11 23 260091
239606 11 1 260092
239608 11 2 260093
239610 11 3 260094
239612 11 5 260095
239614 11 1 259072
239616 11 2 259073
239618 11 3 259074
239620 11 5 259075
239622 11 9 259076
239624 11 10 259077
239626 11 14 259078
239628 11 15 259079
239630 11 19 259080
239632 11 21 259081
239634 11 22 259082
239636 11 23 259083
239638 11 1 259084
239640 11 2 259085
239642 11 3 259086
239644 11 5 259087
239646 11 9 259088
239648 11 10 259089
239650 11 14 259090
239652 11 15 259091
239654 11 19 259092
239656 11 21 259093
239658 11 22 259094
239660 11 23 259095
239662 11 1 259096
239664 11 2 259097
239666 11 3 259098
239668 11 5 259099
239670 11 9 259100
239672 11 10 259101
239674 11 14 259102
239676 11 15 259103
239678 11 19 259104
241726 11 19 260296
241728 11 21 260297
241730 11 22 260298
241732 11 23 260299
241734 11 1 260300
241736 11 2 260301
241738 11 3 260302
241740 11 5 260303
241742 11 9 260304
241744 11 10 260305
241746 11 14 260306
241748 11 15 260307
241750 11 19 260308
241752 11 21 260309
241754 11 22 260310
241756 11 23 260311
241758 11 1 260312
241760 11 2 260313
241762 11 3 260314
241764 11 5 260315
241766 11 9 260316
241768 11 10 260317
241770 11 14 260318
241772 11 15 260319
241774 11 19 260320
241776 11 21 260321
241778 11 22 260322
241780 11 23 260323
241782 11 1 260324
241784 11 2 260325
241786 11 3 260326
241788 11 5 260327
241790 11 9 260328
241792 11 10 260329
241794 11 14 260330
241796 11 15 260331
241798 11 19 260332
241800 11 21 260333
241802 11 22 260334
241804 11 23 260335
241806 11 1 260336
241808 11 2 260337
241810 11 3 260338
241812 11 5 260339
241814 11 9 260340
241816 11 10 260341
241818 11 14 260342
241820 11 15 260343
241822 11 19 260344
241824 11 21 260345
241826 11 22 260346
241828 11 23 260347
241830 11 1 260348
241832 11 2 260349
241834 11 3 260350
241836 11 5 260351
241838 11 9 260352
241840 11 10 260353
241842 11 14 260354
241844 11 15 260355
241846 11 19 260356
241848 11 21 260357
241850 11 22 260358
241852 11 23 260359
241854 11 1 260360
241856 11 2 260361
241858 11 3 260362
241860 11 5 260363
241862 11 9 260364
241864 11 10 260365
241866 11 14 260366
241868 11 15 260367
241870 11 19 260368
241872 11 21 260369
241874 11 22 260370
241876 11 23 260371
241878 11 5 260375
241880 11 9 260376
241882 11 10 260377
241884 11 14 260378
241886 11 15 260379
241888 11 19 260380
241890 11 21 260381
241892 11 22 260382
241894 11 23 260383
241896 11 1 260384
241898 11 2 260385
241900 11 3 260386
241902 11 5 260387
241904 11 9 260388
241906 11 10 260389
241908 11 14 260390
241910 11 15 260391
241912 11 19 260392
241914 11 21 260393
241916 11 22 260394
241918 11 23 260395
241920 11 1 260396
241922 11 2 260397
241924 11 3 260398
241926 11 5 260399
241928 11 9 260400
241930 11 10 260401
241932 11 14 260402
241934 11 15 260403
241936 11 19 260404
241938 11 21 260405
241940 11 22 260406
241942 11 23 260407
241944 11 1 260408
241946 11 2 260409
241948 11 3 260410
241950 11 5 260411
241952 11 9 260412
241954 11 10 260413
241956 11 14 260414
241958 11 15 260415
241960 11 19 260416
241962 11 21 260417
241964 11 22 260418
241966 11 23 260419
241968 11 1 260420
241970 11 2 260421
241972 11 3 260422
241974 11 5 260423
241976 11 9 260424
241978 11 10 260425
241980 11 14 260426
241982 11 15 260427
241984 11 19 260428
241986 11 21 260429
241988 11 22 260430
241990 11 23 260431
241992 11 1 260432
241994 11 2 260433
241996 11 3 260434
241998 11 5 260435
242000 11 9 260436
242002 11 10 260437
242004 11 14 260438
242006 11 15 260439
242008 11 19 260440
242010 11 21 260441
242012 11 22 260442
242014 11 23 260443
242016 11 1 260444
242018 11 2 260445
242020 11 3 260446
242022 11 5 260447
242024 11 9 260448
242026 11 10 260449
242028 11 14 260450
242030 11 15 260451
242032 11 19 260452
242034 11 21 260453
242036 11 22 260454
242038 11 23 260455
242040 11 1 260456
242042 11 2 260457
242044 11 3 260458
242046 11 5 260459
242048 11 9 260460
242050 11 10 260461
242052 11 14 260462
242054 11 15 260463
242056 11 19 260464
242058 11 21 260465
242060 11 22 260466
242062 11 23 260467
242064 11 1 260468
242066 11 2 260469
242068 11 3 260470
242070 11 5 260471
242072 11 9 260472
242074 11 10 260473
242076 11 14 260474
242078 11 15 260475
242080 11 19 260476
242082 11 21 260477
242084 11 22 260478
242086 11 23 260479
242088 11 1 260480
242090 11 2 260481
242092 11 3 260482
242094 11 5 260483
242096 11 9 260484
242098 11 10 260485
242100 11 14 260486
242102 11 15 260487
242104 11 19 260488
242106 11 21 260489
242108 11 22 260490
242110 11 23 260491
242112 11 1 260492
242114 11 2 260493
242116 11 3 260494
242118 11 5 260495
242120 11 9 260496
242122 11 10 260497
242124 11 14 260498
242126 11 15 260499
242128 11 19 260500
242130 11 21 260501
242132 11 22 260502
242134 11 23 260503
242136 11 1 260504
242138 11 2 260505
242140 11 3 260506
242142 11 5 260507
242144 11 9 260508
242146 11 10 260509
242148 11 14 260510
242150 11 15 260511
242152 11 19 260512
242154 11 21 260513
242156 11 22 260514
242158 11 23 260515
242160 11 1 260516
242162 11 2 260517
242164 11 3 260518
242166 11 5 260519
242168 11 9 260520
242170 11 10 260521
242172 11 14 260522
242174 11 15 260523
242176 11 19 260524
242178 11 21 260525
242180 11 22 260526
242182 11 23 260527
242184 11 1 260528
242186 11 2 260529
242188 11 3 260530
242190 11 5 260531
242192 11 9 260532
242194 11 10 260533
242196 11 14 260534
242198 11 15 260535
242200 11 19 260536
242202 11 21 260537
242204 11 22 260538
242206 11 23 260539
242208 11 1 260540
242210 11 2 260541
242212 11 3 260542
242214 11 5 260543
242216 11 9 260544
242218 11 10 260545
242220 11 14 260546
242222 11 15 260547
242224 11 19 260548
242226 11 21 260549
242228 11 22 260550
242230 11 2 260553
242232 11 3 260554
242234 11 5 260555
242236 11 9 260556
242238 11 10 260557
242240 11 14 260558
242242 11 15 260559
242244 11 19 260560
242246 11 21 260561
242248 11 22 260562
242250 11 23 260563
242252 11 1 260564
242254 11 2 260565
242256 11 3 260566
242258 11 5 260567
242260 11 9 260568
242262 11 10 260569
242264 11 14 260570
242266 11 15 260571
242268 11 19 260572
242270 11 21 260573
242272 11 22 260574
242274 11 23 260575
242276 11 1 260576
242278 11 2 260577
242280 11 3 260578
242282 11 5 260579
242284 11 9 260580
242286 11 10 260581
242288 11 14 260582
242290 11 15 260583
242292 11 19 260584
242294 11 21 260585
242296 11 22 260586
242298 11 23 260587
242300 11 1 260588
242302 11 2 260589
242304 11 3 260590
242306 11 5 260591
242308 11 9 260592
242310 11 10 260593
242312 11 14 260594
242314 11 15 260595
242316 11 19 260596
242318 11 21 260597
242320 11 22 260598
242322 11 23 260599
242324 11 1 260600
242326 11 2 260601
242328 11 3 260602
242330 11 5 260603
242332 11 9 260604
242334 11 10 260605
242336 11 14 260606
242338 11 15 260607
242340 11 19 260608
242342 11 21 260609
242344 11 22 260610
242346 11 23 260611
242348 11 1 260612
242350 11 2 260613
242352 11 3 260614
242354 11 5 260615
242356 11 9 260616
242358 11 10 260617
242360 11 14 260618
242362 11 15 260619
242364 11 19 260620
242366 11 21 260621
242368 11 22 260622
242370 11 23 260623
242372 11 1 260624
242374 11 2 260625
242376 11 3 260626
242378 11 5 260627
242380 11 9 260628
242382 11 10 260629
242384 11 14 260630
242386 11 15 260631
242388 11 19 260632
242390 11 21 260633
242392 11 22 260634
242394 11 23 260635
242396 11 1 260636
242398 11 2 260637
242400 11 3 260638
242402 11 5 260639
242404 11 9 260640
242406 11 10 260641
242408 11 14 260642
242410 11 15 260643
242412 11 19 260644
242414 11 21 260645
242416 11 22 260646
242418 11 23 260647
242420 11 1 260648
242422 11 2 260649
242424 11 3 260650
242426 11 5 260651
242428 11 9 260652
242430 11 10 260653
242432 11 14 260654
242434 11 15 260655
242436 11 19 260656
242438 11 21 260657
242440 11 22 260658
242442 11 23 260659
242444 11 1 260660
242446 11 2 260661
242448 11 3 260662
242450 11 5 260663
242452 11 9 260664
242454 11 10 260665
242456 11 14 260666
242458 11 15 260667
242460 11 19 260668
242462 11 21 260669
242464 11 22 260670
242466 11 23 260671
242468 11 1 260672
242470 11 2 260673
242472 11 3 260674
242474 11 5 260675
242476 11 9 260676
242478 11 10 260677
242480 11 14 260678
242482 11 15 260679
242484 11 19 260680
242486 11 21 260681
242488 11 22 260682
242490 11 23 260683
242492 11 1 260684
242494 11 2 260685
242496 11 3 260686
242498 11 5 260687
242500 11 9 260688
242502 11 10 260689
242504 11 14 260690
242506 11 15 260691
242508 11 19 260692
242510 11 21 260693
242512 11 22 260694
242514 11 23 260695
242516 11 1 260696
242518 11 2 260697
242520 11 3 260698
242522 11 5 260699
242524 11 9 260700
242526 11 10 260701
242528 11 14 260702
242530 11 15 260703
242532 11 19 260704
242534 11 21 260705
242536 11 22 260706
242538 11 23 260707
242540 11 1 260708
242542 11 2 260709
242544 11 3 260710
242546 11 5 260711
242548 11 9 260712
242550 11 10 260713
242552 11 14 260714
242554 11 15 260715
242556 11 19 260716
242558 11 21 260717
242560 11 22 260718
242562 11 23 260719
242564 11 1 260720
242566 11 2 260721
242568 11 3 260722
242570 11 5 260723
242572 11 9 260724
242574 11 10 260725
242576 11 14 260726
242578 11 15 260727
242580 11 19 260728
242582 11 21 260729
242584 11 22 260730
242586 11 23 260731
242588 11 1 260732
242590 11 2 260733
242592 11 3 260734
242594 11 5 260735
242596 11 9 260736
242598 11 10 260737
242600 11 14 260738
242602 11 15 260739
242604 11 19 260740
242606 11 21 260741
242608 11 22 260742
242610 11 23 260743
242612 11 1 260744
242614 11 2 260745
242616 11 3 260746
242618 11 5 260747
242620 11 9 260748
242622 11 10 260749
242624 11 14 260750
242626 11 15 260751
242628 11 19 260752
242630 11 21 260753
242632 11 22 260754
242634 11 23 260755
242636 11 1 260756
242638 11 2 260757
242640 11 3 260758
242642 11 5 260759
242644 11 9 260760
242646 11 10 260761
242648 11 14 260762
242650 11 15 260763
242652 11 19 260764
242654 11 21 260765
242656 11 22 260766
242658 11 23 260767
242660 11 1 260768
242662 11 2 260769
242664 11 3 260770
242666 11 5 260771
242668 11 9 260772
242670 11 10 260773
242672 11 14 260774
242674 11 15 260775
242676 11 19 260776
242678 11 21 260777
242680 11 22 260778
242682 11 23 260779
242684 11 1 260780
242686 11 2 260781
242688 11 3 260782
242690 11 5 260783
242692 11 9 260784
242694 11 10 260785
242696 11 14 260786
242698 11 15 260787
242700 11 19 260788
242702 11 21 260789
242704 11 22 260790
242706 11 23 260791
242708 11 1 260792
242710 11 2 260793
242712 11 3 260794
242714 11 1 260096
242716 11 2 260097
242718 11 3 260098
242720 11 5 260099
242722 11 9 260100
242724 11 10 260101
242726 11 14 260102
242728 11 15 260103
242730 11 19 260104
242732 11 21 260105
242734 11 22 260106
242736 11 23 260107
242738 11 1 260108
242740 11 2 260109
242742 11 3 260110
242744 11 5 260111
242746 11 9 260112
242748 11 10 260113
242750 11 14 260114
242752 11 15 260115
242754 11 19 260116
242756 11 21 260117
242758 11 22 260118
242760 11 23 260119
242762 11 1 260120
242764 11 2 260121
242766 11 3 260122
242768 11 5 260123
242770 11 9 260124
242772 11 10 260125
242774 11 14 260126
242776 11 15 260127
242778 11 19 260128
242780 11 21 260129
242782 11 22 260130
242784 11 23 260131
242786 11 1 260132
242788 11 2 260133
242790 11 3 260134
242792 11 5 260135
242794 11 9 260136
242796 11 10 260137
242798 11 14 260138
242800 11 15 260139
242802 11 19 260140
242804 11 21 260141
242806 11 22 260142
242808 11 23 260143
242810 11 1 260144
242812 11 2 260145
242814 11 3 260146
242816 11 5 260147
242818 11 9 260148
242820 11 10 260149
242822 11 14 260150
242824 11 15 260151
242826 11 19 260152
242828 11 21 260153
242830 11 22 260154
242832 11 23 260155
242834 11 1 260156
242836 11 2 260157
242838 11 3 260158
242840 11 5 260159
242842 11 9 260160
242844 11 10 260161
242846 11 14 260162
242848 11 15 260163
242850 11 19 260164
242852 11 21 260165
242854 11 22 260166
242856 11 23 260167
242858 11 1 260168
242860 11 2 260169
242862 11 3 260170
242864 11 5 260171
242866 11 9 260172
242868 11 10 260173
242870 11 14 260174
242872 11 15 260175
242874 11 19 260176
242876 11 21 260177
242878 11 22 260178
242880 11 23 260179
242882 11 1 260180
242884 11 2 260181
242886 11 3 260182
242888 11 5 260183
242890 11 9 260184
242892 11 10 260185
242894 11 14 260186
242896 11 15 260187
242898 11 19 260188
242900 11 21 260189
242902 11 22 260190
242904 11 23 260191
242906 11 1 260192
242908 11 2 260193
242910 11 3 260194
242912 11 1 0
242914 11 2 8189
242918 11 3 16382
242920 11 3 25722
242922 11 5 25723
242924 11 3 25734
242926 11 5 25735
242928 11 22 25766
242930 11 23 25767
242932 11 1 25768
242934 11 14 25774
242936 11 15 25787
242938 11 19 25788
242940 11 15 25799
242942 11 19 25800
242944 11 2 25805
242946 11 9 26120
242948 11 15 26195
242950 11 5 26215
242952 11 10 26217
243110 11 10 29037
243112 11 22 28922
243114 11 23 28923
243220 11 3 65318
243228 11 9 65452
243230 11 23 67531
243232 11 23 69871
243234 11 1 70980
243236 11 10 71645
243238 11 14 72214
243240 11 14 72734
243242 11 3 73030
243244 11 5 73031
243246 11 9 73032
243404 11 9 78080
243406 11 21 82793
243408 11 22 124802
244198 11 14 125174
244200 11 15 125175
244202 11 19 125176
244204 11 21 125177
244206 11 22 125178
244208 11 15 129067
244210 11 19 129068
244212 11 21 129069
244214 11 22 129070
244216 11 23 129071
244218 11 1 129072
244220 11 21 130729
244222 11 5 131687
244226 11 9 131688
244230 11 10 177361
244270 11 21 177593
245022 11 10 178637
245028 11 10 179589
245030 11 14 179590
245032 11 15 179591
245034 11 19 179592
245036 11 21 179593
245038 11 22 179594
245040 11 14 179542
245042 11 15 179543
245044 11 19 179544
245046 11 21 179545
245048 11 22 179546
245050 11 23 179547
245052 11 1 179548
245054 11 2 179549
245056 11 3 179550
245058 11 5 179551
245060 11 9 179552
245062 11 10 179553
245064 11 14 179554
245066 11 15 179555
245068 11 19 179556
245070 11 21 179557
245072 11 22 179558
245074 11 23 179559
245076 11 1 179560
245078 11 2 179561
245080 11 3 179562
245082 11 5 179563
245084 11 10 179565
245086 11 14 179566
245088 11 15 179567
245090 11 19 179568
245092 11 21 179569
245094 11 22 179570
245096 11 23 179571
245098 11 1 179572
245100 11 2 179573
245102 11 3 179574
245104 11 5 179575
245106 11 9 179576
245108 11 10 179577
245110 11 14 179578
245112 11 15 179579
245114 11 19 179580
245116 11 21 179581
245118 11 22 179582
245120 11 23 179583
245132 11 22 183098
245134 11 23 183099
245136 11 1 183100
245138 11 2 183101
245140 11 3 183102
245142 11 5 183103
245144 11 9 183104
245146 11 10 183105
245148 11 14 183106
245150 11 15 183107
245152 11 19 183108
245154 11 21 183109
245156 11 22 183110
245158 11 23 183111
245160 11 1 183112
245162 11 2 183113
245164 11 3 183114
245166 11 5 183115
245168 11 9 183116
245170 11 10 183117
245172 11 19 184120
245174 11 1 184112
245176 11 9 184116
245178 11 14 184130
245180 11 23 184123
245182 11 19 184108
245184 11 3 184138
245186 11 19 184132
245190 11 1 184124
245192 11 10 184129
245194 11 2 203149
245196 11 5 203151
245198 11 19 217492
245200 11 3 217714
245212 11 22 217494
245230 11 19 217864
245236 11 21 217493
245244 11 23 217831
245266 11 19 217720
245282 11 5 217811
245296 11 3 217834
245356 11 10 217489
245386 11 1 217496
245446 11 3 217498
245468 11 23 217495
245520 11 1 217772
245522 11 9 217488
245566 11 9 217500
245850 11 1 217808
245896 11 9 217704
245926 11 15 217827
245948 11 3 217738
245964 11 5 217847
246038 11 1 217484
246072 11 1 217880
246080 11 1 219172
246082 11 9 219212
246084 11 10 219237
246086 11 14 219370
246088 11 3 219378
246090 11 15 219263
246092 11 19 219264
246094 11 23 219411
246098 11 21 219409
246100 11 21 221289
246102 11 15 221659
246104 11 15 221683
246106 11 21 221661
246108 11 9 221668
246112 11 1 221688
246114 11 15 221695
246118 11 9 248748
246120 11 23 248767
246122 11 14 248750
246124 11 15 248703
246126 11 21 248705
246128 11 2 248745
246130 11 3 248746
246136 11 1 248708
246142 11 10 248785
246144 11 19 248776
246150 11 14 248774
246164 11 19 248764
246166 11 22 248766
246168 11 2 248769
246176 11 15 248739
246188 11 10 248761
246200 11 5 248831
246204 11 15 248775
246206 11 15 248787
246210 11 22 248778
246212 11 10 248773
246214 11 1 248780
246216 11 9 248784
246222 11 15 248691
246228 11 23 248695
246230 11 3 248758
246232 11 22 248694
246238 11 5 248771
246240 11 9 248772
246242 11 23 248815
246246 11 22 248526
246250 11 2 248781
246252 11 3 248782
246262 11 21 248777
246268 11 19 248824
246270 11 2 248709
246288 11 22 248814
246296 11 3 248698
246298 11 5 248699
246300 11 14 248702
246306 11 19 248704
246312 11 14 248786
246324 11 9 248760
246330 11 23 248527
246332 11 15 248751
246336 11 9 248836
246338 11 1 248832
246342 11 2 248833
246344 11 3 248834
246346 11 5 248835
246350 11 14 248838
246352 11 23 248843
246360 11 15 248851
246366 11 21 248841
246376 11 9 248860
246384 11 2 249013
246386 11 14 249066
246392 11 3 249110
246394 11 22 249214
246396 11 1 249228
246398 11 2 249229
246400 11 9 249232
246408 11 2 249253
246410 11 22 249454
246412 11 23 249467
246414 11 5 249471
246416 11 9 249472
246418 11 2 249457
246422 11 23 249455
246424 11 9 249460
246426 11 10 249605
246428 11 14 249606
246430 11 10 249617
246432 11 15 249667
246434 11 22 249778
246436 11 5 249819
246438 11 9 249820
246440 11 10 249821
246442 11 3 249830
246444 11 5 249831
246446 11 10 249845
246450 11 21 249837
246452 11 15 249847
246472 11 22 249838
246486 11 23 249839
246488 11 1 249840
246490 11 2 249841
246492 11 3 249842
246494 11 5 249843
246496 11 9 249844
246504 11 19 249848
246510 11 14 249846
246528 11 23 249927
246530 11 5 250039
246532 11 9 249932
246534 11 5 249931
246536 11 1 249928
246538 11 5 249895
246542 11 21 261837
246544 11 22 261838
246546 11 23 261839
246548 11 1 261840
246550 11 2 261841
246552 11 21 271101
246554 11 15 271111
246556 11 2 271153
246558 11 3 271130
246562 11 14 271146
246566 11 22 271102
246570 11 9 271132
246576 11 22 271138
246588 11 23 271211
246590 11 3 271214
246592 11 22 271174
246594 11 3 271178
246596 11 21 271161
246604 11 10 271301
246606 11 14 271350
246608 11 19 271208
246612 11 3 271142
246618 11 21 271137
246620 11 21 271233
246622 11 2 271237
246624 11 22 271234
246626 11 21 271353
246628 11 23 271235
246632 11 5 271143
246634 11 1 271236
246636 11 2 271141
246638 11 3 271238
246642 11 9 271240
246644 11 23 271271
246646 11 10 271313
246652 11 15 271147
246656 11 22 271354
246662 11 9 271216
246664 11 2 271117
246666 11 10 271241
246668 11 3 271262
246678 11 22 271318
246682 11 21 271173
246686 11 2 271105
246688 11 15 271267
246690 11 10 271157
246692 11 19 271268
246694 11 14 271158
246696 11 10 271265
246698 11 14 271266
246700 11 9 271264
246702 11 9 271156
246704 11 5 271263
246706 11 5 271215
246710 11 3 271362
246712 11 2 271361
246714 11 5 271363
246716 11 23 271515
246718 11 9 271364
246720 11 14 271366
246722 11 15 271367
246724 11 19 271368
246726 11 23 271371
246728 11 2 271373
246730 11 5 271375
246732 11 1 271372
246734 11 3 271374
246736 11 9 271376
246738 11 15 271379
246742 11 21 271381
246744 11 23 271383
246746 11 2 271385
246748 11 19 271380
246750 11 22 271382
246752 11 1 271384
246754 11 3 271386
246756 11 9 271388
246758 11 10 271389
246760 11 14 271390
246762 11 15 271391
246764 11 19 271392
246766 11 9 271400
246768 11 22 271394
246770 11 1 271396
246772 11 5 271399
246774 11 3 271398
246776 11 2 271397
246782 11 22 271370
246786 11 15 271403
246788 11 19 271404
246790 11 21 271405
246792 11 22 271406
246794 11 23 271407
246796 11 1 271408
246800 11 3 271602
246804 11 15 271499
246806 11 3 271410
246808 11 5 271411
246810 11 10 271413
246812 11 14 271414
246814 11 15 271415
246816 11 19 271416
246818 11 21 271417
246820 11 9 271412
246826 11 23 271419
246828 11 1 271420
246830 11 2 271421
246832 11 3 271422
246834 11 5 271423
246836 11 9 271424
246854 11 14 271426
246856 11 15 271427
246858 11 19 271428
246864 11 22 271430
246866 11 23 271431
246868 11 2 271433
246870 11 9 271436
246872 11 22 271490
246874 11 1 271600
246876 11 1 271432
246878 11 22 271478
246884 11 3 271434
246886 11 5 271435
246890 11 10 271437
246892 11 14 271438
246894 11 15 271439
246896 11 19 271440
246898 11 3 271710
246900 11 5 271711
246902 11 10 271713
246904 11 23 271719
246906 11 15 271727
246908 11 23 271443
246910 11 2 271445
246912 11 1 271444
246916 11 3 271446
246918 11 21 271429
246920 11 15 271451
246922 11 9 271472
246924 11 14 271486
246926 11 19 271452
246928 11 21 271453
246930 11 23 271455
246932 11 1 271456
246934 11 2 271457
246938 11 22 271454
246940 11 5 271459
246942 11 14 271462
246944 11 21 271465
246946 11 10 271461
246952 11 15 271463
246954 11 14 271450
246956 11 9 271484
246958 11 10 271485
246960 11 2 271493
246962 11 3 271494
246964 11 5 271495
246966 11 23 271467
246968 11 10 271473
246970 11 14 271474
246972 11 19 271476
246974 11 21 271477
246976 11 23 271479
246978 11 15 271475
246986 11 14 271402
246988 11 2 271409
246990 11 22 271418
246992 11 10 271425
247016 11 5 271483
247018 11 15 271487
247020 11 19 271488
247024 11 23 271491
247026 11 1 271492
247032 11 21 271489
247042 11 23 271503
247044 11 1 271504
247046 11 5 271507
247048 11 14 271510
247050 11 3 271506
247052 11 14 271582
247054 11 10 271509
247060 11 21 271513
247064 11 1 271516
247066 11 2 271517
247068 11 9 271496
247070 11 9 271748
247072 11 3 271638
247074 11 5 271747
247076 11 15 271535
247078 11 22 271538
247080 11 21 271537
247082 11 23 271539
247084 11 23 271647
247086 11 15 271547
247088 11 19 271548
247090 11 21 271549
247092 11 22 271550
247094 11 23 271551
247096 11 1 271552
247098 11 14 271546
247102 11 2 271553
247104 11 5 271555
247106 11 9 271556
247110 11 14 271558
247112 11 15 271559
247114 11 19 271560
247120 11 22 271562
247122 11 1 271564
247124 11 5 271567
247126 11 9 271568
247128 11 14 271570
247130 11 15 271571
247132 11 19 271572
247134 11 21 271573
247136 11 10 271641
247142 11 23 271575
247144 11 14 271642
247146 11 2 271577
247148 11 3 271578
247150 11 5 271579
247152 11 10 271569
247154 11 22 271574
247156 11 1 271576
247158 11 9 271580
247160 11 3 271566
247162 11 10 271581
247164 11 21 271585
247166 11 22 271586
247168 11 1 271588
247170 11 19 271584
247172 11 23 271587
247174 11 2 271589
247176 11 10 271593
247178 11 9 271592
247182 11 14 271594
247184 11 5 271591
247186 11 15 271595
247188 11 2 271601
247190 11 9 271604
247192 11 10 271605
247194 11 19 271608
247196 11 15 271607
247202 11 14 271606
247204 11 21 271609
247208 11 23 271611
247210 11 1 271612
247212 11 5 271615
247214 11 10 271617
247216 11 19 271596
247218 11 21 271621
247220 11 2 271625
247222 11 3 271626
247224 11 21 271501
247226 11 14 271630
247228 11 5 271651
247230 11 21 271633
247232 11 22 271634
247234 11 23 271635
247236 11 14 271750
247244 11 19 271536
247246 11 1 271540
247248 11 15 271739
247250 11 1 271636
247252 11 10 271653
247254 11 14 271654
247256 11 15 271655
247258 11 19 271656
247260 11 1 271660
247262 11 3 271662
247264 11 5 271663
247266 11 9 271664
247270 11 10 271665
247272 11 15 271667
247274 11 19 271668
247278 11 23 271671
247280 11 2 271673
247282 11 23 271659
247284 11 1 271672
247286 11 3 271674
247288 11 3 271722
247290 11 10 271677
247292 11 15 271679
247294 11 23 271683
247296 11 1 271684
247298 11 2 271685
247300 11 3 271686
247302 11 15 271691
247304 11 19 271692
247306 11 2 271649
247308 11 1 271696
247310 11 5 271699
247312 11 21 271681
247314 11 15 271703
247316 11 3 271650
247320 11 23 271695
247324 11 2 271697
247326 11 3 271698
247330 11 10 271701
247334 11 14 271702
247338 11 9 271700
247342 11 19 271704
247344 11 22 271706
247356 11 21 271705
247360 11 5 271723
247366 11 9 271712
247370 11 22 271502
247374 11 15 271715
247378 11 19 271716
247380 11 21 271717
247382 11 9 271652
247386 11 3 271734
247390 11 9 271724
247396 11 14 271726
247398 11 1 271732
247400 11 2 271733
247404 11 19 271728
247406 11 21 271729
247408 11 22 271730
247410 11 14 271714
247414 11 5 271735
247416 11 9 271736
247418 11 10 271737
247420 11 22 271754
247422 11 19 271740
247424 11 21 271741
247430 11 22 271742
247432 11 23 271743
247434 11 22 271718
247436 11 10 271629
247438 11 19 271752
247442 11 2 272069
247444 11 3 272070
247446 11 5 272071
247448 11 9 272072
247474 11 19 272088
247476 11 23 272127
247480 11 14 272134
247482 11 15 272135
247486 11 22 272138
247488 11 5 272167
247492 11 9 272168
247512 11 14 272170
247516 11 10 272205
247518 11 19 272232
247520 11 21 272233
247522 11 22 272234
247524 11 23 272235
247526 11 15 272231
247558 11 23 272307
247560 11 1 272308
247564 11 2 272309
247566 11 9 272324
247568 11 5 272311
247572 11 21 272365
247574 11 3 272310
247576 11 3 272334
247578 11 23 272331
247580 11 2 272333
247582 11 21 272329
247588 11 5 272335
247592 11 1 272332
247606 11 14 272326
247608 11 5 272399
247610 11 9 272388
247612 11 9 288588
247614 11 10 288589
247616 11 14 288590
247618 11 15 288591
247620 11 19 288592
247622 11 21 288593
247624 11 22 288594
247626 11 23 288595
247628 11 1 288596
247630 11 2 288597
247632 11 3 288598
247634 11 5 288599
247636 11 9 288600
247638 11 10 288601
247640 11 14 288602
247642 11 15 288603
247644 11 19 288604
247646 11 21 288605
247648 11 22 288606
247650 11 23 288607
247652 11 1 288608
247654 11 2 288609
247656 11 3 288610
247658 11 5 288611
247660 11 9 288612
247662 11 10 288613
247664 11 14 288614
247666 11 15 288615
247668 11 19 288616
247670 11 21 288617
247672 11 22 288618
247674 11 23 288619
247676 11 1 288620
247678 11 2 288621
247680 11 3 288622
247682 11 5 288623
247684 11 9 288624
247686 11 10 288625
247688 11 14 288626
247690 11 15 288627
247692 11 19 288628
247694 11 21 288629
247696 11 22 288630
247698 11 23 288631
247700 11 1 288632
247702 11 2 288633
247704 11 3 288634
247706 11 5 288635
247708 11 9 288636
247710 11 10 288637
247712 11 14 288638
247714 11 15 288639
247716 11 19 288640
247718 11 21 288641
247720 11 22 288642
247722 11 23 288643
247724 11 1 288644
247726 11 2 288645
247728 11 3 288646
247730 11 5 288647
247732 11 9 288648
247734 11 10 288649
247736 11 14 288650
247738 11 15 288651
247740 11 19 288652
247742 11 21 288653
247744 11 22 288654
247746 11 23 288655
247748 11 1 288656
247750 11 2 288657
247752 11 3 288658
247754 11 5 288659
247756 11 9 288660
247758 11 10 288661
247760 11 14 288662
247762 11 15 288663
247764 11 19 288664
247766 11 21 288665
247768 11 22 288666
247770 11 23 288667
247772 11 1 288668
247774 11 2 288669
247776 11 3 288670
247778 11 5 288671
247780 11 9 288672
247782 11 10 288673
247784 11 14 288674
247786 11 15 288675
247788 11 19 288676
247790 11 21 288677
247792 11 22 288678
247794 11 23 288679
247796 11 1 288680
247798 11 2 288681
247800 11 3 288682
247802 11 5 288683
247804 11 9 288684
247806 11 10 288685
247808 11 14 288686
247810 11 15 288687
247812 11 19 288688
247814 11 21 288689
247816 11 22 288690
247818 11 23 288691
247820 11 1 288692
247822 11 2 288693
247824 11 3 288694
247826 11 5 288695
247828 11 9 288696
247830 11 10 288697
247832 11 14 288698
247834 11 15 288699
247836 11 19 288700
247838 11 21 288701
247840 11 22 288702
247842 11 23 288703
247844 11 1 288704
247846 11 2 288705
247848 11 3 288706
247850 11 5 288707
247852 11 9 288708
247854 11 10 288709
247856 11 14 288710
247858 11 15 288711
247860 11 19 288712
247862 11 21 288713
247864 11 22 288714
247866 11 23 288715
247868 11 1 288716
247870 11 2 288717
247872 11 3 288718
247874 11 5 288719
247876 11 9 288720
247878 11 10 288721
247880 11 14 288722
247882 11 15 288723
247884 11 19 288724
247886 11 21 288725
247888 11 22 288726
247890 11 23 288727
247892 11 1 288728
247894 11 2 288729
247896 11 3 288730
247898 11 5 288731
247900 11 9 288732
247902 11 10 288733
247904 11 14 288734
247906 11 15 288735
247908 11 19 288736
247910 11 21 288737
247912 11 22 288738
247914 11 23 288739
247916 11 1 288740
247918 11 2 288741
247920 11 3 288742
247922 11 5 288743
247924 11 9 288744
247926 11 10 288745
247928 11 14 288746
247930 11 15 288747
247932 11 19 288748
247934 11 21 288749
247936 11 22 288750
247938 11 23 288751
247940 11 1 288752
247942 11 2 288753
247944 11 3 288754
247946 11 5 288755
247948 11 9 288756
247950 11 10 288757
247952 11 14 288758
247954 11 15 288759
247956 11 19 288760
247958 11 21 288761
247960 11 22 288762
247962 11 23 288763
247964 11 1 288764
247966 11 2 288765
247968 11 3 288766
247970 11 5 288767
247972 11 1 288768
247974 11 2 288769
247976 11 3 288770
247978 11 5 288771
247980 11 9 288772
247982 11 10 288773
247984 11 14 288774
247986 11 15 288775
247988 11 19 288776
247990 11 21 288777
247992 11 22 288778
247994 11 23 288779
247996 11 1 288780
247998 11 2 288781
248000 11 3 288782
248002 11 5 288783
248004 11 9 288784
248006 11 10 288785
248008 11 14 288786
248010 11 15 288787
248012 11 19 288788
248014 11 21 288789
248016 11 22 288790
248018 11 23 288791
248020 11 1 288792
248022 11 2 288793
248024 11 3 288794
248026 11 5 288795
248028 11 9 288796
248030 11 10 288797
248032 11 14 288798
248034 11 15 288799
248036 11 19 288800
248038 11 21 288801
248040 11 22 288802
248042 11 23 288803
248044 11 1 288804
248046 11 2 288805
248048 11 3 288806
248050 11 5 288807
248052 11 9 288808
248054 11 10 288809
248056 11 14 288810
248058 11 15 288811
248060 11 19 288812
248062 11 21 288813
248064 11 22 288814
248066 11 23 288815
248068 11 1 288816
248070 11 2 288817
248072 11 3 288818
248074 11 5 288819
248076 11 9 288820
248078 11 10 288821
248080 11 14 288822
248082 11 15 288823
248084 11 19 288824
248086 11 21 288825
248088 11 22 288826
248090 11 23 288827
248092 11 1 288828
248094 11 2 288829
248096 11 3 288830
248098 11 5 288831
248100 11 9 288832
248102 11 10 288833
248104 11 14 288834
248106 11 15 288835
248108 11 19 288836
248110 11 21 288837
248112 11 22 288838
248114 11 23 288839
248116 11 1 288840
248118 11 2 288841
248120 11 3 288842
248122 11 5 288843
248124 11 9 288844
248126 11 10 288845
248128 11 14 288846
248130 11 15 288847
248132 11 19 288848
248134 11 21 288849
248136 11 22 288850
248138 11 23 288851
248140 11 1 288852
248142 11 2 288853
248144 11 3 288854
248146 11 5 288855
248148 11 9 288856
248150 11 10 288857
248152 11 14 288858
248154 11 15 288859
248156 11 19 288860
248158 11 21 288861
248160 11 22 288862
248162 11 23 288863
248164 11 1 288864
248166 11 2 288865
248168 11 3 288866
248170 11 5 288867
248172 11 9 288868
248174 11 10 288869
248176 11 14 288870
248178 11 15 288871
248180 11 19 288872
248182 11 21 288873
248184 11 22 288874
248186 11 23 288875
248188 11 1 288876
248190 11 2 288877
248192 11 3 288878
248194 11 5 288879
248196 11 9 288880
248198 11 10 288881
248200 11 14 288882
248202 11 15 288883
248204 11 19 288884
248206 11 21 288885
248208 11 22 288886
248210 11 23 288887
248212 11 1 288888
248214 11 2 288889
248216 11 3 288890
248218 11 5 288891
248220 11 9 288892
248222 11 10 288893
248224 11 14 288894
248226 11 15 288895
248228 11 19 288896
248230 11 21 288897
248232 11 22 288898
248234 11 23 288899
248236 11 1 288900
248238 11 2 288901
248240 11 3 288902
248242 11 5 288903
248244 11 9 288904
248246 11 10 288905
248248 11 14 288906
248250 11 15 288907
248252 11 19 288908
248254 11 21 288909
248256 11 22 288910
248258 11 23 288911
248260 11 1 288912
248262 11 2 288913
248264 11 3 288914
248266 11 5 288915
248268 11 9 288916
248270 11 10 288917
248272 11 14 288918
248274 11 15 288919
248276 11 19 288920
248278 11 21 288921
248280 11 22 288922
248282 11 23 288923
248284 11 1 288924
248286 11 2 288925
248288 11 3 288926
248290 11 5 288927
248292 11 9 288928
248294 11 10 288929
248296 11 14 288930
248298 11 15 288931
248300 11 19 288932
248302 11 21 288933
248304 11 22 288934
248306 11 23 288935
248308 11 1 288936
248310 11 2 288937
248312 11 3 288938
248314 11 5 288939
248316 11 9 288940
248318 11 10 288941
248320 11 14 288942
248322 11 15 288943
248324 11 19 288944
248326 11 21 288945
248328 11 22 288946
248330 11 23 288947
248332 11 1 288948
248334 11 2 288949
248336 11 3 288950
248338 11 5 288951
248340 11 9 288952
248342 11 10 288953
248344 11 14 288954
248346 11 15 288955
248350 11 19 288956
248352 11 21 288957
248354 11 22 288958
248356 11 23 288959
248358 11 1 288960
248360 11 2 288961
248362 11 3 288962
248364 11 5 288963
248366 11 9 288964
248368 11 10 288965
248370 11 14 288966
248372 11 15 288967
248374 11 19 288968
248376 11 21 288969
248378 11 22 288970
248380 11 23 288971
248382 11 1 288972
248384 11 2 288973
248386 11 3 288974
248388 11 5 288975
248390 11 9 288976
248392 11 10 288977
248394 11 14 288978
248396 11 15 288979
248398 11 19 288980
248400 11 21 288981
248402 11 22 288982
248404 11 23 288983
248406 11 1 288984
248408 11 2 288985
248410 11 3 288986
248412 11 5 288987
248414 11 9 288988
248416 11 10 288989
248418 11 14 288990
248420 11 15 288991
248422 11 19 288992
248424 11 21 288993
248428 11 22 288994
248430 11 23 288995
248432 11 1 288996
248434 11 2 288997
248436 11 3 288998
248438 11 5 288999
248440 11 9 289000
248442 11 10 289001
248444 11 14 289002
248446 11 15 289003
248448 11 19 289004
248450 11 21 289005
248452 11 22 289006
248456 11 23 289007
248458 11 1 289008
248460 11 2 289009
248462 11 3 289010
248464 11 5 289011
248466 11 9 289012
248468 11 10 289013
248470 11 14 289014
248472 11 15 289015
248474 11 19 289016
248476 11 21 289017
248478 11 22 289018
248480 11 23 289019
248482 11 1 289020
248484 11 2 289021
248486 11 21 11465
248488 11 15 11859
248490 11 21 20969
248494 11 5 25083
248496 11 21 25173
248498 11 21 33389
248500 11 21 44737
248502 11 22 119634
248504 11 9 212812
248506 11 23 212819
248508 11 1 212820
248510 11 2 212821
248512 11 3 212822
248514 11 5 212823
248516 11 9 212824
248518 11 14 212826
248520 11 15 212827
248522 11 19 212828
248524 11 21 212829
248526 11 22 212830
248528 11 23 212843
248704 11 15 212815
248706 11 19 212816
248708 11 21 212817
248710 11 22 212818
248724 11 10 212825
248736 11 23 212831
248738 11 1 212832
248740 11 2 212833
248742 11 3 212834
248744 11 5 212835
248746 11 9 212836
248748 11 10 212837
250074 11 19 212840
250076 11 22 212842
250600 11 9 242664
250602 11 10 242665
250604 11 14 242666
250606 11 15 242667
250608 11 19 242668
250610 11 21 242669
250612 11 22 242670
250614 11 23 242671
250616 11 1 242672
250618 11 2 242673
250620 11 3 242674
250622 11 5 242675
250624 11 9 242676
250626 11 10 242677
250628 11 15 242535
250630 11 19 242536
250632 11 10 242533
250634 11 23 242635
250664 11 14 242678
250704 11 15 242679
250746 11 19 242680
250790 11 21 242681
250836 11 22 242682
250896 11 23 242683
250946 11 1 242684
250998 11 2 242685
251052 11 3 242686
251066 11 2 242601
251114 11 5 242687
251272 11 1 242636
251274 11 2 242637
251276 11 3 242638
251278 11 5 242639
251280 11 9 242640
251282 11 10 242641
251284 11 14 242642
251286 11 15 242643
251288 11 19 242644
251290 11 21 242645
251292 11 22 242646
251294 11 23 242647
251296 11 1 242648
251298 11 2 242649
251300 11 3 242650
251302 11 5 242651
251304 11 9 242652
251306 11 10 242653
251308 11 14 242654
251310 11 15 242655
251312 11 19 242656
251314 11 21 242657
251316 11 22 242658
251318 11 23 242659
252978 11 10 242605
253308 11 1 242688
253310 11 19 243308
253312 11 15 264331
253314 11 19 264332
253316 11 1 264360
253318 11 2 264361
253320 11 3 264362
253328 11 14 264546
253330 11 15 264547
253332 11 19 264548
253334 11 2 264673
253336 11 3 264674
253338 11 5 264675
253340 11 9 264676
253342 11 10 264677
253344 11 14 264678
253346 11 15 264679
253348 11 19 264680
253350 11 21 264681
253352 11 22 264682
253354 11 23 264683
253356 11 15 264607
253358 11 5 264615
253360 11 9 264616
253362 11 10 264617
253364 11 14 264618
253370 11 9 264364
253372 11 10 264365
253374 11 14 264366
253388 11 21 264549
253410 11 23 264611
253412 11 15 264619
253414 11 19 264620
253416 11 21 264621
253418 11 22 264622
253424 11 19 264368
253426 11 21 264369
253428 11 22 264370
253444 11 22 264550
253466 11 23 264623
253468 11 1 264624
253470 11 2 264625
253472 11 3 264626
253478 11 1 264372
253480 11 2 264373
253482 11 3 264374
253500 11 23 264551
253520 11 5 264627
253522 11 9 264628
253524 11 10 264629
253526 11 14 264630
253532 11 9 264376
253534 11 10 264377
253536 11 14 264378
253556 11 1 264552
253574 11 15 264631
253576 11 19 264632
253578 11 21 264633
253580 11 22 264634
253586 11 19 264380
253588 11 21 264381
253590 11 22 264382
253612 11 2 264553
253628 11 23 264635
253630 11 1 264636
253632 11 2 264637
253634 11 3 264638
253640 11 1 264384
253642 11 2 264385
253644 11 3 264386
253652 11 2 264661
253654 11 3 264662
253656 11 5 264663
253658 11 9 264664
253660 11 10 264665
253662 11 14 264666
253664 11 15 264667
253666 11 19 264668
253668 11 21 264669
253670 11 22 264670
253672 11 23 264671
253674 11 1 264672
253698 11 15 264403
253700 11 5 264567
253702 11 9 264568
253704 11 10 264569
253706 11 14 264570
253712 11 9 264388
253714 11 10 264389
253716 11 14 264390
253740 11 3 264554
253754 11 5 264639
253756 11 9 264640
253758 11 10 264641
253760 11 14 264642
253766 11 19 264392
253768 11 21 264393
253770 11 22 264394
253796 11 5 264555
253808 11 15 264643
253810 11 19 264644
253812 11 21 264645
253814 11 22 264646
253820 11 1 264396
253822 11 2 264397
253824 11 3 264398
253852 11 9 264556
253862 11 23 264647
253864 11 1 264648
253866 11 2 264649
253868 11 3 264650
253874 11 9 264400
253876 11 10 264401
253878 11 14 264402
253908 11 10 264557
253916 11 5 264651
253918 11 9 264652
253920 11 10 264653
253922 11 14 264654
253926 11 19 264404
253928 11 21 264405
253930 11 22 264406
253936 11 1 264408
253938 11 2 264409
253940 11 3 264410
253972 11 14 264558
253978 11 15 264655
253980 11 19 264656
253982 11 21 264657
253984 11 22 264658
253990 11 9 264412
253992 11 10 264413
253994 11 14 264414
254046 11 23 264563
254048 11 15 264571
254050 11 19 264572
254052 11 21 264573
254054 11 22 264574
254060 11 19 264416
254062 11 21 264417
254064 11 22 264418
254116 11 23 264575
254118 11 1 264576
254120 11 2 264577
254122 11 3 264578
254128 11 1 264420
254130 11 2 264421
254132 11 3 264422
254182 11 5 264579
254184 11 9 264580
254186 11 10 264581
254188 11 14 264582
254194 11 9 264424
254240 11 10 264425
254242 11 14 264426
254246 11 15 264583
254248 11 19 264584
254250 11 21 264585
254252 11 22 264586
254258 11 19 264428
254302 11 21 264429
254304 11 22 264430
254308 11 23 264587
254310 11 1 264588
254312 11 2 264589
254314 11 3 264590
254320 11 1 264432
254362 11 2 264433
254364 11 3 264434
254368 11 5 264591
254370 11 9 264592
254372 11 10 264593
254374 11 14 264594
254380 11 9 264436
254420 11 10 264437
254422 11 14 264438
254426 11 15 264595
254428 11 19 264596
254430 11 21 264597
254432 11 22 264598
254434 11 15 264439
254440 11 10 264545
254444 11 19 264440
254446 11 21 264441
254448 11 22 264442
254450 11 23 264443
254452 11 1 264444
254454 11 2 264445
254456 11 3 264446
254458 11 5 264447
254460 11 9 264448
254466 11 15 264535
254468 11 19 264536
254470 11 21 264537
254472 11 22 264538
254474 11 23 264539
254476 11 1 264540
254478 11 2 264541
254480 11 3 264542
254482 11 5 264543
254484 11 9 264544
254512 11 15 264559
254526 11 10 264449
254528 11 14 264450
254530 11 15 264451
254532 11 19 264452
254596 11 21 264453
254598 11 22 264454
254600 11 23 264455
254602 11 1 264456
254664 11 2 264457
254666 11 3 264458
254668 11 5 264459
254670 11 9 264460
254730 11 10 264461
254732 11 14 264462
254734 11 15 264463
254736 11 19 264464
254794 11 21 264465
254796 11 22 264466
254798 11 23 264467
254800 11 1 264468
254856 11 2 264469
254858 11 3 264470
254860 11 5 264471
254862 11 9 264472
254916 11 10 264473
254918 11 14 264474
254920 11 15 264475
254922 11 19 264476
254974 11 21 264477
254976 11 22 264478
254978 11 23 264479
254980 11 1 264480
255030 11 2 264481
255032 11 3 264482
255034 11 5 264483
255036 11 9 264484
255084 11 10 264485
255086 11 14 264486
255088 11 15 264487
255090 11 19 264488
255136 11 21 264489
255138 11 22 264490
255140 11 23 264491
255142 11 1 264492
255186 11 2 264493
255188 11 3 264494
255190 11 5 264495
255192 11 9 264496
255234 11 10 264497
255236 11 14 264498
255238 11 15 264499
255240 11 19 264500
255280 11 21 264501
255282 11 22 264502
255284 11 23 264503
255286 11 1 264504
255324 11 2 264505
255326 11 3 264506
255328 11 5 264507
255330 11 9 264508
255366 11 10 264509
255368 11 14 264510
255370 11 15 264511
255372 11 19 264512
255406 11 21 264513
255408 11 22 264514
255410 11 23 264515
255412 11 1 264516
255444 11 2 264517
255446 11 3 264518
255448 11 5 264519
255450 11 9 264520
255480 11 10 264521
255482 11 14 264522
255484 11 15 264523
255486 11 19 264524
255514 11 21 264525
255516 11 22 264526
255518 11 23 264527
255520 11 1 264528
255544 11 22 264334
255548 11 2 264529
255550 11 3 264530
255552 11 5 264531
255576 11 9 264532
255578 11 10 264533
255580 11 14 264534
255822 11 21 264561
255824 11 22 264562
256346 11 19 264560
256348 11 23 264659
256350 11 1 264660
256372 11 1 264564
256374 11 2 264565
256376 11 3 264566
256460 11 23 264599
256462 11 1 264600
256464 11 2 264601
256466 11 3 264602
256470 11 5 264603
256472 11 9 264604
256474 11 10 264605
256476 11 14 264606
256482 11 19 264608
256484 11 21 264609
256486 11 22 264610
256492 11 1 264612
256494 11 2 264613
256496 11 3 264614
256604 11 21 264333
256656 11 2 264685
256658 11 3 264686
256674 11 9 264340
257088 11 19 264344
257124 11 1 264348
257158 11 9 264352
257192 11 19 264356
257618 11 1 264684
257620 11 15 264691
257622 11 1 264756
257624 11 3 264782
257650 11 5 264783
257658 11 9 264784
257660 11 23 264827
257684 11 21 284665
257686 11 2 284669
257688 11 10 284661
257694 11 14 284662
257696 11 15 284663
257698 11 3 284646
257700 11 1 284672
257702 11 2 284673
257704 11 15 284763
257706 11 14 284942
257708 11 15 284943
257710 11 19 284944
257712 11 21 284945
257714 11 22 284946
257716 11 23 284947
257718 11 1 284948
257720 11 2 284949
257722 11 3 284950
257724 11 5 284951
257726 11 9 284952
257728 11 3 284674
257730 11 5 284675
257732 11 9 284676
257734 11 10 284677
257736 11 23 284767
257760 11 14 284678
257762 11 15 284679
257764 11 19 284680
257766 11 21 284681
257768 11 5 284771
257792 11 22 284682
257794 11 23 284683
257796 11 1 284684
257798 11 2 284685
257800 11 15 284775
257824 11 3 284686
257826 11 5 284687
257828 11 9 284688
257830 11 10 284689
257832 11 23 284779
257856 11 14 284690
257858 11 15 284691
257860 11 19 284692
257862 11 21 284693
257864 11 5 284783
257888 11 22 284694
257890 11 23 284695
257892 11 1 284696
257894 11 2 284697
257900 11 3 284698
257902 11 5 284699
257904 11 9 284700
257906 11 10 284701
257908 11 15 284787
257932 11 14 284702
257934 11 15 284703
257936 11 19 284704
257938 11 21 284705
257940 11 23 284791
257964 11 22 284706
257966 11 23 284707
257968 11 1 284708
257970 11 2 284709
257972 11 5 284795
257996 11 3 284710
257998 11 5 284711
258000 11 9 284712
258002 11 10 284713
258004 11 15 284799
258028 11 14 284714
258030 11 15 284715
258032 11 19 284716
258034 11 21 284717
258036 11 22 284718
258038 11 23 284803
258062 11 23 284719
258064 11 1 284720
258066 11 2 284721
258068 11 3 284722
258076 11 5 284723
258078 11 9 284724
258080 11 10 284725
258082 11 14 284726
258092 11 15 284727
258094 11 19 284728
258096 11 21 284729
258098 11 22 284730
258110 11 23 284731
258112 11 1 284732
258114 11 2 284733
258128 11 3 284734
258130 11 5 284735
258132 11 9 284736
258134 11 10 284737
258150 11 14 284738
258152 11 15 284739
258154 11 19 284740
258156 11 21 284741
258174 11 22 284742
258176 11 23 284743
258178 11 1 284744
258180 11 2 284745
258200 11 3 284746
258202 11 5 284747
258204 11 9 284748
258206 11 10 284749
258208 11 1 284876
258210 11 15 284883
258212 11 19 284884
258214 11 21 284885
258216 11 15 284751
258218 11 19 284752
258220 11 21 284753
258222 11 22 284754
258224 11 23 284755
258226 11 1 284756
258228 11 2 284757
258230 11 3 284758
258232 11 5 284759
258234 11 9 284760
258236 11 10 284761
258238 11 14 284762
258244 11 19 284764
258246 11 21 284765
258248 11 22 284766
258254 11 1 284768
258256 11 2 284769
258258 11 3 284770
258264 11 9 284772
258266 11 10 284773
258268 11 14 284774
258274 11 19 284776
258276 11 21 284777
258278 11 22 284778
258284 11 1 284780
258286 11 2 284781
258288 11 3 284782
258294 11 9 284784
258296 11 10 284785
258298 11 14 284786
258304 11 19 284788
258306 11 21 284789
258308 11 22 284790
258314 11 1 284792
258316 11 2 284793
258318 11 3 284794
258324 11 9 284796
258326 11 10 284797
258328 11 14 284798
258334 11 19 284800
258336 11 21 284801
258338 11 22 284802
258344 11 1 284804
258346 11 2 284805
258348 11 3 284806
258350 11 5 284807
258352 11 9 284808
258354 11 10 284809
258356 11 14 284810
258358 11 15 284811
258360 11 19 284812
258362 11 21 284813
258364 11 22 284814
258366 11 23 284815
258368 11 1 284816
258370 11 2 284817
258372 11 3 284818
258374 11 5 284819
258376 11 9 284820
258378 11 10 284821
258380 11 14 284822
258382 11 15 284823
258384 11 19 284824
258386 11 21 284825
258388 11 22 284826
258390 11 23 284827
258392 11 1 284828
258394 11 2 284829
258396 11 3 284830
258398 11 5 284831
258400 11 9 284832
258402 11 10 284833
258404 11 14 284834
258406 11 15 284835
258408 11 19 284836
258410 11 21 284837
258412 11 22 284838
258414 11 23 284839
258416 11 1 284840
258418 11 2 284841
258420 11 3 284842
258422 11 5 284843
258424 11 9 284844
258426 11 10 284845
258428 11 14 284846
258430 11 23 284851
258432 11 1 284852
258434 11 2 284853
258436 11 3 284854
258438 11 5 284855
258440 11 15 284847
258444 11 19 284932
258446 11 5 284939
258448 11 9 284940
258450 11 10 284941
258452 11 21 284849
258454 11 22 284850
258460 11 19 284848
258472 11 9 284856
258474 11 10 284857
258476 11 14 284858
258478 11 15 284859
258488 11 19 284860
258490 11 21 284861
258492 11 22 284862
258494 11 23 284863
258504 11 1 284864
258506 11 2 284865
258508 11 3 284866
258510 11 5 284867
258520 11 9 284868
258522 11 10 284869
258524 11 14 284870
258526 11 15 284871
258536 11 19 284872
258538 11 21 284873
258540 11 22 284874
258542 11 23 284875
258554 11 2 284877
258556 11 3 284878
258558 11 5 284879
258570 11 9 284880
258572 11 10 284881
258574 11 14 284882
258588 11 22 284886
258590 11 5 284891
258592 11 23 284887
258596 11 9 284892
258598 11 10 284893
258600 11 14 284894
258602 11 15 284895
258604 11 2 284889
258606 11 3 284890
258612 11 1 284888
258624 11 19 284896
258626 11 21 284897
258628 11 22 284898
258630 11 23 284899
258640 11 1 284900
258642 11 2 284901
258644 11 3 284902
258646 11 5 284903
258656 11 9 284904
258658 11 10 284905
258660 11 14 284906
258662 11 15 284907
258674 11 19 284908
258676 11 21 284909
258678 11 22 284910
258680 11 23 284911
258692 11 1 284912
258694 11 2 284913
258696 11 3 284914
258698 11 5 284915
258710 11 9 284916
258712 11 10 284917
258714 11 14 284918
258716 11 15 284919
258728 11 19 284920
258730 11 21 284921
258732 11 22 284922
258734 11 23 284923
258746 11 1 284924
258748 11 2 284925
258750 11 3 284926
258752 11 5 284927
258764 11 9 284928
258766 11 10 284929
258768 11 14 284930
258770 11 15 284931
258784 11 21 284933
258786 11 22 284934
258788 11 23 284935
258802 11 1 284936
258804 11 2 284937
258806 11 3 284938
258828 11 9 285072
258832 11 19 285076
258856 11 10 284953
258858 11 14 284954
258860 11 19 285016
258862 11 9 285024
258864 11 10 285025
258866 11 14 285026
258868 11 15 285027
258870 11 15 284955
258872 11 19 284956
258874 11 21 284957
258876 11 22 284958
258878 11 23 284959
258880 11 1 284960
258882 11 2 284961
258884 11 3 284962
258886 11 5 284963
258888 11 9 284964
258890 11 10 284965
258892 11 14 284966
258894 11 15 284967
258896 11 19 284968
258898 11 21 284969
258900 11 22 284970
258902 11 23 284971
258904 11 1 284972
258906 11 2 284973
258908 11 3 284974
258910 11 5 284975
258912 11 9 284976
258914 11 10 284977
258916 11 14 284978
258918 11 15 284979
258920 11 1 284984
258922 11 2 284985
258924 11 3 284986
258926 11 5 284987
258928 11 21 284981
258930 11 22 284982
258932 11 23 284983
258938 11 9 284988
258940 11 10 284989
258942 11 14 284990
258944 11 15 284991
258956 11 19 284992
258958 11 21 284993
258960 11 22 284994
258962 11 23 284995
258976 11 1 284996
258978 11 2 284997
258980 11 3 284998
258982 11 5 284999
258998 11 9 285000
259000 11 10 285001
259002 11 14 285002
259004 11 15 285003
259022 11 19 285004
259024 11 21 285005
259026 11 22 285006
259028 11 23 285007
259048 11 1 285008
259050 11 2 285009
259052 11 3 285010
259054 11 5 285011
259076 11 9 285012
259078 11 10 285013
259080 11 14 285014
259082 11 15 285015
259108 11 21 285017
259110 11 22 285018
259112 11 23 285019
259138 11 1 285020
259140 11 2 285021
259142 11 3 285022
259144 11 5 285023
259208 11 19 285028
259210 11 21 285029
259212 11 22 285030
259214 11 23 285031
259250 11 1 285032
259252 11 2 285033
259254 11 3 285034
259256 11 5 285035
259290 11 9 285036
259292 11 10 285037
259294 11 14 285038
259296 11 15 285039
259330 11 19 285040
259332 11 21 285041
259334 11 22 285042
259336 11 23 285043
259370 11 1 285044
259372 11 2 285045
259374 11 3 285046
259376 11 5 285047
259410 11 9 285048
259412 11 10 285049
259414 11 14 285050
259416 11 15 285051
259450 11 19 285052
259452 11 21 285053
259454 11 22 285054
259456 11 23 285055
259490 11 1 285056
259492 11 2 285057
259494 11 3 285058
259496 11 5 285059
259530 11 9 285060
259532 11 10 285061
259534 11 14 285062
259536 11 15 285063
259570 11 19 285064
259572 11 21 285065
259574 11 22 285066
259576 11 23 285067
259610 11 1 285068
259612 11 2 285069
259614 11 3 285070
259616 11 5 285071
259652 11 10 285073
259654 11 14 285074
259656 11 15 285075
259692 11 21 285077
259694 11 22 285078
259696 11 23 285079
259758 11 1 285080
259762 11 2 285081
259764 11 3 285082
259766 11 22 285102
259768 11 23 285103
259770 11 9 285096
259772 11 3 285106
259774 11 14 285098
259776 11 10 285097
259778 11 5 285107
259780 11 15 285099
259782 11 1 285104
259784 11 2 285105
259786 11 5 285095
259788 11 10 285409
259792 11 2 285501
259794 11 9 285504
259796 11 15 285507
259798 11 1 285512
259800 11 5 285515
259802 11 14 285518
259804 11 21 285521
259806 11 1 285524
259808 11 5 285527
259810 11 14 285530
259812 11 19 285532
259814 11 22 285534
259816 11 2 285537
259818 11 5 285539
259820 11 10 285541
259822 11 15 285543
259824 11 21 285545
259826 11 1 285548
259828 11 10 285553
259830 11 15 285555
259832 11 22 285558
259834 11 2 285561
259836 11 9 285564
259838 11 15 285567
259840 11 22 285570
259842 11 2 285573
259844 11 3 285574
259846 11 5 285575
259848 11 9 285576
259850 11 14 285578
259852 11 21 285581
259854 11 9 292720
259856 11 10 292721
259858 11 14 292722
259860 11 15 292723
259862 11 19 292724
259864 11 21 292725
259866 11 22 292726
259868 11 23 292727
259870 11 1 292728
259872 11 2 292729
259874 11 3 292730
259876 11 5 292731
259878 11 9 292732
259880 11 10 292733
259882 11 14 292734
259884 11 15 292735
259886 11 19 292736
259888 11 21 292737
259890 11 22 292738
259892 11 23 292739
259894 11 1 292740
259896 11 2 292741
259898 11 3 292742
259900 11 5 292743
259902 11 9 292744
259904 11 10 292745
259906 11 14 292746
259908 11 15 292747
259910 11 19 292748
259912 11 21 292749
259914 11 22 292750
259916 11 23 292751
259918 11 1 292752
259920 11 2 292753
259922 11 3 292754
259924 11 5 292755
259926 11 9 292756
259928 11 10 292757
259930 11 14 292758
259932 11 15 292759
259934 11 19 292760
259936 11 21 292761
259938 11 22 292762
259940 11 23 292763
259942 11 1 292764
259944 11 2 292765
259946 11 3 292766
259948 11 5 292707
259950 11 9 292708
259952 11 10 292709
259954 11 14 292710
259956 11 5 292767
259958 11 9 292768
259960 11 10 292769
259962 11 14 292770
259964 11 15 292771
259966 11 19 292772
259968 11 21 292773
259970 11 22 292774
259972 11 23 292775
259974 11 1 292776
259976 11 2 292777
259978 11 3 292778
259980 11 5 292779
259982 11 9 292780
259984 11 10 292781
259986 11 14 292782
259988 11 15 292783
259990 11 19 292784
259992 11 21 292785
259994 11 22 292786
259996 11 23 292787
259998 11 1 292788
260000 11 2 292789
260002 11 3 292790
260004 11 5 292791
260006 11 9 292792
260008 11 10 292793
260010 11 14 292794
260012 11 15 292795
260014 11 19 292796
260016 11 21 292797
260018 11 22 292798
260020 11 23 292799
260022 11 1 292800
260024 11 2 292801
260026 11 3 292802
260028 11 5 292803
260030 11 9 292804
260032 11 10 292805
260034 11 3 292706
260036 11 14 292806
260038 11 15 292807
260040 11 19 292808
260042 11 15 292711
260044 11 21 292809
260046 11 22 292810
260048 11 23 292811
260052 11 1 292812
260054 11 2 292813
260056 11 3 292814
260060 11 5 292815
260062 11 9 292816
260064 11 10 292817
260068 11 14 292818
260070 11 15 292819
260072 11 19 292820
260076 11 21 292821
260078 11 22 292822
260080 11 23 292823
260084 11 1 292824
260086 11 2 292825
260088 11 3 292826
260092 11 5 292827
260094 11 9 292828
260096 11 10 292829
260100 11 14 292830
260102 11 15 292831
260104 11 19 292832
260108 11 21 292833
260110 11 22 292834
260112 11 23 292835
260114 11 1 292836
260124 11 2 292837
260134 11 3 292838
260144 11 5 292839
260154 11 9 292840
260164 11 10 292841
260174 11 14 292842
260184 11 15 292843
260194 11 19 292844
260204 11 21 292845
260214 11 22 292846
260216 11 23 292847
260218 11 1 292848
260220 11 2 292849
260222 11 3 292850
260224 11 5 292851
260232 11 9 292852
260240 11 10 292853
260248 11 14 292854
260256 11 15 292855
260264 11 19 292856
260272 11 21 292857
260280 11 22 292858
260288 11 23 292859
260296 11 1 292860
260304 11 2 292861
260312 11 3 292862
260320 11 5 292863
260342 11 19 292712
260344 11 21 292713
260396 11 22 292714
260398 11 23 292715
260400 11 1 292716
260402 11 2 292717
260404 11 3 292718
260406 11 5 292719
260456 11 1 292864
260458 11 2 292865
260460 11 3 292866
260462 11 5 292867
260464 11 9 292868
260466 11 10 292869
260468 11 14 292870
260470 11 15 292871
260474 11 19 292872
260476 11 21 292873
260478 11 22 292874
260480 11 23 292875
260484 11 1 292876
260486 11 2 292877
260488 11 3 292878
260490 11 5 292879
260494 11 9 292880
260496 11 10 292881
260498 11 14 292882
260500 11 15 292883
260504 11 19 292884
260506 11 21 292885
260508 11 22 292886
260510 11 23 292887
260514 11 1 292888
260516 11 2 292889
260518 11 3 292890
260520 11 5 292891
260524 11 9 292892
260526 11 10 292893
260528 11 14 292894
260530 11 15 292895
260534 11 19 292896
260536 11 21 292897
260538 11 22 292898
260542 11 23 292899
260544 11 1 292900
260546 11 2 292901
260548 11 3 292902
260550 11 5 292903
260552 11 9 292904
260554 11 10 292905
260556 11 14 292906
260558 11 15 292907
260560 11 19 292908
260562 11 21 292909
260564 11 22 292910
260566 11 23 292911
260568 11 1 292912
260570 11 2 292913
260572 11 3 292914
260574 11 5 292915
260576 11 9 292916
260578 11 10 292917
260580 11 14 292918
260582 11 15 292919
260584 11 19 292920
260586 11 21 292921
260588 11 22 292922
260590 11 23 292923
260592 11 1 292924
260594 11 2 292925
260596 11 3 292926
260606 11 5 292927
260608 11 9 292928
260618 11 10 292929
260620 11 14 292930
260622 11 15 292931
260624 11 19 292932
260626 11 21 292933
260628 11 22 292934
260630 11 23 292935
260632 11 1 292936
260634 11 2 292937
260636 11 3 292938
260638 11 5 292939
260640 11 9 292940
260642 11 10 292941
260644 11 14 292942
260646 11 15 292943
260648 11 19 292944
260650 11 21 292945
260652 11 22 292946
260654 11 23 292947
260656 11 1 292948
260658 11 2 292949
260660 11 3 292950
260662 11 5 292951
260664 11 9 292952
260666 11 10 292953
260668 11 14 292954
260670 11 15 292955
260672 11 19 292956
260674 11 21 292957
260676 11 22 292958
260678 11 23 292959
260680 11 1 292960
260682 11 2 292961
260684 11 3 292962
260686 11 5 292963
260688 11 9 292964
260690 11 10 292965
260692 11 14 292966
260694 11 15 292967
260696 11 19 292968
260698 11 21 292969
260700 11 22 292970
260702 11 23 292971
260704 11 1 292972
260706 11 2 292973
260708 11 3 292974
260710 11 5 292975
260712 11 9 292976
260714 11 10 292977
260716 11 14 292978
260718 11 15 292979
260720 11 19 292980
260722 11 21 292981
260724 11 22 292982
260726 11 23 292983
260728 11 1 292984
260730 11 2 292985
260732 11 3 292986
260734 11 5 292987
260736 11 9 292988
260738 11 10 292989
260740 11 14 292990
260742 11 15 292991
260744 11 19 292992
260746 11 21 292993
260748 11 22 292994
260750 11 23 292995
260752 11 1 292996
260754 11 2 292997
260756 11 3 292998
260758 11 5 292999
260760 11 9 293000
260762 11 10 293001
260764 11 14 293002
260766 11 15 293003
260768 11 19 293004
260770 11 21 293005
260772 11 22 293006
260774 11 23 293007
260776 11 1 293008
260778 11 2 293009
260780 11 3 293010
260782 11 5 293011
260784 11 9 293012
260786 11 10 293013
260788 11 14 293014
260790 11 15 293015
260792 11 19 293016
260794 11 21 293017
260796 11 22 293018
260798 11 23 293019
260800 11 1 293020
260802 11 2 293021
260804 11 3 293022
260806 11 5 293023
260808 11 9 293024
260810 11 10 293025
260812 11 14 293026
260814 11 15 293027
260816 11 19 293028
260818 11 21 293029
260822 11 22 293030
260824 11 23 293031
260826 11 1 293032
260828 11 2 293033
260830 11 3 293034
260832 11 5 293035
260834 11 9 293036
260836 11 10 293037
260838 11 14 293038
260840 11 15 293039
260842 11 19 293040
260844 11 21 293041
260846 11 22 293042
260848 11 23 293043
260850 11 1 293044
260852 11 2 293045
260854 11 3 293046
260856 11 5 293047
260858 11 9 293048
260860 11 10 293049
260862 11 14 293050
260864 11 15 293051
260866 11 19 293052
260870 11 21 293053
260872 11 22 293054
260874 11 23 293055
260876 11 1 293056
260878 11 2 293057
260880 11 3 293058
260882 11 5 293059
260884 11 9 293060
260886 11 10 293061
260888 11 14 293062
260890 11 15 293063
260892 11 19 293064
260894 11 21 293065
260896 11 22 293066
260898 11 23 293067
260900 11 1 293068
260902 11 2 293069
260904 11 3 293070
260906 11 5 293071
260908 11 9 293072
260910 11 10 293073
260912 11 14 293074
260914 11 15 293075
260916 11 19 293076
260918 11 21 293077
260920 11 22 293078
260922 11 23 293079
260924 11 1 293080
260926 11 2 293081
260928 11 3 293082
260930 11 5 293083
260932 11 9 293084
260934 11 10 293085
260936 11 14 293086
260938 11 15 293087
260940 11 19 293088
260942 11 21 293089
260944 11 22 293090
260946 11 23 293091
260948 11 1 293092
260950 11 2 293093
260952 11 3 293094
260954 11 5 293095
260956 11 9 293096
260958 11 10 293097
260962 11 14 293098
260964 11 15 293099
260966 11 19 293100
260968 11 21 293101
260970 11 22 293102
260972 11 23 293103
260974 11 1 293104
260976 11 2 293105
260978 11 3 293106
260982 11 5 293107
260984 11 9 293108
260986 11 10 293109
260988 11 14 293110
260990 11 15 293111
260992 11 19 293112
260994 11 21 293113
260996 11 22 293114
260998 11 23 293115
261000 11 1 293116
261002 11 2 293117
261004 11 3 293118
261006 11 5 293119
261008 11 9 293120
261010 11 10 293121
261012 11 14 293122
261014 11 15 293123
261016 11 19 293124
261018 11 21 293125
261020 11 22 293126
261022 11 23 293127
261024 11 1 293128
261026 11 2 293129
261028 11 3 293130
261030 11 5 293131
261032 11 9 293132
261034 11 10 293133
261036 11 14 293134
261038 11 15 293135
261040 11 19 293136
261042 11 21 293137
261044 11 22 293138
261046 11 23 293139
261048 11 1 293140
261050 11 2 293141
261052 11 3 293142
261054 11 5 293143
261056 11 9 293144
261058 11 10 293145
261060 11 14 293146
261062 11 15 293147
261064 11 19 293148
261066 11 21 293149
261068 11 22 293150
261070 11 23 293151
261072 11 1 293152
261074 11 2 293153
261076 11 3 293154
261078 11 5 293155
261080 11 9 293156
261082 11 10 293157
261084 11 14 293158
261086 11 15 293159
261088 11 19 293160
261090 11 21 293161
261092 11 22 293162
261094 11 23 293163
261096 11 1 293164
261098 11 2 293165
261100 11 3 293166
261102 11 5 293167
261104 11 9 293168
261106 11 10 293169
261108 11 14 293170
261110 11 15 293171
261112 11 19 293172
261114 11 21 293173
261116 11 22 293174
261118 11 23 293175
261120 11 1 293176
261122 11 2 293177
261124 11 1 0
261128 11 22 58
261130 11 22 862
261140 11 2 1
261142 11 9 4
261144 11 1 156
261146 11 23 659
261224 11 15 7
261410 11 5 927
261414 11 14 762
261422 11 22 1018
261428 11 21 1897
261436 11 2 1601
261442 11 22 1214
261444 11 10 4353
261446 11 9 7304
261448 11 10 11893
261450 11 23 13295
261452 11 10 12965
261454 11 2 14213
261458 11 15 14315
261460 11 23 13599
261462 11 1 13600
261464 11 23 14503
261466 11 3 14506
261468 11 19 16848
261470 11 22 17838
261472 11 3 18082
261474 11 3 19142
261476 11 22 20102
261478 11 2 20925
261480 11 19 22052
261482 11 23 23031
261484 11 10 23869
261486 11 22 25898
261488 11 1 25900
261490 11 5 25903
261492 11 21 29569
261494 11 10 31601
261496 11 1 32440
261498 11 3 35214
261500 11 5 35215
261502 11 9 35216
261504 11 10 35217
261506 11 14 35218
261508 11 15 35219
261510 11 19 35220
261512 11 21 35221
261514 11 22 35222
261516 11 1 38656
261518 11 14 38662
261520 11 22 38666
261522 11 19 38676
261524 11 9 38684
261526 11 15 38687
261528 11 10 38697
261530 11 9 38708
261532 11 2 38741
261534 11 19 38760
261536 11 19 39052
261538 11 23 43727
261540 11 14 44602
261542 11 5 45275
261544 11 9 45276
261546 11 10 45277
261548 11 14 45278
261550 11 15 45279
261552 11 19 45280
261554 11 21 45281
261556 11 22 45282
261558 11 23 45283
261560 11 1 45524
261564 11 15 47639
261566 11 14 47698
261570 11 1 48260
261572 11 3 48262
261574 11 5 48263
261576 11 9 48264
261578 11 10 48265
261580 11 14 48266
261582 11 2 48273
261584 11 5 48275
261586 11 9 48276
261588 11 9 54636
261590 11 3 55850
261592 11 3 65826
261594 11 2 67581
261596 11 22 70086
261598 11 2 70089
261600 11 21 76013
261606 11 10 91357
261608 11 19 96720
261610 11 21 104997
261612 11 19 106056
261614 11 5 106883
261616 11 2 107725
261618 11 10 110801
261620 11 10 136025
261622 11 15 136051
261624 11 14 149702
261626 11 22 149706
261628 11 19 151376
261630 11 5 155711
261632 11 3 156538
261634 11 21 156545
261636 11 15 158603
261638 11 19 174124
261640 11 1 178524
261642 11 21 179653
261644 11 22 179654
261646 11 23 179655
261648 11 1 179656
261650 11 22 186978
261652 11 2 187065
261654 11 21 197689
261656 11 2 198617
261658 11 5 199007
261660 11 5 199139
261662 11 15 199239
261664 11 2 205677
261666 11 21 219421
261668 11 22 219422
261670 11 23 219423
261672 11 1 219424
261674 11 14 222646
261676 11 15 222647
261678 11 19 222648
261680 11 21 222649
261682 11 22 222650
261684 11 23 222651
261686 11 1 222652
261688 11 2 222653
261690 11 3 222654
261692 11 5 222655
261694 11 9 222656
261696 11 10 222657
261698 11 14 222658
261700 11 15 222659
261702 11 19 222660
261704 11 21 222661
261706 11 22 222662
261708 11 23 222663
261710 11 1 222664
261712 11 2 222665
261714 11 3 222666
261716 11 5 222667
261718 11 9 222668
261720 11 10 222669
261722 11 14 222670
261724 11 15 222671
261726 11 19 222672
261728 11 21 222673
261730 11 22 222674
261732 11 14 231658
261734 11 19 231780
261736 11 21 236177
261738 11 21 236189
261740 11 5 236607
261744 11 5 257279
261746 11 23 260803
261748 11 21 282581
261750 11 2 282585
261752 11 5 291803
261804 11 1 291812
261806 11 2 291813
261808 11 3 291814
261810 11 5 291815
261812 11 1 292008
261918 11 2 292009
262486 11 23 307135
262488 11 1 307136
262490 11 2 307137
262492 11 3 307138
262494 11 5 307139
262496 11 9 307140
262498 11 10 307141
262500 11 14 307142
262502 11 15 307143
262504 11 19 307144
262506 11 21 307145
262508 11 22 307146
262510 11 23 307147
262512 11 1 307148
262514 11 2 307149
262516 11 3 307150
262518 11 5 307151
262520 11 9 307152
262522 11 10 307153
262524 11 14 307154
262526 11 15 307155
262528 11 19 307156
262530 11 21 307157
262532 11 22 307158
262534 11 23 307159
262536 11 1 307160
262538 11 2 307161
262540 11 3 307162
262542 11 5 307163
262544 11 9 307164
262546 11 10 307165
262548 11 14 307166
262550 11 15 307167
262552 11 19 307168
262554 11 21 307169
262556 11 22 307170
262558 11 23 307171
262560 11 1 307172
262562 11 2 307173
262564 11 3 307174
262566 11 5 307175
262568 11 9 307176
262570 11 10 307177
262572 11 14 307178
262574 11 15 307179
262576 11 19 307180
262578 11 21 307181
262580 11 22 307182
262582 11 23 307183
262584 11 1 307184
262586 11 2 307185
262588 11 3 307186
262590 11 5 307187
262592 11 9 307188
262594 11 10 307189
262596 11 14 307190
262598 11 15 307191
262600 11 19 307192
262602 11 21 307193
262604 11 22 307194
262606 11 23 307195
262608 11 1 307196
262610 11 2 307197
262612 11 3 307198
262614 11 5 307199
262616 11 1 307200
262618 11 2 307201
262620 11 3 307202
262622 11 5 307203
262624 11 9 307204
262626 11 10 307205
262628 11 14 307206
262630 11 15 307207
262632 11 19 307208
262634 11 21 307209
262636 11 22 307210
262638 11 23 307211
262640 11 1 307212
262642 11 2 307213
262644 11 3 307214
262646 11 5 307215
262648 11 9 307216
262650 11 10 307217
262652 11 14 307218
262654 11 15 307219
262656 11 19 307220
262658 11 21 307221
262660 11 22 307222
262662 11 23 307223
262664 11 1 307224
262666 11 2 307225
262668 11 3 307226
262670 11 5 307227
262672 11 9 307228
262674 11 10 307229
262676 11 14 307230
262678 11 15 307231
262680 11 19 307232
262682 11 21 307233
262684 11 22 307234
262686 11 23 307235
262688 11 1 307236
262690 11 2 307237
262692 11 3 307238
262694 11 5 307239
262696 11 9 307240
262698 11 10 307241
262700 11 14 307242
262702 11 15 307243
262704 11 19 307244
262706 11 21 307245
262708 11 22 307246
262710 11 23 307247
262712 11 1 307248
262714 11 2 307249
262716 11 3 307250
262718 11 5 307251
262720 11 10 307289
262742 11 22 307294
262744 11 3 307298
262746 11 1 307308
262748 11 10 307313
262750 11 19 307316
262752 11 23 307319
262768 11 23 307295
263060 11 15 307327
263068 11 19 307328
263070 11 1 307332
263072 11 5 307335
263074 11 9 307336
263076 11 10 307337
263078 11 15 307339
263080 11 19 307340
263082 11 21 307341
263084 11 2 307357
263086 11 5 307359
263088 11 9 307360
263090 11 19 307364
263092 11 21 307365
263094 11 22 307366
263096 11 23 307367
263098 11 1 307368
263100 11 2 307369
263102 11 3 307370
263104 11 5 307371
263106 11 9 307372
263108 11 10 307373
263110 11 14 307374
263112 11 15 307375
263406 11 10 307361
263408 11 14 307362
263410 11 15 307363
263436 11 19 307376
263438 11 21 307377
263440 11 22 307378
263442 11 23 307379
263444 11 1 307380
263446 11 2 307381
263448 11 3 307382
263450 11 5 307383
263452 11 9 307384
263454 11 10 307385
263476 11 14 307386
263582 11 15 307387
263584 11 1 307392
263586 11 9 307408
263588 11 10 307409
264014 11 19 307388
264134 11 22 307390
264146 11 23 307391
264244 11 5 307395
265420 11 14 307398
265426 11 15 307399
265430 11 19 307400
265868 11 3 311294
265870 11 5 311295
265992 11 2 311297
265994 11 1 311296
265996 11 3 311298
266000 11 5 311299
266004 11 9 311300
266008 11 10 311301
266012 11 14 311302
266016 11 15 311303
266020 11 19 311304
266024 11 21 311305
266028 11 22 311306
266032 11 23 311307
266036 11 1 311308
266040 11 2 311309
266044 11 3 311310
266048 11 5 311311
266052 11 9 311312
266056 11 10 311313
266060 11 14 311314
266064 11 15 311315
266068 11 19 311316
266072 11 21 311317
266076 11 22 311318
266080 11 23 311319
266084 11 1 311320
266088 11 2 311321
266092 11 3 311322
266096 11 5 311323
266100 11 9 311324
266104 11 10 311325
266108 11 14 311326
266112 11 15 311327
266116 11 19 311328
266120 11 21 311329
266124 11 22 311330
266128 11 23 311331
266132 11 1 311332
266136 11 2 311333
266140 11 3 311334
266144 11 5 311335
266148 11 9 311336
266152 11 10 311337
266156 11 14 311338
266160 11 15 311339
266164 11 19 311340
266168 11 21 311341
266172 11 22 311342
266176 11 23 311343
266180 11 1 311344
266184 11 2 311345
266188 11 3 311346
266192 11 5 311347
266196 11 9 311348
266200 11 10 311349
266204 11 14 311350
266208 11 15 311351
266212 11 19 311352
266216 11 21 311353
266220 11 22 311354
266224 11 23 311355
266228 11 1 311356
266232 11 2 311357
266234 11 3 311358
266238 11 5 311359
266244 11 9 311360
266250 11 10 311361
266256 11 14 311362
266262 11 15 311363
266268 11 19 311364
266274 11 21 311365
266280 11 22 311366
266286 11 23 311367
266292 11 1 311368
266298 11 2 311369
266304 11 3 311370
266310 11 5 311371
266316 11 9 311372
266322 11 10 311373
266328 11 14 311374
266334 11 15 311375
266340 11 19 311376
266346 11 21 311377
266352 11 22 311378
266358 11 23 311379
266364 11 1 311380
266370 11 2 311381
266376 11 3 311382
266382 11 5 311383
266388 11 9 311384
266394 11 10 311385
266400 11 14 311386
266406 11 15 311387
266412 11 19 311388
266418 11 21 311389
266424 11 22 311390
266430 11 23 311391
266436 11 1 311392
266442 11 2 311393
266448 11 3 311394
266454 11 5 311395
266460 11 9 311396
266462 11 10 311397
266466 11 14 311398
266472 11 15 311399
266478 11 19 311400
266484 11 21 311401
266490 11 22 311402
266496 11 23 311403
266502 11 1 311404
266508 11 2 311405
266514 11 3 311406
266520 11 5 311407
266526 11 9 311408
266532 11 10 311409
266538 11 14 311410
266544 11 15 311411
266550 11 19 311412
266556 11 5 311419
266558 11 10 311421
266560 11 15 311435
266562 11 2 311441
266564 11 3 311442
266570 11 1 311440
266572 11 15 311483
266574 11 19 311484
266576 11 21 311485
266578 11 22 311486
266580 11 23 311487
266582 11 5 311491
266584 11 9 311504
266586 11 14 311506
266588 11 15 311507
266590 11 3 311538
266592 11 5 311515
266630 11 9 311588
266632 11 3 311586
266634 11 22 311594
266636 11 21 311593
266638 11 23 311595
266640 11 9 311600
266642 11 15 311651
266644 11 5 311599
266646 11 10 311601
266650 11 14 311602
266654 11 15 311603
266658 11 19 311604
266664 11 21 311605
266666 11 22 311606
266676 11 23 311607
266682 11 1 311608
266686 11 2 311609
266692 11 3 311610
266696 11 5 311611
266700 11 9 311612
266704 11 10 311613
266708 11 14 311614
266712 11 15 311615
266716 11 19 311616
266720 11 21 311617
266724 11 22 311618
266726 11 1 311620
266732 11 22 311630
266738 11 2 311621
266742 11 3 311622
266746 11 5 311623
266750 11 9 311624
266752 11 10 311625
266754 11 14 311626
266756 11 15 311627
266758 11 19 311628
266760 11 21 311629
266762 11 23 311631
266764 11 1 311632
266800 11 23 311619
266802 11 21 311641
266816 11 2 311633
266820 11 3 311634
266826 11 5 311635
266832 11 9 311636
266840 11 10 311637
266848 11 14 311638
266854 11 15 311639
266856 11 19 311640
266858 11 22 311642
266860 11 23 311643
266862 11 1 311644
266864 11 2 311645
266866 11 3 311646
266880 11 9 311648
266910 11 5 311647
266918 11 10 311649
266924 11 14 311650
266934 11 22 311690
266936 11 21 311665
266938 11 3 311670
266940 11 9 311672
266942 11 19 311676
266944 11 9 311684
266946 11 9 311696
266948 11 15 311699
266950 11 1 311704
266952 11 21 311653
266954 11 23 311655
266956 11 14 311674
266958 11 10 311685
266960 11 9 311660
266962 11 23 311703
266966 11 3 311682
266970 11 2 311705
266972 11 22 311654
266974 11 10 311661
266978 11 10 311673
266980 11 19 311700
266982 11 1 311656
266984 11 2 311657
266986 11 5 311659
266994 11 15 311663
266998 11 15 311675
267002 11 14 311662
267004 11 22 311666
267006 11 21 311677
267014 11 21 311689
267022 11 2 311681
267024 11 5 311683
267028 11 22 311702
267030 11 23 311691
267046 11 2 311693
267062 11 19 311688
267074 11 23 311679
267076 11 19 311664
267078 11 1 311680
267080 11 10 311697
267088 11 1 311692
267090 11 14 311698
267092 11 21 311701
267094 11 23 311667
267100 11 22 311678
267106 11 5 311695
267110 11 3 311658
267116 11 5 311671
267122 11 9 311972
267132 11 19 311652
267136 11 2 311669
267168 11 3 311694
267174 11 1 311668
267204 11 14 311686
267212 11 5 311707
267214 11 3 311706
267216 11 9 311708
267218 11 10 311709
267220 11 14 311710
267222 11 15 311711
267224 11 19 311712
267226 11 21 311713
267250 11 22 311714
267254 11 1 311716
267256 11 2 311717
267258 11 3 311718
267260 11 5 311719
267262 11 23 311715
267280 11 5 311779
267282 11 19 311868
267288 11 22 311870
267290 11 15 311771
267292 11 2 311849
267298 11 1 311776
267300 11 3 311862
267308 11 9 311804
267310 11 10 311805
267312 11 15 311807
267332 11 14 311782
267334 11 23 311835
267336 11 22 311834
267338 11 14 311758
267340 11 10 311745
267346 11 19 311880
267348 11 22 311882
267350 11 1 311896
267352 11 2 311897
267354 11 3 311898
267356 11 5 311899
267358 11 23 311895
267364 11 22 311894
267372 11 21 311893
267386 11 9 311900
267388 11 15 311903
267390 11 1 311908
267392 11 2 311909
267394 11 14 311902
267398 11 10 311901
267402 11 19 311904
267404 11 21 311905
267406 11 22 311906
267408 11 23 311907
267446 11 3 312066
267578 11 10 312165
267580 11 9 312128
267582 11 9 312176
267584 11 1 312136
267586 11 23 312207
267588 11 15 312107
267590 11 5 312115
267592 11 14 312190
267594 11 15 312227
267596 11 21 312133
267598 11 3 312198
267600 11 9 312104
267604 11 3 312114
267606 11 5 312139
267608 11 21 312217
267610 11 10 312129
267612 11 23 312243
267614 11 23 312111
267616 11 2 312113
267618 11 22 312110
267620 11 22 312146
267622 11 15 312203
267624 11 9 312224
267628 11 14 312142
267632 11 15 312131
267636 11 2 312245
267638 11 10 312153
267640 11 21 312229
267644 11 22 312230
267646 11 23 312123
267650 11 22 312122
267652 11 14 312214
267654 11 21 312121
267658 11 19 312120
267662 11 15 312119
267666 11 14 312118
267670 11 10 312213
267674 11 5 312127
267676 11 9 312212
267680 11 5 312211
267682 11 2 312125
267684 11 3 312126
267686 11 3 312102
267690 11 21 312109
267692 11 10 312201
267694 11 1 312160
267696 11 3 312222
267700 11 19 312228
267702 11 1 312220
267704 11 10 312225
267706 11 14 312106
267708 11 15 312143
267710 11 22 312194
267712 11 22 312218
267714 11 5 312151
267718 11 5 312103
267722 11 19 312168
267724 11 3 312138
267726 11 9 312140
267728 11 23 312183
267730 11 2 312137
267736 11 19 312108
267744 11 1 312196
267746 11 2 312221
267760 11 9 312188
267762 11 19 312204
267766 11 3 312162
267768 11 1 312148
267770 11 3 312150
267772 11 23 312147
267774 11 23 312171
267782 11 2 312149
267786 11 23 312135
267790 11 21 312205
267792 11 1 312244
267794 11 9 312116
267796 11 19 312180
267798 11 21 312157
267802 11 23 312159
267806 11 5 312223
267808 11 23 312231
267810 11 14 312154
267812 11 22 312158
267816 11 21 312181
267818 11 15 312155
267820 11 15 312191
267822 11 14 312130
267824 11 19 312144
267828 11 5 312163
267832 11 2 312161
267836 11 1 312232
267838 11 15 312167
267840 11 21 312169
267842 11 2 312101
267844 11 23 312219
267848 11 14 312226
267850 11 9 312164
267856 11 15 312179
267860 11 5 312235
267864 11 1 312172
267868 11 22 312170
267878 11 10 312105
267892 11 1 312112
267902 11 10 312117
267916 11 1 312124
267932 11 19 312132
267936 11 22 312134
267950 11 10 312141
267958 11 21 312145
267972 11 9 312152
267980 11 19 312156
268000 11 14 312166
268012 11 2 312173
268014 11 3 312174
268016 11 5 312175
268020 11 10 312177
268022 11 14 312178
268030 11 22 312182
268034 11 1 312184
268036 11 2 312185
268038 11 3 312186
268040 11 5 312187
268044 11 10 312189
268050 11 19 312192
268052 11 21 312193
268056 11 23 312195
268060 11 2 312197
268064 11 5 312199
268066 11 9 312200
268070 11 14 312202
268078 11 22 312206
268082 11 1 312208
268084 11 2 312209
268086 11 3 312210
268096 11 15 312215
268098 11 19 312216
268132 11 2 312233
268134 11 3 312234
268138 11 9 312236
268140 11 10 312237
268142 11 14 312238
268144 11 15 312239
268146 11 19 312240
268148 11 21 312241
268150 11 22 312242
268158 11 3 312246
268160 11 5 312247
268476 11 9 312260
268478 11 14 312262
268480 11 2 312281
268482 11 5 312271
268484 11 3 312294
268486 11 3 312306
268488 11 2 312269
268492 11 9 312272
268494 11 3 312318
268496 11 22 312266
268500 11 3 312270
268502 11 21 312289
268504 11 9 312296
268506 11 14 312274
268508 11 15 312287
268510 11 3 312282
268512 11 21 312265
268516 11 1 312280
268520 11 9 312284
268522 11 5 312283
268524 11 21 312277
268526 11 19 312288
268530 11 19 312264
268536 11 23 312267
268538 11 1 312268
268548 11 10 312273
268552 11 15 312275
268554 11 19 312276
268558 11 22 312278
268560 11 23 312279
268572 11 10 312285
268574 11 14 312286
268580 11 22 312290
268582 11 23 312291
268584 11 2 312293
268588 11 5 312295
268592 11 10 312297
268594 11 14 312298
268596 11 15 312299
268598 11 19 312300
268600 11 21 312301
268602 11 22 312302
268604 11 23 312303
268606 11 1 312304
268608 11 2 312305
268612 11 5 312307
268614 11 9 312308
268616 11 10 312309
268618 11 14 312310
268620 11 15 312311
268622 11 19 312312
268624 11 21 312313
268626 11 22 312314
268628 11 23 312315
268630 11 1 312316
268632 11 2 312317
268636 11 5 312319
268700 11 10 312985
268702 11 9 312984
268704 11 23 312979
268708 11 3 312982
268710 11 1 312980
268712 11 2 312981
268722 11 14 312986
268724 11 15 312987
268736 11 21 312989
268738 11 22 312990
268740 11 23 312991
268742 11 1 312992
268744 11 3 312994
268746 11 5 312995
268748 11 9 312996
268750 11 10 312997
268752 11 14 312998
268754 11 15 312999
268756 11 19 313000
268758 11 21 313001
268760 11 22 313002
268762 11 23 313003
268764 11 1 313004
268766 11 2 313005
268768 11 9 313008
268770 11 10 313009
268772 11 14 313010
268774 11 15 313011
268776 11 19 313012
268778 11 21 313013
268780 11 22 313014
268782 11 23 313015
268784 11 1 313016
268786 11 2 313017
268788 11 3 313018
268790 11 5 313019
268792 11 9 313020
268794 11 10 313021
268796 11 14 313022
268798 11 15 313023
268800 11 19 313024
268802 11 21 313025
268804 11 22 313026
268806 11 23 313027
268808 11 1 313028
268810 11 2 313029
268812 11 3 313030
268814 11 5 313031
268816 11 9 313032
268818 11 10 313033
268820 11 14 313034
268822 11 15 313035
268824 11 19 313036
268826 11 21 313037
268828 11 22 313038
268830 11 23 313039
268832 11 1 313040
268834 11 2 313041
268836 11 3 313042
268838 11 5 313043
268840 11 9 313044
268842 11 10 313045
268844 11 14 313046
268846 11 15 313047
268848 11 19 313048
268850 11 21 313049
268852 11 22 313050
268854 11 23 313051
268856 11 1 313052
268858 11 2 313053
268860 11 3 313054
268862 11 5 313055
268864 11 9 313056
268866 11 10 313057
268868 11 14 313058
268870 11 15 313059
268872 11 19 313060
268874 11 21 313061
268876 11 22 313062
268878 11 23 313063
268880 11 1 313064
268882 11 3 313066
268884 11 5 313067
268886 11 9 313068
268888 11 10 313069
268890 11 14 313070
268892 11 15 313071
268894 11 19 313072
268896 11 21 313073
268898 11 22 313074
268900 11 23 313075
268902 11 1 313076
268904 11 2 313077
268906 11 3 313078
268908 11 5 313079
268910 11 9 313080
268912 11 14 313082
268914 11 15 313083
268916 11 19 313084
268918 11 21 313085
268920 11 22 313086
268922 11 23 313087
268924 11 1 313088
268926 11 2 313089
268928 11 3 313090
268930 11 5 313091
268932 11 9 313092
268934 11 10 313093
268936 11 14 313094
268938 11 15 313095
268940 11 19 313096
268942 11 21 313097
268944 11 22 313098
268946 11 23 313099
268948 11 1 313100
268950 11 2 313101
268952 11 3 313102
268954 11 5 313103
268956 11 9 313104
268958 11 10 313105
268960 11 14 313106
268962 11 15 313107
268964 11 21 313109
268966 11 22 313110
268968 11 23 313111
268970 11 1 313112
268972 11 2 313113
268974 11 3 313114
268976 11 5 313115
268978 11 9 313116
268980 11 10 313117
268982 11 14 313118
268984 11 15 313119
268986 11 19 313120
268988 11 21 313121
268990 11 22 313122
268992 11 23 313123
268994 11 1 313124
268996 11 2 313125
268998 11 3 313126
269000 11 5 313127
269002 11 9 313128
269004 11 10 313129
269006 11 15 313131
269008 11 19 313132
269010 11 21 313133
269012 11 22 313134
269014 11 23 313135
269016 11 1 313136
269018 11 2 313137
269020 11 3 313138
269022 11 5 313139
269024 11 9 313140
269026 11 10 313141
269028 11 14 313142
269030 11 19 313144
269032 11 21 313145
269034 11 22 313146
269036 11 23 313147
269038 11 3 313150
269040 11 5 313151
269042 11 9 313152
269044 11 10 313153
269046 11 14 313154
269048 11 15 313155
269050 11 19 313156
269052 11 21 313157
269054 11 2 312357
269056 11 10 313177
269058 11 9 312336
269060 11 2 312393
269062 11 2 312321
269064 11 22 312342
269066 11 19 313180
269068 11 14 312386
269070 11 23 312367
269072 11 10 312385
269074 11 10 312397
269076 11 1 313160
269078 11 3 313162
269080 11 22 313182
269082 11 1 312380
269084 11 3 312370
269086 11 2 313161
269088 11 19 312364
269090 11 22 313158
269092 11 5 312383
269094 11 3 312382
269096 11 14 313166
269102 11 10 312325
269104 11 23 312343
269106 11 15 313179
269108 11 1 312320
269112 11 3 312322
269114 11 5 312323
269116 11 9 312324
269120 11 14 312326
269122 11 15 312327
269124 11 19 312328
269126 11 21 312329
269128 11 22 312330
269130 11 23 312331
269132 11 1 312332
269134 11 2 312333
269136 11 3 312334
269138 11 5 312335
269142 11 10 312337
269144 11 14 312338
269146 11 15 312339
269148 11 19 312340
269150 11 21 312341
269156 11 1 312344
269158 11 2 312345
269160 11 3 312346
269162 11 5 312347
269164 11 9 312348
269166 11 10 312349
269168 11 14 312350
269170 11 15 312351
269172 11 19 312352
269174 11 21 312353
269176 11 22 312354
269178 11 23 312355
269180 11 1 312356
269184 11 3 312358
269186 11 5 312359
269188 11 9 312360
269190 11 10 312361
269192 11 14 312362
269194 11 15 312363
269198 11 21 312365
269200 11 22 312366
269204 11 1 312368
269206 11 2 312369
269210 11 5 312371
269212 11 9 312372
269214 11 10 312373
269216 11 14 312374
269218 11 15 312375
269220 11 19 312376
269222 11 21 312377
269224 11 22 312378
269226 11 23 312379
269230 11 2 312381
269236 11 9 312384
269242 11 15 312387
269244 11 19 312388
269246 11 21 312389
269248 11 22 312390
269250 11 23 312391
269252 11 1 312392
269256 11 3 312394
269258 11 5 312395
269260 11 9 312396
269264 11 14 312398
269266 11 15 312399
269268 11 19 312400
269270 11 21 312401
269272 11 22 312402
269274 11 23 312403
269276 11 1 312404
269278 11 2 312405
269280 11 9 313164
269282 11 10 313165
269284 11 15 313167
269286 11 21 313169
269288 11 23 313171
269290 11 1 313172
269292 11 2 313173
269294 11 3 313174
269296 11 5 313175
269320 11 21 313181
269328 11 19 313168
269340 11 23 313159
269360 11 19 314616
269362 11 21 314617
269364 11 22 314618
269366 11 23 314619
269368 11 1 314620
269370 11 2 314621
269372 11 3 314622
269374 11 5 314623
269376 11 9 314624
269378 11 10 314625
269380 11 14 314626
269382 11 15 314627
269384 11 19 314628
269386 11 21 314629
269388 11 22 314630
269390 11 23 314631
269392 11 1 314632
269394 11 2 314633
269396 11 3 314634
269398 11 5 314635
269400 11 9 314636
269402 11 10 314637
269404 11 14 314638
269406 11 15 314639
269408 11 19 314640
269410 11 21 314641
269412 11 22 314642
269414 11 23 314643
269416 11 1 314644
269418 11 2 314645
269420 11 3 314646
269422 11 5 314647
269424 11 9 314648
269426 11 10 314649
269428 11 14 314650
269430 11 15 314651
269432 11 19 314652
269434 11 21 314653
269436 11 22 314654
269438 11 23 314655
269440 11 1 314656
269442 11 2 314657
269444 11 3 314658
269448 11 5 314659
269450 11 9 314660
269452 11 10 314661
269454 11 14 314662
269456 11 15 314663
269458 11 19 314664
269460 11 21 314665
269462 11 22 314666
269464 11 23 314667
269466 11 1 314668
269468 11 2 314669
269470 11 3 314670
269472 11 5 314671
269474 11 9 314672
269476 11 10 314673
269478 11 14 314674
269480 11 15 314675
269482 11 19 314676
269484 11 21 314677
269486 11 22 314678
269488 11 23 314679
269490 11 1 314680
269492 11 2 314681
269494 11 3 314682
269496 11 5 314683
269498 11 9 314684
269500 11 10 314685
269502 11 14 314686
269504 11 15 314687
269506 11 19 314688
269508 11 21 314689
269510 11 22 314690
269512 11 23 314691
269514 11 1 314692
269516 11 2 314693
269518 11 3 314694
269520 11 5 314695
269522 11 9 314696
269524 11 10 314697
269526 11 14 314698
269528 11 15 314699
269530 11 19 314700
269532 11 21 314701
269534 11 22 314702
269536 11 23 314703
269538 11 1 314704
269540 11 2 314705
269542 11 3 314706
269544 11 5 314707
269546 11 9 314708
269548 11 10 314709
269550 11 14 314710
269552 11 15 314711
269554 11 19 314712
269556 11 21 314713
269558 11 22 314714
269560 11 23 314715
269562 11 1 314716
269564 11 2 314717
269566 11 3 314718
269568 11 5 314719
269570 11 9 314720
269572 11 10 314721
269574 11 14 314722
269576 11 15 314723
269578 11 19 314724
269580 11 21 314725
269582 11 22 314726
269584 11 23 314727
269586 11 1 314728
269588 11 2 314729
269590 11 3 314730
269592 11 5 314731
269594 11 9 314732
269596 11 10 314733
269598 11 14 314734
269600 11 15 314735
269602 11 19 314736
269604 11 21 314737
269606 11 22 314738
269608 11 23 314739
269610 11 1 314740
269612 11 2 314741
269614 11 3 314742
269616 11 5 314743
269618 11 9 314744
269620 11 10 314745
269622 11 14 314746
269624 11 15 314747
269626 11 19 314748
269628 11 21 314749
269630 11 22 314750
269632 11 23 314751
269634 11 1 314752
269636 11 2 314753
269638 11 3 314754
269640 11 5 314755
269642 11 9 314756
269644 11 10 314757
269646 11 14 314758
269648 11 15 314759
269650 11 19 314760
269652 11 21 314761
269654 11 22 314762
269656 11 23 314763
269658 11 1 314764
269660 11 2 314765
269662 11 3 314766
269664 11 5 314767
269666 11 9 314768
269668 11 10 314769
269670 11 14 314770
269672 11 15 314771
269674 11 19 314772
269676 11 21 314773
269678 11 22 314774
269680 11 23 314775
269682 11 1 314776
269684 11 2 314777
269686 11 3 314778
269688 11 5 314779
269690 11 9 314780
269692 11 10 314781
269694 11 14 314782
269696 11 15 314783
269698 11 19 314784
269700 11 21 314785
269702 11 22 314786
269704 11 23 314787
269706 11 1 314788
269708 11 2 314789
269710 11 3 314790
269712 11 5 314791
269714 11 9 314792
269716 11 10 314793
269718 11 14 314794
269720 11 15 314795
269722 11 19 314796
269726 11 21 314797
269728 11 22 314798
269730 11 23 314799
269732 11 1 314800
269734 11 2 314801
269736 11 3 314802
269738 11 5 314803
269740 11 9 314804
269742 11 10 314805
269744 11 14 314806
269746 11 15 314807
269748 11 19 314808
269750 11 21 314809
269752 11 22 314810
269754 11 23 314811
269756 11 1 314812
269758 11 2 314813
269760 11 3 314814
269762 11 5 314815
269764 11 9 314816
269766 11 10 314817
269768 11 14 314818
269770 11 15 314819
269772 11 19 314820
269774 11 21 314821
269776 11 22 314822
269778 11 23 314823
269780 11 1 314824
269782 11 2 314825
269784 11 3 314826
269786 11 5 314827
269788 11 9 314828
269790 11 10 314829
269792 11 14 314830
269794 11 15 314831
269796 11 19 314832
269798 11 21 314833
269800 11 22 314834
269802 11 23 314835
269804 11 1 314836
269806 11 2 314837
269808 11 3 314838
269810 11 5 314839
269812 11 9 314840
269814 11 10 314841
269816 11 14 314842
269818 11 15 314843
269820 11 19 314844
269822 11 21 314845
269826 11 22 314846
269828 11 23 314847
269830 11 1 314848
269832 11 2 314849
269834 11 3 314850
269836 11 5 314851
269838 11 9 314852
269840 11 10 314853
269842 11 14 314854
269844 11 15 314855
269846 11 19 314856
269848 11 21 314857
269852 11 22 314858
269854 11 23 314859
269856 11 1 314860
269858 11 2 314861
269860 11 3 314862
269862 11 5 314863
269864 11 9 314864
269866 11 10 314865
269868 11 14 314866
269870 11 15 314867
269872 11 19 314868
269874 11 21 314869
269878 11 22 314870
269880 11 23 314871
269882 11 1 314872
269884 11 2 314873
269886 11 3 314874
269888 11 5 314875
269890 11 9 314876
269892 11 10 314877
269894 11 14 314878
269896 11 15 314879
269898 11 19 314880
269900 11 21 314881
269904 11 22 314882
269906 11 23 314883
269908 11 1 314884
269910 11 2 314885
269912 11 3 314886
269914 11 5 314887
269916 11 9 314888
269918 11 10 314889
269920 11 14 314890
269922 11 15 314891
269924 11 19 314892
269926 11 21 314893
269930 11 22 314894
269932 11 23 314895
269934 11 1 314896
269936 11 2 314897
269938 11 3 314898
269940 11 5 314899
269942 11 9 314900
269944 11 10 314901
269946 11 14 314902
269948 11 15 314903
269950 11 19 314904
269952 11 21 314905
269956 11 22 314906
269958 11 23 314907
269960 11 1 314908
269962 11 2 314909
269964 11 3 314910
269966 11 5 314911
269968 11 9 314912
269970 11 10 314913
269972 11 14 314914
269974 11 15 314915
269976 11 19 314916
269978 11 21 314917
269982 11 22 314918
269984 11 23 314919
269986 11 1 314920
269988 11 2 314921
269990 11 3 314922
269992 11 5 314923
269994 11 9 314924
269996 11 10 314925
269998 11 14 314926
270000 11 15 314927
270002 11 19 314928
270004 11 21 314929
270008 11 22 314930
270010 11 23 314931
270012 11 1 314932
270014 11 2 314933
270016 11 3 314934
270018 11 5 314935
270020 11 9 314936
270022 11 10 314937
270024 11 14 314938
270026 11 15 314939
270028 11 19 314940
270030 11 21 314941
270032 11 22 314942
270034 11 23 314943
270036 11 1 314944
270038 11 2 314945
270040 11 3 314946
270042 11 5 314947
270044 11 9 314948
270046 11 10 314949
270048 11 14 314950
270050 11 15 314951
270052 11 19 314952
270054 11 21 314953
270056 11 22 314954
270058 11 23 314955
270060 11 1 314956
270062 11 2 314957
270064 11 3 314958
270066 11 5 314959
270068 11 9 314960
270070 11 10 314961
270072 11 14 314962
270074 11 15 314963
270076 11 19 314964
270078 11 21 314965
270080 11 22 314966
270082 11 23 314967
270084 11 1 314968
270086 11 2 314969
270088 11 3 314970
270090 11 5 314971
270092 11 9 314972
270094 11 10 314973
270096 11 14 314974
270098 11 15 314975
270100 11 19 314976
270102 11 21 314977
270104 11 22 314978
270106 11 23 314979
270108 11 1 314980
270110 11 2 314981
270112 11 3 314982
270114 11 5 314983
270116 11 9 314984
270118 11 10 314985
270120 11 14 314986
270122 11 15 314987
270124 11 19 314988
270126 11 21 314989
270128 11 22 314990
270130 11 23 314991
270132 11 1 314992
270134 11 2 314993
270136 11 3 314994
270138 11 5 314995
270140 11 9 314996
270142 11 10 314997
270144 11 14 314998
270146 11 15 314999
270148 11 19 315000
270150 11 21 315001
270152 11 22 315002
270154 11 23 315003
270156 11 1 315004
270158 11 2 315005
270160 11 3 315006
270162 11 5 315007
270164 11 9 315008
270166 11 10 315009
270168 11 14 315010
270170 11 15 315011
270172 11 19 315012
270174 11 21 315013
270176 11 22 315014
270178 11 23 315015
270180 11 1 315016
270182 11 2 315017
270184 11 3 315018
270186 11 5 315019
270188 11 9 315020
270190 11 10 315021
270192 11 14 315022
270194 11 15 315023
270196 11 19 315024
270198 11 21 315025
270200 11 22 315026
270202 11 23 315027
270204 11 1 315028
270208 11 2 315029
270210 11 3 315030
270212 11 5 315031
270214 11 9 315032
270216 11 10 315033
270218 11 14 315034
270220 11 15 315035
270222 11 19 315036
270224 11 21 315037
270226 11 22 315038
270228 11 23 315039
270230 11 1 315040
270234 11 2 315041
270236 11 3 315042
270242 11 5 315043
270244 11 9 315044
270246 11 10 315045
270248 11 14 315046
270250 11 15 315047
270252 11 19 315048
270254 11 22 862
270256 11 22 58
270260 11 23 59
270262 11 5 63
270264 11 19 920
270266 11 22 922
270328 11 21 189
270330 11 9 64
270332 11 3 206
270334 11 5 207
270336 11 15 691
270338 11 21 741
270340 11 22 790
270342 11 5 795
270344 11 2 169
270346 11 3 146
270348 11 10 149
270352 11 2 649
270356 11 22 1018
270388 11 3 1662
270390 11 1 3408
270392 11 21 3813
270406 11 3 3722
270408 11 5 3723
270410 11 9 3724
270412 11 19 7632
270414 11 3 7638
270416 11 10 8293
270418 11 19 8284
270420 11 10 8305
270422 11 22 8310
270424 11 19 8320
270426 11 2 11661
270428 11 15 11883
270432 11 9 12964
270478 11 23 13295
270600 11 10 13289
270602 11 14 13290
270604 11 15 13291
270606 11 19 13292
270608 11 21 13293
270610 11 5 13287
270612 11 9 13288
270664 11 10 12965
270678 11 19 12968
270690 11 21 12969
270694 11 14 12966
270696 11 22 12970
270852 11 23 12671
270862 11 2 13313
270864 11 5 13351
270866 11 14 13342
270870 11 15 13343
270872 11 19 16244
270874 11 5 16387
270876 11 5 18687
270878 11 23 19019
270880 11 10 19557
270882 11 14 19570
270886 11 23 21367
270902 11 23 22743
270904 11 3 23010
270906 11 9 27736
270908 11 3 27782
270910 11 15 31195
270912 11 21 32389
270914 11 19 32920
270930 11 3 38778
270932 11 5 38779
270934 11 9 38780
270936 11 10 38781
270938 11 14 38782
270940 11 15 38783
270942 11 19 38784
270944 11 22 38678
270946 11 21 38785
270948 11 22 38786
270950 11 23 38787
270952 11 1 38788
270954 11 2 38789
270956 11 3 38790
270958 11 5 38791
270960 11 9 38792
270962 11 10 38793
270964 11 14 38794
270966 11 15 38795
270968 11 19 38796
270970 11 21 38797
270972 11 22 38798
270974 11 23 38799
270976 11 1 38800
270978 11 2 38801
270980 11 3 38802
270982 11 5 38803
270984 11 9 38804
270986 11 10 38805
270988 11 14 38806
270990 11 15 38807
270992 11 19 38808
270994 11 21 38809
270996 11 22 38810
270998 11 23 38811
271000 11 1 38812
271002 11 2 38813
271004 11 3 38814
271006 11 5 38815
271008 11 9 38816
271010 11 10 38817
271012 11 14 38818
271014 11 15 38819
271016 11 19 38820
271018 11 21 38821
271020 11 22 38822
271022 11 23 38823
271024 11 1 38824
271026 11 2 38825
271028 11 3 38826
271030 11 5 38827
271032 11 9 38828
271034 11 10 38829
271036 11 14 38830
271038 11 15 38831
271040 11 19 38832
271042 11 21 38833
271044 11 22 38834
271046 11 1 38848
271050 11 23 38859
271052 11 1 38860
271054 11 2 38861
271056 11 3 38862
271058 11 2 38873
271060 11 3 38874
271062 11 5 38875
271064 11 9 38876
271092 11 19 70324
271094 11 22 72578
271096 11 14 77938
271098 11 19 82768
271100 11 2 128469
271102 11 10 141569
271104 11 14 141570
271106 11 15 141571
271108 11 19 141572
271110 11 21 141573
271112 11 22 141574
271114 11 23 141575
271116 11 22 152546
271118 11 9 160276
271134 11 3 190306
271148 11 2 219185
271150 11 14 231658
271294 11 1 231556
271296 11 2 231557
271298 11 3 231558
271300 11 5 231559
271302 11 9 231560
271348 11 22 249214
271350 11 10 291337
271366 11 14 313590
271368 11 22 314654
271534 11 15 323999
271536 11 5 324223
271538 11 9 324404
271674 11 9 324224
271676 11 14 324406
272020 11 15 324407
272044 11 21 324229
272046 11 19 324408
272048 11 14 324418
272152 11 21 324409
272164 11 22 324410
272212 11 23 324411
272236 11 1 324412
272254 11 2 324413
272278 11 3 324414
272290 11 5 324415
272314 11 9 324416
272326 11 10 324417
272434 11 15 324419
272478 11 21 324445
272480 11 22 324446
272482 11 23 324447
272484 11 1 324448
272486 11 14 324454
272488 11 15 324455
272490 11 1 324460
272492 11 5 324463
272494 11 2 324485
272496 11 15 324551
272498 11 19 324576
272504 11 10 324405
272604 11 1 324608
272606 11 23 324631
272608 11 2 324609
272610 11 3 324610
272612 11 5 324611
272614 11 9 324612
272616 11 10 324613
272618 11 14 324614
272620 11 15 324615
272622 11 19 324616
272624 11 21 324617
272626 11 22 324618
272628 11 23 324619
272630 11 1 324620
272632 11 2 324621
272634 11 3 324622
272636 11 5 324623
272638 11 9 324624
272640 11 10 324625
272642 11 14 324626
272644 11 15 324627
272646 11 19 324628
272648 11 21 324629
272650 11 22 324630
272652 11 10 324637
272654 11 14 324638
272656 11 15 324639
272658 11 19 324640
272660 11 21 324641
272662 11 22 324642
272664 11 23 324643
272666 11 1 324644
272668 11 2 324645
272670 11 3 324646
272672 11 5 324647
272674 11 9 324648
272676 11 10 324649
272678 11 14 324650
272680 11 15 324651
272682 11 19 324652
272684 11 21 324653
272686 11 22 324654
272688 11 23 324655
272690 11 23 324691
272692 11 1 324656
272694 11 2 324657
272696 11 3 324658
272698 11 5 324659
272700 11 9 324660
272702 11 10 324661
272704 11 14 324662
272706 11 15 324663
272708 11 19 324664
272710 11 21 324665
272712 11 22 324666
272714 11 23 324667
272716 11 1 324668
272718 11 2 324669
272720 11 3 324670
272722 11 5 324671
272724 11 9 324672
272726 11 10 324673
272728 11 14 324674
272730 11 15 324675
272732 11 19 324676
272734 11 21 324677
272736 11 22 324678
272738 11 23 324679
272740 11 1 324680
272742 11 2 324681
272744 11 3 324682
272746 11 5 324683
272748 11 9 324684
272750 11 10 324685
272752 11 14 324686
272754 11 15 324687
272756 11 19 324688
272758 11 21 324689
272760 11 22 324690
272764 11 1 324692
272766 11 2 324693
272768 11 3 324694
272770 11 5 324695
272772 11 9 324696
272774 11 10 324697
272778 11 14 324698
272780 11 5 324707
272782 11 9 324708
272784 11 10 324709
272786 11 14 324710
272788 11 15 324711
272790 11 19 324712
272792 11 21 324713
272794 11 22 324714
272796 11 23 324715
272798 11 1 324716
272800 11 2 324717
272802 11 3 324718
272804 11 5 324719
272806 11 9 324720
272808 11 5 324923
272810 11 10 324721
272812 11 14 324722
272814 11 15 324723
272816 11 19 324724
272818 11 21 324725
272820 11 22 324726
272822 11 23 324727
272824 11 1 324728
272826 11 2 324729
272828 11 3 324730
272830 11 5 324731
272832 11 9 324732
272834 11 10 324733
272836 11 9 324924
272838 11 14 324734
272840 11 15 324735
272842 11 19 324736
272844 11 21 324737
272846 11 22 324738
272848 11 23 324739
272850 11 1 324740
272852 11 2 324741
272854 11 3 324742
272856 11 5 324743
272858 11 9 324744
272860 11 10 324745
272862 11 14 324746
272864 11 15 324747
272866 11 10 324925
272868 11 14 324926
272870 11 15 324927
272872 11 19 324928
272874 11 21 324929
272876 11 19 324748
272878 11 22 324930
272880 11 21 324749
272882 11 23 324931
272884 11 22 324750
272886 11 23 324751
272888 11 1 324752
272890 11 2 324753
272892 11 3 324754
272894 11 5 324755
272896 11 9 324756
272898 11 10 324757
272900 11 14 324758
272902 11 15 324759
272904 11 1 324932
272906 11 2 324933
272908 11 3 324934
272910 11 5 324935
272912 11 9 324936
272914 11 10 324937
272916 11 19 324760
272918 11 21 324761
272920 11 22 324762
272922 11 23 324763
272924 11 1 324764
272926 11 2 324765
272928 11 14 324938
272930 11 15 324939
272932 11 19 324940
272934 11 21 324941
272936 11 22 324942
272938 11 3 324766
272940 11 5 324767
272948 11 9 324768
272950 11 10 324769
272952 11 14 324770
272954 11 15 324771
272956 11 19 324772
272958 11 21 324773
272960 11 22 324774
272962 11 23 324775
272964 11 1 324776
272966 11 2 324777
272968 11 3 324778
272970 11 5 324779
272972 11 9 324780
272974 11 10 324781
272976 11 14 324782
272978 11 15 324783
272980 11 19 324784
272982 11 21 324785
272984 11 23 324943
272986 11 1 324944
272988 11 2 324945
272990 11 3 324946
272992 11 5 324947
272994 11 9 324948
272996 11 10 324949
272998 11 14 324950
273000 11 15 324951
273002 11 19 324952
273004 11 21 324953
273006 11 22 324954
273008 11 23 324955
273010 11 1 324956
273012 11 2 324957
273014 11 3 324958
273016 11 5 324959
273018 11 9 324960
273020 11 10 324961
273022 11 14 324962
273024 11 15 324963
273026 11 19 324964
273028 11 21 324965
273030 11 22 324966
273032 11 23 324967
273034 11 1 324968
273036 11 2 324969
273038 11 3 324970
273040 11 5 324971
273042 11 9 324972
273044 11 10 324973
273046 11 14 324974
273048 11 15 324975
273050 11 19 324976
273052 11 21 324977
273054 11 22 324978
273056 11 23 324979
273058 11 1 324980
273060 11 2 324981
273062 11 3 324982
273064 11 5 324983
273066 11 9 324984
273068 11 10 324985
273070 11 14 324986
273072 11 15 324987
273074 11 19 324988
273076 11 21 324989
273078 11 22 324990
273080 11 23 324991
273082 11 1 324992
273084 11 2 324993
273086 11 3 324994
273088 11 5 324995
273090 11 9 324996
273092 11 10 324997
273094 11 14 324998
273096 11 15 324999
273098 11 19 325000
273100 11 21 325001
273102 11 22 325002
273104 11 23 325003
273106 11 1 325004
273108 11 2 325005
273110 11 3 325006
273112 11 5 325007
273114 11 9 325008
273116 11 10 325009
273118 11 14 325010
273120 11 15 325011
273122 11 19 325012
273124 11 21 325013
273126 11 22 325014
273128 11 23 325015
273130 11 1 325016
273132 11 2 325017
273134 11 3 325018
273136 11 5 325019
273138 11 9 325020
273140 11 10 325021
273142 11 14 325022
273144 11 15 325023
273146 11 19 325024
273148 11 21 325025
273150 11 22 325026
273152 11 23 325027
273154 11 1 325028
273156 11 2 325029
273158 11 3 325030
273160 11 5 325031
273162 11 9 325032
273164 11 10 325033
273166 11 14 325034
273168 11 15 325035
273170 11 19 325036
273172 11 21 325037
273174 11 22 325038
273176 11 23 325039
273178 11 1 325040
273180 11 2 325041
273182 11 3 325042
273184 11 5 325043
273186 11 9 325044
273188 11 10 325045
273190 11 14 325046
273192 11 15 325047
273194 11 19 325048
273196 11 21 325049
273198 11 22 325050
273200 11 23 325051
273202 11 1 325052
273204 11 2 325053
273206 11 3 325054
273208 11 5 325055
273210 11 9 325056
273212 11 10 325057
273214 11 14 325058
273216 11 15 325059
273218 11 19 325060
273220 11 21 325061
273222 11 22 325062
273224 11 23 325063
273226 11 1 325064
273228 11 3 324922
273230 11 2 325065
273232 11 3 325066
273234 11 5 325067
273236 11 9 325068
273270 11 10 325069
273276 11 14 325070
273322 11 14 324794
273324 11 15 325071
273326 11 15 324795
273328 11 19 325072
273330 11 19 324796
273332 11 21 325073
273334 11 21 324797
273336 11 22 325074
273338 11 23 325075
273340 11 1 325076
273342 11 2 325077
273344 11 5 324803
273346 11 3 325078
273348 11 9 324804
273350 11 5 325079
273352 11 15 324807
273354 11 9 325080
273356 11 10 325081
273358 11 22 324870
273360 11 14 325082
273362 11 15 325083
273364 11 19 325084
273366 11 21 325085
273368 11 22 325086
273370 11 23 325087
273372 11 1 325088
273374 11 2 325089
273376 11 3 325090
273378 11 5 325091
273380 11 9 325092
273382 11 10 325093
273384 11 14 325094
273386 11 15 325095
273388 11 19 325096
273390 11 21 325097
273392 11 22 325098
273394 11 23 325099
273396 11 1 325100
273398 11 2 325101
273400 11 3 325102
273402 11 5 325103
273404 11 9 325104
273406 11 10 325105
273408 11 14 325106
273410 11 15 325107
273412 11 19 325108
273414 11 21 325109
273416 11 22 325110
273418 11 23 325111
273420 11 1 325112
273422 11 2 325113
273424 11 3 325114
273426 11 5 325115
273428 11 9 325116
273430 11 10 325117
273432 11 14 325118
273434 11 15 325119
273436 11 19 325120
273438 11 21 325121
273440 11 22 325122
273442 11 23 325123
273444 11 1 325124
273446 11 2 325125
273448 11 3 325126
273450 11 5 325127
273452 11 9 325128
273454 11 10 325129
273456 11 14 325130
273458 11 15 325131
273460 11 19 325132
273462 11 21 325133
273464 11 22 325134
273466 11 23 325135
273468 11 1 325136
273470 11 2 325137
273472 11 3 325138
273474 11 5 325139
273476 11 9 325140
273478 11 10 325141
273480 11 14 325142
273482 11 15 325143
273484 11 19 325144
273486 11 21 325145
273488 11 22 325146
273490 11 23 325147
273492 11 1 325148
273494 11 2 325149
273496 11 3 325150
273498 11 5 325151
273500 11 9 325152
273502 11 10 325153
273504 11 14 325154
273506 11 15 325155
273508 11 19 325156
273510 11 21 325157
273512 11 22 325158
273514 11 23 325159
273516 11 1 325160
273518 11 2 325161
273520 11 3 325162
273522 11 5 325163
273524 11 9 325164
273526 11 10 325165
273528 11 14 325166
273530 11 15 325167
273532 11 15 324915
273534 11 19 325168
273536 11 21 325169
273538 11 22 325170
273540 11 23 325171
273542 11 1 325172
273544 11 2 325173
273546 11 3 325174
273548 11 5 325175
273550 11 9 325176
273552 11 10 325177
273554 11 14 325178
273556 11 15 325179
273558 11 19 325180
273560 11 21 325181
273562 11 22 325182
273564 11 23 325183
273566 11 1 325184
273568 11 2 325185
273570 11 3 325186
273572 11 5 325187
273574 11 9 325188
273576 11 10 325189
273578 11 14 325190
273580 11 15 325191
273582 11 19 325192
273584 11 1 324920
273586 11 21 325193
273600 11 22 325194
273604 11 23 325195
273608 11 1 325196
273612 11 2 325197
273616 11 3 325198
273618 11 5 325199
273620 11 9 325200
273624 11 10 325201
273628 11 14 325202
273632 11 15 325203
273634 11 19 325204
273638 11 21 325205
273640 11 22 325206
273642 11 23 325207
273644 11 1 325208
273646 11 2 325209
273648 11 3 325210
273650 11 5 325211
273652 11 9 325212
273654 11 10 325213
273656 11 14 325214
273658 11 15 325215
273660 11 19 325216
273662 11 21 325217
273664 11 22 325218
273666 11 23 325219
273668 11 1 325220
273670 11 2 325221
273672 11 3 325222
273674 11 5 325223
273676 11 9 325224
273678 11 10 325225
273680 11 14 325226
273682 11 15 325227
273684 11 19 325228
273686 11 21 325229
273690 11 22 325230
273692 11 23 325231
273694 11 1 325232
273696 11 2 325233
273698 11 3 325234
273700 11 5 325235
273702 11 9 325236
273704 11 10 325237
273706 11 14 325238
273708 11 15 325239
273710 11 19 325240
273712 11 21 325241
273714 11 22 325242
273716 11 23 325243
273718 11 1 325244
273720 11 2 325245
273722 11 3 325246
273724 11 5 325247
273726 11 9 325248
273728 11 10 325249
273730 11 14 325250
273732 11 15 325251
273734 11 19 325252
273736 11 21 325253
273738 11 22 325254
273740 11 23 325255
273742 11 1 325256
273744 11 2 325257
273746 11 3 325258
273748 11 5 325259
273750 11 9 325260
273752 11 10 325261
273754 11 14 325262
273756 11 15 325263
273758 11 19 325264
273760 11 21 325265
273762 11 22 325266
273764 11 23 325267
273766 11 1 325268
273768 11 2 325269
273770 11 3 325270
273772 11 5 325271
273774 11 9 325272
273776 11 10 325273
273778 11 14 325274
273780 11 15 325275
273782 11 19 325276
273784 11 21 325277
273786 11 22 325278
273788 11 23 325279
273790 11 1 325280
273792 11 2 325281
273794 11 3 325282
273796 11 5 325283
273798 11 9 325284
273800 11 10 325285
273802 11 14 325286
273804 11 15 325287
273806 11 19 325288
273808 11 21 325289
273810 11 22 325290
273812 11 23 325291
273814 11 1 325292
273816 11 2 325293
273818 11 3 325294
273820 11 5 325295
273822 11 9 325296
273824 11 10 325297
273826 11 14 325298
273828 11 15 325299
273830 11 19 325300
273832 11 21 325301
273834 11 22 325302
273836 11 23 325303
273838 11 1 325304
273840 11 2 325305
273842 11 3 325306
273844 11 5 325307
273846 11 9 325308
273848 11 10 325309
273850 11 14 325310
273852 11 15 325311
273854 11 19 325312
273856 11 21 325313
273858 11 22 325314
273860 11 23 325315
273864 11 1 325316
273872 11 2 325317
273876 11 3 325318
273880 11 5 325319
273884 11 9 325320
273888 11 10 325321
273890 11 14 325322
273894 11 15 325323
273898 11 19 325324
273902 11 21 325325
273904 11 22 325326
273908 11 23 325327
273910 11 1 325328
273912 11 2 325329
273914 11 3 325330
273916 11 5 325331
273918 11 9 325332
273920 11 10 325333
273922 11 14 325334
273924 11 15 325335
273926 11 19 325336
273928 11 21 325337
273930 11 22 325338
273932 11 23 325339
273934 11 1 325340
273936 11 2 325341
273938 11 3 325342
273940 11 5 325343
273942 11 9 325344
273944 11 10 325345
273946 11 14 325346
273948 11 15 325347
273950 11 19 325348
273952 11 21 325349
273954 11 22 325350
273956 11 23 325351
273958 11 1 325352
273960 11 2 325353
273962 11 3 325354
273964 11 5 325355
273966 11 9 325356
273968 11 10 325357
273970 11 14 325358
273972 11 15 325359
273974 11 19 325360
273976 11 21 325361
273978 11 22 325362
273980 11 23 325363
273982 11 1 325364
273984 11 2 325365
273986 11 3 325366
273988 11 5 325367
273990 11 9 325368
273992 11 10 325369
273994 11 14 325370
273996 11 15 325371
273998 11 19 325372
274000 11 21 325373
274002 11 22 325374
274004 11 23 325375
274006 11 1 325376
274008 11 2 325377
274010 11 3 325378
274012 11 5 325379
274014 11 9 325380
274016 11 10 325381
274018 11 14 325382
274020 11 15 325383
274022 11 19 325384
274024 11 21 325385
274026 11 22 325386
274028 11 23 325387
274030 11 1 325388
274032 11 2 325389
274034 11 3 325390
274036 11 5 325391
274038 11 9 325392
274040 11 10 325393
274042 11 14 325394
274044 11 15 325395
274046 11 19 325396
274048 11 21 325397
274050 11 22 325398
274052 11 23 325399
274054 11 1 325400
274056 11 2 325401
274058 11 3 325402
274060 11 5 325403
274062 11 9 325404
274064 11 10 325405
274066 11 14 325406
274068 11 15 325407
274070 11 19 325408
274072 11 21 325409
274074 11 22 325410
274076 11 23 325411
274078 11 1 325412
274082 11 2 325413
274084 11 3 325414
274086 11 5 325415
274088 11 9 325416
274090 11 10 325417
274092 11 14 325418
274094 11 15 325419
274096 11 19 325420
274098 11 21 325421
274100 11 22 325422
274102 11 23 325423
274104 11 1 325424
274106 11 2 325425
274108 11 3 325426
274110 11 5 325427
274112 11 9 325428
274114 11 10 325429
274116 11 14 325430
274118 11 15 325431
274120 11 19 325432
274122 11 21 325433
274124 11 22 325434
274126 11 23 325435
274128 11 1 325436
274130 11 2 325437
274134 11 3 325438
274144 11 5 325439
274148 11 9 325440
274152 11 10 325441
274156 11 14 325442
274158 11 15 325443
274162 11 19 325444
274166 11 21 325445
274170 11 22 325446
274172 11 23 325447
274176 11 1 325448
274178 11 2 325449
274180 11 3 325450
274182 11 5 325451
274184 11 9 325452
274186 11 10 325453
274188 11 14 325454
274190 11 15 325455
274192 11 19 325456
274194 11 21 325457
274196 11 22 325458
274198 11 23 325459
274200 11 1 325460
274202 11 2 325461
274204 11 3 325462
274206 11 5 325463
274208 11 9 325464
274210 11 10 325465
274212 11 14 325466
274214 11 15 325467
274216 11 19 325468
274218 11 21 325469
274220 11 22 325470
274222 11 23 325471
274224 11 1 325472
274226 11 2 325473
274228 11 3 325474
274230 11 5 325475
274232 11 9 325476
274234 11 10 325477
274236 11 14 325478
274238 11 15 325479
274240 11 19 325480
274242 11 21 325481
274244 11 22 325482
274246 11 23 325483
274248 11 1 325484
274250 11 2 325485
274252 11 3 325486
274254 11 5 325487
274256 11 9 325488
274258 11 10 325489
274260 11 14 325490
274262 11 15 325491
274264 11 19 325492
274266 11 21 325493
274268 11 22 325494
274270 11 23 325495
274272 11 1 325496
274274 11 2 325497
274276 11 3 325498
274278 11 5 325499
274280 11 9 325500
274282 11 10 325501
274284 11 14 325502
274286 11 15 325503
274288 11 19 325504
274290 11 21 325505
274292 11 22 325506
274294 11 23 325507
274296 11 1 325508
274298 11 2 325509
274300 11 3 325510
274302 11 5 325511
274304 11 9 325512
274306 11 10 325513
274308 11 14 325514
274310 11 15 325515
274312 11 19 325516
274314 11 21 325517
274316 11 22 325518
274318 11 23 325519
274320 11 1 325520
274322 11 2 325521
274324 11 3 325522
274326 11 5 325523
274328 11 9 325524
274330 11 10 325525
274332 11 14 325526
274334 11 15 325527
274336 11 19 325528
274338 11 21 325529
274340 11 22 325530
274342 11 23 325531
274344 11 1 325532
274346 11 2 325533
274350 11 3 325534
274354 11 5 325535
274360 11 9 325536
274362 11 10 325537
274364 11 14 325538
274368 11 15 325539
274372 11 19 325540
274376 11 21 325541
274378 11 22 325542
274382 11 23 325543
274384 11 1 325544
274386 11 2 325545
274388 11 3 325546
274390 11 5 325547
274392 11 9 325548
274394 11 10 325549
274396 11 14 325550
274398 11 15 325551
274400 11 19 325552
274402 11 21 325553
274404 11 22 325554
274406 11 23 325555
274408 11 1 325556
274410 11 2 325557
274412 11 3 325558
274414 11 5 325559
274416 11 9 325560
274418 11 10 325561
274420 11 14 325562
274422 11 15 325563
274424 11 19 325564
274426 11 21 325565
274428 11 22 325566
274430 11 23 325567
274434 11 1 325568
274438 11 2 325569
274442 11 3 325570
274446 11 5 325571
274448 11 9 325572
274452 11 10 325573
274456 11 14 325574
274460 11 15 325575
274462 11 19 325576
274466 11 21 325577
274468 11 22 325578
274470 11 23 325579
274472 11 1 325580
274474 11 2 325581
274476 11 3 325582
274478 11 5 325583
274480 11 9 325584
274482 11 10 325585
274484 11 14 325586
274486 11 15 325587
274488 11 19 325588
274490 11 21 325589
274492 11 22 325590
274494 11 23 325591
274496 11 1 325592
274498 11 2 325593
274500 11 3 325594
274502 11 5 325595
274504 11 9 325596
274506 11 10 325597
274508 11 14 325598
274510 11 15 325599
274512 11 19 325600
274514 11 21 325601
274516 11 22 325602
274518 11 23 325603
274520 11 1 325604
274522 11 2 325605
274524 11 3 325606
274526 11 5 325607
274528 11 9 325608
274530 11 10 325609
274532 11 14 325610
274534 11 15 325611
274536 11 19 325612
274538 11 21 325613
274540 11 22 325614
274542 11 23 325615
274544 11 1 325616
274546 11 2 325617
274548 11 3 325618
274550 11 5 325619
274552 11 9 325620
274554 11 10 325621
274556 11 14 325622
274558 11 15 325623
274560 11 19 325624
274562 11 21 325625
274564 11 22 325626
274566 11 23 325627
274568 11 1 325628
274570 11 2 325629
274572 11 3 325630
274574 11 5 325631
274590 11 1 325632
274592 11 2 325633
274594 11 3 325634
274596 11 5 325635
274598 11 9 325636
274600 11 10 325637
274602 11 14 325638
274604 11 15 325639
274606 11 19 325640
274608 11 21 325641
274610 11 22 325642
274612 11 23 325643
274614 11 1 325644
274616 11 2 325645
274618 11 3 325646
274620 11 5 325647
274622 11 9 325648
274624 11 10 325649
274626 11 14 325650
274628 11 15 325651
274630 11 19 325652
274632 11 21 325653
274634 11 22 325654
274636 11 23 325655
274638 11 1 325656
274640 11 2 325657
274642 11 3 325658
274644 11 5 325659
274646 11 9 325660
274648 11 10 325661
274650 11 14 325662
274652 11 15 325663
274654 11 19 325664
274656 11 21 325665
274658 11 22 325666
274660 11 23 325667
274662 11 1 325668
274664 11 2 325669
274666 11 3 325670
274668 11 5 325671
